	c6d03bd4-42cd-445a-9222-7ea265bd103f
	tumor
A1BG	0.024239224
A1BG-AS1	0.408504265
A1CF	0
A2M	30.70192025
A2M-AS1	0.686626898
A2ML1	7.41929368
A2ML1-AS1	0
A2ML1-AS2	0
A2MP1	0.010425417
A3GALT2	0
A4GALT	14.77321425
A4GNT	0
AAAS	7.286194866
AACS	2.9744905
AACSP1	0.007182125
AADAC	2.212163459
AADACL2	0.004787139
AADACL2-AS1	0.07645853
AADACL3	0.011990903
AADACL4	0.015413069
AADACP1	1.23067072
AADAT	0.627044585
AAED1	7.202386071
AAGAB	21.15959393
AAK1	1.603085151
AAMDC	4.160457649
AAMP	31.58145142
AANAT	0.066508447
AAR2	10.38816476
AARD	0.271741603
AARS	26.52072386
AARS2	4.049695944
AARSD1	0.701265498
AARSP1	0
AASDH	3.239178594
AASDHPPT	10.98153101
AASS	1.649745581
AATBC	0.463198449
AATF	11.22114888
AATK	0.471862742
AB015752.1	0.083998558
ABALON	0.344424985
ABAT	0.333839096
ABBA01006766.1	0
ABCA1	8.506078807
ABCA10	0.103976323
ABCA11P	0.182719444
ABCA12	0.541405318
ABCA13	7.633687121
ABCA17P	0.040619321
ABCA2	2.102028528
ABCA3	0.998521555
ABCA4	2.057252815
ABCA5	1.915036889
ABCA6	0.197278784
ABCA7	0.945839623
ABCA8	0.101481136
ABCA9	0.146094439
ABCA9-AS1	0.162378483
ABCB1	0.255048325
ABCB10	7.956869969
ABCB10P1	0
ABCB10P3	0
ABCB10P4	0
ABCB11	0.009425581
ABCB4	0.074504726
ABCB5	0.007867209
ABCB6	5.764576534
ABCB7	3.555514714
ABCB8	2.275185874
ABCB9	0.449311073
ABCC1	69.04520666
ABCC10	4.447870685
ABCC11	0.040208005
ABCC12	0.006511691
ABCC13	0.002264091
ABCC2	0.96603733
ABCC3	2.923978091
ABCC4	3.023969568
ABCC5	32.43180574
ABCC5-AS1	0.258801527
ABCC6	0.260129943
ABCC6P1	0.035376834
ABCC6P2	0.022540003
ABCC8	0.021489156
ABCC9	0.567514291
ABCD1	5.373546297
ABCD1P2	0.015162763
ABCD1P3	0
ABCD1P4	0
ABCD1P5	0
ABCD2	0.210144516
ABCD3	5.569275309
ABCD4	3.252800808
ABCE1	15.03807478
ABCF1	17.19632293
ABCF2	13.92789757
ABCF2P1	0.02600491
ABCF2P2	0
ABCF3	21.97250311
ABCG1	5.988585306
ABCG2	0.350513784
ABCG4	0.054195211
ABCG5	0
ABCG8	0.009109037
ABHD1	0.272641539
ABHD10	12.04538207
ABHD11	9.629632836
ABHD11-AS1	5.525087937
ABHD12	19.3907327
ABHD12B	0.038237867
ABHD13	3.947397196
ABHD14A	3.521899163
ABHD14A-ACY1	0.067307532
ABHD14B	11.01271317
ABHD15	6.102686984
ABHD15-AS1	0
ABHD16A	1.420410961
ABHD16B	0
ABHD17A	5.646771923
ABHD17AP1	0.130094229
ABHD17AP3	0.085402228
ABHD17AP4	0.053411624
ABHD17AP5	0.078902221
ABHD17AP6	0.279029692
ABHD17AP7	0
ABHD17AP8	0
ABHD17AP9	0
ABHD17B	13.81550596
ABHD17C	18.17824208
ABHD18	1.28278001
ABHD2	24.43749866
ABHD3	16.08549296
ABHD4	64.17223583
ABHD5	10.65309327
ABHD6	2.475581905
ABHD8	5.503197825
ABI1	44.98867568
ABI1P1	0.021674628
ABI2	0.868805966
ABI3	4.991518536
ABI3BP	0.72972695
ABL1	7.550340733
ABL2	2.087513379
ABLIM1	15.39511204
ABLIM2	0.220723603
ABLIM3	0.598069732
ABO	5.62762576
ABR	4.849311568
ABRA	0.026434392
ABRACL	96.63705086
ABRAXAS1	1.045688617
ABRAXAS2	7.018174961
ABT1	21.69902929
ABT1P1	0
ABTB1	1.737072144
ABTB2	1.64505762
AC000032.1	0.54385217
AC000036.1	0
AC000041.1	0
AC000041.2	0
AC000058.1	0
AC000061.1	0
AC000067.1	0.084583914
AC000068.1	0.231526783
AC000068.2	0
AC000068.3	0
AC000077.1	0
AC000078.1	0.035594697
AC000081.1	0
AC000089.1	0.636438511
AC000095.1	0
AC000099.1	0.012696435
AC000111.1	0
AC000111.2	0
AC000120.1	0.061109083
AC000123.1	0.658639855
AC000123.2	0.526585319
AC000123.3	0.209819111
AC000124.1	0.025366336
AC000362.1	0
AC000367.1	0
AC000372.1	0
AC000374.1	0
AC000403.1	0.162514365
AC001226.1	0
AC002044.1	0.153642932
AC002044.2	0.050052749
AC002044.3	0
AC002056.1	0.063883114
AC002056.2	0
AC002059.1	0.356245456
AC002064.1	0
AC002064.2	0
AC002064.3	0
AC002066.1	0.100064234
AC002069.1	0
AC002069.2	0
AC002070.1	0.287568607
AC002075.1	0.107731878
AC002075.2	0.288995038
AC002076.1	0.230318626
AC002076.2	0
AC002090.1	0
AC002091.1	0.697323755
AC002091.2	0.362322138
AC002094.1	0
AC002094.2	0
AC002094.3	0
AC002094.4	0.079073561
AC002094.5	0.077187864
AC002101.1	0
AC002115.1	0
AC002116.1	0
AC002116.2	0.906087087
AC002127.1	0
AC002127.2	0
AC002128.1	0.167253034
AC002128.2	0.039280879
AC002306.1	0.077723319
AC002310.1	0.518198
AC002310.2	0
AC002310.3	0
AC002310.4	0
AC002310.5	0.048070462
AC002310.6	0.652285097
AC002347.1	0
AC002347.2	0
AC002350.1	0.531194381
AC002351.1	0
AC002366.1	0
AC002367.1	0.179819135
AC002368.1	0
AC002375.1	0
AC002378.1	0
AC002381.1	0
AC002383.1	0
AC002386.1	0
AC002398.1	0.795920761
AC002398.2	0
AC002400.1	0.033437442
AC002401.1	0
AC002401.2	0
AC002401.3	0
AC002401.4	0.124917238
AC002428.1	0
AC002428.2	0
AC002429.1	0
AC002429.2	0
AC002451.1	0
AC002451.2	0
AC002454.1	0.254766241
AC002456.1	0.078816829
AC002456.2	0
AC002460.1	0
AC002463.1	0
AC002464.1	0
AC002465.1	0
AC002467.1	2.096976193
AC002470.1	2.888487117
AC002472.1	0
AC002480.1	0.037871425
AC002480.2	0.079853892
AC002480.3	0.174330939
AC002480.4	0
AC002486.1	0.062085891
AC002486.2	0
AC002487.1	0
AC002504.1	0
AC002511.1	0.024275583
AC002511.2	0.05394574
AC002519.1	0
AC002519.2	0.01664992
AC002524.1	0.621312916
AC002525.1	0.044899352
AC002540.1	0.05398573
AC002542.1	0
AC002543.1	0.012423533
AC002545.1	0
AC002546.1	0
AC002550.1	0
AC002550.2	0.184839466
AC002551.1	0
AC002553.1	0.30268807
AC002553.2	0.220020392
AC002558.1	0.090693337
AC002558.2	0.036070703
AC002558.3	0
AC002563.1	0.053826127
AC002984.1	0.05418657
AC002985.1	0
AC002996.1	0.030963754
AC003001.1	0.021388179
AC003001.2	0
AC003002.1	0
AC003002.2	0.04659421
AC003002.3	0.020062465
AC003005.1	0
AC003005.2	0
AC003006.1	0
AC003009.1	0
AC003035.1	0.044624234
AC003035.2	0
AC003043.1	0
AC003045.1	0
AC003070.1	0.318716629
AC003070.2	0.062890112
AC003071.1	0.030767533
AC003071.2	0
AC003072.1	0.991649641
AC003080.1	0.031650043
AC003084.1	0
AC003087.1	0
AC003092.1	0
AC003092.2	0
AC003098.1	0
AC003101.1	0
AC003101.2	0
AC003101.3	0
AC003102.1	1.061755131
AC003659.1	0
AC003666.1	0
AC003669.1	0
AC003681.1	0.03398493
AC003682.1	0
AC003684.1	0
AC003685.1	0
AC003685.2	0
AC003686.1	0
AC003687.1	0
AC003688.1	0
AC003688.2	0
AC003956.1	0.06818984
AC003957.1	0
AC003958.1	0
AC003958.2	0
AC003965.1	0.181975886
AC003965.2	0.274817923
AC003973.1	0
AC003973.2	0
AC003973.3	0.025806786
AC003975.1	0
AC003976.1	0
AC003982.1	0
AC003984.1	0
AC003985.1	0
AC003985.2	0.029089974
AC003986.1	0
AC003986.2	0.070939752
AC003986.3	0
AC003988.1	0
AC003989.1	0
AC003989.2	0
AC003991.1	0.00501769
AC003991.2	0
AC004000.1	0.336382215
AC004004.1	0.097102333
AC004006.1	0
AC004009.1	0
AC004009.2	0
AC004009.3	0
AC004012.1	0
AC004014.1	0
AC004014.2	0
AC004022.1	0
AC004022.2	0
AC004023.1	0
AC004024.1	0.196563427
AC004034.1	0.475991828
AC004039.1	0.040708077
AC004052.1	0
AC004053.1	0
AC004054.1	0
AC004057.1	0.292476906
AC004062.1	0
AC004063.1	0
AC004066.1	0
AC004066.2	0
AC004067.1	0.069358809
AC004069.1	0.17687128
AC004069.2	0
AC004074.1	0
AC004076.1	0.023614381
AC004076.2	0.021915964
AC004080.1	0
AC004080.2	0
AC004080.3	0
AC004080.4	0
AC004080.5	0
AC004080.6	0
AC004112.1	0
AC004129.1	0.030496964
AC004129.2	0
AC004130.1	1.950716509
AC004134.1	0.107891481
AC004147.1	0
AC004147.2	0
AC004147.3	0
AC004147.4	0.22687461
AC004147.5	0
AC004148.1	0
AC004148.2	0.563674533
AC004149.1	0
AC004156.1	0.077392933
AC004158.1	0
AC004160.1	0.180136837
AC004160.2	0.129354795
AC004217.1	0
AC004217.2	0
AC004221.1	0.143812697
AC004223.1	0
AC004223.2	0.223121169
AC004223.3	0.036376998
AC004223.4	0.21935768
AC004224.1	0.213693514
AC004224.2	0
AC004231.1	0.059571983
AC004231.3	0
AC004232.1	0
AC004232.2	0
AC004232.3	0.092478412
AC004233.1	0
AC004233.2	0
AC004233.3	0.114778171
AC004233.4	0.116429656
AC004241.1	0.132082067
AC004241.2	0
AC004241.3	0.704320596
AC004241.4	0.021674628
AC004241.5	0.019832993
AC004253.1	0.447705428
AC004253.2	0
AC004257.1	0
AC004263.1	0
AC004264.1	0.091721347
AC004264.2	0.055902322
AC004381.1	0
AC004383.1	1.007982694
AC004386.1	0.127598335
AC004386.2	0
AC004408.1	0
AC004408.2	0
AC004415.1	0
AC004448.1	0
AC004448.2	0.0115791
AC004448.3	0
AC004449.1	0.056063703
AC004453.1	5.47390602
AC004453.2	0
AC004461.1	0.361423075
AC004466.1	0
AC004466.2	0
AC004466.3	0.044460775
AC004467.1	0
AC004470.1	0
AC004471.1	0.291974369
AC004471.2	0.032068142
AC004477.1	0.124150613
AC004477.2	0
AC004477.3	0.370305507
AC004485.1	0
AC004486.1	0.208374105
AC004490.1	0
AC004491.1	0
AC004492.1	0.163582097
AC004494.1	0.073935786
AC004494.2	0
AC004520.1	0.068720689
AC004522.1	0
AC004522.2	0
AC004528.1	0
AC004528.2	0
AC004540.1	0.328048422
AC004540.2	0.137616685
AC004542.1	0
AC004542.2	0
AC004543.1	0
AC004551.1	0
AC004552.1	1.395148461
AC004554.1	0
AC004584.1	0.26530692
AC004584.2	0
AC004584.3	0.020607456
AC004585.1	1.256332354
AC004585.2	0
AC004590.1	0
AC004593.1	0
AC004594.1	0.02808049
AC004596.1	0.13792945
AC004597.1	0
AC004623.1	0.102717559
AC004637.1	0
AC004656.1	2.103458938
AC004672.1	0
AC004672.2	0
AC004674.1	0
AC004674.2	0
AC004678.1	0.052261751
AC004678.2	0.072681387
AC004687.1	0.149388204
AC004690.1	0
AC004690.2	0
AC004691.1	0.044379494
AC004691.2	0.015856031
AC004692.1	0.114507468
AC004692.2	0
AC004696.1	0
AC004696.2	0
AC004702.1	0
AC004704.1	0.083278159
AC004706.1	0
AC004706.2	0
AC004706.3	0.098681233
AC004707.1	0.475326105
AC004754.1	0.075793525
AC004771.1	0.208195396
AC004771.2	0
AC004771.3	0.176229279
AC004771.4	0
AC004771.5	0.044788899
AC004775.1	0
AC004777.1	0.169167827
AC004790.1	0
AC004790.2	0
AC004792.1	0
AC004797.1	0
AC004801.1	0.067432176
AC004801.2	0.186974967
AC004801.3	0
AC004801.4	0.007800637
AC004801.5	0
AC004801.6	0.124108299
AC004801.7	0
AC004803.1	0.27127253
AC004805.1	0
AC004805.2	0
AC004805.3	0
AC004808.1	0
AC004808.2	0.345448144
AC004812.1	0
AC004812.2	1.147699493
AC004816.1	2.102075642
AC004816.2	0.256432217
AC004817.1	0.269354599
AC004817.2	0
AC004817.3	0
AC004817.4	0.053573701
AC004824.1	0
AC004825.1	0
AC004825.2	0.586882232
AC004828.1	0
AC004830.1	0.079941547
AC004832.1	0.110252442
AC004832.2	0
AC004832.3	0
AC004832.4	0.073340131
AC004832.5	0.484300912
AC004832.6	0.068964725
AC004835.1	0
AC004835.2	0
AC004836.1	0
AC004837.1	0
AC004837.2	0.498130983
AC004837.3	0
AC004839.1	0
AC004840.1	0
AC004840.2	0
AC004846.1	0.748165516
AC004846.2	0.062485414
AC004847.1	0.228655415
AC004852.1	0
AC004852.2	0
AC004852.3	0
AC004853.1	0
AC004854.1	0
AC004854.2	0.690700147
AC004858.1	0
AC004862.1	0
AC004865.1	0
AC004865.2	0.353527911
AC004866.1	0
AC004866.2	0
AC004869.1	0
AC004869.2	0
AC004870.1	0
AC004870.2	0.015794134
AC004870.3	0
AC004870.4	0
AC004872.1	0
AC004875.1	0
AC004877.1	0.011862
AC004877.2	0.445795351
AC004882.1	0
AC004882.2	0
AC004884.1	0.228297021
AC004884.2	0.266764651
AC004888.1	0
AC004889.1	0.345406253
AC004890.1	1.072953954
AC004890.2	0.068205806
AC004890.3	0.066508447
AC004893.1	0.034853673
AC004895.1	0.02960437
AC004898.1	0.063382724
AC004899.1	0
AC004899.2	0
AC004906.1	0
AC004908.1	0.089743376
AC004908.2	0.169167827
AC004908.3	0
AC004910.1	0
AC004911.1	0
AC004917.1	0.10493768
AC004918.1	0.756641555
AC004918.3	0.577365222
AC004920.1	0.050364281
AC004921.1	0.298063095
AC004923.1	0.05335293
AC004923.2	0
AC004923.3	0
AC004923.4	0
AC004925.1	0.017942042
AC004930.1	0
AC004936.1	0
AC004938.1	0
AC004941.1	0
AC004941.2	0
AC004943.1	0.028609998
AC004943.2	0.245663688
AC004943.3	0
AC004944.1	0
AC004945.1	0
AC004946.1	0
AC004947.1	0
AC004947.2	0.009088575
AC004948.1	0.03612438
AC004951.1	0.078056538
AC004951.2	1.321329213
AC004951.3	0.207483617
AC004951.4	0.070160645
AC004965.1	0.113969874
AC004967.1	4.887701319
AC004969.1	0
AC004972.1	0
AC004973.1	0
AC004975.1	0.233419069
AC004975.2	0.300759438
AC004980.1	0.437116611
AC004980.2	0.683819246
AC004980.3	0.199525342
AC004980.4	0
AC004982.1	0.014668026
AC004982.2	0.056128516
AC004986.1	0
AC004987.1	0
AC004987.2	0.232605763
AC004987.3	0
AC004987.4	0
AC004988.1	0.137072745
AC004990.1	1.595131882
AC004994.1	0
AC004997.1	0.01180145
AC005000.1	0.421451098
AC005000.2	0
AC005002.1	0
AC005002.2	0
AC005005.1	0
AC005005.2	0
AC005005.3	0.447634868
AC005005.4	0.001453802
AC005006.1	0
AC005008.1	0
AC005008.2	0
AC005009.1	0
AC005009.2	0.026272276
AC005011.1	0.115598015
AC005013.1	0
AC005014.1	0
AC005014.2	0.0810537
AC005014.3	0.638831137
AC005019.1	0.056323859
AC005019.2	0
AC005020.1	0
AC005020.2	0.134366697
AC005021.1	0.410291547
AC005033.1	0
AC005034.1	0
AC005034.2	0.058636674
AC005034.3	2.98755031
AC005034.4	0.108011494
AC005034.5	0.364654684
AC005037.1	0.049898424
AC005040.1	0
AC005041.1	1.183384023
AC005041.2	0
AC005041.3	0.748091933
AC005042.1	0.151722395
AC005042.2	0
AC005042.3	0
AC005046.1	0.427250265
AC005050.1	0.044137424
AC005052.1	0
AC005062.1	0.009467856
AC005064.1	0
AC005066.1	0
AC005070.1	0
AC005070.2	0
AC005070.3	0.100918902
AC005072.1	0.013645634
AC005076.1	0.35538579
AC005077.1	0
AC005077.2	0.115414817
AC005077.3	0.065609684
AC005077.4	0.541772673
AC005082.1	0.023881538
AC005083.1	0.565801607
AC005084.1	0
AC005086.1	0.030306596
AC005086.2	0.106471856
AC005086.3	0
AC005086.4	0
AC005088.1	0
AC005089.1	0
AC005090.1	0
AC005091.1	0.02039965
AC005094.1	0
AC005096.1	0
AC005099.1	1.711229637
AC005102.1	0.050679714
AC005104.1	0.439377072
AC005104.2	0.07160939
AC005105.1	0.061301978
AC005150.1	0
AC005154.1	0.465110238
AC005154.2	0.128103342
AC005154.3	0.034853673
AC005154.4	0
AC005154.5	0.065966259
AC005154.6	0
AC005156.1	0.169463059
AC005160.1	0
AC005162.1	0
AC005162.2	0.125997837
AC005162.3	0.019752305
AC005165.1	0.01635821
AC005165.2	0.191649341
AC005176.1	0
AC005176.2	0
AC005178.1	0
AC005180.1	0.082710675
AC005180.2	0
AC005181.1	0
AC005183.1	0.012266591
AC005185.1	0
AC005186.1	0
AC005189.1	0.156616666
AC005191.1	0
AC005197.1	0.035542582
AC005208.1	0
AC005209.1	0
AC005220.1	0.027461067
AC005224.1	0.063176534
AC005224.2	0
AC005224.3	0.022687461
AC005224.4	0.337977248
AC005225.1	0.051815546
AC005225.2	0.079245647
AC005225.3	0.374190107
AC005225.4	0.087282996
AC005229.1	0.059353504
AC005229.2	0
AC005229.3	0
AC005229.4	1.060262051
AC005230.1	0
AC005234.1	0
AC005237.1	0.347414429
AC005237.2	0
AC005244.1	0.14321878
AC005244.2	0
AC005252.1	0
AC005252.2	0
AC005252.3	0
AC005253.1	0.533795933
AC005253.2	0
AC005255.1	5.506961008
AC005256.1	0.371024198
AC005258.1	0
AC005261.1	3.010217928
AC005261.2	0.046460446
AC005261.3	1.104232305
AC005261.4	0
AC005261.5	0.105013338
AC005262.1	0.201178866
AC005262.2	0
AC005264.1	0.031404377
AC005274.1	0
AC005277.1	0
AC005277.2	0
AC005280.1	0
AC005281.1	0.399707737
AC005288.1	6.943945897
AC005291.1	0.075742849
AC005291.2	0.232080145
AC005294.1	0
AC005296.1	0
AC005297.1	0
AC005297.2	0
AC005297.3	0
AC005300.1	0.065081993
AC005301.1	0
AC005303.1	0
AC005304.1	0
AC005304.2	0
AC005304.3	0
AC005306.1	0
AC005307.1	0.03092431
AC005323.1	0
AC005323.2	0
AC005324.1	0
AC005324.2	0
AC005324.3	0.026415216
AC005324.4	0
AC005324.5	0
AC005324.6	0
AC005326.1	0
AC005329.1	0.027191916
AC005329.2	0
AC005329.3	0.035542582
AC005330.1	0.098043551
AC005332.1	0.092654898
AC005332.2	0.083853483
AC005332.3	0.024949212
AC005332.4	1.79617544
AC005332.5	0.811204028
AC005332.6	0.692320106
AC005332.7	17.66025825
AC005332.8	0.03921742
AC005336.1	8.456417967
AC005336.2	0.025852591
AC005336.3	0
AC005339.1	0
AC005341.1	0
AC005342.1	0
AC005342.2	0
AC005344.1	0
AC005345.1	0
AC005351.1	0
AC005355.1	0.101998249
AC005355.2	0.050156164
AC005357.1	0
AC005357.2	0
AC005358.1	0
AC005358.2	0.006598419
AC005363.1	0
AC005363.2	0
AC005377.1	0
AC005379.1	0
AC005381.1	0
AC005383.1	0.090919787
AC005387.1	0.206894175
AC005387.2	0.05517178
AC005391.1	0.071189394
AC005392.1	0
AC005392.2	0.241949334
AC005392.3	0
AC005393.1	0.041567779
AC005394.1	0
AC005410.1	0.052431065
AC005412.1	0
AC005476.1	0
AC005476.2	0.374238179
AC005479.1	0.164859648
AC005479.2	0.168971577
AC005480.1	0.006141053
AC005480.2	0.296767521
AC005481.1	0.007024185
AC005482.1	0
AC005486.1	0
AC005487.1	0
AC005495.1	0
AC005498.1	0
AC005498.2	0.131813122
AC005498.3	0.083094906
AC005514.1	0
AC005515.1	0.075566018
AC005515.2	0
AC005518.1	0
AC005518.2	0
AC005519.1	0.088791453
AC005520.1	0.052558773
AC005520.2	2.434615177
AC005520.3	0.131219369
AC005520.4	0
AC005520.5	0
AC005521.1	0
AC005522.1	0
AC005523.1	0.058075558
AC005523.2	0
AC005529.1	0
AC005531.1	0.053549081
AC005532.1	0.137371934
AC005532.2	0
AC005534.1	0.032716419
AC005534.2	0
AC005537.1	0.381320002
AC005538.1	0
AC005538.2	0
AC005539.1	0
AC005540.1	0.079245647
AC005544.1	0
AC005544.2	0
AC005546.1	0
AC005549.1	0
AC005550.1	0
AC005550.2	0
AC005552.1	0
AC005559.1	0
AC005562.1	0.663596957
AC005562.2	0
AC005578.1	0.071398774
AC005580.1	0.021017821
AC005586.1	0.757297223
AC005586.2	0.522055553
AC005587.1	0.041006053
AC005588.1	0
AC005592.1	0
AC005593.1	0.188548219
AC005597.1	0
AC005606.1	0
AC005606.2	0
AC005609.1	0
AC005609.2	0
AC005609.3	0
AC005609.4	0
AC005609.5	0
AC005614.1	0
AC005614.2	0
AC005616.1	0
AC005618.1	0.030845722
AC005618.2	0
AC005618.3	0
AC005625.1	0
AC005632.1	0
AC005632.2	0.762276768
AC005632.3	0
AC005632.4	0
AC005670.1	0.122914345
AC005670.2	0
AC005674.1	0.052887981
AC005674.2	0.076077326
AC005682.1	0.562624287
AC005691.1	0
AC005692.1	0
AC005692.2	0
AC005695.1	0
AC005695.2	0
AC005695.3	0
AC005696.1	0.219192625
AC005696.2	0
AC005696.3	0.560822055
AC005696.4	0.023141643
AC005697.1	0
AC005697.2	0.021425934
AC005699.1	0.01204146
AC005702.1	0
AC005702.2	0.033552983
AC005702.3	0
AC005702.4	0
AC005703.1	0
AC005703.2	0
AC005703.3	0
AC005703.4	0
AC005703.5	0
AC005703.6	0.146128417
AC005722.1	0
AC005722.2	0.288137486
AC005722.3	1.088591176
AC005725.1	0.018623386
AC005726.1	0.120698984
AC005726.2	0
AC005726.3	0.212013827
AC005726.4	0.081461689
AC005726.5	0
AC005730.1	0
AC005730.2	0
AC005730.3	0.19898019
AC005736.1	0.052243005
AC005736.2	0.062727605
AC005736.3	0
AC005740.1	0
AC005740.2	0
AC005740.3	0.141137112
AC005740.4	0.076099007
AC005741.1	0
AC005746.1	0
AC005746.2	0.671452302
AC005746.3	0.061769932
AC005753.1	0
AC005757.1	0
AC005758.1	0
AC005759.1	0
AC005771.1	0
AC005772.1	0
AC005774.1	0
AC005775.1	0.057119019
AC005776.1	0.251126723
AC005776.2	0.343069294
AC005777.1	0
AC005779.1	0.35963827
AC005779.2	0.044137424
AC005785.1	0.1778431
AC005785.2	0.192358029
AC005786.1	0
AC005786.2	0
AC005786.3	0
AC005786.4	0
AC005789.1	0
AC005790.1	0.107891481
AC005796.1	0.056063703
AC005798.1	0.188182816
AC005808.1	0
AC005821.1	0
AC005822.1	0.093909413
AC005823.1	0
AC005823.2	0
AC005828.1	0.046327449
AC005828.2	0
AC005828.3	0
AC005828.4	0.087955012
AC005828.5	0
AC005828.6	0
AC005828.7	0
AC005829.1	0.2521203
AC005829.2	0.482753075
AC005831.1	1.687989876
AC005832.1	0.127319492
AC005832.2	0
AC005832.3	0.038471606
AC005832.4	0
AC005833.1	0
AC005833.2	0
AC005833.3	0
AC005837.1	0.056553484
AC005837.2	0
AC005837.3	0.084879662
AC005838.1	0
AC005838.2	0.076579127
AC005839.1	0.203996498
AC005840.1	1.094654946
AC005840.2	0.296207893
AC005840.3	0.428278132
AC005840.4	0.202634251
AC005841.1	0.169167827
AC005842.1	0.099592136
AC005845.1	0
AC005856.1	0.169759323
AC005858.1	0
AC005858.2	0
AC005858.3	0
AC005863.1	0.016194518
AC005865.1	0.024243259
AC005865.2	0.010540852
AC005868.1	0
AC005871.1	0
AC005871.2	0
AC005884.1	0
AC005884.2	0.098281713
AC005899.1	0.043118265
AC005899.2	0
AC005899.3	0.089577798
AC005899.4	0
AC005899.5	0.087955012
AC005899.6	0.408679852
AC005899.7	0.041285005
AC005899.8	0.021115323
AC005901.1	0
AC005906.1	0
AC005906.2	0.100450689
AC005908.1	0
AC005908.2	0
AC005909.1	0
AC005911.1	0.692067065
AC005912.1	34.08101487
AC005912.2	0
AC005915.1	0
AC005920.1	0
AC005920.2	0
AC005920.3	0
AC005920.4	0
AC005921.1	0.084879662
AC005921.2	0
AC005921.3	0.02257144
AC005943.1	0.024227129
AC005943.2	0
AC005944.1	0
AC005951.1	0
AC005954.1	0.288137486
AC005954.2	0.043661121
AC005962.1	0
AC005972.1	0
AC005972.2	0
AC005972.3	0
AC005993.1	4.647214923
AC005996.1	0.043041814
AC005999.1	0
AC006001.1	0.051214311
AC006001.2	0.491722901
AC006001.3	0.284288025
AC006001.4	12.29143454
AC006003.1	0
AC006004.1	0
AC006006.1	0
AC006007.1	0
AC006011.1	0
AC006011.2	0
AC006012.1	0.10539327
AC006013.1	0
AC006015.1	0
AC006017.1	0.072141406
AC006019.1	0
AC006019.2	0
AC006019.3	0
AC006020.1	0
AC006022.1	0
AC006023.1	0.187456241
AC006023.2	0.145362774
AC006026.1	0
AC006026.2	0
AC006026.3	0.169759323
AC006027.1	0
AC006028.1	0
AC006030.1	0.009596989
AC006033.1	0.227939749
AC006033.2	0.209697619
AC006037.1	0
AC006037.2	0
AC006041.1	0
AC006042.1	0.046327449
AC006042.2	0.085477406
AC006042.3	0
AC006042.4	0
AC006055.1	0
AC006058.1	0.033536428
AC006058.2	0
AC006058.3	0.068126052
AC006058.4	0.029072555
AC006059.1	0.092772929
AC006063.1	0
AC006064.1	0.043349256
AC006064.2	0.276361375
AC006064.3	0.050892208
AC006064.4	0
AC006064.5	0
AC006065.1	0
AC006065.2	0
AC006065.3	0
AC006065.4	0
AC006065.5	0
AC006065.6	0
AC006070.1	0.125780224
AC006076.1	0
AC006077.1	0.070774295
AC006077.2	0.318716629
AC006111.1	0
AC006111.2	0.272759362
AC006111.3	0.190148171
AC006115.1	0
AC006115.2	0
AC006116.1	0.022363504
AC006116.10	0
AC006116.2	0.049140857
AC006116.3	0
AC006116.4	0
AC006116.5	0
AC006116.6	0.022008688
AC006116.7	0
AC006116.8	0.028705853
AC006116.9	0
AC006122.1	0.2758589
AC006128.1	0.54075652
AC006130.1	0
AC006130.2	0
AC006133.1	0
AC006141.1	0
AC006144.1	0.01517224
AC006145.1	0.009157142
AC006146.1	0
AC006148.1	0
AC006148.2	0
AC006150.1	0
AC006153.1	0
AC006157.1	0
AC006158.1	0
AC006159.1	0
AC006159.2	0
AC006160.1	0
AC006195.1	0.05260148
AC006197.1	0
AC006199.1	0
AC006205.1	0
AC006205.2	0
AC006206.1	0
AC006206.2	1.604246771
AC006210.1	0
AC006210.2	0.015753136
AC006213.1	0.016689985
AC006213.2	0
AC006213.3	0
AC006213.4	0.076579127
AC006213.5	0.08429022
AC006213.6	0.011617891
AC006236.1	0
AC006237.1	0.050574132
AC006238.1	0
AC006249.1	0
AC006252.1	0.242535346
AC006254.1	0.026908802
AC006254.2	0
AC006254.3	0
AC006262.1	0.012320546
AC006262.2	0.028593149
AC006262.3	0
AC006262.4	0.084879662
AC006270.1	0.101571478
AC006270.2	0.074464979
AC006270.3	0
AC006272.1	0.087955012
AC006272.2	0
AC006273.1	0.028194638
AC006277.1	0.045234006
AC006288.1	0
AC006296.1	0
AC006296.2	0
AC006299.1	0.010027089
AC006305.1	0.153183687
AC006305.2	0
AC006305.3	0
AC006326.1	0
AC006328.1	0
AC006329.1	6.680089566
AC006329.2	0
AC006330.1	0.073303221
AC006333.1	0
AC006333.2	2.417149544
AC006335.1	0
AC006335.2	0
AC006335.3	0
AC006338.1	0
AC006338.2	0
AC006349.1	0
AC006355.1	0
AC006355.2	0
AC006357.1	0
AC006362.1	0
AC006363.1	0
AC006366.1	0
AC006369.1	0.132895529
AC006369.2	0
AC006372.1	0
AC006372.2	0
AC006372.3	0.005995452
AC006372.4	0
AC006378.1	0.114507468
AC006378.2	0.049021775
AC006380.1	0
AC006386.1	0
AC006386.2	0.059792077
AC006387.1	0.011084741
AC006390.1	0
AC006427.1	0
AC006435.1	0
AC006435.2	0.11803363
AC006435.3	0
AC006435.4	0
AC006435.5	0
AC006441.1	0.111101067
AC006441.2	0
AC006441.3	0
AC006441.4	0
AC006441.5	0
AC006445.1	0.059939712
AC006445.2	0.205725282
AC006449.1	0
AC006449.2	0.399598078
AC006449.3	0
AC006449.5	0.150420678
AC006449.6	0.93042305
AC006449.7	0
AC006450.1	0
AC006450.2	0
AC006450.3	0.011312015
AC006455.1	0
AC006455.2	0
AC006455.3	0
AC006455.4	0
AC006455.5	0
AC006455.6	0
AC006455.7	0
AC006455.8	0
AC006457.1	0
AC006458.1	0
AC006460.1	0
AC006461.1	0
AC006463.1	0
AC006466.1	0
AC006480.1	0
AC006480.2	0.090783782
AC006482.1	0
AC006483.1	1.240924382
AC006483.2	0
AC006484.1	0
AC006486.1	0.038289563
AC006486.2	0.088314991
AC006487.1	0
AC006487.2	0
AC006499.1	0
AC006499.2	0
AC006499.3	0
AC006499.4	0
AC006499.5	0
AC006499.6	0
AC006499.7	0
AC006499.8	0
AC006504.1	0.006621818
AC006504.2	0
AC006504.3	0
AC006504.4	0
AC006504.5	0.363590723
AC006504.6	0
AC006504.7	0
AC006504.8	0.191146325
AC006509.1	0
AC006509.2	0
AC006511.1	0
AC006511.2	0
AC006511.3	0.517370815
AC006512.1	0
AC006512.2	0
AC006517.1	0
AC006518.1	0
AC006518.2	0
AC006529.1	0
AC006530.1	0
AC006538.1	0.336948158
AC006538.2	0
AC006538.3	0
AC006539.1	0.048454258
AC006539.2	0
AC006539.3	0
AC006547.1	0.867367552
AC006547.2	0
AC006547.3	0
AC006548.1	0
AC006548.2	0
AC006557.1	0
AC006557.2	0
AC006557.3	0
AC006557.4	0
AC006557.5	0
AC006557.6	0.02809674
AC006566.1	0.09464165
AC006581.1	0
AC006600.1	0.158663943
AC006600.2	0
AC006840.1	0
AC006924.1	0
AC006927.1	0.048746151
AC006942.1	0.046683814
AC006946.1	0.222032773
AC006946.2	0.008502831
AC006946.3	0
AC006947.1	0.250780818
AC006960.1	0.158663943
AC006960.2	0
AC006960.3	0.034433451
AC006963.1	0.323059092
AC006965.1	0
AC006967.1	0
AC006967.2	0
AC006967.3	0
AC006970.1	0.187215295
AC006970.2	0.155812473
AC006971.1	0.059525505
AC006978.1	0.983613583
AC006978.2	0.072899649
AC006986.1	0
AC006987.1	0
AC006987.2	0.046063725
AC006987.3	0
AC006987.4	0
AC006989.1	0
AC006994.1	0
AC006994.2	0.018891504
AC007000.1	0.12229513
AC007000.2	0.199388774
AC007000.3	0.078689087
AC007001.1	0
AC007003.1	0.025000601
AC007009.1	0
AC007012.1	0
AC007012.2	0
AC007014.1	0
AC007014.2	0.050679714
AC007016.1	0.497450476
AC007029.1	0
AC007032.1	0.257945985
AC007036.1	0.360171858
AC007036.2	0
AC007036.3	0
AC007038.1	0.176629982
AC007038.2	0.524877475
AC007040.1	0
AC007040.2	0.005453962
AC007041.1	0.21017821
AC007064.1	0
AC007064.2	0
AC007064.3	0
AC007066.1	0
AC007066.2	0.44484053
AC007068.1	0
AC007068.2	0
AC007091.1	0
AC007098.1	0.066146003
AC007099.1	0
AC007099.2	0
AC007100.1	0
AC007106.1	0
AC007114.1	1.64676471
AC007114.2	0
AC007115.1	0
AC007126.1	0
AC007128.1	0.406121468
AC007128.2	0.318020741
AC007136.1	0
AC007151.1	0
AC007159.1	0
AC007160.1	0.228297021
AC007161.1	0
AC007161.2	0
AC007163.1	0.027680255
AC007179.1	0
AC007179.2	0
AC007179.3	0
AC007182.1	0
AC007182.2	0.603870229
AC007191.1	0.202634251
AC007192.1	0
AC007192.2	0
AC007193.1	0
AC007193.2	0
AC007193.3	0
AC007204.1	0
AC007204.2	0
AC007207.1	0.028064258
AC007207.2	0.082570011
AC007215.1	0
AC007216.1	0
AC007216.2	0.189652994
AC007216.3	0.19485418
AC007216.4	0.043194988
AC007216.5	0.222711773
AC007218.1	0
AC007220.1	0.069030094
AC007221.1	0.060993928
AC007223.1	0
AC007224.1	0
AC007224.2	0.047599183
AC007225.1	0
AC007225.2	0
AC007228.1	0
AC007228.2	0.237637486
AC007229.1	1.237347688
AC007237.1	0
AC007238.1	0.223095538
AC007249.1	1.130239704
AC007249.2	1.093993767
AC007250.1	0
AC007253.1	0
AC007255.1	0.168580439
AC007255.2	0
AC007256.1	0.026338788
AC007262.1	0
AC007271.1	0
AC007272.1	0.019129695
AC007274.1	0
AC007274.2	0
AC007274.3	0
AC007275.1	0
AC007277.1	0.032595614
AC007278.1	0.036587164
AC007278.2	0.020229653
AC007279.1	0.029003086
AC007283.1	0
AC007283.2	0.123226311
AC007285.1	0.127364025
AC007285.2	0.04686406
AC007292.1	0.26032797
AC007292.2	0.093779847
AC007292.3	0
AC007298.1	0
AC007298.2	0
AC007308.1	0
AC007312.1	0
AC007314.1	0.042965634
AC007318.1	9.588993144
AC007318.2	0
AC007319.1	0.082457823
AC007322.1	0
AC007322.2	0
AC007322.3	0
AC007322.4	0
AC007326.1	0
AC007326.2	0.003203006
AC007327.1	0
AC007327.2	0
AC007333.1	0
AC007333.2	0
AC007336.1	0.025366336
AC007336.2	0.043582735
AC007336.3	0.033716088
AC007342.1	0
AC007342.2	0
AC007342.3	0.067400971
AC007342.4	7.83578952
AC007342.5	2.912616661
AC007342.6	0.102941949
AC007342.7	0.124649978
AC007342.8	1.539601886
AC007342.9	1.612529716
AC007344.1	0
AC007346.1	0.036614756
AC007346.2	0
AC007347.1	0
AC007347.2	0
AC007349.1	0
AC007349.2	0
AC007349.3	0
AC007349.4	0
AC007359.1	0
AC007362.1	0
AC007363.1	0
AC007364.1	0.190024135
AC007365.1	0.309736309
AC007365.2	1.484096791
AC007368.1	0
AC007368.2	0
AC007370.1	0
AC007370.2	0
AC007375.1	0
AC007375.2	0
AC007375.3	0
AC007376.1	0
AC007376.2	0.089909567
AC007378.1	0
AC007381.1	0.012107523
AC007382.1	0.278177042
AC007383.1	0.038169156
AC007383.2	1.103435601
AC007383.3	0
AC007383.4	0
AC007384.1	0.328682945
AC007386.1	0.041710624
AC007387.1	0
AC007388.1	0.705832118
AC007389.1	0.019811412
AC007389.2	0
AC007389.3	0.014659169
AC007389.4	0
AC007389.5	0.16314236
AC007390.1	0.06818984
AC007390.2	0.268097422
AC007391.1	0.04816584
AC007394.1	0
AC007395.1	0
AC007402.1	0
AC007403.1	0
AC007405.1	0.013879693
AC007405.2	0
AC007405.3	1.456032913
AC007406.1	0
AC007406.2	0.048261597
AC007406.3	0.492072633
AC007406.4	0
AC007406.5	1.033818213
AC007422.1	0
AC007422.2	0
AC007423.1	0
AC007424.1	0
AC007431.1	0
AC007431.2	0
AC007431.3	0
AC007435.1	0
AC007448.1	0
AC007448.2	0
AC007448.3	0.352330671
AC007450.1	0
AC007450.2	0
AC007450.3	0
AC007450.4	0
AC007458.1	0
AC007463.1	0
AC007485.1	0.235685274
AC007485.2	0.990245746
AC007490.1	0
AC007493.1	0
AC007493.2	0
AC007494.1	0.031941557
AC007494.2	0
AC007494.3	0.032672387
AC007495.1	0
AC007495.2	0
AC007496.1	0
AC007496.2	0
AC007496.3	0.014101413
AC007497.1	0.086543969
AC007513.1	0
AC007527.1	0
AC007527.2	0
AC007529.1	0
AC007533.1	0
AC007536.1	0
AC007537.1	2.004405954
AC007537.2	0.095012067
AC007540.1	0.047880835
AC007541.1	0.380080609
AC007546.1	0.043426804
AC007546.2	0
AC007547.1	0
AC007547.2	0
AC007551.1	0
AC007551.2	0
AC007552.1	0
AC007552.2	0.161032061
AC007556.1	0
AC007557.1	0
AC007557.2	0
AC007557.3	0
AC007557.4	0
AC007559.1	0.136763849
AC007560.1	0.409714485
AC007562.1	0
AC007563.1	0.105699201
AC007563.2	0
AC007563.3	0.065432839
AC007566.1	0.173149666
AC007566.2	0
AC007568.1	0
AC007569.1	0.226082265
AC007570.1	0.161032061
AC007595.1	0
AC007598.1	0
AC007598.2	0
AC007598.3	0
AC007599.1	0
AC007599.2	0
AC007601.1	0
AC007601.2	0
AC007603.1	0
AC007603.2	0
AC007608.1	0
AC007608.2	0
AC007608.3	0.064428088
AC007608.4	0
AC007610.1	0
AC007610.2	0.036449825
AC007610.3	0
AC007610.4	0.011423804
AC007611.1	0.176917317
AC007613.1	0.05608529
AC007614.1	0
AC007614.2	0
AC007618.1	0
AC007619.1	0
AC007619.2	0
AC007620.1	0
AC007620.2	0
AC007620.3	0
AC007621.1	0
AC007622.1	0.045374922
AC007622.2	0.099141822
AC007631.1	0
AC007637.1	0.05335293
AC007638.1	0
AC007638.2	0.013951485
AC007639.1	0.08742707
AC007652.1	0
AC007655.1	0
AC007656.1	0
AC007656.2	0
AC007663.1	0.117462499
AC007663.2	0.010895684
AC007663.3	0.417644442
AC007663.4	0.230829634
AC007666.1	0.012385502
AC007671.1	0.029247691
AC007673.1	0.044137424
AC007677.1	0
AC007679.1	0
AC007679.2	0
AC007681.1	0.148280177
AC007683.1	0.616131554
AC007683.2	0
AC007684.1	0.152676624
AC007685.1	0.322242255
AC007686.1	3.145863916
AC007686.2	0
AC007686.3	0.146196515
AC007687.1	0
AC007688.1	0.895541937
AC007688.2	0
AC007690.1	0
AC007718.1	0
AC007728.1	0.029822584
AC007728.2	0.14776442
AC007728.3	0
AC007731.1	0
AC007731.2	0.41338339
AC007731.3	0
AC007731.4	0
AC007731.5	0
AC007738.1	0
AC007741.1	0
AC007742.1	0
AC007742.2	0
AC007743.1	0.071917968
AC007744.1	0
AC007749.1	0
AC007750.1	0.087595321
AC007751.1	0.064562721
AC007751.2	0
AC007773.1	0.699296636
AC007780.1	0.078182233
AC007785.1	0.073119227
AC007785.2	0
AC007785.3	0.09397
AC007786.1	0
AC007786.2	0
AC007786.3	0
AC007787.1	0
AC007787.2	0
AC007790.1	0.093128836
AC007792.1	0
AC007795.1	0
AC007823.1	0.37203959
AC007834.1	0.033345581
AC007834.2	0.212322885
AC007842.1	0.107150686
AC007848.1	0.051833986
AC007848.2	0.014056504
AC007849.1	0
AC007849.2	0.154621549
AC007861.1	0
AC007861.2	0
AC007876.1	0
AC007878.1	0.030062642
AC007879.1	0
AC007879.2	0
AC007879.3	0.066508447
AC007879.4	0.067245383
AC007881.1	0
AC007881.2	0
AC007881.3	0.319941789
AC007899.1	0
AC007906.1	0
AC007906.2	2.277813195
AC007907.1	0
AC007919.1	0
AC007919.2	0
AC007920.1	0
AC007922.1	0
AC007922.2	0
AC007922.3	0
AC007923.1	0
AC007923.2	0
AC007923.3	0
AC007923.4	0
AC007938.1	0.008365122
AC007938.2	0.009216243
AC007938.3	0.116896869
AC007948.1	0
AC007950.1	0.078944986
AC007950.2	0.041372958
AC007952.1	0
AC007952.2	0.023515257
AC007952.3	0
AC007952.4	0
AC007952.5	0
AC007952.6	0.009081774
AC007952.7	0
AC007952.8	0
AC007952.9	0
AC007953.1	0
AC007953.2	0
AC007954.1	0
AC007956.1	0.089577798
AC007966.1	0.395797552
AC007967.1	0
AC007967.2	0
AC007967.3	0
AC007967.4	0
AC007969.1	25.41604686
AC007969.2	0
AC007991.1	0
AC007991.2	1.18997957
AC007991.3	0
AC007991.4	0.080249862
AC007992.1	0
AC007992.2	0
AC007993.1	0
AC007993.2	0
AC007996.1	0.610977103
AC007998.1	0
AC007998.2	0.266764651
AC007998.3	0.66254321
AC007998.4	0.009583728
AC007998.5	0.102428621
AC008011.1	0
AC008011.2	0.643670767
AC008013.1	0.012291435
AC008013.2	0
AC008013.3	0
AC008014.1	0.730338606
AC008015.1	0
AC008026.1	2.986928584
AC008026.2	0.139514846
AC008026.3	0.056884788
AC008033.1	0.08356483
AC008033.2	0
AC008033.3	0.086267176
AC008035.1	0.975358254
AC008040.1	0
AC008040.2	0
AC008040.3	0
AC008040.4	0
AC008040.5	0
AC008050.1	0.038410733
AC008055.1	0
AC008056.1	0.061613155
AC008056.2	0
AC008060.1	0.015651569
AC008060.2	0
AC008060.3	0
AC008060.4	0
AC008063.1	0
AC008063.2	0.156869682
AC008065.1	0.209272269
AC008066.1	0
AC008067.1	0
AC008069.1	0
AC008072.1	0
AC008073.1	0
AC008073.2	0.0407993
AC008073.3	0.021285036
AC008074.1	0.302185683
AC008074.2	0.056586441
AC008074.3	1.756701879
AC008079.1	0
AC008079.2	0.014282555
AC008080.1	0
AC008080.2	0
AC008080.3	0
AC008080.4	0
AC008083.1	0.18307378
AC008083.2	0.428392645
AC008083.3	0
AC008088.1	0
AC008103.1	0
AC008105.1	0.169389155
AC008105.2	0.452480582
AC008105.3	0.228460719
AC008109.1	0.058778652
AC008114.1	0.113702966
AC008115.1	0
AC008115.2	0
AC008115.3	0.884356401
AC008115.4	0
AC008121.1	0.090580534
AC008121.2	0
AC008121.3	0
AC008124.1	0.54389282
AC008125.1	0.015783864
AC008126.1	0.050574132
AC008127.1	0
AC008127.2	0
AC008132.1	0
AC008132.2	0
AC008133.1	0
AC008133.2	0
AC008134.1	0
AC008147.1	0.224082307
AC008147.2	0.082412334
AC008147.3	0.754326032
AC008147.4	0.020162445
AC008149.1	0.046239206
AC008154.1	0
AC008154.2	0
AC008155.1	0.516501771
AC008155.2	0
AC008162.1	0
AC008162.2	0
AC008163.1	0
AC008164.1	0
AC008171.1	0
AC008175.1	0
AC008175.2	0
AC008243.1	0.117557304
AC008250.1	0
AC008250.2	0
AC008264.1	0
AC008264.2	0.019519365
AC008267.1	0
AC008267.2	0.318368304
AC008267.3	0.238664442
AC008267.4	0
AC008267.5	4.000975753
AC008267.6	0
AC008267.7	0
AC008267.8	0
AC008268.1	0
AC008269.1	0
AC008269.2	0
AC008277.1	0
AC008277.2	0
AC008278.1	0.085477406
AC008278.2	0
AC008280.1	0
AC008280.2	0
AC008280.3	0.033163365
AC008378.1	0
AC008379.1	0.052318067
AC008385.1	0
AC008392.1	0
AC008393.1	0.500871731
AC008395.1	0
AC008403.1	0
AC008403.2	0
AC008403.3	0
AC008406.1	0
AC008406.2	0
AC008406.3	0
AC008410.1	0
AC008413.1	0
AC008413.2	0
AC008415.1	0
AC008417.1	0
AC008427.1	0
AC008429.1	0.096054466
AC008429.2	0.590031537
AC008429.3	0
AC008429.4	0.133382325
AC008432.1	0
AC008434.1	0.04421782
AC008438.1	0.619049481
AC008438.2	0
AC008440.1	0.055297456
AC008440.2	0
AC008440.3	0.087479579
AC008443.1	0.322501709
AC008443.2	0
AC008443.3	0
AC008443.4	0.053235928
AC008443.5	0.998995194
AC008443.6	0.049074629
AC008443.7	0
AC008446.1	0
AC008448.1	0
AC008453.1	0
AC008456.1	0
AC008464.1	0
AC008467.1	0.008874276
AC008474.1	0
AC008481.1	0.674321756
AC008481.2	0.365733834
AC008481.3	0
AC008489.1	0
AC008494.1	0.182981783
AC008494.2	0
AC008494.3	0.205725282
AC008496.1	0
AC008496.2	1.05546014
AC008498.1	0.045716729
AC008498.2	0
AC008507.1	0.099219005
AC008507.2	0
AC008507.3	0
AC008514.1	0.040765043
AC008514.2	0.127097294
AC008517.1	0
AC008521.1	0
AC008521.2	0
AC008522.1	0.016718721
AC008525.1	0
AC008525.2	0
AC008526.1	0.215463756
AC008534.1	0
AC008537.1	0
AC008537.2	0.151092842
AC008537.3	0.129056795
AC008539.1	0
AC008543.1	0.05740605
AC008543.2	0
AC008543.3	0
AC008543.4	0
AC008543.5	0
AC008549.1	0
AC008549.2	0
AC008549.3	0.180264232
AC008550.1	0
AC008551.1	0
AC008554.1	0
AC008555.1	0.061635503
AC008555.2	0.014221197
AC008555.3	0
AC008555.4	0.042738703
AC008555.5	0.778433191
AC008555.6	0
AC008555.7	0
AC008555.8	0.123169472
AC008556.1	3.177245451
AC008560.1	1.915842871
AC008562.1	0.073562373
AC008565.1	0
AC008567.1	0.101827111
AC008567.2	0
AC008568.1	0
AC008568.2	0
AC008569.1	0
AC008569.2	0
AC008571.1	0
AC008572.1	0
AC008574.1	0
AC008575.1	0
AC008581.1	0
AC008588.1	0
AC008591.1	0
AC008592.1	0.057119019
AC008592.2	0.042514156
AC008592.3	0.116151116
AC008592.4	0.05394574
AC008592.5	0
AC008601.1	0
AC008608.1	0
AC008608.2	1.283804882
AC008609.1	0
AC008610.1	0.185309796
AC008619.1	0
AC008620.1	0
AC008620.2	0
AC008622.1	0
AC008622.2	0.079009221
AC008622.3	0
AC008626.1	0
AC008626.2	0
AC008627.1	0
AC008628.1	0
AC008628.2	0
AC008629.1	0
AC008629.2	0
AC008629.3	0
AC008632.1	0
AC008635.1	0.043194988
AC008637.1	0.289569581
AC008638.1	0
AC008638.2	0
AC008638.3	0
AC008641.1	0
AC008649.1	0.094091408
AC008649.2	0.100312327
AC008652.1	0
AC008655.1	0
AC008655.2	0.079853892
AC008659.1	0
AC008662.1	0
AC008662.2	0
AC008663.1	2.614293577
AC008663.2	0.008054274
AC008663.3	0
AC008667.1	0
AC008667.2	0
AC008667.3	0
AC008667.4	0
AC008669.1	0.111458141
AC008676.1	0
AC008676.2	0.009150239
AC008676.3	0
AC008677.1	0.015551303
AC008677.2	0.237995914
AC008677.3	0
AC008680.1	0
AC008686.1	0.044913197
AC008687.1	0
AC008687.2	0.140051442
AC008687.3	0.324756966
AC008687.4	0.147721602
AC008687.5	0
AC008687.6	0
AC008691.1	0.195180569
AC008694.1	0
AC008694.2	0
AC008695.1	0
AC008696.1	0
AC008696.2	0
AC008700.1	0
AC008705.1	0
AC008708.1	0
AC008708.2	0
AC008716.1	0
AC008723.1	0
AC008725.1	0
AC008728.1	0
AC008731.1	0.125780224
AC008734.1	0
AC008734.2	0
AC008735.1	0.211881649
AC008735.2	1.211615562
AC008735.3	0
AC008735.4	0.239561676
AC008735.5	0
AC008736.1	1.111206274
AC008736.2	0.047045704
AC008737.1	0.196298517
AC008737.2	0
AC008737.3	0
AC008738.1	0
AC008738.2	0.120176155
AC008738.3	0
AC008738.4	0
AC008738.5	0
AC008738.6	0.042663591
AC008738.7	0
AC008739.1	0
AC008739.2	0.076579127
AC008739.3	0
AC008739.5	0
AC008740.1	0
AC008740.2	0
AC008741.1	0
AC008741.2	0.358483733
AC008742.1	0
AC008743.1	0
AC008745.1	0
AC008747.1	0.054922134
AC008749.1	0
AC008750.1	0
AC008750.2	0.048309618
AC008750.3	0.221694824
AC008750.4	0.110847412
AC008750.5	0.205290344
AC008750.6	0
AC008750.7	0.130280411
AC008750.8	0.748974437
AC008751.1	0
AC008751.2	0
AC008752.1	0
AC008752.2	0
AC008752.3	1.022847607
AC008753.1	0.59834184
AC008753.2	0
AC008753.3	0
AC008758.1	0
AC008758.2	0
AC008758.3	0
AC008758.4	0.018723936
AC008758.5	0.039344543
AC008758.6	0
AC008759.1	0
AC008759.2	0.040459305
AC008759.3	2.150396151
AC008760.1	0.353871475
AC008760.2	0.322004788
AC008761.1	0
AC008761.2	0
AC008761.3	0
AC008763.1	0.20157661
AC008763.2	0.017771291
AC008763.3	0
AC008764.1	0
AC008764.10	0.013265346
AC008764.2	0.516501771
AC008764.3	0
AC008764.4	0.082012105
AC008764.5	0
AC008764.6	0.258126066
AC008764.7	0
AC008764.8	0.187628726
AC008764.9	0.029072555
AC008770.1	0
AC008770.2	0.043759501
AC008770.3	0.155612713
AC008771.1	2.040612071
AC008780.1	0
AC008780.2	0
AC008781.1	0
AC008781.2	0.009788542
AC008781.3	0
AC008782.1	0
AC008785.1	0
AC008794.1	0
AC008794.2	0
AC008798.1	0
AC008799.1	0.531194381
AC008799.2	0
AC008802.1	0.061379477
AC008805.1	0
AC008805.2	0
AC008806.1	0
AC008808.1	0
AC008808.2	0
AC008813.1	0.027430038
AC008814.1	0
AC008817.1	0
AC008825.1	0
AC008825.2	0
AC008833.1	0
AC008834.1	0.138717618
AC008837.1	0
AC008837.2	0
AC008840.1	0.080117436
AC008850.1	0.067059622
AC008852.1	0
AC008868.1	0
AC008869.1	0
AC008870.1	0
AC008870.2	0.403012612
AC008870.3	0.075742849
AC008870.4	0.077434077
AC008870.5	0
AC008871.1	0
AC008873.1	0
AC008875.1	0.029932902
AC008878.1	0
AC008878.2	0
AC008878.3	0
AC008878.4	0
AC008883.1	0.125780224
AC008883.2	0
AC008885.1	0
AC008885.2	0
AC008892.1	0
AC008894.1	0
AC008894.2	0.012363424
AC008894.3	0.641507517
AC008895.1	0.064808956
AC008897.1	0.559667625
AC008897.2	0
AC008897.3	0.201040027
AC008906.1	0.145507991
AC008906.2	0
AC008914.1	0
AC008915.1	0.029003086
AC008915.2	2.121401513
AC008937.1	0
AC008937.2	0
AC008937.3	0.057119019
AC008938.1	0
AC008940.1	0
AC008945.1	0
AC008946.1	2.075821843
AC008948.1	0
AC008953.1	0.076338312
AC008957.1	0.335124531
AC008957.2	0
AC008957.3	0.043310586
AC008958.1	0
AC008962.1	0
AC008966.1	0.798038897
AC008966.2	0.053588484
AC008967.1	0
AC008969.1	0.077354766
AC008972.1	0.037930599
AC008972.2	0.343985997
AC008982.1	0
AC008982.2	0.196962136
AC008985.1	0.021684308
AC008991.1	0
AC008991.2	0
AC008992.1	0
AC009005.1	1.350206251
AC009019.1	0.042072068
AC009021.1	0.064734889
AC009021.2	0
AC009022.1	0.32955077
AC009022.2	0
AC009027.1	0
AC009032.1	0.056323859
AC009033.1	0
AC009034.1	0
AC009035.1	0
AC009039.1	0
AC009039.2	0
AC009041.1	0.017552844
AC009041.2	0.037299232
AC009041.3	0
AC009041.4	0.228297021
AC009044.1	0
AC009052.1	0
AC009053.1	0.500985129
AC009053.2	0.195025827
AC009053.3	0
AC009053.4	0
AC009054.1	0
AC009054.2	1.103435601
AC009055.1	0
AC009055.2	0
AC009060.1	0
AC009060.2	0
AC009061.1	0
AC009061.2	0.414461177
AC009063.1	0
AC009063.2	0.013243635
AC009063.3	0.042889723
AC009065.1	0
AC009065.2	0.21078654
AC009065.3	0
AC009065.4	0.445878059
AC009065.5	0
AC009065.6	0
AC009065.7	0
AC009065.8	0.40048551
AC009075.1	0
AC009075.2	0
AC009078.1	0.031003299
AC009078.2	0.016846345
AC009078.3	0.047552563
AC009081.1	0.085931268
AC009084.1	0
AC009084.2	0.095028973
AC009084.3	0
AC009086.1	0
AC009086.2	0
AC009086.3	0.168580439
AC009087.1	0
AC009088.1	0.058284714
AC009088.2	0
AC009088.3	0
AC009088.4	0.173397023
AC009090.1	0.271235567
AC009090.2	0
AC009090.3	0.085931268
AC009090.4	0.026307866
AC009090.5	0.010623888
AC009093.1	0.138783706
AC009093.2	0.102862641
AC009093.3	0.044542355
AC009093.4	0.086543969
AC009093.5	0
AC009093.6	0
AC009093.7	0.019849209
AC009094.1	0.056984937
AC009095.1	0.036614756
AC009097.1	0
AC009097.2	0.104411111
AC009097.3	0
AC009097.4	0
AC009101.1	0
AC009102.1	0
AC009102.2	0
AC009102.3	0
AC009107.1	0
AC009107.2	0.126216204
AC009108.1	0.121987855
AC009108.2	0
AC009108.3	0.013812565
AC009108.4	0
AC009108.5	0.024520791
AC009110.1	0
AC009113.1	0.407408478
AC009113.2	0
AC009117.1	0
AC009117.2	0
AC009117.3	0
AC009118.1	0.064907977
AC009118.2	0.185309796
AC009118.3	0.194649579
AC009119.1	0.287733051
AC009119.2	0.047677087
AC009119.3	0
AC009120.1	0.205290344
AC009120.2	0.346057753
AC009120.3	0.1892833
AC009120.4	0
AC009120.5	0
AC009120.6	0
AC009121.1	0.066508447
AC009121.2	0.02140704
AC009123.1	0.101500696
AC009126.1	0.373323243
AC009127.1	0
AC009127.2	0
AC009132.1	0
AC009133.1	1.06382229
AC009133.2	0
AC009133.3	0.043977506
AC009133.4	0
AC009133.5	0
AC009133.6	0
AC009134.1	0
AC009135.1	0
AC009135.2	0
AC009137.1	0
AC009137.2	0.037871425
AC009139.1	0.074464979
AC009139.2	0
AC009142.1	0
AC009145.1	0
AC009145.2	0
AC009145.3	0
AC009145.4	0
AC009148.1	0.036057309
AC009152.1	0.043661121
AC009153.1	0
AC009154.1	0
AC009154.2	0
AC009158.1	0
AC009159.1	0
AC009159.2	0.040058718
AC009159.3	0.181161069
AC009159.4	0.011952527
AC009161.1	0
AC009161.2	0
AC009163.1	0
AC009163.2	0
AC009163.3	0.085477406
AC009163.4	0.045802987
AC009163.5	0.614201503
AC009163.6	0.141962475
AC009163.7	0.056962651
AC009166.1	0
AC009166.2	0.025706583
AC009167.1	0
AC009169.1	0
AC009171.1	0
AC009171.2	0.916059744
AC009185.1	0
AC009220.1	0.176549696
AC009220.2	0
AC009220.3	0
AC009226.1	0.113437305
AC009227.1	0.010277554
AC009227.2	0
AC009228.1	0
AC009229.1	0
AC009229.2	0
AC009229.3	0.086083628
AC009229.4	0
AC009233.1	0
AC009237.1	0
AC009237.10	0
AC009237.11	0
AC009237.12	0
AC009237.13	0
AC009237.14	7.325317144
AC009237.15	0.145362774
AC009237.16	0
AC009237.17	0
AC009237.2	0
AC009237.3	0.331607003
AC009237.4	0
AC009237.5	0
AC009237.6	0
AC009237.7	0
AC009237.8	0.320258354
AC009237.9	0
AC009238.1	0
AC009238.2	0
AC009238.3	0
AC009244.1	0.564548447
AC009245.1	0.253457365
AC009248.1	0
AC009248.2	0.095573162
AC009262.1	0.285595097
AC009263.1	0
AC009264.1	0.235276157
AC009268.1	0
AC009268.2	0.478074943
AC009269.1	0
AC009269.2	0.05143132
AC009269.3	0
AC009269.4	0.064306181
AC009269.5	0.082570011
AC009271.1	0.665084472
AC009275.1	0.443205669
AC009276.1	0
AC009283.1	1.91946472
AC009292.1	0
AC009292.2	0
AC009296.1	0
AC009299.1	0
AC009299.2	1.710217213
AC009299.3	0.039822151
AC009302.1	0.12449017
AC009303.1	0
AC009303.2	0.011338432
AC009303.3	0
AC009303.4	0.388409331
AC009305.1	0.065966259
AC009309.1	0.897141119
AC009310.1	0
AC009312.1	0
AC009313.1	0
AC009313.2	0
AC009314.1	0
AC009318.1	0.086297843
AC009318.2	0.484765871
AC009318.3	0.289569581
AC009318.4	0.04994976
AC009319.1	0.096587201
AC009320.1	0.13911509
AC009336.1	0
AC009336.2	0
AC009336.3	0.00926549
AC009362.1	0.239168308
AC009365.1	0
AC009365.2	0
AC009365.3	0
AC009387.1	0
AC009396.1	0.044996447
AC009396.2	0
AC009396.3	0
AC009403.1	1.125071593
AC009404.1	0.179464637
AC009407.1	0
AC009411.1	0
AC009411.2	0
AC009413.1	0.121682121
AC009414.1	0.054798156
AC009414.2	2.719395934
AC009432.1	0
AC009435.1	0.042291957
AC009446.1	0
AC009464.1	0.051760305
AC009468.1	0
AC009468.2	0
AC009474.1	0
AC009474.2	0
AC009477.1	0
AC009478.1	0
AC009480.1	0.176763955
AC009480.2	0
AC009486.1	0
AC009487.1	0
AC009487.2	0.117445279
AC009487.3	0
AC009487.4	0
AC009494.1	0
AC009495.1	0
AC009495.2	0
AC009495.3	0
AC009498.1	0
AC009500.1	0
AC009501.1	0.167129661
AC009501.2	0
AC009501.3	0
AC009502.1	0.024678668
AC009502.2	0
AC009505.1	0
AC009506.1	1.624871701
AC009506.2	0
AC009509.1	0.095887755
AC009509.2	0
AC009509.3	0
AC009509.4	0.190770791
AC009511.1	0
AC009511.2	0
AC009517.1	0
AC009518.1	0
AC009518.2	0.033208732
AC009518.3	0
AC009531.1	0
AC009533.1	0.51502979
AC009533.2	0
AC009541.1	0
AC009542.1	0.087287355
AC009542.2	0.035029702
AC009549.1	0.043194988
AC009554.1	0
AC009558.1	0.208912076
AC009558.2	0
AC009560.1	0.167803571
AC009562.1	0
AC009563.1	0
AC009567.1	0
AC009567.2	0
AC009570.1	0.325846755
AC009597.1	0
AC009597.2	0
AC009623.1	0
AC009623.2	0
AC009630.1	0.303987625
AC009630.2	0.081667227
AC009630.3	0
AC009643.1	0
AC009643.2	0
AC009646.1	0
AC009646.2	0.028830859
AC009652.1	0
AC009652.2	0.047045704
AC009654.1	0
AC009656.1	0
AC009686.1	0
AC009686.2	0.504864816
AC009690.1	0.027749867
AC009690.2	0.192785763
AC009690.3	0
AC009704.1	0
AC009704.2	0.201040027
AC009712.1	0
AC009716.1	0.060993928
AC009716.2	0.006447698
AC009720.1	0.115004737
AC009720.2	0
AC009729.1	0
AC009743.1	0
AC009754.1	0.044954784
AC009779.1	0
AC009779.2	3.852466082
AC009779.3	0.179819135
AC009779.4	0.039730905
AC009779.5	0
AC009779.6	0
AC009779.7	0
AC009784.1	0
AC009800.1	0
AC009803.1	0
AC009803.2	0
AC009803.3	0
AC009804.1	0
AC009806.1	0
AC009812.1	0.481385503
AC009812.2	0
AC009812.3	0.012891972
AC009812.4	0.242083378
AC009831.1	0.092069216
AC009831.2	0.414259099
AC009831.3	0.074694102
AC009831.4	0
AC009852.1	0
AC009869.1	0
AC009878.1	0.428392645
AC009879.1	0
AC009884.1	0.089084709
AC009884.2	0
AC009901.1	0
AC009901.2	0
AC009902.1	0
AC009902.2	0.173149666
AC009902.3	0.078236226
AC009908.1	0.176763955
AC009927.1	0
AC009930.1	0
AC009945.1	0
AC009947.1	0
AC009947.2	0
AC009948.1	1.073926076
AC009948.2	0.068094203
AC009948.3	0.054005747
AC009948.4	0.791204194
AC009948.5	0
AC009949.1	0.013265346
AC009950.1	0.078014729
AC009951.1	0
AC009955.1	0
AC009955.2	0
AC009955.3	0.05418657
AC009955.4	0.044624234
AC009961.1	0.365381392
AC009961.2	0
AC009961.3	0.190396731
AC009962.1	0.031832656
AC009963.1	0
AC009963.2	0
AC009963.3	0
AC009965.1	0
AC009965.2	0
AC009967.1	0
AC009969.1	0
AC009970.1	0
AC009974.1	0
AC009977.1	0
AC009987.1	0.03011859
AC009988.1	0.234924999
AC009994.1	0
AC009996.1	0.148701888
AC009997.1	0
AC010082.1	0
AC010086.1	0
AC010086.2	0
AC010087.1	0
AC010095.1	0
AC010096.1	0
AC010099.1	0.064734889
AC010099.2	0
AC010099.3	0
AC010099.4	0
AC010105.1	0
AC010127.1	0.209233892
AC010132.1	0.043271984
AC010132.2	0
AC010132.3	0.039562554
AC010132.4	0.088726547
AC010133.1	0
AC010136.1	0.470125731
AC010139.1	0
AC010141.1	0
AC010141.2	0
AC010141.3	0
AC010145.1	0
AC010148.1	0.195968381
AC010149.1	0
AC010153.1	0
AC010154.1	0
AC010157.1	0
AC010163.1	0
AC010163.2	0
AC010168.1	2.327795651
AC010168.2	0.438284295
AC010173.1	0.300729868
AC010175.1	0.108373139
AC010177.1	0
AC010181.1	0
AC010181.2	0
AC010182.1	0
AC010183.1	0
AC010183.2	0
AC010185.1	0.212943712
AC010186.1	0.045630796
AC010186.2	3.855853263
AC010186.3	0.996963745
AC010186.4	0.118417479
AC010196.1	0
AC010197.1	0
AC010198.1	0
AC010200.1	0
AC010200.2	0
AC010201.1	0
AC010201.2	0.048713545
AC010202.1	0
AC010203.1	0.051833986
AC010203.2	0.116151116
AC010205.1	0
AC010207.1	0.012474606
AC010210.1	0.017339702
AC010223.1	0
AC010226.1	0.298960384
AC010230.1	0.034287547
AC010235.1	0
AC010240.1	0
AC010240.2	0.080582849
AC010240.3	0.122914345
AC010245.1	0
AC010245.2	0.187215295
AC010247.1	0.054126161
AC010247.2	0.111754603
AC010255.1	0
AC010255.2	0.113437305
AC010255.3	0
AC010260.1	0
AC010261.1	0
AC010261.2	0
AC010265.1	0
AC010266.1	0
AC010266.2	0
AC010267.1	0
AC010271.1	0.304532406
AC010271.2	0.041285005
AC010273.1	0.025661293
AC010273.2	1.274745237
AC010275.1	1.589728459
AC010280.1	2.855950967
AC010280.2	1.065757312
AC010280.3	0
AC010285.1	0
AC010285.2	0
AC010287.1	0
AC010297.1	0
AC010300.1	0
AC010301.1	0.068381925
AC010306.1	0
AC010307.1	0
AC010307.2	0.059498978
AC010307.3	0
AC010307.4	0
AC010319.1	0.077187864
AC010319.2	0
AC010319.3	0
AC010319.4	0.38644199
AC010319.5	0
AC010320.1	0.041999279
AC010320.2	0.021655293
AC010320.3	0.054307792
AC010320.4	0.025486177
AC010320.5	0
AC010323.1	0
AC010323.2	0.08173597
AC010325.1	0.040124931
AC010325.2	0
AC010326.1	0
AC010326.2	0.047599183
AC010326.3	1.072558905
AC010326.4	1.115224443
AC010327.1	0
AC010327.2	0.149235143
AC010327.3	0.014775157
AC010327.4	0.030787043
AC010327.5	0.245848768
AC010328.1	0
AC010328.2	0
AC010328.3	0
AC010329.1	0.008744807
AC010329.2	0
AC010329.5	0
AC010331.1	0.125131872
AC010332.1	0
AC010332.2	0
AC010333.1	0
AC010333.2	0
AC010333.3	0
AC010335.1	0
AC010335.2	0
AC010335.3	0
AC010336.1	0.015367535
AC010336.2	0.143926383
AC010336.3	0
AC010336.4	0
AC010336.5	0
AC010336.6	0
AC010338.1	0
AC010342.1	0.055360509
AC010343.1	4.206738586
AC010343.2	0.108373139
AC010343.3	0.074388917
AC010350.1	0
AC010359.1	0.239404174
AC010368.1	0
AC010374.1	0
AC010374.2	0
AC010376.1	0
AC010378.1	0
AC010385.1	0
AC010385.2	0
AC010385.3	0
AC010387.1	0
AC010395.1	0
AC010395.2	0
AC010401.1	0
AC010401.2	0
AC010406.1	0
AC010409.1	0.050999124
AC010409.2	0
AC010420.1	0
AC010422.1	0.08941283
AC010422.2	0
AC010422.3	0.840085815
AC010422.4	0
AC010422.5	0
AC010422.6	0.066315406
AC010424.1	0.08173597
AC010424.2	0
AC010425.1	0
AC010435.1	0.020624965
AC010442.1	4.739267873
AC010442.2	0
AC010442.3	0
AC010445.1	0
AC010451.1	0
AC010451.2	0
AC010451.3	0
AC010457.1	0
AC010460.1	0
AC010460.2	0
AC010460.3	0
AC010463.1	0
AC010463.2	0
AC010463.3	0
AC010468.1	1.010244589
AC010468.2	0
AC010468.3	0
AC010469.1	0.463596207
AC010469.2	0
AC010476.1	0
AC010478.1	0.003394237
AC010480.1	0
AC010485.1	0
AC010486.1	0
AC010486.2	0
AC010486.3	0
AC010487.1	0.480931366
AC010487.2	0.04994976
AC010491.1	0.086791502
AC010493.1	0.083135559
AC010501.1	0.173220268
AC010503.1	0
AC010503.2	0
AC010503.3	0
AC010503.4	3.775417739
AC010504.1	0.705444299
AC010511.1	0
AC010519.1	0.070568556
AC010522.1	0.125671699
AC010524.1	0.049140857
AC010525.1	0.220186696
AC010525.2	0
AC010528.1	0
AC010530.1	0.042663591
AC010531.1	0.076418415
AC010531.2	0
AC010531.3	0.047320825
AC010531.4	0
AC010531.5	0
AC010531.6	0.60537614
AC010531.7	0
AC010531.8	0
AC010533.1	0.023064687
AC010536.1	0.018594855
AC010536.2	0
AC010536.3	0
AC010538.1	0.109844268
AC010542.1	0
AC010542.2	0
AC010542.3	0
AC010542.4	0.012709729
AC010542.5	0.826132413
AC010546.1	0
AC010547.1	0
AC010547.2	0.059353504
AC010547.3	0
AC010547.4	0.006602008
AC010547.5	0
AC010547.6	0
AC010551.1	0
AC010551.2	0
AC010551.3	0
AC010587.1	0
AC010587.2	0
AC010591.1	0
AC010595.1	0.233901008
AC010598.1	0
AC010601.1	0
AC010601.2	0
AC010605.1	0.060917398
AC010608.1	0.353099392
AC010608.2	0.051650177
AC010608.3	0
AC010609.1	0
AC010615.1	0.082570011
AC010615.2	0.023586847
AC010615.3	0.061613155
AC010615.4	0
AC010616.1	0.171680221
AC010618.1	0.101784416
AC010618.2	0.263865035
AC010618.3	0.199654047
AC010619.1	0
AC010619.2	0
AC010620.1	0
AC010620.2	0
AC010624.1	0.015918415
AC010624.2	0.042218406
AC010624.3	0.068285747
AC010624.4	0
AC010625.1	0.060237179
AC010627.1	0
AC010631.1	0.311225426
AC010632.1	0
AC010632.2	0
AC010632.3	0
AC010634.1	0
AC010636.1	0
AC010636.2	0
AC010638.1	0
AC010641.1	0
AC010642.1	0.060038541
AC010643.1	0.371982581
AC010646.1	0
AC010649.1	0
AC010653.1	0.082663734
AC010653.2	0
AC010654.1	0.630924811
AC010655.1	0
AC010655.2	0.916751632
AC010655.3	0
AC010655.4	0.068672088
AC010677.1	10.48799469
AC010678.1	0
AC010680.1	0
AC010680.2	0.034400921
AC010680.3	0
AC010680.4	0.08941283
AC010680.5	0.052431065
AC010683.1	0.192663359
AC010719.1	0.552456378
AC010722.1	0
AC010723.1	0
AC010729.1	0
AC010731.1	0
AC010731.2	0.717233141
AC010731.3	0.085779446
AC010733.1	1.573977964
AC010733.2	0
AC010735.1	0.09464165
AC010735.2	0.498813354
AC010737.1	0.086853607
AC010738.1	0
AC010740.1	0
AC010745.1	0
AC010745.2	0
AC010745.3	0
AC010745.4	0
AC010746.1	0
AC010754.1	0.022879909
AC010760.1	0
AC010761.1	1.350143672
AC010761.2	0
AC010761.3	0.097296927
AC010761.4	0.04659421
AC010761.5	0
AC010761.6	0
AC010768.1	0
AC010768.2	0.04281408
AC010768.3	0
AC010768.4	0
AC010776.1	0
AC010776.2	0.022456599
AC010776.3	0
AC010789.1	0.083421248
AC010809.1	0.345559903
AC010809.2	0.201457122
AC010809.3	0
AC010834.1	0
AC010834.2	0.137408962
AC010834.3	0.336083687
AC010857.1	0
AC010864.1	0.192790866
AC010867.1	0
AC010872.1	0
AC010878.1	0
AC010880.1	0
AC010881.1	0
AC010883.1	0.121987855
AC010884.1	0.05143132
AC010886.1	0
AC010889.1	0.045528101
AC010890.1	0
AC010891.1	0
AC010894.1	0
AC010894.2	0.920692157
AC010894.3	0.131183914
AC010894.4	0
AC010894.5	0
AC010900.1	0.03746232
AC010900.2	0
AC010904.1	0.077065344
AC010904.2	0
AC010907.1	0
AC010907.2	0
AC010913.1	0.125997837
AC010928.1	0
AC010928.2	0
AC010928.3	0
AC010931.1	0
AC010931.2	0.029988367
AC010931.3	0
AC010947.1	0.070059403
AC010967.1	0
AC010967.2	0
AC010967.3	0
AC010969.1	0
AC010969.2	0.788900105
AC010970.1	0.105089105
AC010973.1	0.047506034
AC010973.2	0.177626219
AC010974.1	0
AC010975.1	0
AC010975.2	0
AC010975.3	0
AC010976.1	0.083708908
AC010976.2	0.028492469
AC010978.1	0.011207564
AC010980.1	0.340444486
AC010980.2	1.048732703
AC010982.1	0
AC010983.1	0
AC010997.1	0
AC010997.2	0.093367628
AC010997.3	0
AC010997.4	0.115598015
AC010997.5	0.205725282
AC010997.6	0.029514387
AC010998.1	0
AC010998.2	0
AC010998.3	0
AC010999.1	0.149849279
AC010999.2	0.162923377
AC011005.1	0.180219623
AC011005.2	0
AC011005.3	0
AC011005.4	0.544499063
AC011008.1	0
AC011008.2	0.028968476
AC011037.1	0
AC011092.1	0
AC011092.2	0
AC011095.1	0
AC011120.1	0
AC011124.1	0
AC011124.2	0
AC011131.1	0
AC011155.1	0
AC011193.1	0
AC011193.2	0
AC011195.1	0
AC011195.2	0
AC011196.1	0
AC011199.1	0.007220578
AC011225.1	0
AC011228.1	0
AC011233.1	0
AC011239.1	0
AC011239.2	0.01630328
AC011242.1	0
AC011243.1	0
AC011247.1	0.31580227
AC011247.2	0.104187052
AC011247.3	0
AC011257.1	0
AC011266.1	0
AC011270.1	0
AC011270.2	0
AC011284.1	0.028359326
AC011287.1	0.343638185
AC011287.2	0
AC011290.1	0
AC011290.2	0.265468103
AC011294.1	0.173956168
AC011297.1	0.057525079
AC011298.1	0
AC011298.2	0
AC011298.3	0
AC011306.1	0.190396731
AC011313.1	0.2210891
AC011330.1	0
AC011330.2	0.114687795
AC011333.1	0
AC011337.1	0.41715654
AC011352.1	0.122449348
AC011352.2	0
AC011352.3	0.245621415
AC011362.1	0
AC011363.1	0
AC011365.1	0
AC011365.2	0
AC011369.1	0
AC011369.2	0.015491757
AC011373.1	0
AC011374.1	2.927942073
AC011374.2	0.369210391
AC011377.1	0
AC011379.1	0.032099945
AC011379.2	0.015814712
AC011383.1	0
AC011389.1	0
AC011389.2	0
AC011389.3	0
AC011396.1	0
AC011396.2	0
AC011396.3	0
AC011405.1	0.02039965
AC011406.1	0
AC011410.1	0
AC011411.1	0
AC011416.1	0
AC011416.2	0.334835631
AC011431.1	0
AC011442.1	0
AC011443.1	0
AC011444.1	0.151959832
AC011444.2	0.04281408
AC011444.3	0
AC011444.4	0.116151116
AC011445.1	0.138401273
AC011445.2	0.280642581
AC011446.1	0
AC011446.2	0
AC011447.1	0
AC011447.2	0
AC011447.3	0.052715707
AC011447.4	0
AC011447.5	0
AC011447.6	0
AC011447.7	0.015267662
AC011448.1	0.368210363
AC011450.1	0.276307451
AC011451.1	1.678311926
AC011451.2	0
AC011452.1	0
AC011453.1	0.021684308
AC011453.2	0
AC011455.1	0
AC011455.2	0
AC011456.1	0
AC011458.1	0
AC011458.2	0
AC011461.1	0.475991828
AC011462.1	0.041320142
AC011462.2	0
AC011462.3	0
AC011462.4	0.594724756
AC011465.1	0.074010924
AC011466.1	0.128669169
AC011466.2	0
AC011466.3	0.024059052
AC011466.4	0.015040634
AC011467.1	0
AC011467.2	0
AC011467.3	0
AC011467.4	0
AC011467.5	0
AC011467.6	0
AC011468.1	0.287710616
AC011468.2	0
AC011468.3	0.073119227
AC011468.4	0.237414017
AC011468.5	0.389447859
AC011471.1	0
AC011471.2	0
AC011471.3	0
AC011472.1	0.213317954
AC011472.2	0.212632846
AC011472.3	0
AC011472.4	0.148323319
AC011472.5	0
AC011473.1	0
AC011473.2	0
AC011473.3	0.050052749
AC011473.4	0.326521037
AC011474.1	0
AC011474.2	0
AC011474.3	0
AC011474.4	0
AC011475.1	0
AC011476.1	0
AC011476.2	0
AC011476.3	0.247349465
AC011476.5	0
AC011477.1	0.349436846
AC011477.2	0.527157073
AC011477.3	0.240948717
AC011477.4	0.039861385
AC011477.5	0
AC011477.6	0
AC011477.7	0
AC011478.1	0
AC011479.1	0.08892155
AC011479.2	0.224773919
AC011479.3	0.012844224
AC011481.1	0.134490766
AC011481.2	0
AC011481.3	0.0173583
AC011483.1	0.045290267
AC011483.2	0
AC011483.3	0
AC011484.1	0
AC011487.1	0
AC011487.2	0
AC011487.3	0.214353936
AC011487.4	0
AC011491.1	0.04214511
AC011491.2	0
AC011491.3	0
AC011492.1	0
AC011494.1	0
AC011495.1	0.78978781
AC011495.2	0
AC011495.3	0
AC011497.1	0
AC011497.2	1.633568198
AC011498.1	0.203021604
AC011498.2	0
AC011498.3	0.085327182
AC011498.4	0
AC011498.5	0
AC011498.6	0.428392645
AC011498.7	0.227546167
AC011499.1	0.08356483
AC011500.1	0
AC011500.2	0
AC011500.3	0
AC011503.1	0
AC011503.2	0.097102333
AC011504.1	0
AC011506.1	0.119388114
AC011507.1	0
AC011509.1	0
AC011509.2	0
AC011510.1	0.084879662
AC011511.1	0.034845335
AC011511.2	0.02644399
AC011511.3	0
AC011511.4	0.013121937
AC011511.5	0.143285518
AC011516.1	0
AC011518.1	0
AC011523.1	0
AC011524.1	0
AC011524.2	0
AC011525.1	0.004276882
AC011525.2	0
AC011530.1	0
AC011551.1	0
AC011558.1	0
AC011586.1	0
AC011591.1	0
AC011592.1	0
AC011595.1	0
AC011595.2	0.115232199
AC011601.1	0
AC011602.1	0
AC011603.1	0
AC011603.2	0.059498978
AC011603.3	0
AC011603.4	0
AC011604.1	0
AC011604.2	0
AC011611.1	0
AC011611.2	0.135617783
AC011611.3	0.255981545
AC011611.4	0
AC011611.5	0
AC011611.6	0
AC011625.1	0.092302598
AC011626.1	0
AC011632.1	0.006722676
AC011632.2	0
AC011676.1	0.12229513
AC011676.2	0
AC011676.3	0
AC011676.4	0
AC011676.5	0.018252318
AC011700.1	0.046204003
AC011712.1	0.207483617
AC011718.1	0
AC011726.1	0.036286373
AC011726.2	0
AC011726.3	0
AC011731.1	0.124810196
AC011742.1	0
AC011742.2	0.206894175
AC011742.3	0.947339833
AC011747.1	0
AC011747.2	0.02343203
AC011752.1	0
AC011753.1	0
AC011753.2	0
AC011753.3	0
AC011753.4	0.546395764
AC011754.1	0
AC011755.1	0.023695054
AC011767.1	0
AC011773.1	0
AC011773.2	0
AC011773.3	0.019327694
AC011773.4	0.078816829
AC011815.1	0.132956184
AC011815.2	0.024023338
AC011815.3	0.102645172
AC011816.1	0.044460775
AC011816.2	0
AC011824.1	0
AC011824.2	0.018335033
AC011824.3	0
AC011824.4	0
AC011825.1	0.125131872
AC011825.2	0.087795961
AC011825.3	0
AC011825.4	0.153967758
AC011840.1	0
AC011840.2	0
AC011840.3	0
AC011840.4	0
AC011840.5	0
AC011840.6	0.039796038
AC011853.1	0
AC011853.2	0
AC011890.1	0
AC011890.2	0
AC011891.1	0
AC011891.2	0
AC011893.1	0.02607474
AC011894.1	0
AC011897.1	0
AC011899.1	0
AC011899.2	0.135385063
AC011899.3	0.23606726
AC011900.1	0
AC011904.1	0
AC011912.1	0.025030675
AC011921.1	0.135240018
AC011921.2	0
AC011921.3	0
AC011933.1	0.378124349
AC011933.2	0
AC011933.3	0.065256944
AC011933.4	0
AC011939.1	0.075546421
AC011939.2	0.170155957
AC011939.3	0
AC011944.1	0.051106491
AC011944.2	0
AC011978.1	0
AC011978.2	0.165461619
AC011979.1	0.402080053
AC011979.2	0
AC011990.1	0
AC011995.1	0
AC011995.2	0
AC011997.1	0.141137112
AC011998.1	0
AC011998.2	0
AC011998.3	0
AC011999.1	0
AC012005.1	0.059792077
AC012020.1	0.04214511
AC012038.1	0
AC012038.2	0
AC012044.1	0
AC012048.1	0
AC012050.1	0
AC012055.1	0
AC012055.2	0
AC012065.1	0
AC012065.2	0
AC012065.3	0.110594912
AC012065.4	0
AC012065.5	0.766093356
AC012066.1	0.10493768
AC012070.1	0
AC012073.1	1.073559186
AC012074.1	0.107354707
AC012075.1	0
AC012078.1	0
AC012081.1	0
AC012085.1	0.22212952
AC012085.2	0.012455404
AC012087.1	0
AC012100.1	0
AC012100.2	0
AC012100.3	0
AC012103.1	0
AC012119.1	0.109349474
AC012123.1	0
AC012123.2	0
AC012146.1	0.895510049
AC012146.2	0
AC012146.3	0
AC012146.4	0
AC012150.1	0
AC012150.2	0
AC012157.1	0
AC012158.1	0
AC012170.1	0.270480036
AC012170.2	0.473137304
AC012170.3	0.408679852
AC012173.1	0.056454845
AC012174.1	0.373993579
AC012175.1	0
AC012181.1	1.007141507
AC012181.2	0.444311839
AC012182.1	0
AC012183.1	0
AC012184.1	0
AC012184.2	0
AC012184.3	0.160978669
AC012186.1	0
AC012186.2	0.378124349
AC012186.3	0
AC012213.1	0.097199532
AC012213.2	0.010561489
AC012213.3	0.031242707
AC012213.4	0.274300375
AC012229.1	0
AC012236.1	1.009541209
AC012254.1	0
AC012254.2	0
AC012254.3	0.011466974
AC012254.4	0
AC012254.5	0.050785739
AC012291.1	0
AC012301.1	0
AC012306.1	0.212943712
AC012306.2	1.07891481
AC012307.1	0
AC012308.1	0.136379681
AC012309.1	0
AC012309.2	0.076099007
AC012312.1	0
AC012313.1	1.349827571
AC012313.10	0.078646598
AC012313.2	0.10518017
AC012313.3	0.035088774
AC012313.4	0.392332658
AC012313.5	0.154314395
AC012313.6	0.122914345
AC012313.7	0
AC012313.8	0.053925768
AC012313.9	0.383500525
AC012314.10	0
AC012317.1	0
AC012317.2	0.010784355
AC012321.1	0
AC012322.1	0
AC012339.1	0
AC012339.2	0
AC012349.1	0.015773608
AC012354.1	0.045205928
AC012354.2	0.052658532
AC012354.3	0
AC012355.1	0
AC012358.1	0.053003457
AC012358.2	0.237000115
AC012358.3	0.163851226
AC012360.1	0.288137486
AC012360.2	0.310429453
AC012360.3	0.13373038
AC012361.1	0
AC012362.1	0.032849233
AC012363.1	0
AC012363.2	0.04373979
AC012366.1	0
AC012368.1	0.366162486
AC012368.2	0.173397023
AC012368.3	0.665084472
AC012370.1	0
AC012370.2	0
AC012377.1	0.005016653
AC012378.1	0
AC012379.1	0
AC012379.2	0
AC012400.1	0
AC012404.1	0
AC012404.2	0.050468988
AC012409.1	0
AC012409.2	0
AC012409.3	0
AC012409.4	0.097492302
AC012409.5	0
AC012413.1	0
AC012414.1	0
AC012414.2	0
AC012414.3	0
AC012414.4	0
AC012414.5	0
AC012414.6	0
AC012414.7	0
AC012417.1	0
AC012433.1	0
AC012435.1	0.071715165
AC012435.2	0
AC012441.1	0
AC012441.2	0
AC012442.1	0.183558285
AC012442.2	0.114238039
AC012443.1	0
AC012445.1	0
AC012447.1	0.462731058
AC012451.1	0
AC012454.1	0
AC012456.1	0
AC012456.2	0.129815953
AC012462.1	0
AC012462.2	0
AC012462.3	0
AC012464.1	0.179819135
AC012464.2	0.124649978
AC012464.3	0.017508535
AC012467.1	0
AC012467.2	0.545096332
AC012468.1	0
AC012485.1	0.01248102
AC012485.2	0
AC012486.1	0
AC012488.1	0
AC012491.1	0
AC012493.1	0.031941557
AC012493.2	0
AC012493.3	0
AC012494.1	0
AC012497.1	0
AC012498.1	0.444404269
AC012498.2	5.612097196
AC012499.1	0
AC012501.1	0.024670308
AC012501.2	0.227405932
AC012506.1	0
AC012506.2	0
AC012506.3	0.027214779
AC012506.4	0
AC012507.1	0
AC012507.2	0
AC012507.3	0
AC012508.1	0
AC012508.2	0
AC012510.1	0.54372189
AC012511.1	0.108131774
AC012512.1	0
AC012513.1	0
AC012513.2	0.021350557
AC012513.3	0.229447857
AC012519.1	0.079592076
AC012531.1	0.036232214
AC012531.2	0.017477022
AC012531.3	0
AC012531.4	0
AC012531.5	0
AC012555.1	0.072034372
AC012555.2	0
AC012557.1	0.079461811
AC012557.2	0.058075558
AC012558.1	0
AC012568.1	0
AC012569.1	0
AC012572.1	0
AC012574.1	0
AC012574.2	0
AC012588.1	0
AC012593.1	0.00561415
AC012594.1	0
AC012603.1	0.091952967
AC012613.1	0
AC012613.2	0
AC012615.1	2.205172302
AC012615.2	0
AC012615.3	0
AC012615.4	0.039992724
AC012615.5	0
AC012615.6	0.257198518
AC012616.1	0
AC012617.1	0.018156756
AC012618.1	0.294606592
AC012618.2	0.114372595
AC012618.3	0.016002362
AC012625.1	0.077681866
AC012629.1	0
AC012629.2	0
AC012629.3	0
AC012629.4	0
AC012636.1	0.030034746
AC012640.1	0.035284278
AC012640.2	3.745067777
AC012640.3	0
AC012640.4	0.066638856
AC012640.5	0.76099007
AC012645.1	0.882748481
AC012645.2	0.043897981
AC012645.3	0.119731607
AC012645.4	0.068639726
AC012651.1	0.046783779
AC012653.1	0
AC012653.2	0
AC012668.1	0
AC012668.2	0
AC012668.3	0
AC012669.1	0
AC012671.1	0.119584154
AC012676.1	0.174375662
AC012676.2	0.130513888
AC012676.3	0.405437716
AC012676.4	0.041710624
AC012676.5	0.149006137
AC013244.1	0.125780224
AC013244.2	0
AC013244.3	0
AC013248.1	0
AC013262.1	0
AC013264.1	0.800293952
AC013267.1	0
AC013268.1	0
AC013268.2	0
AC013268.3	0
AC013269.1	0
AC013269.2	0
AC013270.1	0.16551534
AC013275.1	0.046482687
AC013286.1	0
AC013290.1	0
AC013355.1	0.100728561
AC013356.1	0.344334514
AC013356.2	0
AC013356.3	0.083135559
AC013356.4	0
AC013391.1	0
AC013391.2	0
AC013391.3	0.033345581
AC013394.1	0.082046754
AC013399.1	0
AC013400.1	0.089084709
AC013401.1	0
AC013402.1	0
AC013402.2	0
AC013402.3	0
AC013403.1	0
AC013403.2	0.30344479
AC013404.1	0.097492302
AC013410.1	0
AC013410.2	0
AC013412.1	0
AC013417.1	0
AC013429.1	0
AC013429.2	0
AC013436.1	0
AC013437.1	0
AC013439.1	0.078371536
AC013442.1	0
AC013444.1	0
AC013444.2	0.030845722
AC013448.1	0
AC013448.2	0
AC013451.1	0
AC013451.2	0.033857159
AC013452.1	0
AC013452.2	0.065344773
AC013457.1	0.048022914
AC013460.1	0.007494777
AC013467.1	0
AC013467.2	0
AC013468.1	0.202973104
AC013470.1	0
AC013470.2	0.175910023
AC013470.3	0.020331309
AC013470.4	0
AC013472.1	0.047357751
AC013472.2	0
AC013472.3	0.036837
AC013474.1	0.030382457
AC013476.1	0.090411856
AC013476.2	0
AC013480.1	0
AC013488.1	0
AC013489.1	0.061769932
AC013489.2	0
AC013489.3	0
AC013509.1	0
AC013546.1	0
AC013549.1	0.085779446
AC013549.2	0
AC013549.3	0
AC013553.1	0
AC013553.2	0
AC013553.3	0.039472493
AC013553.4	0.117084807
AC013562.1	0
AC013562.2	0
AC013564.1	0
AC013565.1	0.081325237
AC013565.2	0
AC013565.3	0.037695005
AC013640.1	0
AC013643.1	0
AC013643.2	0
AC013643.3	0
AC013644.1	0
AC013652.1	0.396855617
AC013652.2	0
AC013701.1	0.052205555
AC013714.1	0
AC013724.1	0
AC013726.1	0
AC013727.1	0
AC013727.2	0
AC013731.1	0.494859001
AC013733.1	0
AC013733.2	0
AC013734.1	0
AC013762.1	0
AC013791.1	0
AC013799.1	0
AC013828.1	0
AC015468.1	0
AC015468.2	0
AC015468.3	0
AC015468.4	0
AC015522.1	0.113791796
AC015540.1	0
AC015563.1	0
AC015563.2	0
AC015574.1	0
AC015656.1	0.020354038
AC015660.1	0
AC015660.2	0.075156604
AC015660.3	0
AC015660.4	0
AC015660.5	0
AC015674.1	0
AC015688.1	0
AC015688.2	0
AC015688.3	0
AC015688.4	0
AC015688.5	0
AC015688.6	0
AC015688.7	0
AC015689.1	0.577990077
AC015689.2	0
AC015712.1	0.393924271
AC015712.2	0.310950492
AC015712.3	0
AC015712.4	0.020520358
AC015712.5	0
AC015712.6	0.062269649
AC015712.7	0.07645853
AC015720.1	0.087637485
AC015720.2	0
AC015722.1	0
AC015722.2	0.704917117
AC015726.1	0.208672635
AC015726.2	0.397960381
AC015726.3	0
AC015727.1	0
AC015743.1	0.030535325
AC015771.1	0
AC015795.1	0.084436811
AC015799.1	0.031102605
AC015802.1	0.100520013
AC015802.2	0
AC015802.3	0.085177485
AC015802.4	0.146238453
AC015802.5	0
AC015804.1	0
AC015813.1	0.542984484
AC015813.2	0.034142874
AC015813.3	0
AC015813.4	0
AC015813.5	0.609294691
AC015813.6	1.157771445
AC015813.7	0
AC015818.1	0
AC015818.2	0.144497519
AC015818.3	0.032849233
AC015818.4	0
AC015818.5	0
AC015818.6	0
AC015818.7	0
AC015818.8	0
AC015818.9	0
AC015819.1	0.256303292
AC015819.2	0.524877475
AC015819.3	0
AC015845.1	0
AC015845.2	0.118997957
AC015849.1	0.064306181
AC015849.2	0
AC015849.3	0.447705428
AC015849.4	0.115323436
AC015849.5	0.0168903
AC015849.6	0.153642932
AC015853.1	0.287042369
AC015853.2	0
AC015853.3	0
AC015871.1	0.044913197
AC015871.2	0
AC015871.3	0.4831496
AC015871.4	0
AC015871.5	0
AC015878.1	0
AC015878.2	0
AC015883.1	0.222389624
AC015908.1	0
AC015908.2	0.12545521
AC015908.3	0.051595288
AC015908.4	0
AC015908.5	0
AC015909.1	0.057867898
AC015909.2	0.088758988
AC015909.3	0
AC015909.4	0
AC015909.5	0.032138901
AC015910.1	0.018760111
AC015911.1	0.311225426
AC015911.2	0
AC015911.3	0.371710933
AC015911.4	0.068062383
AC015911.5	0
AC015911.6	0
AC015911.7	0.329418144
AC015911.8	0.173397023
AC015911.9	0
AC015912.1	0
AC015912.2	0
AC015912.3	2.720539499
AC015914.1	0
AC015914.2	0
AC015917.1	0
AC015917.2	0.393924271
AC015920.1	0
AC015921.1	0.038139172
AC015922.1	0
AC015922.2	0
AC015922.3	3.917673372
AC015922.4	3.588564476
AC015923.1	0.037005462
AC015936.1	0
AC015936.2	0
AC015959.1	0
AC015961.1	0
AC015961.2	0.1038898
AC015967.1	0
AC015967.2	0
AC015969.1	0
AC015971.1	0.025463898
AC015977.1	0
AC015977.2	0
AC015982.1	1.357344438
AC015983.1	0.130163985
AC015983.2	0.05143132
AC015987.1	0.090580534
AC016026.1	0.016826883
AC016027.1	0.336708313
AC016027.2	0.019474997
AC016027.3	0
AC016027.4	0
AC016027.5	0
AC016044.1	0.084879662
AC016065.1	1.423108491
AC016065.2	0
AC016074.1	0
AC016134.1	0.034239186
AC016144.1	0
AC016152.1	0
AC016168.1	0
AC016168.2	0
AC016168.3	0
AC016180.1	0
AC016182.1	0.041710624
AC016205.1	1.535766587
AC016229.1	0
AC016229.2	0.116429656
AC016245.1	0.015153298
AC016251.1	0
AC016251.2	0
AC016252.1	0.102428621
AC016256.1	0.068575094
AC016257.1	0.037871425
AC016266.1	0
AC016292.1	0
AC016292.2	0
AC016304.1	0.176335956
AC016355.1	0.205859479
AC016382.1	0
AC016383.1	0
AC016394.1	2.272607791
AC016394.2	0.783899041
AC016395.1	0
AC016396.1	0
AC016396.2	0
AC016397.1	0.100312327
AC016397.2	0.012229513
AC016405.1	0
AC016405.2	0.077806356
AC016405.3	0.084682267
AC016493.1	0
AC016526.1	0
AC016526.2	0.093367628
AC016526.3	0
AC016542.1	0.049240534
AC016542.2	0
AC016542.3	0.078434841
AC016546.1	0.104862131
AC016550.1	0
AC016550.2	0.041782415
AC016550.3	0
AC016553.1	0
AC016556.1	0
AC016559.1	0
AC016559.2	0
AC016573.1	0.090076376
AC016575.1	0.063548647
AC016576.1	0
AC016582.1	0.022189747
AC016582.2	0.152570006
AC016582.3	0.305240322
AC016583.1	0
AC016586.1	0.035490619
AC016588.1	0
AC016590.1	0.017458168
AC016590.2	0
AC016590.3	0.128953961
AC016595.1	0
AC016596.1	0.074237258
AC016596.2	16.18372215
AC016597.1	0
AC016597.2	0
AC016598.1	0
AC016598.2	0
AC016612.1	0
AC016629.1	0
AC016629.2	0
AC016632.1	0
AC016642.1	0.592087396
AC016644.1	0.055934524
AC016650.1	0
AC016651.1	0
AC016683.1	0.045205928
AC016687.1	0.068769358
AC016687.2	0
AC016687.3	0
AC016691.1	0.058778652
AC016694.1	0
AC016696.1	0
AC016700.1	0
AC016700.2	2.178577981
AC016700.3	0
AC016705.1	0
AC016705.2	0.31804998
AC016708.1	0.080611519
AC016710.1	0
AC016712.1	0.321105598
AC016716.1	0.171437735
AC016716.2	0
AC016717.1	0
AC016717.2	0.047219574
AC016717.3	0
AC016722.1	0
AC016722.2	0.066146003
AC016722.3	0.019712207
AC016723.1	0.157975596
AC016724.1	0
AC016727.1	1.014059004
AC016727.2	0
AC016730.1	0
AC016734.1	0.59389806
AC016734.2	0
AC016735.1	0.102428621
AC016735.2	0
AC016737.1	0.181839575
AC016737.2	0
AC016738.1	0.020897202
AC016738.2	0
AC016739.1	14.77644196
AC016745.1	0
AC016745.2	0.007050707
AC016746.1	0.029212495
AC016747.1	0.780816443
AC016747.2	0.054922134
AC016747.3	0
AC016747.4	0
AC016751.1	0.079331971
AC016751.2	0
AC016757.1	0.041768037
AC016766.1	0
AC016769.1	0.072105693
AC016769.2	0
AC016769.3	0
AC016769.4	0
AC016772.1	0
AC016773.1	0.363225684
AC016813.1	0
AC016820.1	0
AC016822.1	0
AC016825.1	0.031202549
AC016831.1	0.055013408
AC016831.2	0
AC016831.3	0
AC016831.4	0
AC016831.5	0
AC016831.6	0.032004724
AC016866.1	0.221022002
AC016866.2	0
AC016866.3	0
AC016868.1	0
AC016876.1	3.16638042
AC016876.2	0.372541095
AC016876.3	0
AC016877.1	0
AC016877.2	0
AC016877.3	0.144497519
AC016885.1	0
AC016885.2	0
AC016885.3	0
AC016888.1	8.764989339
AC016894.1	0.390282688
AC016903.1	0
AC016903.2	0
AC016907.1	0
AC016907.2	0.028776177
AC016908.1	0
AC016909.1	0
AC016909.2	0
AC016910.1	0
AC016911.1	0
AC016912.1	0
AC016924.1	0
AC016925.1	0.081461689
AC016925.2	0
AC016930.1	0
AC016933.1	0
AC016949.1	0.085900861
AC016954.1	0
AC016956.1	0
AC016957.1	0
AC016957.2	0.343522404
AC016968.1	0
AC016987.1	0
AC016987.2	0
AC016991.1	0
AC016993.1	0
AC016994.1	0
AC016999.1	0
AC016999.2	0
AC017002.1	0.027554578
AC017002.2	0.091952967
AC017002.3	0.573438974
AC017002.4	0
AC017002.5	0
AC017006.1	0.400146976
AC017006.2	0
AC017007.1	0
AC017007.2	0.018659172
AC017007.3	0.055805938
AC017007.4	0
AC017007.5	0
AC017013.1	0
AC017015.1	0
AC017015.2	0.064562721
AC017019.1	0
AC017033.1	0.137150188
AC017035.1	0
AC017037.1	0
AC017037.2	0
AC017037.3	0
AC017037.4	0
AC017048.1	0
AC017048.2	0
AC017048.3	0.029859266
AC017053.1	0
AC017067.1	0
AC017071.1	0
AC017074.1	0.216359922
AC017074.2	0
AC017076.1	0
AC017078.1	0
AC017079.1	0
AC017079.2	0.150158247
AC017081.1	0
AC017083.1	0.322351973
AC017083.2	0
AC017083.3	0.007150393
AC017091.1	0
AC017099.1	0
AC017100.1	1.183668301
AC017100.2	0
AC017101.1	0.042514156
AC017104.1	0.243211854
AC017104.2	0
AC017104.3	0
AC017116.1	0
AC018358.1	0
AC018359.1	0
AC018362.1	0
AC018362.2	0
AC018371.1	0
AC018371.2	0.079766429
AC018410.1	0.090580534
AC018410.2	0
AC018413.1	0.819061315
AC018437.1	0.059792077
AC018437.2	0
AC018442.1	0
AC018442.2	0.03746232
AC018442.3	0
AC018445.1	0
AC018445.2	0
AC018445.3	0
AC018445.4	0.010596064
AC018448.1	0
AC018448.2	0
AC018450.1	0.097622989
AC018450.2	0
AC018462.1	0.039665986
AC018462.2	0
AC018463.1	0
AC018464.1	0
AC018467.1	0
AC018470.1	0
AC018475.1	0.78308333
AC018495.1	0
AC018511.1	0
AC018511.2	0
AC018512.1	0
AC018521.1	0
AC018521.2	0
AC018521.3	0
AC018521.4	0
AC018521.5	0.311515884
AC018521.6	0.434786565
AC018521.7	0
AC018523.1	0.331892739
AC018523.2	0.039763445
AC018529.1	0.201736149
AC018529.2	0.116522799
AC018529.3	0.010770001
AC018541.1	0
AC018552.1	0
AC018552.2	0.060387023
AC018552.3	0.087322242
AC018553.1	1.065594874
AC018554.1	0
AC018554.2	0
AC018554.3	0.023660412
AC018557.1	0
AC018557.2	0.045290267
AC018558.1	0
AC018558.2	0
AC018558.3	0
AC018558.4	0
AC018563.1	0
AC018607.1	0
AC018616.1	0
AC018618.1	0
AC018618.2	0
AC018620.1	0
AC018628.1	0.190695862
AC018629.1	2.83867707
AC018630.1	0
AC018630.2	0.045010352
AC018634.1	0
AC018635.1	0
AC018635.2	0
AC018638.1	1.103435601
AC018638.2	2.891384602
AC018638.3	0.367811867
AC018638.4	2.174247888
AC018638.5	2.382484295
AC018638.6	0.09579946
AC018638.7	0.283287775
AC018638.8	0.691119807
AC018639.1	0.054922134
AC018641.1	0.335466602
AC018643.1	0
AC018644.1	0.132171959
AC018645.1	0
AC018645.2	2.160115456
AC018647.1	0.034082953
AC018647.2	1.502774199
AC018648.1	0.072681387
AC018653.1	0
AC018653.2	0
AC018653.3	0.391209568
AC018659.1	0
AC018659.2	0
AC018665.1	0.534704476
AC018680.1	0
AC018682.1	0.175794217
AC018682.2	0
AC018685.1	0
AC018685.2	0
AC018690.1	0.310231095
AC018692.1	0
AC018692.2	0
AC018692.3	0
AC018693.1	0
AC018693.2	0
AC018695.1	0.036559613
AC018695.2	0
AC018695.3	0
AC018695.4	0.211398402
AC018695.5	0
AC018695.6	0.318219256
AC018695.7	0
AC018697.1	0
AC018709.1	0
AC018710.1	0
AC018712.1	0
AC018714.1	0
AC018716.1	0.086543969
AC018716.2	0.841279357
AC018717.1	0
AC018730.1	0
AC018730.2	0
AC018731.1	0.04214511
AC018735.1	0.016162173
AC018737.1	0
AC018737.2	0
AC018738.1	15.8369281
AC018742.1	0
AC018752.1	0
AC018755.1	0
AC018755.2	0
AC018755.3	0
AC018755.4	0.534704476
AC018761.1	0
AC018761.2	0
AC018761.3	0.125131872
AC018761.4	0
AC018765.1	0
AC018766.1	0.200624655
AC018767.1	0
AC018767.2	0
AC018767.3	0
AC018781.1	0.174465177
AC018797.1	0
AC018797.2	0.934733669
AC018797.3	0.039122616
AC018804.1	0.157123516
AC018809.1	0.043897981
AC018809.2	0.133347436
AC018814.1	0
AC018816.1	0.194049426
AC018816.2	0
AC018832.1	0
AC018845.1	0
AC018845.2	0
AC018845.3	0.047045704
AC018846.1	0
AC018861.1	0
AC018861.2	0
AC018865.1	0
AC018865.2	0
AC018866.1	0.041006053
AC018868.1	0.539457405
AC018868.2	0.057844916
AC018878.1	0
AC018880.1	0
AC018880.2	0
AC018889.1	0
AC018892.1	0
AC018892.2	0
AC018892.3	0
AC018904.1	0.537466787
AC018904.2	0
AC018926.1	0.055805938
AC018926.2	0.828684568
AC018926.3	0.239168308
AC018943.1	0
AC018946.1	0.053003457
AC018946.2	0.013114848
AC018953.1	0
AC018980.1	0
AC018992.1	0.022592446
AC019055.1	0
AC019064.1	0
AC019068.1	0.021771824
AC019069.1	1.402265497
AC019070.1	0
AC019072.1	0
AC019077.1	0.12229513
AC019080.1	1.445499098
AC019080.2	0
AC019080.3	0.437397896
AC019080.4	3.830721465
AC019080.5	0.128272567
AC019084.1	0
AC019097.1	0.066056009
AC019103.1	0
AC019109.1	0
AC019117.1	0.406399273
AC019117.2	0.116012345
AC019118.1	0.055805938
AC019118.2	0
AC019129.1	0
AC019129.2	0
AC019130.1	0
AC019131.1	0
AC019131.2	0.167417815
AC019133.1	0
AC019155.1	0.084583914
AC019155.2	0
AC019155.3	0.242755832
AC019159.1	0
AC019163.1	0
AC019171.1	0.114941208
AC019176.1	0
AC019176.2	0
AC019178.1	0
AC019178.2	0
AC019181.1	0.78308333
AC019183.1	0
AC019185.1	0
AC019185.2	0
AC019185.3	0
AC019186.1	0.178169418
AC019193.1	0
AC019193.2	0
AC019193.3	0
AC019197.1	2.624605637
AC019205.1	0.328048422
AC019206.1	0
AC019209.1	0
AC019209.2	0
AC019209.3	0
AC019211.1	0.032195734
AC019226.1	0.047137055
AC019226.2	0
AC019227.1	0
AC019235.1	0
AC019254.1	0.223004045
AC019254.2	0
AC019257.1	0.120774046
AC019257.2	0.146532695
AC019270.1	0
AC019278.1	0
AC019288.1	0
AC019294.1	0
AC019294.2	0.039012589
AC019294.3	0
AC019322.1	0
AC019322.2	0
AC019322.3	0
AC019322.4	0
AC019330.1	0
AC019349.1	0
AC020549.1	0
AC020549.2	0
AC020550.1	0.148929958
AC020551.1	0.090076376
AC020558.1	0.114238039
AC020558.2	0.122141299
AC020558.3	0.0142546
AC020559.1	0
AC020571.1	1.087642808
AC020593.1	0
AC020594.1	0.287285008
AC020595.1	0
AC020604.1	0.076298323
AC020611.1	0
AC020611.2	0
AC020612.1	0.044871688
AC020612.2	0
AC020612.3	0
AC020629.1	0.073562373
AC020633.1	0.010803553
AC020634.1	0
AC020636.1	0
AC020636.2	0
AC020637.1	0
AC020651.1	0
AC020656.1	0
AC020656.2	0
AC020658.1	0.025880153
AC020658.2	0.006038702
AC020658.3	0
AC020658.4	0
AC020658.5	0.109844268
AC020658.6	0.012981595
AC020658.7	0
AC020659.1	0.026581531
AC020659.2	0.024796306
AC020661.1	0.168580439
AC020661.2	0
AC020661.3	0
AC020661.4	0
AC020663.1	0
AC020663.2	0.337160878
AC020663.3	0.066752291
AC020687.1	0
AC020688.1	0
AC020699.1	0
AC020703.1	0.04659421
AC020704.1	0
AC020718.1	0
AC020719.1	0
AC020728.1	0
AC020741.1	0
AC020743.1	0
AC020743.2	0
AC020743.3	0
AC020763.1	0.04405732
AC020763.2	0
AC020763.3	0.016718721
AC020763.4	0.046571862
AC020763.5	0
AC020765.1	0
AC020765.2	1.348643512
AC020765.3	0
AC020765.4	0.182066874
AC020779.1	0
AC020779.2	0
AC020891.1	0
AC020891.2	0.125131872
AC020891.3	0.13374977
AC020891.4	0
AC020892.1	0
AC020892.2	0
AC020893.1	0.041854454
AC020893.2	0.067152374
AC020895.1	0
AC020895.2	0
AC020897.1	0
AC020898.1	6.909441729
AC020899.1	0.524223558
AC020900.1	0.042965634
AC020904.1	0.03329984
AC020904.2	0.279672618
AC020904.3	0
AC020905.1	0
AC020907.1	2.229757273
AC020907.2	0
AC020907.3	0.085931268
AC020907.4	0.369210391
AC020907.5	0.012539041
AC020908.1	0
AC020908.2	0
AC020908.3	0
AC020909.1	0
AC020909.2	0
AC020909.3	0
AC020910.1	0
AC020910.2	0.039796038
AC020910.3	0
AC020910.4	1.258733945
AC020910.5	0.429541151
AC020910.6	0
AC020911.1	0.041999279
AC020911.2	0
AC020913.1	0
AC020913.2	0.077187864
AC020913.3	0
AC020914.1	0
AC020914.2	0
AC020914.3	0
AC020915.1	0.03445789
AC020915.2	0.132412272
AC020915.3	0.609578899
AC020915.4	0
AC020916.1	19.36299338
AC020916.2	0.269728702
AC020917.1	0.190290126
AC020917.2	0.181612842
AC020917.3	0
AC020917.4	0.242877271
AC020922.1	0.007938386
AC020922.2	0
AC020922.3	0.133138482
AC020922.4	0
AC020923.1	0
AC020928.1	0.03223849
AC020928.2	0.011841748
AC020928.3	0
AC020931.1	0
AC020934.1	2.168049381
AC020934.2	0
AC020937.1	0
AC020951.1	0
AC020978.1	0.056718652
AC020978.2	0
AC020978.3	0.105546014
AC020978.4	0.273271106
AC020978.5	0
AC020978.6	0
AC020978.7	0.056230669
AC020978.8	0
AC020978.9	0.053865939
AC020980.1	0
AC020983.1	0.044706415
AC021001.1	0.049190645
AC021006.1	0
AC021006.2	0
AC021006.3	0
AC021016.1	0.243730755
AC021016.2	0.379305988
AC021016.3	0
AC021028.1	1.05546014
AC021035.1	0
AC021054.1	2.943328503
AC021066.1	0.037520221
AC021074.1	0.958751312
AC021074.2	0
AC021074.3	0.011784264
AC021078.1	2.108231521
AC021086.1	0.070856927
AC021087.1	0.093009897
AC021087.2	0.040358409
AC021087.3	0.06740877
AC021087.4	0.086083628
AC021088.1	0
AC021092.1	0.013919486
AC021097.1	0
AC021106.1	0.413006142
AC021106.2	0.034190962
AC021106.3	0.091433458
AC021127.1	0
AC021146.1	0
AC021146.10	0
AC021146.11	0
AC021146.12	0.050892208
AC021146.2	0
AC021146.3	0.093367628
AC021146.4	0
AC021146.5	0
AC021146.6	0
AC021146.7	0
AC021146.8	0
AC021146.9	0
AC021148.1	0.014703563
AC021151.1	0
AC021171.1	0.103154036
AC021171.2	0
AC021180.1	0
AC021188.1	0.262438737
AC021192.1	0
AC021193.1	0
AC021205.1	0
AC021205.2	0
AC021205.3	0.014204554
AC021218.1	0
AC021220.1	0
AC021224.1	0.169957409
AC021231.1	0.018089108
AC021231.2	0
AC021231.3	0
AC021237.1	0
AC021242.1	0
AC021242.2	0
AC021242.3	0.070517308
AC021269.1	0
AC021269.2	0
AC021321.1	0.130865678
AC021351.1	0
AC021355.1	0
AC021382.1	0
AC021393.1	0
AC021422.1	0
AC021439.1	0
AC021443.1	0.230100315
AC021451.1	0
AC021483.1	0
AC021483.2	0.187697808
AC021491.1	0
AC021491.2	0.054798156
AC021491.3	0
AC021491.4	0
AC021504.1	0.796689025
AC021506.1	0
AC021506.2	0
AC021517.1	0
AC021534.1	0
AC021546.1	0
AC021549.1	0.392445918
AC021594.1	0.114507468
AC021594.2	0
AC021613.1	0
AC021646.1	0
AC021660.1	0
AC021660.2	0
AC021678.1	0.025935452
AC021678.2	0
AC021678.3	0
AC021683.1	0
AC021683.2	0
AC021683.3	0.010524857
AC021683.4	0
AC021698.1	0
AC021713.1	0
AC021723.1	0.047137055
AC021733.1	0
AC021733.2	0.048844232
AC021736.1	0
AC021739.1	0
AC021739.2	0.125910701
AC021739.3	0
AC021739.4	0
AC021739.5	0.098281713
AC021744.1	0
AC021749.1	0
AC021752.1	0.009095385
AC021755.1	0
AC021755.2	0
AC021755.3	0
AC021766.1	0
AC021785.1	0.053588484
AC021818.1	0
AC021818.2	0
AC021820.1	0.030044039
AC021851.1	0.157050908
AC021860.1	0.064562721
AC021876.1	0.270480036
AC021915.1	0
AC021915.2	0
AC021945.1	0.014712475
AC021979.1	0
AC021979.2	0
AC022001.1	0
AC022001.2	0
AC022001.3	0
AC022007.1	0.287511842
AC022017.1	0
AC022018.1	1.108014172
AC022022.1	0
AC022022.2	0
AC022028.1	0
AC022028.2	0
AC022031.1	0.009361968
AC022031.2	0.92685005
AC022034.1	0
AC022034.2	1.606846313
AC022034.3	0.203142956
AC022034.4	0.258801527
AC022035.1	0.160765452
AC022039.1	0
AC022069.1	0
AC022075.1	14.26512187
AC022075.2	0.21597494
AC022075.3	0
AC022079.1	0.241949334
AC022079.2	0.085779446
AC022080.1	0.031082693
AC022080.2	0
AC022080.3	0
AC022081.1	0
AC022087.1	0
AC022092.1	0.096331679
AC022098.1	0.327636559
AC022098.2	0
AC022098.3	0.385326718
AC022098.4	0
AC022101.1	0.010717697
AC022106.1	0
AC022106.2	0
AC022107.1	0.392300957
AC022113.1	0.043504629
AC022113.2	0
AC022118.1	0
AC022121.1	0
AC022126.1	0.859674954
AC022133.1	0
AC022137.1	0
AC022137.2	0
AC022140.1	0
AC022140.2	0
AC022144.1	0.29192157
AC022145.1	0
AC022145.2	0
AC022146.1	0
AC022146.2	0.139514846
AC022148.1	0
AC022148.2	0
AC022149.1	0
AC022150.1	0
AC022150.2	0.263865035
AC022150.3	0
AC022150.4	0.102284761
AC022154.1	0.054756955
AC022164.1	0.009081774
AC022165.1	0.122192533
AC022166.1	0
AC022166.2	0
AC022167.1	0
AC022167.2	0.312403418
AC022167.3	0.113702966
AC022167.4	0.048746151
AC022173.1	0
AC022182.1	0
AC022182.2	0.084780849
AC022182.3	0.011202392
AC022188.1	0
AC022196.1	0
AC022201.1	0.042072068
AC022201.2	0
AC022202.1	0
AC022206.1	0.069958453
AC022210.1	0.397960381
AC022211.1	1.320429213
AC022211.2	0.797338111
AC022211.3	1.577912909
AC022211.4	0.044933981
AC022215.1	0.067059622
AC022217.1	0
AC022217.2	0.05143132
AC022217.3	0.068964725
AC022217.4	0
AC022239.1	0
AC022240.1	0
AC022254.1	0
AC022272.1	0
AC022274.1	0
AC022294.1	0
AC022296.1	0.035594697
AC022296.2	0
AC022296.3	0.240948717
AC022306.1	0.233120197
AC022306.2	0.262641549
AC022306.3	0
AC022325.1	0
AC022335.1	0
AC022336.1	0
AC022336.2	0
AC022336.3	0.012223355
AC022360.1	0
AC022364.1	0.640704542
AC022364.2	0
AC022367.1	0
AC022382.1	0.144497519
AC022384.1	0
AC022387.1	0
AC022387.2	0
AC022390.1	1.062755947
AC022392.1	0
AC022395.1	0
AC022398.1	0
AC022400.1	0.490966852
AC022400.2	0
AC022400.3	0.006371544
AC022400.4	0.169759323
AC022400.5	0.183288799
AC022400.6	0.008344993
AC022400.7	2.160448345
AC022400.8	0.182117462
AC022400.9	0
AC022404.1	0.08892155
AC022405.1	0
AC022413.1	0.616757704
AC022415.1	0.272040155
AC022417.1	0.074522128
AC022418.1	0
AC022424.1	0.027306618
AC022424.2	0
AC022431.1	0
AC022432.1	0
AC022441.1	0
AC022441.2	0
AC022441.3	0
AC022445.1	0.059498978
AC022447.1	0
AC022447.2	0
AC022447.3	0
AC022447.4	0
AC022447.5	0
AC022447.6	0
AC022447.7	0
AC022467.1	0
AC022469.1	0
AC022469.2	0
AC022483.1	0
AC022486.1	0
AC022493.1	0
AC022493.2	0
AC022494.1	0.033345581
AC022497.1	0.006576966
AC022498.1	0
AC022498.2	0.021388179
AC022507.1	0
AC022509.1	0.107604536
AC022509.2	0.173645087
AC022509.3	0.176335956
AC022509.4	0
AC022511.1	0
AC022513.1	0
AC022517.1	0
AC022523.1	0
AC022523.2	0
AC022523.3	0
AC022532.1	0.08429022
AC022535.1	0
AC022537.1	0
AC022540.1	0
AC022558.1	0.21388179
AC022558.2	0.032195734
AC022558.3	0.282274223
AC022559.1	0.118417479
AC022568.1	0
AC022596.1	0
AC022601.1	0
AC022613.1	0.026617964
AC022613.2	0.250953651
AC022613.3	0.036070703
AC022616.1	0
AC022616.2	0
AC022616.3	0
AC022616.4	0
AC022616.5	0
AC022616.6	0
AC022616.7	0
AC022616.8	0
AC022634.1	0
AC022634.2	0
AC022639.1	0.030382457
AC022655.1	0
AC022655.2	0
AC022662.1	0
AC022679.1	0
AC022679.2	0
AC022690.1	0
AC022690.2	0
AC022695.1	0
AC022695.2	0
AC022695.3	0
AC022706.1	0.747987158
AC022709.1	0
AC022710.1	0
AC022726.1	0
AC022730.1	0
AC022730.2	0.161121128
AC022730.3	0
AC022730.4	2.328076633
AC022733.1	0.032849233
AC022733.2	0.182866917
AC022743.1	0
AC022748.1	0
AC022748.2	0.009808316
AC022748.3	0
AC022762.1	0
AC022762.2	0.017942042
AC022778.1	0
AC022784.1	0.055487047
AC022784.2	0
AC022784.3	0.158368204
AC022784.4	0
AC022784.5	0
AC022784.6	0
AC022784.7	0.186448412
AC022784.8	0
AC022790.1	0
AC022795.1	0.050574132
AC022796.1	0
AC022809.1	0
AC022816.1	0
AC022819.1	0.086920247
AC022826.1	0
AC022826.2	0
AC022832.1	0
AC022858.1	0
AC022861.1	0
AC022868.1	0.434601234
AC022872.1	0
AC022874.1	0
AC022878.1	0
AC022880.1	0
AC022880.2	0
AC022882.1	0
AC022884.1	0
AC022893.1	0.027360477
AC022893.2	0.022095494
AC022893.3	0.055550534
AC022898.1	0.049441106
AC022898.2	0
AC022903.1	0
AC022905.1	0.071679872
AC022915.1	0.083998558
AC022915.2	0.020468451
AC022915.3	0
AC022916.1	0.301935115
AC022916.2	0
AC022916.3	0
AC022916.4	0
AC022919.1	0
AC022929.1	0
AC022929.2	0
AC022960.1	0.069757423
AC022960.2	0.072899649
AC022960.3	0
AC022966.1	0
AC022968.1	0.27461067
AC022973.1	0
AC022973.2	0
AC022973.3	0
AC022973.4	0.476510903
AC023024.1	0.215574677
AC023024.2	0.280149731
AC023034.1	0.022332643
AC023034.2	0.713987742
AC023043.1	3.188910768
AC023043.2	0
AC023043.3	0.126106926
AC023043.4	0.810988303
AC023050.1	0
AC023050.2	0
AC023050.3	0
AC023050.4	0
AC023051.1	0
AC023051.2	0
AC023055.1	0.04789973
AC023078.1	0
AC023078.2	0
AC023078.3	0
AC023078.4	0
AC023078.5	0
AC023078.6	0
AC023078.7	0
AC023090.1	0
AC023090.2	0
AC023115.1	0
AC023128.1	0
AC023128.2	0
AC023136.1	0
AC023137.1	0
AC023141.1	0
AC023141.10	0
AC023141.11	0
AC023141.12	0
AC023141.13	0
AC023141.2	0
AC023141.3	0
AC023141.4	0
AC023141.5	0
AC023141.6	0
AC023141.7	0
AC023141.8	0
AC023141.9	0
AC023154.1	0.020062465
AC023157.1	0.362322138
AC023157.2	0
AC023157.3	2.639155838
AC023158.1	0.023683496
AC023158.2	0
AC023161.1	0
AC023161.2	0.031122543
AC023162.1	0
AC023194.1	0.078816829
AC023194.2	0
AC023194.3	0
AC023200.1	0
AC023202.1	0.098882213
AC023206.1	0.162923377
AC023232.1	0.34070994
AC023245.1	0
AC023245.2	0
AC023271.1	0.022271177
AC023274.1	0
AC023274.2	0
AC023300.1	0
AC023300.2	0.039665986
AC023300.3	0
AC023301.1	0.066026065
AC023302.1	0.444065547
AC023310.1	0
AC023310.2	0
AC023310.3	0
AC023310.4	0.037347051
AC023347.1	0
AC023347.2	0
AC023355.1	0.123697239
AC023389.1	0.04214511
AC023389.2	0
AC023394.1	0
AC023394.2	0
AC023403.1	0
AC023421.1	0.027199533
AC023421.2	0
AC023424.1	0
AC023424.2	0.218698948
AC023442.1	0
AC023442.2	0
AC023442.3	0
AC023449.1	0.315267315
AC023449.2	0.040459305
AC023469.1	0
AC023469.2	0
AC023481.1	0
AC023490.1	0
AC023490.2	0
AC023490.3	0
AC023509.1	0.139070814
AC023509.2	0
AC023509.3	0.225609509
AC023509.4	1.440873326
AC023509.5	0
AC023510.1	0
AC023510.2	0.097622989
AC023511.1	0.467655719
AC023511.2	0
AC023512.1	0.097296927
AC023513.1	0
AC023538.1	0
AC023575.1	0
AC023590.1	0.165140022
AC023595.1	0
AC023632.1	0.064734889
AC023632.2	0.122124231
AC023632.3	0
AC023632.4	0
AC023632.5	0
AC023632.6	0.524093896
AC023644.1	0.497021639
AC023669.1	0.046327449
AC023669.2	0.406285912
AC023762.1	0
AC023790.1	0.069958453
AC023790.2	0.111124185
AC023794.1	0
AC023794.2	0
AC023794.3	0.13792945
AC023794.4	0
AC023794.5	0.10478669
AC023794.6	0
AC023794.7	0.011254327
AC023796.1	0
AC023796.2	0.322956761
AC023813.1	0
AC023813.2	0
AC023813.3	0.045038188
AC023813.4	0
AC023818.1	0.115899052
AC023824.1	0
AC023824.2	0
AC023824.3	0.057707409
AC023824.4	0
AC023824.5	0
AC023824.6	0
AC023825.1	0
AC023825.2	0.108373139
AC023827.1	0
AC023830.1	0
AC023830.2	0
AC023830.3	0.050052749
AC023855.1	0.067620009
AC023866.1	0
AC023866.2	0
AC023886.1	0
AC023886.2	1.712875702
AC023905.1	0.032782692
AC023906.1	0.160765452
AC023906.2	1.471247468
AC023906.3	0
AC023906.4	0.031567729
AC023906.5	0.267604854
AC023908.1	0
AC023908.2	0
AC023908.3	0.095604529
AC023932.1	0
AC023932.2	0
AC023934.1	0
AC023946.1	0
AC023968.1	0
AC023968.2	0
AC023983.1	0
AC023983.2	0.043194988
AC024022.1	0
AC024023.1	0
AC024028.1	0
AC024060.1	1.031957991
AC024067.1	0
AC024075.1	0.400146976
AC024075.2	0.906420283
AC024075.3	0.31881629
AC024082.1	0
AC024082.2	0.101998249
AC024084.1	1.067058603
AC024085.1	0.05619348
AC024132.1	0
AC024132.2	0
AC024132.3	0
AC024145.1	0.031323333
AC024153.1	0
AC024224.1	0
AC024224.2	0
AC024230.1	0
AC024243.1	0
AC024255.1	0
AC024257.1	0
AC024257.2	0.165140022
AC024257.3	0.013319936
AC024257.4	0
AC024257.5	0
AC024267.1	0
AC024267.2	0
AC024267.3	0.129584964
AC024267.4	0
AC024267.5	0.04052685
AC024267.6	0
AC024270.1	0
AC024270.2	0
AC024270.3	0
AC024270.4	0.057661718
AC024288.1	0
AC024293.1	34.85349799
AC024337.1	0
AC024337.2	0.052074901
AC024341.1	0
AC024361.1	0.07562487
AC024361.2	0.162197661
AC024361.3	0.291598597
AC024382.1	0
AC024405.1	0
AC024405.2	0
AC024451.1	0.062324989
AC024451.2	0.241003082
AC024451.3	0.052431065
AC024451.4	0.032281361
AC024475.1	0
AC024475.2	0
AC024475.3	0
AC024475.4	0
AC024558.1	0.2758589
AC024559.1	0.171558892
AC024559.2	0
AC024560.1	0.148524982
AC024560.2	0.259458471
AC024560.3	0
AC024563.1	0
AC024563.2	0
AC024568.1	0
AC024575.1	0.533920452
AC024579.1	0
AC024580.1	0.036017186
AC024580.2	0
AC024581.1	0.386007507
AC024581.2	0
AC024587.1	0
AC024587.2	0
AC024589.1	0
AC024589.2	0
AC024592.1	0
AC024592.2	0.061301978
AC024592.3	0
AC024595.1	0
AC024597.1	0.240692751
AC024600.1	0.009438407
AC024601.1	0.046327449
AC024603.1	0
AC024610.1	0
AC024610.2	0
AC024614.1	0
AC024614.2	0
AC024619.1	0
AC024619.2	0
AC024619.3	0
AC024619.4	0.230464398
AC024651.1	0
AC024651.2	0
AC024681.1	0
AC024681.2	0
AC024884.1	0
AC024884.2	0.038934376
AC024896.1	3.495150663
AC024901.1	0
AC024908.1	0.031774324
AC024909.1	0
AC024909.2	0.05377843
AC024933.1	0.069757423
AC024937.1	0.282274223
AC024937.2	0
AC024940.1	0.032068142
AC024940.2	0.248980341
AC024940.3	1.602348727
AC024940.4	0
AC024940.5	0
AC024940.6	0.102428621
AC024941.1	0
AC024941.2	0.196962136
AC024958.1	0
AC024995.1	0.261027777
AC025030.1	0.042365765
AC025030.2	0
AC025031.1	0
AC025031.2	0.038717039
AC025031.3	0.065966259
AC025031.4	0.081636018
AC025031.5	0
AC025033.1	0
AC025034.1	0.198631306
AC025034.2	0
AC025035.1	0
AC025038.1	0
AC025040.1	0.018102597
AC025040.2	0
AC025043.1	0.116522799
AC025048.1	0
AC025048.2	0.201521444
AC025048.3	0
AC025048.4	0.27783214
AC025048.5	0
AC025048.6	0.202296527
AC025062.1	0.22617003
AC025062.2	0.036232214
AC025125.1	0
AC025154.1	0
AC025154.2	0.077114305
AC025161.1	0.041075437
AC025162.1	0
AC025162.2	0
AC025164.1	0.044782997
AC025165.1	0.093367628
AC025165.2	0
AC025165.3	0.071503927
AC025165.4	0.112127405
AC025165.5	0.545990626
AC025166.1	0.595719834
AC025171.1	1.368989427
AC025171.2	0.245119484
AC025171.3	0.131693942
AC025171.4	0.023185848
AC025171.5	0.07915951
AC025174.1	0
AC025175.1	0.063967281
AC025176.1	0
AC025178.1	0.203751898
AC025180.1	0.039730905
AC025181.1	0.058354767
AC025181.2	2.239891718
AC025183.1	0.057119019
AC025183.2	0
AC025183.3	0
AC025183.4	0
AC025186.1	0.027902969
AC025187.1	0
AC025188.1	0.040459305
AC025198.1	0
AC025211.1	0.195245978
AC025219.1	0.323059092
AC025244.1	1.44928855
AC025244.2	0
AC025252.1	0
AC025252.2	0
AC025253.1	0
AC025254.1	0
AC025257.1	0
AC025259.1	0
AC025259.2	0.031445056
AC025259.3	0.530613841
AC025260.1	0
AC025262.1	0
AC025262.2	0.022988242
AC025262.3	0
AC025263.1	0
AC025263.2	0
AC025263.3	0
AC025265.1	0.22836861
AC025265.2	0
AC025265.3	0
AC025271.1	0
AC025271.2	0
AC025271.3	0
AC025271.4	0
AC025272.1	0.04686406
AC025277.1	0
AC025278.1	0.047137055
AC025278.2	0.022836861
AC025279.1	0.015115556
AC025279.2	0
AC025279.3	0
AC025280.1	0
AC025280.2	0
AC025281.1	0
AC025283.1	0
AC025283.2	0.017324234
AC025284.1	0
AC025287.1	0
AC025287.2	0.145362774
AC025287.3	0.048454258
AC025300.1	0
AC025366.1	0
AC025370.1	0
AC025419.1	0.00565469
AC025423.1	0
AC025423.2	0
AC025423.3	0
AC025423.4	0
AC025423.5	0
AC025428.1	0
AC025428.2	0
AC025430.1	0.048746151
AC025431.1	0
AC025434.1	0.052773007
AC025437.1	0
AC025437.2	0
AC025437.3	0.031485841
AC025437.4	0
AC025437.5	0
AC025437.6	0
AC025442.1	0
AC025445.1	0
AC025449.1	1.239018425
AC025458.1	0.292476906
AC025459.1	0.311225426
AC025465.1	0
AC025465.2	0
AC025465.3	0
AC025465.4	0
AC025470.1	0
AC025470.2	0
AC025475.1	0
AC025518.1	0.559667625
AC025521.1	0
AC025524.1	0
AC025524.2	0.030777285
AC025538.1	0
AC025539.1	0.042281434
AC025554.1	0
AC025566.1	0
AC025569.1	0.022872723
AC025572.1	0
AC025574.1	0.014685773
AC025574.2	0
AC025575.1	0.133872702
AC025575.2	8.764989339
AC025576.1	0
AC025576.2	0
AC025578.1	0
AC025580.1	0.266398718
AC025580.2	0.068716267
AC025580.3	0
AC025588.1	0.082012105
AC025588.2	0
AC025588.3	0
AC025588.4	0
AC025594.1	0.044706415
AC025594.2	0.187198108
AC025594.3	0.030728586
AC025627.1	0
AC025627.2	0
AC025627.3	0
AC025627.4	0
AC025647.1	0
AC025674.1	0
AC025674.2	0
AC025678.1	0
AC025678.2	0
AC025678.3	0.015096756
AC025682.1	0.645003419
AC025741.1	0
AC025750.1	0.064051671
AC025750.2	0
AC025752.1	0
AC025754.1	0.119290335
AC025754.2	0.280967398
AC025755.1	0.087322242
AC025766.1	0.296767521
AC025768.1	0
AC025773.1	0
AC025809.1	0
AC025809.2	0
AC025810.1	0
AC025811.1	0
AC025822.1	0
AC025822.2	0
AC025857.1	0
AC025857.2	21.62362875
AC025871.1	0
AC025871.2	0
AC025881.1	0
AC025884.1	0.128442239
AC025884.2	0
AC025884.3	0
AC025887.1	0
AC025917.1	0.240550783
AC025918.1	0
AC025918.2	0
AC025946.1	0
AC025946.2	0
AC025947.1	0
AC026111.1	0.040628591
AC026116.1	0
AC026117.1	0
AC026120.1	0.471879587
AC026120.2	0
AC026124.1	0
AC026124.2	0.037005462
AC026150.1	0
AC026150.2	0
AC026150.3	0.048648463
AC026167.1	0
AC026185.1	0
AC026191.1	0.132492571
AC026202.1	0
AC026202.2	0.252870659
AC026202.3	0.043080006
AC026250.1	0.313590361
AC026254.1	0
AC026254.2	0.106940895
AC026271.1	2.413151447
AC026271.2	0
AC026271.3	0.238385433
AC026271.4	0
AC026304.1	0.432719843
AC026310.1	0
AC026310.2	0.100036744
AC026310.3	0.020459826
AC026316.1	0.058636674
AC026316.2	0
AC026316.3	0
AC026320.1	0
AC026320.2	0
AC026333.1	0
AC026333.2	0
AC026333.3	0.011615112
AC026333.4	0.044624234
AC026336.1	0
AC026336.2	0
AC026336.3	0.011693441
AC026336.4	0
AC026336.5	0
AC026347.1	0
AC026348.1	0
AC026353.1	0
AC026355.1	1.07523878
AC026355.2	0.067152374
AC026355.3	0.200348692
AC026356.1	0.590342112
AC026356.2	0.189230604
AC026358.1	0
AC026362.1	0.060494511
AC026362.2	0
AC026367.1	0.238385433
AC026367.2	0.043897981
AC026367.3	0.164580225
AC026368.1	0.211092028
AC026369.1	0.008926488
AC026369.2	0.440973355
AC026369.3	0.20712955
AC026371.1	0
AC026391.1	0
AC026396.1	0
AC026401.1	0
AC026401.2	0.048261597
AC026401.3	10.21115802
AC026402.1	0
AC026403.1	3.044734166
AC026407.1	0
AC026410.1	0.176389342
AC026410.2	0
AC026410.3	0.72619266
AC026412.1	3.990605684
AC026412.2	0
AC026412.3	0.058460164
AC026414.1	0
AC026415.1	0
AC026421.1	0
AC026422.1	0
AC026427.1	0
AC026427.2	0
AC026434.1	0
AC026434.2	0
AC026436.1	0.089909567
AC026444.1	0
AC026458.1	0
AC026458.2	0
AC026461.1	0
AC026461.2	0
AC026461.3	0
AC026461.4	0.300936982
AC026462.1	0.821230826
AC026462.2	0
AC026462.3	0.021350557
AC026462.4	0
AC026464.1	0
AC026464.2	0
AC026464.3	0
AC026464.4	0.018906217
AC026464.5	0
AC026468.1	0
AC026469.1	0.014685773
AC026470.1	0
AC026470.2	0.166271118
AC026470.3	0
AC026471.1	2.952218977
AC026471.2	0.259433714
AC026471.3	0.125997837
AC026471.4	2.541096684
AC026471.5	0
AC026471.6	0.063715442
AC026474.1	0
AC026477.1	0
AC026495.1	0
AC026523.1	0.040913904
AC026523.2	0.018820713
AC026583.1	0.042663591
AC026585.1	0
AC026616.1	0
AC026620.1	0
AC026688.1	0.02078389
AC026688.2	0
AC026691.1	0.180532349
AC026700.1	0
AC026704.1	0.66206136
AC026719.1	0
AC026719.2	0
AC026725.1	0.015286891
AC026726.1	0
AC026740.1	0.245517909
AC026741.1	0.050364281
AC026746.1	0
AC026748.1	0.014934225
AC026765.1	0
AC026765.2	0
AC026770.1	0
AC026771.1	0
AC026774.1	0
AC026774.2	0
AC026780.1	0
AC026780.2	0
AC026782.1	0
AC026782.2	0.038169156
AC026784.1	0
AC026785.1	0.041854454
AC026785.2	0
AC026785.3	0.85177485
AC026786.1	0
AC026786.2	0
AC026787.1	0
AC026790.1	0
AC026797.1	0
AC026798.1	0.100728561
AC026801.1	0
AC026801.2	1.225412827
AC026803.1	0.177194038
AC026803.2	0.051322586
AC026826.1	0
AC026826.2	0
AC026826.3	0
AC026877.1	1.393566436
AC026884.1	0
AC026887.1	0
AC026888.1	0
AC026894.1	0.019343094
AC026898.1	0
AC026904.1	0.006840119
AC026904.2	0.045205928
AC026904.3	0.031774324
AC026904.4	0
AC026951.1	0
AC026951.2	0
AC026954.1	0.01877462
AC026954.2	0
AC026954.3	0
AC026956.1	0
AC026979.1	0.083278159
AC026979.2	1.084269226
AC026979.3	0
AC026991.1	0
AC026992.1	0
AC026992.2	0.005036428
AC027013.1	0
AC027018.1	0
AC027020.1	0.038410733
AC027020.2	0.111775394
AC027026.1	0
AC027031.1	0
AC027031.2	2.480591661
AC027045.1	0
AC027088.1	0
AC027088.2	0
AC027088.3	0.027838972
AC027088.4	0
AC027097.1	0.324079542
AC027097.2	0.310612777
AC027104.1	0
AC027117.1	0.207483617
AC027117.2	0.047599183
AC027119.1	0
AC027124.1	0
AC027124.2	0
AC027130.1	0.024422116
AC027139.1	0
AC027139.2	0
AC027176.1	0
AC027176.2	0.097622989
AC027176.3	0
AC027216.1	0
AC027228.1	0.074694102
AC027228.2	0.360640048
AC027228.3	0.019175026
AC027229.1	0.095950922
AC027237.1	0
AC027237.2	0
AC027237.3	0.075023877
AC027237.4	0.034979227
AC027243.1	0
AC027243.2	0.033529811
AC027250.1	0
AC027271.1	0.079592076
AC027277.1	0
AC027277.2	0.055805938
AC027279.1	0.016999708
AC027279.2	0.030612337
AC027279.3	0.397960381
AC027279.4	0
AC027281.1	0.032025835
AC027281.2	0
AC027287.1	0
AC027287.2	0
AC027288.1	0.017414335
AC027288.2	0.099899519
AC027288.3	0.107747817
AC027290.1	0
AC027290.2	0.049430509
AC027306.1	0.019979904
AC027307.1	0.053119438
AC027307.2	3.35754499
AC027307.3	0.11034356
AC027308.1	0
AC027309.1	0
AC027309.2	9.229779036
AC027309.3	0
AC027312.1	0
AC027313.1	0.029142357
AC027315.1	0
AC027319.1	0.142518101
AC027328.1	0
AC027334.1	0
AC027335.1	0
AC027335.2	0
AC027338.1	0
AC027338.2	0
AC027343.1	0
AC027343.2	0
AC027343.3	0
AC027345.1	0
AC027348.1	0.118417479
AC027348.2	0
AC027369.1	0
AC027369.2	0
AC027369.3	0
AC027369.4	0
AC027369.5	0
AC027369.6	0
AC027373.1	0.467655719
AC027419.1	0
AC027419.2	0
AC027449.1	0
AC027451.1	0
AC027455.1	0
AC027458.1	0
AC027506.1	0
AC027514.1	0.075719224
AC027514.2	0.114327707
AC027541.1	0
AC027544.1	0.112127405
AC027544.2	0.038532672
AC027544.3	0
AC027559.1	0.409714485
AC027575.1	0.008837125
AC027575.2	0.414259099
AC027601.1	0.075423472
AC027601.2	0.060312008
AC027601.3	0
AC027601.4	0
AC027601.5	0
AC027607.1	0.090919787
AC027612.1	0.030407829
AC027612.2	0
AC027612.3	0
AC027612.4	0
AC027613.1	0
AC027627.1	0.064476981
AC027644.1	0.162923377
AC027644.2	0.202296527
AC027644.3	1.481812979
AC027667.1	0.399269461
AC027673.1	0
AC027682.1	0.027002873
AC027682.2	0
AC027682.3	0
AC027682.4	0.061509079
AC027682.5	0
AC027682.6	0.219937334
AC027682.7	0.022890696
AC027688.1	0
AC027688.2	0
AC027698.1	0
AC027701.1	0
AC027702.1	0.384020525
AC027763.1	0.30344479
AC027763.2	0.40534369
AC027779.1	0
AC027796.1	0
AC027796.2	0.070568556
AC027796.3	0.009841453
AC027796.4	0.555505337
AC027796.5	0
AC027801.1	0.092478412
AC027801.2	0
AC027801.3	0.034778773
AC027801.4	0
AC027801.5	0
AC027804.1	0
AC027807.1	0
AC027807.2	0
AC027808.1	0
AC027808.2	0.293656249
AC032011.1	0.078358887
AC032019.1	0
AC032019.2	0
AC032044.1	0.24591763
AC032044.2	0
AC034102.1	0.442104992
AC034102.2	0
AC034102.3	0.080918611
AC034102.4	0
AC034102.5	0.089909567
AC034102.6	0.018760111
AC034102.7	0
AC034102.8	0
AC034105.1	0.837089076
AC034105.2	0
AC034105.3	0.27461067
AC034105.4	0
AC034105.5	0.077310775
AC034111.1	0
AC034114.1	0
AC034114.2	0
AC034154.1	0
AC034159.1	0
AC034187.1	0.043271984
AC034195.1	0
AC034198.1	0
AC034198.2	0.142797548
AC034199.1	0.089003055
AC034205.1	0
AC034205.2	0
AC034205.3	0
AC034206.1	0.766309279
AC034207.1	0.076821466
AC034213.1	0.421660254
AC034222.1	0
AC034223.1	0.04052685
AC034223.2	0
AC034226.1	0
AC034228.1	0
AC034228.2	0
AC034228.3	0
AC034229.1	0
AC034229.2	0
AC034229.3	0
AC034229.4	0.165140022
AC034229.5	0.131219369
AC034229.6	0
AC034231.1	0.768500772
AC034232.1	0.022815398
AC034232.2	0
AC034234.1	0.033857159
AC034236.1	12.10525061
AC034236.2	0.211092028
AC034236.3	0.052658532
AC034238.1	0
AC034238.2	0
AC034238.3	0
AC034243.1	0.620330065
AC034244.1	0
AC034244.2	0
AC034245.1	0
AC034268.1	0
AC035139.1	0
AC035140.1	0.049240534
AC036101.1	0
AC036103.1	0
AC036108.1	0.041285005
AC036108.2	0.009475247
AC036108.3	0.190432293
AC036108.4	0.086836347
AC036111.1	0
AC036111.2	0
AC036111.3	0
AC036164.1	0.072899649
AC036176.1	0.680334816
AC036176.2	0.042108557
AC036176.3	1.161511159
AC036214.1	0.029664664
AC036214.2	1.005967462
AC036214.3	0.167628007
AC036222.1	0.034629933
AC036222.2	0
AC037198.1	0.397417461
AC037198.2	0
AC037441.1	0
AC037441.2	0
AC037450.1	0
AC037459.1	0.020263425
AC037459.2	0.083380315
AC037459.3	0.282479514
AC037459.4	0
AC037471.1	0
AC037471.2	0
AC037479.1	0.077681866
AC037486.1	0.061457173
AC037487.1	0.107935091
AC037487.2	0.180823711
AC037487.3	0.433492557
AC037487.4	0.038840933
AC039056.1	0
AC039056.2	0.807602573
AC040160.1	0.290182541
AC040160.2	0
AC040162.1	0.136643564
AC040162.2	0
AC040162.3	0.074560276
AC040168.1	0
AC040169.1	1.537608918
AC040169.2	0.047833662
AC040169.3	0.515657813
AC040170.1	0.172167257
AC040173.1	0
AC040174.1	0.095198366
AC040174.2	0.261027777
AC040896.1	0.050679714
AC040904.1	0
AC040914.1	0
AC040918.1	0
AC040926.1	0
AC040934.1	0.09464165
AC040936.1	0
AC040958.1	0
AC040963.1	0
AC040970.1	1.684551004
AC040975.1	0
AC040977.1	1.557034492
AC040977.2	0
AC040978.1	0
AC041039.1	0
AC041040.1	0.075364004
AC044781.1	0.042588742
AC044784.1	0
AC044784.2	0
AC044787.1	1.011482634
AC044792.1	0
AC044797.1	0
AC044798.1	0
AC044798.2	0
AC044802.1	0.008388246
AC044802.2	0
AC044810.1	0.034142874
AC044810.2	0.025806786
AC044810.3	0
AC044836.1	0
AC044839.1	1.122137899
AC044839.2	0.667664136
AC044839.3	0.081325237
AC044839.4	0.225819379
AC044839.5	0
AC044840.1	0.154293961
AC044849.1	0.068381925
AC044860.1	0.014748228
AC044860.2	0
AC044860.3	0
AC044873.1	0
AC044913.1	0
AC046130.1	0
AC046130.2	0
AC046134.1	0.218698948
AC046136.1	0
AC046143.1	1.348643512
AC046143.2	0.910334371
AC046144.1	0
AC046158.1	0
AC046158.2	0
AC046158.3	0.009490064
AC046158.4	0
AC046168.1	0.006364862
AC046168.2	0.019832993
AC046176.1	1.07891481
AC046185.1	0
AC046185.2	0.705343822
AC046185.3	1.011482634
AC046195.1	0
AC046195.2	0
AC048334.1	0
AC048337.1	0
AC048338.1	0
AC048341.1	0.142419734
AC048341.2	0.791057702
AC048344.1	0.059645168
AC048344.2	0
AC048344.3	0
AC048344.4	0.460637253
AC048346.1	0
AC048347.1	0
AC048351.1	0.131361381
AC048380.1	0.052205555
AC048380.2	0.054736377
AC048380.3	0
AC048382.1	0.023846349
AC048382.2	0.049340616
AC048382.3	0
AC048382.4	0.044460775
AC048382.5	0.649513932
AC048382.6	0
AC048383.1	0
AC048387.1	0
AC051618.1	0
AC051619.1	0
AC051619.2	0.183442694
AC051619.3	0.010006423
AC051619.4	0
AC051619.5	0.033368499
AC051619.6	0.0407993
AC051619.7	0.077931246
AC051619.8	0.157633657
AC051619.9	0
AC051649.1	0
AC053481.1	0
AC053481.2	0
AC053481.3	0
AC053481.4	0
AC053503.1	0
AC053503.2	0.045573686
AC053503.3	0
AC053503.4	0
AC053503.5	0.267184092
AC053503.6	0
AC053513.1	0
AC053527.1	0.354388076
AC055713.1	0.16420252
AC055716.1	0
AC055716.2	0.039779735
AC055716.3	0
AC055717.1	0
AC055717.2	0
AC055717.3	0
AC055720.1	0
AC055720.2	0
AC055731.1	0
AC055733.1	0
AC055733.2	0
AC055733.3	0
AC055736.1	0
AC055748.1	0.050626868
AC055753.1	0
AC055758.1	0.170654364
AC055758.2	0.217134018
AC055764.1	0
AC055764.2	0.072464428
AC055811.1	0
AC055811.2	0
AC055811.3	0
AC055811.4	0.124561145
AC055813.1	0.114345658
AC055822.1	0.436414979
AC055854.1	0.011079682
AC055855.1	0.194204666
AC055855.2	0.041999279
AC055860.1	0
AC055872.1	0
AC055874.1	0
AC055876.1	0
AC055876.2	0
AC055876.3	0
AC055876.4	0.06818984
AC055876.5	0
AC055878.1	0
AC058791.1	0.030363456
AC058823.1	0
AC060234.1	0
AC060234.2	0.01248102
AC060234.3	0
AC060764.1	0.053470448
AC060765.1	0
AC060766.1	1.084077082
AC060766.2	0.072681387
AC060766.3	0
AC060766.4	0.361647422
AC060766.5	0.111483735
AC060766.6	0.061613155
AC060766.7	0.280411027
AC060771.1	0
AC060773.1	0.078308333
AC060780.1	0.631858169
AC060780.2	0.122603956
AC060780.3	0.30344479
AC060788.1	0
AC060809.1	0
AC060814.1	0
AC060814.2	0
AC060814.3	0
AC060814.4	0
AC060814.5	0
AC060834.1	0
AC060834.2	0.078561758
AC061709.1	0
AC061709.2	0
AC061961.1	0
AC061965.1	0.016570364
AC061975.1	0
AC061975.2	0
AC061975.3	0
AC061975.4	0
AC061975.5	0
AC061975.6	0
AC061975.7	0
AC061979.1	0
AC061992.1	1.532549446
AC061999.1	0.137150188
AC062004.1	0
AC062015.1	0.085628159
AC062016.1	0
AC062016.2	0
AC062017.1	0.316810221
AC062020.1	0
AC062021.1	0
AC062022.1	0
AC062028.1	0.017948675
AC062028.2	0.028359326
AC062029.1	0.527113995
AC062031.1	0
AC062032.1	0
AC062037.1	0
AC062037.2	0
AC062039.1	0
AC063919.1	0
AC063923.1	0
AC063923.2	0
AC063924.1	0
AC063926.1	0
AC063926.2	0
AC063926.3	0
AC063943.1	0.136379681
AC063944.1	0.029336052
AC063944.2	0
AC063944.3	0
AC063947.1	0
AC063947.2	0
AC063948.1	0.128103342
AC063949.1	0
AC063949.2	0
AC063950.1	0
AC063952.1	0.209014862
AC063952.2	0
AC063952.3	0
AC063955.1	0
AC063961.1	0.827576701
AC063962.1	0
AC063965.1	0
AC063976.1	0
AC063976.2	0.034133272
AC063976.3	0
AC063976.4	0
AC063977.1	0
AC063977.2	0.057661718
AC063977.3	0
AC063977.4	0
AC063977.5	0
AC063977.6	0.027538949
AC063977.7	0.072034372
AC063979.1	0
AC063979.2	0
AC063980.1	0
AC064799.1	1.04975495
AC064799.2	0.034778773
AC064801.1	0.059645168
AC064801.2	0
AC064802.1	0.020365422
AC064805.1	0.006739473
AC064805.2	0
AC064807.1	2.03182497
AC064807.2	0.07224876
AC064807.3	0.051650177
AC064807.4	0.119290335
AC064834.1	0
AC064836.1	0.034482363
AC064836.2	0.105089105
AC064836.3	0.865696876
AC064847.1	0
AC064850.1	0.034729017
AC064852.1	0
AC064853.1	0.134864351
AC064859.1	0
AC064862.1	0
AC064862.2	0
AC064862.3	0
AC064862.4	0
AC064862.5	0
AC064862.6	0
AC064862.7	0
AC064871.1	0
AC064872.1	0
AC064874.1	0
AC064875.1	0
AC066595.1	0
AC066612.1	0
AC066612.2	0
AC066613.1	0.07688229
AC066613.2	0.043349256
AC066616.1	0
AC066616.2	0
AC066692.1	0
AC067735.1	0.83072338
AC067747.1	0
AC067750.1	0.063053463
AC067773.1	0
AC067805.1	0
AC067817.1	0
AC067817.2	0.12545521
AC067819.1	0
AC067838.1	0.126216204
AC067852.1	0
AC067852.2	2.036084368
AC067852.3	0.125852678
AC067852.4	0
AC067863.1	0.036781187
AC067863.2	0.19898019
AC067904.1	0
AC067904.2	0.037841907
AC067904.3	0.093009897
AC067930.1	0
AC067930.2	0
AC067930.3	0.138519733
AC067930.4	0.243730755
AC067930.5	0.124171781
AC067930.6	0.083421248
AC067931.1	0.578851463
AC067931.2	0
AC067940.1	0
AC067942.1	0.146336403
AC067942.2	0
AC067942.3	0
AC067945.1	0.117842637
AC067945.2	0
AC067945.3	0.046683814
AC067956.1	0.058864169
AC067959.1	0
AC067960.1	0
AC067968.1	0
AC067968.2	0
AC067969.1	0
AC067969.2	0
AC068014.1	0
AC068020.1	0
AC068025.1	0.254861766
AC068025.2	0.289684764
AC068042.1	0
AC068044.1	0
AC068050.1	0
AC068051.1	0.033391449
AC068057.1	0
AC068057.2	0
AC068058.1	0
AC068075.1	0
AC068112.1	0
AC068134.1	0
AC068134.2	0
AC068134.3	0.061613155
AC068134.4	0
AC068135.1	0
AC068135.2	0
AC068137.1	0.124703338
AC068137.2	0
AC068138.1	0
AC068152.1	0.812086416
AC068189.1	0.030573782
AC068196.1	0
AC068213.1	0
AC068228.1	0.093728121
AC068228.2	0
AC068234.1	0
AC068234.2	0.034047101
AC068234.3	0.046504949
AC068254.1	0
AC068254.2	0.006786576
AC068276.1	0
AC068279.1	0
AC068282.1	0.442194639
AC068286.1	0
AC068287.1	0
AC068295.1	0
AC068298.1	0
AC068299.1	0
AC068305.1	0.040291424
AC068305.2	0.218698948
AC068313.1	0
AC068338.1	0
AC068338.2	1.765496961
AC068338.3	0.406528906
AC068385.1	0
AC068389.1	0
AC068389.2	0
AC068389.3	0
AC068389.4	0
AC068397.1	0
AC068397.2	0
AC068408.1	0
AC068413.1	0
AC068418.1	0
AC068418.2	0
AC068446.1	0
AC068446.2	0.011212741
AC068446.3	0
AC068448.1	0
AC068472.1	0
AC068473.1	0
AC068473.2	0
AC068473.3	0.067016063
AC068473.4	1.037418086
AC068473.5	2.63610339
AC068481.1	0.032672387
AC068483.1	0
AC068489.1	0
AC068490.1	0
AC068491.1	0.019561308
AC068491.2	0
AC068491.3	0.040058718
AC068491.4	0.064639127
AC068492.1	0
AC068506.1	0
AC068512.1	0
AC068522.1	0.844368112
AC068531.1	0.12449017
AC068533.1	0
AC068533.2	0.158663943
AC068533.3	0
AC068533.4	0.078987798
AC068535.1	0
AC068538.1	0
AC068580.1	0.481658397
AC068580.2	0.215463756
AC068580.3	0.337328204
AC068580.4	1.582660892
AC068587.1	0
AC068587.2	0.391541665
AC068587.3	0
AC068594.1	0.2521203
AC068594.2	0
AC068599.1	0
AC068620.1	0.137668714
AC068620.2	0.216746279
AC068631.1	0.010935933
AC068633.1	0
AC068643.1	0.029424949
AC068643.2	0
AC068647.1	0.010717697
AC068647.2	0.497960681
AC068657.1	0.079331971
AC068658.1	0
AC068669.1	0.098061153
AC068672.1	0
AC068672.2	0
AC068672.3	0
AC068675.1	0.086543969
AC068700.1	0.012933182
AC068707.1	0
AC068714.1	0
AC068721.1	0
AC068722.1	0
AC068722.2	0.044624234
AC068724.1	0.091261591
AC068724.2	0
AC068726.1	0
AC068733.1	0
AC068733.2	0
AC068756.1	0
AC068759.1	0
AC068760.1	0
AC068768.1	0.262662916
AC068768.2	0.14154859
AC068769.1	0.020012847
AC068775.1	0
AC068781.1	0
AC068787.1	0
AC068789.1	0
AC068790.1	0
AC068790.2	0.043582735
AC068790.3	0
AC068790.4	0
AC068790.5	0.136763849
AC068790.6	0.094091408
AC068790.7	0
AC068790.8	0.288995038
AC068790.9	0.042768822
AC068792.1	0
AC068802.1	0
AC068831.1	0.182916128
AC068831.2	0
AC068831.3	0
AC068831.4	0
AC068831.5	0
AC068831.6	1.004506892
AC068858.1	0
AC068860.1	0.019493241
AC068867.1	0
AC068870.1	0.009888221
AC068870.2	3.619495698
AC068870.3	0
AC068875.1	0
AC068880.1	0
AC068880.2	0
AC068880.3	0
AC068880.4	0
AC068880.5	0
AC068888.1	0.738371528
AC068888.2	0.090580534
AC068896.1	0.021281926
AC068898.1	0
AC068898.2	0
AC068944.1	0
AC068944.2	0
AC068946.1	0.015661667
AC068985.1	0.103594238
AC068987.1	0
AC068987.2	0
AC068987.3	0.165461619
AC068987.4	0.463716967
AC068992.1	0
AC068993.1	0
AC068993.2	0
AC069023.1	0
AC069029.1	0.184605196
AC069061.1	0
AC069061.2	0
AC069079.1	0
AC069113.1	0
AC069113.2	0
AC069113.3	0
AC069114.1	0
AC069114.2	0
AC069120.1	0.192155012
AC069133.1	0
AC069148.1	0.284479491
AC069152.1	0
AC069154.1	0.044788899
AC069155.1	0
AC069157.1	0
AC069185.1	0.111253819
AC069200.1	0.150313209
AC069209.1	0.074579365
AC069213.1	0.209875359
AC069213.2	0
AC069213.3	0.409714485
AC069218.1	0.223004045
AC069218.2	0
AC069222.1	0.007224876
AC069224.1	0.28309718
AC069228.1	0
AC069234.1	0.041639079
AC069234.2	0
AC069234.3	0
AC069234.4	0.117842637
AC069234.5	0.116709535
AC069235.1	0
AC069236.1	0
AC069240.1	0
AC069257.1	0.50927797
AC069257.2	1.722783325
AC069257.3	0.137150188
AC069262.1	0
AC069271.1	0.155612713
AC069272.1	0
AC069277.1	0
AC069277.2	0
AC069280.1	0
AC069281.1	0
AC069281.2	0.209605127
AC069282.1	1.707598059
AC069285.1	0
AC069285.2	0
AC069287.1	0
AC069287.2	0
AC069287.3	0
AC069294.1	0
AC069304.1	0
AC069304.2	0
AC069304.3	0
AC069306.1	0
AC069307.1	0.108615585
AC069335.1	0
AC069360.1	0.281976151
AC069366.1	0.028968476
AC069366.2	0
AC069368.1	0.038019707
AC069421.1	0
AC069431.1	0
AC069431.2	0.022088793
AC069437.1	0
AC069439.1	0
AC069439.2	0.12307013
AC069444.1	0
AC069454.1	0.051870904
AC069499.1	0.429234281
AC069499.2	0.317743236
AC069503.1	0.021238481
AC069503.2	0.026516202
AC069503.3	0
AC069528.1	0.079679157
AC069528.2	0.048770634
AC069540.1	0
AC069540.2	0
AC069542.1	0.174330939
AC069542.2	0
AC069544.1	1.02059509
AC069545.1	0
AC069547.1	0.520409729
AC069549.1	0
AC072022.1	0
AC072026.1	0
AC072039.1	0
AC072039.2	0.110594912
AC072046.1	0
AC072046.2	0
AC072052.1	0.237995914
AC072061.1	0.195595568
AC072062.1	0.006366531
AC073023.1	0
AC073046.1	0.995921363
AC073046.2	0
AC073050.1	0.105089105
AC073052.1	0.339994163
AC073052.2	0
AC073055.1	0
AC073062.1	0
AC073063.1	0.239956342
AC073065.1	0
AC073071.1	0
AC073072.1	0.605109846
AC073072.2	0.139514846
AC073073.1	0.314586392
AC073073.2	0.301326091
AC073082.1	0.011543311
AC073089.1	0
AC073091.1	0
AC073091.2	0
AC073094.1	0
AC073107.1	0
AC073107.2	0.203996498
AC073109.1	0
AC073111.1	0.057799008
AC073111.2	0
AC073114.1	0.049542007
AC073115.1	0.182523182
AC073115.2	0.131219369
AC073127.1	0
AC073130.1	0.018965299
AC073130.2	0.052945656
AC073130.3	0.042626134
AC073133.1	0
AC073133.2	0
AC073135.1	0
AC073136.1	0.050503987
AC073136.2	0.028593149
AC073137.1	0
AC073143.1	0
AC073150.1	0
AC073167.1	0
AC073172.1	0
AC073172.2	0
AC073174.1	0
AC073176.1	0
AC073176.2	0
AC073188.1	0
AC073188.2	0
AC073188.3	0
AC073188.4	0
AC073188.5	0
AC073188.6	0.008342125
AC073195.1	0.276802545
AC073210.1	0.313908404
AC073210.2	0
AC073218.1	0
AC073218.2	0
AC073254.1	0.182474183
AC073255.1	0
AC073257.1	0
AC073257.2	0
AC073261.1	0
AC073263.1	0
AC073263.2	0
AC073263.3	0
AC073264.1	0
AC073264.2	0
AC073283.1	0
AC073283.2	0
AC073283.3	0
AC073284.1	0.060088077
AC073288.1	0
AC073288.2	0
AC073308.1	0
AC073310.1	0
AC073311.1	0
AC073314.1	0
AC073316.1	0
AC073316.2	0.174226674
AC073316.3	0.271926085
AC073320.1	0.015835345
AC073321.1	0
AC073323.1	0
AC073324.1	0
AC073325.1	0
AC073325.2	1.068736368
AC073326.1	0.130748204
AC073332.1	0.166167651
AC073333.1	0.149849279
AC073333.2	0
AC073335.1	0.13374977
AC073335.2	0.641987234
AC073336.1	0
AC073342.1	0
AC073342.2	0
AC073342.3	0
AC073343.1	0.298317459
AC073343.2	0.141342551
AC073346.1	0
AC073346.2	0.023591432
AC073347.1	0
AC073348.1	0
AC073349.1	0.022858365
AC073349.2	0.060575379
AC073349.3	0
AC073352.1	0.04816584
AC073352.2	0
AC073358.1	0
AC073359.1	0
AC073359.2	0
AC073365.1	0
AC073367.1	0.069657341
AC073370.1	1.202219359
AC073387.1	0
AC073387.2	0
AC073389.1	0.519100522
AC073389.2	0.030156004
AC073389.3	0.103852762
AC073409.1	0
AC073410.1	0.20607456
AC073410.2	0
AC073413.1	0.099490095
AC073413.2	0
AC073415.1	0.317327885
AC073429.1	0
AC073429.2	0
AC073439.1	0.013684094
AC073464.1	0
AC073464.2	0
AC073464.3	0
AC073465.1	0
AC073465.2	0
AC073476.1	0.23858067
AC073476.2	0
AC073476.3	0.009683121
AC073476.4	0
AC073486.1	0
AC073487.1	0.137668714
AC073488.1	0
AC073508.1	0
AC073508.2	0.019404943
AC073508.3	2.839849763
AC073517.1	0
AC073521.1	0
AC073522.1	0.064391467
AC073525.1	0
AC073529.1	0.126106926
AC073530.1	0.022210049
AC073530.2	0
AC073534.1	0
AC073539.1	0.011592924
AC073539.2	0
AC073539.3	0
AC073544.1	0
AC073548.1	0.193482332
AC073551.1	0
AC073569.1	0
AC073569.2	1.851527534
AC073569.3	0.177973484
AC073571.1	0
AC073573.1	0
AC073575.1	0
AC073575.2	0.116151116
AC073578.1	0
AC073578.2	0
AC073578.3	0
AC073578.4	0.047228761
AC073581.1	0
AC073583.1	0
AC073585.1	0.767751879
AC073587.1	0
AC073591.1	0
AC073592.1	0.018935712
AC073592.10	0
AC073592.2	0
AC073592.3	0
AC073592.4	0
AC073592.5	0
AC073592.6	0
AC073592.7	0
AC073592.8	0.047506034
AC073592.9	0.065432839
AC073593.1	0
AC073594.1	0.133382325
AC073610.1	0.490415823
AC073610.2	0
AC073610.3	0.180968139
AC073611.1	2.101132396
AC073612.1	0
AC073614.1	0
AC073621.1	0.023706624
AC073626.1	0
AC073626.2	0
AC073636.1	0.112734907
AC073641.1	0.113172882
AC073648.1	0
AC073648.2	0
AC073648.3	0
AC073648.4	0
AC073648.5	0
AC073651.1	0
AC073651.2	0
AC073655.1	0
AC073655.2	0.108761574
AC073657.1	0
AC073657.2	0
AC073834.1	0
AC073842.1	0.354906187
AC073842.2	0.254638985
AC073848.1	0
AC073850.1	0
AC073857.1	1.082497544
AC073861.1	22.37161591
AC073862.1	0
AC073862.2	0
AC073862.3	0
AC073862.4	0
AC073862.5	0.035928342
AC073863.1	0
AC073864.1	0
AC073869.1	2.406470692
AC073869.2	0.023660412
AC073869.3	0.041854454
AC073869.4	0
AC073873.1	0
AC073878.1	0
AC073878.2	0
AC073896.1	0.138322411
AC073896.2	1.095772854
AC073896.3	0.055550534
AC073896.4	3.132333318
AC073896.5	0
AC073900.1	0.031282968
AC073901.1	0
AC073909.1	0
AC073910.1	0
AC073911.1	0
AC073911.2	0
AC073911.3	0
AC073912.1	0
AC073912.2	0
AC073912.3	0
AC073913.1	0
AC073913.2	0
AC073916.1	0
AC073934.1	0
AC073941.1	0
AC073941.2	0
AC073957.1	0
AC073957.2	0
AC073957.3	0.132908639
AC073964.1	0
AC073968.1	0
AC073987.1	0
AC074011.1	0.167129661
AC074019.1	0
AC074029.1	0.023252474
AC074029.2	0
AC074029.3	0.389031782
AC074029.4	0
AC074031.1	0
AC074032.1	0.239061249
AC074033.1	0.045374922
AC074035.1	0
AC074043.1	0.013668684
AC074044.1	0.034336044
AC074050.1	0.230100315
AC074050.2	0
AC074050.3	0
AC074050.4	0.091090369
AC074051.1	0.093248079
AC074051.2	0
AC074051.3	0
AC074051.4	0
AC074052.1	0.212943712
AC074052.2	0
AC074085.1	0
AC074085.2	0.22687461
AC074087.1	0
AC074091.1	0
AC074117.1	0.811083378
AC074117.2	0
AC074121.1	0.069757423
AC074124.1	0
AC074131.1	0.095950922
AC074133.1	0
AC074134.1	0.065728113
AC074135.1	0.050208031
AC074135.2	0
AC074138.1	0
AC074140.1	0
AC074143.1	0
AC074183.1	0
AC074183.2	0.026329266
AC074194.1	0.273197882
AC074198.1	0
AC074198.2	0
AC074212.1	0.214745544
AC074237.1	0
AC074250.1	0
AC074254.1	0
AC074255.1	0
AC074257.1	0
AC074276.1	0
AC074276.2	0
AC074281.1	0
AC074286.1	0.025661293
AC074290.1	0
AC074327.1	0.410817562
AC074338.1	0
AC074344.1	0
AC074344.2	0
AC074348.1	0
AC074351.1	0
AC074366.1	0
AC074367.1	0.043156592
AC074375.1	0
AC074389.1	0
AC074389.2	0
AC074389.3	0
AC074397.1	0
AC076966.1	0
AC076968.1	0.113172882
AC078776.1	0
AC078777.1	0
AC078778.1	0.165140022
AC078778.2	0.04281408
AC078785.1	0.06062833
AC078785.2	0
AC078785.3	0
AC078788.1	0.11486869
AC078788.2	0
AC078789.1	0.050892208
AC078795.1	0.108131774
AC078795.2	0
AC078795.3	0
AC078802.1	0.547136514
AC078809.1	0
AC078814.1	0
AC078814.2	0
AC078817.1	0.613865323
AC078819.1	0.507724616
AC078820.1	0.032716419
AC078828.1	0
AC078841.1	0.020520358
AC078842.1	0
AC078842.2	0
AC078845.1	1.889150445
AC078846.1	0.198783542
AC078850.1	0.044871688
AC078850.2	0
AC078851.1	0
AC078852.1	0
AC078852.2	0.092127451
AC078857.1	0
AC078860.1	0
AC078864.1	0
AC078865.1	0
AC078867.1	0
AC078878.1	0
AC078878.2	0
AC078880.1	0
AC078880.2	0
AC078880.3	0.086621171
AC078880.4	0
AC078880.5	0.115323436
AC078881.1	0.056167476
AC078882.1	0
AC078883.1	0.724200071
AC078883.2	0.043504629
AC078883.3	0.315560042
AC078883.4	0.330730017
AC078886.1	0
AC078889.1	0
AC078899.1	0.184371518
AC078899.2	0
AC078899.3	0
AC078899.4	0
AC078899.5	0
AC078905.1	0
AC078906.1	0.03042053
AC078909.1	0
AC078909.2	0
AC078918.1	0
AC078922.1	0
AC078923.1	0.017527497
AC078925.1	0
AC078925.2	0
AC078925.3	0
AC078925.4	0.424151134
AC078927.1	0
AC078929.1	0
AC078942.1	0
AC078950.1	0.019832993
AC078955.1	0
AC078960.1	0
AC078962.1	0
AC078962.2	0
AC078962.3	0
AC078962.4	0
AC078974.1	0
AC078980.1	0
AC078991.1	0.159184152
AC078993.1	0.079657369
AC079015.1	0.081461689
AC079031.1	0
AC079031.2	0
AC079035.1	0.057253734
AC079054.1	0
AC079061.1	0
AC079062.1	0.003540779
AC079064.1	0
AC079070.1	0
AC079075.1	0
AC079080.1	0
AC079089.1	0.037024275
AC079089.2	0.019009854
AC079089.3	0
AC079097.1	0
AC079098.1	0
AC079112.1	0
AC079117.1	0
AC079140.1	0
AC079140.2	1.538593303
AC079140.3	0
AC079140.4	0
AC079140.5	0.078308333
AC079145.1	0
AC079148.1	0.148202584
AC079150.1	0
AC079150.2	0
AC079154.1	0
AC079160.1	0.250333495
AC079163.1	0
AC079168.1	0
AC079168.2	0.058354767
AC079171.1	0
AC079174.1	0.155612713
AC079174.2	0.107731878
AC079178.1	0
AC079178.2	0
AC079193.1	0.041285005
AC079193.2	0.010591441
AC079203.1	0.120176155
AC079203.2	0
AC079209.1	0.235062866
AC079209.2	0
AC079210.1	0.126435329
AC079226.1	0
AC079226.2	0
AC079228.1	0.092566571
AC079238.1	0
AC079248.1	0
AC079248.2	0
AC079250.1	2.102969544
AC079296.1	0
AC079298.1	0
AC079298.2	0
AC079298.3	0.035284278
AC079305.1	2.383774705
AC079305.2	0.086543969
AC079305.3	0
AC079310.1	0
AC079313.1	0
AC079313.2	0
AC079315.1	0.311724985
AC079316.1	0
AC079316.2	0
AC079322.1	0.128329074
AC079325.1	0
AC079328.1	0.152997373
AC079328.2	0
AC079329.1	0
AC079331.1	0.020229653
AC079331.2	0.047673965
AC079336.1	0
AC079336.2	0.026187253
AC079336.3	0
AC079336.4	0
AC079336.5	0
AC079336.6	0.079202555
AC079336.7	0
AC079340.1	0
AC079340.2	0
AC079341.1	0.021771824
AC079341.2	0
AC079349.1	0
AC079354.1	0.023545668
AC079354.2	0.630534629
AC079354.3	0.156113075
AC079355.1	0
AC079355.2	0
AC079360.1	0
AC079362.1	0
AC079363.1	0
AC079380.1	0.156869682
AC079382.1	0
AC079384.1	0
AC079385.1	0
AC079385.2	0
AC079385.3	0.090020704
AC079395.1	0
AC079395.2	0
AC079395.3	0
AC079411.1	0
AC079411.2	0
AC079414.1	0
AC079414.2	0
AC079414.3	0.868575913
AC079416.1	0.01547201
AC079416.2	0
AC079416.3	0.08843564
AC079447.1	0.194886769
AC079448.1	0
AC079456.1	0
AC079465.1	0.034729017
AC079466.1	0
AC079466.2	0
AC079467.1	0.058006173
AC079584.1	0
AC079584.2	0
AC079587.1	0
AC079594.1	0.073340131
AC079594.2	0
AC079597.1	0.047786581
AC079598.1	0
AC079598.2	0
AC079598.3	0
AC079598.4	0
AC079600.1	0
AC079600.2	0
AC079600.3	0
AC079601.1	0.008697808
AC079601.2	0.125293333
AC079602.1	0
AC079602.2	0
AC079602.3	0
AC079610.1	0
AC079610.2	0.175910023
AC079610.3	0
AC079612.1	0
AC079612.2	0
AC079630.1	0.17035497
AC079684.1	0.555505337
AC079741.1	0
AC079742.1	0
AC079753.1	0
AC079760.1	0.360528464
AC079760.2	0.08356483
AC079763.1	0
AC079766.1	0
AC079768.1	0
AC079776.1	0.021072555
AC079776.2	0
AC079777.1	0.012429894
AC079779.1	0
AC079779.2	0.078987798
AC079779.3	0
AC079779.4	0
AC079780.1	0.469093396
AC079781.1	0
AC079781.2	0
AC079781.3	0
AC079790.1	0
AC079791.1	0
AC079793.1	0.034047101
AC079799.1	0
AC079801.1	0.062565936
AC079804.1	0
AC079804.2	0
AC079807.1	0.794061133
AC079809.1	0.087955012
AC079834.1	0.115323436
AC079834.2	0.22419728
AC079841.1	0
AC079848.1	0.451638758
AC079858.1	0
AC079866.1	0
AC079866.2	0
AC079880.1	0.094919191
AC079880.2	0.020012847
AC079896.1	0
AC079905.1	0.102212982
AC079905.2	0
AC079906.1	0.119143967
AC079907.1	0.19472393
AC079907.2	0.055339475
AC079910.1	0
AC079915.1	0.008732224
AC079917.1	0
AC079921.1	0.410580689
AC079921.2	0.05335293
AC079922.1	2.501940332
AC079922.2	0.468223415
AC079942.1	0
AC079943.1	0
AC079943.2	0.029072555
AC079944.1	0.245207911
AC079944.2	0.132292007
AC079949.1	0.315267315
AC079949.2	0.289684764
AC079950.1	0.021674628
AC079953.1	0.032983129
AC079987.1	0
AC079988.1	0
AC080011.1	0
AC080013.1	0.679972046
AC080013.2	0
AC080013.3	0.083998558
AC080013.4	0.748091933
AC080013.5	0.214511781
AC080013.6	0.451638758
AC080014.1	0
AC080023.1	0.241848899
AC080023.2	0.583547674
AC080037.1	0.983038241
AC080038.1	0.252432408
AC080038.2	0
AC080038.3	0.310906547
AC080075.1	0
AC080078.1	0
AC080078.2	0
AC080079.1	0
AC080080.1	0.130406026
AC080080.2	0
AC080100.1	0.018129636
AC080112.1	6.352922447
AC080112.2	0
AC080112.3	0.009745316
AC080125.1	0
AC080128.1	0
AC080129.1	0.119584154
AC080129.2	0.790367826
AC080162.1	0.247205532
AC080188.1	0.087955012
AC080188.2	1.460429472
AC082650.1	0
AC082651.1	0
AC082651.2	0
AC082651.3	0.361577767
AC082651.4	0
AC083760.1	0
AC083795.1	0.151722395
AC083795.2	0
AC083798.1	0
AC083798.2	0.142748155
AC083799.1	8.296380638
AC083800.1	0
AC083801.1	0
AC083801.2	0.082290113
AC083805.1	0.018950494
AC083805.2	0.039796038
AC083805.3	0
AC083806.1	0
AC083806.2	0.009041186
AC083806.3	0
AC083809.1	0.205725282
AC083822.1	0.241548092
AC083829.1	0
AC083836.1	0
AC083837.1	0.178377699
AC083841.1	0.036232214
AC083841.2	0.040324889
AC083841.3	0
AC083843.1	0
AC083843.2	0
AC083843.3	0.337753996
AC083843.4	0.044420097
AC083849.1	0
AC083855.1	0
AC083862.1	0
AC083862.2	0.402826272
AC083863.1	0.105089105
AC083864.1	0
AC083864.2	0.050364281
AC083864.3	0
AC083867.1	0
AC083873.1	0.154621549
AC083875.1	0
AC083880.1	0.589873985
AC083899.1	0.489452712
AC083899.2	0
AC083899.3	0
AC083900.1	0.051760305
AC083902.1	0
AC083902.2	0.026475453
AC083904.1	0
AC083906.1	0
AC083906.2	0
AC083906.3	0
AC083906.4	0
AC083923.1	0
AC083939.1	0
AC083949.1	0.384512934
AC083964.1	0.269728702
AC083964.2	0
AC083967.1	0
AC083973.1	0.495982404
AC083982.1	0
AC084017.1	0.028227422
AC084018.1	0.424398308
AC084018.2	0.055870157
AC084024.1	0
AC084024.2	0.061379477
AC084024.3	0.475144867
AC084026.1	0
AC084026.2	0.037812435
AC084026.3	0
AC084030.1	0.034482363
AC084032.1	0
AC084033.1	0
AC084033.2	0
AC084033.3	2.275835927
AC084036.1	0.334506068
AC084048.1	0.151722395
AC084064.1	0
AC084082.1	0.040833613
AC084083.1	0
AC084116.1	0
AC084116.2	0
AC084116.3	0
AC084117.1	8.001951505
AC084121.1	0
AC084121.2	0
AC084125.1	0
AC084125.2	0.124006862
AC084125.3	0
AC084125.4	0.143642504
AC084128.1	0
AC084149.1	0
AC084149.2	0.030458699
AC084198.1	0.060387023
AC084200.1	0
AC084211.1	0.148021849
AC084262.1	0
AC084290.1	0
AC084291.1	0
AC084337.1	0.389258623
AC084346.1	0
AC084346.2	0.025580172
AC084357.1	0
AC084357.2	0
AC084357.3	0
AC084361.1	0
AC084364.1	0
AC084364.2	0
AC084365.1	0
AC084368.1	1.867352555
AC084373.1	0
AC084398.1	0
AC084398.2	0
AC084706.1	0
AC084752.1	0
AC084754.1	0.104636135
AC084756.1	0
AC084757.1	0
AC084757.2	0.044954784
AC084757.3	0.099950935
AC084757.4	0
AC084759.1	0
AC084759.2	0
AC084759.3	0
AC084768.1	0
AC084768.2	0
AC084781.1	0
AC084781.2	0
AC084782.1	0
AC084782.2	0
AC084782.3	0.041999279
AC084783.1	0
AC084809.1	0.698282428
AC084809.2	0.142239745
AC084816.1	0.026769619
AC084819.1	0
AC084824.1	0.410631756
AC084824.2	0
AC084824.3	0.085077979
AC084824.4	0.066417464
AC084824.5	0.058778652
AC084838.1	0
AC084851.1	0
AC084851.2	0
AC084851.3	0
AC084855.1	0.042439831
AC084855.2	0
AC084859.1	0.217393283
AC084864.1	0
AC084866.1	0
AC084866.2	0
AC084871.1	0.06464869
AC084871.2	0
AC084871.3	0
AC084876.1	0.037871425
AC084876.2	0.014204554
AC084878.1	0
AC084879.1	0
AC084879.2	0
AC084880.1	0.400881191
AC084880.2	0
AC084880.3	0.089743376
AC084880.4	0
AC084882.1	0
AC087045.1	0.063548647
AC087045.2	0.121014871
AC087045.3	0.009836136
AC087071.1	0.096523194
AC087071.2	0.295528839
AC087072.1	0.115323436
AC087072.2	0
AC087163.1	0
AC087163.2	0.028459066
AC087163.3	0.034679405
AC087164.1	0.053259287
AC087164.2	0
AC087190.1	0
AC087190.2	0.096715471
AC087190.3	0
AC087203.1	0
AC087203.2	0
AC087203.3	0.015692038
AC087222.1	0
AC087235.1	0
AC087239.1	0.127319492
AC087241.1	0
AC087241.2	0
AC087241.3	0
AC087241.4	0.050574132
AC087242.1	0
AC087257.1	0
AC087257.2	0.078477101
AC087258.1	0.027854943
AC087258.2	0
AC087260.1	0
AC087269.1	0
AC087272.1	0
AC087273.1	0
AC087273.2	0.076579127
AC087276.1	0.26530692
AC087276.2	0.030845722
AC087276.3	0.054674737
AC087277.1	0
AC087277.2	0.482296355
AC087280.1	0.024202974
AC087283.1	0
AC087284.1	0.046283285
AC087286.1	0
AC087286.2	0.147124747
AC087286.3	0
AC087286.4	0.032540996
AC087289.1	0
AC087289.2	0.171075287
AC087289.3	0.009591301
AC087289.4	0
AC087289.5	0.351709237
AC087292.1	0
AC087294.1	0.12785034
AC087301.1	0
AC087311.1	0
AC087311.2	0
AC087312.1	0
AC087318.1	0
AC087321.1	0
AC087341.1	0
AC087343.1	0.204425964
AC087354.1	0.023409434
AC087359.1	0
AC087360.1	0
AC087362.1	0
AC087362.2	0.189652994
AC087369.1	0
AC087373.1	0
AC087379.1	0
AC087379.2	0
AC087385.1	1.867352555
AC087385.2	0.243730755
AC087385.3	0
AC087386.1	0
AC087386.2	0
AC087388.1	0.523933451
AC087392.1	0
AC087392.2	0.041496723
AC087392.3	0.069161206
AC087392.4	0.099899519
AC087392.5	0
AC087393.1	0
AC087393.2	0
AC087393.3	0
AC087399.1	0
AC087430.1	0
AC087439.1	0
AC087439.2	0
AC087441.1	0
AC087441.2	0
AC087442.1	1.072415323
AC087457.1	0
AC087463.1	0
AC087463.2	0
AC087463.3	0
AC087463.4	0
AC087465.1	0
AC087468.1	0
AC087473.1	0.056984937
AC087477.1	0.071398774
AC087477.2	0.022888538
AC087477.3	0
AC087477.4	0
AC087477.5	0.059792077
AC087477.6	0.086389976
AC087481.1	0.05031209
AC087481.2	0
AC087481.3	0.730574574
AC087482.1	0.023916831
AC087491.1	0.157633657
AC087498.1	0
AC087499.1	0
AC087499.2	0.275123276
AC087499.3	0
AC087499.4	0
AC087499.5	0
AC087499.6	0
AC087499.7	0
AC087500.1	0.144101636
AC087500.2	0
AC087501.1	0.033951865
AC087501.2	0
AC087501.3	0
AC087501.4	0.102256037
AC087516.1	0
AC087516.2	0
AC087518.1	0
AC087521.1	0.118707008
AC087521.2	0.01473033
AC087521.3	0.021238481
AC087565.1	0
AC087575.1	0
AC087588.1	0
AC087588.2	0
AC087612.1	0.036892984
AC087620.1	0
AC087623.1	0.064391467
AC087623.2	0.181839575
AC087623.3	1.061227682
AC087623.4	0.034928897
AC087627.1	0.220020392
AC087632.1	0.088856454
AC087633.1	0
AC087633.2	0
AC087636.1	0.042365765
AC087639.1	0.131932517
AC087641.1	0.071328844
AC087645.1	0
AC087645.2	0.487631803
AC087645.3	0
AC087650.1	0.518709043
AC087664.1	0
AC087664.2	0
AC087664.3	0
AC087667.1	0.034142874
AC087672.1	0.169759323
AC087672.2	0.39472493
AC087683.1	0
AC087683.2	0.223394938
AC087685.1	0.175910023
AC087699.1	0
AC087721.1	0.050999124
AC087741.1	0.232234201
AC087741.2	0.141137112
AC087741.3	0.216263548
AC087742.1	0.065609684
AC087749.1	0
AC087749.2	0.13792945
AC087752.1	0
AC087752.2	0
AC087752.3	0.513587797
AC087752.4	0
AC087761.1	0
AC087762.1	0
AC087762.2	0
AC087763.1	0.084879662
AC087783.1	0
AC087783.2	0.302364916
AC087808.1	0
AC087821.1	0
AC087854.1	0.175910023
AC087855.1	0
AC087855.2	0
AC087857.1	0
AC087863.1	0
AC087878.1	0.042291957
AC087879.1	0.064907977
AC087883.1	0
AC087884.1	0
AC087885.1	0
AC087888.1	0
AC087893.1	0.073119227
AC087893.2	0
AC087894.1	0
AC087894.2	0
AC087894.3	0
AC087897.1	0
AC087897.2	0
AC089983.1	3.08206406
AC089984.1	0
AC089984.2	0.020212809
AC089984.3	0
AC089987.1	0.007838419
AC089987.2	0.082570011
AC089998.1	0
AC089998.2	0
AC089998.3	0
AC089998.4	0
AC089999.1	0
AC089999.2	0.042072068
AC090001.1	0
AC090004.1	0.090919787
AC090013.1	0.202296527
AC090017.1	0
AC090018.1	0.132292007
AC090022.1	0
AC090023.1	0
AC090023.2	0
AC090044.1	0
AC090049.1	0
AC090049.2	0
AC090058.1	0.111611877
AC090061.1	0.0938599
AC090071.1	0
AC090079.1	0
AC090079.2	0
AC090092.1	0
AC090093.1	0
AC090095.1	0
AC090099.1	0
AC090099.2	0
AC090099.3	0
AC090099.4	0
AC090103.1	0
AC090109.1	0
AC090114.1	1.842343369
AC090114.2	0.805285862
AC090114.3	0.263546742
AC090115.1	0
AC090116.1	0
AC090124.1	0.042738703
AC090124.2	0
AC090124.3	0
AC090125.1	0.24620267
AC090132.1	0
AC090132.2	0
AC090136.1	0
AC090136.2	0
AC090136.3	0.016887362
AC090138.1	0
AC090142.1	0
AC090142.2	0
AC090142.3	0
AC090150.1	0
AC090150.2	0
AC090151.1	0
AC090152.1	0.543171397
AC090155.1	0
AC090155.2	0
AC090159.1	0
AC090164.1	0
AC090164.2	0
AC090164.3	0
AC090181.1	0
AC090181.2	0.361243798
AC090181.3	0
AC090186.1	0
AC090192.1	0.099084013
AC090192.2	0.570673747
AC090193.1	0.103300354
AC090193.2	0
AC090197.1	0.020238085
AC090198.1	0.443248441
AC090200.1	0
AC090204.1	1.047182021
AC090206.1	0.014466975
AC090213.1	0
AC090220.1	0
AC090227.1	0.025935452
AC090227.2	0
AC090229.1	0.135786357
AC090236.1	0
AC090236.2	0.132292007
AC090241.1	0
AC090241.2	0
AC090241.3	0.028021066
AC090246.1	0.39889456
AC090260.1	0.100572069
AC090281.1	0.351820047
AC090282.1	0
AC090283.1	0
AC090286.1	0
AC090286.2	0.454908714
AC090286.3	0
AC090287.1	0.083421248
AC090311.1	0
AC090312.1	0
AC090312.2	0
AC090337.1	0
AC090340.1	0
AC090358.1	0
AC090360.1	0.105762408
AC090371.1	0.043504629
AC090371.2	0.013887633
AC090373.1	0
AC090376.1	0
AC090377.1	0
AC090386.1	0
AC090386.2	0
AC090398.1	0
AC090403.1	0
AC090409.1	0.182218723
AC090409.2	0
AC090415.1	0
AC090415.2	0
AC090424.1	0
AC090425.1	0.173397023
AC090425.2	0.339179805
AC090453.1	0
AC090457.1	0
AC090458.1	0
AC090498.1	36.50284258
AC090502.1	0.020730643
AC090502.2	0
AC090502.3	0
AC090502.4	0
AC090503.1	0
AC090503.2	0.244758401
AC090505.1	0
AC090505.2	0
AC090506.1	0
AC090506.2	0
AC090510.1	0
AC090510.2	0.077187864
AC090510.3	0
AC090515.1	0.407992995
AC090515.2	0.13911509
AC090515.3	0
AC090515.4	0.05394574
AC090515.5	0
AC090517.1	0
AC090517.2	0.499791419
AC090517.3	0
AC090518.1	0
AC090519.1	0.145362774
AC090519.2	0.074123918
AC090525.1	0
AC090525.2	0
AC090525.3	0
AC090527.1	0
AC090527.2	0.091605974
AC090527.3	0.132895529
AC090531.1	0
AC090539.1	0
AC090539.2	0
AC090541.1	0
AC090543.1	0
AC090543.2	1.255633615
AC090559.1	0.654328389
AC090559.2	0.056454845
AC090568.1	0
AC090568.2	0
AC090572.1	0
AC090572.2	0
AC090572.3	0
AC090574.1	0
AC090578.1	0
AC090579.1	0.04816584
AC090587.1	1.179380561
AC090587.2	0.414573527
AC090589.1	0.603536599
AC090589.2	0
AC090589.3	0.211459784
AC090592.1	0
AC090602.1	0.770653435
AC090607.1	0.108131774
AC090607.2	0.20957338
AC090607.3	0
AC090607.4	0
AC090607.5	0
AC090615.1	0
AC090616.1	0
AC090616.2	0.047880835
AC090616.3	0
AC090616.4	0
AC090616.5	0
AC090616.6	0.11140699
AC090617.1	0
AC090617.2	0
AC090617.3	0
AC090617.4	0
AC090617.5	1.643944687
AC090617.6	0.192663359
AC090617.7	0.290725548
AC090617.8	0
AC090617.9	0.362322138
AC090618.1	0
AC090621.1	0
AC090625.1	0
AC090625.2	0
AC090627.1	0.015462155
AC090630.1	0
AC090643.1	0.015661667
AC090643.2	0.011964309
AC090651.1	0
AC090666.1	0.109103745
AC090673.1	0.040237996
AC090673.2	0.053470448
AC090679.1	0
AC090680.1	0
AC090686.1	0.129642634
AC090692.1	0
AC090695.1	0.119192716
AC090696.1	0
AC090699.1	0
AC090707.1	0
AC090709.1	0.40685335
AC090735.1	0
AC090739.1	0.651463391
AC090740.1	0
AC090751.1	0.090919787
AC090753.1	0
AC090771.1	0.030006901
AC090771.2	0
AC090772.1	0.287285008
AC090772.2	0
AC090772.3	0.231196031
AC090772.4	2.347086775
AC090774.1	0
AC090774.2	0
AC090774.3	0
AC090791.1	0
AC090796.1	0.112560664
AC090802.1	0
AC090809.1	0.108212109
AC090819.1	0
AC090820.1	0.123226311
AC090821.1	0
AC090821.2	0
AC090825.1	0.319662986
AC090825.2	0
AC090826.1	0.063805617
AC090826.2	0
AC090833.1	0
AC090844.1	0
AC090844.2	0
AC090844.3	0
AC090857.1	0
AC090857.2	0.033576187
AC090877.1	0
AC090877.2	0.027935079
AC090888.1	0
AC090888.2	0
AC090888.3	0
AC090897.1	0
AC090907.1	0.197764425
AC090907.2	0.033716088
AC090912.1	0.596242395
AC090912.2	0.158018442
AC090912.3	0.091090369
AC090921.1	0.081257182
AC090922.1	0.572312374
AC090948.1	0.13265346
AC090948.2	0
AC090948.3	0.04405732
AC090950.1	0
AC090950.2	0
AC090952.1	0
AC090953.1	0
AC090954.1	0.336226914
AC090955.1	0
AC090957.1	0
AC090958.1	0
AC090960.1	0
AC090970.1	0.127430883
AC090970.2	0.252578322
AC090970.3	0.560637026
AC090971.1	0
AC090971.2	0.142797548
AC090971.3	0.116597422
AC090971.4	0.013486435
AC090971.5	0
AC090983.1	0.012458601
AC090984.1	0
AC090985.1	0
AC090987.1	0
AC090993.1	0
AC091013.1	0
AC091027.1	0
AC091027.2	0
AC091042.1	0.280642581
AC091043.1	0
AC091044.1	0.064734889
AC091045.1	0.041836421
AC091046.1	0
AC091046.2	0
AC091047.1	0
AC091053.1	0
AC091053.2	0.045205928
AC091057.1	0
AC091057.2	0.030650989
AC091057.3	0.165590609
AC091059.1	0
AC091059.2	0
AC091060.1	0.027492167
AC091062.1	0
AC091073.1	0
AC091076.1	0
AC091078.1	0.151846183
AC091078.2	0
AC091078.3	0
AC091096.1	0
AC091096.2	0
AC091100.1	0.010312482
AC091114.1	0
AC091117.1	0
AC091117.2	0.044788899
AC091132.1	0
AC091132.2	0.189406371
AC091132.3	0
AC091132.4	0
AC091132.5	0
AC091132.6	0.029389326
AC091133.1	0
AC091133.2	0
AC091133.3	0
AC091133.4	0.157633657
AC091133.5	0.403248891
AC091135.1	0
AC091138.1	0
AC091144.1	0.175910023
AC091144.2	0.056063703
AC091151.1	0
AC091152.1	0.028968476
AC091152.2	0.066146003
AC091152.3	0
AC091152.4	0.006969734
AC091153.1	0.905805344
AC091153.2	0
AC091153.3	0.411450563
AC091153.4	0.050574132
AC091163.1	0
AC091163.2	0
AC091163.3	0
AC091167.1	0
AC091167.2	0.120176155
AC091167.3	0.131932517
AC091167.4	0.081461689
AC091167.5	0
AC091167.6	0.187456241
AC091170.1	0.74267766
AC091173.1	0.01765497
AC091175.1	0
AC091178.1	0.058200871
AC091178.2	0
AC091179.1	0
AC091179.2	0
AC091180.1	0
AC091180.2	0
AC091180.3	0
AC091180.4	0
AC091180.5	0.190645942
AC091181.1	0.011570821
AC091182.1	0.062993964
AC091182.2	1.55397332
AC091185.1	0
AC091193.1	0.108373139
AC091198.1	0
AC091212.1	0
AC091230.1	0
AC091231.1	0
AC091271.1	1.337037286
AC091286.1	0
AC091304.1	0
AC091304.2	0
AC091304.3	0
AC091304.4	0
AC091304.5	0
AC091304.6	0
AC091304.9	0
AC091305.1	0.030806578
AC091390.1	0.073340131
AC091390.2	0.389447859
AC091390.3	0.287285008
AC091390.4	0.557682317
AC091393.1	0
AC091429.1	0.6339246
AC091435.1	0
AC091435.2	0.128896902
AC091488.1	0.22068712
AC091489.1	0
AC091489.2	0
AC091492.1	0.267745403
AC091493.1	0.059064679
AC091515.1	0
AC091516.1	0.034531413
AC091534.1	0
AC091544.1	0.069757423
AC091544.2	0.022129064
AC091544.3	0
AC091544.4	0.049936916
AC091544.5	0
AC091544.6	0
AC091544.7	0
AC091551.1	0.093009897
AC091563.1	0.677908574
AC091564.1	0
AC091564.2	0
AC091564.3	0
AC091564.4	0
AC091564.5	0
AC091564.6	0
AC091588.1	0
AC091588.2	0
AC091588.3	0.031526731
AC091607.1	0.022901494
AC091614.1	0
AC091675.1	0
AC091685.1	0
AC091685.2	0.05619348
AC091691.1	0
AC091691.2	0
AC091705.1	0
AC091729.1	0.083805236
AC091729.2	0
AC091729.3	2.982913822
AC091730.1	0
AC091736.1	0
AC091769.1	0.042738703
AC091770.1	0
AC091799.1	0.029932902
AC091804.1	0.04281408
AC091805.1	0.070981237
AC091805.2	0
AC091806.1	0
AC091807.1	0.015722528
AC091808.1	0
AC091810.1	0
AC091812.1	0.012461798
AC091812.2	0.063053463
AC091812.3	0
AC091814.1	0
AC091819.1	0
AC091819.2	0
AC091820.1	0
AC091820.2	0
AC091825.1	0.129667366
AC091826.1	0
AC091826.2	0
AC091834.1	0
AC091839.1	0
AC091849.1	0.601873964
AC091849.2	0.035080323
AC091860.1	0
AC091860.2	0
AC091862.1	0
AC091868.1	0
AC091868.2	0.436611209
AC091874.1	0.07160939
AC091874.2	0
AC091874.3	0
AC091885.1	0
AC091885.2	0
AC091887.1	0.055297456
AC091891.1	0.035284278
AC091891.2	0
AC091893.1	0
AC091895.1	0
AC091903.1	0
AC091905.1	0
AC091905.2	0
AC091905.3	0
AC091905.4	0.360528464
AC091906.1	0.062085891
AC091912.1	0
AC091912.2	0
AC091917.1	0
AC091917.2	0
AC091917.3	0
AC091925.1	0
AC091925.2	0
AC091931.1	0.066691163
AC091932.1	0
AC091932.2	0
AC091932.3	0
AC091932.4	0
AC091939.1	0
AC091941.1	0
AC091944.1	0
AC091946.1	0.455879497
AC091946.2	0
AC091948.1	0.011940769
AC091951.1	0
AC091951.2	0
AC091951.3	0
AC091951.4	0
AC091953.1	0
AC091953.2	0
AC091953.3	0
AC091953.4	0
AC091953.5	0
AC091959.1	0.101998249
AC091959.2	0.22687461
AC091959.3	0.014663596
AC091962.1	0
AC091965.1	0.034928897
AC091965.2	0
AC091965.3	0
AC091965.4	0.165421351
AC091965.5	0
AC091979.1	0
AC091979.2	0
AC091980.1	0
AC091980.2	0
AC091982.1	0.212943712
AC091982.2	0.021771824
AC091982.3	2.086667153
AC091987.1	0
AC092001.1	0
AC092013.1	0
AC092017.1	0.589392005
AC092017.2	0.067059622
AC092028.1	0.026415216
AC092032.1	0
AC092035.1	0
AC092042.1	0
AC092042.2	0
AC092042.3	0.014676894
AC092045.1	0.138041497
AC092047.1	0
AC092053.1	0
AC092059.1	0
AC092066.1	0.076579127
AC092067.1	0
AC092068.1	0
AC092068.2	0.014212871
AC092068.3	0
AC092069.1	0
AC092070.1	0
AC092070.2	0.118707008
AC092070.3	0
AC092070.4	0.047880835
AC092071.1	0.04421782
AC092073.1	0.049847193
AC092078.1	0
AC092078.2	0
AC092079.1	0
AC092098.1	0
AC092100.1	0
AC092104.1	0
AC092106.1	0
AC092106.2	0
AC092111.1	0.086750148
AC092111.2	0
AC092112.1	0.037930599
AC092114.1	0
AC092115.1	0.173149666
AC092115.2	0
AC092115.3	0.615090791
AC092117.1	0.515389305
AC092117.2	0.043897981
AC092118.1	0
AC092118.2	0.109185532
AC092119.1	0
AC092119.2	0.179095517
AC092119.3	0.041639079
AC092120.1	0
AC092120.2	0
AC092121.1	0
AC092123.1	0.185841785
AC092125.1	0
AC092127.1	0.014052436
AC092127.2	0
AC092130.1	0.091433458
AC092131.1	0
AC092132.1	0
AC092132.2	0
AC092134.1	0.060688958
AC092134.2	0
AC092135.1	0.011789987
AC092135.2	0
AC092135.3	0.03945111
AC092138.1	0
AC092138.2	0
AC092139.1	0
AC092139.2	0.025078082
AC092139.3	0
AC092140.1	0
AC092140.2	0
AC092142.1	0.377096438
AC092142.2	0
AC092143.1	0
AC092143.2	0
AC092143.3	0.043426804
AC092145.1	0.019947069
AC092155.1	0.018950494
AC092155.2	0.305353248
AC092159.1	0
AC092159.2	0.042255149
AC092159.3	0
AC092159.4	0
AC092162.1	0
AC092162.2	0.009177914
AC092162.3	0.014948019
AC092164.1	0.573970674
AC092167.1	0.588498987
AC092168.1	0
AC092168.2	0.135428637
AC092170.1	0
AC092171.1	0
AC092171.2	1.620363445
AC092171.3	0.43038567
AC092171.4	0.268875131
AC092171.5	1.236972393
AC092175.1	0
AC092183.1	0
AC092184.1	0
AC092185.1	0
AC092198.1	0
AC092265.1	0
AC092266.1	0
AC092268.1	0.059939712
AC092278.1	0
AC092279.1	0.155115548
AC092279.2	0.02217961
AC092284.1	0.018832881
AC092287.1	0.314586392
AC092295.1	0
AC092295.2	0.313908404
AC092296.1	0
AC092296.2	0.024299883
AC092296.3	0
AC092301.1	0.031774324
AC092316.1	0
AC092324.1	0
AC092325.1	0
AC092326.1	0
AC092326.2	0
AC092327.1	0
AC092327.2	0.053885867
AC092329.1	0
AC092329.2	0
AC092332.1	0
AC092335.1	0
AC092336.1	0
AC092337.1	0
AC092338.1	0.172167257
AC092338.2	0
AC092343.1	0.06659968
AC092349.1	0
AC092354.1	0.064562721
AC092354.2	0.047228761
AC092364.1	0
AC092364.2	0.009017676
AC092368.1	0
AC092368.2	0
AC092368.3	0.976516233
AC092375.1	0
AC092375.2	0.131219369
AC092375.3	0.229014936
AC092376.1	0.072464428
AC092376.2	0.082570011
AC092378.1	0.045545184
AC092378.2	0
AC092384.1	0
AC092384.2	0.007940982
AC092384.3	0.016899118
AC092393.1	0
AC092418.1	0.038965623
AC092421.1	0
AC092422.1	0.041567779
AC092423.1	0
AC092427.1	0
AC092431.1	0.057799008
AC092431.2	0.152676624
AC092435.1	0
AC092435.2	0
AC092435.3	0
AC092435.4	0
AC092436.1	0.048261597
AC092436.2	0
AC092436.3	0
AC092436.4	0.100520013
AC092437.1	0.138982347
AC092440.1	0
AC092447.1	0
AC092447.10	0
AC092447.2	0.108859118
AC092447.3	0
AC092447.4	0
AC092447.5	0
AC092447.6	0
AC092447.7	0
AC092447.8	0
AC092447.9	0.505741317
AC092451.1	0
AC092451.2	0
AC092451.3	0
AC092468.1	0
AC092470.1	0
AC092471.1	0.088274848
AC092471.2	0.11034356
AC092473.1	0
AC092474.1	0
AC092474.2	0.033762981
AC092484.1	0.08742707
AC092490.1	0.010651857
AC092490.2	0
AC092490.3	0
AC092506.1	0
AC092535.1	0.011212741
AC092535.2	0.080649778
AC092535.3	0.047137055
AC092535.4	0.366885389
AC092542.1	0.205145774
AC092546.1	0
AC092552.1	0
AC092567.1	0
AC092568.1	0
AC092569.1	0.376365631
AC092570.1	0
AC092570.2	0
AC092570.3	0.035029702
AC092573.1	0
AC092573.2	0
AC092574.1	0.057799008
AC092574.2	0
AC092580.1	0.036892984
AC092580.2	0.051760305
AC092580.3	0
AC092587.1	0.108859118
AC092590.1	0
AC092593.1	0
AC092593.2	0
AC092597.1	0.630534629
AC092598.1	0
AC092601.1	0
AC092608.1	0
AC092608.2	0.111355886
AC092608.3	0
AC092611.1	0
AC092611.2	2.156055088
AC092611.3	4.631970614
AC092612.1	0
AC092614.1	0.267058121
AC092620.1	0.071398774
AC092620.2	0
AC092620.3	0.008782773
AC092625.1	0
AC092628.1	0
AC092628.2	0
AC092634.1	0
AC092634.2	0
AC092634.3	0
AC092634.4	0.027711853
AC092634.5	0
AC092634.6	0
AC092634.7	0
AC092637.1	0
AC092638.1	0
AC092638.2	0
AC092639.1	0
AC092641.1	0.062890112
AC092642.1	0
AC092645.1	0.07479273
AC092646.1	0
AC092646.2	0
AC092647.1	0
AC092647.2	0.095950922
AC092647.3	0
AC092647.4	0
AC092647.5	0
AC092648.1	0
AC092650.1	0
AC092650.2	0
AC092651.1	0
AC092651.2	1.527833909
AC092652.1	0
AC092652.2	0
AC092653.1	0.137150188
AC092653.2	0.141962475
AC092656.1	0
AC092658.1	0
AC092660.1	0
AC092666.1	0.017591002
AC092666.2	0
AC092667.1	0.00938731
AC092669.1	0
AC092673.1	0
AC092674.1	0
AC092675.1	0
AC092675.2	0
AC092681.1	0.333684993
AC092681.2	0.023924688
AC092681.3	0
AC092683.1	0.009198781
AC092683.2	0
AC092685.1	0
AC092687.1	0
AC092687.2	0
AC092687.3	4.262125298
AC092691.1	0
AC092691.2	0
AC092691.3	0
AC092692.1	0
AC092701.1	0.015651569
AC092709.1	0
AC092718.1	0.022312117
AC092718.2	0.086636628
AC092718.3	0.659491911
AC092718.4	5.119571321
AC092718.5	0.122810708
AC092718.6	0.048942708
AC092718.7	0.068343421
AC092720.1	0.017902348
AC092720.2	0
AC092723.1	0
AC092723.2	0
AC092724.1	0
AC092725.1	0
AC092745.1	0.057051899
AC092745.2	0.430695831
AC092745.3	0
AC092746.1	0
AC092747.1	0.039472493
AC092747.2	0.172867836
AC092747.3	0
AC092747.4	1.917523231
AC092754.1	0
AC092754.2	0
AC092755.1	0
AC092755.2	0.603870229
AC092756.1	0.433492557
AC092757.1	0
AC092757.2	0.076700105
AC092757.3	0.178825659
AC092783.1	0
AC092794.1	0.20855312
AC092794.2	0.17247306
AC092798.1	0.118707008
AC092800.1	0
AC092801.1	0
AC092802.1	0.009690852
AC092802.2	0
AC092802.3	0
AC092803.1	0
AC092803.2	1.278335083
AC092807.1	0
AC092807.2	0
AC092809.1	0
AC092809.2	0.050468988
AC092809.3	1.786514782
AC092809.4	0.073395565
AC092810.1	0
AC092810.2	0
AC092810.3	0
AC092811.1	0.146828124
AC092813.1	0
AC092813.2	0
AC092814.1	0.125780224
AC092818.1	0
AC092819.1	0
AC092821.1	0.037915788
AC092821.2	0
AC092824.1	0
AC092828.1	0.045029833
AC092832.1	0
AC092832.2	0
AC092834.1	0
AC092835.1	0.052681387
AC092839.1	0
AC092839.2	0.064391467
AC092849.1	0.320469745
AC092849.2	0
AC092850.1	0
AC092851.1	0
AC092862.1	0.182180737
AC092865.1	0.078944986
AC092865.2	0
AC092868.1	0.060537614
AC092868.2	0.048844232
AC092868.3	0.030963754
AC092881.1	0
AC092892.1	0.094580194
AC092894.1	0
AC092896.1	0
AC092902.1	0
AC092902.2	0.133421952
AC092902.3	0.130163985
AC092903.1	0.370619591
AC092903.2	0.227405932
AC092905.1	0
AC092910.1	0.021501845
AC092910.2	0
AC092910.3	0.2766133
AC092916.1	0
AC092916.2	0
AC092919.1	0.530034568
AC092919.2	0.486987384
AC092920.1	0.035804695
AC092924.1	0.049847193
AC092925.1	0
AC092933.1	0
AC092941.1	0
AC092941.2	0
AC092943.1	0
AC092944.1	0.424508256
AC092944.2	0
AC092952.1	0
AC092953.1	0.08941283
AC092953.2	0.382019192
AC092954.1	0.054551872
AC092954.2	0
AC092957.1	0
AC092958.1	0
AC092958.2	0
AC092960.1	0
AC092964.1	0.190873063
AC092966.1	0
AC092967.1	0
AC092978.1	0
AC092979.1	0.017168022
AC092989.1	0
AC092991.1	0
AC092994.1	0
AC092999.1	0.088320729
AC093001.1	0
AC093004.1	0.114507468
AC093010.1	0
AC093010.2	0.015656616
AC093010.3	0.997626708
AC093012.1	0
AC093014.1	0.067059622
AC093019.1	0
AC093019.2	0
AC093023.1	0
AC093025.1	0
AC093027.1	0
AC093028.1	0
AC093063.1	0.066874885
AC093072.1	0
AC093074.1	0
AC093083.1	0.559667625
AC093084.1	0
AC093106.1	0.068964725
AC093106.2	0
AC093107.1	0.039861385
AC093107.2	0.054551872
AC093110.1	0.235685274
AC093117.1	0
AC093142.1	0
AC093151.1	0
AC093151.2	0.061613155
AC093151.3	0.033073002
AC093152.1	0
AC093155.1	0
AC093155.2	0.025907773
AC093155.3	0.012059405
AC093156.1	0
AC093157.1	1.265065604
AC093157.2	0.144712866
AC093158.1	0.034482363
AC093159.1	0.114507468
AC093159.2	0
AC093162.1	1.761937492
AC093162.2	2.517212464
AC093166.1	0
AC093166.2	0
AC093166.3	0.080117436
AC093166.4	0
AC093206.1	0
AC093214.1	0.021929163
AC093225.1	0
AC093227.1	0.446242339
AC093227.2	0
AC093248.1	0
AC093249.1	0.119584154
AC093249.2	0.100728561
AC093249.3	0
AC093249.4	0.843553085
AC093249.5	0
AC093249.6	0.592087396
AC093259.1	0
AC093270.1	0.099899519
AC093270.2	0.061301978
AC093274.1	0.008901937
AC093278.1	0
AC093278.2	0.361447316
AC093281.1	0.04421782
AC093281.2	0.040662618
AC093283.1	0
AC093286.1	0
AC093292.1	0
AC093297.1	0
AC093297.2	0.462943184
AC093300.1	0
AC093303.1	0
AC093305.1	0
AC093311.1	0.060058345
AC093323.1	3.729048915
AC093323.2	0
AC093325.1	0
AC093326.1	0.031857721
AC093330.1	0
AC093330.2	0.012143864
AC093331.1	0
AC093331.2	0
AC093334.1	0
AC093367.1	0.346794046
AC093382.1	0
AC093388.1	0.508093602
AC093390.1	0
AC093392.1	0
AC093392.2	0
AC093414.1	0
AC093422.1	0.043977506
AC093422.2	0
AC093422.3	0
AC093423.1	0.170954811
AC093423.2	0.055550534
AC093423.3	0
AC093424.1	0.071821252
AC093425.1	0
AC093426.1	0
AC093433.1	0.127542469
AC093458.1	0
AC093458.2	0.038593932
AC093459.1	0
AC093462.1	0.072119974
AC093484.1	0.050892208
AC093484.2	0
AC093484.3	0
AC093484.4	1.197808382
AC093495.1	0.07255467
AC093496.1	1.623652385
AC093503.1	0.057457002
AC093503.2	0
AC093503.3	0.030963754
AC093510.1	0.036232214
AC093510.2	0
AC093512.1	0
AC093515.1	0.054551872
AC093519.1	0
AC093520.1	0.604485377
AC093520.2	0
AC093523.1	0.097296927
AC093524.1	0
AC093525.1	0
AC093525.10	0.030944019
AC093525.2	0.01248744
AC093525.3	0
AC093525.4	0
AC093525.5	0
AC093525.6	0
AC093525.7	0
AC093525.8	0.289425731
AC093525.9	0
AC093534.1	0
AC093534.2	0
AC093535.1	0.158100305
AC093535.2	0.166985955
AC093536.1	0.657281134
AC093536.2	0
AC093567.1	0.027680255
AC093578.1	0
AC093579.1	0
AC093580.1	0
AC093581.1	0
AC093582.1	0.315267315
AC093583.1	0.040628591
AC093585.1	0.056718652
AC093591.1	0.100937976
AC093591.2	0
AC093599.1	0.086389976
AC093607.1	0
AC093616.1	0.637306481
AC093620.1	0.083278159
AC093627.1	0
AC093627.2	0
AC093627.3	0.042291957
AC093627.4	1.263518412
AC093627.5	0.268053369
AC093627.6	0
AC093627.7	0.015134404
AC093635.1	0.393658106
AC093639.1	0
AC093642.1	0
AC093642.2	0.005052151
AC093648.1	0
AC093655.1	0
AC093655.2	0
AC093663.1	0.061613155
AC093663.2	0
AC093664.1	0
AC093668.1	0
AC093668.2	0
AC093671.1	0
AC093673.1	4.570403013
AC093673.2	0
AC093677.1	0.07160939
AC093677.2	0.039091116
AC093689.1	0
AC093690.1	0.011505016
AC093698.1	0.212570781
AC093698.2	0
AC093700.1	0.135428637
AC093702.1	0.926044046
AC093714.1	0
AC093714.2	0
AC093716.1	0
AC093720.1	0
AC093722.1	0
AC093724.1	1.158231332
AC093725.1	0
AC093725.2	0
AC093726.1	0.428540929
AC093726.2	0.035751964
AC093729.1	0
AC093730.1	0
AC093732.1	0
AC093732.2	0
AC093734.1	0
AC093752.1	1.223137688
AC093752.2	0.169463059
AC093752.3	0.29637227
AC093755.1	0
AC093763.1	0
AC093763.2	0
AC093765.1	0
AC093766.1	0
AC093767.1	0
AC093770.1	0
AC093772.1	0
AC093775.1	0
AC093783.1	0
AC093787.1	0
AC093788.1	0.209498021
AC093789.1	0.037404597
AC093797.1	0
AC093799.1	0.125997837
AC093801.1	0
AC093801.2	0
AC093802.1	0
AC093802.2	0
AC093809.1	0.713987742
AC093810.1	0
AC093813.1	0
AC093815.1	0
AC093816.1	0.053177619
AC093817.1	0
AC093821.1	0
AC093824.1	0
AC093826.1	0
AC093826.2	0.224773919
AC093827.1	0
AC093827.2	0
AC093827.3	0.131219369
AC093829.1	0
AC093831.1	0
AC093831.2	0
AC093833.1	0.087795961
AC093835.1	0
AC093838.1	0
AC093840.1	0.650238836
AC093843.1	0
AC093844.1	0.035673157
AC093849.1	0
AC093850.1	0
AC093852.1	0
AC093853.1	0
AC093857.1	0
AC093864.1	0
AC093865.1	0.168191108
AC093870.1	0
AC093871.1	0
AC093875.1	0
AC093878.1	0
AC093879.1	0
AC093879.2	0
AC093890.1	0.584412189
AC093893.1	0
AC093895.1	0.545369267
AC093899.1	0
AC093899.2	0
AC093901.1	0.247963056
AC093903.1	0
AC093904.1	0
AC093904.2	0.089139228
AC093904.3	0.197898776
AC093904.4	0.044501527
AC093908.1	0.101998249
AC093909.1	0.605807781
AC093909.2	0
AC093909.3	0
AC093909.4	0
AC093909.5	0
AC093909.6	1.754106658
AC093911.1	0
AC093913.1	0
AC093915.1	0
AC094019.1	0
AC094085.1	0
AC094103.1	0
AC094104.1	0
AC094104.2	0
AC094105.1	0
AC094108.1	0
AC095030.1	0
AC095031.1	0.03612438
AC095032.1	0
AC095032.2	0
AC095033.1	0
AC095038.1	0.015258066
AC095038.2	0
AC095040.1	0
AC095041.1	0.082150874
AC095050.1	0
AC095050.2	0
AC095052.1	0.056258594
AC095055.1	0.196298517
AC095056.1	0
AC095057.1	0
AC095057.2	0
AC095057.3	0.083925958
AC095059.1	0
AC095059.2	0.052037692
AC095060.1	0
AC095350.1	0
AC096531.1	0
AC096531.2	0
AC096533.1	0.343846788
AC096536.1	0.475991828
AC096536.2	0.070774295
AC096536.3	1.05546014
AC096537.1	0
AC096537.2	0
AC096540.1	0.220353252
AC096541.1	0
AC096543.1	0
AC096543.2	0.056520566
AC096553.1	0
AC096554.1	0
AC096558.1	0.052261751
AC096558.2	0
AC096559.1	0
AC096564.1	0.039166801
AC096564.2	0.023141643
AC096570.1	0
AC096576.1	0
AC096576.2	0
AC096576.3	0
AC096577.1	0
AC096577.2	0
AC096582.1	0
AC096582.2	0
AC096586.1	0
AC096586.2	0
AC096588.1	0
AC096631.1	0
AC096631.2	0.030728586
AC096632.1	0
AC096632.2	0
AC096633.1	0
AC096636.1	0
AC096637.1	0
AC096637.2	0.059401917
AC096638.1	0
AC096638.2	0
AC096639.1	0
AC096642.1	0.083580814
AC096644.1	0
AC096644.2	0
AC096644.3	0
AC096644.4	0
AC096649.1	0
AC096649.2	0
AC096656.1	0.071189394
AC096659.1	0
AC096661.1	0
AC096664.1	0
AC096664.2	0.119584154
AC096666.1	0
AC096669.1	0
AC096677.1	1.784969354
AC096677.2	0
AC096677.3	0
AC096708.1	0
AC096708.2	0
AC096708.3	0
AC096711.1	0
AC096711.2	0.106940895
AC096711.3	0
AC096713.1	0
AC096719.1	0.038861659
AC096720.1	0.13265346
AC096720.2	0.019752305
AC096721.1	0
AC096725.1	0
AC096732.1	0
AC096733.1	0
AC096733.2	0.609501731
AC096734.1	0.021520907
AC096734.2	0.056063703
AC096736.1	0
AC096736.2	0
AC096736.3	0
AC096741.1	0
AC096743.1	0
AC096745.1	0
AC096745.2	0
AC096746.1	0
AC096751.1	0
AC096751.2	0.030650989
AC096754.1	0
AC096759.1	0.051322586
AC096759.2	1.183434682
AC096772.1	0
AC096773.1	0
AC096775.1	0
AC096861.1	0
AC096887.1	0.041378835
AC096887.2	0.570606453
AC096888.1	0.171862536
AC096915.1	0
AC096920.1	0.07160939
AC096921.1	0
AC096921.2	0.025339857
AC096922.1	0
AC096947.1	0
AC096949.1	0
AC096992.1	0
AC096992.2	0.389216596
AC096996.1	0
AC096996.2	0
AC097059.1	0
AC097059.2	0
AC097063.1	0.0540358
AC097065.1	0
AC097065.2	0
AC097066.1	0
AC097103.1	0
AC097103.2	1.820668741
AC097110.1	0
AC097173.1	0
AC097173.2	0
AC097262.1	0
AC097263.1	0.961409236
AC097347.1	0.328682945
AC097358.1	0.166842496
AC097358.2	0.146616982
AC097359.1	0
AC097359.2	0.569038368
AC097359.3	0
AC097372.1	0
AC097372.2	0
AC097372.3	0.156280579
AC097372.4	0.064562721
AC097374.1	0.003401847
AC097374.2	0.018587736
AC097375.1	0.099490095
AC097375.2	0
AC097375.3	0.008099961
AC097376.1	0.019577083
AC097376.2	0.28383571
AC097381.1	0
AC097381.2	0
AC097381.3	0
AC097382.1	0
AC097382.2	0
AC097451.1	0
AC097460.1	0.014163117
AC097460.2	0.032760571
AC097460.3	0.054922134
AC097461.1	0.034421245
AC097462.1	0
AC097462.2	0
AC097463.1	0
AC097463.2	0
AC097467.1	0
AC097467.2	0
AC097467.3	0
AC097467.4	0
AC097468.1	0
AC097468.2	0
AC097468.3	0.585595209
AC097473.1	0
AC097474.1	0
AC097478.1	0.007999863
AC097478.2	0
AC097478.3	0
AC097478.4	0
AC097480.1	0
AC097484.1	0
AC097484.2	0
AC097486.1	0
AC097487.1	0
AC097488.1	0.03211056
AC097491.1	0
AC097493.1	0
AC097493.2	0.12449017
AC097493.3	0
AC097494.1	0
AC097499.1	0
AC097501.1	0
AC097501.2	0
AC097504.1	0
AC097504.2	0
AC097505.1	0
AC097510.1	0
AC097512.1	0
AC097515.1	0
AC097518.1	0
AC097520.1	0
AC097521.1	0
AC097522.1	0
AC097523.1	0.190546179
AC097523.2	0.03723249
AC097527.1	0
AC097532.1	0
AC097532.2	0
AC097533.1	0
AC097534.1	0.326159467
AC097534.2	0.272431395
AC097535.1	0
AC097535.2	0
AC097537.1	0
AC097625.1	0
AC097634.1	0.019680246
AC097634.2	0
AC097634.3	0
AC097636.1	0
AC097637.1	0
AC097637.2	0
AC097638.1	0.235685274
AC097639.1	0.269586064
AC097639.2	0
AC097641.1	0
AC097641.2	0.313908404
AC097652.1	0.011483247
AC097658.1	0.287966586
AC097658.2	0
AC097662.1	0.232652085
AC097713.1	0.259169928
AC097713.2	0
AC097714.1	0
AC097716.1	0
AC097717.1	0
AC097721.1	0
AC097724.1	0.056984937
AC098476.1	0.023683496
AC098479.1	0.315267315
AC098483.1	0
AC098483.2	0
AC098484.1	1.454528747
AC098484.2	0.040391985
AC098487.1	0.440484373
AC098583.1	0.761586924
AC098583.2	0
AC098587.1	0
AC098590.1	0.135315403
AC098590.2	0
AC098591.1	0.015049959
AC098591.2	0.308261374
AC098592.1	0
AC098592.2	0
AC098613.1	1.147169329
AC098614.1	2.378681309
AC098614.2	0.095198366
AC098614.3	0
AC098614.4	0.315267315
AC098617.1	0.028254801
AC098649.1	0
AC098657.1	0
AC098657.2	0
AC098657.3	0
AC098679.1	0
AC098679.2	0.026853521
AC098679.3	0
AC098679.4	0
AC098680.1	0
AC098798.1	0
AC098799.1	0
AC098799.2	0
AC098799.3	0
AC098818.1	0
AC098818.2	0
AC098820.1	0.050750348
AC098820.2	0
AC098820.3	0.049745048
AC098824.1	0.049542007
AC098826.1	0
AC098826.2	0
AC098826.3	0
AC098827.1	0
AC098828.1	0.05517178
AC098828.2	0
AC098828.3	0.195245978
AC098829.1	0.133823502
AC098831.1	0
AC098847.1	0.021791367
AC098848.1	0
AC098850.1	0
AC098850.2	0
AC098850.3	0
AC098850.4	0
AC098851.1	0
AC098859.1	0.078434841
AC098859.2	0
AC098862.1	0
AC098864.1	0.148688494
AC098868.1	0.077806356
AC098869.1	0.083135559
AC098869.2	0
AC098872.1	0.044706415
AC098934.1	0.43495805
AC098934.2	0.031377316
AC098934.3	0.255532455
AC098934.4	0
AC098935.1	0.476770865
AC098935.2	0
AC098936.1	0.025243241
AC098965.1	0
AC098976.1	0
AC099063.1	0
AC099063.2	0.110010196
AC099066.1	0.136379681
AC099066.2	0.96785005
AC099066.3	0
AC099313.1	0
AC099314.1	0.043194988
AC099328.1	0
AC099328.2	0
AC099329.1	0
AC099329.2	0.006172282
AC099329.3	0.120974667
AC099335.1	0.109103745
AC099336.1	0.046624039
AC099336.2	21.98182732
AC099340.1	0.1621074
AC099342.1	0
AC099343.1	0
AC099343.2	0.106161443
AC099343.3	1.008653877
AC099344.1	0
AC099344.2	0
AC099398.1	0
AC099482.1	0
AC099487.1	0.372515343
AC099489.1	0.034376086
AC099489.2	0.186735256
AC099489.3	0
AC099494.1	0
AC099494.2	0.074464979
AC099494.3	0
AC099499.1	0
AC099506.1	0
AC099506.2	0
AC099508.1	0
AC099508.2	0
AC099509.1	0
AC099509.2	0.119584154
AC099511.1	0
AC099513.1	0.241949334
AC099518.1	0
AC099518.2	0.034482363
AC099518.3	0
AC099518.4	0
AC099518.5	0
AC099518.6	0.107891481
AC099520.1	0
AC099520.2	0
AC099521.1	0.011923174
AC099521.2	0.008262622
AC099522.1	0.110218312
AC099522.2	0.554684025
AC099524.1	0.112968071
AC099535.1	0.130865678
AC099541.1	0
AC099542.1	0
AC099542.2	0
AC099548.1	0
AC099548.2	0.301352068
AC099550.1	0
AC099552.1	0
AC099552.2	0
AC099552.3	0
AC099552.4	0
AC099554.1	0
AC099560.1	0.048551166
AC099560.2	2.379959139
AC099563.1	0
AC099566.1	0
AC099567.1	0
AC099568.1	0
AC099568.2	3.038814014
AC099654.1	0
AC099654.2	0
AC099654.3	0.010793945
AC099654.4	0
AC099667.1	0.051760305
AC099668.1	0
AC099669.1	0.319415569
AC099669.2	0
AC099670.1	0
AC099670.2	0
AC099673.1	0
AC099676.1	1.034575845
AC099677.1	0.138717618
AC099677.2	0
AC099677.3	0.061457173
AC099677.4	0
AC099681.1	0
AC099681.2	0.134119244
AC099681.3	0
AC099684.1	0
AC099684.2	0
AC099684.3	0
AC099687.1	0
AC099689.1	0
AC099730.1	0
AC099754.1	0
AC099778.1	0.254061572
AC099778.2	0.345150472
AC099782.1	0
AC099785.1	0
AC099786.1	0
AC099786.2	0
AC099786.3	0
AC099788.1	0.136188405
AC099789.1	0
AC099791.1	0
AC099791.2	0
AC099792.1	0
AC099793.1	0.085177485
AC099794.1	0
AC099794.2	0
AC099796.1	0.106627745
AC099796.2	0
AC099799.1	0
AC099804.1	0
AC099811.1	0.064907977
AC099811.2	0.020246525
AC099811.3	0
AC099811.4	0
AC099811.5	0
AC099811.6	0.059281033
AC099842.1	0
AC099849.1	0
AC099850.1	0.29029098
AC099850.2	0
AC099850.3	9.831233079
AC100756.1	0
AC100756.2	0.032983129
AC100756.3	0
AC100757.1	0.013229201
AC100757.2	0.260095534
AC100757.3	0
AC100763.1	0
AC100767.1	0
AC100767.2	0
AC100768.1	0
AC100768.2	0
AC100770.1	0
AC100771.1	0
AC100771.2	0.092419733
AC100773.1	0
AC100774.1	0
AC100775.1	0
AC100778.1	0
AC100778.2	0.30156004
AC100778.3	0.125131872
AC100781.1	0
AC100782.1	0
AC100784.1	0
AC100786.1	0.154008458
AC100786.2	0
AC100788.1	0
AC100788.2	0.016805527
AC100791.1	0
AC100791.2	0
AC100791.3	0
AC100793.1	0.070364009
AC100793.2	0
AC100793.3	0
AC100793.4	0.056586441
AC100797.1	0
AC100800.1	0
AC100801.1	0
AC100802.1	0
AC100803.1	0.105546014
AC100803.2	0.173132025
AC100803.3	0.016396882
AC100807.1	0
AC100810.1	5.013036474
AC100810.2	0
AC100812.1	0.167417815
AC100814.1	0.155862493
AC100818.1	0
AC100821.1	0.176264824
AC100821.2	0
AC100823.1	0
AC100823.2	0
AC100826.1	0
AC100827.1	0.063548647
AC100827.2	0.020331309
AC100827.3	0
AC100827.4	0
AC100827.5	0
AC100830.1	0.045262119
AC100830.2	0.30344479
AC100830.3	0
AC100832.1	0
AC100832.2	0
AC100835.1	0
AC100835.2	0
AC100836.1	0
AC100839.1	0
AC100839.2	0.294504476
AC100843.1	0.07492464
AC100843.2	0
AC100844.1	0
AC100847.1	0.201875952
AC100848.1	0
AC100849.1	0.016627112
AC100849.2	0
AC100850.1	0
AC100854.1	0.498325755
AC100858.1	0.01976839
AC100858.2	0
AC100858.3	0
AC100860.1	0.15011403
AC100861.1	1.112010356
AC100861.2	0
AC100863.1	0
AC100868.1	0
AC100870.1	0
AC100871.1	0
AC100871.2	0
AC100872.1	0.048454258
AC102797.1	0
AC102797.2	0
AC102941.1	0
AC102945.1	0
AC102945.2	0.034142874
AC102953.1	0.146238453
AC102953.2	0.128357347
AC103409.1	0
AC103563.1	0.39472493
AC103563.2	0
AC103563.3	0.960051314
AC103563.4	0
AC103563.5	0
AC103563.6	0
AC103563.7	0.050785739
AC103563.8	0
AC103564.1	0
AC103564.2	0
AC103564.3	0
AC103591.1	0.043661121
AC103591.2	0
AC103591.3	0.116151116
AC103592.1	0
AC103681.1	0
AC103681.2	0
AC103691.1	0.233419069
AC103691.2	0
AC103702.1	0.027690779
AC103702.2	0.288995038
AC103705.1	0
AC103706.1	0.536279453
AC103710.1	0
AC103719.1	0
AC103724.1	0
AC103724.2	0
AC103724.3	0.024471354
AC103724.4	0.166271118
AC103726.1	0
AC103726.2	0
AC103736.1	0.087955012
AC103739.1	0.256071553
AC103739.2	0.030081268
AC103740.1	0.002844239
AC103740.2	0
AC103746.1	0.021425934
AC103760.1	0.188632745
AC103764.1	0
AC103769.1	0
AC103770.1	0
AC103778.1	0
AC103792.1	0.026415216
AC103794.1	0
AC103796.1	0
AC103798.1	0
AC103798.2	0
AC103808.1	0
AC103808.2	0
AC103808.3	0
AC103808.4	0
AC103808.5	0
AC103808.6	0
AC103809.1	0
AC103810.1	0.050156164
AC103810.10	0
AC103810.2	0.125224084
AC103810.3	1.264353293
AC103810.4	0.094457522
AC103810.5	0
AC103810.6	0
AC103810.7	0
AC103810.8	0
AC103810.9	0
AC103831.1	0
AC103833.1	0
AC103834.1	0
AC103843.1	0
AC103843.2	0
AC103851.1	0
AC103853.1	0
AC103853.2	0.067808892
AC103855.1	0
AC103855.2	0
AC103855.3	1.001467955
AC103855.4	2.29014936
AC103858.1	0.101998249
AC103858.2	0
AC103876.1	0.02574293
AC103879.1	0
AC103881.1	0
AC103923.1	0.138378732
AC103925.1	0
AC103949.1	0.371836067
AC103952.1	0
AC103957.1	0
AC103957.2	0
AC103968.1	0
AC103974.1	0.166651601
AC103974.2	0
AC103982.1	0.127542469
AC103987.1	0
AC103987.2	0
AC103987.3	0
AC103988.1	0.033483563
AC103993.1	0
AC103996.1	0.237995914
AC103996.2	0.053061384
AC103996.3	0
AC104002.1	0
AC104002.2	0
AC104002.3	0
AC104009.1	0
AC104010.1	0
AC104012.1	0
AC104024.1	0.022058685
AC104024.2	0
AC104027.1	0
AC104031.1	2.936562486
AC104035.1	0
AC104036.1	0
AC104041.1	1.076101473
AC104042.1	0
AC104046.1	0.418544538
AC104051.1	0
AC104051.2	0.019728227
AC104057.1	0
AC104058.1	0
AC104063.1	0
AC104066.1	0.290919106
AC104066.2	0
AC104071.1	0
AC104072.1	0
AC104073.1	0
AC104073.2	0
AC104073.3	0
AC104076.1	0
AC104076.2	0
AC104078.1	0.0407993
AC104078.2	0
AC104083.1	3.564751035
AC104088.1	0.999582838
AC104090.1	0.06219193
AC104108.1	0
AC104109.1	0.111355886
AC104109.2	0.359511458
AC104109.3	0.100520013
AC104109.4	0.041734527
AC104113.1	0.152039143
AC104115.1	0.038965623
AC104115.2	0
AC104116.1	0
AC104117.1	0
AC104117.2	0
AC104117.3	0.108051557
AC104117.4	0.028660665
AC104117.5	0
AC104118.1	0.061109083
AC104119.1	0
AC104123.1	0.195770832
AC104126.1	0
AC104129.1	0
AC104131.1	0
AC104134.1	0.041686749
AC104135.1	0.063631935
AC104136.1	0
AC104137.1	0
AC104151.1	0
AC104162.1	0.031660363
AC104164.1	0.041145056
AC104164.2	0
AC104170.1	0.101998249
AC104170.2	0.07160939
AC104184.1	0.06733865
AC104187.1	0
AC104211.1	0.006015508
AC104211.2	0
AC104211.3	0
AC104211.4	0
AC104212.1	0.237607666
AC104212.2	0.309243098
AC104229.1	0
AC104232.1	0.55360509
AC104232.2	0
AC104233.1	0
AC104233.2	0
AC104237.1	0
AC104237.2	0
AC104237.3	0
AC104241.1	0
AC104241.2	0.061535065
AC104248.1	0.327311234
AC104257.1	0
AC104260.1	0.045038188
AC104260.2	0.013883662
AC104297.1	0.279029692
AC104306.1	0.261731355
AC104306.2	0
AC104308.1	0.072899649
AC104316.1	0
AC104316.2	0.074464979
AC104332.1	0
AC104332.2	0
AC104333.1	0
AC104333.2	0.252870659
AC104333.3	0.101359429
AC104339.1	0.069757423
AC104350.1	0
AC104365.1	0
AC104365.2	0
AC104365.3	0
AC104383.1	0
AC104389.1	0
AC104389.2	0
AC104389.3	0
AC104389.4	0
AC104390.1	0.093367628
AC104393.1	0
AC104394.1	0
AC104407.1	0
AC104408.1	0
AC104411.1	1.289640358
AC104417.1	0.06464869
AC104417.2	0
AC104423.1	0
AC104435.1	0
AC104435.2	0
AC104440.1	0
AC104445.1	0
AC104446.1	0
AC104447.1	0.320017105
AC104451.1	0
AC104454.1	0
AC104455.1	0
AC104457.1	0.029822584
AC104457.2	0
AC104458.1	0
AC104461.1	0.191523339
AC104462.1	0
AC104462.2	0
AC104463.1	0.066508447
AC104463.2	0.231932324
AC104465.1	0
AC104472.1	0.015315825
AC104472.2	0
AC104506.1	0
AC104521.1	0
AC104532.1	0.167417815
AC104532.2	0.288504385
AC104534.1	0
AC104561.1	0.038532672
AC104561.2	0.046773763
AC104561.3	0
AC104563.1	0.258250885
AC104564.1	0.089909567
AC104564.2	0.266346524
AC104564.3	0.261027777
AC104564.4	0
AC104564.5	0.207680845
AC104574.1	0
AC104574.2	0
AC104576.1	0
AC104581.1	0
AC104581.2	0
AC104581.3	0.031815968
AC104581.4	0.081587172
AC104590.1	0.07539001
AC104596.1	0.119466453
AC104596.2	0
AC104619.1	0.230829634
AC104619.2	0
AC104619.3	0.630080026
AC104619.4	0
AC104623.1	0
AC104623.2	0
AC104629.1	0
AC104634.1	0.21017821
AC104640.1	0.011510471
AC104640.2	0
AC104651.1	0.165140022
AC104651.2	0
AC104653.1	0.397960381
AC104653.2	0.525192906
AC104655.1	0.039861385
AC104662.1	0.047506034
AC104662.2	0
AC104663.1	0
AC104667.1	0.01180145
AC104667.2	0.293183372
AC104685.1	0
AC104687.1	0
AC104687.2	0
AC104688.1	0
AC104689.1	0
AC104692.1	0
AC104692.2	0
AC104695.1	0.028593149
AC104695.2	0.202229117
AC104695.3	0.751759996
AC104695.4	4.428653695
AC104698.1	0.087955012
AC104699.1	1.524553535
AC104758.1	0
AC104758.2	0.251300033
AC104758.3	0
AC104758.4	0
AC104758.5	0
AC104759.1	0.025852591
AC104763.1	0.269728702
AC104763.2	0
AC104763.3	0
AC104770.1	0
AC104771.1	0.02518214
AC104772.1	0
AC104772.2	0
AC104777.1	0
AC104777.2	0
AC104777.3	0
AC104779.1	0.055046674
AC104781.1	0
AC104784.1	0
AC104785.1	0.123855016
AC104791.1	0.030573782
AC104791.2	0.019228185
AC104793.1	0
AC104794.1	0
AC104794.2	1.760443058
AC104794.3	0.019451589
AC104794.4	0
AC104803.1	0
AC104806.1	0.236450486
AC104806.2	0
AC104809.1	0
AC104809.2	0.02741971
AC104819.1	0
AC104819.2	0
AC104819.3	0.35963827
AC104820.1	0
AC104823.1	0
AC104825.1	0.777057758
AC104827.1	0
AC104831.1	0
AC104836.1	0.037549239
AC104837.1	0.321226999
AC104837.2	0.057253734
AC104843.1	0.152198014
AC104843.2	0
AC104849.1	0
AC104850.1	0
AC104852.1	0.016638508
AC104938.1	0.081279855
AC104958.1	0
AC104958.2	0.085102833
AC104961.1	0
AC104964.1	0.019099593
AC104964.2	0
AC104964.3	0.010461359
AC104964.4	0.050927797
AC104966.1	0.149235143
AC104971.1	0.281106836
AC104971.2	0
AC104971.3	0.097492302
AC104978.1	0.124171781
AC104982.1	0.027184304
AC104982.2	0
AC104984.1	0
AC104984.2	0
AC104984.3	0
AC104984.4	0.216746279
AC104984.5	0
AC104984.6	0.067432176
AC104985.1	0
AC104985.2	0
AC104985.3	0
AC104986.1	0.055677943
AC104986.2	0.702714251
AC104989.1	0
AC104996.1	0
AC104996.2	0
AC104996.3	0
AC104997.1	0
AC105001.1	0.119114736
AC105001.2	0
AC105020.1	0.077065344
AC105020.2	0
AC105020.3	0.043349256
AC105020.4	0
AC105020.5	0
AC105020.6	0.099735346
AC105021.1	0.021597494
AC105029.1	0.036286373
AC105031.1	0
AC105031.2	0
AC105031.3	0
AC105036.1	0.089577798
AC105036.2	0
AC105036.3	0.46555913
AC105046.1	0.014574094
AC105052.1	0.006801789
AC105052.2	0.12229513
AC105052.3	0.315267315
AC105052.4	0
AC105053.1	0
AC105074.1	0.015686968
AC105081.1	0.229014936
AC105094.1	0
AC105094.2	0.020999639
AC105101.1	0
AC105105.1	0
AC105105.2	0.005369516
AC105105.3	0
AC105105.4	0
AC105105.5	0
AC105109.1	0
AC105114.1	0
AC105118.1	0.089248468
AC105129.1	0
AC105129.2	0
AC105129.3	0.100105498
AC105133.1	0
AC105133.2	0
AC105137.1	0.104187052
AC105137.2	0.222032773
AC105148.1	0
AC105150.1	0
AC105177.1	0.04373979
AC105180.1	0
AC105185.1	0
AC105206.1	0
AC105206.2	0.047137055
AC105219.1	0.074199439
AC105219.2	0.324756966
AC105219.3	0
AC105219.4	0.281806107
AC105224.1	0
AC105227.1	0
AC105227.2	0
AC105233.1	0
AC105233.2	0
AC105233.3	0
AC105235.1	0.147043731
AC105245.1	0
AC105250.1	0.070808702
AC105252.1	0
AC105254.1	0
AC105254.2	0
AC105265.1	0
AC105265.2	0
AC105265.3	0
AC105265.4	0
AC105271.1	0
AC105272.1	0
AC105275.1	0
AC105275.2	0
AC105277.1	0.349848277
AC105285.1	0.115357687
AC105313.1	0
AC105339.1	0
AC105339.2	0.224514064
AC105339.3	0.17800611
AC105339.4	0.076338312
AC105339.5	0.098815128
AC105342.1	0
AC105343.1	0
AC105345.1	0.064754075
AC105345.2	0.036559613
AC105362.1	0
AC105383.1	0.014829312
AC105384.1	0.029072555
AC105384.2	0.037930599
AC105389.1	0
AC105389.2	0
AC105389.3	0
AC105390.1	0
AC105391.1	0
AC105393.1	0
AC105393.2	0
AC105398.1	0
AC105399.1	0.058075558
AC105402.1	0
AC105402.2	0
AC105402.3	0
AC105411.1	0.024356772
AC105415.1	0
AC105416.1	0
AC105417.1	0
AC105420.1	0
AC105424.1	0
AC105429.1	0.024269516
AC105429.2	0
AC105430.1	0
AC105443.1	0
AC105446.1	0.536806509
AC105460.1	0
AC105460.2	0.026187253
AC105749.1	0.120894339
AC105758.1	0
AC105760.1	0
AC105760.2	0.114067243
AC105910.1	0
AC105914.1	0
AC105914.2	0
AC105917.1	0
AC105918.1	0
AC105919.1	0
AC105924.1	0
AC105935.1	0.105431415
AC105935.2	0
AC105940.1	0
AC105940.2	0
AC105942.1	0.935521488
AC105999.1	0
AC105999.2	2.024243199
AC106017.1	0
AC106017.2	0
AC106028.1	0.046151299
AC106028.2	0
AC106028.3	0.167803571
AC106028.4	0.119978171
AC106028.5	0.061457173
AC106037.1	0.433492557
AC106037.2	0.108615585
AC106038.1	0.019124672
AC106038.2	0
AC106047.1	1.030372802
AC106047.2	0
AC106052.1	0
AC106053.1	0
AC106706.1	0
AC106707.1	0
AC106707.2	0
AC106712.1	0.056271635
AC106729.1	0
AC106730.1	0
AC106730.2	0
AC106732.1	0
AC106733.1	0
AC106734.1	0
AC106736.1	0
AC106738.1	0
AC106738.2	0
AC106739.1	0.022298454
AC106739.2	0.135807459
AC106744.1	0
AC106744.2	0
AC106745.1	0
AC106748.1	0.063217665
AC106754.1	0.032089337
AC106754.2	0
AC106760.1	0
AC106760.2	0
AC106771.1	0
AC106772.1	0
AC106772.2	0
AC106774.1	0
AC106774.2	0
AC106774.3	0
AC106774.4	0
AC106779.1	0.060638426
AC106782.1	0.008967707
AC106782.2	3.009976548
AC106782.3	0
AC106782.4	0
AC106782.5	0.072034372
AC106782.6	0.568958982
AC106782.7	0
AC106785.1	0
AC106785.2	0
AC106786.1	0.285595097
AC106786.2	0.086543969
AC106788.1	0.072981836
AC106788.2	0
AC106789.1	0
AC106791.1	0.086957313
AC106791.2	0
AC106794.1	0
AC106794.2	0.038410733
AC106795.1	4.682439857
AC106795.2	0.785838725
AC106795.3	0.044379494
AC106795.5	0
AC106796.1	0
AC106798.1	1.251658293
AC106799.1	0
AC106799.2	0
AC106799.3	0
AC106800.1	0.07129393
AC106800.2	0.022008688
AC106800.3	0
AC106800.4	0
AC106801.1	0
AC106806.1	0.129815953
AC106806.2	0
AC106818.1	0
AC106820.1	0.404593054
AC106820.2	0.022312117
AC106820.3	0.244590259
AC106820.4	0.030258028
AC106820.5	0.027617273
AC106821.1	0
AC106822.1	0
AC106827.1	0
AC106864.1	0
AC106864.2	0
AC106865.1	0.022223604
AC106868.1	0.024471354
AC106869.1	0.013668684
AC106870.1	0
AC106870.2	0
AC106871.1	0
AC106872.1	0
AC106872.10	0.16248717
AC106872.11	0
AC106872.12	0
AC106872.2	0.050574132
AC106872.3	0
AC106872.4	0
AC106872.5	0.411450563
AC106872.6	0.018035352
AC106872.7	0
AC106872.8	0
AC106872.9	0
AC106873.1	0
AC106874.1	0
AC106875.1	0.020730643
AC106875.2	0
AC106876.1	0
AC106881.1	0.051045083
AC106882.1	0.071669794
AC106883.1	0
AC106886.1	0.121377916
AC106886.2	0.219937334
AC106886.3	0.088758988
AC106886.4	0.07761977
AC106892.1	0
AC106894.1	0
AC106895.1	0.019736247
AC106895.2	0.012180423
AC106897.1	1.170649952
AC106900.1	0.053235928
AC106900.2	0.612633015
AC106901.1	0
AC107015.1	0.032497434
AC107016.1	0
AC107016.2	0
AC107021.1	0.030081268
AC107021.2	0.220160421
AC107023.1	0
AC107027.1	0.042218406
AC107027.2	0
AC107027.3	0.15377565
AC107029.1	0
AC107029.2	0
AC107031.1	0
AC107032.1	0.252870659
AC107032.2	0.377340672
AC107057.1	0
AC107058.1	0
AC107067.1	0.029353789
AC107068.1	0.1784123
AC107072.1	0
AC107072.2	0.04373979
AC107074.1	0
AC107075.1	1.468904717
AC107079.1	0
AC107081.1	0.067245383
AC107081.2	0.514569719
AC107081.3	0.011934898
AC107083.1	0
AC107208.1	0
AC107214.1	0.130280411
AC107214.2	0
AC107220.1	0
AC107222.1	0
AC107241.1	0
AC107294.1	0.051981977
AC107294.2	0.761858532
AC107294.3	0.461512989
AC107297.1	0
AC107302.1	0
AC107304.1	0
AC107308.1	0.161299556
AC107373.1	0
AC107373.2	0
AC107375.1	0.282906842
AC107385.1	0
AC107391.1	0
AC107393.1	0
AC107396.1	0
AC107398.1	0.096140924
AC107398.2	0.040391985
AC107398.3	0.00346794
AC107399.1	0
AC107401.1	0
AC107419.1	0
AC107421.1	0
AC107463.1	0
AC107464.1	0.072218055
AC107464.2	0
AC107464.3	0.164691881
AC107613.1	0
AC107626.1	0
AC107871.1	0
AC107871.2	0.032983129
AC107882.1	0
AC107884.1	0.183299983
AC107884.2	0.044137424
AC107886.1	0
AC107890.1	0.093188419
AC107892.1	0
AC107896.1	0
AC107905.1	0
AC107909.1	0.0407993
AC107909.2	0.049240534
AC107918.1	0
AC107918.2	0
AC107926.1	0
AC107934.1	0
AC107934.2	0
AC107952.1	0
AC107952.2	0.04994976
AC107953.1	0
AC107953.2	0
AC107954.1	0.066782897
AC107956.1	1.696232046
AC107956.2	0.053470448
AC107958.1	0
AC107958.2	0
AC107958.3	0
AC107959.1	0.139145759
AC107959.2	0
AC107959.3	0.55109156
AC107973.1	0
AC107976.1	0
AC107980.1	0
AC107982.1	0
AC107982.2	0.052431065
AC107982.3	0.123226311
AC107983.1	1.387176184
AC107983.2	0.015757227
AC107990.1	0
AC107993.1	0.141962475
AC108002.1	0.320314698
AC108002.2	0
AC108002.3	0
AC108010.1	0.372795768
AC108019.1	0
AC108022.1	0
AC108025.1	0
AC108025.2	0
AC108032.1	0
AC108037.1	0
AC108039.1	0
AC108039.2	0
AC108043.1	0
AC108047.1	0.240352309
AC108051.1	0
AC108058.1	0.055827328
AC108059.1	0
AC108059.2	0
AC108059.3	0.113437305
AC108062.1	0.288378844
AC108063.1	0.058636674
AC108064.1	0
AC108066.1	0
AC108067.1	0
AC108073.1	0.468223415
AC108073.2	0.067998833
AC108078.1	0
AC108078.2	0
AC108078.3	0
AC108081.1	0
AC108082.1	0
AC108097.1	0.090919787
AC108099.1	0
AC108102.1	0
AC108103.1	0
AC108112.1	0
AC108114.1	0.277752668
AC108120.1	0
AC108120.2	0
AC108120.3	0
AC108125.1	0
AC108134.1	0.071375449
AC108134.2	0.389447859
AC108134.3	0.18307378
AC108134.4	0.241148178
AC108136.1	0.423187663
AC108142.1	0
AC108145.1	0
AC108156.1	0
AC108157.1	0
AC108159.1	0
AC108161.1	0.120774046
AC108174.1	0.065169351
AC108199.1	0
AC108206.1	0
AC108210.1	0.029424949
AC108210.2	0
AC108215.1	0.015049959
AC108359.1	0
AC108448.1	0
AC108448.2	0.066508447
AC108449.1	0
AC108449.2	0.52773007
AC108449.3	0
AC108451.1	0
AC108451.2	0.315853313
AC108462.1	0
AC108463.1	0.90945989
AC108463.2	0.235685274
AC108463.3	0.032760571
AC108467.1	0
AC108467.2	0
AC108471.1	0.084583914
AC108471.2	0.010550014
AC108472.1	0
AC108474.1	0
AC108475.1	0.127766227
AC108479.1	0.284257415
AC108479.2	0
AC108482.1	0
AC108488.1	0.602135876
AC108488.2	0
AC108515.1	0
AC108516.1	0
AC108516.2	0
AC108517.1	0
AC108667.1	0
AC108673.1	0
AC108673.2	0.386690706
AC108673.3	0.797108703
AC108676.1	0.318877651
AC108676.2	0
AC108681.1	0.031202549
AC108688.1	0
AC108693.1	0
AC108693.2	0.160234873
AC108704.1	0.065256944
AC108704.2	0.077557774
AC108706.1	0
AC108718.1	0
AC108721.1	0
AC108724.1	0
AC108725.1	0.059353504
AC108727.1	0.308849659
AC108727.2	0
AC108729.1	0
AC108729.2	0
AC108729.3	0
AC108733.1	0
AC108734.1	0.060841061
AC108734.2	0.11354342
AC108734.3	0
AC108738.1	0
AC108740.1	0
AC108747.1	0
AC108748.1	0
AC108751.1	0
AC108751.2	0
AC108751.3	0
AC108751.4	0.145507991
AC108751.5	0.16353312
AC108752.1	0
AC108860.1	0.126765448
AC108860.2	0.578254845
AC108861.1	0.041496723
AC108863.1	0
AC108865.1	0.048942708
AC108865.2	0.112386959
AC108866.1	0.020807643
AC108868.1	0
AC108868.2	0
AC108879.1	0
AC108935.1	0
AC108938.1	0
AC108941.1	0
AC109309.1	0
AC109309.2	0
AC109315.1	0
AC109322.1	0.806625392
AC109326.1	0.661560179
AC109329.1	0.076579127
AC109347.1	0.155001268
AC109347.2	0.347787725
AC109349.1	0
AC109361.1	0.013769474
AC109361.2	0
AC109439.1	0
AC109439.2	0
AC109445.1	0
AC109446.1	0
AC109446.2	0
AC109446.3	0.113614274
AC109446.4	0.008811464
AC109449.1	0
AC109454.1	0.536207661
AC109454.2	0.280102883
AC109454.3	2.975482547
AC109454.4	0.11221379
AC109458.1	0.076821466
AC109460.1	0.098547699
AC109460.2	0.489068526
AC109460.3	0.050222196
AC109460.4	0
AC109462.1	0.031815968
AC109462.2	0.079202555
AC109464.1	0
AC109464.2	0
AC109466.1	0
AC109471.1	0
AC109479.1	0.116709535
AC109479.2	0
AC109479.3	0
AC109481.1	0
AC109486.1	0
AC109492.1	0
AC109495.1	0
AC109583.1	0
AC109583.2	0
AC109587.1	0.123127624
AC109588.1	0
AC109597.1	0
AC109597.2	0.130936263
AC109630.1	0
AC109631.1	0.062165386
AC109635.1	0
AC109635.2	0
AC109635.3	0
AC109635.4	0
AC109635.5	0
AC109635.6	0.021810946
AC109638.1	0
AC109779.1	0
AC109780.1	0
AC109780.2	0
AC109809.1	0
AC109810.1	0
AC109811.1	0
AC109811.2	0
AC109826.1	0.23108599
AC109830.1	0
AC109925.1	0.146680261
AC109927.1	0
AC109927.2	0
AC109992.1	0
AC109992.2	0
AC110011.1	0
AC110015.1	0
AC110023.1	0
AC110027.1	0
AC110048.1	0.011254327
AC110048.2	0
AC110053.1	0
AC110056.1	0.186530277
AC110058.1	0.215591325
AC110079.1	0.392165281
AC110079.2	0
AC110275.1	0
AC110285.1	0.067557282
AC110285.2	0.093069329
AC110285.3	0.036504636
AC110285.4	0
AC110285.5	0
AC110285.6	0
AC110285.7	0.015804416
AC110288.1	0
AC110296.1	0
AC110373.1	0.069259867
AC110491.1	0.012077405
AC110491.2	0
AC110588.1	0
AC110597.1	0.022930337
AC110597.3	0
AC110602.1	0.076338312
AC110603.1	0
AC110609.1	0
AC110615.1	0
AC110619.1	0.022512133
AC110620.1	0
AC110716.1	0
AC110716.2	0
AC110741.1	0.125131872
AC110741.2	0
AC110741.3	0
AC110751.1	0
AC110753.1	0
AC110754.1	0.040391985
AC110760.1	0
AC110760.2	0
AC110760.3	0
AC110767.1	0
AC110768.1	0
AC110768.2	0
AC110769.1	0
AC110769.2	0.266592322
AC110769.3	0
AC110771.1	0.039488545
AC110772.1	0
AC110774.1	0.024059052
AC110775.1	0
AC110792.1	0
AC110792.2	0
AC110792.3	0.081461689
AC110794.1	0
AC110799.1	0
AC110800.1	0
AC110801.1	0.114507468
AC110813.1	0.021978799
AC110921.1	0
AC110926.1	0.008593127
AC110994.1	0
AC110995.1	0.099490095
AC110998.1	0.023648888
AC111000.1	0
AC111000.2	0
AC111000.3	0
AC111000.4	0
AC111000.5	0
AC111000.6	0
AC111149.1	0
AC111149.2	0.404075009
AC111152.1	0
AC111152.2	0.150158247
AC111152.3	0.541060547
AC111170.1	0
AC111170.2	0
AC111170.3	0.039408414
AC111182.1	0
AC111186.1	0.186735256
AC111188.1	0
AC111188.2	0.017502223
AC111188.3	0
AC111193.1	0
AC111194.1	0
AC111194.2	0
AC111198.1	0
AC111200.1	0.073898275
AC111200.2	0.096140924
AC112173.1	0
AC112176.1	0.00802764
AC112178.1	0
AC112184.1	0
AC112187.1	0.101359429
AC112187.2	0
AC112187.3	0
AC112191.1	0
AC112191.2	0.072899649
AC112191.3	0.087637485
AC112192.1	0
AC112196.1	0
AC112198.1	0
AC112198.2	0.013879693
AC112198.3	0
AC112198.4	0
AC112200.1	0
AC112200.2	0
AC112203.1	0
AC112204.1	0
AC112204.2	0
AC112204.3	0
AC112206.1	0
AC112206.2	0.067224692
AC112206.3	3.182660011
AC112206.4	1.07891481
AC112211.1	0
AC112219.1	0
AC112219.2	0
AC112220.1	0
AC112220.2	1.958442924
AC112220.3	0.241788677
AC112220.4	0.999469776
AC112225.1	0
AC112229.1	0
AC112229.2	0
AC112229.3	0.075813814
AC112229.4	0
AC112230.1	0
AC112236.1	0.375851471
AC112236.2	0.057457002
AC112240.1	0
AC112242.1	0
AC112243.1	0
AC112247.1	0.147796549
AC112249.1	0
AC112250.1	0
AC112250.2	0
AC112255.1	0.029212495
AC112481.1	0.080828801
AC112482.1	0
AC112484.1	0.516856511
AC112484.2	0.073785967
AC112484.3	3.262686277
AC112484.4	0.212943712
AC112487.1	0
AC112491.1	1.272510411
AC112492.1	0
AC112492.2	0
AC112492.3	0
AC112492.4	0
AC112492.5	0
AC112493.1	0
AC112495.1	0
AC112496.1	0.21597494
AC112497.1	1.101708785
AC112498.1	0
AC112503.1	0
AC112503.2	0.087955012
AC112504.1	0.013186085
AC112512.1	0
AC112518.1	0
AC112518.2	0
AC112653.1	0.125780224
AC112656.1	0.051467668
AC112673.1	0
AC112693.1	0.427136362
AC112693.2	0
AC112693.3	0
AC112694.1	0.106627745
AC112694.2	0.347697155
AC112695.1	0
AC112698.1	0
AC112702.1	0
AC112715.1	0.069358809
AC112719.1	0
AC112719.2	0
AC112721.1	0
AC112721.2	0.089743376
AC112722.1	0
AC112771.1	0
AC112777.1	0.341188801
AC112778.1	0
AC112907.1	0.089909567
AC112907.2	0.294249494
AC112907.3	0.11126309
AC113133.1	0
AC113137.1	0
AC113139.1	0
AC113143.1	0.080649778
AC113143.2	0.123226311
AC113145.1	0
AC113146.1	0
AC113155.1	0
AC113167.1	0
AC113174.1	0
AC113189.1	0
AC113189.2	0
AC113189.3	0
AC113189.4	0
AC113191.1	6.927275608
AC113192.1	0
AC113192.2	0.236450486
AC113192.3	0
AC113192.4	0
AC113192.5	0
AC113194.1	0.048551166
AC113208.1	0
AC113208.2	0.037175472
AC113208.3	0
AC113331.1	0
AC113340.1	0
AC113346.1	1.522510446
AC113346.2	0
AC113347.1	0
AC113347.2	0
AC113347.3	0
AC113347.4	0
AC113349.1	0
AC113349.2	0
AC113352.1	0
AC113355.1	0
AC113361.1	0
AC113367.1	0.228153978
AC113367.2	0.151722395
AC113367.3	0
AC113368.1	0.127097294
AC113378.1	0
AC113382.1	0.038747938
AC113382.2	0
AC113383.1	0.815092575
AC113385.1	0
AC113385.2	0
AC113385.3	0
AC113386.1	0
AC113391.1	0
AC113391.2	0
AC113398.1	1.255633615
AC113398.2	0
AC113403.1	0
AC113404.1	0
AC113404.2	0
AC113404.3	2.066942774
AC113410.1	0.29484514
AC113410.2	0
AC113410.3	0.119584154
AC113414.1	0
AC113418.1	0
AC113420.1	0
AC113423.1	0
AC113423.2	0.035233067
AC113430.1	0
AC113554.1	0
AC113607.1	0
AC113608.1	0.238776228
AC113608.2	0
AC113615.1	0
AC113618.1	0
AC113935.1	63.90383258
AC114271.1	0.258893529
AC114284.1	0.305079143
AC114291.1	0
AC114296.1	0.386348805
AC114300.1	0
AC114316.1	0
AC114316.2	0.035151438
AC114321.1	0
AC114322.1	0
AC114324.1	0
AC114324.2	0
AC114341.1	0.069557545
AC114400.1	0.035646965
AC114401.1	0
AC114402.1	0.296043698
AC114402.2	0
AC114477.1	0
AC114482.1	0
AC114485.1	0
AC114488.1	0.123226311
AC114488.2	0.065728113
AC114488.3	0
AC114489.1	2.642658426
AC114490.1	0.333734856
AC114490.2	0.054833521
AC114491.1	0.690768628
AC114492.1	0
AC114495.1	0.055677943
AC114495.2	0.222202135
AC114498.1	0
AC114501.1	0
AC114501.2	0
AC114501.3	0
AC114546.1	0
AC114546.2	0
AC114546.3	0
AC114546.4	0
AC114550.1	0
AC114550.2	0
AC114550.3	0
AC114684.1	0
AC114689.1	0
AC114689.2	0
AC114689.3	0
AC114728.1	0.251300033
AC114730.1	0.05143132
AC114730.2	0
AC114730.3	0.083135559
AC114737.1	0
AC114737.2	0
AC114741.1	0
AC114744.1	0.692546668
AC114752.1	0
AC114752.2	0
AC114755.1	0.027967262
AC114755.2	0
AC114755.3	0
AC114755.4	0
AC114755.5	0.029212495
AC114760.1	0
AC114760.2	0.094045843
AC114763.1	0.203375031
AC114763.2	0
AC114774.1	0
AC114776.1	0
AC114781.1	0
AC114781.2	0
AC114781.3	0
AC114781.4	0
AC114781.5	0
AC114786.1	0
AC114786.2	0
AC114786.3	0
AC114786.4	0
AC114797.1	0
AC114801.1	0
AC114801.2	0
AC114801.3	0
AC114803.1	0.078056538
AC114808.1	0
AC114808.2	0
AC114810.1	0.615871033
AC114811.1	0
AC114811.2	0.034390768
AC114812.1	0.023319484
AC114812.2	0.36614756
AC114812.3	0.133016894
AC114812.4	0.096204425
AC114814.1	0
AC114814.2	0
AC114814.3	0
AC114877.1	0
AC114878.1	0
AC114878.2	0
AC114912.1	0
AC114928.1	0
AC114939.1	0.047228761
AC114940.1	0
AC114947.1	0.33541393
AC114947.2	0.126384694
AC114954.1	0
AC114956.1	0.284479491
AC114956.2	0.933676278
AC114956.3	0.412950383
AC114964.1	0.04370042
AC114967.1	0
AC114973.1	0
AC114980.1	0.107652254
AC114981.1	0
AC114982.1	0
AC114982.2	0
AC115099.1	0.067059622
AC115102.1	0.049847193
AC115115.1	0
AC115220.1	0
AC115223.1	2.371752383
AC115283.1	0
AC115284.1	0.061224674
AC115284.2	0.330923238
AC115285.1	0.065966259
AC115286.1	0
AC115522.1	0.174644484
AC115618.1	0.707485121
AC115618.2	4.42355072
AC115618.3	2.798831947
AC115619.1	0
AC115621.1	0
AC115622.1	0
AC115676.1	0
AC115837.1	5.092779696
AC115837.2	0
AC115989.1	0.081846201
AC115989.2	0
AC115990.1	0
AC116003.1	0
AC116003.2	0
AC116003.3	0
AC116021.1	0.18587736
AC116025.1	0
AC116025.2	0.054798156
AC116035.1	0
AC116036.1	0
AC116036.2	0.21017821
AC116038.1	0
AC116049.1	0.252213852
AC116049.2	0.579523207
AC116050.1	1.528609318
AC116050.2	0
AC116096.1	0
AC116158.1	0.022804681
AC116158.2	0
AC116165.1	0
AC116165.2	0
AC116165.3	0.060688958
AC116312.1	0.077310775
AC116337.1	0
AC116337.2	0.155612713
AC116337.3	0.086083628
AC116345.1	0
AC116345.2	0
AC116345.3	0
AC116347.1	1.348643512
AC116347.2	0
AC116348.1	0
AC116348.2	0
AC116348.3	0
AC116348.4	0
AC116351.1	0.041830413
AC116351.2	0.091894952
AC116353.1	0
AC116353.2	0
AC116353.3	0
AC116359.1	0
AC116366.1	0.162704981
AC116366.2	0.048599766
AC116407.1	0.091090369
AC116407.2	0.338729068
AC116407.3	0.04300369
AC116407.4	0.091519635
AC116424.1	0
AC116447.1	0
AC116456.1	0
AC116456.2	0
AC116533.1	30.0986982
AC116535.1	0.239117094
AC116552.1	0
AC116553.1	0
AC116553.2	0
AC116562.1	0.062165386
AC116562.2	0
AC116562.3	0.137150188
AC116563.1	0.183905933
AC116563.2	0
AC116565.1	0.091090369
AC116609.1	0
AC116609.2	0
AC116612.1	0
AC116614.1	0
AC116616.1	0
AC116634.1	0
AC116651.1	0.174644484
AC116655.1	0
AC116666.1	0
AC116667.1	0.039429751
AC116903.1	0
AC116903.2	0.055848734
AC116913.1	0.481480663
AC116914.1	0.182981783
AC116914.2	0.583948737
AC116917.1	0
AC117372.1	0
AC117373.1	0
AC117377.1	0
AC117382.1	0.232779565
AC117382.2	0.007704089
AC117383.1	0
AC117383.2	0
AC117386.1	0.040058718
AC117386.2	0
AC117392.1	0
AC117394.1	0
AC117394.2	0.526096231
AC117395.1	0.033669325
AC117402.1	0.445260147
AC117409.1	1.408354446
AC117422.1	0
AC117430.1	0
AC117434.1	0
AC117440.1	0.042514156
AC117454.1	0
AC117457.1	0
AC117460.1	0
AC117462.1	0
AC117465.1	0
AC117470.1	0.073562373
AC117473.1	0
AC117482.1	0
AC117489.1	0.10564444
AC117490.1	0
AC117490.2	0.204339926
AC117498.1	0
AC117498.2	0.043818742
AC117498.3	0
AC117500.1	0
AC117500.2	0
AC117500.3	0
AC117500.4	0
AC117500.5	0
AC117503.1	0
AC117503.2	0.323135883
AC117503.3	0.05135878
AC117503.4	0.397960381
AC117505.1	0
AC117513.1	0
AC117522.1	0
AC117522.2	0
AC117522.3	0
AC117525.1	0
AC117529.1	0
AC117529.2	0
AC117532.1	0
AC117569.1	0
AC117834.1	0
AC117944.1	0
AC117945.1	0
AC117947.1	0
AC118273.1	0
AC118273.2	0
AC118282.1	0
AC118282.2	0
AC118282.3	0
AC118282.4	0
AC118344.1	0.049813098
AC118344.2	0.056040171
AC118345.1	0
AC118465.1	0.038199187
AC118469.1	0
AC118470.1	0
AC118549.1	4.171692143
AC118553.1	1.853097956
AC118555.1	0
AC118653.1	0
AC118658.1	0.581451095
AC118658.2	0.052887981
AC118754.1	0
AC118754.2	0
AC118755.1	0.12449017
AC118755.2	0.343522404
AC118757.1	0.033208732
AC118758.1	0
AC118758.2	0
AC118758.3	0.001005742
AC118942.1	0.113260886
AC119044.1	0.523354199
AC119150.1	2.414622842
AC119396.1	0.046743742
AC119396.2	0
AC119403.1	0.281546713
AC119403.2	0.040594621
AC119424.1	0.069358809
AC119428.1	0
AC119428.2	0
AC119501.1	0
AC119618.1	0
AC119619.1	0
AC119674.1	0.05390581
AC119677.1	0
AC119744.1	0
AC119749.1	0
AC119751.1	0
AC119751.2	0
AC119751.3	0
AC119751.4	0
AC119751.5	0
AC119751.6	0
AC119751.7	0
AC119751.8	0
AC119800.1	0.057389086
AC119868.1	0
AC119868.2	0
AC120024.1	0.024397571
AC120024.2	0
AC120024.3	0
AC120024.4	0
AC120036.1	0.148222693
AC120036.2	0
AC120036.3	0.568958982
AC120036.4	0.302104809
AC120042.1	0
AC120042.2	0.036395177
AC120042.3	0
AC120045.1	0
AC120045.2	0
AC120049.1	0.505496406
AC120053.1	1.484240822
AC120057.1	0
AC120057.2	0
AC120057.3	0.075156604
AC120057.4	0.157633657
AC120114.1	0.523536982
AC120114.2	0.886828084
AC120114.3	0
AC120114.4	0.630678324
AC120114.5	0.218305604
AC120193.1	0.018102597
AC120338.1	0
AC120349.1	0.086083628
AC120349.2	0
AC120349.3	0
AC120498.1	0
AC120498.10	0
AC120498.2	0.097492302
AC120498.3	0
AC120498.4	0.30344479
AC120498.5	0
AC120498.6	0
AC120498.7	0
AC120498.8	0.137150188
AC120498.9	0
AC121154.1	0
AC121161.1	0
AC121161.2	0
AC121247.1	0.019704207
AC121247.2	0
AC121251.1	0.097492302
AC121320.1	0
AC121333.1	0.008961086
AC121334.1	0
AC121334.2	0
AC121338.1	0.056586441
AC121338.2	1.155317321
AC121342.1	0
AC121493.1	0
AC121757.1	0.155612713
AC121758.1	0.055423706
AC121758.2	0
AC121758.3	0
AC121761.1	0.458647996
AC121761.2	0.387563738
AC121764.1	0.51741918
AC121764.2	0
AC121764.3	0
AC122108.1	0
AC122108.2	0
AC122129.1	0.066874885
AC122129.2	0
AC122133.1	0
AC122134.1	0.014475601
AC122136.1	0
AC122138.1	0
AC122683.1	0.033857159
AC122685.1	7.735391422
AC122688.1	0
AC122688.2	0
AC122688.3	0.231062661
AC122688.4	0
AC122694.1	0.215591325
AC122707.1	0
AC122710.1	0
AC122710.2	0.081461689
AC122710.3	0
AC122713.1	0
AC122713.2	0.007279035
AC122714.1	0
AC122714.2	0
AC122718.1	0.032628472
AC122718.2	0.041075437
AC122719.1	0
AC122719.2	0
AC123023.1	0
AC123567.1	0
AC123567.2	0
AC123595.1	0.069624044
AC123595.2	0
AC123767.1	0
AC123768.1	0
AC123768.2	0.033163365
AC123768.3	0.039408414
AC123768.4	0
AC123769.1	0
AC123777.1	0
AC123786.1	0
AC123786.2	0
AC123788.1	0
AC123788.2	0
AC123900.1	0
AC123904.1	0
AC123904.2	0
AC123904.3	0
AC123905.1	0.089743376
AC123912.1	0.054307792
AC123912.2	0
AC123912.3	0
AC123912.4	0
AC123912.5	0
AC123912.6	0
AC124016.1	0.294736662
AC124016.2	0.109513909
AC124017.1	0
AC124045.1	0.111869047
AC124057.1	0
AC124066.1	0
AC124067.1	0
AC124067.2	5.664302751
AC124067.3	0
AC124067.4	0
AC124068.1	0
AC124068.2	0.67857807
AC124069.1	0.033028004
AC124076.1	0
AC124242.1	0.225019037
AC124242.2	0.021693998
AC124248.1	2.717416032
AC124254.1	0.302364916
AC124276.1	0.270028734
AC124276.2	0.044137424
AC124283.1	0
AC124283.2	0.458029872
AC124283.3	0.122603956
AC124283.4	0.053235928
AC124283.5	0
AC124290.1	0
AC124290.2	0
AC124293.1	0
AC124301.1	0
AC124301.2	0
AC124303.1	0
AC124303.2	0
AC124312.1	0
AC124312.2	0
AC124312.3	0.078561758
AC124312.4	0
AC124312.5	0
AC124312.6	0
AC124319.1	0.223052832
AC124319.2	0.030473993
AC124319.3	0
AC124319.4	0.011233495
AC124657.1	0.056586441
AC124784.1	0
AC124798.1	0.151564515
AC124804.1	0
AC124854.1	0
AC124856.1	0.05418657
AC124861.1	0
AC124864.1	0
AC124864.2	0
AC124891.1	0
AC124893.1	0
AC124916.1	0.177517976
AC124916.2	0.108373139
AC124944.1	0.262084569
AC124944.2	0.136818907
AC124944.3	0.352923245
AC124945.1	0
AC124947.1	0.056128516
AC124947.2	0
AC125232.1	1.344812138
AC125238.1	0
AC125238.2	0.033716088
AC125257.1	5.517931202
AC125257.2	0
AC125336.1	0
AC125388.1	0
AC125421.1	0
AC125421.2	0
AC125437.1	0.237995914
AC125437.2	0
AC125494.1	0.020238085
AC125494.2	0.073898275
AC125494.3	0
AC125603.1	0
AC125603.2	0
AC125603.3	0.04994976
AC125603.4	0.035977152
AC125604.1	0.068672088
AC125611.1	0
AC125611.2	0.112560664
AC125611.3	0.035699387
AC125611.4	0.023308289
AC125612.1	0.064391467
AC125613.1	0
AC125616.1	0.021693998
AC125618.1	0
AC125634.1	0
AC125793.1	0
AC125807.1	0.316294244
AC125807.2	0.255605173
AC126118.1	0
AC126120.1	0.154950531
AC126121.1	0
AC126121.2	0
AC126124.1	0
AC126124.2	0
AC126175.1	0.064051671
AC126177.1	0
AC126177.2	0
AC126177.3	0
AC126177.4	0
AC126177.5	0
AC126177.6	0.12790086
AC126177.7	0.250263745
AC126177.8	0
AC126178.1	0.104862131
AC126182.1	0
AC126182.2	0
AC126283.1	0.133382325
AC126323.1	0
AC126323.2	0
AC126323.3	0
AC126323.4	0
AC126323.5	0
AC126323.6	0
AC126335.1	0
AC126335.2	0
AC126365.1	0.032068142
AC126365.2	0
AC126389.1	0
AC126471.1	0
AC126474.1	0.037549239
AC126474.2	1.414919708
AC126544.1	0.291695927
AC126564.1	0
AC126603.1	0.019327694
AC126614.1	0.04429851
AC126615.1	0.231196031
AC126615.2	0.047137055
AC126696.1	0
AC126696.2	0
AC126696.3	0
AC126755.1	0.07492464
AC126755.2	0
AC126755.3	0
AC126755.4	0
AC126755.5	0
AC126755.6	0
AC126763.1	0
AC126768.1	0
AC126768.2	0.956807897
AC126768.3	0.086698511
AC126773.1	0
AC126773.2	0.288651406
AC126773.3	0.027184304
AC126773.4	0
AC126915.1	0
AC126915.2	0
AC126915.3	0
AC127002.1	0
AC127024.1	0.232302232
AC127024.2	0.027153896
AC127024.3	0
AC127024.4	1.024618772
AC127024.5	0.840712839
AC127024.6	0.229014936
AC127024.7	0
AC127024.8	0.034778773
AC127029.1	0
AC127029.2	0
AC127070.1	0.262438737
AC127070.2	0.04463791
AC127070.3	0
AC127070.4	0.011537825
AC127071.1	0
AC127071.2	0
AC127164.1	0
AC127381.1	0
AC127381.2	0
AC127383.1	0
AC127391.1	0
AC127455.1	0
AC127459.1	0
AC127459.2	0
AC127459.3	0
AC127496.1	0.005770284
AC127496.2	0
AC127496.3	0
AC127496.4	0
AC127496.5	0.077889572
AC127496.6	0
AC127496.7	0.175518677
AC127502.1	0.052071178
AC127502.2	0.47497951
AC127521.1	0.114615596
AC127522.1	0
AC127526.1	0
AC127526.2	0.052887981
AC127537.1	0.097231976
AC127540.1	0
AC127894.1	0.02852595
AC128657.1	0
AC128676.1	0
AC128677.1	0
AC128685.1	0
AC128687.1	0
AC128687.2	0
AC128688.1	0
AC128688.2	0.175455945
AC128689.1	3.185725364
AC128707.1	0
AC128709.1	1.942046657
AC128709.2	3.00181943
AC128709.3	1.473597703
AC128713.1	0
AC128716.1	0
AC129102.1	0
AC129492.1	0.269130634
AC129492.2	0
AC129492.3	0
AC129492.4	0.104411111
AC129492.5	0.077065344
AC129492.6	0.018601979
AC129492.7	0
AC129502.1	0
AC129507.1	0.063771234
AC129507.2	0
AC129507.3	0
AC129507.4	0
AC129510.1	0.262438737
AC129510.2	0
AC129778.1	0
AC129807.1	0
AC129850.1	0
AC129908.1	0
AC129926.1	0.197683902
AC130289.1	0
AC130289.2	0
AC130304.1	0
AC130324.1	0.05842499
AC130324.2	0.076099007
AC130324.3	0
AC130343.1	0
AC130343.2	0.227939749
AC130352.1	0
AC130360.1	0
AC130364.1	0
AC130364.2	0
AC130365.1	0
AC130366.1	0
AC130371.1	0
AC130371.2	0.158923622
AC130404.1	0
AC130415.1	0
AC130448.1	0
AC130448.2	0
AC130454.1	0
AC130456.1	0.017810406
AC130456.2	0.042626134
AC130456.3	0.115050157
AC130456.4	0.036504636
AC130456.5	0
AC130456.6	0
AC130456.7	0
AC130462.1	0
AC130464.1	0
AC130469.1	0.312829681
AC130472.1	0
AC130509.1	0
AC130650.1	0
AC130650.2	0.101021986
AC130651.1	0.31703187
AC130686.1	0.039376453
AC130689.1	5.652402955
AC130709.1	0.040058718
AC130710.1	0
AC130895.1	0
AC131009.1	0.170954811
AC131009.2	0.063053463
AC131009.3	1.184174791
AC131009.4	0.013951485
AC131011.1	0.252870659
AC131025.1	0.041285005
AC131025.2	0
AC131055.1	0
AC131055.2	0
AC131094.1	0
AC131097.1	0
AC131097.2	0.396189044
AC131097.3	0.248150406
AC131097.4	0.127542469
AC131157.1	0.672453829
AC131159.1	0.113969874
AC131159.2	0.207483617
AC131182.1	0.036949137
AC131206.1	0
AC131210.1	0
AC131211.1	0
AC131212.1	0
AC131212.2	0.107493357
AC131212.3	0.057538713
AC131212.4	0.024898034
AC131235.1	3.316336505
AC131235.2	0
AC131235.3	0.503120896
AC131235.4	0.391541665
AC131238.1	0
AC131254.1	0
AC131254.2	0
AC131254.3	0
AC131274.1	0
AC131274.2	0
AC131274.3	0
AC131274.4	0
AC131280.1	0.003998614
AC131281.1	0
AC131281.2	0
AC131391.1	0
AC131392.1	0
AC131392.2	0
AC131532.1	2.385461935
AC131571.1	0
AC131649.1	0
AC131649.2	0.076561875
AC131888.1	0.011197225
AC131902.1	0
AC131902.2	0
AC131902.3	0
AC131934.1	0.053235928
AC131935.1	0
AC131935.2	0
AC131953.1	0.050892208
AC131956.1	0
AC131956.2	0
AC131971.1	0.016380286
AC132008.1	0.084879662
AC132008.2	4.6859778
AC132068.1	0
AC132154.1	0
AC132186.1	0
AC132192.1	0.203313092
AC132192.2	0.317466215
AC132216.1	0
AC132217.1	0
AC132219.1	0
AC132219.2	0.041728549
AC132479.1	0
AC132803.1	0
AC132807.1	0
AC132807.2	0
AC132812.1	3.048055292
AC132825.1	0.032410659
AC132825.2	0
AC132825.3	0
AC132825.4	0
AC132872.1	0.771943232
AC132872.2	0.051257566
AC132872.3	0.270157524
AC132872.4	0.069908087
AC132938.1	0
AC132938.2	0
AC132938.3	1.011482634
AC132938.4	0
AC132938.5	0.073340131
AC132942.1	0.954940127
AC133041.1	0
AC133065.1	0.032716419
AC133065.2	0.041818403
AC133065.3	0.285835294
AC133104.1	0
AC133104.2	0
AC133106.1	0
AC133134.1	0.270480036
AC133141.1	0
AC133435.1	0.295015768
AC133473.1	0.243567725
AC133480.1	0
AC133485.1	0
AC133485.2	0
AC133485.3	0
AC133485.4	0
AC133485.5	0
AC133485.6	0
AC133528.1	0
AC133539.1	0
AC133539.2	0
AC133540.1	0.047645894
AC133548.1	0
AC133548.2	0
AC133550.1	0
AC133550.2	0.223121169
AC133552.1	0
AC133552.2	0.625214843
AC133552.3	0.038965623
AC133552.4	0.143642504
AC133552.5	2.318454577
AC133555.1	0
AC133555.2	0
AC133555.3	0
AC133555.4	0
AC133555.5	0
AC133561.1	0
AC133561.2	0
AC133561.3	0
AC133561.4	0
AC133565.1	0
AC133569.1	0
AC133634.1	0
AC133637.1	0.015794134
AC133644.1	0
AC133644.2	0.314683486
AC133681.1	0.242351912
AC133785.1	0.170754395
AC133794.1	0.053119438
AC133865.1	0
AC133919.1	0
AC133919.2	0.433492557
AC133919.3	0
AC133961.1	0.095573162
AC133963.1	0.014458358
AC133963.2	0.041999279
AC133965.1	0
AC134026.1	0.032526463
AC134043.1	0.532693049
AC134043.2	0.227786974
AC134050.1	0
AC134312.1	0.00671338
AC134312.2	0
AC134312.3	0
AC134312.4	0
AC134312.5	0.289953881
AC134312.6	0.054674737
AC134349.1	0.063053463
AC134349.2	0
AC134407.1	0.205435119
AC134407.2	0.024545585
AC134407.3	0.136188405
AC134508.1	0
AC134669.1	0.039091116
AC134682.1	0.136581605
AC134684.1	0
AC134698.1	0
AC134698.2	0
AC134698.3	0
AC134698.4	0
AC134698.5	0
AC134772.1	0
AC134775.1	0
AC134878.1	0
AC134878.2	0.019190184
AC134879.1	0
AC134879.2	2.308988635
AC134879.3	0
AC134915.1	0
AC134978.1	0
AC134981.1	0
AC135001.1	0
AC135012.1	0
AC135012.2	0
AC135012.3	0
AC135048.1	1.310583634
AC135048.2	0
AC135048.3	1.110163867
AC135048.4	0.273358668
AC135050.1	0.054050839
AC135050.2	0.053627945
AC135050.3	0
AC135050.4	0.192663359
AC135050.5	0.715302636
AC135050.6	4.688141733
AC135050.7	0.098503268
AC135068.1	0
AC135068.2	1.719233939
AC135068.3	0
AC135068.4	0
AC135068.5	0
AC135068.6	0.078056538
AC135068.7	0
AC135068.8	0.137538715
AC135068.9	0.136763849
AC135178.1	0
AC135178.2	0.031455242
AC135178.3	0.120688269
AC135178.4	0
AC135178.5	0.2521203
AC135178.6	0.121987855
AC135279.1	0.04816584
AC135279.2	0.039154166
AC135279.3	0.055550534
AC135352.1	0.017119593
AC135371.1	0
AC135388.1	0
AC135457.1	0
AC135506.1	0.472287611
AC135507.1	0.086543969
AC135507.2	0
AC135584.1	0.072899649
AC135586.1	0
AC135586.2	0
AC135626.1	0
AC135628.1	0
AC135721.1	1.780209436
AC135731.1	0
AC135731.2	0
AC135776.1	0
AC135776.2	0
AC135776.3	0
AC135776.4	0
AC135782.1	0
AC135782.2	0
AC135782.3	0.046129374
AC135803.1	0
AC135895.1	0
AC135977.1	0.658149284
AC135983.1	0.022129064
AC135983.2	0.537372362
AC135983.3	0.019800639
AC135983.4	0.019235803
AC135983.5	0
AC135999.1	0
AC136188.1	0
AC136285.1	0
AC136285.2	0
AC136424.1	0
AC136424.2	0.043118265
AC136428.1	0.83469054
AC136428.2	0
AC136428.3	0
AC136443.1	0
AC136443.2	0
AC136443.3	0.071821252
AC136443.4	0
AC136443.5	0
AC136469.1	0
AC136469.2	0
AC136475.1	0.411668608
AC136475.10	1.071908869
AC136475.2	2.043607771
AC136475.3	0.508093602
AC136475.4	0.086698511
AC136475.5	0.038019707
AC136475.6	0
AC136475.7	0.082012105
AC136475.8	0
AC136475.9	0
AC136489.1	0
AC136601.1	0
AC136601.2	0
AC136603.1	0
AC136604.1	0
AC136604.2	0.061738513
AC136604.3	0.709639461
AC136618.1	0
AC136618.2	0
AC136619.1	0
AC136619.2	0
AC136621.1	0.021072555
AC136624.1	0.044788899
AC136624.2	0
AC136624.3	0
AC136628.1	0
AC136628.2	0
AC136628.3	1.339342522
AC136628.4	0
AC136632.1	3.080657769
AC136632.2	0.958617688
AC136698.1	0.044460775
AC136759.1	0.123122146
AC136777.1	0
AC136777.2	0
AC136896.1	0
AC136932.1	0
AC136944.1	0
AC136944.2	0
AC136944.3	0.027184304
AC136944.4	0
AC136944.5	0
AC137055.1	0.122914345
AC137056.1	0
AC137056.2	0
AC137499.1	0
AC137499.2	0
AC137527.1	0
AC137549.1	0
AC137579.1	0
AC137579.2	0
AC137590.1	0
AC137590.2	0
AC137627.1	0
AC137630.1	0.124171781
AC137630.2	0.036781187
AC137630.3	0.062085891
AC137630.4	0
AC137675.1	0
AC137695.1	0
AC137695.2	0
AC137723.1	0.034239186
AC137723.2	0
AC137735.1	0
AC137761.1	0
AC137761.2	0
AC137767.1	0.151317082
AC137768.1	0
AC137770.1	0
AC137800.1	0
AC137800.2	0
AC137803.1	0
AC137810.1	0
AC137834.1	0.023042794
AC137834.2	0.069259867
AC137894.1	0.044379494
AC137932.1	0.093909413
AC137932.2	0.107098161
AC137932.3	0.079592076
AC138024.1	0
AC138028.1	0.010846999
AC138028.2	0.035424032
AC138028.3	0
AC138028.4	0.210519963
AC138028.5	0
AC138028.6	0.032760571
AC138035.1	0.066038039
AC138035.2	0
AC138035.3	0
AC138057.1	0
AC138058.1	0
AC138089.1	0
AC138123.1	0.038049503
AC138123.2	0
AC138150.1	0.069757423
AC138150.2	0.367039477
AC138207.1	0.089084709
AC138207.2	0.986812326
AC138207.3	2.047338344
AC138207.4	0.482296355
AC138207.5	1.246423588
AC138207.6	0.048300006
AC138207.7	0.145362774
AC138207.8	1.571637665
AC138230.1	0.073119227
AC138304.1	0
AC138305.1	1.612400361
AC138305.2	0.087322242
AC138305.3	0.202296527
AC138331.1	0
AC138356.1	0.05818692
AC138356.2	0.473137304
AC138356.3	0
AC138360.1	0
AC138392.1	0.685304195
AC138393.1	0.351658253
AC138393.2	0.098681233
AC138393.3	0.381291883
AC138409.1	0
AC138409.2	0.295548114
AC138430.1	0.008975997
AC138430.2	0
AC138466.1	0
AC138466.2	0
AC138466.3	0
AC138466.4	0
AC138466.5	0
AC138470.1	0.102374626
AC138473.1	0
AC138474.1	0
AC138512.1	0.055934524
AC138517.1	0
AC138623.1	0
AC138625.1	0
AC138625.2	0
AC138627.1	0
AC138627.2	0
AC138645.1	0
AC138646.1	0
AC138647.1	0
AC138649.1	0.014802185
AC138649.2	0.068866903
AC138649.3	0
AC138649.4	0
AC138655.1	0
AC138696.1	0
AC138696.2	2.177182351
AC138701.1	0
AC138701.2	0
AC138749.1	0
AC138749.2	0
AC138749.3	0
AC138749.4	0
AC138749.5	0
AC138761.1	1.593266202
AC138761.2	0
AC138761.3	0
AC138761.4	0
AC138761.5	0
AC138761.6	0
AC138781.1	0
AC138811.1	0.201736149
AC138811.2	0.127097294
AC138819.1	0
AC138832.1	0
AC138853.1	0
AC138866.1	0.097688464
AC138866.2	0
AC138869.1	0
AC138869.2	0
AC138869.3	0
AC138894.1	0.01410551
AC138894.2	0
AC138894.3	0
AC138894.4	0
AC138904.1	0.019569192
AC138904.2	0
AC138907.1	0
AC138907.10	0
AC138907.2	0
AC138907.3	0
AC138907.4	0
AC138907.5	0
AC138907.6	0
AC138907.7	0
AC138907.8	0
AC138907.9	0
AC138915.1	0
AC138915.2	0
AC138915.3	0
AC138932.1	0.063976647
AC138932.2	0.016638508
AC138932.3	0.587106639
AC138932.4	0
AC138932.5	0.129354795
AC138938.1	0
AC138951.1	0.009041186
AC138951.2	0
AC138956.1	0
AC138956.2	0.2758589
AC138965.1	0
AC138965.2	0
AC138965.3	0.097492302
AC138969.1	0.009222078
AC138969.2	0.063548647
AC138969.3	0
AC138969.4	0
AC139085.1	0.266764651
AC139099.1	0.027743524
AC139099.2	0
AC139099.3	0
AC139099.4	0
AC139100.1	0.337160878
AC139100.2	0
AC139103.1	0
AC139143.1	0.080449323
AC139149.1	0
AC139256.1	0.018687901
AC139256.2	0.26325805
AC139272.1	0
AC139365.1	0
AC139365.2	0
AC139426.1	0.047994431
AC139426.2	0
AC139426.3	0
AC139451.1	0
AC139453.1	0.365046364
AC139453.2	0.197362465
AC139491.1	0
AC139491.2	0.020823111
AC139491.3	0
AC139491.4	0
AC139491.5	0
AC139493.1	0
AC139495.1	0.045248058
AC139495.2	0
AC139495.3	0.032827023
AC139497.1	0
AC139530.1	0.785856007
AC139530.2	0
AC139530.3	0
AC139697.1	0
AC139700.1	0
AC139712.1	0
AC139712.2	0
AC139712.3	0
AC139713.1	0
AC139713.2	0.025273902
AC139718.1	0
AC139718.2	0
AC139720.1	0.284479491
AC139720.2	0
AC139722.1	0
AC139749.1	0.035253534
AC139768.1	0.378461208
AC139769.1	0.068639726
AC139769.2	0.010596064
AC139769.3	0
AC139783.1	0
AC139783.2	0
AC139792.1	0.075040443
AC139792.2	0
AC139792.3	0
AC139795.1	0.24404785
AC139795.2	0.901149577
AC139795.3	0.358973504
AC139887.1	0.084879662
AC139887.2	0.83230571
AC139887.3	0
AC139887.4	0.168814904
AC140059.1	0
AC140063.1	0
AC140076.1	0.067245383
AC140113.1	0
AC140113.2	0
AC140113.3	0
AC140113.4	0
AC140118.1	0
AC140125.1	0
AC140125.2	0
AC140125.3	0
AC140134.1	0.020549309
AC140172.1	0
AC140479.1	0
AC140479.2	0.054290442
AC140479.3	0
AC140479.4	0.108051557
AC140481.1	0
AC140481.2	0
AC140504.1	0
AC140658.1	0
AC140658.2	0
AC140658.3	0
AC140658.4	0
AC140658.5	0
AC140658.6	0.120774046
AC140725.1	0
AC140725.2	0
AC140725.3	0
AC140847.1	0
AC140847.2	0.032672387
AC140847.3	0
AC140878.1	0
AC140912.1	0.021275708
AC141002.1	0
AC141257.1	0
AC141257.2	0
AC141273.1	0
AC141273.2	0
AC141273.3	0
AC141424.1	0
AC141557.1	1.335157077
AC141557.2	0.151092842
AC141586.1	0.326498211
AC141586.2	0.084879662
AC141586.3	0
AC141586.4	0.015432666
AC141586.5	0.047366992
AC141846.1	0
AC141928.1	0.080471547
AC141930.1	0
AC141930.2	0
AC142086.1	0
AC142086.2	0
AC142086.3	0
AC142086.4	0
AC142086.5	0
AC142086.6	0
AC142381.1	1.548008205
AC142381.2	0
AC142381.3	0.076304033
AC142381.4	0
AC142384.1	0
AC142391.1	0
AC142472.1	0.25098248
AC143336.1	0
AC144450.1	0.044379494
AC144521.1	0
AC144522.1	0
AC144530.1	4.330239169
AC144548.1	0.076983879
AC144568.1	0
AC144568.2	0
AC144652.1	1.031413326
AC144831.1	0.173658163
AC144833.1	0
AC144836.1	0
AC145098.1	0.223738094
AC145098.2	0.080223342
AC145124.1	0.017836578
AC145138.1	0.068118087
AC145141.1	0
AC145141.2	0
AC145146.1	0
AC145207.1	0
AC145207.2	0
AC145207.3	0
AC145207.4	0
AC145207.5	0.280590261
AC145207.6	0
AC145207.7	0
AC145207.8	2.285268047
AC145207.9	0.746941022
AC145285.1	0.349792265
AC145285.2	0.148398879
AC145285.3	0
AC145285.4	0
AC145285.5	0.076218472
AC145285.6	0.1892833
AC145285.7	0
AC145343.1	1.083064482
AC145350.1	0
AC145350.2	0
AC145350.3	0
AC145350.4	0
AC145422.1	0.178496935
AC145423.1	0
AC145423.2	0.101571478
AC145423.3	0.207927908
AC145543.1	0
AC145625.1	0
AC145676.1	0.012113564
AC146507.1	0.068575094
AC146507.2	0
AC146944.1	0
AC146944.2	0.307842541
AC146944.3	0
AC146944.4	0
AC146949.1	0
AC147055.1	0
AC147055.2	0
AC147055.3	0
AC147055.4	0
AC147067.1	0.880461567
AC147067.2	0.083998558
AC147651.1	0.048468078
AC147651.2	0
AC147651.3	0.115598015
AC147651.4	0.963053233
AC147876.1	0
AC148476.1	0.137733805
AC148477.1	0
AC148477.2	0.007988017
AC148477.3	0.013345565
AC148477.4	0
AC148477.5	0
AC148477.6	0
AC148477.7	0
AC148477.8	0
AC148477.9	0
AC152007.1	0
AC152010.1	0
AC156455.1	0.437517338
AC159540.1	0
AC159540.2	0
AC174048.1	0
AC174065.1	0
AC174071.1	0
AC187653.1	0
AC190387.1	0
AC209005.1	0
AC209007.1	0.126623757
AC209154.1	0
AC209154.2	0
AC211429.1	0
AC211433.1	0.034106896
AC211433.2	0
AC211433.3	0
AC211469.1	0
AC211469.2	0
AC211476.1	0.051870904
AC211476.2	0.102862641
AC211476.3	0
AC211476.4	0
AC211485.1	0.065787488
AC211486.1	0.021635992
AC211486.2	0
AC211486.3	0
AC211486.4	0
AC211486.5	0
AC215217.1	0
AC215219.1	1.870435691
AC215522.1	0.108859118
AC217774.1	0
AC217774.2	0
AC226101.1	0
AC226118.1	0.011312015
AC226119.1	0
AC226119.2	0
AC226150.1	0
AC231532.1	0
AC231532.2	0
AC231533.1	0
AC231533.2	0.02482166
AC231657.1	0.305737824
AC231657.2	0
AC231759.1	0
AC231760.1	0
AC231981.1	0.398777548
AC232271.1	0.232473357
AC232323.1	0
AC233263.1	0
AC233263.2	0
AC233263.6	0
AC233266.1	0
AC233266.2	0
AC233279.1	0
AC233280.1	0.057661718
AC233280.2	0.24956207
AC233289.1	0.047786581
AC233290.1	0
AC233290.2	0
AC233296.1	0
AC233300.1	0.029713076
AC233309.1	0
AC233699.1	0.083135559
AC233701.1	0
AC233702.1	0
AC233702.10	0
AC233702.2	0
AC233702.3	0
AC233702.4	0
AC233702.5	0
AC233702.6	0
AC233702.7	0
AC233702.8	0
AC233702.9	0
AC233723.1	0.691119807
AC233723.2	0.818407601
AC233724.1	0
AC233724.10	0
AC233724.11	0
AC233724.12	0
AC233724.13	0
AC233724.14	0
AC233724.2	0
AC233724.3	0
AC233724.4	0
AC233724.5	0
AC233724.6	0
AC233724.7	0
AC233724.8	0
AC233724.9	0
AC233728.1	0.111355886
AC233728.2	0
AC233964.1	0.13374977
AC233968.1	0.037347051
AC233976.1	0.053826127
AC233981.1	0
AC233981.2	0
AC233982.1	0.055677943
AC233992.1	0
AC233992.2	0
AC233992.3	0.150158247
AC234064.1	0
AC234582.1	0.221322496
AC234582.2	0
AC234644.1	0
AC234771.1	0
AC234771.2	0
AC234771.3	0
AC234771.4	0
AC234771.5	0
AC234772.1	0
AC234772.2	0.388409331
AC234772.3	0.091952967
AC234775.1	0
AC234775.2	0.094826497
AC234775.3	0.33304916
AC234778.1	0.393658106
AC234778.2	0
AC234779.1	0
AC234781.1	0.042316531
AC234781.2	0
AC234781.3	0.074847636
AC234781.4	0
AC234781.5	0
AC234782.1	0
AC234782.2	0.129617912
AC234782.3	0.056063703
AC234782.4	0.069491173
AC234782.5	0
AC234783.1	0
AC234791.1	0
AC234917.1	0
AC235097.1	0
AC235565.1	0
AC236430.1	0.032672387
AC236972.1	0
AC236972.2	0
AC236972.3	0
AC236972.4	0
AC237221.1	0
AC237221.2	0
AC239367.1	0
AC239367.2	0
AC239367.3	0
AC239584.1	0
AC239585.1	0
AC239585.2	0
AC239600.1	0.052544552
AC239600.2	0.041674821
AC239727.1	0
AC239798.1	0
AC239798.2	0.013715019
AC239798.3	0
AC239798.4	0
AC239799.1	0
AC239799.2	0.024251332
AC239800.1	0.033762981
AC239800.2	0.018149969
AC239800.3	0
AC239800.4	0
AC239801.1	0
AC239802.1	0
AC239802.2	0
AC239803.1	0.040358409
AC239803.2	0
AC239803.3	0
AC239803.4	0.123855016
AC239804.1	0
AC239804.2	0
AC239809.1	0
AC239809.2	0
AC239809.3	0.155547329
AC239859.1	0
AC239859.2	0
AC239859.3	0
AC239859.4	0
AC239859.5	0.019704207
AC239859.6	1.367638491
AC239860.1	0.019114632
AC239860.2	0
AC239868.1	1.07247993
AC239868.2	0
AC239868.3	0
AC240442.1	0
AC240504.1	0
AC240565.1	0.022415128
AC240565.2	0.011581862
AC241377.1	0
AC241377.2	0.043897981
AC241377.3	0.066936351
AC241520.1	0
AC241584.1	0.19561308
AC241585.1	6.033815482
AC241585.2	0.19240885
AC241585.3	0.223121169
AC241644.1	0
AC241644.2	0
AC241644.3	0
AC241952.1	0.163722511
AC242376.1	0
AC242376.2	0.522351168
AC242426.1	0.151722395
AC242426.2	0.308644784
AC242426.3	0
AC242498.1	0
AC242842.1	1.031848056
AC242843.1	0.042365765
AC242852.1	0
AC242852.2	0
AC242988.1	0
AC243312.1	0
AC243312.2	0
AC243428.1	0.091952967
AC243547.1	0
AC243547.2	0
AC243547.3	0
AC243562.1	0.124810196
AC243562.2	0.200210996
AC243562.3	0.040058718
AC243571.1	0
AC243571.2	0.044338965
AC243585.1	0
AC243585.2	0
AC243591.1	0
AC243654.1	0.08285182
AC243654.2	0.219192625
AC243654.3	0
AC243732.1	0.08429022
AC243756.1	0.03092431
AC243772.1	0
AC243772.2	0.068517029
AC243772.3	0.035516581
AC243773.1	0
AC243773.2	0
AC243829.1	0.121291279
AC243829.2	0.079592076
AC243829.3	0
AC243829.4	0.213442994
AC243829.5	0
AC243829.6	0
AC243830.1	0
AC243830.2	0.154130687
AC243830.3	0
AC243836.1	0
AC243919.1	0.185545859
AC243960.1	0.910334371
AC243960.2	0.292476906
AC243960.3	0.125261007
AC243960.4	0
AC243960.5	0
AC243960.7	0
AC243961.1	0
AC243962.1	0.167706965
AC243964.1	0
AC243964.2	0.291033085
AC243964.3	1.807501512
AC243965.1	0
AC243965.2	0.154505771
AC243967.1	0
AC243967.2	0.256884478
AC243967.3	0
AC243972.1	0.042588742
AC243972.2	0
AC243972.3	0
AC243994.1	0
AC244015.1	0
AC244015.2	0
AC244021.1	0.013258101
AC244021.2	0
AC244023.1	0
AC244033.1	0.027902969
AC244034.1	0.153254945
AC244034.2	0.095385396
AC244034.3	0
AC244035.1	0
AC244035.2	0
AC244090.1	5.155516837
AC244090.2	0
AC244090.3	0.398462856
AC244093.1	0.059645168
AC244093.2	0.231637244
AC244093.3	0
AC244093.4	0
AC244093.5	0
AC244097.1	0
AC244098.1	0
AC244098.2	0
AC244098.3	0
AC244100.1	0.059645168
AC244100.2	0
AC244100.3	0
AC244100.4	0
AC244102.1	0
AC244102.2	0
AC244107.1	0.073119227
AC244107.2	0
AC244131.1	0
AC244131.2	0
AC244153.1	3.07335108
AC244154.1	0.390282688
AC244157.1	0
AC244157.2	0
AC244197.1	0
AC244197.2	0.074123918
AC244197.3	0.205290344
AC244205.1	0.544063231
AC244230.1	0.180085929
AC244250.1	0
AC244250.2	0
AC244250.3	0
AC244255.1	0
AC244394.1	0
AC244394.2	0
AC244452.1	0
AC244453.1	0
AC244453.2	0.027406811
AC244453.3	0
AC244502.1	0.266114798
AC244502.2	0
AC244502.3	0.84991101
AC244505.1	0
AC244505.2	0
AC244505.3	0.129815953
AC244505.4	0
AC244505.5	0
AC244505.6	0
AC244505.7	0
AC244517.1	0
AC244517.10	0
AC244517.11	0
AC244517.12	0
AC244517.2	0.022923119
AC244517.3	0.019656343
AC244517.4	0
AC244517.5	0
AC244517.6	0.076943211
AC244517.7	0.243975711
AC244517.8	0
AC244517.9	0
AC244636.1	0
AC244636.2	0
AC244669.1	2.258703768
AC244669.2	0.085377198
AC244670.1	0
AC245008.1	0
AC245014.1	0
AC245014.2	0
AC245014.3	0.139916906
AC245028.1	0
AC245028.2	0.191901844
AC245028.3	0
AC245033.1	0
AC245033.2	0
AC245033.3	0
AC245036.1	0
AC245036.2	0
AC245036.3	0
AC245036.4	0
AC245036.5	0
AC245041.1	10.84466127
AC245041.2	4.742939242
AC245047.1	0
AC245047.2	0
AC245047.3	0
AC245047.4	0.337160878
AC245047.5	0
AC245047.6	0
AC245047.7	0
AC245047.8	0
AC245052.1	0.05920874
AC245052.2	0
AC245052.3	0.053885867
AC245052.4	0.14595709
AC245052.5	0
AC245052.6	0
AC245052.7	0
AC245054.1	0
AC245054.2	0
AC245056.1	0
AC245060.1	0
AC245060.2	0.185309796
AC245060.3	0
AC245060.4	14.96380732
AC245060.5	0.073718746
AC245060.6	0.037480117
AC245088.1	0
AC245088.2	0
AC245096.1	0
AC245100.1	0.054715815
AC245100.2	0.187958655
AC245100.3	0.34070994
AC245100.4	0.175323657
AC245100.5	0
AC245100.6	0.075940302
AC245100.7	0.439377072
AC245100.8	1.58319021
AC245102.1	0
AC245102.2	0
AC245123.1	0
AC245128.1	0.018760111
AC245128.2	0
AC245128.3	0.259631906
AC245140.1	0.142378787
AC245140.2	0.688580236
AC245164.1	0
AC245177.1	0
AC245187.1	0
AC245291.1	0
AC245291.2	0
AC245291.3	0
AC245297.1	1.092791527
AC245297.2	0
AC245297.3	0.838975829
AC245389.1	0
AC245389.2	0
AC245407.1	0.367017457
AC245407.2	0.353899361
AC245407.3	0
AC245427.1	0
AC245452.1	0.031425118
AC245452.2	0.123855016
AC245452.3	0
AC245452.4	0
AC245452.5	0
AC245505.1	0
AC245505.2	0
AC245505.3	0
AC245517.1	0
AC245517.2	0
AC245517.3	0
AC245517.4	0
AC245517.5	1.948040629
AC245519.1	0
AC245595.1	0.781216623
AC245595.2	0
AC245748.1	0
AC245748.2	0
AC245748.3	0
AC245884.1	0.091779143
AC245884.10	0.072034372
AC245884.11	0.055999039
AC245884.12	0.822901126
AC245884.2	0
AC245884.3	0.779491204
AC245884.4	0
AC245884.5	0
AC245884.6	0
AC245884.7	0
AC245884.8	0.22068712
AC245884.9	0
AC246680.1	0
AC246785.1	0
AC246785.2	0.047320825
AC246785.3	0.077310775
AC246785.4	0
AC246787.1	2.594041588
AC246787.2	0.250263745
AC246793.1	0.140456605
AC246817.1	0.039796038
AC246817.2	0
AC247036.1	0
AC253536.1	0
AC253536.2	0.095573162
AC253536.3	0.043504629
AC253536.4	0
AC253536.5	0
AC253536.6	0.585836096
AC253576.1	0
AC253576.2	0.209272269
AC254562.1	0
AC254562.2	0
AC254562.3	0.423187663
AC254629.1	0.019002413
AC254633.1	1.266552168
ACAA1	4.174607753
ACAA2	3.302474846
ACACA	4.176564825
ACACB	0.150624094
ACAD10	1.087250396
ACAD11	0.051340677
ACAD8	1.536257985
ACAD9	10.83901705
ACADL	0.598166322
ACADM	7.800872132
ACADS	5.124641623
ACADSB	4.719282045
ACADVL	28.10279233
ACAN	0.137980029
ACAP1	1.347734845
ACAP2	12.31465096
ACAP2-IT1	0.387002051
ACAP3	3.615571028
ACAT1	7.460046705
ACAT2	12.46812927
ACBD3	34.71042027
ACBD3-AS1	1.361247657
ACBD4	0.565744524
ACBD5	6.942228099
ACBD6	6.421137361
ACBD7	0.713034487
ACCS	0.716683885
ACCSL	0
ACD	4.172718927
ACE	1.041833159
ACE2	1.582921371
ACE3P	0
ACER1	0.016799712
ACER2	1.854836787
ACER3	5.472214506
ACHE	0.162661372
ACIN1	8.345897545
ACKR1	1.325589777
ACKR2	0.173111674
ACKR3	240.0465997
ACKR4	0.288359326
ACLY	37.05318558
ACMSD	0.017433094
ACO1	5.539524218
ACO2	22.96598729
ACOD1	0.033452802
ACOT1	1.629709323
ACOT11	0.484616987
ACOT12	0
ACOT13	13.60736492
ACOT2	10.55019078
ACOT4	1.613576023
ACOT6	0
ACOT7	13.33273424
ACOT8	3.802963428
ACOT9	8.938571863
ACOX1	6.942839723
ACOX2	0.786330112
ACOX3	4.954844729
ACOXL	0.114049199
ACOXL-AS1	0
ACP1	32.0309318
ACP2	10.89056733
ACP4	0.036043925
ACP5	35.93027864
ACP6	1.771955196
ACP7	0.945396064
ACPP	2.443190107
ACR	0.047159948
ACRBP	0.401319877
ACRV1	0.02194899
ACSBG1	0.035395747
ACSBG2	0.021127575
ACSF2	1.608042773
ACSF3	1.095939564
ACSL1	13.03402574
ACSL3	10.93071841
ACSL4	12.1396837
ACSL5	4.49293136
ACSL6	0.051357611
ACSM1	0.093009897
ACSM2A	0
ACSM2B	0.002975678
ACSM3	0.130347033
ACSM4	0.009800397
ACSM5	0.061255572
ACSM5P1	0
ACSM6	0.008648231
ACSS1	3.402101065
ACSS2	11.61711754
ACSS3	0.273293399
ACTA1	0.259805573
ACTA2	66.79594735
ACTA2-AS1	0.251678997
ACTB	1578.427349
ACTBL2	0.008688469
ACTBP1	0.196298517
ACTBP11	0.388064385
ACTBP12	0.085177485
ACTBP13	0
ACTBP14	0.044583257
ACTBP2	0.562034874
ACTBP6	0.022271177
ACTBP7	0.086389976
ACTBP8	0.19718434
ACTBP9	0.198799135
ACTC1	0.020931738
ACTG1	1070.752254
ACTG1P1	0.451538749
ACTG1P10	0.044871688
ACTG1P11	0
ACTG1P12	0.145736777
ACTG1P13	0
ACTG1P14	0.259631906
ACTG1P15	0.091347444
ACTG1P16	0.022435844
ACTG1P17	0.127400484
ACTG1P18	0.042476961
ACTG1P19	0.087009259
ACTG1P2	0
ACTG1P20	0.414967234
ACTG1P21	0.07282675
ACTG1P22	0.099899519
ACTG1P23	0.135617783
ACTG1P24	0.166081527
ACTG1P3	0.065374102
ACTG1P4	0
ACTG1P9	0.136995391
ACTG2	2.509729674
ACTL10	0.490778556
ACTL6A	53.73656312
ACTL6B	0.010161399
ACTL7A	0
ACTL7B	0
ACTL8	0.664192459
ACTL9	0
ACTN1	21.31709646
ACTN1-AS1	0.025935452
ACTN2	0
ACTN3	0.006902355
ACTN4	51.52092457
ACTN4P1	0.033460487
ACTN4P2	0
ACTP1	0.063382724
ACTR10	23.6445022
ACTR1A	12.01717108
ACTR1B	31.40212891
ACTR2	87.76514052
ACTR3	60.72220123
ACTR3B	0.685067919
ACTR3BP1	0
ACTR3BP2	0
ACTR3BP3	0
ACTR3BP4	0
ACTR3BP5	0
ACTR3BP6	0
ACTR3C	1.089770764
ACTR3P2	0.019312318
ACTR3P3	0
ACTR5	1.779263019
ACTR6	6.582993194
ACTR6P1	0
ACTR8	5.880828694
ACTRT1	0
ACTRT2	0
ACTRT3	2.494149697
ACVR1	19.96803612
ACVR1B	5.891841902
ACVR1C	0.319450307
ACVR2A	2.20882707
ACVR2B	0.519618365
ACVR2B-AS1	0.327918089
ACVRL1	3.69913649
ACY1	0.923728433
ACY3	1.325820314
ACYP1	3.837150851
ACYP2	2.406040883
AD000091.1	0
AD000671.1	0
AD000671.2	0.012610693
AD000671.3	0.035699387
AD000813.1	0
AD000864.1	0.211551923
AD001527.1	0.128103342
AD001527.2	0
ADA	8.528798872
ADA2	5.001607232
ADAD1	0
ADAD1P2	0
ADAD2	0.035430187
ADAL	0.645311061
ADAM10	10.20841726
ADAM11	0.12723052
ADAM12	9.537891418
ADAM15	30.53989304
ADAM17	26.26502275
ADAM18	0
ADAM19	3.258171476
ADAM1A	0
ADAM1B	0.084964541
ADAM2	0
ADAM20	0.008685361
ADAM20P1	0.072010629
ADAM20P2	0.019069586
ADAM20P3	0.011526868
ADAM21	0.09133026
ADAM21P1	0.010504363
ADAM22	0.05173909
ADAM23	71.881586
ADAM24P	0
ADAM28	1.19677509
ADAM29	0
ADAM30	0
ADAM32	0.014501543
ADAM33	0.104026325
ADAM3A	0
ADAM3B	0
ADAM5	0
ADAM6	0
ADAM7	0
ADAM8	1.386450673
ADAM9	44.60765711
ADAMDEC1	9.160597441
ADAMTS1	23.86314233
ADAMTS10	0.468229731
ADAMTS12	4.473777967
ADAMTS13	0.212645263
ADAMTS14	0.893805873
ADAMTS15	0.329494079
ADAMTS16	0.492716084
ADAMTS17	0.521327133
ADAMTS18	0.021810946
ADAMTS19	0.008977657
ADAMTS19-AS1	0
ADAMTS2	8.333974777
ADAMTS20	0.056984937
ADAMTS3	0.232249316
ADAMTS4	3.166584689
ADAMTS5	1.168744952
ADAMTS6	0.153015232
ADAMTS7	0.486767839
ADAMTS7P1	0
ADAMTS7P3	0.006459708
ADAMTS7P4	0.061613155
ADAMTS8	0.075139988
ADAMTS9	0.640984501
ADAMTS9-AS1	0.031440531
ADAMTS9-AS2	0.020140141
ADAMTSL1	0.610022627
ADAMTSL2	1.001750601
ADAMTSL3	0.223990413
ADAMTSL4	1.264353293
ADAMTSL4-AS1	0.083325801
ADAMTSL5	1.091564156
ADAP1	1.007086621
ADAP2	3.087854185
ADAR	57.93776402
ADARB1	0.601312888
ADARB2	0.013854609
ADARB2-AS1	0
ADAT1	5.027199467
ADAT2	0.497353412
ADAT3	0.672814555
ADCK1	1.666463772
ADCK2	18.42544267
ADCK5	2.82418346
ADCY1	0.163272585
ADCY10	2.079973411
ADCY10P1	0.156452984
ADCY2	0.016610047
ADCY3	10.83946065
ADCY4	0.297915302
ADCY5	0.497932621
ADCY6	1.8069578
ADCY7	1.668067306
ADCY8	0.228054464
ADCY9	2.720983985
ADCYAP1	0.382795005
ADCYAP1R1	0.024872524
ADD1	9.818775114
ADD2	4.769683754
ADD3	19.55110417
ADD3-AS1	0.013475954
ADGB	0.015615324
ADGRA1	0.003732982
ADGRA1-AS1	0
ADGRA2	3.056365031
ADGRA3	2.815967653
ADGRB1	0.072602342
ADGRB2	0.413148141
ADGRB3	0.026183218
ADGRD1	0.153392393
ADGRD1-AS1	0.399206928
ADGRD2	0.061279871
ADGRE1	0.438754809
ADGRE2	0.91223486
ADGRE3	0.179692368
ADGRE4P	0.128351691
ADGRE5	4.59170266
ADGRF1	0.461981908
ADGRF2	0.003796026
ADGRF3	0.168551177
ADGRF4	2.369571821
ADGRF5	3.084641777
ADGRF5P1	0.114122957
ADGRF5P2	0.058530641
ADGRG1	15.0632531
ADGRG2	0.052591121
ADGRG3	0.641516914
ADGRG4	0.007229179
ADGRG5	0.522680021
ADGRG6	0.220608982
ADGRG7	0.563720461
ADGRL1	2.402673489
ADGRL2	1.822077564
ADGRL3	0.270538004
ADGRL3-AS1	0
ADGRL4	3.46204093
ADGRV1	0.67767916
ADH1A	0
ADH1B	0.059535459
ADH1C	2.649431932
ADH4	0.02968885
ADH5	85.21897093
ADH5P2	0.043194988
ADH5P3	0.042701114
ADH5P4	0.524877475
ADH6	0.099286639
ADH7	109.7165758
ADHFE1	2.563501588
ADI1	48.33286083
ADI1P1	0
ADI1P2	0
ADI1P3	0
ADIG	0
ADIPOQ	0
ADIPOQ-AS1	0
ADIPOR1	69.46633381
ADIPOR1P1	0
ADIPOR1P2	0
ADIPOR2	17.12258728
ADIRF	0
ADIRF-AS1	0.164709072
ADK	23.71138939
ADM	156.1389793
ADM2	1.606639394
ADM5	0.18369184
ADNP	10.46308148
ADNP2	5.281061884
ADNP-AS1	0.654681317
ADO	12.34862174
ADORA1	0.28382333
ADORA2A	0.02894775
ADORA2A-AS1	0.012062402
ADORA2B	9.33529876
ADORA2BP1	0.028830859
ADPGK	23.48972721
ADPGK-AS1	0.030944019
ADPRH	2.146140401
ADPRHL1	1.7002354
ADPRHL2	19.31276914
ADPRM	3.131849934
ADRA1A	0
ADRA1B	0.19554555
ADRA1D	0.043504629
ADRA2A	0.732480882
ADRA2B	0.26644811
ADRA2C	1.581979264
ADRB1	0.093596711
ADRB2	0.705070671
ADRB3	0
ADRM1	38.31734214
ADSL	20.0601144
ADSS	24.40801957
ADSSL1	1.921028836
ADTRP	0.508909817
AEBP1	31.63909514
AEBP2	6.851979134
AEN	5.98216848
AES	53.93504909
AF001548.1	0.132412272
AF001548.2	2.003606749
AF001548.3	0.334259321
AF001550.1	0
AF003529.1	0
AF013593.1	0
AF015262.1	0.034778773
AF015720.1	0
AF038458.1	0.092654898
AF038458.2	0.040459305
AF038458.3	0
AF064858.1	0.137538715
AF064858.2	0.332542236
AF064858.3	0
AF064860.1	0
AF064860.2	0
AF067845.1	0
AF067845.2	0
AF096876.1	0
AF099810.1	0
AF106564.1	0.152138399
AF107885.1	0
AF107885.2	0
AF111167.1	0.055550534
AF111167.2	0.412666973
AF111169.1	0
AF111169.2	0.06422112
AF111169.3	0.050892208
AF117829.1	0.240127411
AF117829.2	0
AF121897.1	0
AF121898.1	0
AF123462.1	0
AF124730.1	0
AF127577.1	0
AF127577.2	0.088381978
AF127577.3	1.15005964
AF127577.4	2.436156521
AF127577.5	0
AF127577.6	0
AF127936.1	0.384217864
AF127936.2	0.091212605
AF129075.1	0.183442694
AF129075.2	0.038169156
AF129408.1	0
AF130359.1	0
AF130417.1	0
AF131215.1	0
AF131215.2	0
AF131215.3	0.113969874
AF131215.4	0.013943471
AF131215.5	0.18779461
AF131215.6	0.096427341
AF131215.7	0.034336044
AF131216.1	0.016581683
AF131216.2	0
AF131216.3	2.010080139
AF131216.4	0.030944019
AF146191.1	0
AF165147.1	1.679816842
AF178030.1	0
AF181450.1	0
AF186190.1	0
AF186192.1	0
AF186192.2	0.028899504
AF186192.3	0.025634196
AF186996.1	0
AF186996.2	0
AF186996.3	0
AF196972.1	0.037175472
AF201337.1	1.590245425
AF212831.1	0.064391467
AF213884.1	0
AF213884.2	0
AF213884.3	0
AF228730.1	0
AF228730.2	0.13265346
AF228730.3	0
AF230666.1	0.261907843
AF230666.2	0
AF233439.1	0.152463537
AF233439.2	0
AF235103.1	0
AF235103.2	0
AF238378.1	0
AF240627.1	0
AF241725.1	0
AF241726.1	0
AF241726.2	0
AF241728.1	0.041145056
AF246928.1	0
AF250324.1	0.039796038
AF254982.1	0
AF254983.1	0
AF254983.2	0
AF274573.1	1.027043905
AF274854.1	0
AF274855.1	0.82497262
AF274858.1	1.789051876
AF279873.1	0.310231095
AF279873.2	0.130513888
AF279873.3	0.017119593
AF279873.4	0
AF287957.1	0.015219801
AF305872.1	0
AFAP1	3.229165364
AFAP1-AS1	10.30685174
AFAP1L1	0.915283587
AFAP1L2	1.94154345
AFDN	2.225851581
AFDN-DT	0.113053097
AFF1	3.437891223
AFF2	0.017332274
AFF2-IT1	0
AFF3	0.076236424
AFF4	5.806198624
AFG1L	0.284412158
AFG3L1P	0.40493262
AFG3L2	7.01441218
AFG3L2P1	0.082523229
AFM	0.010817996
AFMID	7.052392753
AFP	1.288639428
AFTPH	8.780798785
AGA	9.637633412
AGAP1	1.362423004
AGAP10P	0.03011859
AGAP11	0.007886804
AGAP12P	0.424822706
AGAP13P	0.200624655
AGAP14P	0.035387148
AGAP1-IT1	0.036559613
AGAP2	0.443801536
AGAP2-AS1	14.66245226
AGAP3	3.019044613
AGAP4	0.32143835
AGAP5	0.023379374
AGAP6	0.998679056
AGAP7P	0.011772834
AGAP9	0.809754356
AGBL1	0
AGBL1-AS1	0
AGBL2	0.221371359
AGBL3	0.245845512
AGBL4	0.172421055
AGBL4-IT1	0
AGBL5	5.697846525
AGBL5-AS1	0.119290335
AGBL5-IT1	0.21482817
AGER	0.549327112
AGFG1	15.31385359
AGFG2	2.36640406
AGGF1	6.122964367
AGGF1P1	0
AGGF1P2	0.030006901
AGGF1P3	0.020012847
AGGF1P4	0
AGGF1P5	0
AGGF1P6	0
AGGF1P7	0
AGGF1P8	0.024275583
AGGF1P9	0
AGK	3.470588956
AGKP1	0
AGL	4.208074776
AGMAT	2.18480249
AGMO	0.006767656
AGO1	1.748233837
AGO2	2.480761299
AGO3	0.626077703
AGO4	2.147956517
AGPAT1	11.22520083
AGPAT2	23.60051138
AGPAT3	6.021616871
AGPAT4	0.481691354
AGPAT4-IT1	0.025852591
AGPAT5	5.897867998
AGPAT5P1	0
AGPS	5.641696478
AGR2	23.58443305
AGR3	3.99710034
AGRN	12.25513036
AGRP	0
AGT	0.381458313
AGTPBP1	3.258698456
AGTR1	0.223352117
AGTR2	0.025269518
AGTRAP	22.32157323
AGXT	0.005444177
AGXT2	0
AHCTF1	5.181519532
AHCY	95.40665782
AHCYL1	12.39654758
AHCYL2	2.753922972
AHCYP2	0.037347051
AHCYP3	0
AHCYP4	0
AHCYP5	0
AHCYP7	0
AHCYP8	0
AHDC1	6.037521046
AHI1	1.070858582
AHNAK	25.61376461
AHNAK2	11.3379169
AHR	19.39568441
AHRR	0.303523833
AHSA1	52.97314343
AHSA2P	1.694251513
AHSG	0.06190119
AHSP	0.043194988
AICDA	0.070138122
AIDA	6.304079857
AIF1	21.99261301
AIF1L	1.539270798
AIFM1	11.01432995
AIFM1P1	0
AIFM2	5.791156659
AIFM3	0.898929206
AIG1	5.911524171
AIG1P1	0
AIM2	3.91502686
AIMP1	14.47927665
AIMP1P1	0
AIMP1P2	0
AIMP2	17.19630541
AIP	22.54372759
AIPL1	0
AIRE	0.015567924
AIRN	0.022199893
AJ003147.1	0.21388179
AJ003147.2	0
AJ003147.3	0.077275617
AJ006995.1	0
AJ009632.1	0
AJ009632.2	0
AJ011931.1	0.009741406
AJ011932.1	0.156616666
AJ239318.1	0
AJ239321.1	0
AJ239322.1	0
AJ239322.2	0
AJ239328.1	0
AJ271736.1	0.031404377
AJAP1	0.021526112
AJM1	0.32094457
AJUBA	6.634270443
AK1	1.547375008
AK2	25.36919252
AK2P2	0
AK3	27.71954283
AK3P2	0.056586441
AK3P3	0.10967884
AK3P4	0
AK3P5	0.046773763
AK4	8.159133077
AK4P1	1.310226381
AK4P2	0
AK4P3	0
AK4P4	0
AK4P5	0
AK4P6	0
AK5	0.028068314
AK6	4.850625324
AK6P1	0
AK6P2	0
AK7	0.242707291
AK8	0.488889446
AK9	0.112987959
AKAIN1	0
AKAP1	9.433260528
AKAP10	5.708367341
AKAP11	3.403965348
AKAP12	1.024790094
AKAP13	3.756251486
AKAP14	0.352722149
AKAP17A	4.825330652
AKAP17BP	0.008928129
AKAP2	0.037052531
AKAP3	0.039709242
AKAP4	0
AKAP5	0.507357104
AKAP6	0.177014583
AKAP7	0.999972818
AKAP8	5.543376894
AKAP8L	3.936839317
AKAP8P1	0
AKAP9	1.574380219
AKIP1	16.77126162
AKIRIN1	15.83536767
AKIRIN1P1	0
AKIRIN1P2	0
AKIRIN2	22.36899664
AKIRIN2P1	0
AKNA	1.401439197
AKNAD1	0
AKR1A1	93.04992055
AKR1B1	87.46505899
AKR1B10	978.9435161
AKR1B10P1	1.881228848
AKR1B10P2	0
AKR1B15	2.68674124
AKR1B1P1	0.025392869
AKR1B1P2	0.025990988
AKR1B1P3	0
AKR1B1P4	0.026329266
AKR1B1P6	0
AKR1B1P7	0.025580172
AKR1B1P8	0
AKR1C1	413.7676156
AKR1C2	365.8612514
AKR1C3	408.6878373
AKR1C4	0.367811867
AKR1C5P	0.239168308
AKR1C6P	0.444517292
AKR1C7P	6.482530044
AKR1C8P	0.02185021
AKR1D1	0.007848556
AKR1D1P1	0
AKR1E2	5.875554896
AKR7A2	21.87664855
AKR7A2P1	0.026530692
AKR7A3	0.127766227
AKR7L	0.017540161
AKT1	17.18342439
AKT1S1	7.878880243
AKT2	5.988569216
AKT3	1.286157549
AKT3-IT1	0.140864119
AKTIP	2.907283419
AL008582.1	0.109844268
AL008626.1	0
AL008627.1	0.249748799
AL008628.1	0
AL008629.1	0
AL008635.1	0
AL008636.1	0
AL008638.1	0.051322586
AL008638.2	0
AL008638.3	0
AL008638.4	0
AL008638.5	0
AL008638.6	0
AL008707.1	0
AL008718.1	0.049847193
AL008718.2	0.036977278
AL008718.3	0.302499479
AL008719.1	0
AL008721.1	0
AL008721.2	0.077599094
AL008723.1	0.082290113
AL008723.2	0
AL008723.3	0.054065887
AL008726.1	0
AL008727.1	0.010268859
AL008729.1	0.187034991
AL008729.2	0
AL008733.1	0
AL008987.1	0
AL009028.1	0
AL009048.1	0
AL009050.1	0
AL009172.1	0
AL009174.1	0.525192906
AL009176.1	0.112041153
AL009178.1	0
AL009178.2	0.098209421
AL009181.1	0.089495238
AL009183.1	0
AL020989.1	0
AL020991.1	0
AL020993.1	0
AL020994.1	0
AL020994.2	0
AL020994.3	0
AL020995.1	0.014449752
AL020996.1	0.078224221
AL020996.2	0
AL020996.3	0
AL020997.1	0.208672635
AL020997.2	0.263865035
AL020997.3	0.067620009
AL020998.1	0
AL021026.1	0.213478747
AL021068.1	0.346413372
AL021068.2	0
AL021153.1	0
AL021154.1	0.106471856
AL021155.1	0.009205758
AL021328.1	0.03642248
AL021331.1	0
AL021368.1	0.179819135
AL021368.2	0.090715931
AL021368.3	0.125997837
AL021391.1	0
AL021392.1	1.712214754
AL021393.1	0
AL021395.1	0.010876157
AL021396.1	0
AL021397.1	0
AL021407.1	0
AL021407.2	0
AL021407.3	0.149849279
AL021408.1	0.130163985
AL021408.2	0.031445056
AL021453.1	1.047691614
AL021546.1	0.087955012
AL021578.1	0.376631051
AL021707.1	0.145653499
AL021707.2	0.354229773
AL021707.3	0.184254901
AL021707.4	0.177626219
AL021707.5	0.052658532
AL021707.6	1.384350978
AL021707.7	0.058354767
AL021707.8	0.530613841
AL021807.1	0.128896902
AL021808.1	0
AL021877.1	0
AL021877.2	0
AL021878.2	1.034298032
AL021879.1	0
AL021918.1	0.308587922
AL021918.2	0
AL021920.1	0
AL021920.2	0
AL021921.1	0
AL021937.1	0.046743742
AL021937.2	0.120774046
AL021937.3	0
AL021937.4	0.054674737
AL021939.1	0.109596312
AL021940.1	0
AL021997.1	0.251560448
AL021997.2	0.089577798
AL021997.3	0
AL022067.1	0.641645371
AL022068.1	0.073850101
AL022069.1	0.044515128
AL022069.2	0
AL022097.1	0
AL022099.1	0
AL022100.1	0
AL022154.1	0
AL022157.1	0.146018546
AL022161.1	0
AL022163.1	0
AL022237.1	0.067808892
AL022238.1	0.205145774
AL022238.2	0
AL022238.3	0
AL022310.1	0.035182005
AL022311.1	0.131280194
AL022313.1	0
AL022313.2	0.065256944
AL022313.3	0
AL022313.4	0
AL022314.1	0
AL022315.1	0
AL022316.1	0.042439831
AL022318.1	0.035804695
AL022318.2	0
AL022319.1	0.041603399
AL022322.1	0.254105896
AL022322.2	0.004760618
AL022323.1	1.014653426
AL022323.2	0
AL022323.3	0
AL022323.4	0.003700546
AL022323.5	0
AL022324.1	0
AL022324.2	0.062245085
AL022324.3	0
AL022326.1	0
AL022326.2	0
AL022328.1	0.304714434
AL022328.2	0.872403772
AL022328.3	0.393271599
AL022328.4	0.679037293
AL022329.1	0.129262956
AL022329.2	0
AL022329.3	0
AL022331.1	0
AL022332.1	0
AL022334.1	0.028129297
AL022334.2	0.050156164
AL022337.1	0
AL022341.1	0.124810196
AL022341.2	0.017131675
AL022342.1	0.084387891
AL022344.1	0
AL022344.2	0.426327391
AL022345.1	0.13265346
AL022345.2	0
AL022345.3	0
AL022393.1	0.028951202
AL022394.1	0
AL022396.1	0
AL022400.1	0
AL022401.1	0
AL022476.1	0.046616578
AL022578.1	0
AL022718.1	0.866985115
AL022721.1	0
AL022722.1	0.083421248
AL022722.2	0
AL022724.1	0
AL022725.1	0
AL023280.1	0
AL023284.1	0
AL023284.2	0.041926741
AL023284.3	0.029142357
AL023284.4	0.519263812
AL023495.1	0.012623808
AL023581.1	0
AL023581.2	0.175910023
AL023583.1	0.021238481
AL023584.1	0
AL023584.2	0.054674737
AL023653.1	0.372324896
AL023693.1	0
AL023754.1	0.658551837
AL023755.1	0.013214798
AL023773.1	0
AL023773.2	0
AL023775.1	0
AL023802.1	0.006430618
AL023803.1	0.129815953
AL023803.2	0.266346524
AL023803.3	0.046504949
AL023806.1	0.04416419
AL023806.2	0
AL023806.3	0.058551817
AL023807.1	1.081920143
AL023881.1	0.080649778
AL023973.1	0
AL024474.1	0
AL024474.2	0
AL024493.1	0
AL024497.1	0.038471606
AL024497.2	0.076579127
AL024498.1	0.231038861
AL024498.2	0.015277271
AL024507.1	0
AL024507.2	0.18862147
AL024508.1	0.096140924
AL024508.2	0.281976151
AL024509.1	0
AL024509.2	0.098481068
AL030996.1	0
AL031003.1	0
AL031005.1	0.167880935
AL031008.1	0
AL031009.1	0.066752291
AL031055.1	0.500130875
AL031056.1	0.017706479
AL031058.1	2.132314742
AL031073.1	0
AL031118.1	0.049290524
AL031119.1	0
AL031121.1	0.095573162
AL031123.1	0.128216109
AL031123.2	0.043805564
AL031123.3	0.092503583
AL031133.1	0.033576187
AL031183.1	0
AL031186.1	0.44137424
AL031229.1	0.866985115
AL031258.1	0
AL031274.1	0.104636135
AL031275.1	0.058075558
AL031280.1	0.02183056
AL031281.1	0.049745048
AL031281.2	0.032453988
AL031282.1	0.915063666
AL031282.2	0.124269573
AL031283.1	0.004688216
AL031283.2	0.02345467
AL031283.3	0
AL031284.1	0.050785739
AL031289.1	0.618486197
AL031313.1	0
AL031316.1	0.305353248
AL031320.1	0
AL031320.2	0.08173597
AL031386.1	0
AL031428.1	0
AL031429.1	0.032410659
AL031429.2	0
AL031432.1	0
AL031432.2	0.211551923
AL031432.3	0.250263745
AL031575.1	0
AL031577.1	0.243364243
AL031577.2	0.086698511
AL031584.1	0
AL031584.2	0
AL031587.1	0
AL031587.2	0.058636674
AL031587.3	0
AL031587.4	0
AL031587.5	1.129096894
AL031593.1	0
AL031594.1	0.009776715
AL031595.1	0.010310292
AL031595.2	0.005091623
AL031595.3	0.020425396
AL031597.1	0.05619348
AL031598.1	0
AL031599.1	0
AL031600.1	0.255532455
AL031600.2	0
AL031600.3	0
AL031601.1	0
AL031601.2	0
AL031602.1	1.81257688
AL031651.1	0
AL031651.2	0
AL031656.1	0
AL031658.1	0.012059405
AL031658.2	0
AL031659.1	0
AL031663.1	0.110847412
AL031663.2	0
AL031663.3	0.01353154
AL031665.1	0.127319492
AL031665.2	0.348453348
AL031666.1	0.093935369
AL031666.2	0.032324345
AL031666.3	0.024130798
AL031667.1	0
AL031667.2	0
AL031667.3	0.704177223
AL031668.1	0.040258015
AL031670.1	0.544295588
AL031673.1	0.625122315
AL031674.1	0
AL031676.1	0
AL031679.1	0
AL031681.1	0
AL031687.1	0
AL031705.1	0.071189394
AL031708.1	0.004557939
AL031709.1	0.111611877
AL031710.1	0
AL031710.2	0.033622691
AL031713.1	0
AL031714.1	0.173049379
AL031716.1	0.137408962
AL031717.1	0.085931268
AL031719.1	0.018767362
AL031719.2	0.305994746
AL031722.1	0
AL031726.1	0
AL031727.1	3.041117019
AL031727.2	0
AL031728.1	0.068547431
AL031729.1	1.896529939
AL031733.1	0
AL031733.2	0
AL031736.1	0.235685274
AL031736.2	0.339302942
AL031737.1	0
AL031767.1	0
AL031768.1	0.242409533
AL031770.1	0
AL031772.1	0.015544664
AL031773.1	0
AL031775.1	1.122095729
AL031775.2	0.779216251
AL031777.1	0.340539244
AL031777.2	0
AL031779.1	0
AL031846.1	0.379305988
AL031846.2	0.026451194
AL031847.1	0.642211196
AL031848.1	0
AL031848.2	0
AL031864.1	0.057389086
AL031864.2	0.138717618
AL031963.1	0
AL031963.2	0.060993928
AL031963.3	0.428392645
AL031985.1	0
AL031985.2	0.101148263
AL031985.3	0.475797466
AL032819.1	0
AL032819.2	0.011228299
AL032821.1	0
AL032822.1	0
AL033379.1	0
AL033380.1	0
AL033381.1	0.007067128
AL033381.2	0
AL033384.1	1.820480675
AL033384.2	0.479123353
AL033397.1	7.59751603
AL033397.2	2.707149134
AL033504.1	0.076639568
AL033519.1	0
AL033519.2	0.866985115
AL033519.3	0
AL033523.1	0
AL033527.1	0
AL033527.2	0.154621549
AL033527.3	0.040594621
AL033528.1	0.173397023
AL033528.2	0
AL033529.1	0
AL033539.1	0
AL033543.1	0.001804339
AL034345.1	0
AL034345.2	0.060038541
AL034346.1	0.15207883
AL034347.1	0
AL034349.1	0
AL034351.1	0
AL034369.1	0
AL034370.1	0
AL034372.1	0
AL034374.1	0.221492548
AL034376.1	0
AL034376.2	0.08473153
AL034379.1	0.479754609
AL034380.1	0
AL034397.1	0.21388179
AL034397.2	0.113304939
AL034397.3	0.361124378
AL034399.1	0
AL034399.2	0.174226674
AL034403.1	0
AL034405.1	0.184605196
AL034417.1	0.060688958
AL034417.2	0.059382542
AL034418.1	0
AL034428.1	0.02855951
AL034546.1	0
AL034548.1	0
AL034550.1	0.049240534
AL034550.2	0
AL034555.1	0
AL035045.1	0
AL035071.1	1.241688677
AL035071.2	0.158663943
AL035078.1	0
AL035078.2	0
AL035078.3	0
AL035079.1	0
AL035090.1	0.073119227
AL035246.1	0
AL035250.1	0
AL035250.2	0
AL035252.1	0
AL035252.2	0
AL035252.3	0.043598389
AL035252.4	0.168580439
AL035258.1	7.078074378
AL035398.1	0.15078002
AL035401.1	0
AL035404.1	0
AL035404.2	0
AL035405.1	0
AL035407.1	0
AL035407.2	0
AL035409.1	0.244221159
AL035410.1	0
AL035410.2	0
AL035411.1	0.598094079
AL035411.2	0
AL035413.1	0.383046678
AL035413.2	0.786066504
AL035414.1	0.05665247
AL035415.1	0
AL035416.1	0.031650043
AL035417.1	0
AL035417.2	0
AL035419.1	0.043041814
AL035420.1	0
AL035420.2	0
AL035420.3	0
AL035423.1	0
AL035425.1	0
AL035425.2	0
AL035425.3	0.004859004
AL035425.4	0
AL035427.1	0
AL035443.1	0
AL035446.1	1.178946646
AL035448.1	0.026516202
AL035454.1	0
AL035456.1	0.283717554
AL035458.1	1.452385321
AL035458.2	0.355500173
AL035460.1	0
AL035461.1	0
AL035461.2	0.231637244
AL035467.1	0
AL035530.1	0.073340131
AL035530.2	0.161754271
AL035541.1	0
AL035551.1	0
AL035555.1	0
AL035563.1	0.315472167
AL035587.1	0.944955588
AL035588.1	0.059498978
AL035604.1	0
AL035633.1	0
AL035634.1	0
AL035658.1	0
AL035660.1	0
AL035660.2	0
AL035661.1	87.02287306
AL035665.1	0
AL035666.1	0
AL035681.1	1.077835895
AL035690.1	0
AL035691.1	0
AL035696.1	0
AL035696.2	0
AL035696.3	0.011841748
AL035698.1	0
AL035701.1	0.065698466
AL035706.1	0.035542582
AL049536.1	0
AL049539.1	0.052887981
AL049541.1	0
AL049541.2	0
AL049542.1	0
AL049543.1	0.008446619
AL049544.1	0
AL049545.1	0
AL049548.1	0
AL049552.1	0.168288272
AL049555.1	22.85647256
AL049564.1	0
AL049569.1	0
AL049594.1	0.090468012
AL049597.1	0.174959158
AL049597.2	0.682040319
AL049610.1	0.065256944
AL049612.1	0
AL049629.1	0.224773919
AL049634.1	0.028227422
AL049634.2	0.018920953
AL049634.3	0
AL049636.1	0
AL049637.1	0
AL049641.1	0
AL049646.1	0
AL049646.2	0.094091408
AL049647.1	0.027138718
AL049648.1	0
AL049649.1	0
AL049650.1	0.058992912
AL049651.1	0
AL049651.2	0
AL049693.1	0
AL049697.1	0.04813855
AL049697.2	0
AL049697.3	0
AL049712.1	0
AL049714.1	0.139916906
AL049732.1	0
AL049733.1	0
AL049734.1	0
AL049734.2	0
AL049737.1	0
AL049745.1	0
AL049747.1	0
AL049748.1	0
AL049749.1	0
AL049757.1	0
AL049758.1	0
AL049765.1	0
AL049775.1	0.158663943
AL049775.2	0.087009259
AL049775.3	0
AL049776.1	0.071927654
AL049777.1	0
AL049779.1	0.090580534
AL049779.2	0.080117436
AL049779.3	0
AL049780.1	0.347503236
AL049780.2	0.19843801
AL049780.3	0.092011055
AL049781.1	0
AL049792.1	0
AL049794.1	0.156819013
AL049794.2	0
AL049795.1	0.089445775
AL049795.2	0
AL049796.1	0.151206917
AL049812.1	0
AL049812.2	0
AL049812.3	0
AL049820.1	0
AL049829.1	0
AL049829.2	0
AL049830.1	0.057119019
AL049830.2	0.120774046
AL049830.3	0.168726903
AL049830.4	0
AL049833.1	0
AL049833.2	0
AL049833.3	0
AL049835.1	0
AL049836.1	0.045038188
AL049836.2	0
AL049838.1	0.222711773
AL049839.1	0
AL049839.2	0.055405635
AL049840.1	0.743482962
AL049840.2	1.134373048
AL049840.3	0.794618109
AL049840.4	3.532082392
AL049840.5	0.571707576
AL049840.6	0.102212982
AL049844.1	0
AL049844.2	0.193276936
AL049844.3	0
AL049861.1	0
AL049869.1	0.0519449
AL049869.2	0
AL049869.3	0.043504629
AL049869.4	0
AL049870.1	0.078816829
AL049870.2	0.140118806
AL049870.3	0
AL049870.4	0
AL049871.1	0.02758589
AL049872.1	1.58319021
AL049873.1	1.93688164
AL049873.2	0.194984604
AL049874.1	0.062565936
AL049874.2	0.08429022
AL049874.3	0
AL049874.4	0
AL049875.1	0.140553418
AL050303.1	0
AL050303.2	0
AL050303.3	0
AL050303.4	0
AL050305.1	0
AL050320.1	0
AL050321.1	0
AL050327.1	0
AL050331.1	0.233793739
AL050331.2	0
AL050335.1	0
AL050338.1	0
AL050341.1	0
AL050341.2	2.268451644
AL050343.1	0.106764522
AL050343.2	0
AL050344.1	0
AL050349.1	0
AL050402.1	0
AL050403.1	0
AL050403.2	0.037960255
AL050404.1	0
AL078459.1	0.021322427
AL078581.1	0.071398774
AL078581.2	0
AL078581.3	0.097885416
AL078587.1	0.134366697
AL078590.1	0
AL078590.2	0.603032974
AL078590.3	0.311225426
AL078595.1	0
AL078595.2	0
AL078595.3	0
AL078596.1	0
AL078599.1	0
AL078599.2	0
AL078601.1	0.089577798
AL078601.2	0.051214311
AL078601.3	0
AL078603.1	0
AL078604.1	0
AL078604.2	0.06062833
AL078604.3	0.115050157
AL078605.1	0.145653499
AL078612.1	0
AL078612.2	0
AL078621.1	0.284479491
AL078621.2	0.034778773
AL078621.3	0.249650954
AL078623.1	0
AL078624.1	0
AL078624.2	0
AL078639.1	0
AL078644.1	0.022312117
AL078644.2	0.290532246
AL078645.1	0
AL078645.2	0
AL079301.1	0
AL079303.1	1.458578862
AL079304.1	0
AL079305.1	0.064562721
AL079307.1	0.024348629
AL079307.2	0
AL079307.3	0
AL079341.1	0
AL079342.1	0
AL079342.2	0.050364281
AL079342.3	0.011778546
AL079343.1	0
AL079352.1	0.04659421
AL080243.1	0.297719417
AL080243.2	1.710135588
AL080248.1	0
AL080250.1	0.191775509
AL080251.1	0
AL080273.1	0
AL080274.1	0
AL080276.1	0
AL080276.2	0
AL080284.1	0
AL080285.1	0
AL080285.2	0
AL080312.1	0
AL080312.2	0.038532672
AL080313.1	0
AL080313.2	0.148929958
AL080315.1	0
AL080316.1	0
AL080317.1	0.958820163
AL080317.2	0.070109988
AL080317.3	0.146272344
AL096677.1	0.059645168
AL096678.1	0
AL096700.1	0
AL096701.1	0.318716629
AL096701.2	0
AL096701.3	0.184839466
AL096711.1	0
AL096711.2	0.014378836
AL096712.1	0
AL096772.1	0
AL096799.1	0
AL096800.1	0
AL096803.1	0
AL096803.2	0
AL096803.3	0
AL096814.1	0
AL096816.1	0.049881335
AL096817.1	0
AL096828.1	0
AL096828.2	0
AL096828.3	0.472900972
AL096829.1	0.106238876
AL096829.2	0
AL096840.1	0
AL096855.1	0
AL096855.2	0
AL096861.1	0
AL096865.1	0.157123516
AL096869.1	0
AL096869.2	0.017642139
AL096869.3	0
AL096870.1	0
AL096870.2	0.406586123
AL109610.1	0
AL109613.1	0.024847066
AL109614.1	0.289684764
AL109615.1	0.16005879
AL109615.2	0
AL109615.3	0.66609832
AL109618.1	0.02884799
AL109618.2	0
AL109618.3	0
AL109620.1	0
AL109628.1	0.241548092
AL109653.1	0
AL109653.2	0
AL109659.1	0
AL109659.2	0.014501543
AL109659.3	0
AL109741.1	0.180711538
AL109741.2	0.14154859
AL109741.3	0
AL109755.1	0
AL109761.1	0.053470448
AL109763.1	0
AL109766.1	0.659662587
AL109767.1	0.043041814
AL109797.1	0.029072555
AL109804.1	0.043194988
AL109806.1	0
AL109807.1	0
AL109809.1	0.015521473
AL109809.2	0
AL109809.3	0
AL109809.4	0
AL109810.1	0.147124747
AL109810.2	0
AL109811.1	0.036205195
AL109811.2	0.81522481
AL109811.3	0.530156415
AL109811.4	0.02201867
AL109827.1	0
AL109837.1	0
AL109838.1	0
AL109910.1	0
AL109910.2	0
AL109913.1	0
AL109914.1	2.992880123
AL109917.1	0.777033017
AL109918.1	8.27558546
AL109918.2	0
AL109918.3	0
AL109923.1	0
AL109924.1	0
AL109924.2	0
AL109924.3	0
AL109924.4	0
AL109930.1	0
AL109933.1	0
AL109933.2	0.093367628
AL109933.3	0
AL109933.4	0
AL109935.1	0
AL109935.2	0
AL109936.1	0.263865035
AL109936.2	0.074694102
AL109941.1	0
AL109945.1	0.070671276
AL109947.1	0
AL109954.1	0
AL109954.2	0
AL109954.3	0
AL109955.1	0.157633657
AL109976.1	0.542972714
AL109983.1	0.037578302
AL110115.1	0.066691163
AL110115.2	0.149388204
AL110118.1	0.060688958
AL110118.2	0.07915951
AL110292.1	0
AL110503.1	0
AL110504.1	0
AL110505.1	0
AL117187.1	0
AL117190.1	0
AL117190.2	0
AL117190.3	0
AL117192.1	0
AL117209.1	0.234546698
AL117328.1	1.048944954
AL117328.2	0.062565936
AL117329.1	0.37330642
AL117329.2	0
AL117332.1	1.29602703
AL117335.1	0.332335302
AL117336.1	0
AL117336.2	0.942037558
AL117336.3	0.223500412
AL117337.1	0
AL117338.1	0
AL117339.1	0
AL117339.2	0
AL117339.3	0
AL117339.4	0.017185037
AL117341.1	0
AL117342.1	0
AL117344.1	0.078816829
AL117348.1	0
AL117348.2	0
AL117350.1	0
AL117351.1	0.063382724
AL117351.2	0
AL117372.1	0
AL117378.1	0
AL117378.2	0
AL117379.1	0.322718241
AL117381.1	0.064907977
AL117382.1	0
AL117382.2	0
AL117692.1	0
AL118496.1	0
AL118496.2	0.105546014
AL118505.1	0.213605028
AL118506.1	0.787656821
AL118508.1	5.792214147
AL118508.2	0.216424219
AL118508.3	0.026187253
AL118508.4	0.041285005
AL118511.1	0.12229513
AL118511.2	0
AL118516.1	6.087011911
AL118520.1	0
AL118522.1	0.130047767
AL118523.1	0
AL118556.1	0.048357735
AL118556.2	0
AL118557.1	0.05517178
AL118558.1	0.176193749
AL118558.2	0
AL118558.3	1.732363214
AL118558.4	0.112386959
AL121574.1	0.057936953
AL121576.1	0
AL121578.1	0
AL121578.2	0
AL121578.3	0
AL121579.1	0
AL121579.2	0
AL121580.1	0.55423706
AL121583.1	0
AL121584.1	0
AL121590.1	0
AL121594.1	0.037763417
AL121601.1	1.191439667
AL121601.2	0.068672088
AL121603.1	0.170954811
AL121603.2	1.800314863
AL121612.1	0
AL121652.1	0.108373139
AL121655.1	0.078816829
AL121656.1	0.100728561
AL121657.1	0
AL121658.1	0.784183166
AL121672.1	0.020555109
AL121672.2	0.251995674
AL121672.3	0.36309633
AL121694.1	0
AL121718.1	0
AL121721.1	0
AL121723.1	0.031962585
AL121748.1	0
AL121748.2	0.031082693
AL121749.1	0
AL121753.1	0.183558285
AL121753.2	0.43200901
AL121757.1	0
AL121757.2	0
AL121758.1	0.098390352
AL121759.1	0.04373979
AL121760.1	0.14032129
AL121761.1	0.26749954
AL121761.2	0.162033626
AL121768.1	0
AL121769.1	0
AL121772.1	0.103963954
AL121772.2	0
AL121772.3	0.180085929
AL121776.1	0
AL121781.1	0
AL121782.1	0.117557304
AL121785.1	0
AL121787.1	0.025963191
AL121790.1	0.065787488
AL121790.2	0.273784773
AL121796.1	0
AL121809.1	0
AL121809.2	0
AL121820.1	0
AL121820.2	0.870092588
AL121821.1	0.137408962
AL121821.2	0
AL121823.1	0
AL121827.1	0
AL121827.2	0.025426115
AL121829.1	0
AL121829.2	0
AL121830.1	0
AL121832.1	0.22769306
AL121832.2	1.453627738
AL121832.3	0.052487747
AL121834.1	0
AL121835.1	0.068575094
AL121835.2	0.01386384
AL121839.1	0
AL121839.2	0.024474879
AL121845.1	0
AL121845.2	0
AL121845.3	0.084664368
AL121845.4	0
AL121852.1	0.056454845
AL121871.1	0.111355886
AL121872.1	0
AL121873.1	0
AL121877.1	0
AL121878.1	0
AL121882.1	0
AL121885.1	0
AL121885.2	0
AL121885.3	0
AL121890.1	0
AL121890.2	0
AL121890.3	0
AL121890.4	0
AL121890.5	0
AL121892.1	0
AL121894.1	0
AL121894.2	0.296646638
AL121895.1	0
AL121895.2	0.162923377
AL121899.1	1.067058603
AL121900.1	0
AL121901.1	0
AL121902.1	0
AL121904.1	0
AL121906.1	0
AL121906.2	0.369338057
AL121908.1	0
AL121910.1	0
AL121912.1	0
AL121916.1	0
AL121917.1	0.127682226
AL121917.2	0.062245085
AL121928.1	0
AL121929.1	0
AL121929.2	0
AL121932.1	0
AL121944.1	0.707742951
AL121949.1	0
AL121949.2	0
AL121949.3	0.063053463
AL121950.1	0
AL121952.1	0.044379494
AL121955.1	0
AL121956.1	0.015681901
AL121956.4	0
AL121956.5	0
AL121957.1	0.040191363
AL121970.1	0
AL121972.1	0.090580534
AL121974.1	0.064391467
AL121977.1	0
AL121978.1	0.067620009
AL121983.1	0.144928855
AL121983.2	0.041926741
AL121985.1	0.017672106
AL121985.2	0
AL121985.3	0.139248087
AL121987.1	0
AL121987.2	0.12307013
AL121988.1	0
AL121989.1	0
AL121990.1	0
AL121992.1	0.034130873
AL121992.2	0
AL121992.3	0
AL121994.1	0
AL121999.1	0
AL122001.1	0
AL122003.1	0
AL122008.1	0
AL122008.2	0.085177485
AL122008.3	0.014089137
AL122008.4	0
AL122010.1	0.573173493
AL122013.1	0.060613192
AL122016.1	0
AL122017.1	0
AL122018.1	0.021017821
AL122019.1	0.025880153
AL122020.1	2.803062986
AL122023.1	0.32062091
AL122034.1	0
AL122035.1	1.324122721
AL122035.2	0.337521478
AL122058.1	0.093873098
AL122125.1	0.364133748
AL122126.1	0
AL122127.1	0.074237258
AL132639.1	0
AL132639.2	0.303668076
AL132639.3	0.732847795
AL132640.1	0.078434841
AL132640.2	0
AL132640.3	0
AL132642.1	0.131693942
AL132642.2	0.012149942
AL132655.1	0.021054279
AL132655.2	0.08173597
AL132655.3	0
AL132656.1	0
AL132656.2	0.211436762
AL132656.3	0
AL132656.4	0.228799088
AL132657.1	0
AL132657.2	0
AL132671.1	0
AL132708.1	0
AL132709.1	0
AL132711.1	0
AL132712.1	5.213828011
AL132712.2	5.734389737
AL132719.1	0
AL132765.1	0.043897981
AL132765.2	0.069161206
AL132777.1	0.117842637
AL132780.1	0.196364677
AL132780.2	0.38190042
AL132780.3	0
AL132780.4	0.21388179
AL132780.5	0.059755282
AL132796.1	0
AL132796.2	0
AL132796.3	0
AL132800.1	0.939026858
AL132801.1	0
AL132819.1	0
AL132821.1	0.184839466
AL132822.1	0
AL132838.1	0.134366697
AL132838.2	0.077310775
AL132855.1	0
AL132857.1	0
AL132875.1	0
AL132875.2	0
AL132989.1	0.674321756
AL132989.2	0.08623653
AL132994.1	0
AL132994.2	0
AL132996.1	0
AL133153.1	0.160234873
AL133153.2	0.560822055
AL133163.1	0.102320688
AL133163.2	0
AL133163.3	0
AL133166.1	0
AL133167.1	0
AL133173.1	0
AL133173.2	0
AL133215.1	0
AL133215.2	0.447247183
AL133215.3	0.05418657
AL133216.1	0
AL133216.2	0.513768957
AL133217.1	0
AL133227.1	0
AL133230.1	0.047630314
AL133232.1	0
AL133240.1	0
AL133241.1	0
AL133243.1	0.13265346
AL133243.2	1.931863193
AL133243.3	0.420216487
AL133243.4	0.007808164
AL133244.1	0
AL133245.1	0
AL133247.1	0
AL133247.2	0
AL133255.1	0
AL133260.1	0.779216251
AL133260.2	0
AL133264.1	0
AL133264.2	0
AL133268.1	0.433183141
AL133268.2	0
AL133268.3	0
AL133270.1	0
AL133271.1	0
AL133279.1	0
AL133279.2	0
AL133279.3	0
AL133284.1	0.009718008
AL133297.1	0
AL133297.2	0
AL133299.1	0.047880835
AL133304.1	0
AL133304.2	0
AL133304.3	0
AL133319.1	0
AL133320.1	0.103212514
AL133325.1	0
AL133325.2	0
AL133325.3	0.066073988
AL133329.1	0.101571478
AL133330.1	0.5517178
AL133330.2	0
AL133338.1	0.544080309
AL133338.2	0.065966259
AL133342.1	0.19898019
AL133343.1	0
AL133343.2	0
AL133346.1	0.245207911
AL133351.1	0.090076376
AL133351.2	0
AL133351.3	0
AL133351.4	0
AL133352.1	0
AL133353.1	1.442113855
AL133355.1	1.626504738
AL133367.1	0.137420235
AL133368.1	0.029822584
AL133368.2	0
AL133370.1	0.045205928
AL133370.2	0
AL133371.1	0
AL133371.2	0.330280044
AL133371.3	0.041639079
AL133372.1	0
AL133372.2	0.013684094
AL133372.3	0
AL133373.1	0.774752656
AL133373.2	0.008584011
AL133375.1	0
AL133380.1	0
AL133383.1	0.026942934
AL133383.2	0
AL133384.1	0
AL133384.2	0
AL133387.1	0
AL133387.2	0
AL133387.3	0
AL133393.1	0
AL133396.1	0
AL133396.2	0
AL133399.1	0.162923377
AL133406.1	0
AL133406.2	0.0810537
AL133406.3	0.089743376
AL133410.1	0
AL133410.2	0
AL133412.1	0
AL133415.1	0.27507743
AL133417.1	0
AL133419.1	0
AL133445.1	0
AL133445.2	0.184254901
AL133453.1	0
AL133456.1	0
AL133457.1	0
AL133464.1	0
AL133465.1	0
AL133466.1	0
AL133467.1	0.562274334
AL133467.2	0.084978704
AL133467.3	0
AL133467.4	0
AL133477.1	0.188915044
AL133480.1	0.038049503
AL133481.1	0
AL133481.2	0
AL133481.3	0
AL133485.1	0
AL133492.1	0.006137948
AL133499.1	0
AL133517.1	0.129815953
AL133520.1	0.242755832
AL133523.1	0.806741436
AL133547.1	0
AL133551.1	0.039730905
AL133553.1	0
AL135744.1	0.038593932
AL135746.1	0
AL135785.1	0
AL135786.1	0
AL135786.2	0
AL135787.1	1.688037244
AL135790.1	0.309243098
AL135790.2	0
AL135791.1	0.264503933
AL135818.1	0.329418144
AL135818.2	0.964136638
AL135838.1	0
AL135901.1	0.072899649
AL135902.1	0
AL135902.2	0
AL135903.1	0.06107065
AL135905.1	0.916385976
AL135908.1	0
AL135923.1	0
AL135923.2	0
AL135924.1	0.057389086
AL135924.2	0.067245383
AL135925.1	0.385326718
AL135929.1	0
AL135929.2	0
AL135934.1	0
AL135936.1	0
AL135937.1	0
AL135938.1	0
AL135960.1	0
AL135978.1	0.038350052
AL135999.1	0.41170431
AL135999.2	0.043194988
AL135999.3	0
AL136018.1	9.356481388
AL136038.1	0.069161206
AL136038.2	0
AL136038.3	0.022149255
AL136038.4	0.019251057
AL136038.5	0.219093711
AL136040.1	0.816347046
AL136084.1	0.076338312
AL136084.2	0.020322799
AL136084.3	0.221189824
AL136087.1	0
AL136088.1	0
AL136090.1	0
AL136097.1	0
AL136097.2	0
AL136097.3	0
AL136099.1	0
AL136100.1	0
AL136115.1	0.093909413
AL136115.2	0.041355338
AL136116.1	0.063715442
AL136116.2	0.03092431
AL136116.3	1.322571318
AL136126.1	0.664257252
AL136131.1	0
AL136131.2	0
AL136131.3	0
AL136139.1	0
AL136140.1	0
AL136140.2	0
AL136141.1	0.328937442
AL136146.1	0
AL136146.2	0
AL136162.1	0.653053723
AL136164.1	0
AL136164.2	0
AL136164.3	0
AL136164.4	0.056851483
AL136172.1	0
AL136181.1	0
AL136221.1	0.047692698
AL136226.1	0.090806421
AL136228.1	0
AL136231.1	0.033254224
AL136234.1	0
AL136295.1	0.008859702
AL136295.2	0.389969208
AL136295.3	0.02855951
AL136295.4	0.016737934
AL136295.5	0.070833298
AL136295.6	0.40582282
AL136295.7	0.708037844
AL136298.1	0.026159034
AL136298.2	0
AL136298.3	0.054551872
AL136301.1	0
AL136304.1	0.286156187
AL136307.1	0.236258717
AL136309.1	0
AL136309.2	0.063967281
AL136309.3	0.273784773
AL136309.4	0
AL136310.1	0.074237258
AL136311.1	0.05429675
AL136313.1	0
AL136317.1	0
AL136317.2	0
AL136317.3	0
AL136320.1	0
AL136322.1	0
AL136359.1	0
AL136360.1	0.012776623
AL136360.2	0
AL136361.1	0
AL136363.1	0
AL136363.2	0
AL136366.1	0
AL136368.1	0.242150456
AL136369.1	0
AL136369.2	0
AL136372.1	0
AL136376.1	0
AL136379.1	0
AL136380.1	0.149849279
AL136418.1	0.049796068
AL136439.1	0.028161929
AL136452.1	0.055297456
AL136454.1	1.719086365
AL136455.1	0
AL136460.1	0
AL136501.1	0
AL136520.1	0.018362771
AL136526.1	0.01101933
AL136528.1	0
AL136528.2	0
AL136529.1	0
AL136531.1	0.455167185
AL136531.2	0.194204666
AL136531.3	0
AL136537.1	0
AL136537.2	0
AL136964.1	0.008118924
AL136967.1	0
AL136967.2	0
AL136968.1	0.076983879
AL136968.2	0.205725282
AL136972.1	0
AL136979.1	0
AL136980.1	0
AL136981.1	0
AL136981.2	0.694533035
AL136982.1	0.005323593
AL136982.2	0
AL136982.3	0
AL136982.4	0
AL136982.5	0.165140022
AL136982.6	0
AL136982.7	0
AL136984.1	0.012823869
AL136985.1	0
AL136985.2	0.045374922
AL136987.1	0
AL136988.1	0
AL136988.2	0.028194638
AL137000.1	0
AL137001.1	0
AL137002.1	0
AL137003.1	1.286814583
AL137003.2	0.621715094
AL137005.1	0
AL137013.1	0.079073561
AL137014.1	0
AL137022.1	0
AL137024.1	0
AL137025.1	0
AL137026.1	0.050156164
AL137026.2	0
AL137027.1	0
AL137028.1	0
AL137028.2	0
AL137058.1	0
AL137058.2	0.172516835
AL137058.3	0.00783336
AL137060.1	0.201685359
AL137067.1	0
AL137067.2	0
AL137071.1	0
AL137072.1	0
AL137074.1	0.052205555
AL137076.1	0
AL137077.1	0
AL137078.1	0
AL137078.2	0
AL137100.1	0
AL137100.2	0
AL137127.1	0.05708544
AL137129.1	0
AL137141.1	0.005019765
AL137145.1	0.049602745
AL137145.2	0.047198153
AL137159.1	0.094826497
AL137161.1	0
AL137186.1	0.354018922
AL137186.2	0.46540612
AL137190.1	0
AL137191.1	0.029822584
AL137220.1	0
AL137222.1	0.020891208
AL137224.1	0
AL137230.1	0
AL137230.2	0
AL137244.1	0
AL137246.1	0
AL137246.2	0
AL137247.1	0
AL137779.1	0.04052685
AL137779.2	0.379305988
AL137779.3	0
AL137782.1	0.058103359
AL137783.1	0
AL137784.1	0.553939483
AL137784.2	0.024275583
AL137784.3	0.031829873
AL137786.1	0.08812918
AL137789.1	0
AL137792.1	0.043582735
AL137792.2	0
AL137793.1	0.243161101
AL137796.1	0.084144136
AL137798.1	0.07160939
AL137802.1	0
AL137802.2	0.065609684
AL137804.1	0.210725549
AL137843.1	0
AL137845.1	0
AL137845.2	0.098281713
AL137847.1	0.273373685
AL137847.2	0.046063725
AL137847.3	0
AL137849.1	0
AL137856.1	0.044954784
AL137918.1	0.075782258
AL138478.1	0
AL138479.1	0
AL138686.1	0
AL138688.1	0
AL138688.2	0.016044668
AL138689.1	0.072681387
AL138690.1	0
AL138693.1	2.258193788
AL138709.1	0
AL138713.1	0
AL138720.1	0.083950144
AL138721.1	0.135617783
AL138724.1	1.584160302
AL138725.1	0.036949137
AL138726.1	0
AL138729.1	0
AL138731.1	0
AL138733.1	0
AL138733.2	0
AL138737.1	0
AL138749.1	0
AL138752.1	0
AL138752.2	0
AL138756.1	0.401581195
AL138759.1	0
AL138760.1	0.167417815
AL138762.1	0.148293117
AL138767.1	0
AL138767.2	0
AL138767.3	0
AL138775.1	0
AL138781.1	0.054592766
AL138781.2	0.079030656
AL138785.1	1.026761828
AL138787.1	0.031465435
AL138787.2	0.036837
AL138789.1	0.025287066
AL138799.1	0.188407512
AL138799.2	0
AL138799.3	0
AL138799.4	0
AL138807.1	0
AL138808.1	0
AL138812.1	0
AL138820.1	0.009151964
AL138825.1	0
AL138826.1	0
AL138827.1	0
AL138828.1	0
AL138828.2	0
AL138830.1	0
AL138830.2	0
AL138831.1	0
AL138831.2	0
AL138831.3	0.199799039
AL138847.1	0.08892155
AL138847.2	0
AL138878.1	0.139916906
AL138878.2	0.058683924
AL138880.1	0
AL138880.2	0
AL138881.1	0.030767533
AL138885.1	0
AL138885.2	0
AL138889.1	0.002341847
AL138889.2	0
AL138895.1	0
AL138895.2	0
AL138899.1	0
AL138899.2	0.048648463
AL138900.1	0
AL138900.2	0
AL138900.3	0
AL138902.1	0.170155957
AL138916.1	0
AL138916.2	0
AL138918.1	0
AL138921.1	0.057389086
AL138921.2	0.041999279
AL138930.1	0
AL138955.1	0.046683814
AL138957.1	0
AL138960.1	0
AL138960.2	0
AL138962.1	0
AL138963.1	0.078308333
AL138963.2	0
AL138963.3	0
AL138966.1	0
AL138966.2	0.313908404
AL138974.1	0
AL138976.1	0.135870802
AL138976.2	0.734563757
AL138995.1	0.575421232
AL138999.1	0.193817032
AL139002.1	0
AL139005.1	0.059389806
AL139008.1	0
AL139008.2	0.061457173
AL139010.1	0
AL139011.1	0.958820163
AL139011.2	0.042218406
AL139020.1	0.032185062
AL139021.1	0.111355886
AL139021.2	0
AL139022.1	0.052887981
AL139022.2	0.054798156
AL139023.1	0.095573162
AL139035.1	0.103008132
AL139039.1	0.035080323
AL139039.2	0
AL139039.3	0.13166418
AL139041.1	0.039796038
AL139042.1	0
AL139081.1	0.127097294
AL139082.1	0
AL139089.1	0.771839056
AL139093.1	0
AL139094.1	0.040867985
AL139095.1	1.365889593
AL139095.2	2.627083663
AL139095.3	0.928243415
AL139095.4	0.194204666
AL139098.1	0
AL139098.2	0
AL139099.1	0
AL139099.2	0.121075228
AL139099.3	1.7035497
AL139100.1	1.267399927
AL139109.1	0
AL139118.1	0
AL139120.1	0
AL139121.1	0
AL139123.1	0.169364534
AL139124.1	0
AL139125.1	0.043582735
AL139125.2	0.181839575
AL139128.1	0.025797644
AL139130.1	0.00869158
AL139132.1	0.070568556
AL139135.1	0
AL139135.2	0
AL139142.1	0
AL139147.1	0.062998918
AL139148.1	0
AL139156.1	0
AL139156.2	1.213779161
AL139156.3	0
AL139158.1	0
AL139158.2	0.212943712
AL139161.1	0.51106491
AL139161.2	0
AL139174.1	0.027399078
AL139184.1	0
AL139193.1	0
AL139193.2	0
AL139220.1	0.093367628
AL139220.2	0.270099626
AL139230.1	0
AL139231.1	0
AL139237.1	0
AL139237.2	0
AL139240.1	0
AL139241.1	0
AL139246.1	0.05335293
AL139246.2	0
AL139246.3	0.349009982
AL139246.4	0.047228761
AL139246.5	0.731192266
AL139247.1	0.224082307
AL139254.1	0
AL139260.1	0.522323
AL139260.2	0.011181752
AL139260.3	0.014934225
AL139274.1	0
AL139274.2	0.064703517
AL139275.1	0.058921318
AL139275.2	0
AL139276.1	0
AL139280.1	0.052431065
AL139281.1	0
AL139286.1	0
AL139286.2	0.061301978
AL139287.1	1.446472575
AL139288.1	0.078056538
AL139289.1	0.232461125
AL139289.2	0.403980961
AL139294.1	0
AL139300.1	0.009690852
AL139300.2	0.131693942
AL139316.1	0
AL139317.1	0.123855016
AL139317.2	0.153642932
AL139317.3	0
AL139317.4	0
AL139327.1	0
AL139327.2	0.047228761
AL139327.3	0
AL139327.4	0
AL139339.1	0.073898275
AL139339.2	0
AL139344.1	0
AL139348.1	0
AL139349.1	0.126216204
AL139350.1	0
AL139351.1	0.379305988
AL139352.1	0.171437735
AL139353.1	0.669746982
AL139353.2	0.17620468
AL139354.1	0
AL139383.1	0.063258849
AL139384.1	0.278846542
AL139384.2	0.047334006
AL139385.1	0.593535042
AL139390.1	0
AL139393.1	0
AL139393.2	0.815180078
AL139395.1	0
AL139396.1	0
AL139397.1	0.037695005
AL139397.2	0
AL139400.1	0
AL139407.1	0.144620496
AL139412.1	0.122603956
AL139413.1	0
AL139415.1	0
AL139415.2	0
AL139418.1	0
AL139420.1	0
AL139420.2	0
AL139421.1	0.718212521
AL139423.1	0.015319692
AL139424.1	0.060917398
AL139805.1	0.019955268
AL139806.1	0
AL139807.1	0
AL139811.1	0.031677577
AL139811.2	0
AL139819.1	0
AL139824.1	0
AL139824.2	0
AL157359.1	0
AL157359.2	0
AL157359.3	0
AL157366.1	0
AL157371.1	0
AL157373.1	0
AL157373.2	0.085177485
AL157378.1	0
AL157384.1	0.039264995
AL157385.1	0
AL157387.1	0
AL157392.1	0
AL157392.2	0
AL157392.3	0.16455994
AL157392.4	0.211092028
AL157394.1	0.317327885
AL157395.1	0.83135559
AL157396.1	0
AL157398.1	0
AL157400.1	0
AL157400.2	0.160499724
AL157400.3	0.018702298
AL157400.4	0
AL157400.5	0
AL157401.1	0
AL157402.1	0
AL157402.2	0
AL157407.1	0
AL157413.1	0
AL157414.1	0.063053463
AL157414.2	0
AL157414.3	0
AL157687.1	0
AL157688.1	0
AL157698.1	0
AL157700.1	0.016952223
AL157702.1	0
AL157702.2	0.039698419
AL157709.1	0
AL157712.1	0
AL157713.1	0.047568093
AL157714.1	0
AL157714.2	0
AL157756.1	0.161631975
AL157762.1	0.058495381
AL157770.1	0.055297456
AL157777.1	0
AL157777.2	0
AL157778.1	0
AL157786.1	0.01566672
AL157788.1	0
AL157791.1	0
AL157791.2	0.152357217
AL157813.1	0.496264052
AL157817.1	0
AL157823.1	0
AL157823.2	0.036286373
AL157827.1	0
AL157831.1	0
AL157831.2	0
AL157832.1	0.049041582
AL157832.2	0
AL157834.1	0
AL157834.2	0
AL157834.3	0
AL157838.1	0.135834598
AL157871.1	0
AL157871.2	0.219887529
AL157871.3	0.24855546
AL157871.4	0
AL157871.5	0.091090369
AL157871.6	0
AL157882.1	0
AL157884.1	0.053470448
AL157884.2	0
AL157884.3	0.020503026
AL157895.1	0.282142994
AL157896.1	0.030728586
AL157899.1	0
AL157902.1	0
AL157902.2	0.032540996
AL157904.1	0.126765448
AL157911.1	0.084879662
AL157912.1	0
AL157931.1	0.165986894
AL157932.1	0.200624655
AL157935.1	0.385326718
AL157935.2	0.125563361
AL157937.1	0.109596312
AL157938.1	0
AL157938.2	0.016034071
AL157938.3	0.01574292
AL157955.1	0
AL157955.2	0
AL157996.1	0
AL158013.1	0
AL158032.1	0
AL158032.2	0
AL158042.1	0
AL158047.1	0.027554578
AL158050.1	0.478074943
AL158050.2	0
AL158053.1	0
AL158055.1	0.028865141
AL158058.1	0
AL158062.1	0.032584675
AL158063.1	0
AL158066.1	0
AL158068.1	0.078816829
AL158068.2	0
AL158069.1	0
AL158070.1	0.038471606
AL158070.2	0
AL158071.1	0.052658532
AL158071.2	0.059571983
AL158071.3	0.047975461
AL158071.4	0.047079919
AL158073.1	0
AL158077.1	0
AL158090.1	0
AL158147.1	0
AL158151.1	0.074269704
AL158151.2	0.100728561
AL158151.3	0
AL158151.4	0
AL158152.1	0.084583914
AL158152.2	0.929703187
AL158154.1	0
AL158154.2	0
AL158156.1	0.102645172
AL158163.1	0.04416419
AL158163.2	0.069358809
AL158166.1	0.130865678
AL158166.2	0.162269941
AL158168.1	0
AL158196.1	0.111869047
AL158198.1	0
AL158201.1	0.505741317
AL158206.1	2.668461056
AL158207.1	0.071189394
AL158207.2	0
AL158209.1	0
AL158209.2	0
AL158210.1	0
AL158211.1	0.12726387
AL158211.2	0
AL158211.3	0.203142956
AL158211.4	0.041567779
AL158211.5	0.31814704
AL158212.1	0.077065344
AL158212.2	0.052773007
AL158212.3	0.148965108
AL158212.4	0
AL158214.1	0.060088077
AL158801.1	0
AL158801.2	0
AL158801.3	0.13374977
AL158801.4	0.052887981
AL158801.5	2.923511097
AL158817.1	0
AL158819.1	0
AL158823.1	0.406285912
AL158824.1	0.107891481
AL158825.1	0
AL158825.2	0.253625496
AL158827.1	0.062085891
AL158827.2	0.294249494
AL158828.1	0
AL158829.1	0
AL158832.1	0
AL158834.1	0
AL158834.2	0.087558461
AL158835.1	0.162686018
AL158835.2	0.005325929
AL158835.3	0.323674443
AL158835.4	0
AL158837.1	0
AL158839.1	0
AL158840.1	0
AL158847.1	0.030044039
AL158850.1	0.053119438
AL158850.2	0
AL159153.1	0.153158254
AL159163.1	0.161837221
AL159166.1	0
AL159169.1	0
AL159169.2	0.076518781
AL159169.3	0
AL159174.1	0
AL159972.1	0
AL159987.1	0
AL159987.2	0
AL159990.1	0
AL159990.2	0
AL160004.1	0
AL160004.2	0
AL160006.1	0.241834558
AL160153.1	0
AL160162.1	0.043118265
AL160163.1	0
AL160175.1	0
AL160191.1	0
AL160191.2	0
AL160191.3	0
AL160236.1	0
AL160236.2	0
AL160237.1	0
AL160237.2	0
AL160237.3	0
AL160262.1	0
AL160270.1	0
AL160270.2	0
AL160271.1	0.029282971
AL160274.1	0
AL160275.1	0
AL160275.2	0
AL160279.1	0
AL160281.1	0.078056538
AL160286.1	0.284901624
AL160286.2	0.155945931
AL160286.3	0.014739273
AL160287.1	0
AL160290.1	0
AL160290.2	0.058495381
AL160290.3	0
AL160291.1	0.048454258
AL160313.1	0.023364373
AL160313.2	0
AL160314.1	0
AL160314.2	0.070466134
AL160314.3	0
AL160394.1	0.033529811
AL160408.1	0.132352112
AL160408.2	0
AL160408.3	0
AL160408.4	0.156113075
AL160408.5	0.276907793
AL160411.1	0
AL160412.1	0.047552563
AL160413.1	0
AL161420.1	0.091952967
AL161421.1	0.705557369
AL161423.1	0
AL161431.1	0
AL161447.1	0
AL161449.1	0
AL161452.1	0.108664204
AL161454.1	0
AL161457.1	0
AL161457.2	0.054524644
AL161616.1	0
AL161616.2	0
AL161618.1	0.095698751
AL161621.1	0
AL161629.1	0
AL161629.2	0
AL161630.1	0.018687901
AL161631.1	0
AL161636.1	0.07539001
AL161636.2	0.026187253
AL161637.1	0
AL161638.1	0
AL161638.2	0
AL161640.1	0.311225426
AL161644.1	0
AL161645.1	0.058029283
AL161646.1	0
AL161646.2	0
AL161651.1	0
AL161658.1	0
AL161668.1	0
AL161668.2	0
AL161668.3	0.040936903
AL161669.1	0
AL161669.2	1.155980153
AL161669.3	1.09349474
AL161670.1	0.177194038
AL161670.2	0
AL161672.1	0
AL161713.1	0
AL161716.1	0
AL161719.1	0
AL161722.1	0
AL161722.2	0
AL161722.3	0
AL161725.1	0.030223585
AL161725.2	0
AL161727.1	0.045802987
AL161729.1	0.069259867
AL161729.2	0
AL161729.3	0.216424219
AL161729.4	0
AL161733.1	0
AL161734.1	0
AL161740.1	0
AL161742.1	0.041567779
AL161747.1	0.203426675
AL161747.2	0
AL161751.1	0
AL161752.1	0
AL161756.1	0.10997697
AL161756.2	0
AL161757.1	0.07562487
AL161757.2	0.105317064
AL161757.3	0
AL161757.4	0
AL161757.5	0
AL161772.1	0.225589055
AL161773.1	0.084387891
AL161781.1	0
AL161781.2	0.065698466
AL161782.1	0
AL161785.1	0.249834476
AL161785.2	0.025130003
AL161785.3	0
AL161787.1	6.557197766
AL161788.1	0
AL161793.1	0
AL161798.1	0
AL161804.1	0
AL161891.1	0.141380662
AL161896.1	0
AL161901.1	0
AL161908.1	0
AL161908.2	0
AL161909.1	0.375044123
AL161909.2	0
AL161911.1	0.130865678
AL161912.1	0
AL161912.2	0
AL161912.3	0
AL161912.4	0.009836136
AL161931.1	0.098681233
AL161932.1	0
AL161932.2	0
AL161935.1	0
AL161935.2	0
AL161935.3	0.279833812
AL161937.1	0.039408414
AL161937.2	0.228153978
AL161938.1	0
AL162151.1	0
AL162151.2	2.458286908
AL162171.1	0.135240018
AL162171.2	0.026823849
AL162171.3	0.030554541
AL162231.1	0.225141797
AL162231.2	2.153773549
AL162231.3	0
AL162231.4	0
AL162233.1	0
AL162253.1	0
AL162254.1	0
AL162258.1	0
AL162258.2	0.460637253
AL162274.1	0
AL162274.2	0.292476906
AL162274.3	0
AL162293.1	0
AL162311.1	0
AL162311.2	0.273913492
AL162311.3	0.135475874
AL162373.1	0
AL162376.1	0.416152855
AL162377.1	0.658754182
AL162377.2	0
AL162384.1	0.048648463
AL162385.1	0
AL162385.2	0
AL162386.1	0
AL162386.2	0.053119438
AL162388.1	0
AL162389.1	0
AL162390.1	0.019482812
AL162391.1	0
AL162393.1	0.025661293
AL162394.1	0
AL162395.1	0
AL162399.1	0
AL162400.1	0
AL162400.2	0
AL162408.1	0
AL162411.1	0.323059092
AL162412.1	0.075468134
AL162413.1	0
AL162414.1	0.16314236
AL162419.1	0.027807083
AL162424.1	0.109844268
AL162425.1	0.015918415
AL162426.1	0
AL162427.1	0.110594912
AL162430.1	0.195320785
AL162430.2	0
AL162431.1	0
AL162431.2	0.100146795
AL162431.3	0.090411856
AL162431.4	0
AL162457.1	0.012137792
AL162457.2	0
AL162464.1	0.043818742
AL162464.2	0
AL162497.1	0
AL162511.1	0
AL162574.1	0
AL162574.2	0.036949137
AL162574.3	0
AL162578.1	0
AL162582.1	0
AL162584.1	0
AL162586.1	0.183660398
AL162591.1	0
AL162591.2	0
AL162595.1	0.44137424
AL162595.2	0.030650989
AL162615.1	0.029371547
AL162632.1	0.132895529
AL162632.2	0
AL162632.3	0.01493882
AL162713.1	0
AL162724.1	0
AL162724.2	0.315267315
AL162725.1	0
AL162725.2	0
AL162726.1	0
AL162726.2	0
AL162726.3	0.006292271
AL162726.4	0
AL162727.1	0.039887583
AL162727.2	0
AL162730.1	0
AL162731.1	0
AL162734.1	0
AL162739.1	0
AL162741.1	0.015581247
AL162742.1	0.025446104
AL162742.2	0
AL162872.1	0
AL163051.1	0.722487596
AL163051.2	1.519288201
AL163153.1	0
AL163192.1	0
AL163193.1	0.030806578
AL163195.1	0
AL163195.2	0.009041186
AL163195.3	0
AL163540.1	1.194912127
AL163636.1	0
AL163636.2	0.016205329
AL163642.1	0
AL163642.2	0
AL163932.1	0
AL163952.1	2.962389773
AL163953.1	0.200624655
AL163973.1	0.042072068
AL163973.2	0
AL163973.3	0
AL163974.1	0
AL352955.1	0
AL352977.1	0.053588484
AL352977.2	0
AL352979.1	0
AL352979.2	0
AL352979.3	0.098281713
AL352984.1	0
AL352984.2	0
AL353052.1	0
AL353052.2	0
AL353072.1	0
AL353093.1	0
AL353132.1	0
AL353133.1	0.121075228
AL353133.2	0
AL353135.1	0
AL353148.1	0.012844224
AL353149.1	0
AL353150.1	0.070160645
AL353151.1	0.200956815
AL353152.1	0
AL353193.1	0
AL353194.1	1.596353545
AL353572.1	0
AL353572.2	0.064907977
AL353581.1	0
AL353583.1	0.091605974
AL353588.1	0.027640858
AL353593.1	0.073655373
AL353593.2	0.03273848
AL353593.3	0.031774324
AL353596.1	0
AL353597.1	0
AL353597.2	0
AL353597.3	0
AL353600.1	0
AL353604.1	0
AL353608.1	0
AL353608.2	0.214196323
AL353608.3	0.004595907
AL353608.4	0
AL353611.1	0
AL353611.2	0
AL353612.1	0
AL353613.1	0
AL353614.1	0
AL353615.1	0
AL353616.1	0
AL353616.2	0.013959507
AL353621.1	0.199799039
AL353621.2	0
AL353622.1	0.199696314
AL353622.2	0
AL353625.1	0.25585891
AL353626.1	0
AL353626.2	0
AL353626.3	0
AL353633.1	0
AL353637.1	0.033163365
AL353649.1	0
AL353651.1	0
AL353653.1	0
AL353658.1	0
AL353658.2	0
AL353662.1	0
AL353662.2	0.075273126
AL353662.3	0.102428621
AL353678.1	0.163802856
AL353680.1	0
AL353681.1	0
AL353684.1	0
AL353689.1	0
AL353689.2	0
AL353691.1	0
AL353691.2	0
AL353692.1	0
AL353692.2	0
AL353693.1	0
AL353699.1	0
AL353705.1	0.101148263
AL353705.2	0.036670065
AL353705.3	0
AL353705.4	0
AL353706.1	0
AL353708.1	0.154498541
AL353708.2	0
AL353708.3	0.245455846
AL353718.1	0
AL353719.1	0
AL353726.1	0
AL353726.2	0
AL353729.1	0
AL353729.2	0
AL353732.1	0
AL353740.1	0
AL353742.1	0
AL353743.1	1.231370163
AL353743.2	0
AL353743.3	0
AL353743.4	0.015692038
AL353746.1	0.010583745
AL353747.1	0
AL353747.2	0
AL353747.3	0.041926741
AL353747.4	0
AL353748.1	0
AL353748.2	0
AL353751.1	0
AL353752.1	0.280102883
AL353753.1	0.010463613
AL353754.1	0
AL353763.1	0.029822584
AL353763.2	0.701606451
AL353764.1	0.102428621
AL353765.1	0
AL353768.1	0
AL353770.1	0
AL353770.2	0
AL353770.3	0
AL353770.4	0.016514002
AL353771.1	0
AL353778.1	0
AL353779.1	0
AL353779.2	0
AL353780.1	0
AL353784.1	0
AL353795.1	0
AL353795.2	0
AL353795.3	0.012772141
AL353796.1	0.187253805
AL353801.1	0
AL353801.2	0
AL353801.3	0.089577798
AL353803.1	0
AL353803.2	0.035456061
AL353803.3	0
AL353803.4	0.025104016
AL353803.5	0
AL353804.1	0.107652254
AL353804.2	0
AL353807.1	0.036670065
AL353807.2	0.11034356
AL353807.3	0.814031533
AL353807.4	0.472287611
AL353811.1	0
AL353813.1	0
AL353898.1	0.305994746
AL353898.2	0
AL353898.3	0.193651376
AL353996.1	0
AL353997.1	0
AL353997.2	0.058790514
AL353997.3	0
AL353997.4	0
AL353997.5	0
AL354674.1	0
AL354676.1	0
AL354685.1	0
AL354685.2	0
AL354692.1	0
AL354694.1	0
AL354695.1	0
AL354696.1	0.586130782
AL354696.2	0.035555596
AL354702.1	0.173397023
AL354707.1	2.898704724
AL354707.2	0
AL354707.3	0
AL354710.1	0.493406163
AL354710.2	0.044137424
AL354712.1	0.050892208
AL354714.1	0.170474601
AL354714.2	1.703937929
AL354714.3	0
AL354714.4	0.123435169
AL354718.1	0.577008769
AL354718.2	0
AL354718.3	0.208912076
AL354719.1	0
AL354719.2	0.567654628
AL354726.1	0.060387023
AL354732.1	0.358226817
AL354733.1	0
AL354733.2	0.006405167
AL354733.3	0.248980341
AL354740.1	0.029293572
AL354751.1	0
AL354751.2	0
AL354751.3	0
AL354754.1	0.271886532
AL354760.1	0.188768143
AL354761.1	0
AL354766.1	0.044788899
AL354766.2	0.344334514
AL354771.1	0
AL354793.1	0.102141304
AL354794.1	0.094091408
AL354794.2	0.077806356
AL354796.1	0
AL354798.1	0.221357902
AL354809.1	0
AL354810.1	0
AL354811.1	0.034384679
AL354813.1	0.039845028
AL354821.1	0
AL354824.1	0
AL354824.2	0.108859118
AL354836.1	1.711054324
AL354854.1	0
AL354861.1	0
AL354861.2	0
AL354861.3	0
AL354863.1	0
AL354864.1	0
AL354868.1	0
AL354872.1	0.025104016
AL354872.2	0.052093526
AL354877.1	0.411450563
AL354890.1	0
AL354892.1	0
AL354892.2	2.891384602
AL354892.3	0.059571983
AL354893.1	0.279029692
AL354893.2	0
AL354896.1	0
AL354919.1	0
AL354919.2	0.361647422
AL354920.1	5.480202208
AL354928.1	0.196722717
AL354936.1	0.037404597
AL354941.1	0
AL354943.1	0
AL354949.1	0
AL354950.1	0
AL354950.2	0
AL354956.1	0
AL354976.1	0
AL354977.1	0
AL354977.2	0
AL354979.1	0
AL354980.1	0
AL354983.1	0.026794242
AL354984.1	0
AL354984.2	0
AL354984.3	0
AL354989.1	0.267604854
AL354989.2	0
AL354993.1	0.022203277
AL354993.2	0.313522292
AL354994.1	0
AL355001.1	0.054674737
AL355001.2	4.463772229
AL355032.1	0.27711853
AL355073.1	0
AL355073.2	0
AL355075.1	0
AL355075.2	0.152357217
AL355075.3	0
AL355075.4	0.076099007
AL355075.5	0
AL355076.1	0
AL355076.2	0.086853607
AL355076.3	0
AL355095.1	0
AL355096.1	0
AL355097.1	0
AL355102.1	0
AL355102.2	0.085177485
AL355102.3	0
AL355102.4	0
AL355102.5	0
AL355103.1	0.021810946
AL355112.1	0
AL355140.1	0
AL355143.1	0
AL355149.1	0
AL355297.1	0
AL355297.2	0
AL355297.3	0
AL355297.4	0.033810004
AL355298.1	0
AL355300.1	0
AL355301.1	0
AL355303.1	0.071398774
AL355304.1	0.043818742
AL355306.1	0
AL355306.2	0
AL355309.1	1.556127129
AL355310.1	0
AL355310.2	0
AL355310.3	0
AL355312.1	0.011156058
AL355312.2	0.610280025
AL355312.3	0.311225426
AL355314.1	0
AL355314.2	0
AL355315.1	0
AL355333.1	0
AL355334.1	0
AL355336.1	0
AL355338.1	12.07131958
AL355339.1	0
AL355340.1	0
AL355353.1	0.66206136
AL355355.1	0
AL355355.2	0.287285008
AL355357.1	0
AL355365.1	0
AL355375.1	0
AL355375.2	0
AL355376.1	0
AL355376.2	0
AL355377.1	0.014685773
AL355377.2	0.041591519
AL355379.1	0.037930599
AL355385.1	0.356121025
AL355388.1	0
AL355388.2	0.033762981
AL355390.1	0
AL355390.2	0
AL355432.1	0.043041814
AL355433.1	0
AL355472.1	5.995013595
AL355472.2	1.607287473
AL355472.3	0.532878656
AL355472.4	0.465346643
AL355478.1	0
AL355480.1	0
AL355480.2	0
AL355480.3	0
AL355480.4	0
AL355482.1	0.029568311
AL355482.2	0.254416593
AL355483.1	0
AL355483.2	0
AL355483.3	0.032281361
AL355483.4	0.051650177
AL355488.1	0.204425964
AL355490.1	0
AL355490.2	0
AL355493.1	0
AL355493.2	0
AL355493.4	0
AL355497.1	0
AL355497.2	0
AL355499.1	0
AL355500.1	0
AL355512.1	0
AL355516.1	0
AL355526.1	0
AL355537.1	0
AL355537.2	0
AL355574.1	1.170848065
AL355578.1	0
AL355581.1	0.016707215
AL355592.1	0.062890112
AL355596.1	0.006074971
AL355598.1	0
AL355601.1	0.795920761
AL355607.1	0.082290113
AL355607.2	0
AL355613.1	0.050574132
AL355615.1	0
AL355674.1	0
AL355773.1	0
AL355796.1	1.052192461
AL355802.1	0.385326718
AL355802.2	0.044542355
AL355803.1	0.516501771
AL355810.1	0
AL355812.1	0.112386959
AL355816.1	0
AL355816.2	0
AL355834.1	0
AL355836.1	0
AL355838.1	0
AL355852.1	0
AL355862.1	0
AL355863.1	0
AL355864.1	0.276907793
AL355864.2	0.056258594
AL355870.1	0.053470448
AL355877.1	0.114112738
AL355877.2	0.135617783
AL355877.3	0.027002873
AL355916.1	0.201305251
AL355916.2	0.122810708
AL355916.3	0
AL355922.1	0.432206229
AL355922.2	0.086822544
AL355922.3	0.251995674
AL355922.4	0
AL355922.5	0
AL355974.1	0
AL355974.2	0.07295442
AL355974.3	0
AL355987.1	0
AL355987.2	0
AL355987.3	0.099084013
AL355987.4	0.050399135
AL355987.5	0.059064679
AL355989.1	0
AL355989.2	0
AL355990.1	0
AL355990.2	0
AL355994.1	0
AL355994.2	0.034482363
AL355994.3	0
AL355994.4	0
AL355994.5	0
AL355997.1	0
AL356000.1	0.078434841
AL356010.1	0
AL356010.2	0.246452622
AL356017.1	0
AL356019.1	0
AL356019.2	0.171178048
AL356020.1	0.045121902
AL356022.1	0
AL356052.1	0
AL356055.1	0
AL356056.1	0
AL356056.2	0.024496048
AL356056.3	0.176229279
AL356057.1	0
AL356057.2	0
AL356094.1	0
AL356095.1	0
AL356095.2	0
AL356102.1	0
AL356108.1	0.215782962
AL356121.1	0
AL356121.2	0
AL356124.1	0.02809674
AL356124.2	0
AL356130.1	0
AL356130.2	0
AL356131.1	0
AL356133.1	0
AL356133.2	0
AL356134.1	0
AL356157.1	0
AL356157.2	1.312193687
AL356215.1	0.699872663
AL356218.1	0
AL356218.2	0
AL356234.1	0.013645634
AL356234.2	2.320801455
AL356235.1	0.329261918
AL356258.1	0.021616726
AL356259.1	0
AL356266.1	0
AL356270.1	0.046504949
AL356272.1	0
AL356273.1	0.04214511
AL356273.2	0
AL356273.3	0.085434431
AL356274.1	0.118417479
AL356274.2	0.097050573
AL356276.1	0
AL356276.2	0
AL356277.1	0
AL356277.2	0
AL356277.3	0
AL356280.1	0
AL356289.1	0
AL356289.2	0
AL356289.3	0
AL356292.1	0.065081993
AL356299.1	0
AL356299.2	0.414259099
AL356309.1	0
AL356309.2	0
AL356309.3	0
AL356310.1	0
AL356311.1	0
AL356317.1	0
AL356320.1	0
AL356320.2	0.047880835
AL356321.1	0
AL356356.1	0.146018546
AL356361.1	0
AL356361.2	0
AL356364.1	0
AL356379.1	0
AL356387.1	0
AL356387.2	0
AL356390.1	0.244590259
AL356414.1	0
AL356417.1	0.057457002
AL356417.2	0.177194038
AL356421.1	0.058778652
AL356421.2	0
AL356423.1	0
AL356432.1	0.057936953
AL356432.2	0
AL356432.3	0
AL356441.1	0
AL356441.2	0.02809674
AL356458.1	0
AL356473.1	0
AL356475.1	0
AL356476.1	0
AL356479.1	0.011125382
AL356481.1	0.52773007
AL356481.2	0
AL356481.3	0.042218406
AL356488.1	0.079722769
AL356488.2	0
AL356488.3	0.151302111
AL356489.1	0
AL356489.2	0.130735851
AL356490.1	0
AL356498.1	0
AL356512.1	0.055838029
AL356515.1	0
AL356535.1	0.426957494
AL356575.1	0
AL356580.1	0
AL356583.1	0
AL356583.2	0
AL356583.3	0
AL356585.1	0.02697287
AL356585.2	0
AL356585.3	0
AL356585.4	0
AL356596.1	0
AL356599.1	0.190521255
AL356608.1	0
AL356652.1	0
AL356653.1	0.337160878
AL356740.1	0.037433436
AL356740.2	0.112560664
AL356740.3	0.037404597
AL356750.1	0.009725795
AL356752.1	0
AL356753.1	0
AL356756.1	0
AL356776.1	0
AL356800.1	0
AL356801.1	0.082570011
AL356804.1	0
AL356805.1	0
AL356806.1	0.026501728
AL356859.1	0
AL356863.1	0.067432176
AL356867.1	1.623784831
AL356961.1	0
AL356966.1	0.026713159
AL356967.1	0
AL356968.1	0
AL356968.2	0.135186223
AL356981.1	0.070981237
AL356986.1	0
AL357033.1	0.025117003
AL357033.2	0
AL357033.3	0.395367805
AL357033.4	0.376157349
AL357037.1	0
AL357052.1	0
AL357054.1	0
AL357054.2	0.114778171
AL357054.3	0
AL357054.4	0.224294657
AL357055.1	0.473669916
AL357055.2	0.167803571
AL357055.3	0.039488545
AL357060.1	0.308789219
AL357075.1	0
AL357075.2	0
AL357078.1	0
AL357078.2	0
AL357078.3	0.078561758
AL357079.1	1.263899306
AL357080.1	0
AL357084.1	0.21388179
AL357093.1	0
AL357093.2	0.481764606
AL357094.1	0
AL357127.1	0
AL357134.1	0
AL357137.1	0.119584154
AL357139.1	0
AL357140.1	0
AL357140.2	0.2758589
AL357140.3	0.074809193
AL357143.1	1.030810328
AL357153.1	0.132067097
AL357153.2	0
AL357153.3	0.278116338
AL357153.4	0
AL357172.1	0
AL357312.1	0
AL357314.1	0
AL357315.1	0
AL357315.2	0
AL357373.1	0.07539001
AL357375.1	0
AL357497.1	0
AL357500.1	0
AL357507.1	0
AL357514.1	0
AL357515.1	0.179155596
AL357518.1	0
AL357520.1	0
AL357552.1	0.116990762
AL357552.2	0
AL357556.1	0
AL357558.1	0
AL357558.2	0.057119019
AL357559.1	0
AL357562.1	0
AL357563.1	0
AL357568.1	0
AL357568.2	0
AL357632.1	0
AL357673.1	0.009044554
AL357673.2	0
AL357752.1	0.069557545
AL357793.1	0
AL357793.2	0
AL357832.1	0
AL357833.1	0
AL357833.2	0
AL357873.1	0
AL357874.1	0.042291957
AL357874.2	0.071503927
AL357936.1	0
AL357992.1	0.186735256
AL358072.1	0.042218406
AL358074.1	0
AL358075.1	0
AL358075.2	0.35804695
AL358075.3	0
AL358075.4	0
AL358115.1	0.417478183
AL358154.1	0
AL358176.1	0
AL358176.2	0
AL358176.3	0.21388179
AL358176.4	0
AL358176.5	0
AL358178.1	0.061147565
AL358215.1	0
AL358216.1	0.014650322
AL358232.1	0.048454258
AL358234.1	0.08892155
AL358292.1	0
AL358332.1	0.268733394
AL358333.1	0
AL358333.2	0
AL358333.3	0
AL358334.1	0
AL358334.2	0.375926511
AL358334.3	0.181499688
AL358335.1	0
AL358335.2	0
AL358335.3	0
AL358393.1	0
AL358394.1	0.090749844
AL358394.2	0.006674617
AL358394.3	0
AL358452.1	0
AL358453.1	0
AL358472.1	0
AL358472.2	0.873099255
AL358472.3	0.350972287
AL358473.1	0.034600318
AL358473.2	0
AL358612.1	0
AL358613.1	0
AL358613.2	0
AL358779.1	0
AL358781.1	0
AL358781.2	0
AL358852.1	0.134013472
AL358876.1	0
AL358876.2	0
AL358913.1	0
AL358913.2	0
AL358933.1	0
AL358934.1	0
AL358937.1	0
AL358942.1	0.061822368
AL358944.1	0
AL358972.1	0
AL358975.1	0
AL358976.1	0
AL359073.1	0.060237179
AL359075.1	0.111869047
AL359076.1	2.658754352
AL359081.1	0
AL359091.1	0
AL359091.2	0.097998317
AL359091.3	0
AL359091.4	0.169463059
AL359091.5	0.830949059
AL359092.1	0
AL359092.2	0.207483617
AL359094.1	0.011475104
AL359094.2	0
AL359095.1	0
AL359182.1	1.035206107
AL359182.2	0
AL359183.1	0.182180737
AL359195.1	0
AL359195.2	0
AL359198.1	0
AL359198.2	0
AL359212.1	0
AL359219.1	0
AL359220.1	0.885568473
AL359232.1	0.243161101
AL359233.1	0
AL359237.1	0.026314995
AL359238.1	0
AL359258.1	0.009784596
AL359258.2	0
AL359258.3	0.041656942
AL359263.1	0.052093526
AL359265.1	0
AL359265.2	0.038471606
AL359265.3	0.125780224
AL359273.1	0
AL359313.1	0.063520933
AL359314.1	0
AL359317.1	0.041999279
AL359317.2	0.102688592
AL359378.1	0
AL359382.1	0
AL359385.1	0
AL359396.1	0.010216996
AL359397.1	0.387634063
AL359397.2	0
AL359399.1	0
AL359458.1	0
AL359475.1	0
AL359502.1	0.070160645
AL359504.1	0.098481068
AL359504.2	0.197115916
AL359510.1	0
AL359510.2	0.053969727
AL359511.1	0
AL359513.1	2.614964081
AL359532.1	0.140051442
AL359535.1	0
AL359538.1	0
AL359541.1	0.042218406
AL359547.1	0
AL359547.2	0
AL359551.1	0.192530488
AL359555.1	0.03011859
AL359633.1	0
AL359633.2	0
AL359636.1	0
AL359636.2	0.374912482
AL359636.3	0
AL359641.1	0
AL359643.1	0
AL359643.2	0.103836897
AL359643.3	1.467295158
AL359644.1	0.22068712
AL359649.1	0
AL359672.1	0
AL359682.1	0
AL359692.1	0
AL359693.1	0.010085411
AL359694.1	0.040191363
AL359694.2	0.030062642
AL359697.1	0.289487364
AL359704.1	0.124330772
AL359704.2	0
AL359706.1	0
AL359710.1	0.062890112
AL359711.1	0
AL359711.2	0.334067659
AL359715.1	0.051926381
AL359715.2	0.011434566
AL359715.3	0.219765029
AL359715.4	0
AL359736.1	0.011679376
AL359736.2	0
AL359740.1	0
AL359741.1	0
AL359742.1	0
AL359745.1	0
AL359752.1	0.107176968
AL359757.1	0
AL359757.2	0
AL359764.1	0.036340693
AL359771.1	0
AL359792.1	82.91530372
AL359815.1	0.029568311
AL359821.1	0
AL359837.1	0
AL359839.1	0
AL359845.1	0.01473033
AL359851.1	0.004858031
AL359852.1	0
AL359853.1	0
AL359853.2	0
AL359853.3	0
AL359854.1	0
AL359878.1	0.063574251
AL359878.2	0.059645168
AL359880.1	0.091261591
AL359881.1	0.090919787
AL359881.2	0
AL359881.3	0
AL359885.1	0
AL359893.1	0
AL359915.1	0.216263548
AL359915.2	0.146666834
AL359918.1	0.205271476
AL359918.2	0
AL359920.1	0
AL359921.1	0
AL359921.2	0.491770562
AL359922.1	0
AL359922.2	0.032185062
AL359922.3	0
AL359924.1	0
AL359955.1	0
AL359955.2	0
AL359962.1	4.887163618
AL359962.2	1.7625836
AL359976.1	0.144497519
AL359979.1	0
AL359979.2	0.079202555
AL359999.1	0
AL360004.1	0.007451069
AL360007.1	0
AL360012.1	0
AL360013.1	0
AL360013.2	0
AL360014.1	0.058242762
AL360081.1	0.131219369
AL360085.1	0
AL360089.1	0
AL360091.1	0.391541665
AL360091.2	0
AL360091.3	0.12545521
AL360093.1	0.129354795
AL360157.1	0
AL360169.1	0
AL360169.2	0
AL360175.1	0
AL360181.1	0.395797552
AL360181.2	0.193894435
AL360181.3	0.030249948
AL360181.4	0
AL360182.1	0
AL360182.2	0
AL360219.1	0.06632673
AL360221.1	0
AL360227.1	0
AL360267.1	0
AL360268.1	0
AL360268.2	0
AL360270.1	0.061743747
AL360270.2	0.052728919
AL360270.3	0.036017186
AL360271.1	0
AL360271.2	0
AL360294.1	0
AL360295.1	0
AL365181.1	0
AL365181.2	1.439055368
AL365181.3	7.835694149
AL365181.4	0.044379494
AL365184.1	0
AL365184.2	0
AL365194.1	0
AL365199.1	0.014163117
AL365203.1	0
AL365203.2	0.83790297
AL365204.1	0.016975932
AL365204.2	0
AL365204.3	0
AL365205.1	0.563666143
AL365205.2	0
AL365205.3	0
AL365209.1	0
AL365214.1	0
AL365214.2	0.00587502
AL365214.3	0
AL365217.1	0.009965346
AL365220.1	0
AL365222.1	0
AL365223.1	0
AL365226.1	0.069557545
AL365226.2	0.061147565
AL365232.1	0.029676752
AL365255.1	0
AL365258.1	0
AL365258.2	0.257156602
AL365259.1	0.023507666
AL365265.1	0
AL365271.1	0
AL365273.1	0
AL365273.2	0
AL365275.1	0.051540516
AL365277.1	0.08811464
AL365295.1	0.711662049
AL365318.1	0
AL365330.1	0.411450563
AL365338.1	0
AL365356.1	0.017192339
AL365356.2	0
AL365356.3	0.073898275
AL365356.4	0.039601278
AL365356.5	0.208972022
AL365357.1	0.611989493
AL365361.1	0.578820284
AL365366.1	0
AL365396.1	0
AL365400.1	0
AL365400.2	0
AL365434.1	0
AL365434.2	0
AL365436.1	1.471247468
AL365436.2	0.41536169
AL365440.1	0.145631095
AL365440.2	0
AL365475.1	0.012455404
AL365496.1	0
AL365500.1	0.055934524
AL365503.1	0
AL389885.1	0
AL389889.1	0
AL389895.1	0
AL389915.1	0
AL389925.1	0
AL390023.1	0
AL390026.1	0.053119438
AL390036.1	0.079592076
AL390037.1	0.225295436
AL390038.1	0.009784596
AL390039.1	0.119192716
AL390058.1	0
AL390061.1	0
AL390066.1	0.189817766
AL390067.1	0.115598015
AL390115.1	0.114778171
AL390119.1	0
AL390123.1	0
AL390195.1	0.028194638
AL390195.2	0.083998558
AL390198.1	1.365501556
AL390198.2	0
AL390205.1	0
AL390208.1	0.07539001
AL390237.1	0.017155889
AL390240.1	0
AL390243.1	0
AL390254.1	0
AL390294.1	0
AL390318.1	0
AL390334.1	0.699416563
AL390718.1	0
AL390719.1	0.357816058
AL390719.2	1.057598864
AL390726.1	0
AL390726.2	0
AL390726.3	0
AL390726.4	0
AL390726.5	0.096262226
AL390728.1	0.025013481
AL390728.2	0
AL390728.3	0
AL390728.4	5.922792757
AL390728.5	0
AL390728.6	2.786042055
AL390729.1	0
AL390729.2	0.155612713
AL390730.1	0
AL390730.2	0
AL390754.1	0.041710624
AL390755.1	2.179652761
AL390760.1	0.236834958
AL390763.1	0
AL390763.2	0
AL390774.1	0
AL390774.2	0
AL390778.1	0
AL390778.2	0.219192625
AL390783.1	0.00982022
AL390786.1	0.078561758
AL390816.1	0
AL390816.2	0
AL390816.3	0
AL390835.1	0
AL390838.1	0
AL390838.2	0
AL390840.1	0
AL390856.1	0
AL390860.1	0
AL390866.1	0
AL390877.1	0
AL390879.1	0.308011236
AL390882.1	0
AL390955.1	0.025990988
AL390955.2	0.283372567
AL390961.1	0
AL390961.2	0.100105498
AL390961.3	0.019152334
AL390962.1	0
AL390964.1	0
AL391001.1	1.425978315
AL391005.1	0
AL391056.1	0.118949367
AL391058.1	0.330280044
AL391069.1	0
AL391069.2	2.302667862
AL391069.3	0.39280879
AL391069.4	0.050468988
AL391094.1	0
AL391095.1	0
AL391095.2	0
AL391095.3	0.033716088
AL391097.1	0
AL391097.2	0.050052749
AL391099.1	0
AL391119.1	0
AL391121.1	0.323914379
AL391152.1	0.230902821
AL391156.1	0
AL391219.1	0.050260007
AL391244.1	3.624512821
AL391244.2	1.96708225
AL391244.3	0.749148005
AL391256.1	0
AL391261.1	0
AL391261.2	0
AL391261.3	0.326786697
AL391261.4	0
AL391262.1	0.14742257
AL391280.1	0.091433458
AL391335.1	0.045374922
AL391336.1	0
AL391358.1	0
AL391361.1	0
AL391361.2	0
AL391361.3	0
AL391380.1	0
AL391415.1	0
AL391416.1	0.195376927
AL391417.1	0
AL391419.1	0
AL391421.1	0.025260753
AL391422.1	0.055677943
AL391422.2	0
AL391422.3	1.160585652
AL391425.1	0.011554299
AL391427.1	2.417485466
AL391497.1	0.044379494
AL391516.1	0
AL391645.1	0
AL391646.1	0
AL391647.1	0
AL391650.1	0.056454845
AL391666.1	0
AL391669.1	0.085177485
AL391684.1	0.226723259
AL391704.1	0.007087762
AL391704.2	0
AL391704.3	0
AL391730.1	0
AL391807.1	0
AL391811.1	0
AL391813.1	0
AL391822.1	0
AL391825.1	0.231365529
AL391832.1	0
AL391832.2	0.08742707
AL391832.3	0.028694543
AL391834.1	0.086698511
AL391834.2	0.355686201
AL391839.1	0
AL391839.2	0
AL391840.1	0
AL391845.1	0
AL391845.2	0.037270599
AL391863.1	0
AL391863.2	0
AL391869.1	0
AL391883.1	0
AL391903.1	0
AL391903.2	0
AL391903.3	0
AL391987.1	0
AL391987.2	0
AL391987.3	0
AL391987.4	0.055297456
AL391987.5	0
AL391987.6	0
AL391988.1	0.437679543
AL391994.1	0
AL392003.1	0
AL392003.2	0
AL392023.1	0
AL392023.2	0
AL392046.1	0
AL392048.1	0
AL392086.1	0
AL392088.1	0
AL392089.1	0.05394574
AL392103.1	0
AL392112.1	0
AL392172.1	5.336540745
AL392183.1	0
AL392185.1	0
AL441883.1	0
AL441943.1	0
AL441943.2	0
AL441943.3	0
AL441963.1	0.122603956
AL441964.1	0
AL441985.1	0
AL441989.1	0
AL441992.1	3.837684112
AL442067.1	0.108859118
AL442067.2	0
AL442071.1	0.043504629
AL442125.1	0.079426358
AL442125.2	0.174226674
AL442128.1	0
AL442128.2	0.06654491
AL442163.1	0
AL442163.2	0
AL442163.3	0
AL442224.1	0
AL442638.1	0
AL442639.1	0
AL442644.1	0
AL442647.1	0.100937976
AL442647.2	0.028326235
AL442663.1	0
AL442663.2	0
AL442663.3	0.291306999
AL442663.4	0.251995674
AL445070.1	0
AL445072.1	0.037989958
AL445074.1	0
AL445123.1	0
AL445183.1	0
AL445183.2	0
AL445183.3	0.048357735
AL445187.1	0.280102883
AL445189.1	0
AL445189.2	5.904871594
AL445190.1	0
AL445193.1	0
AL445193.2	0
AL445209.1	0
AL445213.1	0
AL445218.1	0
AL445220.1	0
AL445222.1	0.115966162
AL445223.1	0
AL445224.1	0
AL445228.1	0
AL445228.2	0.025499562
AL445231.1	0.149695272
AL445235.1	0
AL445237.1	0
AL445238.1	0
AL445248.1	0.038903178
AL445250.1	0.967797338
AL445264.1	0
AL445288.1	0
AL445305.1	0.337747245
AL445307.1	0
AL445309.1	0.036614756
AL445363.1	0.018335033
AL445363.2	0
AL445363.3	0
AL445383.1	0
AL445423.1	0.090580534
AL445426.1	0.044379494
AL445430.1	0
AL445430.2	0
AL445433.1	0
AL445433.2	0
AL445435.1	0
AL445437.1	0.039319053
AL445465.1	0.021703695
AL445465.2	0
AL445466.1	0
AL445470.1	0.005593452
AL445471.1	0.118417479
AL445471.2	0
AL445472.1	0.506243543
AL445483.1	0.461763811
AL445487.1	0.030728586
AL445488.1	0
AL445489.1	0
AL445490.1	0
AL445493.1	0
AL445493.2	0
AL445493.3	0
AL445523.1	0
AL445524.1	15.28814888
AL445528.1	0
AL445528.2	0
AL445529.1	0
AL445531.1	0.04214511
AL445567.1	0
AL445567.2	0
AL445584.1	0
AL445584.2	0
AL445584.3	0
AL445623.1	0
AL445644.1	0
AL445645.1	0.182866917
AL445646.1	0
AL445647.1	0
AL445647.2	0
AL445649.1	0
AL445665.1	0
AL445669.1	0.03215309
AL445669.2	0.057661718
AL445670.1	0.030306596
AL445673.1	0.992031045
AL445675.1	0
AL445675.2	0
AL445685.1	0.127430883
AL445685.2	0
AL445686.1	0
AL445686.2	0.016799712
AL445687.1	0
AL445687.2	0
AL445928.1	0
AL445931.1	0
AL445933.1	0.15158705
AL445933.2	0
AL445985.1	0.239793675
AL445989.1	0
AL445991.1	0.102212982
AL449043.1	0
AL449106.1	0.049041582
AL449212.1	0.375637651
AL449266.1	0.043582735
AL449283.1	0.021400749
AL449363.1	0
AL449403.1	0.015393521
AL449403.2	0.009119302
AL449423.1	0
AL449983.1	0
AL450003.1	0
AL450023.1	0.032324345
AL450023.2	0
AL450023.3	0
AL450063.1	0.397960381
AL450124.1	1.994311369
AL450226.1	0
AL450226.2	0
AL450263.1	0.074809193
AL450263.2	0
AL450267.1	0
AL450270.1	0
AL450304.1	0
AL450306.1	0.054984333
AL450309.1	0.037005462
AL450311.1	0
AL450311.2	0.048261597
AL450313.1	0
AL450322.1	0
AL450322.2	0.063967281
AL450326.1	0.51106491
AL450326.2	0.024745753
AL450327.1	0
AL450332.1	0
AL450336.1	0.08285182
AL450338.1	0
AL450344.1	0
AL450344.2	0.03953678
AL450344.3	0
AL450345.1	0
AL450346.1	0
AL450346.2	0
AL450384.1	0.058778652
AL450384.2	0.169543756
AL450405.1	8.501575557
AL450423.1	0
AL450442.1	0
AL450468.1	0.107891481
AL450468.2	0
AL450469.1	0
AL450469.2	0
AL450471.1	0
AL450472.1	0
AL450472.2	0
AL450472.3	0
AL450487.1	0
AL450487.2	0
AL450992.1	0.029539527
AL450992.2	7.196319136
AL450992.3	0
AL450996.1	0
AL450998.1	1.274745237
AL450998.2	1.091811077
AL450998.3	0.047506034
AL451000.1	0
AL451007.1	0.503991347
AL451042.1	0.223121169
AL451042.2	0.161121128
AL451044.1	0
AL451046.1	0
AL451046.2	0
AL451047.1	0
AL451048.1	0
AL451049.1	0
AL451050.1	0.058495381
AL451050.2	0.071189394
AL451054.1	0
AL451054.2	0
AL451054.3	0
AL451060.1	0.807602573
AL451061.1	0.028161929
AL451062.1	0.051760305
AL451062.2	0
AL451063.1	0
AL451064.1	0.103081033
AL451064.2	0
AL451065.1	0
AL451067.1	0.023916831
AL451069.1	0
AL451069.2	0
AL451069.3	0.023964051
AL451070.1	0
AL451074.1	0.026187253
AL451074.2	0.383892944
AL451074.3	0
AL451074.4	0
AL451074.5	0
AL451074.6	0.06659968
AL451081.1	0
AL451081.2	0.182131921
AL451085.1	0.035182005
AL451085.2	0.789943884
AL451086.1	0
AL451105.1	0
AL451105.2	0
AL451107.1	0
AL451124.1	0
AL451127.1	0
AL451129.1	0
AL451137.1	0
AL451139.1	0.070160645
AL451140.1	0
AL451142.1	0.250586665
AL451142.2	0
AL451164.1	0
AL451164.2	0
AL451164.3	0.054307792
AL451165.1	0
AL451165.2	4.18761682
AL499605.1	0
AL499616.1	0
AL499627.1	0.011094873
AL499627.2	0
AL500522.1	0
AL500522.2	0
AL500527.1	0
AL500527.2	0
AL512271.1	0
AL512274.1	3.149718
AL512283.1	0
AL512286.1	0
AL512288.1	0
AL512288.2	0.132292007
AL512303.1	0
AL512306.1	0
AL512306.2	0.339136133
AL512306.3	0.284340653
AL512310.1	0
AL512310.10	0
AL512310.11	0
AL512310.2	0
AL512310.3	0
AL512310.4	0
AL512310.5	0
AL512310.6	0
AL512310.7	0
AL512310.8	0
AL512310.9	0
AL512324.1	0
AL512324.3	0
AL512326.1	0
AL512326.2	0
AL512326.3	9.227560872
AL512328.1	0
AL512329.1	0.106739373
AL512329.2	0.9302687
AL512330.1	0
AL512343.1	0
AL512343.2	0.297252039
AL512347.1	0
AL512353.1	0.570483712
AL512353.2	0.024745753
AL512353.3	0
AL512356.1	0
AL512356.2	0.138717618
AL512356.3	0
AL512357.1	0
AL512360.1	0
AL512361.1	0
AL512363.1	2.609832325
AL512366.1	0
AL512378.1	0.023119603
AL512380.1	0
AL512383.1	0
AL512408.1	0.364133748
AL512413.1	0.127097294
AL512422.1	0.04405732
AL512427.1	0
AL512430.1	0
AL512430.2	0.14321878
AL512430.3	0.165140022
AL512430.4	0
AL512444.1	0
AL512488.1	0.116220626
AL512504.1	0.031202549
AL512504.2	0.038149162
AL512506.1	0.108131774
AL512506.2	0
AL512506.3	0.027093285
AL512590.1	0
AL512590.2	0
AL512590.3	0.013645634
AL512593.1	0.031162495
AL512594.1	0
AL512598.1	1.155980153
AL512599.1	0.177194038
AL512604.1	0
AL512604.2	0.036949137
AL512604.3	0
AL512605.1	0
AL512605.2	0
AL512622.1	0.091261591
AL512624.1	0
AL512624.2	0
AL512625.1	0.143303325
AL512625.2	0.388409331
AL512625.3	0.011448047
AL512631.1	0.086698511
AL512631.2	0
AL512633.1	0.259433714
AL512634.1	0
AL512635.1	0
AL512637.1	0
AL512637.2	0
AL512638.1	0
AL512638.2	0.00930099
AL512638.3	0
AL512641.1	0
AL512646.1	0.045080006
AL512649.1	0
AL512649.2	0
AL512652.1	0.097102333
AL512652.2	0
AL512656.1	0.121075228
AL512658.1	0
AL512661.1	0
AL512662.1	0
AL512770.1	0.125730112
AL512782.1	0
AL512785.1	0.328682945
AL512785.2	0.08473153
AL512791.1	0.809186107
AL512791.2	0.047402961
AL512844.1	0
AL512844.2	0.081873805
AL512882.1	0
AL513008.1	0
AL513043.1	0
AL513122.1	0
AL513122.2	0.115873906
AL513123.1	0.650601895
AL513124.1	0
AL513128.1	0
AL513164.1	0
AL513165.1	1.007982694
AL513165.2	0.007546031
AL513174.1	0.038593932
AL513175.1	0.093367628
AL513175.2	0
AL513185.1	0.149849279
AL513185.2	0
AL513185.3	0
AL513188.1	0
AL513190.1	0.033391449
AL513210.1	0
AL513211.1	0.351820047
AL513217.1	0
AL513218.1	0.062085891
AL513283.1	0.329261918
AL513285.1	0
AL513302.1	0.056718652
AL513303.1	0
AL513303.2	0
AL513304.1	0
AL513314.1	0.076338312
AL513314.2	0.061147565
AL513318.1	0
AL513318.2	3.185265392
AL513320.1	0.039028269
AL513321.1	0
AL513323.1	0
AL513324.1	0
AL513325.1	0.023477353
AL513327.1	0.078600892
AL513327.2	0.049542007
AL513327.3	0.051760305
AL513328.1	0
AL513329.1	0.110847412
AL513331.1	0.061147565
AL513343.1	0.061301978
AL513348.1	0
AL513365.1	0.272249531
AL513365.2	0
AL513366.1	0.019451589
AL513412.1	0
AL513422.1	0
AL513423.1	0.367811867
AL513475.1	0
AL513475.2	0
AL513477.1	0.36307478
AL513477.2	0.042738703
AL513478.1	0
AL513478.2	0
AL513479.1	0
AL513480.1	0.237530168
AL513485.1	0.086185503
AL513497.1	0.163158025
AL513523.1	0.074180545
AL513523.2	0.023799591
AL513523.3	0
AL513523.4	0
AL513533.1	0.058495381
AL513534.1	0.253862308
AL513534.2	0
AL513542.1	0
AL513548.1	0
AL513548.2	0
AL513548.3	0
AL513550.1	0.696552144
AL583722.1	0.092867572
AL583722.2	0
AL583722.3	0.033576187
AL583722.4	0.033904446
AL583785.1	0.331892739
AL583803.1	0
AL583804.1	0
AL583805.1	0.640034209
AL583805.2	0
AL583808.1	1.167563121
AL583808.2	0.040936903
AL583810.1	0
AL583810.2	0.014920457
AL583810.3	0
AL583824.1	0.01592886
AL583832.1	0.030963754
AL583834.1	0.070774295
AL583835.1	0
AL583835.2	0
AL583836.1	0.020271886
AL583839.1	0.562097441
AL583839.2	0.037871425
AL583843.1	0
AL583844.1	0
AL583854.1	0
AL583856.1	0.044097336
AL583856.2	0.08941283
AL583859.1	0
AL583859.2	0
AL583859.3	0.022729947
AL589182.1	0.121987855
AL589182.2	0.138849856
AL589642.1	0
AL589642.2	0
AL589647.1	0.104187052
AL589655.1	0
AL589666.1	0
AL589666.2	0
AL589674.1	0.432206229
AL589678.1	0
AL589684.1	0
AL589739.1	0
AL589740.1	0.018001916
AL589743.1	0.217785588
AL589743.2	0
AL589743.3	0.120974667
AL589743.4	0
AL589743.5	0.08285182
AL589743.6	0.254315634
AL589743.7	0.207483617
AL589743.8	0
AL589745.1	0
AL589745.2	0
AL589763.1	0
AL589765.1	0
AL589765.2	0
AL589765.3	0.105089105
AL589765.4	0.635486472
AL589765.5	0.047137055
AL589765.6	0.08843564
AL589765.7	0.077187864
AL589794.1	0
AL589823.1	0
AL589826.1	0
AL589843.1	0.399833135
AL589843.2	0.016314236
AL589863.1	0
AL589872.1	0
AL589880.1	0.592087396
AL589923.1	0
AL589935.1	0.009392758
AL589935.2	0
AL589946.1	0
AL589986.1	0
AL589986.2	1.52868912
AL589987.1	0
AL589987.2	0
AL589990.1	0
AL589993.1	0
AL589994.1	0
AL589994.2	0
AL590002.1	0
AL590004.1	0
AL590004.2	0.065432839
AL590004.3	0
AL590004.4	0.006876936
AL590006.1	0.032281361
AL590032.1	0
AL590065.1	0
AL590068.1	0
AL590068.2	0
AL590079.1	0.032938376
AL590084.1	0
AL590084.2	0
AL590084.3	0
AL590093.1	0
AL590094.1	1.01511546
AL590095.1	0
AL590095.2	0
AL590096.1	0.030845722
AL590099.1	0
AL590103.1	0
AL590128.1	0
AL590133.1	0
AL590133.2	0
AL590135.1	0.933676278
AL590139.1	0.849645413
AL590143.1	0
AL590226.1	0.174330939
AL590227.1	0
AL590229.1	0
AL590233.1	0
AL590235.1	0.169167827
AL590235.2	0.052037692
AL590240.1	0
AL590240.2	0
AL590240.3	0
AL590240.4	0
AL590282.1	0
AL590286.1	0
AL590290.1	0
AL590302.1	0
AL590302.2	0
AL590326.1	0.397960381
AL590365.1	0
AL590369.1	0
AL590378.1	0
AL590383.1	0.323674443
AL590385.1	0
AL590385.2	0
AL590392.1	0
AL590396.1	0
AL590399.1	0
AL590399.2	0
AL590399.3	0
AL590399.4	0
AL590399.5	0
AL590399.6	0
AL590408.1	0
AL590410.1	0
AL590422.1	0
AL590426.1	0
AL590426.2	0
AL590428.1	0.492155767
AL590432.1	0.042889723
AL590438.1	0.014028075
AL590440.1	0
AL590483.1	0
AL590483.2	0
AL590483.3	0
AL590490.1	0
AL590491.1	0
AL590491.2	0
AL590491.3	0
AL590502.1	0
AL590552.1	0
AL590556.1	0.201040027
AL590559.1	0
AL590560.1	0
AL590560.2	0.895410856
AL590560.3	0.052658532
AL590609.1	0
AL590609.2	0.065966259
AL590609.3	0
AL590617.1	0
AL590617.2	2.347966246
AL590623.1	0
AL590627.1	0.02300567
AL590632.1	0
AL590635.1	0
AL590639.1	0
AL590640.1	0
AL590640.2	0.092127451
AL590644.1	0.015574583
AL590648.1	0.052773007
AL590648.2	0.010910374
AL590648.3	0.25661293
AL590652.1	0.571190193
AL590664.1	0
AL590666.1	0.168191108
AL590666.2	5.156159496
AL590666.3	0
AL590677.1	0
AL590682.1	1.058528338
AL590683.1	0.026258067
AL590704.1	0
AL590705.1	0.75296474
AL590705.2	0
AL590705.3	0.973071901
AL590705.4	0
AL590705.5	0.065591957
AL590714.1	0.064051671
AL590723.1	0.347345388
AL590727.1	0.094457522
AL590729.1	0.08473153
AL590730.1	0.036504636
AL590762.1	0
AL590762.2	0.127542469
AL590762.3	0.30344479
AL590762.4	0
AL590763.1	0
AL590764.1	0.668748849
AL590783.1	0
AL590787.1	0
AL590808.1	0
AL590822.1	0
AL590822.2	0
AL590824.1	0
AL590867.1	0
AL590867.2	14.28294941
AL590867.3	0
AL590999.1	0.035418126
AL591030.1	0
AL591034.1	0
AL591034.2	0
AL591043.1	0
AL591074.1	0
AL591122.1	0
AL591135.1	0.032838124
AL591167.1	0
AL591178.1	0
AL591178.2	0
AL591212.1	0
AL591212.2	0
AL591222.1	0.012630376
AL591222.2	0
AL591222.3	0
AL591242.1	0
AL591368.1	0.012878293
AL591379.1	0.004810857
AL591379.2	0
AL591416.1	0
AL591419.1	0
AL591424.1	0
AL591424.2	0
AL591424.3	0.027838972
AL591438.1	0.041782415
AL591438.2	0.3513109
AL591441.1	0
AL591441.2	0
AL591468.1	0.254194589
AL591471.1	0
AL591473.1	0
AL591479.1	0
AL591499.1	0
AL591501.1	0.284479491
AL591503.1	0
AL591503.2	0
AL591503.3	0
AL591504.1	0
AL591516.1	0
AL591623.1	0
AL591623.2	0
AL591643.1	0
AL591644.1	0
AL591684.1	0
AL591684.2	0.029877641
AL591684.3	0
AL591686.1	0.031691362
AL591686.2	0
AL591704.1	0
AL591704.2	0
AL591719.1	0
AL591719.2	0
AL591721.1	0
AL591742.1	0
AL591767.1	0
AL591767.2	0
AL591767.3	0.092478412
AL591770.1	0
AL591806.1	0.197006536
AL591806.2	0.420963871
AL591806.3	0.654545054
AL591845.1	0.290567373
AL591846.1	0.504573323
AL591846.2	0.271235567
AL591848.1	0
AL591848.2	0
AL591848.3	0.073611944
AL591848.4	0.020975446
AL591866.1	0.121075228
AL591885.1	0
AL591895.1	1.255633615
AL591896.1	0
AL591926.1	0
AL591926.2	0
AL591926.3	0
AL591926.4	0
AL591926.5	0.307285864
AL591926.6	0
AL591926.7	0
AL591926.8	0
AL592043.1	0
AL592043.2	0
AL592045.1	0
AL592049.1	0
AL592071.1	0.059498978
AL592076.1	0
AL592078.1	0
AL592114.1	0.402080053
AL592114.2	0
AL592114.3	0
AL592146.1	0
AL592148.1	0.21820749
AL592148.2	0
AL592148.3	0.174314468
AL592156.1	0
AL592161.1	0
AL592164.1	0.024570428
AL592166.1	0.253862308
AL592182.1	0
AL592182.2	0
AL592211.1	0.244221159
AL592221.1	0
AL592227.1	0
AL592291.1	0
AL592293.1	0.163471941
AL592293.2	0
AL592295.1	0.439377072
AL592295.2	0.117842637
AL592301.1	0.02809674
AL592309.1	0.11221379
AL592309.2	0.159497919
AL592310.1	0
AL592402.1	0
AL592424.1	0.079022081
AL592429.1	0.032960738
AL592430.1	0.181161069
AL592431.1	0.076579127
AL592431.2	0
AL592435.1	0.227625436
AL592435.2	0
AL592436.1	0
AL592437.1	0.049340616
AL592437.2	0.019947069
AL592447.1	0
AL592463.1	0.038229265
AL592464.1	0
AL592464.2	0
AL592466.1	0
AL592486.1	0
AL592490.1	0
AL592494.1	0
AL592494.2	0
AL592494.3	0
AL592504.1	0
AL592528.1	0
AL592546.1	0.350803226
AL593851.1	0.463864647
AL593856.1	0
AL596028.1	0
AL596087.1	0.234248898
AL596087.2	0
AL596092.1	0
AL596094.1	0.791595105
AL596188.1	0
AL596202.1	0.07861264
AL596211.1	0
AL596218.1	0.026472828
AL596220.1	0.063883114
AL596223.1	0.113026513
AL596223.2	0
AL596244.1	0.308342946
AL596245.1	0
AL596247.1	0.164766402
AL596266.1	0
AL596268.1	0
AL596275.1	0.110721018
AL596276.1	0
AL596276.2	0.073340131
AL596325.1	0
AL596325.2	0.384563695
AL596327.1	0
AL596330.1	0.23202469
AL596442.1	0
AL596442.2	0.07431301
AL596448.1	0.123855016
AL596451.1	0
AL603650.1	0
AL603750.1	0.367597649
AL603755.1	0
AL603756.1	0.056115541
AL603758.1	0
AL603766.1	0.073119227
AL603825.1	6.372340595
AL603832.1	0.054065887
AL603832.2	0
AL603832.3	0.045038188
AL603839.1	0
AL603839.2	0.222303876
AL603839.3	0.280874517
AL603839.4	0.072464428
AL603840.1	0
AL603841.1	0
AL603865.1	0
AL603865.2	0
AL603882.1	0.106940895
AL603908.1	0
AL603910.1	0.131219369
AL603910.2	0
AL603914.1	0
AL603962.1	0
AL604028.1	1.502000968
AL604028.2	0.092419733
AL606462.1	0
AL606468.1	0
AL606469.1	0.081644338
AL606489.1	0.099899519
AL606489.2	0
AL606490.1	0
AL606490.2	0.036504636
AL606490.3	0
AL606490.4	0
AL606490.5	0
AL606490.6	0
AL606490.7	0
AL606490.8	0.608792056
AL606490.9	0
AL606491.1	0.351820047
AL606495.1	0.059718532
AL606495.2	0
AL606516.1	0.013044376
AL606517.1	0.062727605
AL606517.2	0
AL606519.1	0
AL606530.1	0
AL606534.1	0
AL606534.2	0
AL606534.3	0
AL606534.4	0
AL606534.5	0.175768503
AL606534.6	0
AL606537.1	0
AL606662.1	0
AL606748.1	0
AL606752.1	0
AL606753.1	0
AL606760.1	0.390547063
AL606760.2	0.059353504
AL606760.3	0.006760118
AL606760.4	0
AL606763.1	0.788168286
AL606804.1	0
AL606807.1	0.079919616
AL606834.1	0.944858029
AL606834.2	0.440484373
AL606845.1	0
AL606923.1	0
AL606970.1	0.047431777
AL606970.2	0
AL606970.3	0
AL606970.4	0.05335293
AL607023.1	0
AL607028.1	0.030573782
AL607033.1	0
AL607077.1	0
AL611929.1	0
AL626787.1	0.08173597
AL627082.1	0
AL627095.1	0
AL627171.1	0
AL627223.1	0
AL627224.1	0
AL627230.1	0
AL627230.2	0.111185877
AL627230.3	0
AL627230.4	0.065609684
AL627230.5	0
AL627230.6	0
AL627230.7	0
AL627230.8	0
AL627231.1	0
AL627308.1	0
AL627308.2	0
AL627309.1	0
AL627309.2	0
AL627309.3	0
AL627309.4	0
AL627309.5	0.062697229
AL627309.6	3.60114612
AL627309.7	3.590051039
AL627311.1	0.422184056
AL627313.1	0
AL627389.1	0
AL627390.1	0
AL627402.1	3.69913649
AL627422.1	0
AL627443.1	0
AL645465.1	0
AL645474.1	0
AL645504.1	0.214709415
AL645568.1	0.542530563
AL645568.2	0
AL645568.3	0
AL645608.1	0.058467204
AL645608.2	0.309243098
AL645608.3	0.0478651
AL645608.4	0.157633657
AL645608.5	0
AL645608.6	0
AL645608.7	0.138322411
AL645608.8	0.5120449
AL645608.9	0.029282971
AL645634.1	0
AL645634.2	0
AL645638.1	0
AL645728.1	0.242640289
AL645730.1	0
AL645733.1	0
AL645820.1	0
AL645922.1	0
AL645924.1	0.11034356
AL645924.2	0.02697287
AL645927.1	0
AL645929.1	0.051404094
AL645933.1	0
AL645933.2	0.703931576
AL645937.1	0
AL645939.1	1.07891481
AL645939.2	0.099899519
AL645940.1	0.122603956
AL645941.1	0
AL645941.2	0.039665986
AL645941.3	0
AL645944.1	0
AL645949.1	0
AL645949.2	0
AL645998.1	0.070364009
AL646090.1	0
AL662789.1	0.07160939
AL662791.1	0.689212142
AL662791.2	0
AL662795.1	0.831893974
AL662797.1	0.219830637
AL662799.1	0.062324989
AL662814.1	0
AL662844.1	0
AL662844.2	0
AL662844.3	0.093909413
AL662844.4	0.33359681
AL662860.1	0
AL662864.1	0
AL662874.1	0
AL662884.1	0.036670065
AL662889.1	0
AL662890.1	0.102717559
AL662899.1	0
AL662899.2	0.053042061
AL662907.1	0.142797548
AL662907.2	0
AL663023.1	0
AL663058.1	0.068769358
AL663061.1	0
AL663070.1	0.468769883
AL663074.1	0.162378483
AL663074.2	0
AL663109.1	0
AL669818.1	0.039992724
AL669831.1	0.073729941
AL669831.2	0
AL669831.3	0
AL669831.4	0.139194858
AL669831.5	0.088002839
AL669841.1	0
AL669918.1	0.03589735
AL669942.1	0.003063938
AL669942.2	0
AL669970.1	0.05394574
AL669970.2	0
AL669970.3	0.056718652
AL669983.1	0.152676624
AL670379.1	0
AL670379.10	0
AL670379.11	0
AL670379.12	0
AL670379.2	0
AL670379.3	0
AL670379.4	0
AL670379.5	0
AL670379.6	0
AL670379.7	0
AL670379.8	0
AL670379.9	0
AL670729.1	0.600456122
AL670729.2	0
AL670729.3	0.042291957
AL671309.1	0
AL671710.1	0.144682063
AL671862.1	0
AL671883.1	0.317327885
AL671883.2	1.518754954
AL671986.1	0.076258377
AL672032.1	0
AL672043.1	0
AL672138.1	0
AL672142.1	0
AL672207.1	0.06184862
AL672212.1	0
AL672277.1	0
AL672291.1	0
AL672296.1	0
AL683807.1	1.039917889
AL683807.2	0
AL683813.1	0.329787579
AL683813.2	0
AL683826.1	0
AL683842.1	0.092478412
AL683887.1	1.015006964
AL691403.1	0
AL691403.2	0.198168026
AL691420.1	0
AL691426.1	0
AL691432.1	0.341428737
AL691432.2	1.750986621
AL691432.3	0
AL691442.1	0.023297105
AL691447.1	0
AL691447.2	0.056141497
AL691449.1	0
AL691459.1	0
AL691477.1	0
AL691482.1	0
AL691482.2	0
AL691482.3	2.607104175
AL691497.1	0
AL691515.1	0
AL691515.2	0
AL691517.1	0
AL713851.1	0
AL713851.2	0
AL713866.1	0
AL713866.2	0
AL713922.1	0
AL713922.2	0
AL713923.1	0
AL713965.1	0
AL713998.1	0
AL713998.2	0
AL713999.1	0
AL714022.1	0.321530904
AL731532.1	0
AL731532.2	0
AL731533.1	0
AL731533.2	0.251995674
AL731534.1	0
AL731537.1	0
AL731537.2	0
AL731544.1	0
AL731547.1	0
AL731556.1	0.026166083
AL731556.2	0
AL731557.1	0
AL731563.1	0.453749219
AL731563.2	0.083421248
AL731563.3	0.113097559
AL731566.1	0.187988512
AL731566.2	0
AL731567.1	0.157633657
AL731568.1	0.111869047
AL731569.1	0.087322242
AL731571.1	0.049195176
AL731574.1	0
AL731575.1	0
AL731577.1	0
AL731577.2	0.437397896
AL731661.1	0
AL731661.2	0
AL731684.1	0.055297456
AL731684.2	0
AL731733.1	0
AL731768.1	0
AL731892.1	0
AL732292.1	0
AL732292.2	0
AL732314.4	0
AL732314.6	0.100312327
AL732323.1	0
AL732372.1	0
AL732372.2	0.116514694
AL732372.3	0
AL732414.1	0.08473153
AL732437.1	0
AL732618.1	0
AL772155.1	0
AL772155.2	0
AL772155.3	0
AL772161.1	0
AL772202.1	0
AL772284.1	0
AL772284.2	0
AL772337.1	0.012053418
AL772337.2	0
AL772337.3	0
AL772337.4	0
AL772363.1	0
AL773524.1	0
AL773545.1	0
AL773545.2	0
AL773545.3	1.994311369
AL773604.1	0
AL807752.1	0
AL807752.2	0
AL807752.3	0
AL807752.4	0
AL807752.5	0.088813109
AL807752.6	0
AL807757.1	0
AL807757.2	0.155812473
AL807761.1	0
AL807761.2	0.099899519
AL807761.3	0
AL807761.4	0
AL831737.1	0
AL831784.1	0
AL844175.1	0
AL844908.1	0.372324896
AL844908.2	0.211092028
AL845311.1	0
AL845321.1	0
AL845331.1	0
AL845331.2	0
AL845331.3	0
AL845472.1	0.007773161
AL845472.2	0.065448876
AL845552.1	0.225469813
AL845552.2	0.131693942
AL928654.1	1.352785901
AL928654.2	0.872829958
AL928654.3	0
AL928654.4	0.941516022
AL928711.1	0
AL928742.1	0.130513888
AL928921.1	0
AL928970.1	0
AL929236.1	0
AL929288.1	0
AL929288.2	0
AL929302.1	0
AL929325.1	0
AL929410.1	0
AL929410.2	0.128442239
AL929472.1	0
AL929472.2	0
AL929472.3	0
AL929472.4	0
AL929554.1	0
AL929601.1	0
AL929601.2	0
AL929601.3	0
AL929601.4	0
AL935212.1	0
AL935212.2	0
AL935212.3	0
AL935212.4	0
AL953862.1	0
AL953862.2	0
AL953897.1	0
AL954642.1	0
AL954650.1	0
AL954705.1	0.260560822
AL954722.1	0
ALAD	8.340316771
ALAS1	21.34643162
ALAS2	0.068253749
ALB	0.043131033
ALCAM	31.49502467
ALDH16A1	6.232284126
ALDH18A1	20.42732959
ALDH1A1	31.40744112
ALDH1A2	0.09009727
ALDH1A3	3.137488753
ALDH1B1	13.37294849
ALDH1L1	0.063734028
ALDH1L1-AS1	0
ALDH1L1-AS2	0
ALDH1L2	2.06029988
ALDH2	5.277192113
ALDH3A1	142.437821
ALDH3A2	36.63706961
ALDH3B1	1.172379509
ALDH3B2	24.04295785
ALDH4A1	3.843030794
ALDH5A1	5.048442555
ALDH6A1	3.32153938
ALDH7A1	5.700950884
ALDH7A1P1	0.031670689
ALDH7A1P2	0
ALDH7A1P3	0
ALDH7A1P4	0
ALDH8A1	0.033857159
ALDH9A1	71.12422991
ALDOA	445.9163851
ALDOAP1	0.180152751
ALDOAP2	0.631706626
ALDOB	0.108947946
ALDOC	26.16589503
ALG1	2.980454167
ALG10	1.244476242
ALG10B	0.788760325
ALG11	1.422053346
ALG12	3.008357322
ALG13	5.599465757
ALG13-AS1	0.746941022
ALG14	1.126459639
ALG1L	31.27317126
ALG1L10P	0.114507468
ALG1L11P	0
ALG1L12P	0.111869047
ALG1L13P	0.100658949
ALG1L14P	0
ALG1L15P	0.030573782
ALG1L2	0.129556148
ALG1L3P	0.095198366
ALG1L5P	0
ALG1L6P	0.288232518
ALG1L7P	0.094826497
ALG1L8P	0.127766227
ALG1L9P	0.033028004
ALG1L9P	0.619049481
ALG2	19.08355436
ALG3	35.42525207
ALG3P1	0
ALG5	19.79444776
ALG6	2.917974144
ALG8	8.195121481
ALG9	0.618023085
ALG9-IT1	0
ALK	0.105058785
ALKAL1	0
ALKAL2	0.05539841
ALKBH1	6.103038678
ALKBH2	4.0494641
ALKBH3	8.433001927
ALKBH3-AS1	0.052004249
ALKBH4	3.800934743
ALKBH5	27.28149399
ALKBH6	0.469339252
ALKBH7	24.44242571
ALKBH8	1.061316
ALLC	0
ALMS1	1.782581605
ALMS1-IT1	0.241949334
ALMS1P1	0.058707577
ALOX12	1.141397835
ALOX12-AS1	0.520676171
ALOX12B	0.10967884
ALOX12P1	0
ALOX12P2	1.365099109
ALOX15	2.674307787
ALOX15B	0.440936947
ALOX15P2	0
ALOX5	2.713919089
ALOX5AP	11.04079003
ALOXE3	0.135581715
ALPI	0
ALPK1	1.051777804
ALPK2	0.285716227
ALPK3	0.188612849
ALPL	5.683408908
ALPP	0.007935791
ALPPL2	0
ALS2	1.678531274
ALS2CL	1.101608116
ALS2CR12	0.05527647
ALX1	0.940783848
ALX3	0
ALX4	0.118211536
ALYREF	39.57506133
AMACR	2.448632619
AMBN	0
AMBP	0.130833619
AMBRA1	3.401049389
AMD1	16.08736379
AMD1P1	0.026329266
AMD1P2	0
AMD1P3	0.048844232
AMD1P4	0.018048761
AMDHD1	0.081340376
AMDHD2	1.000825694
AMELX	0
AMELY	0
AMER1	0.718807983
AMER2	0
AMER3	0.003710161
AMFR	23.08246233
AMH	0.093836812
AMHR2	0.013800786
AMIGO1	1.038224788
AMIGO2	2.037283526
AMIGO3	0.008482035
AMMECR1	6.858709132
AMMECR1-IT1	0
AMMECR1L	7.250552265
AMMECR1LP1	0
AMN	0.27692766
AMN1	3.175960496
AMOT	0.097079491
AMOTL1	6.797647119
AMOTL2	3.683527667
AMPD1	0.136161124
AMPD2	3.013545213
AMPD3	2.976823321
AMPH	0.116295377
AMT	0.345957665
AMTN	1.966392469
AMY1A	0
AMY1B	0
AMY1C	0
AMY2A	0
AMY2B	0.035646965
AMYH02020865.1	0
AMYP1	0
AMZ1	0.072712487
AMZ2	48.55116644
AMZ2P1	2.888152591
AMZ2P2	0
ANAPC1	1.921718338
ANAPC10	3.671877274
ANAPC10P1	0
ANAPC11	18.63318295
ANAPC13	38.99117627
ANAPC15	3.805953387
ANAPC16	35.0547506
ANAPC1P1	0.009493775
ANAPC2	3.774815309
ANAPC4	2.931598987
ANAPC5	11.68400551
ANAPC7	9.299782421
ANG	2.206871202
ANGEL1	5.328971183
ANGEL2	4.762403192
ANGPT1	1.992314279
ANGPT2	1.66614704
ANGPT4	0.010383055
ANGPTL1	0.18547316
ANGPTL2	13.37060922
ANGPTL3	0.022408231
ANGPTL4	10.37727389
ANGPTL5	0.010251513
ANGPTL6	0.155826761
ANGPTL7	0
ANGPTL8	0.019849209
ANHX	0.007032324
ANK1	0.049454841
ANK2	0.205273436
ANK3	3.420417734
ANKAR	0.324630064
ANKDD1A	0.534428746
ANKDD1B	0.147706621
ANKEF1	3.076716222
ANKFN1	0.052597681
ANKFY1	2.938170802
ANKH	7.583187247
ANKHD1	0.235685274
ANKHD1-EIF4EBP3	0.108744378
ANKIB1	6.142097072
ANKK1	0.523261224
ANKLE1	0.251666175
ANKLE2	2.764730748
ANKMY1	0.588011862
ANKMY2	6.23475911
ANKRA2	6.975007739
ANKRD1	0.171732271
ANKRD10	11.94892832
ANKRD10-IT1	1.638601867
ANKRD11	3.070791812
ANKRD12	1.618768486
ANKRD13A	3.897304517
ANKRD13B	1.748379955
ANKRD13C	4.025678871
ANKRD13D	3.551989596
ANKRD16	3.063215143
ANKRD17	5.675256769
ANKRD18A	0.250218489
ANKRD18B	0.256972197
ANKRD18CP	0.089607858
ANKRD18DP	0.014076882
ANKRD18EP	0.737859672
ANKRD19P	0.205934707
ANKRD2	0.936893632
ANKRD20A1	0
ANKRD20A10P	0.336493233
ANKRD20A11P	0.025067723
ANKRD20A17P	0
ANKRD20A18P	0
ANKRD20A19P	0.026046763
ANKRD20A2	0.0061395
ANKRD20A21P	0.00930099
ANKRD20A3	0
ANKRD20A4	0.016147838
ANKRD20A5P	0.027549366
ANKRD20A6P	0
ANKRD20A7P	0
ANKRD20A8P	0
ANKRD20A9P	0
ANKRD22	7.858397106
ANKRD23	0.188731454
ANKRD24	0.135648096
ANKRD26	0.721450402
ANKRD26P1	0.003786552
ANKRD26P2	0
ANKRD26P3	0
ANKRD26P4	0
ANKRD27	3.041015135
ANKRD28	3.120808198
ANKRD29	1.67889341
ANKRD30A	0
ANKRD30B	0
ANKRD30BL	0
ANKRD30BP1	0
ANKRD30BP2	0
ANKRD30BP3	0
ANKRD31	0.023219114
ANKRD33	0.006552114
ANKRD33B	0.300249982
ANKRD33B-AS1	0
ANKRD34A	0.105632127
ANKRD34B	0.024130798
ANKRD34C	0.004903168
ANKRD34C-AS1	0
ANKRD35	0.368139977
ANKRD36	0.198321724
ANKRD36B	0.129068232
ANKRD36BP1	0
ANKRD36BP2	0.401473833
ANKRD36C	0.322768426
ANKRD36P1	0
ANKRD37	2.954470206
ANKRD39	3.110736086
ANKRD40	8.841138371
ANKRD42	0.675124042
ANKRD44	0.761668535
ANKRD44-IT1	0.022708684
ANKRD45	0.258517032
ANKRD46	6.381725485
ANKRD49	7.84860036
ANKRD50	3.787366406
ANKRD52	4.513827265
ANKRD53	0.221036585
ANKRD54	4.582442386
ANKRD54P1	0
ANKRD55	0.032595614
ANKRD6	0.81608396
ANKRD60	0
ANKRD61	0.154498541
ANKRD62	0.055492813
ANKRD62P1	0
ANKRD62P1-PARP4P3	0
ANKRD63	0
ANKRD65	9.107934399
ANKRD66	0.085477406
ANKRD7	0.044651594
ANKRD9	1.214620311
ANKS1A	4.144437035
ANKS1B	0.008785156
ANKS3	0.632498038
ANKS4B	0.005578029
ANKS6	2.205868534
ANKUB1	0.200471248
ANKZF1	3.209502668
ANLN	11.37463705
ANO1	1.903018648
ANO10	4.876237824
ANO1-AS1	0
ANO1-AS2	0
ANO2	0.13195361
ANO3	0.094580194
ANO4	0.038864252
ANO5	0.084436811
ANO6	6.94809346
ANO7	0.285595097
ANO7L1	0.719728347
ANO8	0.921487292
ANO9	2.049364525
ANOS1	2.338379931
ANOS2P	0.010247186
ANP32A	7.24019913
ANP32AP1	0.022602964
ANP32B	81.47410605
ANP32BP1	0.09358359
ANP32BP2	0
ANP32BP3	0
ANP32C	0
ANP32D	0
ANP32E	23.84461586
ANPEP	2.44201104
ANTXR1	17.41257777
ANTXR2	2.118945372
ANTXRL	0.023484924
ANTXRLP1	0.053090395
ANXA1	146.1431625
ANXA10	5.385642634
ANXA11	30.53767423
ANXA13	0.165834252
ANXA2	431.7719497
ANXA2P1	1.363207697
ANXA2P2	53.33488431
ANXA2P3	0.553907157
ANXA2R	0.366270325
ANXA3	2.871560303
ANXA4	15.62072518
ANXA5	106.5917336
ANXA6	12.63654369
ANXA7	122.7011135
ANXA8	19.79770571
ANXA8L1	4.78816351
ANXA9	0.41212655
AOAH	4.391736565
AOAH-IT1	0
AOC1	0.126964347
AOC2	0.420277316
AOC3	4.244470894
AOC4P	0.053622304
AOX1	0.410710011
AOX2P	0.006173851
AOX3P	0
AP000146.1	0
AP000221.1	0
AP000223.1	0.043582735
AP000229.1	0.130641593
AP000233.1	0
AP000233.2	0
AP000235.1	0
AP000238.1	0.284924686
AP000240.1	0.161121128
AP000244.1	0
AP000251.1	0.236258717
AP000253.1	0.010871287
AP000254.1	0.886992464
AP000255.1	0.035910626
AP000265.1	0
AP000266.1	0
AP000275.1	0
AP000275.2	0.023660412
AP000280.1	0
AP000281.1	0.153642932
AP000281.2	0
AP000282.1	0
AP000289.1	0
AP000290.1	0
AP000295.1	0.024275583
AP000302.1	0
AP000311.1	0.022519094
AP000317.1	0.090468012
AP000317.2	0
AP000320.1	0.257702582
AP000322.1	0
AP000322.2	0
AP000343.1	0
AP000344.1	0.030535325
AP000344.2	0.038593932
AP000345.1	0
AP000345.2	0.044913197
AP000346.1	0.022332643
AP000346.2	0.160765452
AP000346.3	0
AP000346.4	0
AP000347.1	0.038082062
AP000347.2	0.04659421
AP000350.1	0.091261591
AP000350.2	0
AP000350.3	0
AP000350.4	0
AP000350.5	0.277208944
AP000350.6	0
AP000350.7	0.02418489
AP000354.1	0.479123353
AP000355.1	0
AP000356.1	0
AP000357.1	0.125024463
AP000358.1	0
AP000365.1	0
AP000402.1	0
AP000403.1	0
AP000424.1	0
AP000424.2	0
AP000426.1	0
AP000431.1	0
AP000431.2	0
AP000432.1	0
AP000432.2	0.023706624
AP000435.1	0
AP000436.1	0.030344479
AP000437.1	0.046571862
AP000438.1	0.032410659
AP000439.1	0
AP000439.2	0
AP000439.3	0
AP000439.4	0
AP000442.1	0.063135457
AP000442.2	0.670772694
AP000445.1	0.032760571
AP000445.2	0
AP000446.1	0.008532718
AP000457.1	0
AP000459.1	0
AP000459.2	0
AP000462.1	0
AP000462.2	0
AP000462.3	0
AP000470.1	0
AP000472.1	0
AP000474.1	0
AP000477.1	0
AP000477.2	0
AP000484.1	0
AP000487.1	0.134075671
AP000487.2	0.061613155
AP000522.1	0
AP000523.1	0.347124641
AP000525.1	0.10493768
AP000526.1	0.174896133
AP000529.1	0.021616726
AP000532.1	0
AP000532.2	0
AP000533.1	0
AP000533.2	0
AP000533.3	0
AP000534.1	0
AP000534.2	0
AP000542.1	0
AP000542.2	0
AP000542.3	0
AP000547.1	0
AP000547.2	0
AP000550.1	0
AP000550.2	0
AP000552.1	0
AP000552.2	0
AP000552.3	0
AP000553.1	0
AP000553.2	0.169364534
AP000553.3	0
AP000560.1	0.037597702
AP000561.1	0
AP000563.1	0
AP000567.1	0
AP000568.1	0
AP000569.1	0.041075437
AP000577.1	0.165892368
AP000580.1	0.881515592
AP000590.1	0
AP000593.1	0
AP000593.2	0
AP000593.3	0.083998558
AP000619.1	0.169929083
AP000619.2	0
AP000619.3	0
AP000640.1	0
AP000640.2	0.026559719
AP000641.1	0
AP000648.1	0
AP000648.2	0
AP000648.3	0.226220212
AP000654.1	0
AP000654.2	0.04142591
AP000662.1	0.08285182
AP000676.1	0
AP000676.2	0
AP000676.3	0
AP000676.4	0
AP000679.1	0.034996035
AP000688.1	8.542451944
AP000688.2	0.010391945
AP000688.3	0.209272269
AP000688.4	0.108859118
AP000692.1	0.325846755
AP000692.2	0.220938186
AP000695.1	0.706791897
AP000695.2	0.515186401
AP000695.3	0.012817098
AP000696.1	0.257111208
AP000697.1	0.14321878
AP000704.1	0.886779296
AP000705.1	0
AP000705.2	0
AP000708.1	0.028367611
AP000711.1	0
AP000720.1	0
AP000720.2	0
AP000721.1	0.086853607
AP000721.2	0.027492167
AP000722.1	0
AP000753.1	0
AP000753.2	0
AP000753.3	0.143642504
AP000755.1	0
AP000755.2	0
AP000756.1	0
AP000756.2	0
AP000757.1	0
AP000757.2	0
AP000759.1	2.568197721
AP000763.1	0
AP000763.2	0.446789875
AP000763.3	0.070568556
AP000763.4	0
AP000766.1	0.216955695
AP000769.1	4.330239169
AP000769.2	0
AP000769.3	0
AP000770.1	0.032893744
AP000770.2	0
AP000776.1	0
AP000777.1	0
AP000777.2	0.24227129
AP000777.3	0
AP000781.1	0.078056538
AP000781.2	0.054138232
AP000785.1	0
AP000785.2	0.938489042
AP000786.1	0.08356483
AP000787.1	0.593200342
AP000787.2	0.085477406
AP000790.1	0
AP000790.2	0
AP000793.1	0
AP000797.1	0
AP000797.2	0
AP000797.3	0
AP000802.1	0
AP000808.1	0.074648165
AP000808.2	0.298645136
AP000811.1	0.037289682
AP000812.1	0
AP000812.2	0
AP000812.3	0
AP000820.1	0.095950922
AP000821.1	0
AP000827.1	0
AP000842.1	0
AP000842.2	0
AP000842.3	0
AP000843.1	0
AP000844.1	0
AP000844.2	0
AP000845.1	0.056958196
AP000851.1	0
AP000851.2	0
AP000852.1	0.08473153
AP000855.1	0
AP000857.1	0
AP000857.2	0
AP000859.1	0
AP000860.1	0
AP000864.1	0.037347051
AP000866.1	0.055012653
AP000866.2	0
AP000866.3	0.22425481
AP000866.4	0.487679127
AP000866.5	0
AP000866.6	0.176335956
AP000867.1	0
AP000867.2	0.075861198
AP000867.3	0
AP000870.1	0
AP000873.1	0
AP000873.2	0.325192006
AP000873.3	0.095074086
AP000873.4	0.134119244
AP000873.5	0
AP000879.1	0
AP000879.2	0
AP000880.1	0.126699286
AP000889.1	0
AP000889.2	0
AP000892.1	0.049745048
AP000892.2	0
AP000892.3	0.524162987
AP000893.1	0
AP000893.2	0
AP000894.1	0
AP000894.2	0.074655817
AP000894.3	0
AP000894.4	0.351820047
AP000897.1	0
AP000897.2	0
AP000902.1	0
AP000904.1	0.076579127
AP000907.1	0
AP000907.2	0
AP000907.3	0
AP000911.1	0.07224876
AP000911.2	0
AP000911.3	0
AP000915.1	0
AP000915.2	0
AP000916.1	0
AP000919.1	0.054307792
AP000919.2	0.113304939
AP000919.3	0
AP000919.4	0.202296527
AP000920.1	0
AP000924.1	0
AP000925.1	0.016753336
AP000926.1	0
AP000936.1	0.050260007
AP000936.2	0
AP000936.3	0.475991828
AP000941.1	0.017489613
AP000942.1	0.064994868
AP000942.2	0
AP000942.3	0
AP000942.4	0
AP000943.1	0.03409492
AP000943.2	0
AP000943.3	0
AP000943.4	0
AP000944.1	0
AP000949.1	0
AP000959.1	0
AP000962.1	0
AP000962.2	0.022048668
AP000974.1	0.020339827
AP000977.1	0.016695724
AP000997.1	0
AP000997.2	0
AP000997.3	0
AP001000.1	7.819224244
AP001001.1	0.097335939
AP001001.2	0
AP001002.1	0.016044668
AP001002.2	0
AP001002.3	0
AP001005.1	0
AP001005.2	0
AP001007.1	0
AP001007.2	0
AP001007.3	0
AP001010.1	0
AP001011.1	0
AP001017.1	0
AP001020.1	0
AP001020.2	0.090749844
AP001020.3	0.014163117
AP001021.1	0
AP001021.2	0.089248468
AP001024.1	1.548008205
AP001025.1	0
AP001029.1	0
AP001029.2	0.040250599
AP001029.3	0
AP001033.1	0.312561157
AP001033.2	0.532465434
AP001042.1	0
AP001043.1	0.01853098
AP001043.2	0
AP001046.1	0
AP001048.1	0
AP001052.1	0.735623734
AP001056.1	0.059136622
AP001057.1	0
AP001059.1	0
AP001059.2	0
AP001059.3	0
AP001062.1	0.206292278
AP001062.2	0
AP001062.3	0
AP001063.1	0
AP001065.1	0.07539001
AP001065.2	0
AP001085.1	0.075979916
AP001086.1	0.15124974
AP001092.1	0
AP001094.1	0
AP001094.2	0.010486213
AP001094.3	0
AP001099.1	0.05678499
AP001102.1	0
AP001107.1	0.191283249
AP001107.2	0
AP001107.3	0
AP001107.4	0.135114563
AP001107.5	0.073009273
AP001107.6	0.047045704
AP001107.7	0
AP001107.8	0
AP001107.9	0.394084143
AP001109.1	0
AP001116.1	0
AP001117.1	0
AP001120.1	0
AP001120.2	0.082012105
AP001120.3	0
AP001120.4	0
AP001122.1	0
AP001124.1	0
AP001136.1	0
AP001148.1	0.010290625
AP001150.1	0
AP001157.1	2.272916941
AP001160.1	0.126931154
AP001160.2	0.249235967
AP001160.3	2.577093369
AP001160.4	0.063548647
AP001172.1	0
AP001172.2	0
AP001178.1	0.090580534
AP001178.2	0
AP001178.3	0
AP001180.1	0
AP001180.2	0
AP001180.3	0
AP001180.4	0
AP001180.5	0
AP001187.1	0
AP001189.1	0.034047101
AP001189.2	0
AP001189.3	0.298317459
AP001189.4	0.053707043
AP001189.5	0.043426804
AP001189.6	0
AP001198.1	0
AP001198.2	0
AP001205.1	0.054065887
AP001207.1	0.050468988
AP001207.2	0.045038188
AP001207.3	2.966466381
AP001208.1	0.059498978
AP001208.2	0.041999279
AP001257.1	0
AP001258.1	0
AP001264.1	0
AP001266.1	0
AP001266.2	0
AP001267.1	0.020271886
AP001267.2	0
AP001267.3	0.322446077
AP001267.4	0
AP001269.1	0.045976483
AP001269.2	0
AP001269.3	0
AP001269.4	0
AP001271.1	0
AP001271.2	0
AP001273.1	0.177137822
AP001282.1	0.048583555
AP001282.2	0.314247032
AP001284.1	0.01146156
AP001317.1	0
AP001318.1	0
AP001318.2	1.196411892
AP001318.3	0
AP001324.1	18.55652351
AP001324.2	0
AP001324.3	0.016999708
AP001328.1	0
AP001330.1	0
AP001330.2	0.024796306
AP001330.3	0
AP001330.4	0
AP001330.5	0.708776152
AP001331.1	0
AP001340.1	0
AP001341.1	0.031815968
AP001342.1	0
AP001347.1	0.233155319
AP001350.1	0.031857721
AP001350.2	0.044379494
AP001351.1	0.156196782
AP001357.1	0
AP001357.2	0
AP001360.1	0.019420467
AP001360.2	1.03667971
AP001362.1	0
AP001363.1	0.2758589
AP001363.2	0
AP001372.1	0.178234825
AP001372.2	4.19686176
AP001372.3	0
AP001372.4	0.462881883
AP001381.1	0.181839575
AP001412.1	0.067998833
AP001425.1	0
AP001429.1	0
AP001432.1	0.420154325
AP001434.1	1.184174791
AP001437.1	0.106471856
AP001439.1	0
AP001442.1	0.00758375
AP001453.1	0.046195211
AP001453.2	1.992468304
AP001453.3	0.008882394
AP001453.4	1.10990357
AP001458.1	0
AP001458.2	0.042072068
AP001462.1	0.751898595
AP001464.1	0
AP001468.1	0
AP001469.1	0.043465682
AP001469.2	0.12449017
AP001469.3	0.383803687
AP001471.1	0.108373139
AP001476.1	0.022088793
AP001476.2	0
AP001476.3	0
AP001485.1	0
AP001486.1	0
AP001486.2	0.128191032
AP001486.3	0
AP001496.1	0
AP001496.2	0.024847066
AP001496.3	0
AP001505.1	0.328788937
AP001506.1	0
AP001525.1	0
AP001527.1	0
AP001527.2	0.26930124
AP001528.1	0.052280509
AP001528.2	0.059792077
AP001528.3	0.022415128
AP001533.1	0
AP001541.1	0
AP001542.1	1.092401245
AP001542.2	0
AP001542.3	1.335848033
AP001547.1	0
AP001554.1	0
AP001574.1	0
AP001582.1	0
AP001595.1	0
AP001596.1	0.043214211
AP001596.2	0
AP001599.1	0
AP001604.1	0
AP001605.1	0.009326002
AP001610.1	0.043504629
AP001610.2	0
AP001615.1	0
AP001619.1	0
AP001619.2	0
AP001625.1	0
AP001625.2	0.042218406
AP001625.3	0
AP001626.1	0
AP001627.1	0.027680255
AP001628.1	0.085177485
AP001628.2	0
AP001630.1	0.055550534
AP001631.1	0
AP001636.1	0
AP001636.2	0.034878712
AP001636.3	0.013129034
AP001642.1	0
AP001646.1	0
AP001646.2	0.020999639
AP001646.3	0
AP001652.1	0
AP001767.1	0
AP001767.2	0.127097294
AP001767.3	0.111355886
AP001767.4	0.161121128
AP001775.1	0
AP001775.2	0
AP001781.1	0.054860075
AP001781.2	0
AP001782.1	0
AP001783.1	0.04994976
AP001784.1	0
AP001790.1	0.894363592
AP001793.1	0.217857798
AP001803.1	0
AP001803.2	0
AP001816.1	5.746245648
AP001823.1	0
AP001825.1	0
AP001830.1	0.210481935
AP001830.2	0
AP001831.1	0
AP001836.1	0
AP001858.1	0
AP001858.2	0.363527868
AP001877.1	0
AP001880.1	0
AP001880.2	0.05418657
AP001885.1	0.07590864
AP001888.1	0
AP001889.1	0
AP001893.1	0.134119244
AP001893.2	0.240352309
AP001893.3	0
AP001922.1	0
AP001922.2	0
AP001922.3	0
AP001922.4	0.083708908
AP001922.5	0.298317459
AP001922.6	0.1778431
AP001931.1	0.125563361
AP001960.1	0.073785967
AP001961.1	0
AP001962.1	0.043426804
AP001970.1	0
AP001972.1	0.143926383
AP001972.2	0
AP001972.3	0
AP001972.4	0
AP001972.5	1.16290219
AP001978.1	0
AP001979.1	0
AP001979.2	0
AP001981.1	0
AP001992.1	0.443679067
AP001993.1	0
AP001994.1	0
AP001999.1	0
AP001999.2	0
AP001999.3	0
AP002001.1	0
AP002001.2	0
AP002004.1	0.727083872
AP002004.2	0
AP002008.1	0.021017821
AP002008.2	0
AP002008.3	0
AP002026.1	0.428738402
AP002075.1	0.080516031
AP002336.1	0
AP002336.2	0.315267315
AP002336.3	0
AP002340.1	0
AP002353.1	0
AP002358.1	0
AP002358.2	0.033904446
AP002360.1	5.698644867
AP002360.2	0.034190962
AP002360.3	0.050468988
AP002364.1	0.064524586
AP002365.1	0
AP002370.1	0
AP002370.2	0
AP002371.1	0
AP002373.1	0.099899519
AP002373.2	0
AP002380.1	0
AP002381.1	0.236834958
AP002383.1	0
AP002383.2	0
AP002383.3	0.12449017
AP002383.4	0
AP002383.5	0
AP002387.1	0
AP002387.2	6.175993966
AP002392.1	0
AP002404.1	0
AP002409.1	0
AP002414.1	0
AP002414.2	0.269492306
AP002414.3	0
AP002414.4	0.148021849
AP002414.5	0
AP002428.1	0
AP002433.1	0
AP002439.1	0
AP002444.1	0
AP002449.1	0.256071553
AP002453.1	0
AP002469.1	0.057253734
AP002472.1	0.04142591
AP002478.1	0.116789747
AP002478.2	0
AP002490.1	0.080287778
AP002490.2	0
AP002495.1	0.32580213
AP002498.1	0.128216109
AP002505.1	0
AP002505.2	0.069757423
AP002512.1	0
AP002512.2	0
AP002518.1	0.006326709
AP002518.2	0
AP002530.1	0
AP002748.1	0
AP002748.2	0
AP002748.3	1.427975483
AP002748.4	0
AP002754.1	0.010334433
AP002754.2	0
AP002759.1	0
AP002761.1	0.555929387
AP002761.2	0.157123516
AP002761.3	0.028643756
AP002761.4	1.097854403
AP002765.1	0
AP002768.1	0.075861198
AP002770.1	0
AP002770.2	0.228153978
AP002782.1	0
AP002784.1	0.033576187
AP002784.2	1.680277163
AP002791.1	0
AP002795.1	0
AP002799.1	0
AP002800.1	0.392773481
AP002802.1	0
AP002802.2	0
AP002803.1	0
AP002807.1	0.281106836
AP002812.1	0
AP002812.2	0
AP002812.3	0
AP002812.4	0
AP002812.5	0
AP002815.1	0
AP002833.1	0
AP002833.2	0
AP002833.3	0
AP002840.1	0
AP002840.2	0.644820179
AP002847.1	0.108131774
AP002852.1	1.498736251
AP002856.1	0
AP002856.2	0
AP002856.3	0
AP002856.4	0
AP002884.1	4.460360248
AP002884.2	0
AP002884.3	0.101998249
AP002884.4	0.021444861
AP002892.1	0.044137424
AP002892.2	0
AP002893.1	0
AP002906.1	0
AP002907.1	0.390446443
AP002954.1	0.228476077
AP002957.1	0.04047617
AP002963.1	0
AP002967.1	0
AP002981.1	0.024898034
AP002982.1	0.166081527
AP002986.1	0.230932108
AP002989.1	0.086389976
AP002990.1	0.541844844
AP002991.1	0
AP002991.2	0
AP002992.1	0.125131872
AP002993.1	0
AP003025.1	0
AP003025.2	0
AP003027.1	0
AP003028.1	0
AP003031.1	0
AP003031.2	0
AP003032.1	0
AP003032.2	0
AP003035.1	0.017131675
AP003037.1	0
AP003038.1	0.013840127
AP003040.1	0
AP003041.1	0
AP003041.2	0
AP003043.1	0
AP003049.1	0
AP003049.2	0
AP003057.1	0.01949846
AP003059.1	0
AP003059.2	0.048261597
AP003062.1	0
AP003062.2	0
AP003063.1	0.138016582
AP003063.2	0.058721778
AP003064.1	0
AP003064.2	0.047599183
AP003065.1	0.043194988
AP003066.1	0
AP003066.2	0
AP003068.1	0.267745403
AP003068.2	1.246986966
AP003068.3	0
AP003068.4	0.332956877
AP003071.1	0.078056538
AP003071.2	0
AP003071.3	0.06632673
AP003071.4	0.359218132
AP003072.1	0
AP003072.2	0.071821252
AP003072.3	0
AP003072.4	0
AP003072.5	0.031404377
AP003080.1	0.020477084
AP003084.1	0.359880614
AP003086.1	0
AP003086.2	0
AP003086.3	0
AP003096.1	0.044379494
AP003097.1	0.064164537
AP003097.2	0
AP003100.1	0.029177384
AP003102.1	0
AP003108.1	0
AP003108.2	0.12909111
AP003108.3	0.032599261
AP003108.4	0
AP003108.5	0.027123557
AP003110.1	0
AP003115.1	0.157293196
AP003117.1	0.131456227
AP003117.2	0
AP003119.1	2.481704604
AP003119.2	2.400128284
AP003119.3	2.217926616
AP003121.1	0
AP003122.1	0
AP003122.2	0
AP003122.3	0
AP003122.4	0
AP003122.5	0
AP003122.6	0
AP003123.1	0
AP003128.1	0
AP003168.1	0
AP003168.2	0
AP003170.1	0.023568527
AP003170.2	0
AP003170.3	0
AP003170.4	0
AP003170.5	0.072464428
AP003171.1	0
AP003171.2	0
AP003174.1	0
AP003174.2	0
AP003174.3	0
AP003181.1	0
AP003181.2	0
AP003306.1	0
AP003306.2	0
AP003327.1	0
AP003351.1	0
AP003352.1	0.951983656
AP003354.1	0.045545184
AP003354.2	0.25870959
AP003355.1	0
AP003355.2	0.009258422
AP003355.3	0
AP003357.1	0
AP003385.1	0
AP003385.2	0
AP003385.3	0
AP003385.4	0
AP003386.1	0
AP003390.1	2.460049542
AP003390.2	0.043426804
AP003392.1	0.417744262
AP003392.2	0.583547674
AP003392.3	0.218371063
AP003392.4	0.564173581
AP003392.5	0.175486144
AP003392.6	0.448164613
AP003393.1	0.010846999
AP003396.1	0
AP003396.2	0
AP003396.3	0
AP003396.4	0
AP003396.5	0
AP003397.1	0
AP003398.1	0
AP003400.1	0
AP003400.2	0
AP003400.3	0
AP003400.4	0
AP003400.5	0
AP003400.6	0
AP003419.1	0
AP003419.2	0
AP003419.3	0.610411183
AP003438.1	0.055805938
AP003461.1	0
AP003465.1	0
AP003465.2	0
AP003467.1	0
AP003467.2	0.076099007
AP003469.1	0.040324889
AP003469.2	0.84682267
AP003469.3	0.205290344
AP003469.4	0.506994481
AP003471.1	0
AP003472.1	0
AP003472.2	0.032672387
AP003476.1	0
AP003478.1	0
AP003481.1	0.096523194
AP003484.1	0
AP003485.1	0
AP003485.2	0
AP003486.1	0.407226859
AP003497.1	0
AP003497.2	0
AP003498.1	0
AP003499.1	0
AP003499.2	0
AP003499.3	0
AP003500.1	0
AP003501.1	0
AP003501.2	0
AP003532.1	0
AP003548.1	0
AP003550.1	0
AP003555.1	0
AP003555.2	0.143007854
AP003555.3	0
AP003557.1	0.024227129
AP003559.1	0.026516202
AP003680.1	0.026530692
AP003692.1	0
AP003696.1	0
AP003715.1	0.055805938
AP003716.1	0
AP003716.2	0
AP003717.1	0
AP003717.2	0
AP003717.3	0
AP003718.1	0
AP003721.1	0.983385894
AP003721.2	0.053707043
AP003721.3	0.119879423
AP003721.4	0.299698558
AP003730.1	0
AP003730.2	0
AP003733.1	0
AP003733.2	0
AP003733.3	0.030806578
AP003733.4	0.343319975
AP003774.1	0.082993447
AP003774.2	0
AP003774.3	0
AP003774.4	0.288995038
AP003781.1	0
AP003784.1	0
AP003785.1	0
AP003789.1	0
AP003900.1	0.052374505
AP003969.1	0
AP003969.2	0
AP003972.1	0
AP003973.1	0
AP003973.2	0.048648463
AP004147.1	0.003844723
AP004245.1	0.656096844
AP004247.1	0
AP004247.2	0
AP004289.1	0
AP004289.2	0
AP004290.1	0
AP004371.1	0
AP004372.1	0
AP004550.1	0
AP004607.1	0
AP004607.2	0
AP004607.3	0
AP004607.4	0
AP004607.5	0
AP004607.6	0
AP004607.7	0
AP004607.8	0
AP004607.9	0
AP004608.1	0.002940713
AP004609.1	0.029496456
AP004609.2	0
AP004609.3	0.412324131
AP004782.1	0
AP004833.1	0
AP004833.2	0
AP004833.3	0
AP005018.1	0
AP005018.2	1.978666759
AP005019.1	0.804311492
AP005019.2	0
AP005019.3	0
AP005057.1	0
AP005059.1	0
AP005059.2	0
AP005060.1	0.007648262
AP005062.1	0
AP005117.1	0.008048933
AP005119.1	0
AP005119.2	0
AP005120.1	0
AP005121.1	0
AP005121.2	0
AP005131.1	0.005116034
AP005131.2	0.049847193
AP005131.3	0
AP005131.4	0
AP005131.5	0
AP005131.6	0.017277995
AP005131.7	0.079461811
AP005135.1	0
AP005136.1	0
AP005136.2	0.115708214
AP005137.1	0
AP005137.2	0.242755832
AP005139.1	0
AP005202.1	0
AP005202.2	0
AP005203.1	0
AP005205.1	0
AP005205.2	1.137145446
AP005205.3	0.012584543
AP005208.1	0
AP005209.1	0
AP005210.1	0
AP005212.1	0
AP005212.2	0
AP005212.3	0
AP005229.1	0.059939712
AP005229.2	0.208972022
AP005230.1	0.064119343
AP005233.1	0
AP005233.2	0.065432839
AP005242.1	0
AP005242.2	0.020660071
AP005242.3	0
AP005242.4	0
AP005262.1	0
AP005263.1	0
AP005264.1	0
AP005264.2	0.033163365
AP005264.3	0
AP005264.4	0
AP005264.5	0.208798588
AP005264.6	0.032584675
AP005264.7	0
AP005265.1	0
AP005271.1	0
AP005273.1	0
AP005328.1	0
AP005328.2	0.036949137
AP005329.1	0.22836861
AP005329.2	0.068536373
AP005329.3	0
AP005357.1	0
AP005380.1	0
AP005403.1	0.106006914
AP005431.1	0.456594042
AP005432.1	0.006965734
AP005432.2	0.04142591
AP005433.1	0
AP005435.1	0.041214912
AP005435.2	0
AP005435.3	0
AP005435.4	0
AP005436.1	0
AP005436.2	0.096331679
AP005436.3	0
AP005482.1	0.076278345
AP005482.2	0
AP005482.3	0.842902195
AP005530.1	0
AP005597.1	0
AP005597.2	0
AP005597.3	0
AP005597.4	0
AP005639.1	0
AP005660.1	0
AP005671.1	0
AP005717.1	0.037443059
AP005899.1	0.089248468
AP005901.1	0
AP005901.2	0
AP005901.3	0
AP005901.4	0
AP005902.1	0
AP005902.2	0.079073561
AP006193.1	0
AP006216.1	0
AP006216.2	0
AP006219.1	0.05143132
AP006222.1	0.147348001
AP006245.1	0
AP006245.2	0
AP006248.1	0
AP006248.2	0
AP006248.3	0
AP006248.4	0
AP006248.5	0
AP006259.1	0
AP006284.1	0.522055553
AP006285.1	0
AP006285.2	0
AP006287.1	0.037175472
AP006287.2	0.096715471
AP006288.1	0
AP006289.1	0.087637485
AP006294.1	0
AP006295.1	0
AP006296.1	0.097296927
AP006333.1	0
AP006333.2	0
AP006437.1	0
AP006437.2	0
AP006545.1	0.10658873
AP006545.2	0.789877979
AP006547.1	0
AP006565.1	0
AP006587.1	0
AP006587.2	0
AP006587.3	0
AP006587.4	0
AP006587.5	0
AP006587.6	0
AP006621.1	0
AP006621.2	0
AP006621.3	1.558772105
AP006621.4	0.091261591
AP006621.5	0.149191468
AP006623.1	0.047114184
AP006748.1	0
AP007216.1	0
AP007216.2	0
AP1AR	4.363120213
AP1B1	21.1946321
AP1B1P1	0
AP1B1P2	0
AP1G1	6.968728443
AP1G2	3.963216863
AP1M1	3.295641421
AP1M2	6.677430072
AP1S1	58.72514381
AP1S2	3.921303413
AP1S2P1	0
AP1S3	1.416642345
AP2A1	11.38282264
AP2A2	5.548776699
AP2B1	29.03023152
AP2M1	186.7423229
AP2S1	68.9802664
AP3B1	7.196332262
AP3B2	1.615451624
AP3D1	13.97377195
AP3M1	11.66969004
AP3M2	7.298920576
AP3S1	18.08902902
AP3S2	2.362644724
AP4B1	1.347387558
AP4B1-AS1	0.041999279
AP4E1	2.371809259
AP4M1	5.757868108
AP4S1	2.712224236
AP5B1	4.2889723
AP5M1	4.00806008
AP5S1	4.505795865
AP5Z1	3.864031433
APAF1	1.384457262
APBA1	0.202580851
APBA2	2.413775417
APBA3	3.14149466
APBB1	1.018426451
APBB1IP	2.164740528
APBB2	1.759398938
APBB3	1.131575054
APC	1.346475275
APC2	0.159783775
APCDD1	4.031633962
APCDD1L	0.381807752
APCDD1L-AS1	0.029484514
APCS	0
APEH	15.77470968
APELA	0.267196448
APEX1	91.81216071
APEX2	11.98443276
APH1A	113.10898
APH1B	2.805787285
API5	32.90852552
API5P1	0.080382726
API5P2	0.016205329
APIP	3.93449119
APLF	0.544371873
APLN	1.681491256
APLNR	2.928916006
APLP1	0.909670378
APLP2	70.92080197
APMAP	124.7808503
APOA1	0
APOA1-AS	0.043118265
APOA2	0
APOA4	0
APOA5	0.012526101
APOB	0.00327429
APOBEC1	0.081919853
APOBEC2	0.021090863
APOBEC3A	6.609382708
APOBEC3AP1	0
APOBEC3B	33.36612335
APOBEC3B-AS1	0
APOBEC3C	30.84842566
APOBEC3D	4.797885406
APOBEC3F	4.500192941
APOBEC3G	7.669019047
APOBEC3H	1.164296557
APOBEC4	0.054901432
APOBR	0.749009292
APOC1	51.39087723
APOC1P1	0.077640458
APOC2	0.153764581
APOC3	0
APOC4	0
APOC4-APOC2	0.039817796
APOD	4.696004947
APOE	54.4123182
APOF	0.014154859
APOH	0
APOL1	241.7831532
APOL2	32.44873451
APOL3	4.224881201
APOL4	23.8263435
APOL5	0
APOL6	12.41242399
APOLD1	1.950626734
APOM	1.520879912
APOO	20.50503015
APOOL	3.714742575
APOOP1	0
APOOP2	0
APOOP3	0
APOOP4	0.040662618
APOOP5	0
APOPT1	7.914877336
APP	136.8326533
APPBP2	5.149589595
APPL1	5.615864339
APPL2	7.78391554
APRT	57.24890729
APTR	3.429904984
APTX	9.699982315
AQP1	12.21193817
AQP10	0.317743236
AQP11	0.455927064
AQP12A	0
AQP12B	0
AQP2	0.005638928
AQP3	4.377564187
AQP4	0.4899659
AQP4-AS1	0.006991815
AQP5	0.579523207
AQP6	0.023665026
AQP7	0.00462128
AQP7P1	0.023230223
AQP7P2	0
AQP7P3	0
AQP7P4	0
AQP7P5	0
AQP8	0.119584154
AQP9	2.273725414
AQR	2.314865638
AR	0.062707964
ARAF	12.81421168
ARAFP1	0
ARAFP2	0
ARAFP3	0
ARAP1	5.940226635
ARAP1-AS1	0
ARAP1-AS2	0.013308982
ARAP2	1.529432061
ARAP3	2.334945363
ARC	0.064929678
ARCN1	59.57020062
AREG	3.491088121
AREL1	6.424326484
ARF1	212.8053412
ARF1P1	0
ARF1P2	0.180487608
ARF1P3	0
ARF3	34.70020392
ARF4	172.520349
ARF4-AS1	0.121987855
ARF4P1	0.583331944
ARF4P2	0
ARF4P3	0
ARF4P4	0
ARF5	105.9380743
ARF6	49.97692514
ARFGAP1	6.284560482
ARFGAP2	13.20430929
ARFGAP3	27.60710366
ARFGEF1	6.342189745
ARFGEF2	3.826559233
ARFGEF3	0.695126602
ARFIP1	9.840382102
ARFIP2	16.04510028
ARFRP1	1.916074616
ARG1	0.012353986
ARG2	1.385455122
ARGFX	0
ARGFXP1	0
ARGFXP2	0
ARGLU1	7.24573127
ARHGAP1	16.99844521
ARHGAP10	0.755862104
ARHGAP11A	2.968358496
ARHGAP11B	0.30397344
ARHGAP12	4.411140837
ARHGAP15	0.965630845
ARHGAP17	4.354320626
ARHGAP18	4.535976433
ARHGAP19	1.082501279
ARHGAP19-SLIT1	0
ARHGAP20	0.381595133
ARHGAP21	4.258020278
ARHGAP22	0.665672782
ARHGAP22-IT1	0
ARHGAP23	6.746752006
ARHGAP23P1	0.011670953
ARHGAP24	2.735147275
ARHGAP25	1.981407654
ARHGAP26	0.982154412
ARHGAP26-AS1	0.024520791
ARHGAP26-IT1	0
ARHGAP27	2.335354879
ARHGAP27P1-BPTFP1-KPNA2P3	0.807055268
ARHGAP27P2	0
ARHGAP28	2.009716629
ARHGAP29	0.658336803
ARHGAP30	3.254960704
ARHGAP31	1.347781208
ARHGAP31-AS1	0.233419069
ARHGAP32	2.801683228
ARHGAP33	0.498434028
ARHGAP35	6.819614707
ARHGAP36	0.007650672
ARHGAP39	0.973407183
ARHGAP4	2.344899526
ARHGAP40	0.037989958
ARHGAP42	1.22706361
ARHGAP42P1	0
ARHGAP42P2	0
ARHGAP42P3	0
ARHGAP42P4	0
ARHGAP42P5	0
ARHGAP44	0.198787235
ARHGAP45	3.132709922
ARHGAP5	8.853631609
ARHGAP5-AS1	1.169116291
ARHGAP6	0.113912058
ARHGAP8	0.194593853
ARHGAP9	1.789773836
ARHGDIA	49.47937509
ARHGDIB	60.59656762
ARHGDIG	0.009994065
ARHGEF1	6.881267684
ARHGEF10	0.850275246
ARHGEF10L	2.319797961
ARHGEF11	8.126217578
ARHGEF12	4.13810958
ARHGEF15	0.596113679
ARHGEF16	3.089540341
ARHGEF17	1.557464821
ARHGEF18	0.802048138
ARHGEF19	8.498074659
ARHGEF19-AS1	0
ARHGEF2	4.538882992
ARHGEF25	5.495443189
ARHGEF26	4.148387149
ARHGEF26-AS1	1.298633023
ARHGEF28	1.209349026
ARHGEF3	6.008151624
ARHGEF33	0.075170294
ARHGEF34P	0.176763955
ARHGEF35	5.761831146
ARHGEF37	1.35877607
ARHGEF38	0.080075152
ARHGEF38-IT1	0.053235928
ARHGEF39	1.061309365
ARHGEF3-AS1	0
ARHGEF4	2.635537676
ARHGEF40	1.090904216
ARHGEF5	4.180841249
ARHGEF6	2.022336432
ARHGEF7	2.877671532
ARHGEF7-AS1	0
ARHGEF7-AS2	0
ARHGEF7-IT1	0
ARHGEF9	0.982684518
ARHGEF9-IT1	0
ARID1A	7.873942686
ARID1B	2.49830142
ARID2	2.278025373
ARID3A	1.323204467
ARID3B	1.234881567
ARID3C	0.086022619
ARID4A	1.539677583
ARID4B	3.770794106
ARID5A	10.28222459
ARID5B	9.833335828
ARIH1	3.378210532
ARIH2	5.423171953
ARIH2OS	0.805135113
ARIH2P1	0.032871474
ARL1	25.49935735
ARL10	0.671555972
ARL11	4.0607353
ARL13A	0.14233241
ARL13B	2.203152353
ARL14	0.28140166
ARL14EP	6.458682159
ARL14EPL	0
ARL14EPL	0
ARL15	8.292186314
ARL16	9.712102797
ARL17A	0.039011164
ARL17B	0.040277099
ARL2	16.35456758
ARL2BP	7.750162995
ARL2BPP1	0
ARL2BPP10	0
ARL2BPP2	0
ARL2BPP3	0
ARL2BPP4	0
ARL2BPP5	0
ARL2BPP6	0
ARL2BPP7	0
ARL2BPP8	0
ARL2-SNX15	0.010148655
ARL3	3.599657241
ARL4A	8.207751248
ARL4AP1	0
ARL4AP2	0.161567942
ARL4AP3	0
ARL4AP4	0.187456241
ARL4AP5	0.04052685
ARL4C	19.81124721
ARL4D	64.40860386
ARL5A	13.64146085
ARL5AP1	0
ARL5AP2	0
ARL5AP3	0
ARL5AP4	0
ARL5B	7.607204024
ARL5C	0
ARL6	1.97554503
ARL6IP1	65.10571037
ARL6IP1P1	0
ARL6IP1P2	0.08623653
ARL6IP1P3	0
ARL6IP4	0.3317052
ARL6IP5	56.09758089
ARL6IP6	9.698635517
ARL8A	27.61885341
ARL8B	47.05770214
ARL9	0.77187864
ARMC1	24.57361727
ARMC10	11.43814598
ARMC10P1	0.198747465
ARMC12	0.102717559
ARMC2	0.456952155
ARMC2-AS1	0.216746279
ARMC3	0.117926822
ARMC4	0.162752705
ARMC4P1	0
ARMC5	2.52606159
ARMC6	7.986019849
ARMC7	4.600579887
ARMC8	6.699942647
ARMC8P1	0
ARMC9	0.618134093
ARMCX1	6.281491407
ARMCX2	16.20626843
ARMCX3	17.91319281
ARMCX3-AS1	0
ARMCX4	0.270920673
ARMCX5	3.336595128
ARMCX5-GPRASP2	2.525162105
ARMCX6	12.54254722
ARMCX7P	0.020891208
ARMS2	0.029676752
ARMT1	5.881597495
ARNT	12.13034054
ARNT2	2.690666632
ARNTL	2.353208483
ARNTL2	44.91486971
ARNTL2-AS1	0.150967557
ARPC1A	94.20673143
ARPC1B	35.78802995
ARPC2	62.07623993
ARPC3	107.49469
ARPC3P1	0.63763258
ARPC3P2	0.182180737
ARPC3P5	0.181839575
ARPC4	38.62024603
ARPC4-TTLL3	0.079016365
ARPC5	43.52421961
ARPC5L	21.41092991
ARPIN	3.460273382
ARPP19	42.47963847
ARPP21	0.002405428
ARPP21-AS1	0
ARR3	0.042120734
ARRB1	1.091318257
ARRB2	6.407599047
ARRDC1	7.712786712
ARRDC1-AS1	2.53230843
ARRDC2	2.685653265
ARRDC3	52.43309492
ARRDC3-AS1	0.214297168
ARRDC4	15.75647506
ARRDC5	0.103741809
ARSA	14.58025309
ARSB	2.799340449
ARSD	7.075486488
ARSD-AS1	0
ARSDP1	0
ARSE	0.253046385
ARSEP1	0.062085891
ARSF	0.01101433
ARSFP1	0
ARSG	0.987681236
ARSH	0
ARSI	3.423384479
ARSJ	2.783187885
ARSK	2.160830773
ART1	0
ART2BP	0
ART2P	0
ART3	0.014811216
ART4	0.018623386
ART5	0.129201803
ARTN	12.98716303
ARV1	17.76381379
ARVCF	2.258695966
ARX	0
AS3MT	0.020195993
ASAH1	27.13520943
ASAH2	0.114687795
ASAH2B	0.687310548
ASAP1	6.895672914
ASAP1-IT2	0.119525274
ASAP2	4.250236631
ASAP3	1.581709011
ASB1	2.352209008
ASB10	0
ASB11	0
ASB12	0.018832881
ASB13	14.83373134
ASB14	0.112665145
ASB15	0
ASB16	0.413664647
ASB16-AS1	4.085403029
ASB17	0
ASB18	0
ASB2	5.712468591
ASB3	0.608912867
ASB4	0.047444137
ASB5	0
ASB6	4.217501801
ASB7	5.096208224
ASB8	7.169226558
ASB9	2.44502277
ASB9P1	0
ASCC1	9.447747568
ASCC2	14.26235336
ASCC3	2.934342938
ASCL1	0
ASCL2	2.162781442
ASCL3	0
ASCL4	0.010741409
ASCL5	0.071892152
ASF1A	25.09537844
ASF1B	13.53911651
ASGR1	0.226693013
ASGR2	0.302226136
ASH1L	6.041509091
ASH1L-AS1	3.614230752
ASH1L-IT1	0.05418657
ASH2L	15.92905444
ASH2LP1	0
ASH2LP2	0
ASH2LP3	0
ASIC1	0.621150693
ASIC2	0.026023495
ASIC3	0.16784428
ASIC4	0.013871762
ASIC5	0.043041814
ASIP	0.249620393
ASL	5.820061579
ASLP1	0.076218472
ASMT	0.03945111
ASMTL	3.856674231
ASMTL-AS1	0.363679149
ASNA1	72.767971
ASNS	12.82164923
ASNSD1	21.34777725
ASNSP1	0
ASNSP3	0
ASNSP4	0
ASNSP6	0
ASPA	0.016587348
ASPDH	0.08811464
ASPG	0.059450408
ASPH	33.34184209
ASPHD1	0.650988823
ASPHD2	1.684900474
ASPM	2.405808394
ASPN	12.10830709
ASPRV1	0.245320547
ASPSCR1	2.4943829
ASRGL1	0.608742274
ASS1	28.16763574
ASS1P1	0.353242116
ASS1P10	0.019514134
ASS1P11	0.019963473
ASS1P12	0.098922507
ASS1P2	0.019849209
ASS1P4	0.019672272
ASS1P5	0
ASS1P6	0
ASS1P7	0
ASS1P8	0
ASS1P9	0.019640439
ASTE1	3.045958793
ASTL	0.014676894
ASTN1	0.007915091
ASTN2	0.834564682
ASTN2-AS1	0
ASXL1	6.075315199
ASXL2	3.68150786
ASXL3	0.036763596
ASZ1	0.007920256
ATAD1	5.955111494
ATAD2	6.496907282
ATAD2B	1.871802023
ATAD3A	4.144804694
ATAD3B	1.020699477
ATAD3C	0.341909623
ATAD5	1.204343422
ATAT1	1.600323454
ATCAY	0.004492982
ATE1	3.730461127
ATE1-AS1	0.357369259
ATF1	12.59023975
ATF1P1	0
ATF2	10.07578111
ATF3	68.28409101
ATF4	110.7657976
ATF4P1	0
ATF4P2	0
ATF4P3	0.183905933
ATF4P4	0.090919787
ATF5	19.76397347
ATF6	16.52524176
ATF6B	23.34037632
ATF7	5.338803076
ATF7IP	5.656142788
ATF7IP2	1.086342795
ATG10	2.26316687
ATG101	12.81696157
ATG10-AS1	0
ATG10-IT1	0.049847193
ATG12	5.37515164
ATG12P2	0
ATG13	10.83576597
ATG14	6.54941012
ATG16L1	6.290696031
ATG16L2	0.523994253
ATG2A	2.146862252
ATG2B	1.820093802
ATG3	8.739368856
ATG3P1	0
ATG4A	9.355264048
ATG4AP1	0
ATG4B	4.907778349
ATG4C	3.145678468
ATG4D	14.71667271
ATG5	15.17454241
ATG7	2.96264901
ATG9A	6.946110832
ATG9B	0.140540851
ATIC	20.66638245
ATL1	1.959863599
ATL2	31.97320418
ATL3	17.50397316
ATM	1.365141235
ATMIN	9.951360926
ATN1	22.04275973
ATOH1	0
ATOH7	0.131219369
ATOH8	0.087897108
ATOX1	7.506479254
ATP10A	0.427254884
ATP10B	0.088001672
ATP10D	3.014256347
ATP11A	2.213138439
ATP11A-AS1	0
ATP11AUN	0
ATP11B	18.28324156
ATP11C	2.690732256
ATP12A	0.087440192
ATP13A1	5.474758441
ATP13A2	8.110346192
ATP13A3	11.9106684
ATP13A4	0.113041133
ATP13A4-AS1	0
ATP13A5	2.112614981
ATP13A5-AS1	0
ATP1A1	64.49862986
ATP1A1-AS1	0.33578919
ATP1A2	0.015417963
ATP1A3	0.156402625
ATP1A4	0.015452313
ATP1B1	223.1026085
ATP1B1P1	0
ATP1B2	0.140792455
ATP1B3	225.5825481
ATP1B3-AS1	1.033003541
ATP1B3P1	0.177409865
ATP1B4	0.005086022
ATP23	8.681217305
ATP2A1	0.12701417
ATP2A1-AS1	0.874420665
ATP2A2	31.543246
ATP2A3	2.268021992
ATP2B1	16.28942011
ATP2B1-AS1	0.507969252
ATP2B2	0.002388154
ATP2B2-IT1	0
ATP2B2-IT2	0
ATP2B3	0
ATP2B4	15.97228991
ATP2C1	22.85882001
ATP2C2	0.85849451
ATP2C2-AS1	0.064778074
ATP4A	0.068663259
ATP4B	0
ATP5F1A	46.94436674
ATP5F1AP1	0
ATP5F1AP10	0.015143845
ATP5F1AP2	0.145073206
ATP5F1AP3	0.128868391
ATP5F1AP4	0
ATP5F1AP7	0
ATP5F1AP8	0.018803705
ATP5F1B	354.5886977
ATP5F1BP1	0
ATP5F1C	121.6597049
ATP5F1CP1	0.08137067
ATP5F1D	23.85480644
ATP5F1E	32.52530346
ATP5F1EP1	0
ATP5F1EP2	0.882748481
ATP5IF1	22.13714982
ATP5MC1	39.73212091
ATP5MC1P1	0
ATP5MC1P3	0
ATP5MC1P4	0.495420066
ATP5MC1P5	0.059064679
ATP5MC1P6	0.530291866
ATP5MC1P7	0.060688958
ATP5MC1P8	0
ATP5MC2	60.95963293
ATP5MC2P1	0.056984937
ATP5MC2P3	0
ATP5MC2P4	0.288995038
ATP5MC3	47.13688098
ATP5MD	40.30611868
ATP5MDP1	0.274300375
ATP5ME	71.69044576
ATP5MF	72.21852625
ATP5MFP1	0
ATP5MFP3	0
ATP5MFP4	0.090919787
ATP5MFP5	0.094091408
ATP5MFP6	0
ATP5MF-PTCD1	0
ATP5MG	71.67828918
ATP5MGL	0.060764914
ATP5MGP2	0.312226151
ATP5MGP3	0.079853892
ATP5MGP4	0
ATP5MGP5	0
ATP5MGP6	0
ATP5MGP7	0
ATP5MPL	38.52815843
ATP5PB	36.47436875
ATP5PBP1	0
ATP5PBP2	0
ATP5PBP3	0
ATP5PBP4	0
ATP5PBP5	0.095824671
ATP5PBP6	0
ATP5PBP7	0.031941557
ATP5PD	46.31219281
ATP5PDP1	0.150158247
ATP5PDP2	0.050052749
ATP5PDP3	0
ATP5PDP4	0.562171401
ATP5PF	43.45365043
ATP5PFP1	0
ATP5PO	21.54676316
ATP5S	2.084386627
ATP6AP1	40.1411978
ATP6AP1L	0.334486115
ATP6AP2	97.82880777
ATP6V0A1	3.175436855
ATP6V0A2	1.692164989
ATP6V0A4	0.270798524
ATP6V0B	47.67903091
ATP6V0C	29.15572624
ATP6V0CP1	0.039280879
ATP6V0CP2	0
ATP6V0CP3	0.311891861
ATP6V0D1	13.51829543
ATP6V0D2	0.080649778
ATP6V0E1	182.418369
ATP6V0E1P1	0
ATP6V0E1P2	0.099084013
ATP6V0E1P3	0
ATP6V0E1P4	0.100312327
ATP6V0E2	5.073487707
ATP6V0E2-AS1	0.177032512
ATP6V1A	25.59110215
ATP6V1B1	0.905873629
ATP6V1B1-AS1	0.042626134
ATP6V1B2	11.50419143
ATP6V1C1	9.696126813
ATP6V1C2	0.708403
ATP6V1D	20.79785323
ATP6V1E1	72.43374519
ATP6V1E1P1	0.178234825
ATP6V1E2	2.775402662
ATP6V1F	237.9560971
ATP6V1G1	187.600963
ATP6V1G1P2	0.210481935
ATP6V1G1P3	0
ATP6V1G1P4	0.072464428
ATP6V1G1P6	0
ATP6V1G1P7	0
ATP6V1G2	0.124374204
ATP6V1G2-DDX39B	0.010234226
ATP6V1G3	0
ATP6V1H	13.4970335
ATP7A	2.04644675
ATP7B	0.309175192
ATP8A1	0.338154387
ATP8A2	0.247067866
ATP8A2P2	0.015481877
ATP8A2P3	0
ATP8B1	9.232896203
ATP8B2	3.924103785
ATP8B3	0.996773306
ATP8B4	0.196690114
ATP8B5P	0.007872737
ATP9A	5.779205816
ATP9B	1.102400899
ATPAF1	8.573638251
ATPAF2	2.818480726
ATR	3.23260007
ATRAID	105.3985946
ATRIP	0.036406094
ATRN	9.376870428
ATRNL1	1.069964122
ATRX	1.542378346
ATXN1	3.442488844
ATXN10	42.22275331
ATXN1L	2.660026445
ATXN2	1.08023122
ATXN2-AS	0.400421991
ATXN2L	19.44881544
ATXN3	0.463957852
ATXN3L	0
ATXN7	2.294693704
ATXN7L1	0.860400418
ATXN7L2	0.380465945
ATXN7L3	13.22998678
ATXN7L3B	18.72706091
ATXN8OS	0
AUH	5.482970523
AUNIP	1.844863675
AUP1	81.63747766
AURKA	8.390331358
AURKAIP1	36.10065761
AURKAPS1	0.060088077
AURKAPS2	0
AURKB	9.835890032
AURKC	0.274159564
AUTS2	3.832373742
AVEN	11.52016062
AVIL	0.457563209
AVL9	3.153143343
AVP	0
AVPI1	6.497925501
AVPR1A	1.074753307
AVPR1B	0
AVPR2	0.021762065
AWAT1	0
AWAT2	0.019792567
AXDND1	0.127577379
AXIN1	2.982975365
AXIN2	0.729289431
AXL	4.300273085
AZGP1	0.557645854
AZGP1P1	0
AZGP1P2	0
AZI2	3.52146986
AZIN1	49.72981287
AZIN1-AS1	1.070884997
AZIN2	0.681004317
AZU1	0.040845064
AZU1P1	0
B2M	1840.360094
B3GALNT1	14.29375125
B3GALNT1P1	0
B3GALNT2	4.419160887
B3GALNT2P1	0
B3GALT1	0.071482872
B3GALT2	0.096390526
B3GALT4	11.44744183
B3GALT5	0.003390681
B3GALT5-AS1	0.019296966
B3GALT6	5.262477889
B3GAT1	0.038245995
B3GAT2	0.03327955
B3GAT3	14.08743688
B3GAT3P1	0.150592948
B3GLCT	4.885952908
B3GNT10	1.642840045
B3GNT2	29.74840782
B3GNT2P1	0
B3GNT3	8.714311924
B3GNT4	0.320913893
B3GNT5	23.04092825
B3GNT6	0.083198876
B3GNT7	1.715746686
B3GNT8	5.7385717
B3GNT9	8.297139687
B3GNTL1	0.457963404
B3GNTL1P1	0
B3GNTL1P2	0
B4GALNT1	5.162694319
B4GALNT2	0.04876247
B4GALNT2P1	0
B4GALNT3	10.74968802
B4GALNT4	5.905918278
B4GALT1	47.59024761
B4GALT1-AS1	0.691119807
B4GALT2	21.3859393
B4GALT3	22.15380988
B4GALT4	10.93675331
B4GALT4-AS1	0.089248468
B4GALT5	13.50528528
B4GALT6	1.253582699
B4GALT7	8.060656413
B4GAT1	9.361096038
B9D1	3.14989822
B9D2	3.338815017
BAALC	0.662006147
BAALC-AS1	0.45708475
BAALC-AS2	0.141962475
BAAT	1.439773451
BAATP1	0.297252039
BABAM1	15.18737101
BABAM2	10.54900049
BACE1	8.710849055
BACE1-AS	0.950120674
BACE2	4.603250212
BACE2-IT1	0
BACH1	9.613344864
BACH1-AS1	0.027617273
BACH1-IT1	0.177409865
BACH1-IT2	0.056411115
BACH1-IT3	0
BACH2	0.496128821
BAD	33.55658781
BAG1	9.799004759
BAG2	5.496771662
BAG3	45.18422169
BAG4	15.40129016
BAG5	13.02895559
BAG6	24.74189386
BAGE2	0.005949898
BAHCC1	0.632430024
BAHD1	3.672172519
BAIAP2	3.454457021
BAIAP2-AS1	1.047720541
BAIAP2L1	16.83302738
BAIAP2L2	3.042931913
BAIAP3	0.695168019
BAK1	23.74880745
BAK1P1	0.419860716
BAK1P2	0.038471606
BAMBI	10.48025395
BANCR	0.52597097
BANF1	111.4905965
BANF1P1	0.092302598
BANF1P2	0.183905933
BANF1P3	1.209128666
BANF1P4	0.179819135
BANF1P5	0
BANF2	0
BANK1	1.086553611
BANP	1.347656218
BAP1	26.3021502
BARD1	2.144669953
BARHL1	0.010369749
BARHL2	0.012266591
BARX1	22.21277339
BARX1-AS1	0.555603137
BARX2	0.48418513
BASP1	60.45353854
BASP1-AS1	0.074287742
BASP1P1	0.036504636
BATF	3.963360525
BATF2	4.438573584
BATF3	1.458503525
BAX	13.62510508
BAZ1A	12.09679621
BAZ1B	10.30499024
BAZ2A	7.908797354
BAZ2B	0.909291605
BBC3	1.290117473
BBIP1	0.739540987
BBIP1P1	0
BBOF1	1.318868266
BBOX1	0.334971522
BBOX1-AS1	8.936819127
BBS1	0.229126742
BBS10	5.449345106
BBS12	0.891236447
BBS2	2.227518431
BBS4	6.93337337
BBS5	0.916461877
BBS7	2.040978833
BBS9	1.579186447
BBX	4.731664153
BCAM	4.715957249
BCAN	0.620304905
BCAP29	6.564713549
BCAP31	167.5052247
BCAP31P1	0.315267315
BCAP31P2	0
BCAR1	8.646424225
BCAR1P1	0
BCAR1P2	0
BCAR3	1.685135685
BCAR4	0.036559613
BCAS1	0.225378002
BCAS2	24.18214371
BCAS2P1	0.384107329
BCAS2P2	0.072034372
BCAS2P3	0
BCAS3	2.473517201
BCAS4	2.112868907
BCAT1	1.904937486
BCAT2	8.061647666
BCCIP	9.536450766
BCDIN3D	1.86584703
BCDIN3D-AS1	0.108312697
BCHE	1.937635779
BCKDHA	1.26750106
BCKDHB	1.6398392
BCKDK	16.50338513
BCL10	12.16793157
BCL11A	3.578532431
BCL11B	2.064428974
BCL2	0.734759988
BCL2A1	9.429358771
BCL2L1	38.99915662
BCL2L10	6.533610343
BCL2L11	7.842712451
BCL2L12	8.051693892
BCL2L12P1	0.496771826
BCL2L13	12.99323503
BCL2L14	0.261180962
BCL2L15	0.222711773
BCL2L2	7.875511481
BCL2L2-PABPN1	0.12545521
BCL3	31.90569404
BCL6	13.57274104
BCL6B	1.176863399
BCL7A	3.08760274
BCL7B	16.06492577
BCL7C	15.59311564
BCL9	4.616898304
BCL9L	3.42918697
BCL9P1	0
BCLAF1	9.363476543
BCLAF1P1	0.008821069
BCLAF1P2	0.055934524
BCLAF3	0.798872032
BCO1	0.091137002
BCO2	0.160907533
BCOR	2.662245023
BCORL1	1.156703002
BCORP1	0.044643172
BCR	5.621652131
BCRP1	0
BCRP2	0.044566887
BCRP3	0.035297104
BCRP4	0
BCRP5	0
BCRP6	0
BCRP7	0
BCRP8	0
BCRP9	0
BCS1L	4.288997686
BCYRN1	0.04509508
BDH1	4.267005082
BDH2	2.762666136
BDH2P1	0
BDKRB1	0.721754106
BDKRB2	2.489621537
BDNF	0.511229982
BDNF-AS	0.566821186
BDP1	1.3391002
BDP1P	0.024397571
BEAN1	0.059216764
BEAN1-AS1	0.023409434
BECN1	7.160805028
BECN1P2	0
BECN2	0.036753343
BEGAIN	0.168175255
BEND2	0
BEND3	0.631825386
BEND3P1	0.01636924
BEND3P2	0
BEND3P3	0.318368304
BEND4	0.016617627
BEND5	1.941592484
BEND6	1.251139579
BEND7	0.262171352
BEND7P1	0
BEST1	0.250095594
BEST2	0.009174446
BEST3	0
BEST4	0.189745643
BET1	6.504949496
BET1L	27.05585296
BET1P1	0
BEX1	0.168580439
BEX2	40.7483004
BEX3	178.2232401
BEX4	43.2317427
BEX5	6.32581049
BFAR	12.94587453
BFSP1	2.641267734
BFSP2	0.211092028
BFSP2-AS1	0.108615585
BGLAP	0.163197198
BGLT3	0
BGN	177.1434731
BHLHA15	1.095139093
BHLHA9	0
BHLHB9	1.311004675
BHLHB9P1	0
BHLHE22	0.528377195
BHLHE23	0.021889615
BHLHE40	90.3201006
BHLHE40-AS1	0.500343268
BHLHE41	1.899988656
BHMG1	0
BHMT	0.193156104
BHMT2	0.144951628
BICC1	2.457491679
BICD1	1.305463443
BICD1P1	0
BICD2	23.0404633
BICDL1	1.40766511
BICDL2	0.719468245
BICRA	0.953949254
BICRA-AS1	0
BICRAL	2.42649407
BID	23.56577084
BIK	14.95253657
BIN1	4.211177807
BIN2	1.767698329
BIN2P1	0
BIN2P2	0
BIN3	1.679954596
BIRC2	12.87698633
BIRC3	4.452783886
BIRC5	28.15076806
BIRC6	4.513234029
BIRC6-AS1	0
BIRC6-AS2	0.082429824
BIRC7	0.217578851
BIRC8	0
BIVM	1.844784295
BIVM-ERCC5	0
BLACAT1	0.859456186
BLACE	0.009884195
BLCAP	8.357167993
BLID	0
BLK	0.227441442
BLM	2.430893389
BLMH	14.72065306
BLNK	1.786629791
BLOC1S1	25.11115583
BLOC1S2	16.5714056
BLOC1S2P1	0
BLOC1S3	5.927758693
BLOC1S4	8.076848343
BLOC1S5	5.038190423
BLOC1S5-TXNDC5	0.110276726
BLOC1S6	21.0540437
BLVRA	40.15269448
BLVRB	134.0478751
BLZF1	17.41232932
BLZF2P	0
BMF	1.319179848
BMF-AS1	0
BMI1	7.804687857
BMI1P1	0
BMP1	6.092453291
BMP10	0
BMP15	0.020589977
BMP2	2.440366877
BMP2K	0.759680658
BMP2KL	0
BMP3	2.345426073
BMP4	0.535606638
BMP5	0.343985997
BMP6	1.117724695
BMP6P1	0
BMP7	13.06526406
BMP7-AS1	0
BMP8A	0.258250885
BMP8B	0.693857813
BMPER	0.17728432
BMPR1A	1.389007843
BMPR1APS1	0.045573686
BMPR1APS2	0.02398773
BMPR1B	0.449975164
BMPR1B-AS1	0
BMPR2	4.717133845
BMS1	6.356176181
BMS1P1	0.244831578
BMS1P10	0.866985115
BMS1P11	0
BMS1P12	0
BMS1P13	0
BMS1P14	0
BMS1P15	0.042551417
BMS1P16	0.021164414
BMS1P17	0.021482817
BMS1P19	0
BMS1P2	0.090201888
BMS1P22	0.015442483
BMS1P3	0
BMS1P4	0.126897978
BMS1P4	0.15922431
BMS1P7	0.184605196
BMS1P8	0.026853521
BMS1P9	0
BMT2	5.573176427
BMX	0.268190691
BNC1	17.45392673
BNC2	0.410322786
BNC2-AS1	0.170155957
BNIP1	4.775524567
BNIP2	9.489075383
BNIP3	15.84148333
BNIP3L	24.8843046
BNIP3P1	0.183789904
BNIP3P10	0.042072068
BNIP3P11	0.474300915
BNIP3P13	0
BNIP3P15	0
BNIP3P16	0
BNIP3P17	0.0407993
BNIP3P18	0
BNIP3P19	0
BNIP3P2	0
BNIP3P20	0
BNIP3P22	0
BNIP3P23	0
BNIP3P24	0.043582735
BNIP3P25	0
BNIP3P26	0
BNIP3P27	0.058921318
BNIP3P28	0
BNIP3P29	0
BNIP3P3	0
BNIP3P30	0
BNIP3P31	0
BNIP3P32	0
BNIP3P33	0
BNIP3P34	0.042439831
BNIP3P35	0
BNIP3P36	0
BNIP3P37	0
BNIP3P38	0
BNIP3P39	0
BNIP3P4	0
BNIP3P40	0
BNIP3P41	0
BNIP3P42	0
BNIP3P5	0
BNIP3P6	0
BNIP3P7	0
BNIP3P8	0.043349256
BNIP3P9	0
BNIPL	4.574755482
BOC	0.383051313
BOD1	36.61787677
BOD1L1	1.591841522
BOD1L2	0.007494777
BOD1P1	0
BOD1P2	0
BOK	7.747720952
BOK-AS1	0.037753629
BOLA1	40.12699074
BOLA2	0
BOLA2B	0.604666542
BOLA2P1	0.209272269
BOLA2P2	0
BOLA2P3	0
BOLA2-SMG1P6	4.603640259
BOLA3	10.33789095
BOLA3-AS1	0.595638629
BOLA3P1	0
BOLA3P2	0
BOLA3P3	0
BOLA3P4	0
BOLL	0.012125666
BOP1	11.08602388
BORA	2.481605559
BORCS5	2.422683707
BORCS6	2.337997918
BORCS7	3.012036913
BORCS7-ASMT	0
BORCS8	1.86630973
BORCS8-MEF2B	0.289144699
BPESC1	0
BPGM	13.21341316
BPHL	4.565321619
BPI	0.030204245
BPIFA1	35.32422979
BPIFA2	0.082429824
BPIFA3	0
BPIFA4P	0
BPIFB1	24.70614016
BPIFB2	0.166271118
BPIFB3	0
BPIFB4	0.019832993
BPIFB5P	0
BPIFB6	0
BPIFB9P	0
BPIFC	0
BPNT1	16.51644242
BPTF	3.786527916
BPTFP1	0
BPY2	0
BPY2B	0
BPY2C	0
BPY2DP	0
BRAF	2.130544924
BRAFP1	0
BRAP	3.729923158
BRAT1	6.504934861
BRCA1	1.765095803
BRCA2	0.674486587
BRCC3	9.261646143
BRCC3P1	0.255263756
BRD1	6.224508517
BRD2	29.01357356
BRD3	2.605494534
BRD3OS	2.648687258
BRD4	7.377223875
BRD7	4.610988663
BRD7P1	0
BRD7P2	0.07492464
BRD7P4	0.015949792
BRD7P5	0.013323591
BRD7P6	0
BRD8	3.552104215
BRD9	2.919055191
BRD9P1	0
BRD9P2	0
BRDT	0.005601196
BRDTP1	0
BRF1	1.057205664
BRF2	9.252867227
BRI3	13.00933181
BRI3BP	5.78407398
BRI3BPP1	0
BRI3P1	0.192663359
BRICD5	0.594361375
BRINP1	0.236228467
BRINP2	0
BRINP3	0.028509199
BRIP1	1.597917253
BRIX1	16.43240437
BRIX1P1	0
BRK1	104.5641707
BRK1P2	0
BRMS1	20.22965268
BRMS1L	6.466013698
BROX	12.5862562
BRPF1	2.62390821
BRPF3	3.784685664
BRS3	0.008568861
BRSK1	0.657292542
BRSK2	0.035166715
BRWD1	1.329429737
BRWD1-AS1	0
BRWD1-AS2	0.40144447
BRWD1-IT1	0
BRWD1P1	0
BRWD1P2	0
BRWD1P3	0
BRWD3	0.64829232
BSCL2	1.438779838
BSDC1	13.70751717
BSG	126.2637289
BSN	0.029923677
BSN-AS1	0
BSN-AS2	0.027978006
BSND	0
BSNDP1	0
BSNDP2	0
BSNDP3	0
BSNDP4	0
BSPH1	0
BSPRY	4.909085448
BST1	34.52346365
BST2	27.59476484
BSX	0
BTAF1	1.9498589
BTBD1	21.2069259
BTBD10	34.50675177
BTBD10P1	0.107731878
BTBD10P2	0.071821252
BTBD11	4.987462075
BTBD16	0.252240058
BTBD17	0
BTBD18	0.030458699
BTBD19	0.572407218
BTBD2	24.97395548
BTBD3	3.730207633
BTBD6	28.94396461
BTBD6P1	0.019159892
BTBD7	3.579325823
BTBD7P1	0
BTBD7P2	0
BTBD8	0.074503069
BTBD9	1.275250833
BTBD9-AS1	0
BTC	1.681015173
BTD	3.211402748
BTF3	210.8443136
BTF3L4	11.44040272
BTF3L4P1	0.259354522
BTF3L4P2	9.612008384
BTF3L4P3	0.101998249
BTF3L4P4	0
BTF3P1	0
BTF3P10	0.147124747
BTF3P11	0.050892208
BTF3P12	0.103520611
BTF3P13	0.198168026
BTF3P14	0.050999124
BTF3P15	0
BTF3P2	0.099694387
BTF3P4	0.196166329
BTF3P5	0.259909885
BTF3P6	0.048648463
BTF3P7	0.099490095
BTF3P8	0.046151299
BTF3P9	0.085779446
BTG1	44.63526581
BTG1P1	0.047786581
BTG2	88.24443054
BTG3	25.10722722
BTG3-AS1	0.150663046
BTG3P1	0
BTG4	0.202184202
BTG4P1	0
BTK	1.809393197
BTLA	0.236386528
BTN1A1	0.025156045
BTN2A1	4.916654959
BTN2A2	1.99956742
BTN2A3P	0.366138794
BTN3A1	10.50322692
BTN3A2	4.957155448
BTN3A3	6.663128444
BTNL10	0.19554555
BTNL2	0.049609502
BTNL3	0.019898019
BTNL8	0.049491505
BTNL9	0.122141299
BTRC	2.048355578
BUB1	8.238083363
BUB1B	4.647938967
BUB1B-PAK6	0.005806167
BUB1P1	0
BUB3	11.07317567
BUB3P1	0
BUD13	9.993227336
BUD13P1	0.01630328
BUD23	8.877211637
BUD31	32.3708428
BUD31P1	0
BUD31P2	0
BVES	0.342733785
BVES-AS1	0.051716198
BX005019.1	0
BX005040.1	0
BX005040.2	0
BX005040.3	0
BX005195.1	0
BX005214.1	0
BX005214.2	0
BX005214.3	0
BX005266.1	0
BX005266.2	0
BX005266.3	0
BX072579.1	0
BX072579.2	0
BX088651.1	0
BX088651.2	0
BX088651.3	0.068964725
BX088651.4	0.018825578
BX088702.1	0
BX119321.1	0
BX119904.1	0
BX119904.2	0
BX119904.3	0
BX119904.4	0
BX119917.1	0.20327725
BX248123.1	0.035335638
BX248123.2	0
BX248409.1	0.85678529
BX248415.1	0
BX255923.1	0
BX255923.2	0.023768521
BX255925.1	0.078561758
BX255925.2	0
BX276092.1	0
BX276092.2	0
BX276092.3	0
BX276092.4	0
BX276092.5	0
BX276092.6	0
BX276092.7	0
BX276092.8	0
BX284613.1	0
BX284632.1	0
BX284632.2	0
BX284656.1	0
BX284656.2	0
BX284668.1	0
BX284668.2	0.032771628
BX284668.3	0
BX284668.4	2.150396151
BX284668.5	7.932572469
BX284668.6	0.055423706
BX293535.1	3.774295624
BX293995.1	0
BX295541.1	0
BX322234.1	1.040382138
BX322234.2	0.032540996
BX322557.1	0
BX322559.1	0
BX322562.1	1.384703499
BX322635.1	0
BX322639.1	0.321416463
BX322650.1	0.067967102
BX322784.1	0.090160012
BX323014.1	0
BX323046.1	0.090749844
BX323845.1	0
BX323845.2	0
BX323845.3	0.184254901
BX324167.1	1.025304136
BX324167.2	0.095169657
BX470102.1	8.549028365
BX470209.1	0
BX470209.2	0
BX510359.1	0
BX510359.2	0
BX510359.3	0
BX510359.4	0
BX510359.5	0
BX510359.6	0
BX510359.7	0
BX510359.8	0
BX537318.1	1.60898646
BX537318.2	0.017498018
BX539320.1	0.387523563
BX546450.1	0
BX546450.2	0.167417815
BX547991.1	0
BX571673.1	0
BX571846.1	0
BX640514.1	0.012656717
BX640514.2	0.155363733
BX640515.1	0
BX649601.1	0.169759323
BX649632.1	0.099694387
BX664608.1	0
BX664615.1	0.106006914
BX664718.1	0
BX664725.1	0
BX664727.1	0
BX664727.2	0
BX664727.3	0.075591229
BX664730.1	0.030344479
BX679664.1	0.095950922
BX679664.2	0
BX679664.3	1.924550742
BX682237.1	0
BX842559.1	0
BX842559.2	0
BX842568.1	0
BX842568.2	0.039472493
BX842568.3	0.042514156
BX842568.4	0
BX890604.1	2.050786009
BX890604.2	0.051214311
BX927359.1	0
BYSL	17.83953002
BZW1	19.61563205
BZW1P1	0.019577083
BZW1P2	1.469466296
BZW2	40.32451467
C10orf105	0
C10orf111	0.042489352
C10orf113	0.03953678
C10orf120	0
C10orf128	1.63093295
C10orf142	0
C10orf143	0.546478131
C10orf25	0.457434642
C10orf53	0.005624556
C10orf55	0.840085815
C10orf62	0.020095681
C10orf67	0.021758814
C10orf71	0
C10orf71-AS1	0
C10orf76	3.145035534
C10orf82	0.140961495
C10orf88	3.412199847
C10orf90	0.106248985
C10orf91	0.571190193
C10orf95	0.115676707
C10orf99	21.21379795
C11orf1	3.402763818
C11orf16	0.19554555
C11orf21	0.069375327
C11orf24	16.10057031
C11orf40	0
C11orf42	0
C11orf44	0
C11orf45	0.634401908
C11orf49	2.992283902
C11orf52	0.05394574
C11orf53	0.080582849
C11orf54	1.72705537
C11orf58	40.12816869
C11orf65	0.158438823
C11orf68	21.16014778
C11orf70	0.733678375
C11orf71	4.066132641
C11orf72	0.029920604
C11orf74	2.338624706
C11orf80	6.151103955
C11orf86	0.020451207
C11orf87	0.214536086
C11orf88	0.3922579
C11orf91	0.190717264
C11orf94	0.131574977
C11orf95	3.114033288
C11orf96	7.314387695
C11orf97	0.043977506
C11orf98	3.421023565
C11orf98P1	0
C12orf10	11.51372819
C12orf29	3.900492686
C12orf4	6.841792233
C12orf40	0
C12orf42	0.024781118
C12orf43	1.755433054
C12orf45	4.449387093
C12orf49	3.841392497
C12orf50	0.00432797
C12orf54	7.451309873
C12orf56	2.350815017
C12orf57	53.82028527
C12orf60	0.270909134
C12orf65	1.886579175
C12orf66	3.346542311
C12orf71	0.050732671
C12orf73	2.658082271
C12orf74	0.133213416
C12orf75	5.300424409
C12orf76	1.084346102
C12orf77	0
C12orf80	0.030439603
C13orf42	0
C14orf119	43.98133412
C14orf132	0.646048662
C14orf177	0
C14orf178	0
C14orf180	0
C14orf28	0.973787629
C14orf37	1.273946667
C14orf39	0.014015926
C14orf93	1.424609998
C15orf32	0
C15orf38-AP3S2	0.154390166
C15orf39	9.381101154
C15orf40	1.69839969
C15orf41	0.891910095
C15orf48	19.76602648
C15orf53	0.023764643
C15orf54	0.015773608
C15orf56	0.200015647
C15orf59	0.498585689
C15orf59-AS1	0.046239206
C15orf61	1.826597615
C15orf62	0.112671483
C15orf65	1.238256321
C16orf45	0.796460295
C16orf46	0.531283808
C16orf54	0.995439776
C16orf58	14.39816272
C16orf70	3.365617321
C16orf71	0.297188197
C16orf72	4.021718669
C16orf74	6.967682299
C16orf78	0
C16orf82	0
C16orf86	0.189971026
C16orf87	1.236120656
C16orf89	1.503277529
C16orf90	0.12604145
C16orf91	10.51865384
C16orf92	0
C16orf95	0.886356444
C16orf96	0.03174939
C16orf97	0
C17orf100	1.783342958
C17orf102	0
C17orf107	1.061344454
C17orf112	0
C17orf113	0.382795005
C17orf47	0.022869132
C17orf49	0.230932108
C17orf50	0
C17orf51	0.462787945
C17orf53	6.632364001
C17orf58	14.82584135
C17orf62	8.422962936
C17orf64	0.164024211
C17orf67	0.735318496
C17orf75	5.045430449
C17orf77	0.008738511
C17orf78	0
C17orf80	5.710983228
C17orf82	0.507724616
C17orf97	0.483720108
C17orf98	0
C17orf99	0.386581854
C18orf12	0
C18orf15	0
C18orf21	8.481830281
C18orf25	4.048465581
C18orf32	1.761102054
C18orf54	0.712809933
C18orf63	0
C18orf65	0.233868817
C19orf12	4.865949927
C19orf18	0.053061384
C19orf24	15.85163482
C19orf25	4.1464653
C19orf33	8.45907681
C19orf38	1.520132368
C19orf44	0.713826243
C19orf47	2.967845661
C19orf48	24.87949054
C19orf53	95.92370575
C19orf54	2.769214678
C19orf57	0.21494006
C19orf66	2.902333032
C19orf67	0
C19orf70	29.49994012
C19orf71	0.504240601
C19orf73	1.468281243
C19orf81	0.710771581
C19orf84	0.167764915
C1D	8.358501566
C1DP1	0.301935115
C1DP2	0
C1DP3	0
C1DP4	0
C1DP5	0.063382724
C1GALT1	4.889329509
C1GALT1C1	19.99165677
C1GALT1C1L	0.437629814
C1GALT1P1	0.022291628
C1GALT1P2	0
C1GALT1P3	0
C1orf100	0.021090863
C1orf105	0
C1orf109	4.040455664
C1orf112	3.543494718
C1orf115	3.058453204
C1orf116	3.635601703
C1orf122	15.14639706
C1orf123	4.1442159
C1orf127	0.040765043
C1orf131	4.23353973
C1orf137	0.062890112
C1orf141	0.038670782
C1orf143	0
C1orf146	0.022879909
C1orf147	0.150564209
C1orf158	0.053054941
C1orf159	1.309391629
C1orf162	2.385461935
C1orf167	0.00747056
C1orf174	5.460346544
C1orf185	0
C1orf189	0.564548447
C1orf194	0.412783196
C1orf195	0.043426804
C1orf198	13.02913496
C1orf21	5.49414576
C1orf210	2.273834312
C1orf216	3.364733634
C1orf220	0.078731621
C1orf226	1.830794819
C1orf228	0.276033164
C1orf229	0.107509226
C1orf35	4.924990653
C1orf43	243.5455878
C1orf50	4.082449624
C1orf52	5.444260915
C1orf53	8.542144667
C1orf54	5.444486836
C1orf56	6.821324328
C1orf61	0.145882179
C1orf68	0.409282752
C1orf74	3.373912185
C1orf87	0.076856211
C1orf94	0
C1QA	100.6329798
C1QB	104.4259473
C1QBP	62.12885881
C1QBPP1	0
C1QBPP2	0.058849899
C1QC	102.9030153
C1QL1	0.506131851
C1QL1P1	0
C1QL2	0.011882322
C1QL3	0.155799973
C1QL4	0.023443344
C1QTNF1	3.750862673
C1QTNF12	0.202973104
C1QTNF1-AS1	0.025130003
C1QTNF2	0.402246615
C1QTNF3	0.556654872
C1QTNF3-AMACR	0.021269495
C1QTNF4	0.029177384
C1QTNF5	0
C1QTNF6	4.407872243
C1QTNF7	0.078266254
C1QTNF8	0
C1QTNF9	0
C1QTNF9-AS1	0
C1QTNF9B	0.014902138
C1R	59.73026082
C1RL	12.97053998
C1RL-AS1	0.207143145
C1S	106.3925708
C2	4.275414313
C20orf141	0.128782935
C20orf144	0.099408613
C20orf173	0
C20orf181	0
C20orf187	0
C20orf194	3.612488733
C20orf196	5.305826649
C20orf197	0.026656936
C20orf202	0.30268807
C20orf203	0.014347271
C20orf204	0.070877615
C20orf24	46.19881922
C20orf27	15.96257812
C20orf78	0
C20orf85	3.748657932
C20orf96	1.361116516
C21orf140	0
C21orf2	1.517474194
C21orf33	0.859174438
C21orf58	0.808424879
C21orf59	2.946663397
C21orf62	0
C21orf62-AS1	0.034639816
C21orf91	10.50838799
C21orf91-OT1	0
C22orf15	0.186198145
C22orf23	0.633551541
C22orf24	0.027680255
C22orf31	0
C22orf34	0.114761215
C22orf39	2.576855082
C22orf42	0
C22orf46	1.031746375
C2-AS1	0.031857721
C2CD2	1.701717819
C2CD2L	1.23274446
C2CD3	1.172164427
C2CD4A	3.762891564
C2CD4B	0.21523633
C2CD4C	0.078358887
C2CD4D	0.082898975
C2CD5	3.555677968
C2CD6	0.113986598
C2orf15	0.300841355
C2orf16	0.187970317
C2orf27A	2.308356315
C2orf27AP1	0
C2orf27AP2	0
C2orf27AP3	0
C2orf27B	0
C2orf40	0.111547769
C2orf42	2.888995028
C2orf48	0.204749252
C2orf49	7.805048044
C2orf50	0.04131311
C2orf54	0.245207911
C2orf66	0.072724935
C2orf68	9.962175665
C2orf69	3.89336053
C2orf69P1	0
C2orf69P2	0
C2orf69P3	0
C2orf69P4	0
C2orf70	0.154929929
C2orf71	0.076768653
C2orf72	0.233237232
C2orf73	0.017875982
C2orf74	0.224328822
C2orf76	8.515272408
C2orf78	0
C2orf80	0.016916783
C2orf83	0.011631808
C2orf88	0.425035224
C2orf91	0.120235677
C2orf92	0.134428703
C3	25.78260489
C3AR1	5.058827831
C3orf14	2.460437216
C3orf18	0.889407144
C3orf20	0.041710624
C3orf22	0
C3orf30	0
C3orf33	4.516123026
C3orf35	0.015804416
C3orf36	0.276520432
C3orf38	8.271008083
C3orf49	0.046063725
C3orf52	0.87490476
C3orf56	0
C3orf58	28.65996502
C3orf62	0.716212927
C3orf67	0.457012566
C3orf67-AS1	0
C3orf70	0.168666143
C3orf79	0.125563361
C3orf80	0.81923031
C3orf84	0
C3orf85	0
C3P1	0
C4A	0.162039771
C4A-AS1	0
C4B	0.409369026
C4B-AS1	0
C4BPA	1.223226848
C4BPAP1	0.012823869
C4BPAP2	0
C4BPB	0.037370048
C4orf17	0.007444214
C4orf19	1.279507274
C4orf22	0.021684308
C4orf3	39.34371842
C4orf33	1.148894316
C4orf36	0.677136761
C4orf45	0.01688149
C4orf46	3.078378247
C4orf47	0.44428227
C4orf48	2.742241808
C4orf50	0.00903782
C4orf51	0.187456241
C5	0.50907009
C5AR1	11.24524644
C5AR2	0.228408898
C5orf15	49.95437934
C5orf17	1.578402336
C5orf22	8.279998782
C5orf24	8.719082494
C5orf30	3.884909758
C5orf34	1.241594094
C5orf38	3.291390764
C5orf42	1.19727061
C5orf46	0.886689322
C5orf47	0
C5orf49	0.468208314
C5orf51	5.981761622
C5orf52	0
C5orf56	0.393549014
C5orf58	0.098897707
C5orf60	0.014784155
C5orf63	0.452423943
C5orf64	0.006004349
C5orf64-AS1	0
C5orf66	0.142368082
C5orf66-AS1	2.447715983
C5orf66-AS2	0
C5orf67	0.031650043
C6	0.230513029
C6orf10	0.215870182
C6orf106	33.23690596
C6orf118	0.108373139
C6orf120	10.84072726
C6orf132	5.10169875
C6orf136	4.917009065
C6orf141	0.099084013
C6orf15	0.149060599
C6orf163	0.025251994
C6orf201	0.014628251
C6orf203	3.731953609
C6orf222	0.032488736
C6orf223	0.099159901
C6orf226	9.103343707
C6orf229	0
C6orf47	9.317900629
C6orf47-AS1	0
C6orf48	42.53955616
C6orf52	3.405172307
C6orf58	0.015866394
C6orf62	60.54802578
C6orf89	10.48414153
C6orf99	0.480424813
C7	0.980690802
C7orf25	0.336330433
C7orf26	9.34360791
C7orf31	0.930026253
C7orf33	0
C7orf43	5.929059496
C7orf49	10.85808834
C7orf50	13.63268995
C7orf55-LUC7L2	0
C7orf57	0.224082307
C7orf61	0.224207738
C7orf65	0
C7orf66	0
C7orf69	0
C7orf71	0.011964309
C7orf77	0
C8A	0
C8B	0.044477067
C8G	0.497839109
C8orf17	0
C8orf31	0.298368384
C8orf33	17.33354255
C8orf34	0.032370527
C8orf34-AS1	0.058006173
C8orf37	1.19411987
C8orf37-AS1	0.050399135
C8orf44	0.862485791
C8orf44-SGK3	0.024520791
C8orf46	0.054335844
C8orf48	0.100798269
C8orf49	0.049340616
C8orf58	1.244151084
C8orf59	11.12389494
C8orf59P1	0
C8orf59P2	0.089577798
C8orf74	0
C8orf76	5.028302807
C8orf82	5.468275327
C8orf86	0
C8orf87	0
C8orf88	1.00469416
C8orf89	0.221357902
C9	0.049357336
C9orf106	0.015437573
C9orf116	0.92466009
C9orf129	0
C9orf131	0
C9orf135	0.246741659
C9orf135-AS1	0
C9orf139	0.024324232
C9orf147	0.028260283
C9orf152	0.164747765
C9orf153	0.050260007
C9orf16	18.49150924
C9orf163	0.132086345
C9orf170	0.067452994
C9orf24	1.53514807
C9orf3	15.17732423
C9orf40	3.776433659
C9orf41-AS1	0.101288942
C9orf43	0.318020741
C9orf47	0.014421139
C9orf50	0.014984928
C9orf57	0
C9orf62	0
C9orf64	5.417306772
C9orf66	0.04159627
C9orf72	8.161273276
C9orf78	8.269599539
C9orf84	0.247552155
C9orf85	3.016752549
C9orf92	0
CA1	0
CA10	0.005455187
CA11	3.884093315
CA12	65.28150138
CA13	0.254700403
CA14	0.278665709
CA15P1	0.026823849
CA15P2	0
CA2	3.87631781
CA3	0.042035642
CA3-AS1	0.096561588
CA4	0.070102757
CA5A	0.012166687
CA5AP1	0
CA5B	0.609738827
CA5BP1	3.103727535
CA6	0
CA7	0
CA8	2.804096419
CA9	3.663141899
CAAP1	5.823240433
CAB39	11.6441277
CAB39L	1.343255404
CAB39P1	0.052773007
CABCOCO1	0.244916863
CABIN1	5.94994855
CABLES1	0.262675382
CABLES2	3.687836288
CABP1	0.016576021
CABP2	0
CABP4	0.032059671
CABP5	0
CABP7	0.022346348
CABS1	0
CABYR	9.557044558
CABYRP1	0
CACFD1	2.786174892
CACHD1	1.243430188
CACNA1A	0.171173984
CACNA1B	1.30244869
CACNA1C	0.191886775
CACNA1C-AS1	0.018397562
CACNA1C-AS2	0.119584154
CACNA1C-AS3	0
CACNA1C-AS4	0
CACNA1C-IT1	0
CACNA1C-IT2	0
CACNA1C-IT3	0
CACNA1D	0.020501102
CACNA1E	0.025954425
CACNA1F	0.028031851
CACNA1G	0.020002541
CACNA1G-AS1	0
CACNA1H	0.243213646
CACNA1I	0.067482162
CACNA1S	0.01180719
CACNA2D1	11.41841528
CACNA2D2	0.218871914
CACNA2D3	2.401567333
CACNA2D3-AS1	0.011682186
CACNA2D4	0.43218737
CACNB1	0.379840673
CACNB2	0.063130628
CACNB3	1.561130754
CACNB4	0.08933386
CACNG1	0
CACNG2	0
CACNG3	0
CACNG4	0.079003377
CACNG5	0.055550534
CACNG6	0.196510388
CACNG7	0
CACNG8	0.002775304
CACTIN	2.112693566
CACTIN-AS1	0.038069393
CACUL1	4.122896489
CACYBP	34.93617518
CACYBPP1	0.035490619
CACYBPP2	0.895117375
CACYBPP3	0
CAD	5.698507246
CADM1	0.916641792
CADM2	0.004859977
CADM2-AS1	0
CADM2-AS2	0
CADM3	0.170377111
CADM3-AS1	0.027967262
CADM4	7.198369734
CADPS	0.013267158
CADPS2	2.430998414
CAGE1	0.476940559
CAHM	0.108373139
CALB1	0.037409837
CALB2	24.959804
CALCA	0.034223097
CALCB	0.104822178
CALCOCO1	2.810052901
CALCOCO2	11.31190323
CALCP	0
CALCR	0.150145864
CALCRL	6.215086654
CALD1	18.66973128
CALHM1	0
CALHM2	3.335158956
CALHM3	0.014694663
CALHM4	0
CALHM5	0.664948518
CALHM6	15.12649407
CALM1	82.76697873
CALM1P1	0
CALM1P2	0
CALM2	139.2260637
CALM2P1	0.110847412
CALM2P2	0.717233141
CALM2P3	0.216263548
CALM2P4	0.170954811
CALM3	40.44827201
CALML3	364.906912
CALML3-AS1	2.58728625
CALML4	0.399935174
CALML5	0.847808494
CALML6	0.062754631
CALN1	0.002419815
CALR	388.1588833
CALR3	0
CALR4P	0.025661293
CALU	109.1571905
CALY	0.008064978
CAMK1	1.356576709
CAMK1D	2.950638681
CAMK1G	0.299362573
CAMK2A	0.071050487
CAMK2B	0.011901254
CAMK2D	6.132362459
CAMK2G	7.207485106
CAMK2N1	2.088721309
CAMK2N2	0.320822686
CAMK4	0.207677527
CAMKK1	1.392968541
CAMKK2	6.588136204
CAMKMT	2.463445553
CAMKV	0
CAMLG	16.18736549
CAMP	0.325846755
CAMSAP1	3.250040475
CAMSAP2	9.479869645
CAMSAP3	4.038414876
CAMTA1	2.356664812
CAMTA1-DT	0.292476906
CAMTA1-IT1	0
CAMTA2	3.047093543
CAND1	14.88001696
CAND2	1.081278259
CANT1	14.46321787
CANX	102.9308089
CAP1	116.3751347
CAP1P2	0.344578896
CAP2	1.568535072
CAP2P1	0
CAPG	51.61471338
CAPN1	60.42701444
CAPN10	0.821745057
CAPN10-AS1	0.218480249
CAPN11	0.041040715
CAPN12	0.472002624
CAPN13	3.128561967
CAPN14	0.247956879
CAPN15	2.936968229
CAPN2	29.01915146
CAPN3	0.072759188
CAPN5	1.070865818
CAPN6	0.088448033
CAPN7	4.900215976
CAPN8	0.331965795
CAPN9	0.299582978
CAPNS1	93.66131432
CAPNS1P1	0
CAPNS2	9.987395458
CAPRIN1	53.11961083
CAPRIN2	1.050052039
CAPS	3.640241025
CAPS2	0.446389107
CAPSL	0.384987223
CAPZA1	41.46246102
CAPZA2	30.95172877
CAPZA3	0
CAPZB	62.48076298
CARD10	0.644256455
CARD11	11.40287115
CARD14	0.440675183
CARD16	4.659531376
CARD17	2.552582785
CARD18	0.671452302
CARD19	12.92964364
CARD6	4.337487704
CARD8	1.045989004
CARD8-AS1	1.43015117
CARD9	0.30801979
CARF	0.626847506
CARHSP1	8.440085325
CARM1	15.13205266
CARM1P1	0
CARMIL1	6.849452497
CARMIL2	0.23963428
CARMIL3	0.280453099
CARMN	0.028990326
CARNMT1	5.908287282
CARNS1	0.089909567
CARS	6.256942691
CARS2	3.931437665
CARS-AS1	0.009047925
CARSP1	0
CARSP2	0
CARTPT	0.019963473
CASC1	0.131574977
CASC10	0.504543824
CASC11	0.020757232
CASC15	0.306680157
CASC16	0
CASC17	0
CASC18	0.065711169
CASC19	0.463022023
CASC2	0.070174633
CASC20	0.049074629
CASC22	0
CASC23	0
CASC3	11.37680154
CASC4	22.80814727
CASC4P1	0.055508193
CASC6	0.033118122
CASC8	0.746303156
CASC9	15.17841965
CASD1	3.73505938
CASK	6.317323394
CASK-AS1	0.047137055
CASKIN1	0.647183998
CASKIN2	3.247583604
CASKP1	0
CASP1	9.367565509
CASP10	1.693348132
CASP12	0.013592152
CASP14	0.013883662
CASP16P	0.035407793
CASP1P1	0
CASP1P2	0.636799878
CASP2	3.822950325
CASP3	25.69075175
CASP3P1	0
CASP4	15.23915126
CASP5	0.533696867
CASP6	10.80719479
CASP7	21.58517703
CASP8	3.257747741
CASP8AP2	1.191348534
CASP9	2.515556735
CASQ1	0.044624234
CASQ2	0.017533827
CASR	0.098937168
CASS4	0.823712826
CAST	12.9724598
CASTOR1	1.096202593
CASTOR2	1.781040588
CASTOR3	2.062925076
CASZ1	0.400452899
CAT	30.84674497
CATIP	0.050825613
CATIP-AS1	0.501173331
CATIP-AS2	0
CATSPER1	0.189723576
CATSPER2	0.170446199
CATSPER2P1	0.612301335
CATSPER3	0.214964051
CATSPER4	0
CATSPERB	0.219708029
CATSPERD	0.088564696
CATSPERE	0.067229864
CATSPERG	0.036981302
CATSPERZ	0
CAV1	9.818468372
CAV2	12.07820672
CAV3	0
CAVIN1	49.85119114
CAVIN2	10.58532709
CAVIN3	16.11596733
CAVIN4	0.33419541
CBARP	0.208397038
CBFA2T2	3.283120539
CBFA2T3	0.284543005
CBFB	12.42293711
CBL	2.396856538
CBLB	2.634638888
CBLC	11.43827354
CBLL1	4.300600493
CBLL2	0
CBLN1	0.018716718
CBLN2	0.464417558
CBLN3	0.63484156
CBLN4	0.0401382
CBR1	484.9766107
CBR3	189.9060809
CBR3-AS1	0.812151561
CBR4	2.261287204
CBS	0.021463822
CBSL	0.145507991
CBWD1	0.347772999
CBWD2	1.364706441
CBWD3	0.086705549
CBWD4P	0.704177223
CBWD5	0.510039402
CBWD6	0.228904759
CBX1	38.02152409
CBX1P1	0.113702966
CBX1P2	0.106006914
CBX1P3	0
CBX1P4	0
CBX1P5	0
CBX2	7.803018485
CBX3	50.89451082
CBX3P1	0.043818742
CBX3P2	0.203853743
CBX3P3	0
CBX3P4	0
CBX3P5	0
CBX3P6	0
CBX3P7	0.048357735
CBX3P8	0.046239206
CBX3P9	0.395797552
CBX4	7.838990414
CBX5	5.45716402
CBX5P1	0.086543969
CBX6	7.847996766
CBX7	1.623578076
CBX8	1.81891978
CBY1	15.78740016
CBY3	0.092772929
CC2D1A	7.443099042
CC2D1B	4.40490903
CC2D2A	1.460257848
CC2D2B	0.010568386
CCAR1	9.150921286
CCAR2	7.657174321
CCAT2	0
CCBE1	0.457681666
CCDC102A	1.842763095
CCDC102B	1.563469627
CCDC103	0.006232499
CCDC105	0
CCDC106	3.530668065
CCDC107	1.896789916
CCDC110	0.437075141
CCDC112	1.144030222
CCDC113	0.520161814
CCDC114	0.208931514
CCDC115	12.40095896
CCDC116	0.024695405
CCDC117	1.122310828
CCDC11P1	0
CCDC12	4.845925215
CCDC120	1.524641744
CCDC121	1.843715181
CCDC122	1.055850834
CCDC124	23.70525325
CCDC125	1.481263525
CCDC126	8.46568226
CCDC127	2.750115035
CCDC129	0.023451433
CCDC13	0.092878792
CCDC130	5.85785165
CCDC134	3.861155756
CCDC136	0.239303584
CCDC137	6.996149255
CCDC138	2.383161983
CCDC13-AS1	0.033653766
CCDC14	1.173082547
CCDC140	0.012565002
CCDC141	0.014144779
CCDC142	0.966660961
CCDC144A	0.003119052
CCDC144B	0.0174072
CCDC144CP	0
CCDC144NL	0.014130142
CCDC144NL-AS1	0.068850065
CCDC146	0.631807865
CCDC148	0.166534344
CCDC148-AS1	0
CCDC149	1.614148905
CCDC15	0.447963281
CCDC150	0.057661718
CCDC150P1	0.065757787
CCDC151	0.199202846
CCDC152	0.481124937
CCDC153	0.417889539
CCDC154	0.026715609
CCDC155	0
CCDC157	0.246957801
CCDC158	0.020712955
CCDC159	2.084689602
CCDC160	0.149179562
CCDC162P	0.198610201
CCDC163	0.660380392
CCDC166	0
CCDC167	48.82568838
CCDC168	0.001130885
CCDC169	0.18405161
CCDC169-SOHLH2	0.023671949
CCDC17	0.372571395
CCDC170	0.385255611
CCDC171	0.137856587
CCDC172	0
CCDC173	0.086853607
CCDC174	3.495247077
CCDC175	0.007480919
CCDC177	0.193922597
CCDC178	0.005424711
CCDC179	0
CCDC18	0.530072206
CCDC180	0.027439727
CCDC181	0.104187052
CCDC182	0
CCDC183	0.098281713
CCDC183-AS1	0.21365769
CCDC184	0.414435906
CCDC185	0.248192428
CCDC186	2.702686998
CCDC187	0.020183399
CCDC188	0.045573686
CCDC189	0.157582494
CCDC18-AS1	0.608664853
CCDC190	2.390436253
CCDC191	0.329594945
CCDC192	0.076659736
CCDC194	0
CCDC196	0
CCDC197	0
CCDC198	0.011821565
CCDC22	5.403150478
CCDC24	2.479470092
CCDC25	4.563699676
CCDC26	0
CCDC27	0
CCDC28A	12.16195443
CCDC28B	0.982049853
CCDC3	5.062081974
CCDC30	0.109657181
CCDC32	1.353010073
CCDC33	0.05246506
CCDC34	4.090367491
CCDC34P1	0
CCDC36	0.044850962
CCDC37-AS1	0
CCDC38	0.027502549
CCDC39	0.192438022
CCDC39-AS1	0
CCDC40	0.138912583
CCDC42	0
CCDC43	8.851447331
CCDC47	33.83171979
CCDC50	8.958908999
CCDC51	19.54134085
CCDC54	0.016811346
CCDC57	1.028045591
CCDC58	17.03183817
CCDC58P1	0
CCDC58P2	0
CCDC58P3	0.112909689
CCDC58P5	0
CCDC59	8.230859743
CCDC6	16.35999141
CCDC60	0.254046801
CCDC61	1.219407194
CCDC62	0.0162596
CCDC63	0
CCDC65	0.562645207
CCDC66	0.620838807
CCDC68	0.313989204
CCDC69	3.588099422
CCDC7	0.221850673
CCDC70	0
CCDC71	14.48902019
CCDC71L	14.00205544
CCDC73	0.092478412
CCDC74A	0.93883471
CCDC74B	0.156895902
CCDC74BP1	0
CCDC75P1	0
CCDC77	3.318245188
CCDC78	0.427325193
CCDC8	5.674124804
CCDC80	10.59723647
CCDC81	0.096162081
CCDC82	2.431102203
CCDC83	0.010290625
CCDC84	1.222100859
CCDC85A	0.08534861
CCDC85B	6.929054265
CCDC85C	2.673945266
CCDC86	22.06655265
CCDC87	0.225392279
CCDC88A	1.720014495
CCDC88B	0.874165762
CCDC88C	3.414913847
CCDC89	0.120346376
CCDC9	3.68373247
CCDC90B	9.945552155
CCDC91	3.601871538
CCDC92	2.751409894
CCDC92B	0
CCDC93	2.18826398
CCDC94	8.309774746
CCDC96	0.766230747
CCDC97	10.86397469
CCDC9B	0.190713636
CCER1	0.157147734
CCER2	0.068899479
CCHCR1	3.05473324
CCIN	0.087547183
CCK	0.023285931
CCKAR	0
CCKBR	0.009143346
CCL1	0.041006053
CCL11	7.491908444
CCL13	1.540401285
CCL14	0.096537957
CCL15	0.015561271
CCL15-CCL14	0.023185848
CCL16	0
CCL17	0.587312497
CCL18	24.77951444
CCL19	22.18232186
CCL2	22.17316614
CCL20	116.8047794
CCL21	91.37497666
CCL22	2.096866697
CCL23	0.296043698
CCL24	0.668857236
CCL25	0.196364677
CCL26	14.13210298
CCL27	0
CCL28	0.633182763
CCL3	4.029681819
CCL3L1	1.322019508
CCL4	6.570654906
CCL4L2	4.674396482
CCL5	43.02815015
CCL7	0.393810156
CCL8	3.234177621
CCM2	4.81009604
CCM2L	0.441033016
CCNA1	4.673049769
CCNA2	20.06769978
CCNB1	43.21775058
CCNB1IP1	13.93867047
CCNB1IP1P1	0
CCNB1IP1P2	0
CCNB1IP1P3	0
CCNB2	26.15626924
CCNB2P1	0.021109203
CCNB3	0.058354767
CCNB3P1	0
CCNC	16.41812645
CCND1	7.976263057
CCND2	2.228455802
CCND2-AS1	0.04373979
CCND2-AS1	0
CCND2P1	0.030382457
CCND3	9.213173776
CCND3P1	0.041854454
CCND3P2	0
CCNDBP1	10.69307701
CCNE1	4.017371027
CCNE2	1.816390011
CCNF	2.173990255
CCNG1	11.25176419
CCNG1P1	0
CCNG2	2.706300816
CCNG2P1	0
CCNH	4.823860528
CCNHP1	0
CCNI	87.44660771
CCNI2	0.138191176
CCNJ	1.387008974
CCNJL	0.45106658
CCNJP1	0
CCNJP2	0
CCNK	2.03182497
CCNL1	8.696270904
CCNL2	6.517196721
CCNL2P1	0
CCNO	3.113286516
CCNQ	38.43400141
CCNT1	8.882274853
CCNT2	5.014975676
CCNT2-AS1	0.800293952
CCNT2P1	0
CCNY	16.97135062
CCNYL1	5.116077874
CCNYL2	0.025346472
CCNYL3	0
CCP110	1.141732715
CCPG1	2.607070598
CCR1	2.488891725
CCR10	0.074152221
CCR12P	0
CCR2	0.760847371
CCR3	0.231325625
CCR4	0.760817955
CCR5	1.553584438
CCR6	0.011488681
CCR7	1.064718562
CCR8	0.589392005
CCR9	0.034568292
CCRL1P1	0
CCRL2	0.927880835
CCS	7.997009023
CCSAP	3.593080895
CCSER1	0.570341186
CCSER2	2.579136631
CCT2	43.59157829
CCT3	135.5759302
CCT4	140.8927401
CCT4P1	0
CCT4P2	0
CCT5	58.58734693
CCT5P1	0.060013803
CCT5P2	0.059792077
CCT6A	63.04433058
CCT6B	1.512322905
CCT6P1	2.212027443
CCT6P2	0.060955639
CCT6P3	0.68120259
CCT6P4	0
CCT7	115.9698218
CCT7P1	0.030137285
CCT7P2	0
CCT8	56.35481097
CCT8L1P	0
CCT8L2	0
CCT8P1	0.219754827
CCZ1	2.091225797
CCZ1B	0.905854869
CD101	0.627816807
CD109	18.35836221
CD14	36.47773215
CD151	37.78804599
CD160	0.116151116
CD163	6.690088477
CD163L1	0.541827604
CD164	38.47945629
CD164L2	0.297349133
CD177	1.999508254
CD177P1	0.181742334
CD180	0.86086666
CD19	0.859629653
CD1A	0.914967116
CD1B	0.069607407
CD1C	1.150341226
CD1D	1.023604264
CD1E	0.275483241
CD2	10.64135155
CD200	4.528845014
CD200R1	0.466240395
CD200R1L	0
CD207	0.441610396
CD209	0.81413694
CD22	0.354733315
CD226	0.20113953
CD24	54.0615749
CD244	1.469960062
CD247	1.715057317
CD248	11.44501695
CD24P1	0
CD24P2	0
CD24P4	0.199799039
CD27	3.408911686
CD274	23.82056377
CD276	36.91272822
CD27-AS1	5.529794242
CD28	0.511849554
CD2AP	6.634343214
CD2BP2	23.37481946
CD300A	5.901696143
CD300C	1.424210222
CD300E	0.537013168
CD300LB	0.348069024
CD300LD	0
CD300LF	2.57247041
CD300LG	0.005116034
CD302	1.054424105
CD320	14.75511953
CD33	0.390034475
CD34	2.319859943
CD36	1.35597672
CD37	2.957875677
CD38	3.856471207
CD3D	14.16293445
CD3E	7.955289578
CD3EAP	1.438896902
CD3G	1.917492626
CD4	14.22740923
CD40	13.60278031
CD40LG	0.160323059
CD44	124.1706823
CD44-AS1	1.282015468
CD46	53.92870434
CD46P1	0
CD47	15.8506183
CD48	12.63457355
CD5	1.386745518
CD52	28.84510476
CD53	25.9095167
CD55	9.761705185
CD58	11.70891843
CD59	195.2165577
CD5L	0.03953678
CD6	1.409760288
CD63	207.8775446
CD68	1.364046019
CD69	4.431665439
CD7	4.633219174
CD70	0.411987705
CD72	1.598775859
CD74	364.1642452
CD79A	8.947886296
CD79B	3.267866972
CD80	0.659786236
CD81	68.14826628
CD81-AS1	0.094457522
CD82	14.36534883
CD83	8.59056424
CD83P1	0.042439831
CD84	1.306238838
CD86	4.115464443
CD8A	7.982752324
CD8B	2.734910126
CD8B2	0
CD9	596.3375385
CD93	5.880712989
CD96	2.043328334
CD99	77.520719
CD99L2	11.2699037
CD99P1	0.393591621
CDA	1.260414497
CDADC1	1.809828622
CDAN1	1.896250421
CDC123	39.73561562
CDC14A	0.788284621
CDC14B	2.369085305
CDC14C	0.028243843
CDC16	14.60517657
CDC20	23.94206196
CDC20B	0.026996867
CDC20P1	0.922472162
CDC23	8.326661719
CDC25A	2.016577474
CDC25B	22.98696278
CDC25C	2.230772334
CDC26	9.79287357
CDC27	15.14378045
CDC27P1	0
CDC27P2	0
CDC34	20.81656236
CDC37	32.32220863
CDC37L1	4.973144296
CDC37L1-AS1	0.277208944
CDC37P1	0.075940302
CDC37P2	0.023591432
CDC40	3.445777369
CDC42	110.0025316
CDC42BPA	2.364516074
CDC42BPB	10.18244493
CDC42BPG	2.116964309
CDC42EP1	24.59636434
CDC42EP2	15.58702016
CDC42EP3	5.743463952
CDC42EP3P1	0
CDC42EP4	12.63474533
CDC42EP5	2.5807929
CDC42-IT1	0
CDC42P1	0.04429851
CDC42P2	0.042663591
CDC42P3	0.076700105
CDC42P4	0.08623653
CDC42P5	0.087795961
CDC42P6	1.306498402
CDC42SE1	101.7323318
CDC42SE2	13.58852367
CDC45	11.44688429
CDC5L	10.54852137
CDC6	8.913690713
CDC7	2.484203624
CDC73	11.93368076
CDCA2	3.677365728
CDCA3	3.401072335
CDCA4	34.50552457
CDCA4P1	0.038903178
CDCA4P2	0
CDCA4P3	0
CDCA4P4	0.035699387
CDCA5	10.18646766
CDCA7	4.375035206
CDCA7L	6.363849503
CDCA8	10.36308818
CDCP1	26.36849888
CDCP2	0
CDH1	73.37301905
CDH10	0
CDH11	4.361296021
CDH12	0.016347194
CDH12P1	0
CDH12P2	0
CDH12P3	0
CDH12P4	0
CDH13	0.679551853
CDH15	0.094416702
CDH16	0.232397542
CDH17	0.105789519
CDH18	0
CDH18-AS1	0
CDH19	0.003536653
CDH2	0.35800355
CDH20	0.029467812
CDH22	0
CDH23	0.084686956
CDH23-AS1	0
CDH24	5.544263403
CDH26	0.325194834
CDH3	19.35506731
CDH4	0
CDH5	2.89420885
CDH6	0.243167648
CDH7	0
CDH8	0.019737705
CDH9	0
CDHR1	1.364368558
CDHR2	0.063548647
CDHR3	0.393917323
CDHR4	0.161172067
CDHR5	0.043875312
CDIP1	8.440713565
CDIPT	44.79848981
CDIPT-AS1	0.674321756
CDK1	40.09083853
CDK10	2.2556167
CDK11A	0.253032031
CDK11B	3.095757923
CDK12	4.084258071
CDK13	5.572962048
CDK14	2.026218099
CDK15	0.067201582
CDK16	12.10802388
CDK17	4.004525718
CDK18	1.208270867
CDK19	2.038086204
CDK2	10.21768898
CDK20	1.216534378
CDK2AP1	30.64626884
CDK2AP2	22.11134103
CDK2AP2P1	0
CDK2AP2P2	0.19843801
CDK2AP2P3	0
CDK3	0.053855981
CDK4	49.21782544
CDK4P1	0
CDK5	5.882986811
CDK5P1	0
CDK5R1	2.323720567
CDK5R2	0.222622972
CDK5RAP1	5.64499001
CDK5RAP2	7.015354555
CDK5RAP3	9.102343889
CDK6	4.021509748
CDK7	10.35651173
CDK7P1	0.035029702
CDK8	5.941960166
CDK8P2	0
CDK9	14.47633946
CDKAL1	5.122032009
CDKL1	0.50927797
CDKL2	0.340281912
CDKL3	0.214406525
CDKL4	0.023409434
CDKL5	0.659578242
CDKN1A	68.86306426
CDKN1B	21.26164564
CDKN1C	1.070153321
CDKN2A	0.364498247
CDKN2A-AS1	0
CDKN2AIP	12.263237
CDKN2AIPNL	19.3292777
CDKN2AIPNLP1	0.080382726
CDKN2AIPNLP2	0
CDKN2AIPNLP3	0
CDKN2B	0.586251147
CDKN2B-AS1	0.022982801
CDKN2C	6.255462222
CDKN2D	7.46195572
CDKN3	25.00279295
CDNF	0.392219463
CDO1	0.099808245
CDON	0.263367176
CDPF1	4.01969757
CDR1	0.009840123
CDR2	10.99410912
CDR2L	4.496749719
CDRT1	0.13010585
CDRT15	0.186974967
CDRT15L2	0
CDRT15P1	0
CDRT15P2	0
CDRT4	0.097251951
CDRT7	0
CDRT8	0
CDS1	3.907166274
CDS2	6.96853957
CDSN	0
CDT1	6.680151497
CDV3	38.07825625
CDV3P1	0
CDX1	0.524728192
CDX2	0.429916927
CDX4	0
CDY1	0
CDY10P	0
CDY11P	0
CDY12P	0
CDY13P	0
CDY14P	0
CDY15P	0
CDY17P	0
CDY18P	0
CDY19P	0
CDY1B	0
CDY20P	0
CDY22P	0
CDY23P	0
CDY2A	0
CDY2B	0
CDY3P	0
CDY4P	0
CDY5P	0
CDY6P	0
CDY7P	0
CDY8P	0
CDY9P	0
CDYL	11.87258716
CDYL2	1.503571241
CDYLP1	0
CEACAM1	3.550809421
CEACAM16	0.02852595
CEACAM18	0
CEACAM19	2.640780339
CEACAM20	0.011069577
CEACAM21	0.98516935
CEACAM22P	0
CEACAM3	0.244332169
CEACAM4	0.249162878
CEACAM5	33.46572666
CEACAM6	39.03819215
CEACAM7	0.036656222
CEACAM8	0.009283206
CEACAMP1	0
CEACAMP10	0.024745753
CEACAMP11	0
CEACAMP2	0
CEACAMP3	0
CEACAMP4	0
CEACAMP5	0
CEACAMP6	0
CEACAMP7	0
CEACAMP8	0
CEACAMP9	0
CEBPA	12.12395148
CEBPA-AS1	1.524126699
CEBPB	15.58800231
CEBPB-AS1	0.091675163
CEBPD	40.37013885
CEBPE	0.124970827
CEBPG	12.33866642
CEBPZ	29.16548438
CEBPZOS	17.83206422
CECR2	0.074458058
CECR3	0
CECR7	0.044603736
CECR9	0
CEL	1.928645739
CELA1	0
CELA2A	0.031962585
CELA2B	0.033322695
CELA3A	0
CELA3B	0
CELF1	7.512154906
CELF2	1.384426368
CELF2-AS1	0.009836136
CELF2-AS2	0
CELF3	0
CELF4	0.059462543
CELF5	0.03223849
CELF6	0
CELP	0
CELSR1	14.16044094
CELSR2	2.001177724
CELSR3	0.248477821
CELSR3-AS1	0.866985115
CEMIP	19.49118143
CEMP1	0
CEND1	0.103049777
CEND1P1	0
CENPA	6.218858434
CENPB	25.42098045
CENPBD1	1.229703377
CENPBD1P1	5.188301344
CENPC	1.68545208
CENPCP1	0.037665761
CENPE	1.390627967
CENPF	4.225903494
CENPH	4.262290458
CENPI	2.803405699
CENPIP1	0
CENPJ	1.921329711
CENPK	3.501719101
CENPL	7.256986518
CENPM	13.2027497
CENPN	8.912840251
CENPO	3.46228416
CENPP	2.473660614
CENPQ	8.740890899
CENPS	2.289359199
CENPS-CORT	0.295400404
CENPT	3.67267354
CENPU	10.62108145
CENPUP1	0
CENPUP2	0
CENPV	2.362176647
CENPVL1	0
CENPVL3	0
CENPW	18.99297203
CENPX	33.28180874
CEP104	2.931193454
CEP112	1.527855537
CEP120	2.693279168
CEP126	0.240058874
CEP128	0.511336753
CEP131	1.615923845
CEP135	0.809186107
CEP152	0.710316404
CEP162	0.682944796
CEP164	1.329411316
CEP164P1	0.005571628
CEP170	1.591150303
CEP170B	9.492397105
CEP170P1	0.030748047
CEP19	2.988951864
CEP192	1.331344479
CEP250	1.236497949
CEP290	0.689381695
CEP295	1.196521637
CEP295NL	0.017603759
CEP350	3.515469746
CEP41	0.954332175
CEP44	1.926525533
CEP55	6.946483
CEP57	7.708976223
CEP57L1	1.34361126
CEP57L1P1	0.040425617
CEP63	2.368525172
CEP68	5.48685048
CEP70	5.975528177
CEP72	1.931163126
CEP76	1.935581578
CEP78	1.748586071
CEP83	0.876374845
CEP83-AS1	0.068464578
CEP85	5.627887884
CEP85L	0.451543294
CEP89	1.798386106
CEP95	3.0706441
CEP97	1.822575201
CEPT1	2.20451035
CER1	0
CERCAM	12.37618032
CERK	11.82807882
CERKL	1.574219352
CERNA1	0.324292142
CERNA3	0.043582735
CERS1	0.025873257
CERS2	50.96617924
CERS3	5.205290748
CERS3-AS1	0.110176626
CERS4	29.75986748
CERS5	6.65789073
CERS6	8.619323913
CERS6-AS1	0
CES1	378.8958156
CES1P1	0.263323535
CES1P2	0.097727791
CES2	8.041883267
CES3	0.211519773
CES4A	0.520191069
CES5A	0.007576649
CES5AP1	0.015561271
CETN1	0
CETN2	66.79562706
CETN3	6.244749192
CETN4P	0.155280916
CETP	0.465718623
CFAP100	0.057936953
CFAP126	0
CFAP157	0.289056487
CFAP161	0.233065225
CFAP20	15.8532335
CFAP206	0.013437909
CFAP221	0.103086371
CFAP36	6.76668896
CFAP43	0.111510892
CFAP44	0.17767491
CFAP44-AS1	0.023729798
CFAP45	0.517879109
CFAP46	0.020687458
CFAP47	0.047455379
CFAP52	0.173509692
CFAP53	1.140991756
CFAP54	0.08016153
CFAP57	0.050539035
CFAP58	0.082104566
CFAP58-AS1	0.335888573
CFAP61	0.036469737
CFAP65	0.03230898
CFAP69	0.345314128
CFAP70	0.147065326
CFAP73	0.281292969
CFAP74	0.076865692
CFAP77	0.169601187
CFAP97	6.211672615
CFAP97D1	0.012936628
CFAP99	0.012669929
CFB	2.108385655
CFC1	0
CFC1B	0
CFD	5.900039456
CFDP1	9.053028773
CFH	8.214058606
CFHR1	0.121543657
CFHR2	0
CFHR3	0.28945449
CFHR4	0
CFHR5	0
CFI	6.972573967
CFL1	146.0178608
CFL1P1	0.054045825
CFL1P2	0.141962475
CFL1P3	0
CFL1P4	0.243730755
CFL1P5	0.338504148
CFL1P6	0
CFL1P7	0.099899519
CFL1P8	0.051106491
CFL2	4.828741167
CFLAR	3.406059681
CFLAR-AS1	0.056011959
CFP	0.281163879
CFTR	0.18526628
CFTR-AS1	0
CFTRP1	0
CFTRP3	0
CGA	0
CGAS	0.958169831
CGB1	0
CGB2	0.084780849
CGB3	0
CGB5	0.028865141
CGB7	0.172065563
CGB8	0
CGGBP1	10.42466108
CGN	1.408981855
CGNL1	0.717366883
CGREF1	3.738403754
CGRRF1	3.100934491
CH25H	2.332529348
CHAC1	1.828335957
CHAC2	15.50991085
CHAD	0.0404144
CHADL	2.036197438
CHAF1A	5.39833858
CHAF1B	2.879108834
CHAMP1	4.638609404
CHAT	0.105405004
CHCHD1	25.40506079
CHCHD10	19.3490678
CHCHD2	282.7504989
CHCHD2P1	0
CHCHD2P11	0
CHCHD2P2	10.05810769
CHCHD2P3	0.053826127
CHCHD2P4	0
CHCHD2P5	0
CHCHD2P6	0.923232471
CHCHD2P7	0.21482817
CHCHD2P8	0.054307792
CHCHD2P9	16.44990179
CHCHD3	12.6797156
CHCHD3P1	0
CHCHD3P2	0
CHCHD3P3	0.265514191
CHCHD4	7.753939109
CHCHD4P2	0
CHCHD4P3	0
CHCHD4P4	0
CHCHD4P5	0
CHCHD5	7.723755661
CHCHD6	6.527961756
CHCHD7	10.01895448
CHD1	2.263116075
CHD1L	21.6510015
CHD2	2.23410093
CHD3	6.702031276
CHD4	18.64029597
CHD5	0.017181909
CHD6	2.692895293
CHD7	0.484596791
CHD8	5.929288243
CHD9	1.863844621
CHDH	0.225295436
CHEK1	3.168633613
CHEK2	5.860836122
CHEK2P2	0
CHEK2P3	0
CHEK2P4	0
CHEK2P5	0
CHERP	4.737570878
CHFR	1.126822483
CHGA	4.789380055
CHGB	0.053529401
CHI3L1	16.71083281
CHI3L2	1.024068609
CHIA	0
CHIAP1	0
CHIAP2	0
CHIAP3	0
CHIC1	0.773152312
CHIC2	17.46073816
CHID1	15.72395731
CHIT1	0.643789723
CHKA	1.984874872
CHKB	1.317840334
CHKB-AS1	3.149945919
CHKB-CPT1B	0.241692386
CHL1	6.340591587
CHL1-AS1	0.211275746
CHL1-AS2	0.137460834
CHM	3.324729963
CHML	0.744250008
CHMP1A	25.42579788
CHMP1AP1	0
CHMP1B	34.97464511
CHMP1B2P	0.0068906
CHMP1B-AS1	0
CHMP2A	43.14645697
CHMP2B	18.39035651
CHMP3	16.24906085
CHMP4A	1.22736061
CHMP4B	132.5718211
CHMP4BP1	1.238550164
CHMP4C	10.71976451
CHMP5	44.67113598
CHMP6	9.421401985
CHMP7	7.652647668
CHN1	4.458581267
CHN2	0.245943995
CHODL	7.966284179
CHODL-AS1	0.021732841
CHORDC1	3.879992325
CHORDC2P	0
CHP1	18.89808061
CHP2	4.076504319
CHPF	70.64817167
CHPF2	20.96763811
CHPT1	4.200921213
CHRAC1	9.721999701
CHRD	0.513380914
CHRDL1	0.780286603
CHRDL2	0.224558824
CHRFAM7A	0.028404953
CHRM1	0.01493882
CHRM2	0.005834074
CHRM3	0.903602235
CHRM3-AS1	0
CHRM3-AS2	0.106143239
CHRM4	0.032131811
CHRM5	0.020866068
CHRNA1	0.14701992
CHRNA10	0.071847823
CHRNA2	0.005048998
CHRNA3	0.056040171
CHRNA4	0
CHRNA5	0.98496018
CHRNA6	0.121564939
CHRNA7	0.282078404
CHRNA9	0
CHRNB1	0.897226453
CHRNB2	0.099303562
CHRNB3	0
CHRNB4	0.902528717
CHRND	0.023252474
CHRNE	0.395248042
CHRNG	0.027849617
CHST1	25.94374434
CHST10	4.209138343
CHST11	4.819967155
CHST12	1.451151447
CHST13	0.176401667
CHST14	9.916718382
CHST15	6.430029366
CHST2	5.112601005
CHST3	5.440238305
CHST4	0.300147713
CHST5	0
CHST6	1.223954898
CHST7	13.54299684
CHST8	0.023861976
CHST9	0.29075078
CHSY1	17.79044091
CHSY3	1.214395605
CHTF18	1.464905884
CHTF8	25.53134055
CHTF8P1	0.031506273
CHTOP	16.73612653
CHUK	2.232036159
CHURC1	20.87951717
CHURC1-FNTB	0.011693441
CIAO1	24.40807214
CIAPIN1	14.77704353
CIAPIN1P	0.156448442
CIART	1.629777657
CIB1	241.3351689
CIB2	3.585908611
CIB3	0.034142874
CIB4	0.023141643
CIC	5.903973209
CICP1	0
CICP10	0
CICP11	0
CICP12	0.028796659
CICP13	0.008704046
CICP14	0.435396624
CICP16	0.025889353
CICP17	0
CICP18	0
CICP2	0
CICP20	0
CICP22	0
CICP23	0.00885647
CICP24	0
CICP26	0
CICP27	0.019104604
CICP3	0
CICP4	0
CICP5	0
CICP6	0
CICP7	0
CICP8	0
CICP9	0
CIDEA	0.013107766
CIDEB	0.721132084
CIDEC	0.037812435
CIDECP	1.689715769
CIITA	0.629532154
CILP	1.709307967
CILP2	0.707109878
CINP	11.73350139
CIP2A	3.970825907
CIPC	4.00776138
CIR1	12.7444904
CIR1P1	0
CIR1P2	0
CIR1P3	0
CIRBP	19.40369324
CIRBP-AS1	1.025728868
CISD1	17.38461437
CISD1P1	0
CISD2	17.9343204
CISD3	10.29182631
CISH	1.424623428
CISTR	0
CIT	1.020198357
CITED1	0.02758589
CITED2	10.93598266
CITED4	8.540725707
CIZ1	10.29588914
CKAP2	20.05792086
CKAP2L	5.809581038
CKAP2P1	0
CKAP4	56.83208968
CKAP5	12.01268905
CKB	2.737710959
CKBP1	0
CKLF	7.004582582
CKLF-CMTM1	0.050679714
CKM	0.014650322
CKMT1A	1.171224665
CKMT1B	1.448139979
CKMT2	0.177453094
CKMT2-AS1	0.512512313
CKS1B	50.03594334
CKS1BP1	1.213779161
CKS1BP2	0.101148263
CKS1BP3	0.512143106
CKS1BP5	0.08892155
CKS1BP6	0
CKS1BP7	0.309901062
CKS2	113.7348695
CLASP1	4.917936195
CLASP2	2.676288154
CLASRP	3.372292538
CLBA1	2.597138951
CLC	0
CLCA1	0
CLCA2	153.5635815
CLCA3P	0.077693167
CLCA4	1.021166106
CLCC1	3.208054511
CLCF1	5.62947702
CLCN1	0.007342887
CLCN2	2.399265101
CLCN3	7.677455778
CLCN3P1	0.04330286
CLCN4	0.271754945
CLCN5	0.461782448
CLCN6	0.906223127
CLCN7	3.226179861
CLCNKA	0.055870157
CLCNKB	0.057818674
CLCP1	0
CLCP2	0
CLDN1	49.60489773
CLDN10	0.861855025
CLDN10-AS1	0
CLDN11	0.160978669
CLDN12	4.43665903
CLDN14	0.059561543
CLDN15	1.359365531
CLDN16	0.081302539
CLDN17	0
CLDN18	0.287803306
CLDN19	0.02021842
CLDN2	0.192211363
CLDN20	0.281106836
CLDN22	0
CLDN23	1.264703045
CLDN24	0.512606584
CLDN25	0
CLDN3	0.628802391
CLDN34	0
CLDN4	31.42608997
CLDN5	1.25307035
CLDN6	0.027919015
CLDN7	6.224758297
CLDN8	0.798230009
CLDN9	0.05920874
CLDND1	47.87645692
CLDND2	0.77698666
CLEC10A	1.681297987
CLEC11A	5.172401326
CLEC12A	1.068125662
CLEC12A-AS1	0.030681981
CLEC12B	0.006620012
CLEC14A	2.944766381
CLEC16A	0.942645962
CLEC17A	0.216939975
CLEC18A	0.007907356
CLEC18B	0.45569819
CLEC18C	0.019841098
CLEC19A	0
CLEC1A	0.735391603
CLEC1B	0.013229201
CLEC20A	0
CLEC2A	0.119388114
CLEC2B	9.009020459
CLEC2D	1.266643195
CLEC2L	0
CLEC3A	0
CLEC3B	2.416573895
CLEC4A	4.83237605
CLEC4C	0.203470394
CLEC4D	0.205009893
CLEC4E	1.353098156
CLEC4F	0.009808316
CLEC4G	0
CLEC4GP1	0
CLEC4M	0
CLEC5A	0.482101677
CLEC6A	0.144325703
CLEC7A	9.148244845
CLEC9A	0.136092968
CLECL1	0.268004696
CLGN	0.659873544
CLHC1	0.866590852
CLIC1	262.5938088
CLIC1P1	0.201178866
CLIC2	11.58218847
CLIC3	1.340622693
CLIC4	46.69876932
CLIC4P1	0
CLIC4P2	0
CLIC4P3	0.032281361
CLIC5	0.229345846
CLIC6	6.075184816
CLINT1	20.26142035
CLIP1	3.496887854
CLIP1-AS1	0.040258015
CLIP2	2.253331648
CLIP3	2.188149071
CLIP4	6.403758351
CLK1	9.517718991
CLK2	11.32419577
CLK2P1	0
CLK3	1.687404185
CLK3P2	0
CLK4	1.427615066
CLLU1	0.003564697
CLLU1OS	0.070774295
CLMAT3	0.011079682
CLMN	0.517949199
CLMP	3.786362303
CLN3	3.186339065
CLN5	4.59547245
CLN6	8.423196449
CLN8	1.819696042
CLNK	0.078232624
CLNS1A	24.21743178
CLNS1AP1	0.035594697
CLOCK	1.973087702
CLP1	5.545228103
CLPB	3.506979189
CLPP	20.39319645
CLPS	0
CLPSL1	0
CLPSL2	0
CLPTM1	22.91533348
CLPTM1L	23.02792857
CLPTM1LP1	0
CLPX	8.903862513
CLRN1	0
CLRN1-AS1	0
CLRN2	0
CLRN3	0
CLSPN	1.094666846
CLSTN1	106.7575433
CLSTN2	0.507538157
CLSTN2-AS1	0
CLSTN3	5.15922446
CLTA	50.58780582
CLTB	38.58615263
CLTC	38.88892644
CLTCL1	0.913142647
CLTRN	0.646118185
CLU	23.76923036
CLUAP1	2.814199439
CLUH	7.398775581
CLUHP1	0
CLUHP11	0
CLUHP2	0
CLUHP3	1.32766221
CLUHP4	0
CLUHP5	0
CLUHP6	0
CLUHP8	0
CLUL1	0.063119041
CLVS1	0.006567181
CLVS2	0
CLYBL	1.326809931
CLYBL-AS1	0
CLYBL-AS2	0.034928897
CMA1	0.103631092
CMAHP	1.497968155
CMAS	25.87551016
CMBL	49.47866315
CMC1	1.965363751
CMC2	3.021864713
CMC4	0
CMIP	6.980065454
CMKLR1	2.009455131
CMPK1	39.81726124
CMPK2	1.743643704
CMSS1	8.262383016
CMTM1	0.480540555
CMTM2	0.442908121
CMTM3	6.301060329
CMTM4	1.534233607
CMTM5	0.008443681
CMTM6	29.13290023
CMTM7	4.34255301
CMTM8	7.650737471
CMTR1	7.088433477
CMTR2	4.018182134
CMYA5	0.26023617
CNBD1	0
CNBD2	0
CNBP	270.9366727
CNDP1	0
CNDP2	14.30759602
CNEP1R1	3.962649056
CNFN	8.212635118
CNGA1	0.406739736
CNGA2	0
CNGA3	0
CNGA4	0.100821527
CNGB1	0.322654367
CNGB3	0.468603298
CNIH1	54.67763279
CNIH2	0.481053123
CNIH3	0.547398056
CNIH4	22.65181431
CNKSR1	2.539839649
CNKSR2	0.491614465
CNKSR3	0.687074817
CNMD	0
CNN1	5.112419327
CNN2	50.88215522
CNN2P1	0.105775962
CNN2P10	0
CNN2P11	0.092654898
CNN2P12	0
CNN2P2	0
CNN2P3	0
CNN2P4	0
CNN2P6	0.05394574
CNN2P7	0
CNN2P8	0
CNN2P9	0.026705812
CNN3	61.84371623
CNN3P1	0
CNNM1	1.234030895
CNNM2	0.199272737
CNNM3	5.354261335
CNNM3-DT	0.46796305
CNNM4	8.38351679
CNOT1	10.1222829
CNOT10	4.278033031
CNOT10-AS1	0
CNOT11	27.17715149
CNOT2	4.165345194
CNOT3	4.676213304
CNOT4	3.856900777
CNOT4P1	0
CNOT6	5.326179434
CNOT6L	3.457203802
CNOT6LP1	0.049813098
CNOT7	7.821959831
CNOT7P1	0
CNOT7P2	0
CNOT8	16.60993468
CNOT9	17.10627692
CNP	14.8575984
CNPPD1	10.00928033
CNPY1	0.009816249
CNPY2	10.07650224
CNPY3	57.20076092
CNPY4	4.443167353
CNR1	0.053462036
CNR2	0.041583603
CNRIP1	1.676301547
CNST	5.767603105
CNTD1	0.158100305
CNTD2	0.226207004
CNTF	0.038451293
CNTFR	0.057497829
CNTFR-AS1	0
CNTLN	0.623125961
CNTN1	2.342665065
CNTN2	0.118076591
CNTN3	0.204315928
CNTN4	0.050574132
CNTN4-AS1	0
CNTN4-AS2	0
CNTN5	1.602727179
CNTN6	0
CNTNAP1	0.614419228
CNTNAP2	5.941529434
CNTNAP3	0.464043288
CNTNAP3B	0.224025806
CNTNAP3P1	0
CNTNAP3P2	0.433829382
CNTNAP3P5	0
CNTNAP4	0.022470457
CNTNAP5	0
CNTRL	1.100740579
CNTROB	2.083323231
COA1	5.177558823
COA3	39.26783987
COA4	26.16704674
COA5	18.8927365
COA6	62.14703802
COA7	4.02747371
COASY	19.28439808
COBL	0.084855926
COBLL1	6.961318135
COCH	15.56023989
COG1	4.579351132
COG2	3.062745003
COG3	4.793782058
COG4	13.88263085
COG5	5.926258475
COG6	7.23654201
COG7	6.701916712
COG8	1.440242655
COG8	0
COIL	10.73573647
COL10A1	4.701167714
COL11A1	4.843368025
COL11A2	0.115254995
COL11A2P1	0
COL12A1	13.89315687
COL13A1	0.438233059
COL14A1	1.740587671
COL15A1	8.494447277
COL16A1	2.946383765
COL17A1	14.88041119
COL18A1	14.52548387
COL18A1-AS1	0.007026218
COL18A1-AS2	0.351820047
COL19A1	0.011409039
COL1A1	273.2121831
COL1A2	161.8256161
COL20A1	0.008848399
COL21A1	0.085743089
COL22A1	0.254227053
COL23A1	0.487407137
COL24A1	0.205510268
COL25A1	0.043785811
COL26A1	0.215372728
COL27A1	2.441789075
COL28A1	0.040343166
COL2A1	0.014721397
COL3A1	513.7256589
COL4A1	44.25520648
COL4A2	31.74842528
COL4A2-AS1	0
COL4A2-AS2	0.015949792
COL4A3	0.039909442
COL4A3BP	2.96152625
COL4A4	0.198718771
COL4A5	0.261147267
COL4A6	0.067998833
COL5A1	26.44083767
COL5A1-AS1	0
COL5A2	32.30864373
COL5A3	3.599979082
COL6A1	48.06047525
COL6A2	62.95155418
COL6A3	22.89568453
COL6A4P1	0.063799167
COL6A4P2	0.019094586
COL6A5	0.260837166
COL6A6	0.389608126
COL7A1	19.69060946
COL8A1	5.441879784
COL8A2	2.417161926
COL9A1	0
COL9A2	0.695927344
COL9A3	0.417071705
COLCA1	2.590729825
COLCA2	6.902341843
COLEC10	0.218044161
COLEC11	1.223391523
COLEC12	0.787137439
COLGALT1	39.207544
COLGALT2	1.035966543
COLQ	0.081403153
COMMD1	24.41766439
COMMD10	21.25098742
COMMD2	15.84030099
COMMD3	10.37768375
COMMD3-BMI1	0.012749781
COMMD4	6.825381563
COMMD5	9.986527207
COMMD6	15.20890008
COMMD7	51.72653297
COMMD8	17.73244754
COMMD9	5.962100915
COMP	2.575513344
COMT	39.47177121
COMTD1	11.27739119
COP1	20.89315141
COPA	82.61956355
COPB1	90.6490303
COPB2	56.72120496
COPE	63.23431816
COPG1	50.21342671
COPG2	4.697932389
COPRS	18.18973519
COPS2	30.57883052
COPS3	42.39519896
COPS4	18.41431649
COPS5	12.71979396
COPS5P1	0
COPS6	40.52560846
COPS7A	33.26682878
COPS7B	3.361604006
COPS8	13.46596235
COPS8P2	0
COPS8P3	0
COPS9	22.5849835
COPZ1	61.34547536
COPZ2	35.00352869
COQ10A	1.347395923
COQ10B	14.44762851
COQ10BP2	0
COQ2	5.661969121
COQ3	4.578727973
COQ4	6.671499085
COQ5	12.72952699
COQ6	2.294670744
COQ7	2.097598938
COQ8A	2.690022303
COQ8B	6.913763952
COQ9	8.191044384
CORIN	0.223815727
CORO1A	10.590354
CORO1B	18.03693606
CORO1C	37.35362629
CORO2A	13.21845208
CORO2B	0.200373748
CORO6	0.938213931
CORO7	0.593568792
CORO7-PAM16	0.006363194
CORT	0.171862536
COTL1	14.3205119
COTL1P1	0
COTL1P2	0.068964725
COX10	4.890320831
COX10-AS1	0.72195043
COX11	4.310337834
COX11P1	0.029072555
COX14	47.23897275
COX15	6.299911948
COX16	21.52617471
COX17	10.32718181
COX17P1	0.252870659
COX18	3.452032476
COX19	1.962371216
COX20	1.592086975
COX20P1	0.339994163
COX20P2	0
COX4I1	54.17933275
COX4I1P1	0.095385396
COX4I1P2	0.044379494
COX4I2	2.837405831
COX5A	82.51289661
COX5AP2	0.061613155
COX5B	168.9519945
COX5BP1	0.061769932
COX5BP2	0
COX5BP3	0.066146003
COX5BP6	0
COX5BP7	0
COX5BP8	0
COX6A1	91.53917838
COX6A1P2	5.958552244
COX6A1P3	0
COX6A2	0
COX6B1	183.7008076
COX6B1P1	0
COX6B1P2	0
COX6B1P3	0.093367628
COX6B1P4	0
COX6B1P5	0.194984604
COX6B1P6	0
COX6B1P7	0
COX6B2	0.089084709
COX6C	28.57487927
COX6CP1	9.484413908
COX6CP10	0
COX6CP11	0
COX6CP12	0
COX6CP13	0
COX6CP14	0
COX6CP15	0
COX6CP16	0
COX6CP17	0
COX6CP18	0
COX6CP2	0
COX6CP3	0
COX6CP4	0
COX6CP5	0
COX6CP6	0
COX6CP7	0
COX6CP8	0
COX7A1	4.198758926
COX7A2	65.24852388
COX7A2L	41.76439768
COX7A2P1	0
COX7A2P2	0.194204666
COX7B	44.49720826
COX7B2	0
COX7BP2	0
COX7C	84.53213624
COX7CP1	0.632176646
COX8A	353.504203
COX8C	0.182180737
CP	17.03216975
CPA1	0
CPA2	0.013272599
CPA3	20.63687296
CPA4	0.496796928
CPA5	0.081873805
CPA6	3.871930183
CPAMD8	0.0952077
CPB1	0.093645946
CPB2	0.013738304
CPB2-AS1	0.036837
CPD	17.72241549
CPDP1	0
CPE	14.41106292
CPEB1	0.570321066
CPEB1-AS1	0.019366241
CPEB2	2.739755107
CPEB2-AS1	0.007858719
CPEB3	0.266394518
CPEB4	2.64214389
CPED1	0.775054312
CPHL1P	0.018512138
CPLX1	0.572253202
CPLX2	0.034195779
CPLX3	0
CPLX4	0.013695675
CPM	1.375670078
CPN1	0.06432322
CPN2	0.032068142
CPNE1	25.07624686
CPNE2	4.43643225
CPNE3	34.67838356
CPNE4	0.098205253
CPNE5	1.49819803
CPNE6	0
CPNE7	1.25041554
CPNE8	4.186577021
CPNE9	0.020792791
CPO	0.02007906
CPOX	6.727766653
CPPED1	3.725201311
CPQ	11.77615073
CPS1	0.362599673
CPS1-IT1	0
CPSF1	7.416206665
CPSF1P1	0.052065594
CPSF2	6.326472331
CPSF3	18.09236223
CPSF4	5.649071012
CPSF4L	0.015887162
CPSF6	10.33484843
CPSF7	14.54684965
CPT1A	9.736117382
CPT1B	0.325489292
CPT1C	1.610368668
CPT2	6.052835804
CPTP	9.34552969
CPVL	9.8628642
CPXCR1	0.014892996
CPXM1	7.167947199
CPXM2	24.16567113
CPZ	0.161978072
CR1	0.22444063
CR1L	0.078930726
CR2	0.765289624
CR381572.1	0
CR381572.2	0
CR381653.1	0.012912544
CR381653.2	0
CR381670.1	0
CR382285.1	0
CR382285.2	0
CR382287.1	0
CR382287.2	0
CR383656.1	0.010770001
CR383656.10	0
CR383656.11	0
CR383656.12	0
CR383656.13	0
CR383656.2	0
CR383656.3	0
CR383656.4	0
CR383656.5	0
CR383656.6	0
CR383656.7	0
CR383656.8	0
CR383656.9	0
CR383658.1	0
CR383658.2	0
CR391992.1	0
CR392000.1	0
CR392039.1	0
CR392039.2	0
CR392039.3	0
CR392039.4	0
CR392039.5	0
CR545473.1	0
CR559946.1	0
CR559946.2	0.073488143
CR589904.1	0
CR589904.2	0
CR769767.1	0
CR769767.2	0
CR769775.1	0.037539562
CR769775.2	0
CR769775.3	0
CR769776.1	0
CR769776.2	0
CR786580.1	0.050609277
CR788268.1	0
CR848007.1	0
CR848007.2	0
CR848007.3	0
CR936218.1	0.159707784
CR936218.2	0
CRABP1	0.04889342
CRABP2	32.3306631
CRACR2A	0.539414131
CRACR2B	0.260560822
CRADD	3.156507079
CRAMP1	0.945161845
CRAT	23.7330051
CRB1	0.003816616
CRB2	0.015294114
CRB3	11.95480983
CRB3P1	0
CRBN	4.612462482
CRCP	15.10023566
CRCT1	0.624229283
CREB1	4.649756618
CREB3	36.47024111
CREB3L1	4.233344212
CREB3L2	7.381014834
CREB3L3	0.027194455
CREB3L4	5.099209973
CREB5	1.414030888
CREBBP	3.342967559
CREBL2	13.47474367
CREBRF	1.047158864
CREBZF	7.308310537
CREG1	326.7359841
CREG2	1.894514047
CRELD1	3.135649712
CRELD2	8.850130339
CREM	5.746229472
CRH	0
CRHBP	0.034642288
CRHR1	0.007389827
CRHR2	0.073119227
CRIM1	6.59892293
CRIP1	0.761970016
CRIP1P1	0
CRIP1P2	0.106471856
CRIP1P3	0
CRIP1P4	0.212013827
CRIP2	4.331161529
CRIP3	0.237510802
CRIPAK	0.464944699
CRIPT	20.90107809
CRISP1	0
CRISP2	0.335828226
CRISP3	0.140446187
CRISPLD1	2.228245257
CRISPLD2	6.254048558
CRK	18.04346528
CRKL	42.46061636
CRLF1	0.410223573
CRLF2	0.036232214
CRLF3	6.356598378
CRLS1	10.43352813
CRMP1	3.418509057
CRNDE	3.679099501
CRNKL1	9.206330224
CRNN	0.089342315
CROCC	2.443703733
CROCC2	0.016243281
CROCCP1	0
CROCCP2	1.78544387
CROCCP3	0.064136283
CROCCP4	0.146238453
CROCCP5	0.175486144
CROT	4.095499077
CRP	0.012047436
CRPP1	0
CRTAC1	0.321123673
CRTAM	0.989173297
CRTAP	37.83292536
CRTC1	1.083949229
CRTC2	14.4900768
CRTC3	5.349428038
CRTC3-AS1	0.101465343
CRX	0.012156026
CRY1	2.637607817
CRY2	2.83867707
CRYAA	0
CRYAA2	0
CRYAB	8.441245977
CRYBA1	0.061147565
CRYBA2	0.100174346
CRYBA4	0
CRYBB1	0.286372579
CRYBB2	0.164394469
CRYBB2P1	1.765496961
CRYBB3	0.223996154
CRYBG1	2.249030185
CRYBG2	2.35271791
CRYBG3	1.126152502
CRYGA	0
CRYGB	0
CRYGC	0
CRYGD	0
CRYGEP	0
CRYGFP	0
CRYGGP	0
CRYGN	0.089379909
CRYGS	8.340146907
CRYL1	16.71433599
CRYM	0.128374316
CRYM-AS1	0.048261597
CRYZ	9.811257746
CRYZL1	2.189007585
CRYZL2P	2.443265026
CRYZL2P-SEC16B	0.049535688
CRYZP1	0.025634196
CRYZP2	0
CS	20.03626706
CSAD	1.891172998
CSAG1	0
CSAG2	0
CSAG3	0
CSAG4	0
CSDC2	0.239021127
CSDE1	42.1230525
CSE1L	29.11792324
CSE1L-AS1	0.130983363
CSF1	4.668726045
CSF1R	7.097462304
CSF2	0.524377274
CSF2RA	1.502170554
CSF2RB	2.393572505
CSF2RBP1	0
CSF3	1.399673267
CSF3R	1.18656309
CSGALNACT1	1.346593902
CSGALNACT2	7.198068375
CSH1	0
CSH2	0
CSHL1	0
CSK	18.58117945
CSKMT	0.937487201
CSMD1	0.018169375
CSMD2	0.09759969
CSMD2-AS1	0
CSMD3	0
CSN1S1	0.024645262
CSN1S2AP	0
CSN2	0.022772592
CSN3	0
CSNK1A1	19.6367371
CSNK1A1L	0
CSNK1A1P1	0.009233771
CSNK1A1P3	0.073562373
CSNK1D	7.779901625
CSNK1E	13.71389291
CSNK1G1	4.728481632
CSNK1G2	18.16839785
CSNK1G2-AS1	0.018035352
CSNK1G2P1	0
CSNK1G3	7.020498667
CSNK2A1	18.76771152
CSNK2A2	6.728959635
CSNK2A3	0.154293961
CSNK2B	16.12302629
CSPG4	1.124466098
CSPG4P10	0.598603821
CSPG4P11	0
CSPG4P12	0.050684123
CSPG4P13	0.010077037
CSPG4P1Y	0
CSPG4P2Y	0
CSPG4P3Y	0
CSPG4P4Y	0
CSPG4P5	0
CSPG5	0.578254845
CSPP1	1.192351397
CSRNP1	9.244963864
CSRNP2	6.363637589
CSRNP3	0.181608024
CSRP1	21.32524581
CSRP2	1.777371153
CSRP3	0
CST1	0.779491204
CST11	0
CST12P	0
CST13P	0
CST2	0.454355836
CST2P1	0
CST3	55.23270044
CST4	0.032324345
CST5	0
CST6	2.398773045
CST7	10.36280273
CST8	0.158663943
CST9	0.152484819
CST9L	0.12656717
CST9LP1	0
CST9LP2	0.075861198
CSTA	162.2379837
CSTB	158.9514493
CSTF1	5.714876883
CSTF2	17.07171787
CSTF2T	9.982261747
CSTF3	13.13471893
CSTF3-AS1	0.035318501
CSTL1	0.135744175
CSTP1	0
CSTP2	0
CT45A1	0
CT45A10	0.407791418
CT45A11P	0.02140704
CT45A2	0
CT45A3	0
CT45A5	0
CT45A6	0
CT45A7	0
CT45A8	0
CT45A9	0
CT47A1	0
CT47A10	0
CT47A11	0
CT47A12	0
CT47A2	0
CT47A3	0
CT47A4	0
CT47A5	0
CT47A6	0
CT47A7	0
CT47A8	0
CT47A9	0
CT47B1	0
CT55	0
CT62	0.025562215
CT83	0
CTAG1A	0
CTAG1B	0
CTAG2	0.02444671
CTAGE1	0.022503438
CTAGE10P	0.020162445
CTAGE11P	0.113485514
CTAGE12P	0.020537718
CTAGE13P	0
CTAGE14P	0
CTAGE15	0
CTAGE16P	0
CTAGE3P	0.010097996
CTAGE4	0.018760111
CTAGE5	2.000543564
CTAGE6	0.009308122
CTAGE7P	0.099653461
CTAGE8	0.009380055
CTAGE9	0
CTBP1	9.073220614
CTBP1-AS	0.074963201
CTBP1-AS2	1.558355854
CTBP2	4.573017778
CTBP2P1	0
CTBP2P2	0
CTBP2P3	0
CTBP2P4	0
CTBP2P5	0
CTBP2P6	0.019752305
CTBP2P7	0
CTBP2P8	0.018252318
CTBS	5.146185749
CTC1	1.169243461
CTCF	10.94404926
CTCFL	0.005438079
CTDNEP1	30.87996983
CTDP1	2.530684535
CTDSP1	15.27302401
CTDSP2	35.09744373
CTDSPL	6.814419237
CTDSPL2	11.10925034
CTF1	3.501286041
CTF2P	0
CTGF	118.108652
CTH	0.693875411
CTHRC1	46.95193038
CTHRC1P1	0
CTIF	2.610374442
CTLA4	1.820668741
CTNNA1	27.45367769
CTNNA1P1	0.035594697
CTNNA2	0
CTNNA3	0.002179919
CTNNAL1	21.91082663
CTNNB1	105.4156374
CTNNBIP1	13.45735386
CTNNBL1	6.425889675
CTNND1	45.72318329
CTNND2	0.007074336
CTNS	2.100359466
CTPS1	7.155563709
CTPS2	5.282472646
CTR9	7.969653894
CTRB1	0
CTRB2	0.010347648
CTRC	0.013927472
CTRL	0
CTSA	16.1547042
CTSB	458.3928182
CTSC	83.67541236
CTSD	226.4291062
CTSE	5.516764887
CTSF	14.3926714
CTSG	0.265017284
CTSH	49.42050589
CTSK	93.06283466
CTSL	74.25291452
CTSL3P	0.047599183
CTSLP1	0
CTSLP2	0
CTSLP4	0
CTSLP6	0
CTSLP8	0.025104016
CTSO	15.39206749
CTSS	31.31481336
CTSV	8.491289109
CTSW	2.951481613
CTSZ	79.68775845
CTTN	18.7804771
CTTNBP2	0.976544428
CTTNBP2NL	2.885266509
CTU1	0.756067518
CTU2	3.993237217
CTXN1	0.724075481
CTXN2	0
CTXN3	0.034597031
CTXND1	0.024663147
CU104787.1	0
CU633904.1	0.007167282
CU633904.2	0.027617273
CU633904.3	0
CU633906.1	0.00843488
CU633906.2	0
CU633906.3	0
CU633906.4	0
CU633967.1	0.002772451
CU633980.1	0
CU634019.1	0
CU634019.2	0
CU634019.3	0
CU634019.4	0
CU634019.5	0
CU634019.6	0.027153896
CU634019.7	0
CU638689.1	0
CU638689.2	0
CU638689.3	0
CU638689.4	0
CU638689.5	0.047045704
CU639417.1	0
CU639417.2	0
CU639417.3	0
CU639417.4	0.018330418
CUBN	0.062679969
CUBNP1	0
CUBNP2	0.042626134
CUBNP3	0
CUEDC1	7.360590142
CUEDC2	16.07483733
CUL1	19.48615023
CUL1P1	0
CUL2	10.26771802
CUL3	4.836126618
CUL4A	8.286213817
CUL4AP1	0
CUL4B	14.06609672
CUL5	8.659563577
CUL7	8.156561454
CUL9	1.8309231
CUTA	51.00978094
CUTALP	2.072264658
CUTC	6.223474546
CUX1	4.738296882
CUX2	0.009522326
CUX2P1	0
CUZD1	0.077087591
CWC15	18.1054658
CWC22	5.280158444
CWC25	3.19216349
CWC27	2.920858943
CWF19L1	3.971814368
CWF19L2	4.108071329
CWH43	0.038680024
CX3CL1	14.48501288
CX3CR1	0.325445575
CXADR	8.017990446
CXADRP1	0
CXADRP2	0
CXADRP3	0.012417178
CXCL1	42.74450687
CXCL10	82.54936844
CXCL11	6.081618856
CXCL12	10.05856813
CXCL13	36.06561141
CXCL14	429.5979286
CXCL16	21.65166549
CXCL17	30.74771096
CXCL1P1	0.112386959
CXCL2	5.874691139
CXCL3	2.713089066
CXCL5	8.837919186
CXCL6	5.749187597
CXCL8	196.0835148
CXCL9	43.03157215
CXCR1	0.361011487
CXCR2	0.736306764
CXCR2P1	0.766189003
CXCR3	1.988310617
CXCR4	31.69797377
CXCR5	0.038350052
CXCR6	3.84519055
CXorf21	0.902973176
CXorf36	1.00064532
CXorf38	3.655598333
CXorf40A	5.826376576
CXorf40B	15.7612296
CXorf49	0
CXorf49B	0
CXorf51A	0
CXorf51B	0
CXorf56	14.04784719
CXorf57	2.826232128
CXorf58	0.088274848
CXorf65	0.086083628
CXorf66	0
CXorf67	0
CXXC1	7.475463228
CXXC1P1	0.015422861
CXXC4	0.112638039
CXXC4-AS1	0
CXXC5	2.30655853
CXXC5-AS1	0
CYB561	24.16150623
CYB561A3	4.929796649
CYB561D1	0.618622068
CYB561D2	8.518565156
CYB5A	6.592177597
CYB5AP4	0
CYB5AP5	0
CYB5B	9.635679852
CYB5D1	0.359864173
CYB5D2	9.234066944
CYB5R1	13.11334236
CYB5R2	7.062963428
CYB5R3	37.35017743
CYB5R4	4.867714248
CYB5RL	0.217822891
CYBA	20.47913365
CYBB	12.90343571
CYBRD1	13.42754922
CYC1	97.7537789
CYCS	54.22654398
CYCSP1	0
CYCSP10	0.247710033
CYCSP11	0
CYCSP12	0
CYCSP17	0
CYCSP19	0.076821466
CYCSP2	0
CYCSP20	0
CYCSP22	0
CYCSP23	0
CYCSP24	0
CYCSP25	0
CYCSP26	0
CYCSP27	0
CYCSP28	0
CYCSP29	0
CYCSP30	0
CYCSP32	0
CYCSP33	0
CYCSP34	0.399269461
CYCSP35	0
CYCSP38	0
CYCSP39	0
CYCSP4	0
CYCSP40	0.082570011
CYCSP41	0
CYCSP42	0
CYCSP43	0
CYCSP44	0
CYCSP45	0.539457405
CYCSP46	0
CYCSP48	0
CYCSP49	0
CYCSP5	0
CYCSP51	0
CYCSP52	0
CYCSP53	0
CYCSP55	0.546395764
CYCSP6	15.43348337
CYCSP8	0
CYCTP	0
CYFIP1	12.15410898
CYFIP2	1.050672568
CYGB	4.395782109
CYHR1	3.184821585
CYLC1	0
CYLC2	0
CYLD	3.716109427
CYMP	0
CYMP-AS1	0
CYP11A1	2.447724232
CYP11B1	0
CYP11B2	0
CYP17A1	0
CYP17A1-AS1	0
CYP19A1	0.12947745
CYP1A1	0.014134255
CYP1A2	0
CYP1B1	8.545295922
CYP1B1-AS1	0.039117363
CYP1D1P	0
CYP20A1	1.771778722
CYP21A1P	0.012316379
CYP21A2	0.03337997
CYP24A1	0.446152461
CYP26A1	0.285883382
CYP26B1	0.488900081
CYP26C1	0
CYP27A1	11.05950975
CYP27B1	0.867993237
CYP27C1	0.086486157
CYP2A13	0
CYP2A6	0.020963371
CYP2A7	0
CYP2A7P1	0
CYP2A7P2	0.075742849
CYP2AB1P	0.066290506
CYP2AC1P	0
CYP2B6	0
CYP2B7P	1.290237691
CYP2C18	2.640396355
CYP2C19	0.008632853
CYP2C56P	0
CYP2C58P	0
CYP2C59P	0
CYP2C60P	0
CYP2C61P	0
CYP2C8	0
CYP2C9	0.127934562
CYP2D6	0.089431129
CYP2D7	0.150379719
CYP2D8P	0.097754026
CYP2E1	0.055510116
CYP2F1	0.016216154
CYP2F2P	0.13792945
CYP2G1P	0
CYP2G2P	0
CYP2J2	0.86060596
CYP2R1	6.434427173
CYP2S1	93.41960696
CYP2T1P	0.302264071
CYP2T3P	0
CYP2U1	1.505277306
CYP2W1	0.017508535
CYP39A1	5.103256646
CYP3A137P	0
CYP3A4	0.015457232
CYP3A43	0
CYP3A5	0.238031272
CYP3A52P	0
CYP3A54P	0
CYP3A7	0.023180313
CYP46A1	0.140171246
CYP46A4P	0
CYP4A11	0.00624051
CYP4A22	0
CYP4A22-AS1	0.237220683
CYP4A26P	0
CYP4A27P	0
CYP4A43P	0
CYP4A44P	0
CYP4B1	0.210481935
CYP4F10P	0
CYP4F11	57.55127712
CYP4F12	0.199612346
CYP4F2	0.046356938
CYP4F22	0.064269698
CYP4F23P	0.015374024
CYP4F24P	0.015364293
CYP4F25P	0.046683814
CYP4F26P	0.213505569
CYP4F27P	0
CYP4F29P	0.551396474
CYP4F3	52.06822619
CYP4F30P	0
CYP4F32P	0
CYP4F34P	0
CYP4F35P	0.025313434
CYP4F36P	0
CYP4F44P	0
CYP4F60P	0
CYP4F62P	0
CYP4F8	0
CYP4F9P	0
CYP4V2	0.888644272
CYP4X1	2.886774613
CYP4Z1	0
CYP4Z2P	0
CYP51A1	1.53137577
CYP51A1-AS1	0.090304841
CYP51A1P1	0.016108549
CYP51A1P2	0.113361629
CYP51A1P3	0
CYP7A1	0
CYP7B1	4.478536606
CYP8B1	0.016398728
CYR61	52.57567249
CYS1	0.520130164
CYSLTR1	0.553401377
CYSLTR2	0.411220788
CYSRT1	1.459904002
CYSTM1	12.90994403
CYTH1	6.446147259
CYTH2	4.758616797
CYTH3	2.466011381
CYTH4	2.131649167
CYTIP	4.234772102
CYTL1	0.50826246
CYTOR	8.379852656
CYYR1	2.646083168
CYYR1-AS1	0.006537997
D2HGDH	1.568095071
DAAM1	2.628797286
DAAM2	0.95537218
DAB1	0.070755542
DAB1-AS1	0.005598612
DAB2	5.127536691
DAB2IP	6.678095145
DACH1	0.144148945
DACH2	0
DACT1	2.951997425
DACT2	3.569769637
DACT3	0.955446383
DACT3-AS1	0.013301689
DAD1	272.168946
DAG1	21.62816659
DAGLA	0.8812918
DAGLB	2.353331382
DALRD3	5.030491579
DANCR	13.83230168
DAND5	0.024312051
DANT1	0
DANT2	0
DAO	0
DAOA	0
DAOA-AS1	0
DAP	56.77785173
DAP3	48.3553956
DAP3P1	0.087322242
DAP3P2	0.095198366
DAPK1	1.300039654
DAPK1-IT1	0
DAPK2	0.338845196
DAPK3	10.35594054
DAPL1	91.53749818
DAPP1	11.42788559
DARS	36.0928452
DARS2	10.39724085
DARS-AS1	0.399293784
DAW1	0.165534151
DAXX	16.2853121
DAZ1	0
DAZ2	0
DAZ3	0
DAZ4	0
DAZAP1	7.097198006
DAZAP2	62.63108942
DAZAP2P1	2.026987068
DAZL	0.073542114
DBET	0.086621171
DBF4	6.239720059
DBF4B	0.937595993
DBF4P1	0.230951637
DBH	0.052696635
DBH-AS1	0.340471013
DBI	77.87730941
DBIL5P	0.199500497
DBIL5P2	0
DBIP1	0
DBIP2	0
DBN1	10.15790179
DBNDD1	1.114720999
DBNDD2	0.324962583
DBNL	10.48978288
DBP	1.253842776
DBR1	8.519500566
DBT	3.017534674
DBX1	0
DBX2	0
DCAF1	3.565664581
DCAF10	3.396066046
DCAF11	10.35248494
DCAF12	18.02697068
DCAF12L1	0
DCAF12L2	1.007923582
DCAF13	7.193742782
DCAF13P1	0
DCAF13P2	0
DCAF13P3	0.036395177
DCAF15	7.722931236
DCAF16	3.241112959
DCAF17	2.802614022
DCAF4	2.540215123
DCAF4L1	0.07121923
DCAF4L2	0
DCAF5	9.572686282
DCAF6	26.90871023
DCAF7	30.40078361
DCAF8	9.502897345
DCAF8L1	0
DCAF8L2	0
DCAKD	11.52105132
DCANP1	0
DCBLD1	1.377716777
DCBLD2	4.379682124
DCC	0.071941318
DCD	0.027711853
DCDC1	0.040582282
DCDC2	0.106898085
DCDC2B	0.090919787
DCDC2C	0
DCHS1	0.996730867
DCHS2	0.010437263
DCK	12.54025325
DCLK1	1.101056018
DCLK2	0.359403366
DCLK3	0.067357334
DCLRE1A	3.356363245
DCLRE1B	1.583458093
DCLRE1C	2.018488266
DCLRE1CP1	0.051650177
DCN	54.05554675
DCP1A	3.324174036
DCP1B	1.100802103
DCP2	1.861347603
DCPS	4.222155434
DCST1	0.091233009
DCST1-AS1	0.974567209
DCST2	0.292476906
DCSTAMP	0.087385109
DCT	0.003218293
DCTD	20.93471386
DCTN1	11.08086541
DCTN1-AS1	0
DCTN2	42.926968
DCTN3	16.51908002
DCTN4	13.8155571
DCTN5	14.36146552
DCTN6	12.77404681
DCTPP1	71.36806502
DCUN1D1	14.52148535
DCUN1D2	1.273546473
DCUN1D2-AS	0
DCUN1D3	3.030562566
DCUN1D4	4.581319902
DCUN1D5	40.44026569
DCX	0
DCXR	25.62848113
DDA1	9.174649271
DDAH1	1.302612378
DDAH2	6.217150942
DDB1	18.10140621
DDB2	5.239798134
DDC	0.20900534
DDC-AS1	0.013668684
DDHD1	1.209450033
DDHD2	4.466198447
DDI1	0
DDI2	2.70639948
DDIAS	4.651418174
DDIT3	23.87290767
DDIT4	238.8632459
DDIT4-AS1	0
DDIT4L	0.575673483
DDN	0.123029096
DDN-AS1	0.130163985
DDO	0.478673472
DDOST	122.7250727
DDR1	71.2992135
DDR1-AS1	0.018234038
DDR2	2.58140172
DDRGK1	19.57152643
DDT	24.73256796
DDTL	1.335549886
DDTP1	0
DDX1	44.87784573
DDX10	3.523273395
DDX10P1	0
DDX10P2	0.009286757
DDX11	1.530631471
DDX11-AS1	0.169298914
DDX11L1	0
DDX11L10	0
DDX11L16	0
DDX11L2	0.13891607
DDX11L5	0
DDX11L8	0
DDX11L9	0
DDX12P	0.527192849
DDX17	28.31948978
DDX18	14.06567674
DDX18P1	0.024373076
DDX18P3	0.012095458
DDX18P4	0.012347703
DDX18P5	0.018587736
DDX18P6	0
DDX19A	3.39899365
DDX19B	2.818372665
DDX20	1.665694612
DDX21	31.80488263
DDX23	23.38411965
DDX24	18.64238859
DDX25	0.005259008
DDX27	4.71543306
DDX28	8.752192751
DDX31	2.035367147
DDX39A	24.90775986
DDX39AP1	0
DDX39B	5.276396923
DDX39B-AS1	0.322446077
DDX39BP1	0
DDX39BP2	0
DDX3P1	0.024898034
DDX3P2	0
DDX3P3	0
DDX3X	33.61297679
DDX3Y	1.582270499
DDX4	0.006339928
DDX41	10.35030378
DDX42	14.92545247
DDX43	0.847526596
DDX43P1	0
DDX43P2	0
DDX43P3	0
DDX46	4.814578368
DDX47	0.288995038
DDX49	23.49841527
DDX5	81.10545654
DDX50	20.11843468
DDX50P1	0.050574132
DDX50P2	0
DDX51	1.106035999
DDX52	4.839349975
DDX53	0
DDX54	8.115829855
DDX55	2.595796525
DDX55P1	0.017168022
DDX56	20.92187679
DDX58	4.115639884
DDX59	9.091124453
DDX6	14.46692394
DDX60	3.193587837
DDX60L	0.509236074
DDX6P1	0
DDX6P2	0.01668425
DEAF1	9.149691968
DEC1	0.969579274
DECR1	15.71994568
DECR2	2.93988568
DEDD	28.79337166
DEDD2	15.85155909
DEF6	6.390821515
DEF8	5.073282586
DEFA1	0
DEFA10P	0
DEFA11P	0
DEFA1B	0
DEFA3	0
DEFA4	0.039344543
DEFA5	0
DEFA6	0
DEFA7P	0
DEFA8P	0
DEFA9P	0
DEFB1	301.0070748
DEFB103A	0
DEFB103B	0
DEFB104A	0
DEFB104B	0
DEFB105A	0
DEFB105B	0
DEFB106A	0
DEFB106B	0
DEFB107A	0
DEFB107B	0
DEFB108A	0
DEFB108B	0
DEFB108C	0
DEFB108D	0
DEFB108E	0
DEFB108F	0.109349474
DEFB109A	0
DEFB109B	0
DEFB109C	0
DEFB109D	0.809186107
DEFB109F	0
DEFB110	0
DEFB112	0
DEFB113	0
DEFB114	0
DEFB115	0
DEFB116	0
DEFB117	0
DEFB118	0
DEFB119	0
DEFB121	0
DEFB122	0
DEFB123	0
DEFB124	0.133199359
DEFB125	0
DEFB126	1.074796814
DEFB127	0
DEFB128	0
DEFB129	0
DEFB130A	0
DEFB130B	0
DEFB130C	0
DEFB130D	0
DEFB131A	0
DEFB131B	0.113969874
DEFB131C	0
DEFB131D	0
DEFB131E	0
DEFB132	0
DEFB133	0
DEFB134	0
DEFB135	0
DEFB136	0
DEFB4A	2.363675208
DEFB4B	0.365596133
DEFT1P	0
DEFT1P2	0
DEGS1	57.64365128
DEGS2	0.559871265
DEK	37.13980537
DENND1A	3.157530032
DENND1B	2.202692471
DENND1C	1.626365034
DENND2A	0.636597462
DENND2C	1.401585002
DENND2D	4.142035142
DENND3	0.958116066
DENND4A	6.3135308
DENND4B	5.364699034
DENND4C	2.292925299
DENND5A	15.01223625
DENND5B	0.491521535
DENND5B-AS1	0
DENND6A	7.08274725
DENND6A-AS1	0.066691163
DENND6A-DT	0.016632808
DENND6B	1.116635926
DENR	17.80616744
DEPDC1	4.823045243
DEPDC1-AS1	0.077868751
DEPDC1B	5.963654837
DEPDC4	0.140141276
DEPDC5	1.146248256
DEPDC7	2.138528528
DEPP1	18.26984141
DEPTOR	2.879369329
DERA	32.36744429
DERL1	15.77690072
DERL2	7.013537588
DERL3	8.42866667
DES	0.256154693
DESI1	16.63453581
DESI2	18.31607974
DET1	2.219325328
DEUP1	0.172289448
DEXI	3.270577995
DFFA	6.899221929
DFFB	1.179278978
DFFBP1	0
DGAT1	7.37493511
DGAT2	0.534339213
DGAT2L6	0
DGAT2L7P	0
DGCR10	0.098083165
DGCR11	0.888131093
DGCR12	0.030231112
DGCR2	25.07672915
DGCR5	0.407417817
DGCR6	1.134890436
DGCR6L	43.0817976
DGCR8	2.548687343
DGCR9	0.231196031
DGKA	9.075717309
DGKB	0.092078916
DGKD	1.731663238
DGKE	0.959210825
DGKG	3.967061058
DGKH	1.818474457
DGKI	0.056204322
DGKK	0
DGKQ	3.365367573
DGKZ	4.45363671
DGKZP1	0.288578619
DGLUCY	4.655176316
DGUOK	65.40225857
DGUOK-AS1	4.742859611
DHCR24	115.7516927
DHCR7	32.67283424
DHDDS	6.671881163
DHDH	0.404218777
DHFR	2.830040774
DHFR2	1.172355918
DHFRP1	2.04105977
DHFRP2	0
DHFRP3	0
DHFRP5	0
DHFRP6	0
DHH	0.037617123
DHODH	0.876881347
DHPS	14.99659283
DHRS1	2.552770246
DHRS11	0.81777871
DHRS12	3.340044783
DHRS13	2.325310621
DHRS2	0.03855307
DHRS3	54.78797635
DHRS4	8.456960227
DHRS4-AS1	9.458896884
DHRS4L1	0.618824044
DHRS4L2	10.92208275
DHRS7	55.71874165
DHRS7B	3.656225106
DHRS7C	0
DHRS9	7.548088009
DHRSX	11.56107886
DHRSX-IT1	0.074579365
DHTKD1	3.5303253
DHX15	15.10903734
DHX16	8.970094497
DHX29	6.943206522
DHX30	8.159780878
DHX32	10.64362577
DHX33	2.69958376
DHX34	4.11696162
DHX35	2.663912885
DHX36	10.16347557
DHX37	1.933096458
DHX38	3.812499235
DHX40	8.236285601
DHX40P1	0.137538715
DHX57	3.468809073
DHX58	2.956277113
DHX8	6.628680001
DHX9	41.66627561
DHX9P1	0.023675796
DIABLO	1.88362578
DIAPH1	14.37613612
DIAPH2	2.791056584
DIAPH2-AS1	0.777996171
DIAPH3	2.033276567
DIAPH3-AS1	0
DIAPH3-AS2	0
DICER1	7.023609037
DICER1-AS1	0.600041283
DIDO1	1.895473217
DIEXF	3.415801031
DIMT1	9.018872994
DIMT1P1	0
DIO1	0.031913563
DIO2	8.412555327
DIO2-AS1	0
DIO3	0.115488027
DIO3OS	0.06063482
DIP2A	0.94724375
DIP2A-IT1	0
DIP2B	13.65955508
DIP2C	2.191232361
DIRAS1	0.139314681
DIRAS2	2.961787234
DIRAS3	0.344509037
DIRC1	0.140456605
DIRC2	8.985206135
DIRC3	1.071976451
DIRC3-AS1	0.043582735
DIS3	3.952203858
DIS3L	8.748320001
DIS3L2	1.342576579
DIS3L2P1	0.043426804
DISC1	0.317881107
DISC1FP1	0
DISC1-IT1	0.031857721
DISP1	0.798360875
DISP2	0.093265139
DISP3	0.043476297
DIXDC1	1.04987832
DKC1	30.46143847
DKK1	0.770304091
DKK2	0.781270217
DKK3	28.35910196
DKK4	3.367083131
DKKL1	0.681244977
DKKL1P1	0
DLAT	13.23072047
DLC1	1.447079269
DLD	18.8285803
DLEC1	0.06696311
DLEC1P1	0
DLEU1	1.78680751
DLEU1-AS1	0.033208732
DLEU2	1.522278391
DLEU2L	0.013657149
DLEU7	0.165998244
DLEU7-AS1	0.094091408
DLG1	13.65267097
DLG1-AS1	0.415579642
DLG2	0.120706486
DLG3	2.806980364
DLG3-AS1	0.151092842
DLG4	1.288557759
DLG5	3.311273692
DLG5-AS1	0.548319128
DLGAP1	0.048126053
DLGAP1-AS1	4.013255563
DLGAP1-AS2	1.125358162
DLGAP1-AS3	0
DLGAP1-AS4	0
DLGAP1-AS5	0.00843488
DLGAP2	0.002246699
DLGAP2-AS1	0
DLGAP3	0.079351919
DLGAP4	4.526986107
DLGAP4-AS1	0.069728799
DLGAP5	11.13485982
DLGAP5P1	0
DLK1	0
DLK2	4.386107165
DLL1	5.327685344
DLL3	0.250359338
DLL4	1.302392956
DLST	28.58649997
DLSTP1	0.089643956
DLX1	0.146078455
DLX2	0.032694388
DLX2-AS1	0
DLX3	1.126601652
DLX4	0.586238014
DLX5	4.278651607
DLX6	1.386572889
DLX6-AS1	0.328383709
DM1-AS	0.236373741
DMAC1	14.0312871
DMAC2	7.170190524
DMAP1	2.289249498
DMBT1	0.667555986
DMBT1P1	0
DMBX1	0.09220698
DMC1	0.447761892
DMD	0.181012079
DMD-AS3	0
DMGDH	0.092408006
DMKN	1.562063993
DMP1	0.036205195
DMPK	1.835195632
DMRT1	0.014925043
DMRT2	3.560418872
DMRT3	1.383108219
DMRTA1	0.047949617
DMRTA2	1.076405705
DMRTB1	0
DMRTC1	0
DMRTC1B	0
DMRTC2	0.007163052
DMTF1	3.016080744
DMTN	8.949348698
DMWD	3.77133928
DMXL1	1.607725029
DMXL2	1.216680205
DNA2	2.82309022
DNAAF1	0.143476401
DNAAF2	9.61847273
DNAAF3	0.058814254
DNAAF4	0.157203845
DNAAF4-CCPG1	0
DNAAF5	7.59526094
DNAH1	0.180246905
DNAH10	0.065335003
DNAH10OS	0.154130687
DNAH11	0.044004995
DNAH12	0.040230722
DNAH14	0.562111712
DNAH17	0.132620519
DNAH17-AS1	0.030907436
DNAH2	0.076076925
DNAH3	0.206082825
DNAH5	0.465619684
DNAH6	0.052093526
DNAH7	0.021629904
DNAH8	0.008062299
DNAH9	0.038600751
DNAI1	0.120874273
DNAI2	0.153265696
DNAJA1	41.28627578
DNAJA1P1	0
DNAJA1P2	0
DNAJA1P3	0.060993928
DNAJA1P4	0
DNAJA1P5	0
DNAJA1P6	0
DNAJA2	16.44413149
DNAJA3	9.393013108
DNAJA4	10.74372269
DNAJB1	165.810431
DNAJB11	19.9940531
DNAJB12	8.5087015
DNAJB13	0.034928897
DNAJB14	4.139360038
DNAJB1P1	0.071119873
DNAJB2	8.227962711
DNAJB3	0.383500525
DNAJB4	21.66385645
DNAJB5	1.924409669
DNAJB5-AS1	0
DNAJB5P1	0
DNAJB6	6.872221376
DNAJB7	0.037665761
DNAJB8	0.006659968
DNAJB8-AS1	0
DNAJB9	41.73141324
DNAJC1	11.82233521
DNAJC10	3.50575636
DNAJC11	4.341236503
DNAJC12	0.778283668
DNAJC13	5.666503006
DNAJC14	3.85280736
DNAJC15	0.990100882
DNAJC16	3.158122119
DNAJC17	1.266776973
DNAJC18	0.821761549
DNAJC19	10.75003518
DNAJC19P1	0
DNAJC19P2	0
DNAJC19P3	0
DNAJC19P4	0
DNAJC19P5	1.766893715
DNAJC19P6	0
DNAJC19P7	0
DNAJC19P8	0
DNAJC19P9	0.345806029
DNAJC2	4.807778517
DNAJC21	6.426905527
DNAJC22	0.227916982
DNAJC24	1.38772433
DNAJC25	5.069147308
DNAJC25-GNG10	0.033529811
DNAJC27	0.992778119
DNAJC27-AS1	0.266339791
DNAJC28	0.127046128
DNAJC3	16.14319771
DNAJC30	10.12052483
DNAJC3-AS1	0.637133247
DNAJC4	7.766111054
DNAJC5	10.48253385
DNAJC5B	0.429802631
DNAJC5G	0.010330035
DNAJC6	0.411923903
DNAJC7	6.723505178
DNAJC8	36.83365847
DNAJC8P1	0.130513888
DNAJC9	6.033602605
DNAJC9-AS1	0.089357975
DNAL1	1.464623211
DNAL4	8.911037132
DNALI1	0.501201449
DNASE1	0.388732982
DNASE1L1	5.654506309
DNASE1L2	0.143838916
DNASE1L3	1.557708961
DNASE2	35.01618241
DNASE2B	0.016446872
DND1	0
DND1P1	1.12323284
DNER	0.141890321
DNHD1	0.238687022
DNLZ	0.05404869
DNM1	1.075135987
DNM1L	11.2310409
DNM1P17	0
DNM1P24	0
DNM1P28	0
DNM1P30	0
DNM1P31	0
DNM1P32	0
DNM1P33	0
DNM1P34	0
DNM1P35	0.144678821
DNM1P38	0
DNM1P41	0
DNM1P46	0.061009257
DNM1P47	0
DNM1P48	0
DNM1P49	0
DNM1P50	0
DNM1P51	0.030358278
DNM2	7.411068476
DNM3	0.199278775
DNM3-IT1	0.061301978
DNM3OS	0.272947127
DNMBP	2.965795235
DNMBP-AS1	0.062351669
DNMT1	5.959858885
DNMT3A	3.364652383
DNMT3B	2.448530748
DNMT3L	0
DNPEP	14.57868253
DNPH1	20.87700157
DNTT	0.012310133
DNTTIP1	11.44807111
DNTTIP2	9.943981422
DOC2A	0.139775378
DOC2B	2.409487168
DOC2GP	0.169114259
DOCK1	4.689940113
DOCK10	0.813939573
DOCK11	1.304120467
DOCK11P1	0.00409231
DOCK2	1.013208981
DOCK3	0.130320093
DOCK4	1.071736623
DOCK4-AS1	0.019467188
DOCK5	1.116433464
DOCK6	2.202079443
DOCK7	3.114586387
DOCK8	1.061968709
DOCK9	1.998448873
DOCK9-AS1	0
DOCK9-AS2	2.256095095
DOHH	2.359419902
DOK1	3.13695631
DOK2	3.216981403
DOK3	1.173244325
DOK4	2.261259423
DOK5	1.034788686
DOK6	0.320674584
DOK7	0.132488919
DOLK	9.698618176
DOLPP1	10.31901181
DONSON	4.270512505
DOPEY1	0.589670712
DOPEY2	1.459760984
DOT1L	1.662593173
DPAGT1	6.942448988
DPCD	4.479254878
DPCR1	0.013704695
DPEP1	0.203996498
DPEP2	0.346992327
DPEP2NB	0
DPEP3	0.024059052
DPF1	0.156779808
DPF2	7.381791086
DPF3	0.066952545
DPH1	2.201121146
DPH2	8.707726267
DPH3	7.810167986
DPH3P1	0
DPH3P2	0
DPH5	7.552403668
DPH6	0.935174955
DPH6-AS1	0.110992216
DPH7	3.428417563
DPM1	28.19748771
DPM2	12.82352066
DPM3	58.1130923
DPP10	0.00485269
DPP10-AS1	0.048795142
DPP10-AS2	0
DPP10-AS3	0
DPP3	15.3820643
DPP3P1	0
DPP3P2	0
DPP4	1.88524693
DPP6	0.003576777
DPP7	29.0532246
DPP8	2.978876288
DPP9	5.5702023
DPP9-AS1	0
DPPA2	0
DPPA2P1	0
DPPA2P2	0
DPPA2P3	0
DPPA2P4	0
DPPA3	0
DPPA3P1	0
DPPA3P2	0
DPPA3P3	0
DPPA4	0.024295019
DPPA5	0
DPPA5P1	0
DPPA5P2	0
DPPA5P4	0
DPRX	0
DPRXP1	0
DPRXP2	0
DPRXP4	0.213693514
DPRXP5	0
DPRXP6	0
DPRXP7	0
DPT	17.900864
DPY19L1	7.317123134
DPY19L1P1	0.495993026
DPY19L1P2	0.530613841
DPY19L2	0.146186651
DPY19L2P1	0.041085368
DPY19L2P2	0.030453241
DPY19L2P3	0.279029692
DPY19L2P4	0
DPY19L2P5	0.073340131
DPY19L3	1.182142769
DPY19L4	6.439697174
DPY30	27.66266824
DPYD	4.438404009
DPYD-AS1	0.016413511
DPYD-AS2	0
DPYD-IT1	0.121075228
DPYS	0.006358194
DPYSL2	2.929455661
DPYSL3	28.86029345
DPYSL4	2.315964016
DPYSL5	0
DQX1	3.385370449
DR1	8.828694161
DRAIC	0.02583425
DRAM1	7.108448292
DRAM2	15.99032202
DRAP1	31.10964205
DRAXIN	0.066091977
DRAXINP1	0
DRC1	0.533616823
DRC3	0.145679987
DRC7	0.042415113
DRD1	0.023952228
DRD2	0.017771291
DRD3	0
DRD4	0.394457683
DRD5	0.052093526
DRD5P1	0
DRD5P2	0
DRG1	60.98191941
DRG2	3.252685756
DRGX	0.016799712
DRICH1	0.018644841
DROSHA	5.897281784
DRP2	0.077093583
DSC1	0.085257258
DSC2	16.32042888
DSC3	42.54075772
DSCAM	0
DSCAM-AS1	0
DSCAM-IT1	0
DSCAML1	0.003450687
DSCAS	0
DSCC1	4.429850952
DSCR10	0
DSCR4	0
DSCR4-IT1	0
DSCR8	0
DSCR9	0.025539803
DSE	0
DSE	1.58754813
DSE	0.076051326
DSEL	0.730992801
DSG1	0.101687515
DSG1-AS1	1.288782051
DSG2	95.43559251
DSG2-AS1	0.227883439
DSG3	60.38798475
DSG4	0.03618592
DSN1	7.205567417
DSP	72.73054205
DSPP	0
DST	5.71717554
DSTN	183.3938049
DSTNP1	0.522055553
DSTNP2	1.647664019
DSTNP4	0.102428621
DSTNP5	0
DSTYK	2.928556987
DTD1	15.92606601
DTD2	18.96453337
DTHD1	0.138273169
DTL	7.545380626
DTNA	0.856966132
DTNB	5.275676006
DTNBP1	4.374695534
DTWD1	1.225632316
DTWD2	1.69829183
DTX1	0.337545151
DTX2	5.267252686
DTX2P1	0.683819246
DTX2P1-UPK3BP1-PMS2P11	0.451528224
DTX3	6.557436719
DTX3L	17.69784339
DTX4	2.330807809
DTYMK	18.44191593
DUBR	0.883063298
DUOX1	4.952395848
DUOX2	1.584800125
DUOXA1	3.444640672
DUOXA2	0.703364588
DUPD1	0
DUS1L	9.343610877
DUS2	2.269050489
DUS3L	10.66472629
DUS4L	1.651400219
DUSP1	234.9525367
DUSP10	8.930482227
DUSP11	29.72115
DUSP12	12.93687437
DUSP12P1	0
DUSP13	0.60921285
DUSP14	28.16123079
DUSP15	0.140876505
DUSP16	6.111305978
DUSP18	1.058306325
DUSP19	0.496710222
DUSP2	9.574531269
DUSP21	0
DUSP22	4.922572538
DUSP23	64.05811475
DUSP26	0.035490619
DUSP27	0
DUSP28	0.896671583
DUSP3	19.44662143
DUSP4	1.144033273
DUSP5	10.14654396
DUSP5P1	0.447574405
DUSP5P2	0
DUSP6	9.171474661
DUSP7	10.54320213
DUSP8	1.267421048
DUSP8P3	0.02758589
DUSP8P4	0
DUSP8P5	0.066874885
DUSP9	3.699053206
DUT	21.55333491
DUTP1	0.051650177
DUTP2	0
DUTP3	0
DUTP4	0
DUTP5	0
DUTP6	0.105089105
DUTP7	0
DUTP8	0
DUX4	0
DUX4L1	0
DUX4L10	0
DUX4L11	0
DUX4L12	0
DUX4L13	0
DUX4L14	0
DUX4L15	0
DUX4L16	0
DUX4L17	0
DUX4L18	0
DUX4L19	0
DUX4L2	0
DUX4L20	0
DUX4L21	0
DUX4L22	0
DUX4L23	0
DUX4L24	0
DUX4L25	0
DUX4L26	0.096715471
DUX4L27	0.019251057
DUX4L28	0
DUX4L29	0
DUX4L3	0
DUX4L31	0
DUX4L4	0
DUX4L45	0
DUX4L46	0
DUX4L47	0
DUX4L5	0
DUX4L50	1.324122721
DUX4L51	0
DUX4L52	0
DUX4L6	0
DUX4L7	0
DUX4L8	0
DUX4L9	0.964081939
DUXA	0
DUXAP1	0
DUXAP11	0
DUXAP2	0
DUXAP3	0
DUXAP4	0
DUXAP5	0
DUXAP6	0.040391985
DUXAP7	0
DUXAP8	2.552329128
DUXAP8	0
DUXAP9	0.967872117
DVL1	7.966513827
DVL2	7.527699544
DVL3	32.12428984
DWORF	0
DXO	4.448405302
DYDC1	0.019624562
DYDC2	0.876481504
DYM	6.781505951
DYNAP	0.011359655
DYNC1H1	16.27319995
DYNC1I1	4.607471683
DYNC1I2	22.82783811
DYNC1I2P1	0.396228235
DYNC1LI1	7.434694273
DYNC1LI2	5.639278392
DYNC2H1	0.261722194
DYNC2LI1	3.106727952
DYNLL1	83.5319781
DYNLL1P1	0.270731411
DYNLL1P2	0.179819135
DYNLL1P3	0
DYNLL1P4	0.365046364
DYNLL1P5	0
DYNLL1P6	0
DYNLL1P7	0.094091408
DYNLL2	12.21092158
DYNLRB1	37.05480284
DYNLRB2	0.315051968
DYNLT1	43.23342254
DYNLT3	38.21156618
DYNLT3P1	0
DYNLT3P2	0.082290113
DYRK1A	4.537558833
DYRK1B	3.513571255
DYRK2	3.462096027
DYRK3	1.645997345
DYRK4	3.727028158
DYSF	1.580547154
DYTN	0.045374922
DZANK1	0.198048269
DZIP1	1.808487959
DZIP1L	3.541492418
DZIP3	1.061969719
E2F1	8.020738043
E2F2	1.214446439
E2F3	4.367160498
E2F3-IT1	0
E2F3P1	0.019736247
E2F3P2	0
E2F4	17.27483574
E2F4P1	0
E2F5	0.933676278
E2F6	6.142015031
E2F6P1	0
E2F6P2	0
E2F6P3	0
E2F6P4	0.094457522
E2F7	1.440436002
E2F8	0.82677711
E4F1	2.73773369
EAF1	6.549507118
EAF1-AS1	0.033708285
EAF2	3.140739298
EAPP	34.69136301
EARS2	8.562121062
EBAG9	7.194963676
EBAG9P1	0.08941283
EBF1	0.487240583
EBF2	0.140638535
EBF3	0.063012546
EBF4	1.854793014
EBI3	2.722495314
EBLN1	0
EBLN2	0.231333729
EBLN3P	9.174021114
EBNA1BP2	18.7128548
EBP	19.81145563
EBPL	36.85033532
ECD	11.00861816
ECE1	54.21157084
ECE2	11.86732189
ECEL1	0.179698126
ECEL1P1	0
ECEL1P2	0.028425741
ECEL1P3	0
ECH1	40.05914036
ECHDC1	6.374585167
ECHDC2	1.879616537
ECHDC3	17.38731704
ECHS1	69.7191147
ECI1	14.75751287
ECI2	9.977429049
ECM1	17.22410428
ECM1P1	0
ECM1P2	0
ECM2	1.78758363
ECPAS	11.74847435
ECSCR	1.946737591
ECSIT	13.71519238
ECT2	17.32267477
ECT2L	0.110248107
EDA	0.773461217
EDA2R	0.19670073
EDAR	0.19196688
EDARADD	1.733039489
EDC3	9.461911625
EDC4	3.381986322
EDDM13	2.235764775
EDDM3A	0
EDDM3B	0
EDDM3CP	0
EDDM3DP	0.055934524
EDEM1	8.732456763
EDEM2	35.55949162
EDEM3	9.873231821
EDF1	108.5927756
EDIL3	10.31014226
EDN1	4.071802202
EDN2	1.125652425
EDN3	0
EDNRA	4.485082978
EDNRB	0.900530211
EDNRB-AS1	0
EDRF1	1.433140619
EDRF1-AS1	0.036614756
EEA1	2.762393952
EED	4.055157288
EEF1A1	948.890429
EEF1A1P1	0.525587729
EEF1A1P10	0.716042383
EEF1A1P11	2.429306024
EEF1A1P12	2.416737111
EEF1A1P13	4.072146069
EEF1A1P14	0.617474864
EEF1A1P15	0.068964725
EEF1A1P16	0.343360442
EEF1A1P17	0.628309213
EEF1A1P19	2.898314928
EEF1A1P2	0.301976847
EEF1A1P20	0.070059403
EEF1A1P21	0.01806219
EEF1A1P22	0.598094079
EEF1A1P24	0.440413338
EEF1A1P25	0.421517625
EEF1A1P26	0.053431218
EEF1A1P27	0.128329074
EEF1A1P28	0.276842004
EEF1A1P29	0.509432859
EEF1A1P3	0.438187423
EEF1A1P30	0.350749872
EEF1A1P31	0.021425934
EEF1A1P32	0.036043925
EEF1A1P33	0.196058308
EEF1A1P34	0.057479676
EEF1A1P36	0.035937207
EEF1A1P37	0
EEF1A1P38	0.367017457
EEF1A1P39	0
EEF1A1P4	0.794787778
EEF1A1P40	0
EEF1A1P41	0.234546698
EEF1A1P42	0.018238605
EEF1A1P5	19.48687926
EEF1A1P6	9.0156429
EEF1A1P7	0.609501731
EEF1A1P8	0.454729945
EEF1A1P9	3.966942738
EEF1A2	0.121014871
EEF1AKMT1	7.016169309
EEF1AKMT2	1.827132654
EEF1AKMT3	3.469032037
EEF1B2	185.8888524
EEF1B2P1	0
EEF1B2P2	0.251374382
EEF1B2P3	3.508860111
EEF1B2P4	0
EEF1B2P5	0
EEF1B2P6	1.118191798
EEF1B2P7	0.107731878
EEF1B2P8	0
EEF1D	8.01171804
EEF1DP1	0.460585842
EEF1DP2	0
EEF1DP3	0.013319936
EEF1DP4	0.02758589
EEF1DP5	0.031445056
EEF1DP6	0
EEF1DP7	0.09464165
EEF1DP8	0.045290267
EEF1E1	4.20530986
EEF1E1-BLOC1S5	0.031608832
EEF1E1P1	0.112909689
EEF1G	0.0983179
EEF1GP1	2.298611806
EEF1GP2	0.058589501
EEF1GP3	0.07539001
EEF1GP4	0
EEF1GP5	0.111185877
EEF1GP6	0
EEF1GP7	0.069062826
EEF1GP8	0.084144136
EEF2	348.4302732
EEF2K	9.682991361
EEF2KMT	2.615368141
EEFSEC	10.5083896
EEPD1	2.449094325
EFCAB1	0.255092261
EFCAB10	0.225994568
EFCAB11	1.067283531
EFCAB12	0.018699897
EFCAB13	0.163729203
EFCAB14	18.96855834
EFCAB14-AS1	0
EFCAB14P1	0
EFCAB2	0.595114216
EFCAB3	0
EFCAB5	0.070079628
EFCAB6	0.153194051
EFCAB6-AS1	0.018279807
EFCAB7	0.804362768
EFCAB8	0.02140704
EFCAB9	0
EFCC1	0.230803508
EFEMP1	13.89627025
EFEMP2	6.562548808
EFHB	0.087469072
EFHC1	0.979564863
EFHC2	0.351078034
EFHD1	0.612457375
EFHD2	57.62453733
EFL1	2.744017964
EFL1P1	0.270028734
EFL1P2	0
EFNA1	261.6198439
EFNA2	0.102320688
EFNA3	3.62417036
EFNA4	19.56654293
EFNA5	1.962308235
EFNB1	18.26162612
EFNB2	8.815611928
EFNB3	0.444524957
EFR3A	14.31249584
EFR3B	0.09626801
EFS	17.60111023
EFTUD2	12.0594078
EGF	0.942971896
EGFEM1P	0.026057947
EGFL6	11.41613541
EGFL7	11.63858749
EGFL8	0.074095637
EGFLAM	1.056013316
EGFLAM-AS1	0
EGFLAM-AS2	0
EGFLAM-AS3	0
EGFLAM-AS4	0
EGFR	9.782529986
EGFR-AS1	0.129769689
EGLN1	14.50520396
EGLN1P1	0
EGLN2	1.520684246
EGLN3	48.29716183
EGLN3-AS1	0.078816829
EGLN3P1	0
EGOT	0.033163365
EGR1	127.1644477
EGR2	4.639275188
EGR3	1.865044807
EGR4	0.204253961
EHBP1	6.370900718
EHBP1L1	5.633528335
EHD1	8.437141161
EHD2	19.0219584
EHD3	7.466993457
EHD4	5.327133314
EHD4-AS1	0.031485841
EHF	25.09473194
EHHADH	4.25597459
EHHADH-AS1	0
EHMT1	4.000978512
EHMT2	6.750803565
EHMT2-AS1	0
EI24	47.06379231
EI24P1	0.027999519
EI24P2	0.022560951
EI24P3	0
EI24P4	0
EID1	122.127945
EID2	6.139357492
EID2B	0.78098391
EID3	2.669650887
EIF1	217.7432039
EIF1AD	8.712066836
EIF1AX	26.06869723
EIF1AX-AS1	0.256884478
EIF1AXP1	1.339342522
EIF1AXP2	0
EIF1AY	0.8163365
EIF1B	24.83422635
EIF1B-AS1	0.335112965
EIF1P1	0
EIF1P2	0
EIF1P3	0.799495256
EIF1P4	0.28985771
EIF1P5	0.622450852
EIF1P6	0.072681387
EIF1P7	0.072034372
EIF2A	35.58185824
EIF2AK1	36.47898451
EIF2AK2	9.380177464
EIF2AK3	10.23470025
EIF2AK4	5.101993864
EIF2AP4	0
EIF2B1	10.87615736
EIF2B2	9.218124512
EIF2B3	7.707551048
EIF2B4	6.813162188
EIF2B5	15.81671054
EIF2D	8.112933627
EIF2S1	29.27589801
EIF2S2	62.55349832
EIF2S2P2	0.049441106
EIF2S2P3	0.121499416
EIF2S2P4	0.542746779
EIF2S2P5	0
EIF2S3	65.84192603
EIF2S3B	0.160301004
EIF3A	19.01433514
EIF3B	20.59296807
EIF3C	1.001341731
EIF3CL	0.070682708
EIF3D	63.92769065
EIF3E	69.96057338
EIF3EP1	1.143682492
EIF3EP2	0
EIF3F	15.95186366
EIF3FP1	0.120474358
EIF3FP3	6.616549385
EIF3G	24.29582412
EIF3H	24.21144195
EIF3I	131.4118238
EIF3IP1	0.025104016
EIF3J	39.881858
EIF3J-AS1	1.691271864
EIF3K	61.92963296
EIF3KP1	0.037005462
EIF3KP2	0
EIF3KP3	0
EIF3L	34.01746065
EIF3LP1	0.014641486
EIF3LP2	0.060162536
EIF3LP3	0.02953234
EIF3M	34.95252592
EIF4A1	1.22382549
EIF4A1P1	0
EIF4A1P10	0.818502395
EIF4A1P11	0
EIF4A1P12	0
EIF4A1P13	0
EIF4A1P2	0.19898019
EIF4A1P3	0
EIF4A1P4	0.340218396
EIF4A1P5	0.044338965
EIF4A1P6	0.080249862
EIF4A1P7	0.019898019
EIF4A1P8	0.02039965
EIF4A1P9	0.100561654
EIF4A2	123.9230327
EIF4A2P1	0.114184305
EIF4A2P2	0.022687461
EIF4A2P3	0.253110346
EIF4A2P4	0.182675793
EIF4A2P5	0
EIF4A3	22.63831316
EIF4A3P1	0
EIF4B	47.2911744
EIF4BP1	0
EIF4BP2	0.01353154
EIF4BP3	0.406780043
EIF4BP4	0
EIF4BP5	0
EIF4BP6	0.783511712
EIF4BP7	1.620157512
EIF4BP8	0.013294405
EIF4BP9	0
EIF4E	3.351331671
EIF4E1B	0.007365165
EIF4E2	13.80024795
EIF4E2P1	0
EIF4E2P2	0.032983129
EIF4E3	2.173294165
EIF4EBP1	162.6667692
EIF4EBP1P1	0.071189394
EIF4EBP2	19.12074324
EIF4EBP2P1	0
EIF4EBP2P2	0.072899649
EIF4EBP2P3	0
EIF4EBP3	6.288465117
EIF4ENIF1	3.998049702
EIF4EP1	0.264687044
EIF4EP2	0.890847091
EIF4EP3	0
EIF4EP4	0
EIF4EP5	0.037930599
EIF4G1	72.11526956
EIF4G2	217.6724653
EIF4G3	5.739675095
EIF4H	62.6555009
EIF4HP1	0.565370206
EIF4HP2	0.043118265
EIF5	45.93094476
EIF5A	187.1332703
EIF5A2	3.862912402
EIF5A2P1	0
EIF5AL1	3.913173441
EIF5AP2	0.185486787
EIF5AP3	0.052544552
EIF5AP4	0.261027777
EIF5B	18.53850196
EIF5P1	0.059160641
EIF5P2	0
EIF6	122.2380162
EIPR1	7.616858319
EIPR1-IT1	0
ELAC1	3.002345431
ELAC2	7.280761996
ELANE	0.141686283
ELAVL1	10.79907723
ELAVL2	0.080288894
ELAVL3	0
ELAVL4	0.013945474
ELDR	0
ELF1	18.87549325
ELF2	3.380431682
ELF2P3	0
ELF3	41.90415999
ELF3-AS1	1.784632885
ELF4	14.96694322
ELF5	0.027008882
ELFN1	0.492456565
ELFN1-AS1	0.049091169
ELFN2	0.008292729
ELK1	7.972793076
ELK1P1	0
ELK2AP	0
ELK2BP	0
ELK3	7.207466618
ELK4	3.688721054
ELL	3.240684471
ELL2	25.85352963
ELL2P1	0.165573233
ELL2P2	0
ELL2P3	0
ELL2P4	0
ELL3	0.396164032
ELMO1	2.336239513
ELMO1-AS1	0
ELMO2	4.260552496
ELMO2P1	0
ELMO3	11.43544949
ELMOD1	0.016581683
ELMOD2	3.930541843
ELMOD3	3.213780889
ELMSAN1	3.471026731
ELN	0.886864015
ELN-AS1	0.547569546
ELOA	8.240459523
ELOA2	0.007959208
ELOA3	0
ELOA3B	0
ELOA3C	0
ELOA3D	0
ELOA-AS1	0.648790643
ELOB	101.7293279
ELOBP1	0.067998833
ELOBP2	0.478673472
ELOBP3	0
ELOBP4	0
ELOC	17.93854406
ELOCP10	0
ELOCP11	0
ELOCP12	0
ELOCP13	0
ELOCP14	0
ELOCP15	0
ELOCP16	0
ELOCP17	0
ELOCP18	0
ELOCP19	0.534368184
ELOCP2	0.511834586
ELOCP20	0
ELOCP21	0.07224876
ELOCP22	0
ELOCP23	0
ELOCP24	0
ELOCP26	0
ELOCP28	0
ELOCP29	0
ELOCP3	0.069757423
ELOCP30	0
ELOCP31	0
ELOCP32	0
ELOCP33	0
ELOCP34	0
ELOCP35	0
ELOCP4	0
ELOCP5	0
ELOCP6	0
ELOCP7	0
ELOCP8	0
ELOCP9	0
ELOF1	9.15060925
ELOVL1	38.8293134
ELOVL2	0.334039799
ELOVL2-AS1	0
ELOVL3	0.212477752
ELOVL4	1.085298921
ELOVL5	44.45112038
ELOVL6	3.872383016
ELOVL7	2.297055842
ELP1	7.863073334
ELP2	7.196258451
ELP3	4.729009718
ELP4	10.11938462
ELP5	16.83855483
ELP6	7.854942713
ELSPBP1	0
EMB	2.627507485
EMBP1	0.089639818
EMC1	11.784485
EMC10	14.38962976
EMC2	10.59368218
EMC3	16.11171027
EMC3-AS1	0.496753992
EMC4	19.36493597
EMC6	3.346179221
EMC7	42.56908188
EMC8	6.779776164
EMC9	13.03971819
EMCN	0.791746086
EMD	35.0674019
EME1	1.893996626
EME2	0.71326435
EMG1	0.300626418
EMG1	5.830474898
EMID1	1.754145021
EMILIN1	16.25323283
EMILIN2	2.180464196
EMILIN3	0.12790086
EML1	4.105489689
EML2	4.294865465
EML2-AS1	0.058969028
EML3	6.67689083
EML4	10.44863861
EML5	0.130205401
EML6	0.161545542
EMP1	15.77696108
EMP2	13.50221416
EMP3	11.54801289
EMSY	1.341203825
EMX1	0.017603759
EMX2	0.007441932
EMX2OS	0.005502172
EN1	2.060817009
EN2	0.600632987
ENAH	19.37885503
ENAM	0.011166322
ENC1	5.16343064
ENDOD1	31.41271863
ENDOG	3.189795064
ENDOU	0.289965906
ENDOV	2.135367723
ENG	14.03480351
ENGASE	1.207290466
ENHO	0.89743376
ENKD1	0.770221939
ENKUR	0.339476998
ENO1	522.4709025
ENO1-AS1	0.159707784
ENO1P1	0
ENO1P2	0
ENO1P3	0
ENO1P4	0
ENO2	5.25092036
ENO3	0.526008676
ENO4	0.107414085
ENOPH1	29.96985582
ENOSF1	1.239390176
ENOX1	0.788821118
ENOX1-AS1	0
ENOX1-AS2	0
ENOX2	7.119854391
ENPEP	1.054783736
ENPP1	0.219516366
ENPP2	4.311089604
ENPP3	0.087479579
ENPP4	6.550388505
ENPP5	4.007976216
ENPP6	0.05161723
ENPP7	0
ENPP7P1	0
ENPP7P10	0
ENPP7P11	0
ENPP7P12	0
ENPP7P13	0
ENPP7P14	0
ENPP7P2	0
ENPP7P3	0
ENPP7P4	0.022353207
ENPP7P5	0.023964051
ENPP7P6	0.026130875
ENPP7P7	0.02202866
ENPP7P8	0
ENPP7P9	0
ENSA	81.74503236
ENSAP1	0
ENSAP2	0.965506151
ENSAP3	0
ENTHD1	0.110775152
ENTPD1	3.070436076
ENTPD1-AS1	0.067819717
ENTPD2	0.470206891
ENTPD3	6.499940707
ENTPD3-AS1	0.762454995
ENTPD4	7.168582473
ENTPD5	3.487320029
ENTPD6	22.02894111
ENTPD7	6.312846497
ENTPD8	0.085597966
ENY2	8.643009505
EOGT	5.396963142
EOMES	0.511274592
EP300	7.028142246
EP300-AS1	0.318716629
EP400	1.331555647
EP400P1	0.429962097
EPAS1	21.97169673
EPB41	2.633492134
EPB41L1	3.512067454
EPB41L2	3.366410047
EPB41L3	0.705749671
EPB41L4A	0.26306563
EPB41L4A-AS1	2.497248991
EPB41L4A-AS2	0.295619566
EPB41L4B	2.252246647
EPB41L5	1.634763443
EPB42	0.004355146
EPC1	2.092871032
EPC2	3.97054953
EPCAM	91.98509004
EPDR1	10.56123488
EPG5	1.743226524
EPGN	5.674116474
EPHA1	3.303079567
EPHA10	0.101247526
EPHA1-AS1	0.013699539
EPHA2	12.12319941
EPHA3	0.498315089
EPHA4	2.124193872
EPHA5	0.004937574
EPHA5-AS1	0
EPHA6	0.115763392
EPHA7	0.107442898
EPHA8	0.004530717
EPHB1	0.289659777
EPHB2	1.295628762
EPHB3	26.04857926
EPHB4	6.688517334
EPHB6	0.8160243
EPHX1	194.1078731
EPHX2	3.077186605
EPHX3	0.632549612
EPHX4	0.409805492
EPM2A	0.570231821
EPM2AIP1	1.511622583
EPN1	5.419838147
EPN2	3.480155819
EPN2-AS1	0
EPN3	4.915779454
EPO	0.2007755
EPOP	1.31201727
EPOR	0.946109122
EPPIN	0.019457826
EPPIN-WFDC6	0
EPPK1	0.496070223
EPRS	26.8991279
EPS15	7.45234302
EPS15L1	4.837264833
EPS15P1	0.023443344
EPS8	21.32335907
EPS8L1	1.054472066
EPS8L2	9.453533812
EPS8L3	0.006981761
EPSTI1	4.930053456
EPX	0
EPYC	1.02212982
EQTN	0
ERAL1	27.07177852
ERAP1	15.14283077
ERAP2	1.059726349
ERAS	0.019175026
ERBB2	7.371347525
ERBB3	3.246838227
ERBB4	0.005592164
ERBIN	5.807510316
ERC1	2.317018363
ERC2	0.321307984
ERC2-IT1	0
ERCC1	11.18000317
ERCC2	2.93941558
ERCC3	8.085300991
ERCC4	1.259690429
ERCC5	1.372098182
ERCC6	1.020092742
ERCC6L	1.385110042
ERCC6L2	1.341347914
ERCC8	1.87813982
EREG	0.046708311
ERF	13.33499412
ERFE	1.162128984
ERG	0.918172428
ERG28	34.08538973
ERGIC1	9.065356771
ERGIC2	17.75042645
ERGIC3	34.18044111
ERH	188.4967139
ERHP1	0.469849998
ERHP2	0
ERI1	2.714607113
ERI2	3.83109707
ERI3	24.82688337
ERI3-IT1	0
ERICD	0.193913795
ERICH1	0.978411333
ERICH2	0.444311839
ERICH3	0.06083413
ERICH3-AS1	0
ERICH4	0
ERICH5	1.571502832
ERICH6	0.070194457
ERICH6-AS1	0.939321237
ERICH6B	0.008257001
ERLEC1	77.76241028
ERLEC1P1	0
ERLIN1	7.91722664
ERLIN2	8.200447966
ERLNC1	0
ERMAP	4.875036146
ERMARD	3.30641324
ERMN	0.232090711
ERMP1	9.966078895
ERN1	2.265780687
ERN2	0.237995914
ERO1A	75.6183774
ERO1B	4.251962813
ERP27	1.060680883
ERP29	39.03148427
ERP29P1	0.034384679
ERP44	24.54064418
ERRFI1	10.3516283
ERV3-1	6.060934857
ERVE-1	0.486954492
ERVFRD-1	0.014975684
ERVFRD-3	0
ERVH-1	0
ERVH48-1	0
ERVK13-1	0.281581603
ERVK-28	0
ERVK3-1	1.962151461
ERVK9-11	0.065491681
ERVMER34-1	2.173310737
ERVMER61-1	0
ERVV-1	0
ERVV-2	0
ERVW-1	0.007920256
ESAM	4.96319287
ESCO1	4.342795334
ESCO2	2.146530311
ESD	34.50401919
ESF1	4.483736453
ESM1	2.224886477
ESPL1	1.941500525
ESPN	1.242938136
ESPNL	0.027164024
ESPNP	0
ESR1	0.049872796
ESR2	0.106597292
ESRG	0.193276936
ESRP1	25.83420015
ESRP2	4.739040693
ESRRA	10.29509057
ESRRAP1	0
ESRRAP2	0.015913198
ESRRB	0.081381368
ESRRG	0.111233428
ESS2	3.004624076
ESX1	0
ESYT1	13.96519989
ESYT2	10.12679655
ESYT3	0.11128782
ETAA1	4.331443707
ETDA	0
ETDB	0
ETF1	30.77580459
ETF1P1	0.024670308
ETF1P2	0.015306168
ETF1P3	0
ETFA	36.34823462
ETFB	36.5249696
ETFBKMT	0.349924685
ETFDH	2.452952322
ETFRF1	7.983575827
ETHE1	16.58730624
ETNK1	10.33142267
ETNK2	7.2197061
ETNPPL	0
ETS1	7.388959167
ETS2	40.55263913
ETV1	2.067564752
ETV2	0.541462823
ETV3	10.112715
ETV3L	0.012285214
ETV4	4.287093571
ETV5	14.55614512
ETV5-AS1	0.216746279
ETV6	6.093771844
ETV7	4.386783993
EVA1A	2.592108558
EVA1B	5.933585989
EVA1C	4.160253866
EVC	1.871271174
EVC2	0.71826467
EVI2A	7.290880136
EVI2B	6.303216106
EVI5	1.935945496
EVI5L	3.117929194
EVL	3.764418187
EVPL	5.252706089
EVPLL	0.596755988
EVX1	0
EVX1-AS	0
EVX2	0.01155155
EWSAT1	0.013576948
EWSR1	13.18395029
EXD1	0.026523445
EXD2	6.961351981
EXD3	0.544338412
EXO1	4.432932588
EXO5	1.570218837
EXOC1	5.584246747
EXOC1L	0
EXOC2	4.681684823
EXOC3	10.0994971
EXOC3-AS1	3.240637086
EXOC3L1	0.962502812
EXOC3L4	0.188345042
EXOC4	7.211381788
EXOC5	9.878183644
EXOC5P1	0.024657779
EXOC6	1.97952035
EXOC6B	5.539170879
EXOC7	4.650052229
EXOC7P1	0
EXOC8	3.846013969
EXOG	1.208434164
EXOGP1	0
EXOSC1	5.689703212
EXOSC10	5.528023032
EXOSC2	7.71207797
EXOSC3	7.468174791
EXOSC3P1	0.728267497
EXOSC3P2	0
EXOSC4	23.32664429
EXOSC5	15.48221
EXOSC6	4.579054316
EXOSC7	12.34546206
EXOSC8	6.901488121
EXOSC9	3.741047212
EXPH5	0.497019227
EXT1	16.79024723
EXT2	45.49260828
EXTL1	0.064206965
EXTL2	1.682317
EXTL2P1	0
EXTL3	4.18671178
EXTL3-AS1	0.119640283
EYA1	0.258250885
EYA2	7.682571251
EYA3	3.531062004
EYA4	1.597077843
EYS	0.014221197
EZH1	1.754317333
EZH2	3.790040193
EZH2P1	0
EZR	86.9402919
EZR-AS1	0.223738094
F10	0.298808113
F10-AS1	0
F11	0
F11-AS1	0
F11R	96.51772546
F12	4.357155962
F13A1	6.910000767
F13B	0
F2	0
F2R	8.722731697
F2RL1	21.73969572
F2RL2	9.047592695
F2RL3	0.188724661
F3	18.13702704
F5	0.471403474
F7	0.025586912
F8	1.950333047
F8A1	12.11653453
F8A2	0
F8A3	0.027601573
F9	0
FA2H	0.125856943
FAAH	3.882694146
FAAH2	1.803535157
FAAHP1	0.050732671
FAAP100	3.459519984
FAAP20	2.49961117
FAAP24	1.853958043
FABP1	0
FABP12	0
FABP12P1	0
FABP2	0
FABP3	3.762005586
FABP3P2	0
FABP4	0.765132995
FABP5	71.28395862
FABP5P1	1.063164229
FABP5P10	0.297494892
FABP5P11	0.611475648
FABP5P12	0
FABP5P13	0
FABP5P14	0
FABP5P15	0
FABP5P2	0.297494892
FABP5P3	0.047274748
FABP5P4	0.141962475
FABP5P5	0
FABP5P6	0
FABP5P7	4.315659239
FABP6	1.084476226
FABP7	0.026696023
FABP7P1	0
FABP7P2	0
FABP9	0
FADD	7.252346969
FADS1	25.26036983
FADS2	24.44070826
FADS2P1	0
FADS3	2.233214563
FADS6	0.755164945
FAF1	6.100265842
FAF2	10.64961763
FAF2P1	0
FAH	8.881227104
FAHD1	10.44033803
FAHD2A	2.493978717
FAHD2B	3.839226347
FAHD2CP	2.14396506
FAHD2P1	0.103410365
FAIM	5.413121209
FAIM2	0.032062847
FALEC	0.128669169
FAM102A	24.08058263
FAM102B	1.489490622
FAM103A1	17.75771298
FAM103A2P	0.274300375
FAM104A	10.80962086
FAM104B	3.914789931
FAM105A	1.614797018
FAM106A; FAM106B; FAM106CP	0
FAM107A	0.196175546
FAM107B	5.011443237
FAM109A	1.776790679
FAM109B	12.45968327
FAM110A	9.444468269
FAM110B	1.959530185
FAM110C	20.24392764
FAM110D	0.254861766
FAM111A	3.815646995
FAM111A-DT	1.165595111
FAM111B	3.896158839
FAM114A1	18.90814263
FAM114A2	2.730678473
FAM117A	4.474149462
FAM117B	2.936104619
FAM118A	2.247877254
FAM118B	7.201882593
FAM120A	28.33948568
FAM120AOS	21.40196024
FAM120B	5.057245401
FAM120C	1.266336254
FAM122A	6.455364795
FAM122B	10.14238718
FAM122C	0.44893766
FAM124A	0.539698881
FAM124B	0.431901085
FAM126A	3.916172781
FAM126B	1.044172237
FAM129A	10.7024818
FAM129B	49.84649352
FAM129C	0.076914189
FAM131A	6.321881456
FAM131B	0.109485523
FAM131C	0.470954877
FAM133A	7.201540955
FAM133B	0.919447235
FAM133CP	0
FAM133DP	0
FAM135A	4.046312624
FAM135B	0.003563388
FAM136A	11.0129023
FAM136BP	0.349288967
FAM138A	0
FAM138B	0
FAM138C	0
FAM138D	0
FAM138E	0
FAM13A	1.059932767
FAM13A-AS1	0.043060901
FAM13B	1.961159044
FAM13C	0.118627906
FAM149A	0.483836845
FAM149B1	2.813148008
FAM149B1P1	0
FAM151A	0.133182751
FAM151B	0.484106195
FAM153A	0.008539722
FAM153B	0.006762629
FAM153C	0.045321976
FAM155A	0.16273177
FAM155A-IT1	0
FAM155B	0.810597596
FAM156A	0.007347331
FAM156B	0
FAM157A	0.428953368
FAM157B	0.054356434
FAM157C	0.172099448
FAM160A1	2.50040476
FAM160A1-DT	0.745897808
FAM160A2	6.186788206
FAM160B1	5.697888661
FAM160B2	3.354828123
FAM161A	0.550037015
FAM161B	0.725002584
FAM162A	44.92870925
FAM162B	1.452785868
FAM163A	0.10013991
FAM163B	0.071768169
FAM166A	0.013478947
FAM166B	0.920065836
FAM167A	0.250810715
FAM167A-AS1	0
FAM167B	2.749157929
FAM168A	3.549951068
FAM168B	14.78420983
FAM169A	0.905910977
FAM170A	0
FAM170B	0
FAM170B-AS1	0
FAM171A1	6.671949168
FAM171A2	0.844779483
FAM171B	1.995881284
FAM172A	5.375957396
FAM172BP	0.178333026
FAM173A	2.259661672
FAM173B	8.361370662
FAM174A	14.40076971
FAM174B	3.846978831
FAM177A1	7.321759089
FAM177A1P1	0
FAM177B	0.158542034
FAM178B	0.018344269
FAM180A	0.134544008
FAM180B	0
FAM181A	0.022048668
FAM181A-AS1	0.052374505
FAM181B	0.136101639
FAM182A	0.029363933
FAM182B	0.214159271
FAM183A	2.390122666
FAM183BP	0.045659404
FAM183DP	0
FAM184A	0.081012086
FAM184B	0.029327192
FAM185A	1.681233136
FAM185BP	0.576375579
FAM186A	0.008778538
FAM186B	0.076563025
FAM187A	0
FAM187B	0
FAM187B2P	0.034047101
FAM189A1	0.008755846
FAM189A2	0.163248007
FAM189B	13.44176206
FAM192A	12.40305276
FAM192BP	0.031857721
FAM193A	2.142888379
FAM193B	2.287860789
FAM196A	0.038558902
FAM196B	0.024283678
FAM197Y1	0
FAM197Y10	0
FAM197Y2	0
FAM197Y3	0
FAM197Y4	0
FAM197Y5	0
FAM197Y6	0
FAM197Y7	0
FAM197Y8	0
FAM197Y9	0
FAM198A	0.082551292
FAM198B	4.254388379
FAM198B-AS1	0.064574171
FAM199X	6.035527865
FAM19A1	0.024830123
FAM19A2	0.062951269
FAM19A3	0.056807137
FAM19A4	0.031774324
FAM19A5	1.224107569
FAM200A	5.307212525
FAM200B	3.94597917
FAM201A	0.649957128
FAM201B	0.162650474
FAM204A	3.184372016
FAM204BP	0
FAM204CP	0
FAM205A	0
FAM205BP	0
FAM205C	0.005522198
FAM206A	6.346155004
FAM206BP	0
FAM207A	4.398001524
FAM207BP	0.096140924
FAM207CP	0
FAM208A	5.270747048
FAM208B	5.331325621
FAM209A	0.042701114
FAM209B	0.10493768
FAM20A	2.457692449
FAM20B	32.45186013
FAM20C	9.161685868
FAM210A	5.237842138
FAM210B	9.005786673
FAM210CP	0
FAM212A	9.850284729
FAM212B	0.212467861
FAM212B-AS1	0.011391639
FAM213A	34.91662874
FAM213AP1	0
FAM213AP2	0.106627745
FAM213B	6.409157242
FAM214A	2.82211062
FAM214B	2.27642776
FAM215A	0.03215309
FAM215B	0.022240571
FAM216A	1.075779569
FAM216B	0.54304509
FAM217A	0.01547201
FAM217B	2.394266615
FAM218A	0.256707317
FAM218BP	0
FAM219A	6.733232891
FAM219B	3.305689917
FAM21EP	0.07618857
FAM21FP	0.011631808
FAM220A	20.44419681
FAM220BP	0
FAM220CP	0.204487464
FAM221A	0.673779261
FAM221B	0
FAM222A	0.776140355
FAM222A-AS1	0.272759362
FAM222B	3.689325125
FAM223A	0
FAM223B	0
FAM224A	0
FAM224B	0
FAM225A	0.039796038
FAM225B	0.026219072
FAM226B	0
FAM227A	0.076557817
FAM227B	0.439541291
FAM228A	0.064306181
FAM228B	1.333280608
FAM229A	0.1877198
FAM229B	1.995122647
FAM230A	0
FAM230B	0
FAM230C	0
FAM231BP	0
FAM234A	7.991982813
FAM234B	1.704675889
FAM236A	0
FAM236B	0
FAM236D	0
FAM237A	0.32874988
FAM238A	0
FAM238B	0
FAM239A	1.158091051
FAM239B	0
FAM239C	0
FAM241A	0.938186791
FAM241B	13.44244675
FAM24A	0.040730844
FAM24B	0.783748651
FAM25A	0.281456037
FAM25BP	0
FAM25C	0.228297021
FAM25E	0.041285005
FAM25G	0.052093526
FAM27B	0
FAM27C	0.118225243
FAM27D1	0
FAM27E2	0.060237179
FAM27E3	0.121911278
FAM27E4	0
FAM27E5	0
FAM30A	0.218588315
FAM30B	0
FAM30C	0
FAM32A	48.70280985
FAM32BP	0
FAM35A	3.044462582
FAM35BP	0.026749954
FAM35CP	0
FAM35DP	0.089511738
FAM3A	14.66629979
FAM3B	0.50588184
FAM3C	22.55884121
FAM3C2	7.771038387
FAM3D	3.093656642
FAM3D-AS1	0
FAM41AY1	0
FAM41AY2	0
FAM41C	0.036949137
FAM43A	21.37497223
FAM43B	0.018876814
FAM45A	3.920500779
FAM45BP	0.19432425
FAM46A	1.291382421
FAM46B	0.727857436
FAM46C	4.508141693
FAM46D	0
FAM47A	0
FAM47B	0
FAM47C	0
FAM47DP	0
FAM47E	0.040850792
FAM47E-STBD1	0
FAM49A	2.633419545
FAM49B	18.48517469
FAM50A	23.49066954
FAM50B	10.73051142
FAM53A	0.206162066
FAM53B	3.960275718
FAM53B-AS1	0
FAM53C	6.613727891
FAM57A	26.71200124
FAM57B	0.014802185
FAM58BP	0
FAM58CP	0
FAM58DP	0
FAM60BP	0.036892984
FAM60CP	0.182798066
FAM60DP	0
FAM66A	0.158923622
FAM66B	0.058162523
FAM66C	0.244787044
FAM66D	0.105775962
FAM66E	0
FAM69A	10.20187079
FAM69B	5.377616253
FAM69C	0.006316831
FAM71A	0
FAM71B	0
FAM71BP1	0
FAM71C	0
FAM71D	0.027592161
FAM71E1	1.829194649
FAM71E2	0
FAM71F1	0.375544524
FAM71F2	0.144620496
FAM72A	0.28234884
FAM72B	0.176084019
FAM72C	0.05676286
FAM72D	0.324079542
FAM74A1	0
FAM74A3	0
FAM74A4	0
FAM74A6	0
FAM74A7	0
FAM76A	3.25560003
FAM76B	2.470950625
FAM78A	1.033003541
FAM78B	0.495234619
FAM81A	0.265473391
FAM81B	0.593511253
FAM83A	7.701166498
FAM83A-AS1	2.198679401
FAM83B	14.5868124
FAM83C	1.90654024
FAM83C-AS1	0.2758589
FAM83D	18.94966738
FAM83E	6.181682717
FAM83F	3.72376693
FAM83G	6.330884704
FAM83H	20.02928824
FAM84A	9.436322246
FAM84B	1.217372882
FAM85B	0.030650989
FAM86B1	0.086042946
FAM86B2	0.071085163
FAM86B3P	0.104679106
FAM86C1	2.401420413
FAM86C2P	1.484221431
FAM86DP	1.55990372
FAM86EP	0.810117277
FAM86FP	1.098995216
FAM86GP	0.125003003
FAM86HP	0.391842619
FAM86JP	2.409248037
FAM86KP	0.073785967
FAM86LP	0
FAM86MP	0
FAM87A	0.032145994
FAM87B	0.049872796
FAM89A	21.11184806
FAM89B	18.48141109
FAM8A1	10.18359937
FAM8A2P	0
FAM8A3P	0
FAM8A4P	0
FAM8A6P	0
FAM90A1	0.975614456
FAM90A10P	0
FAM90A11P	0
FAM90A12P	0
FAM90A13P	0
FAM90A14P	0
FAM90A15P	0
FAM90A16P	0
FAM90A17P	0
FAM90A18P	0
FAM90A19P	0
FAM90A20P	0
FAM90A21P	0
FAM90A22P	0
FAM90A23P	0
FAM90A24P	0
FAM90A25P	0.017401852
FAM90A26	0.009741406
FAM90A27P	0
FAM90A28P	0
FAM90A2P	0.030056438
FAM90A3P	0
FAM90A4P	0
FAM90A5P	0
FAM90A6P	0
FAM90A7P	0
FAM90A8P	0
FAM90A9P	0
FAM91A1	10.99872201
FAM91A3P	0.028626867
FAM92A	3.541756247
FAM92A1P1	0.354587171
FAM92A1P2	0
FAM92B	0.828735772
FAM95B1	0
FAM96A	32.96758232
FAM96AP1	0
FAM96AP2	0.152676624
FAM96B	49.91241409
FAM98A	13.467251
FAM98B	2.285469446
FAM98C	2.270226356
FAM99A	0
FAM99B	0
FAM9A	0
FAM9B	0
FAM9C	0
FAN1	3.452823509
FANCA	1.161916781
FANCB	1.50259442
FANCC	1.291711392
FANCD2	2.697608973
FANCD2OS	0.038431002
FANCD2P2	0
FANCE	8.896611547
FANCF	3.900925296
FANCG	6.938759675
FANCI	9.158828075
FANCL	8.262957638
FANCM	1.728646278
FANK1	0.631279942
FANK1-AS1	0
FAP	4.856503226
FAR1	22.94545861
FAR1-IT1	0
FAR1P1	0.051981977
FAR2	0.453120293
FAR2P1	0.015031321
FAR2P2	0.158397728
FAR2P3	0.098681233
FAR2P4	0
FARP1	1.292441366
FARP1-AS1	0
FARP2	2.019456343
FARS2	6.773620838
FARSA	27.57546743
FARSA-AS1	0
FARSB	15.62889285
FARSBP1	0
FAS	8.767645566
FASLG	0.797185466
FASN	8.89482891
FASTK	16.87487979
FASTKD1	4.31408365
FASTKD2	8.845273372
FASTKD3	4.282427001
FASTKD5	8.142540787
FAT1	10.08268799
FAT1P1	0
FAT2	20.59007643
FAT3	0.002518214
FAT4	0.246610037
FATE1	0.181161069
FAU	198.3470323
FAUP1	0.996823465
FAUP2	0
FAXC	1.340548413
FAXDC2	0.326049788
FBF1	0.638356593
FBL	47.62775974
FBLIM1	35.02355136
FBLL1	0
FBLN1	20.67238919
FBLN2	13.10134863
FBLN5	2.040457226
FBLN7	0.317376126
FBN1	6.104801958
FBN2	1.096411609
FBN3	0.014402601
FBP1	4.045930536
FBP2	0.186019795
FBP2P1	0
FBRS	9.521221403
FBRSL1	2.296937903
FBXL12	5.600134543
FBXL13	0.145326515
FBXL14	3.725723528
FBXL15	1.900479519
FBXL16	0.736361386
FBXL17	2.90111893
FBXL18	0.658417941
FBXL19	6.790451158
FBXL19-AS1	0.10445075
FBXL2	0.468787359
FBXL20	1.84299137
FBXL21	1.291254426
FBXL22	0.154493197
FBXL3	7.119512333
FBXL4	4.014520355
FBXL5	42.03237873
FBXL6	2.862720628
FBXL7	0.960220844
FBXL8	1.124587721
FBXO10	0.485754542
FBXO11	4.721968124
FBXO15	0.168417244
FBXO16	0.531715947
FBXO17	2.094747907
FBXO18	9.854228658
FBXO2	0.915667091
FBXO21	5.100352784
FBXO22	2.955234892
FBXO24	0.043439755
FBXO25	1.640586276
FBXO27	7.026466021
FBXO28	11.32646338
FBXO3	6.142038531
FBXO30	5.375711901
FBXO31	3.632425741
FBXO32	12.51366102
FBXO33	3.843266484
FBXO34	19.70592347
FBXO36	1.064556628
FBXO36-IT1	0
FBXO36P1	0.051540516
FBXO38	3.256412791
FBXO39	0.116469556
FBXO3-AS1	0
FBXO4	8.376445437
FBXO40	0
FBXO41	1.078780131
FBXO42	2.510242298
FBXO43	0.307285864
FBXO44	2.987128754
FBXO45	7.23474125
FBXO46	4.635365961
FBXO47	0.021090863
FBXO48	0.775481921
FBXO5	2.628324298
FBXO6	19.75826044
FBXO7	11.62926073
FBXO8	8.526690618
FBXO9	10.86216383
FBXW10	0.132713895
FBXW11	7.142949984
FBXW11P1	0.032938376
FBXW12	0.013919486
FBXW2	4.504658521
FBXW4	4.726944648
FBXW4P1	0.097579388
FBXW5	25.40277051
FBXW7	2.366910661
FBXW7-AS1	0
FBXW8	1.84567696
FBXW9	4.076552527
FCAMR	0.061700155
FCAR	0.205203577
FCER1A	1.083545345
FCER1G	41.47498502
FCER2	0.158469739
FCF1	10.5755016
FCF1P1	0
FCF1P10	0
FCF1P2	5.079967672
FCF1P3	0
FCF1P4	0
FCF1P5	0
FCF1P6	0.0407993
FCF1P7	0.087009259
FCF1P8	0.040662618
FCF1P9	0
FCGBP	0.043078344
FCGR1A	2.202454515
FCGR1B	0.495127178
FCGR1CP	0.460746538
FCGR2A	6.614799492
FCGR2B	0.519864899
FCGR2C	0.149179562
FCGR3A	24.1240187
FCGR3B	1.279741126
FCGRT	18.99929422
FCHO1	1.347222391
FCHO2	4.037346058
FCHSD1	1.646886265
FCHSD2	5.264076931
FCMR	2.564030936
FCN1	0.453248191
FCN2	0.022966493
FCN3	2.050037715
FCRL1	0.092537166
FCRL2	0.643125376
FCRL3	0.24877089
FCRL4	0.150351999
FCRL5	0.905032211
FCRL6	0.490783038
FCRLA	0.630053305
FCRLB	0.515106897
FDCSP	6.562127619
FDFT1	59.82097295
FDPS	78.546333
FDPSP1	0.045332555
FDPSP2	0.027063081
FDPSP3	0.023964051
FDPSP4	0.046283285
FDPSP5	0.045932986
FDPSP6	0.047413248
FDPSP7	0.069095588
FDPSP8	0.022291628
FDX1	9.623913372
FDX1P1	0.04405732
FDX1P2	0
FDX2	2.213309921
FDXACB1	0.505883739
FDXR	6.745091197
FECH	20.11296924
FECHP1	0
FEM1A	0.164485866
FEM1AP1	0
FEM1AP2	0.012156026
FEM1AP3	0
FEM1AP4	0
FEM1B	15.86299836
FEM1C	6.181591944
FEN1	26.71489727
FEN1P1	0
FENDRR	0.150047755
FER	0.661542631
FER1L4	0.278444982
FER1L5	0.023174781
FER1L6	0.492884902
FER1L6-AS1	0
FER1L6-AS2	0
FERD3L	0
FERMT1	24.14421693
FERMT2	2.958140987
FERMT3	6.6270917
FERP1	0.183674022
FES	1.443815665
FETUB	1.115429466
FEV	0.011847527
FEZ1	11.81272695
FEZ2	6.79814106
FEZF1	0.167289624
FEZF1-AS1	0.373695969
FEZF2	0
FFAR1	0
FFAR2	0.33888669
FFAR3	0.039259703
FFAR4	0.059792077
FGA	0.110455131
FGB	0.116537142
FGD1	3.486598385
FGD2	0.699591412
FGD3	1.496101309
FGD4	0.36085635
FGD5	0.893061476
FGD5-AS1	17.96894661
FGD5P1	0.081566964
FGD6	3.262847207
FGF1	1.067665461
FGF10	0
FGF10-AS1	0
FGF11	0.444943304
FGF12	0.904352114
FGF12-AS1	0
FGF12-AS2	0
FGF12-AS3	0
FGF13	0.031775864
FGF13-AS1	0
FGF14	0.044108553
FGF14-AS1	0
FGF14-AS2	1.22056005
FGF14-IT1	0.010204112
FGF16	0.014712475
FGF17	0.014770662
FGF18	0.097786841
FGF19	0.059523294
FGF2	0.308147625
FGF20	0
FGF21	0
FGF22	0
FGF23	0.016087199
FGF3	0
FGF4	0
FGF5	0.028330957
FGF6	0
FGF7	1.502409537
FGF7P1	0
FGF7P2	0
FGF7P3	3.845636945
FGF7P4	0
FGF7P5	0
FGF7P6	0
FGF7P7	0
FGF7P8	0.581948913
FGF8	0.03460525
FGF9	0.010696446
FGFBP1	52.73106818
FGFBP2	0.233045599
FGFBP3	0.124001014
FGFR1	2.729999436
FGFR1OP	0.425971709
FGFR1OP2	6.122764751
FGFR1OP2P1	0
FGFR2	12.47828536
FGFR3	30.57297282
FGFR3P1	0
FGFR3P5	0
FGFR3P6	0
FGFR4	1.045624624
FGFRL1	1.903393135
FGG	1.004739417
FGGY	1.601744213
FGL1	0.051478062
FGL2	7.144234066
FGR	2.466689947
FH	43.07726042
FHAD1	0.079623155
FHDC1	2.838840385
FHIT	0.562368723
FHL1	1.08485181
FHL2	8.833146867
FHL3	7.013753834
FHL5	0.557144533
FHOD1	2.231360248
FHOD3	0.493740676
FHP1	0.034531413
FIBCD1	0.266137952
FIBIN	3.194155687
FIBP	16.05098956
FICD	0.96715471
FIG4	2.635711986
FIGLA	0
FIGN	0.197779344
FIGNL1	5.338313592
FIGNL2	0.148853857
FILIP1	0.288930139
FILIP1L	6.378355001
FILNC1	0
FIP1L1	5.113144185
FIRRE	1.011482634
FIS1	44.94025796
FITM1	0.053746679
FITM2	1.832418398
FIZ1	1.347849024
FJX1	8.917561182
FKBP10	41.8417202
FKBP11	10.28908621
FKBP14	8.140479089
FKBP15	4.146164258
FKBP1A	115.3113753
FKBP1AP1	0.152676624
FKBP1AP2	0
FKBP1AP3	0
FKBP1B	0.738255661
FKBP1BP1	0.224082307
FKBP1C	0.568838872
FKBP2	23.21881032
FKBP3	40.77053079
FKBP4	32.95949359
FKBP4P1	0.018021962
FKBP4P2	0
FKBP4P6	0.018224912
FKBP4P7	0
FKBP4P8	0
FKBP5	5.198647667
FKBP6	0.019664304
FKBP7	2.388149907
FKBP8	48.1914662
FKBP9	23.44448491
FKBP9P1	0.217623794
FKBPL	6.479505112
FKRP	4.376389338
FKTN	1.867817533
FLAD1	32.73791019
FLCN	2.187928101
FLG	0.074272201
FLG2	0.002660629
FLG-AS1	0.356668951
FLI1	1.318937708
FLII	14.50151622
FLNA	55.06440747
FLNB	18.37198131
FLNB-AS1	0.170171249
FLNC	0.52841248
FLNC-AS1	0
FLOT1	69.90087898
FLOT2	75.62833824
FLRT1	0.006147274
FLRT2	0.698377763
FLRT3	1.655791225
FLT1	2.06584246
FLT1P1	0
FLT3	0.140085116
FLT3LG	0.503253482
FLT4	0.809003282
FLVCR1	5.094782445
FLVCR1-AS1	1.482897617
FLVCR2	1.259978368
FLYWCH1	10.26788833
FLYWCH1P1	0
FLYWCH2	12.0399779
FMC1	5.368025948
FMN1	0.151087826
FMN2	0.020039693
FMNL1	1.528438912
FMNL2	3.388676289
FMNL3	1.622109516
FMO1	5.35788136
FMO10P	0
FMO11P	0
FMO2	2.918206029
FMO3	7.556765437
FMO4	3.144155792
FMO5	0.223046622
FMO6P	0.431097571
FMO7P	0.031608832
FMO8P	0
FMO9P	3.490038049
FMOD	20.93860728
FMR1	5.648810233
FMR1-AS1	0.010169913
FMR1-IT1	0.424645771
FMR1NB	0
FN1	55.23168356
FN3K	0.95296711
FN3KRP	17.47743942
FNBP1	4.410064285
FNBP1L	3.910554454
FNBP1P1	0.255660606
FNBP4	5.733332845
FNDC1	4.646858066
FNDC10	6.287201409
FNDC11	0.046876988
FNDC1-IT1	0
FNDC3A	6.792622272
FNDC3B	14.70621051
FNDC3CP	0
FNDC4	5.450370601
FNDC5	0.518147205
FNDC7	0
FNDC8	0.069958453
FNDC9	0.010623888
FNIP1	2.790683389
FNIP2	1.20395099
FNTA	16.18033324
FNTAP2	0.038289563
FNTB	4.642367105
FO082796.1	0
FO082842.1	0
FO393401.1	0.231471592
FO393401.2	0.018293582
FO393408.1	0
FO393409.1	0.088467869
FO393411.1	2.832151375
FO393412.1	0
FO393413.1	0
FO393414.1	0
FO393414.2	0
FO393415.1	0
FO393415.2	0.070774295
FO393415.3	0
FO393418.1	0.142797548
FO393419.1	0
FO393419.2	0.056718652
FO393419.3	0.258250885
FO393422.1	0
FO538757.1	0.502168977
FO538757.2	0
FO680682.1	0.070364009
FO681491.1	0
FO681492.1	0.013178927
FO681548.1	0
FO704657.1	0
FOCAD	0.810314904
FOCAD-AS1	0.114778171
FOLH1	2.571028034
FOLH1B	0
FOLR1	1.23148171
FOLR2	9.51479427
FOLR3	0.330398339
FOPNL	47.41404167
FOS	253.7390717
FOSB	5.556323838
FOSL1	20.42905466
FOSL1P1	0.089248468
FOSL2	34.94978475
FOXA1	11.91832375
FOXA2	0.111912024
FOXA3	0.143970156
FOXB1	0
FOXB2	0
FOXC1	1.824069549
FOXC2	0.293893259
FOXC2-AS1	0
FOXCUT	0
FOXD1	3.407272665
FOXD1-AS1	0
FOXD2	0.171357058
FOXD2-AS1	0.725655138
FOXD3	0.093099073
FOXD3-AS1	0.502392037
FOXD4	0.024595322
FOXD4L1	0.029235949
FOXD4L3	0
FOXD4L4	0
FOXD4L5	0
FOXD4L6	0
FOXE1	18.18915739
FOXE3	0.061271033
FOXF1	1.132308205
FOXF2	3.352183874
FOXG1	0
FOXG1-AS1	0
FOXH1	0.048492975
FOXI1	0.041999279
FOXI2	0.007546031
FOXI3	1.610291897
FOXJ1	0.772112454
FOXJ2	4.607579724
FOXJ3	6.258191118
FOXK1	3.049975895
FOXK2	5.464496713
FOXL1	0.493036965
FOXL2	2.513276014
FOXL2NB	0.563435914
FOXM1	12.35334333
FOXN1	0.033373087
FOXN2	6.958026133
FOXN3	5.725103556
FOXN3-AS1	5.229280693
FOXN3-AS2	0
FOXN3P1	0
FOXN4	0
FOXO1	7.586380851
FOXO1B	0.031795132
FOXO3	5.382696344
FOXO3B	0.226639262
FOXO4	1.063421255
FOXO6	0.394807233
FOXP1	1.380509025
FOXP1-AS1	0
FOXP1-IT1	0
FOXP2	0.326094515
FOXP3	1.421501851
FOXP4	6.613817729
FOXP4-AS1	0.363873838
FOXQ1	4.572019463
FOXR1	0
FOXR2	0
FOXRED1	4.437149204
FOXRED2	7.64787515
FOXS1	1.288317532
FP236240.1	0
FP236240.2	0
FP236240.3	0
FP236241.1	0
FP236241.2	0
FP236315.1	0
FP236315.2	0
FP236315.3	0
FP236383.1	0.011049423
FP236383.2	0
FP236383.3	0
FP325317.1	0
FP325318.1	0
FP325330.1	0
FP325330.2	0
FP325330.3	0.015272465
FP325331.1	0.035182005
FP325332.1	0.035612103
FP325335.1	0
FP475955.1	0
FP475955.2	0
FP475955.3	0
FP475955.4	0
FP565260.1	0.060680035
FP565260.2	0
FP565260.3	0.188014645
FP565260.4	0
FP565260.5	0
FP565260.6	0.085972767
FP565260.7	0.071781433
FP671120.1	0.165206131
FP671120.2	0
FP671120.3	0.078902221
FP671120.4	0.999428128
FP700107.1	0
FP700111.1	0
FP700111.2	0.012830647
FP885919.1	0
FPGS	14.33315407
FPGT	6.272160257
FPGT-TNNI3K	0.025940995
FPR1	7.046844319
FPR2	0.498633601
FPR3	8.03931652
FRA10AC1	0.483007183
FRAS1	0.144135903
FRAT1	0.504023057
FRAT2	3.268921735
FREM1	0.374442187
FREM2	6.160548364
FREM2-AS1	0.052205555
FREM3	0.03887486
FRG1	12.13068101
FRG1BP	5.145140843
FRG1-DT	0.031608832
FRG1HP	3.049036594
FRG1JP	0.234672663
FRG1KP	0
FRG2	0.034629933
FRG2B	0.011576339
FRG2C	0.011682186
FRG2DP	0
FRG2FP	0
FRG2GP	0
FRG2HP	0
FRG2IP	0
FRG2JP	0
FRG2KP	0
FRG2LP	0
FRG2MP	0
FRGCA	0.057525079
FRK	1.722960895
FRMD1	0.004194123
FRMD3	0.134739592
FRMD4A	0.518567943
FRMD4B	4.258490682
FRMD5	0.088274848
FRMD6	14.30856912
FRMD6-AS1	0.686120118
FRMD6-AS2	0
FRMD7	0.007303124
FRMD8	15.9384543
FRMD8P1	0.01592886
FRMPD1	0.033101187
FRMPD2	0.02158652
FRMPD2B	0
FRMPD3	0.045062777
FRMPD3-AS1	0
FRMPD4	0.01431681
FRMPD4-AS1	0
FRRS1	12.25703568
FRRS1L	0.482727835
FRS2	4.280574395
FRS3	1.087219962
FRY	0.34205786
FRY-AS1	0
FRYL	1.120699578
FRZB	0.821469767
FSBP	0
FSCB	0
FSCN1	125.4676812
FSCN1P1	0.114739421
FSCN2	0.096188542
FSCN3	0
FSD1	0.249700631
FSD1L	0.191707552
FSD2	0.007428269
FSHB	0
FSHR	0
FSIP1	0.082262227
FSIP2	0.015324849
FSIP2-AS1	0.19310123
FST	16.8678101
FSTL1	28.56490937
FSTL3	4.76756536
FSTL4	0.764244675
FSTL5	0
FTCD	0.014663596
FTCD-AS1	0
FTCDNL1	1.810807906
FTH1	939.6444468
FTH1P1	0.730092728
FTH1P10	1.252933327
FTH1P11	4.80224786
FTH1P12	2.42315259
FTH1P14	0
FTH1P15	2.514256833
FTH1P16	5.58514324
FTH1P18	0
FTH1P19	0
FTH1P2	6.599187671
FTH1P20	16.7448366
FTH1P21	0.38004827
FTH1P22	1.027043905
FTH1P23	6.002689668
FTH1P24	0.052544552
FTH1P25	0
FTH1P26	0
FTH1P27	0
FTH1P3	4.572455743
FTH1P4	1.580327298
FTH1P5	2.583456563
FTH1P6	0
FTH1P7	10.99437646
FTH1P8	9.634667269
FTH1P9	0
FTHL17	0
FTL	12926.36098
FTLP1	0.092302598
FTLP10	0
FTLP12	0
FTLP13	0
FTLP14	1.203747928
FTLP15	0.136892387
FTLP16	0.047320825
FTLP17	0.138717618
FTLP18	0
FTLP19	0
FTLP2	6.528660638
FTLP3	26.29854849
FTLP4	0.049240534
FTLP5	0.454598937
FTLP6	0
FTLP8	0.090919787
FTMT	0.027617273
FTO	4.384601921
FTOP1	0.169167827
FTSJ1	10.92063145
FTSJ3	11.87230653
FTX	0.15439461
FUBP1	12.47626162
FUBP3	5.615960236
FUCA1	27.98748236
FUCA1P1	0
FUCA2	23.98876107
FUK	1.094941903
FUNDC1	9.23131542
FUNDC2	12.70371673
FUNDC2P1	1.660960957
FUNDC2P2	0
FUNDC2P3	0
FUNDC2P4	0
FUOM	6.881863155
FURIN	51.18512883
FUS	18.23206547
FUT1	2.118454073
FUT10	1.212480075
FUT11	7.693036148
FUT2	5.803157172
FUT3	9.346372825
FUT4	1.009646306
FUT5	0.036559613
FUT6	0.680988998
FUT7	0.206680662
FUT8	16.62696289
FUT8-AS1	0.622450852
FUT9	0.001769486
FUZ	2.707344705
FXN	4.815469553
FXNP1	0
FXNP2	0
FXR1	15.96420675
FXR2	6.950293971
FXYD1	0.07562487
FXYD2	0.017355198
FXYD3	503.9549914
FXYD4	0.029353789
FXYD5	17.05698346
FXYD6	1.17553118
FXYD6-FXYD2	0
FXYD6P1	0
FXYD6P2	0
FXYD6P3	0
FXYD7	0.067620009
FYB1	3.748786785
FYB2	0.052397115
FYCO1	2.041386874
FYN	2.708933656
FYTTD1	15.13707395
FYTTD1P1	0
FZD1	4.922752191
FZD10	4.696829782
FZD10-AS1	0.342028569
FZD2	3.229847957
FZD3	1.072302182
FZD4	0.920650589
FZD5	1.096526791
FZD6	40.11890973
FZD7	7.756360225
FZD8	2.638388449
FZD9	0.643749427
FZR1	9.121125718
G0S2	10.37178498
G2E3	4.465109439
G2E3-AS1	2.749002533
G3BP1	16.28025571
G3BP2	19.67258387
G6PC	0.007365165
G6PC2	0
G6PC3	11.40435002
G6PD	230.470777
GAA	28.52710604
GAB1	2.761260627
GAB2	0.917818535
GAB3	0.930134258
GAB4	0
GABARAP	22.73291597
GABARAPL1	23.10517453
GABARAPL2	24.69164463
GABARAPL3	0
GABBR1	1.043248204
GABBR2	0.012123647
GABPA	3.773916418
GABPAP	0
GABPB1	4.77189317
GABPB1-AS1	0.296750246
GABPB2	3.413217273
GABRA1	0
GABRA2	0.002034835
GABRA3	4.272687912
GABRA4	0
GABRA5	0.005843905
GABRA6	0
GABRB1	0
GABRB2	0
GABRB3	0.459577027
GABRD	0.591780296
GABRE	9.589512014
GABRG1	0
GABRG2	0
GABRG3	0.001927398
GABRG3-AS1	0
GABRP	0.162852863
GABRQ	0.601776447
GABRR1	0.507615425
GABRR2	0.021771824
GABRR3	0.004256634
GACAT1	0
GACAT2	0.237414017
GACAT3	0
GAD1	0.220901328
GAD2	0
GADD45A	15.53449598
GADD45B	10.30974255
GADD45G	8.979395003
GADD45GIP1	31.19589538
GADL1	0
GAGE1	0
GAGE10	0
GAGE12B	0
GAGE12C	0
GAGE12D	0
GAGE12E	0
GAGE12F	0
GAGE12G	0
GAGE12H	0
GAGE12J	0
GAGE13	0
GAGE2A	0
GAGE2E	0
GAK	2.567717578
GAL	1.830005504
GAL3ST1	0.056323859
GAL3ST2	0.425265691
GAL3ST3	0
GAL3ST4	3.701722728
GALC	3.226073843
GALE	9.837164441
GALK1	8.388553315
GALK2	3.220197535
GALM	3.315052762
GALNS	3.955400312
GALNT1	62.84373572
GALNT10	4.39671148
GALNT11	4.934133008
GALNT12	4.728205721
GALNT13	0.148929958
GALNT14	64.45494243
GALNT15	0.5984472
GALNT16	0.053935752
GALNT17	0.114648545
GALNT18	11.14387815
GALNT2	22.96508421
GALNT3	14.29285832
GALNT4	0.17535613
GALNT5	0.818918178
GALNT6	1.979185293
GALNT7	8.645855931
GALNT8	0.002636358
GALNT9	0
GALNTL5	0
GALNTL6	0.002626659
GALP	0
GALR1	0
GALR2	0.071189394
GALR3	0.020981489
GALT	3.382166575
GAMT	39.94398891
GAMTP2	0
GAN	0.772104101
GANAB	105.8911854
GANC	0.928562111
GAP43	0.046527232
GAPDH	1930.922724
GAPDHP1	30.2901307
GAPDHP14	0.051815546
GAPDHP15	0
GAPDHP16	0
GAPDHP17	0
GAPDHP19	0.024154809
GAPDHP2	0.340539244
GAPDHP20	0.048213671
GAPDHP21	0.168246616
GAPDHP22	0.058778652
GAPDHP23	0.04889342
GAPDHP24	0.024695405
GAPDHP25	0.218261987
GAPDHP26	0.047833662
GAPDHP27	0.023799591
GAPDHP28	0.072608923
GAPDHP29	0.049290524
GAPDHP31	0.071821252
GAPDHP32	0.072972695
GAPDHP33	0.023964051
GAPDHP34	0
GAPDHP35	7.884590041
GAPDHP36	0
GAPDHP37	0.100312327
GAPDHP38	0.387634063
GAPDHP39	0.024796306
GAPDHP40	0.868708743
GAPDHP41	0
GAPDHP42	0.024745753
GAPDHP44	0.265175189
GAPDHP45	0.208672635
GAPDHP46	0.097688464
GAPDHP47	0
GAPDHP48	0
GAPDHP49	0.025260753
GAPDHP50	0
GAPDHP51	0.07282675
GAPDHP52	0
GAPDHP53	0
GAPDHP54	0
GAPDHP55	0
GAPDHP56	0
GAPDHP57	0
GAPDHP58	0.120653992
GAPDHP59	0.272759362
GAPDHP60	0.536746564
GAPDHP61	0.386476947
GAPDHP62	0.024520791
GAPDHP63	0.723205061
GAPDHP64	0.193623794
GAPDHP65	3.595488966
GAPDHP66	0.100416063
GAPDHP67	0.154032888
GAPDHP68	0.192663359
GAPDHP69	0.337160878
GAPDHP70	0.51106491
GAPDHP71	0.33884164
GAPDHP72	0.913338775
GAPDHP73	0.024106835
GAPDHP74	0.038840933
GAPDHP75	0
GAPDHP76	0.049745048
GAPDHS	0
GAPLINC	0.485049712
GAPT	0.548852172
GAPVD1	3.7967903
GAR1	4.390012605
GAREM1	2.418576869
GAREM2	2.893940549
GARNL3	0.122692478
GARS	30.51988064
GARSP1	0
GART	11.02439078
GAS1	3.503515371
GAS1RR	0.088536433
GAS2	0.020636653
GAS2L1	9.025467896
GAS2L1P1	0.016402421
GAS2L1P2	0
GAS2L2	0.064434196
GAS2L3	0.885475017
GAS5	64.66357502
GAS5-AS1	0.279833812
GAS6	8.48796616
GAS6-AS1	0.369094514
GAS6-AS2	0.472577952
GAS7	1.891572673
GAS8	1.223506688
GAS8-AS1	0
GASAL1	0.411886884
GAST	0.516501771
GATA1	0.048551166
GATA2	1.257604782
GATA2-AS1	1.50991363
GATA3	0.313425913
GATA3-AS1	0
GATA4	1.382336834
GATA5	0.159030796
GATA6	0.812262861
GATA6-AS1	0.039948848
GATAD1	7.8790507
GATAD2A	8.853800294
GATAD2B	5.674474387
GATB	1.135627351
GATC	6.812754132
GATD1	3.467311069
GATM	5.535446805
GBA	15.15893053
GBA2	4.215248054
GBA3	0.024838591
GBAP1	0.55111417
GBE1	8.0089238
GBF1	9.047141765
GBGT1	1.471049347
GBP1	34.22993395
GBP1P1	8.607923641
GBP2	17.76573514
GBP3	0.915207001
GBP4	7.520002766
GBP5	2.617458193
GBP6	108.5858947
GBP7	0.029676752
GBX1	0
GBX2	0.125834557
GC	0
GCA	3.9421321
GCAT	11.39937083
GCC1	4.619516437
GCC2	1.385400699
GCC2-AS1	0.394971942
GCDH	4.536998508
GCFC2	4.57527003
GCG	0
GCGR	0.007490152
GCH1	20.88637946
GCHFR	2.140564164
GCK	0.164899643
GCKR	0.077163329
GCLC	59.94746705
GCLM	100.3136969
GCM1	0.008779596
GCM2	0
GCN1	7.126269198
GCNA	0.127378095
GCNT1	1.71653126
GCNT1P1	0
GCNT1P2	0
GCNT1P3	0.042218406
GCNT1P4	0.147571934
GCNT1P5	0
GCNT2	7.844242257
GCNT2P	0.025990988
GCNT3	2.538157504
GCNT4	1.560385886
GCNT7	0
GCOM1	0.003513617
GCOM2	0.109943765
GCSAM	0.583948737
GCSAML	0.140051442
GCSH	3.008622814
GCSHP1	0
GCSHP2	0
GCSHP3	0
GCSHP4	0
GCSHP5	0.046504949
GDA	3.811487699
GDAP1	3.732400875
GDAP1L1	0.007171516
GDAP2	0.774801865
GDE1	22.37355609
GDF1	0
GDF10	0.098761527
GDF11	1.200179002
GDF15	9.445028066
GDF2	0
GDF3	0.019592884
GDF5	0.055046674
GDF5OS	0
GDF6	0.006559196
GDF7	0.009960235
GDF9	0.148066991
GDI1	29.4438438
GDI2	126.55446
GDI2P1	0.018170347
GDI2P2	0.19963473
GDNF	0.397680979
GDNF-AS1	0.125671699
GDPD1	0.375985464
GDPD2	0.036809072
GDPD3	0.693221308
GDPD4	0.038073374
GDPD5	0.396105087
GDPGP1	1.361247657
GEM	6.97647992
GEMIN2	8.417836519
GEMIN2P1	0
GEMIN2P2	0
GEMIN4	7.066132204
GEMIN5	3.415032374
GEMIN6	4.798338164
GEMIN7	11.35818411
GEMIN7-AS1	0.193817032
GEMIN8	6.519556384
GEMIN8P2	0
GEMIN8P3	0
GEMIN8P4	2.996985582
GEN1	2.029978169
GET4	0.76086305
GFAP	0
GFER	3.695092496
GFI1	0.831003
GFI1B	0.016905002
GFM1	11.06001162
GFM2	9.346996064
GFOD1	1.299422946
GFOD1-AS1	0
GFOD2	1.609229923
GFPT1	18.19436617
GFPT2	2.417401174
GFRA1	0.090299752
GFRA2	0.123161636
GFRA3	1.166751915
GFRA4	0
GFRAL	0
GFY	0.012940076
GGA1	3.567881107
GGA2	18.23249368
GGA3	3.699832864
GGACT	2.639105682
GGCT	29.59584253
GGCX	7.228243014
GGH	21.08795871
GGN	0.109126038
GGNBP1	0.055902322
GGNBP2	5.743898917
GGPS1	13.69604314
GGT1	5.573419873
GGT2	0.041023377
GGT3P	0.008846787
GGT4P	0
GGT5	3.632916815
GGT6	2.657181839
GGT7	6.138465075
GGT8P	0.091261591
GGTA1P	0.970807594
GGTA2P	0
GGTLC1	0.037960255
GGTLC2	0
GGTLC3	0
GGTLC4P	0.036559613
GGTLC5P	0
GH1	0
GH2	0
GHDC	2.530845824
GHET1	0.292937258
GHITM	61.34613134
GHR	2.34676213
GHRH	0
GHRHR	0.015845681
GHRL	0.152898538
GHRLOS	0.056718652
GHSR	0
GID4	2.539384425
GID8	19.23348891
GIF	0
GIGYF1	2.804229691
GIGYF2	2.867978488
GIMAP1	0.49593123
GIMAP1-GIMAP5	0
GIMAP2	5.209352622
GIMAP3P	0
GIMAP4	10.31684613
GIMAP5	0.144904824
GIMAP6	3.53618258
GIMAP7	6.068895804
GIMAP8	1.810225135
GIMD1	0
GIN1	1.532461494
GINM1	23.4440797
GINS1	16.09421041
GINS2	7.526620777
GINS3	3.338189896
GINS4	2.438643063
GIP	0
GIPC1	37.41938999
GIPC2	0.091652089
GIPC3	0.274395289
GIPR	0.164024211
GIT1	10.81738943
GIT2	1.468151134
GJA1	112.0417682
GJA10	0
GJA1P1	0.084953922
GJA3	0.125780224
GJA4	5.79673216
GJA5	5.788679473
GJA6P	0
GJA8	0
GJA9	0
GJB1	0.021723117
GJB2	94.83181067
GJB3	6.010418803
GJB4	1.50440234
GJB5	31.02974918
GJB6	29.26267941
GJB7	2.468852293
GJC1	0.451312806
GJC2	0.216456382
GJC3	0
GJD2	0
GJD3	0
GJD4	0
GJE1	0
GK	1.594514889
GK2	0
GK3P	0
GK5	1.922798704
GKAP1	0.552860073
GK-AS1	0.298317459
GK-IT1	0.12229513
GKN1	0.084510298
GKN2	0.04405732
GLA	61.37666827
GLB1	20.17031731
GLB1L	1.29526712
GLB1L2	0.666911627
GLB1L3	0.005427744
GLCCI1	0.944931925
GLCE	7.374211855
GLDC	0.448389209
GLDCP1	0
GLDN	0.105339177
GLE1	13.44207939
GLG1	16.71989181
GLI1	0.409982495
GLI2	3.703943969
GLI3	1.23230312
GLI4	3.764025661
GLIDR	0.344664842
GLIPR1	4.732829312
GLIPR1L1	0.280642581
GLIPR1L2	0.147318843
GLIPR2	11.4266084
GLIS1	0.249540207
GLIS2	1.912062048
GLIS2-AS1	0.785386516
GLIS3	1.335808178
GLIS3-AS1	0.033073002
GLMN	2.878033062
GLMP	26.64649152
GLO1	112.8009562
GLOD4	9.85667532
GLOD5	0.022879909
GLP1R	0
GLP2R	0
GLRA1	0.009973535
GLRA2	0.006537997
GLRA3	0.04552146
GLRA4	0.017836578
GLRB	0.414067479
GLRX	4.487327383
GLRX2	6.970587021
GLRX3	28.56944725
GLRX3P2	0.163708172
GLRX5	24.75341544
GLRXP1	0
GLRXP2	0
GLRXP3	0.07562487
GLS	6.719200809
GLS2	0.170005292
GLT1D1	0.160534334
GLT6D1	0
GLT8D1	13.25362536
GLT8D2	3.228333445
GLTP	47.57870242
GLTPD2	0.379676766
GLTPP1	0
GLUD1	30.54625817
GLUD1P2	0.14514549
GLUD1P3	0.897346461
GLUD1P4	0
GLUD1P8	0.119584154
GLUD1P9	0
GLUD2	0.798474859
GLUL	121.5714327
GLULP3	0.093099073
GLULP4	0.086543969
GLULP5	0
GLULP6	0.02658881
GLYAT	0
GLYATL1	0.022312117
GLYATL1B	0
GLYATL1P1	0
GLYATL1P2	0.292728824
GLYATL1P4	0
GLYATL2	4.569832314
GLYATL3	0
GLYCAM1	0
GLYCTK	0.652612758
GLYCTK-AS1	0.017451893
GLYR1	9.656977894
GM2A	38.81166587
GM2AP1	0
GM2AP2	0
GMCL1	8.280923247
GMCL1P2	0
GMCL2	0.03070915
GMDS	4.890086118
GMDS-AS1	0.300289904
GMEB1	1.946857425
GMEB2	3.022199228
GMFB	14.56047409
GMFBP1	0
GMFG	13.88107175
GMIP	3.926932579
GML	0
GMNC	0.006381594
GMNN	31.13863179
GMPPA	7.736675274
GMPPB	3.654659888
GMPR	0.424170137
GMPR2	26.729818
GMPS	16.76750188
GMPSP1	0.461194154
GNA11	9.314325826
GNA12	13.20084002
GNA13	52.73661182
GNA14	0.446078339
GNA14-AS1	0
GNA15	27.37854717
GNAI1	10.75236961
GNAI2	31.70105573
GNAI2P1	0
GNAI2P2	0
GNAI3	3.017697803
GNAL	1.077956626
GNAO1	0.071740743
GNAQ	9.47732831
GNAQP1	1.023806228
GNAS	56.36783133
GNAS-AS1	0.073019255
GNAT1	0
GNAT2	0
GNAT3	0.146616982
GNAZ	0.562637215
GNB1	47.2952067
GNB1L	2.198975984
GNB2	65.62139629
GNB3	0.233079501
GNB4	13.28514504
GNB5	3.544067254
GNE	3.643332008
GNG10	12.37387206
GNG10P1	0
GNG11	5.451080225
GNG12	35.1595132
GNG12-AS1	0.091077224
GNG13	0
GNG2	1.491774357
GNG3	0.082570011
GNG4	1.011295357
GNG5	61.25655262
GNG5P1	0.118997957
GNG5P2	0
GNG5P3	0
GNG5P5	0
GNG7	0.4364389
GNG8	0.786708715
GNGT1	1.038472641
GNGT2	1.293547951
GNL1	5.795142697
GNL2	6.63828394
GNL2P1	0
GNL3	23.80733809
GNL3L	2.794176825
GNL3LP1	0.029550314
GNLY	8.187340259
GNMT	0.430257538
GNPAT	21.19236228
GNPATP	0
GNPDA1	17.69954161
GNPDA2	2.553180221
GNPNAT1	13.28526555
GNPTAB	6.301053149
GNPTG	7.361975993
GNRH1	0.179104757
GNRH2	0.029496456
GNRHR	0.067307532
GNRHR2	0.874970961
GNRHR2P1	0.192358029
GNS	23.69998457
GOLGA1	3.589511391
GOLGA2	6.880581194
GOLGA2P1	0
GOLGA2P10	4.004504626
GOLGA2P11	0
GOLGA2P2Y	0
GOLGA2P3Y	0
GOLGA2P4	0
GOLGA2P5	0.068681489
GOLGA2P6	0
GOLGA2P7	0.128416107
GOLGA2P8	0.249299956
GOLGA2P9	0
GOLGA3	4.346594948
GOLGA4	4.752470515
GOLGA5	38.88513755
GOLGA5P1	0
GOLGA6A	0.013851973
GOLGA6B	0
GOLGA6C	0
GOLGA6D	0
GOLGA6L1	0
GOLGA6L10	0.200794856
GOLGA6L11P	0
GOLGA6L16P	0
GOLGA6L17P	0
GOLGA6L2	0
GOLGA6L22	0
GOLGA6L3	0.086750148
GOLGA6L4	0
GOLGA6L5P	0.018678315
GOLGA6L6	0
GOLGA6L7	0.055067486
GOLGA6L9	0.723542322
GOLGA7	49.37539804
GOLGA7B	0.586403063
GOLGA8A	1.319872451
GOLGA8B	0.59185581
GOLGA8CP	0
GOLGA8DP	0
GOLGA8EP	0
GOLGA8F	0
GOLGA8G	0
GOLGA8H	0.025566702
GOLGA8IP	0
GOLGA8J	0
GOLGA8K	0
GOLGA8M	0.022048668
GOLGA8M	0
GOLGA8N	0.092606145
GOLGA8O	0.011207564
GOLGA8Q	0.011359655
GOLGA8R	0.032856643
GOLGA8S	0
GOLGA8T	0
GOLGA8UP	0
GOLGA8VP	0.013501437
GOLGB1	6.463258945
GOLIM4	19.93450087
GOLM1	16.46472937
GOLPH3	60.7456156
GOLPH3L	36.11804256
GOLT1A	1.111206274
GOLT1B	37.70435662
GON4L	3.917118007
GON7	15.44044894
GOPC	6.704731026
GORAB	11.94798782
GORASP1	4.947469406
GORASP2	41.45487703
GOSR1	4.702199584
GOSR2	6.490330953
GOT1	12.76871642
GOT1L1	0
GOT2	33.4804512
GOT2P1	0
GOT2P2	0.155239541
GOT2P3	0.080516031
GOT2P5	0
GP1BA	0.242658769
GP1BB	0
GP2	0
GP5	0.013738304
GP6	0.026942934
GP9	0
GPA33	0.161675546
GPAA1	29.81707192
GPAA1P1	0
GPAA1P2	0
GPALPP1	1.956913829
GPAM	0.616294884
GPANK1	4.740894795
GPAT2	0.119584154
GPAT2P1	0
GPAT2P2	0.028129297
GPAT3	5.389907462
GPAT4	5.369432439
GPATCH1	1.649744403
GPATCH11	4.206165409
GPATCH2	3.657964594
GPATCH2L	1.830577931
GPATCH3	4.255046047
GPATCH4	7.785475528
GPATCH8	5.33486922
GPBAR1	0.162318164
GPBP1	11.66893377
GPBP1L1	10.8853113
GPC1	110.2720976
GPC2	0.107806927
GPC3	100.0483553
GPC4	7.835727567
GPC5	0.013967539
GPC5-AS1	0
GPC5-AS2	0
GPC5-IT1	0
GPC6	2.522138516
GPC6-AS1	0
GPC6-AS2	0
GPCPD1	5.336976864
GPD1	0.182477448
GPD1L	3.710595186
GPD2	16.85210648
GPER1	0.362322138
GPHA2	0
GPHB5	0.044706415
GPHN	3.532022596
GPI	58.46174255
GPIHBP1	0.021275708
GPKOW	6.438185675
GPLD1	0.463896081
GPM6A	0.051723544
GPM6B	1.321789465
GPM6BP1	0
GPM6BP2	0
GPM6BP3	0
GPN1	28.04717677
GPN2	4.821962603
GPN3	9.541847739
GPN3P1	0
GPNMB	187.658899
GPR1	0.248409285
GPR101	0
GPR107	12.57474679
GPR108	17.3094806
GPR119	0
GPR12	0.013746083
GPR132	0.872765016
GPR135	0.282898097
GPR137	5.949956889
GPR137B	10.60808292
GPR137C	0.301827855
GPR139	0
GPR141	0.430492609
GPR142	0
GPR143	2.167811534
GPR143P	0
GPR146	0.099867906
GPR148	0
GPR149	0.052250502
GPR15	0.116336661
GPR150	0.211603147
GPR151	0.007861264
GPR152	0
GPR153	3.365992186
GPR155	2.193520327
GPR156	0.092165469
GPR157	3.818478745
GPR158	0.71953256
GPR158-AS1	0
GPR160	3.920686388
GPR161	1.513979709
GPR162	0.633596406
GPR17	0
GPR171	1.541736204
GPR173	0.263406936
GPR174	0.67539381
GPR176	2.220212272
GPR179	0.0059339
GPR18	0.521645132
GPR180	2.42975969
GPR182	0.042206172
GPR183	10.26714373
GPR19	0.36094081
GPR20	0.096140924
GPR21	0
GPR22	0.032956263
GPR25	0.290591696
GPR26	0.009692141
GPR27	2.57934272
GPR3	1.147781712
GPR31	0.035369961
GPR32	0
GPR32P1	0
GPR33	0.022966493
GPR34	4.381692407
GPR35	0.367305936
GPR37	1.872297547
GPR37L1	0.206349827
GPR39	0.100341944
GPR4	1.536038493
GPR42	0
GPR45	0.018573514
GPR50	0.186639543
GPR50-AS1	0
GPR52	0.022312117
GPR53P	0
GPR55	0.052900787
GPR6	0
GPR61	0.014401177
GPR62	0.05539841
GPR63	0.473112845
GPR65	1.207873999
GPR68	6.316983674
GPR75	0.218078525
GPR75-ASB3	0
GPR78	0.014515417
GPR79	0.027967262
GPR82	0.123226311
GPR83	0.079369025
GPR84	0.926821092
GPR85	0.613782323
GPR87	40.55938138
GPR88	0.041722572
GPR89A	0.882430774
GPR89B	0.8024206
GPR89P	0.064951393
GPRASP1	0.279513813
GPRASP2	2.607716738
GPRC5A	4.642273852
GPRC5B	1.157887425
GPRC5C	6.883894304
GPRC5D	8.466217635
GPRC5D-AS1	2.089291998
GPRC6A	0.025446104
GPRIN1	1.729440742
GPRIN2	1.529559105
GPRIN3	0.630638301
GPS1	11.97805788
GPS2	0.59726265
GPS2P1	0.344683737
GPS2P2	0.027337368
GPSM1	2.221583676
GPSM2	1.55562757
GPSM3	10.00353052
GPT	0.123315735
GPT2	3.446108918
GPX1	252.7727044
GPX1P1	1.081585391
GPX1P2	0.320469745
GPX2	1250.97797
GPX3	40.57698655
GPX4	118.4201184
GPX5	0
GPX6	0
GPX7	20.98811512
GPX8	12.21310366
GRAMD1A	10.18087401
GRAMD1B	0.233562418
GRAMD1C	0.326201208
GRAMD2A	1.426257446
GRAMD2B	2.119487666
GRAMD4	4.636462465
GRAMD4P1	0
GRAMD4P2	0
GRAMD4P3	0
GRAMD4P4	0
GRAMD4P5	0
GRAMD4P6	0
GRAMD4P7	0
GRAMD4P8	0.130630941
GRAP	0.25783529
GRAP2	0.388252462
GRAPL	0.035910626
GRASP	1.08120307
GRB10	6.352078392
GRB14	1.354114683
GRB2	39.76439363
GRB7	5.601538524
GREB1	0.760023518
GREB1L	0.140069105
GREM1	5.260319108
GREM2	0.011642966
GRHL1	1.975138624
GRHL2	16.3038983
GRHL3	9.932040646
GRHPR	10.24304639
GRIA1	0.022253678
GRIA2	0
GRIA3	0.022463525
GRIA4	0.007222726
GRID1	0.184247132
GRID1-AS1	0
GRID2	0.003233296
GRID2IP	0.117443557
GRIFIN	0.027902969
GRIK1	0.028606626
GRIK1-AS1	0.018252318
GRIK2	0.026332836
GRIK3	0.038414532
GRIK4	0.052072574
GRIK5	0.082306525
GRIN1	0.057721702
GRIN2A	0.003037295
GRIN2B	0
GRIN2C	0.036806926
GRIN2D	0.19542488
GRIN3A	0.101634014
GRIN3B	0.170173244
GRINA	78.81158873
GRIP1	0.593758385
GRIP2	0.047704923
GRIPAP1	2.657858768
GRK1	0
GRK2	11.97935382
GRK3	4.133346643
GRK4	0.626834308
GRK5	1.154824173
GRK5-IT1	0.060688958
GRK6	8.299964044
GRK6P1	0.042563851
GRK7	0.059958217
GRM1	0.036720492
GRM2	0.04789433
GRM3	0
GRM4	0.038721789
GRM5	0.002804157
GRM5-AS1	0.010037454
GRM6	0
GRM7	0.014776956
GRM7-AS1	0.047880835
GRM7-AS2	0
GRM7-AS3	0
GRM8	0.04887449
GRN	147.9500247
GRP	1.283667738
GRPEL1	8.822201418
GRPEL2	4.70239856
GRPEL2-AS1	0.121075228
GRPEL2P1	0
GRPEL2P2	0
GRPEL2P3	0
GRPR	0.012584543
GRSF1	11.59677508
GRTP1	4.970001091
GRTP1-AS1	0.082499858
GRWD1	6.70600876
GRXCR1	0
GRXCR2	0
GSAP	4.193815343
GSC	0.960268323
GSC2	0
GSDMA	0.065315471
GSDMB	1.578632338
GSDMC	3.566045115
GSDMD	11.62532816
GSDME	2.177353648
GSE1	2.245485482
GSEC	2.732062683
GSG1	0
GSG1L	0.009313479
GSG1L2	0
GSK3A	15.42670363
GSK3B	6.513109262
GSKIP	22.51085941
GSN	39.68865193
GSN-AS1	0.035676902
GSPT1	13.86354397
GSPT2	3.092927626
GSR	148.2557938
GSS	53.02231964
GSTA1	345.2183282
GSTA10P	0
GSTA11P	0
GSTA12P	0.143359743
GSTA2	0.868966041
GSTA3	0.260518454
GSTA4	41.79864789
GSTA5	0.023822947
GSTA6P	0
GSTA7P	1.517223951
GSTA8P	1.257604782
GSTA9P	31.97604944
GSTCD	2.228957442
GSTK1	12.37319816
GSTM1	90.47293395
GSTM2	1.643049018
GSTM2P1	0.074237258
GSTM3	118.4392929
GSTM3P1	0
GSTM3P2	0
GSTM4	5.562042968
GSTM5	0.722655812
GSTM5P1	0.073562373
GSTO1	157.8989591
GSTO2	1.228338149
GSTO3P	0.033810004
GSTP1	752.5684328
GSTP1P1	0.228297021
GSTT2	0.021771824
GSTT2B	3.909716314
GSTT4	0
GSTZ1	3.384893165
GSX1	0
GSX2	0
GTDC1	2.080960177
GTF2A1	9.070858783
GTF2A1L	0.011818687
GTF2A2	35.24657089
GTF2B	15.85277412
GTF2E1	7.49877808
GTF2E2	28.97166907
GTF2F1	22.16095839
GTF2F2	5.627856955
GTF2F2P1	0.071927654
GTF2F2P2	0
GTF2H1	16.74696885
GTF2H2	0.139900779
GTF2H2B	0.061009257
GTF2H2C	0.427228035
GTF2H3	9.920427276
GTF2H4	1.062637089
GTF2H5	3.543501788
GTF2I	3.383883271
GTF2IP1	0.201943668
GTF2IP11	0
GTF2IP13	0.403370718
GTF2IP14	0.12427773
GTF2IP2	0
GTF2IP20	0.958246706
GTF2IP22	0
GTF2IP23	0.207483617
GTF2IP3	0
GTF2IP4	2.233165317
GTF2IP5	0.066417464
GTF2IP6	0
GTF2IP7	0.37695005
GTF2IP8	0
GTF2IP9	0.241949334
GTF2IRD1	3.549061874
GTF2IRD1P1	0.026913063
GTF2IRD2	0.218669977
GTF2IRD2B	0.663384238
GTF2IRD2P1	1.837182744
GTF3A	51.37428491
GTF3AP1	0
GTF3AP2	0
GTF3AP5	0
GTF3AP6	0.024620267
GTF3C1	9.469199128
GTF3C2	13.57420435
GTF3C2-AS1	0.052237652
GTF3C3	4.250362494
GTF3C4	3.229406902
GTF3C5	14.30042708
GTF3C6	29.62212685
GTPBP1	5.963362716
GTPBP10	1.767865393
GTPBP2	10.2688237
GTPBP3	2.753232519
GTPBP4	9.691673973
GTPBP6	10.2786292
GTPBP8	4.921069116
GTSCR1	0.051650177
GTSE1	3.977258448
GTSE1-AS1	0.287852765
GTSF1	0.346244452
GTSF1L	0.029072555
GUCA1A	0.404420224
GUCA1B	0.130865678
GUCA1C	0
GUCA2A	0.085327182
GUCA2B	0
GUCD1	18.09546676
GUCY1A1	4.774282235
GUCY1A2	0.330875561
GUCY1B1	6.244900301
GUCY1B2	0.603899977
GUCY2C	0.418444336
GUCY2D	0.102149731
GUCY2EP	0.439691212
GUCY2F	0
GUCY2GP	0
GUF1	2.954056153
GUK1	74.58897718
GULOP	0
GULP1	4.537359615
GUSB	11.34725408
GUSBP1	0.943392584
GUSBP10	0
GUSBP11	0.107479681
GUSBP12	0
GUSBP2	0.586083612
GUSBP3	0
GUSBP4	0.397368178
GUSBP5	0.266198472
GUSBP6	0
GUSBP8	0
GUSBP9	0.124703338
GVINP1	0.434417287
GVINP2	0
GVQW2	0.178437297
GVQW3	0.134962685
GXYLT1	1.764731606
GXYLT1P1	0
GXYLT1P2	0
GXYLT1P3	0.040696703
GXYLT1P4	0
GXYLT1P5	0
GXYLT1P6	0
GXYLT2	2.144883819
GYG1	38.35279411
GYG1P1	0
GYG1P2	0
GYG1P3	0.024422116
GYG2	1.311653838
GYG2-AS1	0
GYG2P1	0
GYPA	0
GYPB	0
GYPC	3.751408758
GYPE	0.218044161
GYS1	15.99124029
GYS2	0
GZF1	3.968166907
GZMA	48.65978202
GZMAP1	0.038471606
GZMB	25.46269537
GZMH	11.43581628
GZMK	4.870578798
GZMM	2.106452724
H19	0.335131945
H1F0	122.5274851
H1FNT	0.037347051
H1FOO	0
H1FX	80.33333345
H1FX-AS1	0.106471856
H2AFB1	0
H2AFB2	0
H2AFB3	0
H2AFJ	5.338313592
H2AFV	29.0499346
H2AFVP1	0.522385968
H2AFX	36.21784659
H2AFY	12.54170007
H2AFY2	18.31703097
H2AFZ	141.099851
H2AFZP1	0
H2AFZP2	0.063548647
H2AFZP3	0.752731263
H2AFZP4	0.128782935
H2AFZP5	0.063548647
H2AFZP6	0
H2BFM	0
H2BFS	0
H2BFS	0
H2BFWT	0.027153896
H3.Y	0
H3F3A	15.67187206
H3F3AP1	0
H3F3AP2	0.049872796
H3F3AP3	0
H3F3AP4	14.52991112
H3F3AP5	0.282932205
H3F3AP6	0.531582114
H3F3B	87.32719584
H3F3BP1	0.542134613
H3F3BP2	0
H3F3C	0.413396876
H6PD	10.21444452
HAAO	1.202202397
HABP2	0.265524563
HABP4	1.119214512
HACD1	0.837358931
HACD2	17.06685555
HACD3	23.71803495
HACD4	0.596810121
HACE1	0.882939593
HACL1	4.163798889
HADH	30.33851939
HADHA	68.58441472
HADHAP1	0.074399773
HADHAP2	0.04249555
HADHB	40.80339852
HAGH	4.164430594
HAGHL	0.327645908
HAGLR	0.715606762
HAGLROS	2.447048085
HAL	0.018869478
HAMP	0.467768713
HAND1	0.027935079
HAND2	0.060672105
HAND2-AS1	0
HAO1	0
HAO2	0
HAO2-IT1	0
HAP1	0.916722169
HAPLN1	0.150064704
HAPLN2	0.043329912
HAPLN3	8.562585113
HAPLN4	0
HAR1A	0.438559952
HAR1B	0.216746279
HARBI1	2.371018646
HARS	5.266040456
HARS2	5.433344088
HAS1	0.075827346
HAS2	3.082245888
HAS2-AS1	0.364944737
HAS3	46.14609826
HASPIN	1.588284494
HAT1	9.867541927
HAUS1	13.87016002
HAUS1P1	0
HAUS1P2	0
HAUS1P3	0.036670065
HAUS2	5.626679247
HAUS3	2.016381399
HAUS4	24.44768267
HAUS4P1	0.021201383
HAUS5	2.420383273
HAUS6	2.172927898
HAUS6P1	0
HAUS6P2	0
HAUS6P3	0.219291628
HAUS7	0.342598957
HAUS8	2.158609605
HAUS8P1	0
HAVCR1	0.01128572
HAVCR1P1	0
HAVCR2	5.692381764
HAX1	98.28513391
HBA1	0
HBA2	0.765701807
HBB	5.332804117
HBBP1	0
HBD	0.251442011
HBE1	0.052318067
HBEGF	31.36199436
HBG1	0
HBG2	0
HBM	0
HBP1	13.13732948
HBQ1	0.045290267
HBS1L	3.939122928
HBZ	0
HBZP1	0
HCAR1	0.020365422
HCAR2	7.172600405
HCAR3	0.908772418
HCCAT5	0.022498224
HCCS	21.52053844
HCFC1	6.392426456
HCFC1-AS1	0.069358809
HCFC1R1	26.22372842
HCFC2	2.888840997
HCFC2P1	0
HCG11	2.032013675
HCG14	0
HCG15	0.23522852
HCG17	0.383803687
HCG18	1.374418708
HCG19P	0
HCG20	0
HCG21	0.040124931
HCG22	0.021958917
HCG23	0.358164343
HCG23	0.007020122
HCG24	0
HCG25	0.67137712
HCG27	0.206249645
HCG4	2.213505083
HCG4B	0.783873525
HCG4P11	0.122480238
HCG4P3	0.341223057
HCG4P5	24.20224309
HCG4P7	1.767760419
HCG4P8	0
HCG9	0.034679405
HCG9P5	0
HCK	13.66090388
HCLS1	25.92477854
HCN1	0
HCN2	0.29917092
HCN3	1.142796201
HCN4	0.013434191
HCP5	51.23556012
HCRT	0
HCRTR1	0.028470191
HCRTR2	0.024720553
HCST	7.524242759
HDAC1	44.91258545
HDAC10	1.466047138
HDAC11	2.546614865
HDAC11-AS1	0.141411164
HDAC1P1	0.033599423
HDAC1P2	0.024202974
HDAC2	6.376246261
HDAC2-AS2	0.114408057
HDAC3	13.87550611
HDAC4	1.12770326
HDAC5	4.66519478
HDAC6	1.513143825
HDAC7	3.853577674
HDAC8	1.606638339
HDAC9	0.440010274
HDC	0.220910262
HDDC2	14.7104757
HDDC3	5.356277955
HDGF	135.1329996
HDGFL1	0.011166322
HDGFL2	7.589296079
HDGFL3	5.853443095
HDGFP1	4.142262216
HDHD2	2.786737869
HDHD3	27.49310707
HDHD5	14.3312499
HDHD5-AS1	0.500130875
HDLBP	44.04159126
HDX	0.638831137
HEATR1	5.46730452
HEATR3	4.25968876
HEATR4	0.138421002
HEATR5A	2.334418576
HEATR5B	2.913898302
HEATR6	3.824850519
HEATR9	0.033140728
HEBP1	10.5509217
HEBP2	7.3159613
HECA	8.08177147
HECTD1	9.250510926
HECTD2	0.687325857
HECTD3	4.465904023
HECTD4	0.974534353
HECW1	0.51106491
HECW1-IT1	0
HECW2	0.45712767
HEG1	8.800357523
HEIH	11.00630256
HELB	0.515565808
HELLPAR	0.001539337
HELLS	0.870744215
HELQ	3.419372481
HELT	0
HELZ	3.587837361
HELZ2	1.209151791
HEMGN	0
HEMK1	0.75982263
HENMT1	1.150738693
HEPACAM	0
HEPACAM2	0.05866029
HEPH	1.989690006
HEPHL1	0.45417368
HEPN1	0
HERC1	1.560196986
HERC2	1.130929203
HERC2P10	0.010144414
HERC2P11	0
HERC2P2	1.118802902
HERC2P3	0.048999902
HERC2P4	0.048181773
HERC2P5	0
HERC2P7	0
HERC2P8	0.004037183
HERC2P9	0.140219975
HERC3	1.529524817
HERC4	2.359083622
HERC5	0.937202541
HERC6	1.994679374
HERPUD1	19.74068765
HERPUD2	14.39633324
HES1	80.05526958
HES2	1.302000949
HES3	0
HES4	3.669564905
HES5	0
HES6	4.731176503
HES7	0
HESX1	0.155612713
HEXA	9.157001774
HEXA-AS1	0.027214779
HEXB	21.25251375
HEXDC	2.507639104
HEXDC-IT1	0.026779463
HEXIM1	10.83635062
HEXIM2	1.15541294
HEY1	7.150481195
HEY2	1.204479868
HEYL	2.718653133
HFE	6.942602919
HFE2	0
HFM1	0.062490775
HGC6.3	0
HGD	0.276691193
HGF	0.365620788
HGFAC	0.017053448
HGH1	7.35859008
HGS	6.376237511
HGSNAT	11.43338438
HHAT	2.185935667
HHATL	0
HHATL-AS1	0
HHEX	6.30684459
HHIP	0.012063401
HHIP-AS1	0.046773763
HHIPL1	1.028521392
HHIPL2	0.169759323
HHLA1	0.003951747
HHLA2	0.066930199
HHLA3	4.012821448
HIBADH	17.44121756
HIBCH	2.281343462
HIC1	0.547907219
HIC2	0.598566812
HID1	2.625022717
HID1-AS1	0
HIF1A	185.3446198
HIF1A-AS1	1.526532074
HIF1A-AS2	0.592087396
HIF1AN	1.96292888
HIF1AP1	0
HIF3A	0.011599849
HIGD1A	55.81210207
HIGD1AP1	0.088274848
HIGD1AP10	0.172167257
HIGD1AP11	0
HIGD1AP12	0
HIGD1AP13	0
HIGD1AP14	0
HIGD1AP15	0
HIGD1AP16	0
HIGD1AP17	0
HIGD1AP18	0
HIGD1AP2	0
HIGD1AP3	0
HIGD1AP4	0.086698511
HIGD1AP5	0
HIGD1AP6	0
HIGD1AP8	0.088597019
HIGD1AP9	0
HIGD1B	1.494315808
HIGD1C	0
HIGD2A	71.04605568
HIGD2B	0.021752315
HIKESHI	11.7155767
HILPDA	120.39282
HILS1	0.059743027
HINFP	1.821409152
HINT1	165.0137785
HINT1P1	0
HINT1P2	0
HINT2	8.301337226
HINT2P1	0
HINT3	5.874779041
HIP1	3.701124885
HIP1R	1.589432019
HIPK1	3.356204016
HIPK1-AS1	0.007863811
HIPK2	3.043510661
HIPK3	20.67603708
HIPK4	0.039601278
HIRA	2.467650585
HIRAP1	0
HIRIP3	4.01402419
HIST1H1A	0
HIST1H1B	0.106940895
HIST1H1C	240.562711
HIST1H1D	0.619647019
HIST1H1E	3.016057309
HIST1H1PS1	1.060583733
HIST1H1PS2	0
HIST1H1T	0
HIST1H2AA	0
HIST1H2AB	0.123539864
HIST1H2AC	32.25101463
HIST1H2AD	0.864779046
HIST1H2AE	3.397346252
HIST1H2AG	0.05394574
HIST1H2AH	0.188182816
HIST1H2AI	1.399586309
HIST1H2AJ	0.062727605
HIST1H2AK	0
HIST1H2AL	0
HIST1H2AM	0.67946925
HIST1H2APS1	0
HIST1H2APS2	0
HIST1H2APS3	0.362322138
HIST1H2APS4	0
HIST1H2APS5	0
HIST1H2APS6	0
HIST1H2BA	0
HIST1H2BB	0.129354795
HIST1H2BC	10.12938005
HIST1H2BD	23.80177735
HIST1H2BE	0.251560448
HIST1H2BF	0.82830074
HIST1H2BG	2.903777897
HIST1H2BH	1.083162506
HIST1H2BI	0.063715442
HIST1H2BJ	0.664384383
HIST1H2BK	137.8165
HIST1H2BL	0.19898019
HIST1H2BM	0.063715442
HIST1H2BN	0.465389125
HIST1H2BO	0.446008091
HIST1H2BPS1	0
HIST1H2BPS2	0
HIST1H2BPS3	0
HIST1H3A	0
HIST1H3B	0.708776152
HIST1H3C	0.177194038
HIST1H3D	2.657910571
HIST1H3E	0.295323397
HIST1H3F	0.059064679
HIST1H3G	0.030206035
HIST1H3H	3.610919412
HIST1H3I	0
HIST1H3J	0.156616666
HIST1H3PS1	0.465718623
HIST1H4A	0
HIST1H4B	0.221694824
HIST1H4C	0.279029692
HIST1H4D	0.155612713
HIST1H4E	3.501286041
HIST1H4F	0
HIST1H4G	0
HIST1H4H	36.56624374
HIST1H4I	15.04560876
HIST1H4J	0.846065903
HIST1H4K	0.544644495
HIST1H4L	0
HIST1H4PS1	0
HIST2H2AA3	0.17687128
HIST2H2AA4	0.129125443
HIST2H2AB	0.061769932
HIST2H2AC	2.178577981
HIST2H2BA	0
HIST2H2BB	0
HIST2H2BC	0.376690084
HIST2H2BD	0.443164805
HIST2H2BE	10.12914822
HIST2H2BF	0.440545628
HIST2H3A	0.014659169
HIST2H3C	0
HIST2H3D	0.118129359
HIST2H3DP1	0
HIST2H3PS2	0
HIST2H4A	1.2034271
HIST2H4B	0.012584543
HIST3H2A	13.77876679
HIST3H2BA	0
HIST3H2BB	0.102688592
HIST3H3	0.050468988
HIST4H4	0.612068623
HIVEP1	1.561031219
HIVEP2	3.447361316
HIVEP3	0.663892145
HJURP	7.318888214
HK1	61.99807273
HK2	20.26835057
HK2P1	0.035477652
HK3	1.313390217
HKDC1	0.153895456
HKR1	1.550294083
HLA-A	718.8259966
HLA-B	889.4277097
HLA-C	995.0433795
HLA-DMA	20.00292729
HLA-DMB	12.69318358
HLA-DOA	6.28067183
HLA-DOB	3.005050667
HLA-DPA1	41.34620037
HLA-DPA2	0
HLA-DPA3	0.848055309
HLA-DPB1	52.48257583
HLA-DPB2	0.743439736
HLA-DQA1	19.07141964
HLA-DQA2	5.654745435
HLA-DQB1	29.59205475
HLA-DQB1-AS1	1.451257692
HLA-DQB2	4.943696188
HLA-DQB3	0
HLA-DRA	572.9606598
HLA-DRB1	314.7262346
HLA-DRB5	113.8833114
HLA-DRB6	4.320541206
HLA-DRB9	0.353871475
HLA-E	290.2788563
HLA-F	18.29334599
HLA-F-AS1	0.336918839
HLA-G	1.197944265
HLA-H	28.21815057
HLA-J	0.787396518
HLA-K	2.949588703
HLA-L	0.357188418
HLA-N	0
HLA-P	0.097492302
HLA-S	0
HLA-T	0.161837221
HLA-U	1.044111106
HLA-V	0.218660322
HLA-W	0
HLA-Z	0
HLCS	2.57249177
HLCS-IT1	0
HLF	1.371522651
HLFP1	0
HLTF	7.060229382
HLTF-AS1	0
HLX	1.385338053
HLX-AS1	0.43118265
HM13	33.59740717
HM13-AS1	0.347503236
HM13-IT1	0.681898405
HMBOX1	1.624714946
HMBOX1-IT1	0
HMBS	8.333835727
HMCES	22.94099312
HMCN1	0.435102493
HMCN2	0.025034978
HMG20A	4.109750462
HMG20B	14.17386917
HMGA1	196.1033147
HMGA1P1	0.068575094
HMGA1P2	0.524472477
HMGA1P3	0.674321756
HMGA1P4	0.145362774
HMGA1P5	0.089577798
HMGA1P6	0.124171781
HMGA1P7	0
HMGA1P8	0.378124349
HMGA2	1.150501574
HMGB1	26.41301642
HMGB1P1	0.152676624
HMGB1P10	3.880643854
HMGB1P11	0.152436943
HMGB1P12	0
HMGB1P13	0
HMGB1P14	0.287528058
HMGB1P15	0
HMGB1P16	0
HMGB1P17	0.038655387
HMGB1P18	0
HMGB1P19	0
HMGB1P20	0.143430329
HMGB1P21	0.041782415
HMGB1P22	0
HMGB1P23	0
HMGB1P24	0.169957409
HMGB1P25	0
HMGB1P26	0
HMGB1P27	0.040258015
HMGB1P28	0
HMGB1P29	0
HMGB1P3	0
HMGB1P30	0
HMGB1P31	0.341108898
HMGB1P32	0
HMGB1P33	0
HMGB1P35	0
HMGB1P36	0
HMGB1P37	0.039861385
HMGB1P38	0
HMGB1P39	0
HMGB1P4	0.04281408
HMGB1P40	0.104636135
HMGB1P41	0.05517178
HMGB1P42	0
HMGB1P44	0
HMGB1P45	0
HMGB1P46	0.039796038
HMGB1P47	0
HMGB1P48	0
HMGB1P49	0
HMGB1P5	8.893035436
HMGB1P50	0
HMGB1P51	0
HMGB1P6	18.37578977
HMGB1P7	0
HMGB1P8	0.076740516
HMGB1P9	0
HMGB2	23.5932425
HMGB2P1	0
HMGB3	39.18851397
HMGB3P1	0
HMGB3P10	0
HMGB3P11	0
HMGB3P12	0
HMGB3P13	0.039992724
HMGB3P14	0
HMGB3P15	0.042291957
HMGB3P16	0
HMGB3P17	0
HMGB3P18	0
HMGB3P19	0
HMGB3P2	0.041567779
HMGB3P20	0.040459305
HMGB3P21	0
HMGB3P22	0.147124747
HMGB3P23	0
HMGB3P24	0.039028269
HMGB3P26	0
HMGB3P27	0.086543969
HMGB3P3	0
HMGB3P30	0
HMGB3P31	0
HMGB3P32	0.129815953
HMGB3P4	0
HMGB3P5	0
HMGB3P6	0.162378483
HMGB3P7	0
HMGB3P8	0.042072068
HMGB3P9	0
HMGB4	0
HMGCL	5.079938234
HMGCLL1	0.080918611
HMGCR	12.43659806
HMGCS1	24.022605
HMGCS2	0
HMGN1	24.21848659
HMGN1P10	0
HMGN1P11	0
HMGN1P12	0
HMGN1P13	0
HMGN1P14	0
HMGN1P15	0
HMGN1P16	0
HMGN1P17	0
HMGN1P18	0
HMGN1P19	0
HMGN1P2	0.078308333
HMGN1P20	0
HMGN1P24	0
HMGN1P26	0
HMGN1P28	0.066691163
HMGN1P3	0
HMGN1P30	0.090580534
HMGN1P31	0
HMGN1P32	0
HMGN1P33	0.053826127
HMGN1P34	0
HMGN1P35	0.122603956
HMGN1P36	0.570231821
HMGN1P37	0.400587182
HMGN1P38	1.361996418
HMGN1P4	0.669671261
HMGN1P5	0
HMGN1P6	0
HMGN1P7	0.155115548
HMGN1P8	0.337160878
HMGN1P9	0
HMGN2	83.0342986
HMGN2P10	0
HMGN2P11	0.060237179
HMGN2P13	0.088597019
HMGN2P15	0.449547837
HMGN2P16	0
HMGN2P17	1.796981261
HMGN2P18	0.089909567
HMGN2P19	0
HMGN2P20	0
HMGN2P21	0
HMGN2P22	0
HMGN2P23	0.360975215
HMGN2P24	0
HMGN2P25	0.090580534
HMGN2P26	0
HMGN2P27	0
HMGN2P28	0.092654898
HMGN2P3	3.64578356
HMGN2P30	0
HMGN2P31	0.08892155
HMGN2P32	0.180487608
HMGN2P34	0
HMGN2P35	0
HMGN2P36	0.059353504
HMGN2P38	0
HMGN2P39	0
HMGN2P4	0.509723532
HMGN2P40	0.062085891
HMGN2P41	1.473032962
HMGN2P46	0.204194488
HMGN2P47	0
HMGN2P5	3.379018909
HMGN2P6	0.1778431
HMGN2P7	0.266764651
HMGN2P8	0
HMGN2P9	0
HMGN3	52.57315655
HMGN3-AS1	0.873459546
HMGN3P1	0
HMGN4	68.08214979
HMGN5	0.170813293
HMGXB3	7.705549966
HMGXB4	6.790372928
HMHB1	0
HMMR	4.693526125
HMMR-AS1	0
HMOX1	125.768718
HMOX2	13.47861278
HMSD	0.099762671
HMX1	0.543483206
HMX2	0
HMX3	0
HNF1A	0
HNF1A-AS1	0.012581282
HNF1B	0.024430309
HNF4A	0.036524609
HNF4A-AS1	0
HNF4G	0.86373798
HNF4GP1	0
HNMT	5.088889081
HNRNPA0	11.98478255
HNRNPA1	81.71619845
HNRNPA1L2	0.653046244
HNRNPA1P1	0.05143132
HNRNPA1P10	0.277579434
HNRNPA1P11	0
HNRNPA1P12	0.10104301
HNRNPA1P13	0
HNRNPA1P14	0.077889572
HNRNPA1P15	0
HNRNPA1P16	0.686325389
HNRNPA1P17	0
HNRNPA1P18	0
HNRNPA1P19	0.065609684
HNRNPA1P2	0.025287066
HNRNPA1P20	0.025419459
HNRNPA1P21	0.833604835
HNRNPA1P22	0
HNRNPA1P23	0.064277802
HNRNPA1P24	0
HNRNPA1P25	0.051815546
HNRNPA1P26	0.08892155
HNRNPA1P27	0.762583766
HNRNPA1P28	0.050521505
HNRNPA1P29	0.027617273
HNRNPA1P3	0.04405732
HNRNPA1P30	0
HNRNPA1P31	0
HNRNPA1P32	0
HNRNPA1P33	0.129815953
HNRNPA1P34	0
HNRNPA1P35	0.17645803
HNRNPA1P36	0.101677835
HNRNPA1P37	0.075156604
HNRNPA1P38	0.152198014
HNRNPA1P39	0.025287066
HNRNPA1P4	0.128442239
HNRNPA1P40	0.037989958
HNRNPA1P41	0.026159034
HNRNPA1P42	0
HNRNPA1P43	0
HNRNPA1P44	0.08285182
HNRNPA1P45	0.022519094
HNRNPA1P46	0
HNRNPA1P47	0
HNRNPA1P48	1.674786061
HNRNPA1P49	0.134267606
HNRNPA1P5	0.125650017
HNRNPA1P50	0.078477101
HNRNPA1P51	0.051268391
HNRNPA1P52	0.025634196
HNRNPA1P53	0.025661293
HNRNPA1P54	0.004998061
HNRNPA1P55	0.025419459
HNRNPA1P56	0
HNRNPA1P57	0.019099593
HNRNPA1P58	0
HNRNPA1P59	0.02644399
HNRNPA1P6	0.02520829
HNRNPA1P60	0
HNRNPA1P61	0.026272276
HNRNPA1P62	0.025499562
HNRNPA1P63	0
HNRNPA1P64	0
HNRNPA1P65	0
HNRNPA1P66	0
HNRNPA1P67	0.026215533
HNRNPA1P68	0.074388917
HNRNPA1P69	0.052037692
HNRNPA1P7	0.12604145
HNRNPA1P70	0.06699793
HNRNPA1P71	0.025553245
HNRNPA1P72	0
HNRNPA1P73	0
HNRNPA1P74	0
HNRNPA1P76	0
HNRNPA1P8	0.153158254
HNRNPA1P9	0.051106491
HNRNPA2B1	64.07067137
HNRNPA3	38.42728655
HNRNPA3P1	0.042626134
HNRNPA3P10	0.063995386
HNRNPA3P11	0.051981977
HNRNPA3P12	0.22836861
HNRNPA3P13	0.108179961
HNRNPA3P14	0.021109203
HNRNPA3P15	0.023660412
HNRNPA3P16	0
HNRNPA3P2	0.036670065
HNRNPA3P3	0.170804455
HNRNPA3P4	0.030231112
HNRNPA3P5	0.378850638
HNRNPA3P6	1.785679084
HNRNPA3P7	0.024720553
HNRNPA3P8	0
HNRNPA3P9	0.272759362
HNRNPAB	47.9333242
HNRNPABP1	0.066146003
HNRNPC	73.16552507
HNRNPCL1	0.020212809
HNRNPCL2	0.021145978
HNRNPCL3	0
HNRNPCL4	0.027523337
HNRNPCP1	0.538753152
HNRNPCP10	0.027461067
HNRNPCP2	25.6808667
HNRNPCP3	0.110974095
HNRNPCP4	0.02697287
HNRNPCP6	0.055741867
HNRNPCP7	0.107295395
HNRNPCP8	0.082012105
HNRNPCP9	0.028260283
HNRNPD	18.76046003
HNRNPDL	26.70934786
HNRNPDLP1	0
HNRNPDLP2	0.032324345
HNRNPDLP3	0
HNRNPDLP4	0
HNRNPDP1	0.064391467
HNRNPDP2	0
HNRNPF	90.32636313
HNRNPFP1	0.021425934
HNRNPH1	15.54354326
HNRNPH1P1	0
HNRNPH1P2	0
HNRNPH1P3	0.039633605
HNRNPH2	47.6884714
HNRNPH3	12.7680622
HNRNPH3P1	0
HNRNPK	115.5629788
HNRNPKP1	0.66894283
HNRNPKP2	0.174644484
HNRNPKP3	0
HNRNPKP4	0.472900972
HNRNPKP5	0
HNRNPL	33.6996771
HNRNPLL	9.902044412
HNRNPLP1	0.01617294
HNRNPLP2	0.510251112
HNRNPM	27.2981398
HNRNPMP1	0
HNRNPMP2	0
HNRNPR	12.68340465
HNRNPRP1	0.014321878
HNRNPRP2	0
HNRNPU	36.36761501
HNRNPUL1	35.380095
HNRNPUL2	6.154889983
HNRNPUL2-BSCL2	0.048539032
HNRNPUP1	0.656096844
HOGA1	0.52085991
HOMER1	3.191249078
HOMER2	0.891013916
HOMER2P1	0.125910701
HOMER2P2	0
HOMER3	11.61993142
HOMER3-AS1	0.304396028
HOMEZ	8.435480038
HOOK1	3.268834082
HOOK2	7.135797487
HOOK3	3.170948313
HOPX	5.138170007
HORMAD1	0.080750381
HORMAD2	0
HORMAD2-AS1	0.016869759
HOTAIR	0.046647931
HOTAIRM1	3.553711714
HOTTIP	0.014518889
HOXA1	2.170365258
HOXA10	2.429522896
HOXA10-AS	0.014676894
HOXA11	0.473515928
HOXA11-AS	0.108187378
HOXA13	0.462983007
HOXA2	0.167894595
HOXA3	1.364303562
HOXA4	0.125060246
HOXA5	0.668396257
HOXA6	0.018891504
HOXA7	0.201373565
HOXA9	0.096172664
HOXA-AS2	0.914758769
HOXA-AS3	0.012204919
HOXB1	0.00982022
HOXB13	0.742201275
HOXB2	2.078388974
HOXB3	0.950706853
HOXB4	0.316609949
HOXB5	1.189396532
HOXB6	1.305138883
HOXB7	22.17847786
HOXB8	0.437931048
HOXB9	0.159893419
HOXB-AS1	0.295853804
HOXB-AS2	0.114914003
HOXB-AS3	0.393383732
HOXB-AS4	0
HOXC10	0.270770126
HOXC11	0.289968682
HOXC12	0.131022638
HOXC13	1.392614968
HOXC13-AS	0.482753075
HOXC4	0.962114858
HOXC5	0.013449077
HOXC6	1.035483917
HOXC8	1.13089006
HOXC9	0.491584175
HOXC-AS1	0.328048422
HOXC-AS2	0.416278052
HOXC-AS3	0.007808164
HOXD1	0.098331476
HOXD10	0.252494922
HOXD11	0.207090283
HOXD12	0.072141406
HOXD13	5.678752503
HOXD3	0.061578424
HOXD4	0
HOXD8	0.563260014
HOXD9	0.467337431
HOXD-AS2	0.543609981
HP	7.406186258
HP1BP3	16.40771077
HPCA	0.060963293
HPCAL1	7.508032712
HPCAL4	0.063599875
HPD	0.141390046
HPDL	0.461966286
HPF1	16.49928219
HPGD	1.023007938
HPGDS	0.586477851
HPN	0.122096129
HPN-AS1	0.626327325
HPR	0.030156004
HPRT1	97.61056553
HPRT1P1	0
HPRT1P2	0
HPRT1P3	0
HPS1	4.698499978
HPS3	8.137132035
HPS4	3.14983685
HPS5	11.54722286
HPS6	4.875277566
HPSE	2.956674508
HPSE2	0.032945827
HPVC1	0.020263425
HPX	0.006685647
HPYR1	0
HR	0.911992539
HRAS	30.39030671
HRASLS	1.868949948
HRASLS2	1.635820972
HRASLS5	0.037141345
HRC	0.045205928
HRCT1	0.051106491
HRG	0.095931963
HRH1	1.99159581
HRH2	0.444815755
HRH3	0.009088575
HRH4	0.006618207
HRK	0.003542329
HRNR	0.050453254
HS1BP3	4.922645587
HS1BP3-IT1	0.040459305
HS2ST1	4.986477317
HS3ST1	1.962023625
HS3ST2	0.72686967
HS3ST3A1	4.729489577
HS3ST3B1	4.52764278
HS3ST4	2.708462525
HS3ST5	0.053235928
HS3ST6	0.877200965
HS6ST1	12.08854582
HS6ST1P1	0.452462248
HS6ST2	27.0475526
HS6ST2-AS1	0
HS6ST3	0.043538069
hsa-mir-1253	0
HSBP1	17.33569733
HSBP1L1	5.726487286
HSBP1P1	0
HSBP1P2	0
HSCB	12.5362964
HSD11B1	6.064884637
HSD11B1L	0.941480325
HSD11B2	1.316364834
HSD17B1	1.754809745
HSD17B10	52.81844384
HSD17B11	12.57146219
HSD17B12	17.91029948
HSD17B13	0.060764914
HSD17B14	2.709920687
HSD17B1P1	0.584647554
HSD17B2	0.116929511
HSD17B3	0.330601328
HSD17B3-AS1	0
HSD17B4	7.845104041
HSD17B6	2.297205278
HSD17B7	4.903385262
HSD17B7P1	0
HSD17B7P2	1.144466407
HSD17B8	28.58755701
HSD3B1	0
HSD3B2	0
HSD3B7	7.268080426
HSD3BP1	0
HSD3BP2	0
HSD3BP3	0
HSD3BP4	0.021674628
HSD3BP5	0.021444861
HSDL1	4.066577619
HSDL2	11.52299753
HSF1	13.05950444
HSF2	7.09759835
HSF2BP	0.470752924
HSF4	0.674481889
HSF5	0.011859103
HSFX1	0
HSFX2	0
HSFY1	0
HSFY1P1	0
HSFY2	0
HSFY3P	0
HSFY4P	0
HSFY5P	0
HSFY6P	0
HSFY7P	0
HSFY8P	0
HSH2D	1.064467893
HSP90AA1	296.1778426
HSP90AA2P	0.375851471
HSP90AA4P	0.043582735
HSP90AA5P	0.066447764
HSP90AA6P	0.199213461
HSP90AB1	366.3006292
HSP90AB2P	0.274539001
HSP90AB3P	0.480372793
HSP90AB6P	0.012260396
HSP90AB7P	0.019784501
HSP90B1	195.0694316
HSP90B2P	0.173106088
HSP90B3P	0.092950542
HSPA12A	1.107029854
HSPA12B	0.631735266
HSPA13	14.06525208
HSPA14	11.95640493
HSPA1A	3.646714676
HSPA1B	54.1843343
HSPA1L	0.38169156
HSPA2	0.836219675
HSPA4	25.18897793
HSPA4L	3.350661344
HSPA5	254.3407766
HSPA6	3.58348972
HSPA7	0.743258645
HSPA8	296.8489806
HSPA8P1	0.211898162
HSPA8P11	0.012790086
HSPA8P13	0
HSPA8P14	0.013449077
HSPA8P15	0.123539864
HSPA8P16	0.026032797
HSPA8P17	0
HSPA8P18	0
HSPA8P19	0
HSPA8P20	0
HSPA8P3	0.093367628
HSPA8P4	0.126435329
HSPA8P5	0.082131021
HSPA8P6	0
HSPA8P7	0.012461798
HSPA8P8	0.119780838
HSPA8P9	0.074963201
HSPA9	40.37073942
HSPA9P1	0.023928618
HSPB1	639.2322638
HSPB11	5.22120084
HSPB1P1	17.73255493
HSPB1P2	0.844754727
HSPB2	0.581886639
HSPB2-C11orf52	0
HSPB3	1.764933984
HSPB6	0.789449861
HSPB7	0.173840494
HSPB8	22.93448456
HSPB9	0.126303763
HSPBAP1	1.648452375
HSPBP1	13.35775492
HSPD1	52.6800171
HSPD1P1	0.323486914
HSPD1P10	0
HSPD1P11	0.014262975
HSPD1P12	0.068126052
HSPD1P14	0
HSPD1P15	0
HSPD1P16	0
HSPD1P18	0
HSPD1P2	0
HSPD1P21	0
HSPD1P3	0
HSPD1P4	0.114103799
HSPD1P5	0.112909689
HSPD1P6	0.022281398
HSPD1P7	0
HSPD1P8	0
HSPD1P9	0
HSPE1	61.34588455
HSPE1-MOB4	0.136379681
HSPE1P1	0
HSPE1P10	0
HSPE1P11	0
HSPE1P12	0
HSPE1P13	0
HSPE1P14	0.241148178
HSPE1P16	0
HSPE1P18	0
HSPE1P19	0
HSPE1P2	0.555323799
HSPE1P20	0
HSPE1P21	0.078816829
HSPE1P22	0
HSPE1P23	0
HSPE1P24	0
HSPE1P25	0
HSPE1P26	0
HSPE1P27	0
HSPE1P28	0
HSPE1P3	0.157123516
HSPE1P4	0.157633657
HSPE1P5	0
HSPE1P6	0.91763373
HSPE1P7	0
HSPE1P8	0.08429022
HSPE1P9	0
HSPG2	6.048970753
HSPH1	15.42758161
HTATIP2	57.29974988
HTATSF1	16.5965722
HTATSF1P1	0
HTATSF1P2	0
HTD2	0.011456151
HTN1	0
HTN3	0
HTR1A	0
HTR1B	0.115598015
HTR1D	0.04281408
HTR1DP1	0
HTR1E	0.023660412
HTR1F	0.100504007
HTR2A	0.116543518
HTR2A-AS1	0
HTR2B	0.281017437
HTR2C	0
HTR3A	0.026272276
HTR3B	0
HTR3C	0
HTR3D	0
HTR3E	0
HTR3E-AS1	0
HTR4	0.006891578
HTR5A	0
HTR5A-AS1	0
HTR5BP	0.063939201
HTR6	0
HTR7	0.341145213
HTR7P1	0.583362462
HTRA1	36.1614584
HTRA2	8.299482966
HTRA3	18.80060224
HTRA4	0.475083013
HTT	1.767639555
HTT-AS	0
HUNK	0.386348805
HUNK-AS1	0
HUS1	4.986461671
HUS1B	0.118417479
HUWE1	6.091243867
HVCN1	0.849118827
HYAL1	2.356250734
HYAL2	14.14873926
HYAL3	2.897331396
HYAL4	0.017732347
HYALP1	0
HYDIN	0.020741271
HYDIN2	0.038135265
HYI	2.00229263
HYI-AS1	0.089084709
HYKK	0.969832307
HYLS1	3.812537411
HYOU1	31.15061517
HYPK	0.243021637
HYPM	0
IAH1	15.80296091
IAPP	0.257655013
IARS	29.27108561
IARS2	35.22145243
IARS2P1	0.007650672
IBA57	0.928833843
IBA57-AS1	0.037871425
IBSP	0.942131302
IBTK	3.545871706
ICA1	0.486405061
ICA1L	0.284032112
ICAM1	34.91989588
ICAM2	1.661788305
ICAM3	1.078000475
ICAM4	0
ICAM5	0.111869047
ICE1	3.384818586
ICE2	5.109851058
ICE2P1	0.013129034
ICE2P2	0
ICK	13.02403075
ICMT	17.39832532
ICOS	0.871901855
ICOSLG	0.017959741
ID1	170.1062766
ID2	12.60568834
ID2-AS1	0.047137055
ID3	22.64100026
ID4	2.236999136
IDE	5.431450327
IDH1	54.55707222
IDH1-AS1	0.889487019
IDH2	98.5429947
IDH2-DT	6.769810531
IDH3A	7.475970007
IDH3B	22.36531138
IDH3G	19.45084456
IDI1	48.67968025
IDI2	0
IDI2-AS1	0.133173262
IDNK	2.127793678
IDO1	18.34254433
IDO2	0.092863392
IDS	15.00111912
IDSP1	0.064562721
IDUA	2.306180406
IER2	52.82626101
IER3	234.4312406
IER3-AS1	0.690955879
IER3IP1	28.97230599
IER5	7.738276885
IER5L	3.42060966
IFFO1	0.825827067
IFFO2	3.252174933
IFI16	100.885362
IFI27	158.5435003
IFI27L1	3.712736257
IFI27L2	13.78829757
IFI30	0.538152792
IFI35	25.56749211
IFI44	8.230828265
IFI44L	1.052574116
IFI6	88.99176229
IFIH1	6.031367297
IFIT1	1.620828015
IFIT1B	0.024620267
IFIT1P1	0.050260007
IFIT2	1.948169476
IFIT3	12.1653775
IFIT5	5.211843769
IFIT6P	0
IFITM1	185.5059151
IFITM10	3.125785799
IFITM2	36.92468815
IFITM3	397.0894733
IFITM4P	0
IFITM5	0.065966259
IFITM8P	0.061613155
IFITM9P	0.061301978
IFNA1	0
IFNA10	0
IFNA11P	0
IFNA12P	0
IFNA13	0
IFNA14	0
IFNA16	0
IFNA17	0
IFNA2	0
IFNA20P	0.045976483
IFNA21	0
IFNA22P	0
IFNA4	0
IFNA5	0
IFNA6	0
IFNA7	0
IFNA8	0
IFNAR1	8.96127703
IFNAR2	3.551369456
IFNB1	0
IFNE	0
IFNG	0.797227692
IFNG-AS1	0.011423804
IFNGR1	92.2679888
IFNGR2	41.24388784
IFNK	0
IFNL1	0
IFNL2	0
IFNL3	0.031485841
IFNL3P1	0
IFNL4	0
IFNL4P1	0
IFNLR1	1.237694777
IFNNP1	0
IFNW1	0
IFNWP15	0
IFNWP18	0
IFNWP19	0
IFNWP2	0
IFNWP4	0
IFNWP5	0
IFNWP9	0
IFRD1	6.755283139
IFRD2	12.88332407
IFT122	1.327649684
IFT140	0.900526655
IFT172	2.201880063
IFT20	11.34415231
IFT22	4.788141414
IFT27	4.798133129
IFT43	6.621671549
IFT46	6.600361772
IFT52	10.39017881
IFT57	8.025252551
IFT74	2.514834054
IFT74-AS1	0
IFT80	2.304065808
IFT81	0.665369304
IFT88	1.100365988
IGBP1	35.27912362
IGBP1-AS1	0.134366697
IGBP1-AS2	0
IGBP1P1	0.120295259
IGBP1P3	0
IGBP1P4	0.027617273
IGBP1P5	0
IGDCC3	0.07870326
IGDCC4	0.450242656
IGF1	0.288173116
IGF1R	12.60770537
IGF2	1.530485258
IGF2-AS	0.00846134
IGF2BP1	0.061295248
IGF2BP2	12.51974112
IGF2BP2-AS1	0.028434065
IGF2BP3	3.456938886
IGF2R	16.53103561
IGFALS	0.02054641
IGFBP1	0.102800413
IGFBP2	74.37993885
IGFBP3	170.4070529
IGFBP4	162.6022701
IGFBP5	213.9657894
IGFBP6	4.118687692
IGFBP7	147.4144224
IGFBP7-AS1	0.041854454
IGFBPL1	1.465863214
IGFL1	1.515250968
IGFL1P1	0
IGFL1P2	0
IGFL2	0.73046891
IGFL2-AS1	0.166366076
IGFL3	0.036670065
IGFL4	0.006516935
IGFLR1	0.672179109
IGFN1	0.032057555
IGHA1	1862.430603
IGHA2	105.7608509
IGHD	4.676034472
IGHD1-1	0
IGHD1-14	0
IGHD1-20	0
IGHD1-26	0
IGHD1-7	0
IGHD1OR15-1A	0
IGHD1OR15-1B	0
IGHD2-15	0
IGHD2-2	2.349249989
IGHD2-21	0
IGHD2-8	3.132333318
IGHD3-10	1.566166659
IGHD3-16	0.656096844
IGHD3-22	6.264666637
IGHD3-3	1.566166659
IGHD3-9	0
IGHD4-11	0
IGHD4-17	0
IGHD4-23	0
IGHD4-4	1.517223951
IGHD4OR15-4A	0
IGHD4OR15-4B	0
IGHD5-12	1.05546014
IGHD5-18	0
IGHD5-24	0
IGHD5-5	0
IGHD5OR15-5A	0
IGHD5OR15-5B	0
IGHD6-13	0
IGHD6-19	0
IGHD6-25	4.045930536
IGHD6-6	2.697287024
IGHD7-27	0
IGHE	0.859616969
IGHEP1	0.037289682
IGHEP2	0
IGHG1	1275.157927
IGHG2	485.5331092
IGHG3	228.242037
IGHG4	143.0719136
IGHGP	76.51548429
IGHJ1	7.469410221
IGHJ1P	0
IGHJ2	14.4719823
IGHJ2P	0
IGHJ3	46.07406611
IGHJ3P	2.913069986
IGHJ4	0
IGHJ5	0
IGHJ6	0
IGHM	137.7720809
IGHMBP2	1.828647955
IGHV1-12	2.486767061
IGHV1-14	0.90655705
IGHV1-17	0.436088321
IGHV1-18	261.6434201
IGHV1-2	148.9135297
IGHV1-24	47.96051964
IGHV1-3	7.927975279
IGHV1-45	6.083661974
IGHV1-46	59.89212592
IGHV1-58	4.104567211
IGHV1-67	1.019982488
IGHV1-68	0.164580225
IGHV1-69	50.90801918
IGHV1-69D	27.64226994
IGHV1OR15-1	0.068769358
IGHV1OR15-2	2.338158157
IGHV1OR15-3	0
IGHV1OR15-4	0.139514846
IGHV1OR15-6	0
IGHV1OR15-9	2.750774302
IGHV1OR16-1	0.247710033
IGHV1OR16-2	0
IGHV1OR16-3	0.355252437
IGHV1OR16-4	0.236834958
IGHV1OR21-1	1.237848436
IGHV2-26	38.675273
IGHV2-5	4.495478374
IGHV2-70	12.88368942
IGHV2-70D	4.251023789
IGHV2OR16-5	0
IGHV3-11	114.0901089
IGHV3-13	38.44574924
IGHV3-15	180.4836839
IGHV3-16	0.114238039
IGHV3-19	1.501582467
IGHV3-20	6.902454987
IGHV3-21	198.7210533
IGHV3-22	0.473340063
IGHV3-23	289.4526138
IGHV3-25	0.069161206
IGHV3-29	0
IGHV3-30	244.3329002
IGHV3-30-2	0
IGHV3-32	0
IGHV3-33	98.11616233
IGHV3-33-2	0
IGHV3-35	0.464287111
IGHV3-36	0.242150456
IGHV3-37	0.071398774
IGHV3-38	0.683819246
IGHV3-41	0.976603923
IGHV3-42	0.403248891
IGHV3-43	58.00410091
IGHV3-47	0.724644275
IGHV3-48	30.4006725
IGHV3-49	41.54859435
IGHV3-50	0.076579127
IGHV3-52	1.650464581
IGHV3-53	32.86344278
IGHV3-54	0
IGHV3-57	0
IGHV3-6	0
IGHV3-60	0.617175845
IGHV3-62	0.713987742
IGHV3-63	0.925462117
IGHV3-64	3.252012091
IGHV3-65	0.142378787
IGHV3-66	18.53358344
IGHV3-7	2.427558322
IGHV3-71	1.081920143
IGHV3-72	9.820576847
IGHV3-73	13.72098182
IGHV3-74	44.87054138
IGHV3-75	0.067808892
IGHV3-76	0.246870338
IGHV3-79	0.142378787
IGHV3OR15-7	1.217160161
IGHV3OR16-10	0.416152855
IGHV3OR16-11	0.13911509
IGHV3OR16-12	0.27507743
IGHV3OR16-13	1.100309721
IGHV3OR16-15	0.293183372
IGHV3OR16-16	0.14154859
IGHV3OR16-6	0.337160878
IGHV3OR16-7	0.134864351
IGHV3OR16-8	0.765132995
IGHV3OR16-9	1.486260197
IGHV4-28	58.26139972
IGHV4-31	160.3436303
IGHV4-34	53.16352725
IGHV4-39	277.4270769
IGHV4-4	11.75939523
IGHV4-55	9.103343707
IGHV4-59	130.7448583
IGHV4-61	7.967915717
IGHV4OR15-8	0.687693576
IGHV5-51	269.2221388
IGHV5-78	2.468703378
IGHV6-1	4.036181306
IGHV7-27	1.103435601
IGHV7-34-1	0.069358809
IGHV7-40	0.121987855
IGHV7-56	0.207483617
IGHV7-81	0.599397116
IGHVII-1-1	0
IGHVII-15-1	0
IGHVII-22-1	0
IGHVII-26-2	0
IGHVII-28-1	0
IGHVII-30-1	0
IGHVII-33-1	0
IGHVII-40-1	0
IGHVII-44-2	0
IGHVII-46-1	0
IGHVII-49-1	0
IGHVII-51-2	0
IGHVII-53-1	0.190396731
IGHVII-60-1	0
IGHVII-62-1	0
IGHVII-65-1	0
IGHVII-67-1	0
IGHVII-74-1	0
IGHVII-78-1	0
IGHVIII-11-1	0
IGHVIII-13-1	0
IGHVIII-2-1	0
IGHVIII-22-2	0
IGHVIII-25-1	0
IGHVIII-26-1	0
IGHVIII-38-1	0
IGHVIII-47-1	0.146680261
IGHVIII-5-1	0
IGHVIII-51-1	0.080382726
IGHVIII-5-2	0
IGHVIII-67-2	0
IGHVIII-67-3	0
IGHVIII-67-4	0
IGHVIII-76-1	0
IGHVIII-82	0
IGHVIV-44-1	0
IGIP	0.996857379
IGJP1	0
IGKC	1761.909381
IGKJ1	0
IGKJ2	0
IGKJ3	0
IGKJ4	0
IGKJ5	7.665973648
IGKV1-12	12.32077339
IGKV1-13	0.349792265
IGKV1-16	44.76212038
IGKV1-17	137.1763115
IGKV1-22	0
IGKV1-27	125.6356754
IGKV1-32	0.078056538
IGKV1-33	1.499204664
IGKV1-35	0.085177485
IGKV1-37	0.060993928
IGKV1-39	7.563247033
IGKV1-5	483.6864325
IGKV1-6	99.46600808
IGKV1-8	6.661373759
IGKV1-9	229.1045262
IGKV1D-12	10.92728409
IGKV1D-13	0.774752656
IGKV1D-16	3.789046058
IGKV1D-17	0.684461933
IGKV1D-22	0.07492464
IGKV1D-27	24.71036978
IGKV1D-32	0.076338312
IGKV1D-33	0.658836288
IGKV1D-35	0
IGKV1D-37	0.206308073
IGKV1D-39	1.226691705
IGKV1D-42	1.887377784
IGKV1D-43	1.277662275
IGKV1D-8	6.409845007
IGKV1OR10-1	0.073785967
IGKV1OR1-1	0.139916906
IGKV1OR-2	0
IGKV1OR2-1	0
IGKV1OR2-108	5.295240532
IGKV1OR2-11	0.253751741
IGKV1OR2-118	0.489709172
IGKV1OR2-2	0
IGKV1OR22-1	0.60688958
IGKV1OR22-5	0.548600751
IGKV1OR2-3	0.337160878
IGKV1OR2-6	1.577474722
IGKV1OR2-9	0.084583914
IGKV1OR-3	0.209272269
IGKV1OR9-1	0
IGKV1OR9-2	0.350549938
IGKV2-10	0
IGKV2-14	0
IGKV2-18	0.212322885
IGKV2-19	0
IGKV2-23	0
IGKV2-24	15.99698689
IGKV2-26	0.636968656
IGKV2-28	0.497960681
IGKV2-29	1.305138883
IGKV2-30	5.41532241
IGKV2-36	0
IGKV2-38	0
IGKV2-4	0.071398774
IGKV2-40	0
IGKV2D-10	0
IGKV2D-14	0
IGKV2D-18	0.45314422
IGKV2D-19	0
IGKV2D-23	0
IGKV2D-24	0.684695937
IGKV2D-26	0
IGKV2D-28	2.355093894
IGKV2D-29	6.493718511
IGKV2D-30	1.59788649
IGKV2D-36	0
IGKV2D-38	0
IGKV2D-40	4.768418132
IGKV2OR2-1	0.159707784
IGKV2OR2-10	0
IGKV2OR2-2	0
IGKV2OR22-3	0.202296527
IGKV2OR22-4	0.529168027
IGKV2OR2-7	0.079853892
IGKV2OR2-7D	0
IGKV2OR2-8	0.080918611
IGKV3-11	556.1139582
IGKV3-15	188.163231
IGKV3-20	551.6626286
IGKV3-25	0
IGKV3-31	0
IGKV3-34	0
IGKV3-7	1.472900555
IGKV3D-11	5.383288329
IGKV3D-15	15.32549446
IGKV3D-20	28.20331803
IGKV3D-25	0.103300354
IGKV3D-31	0
IGKV3D-34	0
IGKV3D-7	0.063217665
IGKV3OR22-2	0
IGKV3OR2-268	2.358199513
IGKV3OR2-5	0.172779952
IGKV4-1	630.3529694
IGKV5-2	8.329856987
IGKV6-21	40.47923606
IGKV6D-21	4.629573328
IGKV6D-41	0.261731355
IGKV7-3	1.059001952
IGLC1	0
IGLC2	1111.107105
IGLC3	607.7302933
IGLC4	0.293656249
IGLC5	0.16570364
IGLC6	1.837899045
IGLC7	7.761581029
IGLCOR22-1	0.230464398
IGLCOR22-2	0
IGLJ1	0.382292649
IGLJ2	1.803329039
IGLJ3	0.41378835
IGLJ4	0
IGLJ5	0
IGLJ6	0
IGLJ7	0
IGLJCOR18	0.057253734
IGLL1	0.349095776
IGLL3P	0
IGLL4P	0
IGLL5	78.12966832
IGLON5	0.223566384
IGLV10-54	11.17341912
IGLV10-67	0
IGLV11-55	0
IGLV1-36	35.70302061
IGLV1-40	529.7087336
IGLV1-41	1.375217769
IGLV1-44	357.8439291
IGLV1-47	332.6410998
IGLV1-50	13.48643512
IGLV1-51	233.1669768
IGLV1-62	0
IGLV2-11	219.2692054
IGLV2-14	625.3680095
IGLV2-18	4.47865038
IGLV2-23	337.2952051
IGLV2-28	0.479123353
IGLV2-33	0.648134503
IGLV2-34	0.085779446
IGLV2-5	0.613462392
IGLV2-8	66.62971977
IGLV3-1	217.5043461
IGLV3-10	191.0601601
IGLV3-12	2.967015727
IGLV3-13	0.43543647
IGLV3-15	0.19898019
IGLV3-16	8.091861073
IGLV3-17	0
IGLV3-19	207.0829592
IGLV3-2	0
IGLV3-21	885.4135892
IGLV3-22	0.534181538
IGLV3-24	0.985810486
IGLV3-25	446.6707312
IGLV3-26	0
IGLV3-27	27.17319925
IGLV3-29	0
IGLV3-30	0
IGLV3-31	0.08173597
IGLV3-32	0.316913619
IGLV3-4	0
IGLV3-6	0.194204666
IGLV3-7	0
IGLV3-9	5.002560533
IGLV4-3	0.542134613
IGLV4-60	2.48120602
IGLV4-69	163.7298286
IGLV5-37	17.52515366
IGLV5-45	8.254921245
IGLV5-48	0.460512419
IGLV5-52	0.128103342
IGLV6-57	95.50474232
IGLV7-35	0.071398774
IGLV7-43	51.51467919
IGLV7-46	34.74245806
IGLV8-61	143.8943991
IGLV8OR8-1	0.068964725
IGLV9-49	28.252268
IGLVI-20	0.933676278
IGLVI-38	0
IGLVI-42	0
IGLVI-56	0.070981237
IGLVI-63	0.126435329
IGLVI-68	0
IGLVI-70	0.809186107
IGLVIV-53	0
IGLVIV-59	0
IGLVIV-64	0
IGLVIV-65	0
IGLVIV-66-1	0
IGLVIVOR22-1	0
IGLVIVOR22-2	0
IGLVV-58	0
IGLVV-66	0
IGLVVI-22-1	0
IGLVVI-25-1	0
IGLVVII-41-1	0
IGSF1	0.694300195
IGSF10	0.204935852
IGSF11	1.060415352
IGSF11-AS1	0
IGSF21	0.275411803
IGSF21-AS1	0
IGSF22	0.315918559
IGSF23	0
IGSF3	16.62549402
IGSF5	0
IGSF6	5.106669969
IGSF8	31.57137
IGSF9	9.951231081
IGSF9B	0.012658917
IHH	0.011999794
IK	12.77475163
IKBIP	6.910056717
IKBKB	5.818173769
IKBKE	13.4344958
IKBKG	3.735234255
IKBKGP1	0.045248058
IKZF1	1.290198617
IKZF2	0.52557431
IKZF3	1.307408009
IKZF4	0.738108949
IKZF5	3.498163694
IL10	0.552275655
IL10RA	3.67025464
IL10RB	18.74323026
IL10RB-AS1	0.305079143
IL11	0.717997407
IL11RA	0.693425697
IL12A	0.809186107
IL12A-AS1	0.026322129
IL12B	0.15826168
IL12RB1	1.022308181
IL12RB2	0.919485299
IL13	0.033634338
IL13RA1	50.57228087
IL13RA2	0.119437064
IL15	1.068619821
IL15RA	9.658306906
IL16	1.075881644
IL17A	0.013058409
IL17B	0.060137696
IL17C	0
IL17D	0.335640766
IL17F	0.02275125
IL17RA	3.156685511
IL17RB	0.535373297
IL17RC	5.614397
IL17RD	0.490031122
IL17RE	1.765119396
IL17REL	0.006568069
IL18	6.142794079
IL18BP	3.723042256
IL18R1	0.797474937
IL18RAP	0.84301587
IL19	0.140755218
IL1A	11.16631111
IL1B	8.091861073
IL1F10	0.060802964
IL1R1	13.46929861
IL1R2	1.279741126
IL1RAP	7.676696371
IL1RAPL1	0.033091035
IL1RAPL2	0.393407926
IL1RL1	1.394177247
IL1RL2	1.156854571
IL1RN	26.60174475
IL2	0.065081993
IL20	0.061967028
IL20RA	1.344651755
IL20RB	1.423356072
IL20RB-AS1	0
IL21	0.135051923
IL21-AS1	0.090677205
IL21R	0.76374617
IL21R-AS1	0.018566412
IL22	0
IL22RA1	1.023773703
IL22RA2	0.268145897
IL23A	1.165718823
IL23R	0.016119245
IL24	2.661850206
IL25	0.053274872
IL26	0.022581938
IL27	0.114687795
IL27RA	3.851966277
IL2RA	2.980943783
IL2RB	4.88610675
IL2RG	10.35230487
IL3	0
IL31	1.638064797
IL31RA	0.625987504
IL32	15.14481695
IL33	1.791005217
IL34	0.510950475
IL36A	2.104977374
IL36B	0.480576019
IL36G	37.59197198
IL36RN	10.48581573
IL37	0.086801847
IL3RA	2.384969579
IL4	0
IL4I1	2.661505612
IL4R	16.45418306
IL5	0.030593048
IL5RA	0.069884255
IL6	87.12928032
IL6R	16.68781763
IL6R-AS1	0.552974561
IL6RP1	0
IL6ST	9.742106093
IL6STP1	0.023799591
IL7	1.932313523
IL7R	11.81331599
IL9	0
IL9R	0.329620539
IL9RP2	0
IL9RP3	0.014501543
IL9RP4	0
ILDR1	2.934772506
ILDR2	0.071686755
ILF2	254.3987467
ILF2P1	0.02078389
ILF2P2	0
ILF3	15.7234067
ILF3-AS1	6.14540735
ILK	3.365415239
ILKAP	4.833746396
ILVBL	21.88909668
IMMP1L	3.478876502
IMMP1LP1	0.049745048
IMMP1LP2	0.049340616
IMMP1LP3	0
IMMP2L	2.661702763
IMMT	23.32551022
IMMTP1	0.021879751
IMP3	30.55978878
IMP3P1	0
IMP3P2	0
IMP4	17.57952102
IMPA1	8.985881207
IMPA1P1	0.049694131
IMPA2	33.29404172
IMPACT	10.64709902
IMPAD1	22.58453983
IMPDH1	22.22720659
IMPDH1P10	0.031485841
IMPDH1P11	0
IMPDH1P3	0
IMPDH1P4	0.015825022
IMPDH1P5	0.031526731
IMPDH1P6	0.016034071
IMPDH1P8	0.127347322
IMPDH2	33.38877548
IMPG1	0.038319784
IMPG2	0.017470733
INA	0.465826728
INAFM1	3.86861884
INAFM2	8.990956747
INAVA	5.587913669
INCA1	1.000410384
INCENP	5.421709733
INE1	0.308261374
INE2	0
INF2	10.31098233
ING1	2.853939104
ING2	4.885759035
ING3	1.745942406
ING4	10.23017085
ING5	1.074638623
INGX	0.019467188
INHA	0.401592649
INHBA	11.51253097
INHBA-AS1	0.022406852
INHBB	1.409256704
INHBC	0
INHBE	0.152980458
INIP	8.035146695
INMT	0.582441422
INMT-MINDY4	0.008429022
INO80	2.744587609
INO80-AS1	0.03409492
INO80B	1.993723983
INO80B-WBP1	0.059498978
INO80C	6.712186825
INO80D	0.629986262
INO80E	7.047749966
INPP1	4.807569255
INPP4A	3.177345616
INPP4B	0.516282806
INPP5A	7.722858234
INPP5B	1.141740756
INPP5D	1.66665679
INPP5E	2.925372285
INPP5F	3.662496866
INPP5J	0.589017677
INPP5K	5.110409162
INPPL1	12.8024935
INS	0
INSC	0.02826851
INSIG1	16.71357277
INSIG2	6.582063197
INS-IGF2	0
INSL3	0.05260148
INSL4	0.049745048
INSL5	0
INSL6	0
INSM1	0.017161953
INSM2	0
INSR	1.911664433
INSRR	0.00951797
INTS1	5.357665685
INTS10	10.61283686
INTS11	6.13977342
INTS12	4.11756749
INTS13	11.74227015
INTS14	15.95499733
INTS2	3.343079056
INTS3	4.752903662
INTS4	2.881576474
INTS4P1	0.028604379
INTS4P2	0
INTS5	10.80392775
INTS6	1.553089177
INTS6-AS1	0.270658236
INTS6L	0.89295722
INTS6L-AS1	0.182981783
INTS6P1	0.009595092
INTS7	10.34831866
INTS8	5.68467128
INTS9	2.311253285
INTS9-AS1	0
INTU	0.332418045
INVS	3.516957286
IP6K1	7.646808714
IP6K2	9.733541991
IP6K3	0.30968143
IPCEF1	0.183341672
IPMK	3.886943212
IPMKP1	0.028392495
IPO11	3.358015026
IPO13	9.628088878
IPO4	1.304200496
IPO5	15.90425967
IPO5P1	0.487697896
IPO7	26.33289282
IPO7P1	0
IPO7P2	0.055487047
IPO8	6.859271781
IPO8P1	0.007808164
IPO9	9.488157033
IPO9-AS1	0.152436943
IPP	4.278530591
IPPK	1.921934482
IPPKP1	0
IQANK1	15.01342201
IQCA1	1.637332224
IQCA1-AS1	0.049643319
IQCA1L	0
IQCB1	10.52552345
IQCB2P	0.014865636
IQCC	1.136387269
IQCD	0.246703081
IQCE	1.003600951
IQCF1	0
IQCF2	0
IQCF3	0
IQCF5	0
IQCF5-AS1	0
IQCF6	0
IQCG	7.145609189
IQCH	0.126364178
IQCH-AS1	0.46877983
IQCJ	0.016610047
IQCJ-SCHIP1-AS1	0.041006053
IQCK	0.39381579
IQCM	0.258352679
IQCN	0.193589423
IQGAP1	47.49239851
IQGAP2	0.841537171
IQGAP3	4.698848428
IQSEC1	3.545039398
IQSEC2	1.792250758
IQSEC3	0.08843564
IQSEC3P1	0
IQUB	0.061790896
IRAK1	31.69598769
IRAK1BP1	0.666274957
IRAK2	2.578801548
IRAK3	1.155055739
IRAK4	8.582059088
IREB2	7.386462856
IRF1	16.66514586
IRF2	16.32914712
IRF2BP1	7.384927812
IRF2BP2	27.20982497
IRF2BPL	13.79918286
IRF3	13.60942686
IRF4	1.020743411
IRF5	9.571515669
IRF5P1	0
IRF6	78.60053537
IRF7	5.625506157
IRF8	3.663440396
IRF9	1.484432079
IRGC	0
IRGM	0
IRGQ	1.933388227
IRS1	3.319508566
IRS2	1.598883338
IRS3P	0
IRS4	0.006180138
IRX1	0.026130875
IRX1P1	0
IRX2	2.582508853
IRX3	3.335703637
IRX4	0.043118265
IRX5	1.365234909
IRX6	0.885605272
ISCA1	15.5761693
ISCA1P1	0.188182816
ISCA1P2	0
ISCA1P3	0
ISCA1P4	1.630449619
ISCA1P6	0
ISCA2	15.49640301
ISCA2P1	0.05418657
ISCU	9.258518222
ISCUP1	0
ISG15	43.24249325
ISG20	3.854156836
ISG20L2	19.05785524
ISL1	0.016846345
ISL2	0.295110647
ISLR	18.34983247
ISLR2	0.127326449
ISM1	0.842577127
ISM1-AS1	0
ISM2	0.223304808
ISOC1	6.882252974
ISOC2	11.90649068
ISPD	0.434798051
ISPD-AS1	0.008757425
IST1	11.96052947
ISX	0.021520907
ISX-AS1	0
ISY1	4.018313263
ISY1-RAB43	0.004986767
ISYNA1	6.098464115
ITCH	12.57479581
ITCH-AS1	0
ITCH-IT1	0.233419069
ITFG1	8.569874487
ITFG1-AS1	0.116336661
ITFG2	2.02749671
ITFG2-AS1	0.223297086
ITGA1	2.475152377
ITGA10	0.103708979
ITGA11	1.894854066
ITGA2	6.813121965
ITGA2B	0.13119573
ITGA3	10.98617498
ITGA4	1.785104904
ITGA5	17.29759454
ITGA6	64.65933317
ITGA7	0.464713817
ITGA8	0.412762308
ITGA9	0.659901682
ITGA9-AS1	0.270093694
ITGAD	0.055034195
ITGAE	5.364185506
ITGAL	2.569340931
ITGAM	1.062726326
ITGAV	30.19148165
ITGAX	1.753579732
ITGB1	63.67948697
ITGB1BP1	10.64010663
ITGB1BP2	0.044117371
ITGB1-DT	0
ITGB1P1	0.637782154
ITGB2	8.500204216
ITGB2-AS1	0.338543818
ITGB3	0.176790774
ITGB3BP	2.134508142
ITGB4	43.40234432
ITGB5	29.75048596
ITGB5-AS1	0
ITGB6	16.31737724
ITGB7	0.931801007
ITGB8	7.617753615
ITGBL1	1.368303039
ITIH1	0.005342338
ITIH2	0.05749102
ITIH3	0.04509904
ITIH4	0.013333349
ITIH4-AS1	0
ITIH5	0.107869354
ITIH6	0.079490722
ITK	0.767428944
ITLN1	0.049107721
ITLN2	0.281929145
ITM2A	9.965890331
ITM2B	176.2892378
ITM2BP1	0.036559613
ITM2C	34.01928724
ITPA	25.48291546
ITPK1	10.87623432
ITPK1-AS1	0.005163919
ITPKA	0.777468487
ITPKB	5.082139579
ITPKB-AS1	0
ITPKB-IT1	0
ITPKC	29.4534181
ITPR1	1.489103244
ITPR1-AS1	0.113172882
ITPR2	1.205211308
ITPR3	3.664703039
ITPRIP	4.453633186
ITPRIPL1	0.328753599
ITPRIPL2	3.722908663
ITSN1	0.778006323
ITSN2	3.150050725
IVD	6.001081723
IVL	24.80551931
IVNS1ABP	16.09187355
IWS1	11.01223199
IYD	0.016399255
IZUMO1	0.014217033
IZUMO1R	0
IZUMO2	0
IZUMO3	0
IZUMO4	0.832556103
JADE1	1.119511506
JADE2	8.017308136
JADE3	2.050925271
JADRR	0
JAG1	39.71023456
JAG2	10.24226967
JAGN1	16.51657246
JAK1	14.21872058
JAK2	3.737283436
JAK3	2.095118587
JAKMIP1	0.350287479
JAKMIP2	0.314077627
JAKMIP2-AS1	0
JAKMIP3	0.934903507
JAM2	0.666934108
JAM3	1.97731773
JAML	0.992282486
JARID2	8.794097395
JARID2-AS1	0.16005879
JAZF1	4.728303895
JAZF1-AS1	0.035594697
JCAD	1.469546604
JCHAIN	428.2039483
JDP2	3.465159433
JHDM1D-AS1	5.711901934
JHY	1.089288991
JKAMP	19.70507686
JKAMPP1	0.026415216
JMJD1C	2.814592517
JMJD1C-AS1	0.21820749
JMJD4	5.738376566
JMJD6	4.770524228
JMJD7	0.036949137
JMJD7-PLA2G4B	0.154385546
JMJD8	12.0038
JMY	3.382795273
JOSD1	25.58868689
JOSD2	17.65351197
JPH1	2.705912428
JPH2	0.167474156
JPH3	0.004086111
JPH4	0.054891087
JPT1	87.55279911
JPT2	25.52296533
JPX	2.90627041
JRK	0.445344211
JRKL	3.284221597
JRKL-AS1	0.056984937
JSRP1	0.759390039
JTB	169.9777635
JTBP1	0.098281713
JUN	51.25988264
JUNB	323.0653303
JUND	39.14323778
JUP	121.0881024
KAAG1	0
KALRN	0.449033859
KANK1	3.123126763
KANK1P1	0
KANK2	2.615711572
KANK3	0.290442426
KANK4	0.032475697
KANSL1	2.750349678
KANSL1-AS1	3.755751092
KANSL1L	0.937425096
KANSL2	18.91287316
KANSL3	7.154767012
KANTR	0.123592278
KARS	29.5845607
KARSP1	0
KARSP2	0
KARSP3	0
KAT14	5.921848929
KAT2A	12.80442012
KAT2B	2.356894572
KAT5	8.423601358
KAT6A	4.331999536
KAT6B	1.608710291
KAT7	2.998031428
KAT8	6.122107166
KATNA1	6.752566909
KATNAL1	1.275928248
KATNAL2	0.40603108
KATNB1	4.515649764
KATNBL1	5.694518564
KATNBL1P1	0
KATNBL1P2	0
KATNBL1P3	0
KATNBL1P4	0
KATNBL1P5	0
KATNBL1P6	0.066236243
KAZALD1	0.241882368
KAZN	0.76797163
KAZN-AS1	0
KBTBD11	1.117906887
KBTBD11-OT1	0.119143967
KBTBD12	0.029207474
KBTBD13	0
KBTBD2	9.560305883
KBTBD3	1.157447133
KBTBD4	3.028934066
KBTBD6	2.541013153
KBTBD7	2.758822089
KBTBD8	0.563833225
KC877373.1	0.059498978
KC877392.1	0
KC877982.1	0.413201416
KCMF1	16.89358797
KCNA1	0.008710292
KCNA10	0
KCNA2	0.024202974
KCNA3	0.302381729
KCNA4	0.01157358
KCNA5	0.008669851
KCNA6	0
KCNA7	0.011105024
KCNAB1	0.194856549
KCNAB1-AS1	0
KCNAB1-AS2	0
KCNAB2	2.571673909
KCNAB3	0.090105877
KCNB1	0.012291435
KCNB2	0.054216825
KCNC1	0.007399588
KCNC2	0
KCNC3	1.013255186
KCNC4	0.128221358
KCNC4-AS1	0.162269941
KCND1	0.196478803
KCND2	0.410783946
KCND3	0.327255732
KCND3-AS1	0
KCND3-IT1	0
KCNE1	0.029744282
KCNE1B	0.026610669
KCNE2	0.34646408
KCNE3	9.605921562
KCNE4	2.354566752
KCNE5	0.032960738
KCNF1	0.04242129
KCNG1	0.330401537
KCNG2	0.044913197
KCNG3	0.342803738
KCNG4	0.003704499
KCNH1	0.802597619
KCNH1-IT1	0.387788869
KCNH2	0.363493504
KCNH3	0.10814445
KCNH4	0.018559314
KCNH5	0.003940841
KCNH6	0.011529605
KCNH7	0.014641486
KCNH8	0.019742667
KCNIP1	0.015531403
KCNIP2	0.117914187
KCNIP2-AS1	0
KCNIP3	0.293034359
KCNIP4	0.387002051
KCNIP4-IT1	0.002465027
KCNJ1	0.031411149
KCNJ10	0.316458576
KCNJ11	0.295489309
KCNJ12	0.164228621
KCNJ13	0.008154378
KCNJ14	0.307639879
KCNJ15	4.554167287
KCNJ16	0.55519867
KCNJ18	0
KCNJ2	6.416031856
KCNJ2-AS1	0.944381821
KCNJ3	0.009581837
KCNJ4	0.01175573
KCNJ5	0.198687045
KCNJ6	0.002471426
KCNJ6-AS1	0
KCNJ8	4.984117327
KCNJ9	0
KCNK1	15.97623853
KCNK10	0.011758577
KCNK12	0.061732972
KCNK13	0.27914033
KCNK15	1.279628665
KCNK15-AS1	1.643453024
KCNK16	0
KCNK17	0.268238489
KCNK18	0
KCNK2	0.465644179
KCNK3	0.09362269
KCNK4	0
KCNK5	0.782040886
KCNK6	2.227262133
KCNK7	0.543599112
KCNK9	0.060020547
KCNMA1	1.824956822
KCNMA1-AS1	0.03781779
KCNMA1-AS2	0
KCNMA1-AS3	0
KCNMB1	0.599002711
KCNMB2	0.212462755
KCNMB2-AS1	9.575289182
KCNMB3	0.251434373
KCNMB3P1	0
KCNMB4	0.29385708
KCNN1	0.115859352
KCNN2	0.036458949
KCNN3	0.694455205
KCNN4	0.54618217
KCNQ1	0.880303194
KCNQ1-AS1	0.044788899
KCNQ1DN	0
KCNQ1OT1	0.04581448
KCNQ2	0
KCNQ3	0.702314918
KCNQ4	0.063837297
KCNQ5	0.650983275
KCNQ5-AS1	0
KCNQ5-IT1	0.17247306
KCNRG	0.239021127
KCNS1	0.074891619
KCNS2	0.018156756
KCNS3	8.389070917
KCNT1	0.022909353
KCNT2	0.071801021
KCNU1	0.006116297
KCNV1	0.006956751
KCNV2	0
KCP	0.091117942
KCTD1	6.086914119
KCTD10	5.755761698
KCTD10P1	0
KCTD11	13.76622569
KCTD12	9.842822818
KCTD13	6.382266067
KCTD14	0.449215085
KCTD15	4.241006711
KCTD16	0.013586446
KCTD17	4.696532432
KCTD18	4.351330379
KCTD19	0.026304303
KCTD2	4.432972575
KCTD20	22.30676688
KCTD21	3.731117497
KCTD21-AS1	0.201555514
KCTD3	13.20406545
KCTD4	0
KCTD5	9.710233287
KCTD6	3.093791733
KCTD7	0.724899852
KCTD8	0.008977657
KCTD9	10.2574447
KCTD9P1	0
KCTD9P2	0.023964051
KCTD9P3	0
KCTD9P4	0
KCTD9P5	0
KCTD9P6	0
KDELC1	4.410013005
KDELC1P1	0.016087199
KDELC2	13.88079113
KDELR1	100.0680305
KDELR2	99.09791966
KDELR3	37.06147879
KDF1	11.11559053
KDM1A	15.19513047
KDM1B	8.542680754
KDM2A	8.625081976
KDM2B	1.552083461
KDM3A	6.139879686
KDM3B	6.452346953
KDM4A	7.43944304
KDM4A-AS1	1.68458216
KDM4B	1.842608484
KDM4C	1.879999525
KDM4D	0.269004112
KDM4E	0
KDM4F	0
KDM5A	5.518454074
KDM5B	9.537983449
KDM5C	5.899909706
KDM5C-IT1	0
KDM5D	0.638763629
KDM5DP1	0
KDM6A	2.489105885
KDM6B	2.916548438
KDM7A	3.748170643
KDM8	0.745276633
KDR	2.338740483
KDSR	6.553126642
KEAP1	51.4428073
KEL	0.049504121
KERA	0.044913197
KF455155.1	0
KF456478.1	0
KF459542.1	0
KHDC1	0.978269771
KHDC1L	0.076418415
KHDC1P1	0
KHDC3L	0
KHDC4	10.5459854
KHDRBS1	35.80445552
KHDRBS2	0.031229309
KHDRBS3	0.109513909
KHK	3.062214092
KHNYN	8.150417273
KHSRP	34.41035991
KHSRPP1	0.027461067
KIAA0040	5.258102491
KIAA0087	0
KIAA0100	9.84692309
KIAA0141	3.793687141
KIAA0232	3.741735971
KIAA0319	6.600304974
KIAA0319L	7.364106198
KIAA0355	2.450665527
KIAA0391	0.973526683
KIAA0408	0
KIAA0513	0.964210672
KIAA0556	1.580493306
KIAA0586	1.544636481
KIAA0753	1.61862914
KIAA0825	0.286691957
KIAA0895	1.223160332
KIAA0895L	1.95525095
KIAA0930	16.45186247
KIAA1024	0.185636813
KIAA1024L	0.010312482
KIAA1107	0.287726403
KIAA1109	1.036485576
KIAA1143	2.621892236
KIAA1147	2.178070272
KIAA1191	31.87659644
KIAA1210	0.003102707
KIAA1211	0.218837299
KIAA1211L	0.546910058
KIAA1217	10.9137341
KIAA1257	0.13674634
KIAA1324	0.730877774
KIAA1324L	0.622220741
KIAA1328	0.445063267
KIAA1468	4.729921444
KIAA1522	22.91224367
KIAA1549	1.971035927
KIAA1549L	11.71802385
KIAA1551	8.032200947
KIAA1586	5.075306881
KIAA1614	0.161916592
KIAA1614-AS1	0.067432176
KIAA1671	3.143026579
KIAA1755	0.213233503
KIAA1841	1.591642343
KIAA1958	0.318271234
KIAA2012	0.028702082
KIAA2013	20.92391019
KIAA2026	2.100006316
KIDINS220	7.044782136
KIF11	4.795176932
KIF12	0.048959159
KIF13A	6.661117692
KIF13B	0.522126025
KIF14	1.674638282
KIF15	1.212630836
KIF16B	5.891081023
KIF17	0.2878313
KIF18A	5.897281784
KIF18B	3.994650214
KIF18BP1	0.008811464
KIF19	0.068866903
KIF1A	0.003929042
KIF1B	2.808575078
KIF1BP	10.14264708
KIF1C	4.580672404
KIF20A	8.279948798
KIF20B	1.066552408
KIF21A	2.611413342
KIF21B	0.237760856
KIF22	16.39390035
KIF23	5.580681354
KIF24	0.627749582
KIF25	0.0173583
KIF25-AS1	0.031445056
KIF26A	0.298234667
KIF26B	1.444433439
KIF26B-AS1	0.029969856
KIF27	0.387275841
KIF28P	0.034570754
KIF2A	5.364629303
KIF2B	0.01049528
KIF2C	7.656862507
KIF3A	1.181930728
KIF3AP1	0
KIF3B	7.800166916
KIF3C	36.77165104
KIF4A	3.973633962
KIF4B	0.005544903
KIF4CP	0
KIF5A	0.077545386
KIF5B	21.89635301
KIF5C	0.050052749
KIF6	0.034772912
KIF7	1.232953037
KIF9	0.452314286
KIF9-AS1	0.24781118
KIFAP3	10.14814959
KIFC1	10.29081525
KIFC2	1.544859467
KIFC3	1.701819532
KIN	1.291103491
KIR2DL1	0.043504629
KIR2DL3	0.028436841
KIR2DL4	1.225043933
KIR2DP1	0
KIR2DS4	0.10567729
KIR3DL1	0.034166901
KIR3DL2	0.077599094
KIR3DL3	0
KIR3DP1	0
KIR3DX1	0.018946797
KIRREL1	6.839842934
KIRREL1-IT1	0.041355338
KIRREL2	0.086134535
KIRREL3	0.055180141
KIRREL3-AS1	0
KIRREL3-AS2	0
KIRREL3-AS3	0
KISS1	0.034239186
KISS1R	0.130047767
KIT	0.920752842
KITLG	19.31194989
KIZ	2.652738016
KIZ-AS1	0.017813673
KL	0.110430857
KLB	0.051887961
KLC1	1.229478658
KLC2	6.858660854
KLC3	1.906702896
KLC4	2.888420118
KLF1	0.106739373
KLF10	32.9718576
KLF11	5.512128506
KLF12	0.488138418
KLF13	3.968099372
KLF14	0.025761142
KLF15	0.136379681
KLF16	5.504108547
KLF17	0.031013201
KLF17P1	0
KLF2	3.187824357
KLF2P1	0.023297105
KLF2P2	0
KLF2P3	0
KLF2P4	0
KLF3	14.38338907
KLF3-AS1	0.261352035
KLF3P1	0
KLF3P2	0
KLF4	13.60069571
KLF4P1	0
KLF5	48.50128083
KLF6	22.69780871
KLF7	1.59618119
KLF7-IT1	0
KLF7P1	0
KLF8	0.209875359
KLF8P1	0
KLF9	3.480672995
KLHDC1	0.436088321
KLHDC10	5.660148065
KLHDC2	8.679736376
KLHDC3	49.6813818
KLHDC4	1.290122254
KLHDC7A	0.146266877
KLHDC7B	0.941480325
KLHDC8A	0.166225577
KLHDC8B	16.36745764
KLHDC9	2.611036567
KLHL1	0
KLHL10	0.040971448
KLHL11	1.314120955
KLHL12	17.57792794
KLHL13	14.71552968
KLHL14	0.029177384
KLHL15	2.078441994
KLHL17	1.222717152
KLHL18	2.292159401
KLHL2	4.031301655
KLHL20	9.718222431
KLHL21	13.09636231
KLHL22	7.205344222
KLHL23	3.608949475
KLHL24	10.33887267
KLHL25	1.355182163
KLHL26	2.069775596
KLHL28	2.864615008
KLHL29	0.473627132
KLHL2P1	0.279565258
KLHL3	0.270320313
KLHL30	0.039091116
KLHL30-AS1	0
KLHL31	0.232484255
KLHL32	0.023545668
KLHL33	0
KLHL34	0.006667285
KLHL35	0.35154088
KLHL36	3.269128065
KLHL38	0.073488143
KLHL4	0.196107324
KLHL40	0
KLHL41	0.166778816
KLHL42	6.611927415
KLHL5	24.18591835
KLHL6	0.791845309
KLHL6-AS1	0.144784791
KLHL7	6.156502282
KLHL7-AS1	0.24616426
KLHL8	2.469150972
KLHL9	1.487995469
KLK1	0.03062521
KLK10	2.331161638
KLK11	2.495402065
KLK12	3.362079078
KLK13	2.419091502
KLK14	0.041890566
KLK15	0
KLK2	0.121491815
KLK3	0
KLK4	0.025091042
KLK5	0.058743093
KLK6	6.818293869
KLK7	0.49867673
KLK8	9.68420049
KLK9	0
KLKB1	0.041103256
KLKP1	0
KLLN	0.06243428
KLRA1P	0.335925856
KLRB1	3.135037335
KLRC1	0.629833516
KLRC2	0.113361629
KLRC3	0.084583914
KLRC4	0.078308333
KLRC4-KLRK1	0.06555906
KLRD1	0.524455257
KLRF1	0.443125725
KLRF2	0
KLRG1	0.392445918
KLRG2	0.58561944
KLRK1	0.136199642
KMO	0.408267461
KMT2A	1.482334916
KMT2B	3.065444792
KMT2C	1.386727907
KMT2D	1.747519519
KMT2E	4.587987947
KMT2E-AS1	3.298312937
KMT5A	7.061602281
KMT5B	3.35223531
KMT5C	1.133707865
KNCN	0
KNDC1	0.10032489
KNG1	0
KNL1	1.340485864
KNOP1	2.03938671
KNOP1P1	0
KNOP1P2	0
KNOP1P3	0
KNOP1P4	0
KNOP1P5	0
KNSTRN	8.357603637
KNTC1	1.442601987
KPNA1	9.485028492
KPNA2	110.794071
KPNA2P1	0.015258066
KPNA2P2	0.048909839
KPNA2P3	0
KPNA3	21.20993625
KPNA4	23.23369056
KPNA5	0.821420022
KPNA6	8.476981733
KPNA7	0.295528839
KPNB1	31.0289885
KPRP	0.233793739
KPTN	1.93153181
KRAS	7.121103705
KRASP1	0
KRBA1	1.323626516
KRBA2	0.12163857
KRBOX1	0.065988673
KRBOX1-AS1	0
KRBOX4	2.16830452
KRCC1	53.81341494
KREMEN1	0
KREMEN2	0.278602715
KRI1	6.747326388
KRIT1	4.85198633
KRR1	4.661345591
KRR1P1	0.060462225
KRT1	0.146356008
KRT10	27.31574571
KRT12	0.013002455
KRT125P	0
KRT126P	0
KRT127P	0
KRT128P	0
KRT13	70.15168539
KRT14	139.1189933
KRT15	467.4002729
KRT16	271.2882247
KRT16P1	0.552415294
KRT16P2	0.275123276
KRT16P3	0.247815397
KRT16P4	0.128612361
KRT16P5	0.139514846
KRT16P6	0.382092076
KRT17	1531.380721
KRT17P1	0.213568181
KRT17P2	0.101855594
KRT17P3	0.846375326
KRT17P4	0.016380286
KRT17P5	0.00812164
KRT17P6	0.265734008
KRT17P7	0
KRT17P8	0
KRT18	65.44902424
KRT18P1	0
KRT18P10	0.075448588
KRT18P11	0.018920953
KRT18P12	0
KRT18P13	0
KRT18P14	0
KRT18P15	0
KRT18P16	0.037520221
KRT18P17	0.094900638
KRT18P18	0.018980128
KRT18P19	0
KRT18P2	0
KRT18P20	0.018980128
KRT18P21	0
KRT18P22	0
KRT18P23	0.018920953
KRT18P24	0.020999639
KRT18P25	0.094974895
KRT18P26	0
KRT18P27	0.018687901
KRT18P28	0.072899649
KRT18P29	0.038319784
KRT18P3	0
KRT18P31	0.037578302
KRT18P32	0.037724294
KRT18P33	0
KRT18P34	0.745470666
KRT18P35	0.019129695
KRT18P36	0
KRT18P37	0
KRT18P38	0
KRT18P39	0.037375802
KRT18P4	0.018847502
KRT18P40	0.015452313
KRT18P41	0
KRT18P42	0
KRT18P43	0
KRT18P44	0
KRT18P45	0
KRT18P46	0
KRT18P47	0
KRT18P48	0
KRT18P49	0
KRT18P5	0
KRT18P50	0
KRT18P51	0.032540996
KRT18P52	0
KRT18P53	0
KRT18P54	0
KRT18P55	0.034912152
KRT18P56	0
KRT18P57	0
KRT18P58	0
KRT18P59	0.02181748
KRT18P6	0
KRT18P60	0
KRT18P61	0
KRT18P62	0
KRT18P63	0.049592611
KRT18P64	0.019914342
KRT18P65	0
KRT18P66	0
KRT18P67	0
KRT18P68	0
KRT18P7	0.019914342
KRT18P8	0.077931246
KRT18P9	0.018673526
KRT19	1107.251334
KRT19P1	1.043891015
KRT19P2	0.095950922
KRT19P3	0.175910023
KRT19P4	0
KRT19P6	0
KRT2	0.057753172
KRT20	0.065751851
KRT222	0.015320658
KRT223P	0
KRT23	0.267683895
KRT24	0.219396552
KRT25	0
KRT26	0
KRT27	0.176995279
KRT28	0
KRT3	0.041872502
KRT31	3.559202051
KRT32	0.069358809
KRT33A	0.452691529
KRT33B	0.028951202
KRT34	0.305004472
KRT35	0
KRT36	0.078098391
KRT37	0.032916045
KRT38	0.010387498
KRT39	0.025078082
KRT4	0.124602933
KRT40	0.054551872
KRT41P	0.01877462
KRT42P	5.348564888
KRT43P	0
KRT5	1971.978248
KRT6A	2615.959399
KRT6B	311.4763701
KRT6C	159.107336
KRT7	2.479158022
KRT71	0.010717697
KRT72	0
KRT73	0.009153689
KRT73-AS1	0.005929551
KRT74	0.227482038
KRT75	0.511834586
KRT76	0.028796659
KRT77	0.012285214
KRT78	0.096804473
KRT79	0.066848577
KRT7-AS	0.014338797
KRT8	139.336325
KRT80	1.601630433
KRT81	0.213937229
KRT82	0.009112456
KRT83	0
KRT84	0.011604007
KRT85	0.008947874
KRT86	0.192663359
KRT87P	0.013653309
KRT89P	0
KRT8P1	0.020112331
KRT8P10	0.117435441
KRT8P11	1.352400179
KRT8P12	4.957104927
KRT8P13	0.168246616
KRT8P14	0.06733865
KRT8P15	0
KRT8P17	0.016764906
KRT8P18	0.016799712
KRT8P19	0.01668425
KRT8P2	0
KRT8P20	0.051686834
KRT8P21	0.016281411
KRT8P22	0.017155889
KRT8P23	0.080449323
KRT8P24	0.077856264
KRT8P25	0.016672791
KRT8P26	0.038049503
KRT8P27	0
KRT8P28	0
KRT8P29	0.035412959
KRT8P3	1.775853569
KRT8P30	0.186735256
KRT8P31	0.068964725
KRT8P32	0.033231462
KRT8P33	0.426486002
KRT8P34	0
KRT8P35	0.072572745
KRT8P36	0.60688958
KRT8P37	0.119668368
KRT8P38	0.050927797
KRT8P39	0.220225109
KRT8P4	0.016695724
KRT8P40	0
KRT8P41	0.048102212
KRT8P42	0.15616887
KRT8P43	0.0832496
KRT8P44	0.017981913
KRT8P45	1.10724844
KRT8P46	0.119164855
KRT8P47	0
KRT8P48	0.397960381
KRT8P49	0.135617783
KRT8P5	0.099899519
KRT8P50	0.01688149
KRT8P51	0.177194038
KRT8P6	0
KRT8P7	0.355996681
KRT8P8	0.385592827
KRT8P9	0.184286691
KRT9	0.042402765
KRT90P	0
KRTAP10-1	0
KRTAP10-10	0
KRTAP10-11	0
KRTAP10-12	0
KRTAP10-13P	0
KRTAP10-2	0.105637873
KRTAP10-3	0
KRTAP10-4	0
KRTAP10-5	0
KRTAP10-6	0
KRTAP10-7	0
KRTAP10-8	0
KRTAP10-9	0
KRTAP1-1	0
KRTAP11-1	0
KRTAP12-1	0
KRTAP12-2	0
KRTAP12-3	0
KRTAP12-4	0
KRTAP1-3	0
KRTAP13-1	0
KRTAP13-2	0.05873125
KRTAP13-3	0
KRTAP13-4	0
KRTAP13-5P	0
KRTAP13-6P	0
KRTAP1-4	0
KRTAP1-5	0.020624965
KRTAP15-1	0
KRTAP16-1	0
KRTAP17-1	0
KRTAP19-1	2.517746247
KRTAP19-10P	0
KRTAP19-11P	0
KRTAP19-2	0
KRTAP19-3	0
KRTAP19-4	0
KRTAP19-5	0.421268255
KRTAP19-6	0
KRTAP19-7	0
KRTAP19-8	0
KRTAP19-9P	0
KRTAP20-1	0
KRTAP20-2	0
KRTAP20-3	0
KRTAP20-4	0
KRTAP2-1	0
KRTAP21-1	0
KRTAP21-2	0
KRTAP21-3	0
KRTAP21-4P	0
KRTAP2-2	0
KRTAP22-1	0
KRTAP22-2	0
KRTAP2-3	0
KRTAP23-1	0
KRTAP2-4	0
KRTAP24-1	0
KRTAP25-1	0
KRTAP2-5P	0
KRTAP26-1	0
KRTAP27-1	0
KRTAP29-1	0.047320825
KRTAP3-1	0
KRTAP3-2	0
KRTAP3-3	0
KRTAP3-4P	0
KRTAP4-1	2.327795651
KRTAP4-11	0
KRTAP4-12	0
KRTAP4-16	0
KRTAP4-2	0.031815968
KRTAP4-3	0
KRTAP4-4	0
KRTAP4-5	0
KRTAP4-6	0
KRTAP4-7	0
KRTAP4-8	0
KRTAP4-9	0
KRTAP5-1	0
KRTAP5-10	0
KRTAP5-11	0
KRTAP5-14P	0
KRTAP5-2	0
KRTAP5-3	0
KRTAP5-4	0
KRTAP5-5	0
KRTAP5-6	0
KRTAP5-7	0
KRTAP5-8	0.031003299
KRTAP5-9	0.14958546
KRTAP5-AS1	0.049694131
KRTAP6-1	0
KRTAP6-2	0
KRTAP6-3	0
KRTAP7-1	0
KRTAP8-1	0
KRTAP8-2P	0
KRTAP8-3P	0
KRTAP9-1	0
KRTAP9-10P	0
KRTAP9-11P	0
KRTAP9-12P	0.821354319
KRTAP9-2	0
KRTAP9-3	0
KRTAP9-4	0
KRTAP9-6	0
KRTAP9-7	0
KRTAP9-8	0
KRTAP9-9	0
KRTCAP2	5.792892702
KRTCAP3	52.16741511
KRTDAP	0.367255419
KSR1	1.344970611
KSR1P1	0
KSR2	0.006634848
KTI12	8.257097442
KTN1	16.3830835
KTN1-AS1	3.133204621
KXD1	15.40838332
KY	0.088107025
KYAT1	0.857415743
KYAT3	8.400657159
KYNU	7.234399658
KYNUP1	0
KYNUP2	0
KYNUP3	0
L1CAM	0.153705026
L1TD1	0.025227938
L29074.1	0
L2HGDH	2.858441984
L34079.1	0
L34079.2	0.043271984
L34079.3	0
L3HYPDH	11.29950806
L3MBTL1	0.261541322
L3MBTL2	4.538265906
L3MBTL3	1.11573676
L3MBTL4	0.582565196
L3MBTL4-AS1	0.142518101
LACC1	2.128781913
LACRT	0
LACTB	4.846560295
LACTB2	7.806906876
LACTB2-AS1	0.031179648
LACTBL1	0
LAD1	89.46793568
LAG3	3.558724241
LAGE3	30.23576329
LAGE3P1	0.150468491
LAIR1	2.995723068
LAIR2	0.337786408
LALBA	0
LAMA1	0.357893553
LAMA2	0.892237109
LAMA3	7.45214805
LAMA4	3.538048284
LAMA5	5.753369278
LAMA5-AS1	0
LAMB1	8.165423446
LAMB2	7.192503462
LAMB3	126.017618
LAMB4	0.017300159
LAMC1	42.23246835
LAMC1-AS1	0.304078287
LAMC2	99.05387754
LAMC3	0.61695912
LAMP1	40.58620334
LAMP2	96.29841833
LAMP3	8.091861073
LAMP5	1.367136175
LAMP5-AS1	0
LAMTOR1	50.88434884
LAMTOR2	49.59781884
LAMTOR3	11.29337355
LAMTOR3P1	0
LAMTOR3P2	0.104636135
LAMTOR4	85.190244
LAMTOR5	21.39870296
LAMTOR5-AS1	0.02257144
LAMTOR5P1	0
LANCL1	18.0149408
LANCL1-AS1	0.014562437
LANCL2	3.848850825
LANCL3	0.058932762
LAP3	22.05005419
LAP3P1	0
LAP3P2	0
LAPTM4A	225.0294171
LAPTM4B	58.63498705
LAPTM4BP1	0.422184056
LAPTM4BP2	0.108859118
LAPTM5	59.03548979
LARGE1	0.488373762
LARGE2	19.08536222
LARGE-AS1	0.008288011
LARGE-IT1	0
LARP1	15.9026224
LARP1B	2.606477543
LARP1BP1	0
LARP1BP2	0
LARP1BP3	0
LARP1P1	0.083135559
LARP4	8.795110833
LARP4B	5.442904994
LARP4P	0.011150934
LARP6	2.666205575
LARP7	6.236856918
LARP7P1	0
LARP7P2	0
LARP7P3	0
LARP7P4	0
LARS	9.889055642
LARS2	5.045972332
LARS2-AS1	0.168873622
LAS1L	3.696282218
LASP1	29.23315169
LAT	0.054798156
LAT2	2.061688696
LATS1	3.420995066
LATS2	2.419724681
LATS2-AS1	0
LAX1	1.586490586
LAYN	7.752126447
LBH	37.38493345
LBHD1	0.462116992
LBP	0.940818116
LBR	13.70090459
LBX1	0.066967126
LBX1-AS1	0.007040482
LBX2	0.325164781
LBX2-AS1	1.327934974
LCA5	0.960603226
LCA5L	0.182866917
LCAT	0.508631267
LCE1A	0
LCE1B	0.102601789
LCE1C	0.841927742
LCE1D	0.056454845
LCE1E	0.056063703
LCE1F	1.291977818
LCE2A	0
LCE2B	0
LCE2C	0
LCE2D	0
LCE3A	1.43855308
LCE3B	0
LCE3C	0
LCE3D	18.88980945
LCE3E	3.774436016
LCE4A	0
LCE5A	0
LCE6A	0
LCK	4.180431372
LCLAT1	5.867864136
LCMT1	17.91325653
LCMT1-AS1	0.249406677
LCMT1-AS2	0.009114737
LCMT2	1.90170948
LCN1	0.155413465
LCN10	0
LCN12	0.043057083
LCN15	0
LCN1P1	0
LCN1P2	0
LCN2	52.85028411
LCN6	0.028882312
LCN8	0.023971939
LCN9	0
LCNL1	0.047928101
LCOR	0.899742739
LCORL	0.813057811
LCP1	24.14607507
LCP2	3.940928474
LCT	0.007371875
LCTL	0.15180865
LDAH	9.052005202
LDB1	13.32111753
LDB2	1.377615446
LDB3	0.065452441
LDHA	302.7919686
LDHAL6A	0.028161929
LDHAL6B	0.043016391
LDHAL6CP	0
LDHAL6DP	0
LDHAL6EP	0
LDHAL6FP	0
LDHAP1	0.146828124
LDHAP2	0.221807359
LDHAP3	0.192663359
LDHAP4	4.305389008
LDHAP5	0.468339226
LDHAP7	2.918101195
LDHB	151.7081537
LDHBP1	0.021693998
LDHBP2	0.072464428
LDHBP3	0
LDHC	0.115873906
LDHD	2.706434246
LDLR	21.46366674
LDLRAD1	0.419073226
LDLRAD2	0.227076725
LDLRAD3	2.997968201
LDLRAD4	0.444692646
LDLRAD4-AS1	0
LDLRAP1	6.764957784
LDOC1	4.324253057
LEAP2	0.131219369
LECT2	0.011161188
LEF1	10.79971385
LEF1-AS1	0.161870945
LEFTY1	0.128374316
LEFTY2	0.010148655
LEKR1	0.104392402
LELP1	0.092832058
LEMD1	2.031244799
LEMD1-AS1	0.026187253
LEMD2	5.836439572
LEMD3	5.900860933
LENEP	0.266033789
LENG1	4.596932749
LENG8	6.221814342
LENG8-AS1	1.030934223
LENG9	2.381946579
LEO1	12.37791963
LEP	0
LEPR	0.873237778
LEPROT	32.30872924
LEPROTL1	8.396369403
LETM1	5.297677374
LETM1P2	0.011145814
LETM2	0.500281892
LETMD1	3.292013772
LEUTX	0
LEXM	0.560100682
LFNG	2.769888079
LGALS1	376.2825843
LGALS12	0.064164537
LGALS13	0
LGALS14	0.022498224
LGALS16	0
LGALS2	3.69411049
LGALS3	103.8472383
LGALS3BP	177.8335484
LGALS4	0.027533743
LGALS7	0.091605974
LGALS7B	31.92766923
LGALS8	8.155195928
LGALS8-AS1	0.149952127
LGALS9	10.76554566
LGALS9B	0.036367915
LGALS9C	0.229785706
LGALS9DP	0
LGALSL	13.22027765
LGI1	0.003146951
LGI2	0.766637118
LGI3	0.333426265
LGI4	0.262467691
LGMN	34.90354438
LGMNP1	0.16806173
LGR4	11.14609192
LGR5	0.05547648
LGR6	0.169500036
LGSN	0.008337827
LHB	0.139248087
LHCGR	0
LHFPL1	0.013871762
LHFPL2	5.073009555
LHFPL3	0
LHFPL3-AS1	0
LHFPL3-AS2	0.010221298
LHFPL4	0.009110746
LHFPL5	0.008198441
LHFPL6	7.949288531
LHPP	4.229112431
LHX1	0
LHX1-DT	0
LHX2	0.338303796
LHX3	0
LHX4	0.120156327
LHX5	1.040937008
LHX5-AS1	0.046504949
LHX6	0.164709072
LHX8	0.012207988
LHX9	0.009299208
LIAS	3.477792563
LIF	3.474056757
LIF-AS1	0
LIFR	1.941801119
LIFR-AS1	0.190471426
LIG1	2.849870779
LIG3	3.076022117
LIG4	1.776262187
LILRA1	0.305353248
LILRA2	0.213302002
LILRA4	0.838631387
LILRA5	2.662038387
LILRA6	0.160332864
LILRB1	1.128080056
LILRB1-AS1	0.043818742
LILRB2	2.097358763
LILRB3	0.461340045
LILRB4	3.091991162
LILRB5	0.266384482
LILRP1	0.035438808
LILRP2	0.034239186
LIM2	0.049140857
LIMA1	42.04898394
LIMCH1	1.60913459
LIMD1	2.266078667
LIMD1-AS1	0.04411069
LIMD2	3.709124938
LIME1	0.361753789
LIMK1	11.37808051
LIMK2	19.28276067
LIMS1	12.97629911
LIMS1-AS1	0.356245456
LIMS2	0.832158643
LIMS3	0
LIMS4	0
LIN28A	0
LIN28AP1	0
LIN28AP2	0
LIN28B	0
LIN28B-AS1	0
LIN37	0.800577744
LIN52	7.219553189
LIN54	2.2704557
LIN7A	0.496586618
LIN7B	2.575732161
LIN7C	14.0485617
LIN9	5.219086441
LINC00028	0
LINC00029	0
LINC00051	0
LINC00052	0
LINC00092	0.084217114
LINC00102	0
LINC00106	0.205030264
LINC00111	0
LINC00112	0
LINC00113	0
LINC00114	0
LINC00115	0.294919766
LINC00158	0.023952228
LINC00159	0
LINC00160	0.070059403
LINC00161	0.027902969
LINC00163	0
LINC00165	0
LINC00167	0.051322586
LINC00173	0.270381799
LINC00174	0.651432924
LINC00184	0.096246806
LINC00189	0.06699793
LINC00200	0
LINC00205	1.273988192
LINC00207	0
LINC00208	0
LINC00210	0
LINC00211	0.018709505
LINC00221	0
LINC00222	0.007331798
LINC00226	0
LINC00229	0
LINC00235	0.237045198
LINC00237	0
LINC00239	0.911758994
LINC00240	0.149826158
LINC00242	0.240948717
LINC00243	0.346634307
LINC00244	0
LINC002481	0.146639986
LINC00251	0
LINC00254	0
LINC00261	0.017489613
LINC00265	0.709174341
LINC00265-2P	0
LINC00265-3P	0
LINC00266-1	0.01688149
LINC00266-2P	0
LINC00266-4P	0
LINC00269	0
LINC00271	0.031732789
LINC00272	0
LINC00273	0
LINC00276	0
LINC00278	0.125293333
LINC00279	0
LINC00280	0
LINC00283	0
LINC00284	0.00470457
LINC00290	0
LINC00293	0
LINC00294	2.900440221
LINC00297	0
LINC00298	0
LINC00299	0.021978799
LINC00301	0
LINC00302	0.562679081
LINC00303	0
LINC00304	0
LINC00305	0.02345467
LINC00307	0
LINC00308	0
LINC00309	0
LINC00310	0.066609832
LINC00311	0
LINC00313	0.010540852
LINC00314	0.039992724
LINC00315	0.041800402
LINC00316	0
LINC00317	0
LINC00319	0
LINC00320	0
LINC00322	0
LINC00323	0.089577798
LINC00324	1.410828804
LINC00326	0.038609277
LINC00327	0.029731272
LINC00328-2P	0
LINC00330	0
LINC00331	0
LINC00332	0
LINC00333	0
LINC00334	0
LINC00336	0
LINC00337	0.230509989
LINC00339	19.2806774
LINC00342	0.695442606
LINC00343	0
LINC00345	0
LINC00346	0.65096536
LINC00347	0
LINC00348	0.179250087
LINC00349	0
LINC00350	0
LINC00351	0
LINC00352	0
LINC00353	0
LINC00354	0
LINC00355	0.853135512
LINC00358	0
LINC00362	0
LINC00363	0
LINC00364	0
LINC00365	0.080972592
LINC00366	0
LINC00368	0
LINC00370	0
LINC00374	0
LINC00375	0
LINC00376	0
LINC00377	0
LINC00378	0
LINC00379	0
LINC00380	0
LINC00381	0.066782897
LINC00382	0
LINC00383	0.029713076
LINC00384	0
LINC00385	0
LINC00387	0
LINC00388	0
LINC00390	0
LINC00391	0
LINC00392	0
LINC00393	0
LINC00395	0
LINC00396	0
LINC00397	0
LINC00398	0.107176968
LINC00399	0
LINC00400	0
LINC00402	0.014536277
LINC00404	0
LINC00407	0
LINC00408	0
LINC00410	0
LINC00411	0
LINC00412	0
LINC00415	0.055805938
LINC00421	0
LINC00423	0
LINC00424	0
LINC00426	0.305583877
LINC00427	0
LINC00428	0
LINC00430	0
LINC00431	0.035490619
LINC00433	0
LINC00434	0
LINC00437	0
LINC00440	0
LINC00441	0
LINC00442	0
LINC00443	0.020748362
LINC00445	0
LINC00446	0
LINC00448	0
LINC00449	0
LINC00452	0
LINC00454	0
LINC00456	0
LINC00457	0
LINC00458	0.019865453
LINC00459	0
LINC00460	0.189652994
LINC00461	0
LINC00462	1.13555223
LINC00463	0
LINC00466	0.032511942
LINC00467	1.146104424
LINC00469	0
LINC00470	0
LINC00471	0.151485699
LINC00472	0.014101413
LINC00473	0
LINC00474	0
LINC00475	0.081799529
LINC00476	0.409352972
LINC00477	0
LINC00479	0.022966493
LINC00482	0.06629654
LINC00483	0
LINC00484	0.148021849
LINC00484	0.006566292
LINC00485	0
LINC00486	0.069325797
LINC00487	0.033073002
LINC00488	0.028899504
LINC00489	0
LINC00491	3.580994753
LINC00492	0
LINC00494	0.069292816
LINC00498	0
LINC00499	0
LINC00500	0
LINC00501	0.035594697
LINC00502	0
LINC00504	0.371637977
LINC00506	0.024222294
LINC00507	0
LINC00508	0
LINC00511	7.684215373
LINC00513	0.075110097
LINC00514	0.005666569
LINC00517	0
LINC00518	0
LINC00519	70.58428376
LINC00520	0.266222887
LINC00523	0
LINC00524	0.116151116
LINC00525	0.306509889
LINC00526	0.491985153
LINC00528	0.123625655
LINC00529	0
LINC00533	0
LINC00534	0.035857582
LINC00535	0.028064258
LINC00536	0.027053027
LINC00538	0.012736403
LINC00539	0.300343418
LINC00540	0.017843134
LINC00543	0.315779944
LINC00544	0.016162173
LINC00545	0
LINC00547	0
LINC00550	0
LINC00551	0.043661121
LINC00552	0
LINC00554	0
LINC00555	0
LINC00556	0.058921318
LINC00557	0.094900638
LINC00558	0
LINC00559	0
LINC00560	0
LINC00561	0
LINC00562	0
LINC00563	0.034679405
LINC00564	0
LINC00565	0.062485414
LINC00566	0
LINC00567	0.042726166
LINC00570	0
LINC00571	0.143642504
LINC00572	0
LINC00574	0.031417925
LINC00575	0
LINC00578	1.042630398
LINC00581	0
LINC00582	0.569276658
LINC00583	0
LINC00587	0
LINC00588	0
LINC00589	0.011704717
LINC00592	0.116262372
LINC00595	0.005383806
LINC00596	0.025907773
LINC00598	0.058518883
LINC00599	0
LINC00601	0.041567779
LINC00602	0
LINC00603	0
LINC00604	0
LINC00605	1.262081027
LINC00606	0
LINC00607	0.021566794
LINC00608	0
LINC00609	0
LINC00612	0.032908608
LINC00613	0
LINC00615	1.657507816
LINC00616	0
LINC00618	0.108373139
LINC00619	0
LINC00620	0.023776281
LINC00621	0.082499858
LINC00622	0.03092431
LINC00623	0.46796305
LINC00624	0.065444599
LINC00626	1.11845619
LINC00628	0
LINC00629	0.106823248
LINC00630	1.184900922
LINC00632	0.080703402
LINC00634	0.079801391
LINC00635	0
LINC00636	0.038410733
LINC00637	0.070843142
LINC00638	0.829110467
LINC00639	0.044954784
LINC00640	3.46794046
LINC00641	0.254861766
LINC00642	0.046954706
LINC00643	0.010470383
LINC00644	0
LINC00645	0.026574256
LINC00648	0
LINC00649	0.601132257
LINC00652	0.025162564
LINC00654	0.327839939
LINC00656	0
LINC00658	0
LINC00659	0.044954784
LINC00661	0
LINC00662	0.40876202
LINC00663	0.140029899
LINC00664	0.004122191
LINC00665	1.49004413
LINC00667	2.401282886
LINC00668	1.721141843
LINC00670	0
LINC00671	0.011202392
LINC00672	0.112909689
LINC00674	8.400542421
LINC00676	0
LINC00677	0
LINC00678	0
LINC00680	3.352303509
LINC00681	0
LINC00682	0
LINC00683	0.266006797
LINC00685	0.397030567
LINC00686	0
LINC00687	0
LINC00689	0.002650752
LINC00690	0
LINC00691	0
LINC00692	0
LINC00694	0.099490095
LINC00698	0
LINC00700	0
LINC00701	0
LINC00702	0.060823127
LINC00703	0.009860107
LINC00704	0.60688958
LINC00705	0.013911509
LINC00706	0.13891607
LINC00707	0.023722068
LINC00708	0
LINC00709	0
LINC00710	0
LINC00824	0
LINC00836	0
LINC00837	0
LINC00838	0
LINC00839	11.38469799
LINC00840	0.024595322
LINC00841	0.01141843
LINC00843	0.136571495
LINC00844	0
LINC00845	0
LINC00846	0.013653309
LINC00847	8.02588585
LINC00850	0.035438808
LINC00851	0
LINC00852	0.127958646
LINC00853	0.550883129
LINC00854	0.188304459
LINC00857	0.469633577
LINC00858	0.025295849
LINC00861	0.182363745
LINC00862	0
LINC00863	0.221559932
LINC00864	0
LINC00865	0.335266716
LINC00866	0
LINC00867	0.025000601
LINC00868	0
LINC00869	0.319828881
LINC00870	0.024830123
LINC00871	0.071980973
LINC00877	0.029859266
LINC00879	0.025838833
LINC00880	0.060147629
LINC00881	0.057389086
LINC00882	0.081293813
LINC00884	0.099694387
LINC00885	1.168627639
LINC00886	0.279467729
LINC00887	0.432553132
LINC00888	14.19398249
LINC00891	0.017706479
LINC00892	0.151880604
LINC00893	0.235750669
LINC00894	0.111338275
LINC00895	0
LINC00896	0.296600171
LINC00898	0.101288942
LINC00899	0.461270431
LINC00900	0.142617778
LINC00901	0
LINC00903	0
LINC00904	0
LINC00905	0.009017676
LINC00906	0
LINC00907	0.007421456
LINC00908	0.183905933
LINC00909	2.776576595
LINC00910	0.137309318
LINC00911	0
LINC00917	0
LINC00919	0
LINC00920	0.327895628
LINC00921	0.285247939
LINC00922	0.046482687
LINC00923	0.245418888
LINC00924	0.181025975
LINC00926	0.291121739
LINC00927	0
LINC00928	0
LINC00929	0
LINC00930	0.029300644
LINC00933	0.501695387
LINC00934	0
LINC00937	0.042867002
LINC00939	0.007502885
LINC00940	0.010330035
LINC00941	0.492516341
LINC00942	10.96770247
LINC00943	0.006235701
LINC00944	0.05240277
LINC00945	0.03223849
LINC00951	0.043818742
LINC00954	0.129594188
LINC00955	0
LINC00957	0.475991828
LINC00958	15.46714044
LINC00960	0.213680079
LINC00963	1.764181541
LINC00964	0.149373378
LINC00967	0
LINC00968	0.29917092
LINC00970	0
LINC00971	0
LINC00972	0
LINC00973	0.025234494
LINC00974	0.011338432
LINC00976	0
LINC00977	0.020873244
LINC00982	0.017339702
LINC00987	1.531954281
LINC00989	0
LINC00992	0.636597462
LINC00993	0
LINC00994	0
LINC00996	0.212453285
LINC00997	0.596338968
LINC01001	0.126997558
LINC01003	1.293596838
LINC01004	0.794161432
LINC01005	0
LINC01006	0.526665024
LINC01007	0
LINC01010	0.169167827
LINC01011	0.708145793
LINC01012	0.0765133
LINC01013	0
LINC01014	0.041999279
LINC01015	0
LINC01016	0
LINC01017	0
LINC01018	0.15180865
LINC01019	0
LINC01020	0
LINC01022	0
LINC01023	2.505507442
LINC01028	0
LINC01029	0.011592924
LINC01030	0
LINC01031	0
LINC01033	0.115506344
LINC01034	0
LINC01035	0
LINC01036	0
LINC01037	0
LINC01038	0
LINC01039	0
LINC01040	0
LINC01043	0
LINC01044	0
LINC01046	0
LINC01047	0
LINC01048	0.095012067
LINC01049	0
LINC01050	0.255532455
LINC01052	0
LINC01053	0
LINC01054	0.094457522
LINC01055	0.056422041
LINC01056	0
LINC01058	0.162559709
LINC01060	0.257766967
LINC01063	3.90641569
LINC01065	0
LINC01066	0
LINC01067	0
LINC01068	0
LINC01069	0
LINC01070	0
LINC01072	0
LINC01074	0
LINC01075	0
LINC01076	0
LINC01077	0.235114607
LINC01078	0
LINC01079	0
LINC01080	0
LINC01081	0.208822221
LINC01082	0
LINC01085	0.020730643
LINC01087	0.027617273
LINC01088	0.036458949
LINC01089	0.39950137
LINC01090	0.038139172
LINC01091	0.056171808
LINC01093	0
LINC01094	2.558355263
LINC01095	0
LINC01096	0.307285864
LINC01097	0
LINC01098	0.023477353
LINC01099	0
LINC01100	0
LINC01101	0.012885129
LINC01102	0.004761786
LINC01103	0
LINC01104	0
LINC01105	0
LINC01106	0.122515561
LINC01107	0
LINC01108	0.007701644
LINC01109	0
LINC01111	0
LINC01114	0
LINC01115	0
LINC01115	0
LINC01116	1.443192272
LINC01117	0.451477227
LINC01118	0
LINC01119	0.180136837
LINC01120	0
LINC01121	0.088146635
LINC01122	0
LINC01123	0.206287202
LINC01124	0.068801842
LINC01126	0.117985824
LINC01127	0.265445065
LINC01128	0.461415521
LINC01132	0.083201313
LINC01133	11.63924093
LINC01134	0.053759904
LINC01135	0.121865378
LINC01136	0.062359296
LINC01137	2.540670358
LINC01138	0.838364479
LINC01139	0.047382401
LINC01140	0.191544724
LINC01141	0
LINC01142	0
LINC01143	0.077681866
LINC01144	0.198747465
LINC01146	0.077834075
LINC01148	0
LINC01149	0
LINC01150	0.693588092
LINC01151	0
LINC01152	0
LINC01153	0.008476111
LINC01154	0.053470448
LINC01158	0
LINC01159	0
LINC01160	0.193922597
LINC01162	0
LINC01164	0
LINC01165	0.014957229
LINC01166	0
LINC01167	0
LINC01168	0
LINC01169	0.029142357
LINC01170	0.072034372
LINC01173	0
LINC01176	4.125068542
LINC01177	0
LINC01179	0
LINC01180	0
LINC01181	0.087322242
LINC01182	0.150505075
LINC01184	2.362212538
LINC01185	0.023928618
LINC01186	0.116336661
LINC01187	0
LINC01189	0
LINC01191	0
LINC01192	0.015768485
LINC01193	0
LINC01194	0
LINC01195	0
LINC01197	0.104157251
LINC01198	0
LINC01201	0
LINC01202	0
LINC01203	0
LINC01204	0
LINC01205	0
LINC01206	0.063499228
LINC01208	0.023341907
LINC01209	0
LINC01210	0
LINC01213	0.358752461
LINC01214	0.072464428
LINC01215	0.168580439
LINC01216	0
LINC01217	0
LINC01218	0
LINC01219	0
LINC01220	0.338100045
LINC01221	0
LINC01222	0
LINC01224	0.01473033
LINC01225	0.006456272
LINC01227	0
LINC01228	0.155862493
LINC01229	0.060462225
LINC01230	0.008046266
LINC01231	0
LINC01232	1.112157708
LINC01233	0
LINC01234	0.075793525
LINC01235	0.141356269
LINC01237	0
LINC01238	0.043858326
LINC01238	0.025517432
LINC01239	0
LINC01241	0
LINC01242	0
LINC01243	0
LINC01247	0
LINC01248	0
LINC01249	0.00783336
LINC01250	0
LINC01251	0.099899519
LINC01252	0.051200808
LINC01254	0
LINC01255	0
LINC01256	0
LINC01257	0.009475247
LINC01258	0.011789987
LINC01259	0
LINC01262	0
LINC01264	0
LINC01266	0.023828793
LINC01267	0.031885617
LINC01268	0.052868784
LINC01269	3.750214683
LINC01270	0.193302587
LINC01271	0.032367444
LINC01273	0.380154547
LINC01276	0
LINC01277	0.029318337
LINC01278	0.943775613
LINC01280	0.020503026
LINC01281	0.095842686
LINC01282	0
LINC01284	0
LINC01285	0.048032416
LINC01287	0.013923478
LINC01288	0
LINC01289	0
LINC01290	0.096715471
LINC01291	0.482488843
LINC01293	0.115050157
LINC01297	0.010999358
LINC01297	0.028392495
LINC01298	0.093547527
LINC01299	0
LINC01300	0
LINC01301	0.175433302
LINC01303	0.136750566
LINC01304	0
LINC01305	0.007067128
LINC01307	0
LINC01309	0
LINC01310	0
LINC01311	0.184796827
LINC01312	0
LINC01315	0.555636869
LINC01317	0.022291628
LINC01318	0
LINC01320	0.006035699
LINC01322	0.091359722
LINC01323	0
LINC01324	0
LINC01326	0.064306181
LINC01327	0
LINC01331	0
LINC01332	0
LINC01333	0
LINC01335	0
LINC01336	0.30612337
LINC01337	0
LINC01338	0.038410733
LINC01339	0
LINC01340	0
LINC01341	0.134051915
LINC01342	0
LINC01343	0.021266389
LINC01344	0.06143773
LINC01345	0
LINC01346	0
LINC01347	0.088481688
LINC01348	0.305119225
LINC01349	0
LINC01350	0
LINC01351	0
LINC01352	0.176641458
LINC01353	0.145015431
LINC01354	0.093042305
LINC01355	0.294303544
LINC01356	0.013316283
LINC01358	0.077931246
LINC01359	0.033669325
LINC01360	0
LINC01361	0.015306168
LINC01362	0
LINC01363	0
LINC01364	0
LINC01365	0
LINC01366	0.123226311
LINC01370	0.088597019
LINC01372	0.049643319
LINC01374	0.058495381
LINC01375	0
LINC01376	0.344102091
LINC01377	0
LINC01378	0.011996829
LINC01381	0.260467631
LINC01384	0
LINC01385	0.093367628
LINC01386	0
LINC01387	0
LINC01388	0
LINC01389	0.7539001
LINC01391	0.068663259
LINC01392	0
LINC01393	0.106122768
LINC01394	0.235114607
LINC01395	0.024720553
LINC01396	0
LINC01397	0.083853483
LINC01398	0.04300369
LINC01399	0.224773919
LINC01400	0
LINC01402	0
LINC01405	0
LINC01410	0.439485542
LINC01411	0.009928664
LINC01412	0.134119244
LINC01413	0
LINC01415	0.405180271
LINC01416	0
LINC01419	0
LINC01422	0.065256944
LINC01422	0.028119987
LINC01423	0
LINC01424	0.023545668
LINC01425	0
LINC01426	0.188533576
LINC01427	0
LINC01428	0.027775267
LINC01429	0
LINC01431	0.49070739
LINC01432	0
LINC01433	0
LINC01435	0
LINC01436	0.20847352
LINC01438	0
LINC01440	0
LINC01441	0
LINC01442	0
LINC01443	0
LINC01444	0
LINC01445	0
LINC01446	0.069677334
LINC01447	0.008792316
LINC01448	0
LINC01449	0
LINC01450	0
LINC01451	2.466045741
LINC01455	0
LINC01456	0.960051314
LINC01460	0.152783391
LINC01465	0.237750557
LINC01467	0
LINC01468	0.041249929
LINC01470	0.007121028
LINC01471	0
LINC01473	0.083708908
LINC01474	0
LINC01475	0
LINC01476	0
LINC01477	0
LINC01478	0
LINC01479	0.033951865
LINC01480	0.310141017
LINC01481	0.847201562
LINC01481	0.077187864
LINC01482	0.013171776
LINC01483	0.017451893
LINC01484	1.077956626
LINC01485	0.052801704
LINC01486	0
LINC01487	0
LINC01489	0
LINC01490	0
LINC01491	0
LINC01492	0
LINC01493	0
LINC01494	0
LINC01495	0
LINC01496	0
LINC01497	0.067432176
LINC01498	0
LINC01499	0
LINC01500	0.085703736
LINC01501	0
LINC01502	0.38013477
LINC01503	8.406600964
LINC01504	0.108637679
LINC01505	0.028615619
LINC01505	0.027601573
LINC01506	0.230756494
LINC01507	0
LINC01508	1.68728224
LINC01509	0
LINC01510	0.025797644
LINC01511	0
LINC01513	0.050260007
LINC01514	0
LINC01515	0.116000796
LINC01516	0.008113497
LINC01517	0
LINC01518	0.467737634
LINC01519	0
LINC01520	0
LINC01521	0.574717873
LINC01522	0.113172882
LINC01523	0
LINC01524	0.004971449
LINC01525	0
LINC01526	0
LINC01527	0.388992821
LINC01529	0
LINC01531	0
LINC01532	0
LINC01533	0
LINC01534	0.298645136
LINC01535	0.155399252
LINC01537	0.009908401
LINC01538	0
LINC01539	0.007020122
LINC01541	0
LINC01543	0
LINC01544	0
LINC01545	0.41067716
LINC01546	0.180085929
LINC01547	0.658073039
LINC01548	0
LINC01549	0
LINC01550	0.373470511
LINC01551	0
LINC01553	0
LINC01554	0.05889273
LINC01555	0
LINC01556	0.260467631
LINC01558	0.147056189
LINC01559	3.782888758
LINC01560	0.774958762
LINC01561	0.078092409
LINC01562	0.051300894
LINC01563	0
LINC01564	1.930037535
LINC01565	0
LINC01566	0
LINC01567	0
LINC01568	0
LINC01569	1.005244415
LINC01570	0
LINC01571	0.025419459
LINC01572	0.148146446
LINC01574	0
LINC01578	14.35386663
LINC01579	0.982455539
LINC01580	0
LINC01581	0
LINC01582	0
LINC01583	0.056718652
LINC01584	0
LINC01585	0.074982496
LINC01586	0
LINC01587	0.396250929
LINC01588	0.092825485
LINC01589	2.126328457
LINC01591	0
LINC01592	0.008547741
LINC01593	0
LINC01594	0
LINC01595	0
LINC01596	0
LINC01597	0.007294346
LINC01598	0
LINC01600	0.033541393
LINC01602	0
LINC01603	0.017119593
LINC01605	5.662176112
LINC01606	0
LINC01607	0.70765325
LINC01608	0
LINC01609	0
LINC01611	0
LINC01612	0
LINC01613	0.008732224
LINC01614	4.195779815
LINC01615	1.197656857
LINC01616	0
LINC01618	0
LINC01619	0.173301802
LINC01620	0
LINC01621	0
LINC01623	0
LINC01624	0.006722676
LINC01625	0
LINC01626	0
LINC01627	0
LINC01628	0
LINC01629	4.972107406
LINC01630	0.004403335
LINC01632	0
LINC01633	0.912281312
LINC01634	0
LINC01635	0.157889972
LINC01637	2.448852693
LINC01638	0.149388204
LINC01639	0
LINC01640	0
LINC01641	0.010679975
LINC01643	0
LINC01644	0.022271177
LINC01645	0
LINC01646	0
LINC01647	0
LINC01648	0
LINC01649	0
LINC01650	0
LINC01651	0
LINC01653	0
LINC01654	0
LINC01655	0
LINC01656	0
LINC01657	0
LINC01658	0.015383766
LINC01659	0.067245383
LINC01660	0
LINC01661	0
LINC01662	0
LINC01663	0
LINC01664	0.053786373
LINC01665	0
LINC01666	0
LINC01667	0
LINC01669	0
LINC01670	0
LINC01671	0.05470554
LINC01672	0
LINC01673	0
LINC01674	0
LINC01675	0.069259867
LINC01676	0
LINC01677	0
LINC01678	0.055999039
LINC01679	0.36439403
LINC01680	0
LINC01681	0.031941557
LINC01682	0
LINC01683	0
LINC01684	0.024422116
LINC01685	0
LINC01686	0.670401281
LINC01687	0
LINC01688	0
LINC01689	0
LINC01690	0
LINC01691	0
LINC01692	0
LINC01693	0.060487334
LINC01694	0.035646965
LINC01695	0.01532227
LINC01696	0
LINC01697	1.19191736
LINC01698	0.108859118
LINC01699	0
LINC01700	0
LINC01701	0.107652254
LINC01702	0
LINC01703	2.128918382
LINC01704	0.087322242
LINC01705	1.209459662
LINC01706	0
LINC01707	0
LINC01708	0
LINC01709	0
LINC01710	0
LINC01711	0.025104016
LINC01712	0
LINC01713	0
LINC01714	0
LINC01715	0.273038257
LINC01716	0
LINC01717	0
LINC01718	0
LINC01719	0.266656122
LINC01720	0
LINC01721	0
LINC01722	0
LINC01723	0
LINC01724	0.039091116
LINC01725	0.09397
LINC01726	0
LINC01727	0.022271177
LINC01728	0
LINC01729	0
LINC01730	0.259169928
LINC01731	0.057799008
LINC01732	0
LINC01733	0.005272716
LINC01734	0
LINC01735	0
LINC01736	0
LINC01737	0
LINC01738	0
LINC01739	0
LINC01740	0.073119227
LINC01741	0
LINC01742	0
LINC01743	0
LINC01744	0
LINC01745	0
LINC01746	0
LINC01747	0.043645421
LINC01748	2.295244242
LINC01749	0.006167577
LINC01750	0.013524002
LINC01751	0
LINC01752	2.992880123
LINC01753	0
LINC01754	0.097102333
LINC01755	0
LINC01756	0
LINC01757	0
LINC01758	0
LINC01759	3.228529342
LINC01760	0
LINC01761	0
LINC01762	0
LINC01763	0
LINC01764	0.036286373
LINC01765	0
LINC01766	0
LINC01767	0.445423545
LINC01768	0
LINC01770	0.884304442
LINC01771	0.085628159
LINC01772	0.044885516
LINC01774	0
LINC01775	0.261731355
LINC01776	0
LINC01777	0
LINC01778	0
LINC01779	0
LINC01780	0
LINC01781	0.513587797
LINC01782	0
LINC01783	0
LINC01784	0
LINC01785	0
LINC01786	0.28392495
LINC01787	0
LINC01788	0
LINC01789	0
LINC01790	0
LINC01791	0
LINC01792	0
LINC01793	0
LINC01794	0
LINC01795	0
LINC01796	0
LINC01797	0.031732789
LINC01798	0.01510615
LINC01799	0
LINC01800	0.024558
LINC01801	0.085703736
LINC01802	0
LINC01803	0
LINC01804	0
LINC01805	0.084879662
LINC01806	2.553174508
LINC01807	1.975084433
LINC01808	0
LINC01809	0
LINC01810	0
LINC01811	0
LINC01812	0
LINC01813	0
LINC01814	0.067763464
LINC01815	0
LINC01816	0.586721045
LINC01817	0
LINC01818	0
LINC01819	0
LINC01820	0
LINC01821	0
LINC01822	0.023141643
LINC01823	0.016730243
LINC01824	0
LINC01825	0
LINC01826	0
LINC01827	0
LINC01828	0.01873116
LINC01829	0.008707168
LINC01830	0
LINC01831	0
LINC01832	0
LINC01833	0.746072935
LINC01834	0
LINC01835	0.094457522
LINC01836	0.083708908
LINC01837	0
LINC01838	0
LINC01839	0
LINC01840	0
LINC01841	0.191146325
LINC01842	1.928138771
LINC01843	1.030670652
LINC01844	0.097666629
LINC01845	0
LINC01846	0
LINC01847	0
LINC01848	0
LINC01849	0
LINC01850	0
LINC01851	0.076218472
LINC01852	0.28432083
LINC01853	0
LINC01854	0
LINC01855	0
LINC01856	0
LINC01857	0.690768628
LINC01858	0
LINC01859	0
LINC01861	0
LINC01862	0
LINC01863	0
LINC01864	0
LINC01865	0.016129956
LINC01866	0
LINC01867	0
LINC01868	0.043194988
LINC01869	0.077806356
LINC01870	0
LINC01871	6.393569243
LINC01872	0
LINC01873	0.159041939
LINC01874	0
LINC01875	0
LINC01876	0.33884164
LINC01877	0
LINC01878	0
LINC01879	0
LINC01880	0
LINC01881	0.27657319
LINC01882	0.042663591
LINC01883	0
LINC01884	0
LINC01885	0.358752461
LINC01886	0
LINC01887	0.028227422
LINC01888	0
LINC01889	0
LINC01890	0
LINC01891	0.090243804
LINC01892	0.029785992
LINC01893	0
LINC01894	0
LINC01895	0
LINC01896	0
LINC01897	0
LINC01898	0
LINC01899	0
LINC01900	0
LINC01901	0.587839235
LINC01903	0
LINC01904	0
LINC01905	0.019451589
LINC01906	0
LINC01907	0.018609109
LINC01908	0.131219369
LINC01909	0.186735256
LINC01910	0.018411516
LINC01911	0
LINC01912	0
LINC01913	0
LINC01914	0.459560039
LINC01915	0.127714521
LINC01916	0
LINC01917	0.023409434
LINC01918	0
LINC01919	0
LINC01920	0
LINC01921	0
LINC01922	0
LINC01923	0
LINC01924	0.028194638
LINC01925	0
LINC01926	0
LINC01927	0.06818984
LINC01928	0
LINC01929	0.245053206
LINC01930	0
LINC01931	0
LINC01932	1.906459415
LINC01933	0.012964263
LINC01934	0.114661999
LINC01935	0
LINC01936	0.361831186
LINC01937	0
LINC01938	0
LINC01939	0
LINC01940	0.013915496
LINC01941	0
LINC01942	0.141962475
LINC01943	1.003939374
LINC01944	0
LINC01945	0
LINC01946	0
LINC01947	0
LINC01948	0
LINC01949	0
LINC01950	0
LINC01951	0
LINC01952	0
LINC01953	0
LINC01954	0
LINC01955	0
LINC01956	0.515405164
LINC01957	0
LINC01959	0
LINC01960	0
LINC01961	0
LINC01962	0
LINC01963	0.293034359
LINC01964	0.023215413
LINC01965	0
LINC01966	0
LINC01967	0.057119019
LINC01968	0.005806167
LINC01969	0.05335293
LINC01970	0.013411924
LINC01971	0
LINC01972	0
LINC01973	0.005189308
LINC01974	0
LINC01975	0
LINC01976	0
LINC01977	0.013576948
LINC01978	0.038799547
LINC01979	0.018421994
LINC01980	3.582920304
LINC01981	0
LINC01982	0
LINC01983	0.02574293
LINC01984	0
LINC01985	0
LINC01986	0
LINC01987	0
LINC01989	0
LINC01990	0.048975622
LINC01991	0.099199698
LINC01992	0.978269771
LINC01993	0.008273887
LINC01994	0
LINC01995	0.078182233
LINC01996	0
LINC01997	0
LINC01998	0.012341425
LINC01999	0
LINC02000	0
LINC02001	10.49198936
LINC02002	0.014492886
LINC02003	0
LINC02004	0.082570011
LINC02005	0.465644179
LINC02006	1.956874073
LINC02008	0
LINC02010	0
LINC02011	0
LINC02012	0.182946424
LINC02013	0
LINC02014	1.157601444
LINC02015	0.088862368
LINC02016	0
LINC02017	0
LINC02018	0
LINC02019	0.31817512
LINC02020	0
LINC02021	0.159869596
LINC02022	0
LINC02023	0
LINC02024	0
LINC02025	0
LINC02026	0.436648606
LINC02027	0
LINC02028	0.052873582
LINC02029	0
LINC02030	0.015153298
LINC02031	0.041006053
LINC02032	0
LINC02033	0.03612438
LINC02035	0.877751183
LINC02036	0.125131872
LINC02037	0
LINC02038	0.246703081
LINC02039	0
LINC02040	0
LINC02041	11.44702298
LINC02042	0
LINC02043	0.039752593
LINC02044	0.019404943
LINC02045	0
LINC02046	0
LINC02047	0
LINC02048	0.013707275
LINC02049	0
LINC02050	0
LINC02051	0.246274033
LINC02052	0.027053027
LINC02053	0
LINC02054	0
LINC02055	0.044855106
LINC02056	0
LINC02057	0.843553085
LINC02058	0
LINC02059	0
LINC02060	0
LINC02061	0
LINC02062	0.253928695
LINC02063	0
LINC02064	0
LINC02065	0.259169928
LINC02066	0
LINC02067	0
LINC02068	0.046340082
LINC02069	0
LINC02070	0
LINC02071	0.014089137
LINC02072	0
LINC02073	0.124689994
LINC02074	0
LINC02075	0
LINC02076	0.064873285
LINC02077	0
LINC02078	0
LINC02079	0
LINC02080	0.023606726
LINC02081	0.763983736
LINC02082	0.034190962
LINC02083	0.188548219
LINC02084	0.553731369
LINC02085	0
LINC02086	0.056630443
LINC02087	0
LINC02088	0
LINC02089	0
LINC02090	0
LINC02091	0.020485724
LINC02092	0
LINC02093	0
LINC02094	0.046683814
LINC02096	0
LINC02097	0
LINC02098	0
LINC02099	0.021905417
LINC02100	2.243961474
LINC02101	0
LINC02102	0.021648855
LINC02103	0
LINC02104	0.12158055
LINC02105	0.096869845
LINC02106	0
LINC02107	0
LINC02108	0
LINC02109	0
LINC02110	0
LINC02111	0.104998197
LINC02112	0
LINC02113	0
LINC02114	0
LINC02115	0
LINC02116	0
LINC02117	0
LINC02118	0
LINC02119	0
LINC02120	0
LINC02121	0
LINC02122	0
LINC02123	0
LINC02124	0
LINC02125	0
LINC02126	0.245483426
LINC02127	0
LINC02128	0.102775543
LINC02129	0
LINC02130	0
LINC02131	0
LINC02132	0.064734889
LINC02133	0
LINC02134	0
LINC02135	0
LINC02136	0.091605974
LINC02137	0.164024211
LINC02138	0
LINC02139	0.036322568
LINC02140	0
LINC02141	0.007371875
LINC02142	0
LINC02143	0
LINC02144	0
LINC02145	0.008305023
LINC02146	0
LINC02147	0
LINC02148	0.019849209
LINC02149	0
LINC02150	0
LINC02151	0
LINC02152	0
LINC02153	0
LINC02154	0.826336487
LINC02155	0
LINC02156	0.15078002
LINC02157	0.054307792
LINC02158	0.027063081
LINC02159	0.679256526
LINC02160	0.046954706
LINC02161	0
LINC02162	0
LINC02163	1.015006964
LINC02164	0
LINC02165	0
LINC02166	0.269354599
LINC02167	0.073229512
LINC02168	0
LINC02169	0
LINC02170	0.03825939
LINC02171	0
LINC02172	0
LINC02173	0
LINC02174	0
LINC02175	0.064734889
LINC02176	0
LINC02177	0.004582028
LINC02178	0
LINC02179	0
LINC02180	0
LINC02181	0
LINC02182	0.194984604
LINC02184	0
LINC02185	0.154340674
LINC02186	0
LINC02187	0.21597494
LINC02188	0.056150154
LINC02189	0
LINC02190	0
LINC02191	0
LINC02192	0
LINC02193	0
LINC02195	2.889950383
LINC02196	0
LINC02197	0
LINC02198	0.121783862
LINC02199	0
LINC02200	0
LINC02201	0
LINC02202	0.120849201
LINC02203	0
LINC02204	0.007571922
LINC02205	0
LINC02206	0.033762981
LINC02207	0.092654898
LINC02208	0.093229714
LINC02209	0
LINC02210	2.158329233
LINC02210-CRHR1	0
LINC02211	0
LINC02212	0
LINC02213	0
LINC02214	0
LINC02215	0
LINC02216	0
LINC02217	0
LINC02218	0.027399078
LINC02219	0
LINC02220	0
LINC02221	0
LINC02222	0
LINC02223	0.157123516
LINC02224	0
LINC02225	0
LINC02226	0
LINC02227	0
LINC02228	0
LINC02229	0
LINC02230	0
LINC02231	0
LINC02232	0
LINC02233	0
LINC02234	0
LINC02235	0
LINC02236	0.043977506
LINC02237	0
LINC02238	0
LINC02239	0
LINC02240	0
LINC02241	0.012604145
LINC02242	0.151485699
LINC02243	0
LINC02245	0
LINC02246	0.273809879
LINC02247	0
LINC02248	0
LINC02249	0
LINC02250	0
LINC02251	0
LINC02252	0
LINC02253	2.209102618
LINC02254	0
LINC02255	0
LINC02256	0.320469745
LINC02257	0.170269622
LINC02258	0
LINC02259	0.08173597
LINC02260	0
LINC02261	0.034654651
LINC02262	0
LINC02263	0
LINC02264	0
LINC02265	0
LINC02266	0
LINC02267	0
LINC02268	0.01463266
LINC02269	0.200624655
LINC02270	0
LINC02271	0
LINC02272	0
LINC02273	0.144856787
LINC02274	0.020677669
LINC02275	0
LINC02276	0
LINC02277	0
LINC02278	0
LINC02279	0
LINC02280	0.044530682
LINC02281	0
LINC02282	0
LINC02283	0
LINC02284	0.172167257
LINC02285	0.102971721
LINC02286	0
LINC02287	0
LINC02288	0.016604366
LINC02289	0.03476632
LINC02290	0.019996362
LINC02291	0
LINC02292	0
LINC02293	0
LINC02294	0
LINC02295	0
LINC02296	0
LINC02297	0
LINC02298	3.609368788
LINC02299	0
LINC02300	0.146018546
LINC02301	0
LINC02302	0.008359361
LINC02303	0
LINC02304	0
LINC02305	0
LINC02306	0.091779143
LINC02307	0
LINC02308	0.190546179
LINC02309	0
LINC02310	0.127319492
LINC02311	0
LINC02312	0
LINC02313	0.088274848
LINC02314	0
LINC02315	0.034878712
LINC02316	0
LINC02317	0.056984937
LINC02318	0
LINC02319	0
LINC02320	0
LINC02321	1.201135628
LINC02322	0
LINC02323	1.287226808
LINC02324	0.016834662
LINC02325	0.048213671
LINC02326	0
LINC02327	0
LINC02328	0.092891262
LINC02329	0
LINC02330	0
LINC02331	0.120974667
LINC02332	0
LINC02333	0
LINC02334	0.019581031
LINC02335	0
LINC02336	0
LINC02337	0
LINC02338	0
LINC02339	0
LINC02340	0.02210891
LINC02342	0
LINC02343	0
LINC02344	0
LINC02345	0.188413432
LINC02346	0
LINC02347	0
LINC02348	0.049643319
LINC02349	0
LINC02351	3.695936545
LINC02352	0.114929116
LINC02353	0
LINC02354	0.02571566
LINC02355	0.019266336
LINC02356	0
LINC02358	0
LINC02359	0
LINC02360	0
LINC02361	0.278089565
LINC02362	1.201935273
LINC02363	0.030950595
LINC02364	0
LINC02365	0
LINC02366	0.032281361
LINC02367	0.071919458
LINC02368	0
LINC02369	0
LINC02370	0
LINC02371	0.128442239
LINC02372	0
LINC02373	0.057389086
LINC02374	0
LINC02375	0
LINC02376	0
LINC02377	0
LINC02378	0
LINC02379	0
LINC02380	0
LINC02381	2.127881655
LINC02382	0.276757463
LINC02383	0
LINC02384	0.351297865
LINC02385	0
LINC02386	0.022858365
LINC02387	0.027967262
LINC02388	0.010260179
LINC02389	0.006114756
LINC02390	0
LINC02391	0.212411353
LINC02392	0.021635992
LINC02393	0
LINC02394	0
LINC02395	0
LINC02396	0
LINC02397	0.009138183
LINC02398	0
LINC02399	0.121377916
LINC02400	0
LINC02401	0
LINC02402	0
LINC02403	0
LINC02404	0
LINC02405	0
LINC02406	0
LINC02407	0.141489661
LINC02408	0.170056625
LINC02409	0
LINC02410	0
LINC02411	0
LINC02412	0
LINC02413	0.038809885
LINC02414	0
LINC02415	0
LINC02416	0.269728702
LINC02417	0
LINC02418	0
LINC02419	0
LINC02420	0
LINC02421	0
LINC02422	0.142462343
LINC02423	0
LINC02424	0
LINC02425	0
LINC02426	0
LINC02427	0
LINC02428	0.604917025
LINC02429	0
LINC02430	0
LINC02431	0
LINC02432	0.019420467
LINC02433	0
LINC02434	0
LINC02435	0
LINC02436	0
LINC02437	0
LINC02438	0
LINC02439	0
LINC02440	0
LINC02441	0
LINC02442	0
LINC02443	0.052280509
LINC02444	0
LINC02445	0
LINC02446	4.41882736
LINC02447	0.083864624
LINC02448	0
LINC02449	0.608192851
LINC02450	0.121014871
LINC02451	0
LINC02453	0.025313434
LINC02454	0.08137067
LINC02455	0
LINC02457	0.203654222
LINC02458	0
LINC02459	0
LINC02460	0
LINC02461	0.029037779
LINC02462	0
LINC02463	0
LINC02464	0
LINC02465	0
LINC02466	0.128494537
LINC02468	0
LINC02469	0
LINC02470	0
LINC02471	0.182798066
LINC02472	0
LINC02473	0.044237965
LINC02474	0
LINC02475	0.008599215
LINC02476	0
LINC02477	0
LINC02479	0
LINC02480	0
LINC02482	0.920401259
LINC02483	0
LINC02484	0
LINC02485	0.024745753
LINC02487	0.047468876
LINC02488	0
LINC02489	0
LINC02490	0
LINC02491	0
LINC02492	0
LINC02493	0
LINC02494	0
LINC02495	0
LINC02496	0
LINC02497	0
LINC02499	0
LINC02500	0
LINC02501	0
LINC02502	0.113437305
LINC02503	0
LINC02504	0
LINC02505	0
LINC02506	0.264584013
LINC02507	0
LINC02508	0
LINC02509	0
LINC02510	0
LINC02511	0
LINC02512	0
LINC02513	0.242755832
LINC02514	0
LINC02515	0
LINC02516	0.013707275
LINC02517	0
LINC02518	0.279949065
LINC02519	0.063288299
LINC02520	0
LINC02521	0.029107414
LINC02522	0
LINC02523	0
LINC02525	0
LINC02526	0
LINC02527	0.700869857
LINC02528	0
LINC02529	0
LINC02530	0
LINC02531	0
LINC02532	0.003672554
LINC02533	0.042738703
LINC02534	0
LINC02535	0.048300006
LINC02536	0
LINC02538	0
LINC02539	0.098815128
LINC02540	0
LINC02541	7.888611815
LINC02542	1.122228908
LINC02543	0
LINC02544	0.713987742
LINC02545	0
LINC02546	0
LINC02547	0.022015341
LINC02548	0
LINC02549	0
LINC02550	1.290237691
LINC02551	0.075356578
LINC02552	0
LINC02553	0
LINC02554	0
LINC02555	0.012442636
LINC02556	0
LINC02557	0
LINC02558	0
LINC02559	0
LINC02560	0.793319713
LINC02561	2.981827418
LINC02562	6.932523765
LINC02563	0
LINC02564	0
LINC02565	0
LINC02567	0
LINC02568	0.228604147
LINC02569	0.085577849
LINC02570	0.151912285
LINC02571	0.090580534
LINC02572	0.08623653
LINC02573	0
LINC02574	0
LINC02575	0.053235928
LINC02576	0.449944614
LINC02577	0.699071002
LINC02578	0
LINC02579	0.0880918
LINC02580	0.382493433
LINC02582	0
LINC2194	0
LINCMD1	0
LINC-PINT	1.285019798
LINC-ROR	0
LINGO1	1.039957665
LINGO1-AS1	0
LINGO1-AS2	0
LINGO2	0.118587619
LINGO3	0.075827346
LINGO4	0.007184251
LINP1	2.647282794
LINS1	5.761945234
LIPA	17.2005609
LIPC	0.07960743
LIPC-AS1	0
LIPE	0.769395165
LIPE-AS1	0.438437339
LIPF	0
LIPG	0.399902835
LIPH	0.783273306
LIPI	0.013919486
LIPJ	0
LIPK	0
LIPM	0.289186299
LIPN	0.040560707
LIPT1	3.067734957
LIPT1P1	0
LIPT2	3.210839566
LITAF	28.66533789
LIVAR	1.074700299
LIX1	0.064892203
LIX1-AS1	0
LIX1L	5.569643244
LIX1L-AS1	0.19432425
LKAAEAR1	0.055934524
LLCFC1	0
LLGL1	4.238535847
LLGL2	4.005517271
LLPH	3.6202296
LLPH-AS1	0.272759362
LLPHP1	0
LLPHP2	0
LMAN1	41.77466626
LMAN1L	0
LMAN2	76.21523793
LMAN2L	23.44220218
LMBR1	4.042164969
LMBR1L	2.81816759
LMBRD1	14.75535033
LMBRD2	2.652124042
LMCD1	5.732988061
LMCD1-AS1	0.274406562
LMF1	1.376982553
LMF1-AS1	0.033529811
LMF2	31.91436366
LMLN	1.064081593
LMLN-AS1	0
LMNA	78.18232213
LMNB1	9.374798584
LMNB1-DT	0.053119438
LMNB2	17.93854769
LMNTD1	0.110236187
LMNTD2	0.984592503
LMO1	1.580067547
LMO2	1.327387953
LMO3	0.16312965
LMO4	11.81525472
LMO7	1.390603813
LMO7-AS1	0.614053538
LMO7DN	0.041603399
LMO7DN-IT1	0
LMOD1	1.632228839
LMOD2	0.017777798
LMOD3	0.005677171
LMTK2	2.542043237
LMTK3	0.517202044
LMX1A	0.104411111
LMX1B	0.074950343
LNCPRESS1	0
LNCPRESS2	0
LNCSRLR	0.102717559
LNP1	0.744782233
LNPEP	4.746666835
LNPK	9.135943564
LNX1	1.700350894
LNX1-AS1	0
LNX1-AS2	0.027368189
LNX2	4.832032017
LOC101927550	0.329925666
LOC101929006	0.031162495
LOC644634	0
LOC644634	0
LOH12CR2	0.457137606
LONP1	11.53865971
LONP2	6.66560656
LONRF1	2.335750927
LONRF2	0.313615516
LONRF2P1	0
LONRF2P2	0
LONRF3	0.054065887
LOR	0
LOX	8.879145288
LOXHD1	0.005382613
LOXL1	18.46199153
LOXL1-AS1	2.524752673
LOXL2	5.104380561
LOXL3	1.057153521
LOXL4	1.568310331
LPA	0.003781833
LPAL2	0.044325471
LPAR1	15.91133442
LPAR2	4.920285994
LPAR3	7.598538467
LPAR4	0.155962629
LPAR5	1.229426406
LPAR6	5.839986211
LPCAT1	9.225768306
LPCAT2	4.017104845
LPCAT2BP	0
LPCAT3	6.643032614
LPCAT4	4.992706946
LPGAT1	11.22597433
LPIN1	2.212453036
LPIN2	3.077287167
LPIN3	2.387675107
LPL	0.304691254
LPO	0.011320807
LPP	4.972050136
LPP-AS1	0
LPP-AS2	2.119432055
LPXN	4.103331253
LRAT	0.22471447
LRBA	2.269992241
LRCH1	2.305632237
LRCH2	0.280727986
LRCH3	2.337478026
LRCH4	1.139582073
LRCOL1	0.013360255
LRFN1	1.163160154
LRFN2	0.044542355
LRFN3	4.177993551
LRFN4	3.837052934
LRFN5	0.229313327
LRG1	20.45564625
LRGUK	0.082188801
LRIF1	3.325238684
LRIG1	6.800753547
LRIG2	0.543745
LRIG3	8.267621843
LRIT1	0
LRIT2	0
LRIT3	0.012458601
LRMDA	1.850273111
LRMP	0.908158085
LRP1	9.214447107
LRP10	32.71332812
LRP11	18.06938208
LRP12	4.419611141
LRP1-AS	0.027617273
LRP1B	0.039884775
LRP2	0.011943706
LRP2BP	0.089054449
LRP3	5.927149269
LRP4	2.682540893
LRP4-AS1	0
LRP5	12.7836702
LRP5L	0.282460134
LRP6	1.913959594
LRP8	4.837131224
LRPAP1	13.08110004
LRPPRC	20.3382627
LRR1	12.86328064
LRRC1	8.888323608
LRRC10	0
LRRC10B	0.361015884
LRRC14	2.947410283
LRRC14B	0
LRRC15	4.801988263
LRRC17	0.880602682
LRRC18	0.089303188
LRRC19	0
LRRC2	0.012953886
LRRC20	3.247905617
LRRC23	3.139769277
LRRC24	0
LRRC25	2.553208338
LRRC26	0
LRRC27	0.387037553
LRRC28	3.304242009
LRRC29	0.882119518
LRRC2-AS1	0
LRRC3	0.426032556
LRRC30	0
LRRC31	0.007798131
LRRC32	5.906931552
LRRC34	0.760644949
LRRC34P1	0
LRRC34P2	0
LRRC36	0.120864243
LRRC37A	0.033581348
LRRC37A11P	0.004299607
LRRC37A12P	0
LRRC37A13P	0
LRRC37A14P	0
LRRC37A15P	0.035831119
LRRC37A16P	3.48703004
LRRC37A17P	0.310980077
LRRC37A2	0.323386988
LRRC37A3	1.544030028
LRRC37A4P	0.108456619
LRRC37A5P	0.074825664
LRRC37A6P	0.008631318
LRRC37A7P	0.052792135
LRRC37A9P	0.009031095
LRRC37B	0.494710182
LRRC37BP1	1.208645916
LRRC38	0.450565374
LRRC39	0.134119244
LRRC3-AS1	0
LRRC3B	0
LRRC3C	0
LRRC4	13.55727566
LRRC40	7.045306225
LRRC41	16.54666177
LRRC42	14.0156001
LRRC43	0.46364177
LRRC45	2.854366967
LRRC46	0.516501771
LRRC47	10.67566614
LRRC49	0.211387823
LRRC4B	0.194453566
LRRC4C	0.072518546
LRRC52	0
LRRC53	0
LRRC55	0.053846026
LRRC56	1.052029609
LRRC57	2.279762683
LRRC58	5.145084384
LRRC59	41.94842028
LRRC6	0.463141077
LRRC61	9.009037282
LRRC63	0.045341022
LRRC66	0.04377923
LRRC69	0.055605066
LRRC6P1	0
LRRC7	0.013254482
LRRC70	0.161909181
LRRC71	0.083040764
LRRC72	0
LRRC73	0.251797657
LRRC74A	0.021063413
LRRC74B	0.008760586
LRRC75A	0.157676319
LRRC75A-AS1	72.52322414
LRRC75B	2.078534741
LRRC77P	0.007590864
LRRC8A	16.25489339
LRRC8B	6.019183097
LRRC8C	1.383153326
LRRC8C-DT	0.116262372
LRRC8D	16.55062434
LRRC8E	0.398144239
LRRC9	0.210059599
LRRCC1	1.519320806
LRRD1	0.006656316
LRRFIP1	4.856748478
LRRFIP1P1	0.518801422
LRRFIP2	3.544180413
LRRIQ1	0.057799008
LRRIQ3	0.036029522
LRRIQ4	0.013287128
LRRK1	1.579292204
LRRK2	0.484970805
LRRN1	0.227725921
LRRN2	3.414221262
LRRN3	0.068911333
LRRN4	0.099194434
LRRN4CL	0.197209767
LRRTM1	0.014438293
LRRTM2	0.28278366
LRRTM3	0
LRRTM4	0.053846026
LRSAM1	1.824144627
LRTM1	0.015325494
LRTM2	0
LRTOMT	1.137917963
LRWD1	2.244856497
LSAMP	0.74965257
LSAMP-AS1	1.053551532
LSG1	15.03997839
LSM1	28.61358685
LSM10	27.0990802
LSM11	0.840648994
LSM12	6.252409196
LSM12P1	3.715650493
LSM14A	19.89902483
LSM14B	7.438480986
LSM1P1	0
LSM1P2	0
LSM2	81.97799087
LSM3	12.67548146
LSM3P2	0
LSM3P3	0
LSM3P4	0
LSM3P5	0
LSM4	41.29814471
LSM5	10.01283894
LSM6	5.479479053
LSM6P2	0
LSM7	38.21474319
LSM8	3.701928713
LSMEM1	0.07492464
LSMEM2	0
LSP1	4.793067551
LSP1P1	0
LSP1P2	0.182523182
LSP1P3	0
LSR	46.37835189
LSS	8.941517665
LST1	7.215627103
LTA	0.531072057
LTA4H	6.347982441
LTB	3.020610029
LTB4R	10.8030423
LTB4R2	2.117449572
LTBP1	12.68265905
LTBP2	9.188459119
LTBP3	7.860840473
LTBP4	3.467085023
LTBR	30.98615845
LTC4S	0.020365422
LTF	53.63835011
LTK	0.0765133
LTN1	3.369481582
LTV1	9.187131927
LTV1P1	0
LUADT1	0
LUARIS	0.183149119
LUC7L	2.460575631
LUC7L2	4.562241495
LUC7L3	6.072618597
LUCAT1	0.14210913
LUM	273.3827731
LURAP1	0.170217142
LURAP1L	4.030748808
LURAP1L-AS1	0
LUZP1	3.33795553
LUZP2	0.093251591
LUZP4	0
LUZP4P1	0
LUZP6	0
LVRN	0.003658165
LXN	19.15898755
LY6D	13.42738312
LY6E	90.33459452
LY6E-DT	0.54183757
LY6G5B	0.104118305
LY6G5C	0.509407507
LY6G6C	0.924364909
LY6G6D	0
LY6G6E	0
LY6G6F	0
LY6G6F-LY6G6D	0
LY6H	0.077434077
LY6K	12.6024391
LY6L	0
LY75	0.612545973
LY75-CD302	0.008593127
LY86	5.439743927
LY86-AS1	0.021663023
LY9	0.569749376
LY96	30.55444082
LYAR	6.343684101
LYARP1	0
LYG1	0.555251217
LYG2	0.020129008
LYL1	0.700481722
LYN	18.32934093
LYNX1	0.908475212
LYPD1	2.435609925
LYPD2	0.040867985
LYPD3	27.01248899
LYPD4	0
LYPD5	0.548358293
LYPD6	0.549854259
LYPD6B	2.053543104
LYPD8	0.173629563
LYPLA1	50.86288047
LYPLA1P1	0
LYPLA1P2	0.03513109
LYPLA1P3	0.244502277
LYPLA2	17.35549438
LYPLA2P1	0.104636135
LYPLA2P2	0.107731878
LYPLA2P3	0
LYPLAL1	19.6676421
LYPLAL1-AS1	0.067059622
LYRM1	13.10057218
LYRM2	4.464089275
LYRM4	2.907517168
LYRM7	2.323973326
LYRM9	1.394266768
LYSMD1	11.45056417
LYSMD2	13.99884162
LYSMD3	6.053924319
LYSMD4	2.168908523
LYST	1.316876748
LYST-AS1	0
LYVE1	1.443413056
LYZ	208.7094643
LYZL1	0
LYZL2	0
LYZL4	0
LYZL6	0
LZIC	10.29583612
LZTFL1	2.926150012
LZTR1	6.059257537
LZTS1	2.263338639
LZTS1-AS1	0
LZTS2	4.679362459
LZTS3	2.897771194
M1AP	0.760634941
M6PR	25.40034548
MAATS1	0.051243139
MAB21L1	0.008017035
MAB21L2	0
MAB21L3	1.013967849
MACC1	0.196205967
MACC1-AS1	0
MACF1	1.989829602
MACO1	4.72821739
MACROD1	4.706372046
MACROD2	0.040659034
MACROD2-AS1	0
MACROD2-IT1	0
MAD1L1	1.99106789
MAD2L1	11.95196599
MAD2L1BP	16.95417062
MAD2L2	10.45807316
MADCAM1	0.091571419
MADD	3.318893336
MAEA	5.132425223
MAEL	0.007711431
MAF	14.03084168
MAF1	40.72823974
MAFA	0.145420826
MAFA-AS1	0.232859311
MAFB	14.77426447
MAFF	4.349285257
MAFG	10.52872038
MAFG-AS1	4.060875926
MAFK	3.403373601
MAFTRR	0.02263106
MAG	0
MAGEA1	0.042588742
MAGEA10	0.016747557
MAGEA10-MAGEA5	0
MAGEA11	19.45549628
MAGEA12	0
MAGEA13P	0
MAGEA2	0
MAGEA2B	0
MAGEA3	0
MAGEA4	249.4846047
MAGEA5	0.051540516
MAGEA6	0.052121488
MAGEA7P	0
MAGEA8	0.010273205
MAGEA8-AS1	0
MAGEA9	0.040147051
MAGEA9B	0
MAGEB1	0
MAGEB10	0
MAGEB16	0
MAGEB17	0.015068643
MAGEB18	0
MAGEB2	0
MAGEB3	0
MAGEB4	0
MAGEB5	0
MAGEB6	0.012455404
MAGEB6B	0.01873116
MAGEC1	0.739069278
MAGEC2	17.93540076
MAGEC3	0.008785951
MAGED1	30.61080025
MAGED2	46.40434615
MAGED4	0.005047948
MAGED4B	0
MAGEE1	0.35443689
MAGEE2	0.010793945
MAGEF1	43.83256285
MAGEH1	26.28471151
MAGEL2	0.084721672
MAGI1	0.406364386
MAGI1-AS1	0
MAGI1-IT1	0.018913583
MAGI2	0.526945458
MAGI2-AS1	0
MAGI2-AS2	0
MAGI2-AS3	0.718348441
MAGI3	1.032750973
MAGIX	0.499106371
MAGOH	18.08638804
MAGOH2P	0
MAGOH3P	0
MAGOHB	5.374022232
MAGT1	40.7272588
MAIP1	8.475526899
MAJIN	0.010550014
MAK	0.063187746
MAK16	3.441462169
MAL	1.382891837
MAL2	39.51328895
MAL2-AS1	0.016023487
MALAT1	6.088998372
MALINC1	0.360004287
MALL	2.736464543
MALRD1	0.012479416
MALSU1	5.484226798
MALT1	4.195089266
MAMDC2	0.686569427
MAMDC2-AS1	0.012307637
MAMDC4	0.119846544
MAML1	3.662910733
MAML2	1.939588025
MAML3	1.235935997
MAMLD1	0.566348786
MAMSTR	0.375119387
MAN1A1	6.642620697
MAN1A2	4.063090271
MAN1A2P1	0
MAN1B1	13.7797663
MAN1B1-AS1	1.400514416
MAN1C1	0.887540711
MAN2A1	5.771486522
MAN2A2	8.128267166
MAN2B1	11.27048383
MAN2B2	7.442547878
MAN2C1	3.50644161
MANBA	5.930067205
MANBAL	35.17288659
MANEA	4.853244611
MANEA-AS1	0.085628159
MANEAL	3.128960196
MANF	33.3717397
MANSC1	7.022363225
MANSC4	0
MAOA	13.23563817
MAOB	5.928246888
MAP10	1.85035731
MAP1A	3.277397866
MAP1B	9.16052491
MAP1LC3A	5.304256265
MAP1LC3B	16.2065676
MAP1LC3B2	1.250185667
MAP1LC3BP1	0
MAP1LC3C	0.164301748
MAP1LC3P	0
MAP1S	6.218209908
MAP2	2.371064405
MAP2K1	19.35459508
MAP2K1P1	0
MAP2K2	21.77198984
MAP2K3	8.720728943
MAP2K4	6.198473209
MAP2K4P1	0.095610804
MAP2K5	2.991624249
MAP2K6	2.976483755
MAP2K7	3.6613902
MAP3K1	2.90388327
MAP3K10	2.030940164
MAP3K11	6.130940555
MAP3K12	1.336969142
MAP3K13	10.3944805
MAP3K14	1.306700054
MAP3K14-AS1	1.13178878
MAP3K15	0.026046763
MAP3K19	0.048470382
MAP3K2	6.176477899
MAP3K20	4.383995462
MAP3K20-AS1	0.047770908
MAP3K21	2.560650832
MAP3K3	4.014792705
MAP3K4	1.94927576
MAP3K5	4.289311989
MAP3K6	5.064972221
MAP3K7	6.325020506
MAP3K7CL	1.236181578
MAP3K8	7.240204492
MAP3K9	0.754569638
MAP4	9.639505554
MAP4K1	1.891444379
MAP4K2	2.043858752
MAP4K3	8.714722309
MAP4K4	12.19563411
MAP4K5	6.29189985
MAP6	0.543398723
MAP6D1	3.125178903
MAP7	6.818733674
MAP7D1	13.44805597
MAP7D2	1.730800266
MAP7D3	1.872108795
MAP9	1.72124492
MAPK1	13.56400354
MAPK10	0.672673048
MAPK11	3.558251409
MAPK12	3.178700095
MAPK13	13.9878899
MAPK14	14.01331043
MAPK15	0.365404721
MAPK1IP1L	17.60222956
MAPK3	16.91152649
MAPK4	0.047906032
MAPK6	49.46321089
MAPK6PS2	0.023568527
MAPK6PS3	0.291935783
MAPK6PS4	0.022666278
MAPK6PS6	0.04610747
MAPK7	2.709745625
MAPK8	3.685834735
MAPK8IP1	2.449765831
MAPK8IP1P1	0.033739518
MAPK8IP1P2	0.164915647
MAPK8IP2	5.454909905
MAPK8IP3	1.319402141
MAPK9	4.12047867
MAPKAP1	14.51277264
MAPKAPK2	40.70427946
MAPKAPK3	10.84074119
MAPKAPK5	2.005344123
MAPKAPK5-AS1	8.512355163
MAPKAPK5P1	0
MAPKBP1	2.282940818
MAPRE1	102.1462493
MAPRE1P1	0.060917398
MAPRE1P3	0
MAPRE2	4.611575194
MAPRE3	13.67826299
MAPT	0.043930345
MAPT-AS1	0.014994184
MAPT-IT1	0
MARC1	1.017382403
MARC2	3.860537493
MARCH1	1.269570373
MARCH10	0.083879048
MARCH11	0
MARCH2	15.27083168
MARCH3	1.106205375
MARCH4	0.032753204
MARCH5	8.652631238
MARCH6	18.87482273
MARCH7	22.48039457
MARCH8	3.860780512
MARCH9	4.861177963
MARCKS	75.21171923
MARCKSL1	53.08051304
MARCKSL1P1	0
MARCKSL1P2	0
MARCO	1.00418478
MARCOL	0
MARF1	3.096976593
MARK1	9.177846489
MARK2	11.68809767
MARK2P10	0
MARK2P11	0
MARK2P12	0
MARK2P13	0
MARK2P14	0
MARK2P15	0
MARK2P16	0
MARK2P17	0
MARK2P4	0
MARK2P5	0
MARK2P6	0
MARK2P8	0.025499562
MARK2P9	0
MARK3	9.206755889
MARK3P1	0
MARK3P3	0.033391449
MARK4	4.255872343
MARS	18.48647145
MARS2	2.766081692
MARVELD1	13.16873159
MARVELD2	3.241370238
MARVELD3	2.172977275
MAS1	0
MAS1L	0
MAS1LP1	0.023185848
MASP1	0.022134108
MASP2	0.028552791
MAST1	0.052021761
MAST2	4.641237568
MAST3	1.394448002
MAST4	1.432548897
MAST4-AS1	0.468640603
MAST4-IT1	0
MASTL	10.1755543
MAT1A	1.335486014
MAT2A	29.71824796
MAT2B	17.51535385
MATK	0.44553111
MATN1	0.005270426
MATN1-AS1	0.223209885
MATN2	9.250842472
MATN3	0.65399262
MATN4	0.019680246
MATR3	0.251581817
MATR3	0.332692481
MAU2	4.325823981
MAVS	5.663134102
MAX	21.90282305
MAZ	18.53230169
MB	0.951764102
MB21D2	2.81821646
MBD1	9.31513321
MBD2	17.47340603
MBD3	6.977876374
MBD3L1	0
MBD3L2	0
MBD3L2B	0
MBD3L3	0
MBD3L4	0
MBD3L5	0
MBD4	12.06545674
MBD5	0.732394616
MBD6	10.57703413
MBIP	8.560853021
MBL1P	0.055677943
MBL2	0
MBL3P	0
MBLAC1	2.209680713
MBLAC2	1.958812036
MBNL1	20.67398002
MBNL1-AS1	0.770477888
MBNL2	8.067130446
MBNL3	3.3729907
MBOAT1	8.051266452
MBOAT2	6.271698188
MBOAT4	0.096331679
MBOAT7	12.11944272
MBP	4.295663235
MBTD1	1.60803405
MBTPS1	13.18820022
MBTPS2	5.57737439
MC1R	0.239877305
MC2R	0.006501227
MC3R	0
MC4R	0.131140606
MC5R	0.073562373
MCAM	9.985631307
MCAT	5.153986889
MCC	2.99547956
MCCC1	7.516947546
MCCC1-AS1	0.380793462
MCCC2	11.09982335
MCCD1	0
MCCD1P1	0
MCCD1P2	0.217393283
MCEE	7.563697727
MCEMP1	1.044385007
MCF2	0.004859004
MCF2L	0.50023558
MCF2L2	0.103862861
MCF2L-AS1	0.06818984
MCFD2	26.9607203
MCFD2P1	0
MCHR1	0.254151665
MCHR2	0.030445966
MCHR2-AS1	0
MCIDAS	0.348286703
MCL1	125.1767033
MCM10	3.25365811
MCM2	18.53105516
MCM3	24.69458644
MCM3AP	3.781388924
MCM3AP-AS1	0.252172396
MCM4	14.10858192
MCM5	10.40098578
MCM6	14.81411866
MCM7	27.68976941
MCM8	1.837002917
MCM8-AS1	0.024695405
MCM9	1.04709822
MCMBP	14.88902437
MCMDC2	0.320923669
MCOLN1	3.878202375
MCOLN2	1.523395112
MCOLN3	0.516813715
MCPH1	1.986748499
MCPH1-AS1	0.119544894
MCRIP1	10.30050914
MCRIP2	4.021818912
MCRIP2P1	1.187650842
MCRIP2P2	0
MCRS1	15.73568701
MCTP1	0.449808143
MCTP2	2.242751139
MCTS1	31.90823046
MCTS2P	3.779165886
MCU	9.462818342
MCUB	6.589670374
MCUR1	5.995752434
MCUR1P1	0.051106491
MCUR1P2	0
MDC1	3.446867905
MDC1-AS1	0.032893744
MDFI	10.73783229
MDFIC	6.514450005
MDFIC2	0
MDGA1	7.563126653
MDGA2	0
MDH1	53.61547147
MDH1B	0.444922265
MDH2	66.7461861
MDK	114.037758
MDM1	1.097201501
MDM2	6.264135653
MDM4	3.15353234
MDN1	0.580724359
MDP1	2.558900097
MDS2	0
ME1	82.71413493
ME2	7.044404529
ME2P1	0
ME3	0.638831137
MEA1	79.60340466
MEAF6	11.77926206
MEAF6P1	0
MECOM	3.2347888
MECP2	2.383734785
MECR	2.779127197
MED1	3.09654438
MED10	27.19381822
MED11	8.267175598
MED12	2.157829619
MED12L	0.130813825
MED13	9.101668142
MED13L	2.351741
MED13P1	0
MED14	5.679219396
MED14OS	0.485511664
MED14P1	0
MED15	8.248643806
MED15P1	0
MED15P3	0.074464979
MED15P4	0
MED15P5	0
MED15P6	0
MED15P7	0
MED15P8	0
MED15P9	0
MED16	8.831666467
MED17	2.393081721
MED18	9.690995579
MED19	11.78904379
MED20	11.41204202
MED21	20.19451433
MED22	2.063290157
MED23	2.849400621
MED24	6.126429146
MED25	3.776201834
MED26	1.124966052
MED27	15.01238013
MED28	6.810514651
MED28P1	0
MED28P2	0
MED28P3	0
MED28P4	0
MED28P5	0
MED28P6	0
MED28P7	0.091605974
MED28P8	0
MED29	12.19159668
MED30	9.153917838
MED31	6.960616586
MED4	23.96673356
MED4-AS1	0.179155596
MED6	11.56528141
MED6P1	0
MED7	2.691731335
MED8	16.21364767
MED9	2.031734374
MEDAG	3.640314922
MEF2A	10.31668468
MEF2AP1	0
MEF2B	0.197042072
MEF2BNBP1	0
MEF2C	1.139613817
MEF2C-AS1	0.041804001
MEF2C-AS2	0
MEF2D	8.136113438
MEFV	0.211573873
MEG3	0.297113803
MEG8	0.0081298
MEG9	0.01838363
MEGF10	0.10511244
MEGF11	0.004940086
MEGF6	0.90011752
MEGF8	1.927616219
MEGF9	16.13875309
MEI1	1.129829666
MEI4	0
MEIG1	0.241548092
MEIKIN	0.012186538
MEIOB	0
MEIOC	0.02255833
MEIS1	1.063472138
MEIS1-AS2	0.023591432
MEIS1-AS3	0.034336044
MEIS2	0.436142169
MEIS3	1.056902588
MEIS3P1	1.976508863
MEIS3P2	0.180655503
MELK	10.04208609
MELTF	6.620613605
MELTF-AS1	3.133020837
MEMO1	1.688129638
MEMO1P1	6.068895804
MEMO1P3	0
MEMO1P4	0
MEMO1P5	0
MEN1	7.363860383
MEOX1	0.170386436
MEOX2	0.825369829
MEOX2-AS1	0.104486011
MEP1A	0.105900195
MEP1AP4	0
MEP1B	0.009398213
MEPCE	14.43048558
MEPE	0.009800397
MERTK	15.66033368
MESD	10.02377944
MESP1	0.983729839
MESP2	1.089201715
MEST	27.4469777
MESTIT1	0.011789987
MESTP1	0.073266348
MESTP2	0
MESTP3	0
MESTP4	0
MET	9.559868828
METAP1	36.04484824
METAP1D	0.880928381
METAP2	28.54583722
METRN	2.847055128
METRNL	5.592813346
METTL1	14.85617531
METTL11B	0.967797338
METTL13	15.23646483
METTL14	1.874972181
METTL15	3.584610579
METTL15P1	0.673676472
METTL15P3	0
METTL16	2.453643569
METTL17	6.487675533
METTL18	6.876543535
METTL21A	1.192710326
METTL21AP1	0
METTL21C	0
METTL21EP	0.020774996
METTL22	1.129370482
METTL23	13.76123709
METTL24	1.368409426
METTL25	1.586639426
METTL26	16.80719341
METTL27	0.991514631
METTL2A	10.10061347
METTL2B	2.291235221
METTL3	4.682955229
METTL4	2.137472736
METTL5	11.92172621
METTL6	2.498082417
METTL7A	3.924047251
METTL7AP1	0
METTL7B	1.257301123
METTL8	4.315819887
METTL8P1	0
METTL9	42.77471636
MEX3A	0.60649318
MEX3B	0.639709457
MEX3C	5.042675621
MEX3D	4.65069068
MFAP1	21.77948448
MFAP1P1	0.019343094
MFAP2	15.00672417
MFAP3	4.78723417
MFAP3L	0.533224114
MFAP4	14.14571624
MFAP5	0.964509756
MFF	8.73131546
MFGE8	13.62017511
MFHAS1	9.381527148
MFN1	11.81789346
MFN2	23.33833971
MFNG	1.963114225
MFRP	0
MFSD1	17.43545103
MFSD10	10.33575797
MFSD11	3.888073523
MFSD12	5.621520313
MFSD13A	1.810685872
MFSD13B	0.056454845
MFSD14A	37.44032356
MFSD14B	26.77537344
MFSD14C	2.699341317
MFSD1P1	0
MFSD2A	3.241187178
MFSD2B	0.125808566
MFSD3	6.365183093
MFSD4A	0.511506244
MFSD4B	0.761922468
MFSD4BP1	0
MFSD5	18.72634103
MFSD6	7.225115549
MFSD6L	0.199707723
MFSD8	3.281529167
MFSD9	2.751640415
MGA	1.519716699
MGAM	0.01352777
MGAM2	0
MGARP	0.163166728
MGAT1	32.1253979
MGAT2	3.062680577
MGAT2P1	0
MGAT2P2	0
MGAT3	0.200183479
MGAT3-AS1	0
MGAT4A	2.263704437
MGAT4B	13.29745323
MGAT4C	0.027105971
MGAT4D	0.0043388
MGAT4EP	0.017277995
MGAT5	7.06363438
MGAT5B	0.239486649
MGEA5	5.523725228
MGLL	2.741876901
MGME1	22.49856065
MGMT	3.460140762
MGP	16.35543273
MGRN1	2.710484436
MGST1	45.26221645
MGST2	19.70579241
MGST3	18.82867519
MHENCR	1.697169364
MIA	0.148929958
MIA2	0
MIA2	0
MIA3	5.372562956
MIA-RAB4B	0
MIAT	0.384020525
MIATNB	1.296062047
MIB1	7.556328754
MIB2	1.25434461
MICA	17.66236901
MICAL1	1.740851064
MICAL2	2.337114154
MICAL3	0.907863808
MICALCL	0.211214471
MICALL1	14.14719813
MICALL2	2.440460645
MICB	4.285967873
MICC	0.069030094
MICD	0.029859266
MICE	0.419629788
MICF	0.752731263
MICG	0
MICU1	11.6002729
MICU2	10.89570758
MICU3	0.822186492
MID1	4.68535732
MID1IP1	15.6990645
MID1IP1-AS1	1.097566263
MID2	8.026540915
MIDN	19.63339132
MIEF1	5.684117368
MIEF2	2.666705539
MIEN1	30.74695379
MIER1	5.84515433
MIER2	5.94977159
MIER3	3.087628405
MIF	118.8168311
MIF4GD	11.16485431
MIF-AS1	0.921024838
MIGA1	1.561187705
MIGA2	1.660231096
MIIP	5.137370855
MILR1	1.363496414
MIMT1	0
MINCR	3.386487054
MINDY1	2.323849343
MINDY2	2.357201755
MINDY3	4.755500181
MINDY4	0.135673243
MINDY4B	0.355686201
MINK1	14.27281316
MINOS1	5.684582716
MINOS1-NBL1	0
MINOS1P2	0.212013827
MINOS1P3	0
MINOS1P4	0
MINPP1	5.167415261
MIOS	3.619281919
MIOX	0
MIOXP1	0
MIP	0.043504629
MIPEP	3.626730807
MIPEPP1	0
MIPEPP2	0
MIPEPP3	0.904924496
MIPOL1	0.511885137
MIR100	0
MIR100HG	0.968703897
MIR101-1	0
MIR101-2	0
MIR103A1	0
MIR103A2	0.933676278
MIR105-1	0
MIR105-2	0
MIR106B	0.296043698
MIR107	0
MIR10B	0.22068712
MIR1-1	0
MIR1179	0
MIR1180	0
MIR1183	0
MIR1184-1	0
MIR1184-2	0
MIR1184-3	0
MIR1185-1	0
MIR1185-2	0
MIR1193	0
MIR1197	0
MIR1-1HG	0
MIR1-1HG-AS1	0.007146183
MIR1200	0
MIR1202	0
MIR1203	0.285595097
MIR1205	0
MIR1207	0
MIR1208	0
MIR1224	0
MIR1225	0
MIR1226	0
MIR1227	0
MIR1228	0
MIR1229	0
MIR1231	0
MIR1233-1	0
MIR1233-2	0
MIR1237	0
MIR1238	0
MIR124-2	0
MIR124-2HG	0
MIR124-3	0
MIR1245A	0
MIR1249	0.866985115
MIR1250	0
MIR1251	0
MIR1252	0
MIR1253	0
MIR1254-1	0.750791234
MIR1254-2	0
MIR1255A	0
MIR1255B2	0
MIR1256	0
MIR1258	0
MIR125A	0
MIR125B1	0
MIR125B2	0
MIR126	0
MIR1260A	0
MIR1260B	0
MIR1261	0
MIR1262	0
MIR1263	0
MIR1264	0
MIR1265	0
MIR1266	0
MIR1267	0
MIR1268A	0
MIR1268B	0
MIR1269A	0
MIR1269B	0
MIR127	0
MIR1270	0
MIR1271	0
MIR1272	0
MIR1273A	0
MIR1273C	0
MIR1273D	0
MIR1273E	0
MIR1273F	0.245207911
MIR1273G	0
MIR1273H	0
MIR1275	0
MIR1276	0
MIR1277	0
MIR1278	0
MIR128-1	0
MIR1282	0
MIR128-2	0
MIR1283-1	0
MIR1283-2	0
MIR1284	0
MIR1285-1	0
MIR1285-2	0
MIR1286	0
MIR1288	0
MIR1289-1	0
MIR1289-2	0
MIR1290	0
MIR1291	0.650238836
MIR129-1	0
MIR129-2	0
MIR1293	0
MIR1294	0
MIR1295A	0
MIR1296	0
MIR1298	0
MIR1299	0
MIR1301	0
MIR1302-2HG	0
MIR1302-3	0
MIR1302-4	0
MIR1302-5	0
MIR1302-6	0
MIR1302-7	0
MIR1302-8	0
MIR1303	0
MIR1305	0
MIR130A	0
MIR132	0
MIR1323	0
MIR133A1HG	0.01664231
MIR133B	0
MIR134	0
MIR1343	0
MIR135A1	0.269728702
MIR135A2	0
MIR135B	0
MIR136	0
MIR137HG	0
MIR138-1	0
MIR138-2	0
MIR139	0
MIR140	0
MIR141	0
MIR145	0
MIR1468	0
MIR146B	0
MIR1470	0
MIR1471	0
MIR147A	0
MIR148A	0
MIR148B	0
MIR149	0
MIR150	0
MIR151A	0
MIR151B	0
MIR152	0
MIR153-1	0
MIR153-2	0
MIR1537	0
MIR1538	0
MIR154	0
MIR155HG	0.728267497
MIR1587	0
MIR15B	0
MIR16-1	0
MIR16-2	0
MIR17HG	0.090373019
MIR181A1	0
MIR181A1HG	0.01493882
MIR181A2	0
MIR181A2HG	0.256690457
MIR181B1	0
MIR181B2	0
MIR181C	0
MIR181D	0
MIR182	0
MIR1827	0.373470511
MIR183	0
MIR184	0
MIR185	0
MIR186	1.129096894
MIR187	0
MIR188	0
MIR190A	0
MIR190B	0
MIR191	0
MIR1911	0
MIR1912	0
MIR1913	0
MIR1915	0
MIR193A	0.2758589
MIR193B	0
MIR193BHG	1.015577705
MIR194-1	0
MIR194-2HG	0.013312631
MIR196A1	0.346794046
MIR196A2	0
MIR1972-1	0
MIR1972-2	0
MIR1976	0
MIR199A1	0
MIR199A2	0
MIR199B	0
MIR200A	0
MIR200B	0
MIR200C	0
MIR200CHG	3.051787605
MIR202HG	0
MIR203A	0
MIR204	0
MIR2052HG	0.35920512
MIR2053	0
MIR205HG	41.35405635
MIR206	0
MIR208A	0
MIR208B	0
MIR210	0.882748481
MIR210HG	6.599695394
MIR211	0
MIR2113	0
MIR2114	0
MIR2115	0
MIR2116	0
MIR2117HG	1.05546014
MIR212	0
MIR215	0
MIR216A	0
MIR216B	0
MIR217	0
MIR217HG	0
MIR218-1	0.22068712
MIR218-2	0
MIR219A1	0
MIR221	0
MIR222	0
MIR222HG	0.444543894
MIR2276	0
MIR2278	0
MIR22HG	4.471390077
MIR2355	0
MIR2392	0
MIR23A	0.665084472
MIR23B	0
MIR23C	0
MIR2467	0
MIR25	0.866985115
MIR2681	0
MIR26A1	0
MIR26A2	0
MIR26B	0
MIR27A	0.311225426
MIR27B	0
MIR28	0
MIR2909	0
MIR297	0
MIR298	0
MIR299	0
MIR29B2CHG	0.124132097
MIR300	0
MIR301A	0
MIR301B	0
MIR302A	0
MIR302C	0
MIR302D	0
MIR302E	0
MIR3065	0
MIR3074	0
MIR30A	0
MIR30B	0
MIR30C1	0
MIR30C2	0
MIR30D	0
MIR30E	0
MIR31	0
MIR3115	0
MIR3116-1	0
MIR3117	0
MIR3118-1	0
MIR3118-2	0
MIR3118-3	0
MIR3118-4	0
MIR3119-2	0
MIR3121	0
MIR3122	0.332542236
MIR3123	0
MIR3124	0
MIR3125	0
MIR3126	0
MIR3127	0
MIR3128	0.367811867
MIR3129	0
MIR3130-2	0
MIR3131	0
MIR3132	0
MIR3133	0
MIR3134	0
MIR3135A	0
MIR3135B	0
MIR3136	0
MIR3137	0.323674443
MIR3138	0
MIR3139	0
MIR3140	0
MIR3141	0
MIR3142	0
MIR3142HG	0.073850101
MIR3143	0
MIR3144	0
MIR3145	0
MIR3146	0
MIR3147	0
MIR3148	0
MIR3149	0
MIR3150BHG	0.008411498
MIR3151	0
MIR3152	0
MIR3153	1.184174791
MIR3154	0
MIR3155A	0
MIR3156-1	0
MIR3156-2	0
MIR3156-3	0
MIR3157	0
MIR3158-1	0
MIR3159	0
MIR3160-1	0
MIR3161	0
MIR3162	0
MIR3163	0
MIR3164	0
MIR3165	0
MIR3166	0
MIR3167	0
MIR3168	0
MIR3169	0
MIR3170	0
MIR3171	0
MIR3173	0
MIR3174	0
MIR3176	0
MIR3177	0
MIR3178	0
MIR3179-2	0
MIR3179-3	0
MIR3179-4	0
MIR3180-1	0
MIR3180-2	0
MIR3180-3	0
MIR3180-4	0
MIR3180-5	0
MIR3181	0
MIR3182	0
MIR3183	0
MIR3185	0
MIR3186	0
MIR3187	0
MIR3188	0
MIR3189	0.665084472
MIR3190	0
MIR3192	0
MIR3193	0
MIR3194	0
MIR3195	0
MIR3196	0
MIR3197	0
MIR3198-1	0
MIR3199-1	0
MIR31HG	0
MIR32	0
MIR3200	0
MIR3201	0
MIR3202-1	0
MIR320A	0.296043698
MIR320B1	0
MIR320B2	0
MIR320C1	0
MIR320C2	0
MIR320D1	0
MIR320D2	0
MIR320E	1.083731394
MIR323A	0
MIR323B	0
MIR324	0
MIR325	0
MIR326	0
MIR328	0
MIR329-1	0
MIR329-2	0
MIR331	0.656096844
MIR335	0
MIR337	0
MIR339	0
MIR33A	0
MIR33B	0
MIR340	0
MIR342	0
MIR345	0
MIR346	0
MIR34AHG	0.323674443
MIR34B	0
MIR34C	0.899095675
MIR3591	0
MIR3609	0
MIR361	0
MIR3611	0
MIR3612	0
MIR3613	0.279029692
MIR3616	0
MIR3617	0
MIR3619	0
MIR362	0
MIR3621	0
MIR3622B	0
MIR3646	0
MIR3648-1	0
MIR3648-2	0
MIR3649	0
MIR3650	0
MIR3651	0
MIR3653	2.206871202
MIR3657	0.207483617
MIR3659	0
MIR365A	0
MIR3660	0
MIR3661	0
MIR3663	0
MIR3663HG	0
MIR3664	0
MIR3665	0
MIR3666	0
MIR3667	0
MIR3668	0
MIR367	0
MIR3670-1	0
MIR3670-2	0
MIR3670-3	0
MIR3670-4	0
MIR3671	0.5517178
MIR3672	0
MIR3675	0
MIR3677	0
MIR3678	0
MIR3679	0
MIR3680-1	0
MIR3680-2	0.558059384
MIR3681	0
MIR3681HG	0.031315252
MIR3682	1.444975192
MIR3683	0
MIR3684	0
MIR3685	0.78308333
MIR3686	0
MIR3687-1	0
MIR3687-2	0
MIR3688-1	0
MIR3689A	0
MIR3689B	0
MIR3689C	0
MIR3689D1	0
MIR3689D2	0
MIR3689E	0
MIR3689F	0
MIR369	0
MIR3690	0.323674443
MIR3691	0
MIR3692	0
MIR370	0
MIR3713	0
MIR371A	0
MIR372	0
MIR373	0
MIR374A	0
MIR374B	0
MIR375	0
MIR377	0
MIR378A	0.650238836
MIR378B	0
MIR378C	0
MIR378D1	0
MIR378E	0
MIR378F	0.311225426
MIR378G	0
MIR378H	0.292476906
MIR378J	0.445423545
MIR379	0
MIR380	0
MIR381	0
MIR381HG	0
MIR383	0
MIR3907	0.160765452
MIR3908	0
MIR3909	0
MIR3910-1	0
MIR3912	0
MIR3913-1	0
MIR3914-1	0
MIR3915	0
MIR3918	0
MIR3919	0
MIR3920	0
MIR3921	0
MIR3922	0
MIR3923	0
MIR3924	0
MIR3925	0
MIR3926-1	0
MIR3927	0
MIR3928	0
MIR3929	0
MIR3934	0
MIR3935	0
MIR3936	0.44137424
MIR3936HG	0.526806496
MIR3937	0
MIR3938	0
MIR3939	0
MIR3941	0
MIR3942	0
MIR3943	0
MIR3944	0
MIR3945	0
MIR3945HG	0.123101335
MIR3972	0
MIR3973	0
MIR3976	0
MIR3976HG	0
MIR3978	0
MIR409	0
MIR410	0
MIR411	0
MIR412	0
MIR421	0
MIR422A	0
MIR425	0
MIR4252	0
MIR4253	0
MIR4254	0
MIR4255	0
MIR4257	0
MIR4258	0.533529301
MIR4259	0
MIR4261	0
MIR4262	0
MIR4263	3.509722875
MIR4264	0
MIR4265	0
MIR4266	0
MIR4267	0
MIR4268	0
MIR4269	0
MIR4270	0
MIR4271	0
MIR4273	0
MIR4274	0
MIR4276	0
MIR4277	0
MIR4279	0
MIR4280	0
MIR4281	0
MIR4282	0
MIR4283-1	0
MIR4283-2	0
MIR4284	0
MIR4285	0
MIR4286	0
MIR4287	0
MIR4288	0
MIR4289	0
MIR429	1.169907625
MIR4290	0
MIR4290HG	0
MIR4291	0
MIR4292	2.173932825
MIR4293	0
MIR4294	0
MIR4295	0
MIR4296	0
MIR4297	0
MIR4298	0
MIR4299	0
MIR4300	0
MIR4300HG	0.105546014
MIR4301	0
MIR4303	0
MIR4304	0
MIR4305	0
MIR4306	0
MIR4307	0
MIR4307HG	0
MIR4308	0
MIR4309	0
MIR431	0
MIR4310	0
MIR4311	0
MIR4312	0
MIR4314	0
MIR4316	0
MIR4318	0
MIR4319	0.285595097
MIR432	0
MIR4322	0
MIR4323	0
MIR4324	0
MIR4325	0
MIR4326	0
MIR4327	0
MIR433	0
MIR4330	0
MIR4417	0
MIR4418	0
MIR4419A	0
MIR4419B	0
MIR4420	0.315267315
MIR4421	0
MIR4422	0
MIR4422HG	0
MIR4423	0
MIR4424	0
MIR4425	0
MIR4427	0
MIR4428	0
MIR4429	0
MIR4431	0
MIR4432	0
MIR4432HG	0
MIR4433B	0
MIR4435-1	0
MIR4435-2	0
MIR4435-2HG	5.452010396
MIR4436A	0
MIR4436B1	0
MIR4436B2	0
MIR4437	0
MIR4438	0
MIR4439	0
MIR4440	0
MIR4441	0
MIR4443	0
MIR4444-2	0
MIR4445	0
MIR4446	0
MIR4447	0
MIR4448	0
MIR4449	0
MIR4450	0
MIR4451	0.224773919
MIR4452	0
MIR4453HG	0.841553552
MIR4455	0
MIR4456	0
MIR4457	0
MIR4458HG	0.693747942
MIR4459	0
MIR4460	0
MIR4461	0
MIR4462	0
MIR4463	0
MIR4464	0
MIR4465	0
MIR4466	0
MIR4470	0
MIR4471	0
MIR4472-1	0
MIR4472-2	0
MIR4473	0
MIR4474	0
MIR4475	0
MIR4476	0
MIR4477A	0
MIR4477B	1.198794233
MIR4478	0
MIR4479	0
MIR448	0
MIR4480	0
MIR4482	0.693588092
MIR4484	0
MIR4486	0
MIR4487	0
MIR4488	0
MIR4489	0
MIR4490	0
MIR4491	0
MIR4492	0
MIR4493	0
MIR4494	0
MIR4495	0
MIR4497	0
MIR4498	0
MIR4499	0
MIR449A	0
MIR449B	0
MIR449C	0
MIR4500	0
MIR4500HG	0.007416921
MIR4502	0
MIR4503	0
MIR4504	0
MIR4505	0
MIR4506	0
MIR4507	0
MIR4508	0
MIR4509-1	0
MIR4509-2	0
MIR4509-3	0
MIR450A1	0
MIR450A2	0
MIR450B	0
MIR4510	0
MIR4511	0
MIR4512	0
MIR4513	0
MIR4514	0
MIR4515	0
MIR4516	0
MIR4518	0
MIR4519	0
MIR4520-1	0
MIR4522	0
MIR4524B	0
MIR4525	0
MIR4526	0
MIR4527	0
MIR4527HG	0
MIR4528	0
MIR4529	0
MIR4530	0
MIR4532	0
MIR4533	0
MIR4535	0
MIR4536-2	0
MIR4537	0
MIR4538	0
MIR4539	0.404593054
MIR454	0
MIR4540	0
MIR455	0
MIR4632	0
MIR4633	0
MIR4634	0
MIR4635	0
MIR4636	0
MIR4637	0
MIR4638	0
MIR4639	0
MIR4641	0
MIR4642	0
MIR4643	0
MIR4644	0
MIR4645	1.261069258
MIR4646	0
MIR4648	0
MIR4650-1	0
MIR4650-2	0
MIR4652	0
MIR4653	2.047338344
MIR4654	0
MIR4655	0
MIR4656	0
MIR4659A	0
MIR466	0
MIR4660	0
MIR4661	0
MIR4662B	0
MIR4663	0
MIR4664	1.025728868
MIR4665	0
MIR4666A	0
MIR4666B	0
MIR4667	0
MIR4668	0.346794046
MIR4669	0.391541665
MIR4670	0
MIR4671	0
MIR4672	0
MIR4673	0
MIR4674	0
MIR4675	0
MIR4676	0
MIR4677	0
MIR4679-2	0
MIR4681	0
MIR4682	0
MIR4684	0
MIR4685	0
MIR4686	0
MIR4688	0
MIR4689	0
MIR4690	0
MIR4692	0
MIR4693	0
MIR4694	0
MIR4695	0
MIR4696	0
MIR4697HG	0.014102779
MIR4698	0
MIR4699	0
MIR4701	0
MIR4703	0
MIR4704	0
MIR4705	0
MIR4706	0.296043698
MIR4708	0
MIR4710	0
MIR4711	0
MIR4713	0
MIR4713HG	0.259631906
MIR4714	0
MIR4715	0
MIR4716	0
MIR4717	0
MIR4718	0
MIR4719	0
MIR4725	0
MIR4726	0
MIR4727	0
MIR4728	0
MIR4729	0
MIR4730	0
MIR4731	0
MIR4733	0
MIR4734	0
MIR4735	0
MIR4736	0
MIR4737	0.299698558
MIR4739	0
MIR4740	0.385326718
MIR4742	0
MIR4743	0
MIR4744	0
MIR4746	0
MIR4747	0
MIR4748	0
MIR4749	0
MIR4752	0
MIR4753	0
MIR4754	0
MIR4755	0
MIR4756	0
MIR4757	0
MIR4759	0
MIR4760	0
MIR4762	0
MIR4764	0
MIR4765	0
MIR4766	0
MIR4767	0.933676278
MIR4768	0.656096844
MIR4769	0
MIR4770	0
MIR4771-1	0
MIR4771-2	0
MIR4772	0
MIR4773-1	0
MIR4774	0
MIR4776-1	0
MIR4777	0
MIR4778	0
MIR4779	0
MIR4780	0
MIR4782	0.224773919
MIR4783	0
MIR4786	0
MIR4787	0
MIR4789	0
MIR4790	0
MIR4791	0
MIR4792	0
MIR4794	0
MIR4795	0
MIR4796	0
MIR4797	0
MIR4798	0
MIR4799	0
MIR4801	0
MIR4802	0
MIR4803	0
MIR4804	0
MIR483	0
MIR485	0
MIR486-1	0
MIR487A	0
MIR487B	0
MIR488	0
MIR489	0
MIR490	0
MIR491	0
MIR493	0
MIR494	0
MIR495	0
MIR496	0
MIR497HG	0.107414085
MIR498	0
MIR4999	0.266764651
MIR499A	0
MIR5000	0
MIR5002	0
MIR5003	0
MIR5007	0
MIR5008	0
MIR5009	0
MIR500A	0
MIR500B	0
MIR501	0
MIR5011	0
MIR502	0
MIR503	0
MIR503HG	0.303806465
MIR504	0
MIR505	0
MIR506	0
MIR507	0
MIR508	0
MIR5088	0
MIR5089	0
MIR5091	0
MIR509-1	0
MIR5092	0
MIR509-2	0
MIR5093	0
MIR509-3	0
MIR5094	0.285595097
MIR5095	0
MIR5096	0
MIR510	0
MIR5100	0
MIR511	0
MIR512-1	0
MIR512-2	0
MIR513A1	0
MIR513A2	0
MIR513B	0
MIR513C	0
MIR514A1	0
MIR514A2	0
MIR514A3	0
MIR514B	0
MIR515-1	0
MIR515-2	0
MIR516A1	0
MIR516A2	0
MIR516B1	0
MIR516B2	0
MIR517A	0
MIR517B	0
MIR517C	0
MIR5186	0
MIR5188	0.21482817
MIR5189	0
MIR518A1	0
MIR518A2	0
MIR518B	0
MIR518E	0
MIR518F	0
MIR5190	0
MIR5191	0
MIR5192	0
MIR5194	0.202296527
MIR5195	0.422184056
MIR5197	0
MIR519A1	0
MIR519B	0
MIR519C	0
MIR519D	0
MIR519E	0
MIR520A	0
MIR520B	0
MIR520C	0
MIR520D	0
MIR520E	0
MIR520G	0
MIR520H	0
MIR521-1	0
MIR521-2	0
MIR525	0
MIR526A1	0
MIR526A2	0
MIR526B	0
MIR527	0
MIR532	0
MIR539	0
MIR541	0
MIR542	0
MIR543	0
MIR544A	0
MIR544B	0
MIR545	0
MIR548A1	0
MIR548A2	0
MIR548A3	0
MIR548AA1	0.500527489
MIR548AA2	1.001054978
MIR548AB	0
MIR548AC	0
MIR548AD	0
MIR548AE1	0
MIR548AE2	0
MIR548AG1	0
MIR548AG2	0
MIR548AI	0
MIR548AJ1	0
MIR548AJ2	0
MIR548AK	0
MIR548AL	0
MIR548AM	0
MIR548AN	0
MIR548AO	0
MIR548AP	0
MIR548AQ	0
MIR548AR	0
MIR548AS	0
MIR548AT	0
MIR548AV	0
MIR548AW	0
MIR548AX	0
MIR548AY	0
MIR548AZ	0
MIR548B	0
MIR548BA	0
MIR548BB	0
MIR548C	0
MIR548D2	0
MIR548E	0
MIR548F1	0
MIR548F2	0
MIR548F3	0
MIR548F4	0
MIR548F5	0
MIR548G	0
MIR548H1	0.237995914
MIR548H2	0
MIR548H3	0.205725282
MIR548H4	0
MIR548H5	0
MIR548I1	0
MIR548I2	0
MIR548I3	0
MIR548I4	0
MIR548J	0
MIR548K	0
MIR548L	0
MIR548M	0
MIR548N	0
MIR548O	0.212943712
MIR548O2	0
MIR548P	0
MIR548Q	0
MIR548S	0
MIR548T	0
MIR548U	0
MIR548V	0
MIR548W	0
MIR548X	0
MIR548X2	0
MIR548XHG	0.033391449
MIR548Y	0
MIR548Z	0
MIR549A	0
MIR550A1	0
MIR550A2	0
MIR550A3	0
MIR551A	0
MIR551B	0
MIR552	0
MIR553	0
MIR554	2.528706585
MIR556	0.222711773
MIR557	0
MIR5571	0
MIR5579	0
MIR558	0.258250885
MIR5580	0
MIR5581	0
MIR5582	0
MIR5583-1	0
MIR5584	0
MIR5585	0
MIR5586	0
MIR5587	0
MIR5588	0
MIR5589	0
MIR559	0
MIR5590	0
MIR5591	0
MIR561	0
MIR562	0
MIR563	0
MIR566	0
MIR567	0
MIR5680	0
MIR5681A	0
MIR5682	0
MIR5684	0
MIR5685	0
MIR5687	0
MIR5688	0
MIR5689	0
MIR5689HG	0
MIR569	0
MIR5690	0
MIR5691	0
MIR5692A1	0
MIR5692A2	0
MIR5692B	0.279029692
MIR5692C1	0
MIR5692C2	0
MIR5693	0
MIR5694	0
MIR5695	0
MIR5696	0
MIR5697	0
MIR5698	0
MIR5699	0
MIR570	5.505802379
MIR5700	0
MIR5701-1	0
MIR5701-2	0
MIR5701-3	0
MIR5702	0
MIR5704	0
MIR5705	0
MIR5706	0
MIR5707	0
MIR5708	0
MIR571	0
MIR572	0
MIR573	0
MIR5739	0
MIR574	0.252870659
MIR575	0
MIR576	0
MIR577	0
MIR578	0
MIR5787	0
MIR579	0
MIR580	0
MIR581	0
MIR582	0
MIR583	0
MIR583HG	0.172411813
MIR584	0
MIR585	0
MIR586	0
MIR587	0
MIR588	0
MIR589	0.245207911
MIR590	0
MIR591	0
MIR592	0
MIR593	0
MIR595	0
MIR596	0
MIR597	0
MIR598	0
MIR599	0
MIR600HG	0.356993871
MIR601	0.307285864
MIR602	0
MIR603	0
MIR604	0
MIR605	0
MIR606	0
MIR6068	0
MIR6069	0
MIR607	0
MIR6070	0
MIR6071	0
MIR6072	0
MIR6074	0
MIR6075	0
MIR6076	0
MIR6077	0
MIR6078	0
MIR608	0
MIR6080	0
MIR6081	0
MIR6082	0
MIR6083	0
MIR6085	0
MIR6087	0
MIR6088	0
MIR6089	0.379305988
MIR609	0
MIR6090	0
MIR610	0
MIR6124	0.285595097
MIR6126	0
MIR6127	0
MIR6128	0
MIR6129	0
MIR613	0
MIR6130	0
MIR6131	0
MIR6133	0
MIR6134	0
MIR615	0
MIR616	1.001054978
MIR6165	0
MIR617	0
MIR618	0
MIR619	0
MIR620	0
MIR621	12.64353293
MIR623	0
MIR624	0
MIR625	0
MIR626	0
MIR627	0
MIR629	0
MIR633	0
MIR634	0
MIR635	1.238550164
MIR638	0
MIR640	0
MIR641	0
MIR642A	0
MIR643	0.250263745
MIR644A	0
MIR645	0
MIR646	0
MIR646HG	0.018902537
MIR647	1.264353293
MIR648	0
MIR649	0
MIR6499	0
MIR6500	0
MIR6503	0
MIR6504	0
MIR6505	0
MIR6507	0
MIR6508	0
MIR6509	0
MIR651	0
MIR6511A1	0
MIR6511A2	0
MIR6511A3	0
MIR6511A4	0
MIR6512	0.315267315
MIR6514	0
MIR6515	0
MIR652	0
MIR653	0
MIR654	0
MIR655	0
MIR656	0
MIR657	0
MIR659	0
MIR660	0
MIR661	0
MIR662	0
MIR663AHG	0.00924432
MIR663B	0
MIR664A	0
MIR668	0
MIR670	0
MIR670HG	0
MIR6715A	0
MIR6718	0
MIR6719	0
MIR6720	0
MIR6722	0
MIR6723	0
MIR6724-1	0
MIR6724-2	0.52773007
MIR6724-3	0
MIR6724-4	1.319325175
MIR6726	0
MIR6728	0
MIR6729	0
MIR6730	1.086966413
MIR6731	0
MIR6735	0
MIR6736	0
MIR6737	0
MIR6738	0
MIR6739	0
MIR6740	0
MIR6744	0
MIR6745	0
MIR6746	0.385326718
MIR6747	0
MIR6749	0.351820047
MIR6750	0
MIR6752	0
MIR6753	0.444065547
MIR6754	0
MIR6757	0
MIR676	0
MIR6760	0
MIR6761	0
MIR6762	0.282274223
MIR6763	0
MIR6765	0
MIR6766	0
MIR6768	0
MIR6769A	0
MIR6769B	0
MIR6770-1	0
MIR6770-2	0
MIR6770-3	0
MIR6771	0
MIR6772	0.379305988
MIR6774	0.346794046
MIR6775	0
MIR6776	0
MIR6777	0
MIR6779	0
MIR6780A	0
MIR6780B	0
MIR6781	0
MIR6782	0
MIR6783	0
MIR6784	0
MIR6786	0
MIR6788	0
MIR6790	0
MIR6792	0
MIR6793	0
MIR6794	0
MIR6795	0
MIR6796	0
MIR6797	0.337160878
MIR6798	0
MIR6799	0
MIR6801	0
MIR6802	0
MIR6803	0
MIR6804	0
MIR6806	0
MIR6807	0
MIR6809	0
MIR6810	0
MIR6811	0
MIR6812	0
MIR6813	0
MIR6814	0.346794046
MIR6815	0
MIR6816	0
MIR6817	0
MIR6818	0
MIR6819	0.795920761
MIR6821	0
MIR6823	0
MIR6825	0
MIR6826	0
MIR6827	0
MIR6829	0.362322138
MIR6832	0
MIR6833	0
MIR6835	0.379305988
MIR6839	0
MIR6842	0
MIR6846	0
MIR6851	0
MIR6853	0
MIR6854	0
MIR6855	0
MIR6856	0
MIR6857	0
MIR6858	0
MIR6859-1	0
MIR6859-2	0
MIR6859-3	0
MIR6859-4	0
MIR6862-1	0
MIR6862-2	0
MIR6864	0
MIR6865	0
MIR6867	0
MIR6868	0
MIR6870	0
MIR6871	0
MIR6876	0
MIR6877	0
MIR6879	0
MIR6880	0
MIR6881	0
MIR6882	0
MIR6885	0
MIR6888	0
MIR6889	0
MIR6891	0
MIR6892	0
MIR6893	0
MIR6894	0
MIR6895	0
MIR708	0.2758589
MIR7106	0
MIR7111	0
MIR7150	0
MIR7151	0
MIR7152	0
MIR7154	0
MIR7155	0
MIR7156	0
MIR7158	0
MIR7159	0
MIR7160	0
MIR7161	0
MIR7-2	0
MIR7-3	0
MIR7-3HG	0.021597494
MIR744	0.247710033
MIR7515HG	0
MIR758	0
MIR759	0
MIR760	0.224773919
MIR762	0
MIR762HG	0.936248389
MIR764	0
MIR7641-1	0
MIR7641-2	0
MIR765	0.212943712
MIR766	0.216746279
MIR767	0
MIR769	0
MIR770	0
MIR7702	0
MIR7843	0
MIR7845	0
MIR7848	0.240352309
MIR7849	0.229014936
MIR7850	0
MIR7851	0.151722395
MIR7852	0
MIR7853	0
MIR7854	0
MIR7856	0
MIR7973-1	0
MIR7974	0
MIR7975	0
MIR7976	0
MIR802	0
MIR8052	0
MIR8053	0
MIR8054	0
MIR8055	0.250263745
MIR8056	0
MIR8057	0
MIR8058	0
MIR8059	0
MIR8060	0
MIR8061	0
MIR8062	0
MIR8063	0
MIR8064	0
MIR8065	0
MIR8066	0
MIR8067	0
MIR8068	0
MIR8069-2	0
MIR8070	0
MIR8071-1	0.746941022
MIR8071-2	1.120411533
MIR8073	0
MIR8074	0
MIR8075	0
MIR8076	0
MIR8077	0
MIR8078	0.288995038
MIR8079	0
MIR8080	0
MIR8081	0
MIR8082	0
MIR8083	0
MIR8084	0
MIR8086	0
MIR8087	0
MIR8088	0
MIR8089	0
MIR8485	0
MIR873	0
MIR874	0
MIR875	0
MIR876	0
MIR877	0
MIR885	0
MIR887	0
MIR888	0
MIR889	0
MIR890	0
MIR891A	0
MIR891B	0
MIR892A	0
MIR892B	0
MIR892C	0
MIR9-1	0
MIR920	0
MIR921	0
MIR93	0
MIR933	0.315267315
MIR934	0
MIR938	0
MIR9-3HG	0.187120807
MIR941-2	0
MIR941-4	0
MIR941-5	0
MIR942	0
MIR944	0
MIR95	0
MIR96	0
MIR98	0
MIR99A	0
MIR99AHG	0.079404052
MIR99B	0
MIRLET7A1	0
MIRLET7A2	0
MIRLET7BHG	0.161046118
MIRLET7C	0
MIRLET7D	0.231196031
MIRLET7DHG	0
MIRLET7E	0
MIRLET7F1	0
MIRLET7F2	0
MIRLET7G	0
MIRLET7I	0.224773919
MIS12	9.988591258
MIS18A	5.77654621
MIS18A-AS1	0.031567729
MIS18BP1	3.627743156
MISP	5.064572299
MISP3	0.742498722
MITD1	3.603274722
MITF	0.617604856
MIXL1	0.382857892
MKI67	4.05635575
MKI67P1	0
MKKS	9.07759476
MKL1	5.574338709
MKL2	1.543398764
MKLN1	3.645673081
MKLN1-AS	0.590124675
MKNK1	8.380641245
MKNK1-AS1	0.089357975
MKNK2	34.09089756
MKNK2P1	0.038655387
MKRN1	22.86926216
MKRN2	10.21995234
MKRN2OS	0.570721749
MKRN3	0.351574491
MKRN3-AS1	0
MKRN4P	0.015960278
MKRN5P	0.016547773
MKRN7P	0
MKRN9P	0.010089602
MKS1	2.315645383
MKX	0.047297775
MKX-AS1	0
MLANA	0.055118094
MLC1	0.090390815
MLEC	15.93818598
MLECP1	0
MLF1	18.03834315
MLF2	70.20080056
MLH1	8.87309681
MLH3	3.738724284
MLIP	0.299575276
MLIP-AS1	0
MLIP-IT1	0.188768143
MLKL	1.531084746
MLLT1	9.346611682
MLLT10	4.384076689
MLLT10P1	0.185309796
MLLT10P2	0
MLLT11	22.05950544
MLLT3	1.185558683
MLLT6	2.867855231
MLN	0
MLNR	0.019592884
MLPH	0.881984857
MLST8	8.513019699
MLX	18.62135017
MLXIP	2.706016108
MLXIPL	0.610040617
MLYCD	0.510717053
MMAA	1.255361018
MMAB	5.654011036
MMACHC	1.42096503
MMADHC	60.63909948
MMD	6.838730557
MMD2	0
MME	1.652859356
MME-AS1	0
MMEL1	0.404172041
MMGT1	16.16423933
MMP1	463.2939605
MMP10	38.42943578
MMP11	10.51035201
MMP12	27.72131702
MMP13	4.505630477
MMP14	93.54039134
MMP15	6.476784932
MMP16	0.166312291
MMP17	0.32141042
MMP19	1.543203813
MMP2	90.87227239
MMP20	0
MMP21	0
MMP23A	0.167088577
MMP23B	0.07155662
MMP24	0.22548684
MMP24OS	6.088783792
MMP25	0.52952072
MMP25-AS1	0.48511726
MMP26	0
MMP27	0.025379596
MMP28	0.925835749
MMP2-AS1	0.160234873
MMP3	15.646372
MMP7	10.5023509
MMP8	0.197706902
MMP9	8.06414922
MMRN1	1.453891554
MMRN2	1.033100373
MMS19	4.67332992
MMS22L	0.77639983
MN1	0.621641738
MNAT1	9.791884667
MND1	3.401469691
MNDA	5.718143691
MNS1	0.416873034
MNT	1.835688007
MNX1	0.023108599
MNX1-AS1	1.702322358
MNX1-AS2	0
MOAP1	9.319833683
MOB1A	44.26901387
MOB1AP1	0
MOB1AP2	0
MOB1B	1.54739259
MOB2	5.270993169
MOB3A	13.89600148
MOB3B	1.500311196
MOB3C	10.66878235
MOB4	7.594595867
MOBP	0.02890889
MOCOS	7.872848753
MOCS1	1.731289178
MOCS1P1	0.015059295
MOCS2	4.61680393
MOCS3	2.481757626
MOG	0
MOGAT1	0
MOGAT2	0.011730168
MOGAT3	0
MOGS	28.47914741
MOK	0.452038746
MON1A	2.212227685
MON1B	3.745195855
MON2	3.042406364
MORC1	0
MORC1-AS1	0
MORC2	9.06164308
MORC2-AS1	0.0720611
MORC3	5.762041522
MORC4	10.05502274
MORF4	0.050001201
MORF4L1	65.15767112
MORF4L1P1	17.74853913
MORF4L1P3	0.025553245
MORF4L1P4	0
MORF4L1P5	0
MORF4L1P6	0
MORF4L1P7	0
MORF4L2	256.2962538
MORF4L2-AS1	0.116373841
MORF4L2P1	0.028293221
MORN1	0.173442907
MORN2	7.083344663
MORN3	0.044068745
MORN4	1.265963934
MORN5	0.727148806
MOS	0
MOSMO	3.041387182
MOSPD1	7.83171152
MOSPD2	4.309173542
MOSPD3	7.580845512
MOV10	3.994338551
MOV10L1	0.148366486
MOXD1	6.884120614
MOXD2P	0
MPC1	16.00052995
MPC1L	0
MPC2	78.19172964
MPDU1	19.0509752
MPDZ	0.641721263
MPEG1	5.891282915
MPG	25.26940601
MPHOSPH10	8.633858187
MPHOSPH6	9.599385875
MPHOSPH8	5.354980844
MPHOSPH9	1.458325506
MPI	5.258374407
MPIG6B	0.066123482
MPL	0.079853892
MPLKIP	5.296433323
MPND	5.852678433
MPO	0.055077897
MPP1	4.723751367
MPP2	0.436754032
MPP3	2.059451616
MPP4	0.078880855
MPP5	4.270370238
MPP6	2.072843054
MPP7	7.522399794
MPPE1	3.541117185
MPPE1P1	0
MPPED1	0.037533113
MPPED2	0.044422807
MPRIP	2.894834806
MPRIP-AS1	0.022944786
MPRIPP1	0.178333026
MPST	6.129943869
MPTX1	0
MPV17	13.21886425
MPV17L	0.969568975
MPV17L2	6.446958166
MPZ	0.518420069
MPZL1	47.87121659
MPZL2	94.72738101
MPZL3	4.178483704
MR1	8.790420324
MRAP	0.018035352
MRAP2	23.71182142
MRAS	2.662114232
MRC1	2.297727384
MRC2	16.39486546
MRE11	2.98353832
MRE11P1	0
MREG	7.776765697
MREGP1	0
MRFAP1	95.44738727
MRFAP1L1	21.98165196
MRGBP	8.737813305
MRGPRD	0
MRGPRE	0
MRGPRF	2.952674725
MRGPRF-AS1	0.011359655
MRGPRG	0
MRGPRG-AS1	0
MRGPRX1	0
MRGPRX2	0
MRGPRX3	0.529851903
MRGPRX4	0.117344209
MRI1	6.096992544
MRLN	0.041270968
MRM1	2.771364374
MRM2	11.4162697
MRM3	3.820612371
MRNIP	0.902905402
MRO	0.153781975
MROH1	1.269107808
MROH2A	0.029656035
MROH2B	0.003989414
MROH3P	0.036991365
MROH4P	0.028626867
MROH5	0.00509563
MROH6	0.875639231
MROH7	0.026711689
MROH7-TTC4	0.003423919
MROH8	0.269172274
MROH9	0.057029561
MRPL1	8.520817167
MRPL10	16.49404677
MRPL11	27.73669433
MRPL12	24.46449826
MRPL13	14.83411738
MRPL14	122.2891997
MRPL15	67.07887856
MRPL15P1	0
MRPL16	12.36761329
MRPL17	59.05707569
MRPL18	40.18271084
MRPL19	13.45946811
MRPL2	12.06608351
MRPL20	23.64866715
MRPL20P1	0.056063703
MRPL21	15.04656503
MRPL22	4.07435268
MRPL22P1	0
MRPL23	13.34137094
MRPL23-AS1	0.012940076
MRPL24	87.72150278
MRPL27	19.72040275
MRPL28	16.63139998
MRPL2P1	0
MRPL3	81.76803261
MRPL30	19.6516626
MRPL30P1	0.051870904
MRPL32	18.05213149
MRPL32P1	0
MRPL33	32.63559563
MRPL34	29.9629233
MRPL35	19.35579931
MRPL35P1	0.042439831
MRPL35P2	0.047506034
MRPL35P3	0
MRPL35P4	0
MRPL36	22.98692242
MRPL37	31.60873311
MRPL37P1	0.018156756
MRPL38	1.875509159
MRPL39	18.30285841
MRPL3P1	0.235000806
MRPL4	16.92133405
MRPL40	21.12531669
MRPL40P1	0
MRPL41	25.37202398
MRPL42	2.99131813
MRPL42P2	0
MRPL42P3	0
MRPL42P4	0
MRPL42P6	0
MRPL43	12.18195374
MRPL44	18.67886695
MRPL45	29.54359834
MRPL45P1	0.106238876
MRPL45P2	1.330644457
MRPL46	2.713641843
MRPL47	51.49258747
MRPL48	7.842795581
MRPL48P1	0.038169156
MRPL49	41.76503749
MRPL49P1	0
MRPL49P2	0
MRPL50	24.33386793
MRPL50P1	0
MRPL50P2	0.050364281
MRPL50P4	0
MRPL51	88.97916866
MRPL51P2	0
MRPL52	13.84154014
MRPL53	3.088634472
MRPL53P1	0
MRPL54	56.22350929
MRPL55	25.48550094
MRPL57	24.94570172
MRPL57P1	0
MRPL57P3	0
MRPL57P6	0
MRPL57P7	0
MRPL58	38.07848703
MRPL9	44.35786757
MRPL9P1	0.039601278
MRPS10	33.01939518
MRPS10P1	0
MRPS10P2	0
MRPS11	7.422933891
MRPS11P1	0
MRPS12	30.18596309
MRPS14	17.89318239
MRPS15	25.50767729
MRPS15P1	0
MRPS16	42.64300731
MRPS16P1	0
MRPS16P2	0.059498978
MRPS16P3	0
MRPS17	3.451877743
MRPS17P1	0.023267332
MRPS17P3	0
MRPS17P5	0
MRPS17P9	0
MRPS18A	24.29448944
MRPS18AP1	0.041214912
MRPS18B	34.99901352
MRPS18BP1	0
MRPS18BP2	0
MRPS18C	2.289866974
MRPS18CP4	0
MRPS18CP6	0.108859118
MRPS2	16.44316087
MRPS21	47.21978162
MRPS21P1	0
MRPS21P2	0
MRPS21P3	0.092654898
MRPS21P5	0
MRPS21P6	0
MRPS21P7	0
MRPS21P8	0
MRPS21P9	0
MRPS22	12.00247621
MRPS23	12.3033329
MRPS24	4.050575692
MRPS25	3.693424235
MRPS26	53.97924716
MRPS27	8.683433161
MRPS28	10.58132191
MRPS30	7.401665247
MRPS30-DT	0.120774046
MRPS31	5.45171996
MRPS31P1	0
MRPS31P2	0
MRPS31P4	1.116676828
MRPS31P5	0.068946919
MRPS33	9.812650229
MRPS33P2	0
MRPS33P3	0
MRPS33P4	0
MRPS34	55.05711125
MRPS35	43.14159989
MRPS35P2	0
MRPS35P3	0
MRPS36	9.218375065
MRPS36P1	0.158147122
MRPS36P2	0.081189242
MRPS36P3	0
MRPS36P4	0
MRPS36P5	0
MRPS5	5.235201679
MRPS5P3	0
MRPS5P4	0
MRPS6	13.03845584
MRPS6P2	0
MRPS6P4	0
MRPS7	40.75143031
MRPS9	12.32160151
MRRF	3.372769193
MRRFP1	0.043478657
MRS2	16.73705221
MRTO4	17.73786414
MRVI1	1.371412818
MRVI1-AS1	0.173026252
MS4A1	1.061309365
MS4A10	0.010572989
MS4A12	0.013200426
MS4A13	0
MS4A14	0.145435346
MS4A15	0.331784736
MS4A18	0
MS4A2	0.387057356
MS4A3	0
MS4A4A	7.946672178
MS4A4E	0.109068731
MS4A5	0.027063081
MS4A6A	11.83806717
MS4A6E	0.022966493
MS4A7	4.550276063
MS4A8	0.798848073
MSANTD1	0.01607016
MSANTD2	1.486843731
MSANTD2P1	0
MSANTD3	21.02938626
MSANTD3-TMEFF1	0.082131021
MSANTD4	3.628260528
MSC	20.51878449
MSC-AS1	4.519801458
MSGN1	0
MSH2	9.1353414
MSH3	3.866359612
MSH4	0.10405945
MSH5	0.264796224
MSH5-SAPCD1	0.099682347
MSH6	9.950493767
MSI1	0.204260571
MSI2	4.762666217
MSL1	9.586180692
MSL2	7.447053301
MSL3	4.241500454
MSL3P1	0.458230939
MSLN	0.385910104
MSLNL	0
MSMB	4.736699164
MSMO1	66.93412883
MSMP	0
MSN	79.21784274
MSNP1	0.22425481
MSR1	4.869411022
MSRA	1.872287894
MSRB1	67.15456887
MSRB1P1	0.068575094
MSRB2	12.90675501
MSRB3	3.391287657
MSS51	0.340639632
MST1	0.37721697
MST1L	0.018745624
MST1P2	0.243709478
MST1R	2.287969096
MSTN	0.008602262
MSTO1	4.332453184
MSTO2P	1.392046317
MSX1	1.190877667
MSX2	1.935630204
MSX2P1	0
MT1A	0.406528906
MT1B	0
MT1CP	0
MT1DP	0.381291883
MT1E	8.837973738
MT1F	1.953355558
MT1G	2.459925766
MT1H	0.436490431
MT1HL1	0
MT1JP	0
MT1L	4.134527555
MT1M	1.340053426
MT1P1	0.530613841
MT1P3	0
MT1X	19.52452435
MT1XP1	1.044111106
MT2A	50.0461985
MT2P1	1.061227682
MT3	0.013214798
MT4	0
MTA1	6.868672771
MTA2	20.83138456
MTA3	5.506748556
MTAP	0.31886926
MTAPP1	0
MTAPP2	0.087532151
MT-ATP6	1195.599209
MTATP6P1	131.1808315
MTATP6P11	0.036232214
MTATP6P13	0
MTATP6P14	0
MTATP6P15	0
MTATP6P16	0.046151299
MTATP6P17	0
MTATP6P18	0
MTATP6P19	0
MTATP6P2	0.035804695
MTATP6P20	0
MTATP6P21	0
MTATP6P22	0
MTATP6P23	0
MTATP6P24	0
MTATP6P25	0
MTATP6P26	0
MTATP6P27	0
MTATP6P29	0
MTATP6P3	0
MTATP6P30	0
MTATP6P31	0
MTATP6P4	0
MTATP6P7	0
MTATP6P9	0
MT-ATP8	362.7264681
MTATP8P1	0.469093396
MTATP8P2	0.120176155
MTBP	0.927172167
MTCH1	67.2432102
MTCH2	46.72442251
MTCL1	1.312970746
MTCL1P1	0
MT-CO1	2032.67865
MTCO1P1	0
MTCO1P11	0
MTCO1P12	13.84479147
MTCO1P14	0
MTCO1P15	0.015907984
MTCO1P17	0
MTCO1P18	0.017107529
MTCO1P19	0.048551166
MTCO1P2	0.310782715
MTCO1P20	0
MTCO1P21	0
MTCO1P22	0.071398774
MTCO1P23	0
MTCO1P24	0
MTCO1P25	0
MTCO1P27	0
MTCO1P28	0
MTCO1P29	0
MTCO1P3	0.126435329
MTCO1P30	0.041854454
MTCO1P31	0
MTCO1P35	0
MTCO1P39	0
MTCO1P4	0
MTCO1P40	0.582613997
MTCO1P42	0
MTCO1P43	0
MTCO1P44	0
MTCO1P45	0
MTCO1P46	0
MTCO1P47	0
MTCO1P48	0
MTCO1P49	0
MTCO1P5	0
MTCO1P51	0
MTCO1P52	0
MTCO1P53	0.243103122
MTCO1P54	0
MTCO1P55	0
MTCO1P56	0
MTCO1P57	0
MTCO1P6	0
MTCO1P7	0
MTCO1P8	0
MTCO1P9	0
MT-CO2	2093.911015
MTCO2P1	0
MTCO2P11	0
MTCO2P12	1.103435601
MTCO2P15	0
MTCO2P16	0
MTCO2P17	0
MTCO2P18	0
MTCO2P19	0
MTCO2P2	0.323674443
MTCO2P20	0
MTCO2P21	0
MTCO2P22	0.07129393
MTCO2P23	0
MTCO2P24	0
MTCO2P25	0
MTCO2P27	0
MTCO2P29	0
MTCO2P3	0
MTCO2P30	0
MTCO2P31	0
MTCO2P32	0
MTCO2P33	0
MTCO2P34	0
MTCO2P4	0
MTCO2P5	0
MTCO2P6	0
MTCO2P7	0
MTCO2P8	0
MTCO2P9	0
MT-CO3	1863.863178
MTCO3P1	0
MTCO3P10	0
MTCO3P11	0.031363803
MTCO3P12	1.198246338
MTCO3P13	0
MTCO3P15	0
MTCO3P16	0
MTCO3P17	0
MTCO3P18	0
MTCO3P19	0
MTCO3P2	0
MTCO3P20	0
MTCO3P21	0
MTCO3P22	0.123855016
MTCO3P23	0
MTCO3P24	0
MTCO3P27	0
MTCO3P28	0
MTCO3P29	0
MTCO3P30	0
MTCO3P31	0
MTCO3P35	0
MTCO3P38	0
MTCO3P39	0
MTCO3P4	0
MTCO3P40	0
MTCO3P41	0
MTCO3P42	0
MTCO3P43	0
MTCO3P44	0
MTCO3P45	0
MTCO3P46	0
MTCO3P5	0
MTCO3P7	0
MTCO3P8	0
MTCO3P9	0
MTCP1	0.259805573
MT-CYB	755.4578518
MTCYBP1	0
MTCYBP10	0
MTCYBP11	0
MTCYBP12	0
MTCYBP13	0
MTCYBP14	0
MTCYBP15	0
MTCYBP16	0.021501845
MTCYBP17	0
MTCYBP18	0
MTCYBP19	0
MTCYBP2	0
MTCYBP20	0
MTCYBP21	0
MTCYBP22	0
MTCYBP23	0
MTCYBP24	0
MTCYBP27	0
MTCYBP28	0.021444861
MTCYBP29	0
MTCYBP3	0
MTCYBP31	0
MTCYBP32	0
MTCYBP33	0
MTCYBP34	0
MTCYBP35	0
MTCYBP36	0
MTCYBP37	0
MTCYBP38	0
MTCYBP39	0
MTCYBP4	0.097492302
MTCYBP40	0
MTCYBP41	0
MTCYBP42	0
MTCYBP43	0
MTCYBP44	0
MTCYBP45	0
MTCYBP5	0
MTCYBP6	0
MTCYBP7	0
MTCYBP8	0
MTCYBP9	0
MTDH	29.09575457
MTDHP1	0.185782525
MTDHP2	0
MTDHP3	0
MTDHP4	0
MTDHP5	0
MTERF1	3.400567383
MTERF2	1.566598586
MTERF3	20.59583074
MTERF4	1.878438669
MTF1	1.548990355
MTF2	3.364647598
MTFMT	6.648906825
MTFP1	5.095582326
MTFR1	9.397676631
MTFR1L	5.429350828
MTFR2	2.71490196
MTG1	1.031489983
MTG2	3.043185994
MTHFD1	7.538711563
MTHFD1L	5.443996555
MTHFD1P1	0.026348318
MTHFD2	37.37542566
MTHFD2L	0.959255147
MTHFD2P1	0
MTHFD2P2	0
MTHFD2P3	0
MTHFD2P4	0
MTHFD2P5	0
MTHFD2P6	0
MTHFD2P7	0.024695405
MTHFR	1.188348503
MTHFS	3.523155678
MTHFSD	1.499759185
MTIF2	8.677046046
MTIF3	14.20492642
MTM1	3.814216387
MTMR1	16.8850253
MTMR10	1.101308074
MTMR11	1.554567952
MTMR12	9.640186519
MTMR14	3.927644195
MTMR2	10.71553363
MTMR3	0.397116478
MTMR4	4.247821117
MTMR6	8.065256927
MTMR7	0.10235664
MTMR8	0.087259465
MTMR9	1.042272882
MTMR9LP	0.491906448
MT-ND1	545.4388363
MTND1P1	0
MTND1P10	0
MTND1P11	0
MTND1P12	0
MTND1P14	0.025553245
MTND1P15	0
MTND1P16	0
MTND1P17	0
MTND1P18	0
MTND1P19	0
MTND1P2	0
MTND1P20	0
MTND1P21	0
MTND1P22	0
MTND1P23	0.195770832
MTND1P24	0
MTND1P26	0
MTND1P27	0
MTND1P28	0
MTND1P29	0
MTND1P3	0
MTND1P30	0
MTND1P31	0
MTND1P32	0.025880153
MTND1P33	0
MTND1P34	0
MTND1P35	0
MTND1P36	0
MTND1P4	0
MTND1P5	0
MTND1P6	0
MTND1P8	0
MTND1P9	0
MT-ND2	608.6368633
MTND2P11	0
MTND2P12	0
MTND2P13	0.023364373
MTND2P14	0
MTND2P15	0
MTND2P16	0
MTND2P17	0
MTND2P18	0
MTND2P19	0
MTND2P2	0
MTND2P20	0
MTND2P21	0
MTND2P22	0
MTND2P23	0
MTND2P24	0
MTND2P25	0
MTND2P26	0
MTND2P28	26.92636529
MTND2P29	0
MTND2P3	0
MTND2P30	0
MTND2P31	0.039408414
MTND2P32	0
MTND2P33	0
MTND2P38	0
MTND2P39	0
MTND2P4	0
MTND2P40	0
MTND2P5	0
MTND2P6	0
MTND2P7	0
MTND2P8	0
MTND2P9	0
MT-ND3	878.6217591
MTND3P1	0
MTND3P10	0
MTND3P12	0
MTND3P13	0
MTND3P16	0
MTND3P17	0
MTND3P19	0
MTND3P2	0
MTND3P20	0
MTND3P21	0
MTND3P22	0
MTND3P23	0
MTND3P24	0
MTND3P25	0
MTND3P3	0
MTND3P4	0
MTND3P5	0
MTND3P6	0.07160939
MTND3P7	0
MTND3P8	0
MTND3P9	0
MT-ND4	1624.297242
MT-ND4L	402.3044465
MTND4LP1	0
MTND4LP10	0
MTND4LP11	0
MTND4LP12	0
MTND4LP13	0
MTND4LP14	0
MTND4LP16	0
MTND4LP17	0
MTND4LP18	0
MTND4LP19	0
MTND4LP2	0
MTND4LP20	0
MTND4LP21	0
MTND4LP22	0
MTND4LP24	0
MTND4LP25	0
MTND4LP26	0
MTND4LP3	0
MTND4LP30	0
MTND4LP31	0
MTND4LP5	0
MTND4LP7	0
MTND4LP9	0
MTND4P1	0
MTND4P10	0
MTND4P11	0
MTND4P12	0.475991828
MTND4P13	0
MTND4P14	0
MTND4P15	0
MTND4P16	0
MTND4P17	0
MTND4P18	0
MTND4P19	0.050785739
MTND4P2	0
MTND4P20	0.083805236
MTND4P21	0
MTND4P22	0
MTND4P23	0.035620812
MTND4P24	0
MTND4P25	0
MTND4P26	0.017862828
MTND4P27	0
MTND4P28	0
MTND4P29	0
MTND4P3	0
MTND4P30	0
MTND4P31	0
MTND4P32	0
MTND4P33	0
MTND4P34	0
MTND4P35	0
MTND4P4	0
MTND4P5	0
MTND4P6	0
MTND4P7	0
MTND4P8	0
MTND4P9	0.144282813
MT-ND5	249.5481725
MTND5P1	0.01765497
MTND5P10	0
MTND5P11	0.053588484
MTND5P12	0.016753336
MTND5P13	0
MTND5P14	0
MTND5P15	0
MTND5P16	0
MTND5P17	0
MTND5P18	0
MTND5P19	0
MTND5P2	0.042514156
MTND5P20	0
MTND5P21	0
MTND5P22	0
MTND5P23	0
MTND5P24	0
MTND5P25	0
MTND5P26	0
MTND5P27	0
MTND5P28	0
MTND5P29	0
MTND5P3	0
MTND5P30	0
MTND5P31	0
MTND5P32	0
MTND5P33	0
MTND5P34	0
MTND5P35	0
MTND5P4	0
MTND5P40	0
MTND5P41	0
MTND5P5	0
MTND5P6	0
MTND5P7	0
MTND5P8	0
MTND5P9	0
MT-ND6	277.1578015
MTND6P1	0
MTND6P10	0
MTND6P11	0
MTND6P12	0
MTND6P13	0
MTND6P14	0
MTND6P15	0
MTND6P16	0
MTND6P17	0
MTND6P18	0
MTND6P19	0
MTND6P2	0
MTND6P20	0
MTND6P21	0
MTND6P22	0
MTND6P24	0
MTND6P25	0
MTND6P3	0.044788899
MTND6P32	0
MTND6P33	0
MTND6P4	0.139514846
MTND6P5	0
MTND6P6	0
MTND6P7	0
MTND6P8	0
MTND6P9	0
MTNR1A	0
MTNR1B	0
MTO1	1.361491992
MTOR	3.305116949
MTOR-AS1	0
MTPAP	3.122056634
MTPN	108.7031679
MTR	2.505673879
MTREX	7.152034095
MTRF1	1.662191717
MTRF1L	1.448694997
MTRF1LP1	0
MTRF1LP2	0.043271984
MT-RNR1	430.1154959
MT-RNR2	1392.708428
MTRNR2L1	0.125051298
MTRNR2L10	0.079331971
MTRNR2L11	0
MTRNR2L12	0.347124641
MTRNR2L13	0.016799712
MTRNR2L2	0.279029692
MTRNR2L3	0.015773608
MTRNR2L4	0.027554578
MTRNR2L5	0
MTRNR2L6	0.016776492
MTRNR2L7	0
MTRNR2L8	0.18630532
MTRNR2L9	0.046063725
MTRR	3.844194388
MTSS1	21.28472581
MTSS1L	2.296929558
MT-TA	0
MT-TC	5.149366137
MT-TD	0
MT-TE	0
MT-TF	0
MT-TG	0
MT-TH	0
MT-TI	0
MT-TK	0
MT-TL1	0.971023329
MT-TL2	0
MT-TM	0.713987742
MT-TN	0
MTTP	0.107931456
MT-TP	531.5638737
MT-TQ	0
MT-TR	0
MT-TS1	0
MT-TS2	0
MT-TT	1.103435601
MT-TV	0
MT-TW	0
MT-TY	7.356237339
MTURN	1.111206274
MTUS1	6.071927726
MTUS2	0.008623653
MTUS2-AS1	0.018913583
MTUS2-AS2	0
MTX1	9.553234396
MTX1P1	4.374239935
MTX2	27.21636441
MTX3	1.303325274
MUC1	11.59484609
MUC12	0.00991997
MUC13	0.624407685
MUC15	0.166370207
MUC16	0.039877755
MUC17	0
MUC19	0.00082318
MUC2	0.005749329
MUC20	5.89035686
MUC20-OT1	0.670375217
MUC20P1	1.791769238
MUC21	0.006400101
MUC22	0.004033159
MUC3A	0.049089011
MUC4	0.670495593
MUC5AC	0.044521932
MUC5B	0.764893632
MUC6	0.020162445
MUC7	0
MUCL1	4.039457047
MUL1	14.50759834
MUM1	1.357629023
MUM1L1	0.257121075
MUPP	0
MUS81	4.840930766
MUSK	0.005804778
MUSTN1	0
MUT	12.65904646
MUTYH	1.428340788
MVB12A	6.354896076
MVB12B	1.10231593
MVD	6.813837647
MVK	4.267822293
MVP	29.27221849
MX1	6.429535852
MX2	2.569524061
MXD1	11.54342014
MXD3	1.050340523
MXD4	6.280421501
MXI1	4.721276875
MXRA5	22.8353592
MXRA5Y	0.379305988
MXRA7	17.81136018
MXRA8	7.968986319
MYADM	11.73815276
MYADML	0.009602683
MYADML2	0.019752305
MYB	0.141419746
MYB-AS1	0
MYBBP1A	6.285117951
MYBL1	0.415827092
MYBL2	29.03104496
MYBPC1	0.006574295
MYBPC2	0.137483076
MYBPC3	0.01134373
MYBPH	0
MYBPHL	0
MYC	48.57543393
MYCBP	9.937092966
MYCBP2	2.95508981
MYCBP2-AS1	0.014355756
MYCBP2-AS2	0
MYCBPAP	0.18630532
MYCL	2.943947876
MYCLP1	0
MYCLP2	0.025104016
MYCN	0.130614206
MYCNOS	0
MYCNUT	0
MYCT1	1.05755016
MYD88	18.11083872
MYDGF	68.16838386
MYEF2	0.921529924
MYEOV	0.284075974
MYF5	0
MYF6	0.033140728
MYH1	0.004029811
MYH10	6.756537866
MYH11	33.37159507
MYH13	0.003823529
MYH14	9.004390989
MYH15	0.075723161
MYH16	0.019126681
MYH2	0
MYH3	0.043582735
MYH4	0
MYH6	0
MYH7	0.019940515
MYH7B	0.064277802
MYH8	0
MYH9	86.02265213
MYHAS	0.021350557
MYL1	0
MYL10	0.024059052
MYL12A	82.03576135
MYL12AP1	0.047137055
MYL12B	295.8285155
MYL12BP1	0.191523339
MYL12BP2	0.521545733
MYL2	0
MYL3	0.232046016
MYL4	0.029676752
MYL5	2.548795265
MYL6	250.9881465
MYL6B	5.050274754
MYL6BP1	0
MYL6P1	0.053588484
MYL6P2	0
MYL6P3	0.224773919
MYL6P4	0.053588484
MYL6P5	0.370215866
MYL7	0
MYL8P	0
MYL9	39.61885329
MYLIP	15.20725622
MYLK	10.56902845
MYLK2	0.073414062
MYLK3	0.010197683
MYLK4	0.175607044
MYLK-AS1	0.495420066
MYLK-AS2	0
MYLKP1	0
MYLPF	0.108469988
MYMK	0
MYMX	0.028796659
MYNN	9.998320488
MYO10	4.238621491
MYO15A	0.046969439
MYO15B	0.359238427
MYO16	0.06590179
MYO16-AS1	0
MYO16-AS2	0
MYO18A	1.86717888
MYO18B	0.030013085
MYO19	4.008488273
MYO1A	0.049229439
MYO1B	9.015116346
MYO1C	15.30028785
MYO1D	5.772418237
MYO1E	5.21714434
MYO1F	1.487766738
MYO1G	1.158652013
MYO1H	0.035460994
MYO3A	0.115626251
MYO3B	0.651396781
MYO5A	6.652048096
MYO5B	2.934919863
MYO5BP1	0
MYO5BP2	0
MYO5BP3	0
MYO5C	1.474176781
MYO6	4.504177649
MYO7A	0.815965882
MYO7B	0.019310123
MYO9A	0.868997079
MYO9B	5.290456817
MYOC	0.011587391
MYOCD	0.013676385
MYOD1	0.026957894
MYOF	8.013549659
MYOG	0
MYOM1	0.014770662
MYOM2	0.054999905
MYOM3	0.073451084
MYORG	2.018538648
MYOSLID	1.391208673
MYOT	0.016782291
MYOZ1	0.44108782
MYOZ2	0
MYOZ3	0.028147935
MYPN	0.003438468
MYPOP	4.662453285
MYRF	0.375044123
MYRFL	0.006888644
MYRIP	0.037207127
MYSM1	1.656758309
MYT1	0.027123557
MYT1L	0
MYT1L-AS1	0
MYZAP	0.047394735
MZB1	18.02779783
MZF1	1.295229892
MZF1-AS1	0.727940332
MZT1	20.11526143
MZT1P1	0
MZT1P2	0
MZT2A	9.264222083
MZT2B	45.15392228
N4BP1	5.379090196
N4BP2	1.177371957
N4BP2L1	1.132200459
N4BP2L2	1.890804565
N4BP2L2-IT2	0.208501942
N4BP3	0.335386347
N6AMT1	2.020886167
NAA10	11.22656137
NAA11	0
NAA15	6.483820312
NAA16	1.957107698
NAA20	124.453232
NAA25	2.449609602
NAA30	5.960253609
NAA35	7.214001934
NAA38	18.60336768
NAA40	4.525724216
NAA50	29.87299861
NAA60	3.060815689
NAAA	3.4352754
NAALAD2	0.03011859
NAALADL1	0.630300751
NAALADL2	0.78901447
NAALADL2-AS1	0
NAALADL2-AS2	0.374190107
NAALADL2-AS3	0
NAB1	10.01920429
NAB2	11.42807356
NABP1	1.501618721
NABP2	15.71674369
NACA	50.47225576
NACA2	0.374912482
NACA3P	1.72326671
NACAD	0.113552657
NACAP1	0.281003536
NACAP2	0
NACAP3	0
NACAP5	0.038169156
NACAP6	0
NACAP7	0
NACC1	16.65758616
NACC2	1.501235457
NADK	7.749010226
NADK2	6.798157184
NADK2-AS1	0.101148263
NADSYN1	4.940796929
NAE1	10.69942545
NAF1	1.777247357
NAGA	15.9173414
NAGK	9.539370738
NAGLU	16.45309169
NAGPA	1.363398912
NAGPA-AS1	0
NAGS	1.169907625
NAIF1	1.555353578
NAIP	0.061243982
NALCN	0.100345948
NALCN-AS1	0.02558916
NALT1	0.156184818
NAMA	0.004785252
NAMPT	141.2807288
NAMPTP1	35.45741511
NAMPTP2	0
NAMPTP3	0.216746279
NANOG	0
NANOGNB	0.0267647
NANOGNBP1	0.101148263
NANOGNBP2	0
NANOGNBP3	0
NANOGP1	0
NANOGP10	0
NANOGP11	0
NANOGP2	0
NANOGP3	0
NANOGP4	0
NANOGP5	0
NANOGP6	0
NANOGP7	0
NANOGP8	0.02644399
NANOGP9	0
NANOS1	1.069648551
NANOS2	0
NANOS3	0.171992999
NANP	6.509824662
NANS	9.943026365
NAP1L1	14.64507959
NAP1L1P1	0.365389776
NAP1L1P2	0.044583257
NAP1L1P3	0.08275767
NAP1L2	2.275240937
NAP1L3	0.505932958
NAP1L4	42.71102132
NAP1L4P1	0.188833404
NAP1L4P2	0.054005747
NAP1L4P3	0.063493243
NAP1L5	0.418364209
NAP1L6	0
NAPA	11.40815214
NAPA-AS1	0.935648139
NAPB	4.378324524
NAPEPLD	2.215335593
NAPG	5.540882313
NAPGP1	0
NAPGP2	0
NAPRT	13.3559071
NAPSA	4.338557179
NAPSB	4.474820301
NARF	4.762429162
NARF-AS1	0.115873906
NARF-IT1	0.126270914
NARFL	2.535136823
NARS	31.75595369
NARS2	5.951482977
NARSP2	0
NASP	5.174347579
NAT1	2.888855705
NAT10	17.46341555
NAT14	5.084068053
NAT16	0.00627114
NAT2	0.036725542
NAT6	2.096931091
NAT8	0
NAT8B	0.22212952
NAT8L	0.434157084
NAT9	5.713665302
NATD1	1.348917015
NATP	0
NAV1	9.95111869
NAV2	1.172443028
NAV2-AS1	0
NAV2-AS2	0
NAV2-AS3	0
NAV2-AS4	0
NAV2-AS5	0
NAV2-IT1	0
NAV3	0.248132026
NAXD	10.30028259
NAXE	183.8690191
NBAS	4.867053676
NBAT1	0.012513187
NBDY	25.22818949
NBEA	0.207223156
NBEAL1	0.34243159
NBEAL2	4.113918981
NBEAP1	0.092127451
NBEAP3	0
NBL1	10.95729066
NBN	7.117840758
NBPF1	0.753393878
NBPF10	0.071237603
NBPF11	0.869463465
NBPF12	0.894644706
NBPF13P	0.050999124
NBPF14	0.987773401
NBPF15	1.820897497
NBPF17P	0.011456151
NBPF19	0.245534246
NBPF20	0.057509937
NBPF21P	0
NBPF22P	0
NBPF25P	0.19664047
NBPF26	0.138745934
NBPF2P	1.762826013
NBPF3	1.68560641
NBPF4	0
NBPF5P	0
NBPF6	0
NBPF7	0
NBPF8	0.364361474
NBPF9	0.735298453
NBR1	10.76732591
NBR2	1.45931464
NCALD	1.464021122
NCAM1	0.080048245
NCAM1-AS1	0
NCAM2	0.330240631
NCAN	0
NCAPD2	15.08102364
NCAPD2P1	0.013478947
NCAPD3	3.683687908
NCAPG	4.444686137
NCAPG2	2.76869488
NCAPGP1	0
NCAPGP2	0
NCAPH	9.597668045
NCAPH2	18.66584097
NCBP1	9.893131517
NCBP2	25.18698564
NCBP2-AS1	0.302364916
NCBP2-AS2	25.73000269
NCBP2L	0
NCBP3	1.728550837
NCCRP1	1.325461571
NCDN	6.472501444
NCEH1	6.664677589
NCF1	0.673153087
NCF1B	0.370132447
NCF1C	1.071732125
NCF2	5.853333932
NCF4	5.313302751
NCF4-AS1	0
NCK1	29.23230949
NCK1-AS1	6.948015071
NCK2	16.25408615
NCKAP1	7.455148026
NCKAP1L	2.579681644
NCKAP5	0.589607968
NCKAP5-IT1	0
NCKAP5L	1.914440308
NCKIPSD	5.540012142
NCL	51.90749617
NCLN	18.44944325
NCLP1	0
NCLP2	0
NCMAP	0.176678189
NCOA1	6.953957755
NCOA2	3.213016051
NCOA3	7.431183056
NCOA4	74.87401629
NCOA4P2	0
NCOA4P3	0.012933182
NCOA4P4	0.013044376
NCOA5	8.798014166
NCOA6	4.507917574
NCOA7	7.609841696
NCOA7-AS1	0
NCOR1	3.645119708
NCOR1P1	0
NCOR1P2	0
NCOR1P3	0
NCOR2	4.333995
NCR1	0.218005766
NCR2	0
NCR3	0.640939491
NCR3LG1	0.188533576
NCS1	5.090115672
NCSTN	85.20584347
NCSTNP1	0
NDC1	6.093715047
NDC80	4.396577849
NDE1	4.381623492
NDE1P2	0
NDEL1	7.677858878
NDFIP1	29.29672809
NDFIP1P1	0
NDFIP2	16.79844229
NDFIP2-AS1	0
NDN	3.645737511
NDNF	0.457385848
NDOR1	2.597002063
NDP	0.052974541
NDP-AS1	0
NDRG1	195.1561164
NDRG2	5.70074292
NDRG3	7.257263333
NDRG4	2.380501889
NDST1	7.51781363
NDST1-AS1	2.308819056
NDST2	0.485094379
NDST3	0.020780924
NDST4	0
NDUFA1	202.2225803
NDUFA10	6.573308601
NDUFA11	14.55330996
NDUFA12	22.09546197
NDUFA12P1	0
NDUFA13	14.67471556
NDUFA2	41.76444425
NDUFA3	16.10525561
NDUFA3P1	0
NDUFA3P2	0.104636135
NDUFA3P3	0
NDUFA3P4	0
NDUFA3P6	0
NDUFA4	49.46593813
NDUFA4L2	75.37023556
NDUFA4P2	0.099490095
NDUFA5	5.519978318
NDUFA5P1	0
NDUFA5P10	0
NDUFA5P11	0.14154859
NDUFA5P12	0
NDUFA5P2	0
NDUFA5P3	0
NDUFA5P4	0
NDUFA5P5	0
NDUFA5P6	0
NDUFA5P7	0
NDUFA5P8	0
NDUFA5P9	0
NDUFA6	64.16914406
NDUFA6-AS1	0.265791057
NDUFA7	2.370863754
NDUFA8	88.53109614
NDUFA8P1	0.066146003
NDUFA9	5.506452665
NDUFA9P1	0.042776358
NDUFAB1	69.5040292
NDUFAB1P1	0.052773007
NDUFAF1	6.970754064
NDUFAF2	12.07811712
NDUFAF3	19.08934523
NDUFAF4	6.154911651
NDUFAF4P1	0
NDUFAF4P2	0
NDUFAF4P3	0.046239206
NDUFAF4P4	0
NDUFAF5	3.044118444
NDUFAF6	2.338125952
NDUFAF7	6.303273868
NDUFAF8	13.60208914
NDUFB1	29.95025557
NDUFB10	53.24747085
NDUFB10P1	0
NDUFB10P2	0
NDUFB11	45.55523762
NDUFB11P1	0
NDUFB1P1	0.134864351
NDUFB1P2	0
NDUFB2	18.34179438
NDUFB2-AS1	0.368258241
NDUFB2P1	0
NDUFB3	34.15748427
NDUFB4	62.21180432
NDUFB4P1	0
NDUFB4P10	0
NDUFB4P11	0.010623888
NDUFB4P12	0.062245085
NDUFB4P2	0
NDUFB4P3	0
NDUFB4P4	0
NDUFB4P5	0
NDUFB4P6	0
NDUFB4P7	0
NDUFB4P8	0
NDUFB4P9	0
NDUFB5	39.35944075
NDUFB5P1	0
NDUFB5P2	0
NDUFB6	31.07904278
NDUFB7	155.2082957
NDUFB8	8.962171293
NDUFB8P1	0
NDUFB8P2	0.135365706
NDUFB9	81.05403936
NDUFB9P1	0
NDUFB9P2	0.047880835
NDUFB9P3	0
NDUFC1	22.73725414
NDUFC2	14.49944337
NDUFC2-KCTD14	0
NDUFS1	6.112428803
NDUFS2	30.89197372
NDUFS3	28.08559301
NDUFS4	46.0327811
NDUFS5	209.354756
NDUFS5P1	0
NDUFS5P2	0.158663943
NDUFS5P3	0
NDUFS5P4	0
NDUFS5P5	0
NDUFS5P6	0
NDUFS6	41.15639884
NDUFS6P1	0
NDUFS7	4.572819937
NDUFS8	13.91699918
NDUFV1	20.20238112
NDUFV2	3.044521687
NDUFV2-AS1	0.52551891
NDUFV2P1	1.284705617
NDUFV3	6.209499064
NEAT1	9.128267577
NEB	0.142951712
NEBL	3.932736933
NEBL-AS1	1.390231638
NECAB1	0.121226383
NECAB2	0.500924733
NECAB3	6.51337044
NECAP1	11.46298298
NECAP1P1	0
NECAP1P2	0
NECAP2	13.10505941
NECTIN1	81.6341746
NECTIN2	14.60292623
NECTIN3	1.409271406
NECTIN3-AS1	0.072899649
NECTIN4	46.94296104
NEDD1	5.754776394
NEDD4	3.178214753
NEDD4L	9.653007967
NEDD8	32.36744429
NEDD8-MDP1	0
NEDD9	6.449117194
NEFH	0.032085095
NEFHP1	0
NEFL	1.172002054
NEFLP1	0
NEFM	0.088657688
NEFMP1	0
NEGR1	0.099512341
NEGR1-IT1	0
NEIL1	1.102163262
NEIL2	5.133417063
NEIL3	1.895119879
NEK1	1.349165231
NEK10	0.098804816
NEK11	0.784253202
NEK2	9.788668128
NEK2P2	0
NEK2P4	0.036532104
NEK3	1.659286119
NEK4	1.868813479
NEK4P1	0.027617273
NEK4P2	0
NEK4P3	0
NEK5	0.073266348
NEK6	7.262349177
NEK7	9.564181465
NEK8	0.845800863
NEK9	8.022847332
NELFA	4.257941387
NELFB	17.10447876
NELFCD	11.25511321
NELFE	33.18585613
NELL1	2.455450779
NELL2	5.131731322
NEMF	2.660373166
NEMP1	6.506945046
NEMP2	1.038627161
NENF	128.5464191
NENFP1	0
NENFP2	0
NENFP3	0
NEO1	9.552323863
NEPNP	0
NEPRO	10.26871375
NES	2.153267817
NET1	56.16817578
NETO1	0.118976356
NETO2	5.584584777
NEU1	36.27241333
NEU2	0
NEU3	1.105188013
NEU4	0.031062806
NEURL1	0.058719411
NEURL1-AS1	0
NEURL1B	3.223392354
NEURL2	0.223910068
NEURL3	0.524982577
NEURL4	1.40853465
NEUROD1	0
NEUROD2	0.023334428
NEUROD4	0
NEUROD6	0
NEUROG1	0.014553707
NEUROG2	0
NEUROG3	0
NEXMIF	0.010323885
NEXN	1.444714601
NEXN-AS1	0.042365765
NF1	3.327715324
NF1P1	0
NF1P10	0
NF1P11	0
NF1P12	0
NF1P2	0
NF1P3	0
NF1P4	0
NF1P5	0
NF1P6	0
NF1P7	0
NF1P8	0
NF1P9	0
NF2	4.929602394
NFAM1	0.8930677
NFASC	0.462207287
NFAT5	0.99908656
NFATC1	1.560726182
NFATC2	0.963874835
NFATC2IP	8.01288857
NFATC3	1.88007583
NFATC4	1.383970076
NFE2	0.186810887
NFE2L1	76.29826224
NFE2L2	68.00736225
NFE2L3	9.0097893
NFE2L3P1	0
NFE4	0.045290267
NFIA	2.143539357
NFIA-AS1	0.028830859
NFIA-AS2	0.06585888
NFIB	2.214217644
NFIC	6.261734368
NFIL3	35.25489975
NFIX	5.986076852
NFKB1	7.127097071
NFKB2	5.46796143
NFKBIA	230.9402828
NFKBIB	7.050782561
NFKBID	1.131038743
NFKBIE	7.684289612
NFKBIL1	7.177603582
NFKBIZ	8.995374534
NFRKB	3.877962149
NFS1	2.546840736
NFU1	29.11523067
NFU1P1	0
NFU1P2	0
NFX1	4.069140716
NFXL1	2.122218693
NFYA	9.758644316
NFYAP1	0
NFYB	5.495803949
NFYC	7.229067053
NFYC-AS1	0.244626505
NGB	0.012885129
NGDN	8.178795549
NGEF	2.075723234
NGF	0.811504692
NGFR	0.573254736
NGLY1	2.6590598
NGRN	9.471705331
NHEJ1	0.234244933
NHLH1	0.104187052
NHLH2	0.012876586
NHLRC1	3.698552662
NHLRC2	2.130575556
NHLRC3	3.905153112
NHLRC4	0.253711559
NHP2	31.70294709
NHP2P1	0.105089105
NHP2P2	0.158319021
NHS	0.34856758
NHS-AS1	0
NHSL1	3.418744187
NHSL2	0.09153689
NICN1	1.458689876
NID1	11.72795485
NID2	2.115378575
NIF3L1	15.64154707
NIFK	24.33510651
NIFK-AS1	1.054996812
NIFKP1	0
NIFKP2	0.028359326
NIFKP3	0.028064258
NIFKP4	0
NIFKP6	0
NIFKP7	0
NIFKP8	0.083325801
NIFKP9	0
NIM1K	0.120740674
NIN	3.958110514
NINJ1	45.01250514
NINJ2	4.670204975
NINL	1.640460517
NIP7	12.33057266
NIP7P1	0
NIP7P2	0
NIP7P3	0
NIPA1	4.601199624
NIPA2	11.64258356
NIPA2P1	0.024872524
NIPA2P2	0
NIPA2P4	0
NIPA2P5	0
NIPAL1	1.460673568
NIPAL2	9.139655193
NIPAL3	3.874696981
NIPAL4	1.494148302
NIPBL	3.737536917
NIPSNAP1	49.68302441
NIPSNAP2	21.95155375
NIPSNAP3A	13.68260145
NIPSNAP3B	0.32322861
NISCH	4.427955415
NIT1	15.84025006
NIT2	10.79351547
NKAIN1	1.02401188
NKAIN1P1	0
NKAIN2	5.974346308
NKAIN3	0
NKAIN4	0.409445744
NKAP	3.053667866
NKAPD1	5.508933394
NKAPL	0.029622432
NKAPP1	0.414387671
NKD1	0.098028154
NKD2	1.329477348
NKG7	24.69099427
NKILA	0.252286662
NKIRAS1	5.046637225
NKIRAS2	11.31348596
NKPD1	0.13248639
NKRF	4.771449549
NKTR	1.191679932
NKX1-1	0
NKX1-2	1.03914506
NKX2-1	0.253110346
NKX2-1-AS1	0.041029155
NKX2-2	0.104436065
NKX2-2-AS1	0
NKX2-3	0
NKX2-4	0
NKX2-5	3.64017819
NKX2-6	0
NKX2-8	1.713344097
NKX3-1	1.142904254
NKX3-2	0.156001606
NKX6-1	0.133728099
NKX6-2	0
NKX6-3	0
NLE1	3.421599685
NLGN1	0.102862641
NLGN1-AS1	0
NLGN2	3.227996471
NLGN3	0.127255928
NLGN4X	0.234893427
NLGN4Y	0.286952422
NLGN4Y-AS1	0
NLK	4.052049146
NLN	3.554417236
NLRC3	0.664437889
NLRC4	0.422009311
NLRC5	3.414182623
NLRP1	0.767614866
NLRP10	0.028773903
NLRP11	0.005629773
NLRP12	0.019084578
NLRP13	0
NLRP14	0
NLRP2	0.034607991
NLRP2B	0
NLRP3	0.418456553
NLRP3P1	0.421592762
NLRP4	0.024878896
NLRP5	0
NLRP6	0.105973859
NLRP7	0.024808976
NLRP8	0
NLRP9	0.013490182
NLRP9P1	0
NLRX1	6.648406908
NMB	72.7554906
NMBR	0
NMBR-AS1	0
NMD3	29.46075606
NMD3P1	0
NMD3P2	0
NME1	34.15386737
NME1-NME2	0.899820168
NME1P1	0
NME2	48.09922739
NME2P1	1.876373582
NME3	16.22852138
NME4	28.37002082
NME5	0.243567725
NME6	2.815679394
NME7	1.747571182
NME8	0.099530887
NME9	0.12339114
NMI	14.35607766
NMNAT1	1.737731554
NMNAT1P1	0
NMNAT1P2	0
NMNAT1P3	0
NMNAT1P4	0
NMNAT1P5	0
NMNAT2	0.138911223
NMNAT3	4.276892088
NMRAL1	10.84551614
NMRAL2P	44.18193095
NMRK1	9.264291137
NMRK2	0
NMS	0
NMT1	18.37504035
NMT2	5.294143149
NMTRQ-TTG12-1	0
NMTRS-TGA3-1	0
NMU	0.473062647
NMUR1	0.117771174
NMUR2	0.062112366
NNAT	0.262034052
NNMT	36.25120495
NNT	8.70328975
NNT-AS1	1.804066899
NOA1	6.795741598
NOB1	24.30995167
NOBOX	0
NOC2L	9.830318317
NOC2LP1	0.088986742
NOC2LP2	0.01248744
NOC3L	2.653782395
NOC4L	4.307151286
NOCT	7.416462125
NOD1	1.171065525
NOD2	1.419278921
NODAL	0.071693985
NOG	0.012830647
NOL10	13.22333678
NOL11	21.62293621
NOL12	1.366304767
NOL3	9.395429601
NOL4	0.008537219
NOL4L	1.659825017
NOL4L-DT	0
NOL6	6.518976462
NOL7	22.76568099
NOL8	3.763679672
NOL8P1	0
NOL9	1.953896524
NOLC1	12.29066052
NOM1	2.075955113
NOMO1	9.891288505
NOMO2	1.781137484
NOMO3	0.513442961
NONO	40.6473815
NONOP2	0.749368125
NOP10	157.3092848
NOP14	11.29384115
NOP14-AS1	2.385383924
NOP16	8.380250251
NOP2	9.49891607
NOP53	21.14398299
NOP53-AS1	0.044954784
NOP56	23.21425724
NOP56P1	1.761937492
NOP56P2	0
NOP56P3	0.44137424
NOP58	16.26221246
NOP9	4.538845992
NORAD	24.02550697
NOS1	0.059240346
NOS1AP	0.13745022
NOS2	2.028778387
NOS2P2	0
NOS2P3	0
NOS2P4	0
NOS3	0.591291713
NOSIP	9.920530242
NOSTRIN	0.319172112
NOTCH1	3.459516313
NOTCH2	2.610448636
NOTCH2NL	0.041445199
NOTCH2P1	0
NOTCH3	29.7695038
NOTCH4	0.702268616
NOTO	0
NOTUM	0.321637406
NOV	0.662969538
NOVA1	0.202981186
NOVA1-AS1	0
NOVA2	0.117408394
NOX1	0.316763245
NOX3	0
NOX4	1.079180291
NOX5	0.003880678
NOXA1	3.703545473
NOXO1	0
NOXRED1	0.097414058
NPAP1	0
NPAP1P2	0
NPAP1P3	0
NPAP1P4	0
NPAP1P6	0
NPAP1P7	0
NPAS1	0.470092626
NPAS2	1.337090806
NPAS3	0.04728498
NPAS4	0
NPAT	2.41015878
NPB	0
NPBWR1	0.13551684
NPBWR2	0
NPC1	13.08939832
NPC1L1	0.073954557
NPC2	107.1693263
NPDC1	10.86503085
NPEPL1	0.870502526
NPEPPS	8.964719458
NPFF	0
NPFFR1	0.048981112
NPFFR2	0
NPHP1	0.212563553
NPHP3	0.84580426
NPHP3-ACAD11	0
NPHP3-AS1	0.013964861
NPHP4	0.448011447
NPHS1	0.004446892
NPHS2	0
NPIPA1	0.181901509
NPIPA2	0
NPIPA3	0.022189747
NPIPA5	0.031941557
NPIPA7	0
NPIPA8	0
NPIPB10P	0
NPIPB11	0.088314991
NPIPB12	0.011210152
NPIPB13	0.009333173
NPIPB14P	0.098338589
NPIPB15	0.456415196
NPIPB1P	0.021425934
NPIPB2	0.116065679
NPIPB3	0.123513673
NPIPB4	0.118676465
NPIPB5	0.070364009
NPIPB6	0.022740593
NPIPB7	0.0162596
NPIPB8	0.010383055
NPIPB9	0
NPIPP1	1.030487527
NPL	55.30929362
NPLOC4	12.30006833
NPM1	133.7630295
NPM1P10	0
NPM1P11	0.05678499
NPM1P12	0.116429656
NPM1P13	0
NPM1P14	0.084095554
NPM1P17	0
NPM1P18	0
NPM1P19	0.06818984
NPM1P2	0
NPM1P21	0.031857721
NPM1P22	0.050999124
NPM1P23	0
NPM1P24	0.162923377
NPM1P25	0.369534639
NPM1P26	0.098681233
NPM1P27	3.480475184
NPM1P28	0.028899504
NPM1P29	0.060462225
NPM1P30	0
NPM1P31	0.031774324
NPM1P32	0.120574089
NPM1P33	0.027838972
NPM1P34	0.027184304
NPM1P35	0.111869047
NPM1P36	0.029072555
NPM1P37	0.083325801
NPM1P38	0
NPM1P39	0.447992309
NPM1P4	0
NPM1P40	0
NPM1P41	0
NPM1P42	0.056323859
NPM1P43	0
NPM1P45	0
NPM1P46	0.084192774
NPM1P47	0.028359326
NPM1P48	0
NPM1P49	0
NPM1P5	0.086905429
NPM1P50	0
NPM1P51	0
NPM1P52	0
NPM1P6	0.641031474
NPM1P8	0.029003086
NPM1P9	0.172575236
NPM2	1.670932049
NPM3	33.8236305
NPNT	1.420738727
NPPA	0.021674628
NPPA-AS1	0.034023242
NPPB	0.069958453
NPPC	0.203996498
NPR1	0.242610266
NPR2	3.919266217
NPR3	2.079147356
NPRL2	7.308422796
NPRL3	3.926554465
NPS	0
NPSR1	0.163410807
NPSR1-AS1	0.071740395
NPTN	61.63421265
NPTN-IT1	0.106331946
NPTX1	0.188323188
NPTX2	1.45685695
NPTXR	6.211594599
NPVF	0
NPW	0.122090108
NPY	0
NPY1R	0.063883114
NPY2R	0
NPY4R	0
NPY4R2	0
NPY5R	0
NPY6R	0.016248717
NQO1	227.9845799
NQO2	4.784545645
NR0B1	12.95873167
NR0B2	0
NR1D1	5.000489905
NR1D2	6.460975671
NR1H2	22.25100087
NR1H3	5.756949473
NR1H4	0.007016065
NR1H5P	0
NR1I2	0.036090813
NR1I3	0.168937493
NR2C1	1.167488609
NR2C2	2.154224414
NR2C2AP	15.53420821
NR2E1	0.026011876
NR2E3	0.007483225
NR2F1	0.918785463
NR2F1-AS1	0.358473638
NR2F2	4.51009442
NR2F2-AS1	0.152147808
NR2F6	11.55720965
NR3C1	8.752655223
NR3C2	0.161665758
NR4A1	5.164592893
NR4A2	2.741482551
NR4A3	1.614783806
NR5A1	0.007093975
NR5A2	0.253706982
NR6A1	0.194231926
NRADDP	0.03513109
NRAP	0.004241017
NRARP	16.4443075
NRAS	14.0884594
NRAV	4.699323842
NRBF2	30.86485252
NRBF2P1	0
NRBF2P2	0
NRBF2P3	0.112257032
NRBF2P4	0
NRBF2P5	0.184839466
NRBP1	41.87754485
NRBP2	1.922720848
NRCAM	6.942230133
NRDC	19.27566611
NRDE2	0.802966914
NREP	6.185242848
NREP-AS1	0
NRF1	3.766393517
NRG1	1.995106636
NRG1-IT1	0
NRG1-IT3	0
NRG2	0.026853521
NRG3	0.009572391
NRG3-AS1	0
NRG4	1.722596543
NRGN	1.78033307
NRIP1	16.91035904
NRIP2	0.346422879
NRIP3	3.026352116
NRIR	0
NRK	0.248512186
NRL	0.569263596
NRM	7.549765734
NRN1	1.324312315
NRN1L	0
NRON	0
NRP1	5.140810888
NRP2	2.498135003
NRROS	1.15955535
NRSN1	0.011601235
NRSN2	18.40739757
NRSN2-AS1	4.855116644
NRTN	2.539195359
NRXN1	0.057493395
NRXN2	0.082601228
NRXN3	0.415076393
NSA2	15.67492314
NSD1	3.214022237
NSD2	2.641639112
NSD3	6.03228825
NSDHL	40.62146691
NSF	13.06661762
NSFL1C	16.75613675
NSFP1	0.016502776
NSG1	0.206244909
NSG2	0.006151947
NSL1	13.64796905
NSMAF	9.505475732
NSMCE1	12.94268495
NSMCE2	10.47802672
NSMCE3	15.50980153
NSMCE4A	5.46303311
NSMF	4.899568373
NSRP1	4.096441529
NSRP1P1	0.028677594
NSUN2	6.578127527
NSUN3	3.54548447
NSUN4	3.354089793
NSUN5	6.534640005
NSUN5P1	0.936387076
NSUN5P2	0.348678796
NSUN6	1.637803785
NSUN7	0.379947791
NT5C	23.8892754
NT5C1A	0
NT5C1B	0.255724729
NT5C1B-RDH14	0
NT5C2	2.952054049
NT5C3A	8.812321649
NT5C3AP1	0.029194929
NT5C3B	27.81466092
NT5CP1	0
NT5CP2	0
NT5DC1	6.260702472
NT5DC2	9.300753223
NT5DC3	1.84808384
NT5DC4	0.109168303
NT5E	1.28527244
NT5M	2.698662489
NTAN1	3.696197558
NTAN1P1	0
NTAN1P2	0.103300354
NTAN1P3	0
NTF3	0.199593696
NTF4	1.891257946
NTF6A	0
NTF6B	0
NTF6G	0
NTHL1	4.225749671
NTM	1.120250462
NTM-AS1	0
NTM-IT	0
NTMT1	9.128388671
NTN1	5.822641063
NTN3	0.012223355
NTN4	2.179325042
NTN5	0.038965623
NTNG1	0.002656553
NTNG2	0.12687048
NTPCR	6.388150195
NTRK1	0.111458141
NTRK2	77.74791095
NTRK3	0.006352489
NTRK3-AS1	0
NTS	3.621823348
NTSR1	0
NTSR2	0.030944019
NUAK1	2.407467228
NUAK2	10.29484351
NUB1	9.295695514
NUBP1	5.823656537
NUBP2	10.51308621
NUBPL	1.298535808
NUCB1	56.03670315
NUCB1-AS1	0.056063703
NUCB2	11.20266214
NUCKS1	55.59353315
NUCKS1P1	0.034531413
NUDC	21.87862437
NUDCD1	8.274151252
NUDCD2	2.754909636
NUDCD3	12.64068241
NUDT1	8.304499562
NUDT10	0.070912122
NUDT11	1.139985459
NUDT12	2.831399344
NUDT13	0.693312968
NUDT14	27.49374508
NUDT15	20.00595014
NUDT16	4.254875306
NUDT16L1	12.21996235
NUDT16P1	8.284357768
NUDT17	4.116740425
NUDT18	11.61246578
NUDT19	9.139139351
NUDT19P3	0.04373979
NUDT19P4	0
NUDT19P5	0
NUDT2	22.85292113
NUDT21	11.22042409
NUDT22	7.430768418
NUDT3	3.284127361
NUDT4	2.488259324
NUDT4B	0
NUDT4P2	0
NUDT5	17.71448274
NUDT6	0.254136738
NUDT7	1.541306871
NUDT8	14.36785366
NUDT9	6.610216913
NUDT9P1	0.032584675
NUF2	15.30762535
NUFIP1	1.786605065
NUFIP1P	0.016413511
NUFIP2	9.531242812
NUGGC	0.318850803
NUMA1	4.665682902
NUMB	6.515602633
NUMBL	3.989650204
NUP107	4.971826178
NUP133	9.877926461
NUP153	14.40834367
NUP155	5.710664654
NUP160	7.778603391
NUP188	5.111125779
NUP205	13.64645267
NUP210	17.46940039
NUP210L	0.008244382
NUP210P1	0
NUP210P2	0
NUP210P3	0
NUP214	2.757997665
NUP35	3.143946022
NUP35P1	0
NUP35P2	0
NUP37	5.10259968
NUP43	6.704267567
NUP50	8.142447364
NUP50-AS1	10.98462095
NUP54	12.42465227
NUP58	5.003257796
NUP58P1	0
NUP62	10.77481036
NUP62CL	1.183223392
NUP85	6.567917277
NUP88	8.964632639
NUP93	3.073686453
NUP98	11.18563976
NUPL2	6.672171292
NUPR1	3.367092702
NUPR2	0.201290076
NUS1	11.40578621
NUS1P1	2.669763687
NUS1P2	0.528334572
NUS1P3	0
NUS1P4	0
NUSAP1	13.98273593
NUTF2	26.11417039
NUTF2P2	0.063217665
NUTF2P3	0
NUTF2P4	0
NUTF2P5	0
NUTF2P6	0.063053463
NUTF2P7	0.064734889
NUTF2P8	0
NUTM1	0
NUTM2A	0
NUTM2A-AS1	1.087812589
NUTM2B	0
NUTM2B-AS1	0.569254612
NUTM2D	0.038229265
NUTM2E	0
NUTM2F	0.056873682
NUTM2G	0.074579365
NUTM2HP	0.009718008
NVL	5.280809397
NWD1	0.042864479
NWD2	0
NXF1	8.696725728
NXF2	0
NXF2B	0
NXF3	0.027538949
NXF4	0
NXF5	0
NXN	11.18823648
NXNL1	0
NXNL2	0.049704306
NXNP1	0
NXPE1	0.011246506
NXPE2	0
NXPE2P1	0
NXPE3	5.183608281
NXPE4	0.033669325
NXPH1	0.021232289
NXPH2	0.046151299
NXPH3	0.085961697
NXPH4	9.518286815
NXT1	59.53246321
NXT1P1	0
NXT2	12.87461577
NYAP1	0.033847718
NYAP2	0.020112331
NYNRIN	1.556322746
NYX	0
OACYLP	0.069008291
OAF	14.07158335
OARD1	2.686949423
OAS1	5.854208769
OAS2	7.808955968
OAS3	5.148742047
OASL	1.546127563
OAT	55.98144383
OAZ1	223.2986272
OAZ2	14.00331844
OAZ3	0.586097088
OBP2A	0.095012067
OBP2B	0
OBSCN	0.434553164
OBSCN-AS1	0.65897525
OBSL1	3.907431822
OC90	0
Oca.02	0.257546351
OCEL1	3.796716818
OCIAD1	24.30648129
OCIAD1-AS1	0.183211949
OCIAD2	25.33146843
OCLM	0.164766402
OCLN	0.104125412
OCM	0.029177384
OCM2	0
OCRL	11.50979374
OCSTAMP	0
ODAM	0.015541346
ODAPH	0.035456061
ODC1	351.2516581
ODCP	0.074056081
ODF1	0
ODF2	4.700949793
ODF2-AS1	0.23858067
ODF2L	1.225139546
ODF3	0.007805654
ODF3B	8.397811491
ODF3L1	1.156946692
ODF3L2	0.069797537
ODF4	0
ODR4	7.528762626
OFCC1	0.313103008
OFD1	4.853239182
OFD1P10Y	0
OFD1P11Y	0
OFD1P12Y	0
OFD1P13Y	0
OFD1P15Y	0
OFD1P16Y	0
OFD1P17	0
OFD1P18Y	0
OFD1P1Y	0.019816803
OFD1P2Y	0
OFD1P3Y	0
OFD1P4Y	0
OFD1P5Y	0
OFD1P6Y	0
OFD1P7Y	0
OFD1P8Y	0
OFD1P9Y	0
OGDH	33.19837436
OGDHL	1.475874032
OGFOD1	6.401294851
OGFOD1P1	0.015248482
OGFOD2	0.305552046
OGFOD3	2.651284163
OGFR	5.033750242
OGFR-AS1	0.036340693
OGFRL1	3.390159893
OGFRP1	1.589373126
OGG1	1.342620714
OGN	0.116955535
OGT	7.305931231
OIP5	3.554919549
OIP5-AS1	8.736758073
OIT3	0.143703241
OLA1	30.59917367
OLA1P1	1.898763027
OLA1P2	0
OLA1P3	0
OLAH	0.030806578
OLFM1	27.36107071
OLFM2	8.671238325
OLFM3	0
OLFM4	1.684291414
OLFM5P	0.016424617
OLFML1	2.239627439
OLFML2A	2.108729879
OLFML2B	9.248179727
OLFML3	7.946181086
OLIG1	0.021322427
OLIG2	0
OLIG3	0
OLMALINC	0.827901113
OLR1	2.207593109
OMA1	3.917522843
OMD	1.833802734
OMG	0.303682042
OMP	0
ONECUT1	0.239603159
ONECUT2	0.014953544
ONECUT3	0.01167376
OOEP	0.661910926
OOEP-AS1	0
OOSP1	0.133802427
OOSP1P1	0
OOSP1P2	0
OOSP2	0
OPA1	14.16937747
OPA1-AS1	0
OPA3	1.9835135
OPALIN	0
OPCML	0.00960395
OPCML-IT1	0
OPCML-IT2	0
OPHN1	0.637588275
OPLAH	2.917116853
OPN1LW	0.019251057
OPN1MW	0
OPN1MW2	0
OPN1MW3	0
OPN1SW	1.749791126
OPN3	2.447306036
OPN4	0.03953678
OPN5	0
OPRD1	0.012988541
OPRK1	0.038076028
OPRL1	0.36252632
OPRM1	0
OPRPN	0
OPTC	0
OPTN	16.44673125
OR10A2	0
OR10A3	0
OR10A4	0
OR10A5	0
OR10A6	0
OR10A7	0
OR10AA1P	0
OR10AB1P	0
OR10AC1	0
OR10AD1	0
OR10AE1P	0
OR10AE3P	0.051760305
OR10AF1P	0
OR10AG1	0
OR10AK1P	0
OR10B1P	0
OR10C1	0
OR10D1P	0
OR10D3	0
OR10D4P	0
OR10D5P	0
OR10G1P	0
OR10G2	0
OR10G3	0
OR10G4	0
OR10G5P	0
OR10G6	0
OR10G7	0.025688448
OR10G8	0
OR10G9	0
OR10H1	0
OR10H2	0
OR10H3	0
OR10H4	0
OR10H5	0
OR10J1	0
OR10J2P	0
OR10J3	0
OR10J4	0
OR10J5	0
OR10J6P	0
OR10J7P	0
OR10J8P	0
OR10J9P	0
OR10K1	0
OR10K2	0
OR10N1P	0
OR10P1	0
OR10Q1	0
OR10Q2P	0
OR10R1P	0
OR10R2	0
OR10R3P	0
OR10S1	0
OR10T1P	0
OR10T2	0
OR10U1P	0
OR10V1	0
OR10V2P	0.031774324
OR10V3P	0
OR10W1	0
OR10X1	0
OR10Y1P	0
OR10Z1	0
OR11A1	0
OR11G1P	0
OR11G2	0
OR11H1	0
OR11H12	0
OR11H13P	0
OR11H2	0
OR11H3P	0
OR11H4	0.22435844
OR11H5P	0
OR11H6	0.041355338
OR11H7	0.232425797
OR11I1P	0
OR11J2P	0
OR11J5P	0
OR11K1P	0
OR11K2P	0
OR11L1	0
OR11M1P	0
OR11N1P	0.028459066
OR11Q1P	0.055360509
OR12D1	0
OR12D2	0
OR12D3	0
OR13A1	0.044665287
OR13C1P	0
OR13C2	0
OR13C3	0
OR13C4	0
OR13C5	0.025366336
OR13C6P	0
OR13C7	0
OR13C8	0
OR13C9	0
OR13D1	0.023319484
OR13D2P	0
OR13D3P	0
OR13E1P	0
OR13F1	0
OR13G1	0
OR13H1	0
OR13I1P	0.019205366
OR13J1	0
OR13K1P	0
OR13Z1P	0
OR13Z2P	0.349918317
OR13Z3P	0
OR14A16	0
OR14A2	0
OR14C36	0
OR14I1	0
OR14J1	0
OR14K1	0
OR14L1P	0.052318067
OR1A1	0
OR1A2	0
OR1AA1P	0
OR1AB1P	0
OR1AC1P	0
OR1B1	0
OR1C1	0.025688448
OR1D2	0
OR1D3P	0.02607474
OR1D4	0.025852591
OR1D5	0
OR1E1	0
OR1E2	0
OR1E3	0
OR1F1	0
OR1F12	0
OR1F2P	0.026018846
OR1G1	0
OR1H1P	0
OR1I1	0
OR1J1	0.025052201
OR1J2	0.025770258
OR1J4	0.051540516
OR1K1	0.025526376
OR1L1	0
OR1L3	0
OR1L4	0
OR1L6	0
OR1L8	0.026102778
OR1M1	0
OR1M4P	0
OR1N1	0
OR1N2	0
OR1P1	0
OR1Q1	0
OR1S1	0
OR1S2	0
OR1X1P	0
OR1X5P	0
OR2A1	0.052037692
OR2A12	0
OR2A13P	0.052205555
OR2A14	0
OR2A15P	0
OR2A1-AS1	0.286575891
OR2A2	0
OR2A20P	0.033334134
OR2A25	0
OR2A3P	0
OR2A4	0
OR2A41P	0
OR2A42	0
OR2A5	0
OR2A7	0.065256944
OR2A9P	0.10184542
OR2AD1P	0
OR2AE1	0
OR2AF1P	0
OR2AG1	0
OR2AG2	0.068126052
OR2AH1P	0
OR2AI1P	0
OR2AJ1	0
OR2AK2	0
OR2AL1P	0
OR2AM1P	0
OR2AO1P	0
OR2AP1	0
OR2AQ1P	0
OR2AS1P	0
OR2AS2P	0
OR2AT1P	0
OR2AT2P	0
OR2AT4	0
OR2B11	0
OR2B2	0
OR2B3	0
OR2B4P	0
OR2B6	0.154621549
OR2B7P	0
OR2B8P	0
OR2BH1P	0
OR2C1	0
OR2C3	0
OR2D2	0
OR2D3	0
OR2E1P	0
OR2F1	0
OR2F2	0
OR2G1P	0
OR2G2	0
OR2G3	0
OR2G6	0
OR2H1	0
OR2H2	0
OR2H4P	0
OR2H5P	0
OR2I1P	8.911290042
OR2J1	0
OR2J2	0
OR2J3	0
OR2J4P	0
OR2K2	0
OR2L13	0
OR2L1P	0
OR2L2	0
OR2L3	0
OR2L5	0
OR2L6P	0
OR2L8	0
OR2L9P	0
OR2M1P	0
OR2M2	0
OR2M3	0
OR2M4	0
OR2M5	0
OR2M7	0
OR2N1P	0
OR2P1P	0
OR2Q1P	0
OR2R1P	0
OR2S1P	0
OR2S2	0
OR2T1	0
OR2T10	0
OR2T11	0
OR2T12	0
OR2T2	0
OR2T27	0
OR2T29	0
OR2T3	0
OR2T32P	0
OR2T33	0
OR2T34	0
OR2T35	0
OR2T4	0
OR2T5	0
OR2T6	0
OR2T7	0
OR2T8	0
OR2U1P	0
OR2U2P	0
OR2V1	0
OR2V2	0
OR2W1	0
OR2W2P	0
OR2W3	0
OR2W4P	0
OR2W5	0
OR2W6P	0.025852591
OR2X1P	0
OR2Y1	0
OR2Z1	0
OR3A1	0
OR3A2	0
OR3A3	0.025130003
OR3A4P	0
OR3B1P	0
OR3D1P	0
OR4A11P	0
OR4A12P	0
OR4A13P	0
OR4A15	0
OR4A16	0
OR4A17P	0
OR4A18P	0
OR4A19P	0
OR4A1P	0
OR4A21P	0
OR4A2P	0
OR4A3P	0
OR4A40P	0
OR4A41P	0
OR4A42P	0
OR4A43P	0
OR4A44P	0
OR4A45P	0
OR4A46P	0
OR4A47	0
OR4A48P	0
OR4A49P	0
OR4A4P	0
OR4A5	0
OR4A50P	0
OR4A6P	0
OR4A7P	0
OR4A8	0
OR4A9P	0
OR4B1	0
OR4B2P	0
OR4C10P	0
OR4C11	0
OR4C12	0
OR4C13	0
OR4C14P	0
OR4C15	0
OR4C16	0
OR4C1P	0
OR4C2P	0
OR4C3	0
OR4C45	0
OR4C46	0
OR4C49P	0
OR4C4P	0
OR4C5	0
OR4C50P	0
OR4C6	0
OR4C7P	0
OR4C9P	0
OR4D1	0
OR4D10	0
OR4D11	0
OR4D12P	0
OR4D2	0
OR4D5	0
OR4D6	0
OR4D7P	0
OR4D8P	0
OR4D9	0
OR4E1	0
OR4E2	0
OR4F13P	0
OR4F14P	0
OR4F15	0
OR4F16	0
OR4F17	0
OR4F1P	0
OR4F21	0.024397571
OR4F28P	0
OR4F29	0
OR4F2P	0
OR4F3	0
OR4F4	0
OR4F5	0
OR4F6	0
OR4F7P	0
OR4F8P	0
OR4G11P	0
OR4G1P	0
OR4G2P	0
OR4G4P	0
OR4H12P	0
OR4K1	0
OR4K11P	0
OR4K12P	0
OR4K13	0
OR4K14	0
OR4K15	0
OR4K16P	0
OR4K17	0
OR4K2	0
OR4K3	0
OR4K4P	0
OR4K5	0
OR4K6P	0
OR4K7P	0
OR4K8P	0
OR4L1	0
OR4M1	0
OR4M2	0
OR4N1P	0
OR4N2	0
OR4N3P	0
OR4N4	0
OR4N5	0.026187253
OR4P1P	0
OR4P4	0
OR4Q2	0
OR4Q3	0
OR4R1P	0
OR4R2P	0
OR4R3P	0
OR4S1	0
OR4S2	0
OR4T1P	0
OR4U1P	0
OR4V1P	0
OR4X1	0
OR4X2	0
OR4X7P	0
OR51A10P	0
OR51A1P	0
OR51A2	0
OR51A3P	0
OR51A4	0
OR51A5P	0
OR51A6P	0
OR51A7	0
OR51A8P	0
OR51A9P	0
OR51AB1P	0
OR51B2	0
OR51B3P	0
OR51B4	0
OR51B5	0.008760586
OR51B5	0
OR51B6	0
OR51B8P	0
OR51C1P	0
OR51C4P	0
OR51D1	0
OR51E1	0.329137681
OR51E2	0.008452501
OR51F1	0
OR51F2	0
OR51F3P	0
OR51F4P	0
OR51G1	0
OR51G2	0
OR51H1	0
OR51H2P	0
OR51I1	0.051376896
OR51I2	0
OR51J1	0
OR51K1P	0
OR51L1	0
OR51M1	0
OR51N1P	0
OR51P1P	0
OR51Q1	0
OR51R1P	0
OR51S1	0
OR51T1	0
OR51V1	0
OR52A1	0
OR52A4P	0
OR52A5	0
OR52B1P	0
OR52B2	0
OR52B3P	0.026159034
OR52B4	0
OR52B5P	0
OR52B6	0
OR52D1	0
OR52E1	0
OR52E2	0
OR52E3P	0
OR52E4	0
OR52E5	0
OR52E6	0
OR52E7P	0
OR52E8	0
OR52H1	0
OR52H2P	0
OR52I1	0.023119603
OR52I2	0
OR52J1P	0
OR52J2P	0
OR52J3	0
OR52K1	0
OR52K2	0
OR52K3P	0.128714651
OR52L1	0
OR52L2P	0
OR52M1	0
OR52M2P	0
OR52N1	0
OR52N2	0.093818679
OR52N3P	0
OR52N4	0.117047171
OR52N5	0
OR52P1P	0
OR52P2P	0
OR52Q1P	0
OR52R1	0
OR52S1P	0
OR52T1P	0
OR52U1P	0
OR52V1P	0
OR52W1	0
OR52X1P	0
OR52Y1P	0
OR52Z1	0
OR55B1P	0.023940417
OR56A1	0
OR56A3	0
OR56A4	0
OR56A5	0
OR56A7P	0
OR56B1	0.024898034
OR56B2P	0
OR56B3P	0
OR56B4	0.126435329
OR5A1	0
OR5A2	0
OR5AC1	0
OR5AC2	0
OR5AC4P	0
OR5AH1P	0
OR5AK1P	0
OR5AK2	0
OR5AK3P	0
OR5AL1	0
OR5AL2P	0
OR5AM1P	0
OR5AN1	0
OR5AN2P	0
OR5AO1P	0
OR5AP1P	0
OR5AP2	0
OR5AQ1P	0
OR5AR1	0
OR5AS1	0
OR5AU1	0
OR5AW1P	0
OR5AZ1P	0
OR5B10P	0
OR5B12	0
OR5B15P	0
OR5B17	0
OR5B19P	0
OR5B1P	0
OR5B2	0
OR5B21	0
OR5B3	0
OR5BA1P	0.123602766
OR5BB1P	0
OR5BC1P	0
OR5BD1P	0
OR5BE1P	0
OR5BH1P	0
OR5BJ1P	0
OR5BK1P	0
OR5BL1P	0
OR5BM1P	0
OR5BN1P	0
OR5BN2P	0
OR5BP1P	0
OR5BQ1P	0
OR5BR1P	0
OR5BS1P	0
OR5BT1P	0.057186297
OR5C1	0
OR5D13	0
OR5D14	0
OR5D15P	0
OR5D16	0
OR5D17P	0
OR5D18	0
OR5D2P	0
OR5E1P	0
OR5F1	0
OR5F2P	0
OR5G1P	0
OR5G3	0
OR5G4P	0
OR5G5P	0
OR5H1	0
OR5H14	0
OR5H15	0
OR5H2	0
OR5H3P	0
OR5H4P	0
OR5H5P	0.026159034
OR5H6	0
OR5H7P	0
OR5H8	0
OR5I1	0
OR5J1P	0
OR5J2	0
OR5J7P	0
OR5K1	0
OR5K2	0.045802987
OR5K3	0
OR5K4	0
OR5L1	0
OR5L2	0
OR5M1	0
OR5M10	0
OR5M11	0.052887981
OR5M12P	0
OR5M13P	0
OR5M14P	0
OR5M2P	0
OR5M3	0
OR5M4P	0
OR5M5P	0
OR5M6P	0
OR5M7P	0
OR5M8	0
OR5M9	0
OR5P1P	0
OR5P2	0
OR5P3	0
OR5P4P	0
OR5R1	0
OR5S1P	0
OR5T1	0
OR5T2	0
OR5T3	0
OR5V1	0
OR5W1P	0
OR5W2	0
OR6A2	0
OR6B1	0
OR6B2	0.016270498
OR6B3	0
OR6C1	0
OR6C2	0.180968139
OR6C3	0
OR6C4	0
OR6C5P	0
OR6C6	0
OR6C64P	0
OR6C65	0
OR6C66P	0
OR6C68	0
OR6C69P	0
OR6C70	0.258525913
OR6C71P	0
OR6C72P	0
OR6C73P	0
OR6C74	0
OR6C75	0
OR6C76	0
OR6C7P	0
OR6D1P	0
OR6E1P	0.05260148
OR6F1	0
OR6J1	0
OR6K1P	0
OR6K2	0
OR6K3	0
OR6K4P	0
OR6K5P	0
OR6K6	0
OR6L1P	0
OR6L2P	0
OR6M1	0
OR6M2P	0
OR6M3P	0
OR6N1	0
OR6N2	0
OR6P1	0
OR6Q1	0
OR6R1P	0
OR6R2P	0
OR6S1	0
OR6T1	0.26749954
OR6V1	0
OR6W1P	0
OR6X1	0
OR6Y1	0
OR7A10	0
OR7A11P	0
OR7A15P	0
OR7A17	0
OR7A18P	0
OR7A19P	0
OR7A1P	0
OR7A2P	0
OR7A3P	0
OR7A5	0.365900163
OR7A8P	0
OR7C1	0.364361474
OR7C2	0
OR7D1P	0
OR7D2	0
OR7D4	0
OR7E100P	0
OR7E101P	0
OR7E102P	0.143500985
OR7E105P	0
OR7E106P	0
OR7E108P	0.367440715
OR7E109P	0.05678499
OR7E10P	0
OR7E110P	0.084583914
OR7E111P	0
OR7E115P	0.071119873
OR7E116P	0.101465343
OR7E117P	0
OR7E11P	0
OR7E121P	0
OR7E122P	0.023869797
OR7E125P	0
OR7E126P	0
OR7E128P	0.071119873
OR7E129P	0
OR7E12P	0.024949212
OR7E130P	0
OR7E136P	0
OR7E13P	0
OR7E140P	0
OR7E145P	0.024949212
OR7E148P	0
OR7E149P	0
OR7E14P	1.169480651
OR7E154P	0
OR7E155P	0
OR7E156P	0
OR7E157P	0
OR7E158P	1.227117393
OR7E159P	0
OR7E15P	0.025104016
OR7E160P	0
OR7E161P	0.125520079
OR7E162P	0.023591432
OR7E163P	0
OR7E16P	0
OR7E18P	0
OR7E19P	0
OR7E1P	0.025339857
OR7E21P	0
OR7E22P	0.049140857
OR7E23P	0
OR7E24	0
OR7E25P	0
OR7E26P	0.168915589
OR7E28P	0.248980341
OR7E29P	0.0267647
OR7E2P	0
OR7E31P	0.027399078
OR7E33P	0
OR7E35P	0
OR7E36P	0
OR7E37P	0
OR7E38P	3.056012507
OR7E39P	0.064734889
OR7E41P	0
OR7E43P	0
OR7E46P	0
OR7E47P	0.680200028
OR7E47P	0.054065887
OR7E4P	0
OR7E53P	0
OR7E55P	0
OR7E59P	0
OR7E5P	0
OR7E62P	1.730335072
OR7E66P	0
OR7E7P	0.143926383
OR7E83P	0
OR7E85P	0
OR7E86P	0.024520791
OR7E87P	0
OR7E89P	0
OR7E8P	0
OR7E90P	0
OR7E91P	0.22425481
OR7E93P	0
OR7E94P	0
OR7E96P	0
OR7E97P	0
OR7E99P	0
OR7G1	0
OR7G15P	0.072899649
OR7G2	0
OR7G3	0
OR7H1P	0
OR7H2P	0
OR7K1P	0
OR7L1P	0.063883114
OR7M1P	0
OR8A1	0
OR8A2P	0
OR8A3P	0
OR8B10P	0
OR8B12	0
OR8B1P	0
OR8B2	0
OR8B3	0
OR8B4	0
OR8B5P	0
OR8B6P	0
OR8B7P	0
OR8B8	0
OR8B9P	0
OR8C1P	0
OR8D1	0
OR8D2	0
OR8D4	0
OR8F1P	0
OR8G1	0
OR8G2P	0
OR8G3P	0
OR8G5	0
OR8G7P	0
OR8H1	0
OR8H2	0
OR8H3	0
OR8I1P	0
OR8I2	0
OR8I4P	0
OR8J1	0
OR8J2	0
OR8J3	0
OR8K1	0
OR8K2P	0
OR8K3	0
OR8K4P	0
OR8K5	0
OR8L1P	0
OR8Q1P	0
OR8R1P	0
OR8S21P	0
OR8T1P	0.052887981
OR8U1	0
OR8V1P	0
OR8X1P	0
OR9A1P	0
OR9A2	0
OR9A3P	0
OR9A4	0
OR9G1	0
OR9G2P	0
OR9G3P	0
OR9G4	0
OR9H1P	0
OR9I1	0
OR9I2P	0
OR9I3P	0
OR9K1P	0
OR9K2	0
OR9L1P	0
OR9M1P	0
OR9N1P	0
OR9P1P	0
OR9Q1	0
OR9Q2	0
OR9R1P	0.027680255
OR9S24P	0
ORAI1	5.408883263
ORAI2	1.156604839
ORAI3	26.81978925
ORAOV1	1.285939812
ORAOV1P1	0
ORC1	4.53677355
ORC2	5.221226553
ORC3	6.337052491
ORC4	5.816337157
ORC5	10.92531619
ORC6	3.830911253
ORM1	0.727459209
ORM2	0.447181796
ORMDL1	6.998090059
ORMDL2	19.47230056
ORMDL3	16.33684638
OS9	40.98999619
OSBP	15.80653416
OSBP2	0.916675008
OSBPL10	0.946618016
OSBPL10-AS1	0
OSBPL11	5.207289266
OSBPL1A	3.020073803
OSBPL2	2.625114197
OSBPL3	2.031956225
OSBPL5	2.250027269
OSBPL6	0.304343025
OSBPL7	0.594700076
OSBPL8	8.738470976
OSBPL9	6.079729704
OSBPL9P1	0
OSBPL9P2	0.01976839
OSBPL9P3	0
OSBPL9P4	0
OSBPL9P5	0
OSCAR	1.129909584
OSCP1	1.419268316
OSER1	42.52480962
OSER1-AS1	2.309845064
OSGEP	4.318229614
OSGEPL1	1.666702057
OSGEPL1-AS1	0.084682267
OSGIN1	38.00602147
OSGIN2	5.12893651
OSM	5.236360429
OSMR	22.63104273
OSMR-AS1	0.368090724
OSR1	0.379520325
OSR2	1.217921752
OST4	509.9222995
OSTC	140.3990441
OSTCP1	0.019800639
OSTCP2	0.109349474
OSTCP4	0.108131774
OSTCP5	0.053588484
OSTCP6	0
OSTCP8	0.108373139
OSTF1	88.19453736
OSTF1P1	0
OSTM1	11.13257732
OSTM1-AS1	0
OSTN	0
OSTN-AS1	0.659918767
OTC	0
OTOA	0.023571797
OTOF	0.030787043
OTOG	0.011334197
OTOGL	0.011587391
OTOL1	0
OTOP1	0.013023382
OTOP2	0.069908087
OTOP3	0.028945449
OTOR	0
OTOS	0
OTP	0.010907923
OTUB1	30.14430555
OTUB2	1.826948878
OTUD1	5.412966732
OTUD3	0.505816053
OTUD4	4.312690293
OTUD4P1	0.031660363
OTUD5	10.17790321
OTUD6A	0
OTUD6B	4.315523594
OTUD6B-AS1	2.359284506
OTUD7A	0.04573587
OTUD7B	3.377091071
OTULIN	4.106051167
OTX1	0.858912628
OTX2	0.007419188
OTX2-AS1	0
OTX2P1	0
OVAAL	0.032606559
OVCA2	0
OVCH1	0.018399886
OVCH1-AS1	0.026372171
OVCH2	0.058131186
OVGP1	0.472839564
OVOL1	1.507369288
OVOL1-AS1	0.035438808
OVOL2	1.651855778
OVOL3	0.034878712
OXA1L	18.51573281
OXCT1	5.932873819
OXCT1-AS1	0.129313034
OXCT2	0.02658881
OXCT2P1	0.031629424
OXER1	0.490691182
OXGR1	2.090676403
OXLD1	11.07573484
OXNAD1	1.696701961
OXR1	5.186405384
OXSM	4.745749575
OXSR1	6.749211532
OXT	0.047320825
OXTR	0.14520176
P2RX1	0.593131378
P2RX2	0
P2RX3	0
P2RX4	3.484092162
P2RX5	0.272303678
P2RX5-TAX1BP3	0.045221239
P2RX6	0.056454845
P2RX6P	0
P2RX7	0.888558131
P2RY1	5.969051809
P2RY10	1.709927381
P2RY10BP	0
P2RY11	0.983716444
P2RY12	0.49621956
P2RY13	1.457940237
P2RY14	0.965849137
P2RY2	3.343089755
P2RY4	0.015219801
P2RY6	4.750101545
P2RY8	0.91462166
P3H1	8.097840869
P3H2	29.16534833
P3H2-AS1	0.498813354
P3H3	10.04579666
P3H4	21.19245433
P4HA1	80.51048582
P4HA2	9.242538565
P4HA2-AS1	0
P4HA3	0.938567074
P4HA3-AS1	0
P4HB	244.7974898
P4HTM	2.640100727
PA2G4	37.715109
PA2G4P1	0.040560707
PA2G4P2	0
PA2G4P3	0
PA2G4P4	0.061613155
PA2G4P6	0.081121414
PAAF1	2.76797314
PABPC1	157.8679184
PABPC1L	0.789053869
PABPC1L2A	0
PABPC1L2B	0
PABPC1L2B-AS1	0
PABPC1P1	0.082150874
PABPC1P10	0.063715442
PABPC1P11	0
PABPC1P12	0
PABPC1P13	0
PABPC1P2	0
PABPC1P3	0.687543751
PABPC1P4	0.388409331
PABPC1P5	0
PABPC1P6	0
PABPC1P7	0.016044668
PABPC1P8	0
PABPC1P9	0
PABPC3	0.143345635
PABPC4	10.22280532
PABPC4L	0.324067252
PABPC5	0.133691618
PABPC5-AS1	0
PABPN1	11.44885607
PABPN1L	0
PACERR	0.176549696
PACRG	0.594807552
PACRG-AS1	0
PACRG-AS2	0.01574292
PACRG-AS3	0
PACRGL	2.600955345
PACS1	7.244798931
PACS2	3.677761657
PACSIN1	0.141401358
PACSIN2	15.70333461
PACSIN3	9.879597821
PADI1	2.57955922
PADI2	0.494923321
PADI3	1.499620537
PADI4	0.049025075
PADI6	0
PAEP	1.051830635
PAEPP1	0
PAF1	17.19672125
PAFAH1B1	13.53721461
PAFAH1B2	22.32096137
PAFAH1B3	26.08898126
PAFAH2	3.563794877
PAG1	2.614090291
PAGE1	0
PAGE2	0
PAGE2B	0.047880835
PAGE3	0
PAGE4	0.024898034
PAGE5	0
PAGR1	5.291563674
PAH	0.050764499
PAICS	15.92106229
PAICSP1	0.099735346
PAICSP2	0.021109203
PAICSP3	0
PAICSP4	0.077495876
PAICSP5	0
PAICSP6	0
PAICSP7	0
PAIP1	28.26305
PAIP1P1	0.221971251
PAIP2	27.88079175
PAIP2B	0.568324691
PAK1	34.06443563
PAK1IP1	17.38401487
PAK2	33.57154419
PAK3	0.023541101
PAK4	8.034996272
PAK5	0.571306077
PAK6	0.142863894
PALB2	5.200814858
PALD1	0.852709839
PALLD	39.72564543
PALM	0.945072158
PALM2	0.088399858
PALM2-AKAP2	0.017756126
PALM3	0.124588465
PALMD	1.124851139
PAM	10.87818357
PAM16	3.168152069
PAMR1	6.466366847
PAN2	2.541475027
PAN3	3.416620182
PAN3-AS1	0.287497655
PANCR	0
PANDAR	0
PANK1	0.200230655
PANK2	5.139262019
PANK3	7.991668842
PANK4	3.508225651
PANO1	0.563540325
PANX1	13.13283628
PANX2	12.58386132
PANX3	0.014562437
PAOX	1.695132952
PAPD4	8.356300977
PAPD5	1.240010145
PAPD7	4.633280776
PAPLN	1.128803584
PAPOLA	14.61365009
PAPOLB	0
PAPOLG	2.807069557
PAPPA	0.255907816
PAPPA2	0
PAPPA-AS1	0
PAPPA-AS2	0.026187253
PAPSS1	27.43043187
PAPSS2	4.465090129
PAQR3	2.39369816
PAQR4	2.809825245
PAQR5	0.663054169
PAQR6	0.318498837
PAQR7	4.550291304
PAQR8	1.056086278
PAQR9	0
PAQR9-AS1	0
PARAL1	0.02343203
PARD3	20.44024234
PARD3-AS1	0.482296355
PARD3B	0.301632656
PARD6A	1.615109367
PARD6B	0.89890543
PARD6G	6.172342892
PARD6G-AS1	0.201018122
PARG	4.382762733
PARGP1	0.249251477
PARK7	74.15345028
PARL	55.06762093
PARM1	8.824854447
PARN	5.567540195
PARP1	30.66870654
PARP10	8.606907426
PARP11	0.775252496
PARP12	5.581259785
PARP14	7.346284164
PARP15	0.489302658
PARP16	3.803065796
PARP1P1	0.008022334
PARP1P2	0
PARP2	5.671809849
PARP3	6.707290582
PARP4	9.945802269
PARP4P1	0
PARP4P2	0
PARP4P3	0
PARP6	2.983978914
PARP8	1.704312028
PARP9	13.01777471
PARPBP	2.834283056
PARS2	2.430661294
PART1	5.605887347
PARVA	11.82461493
PARVB	7.3977733
PARVG	0.889020319
PASD1	0.010962106
PASK	0.631537725
PATE1	0
PATE2	0.043950965
PATE3	0
PATE4	0
PATJ	3.757238746
PATL1	12.8754788
PATL2	0.193349856
PATZ1	5.551872361
PAUPAR	0
PAWR	6.328961617
PAWRP1	0
PAX1	0.058045801
PAX2	0
PAX3	0.015719134
PAX4	0
PAX5	0.096238785
PAX6	0.338301322
PAX7	1.242042354
PAX8	0.531438443
PAX8-AS1	1.131024855
PAX9	9.919401527
PAXBP1	2.160971218
PAXBP1-AS1	0.173997013
PAXBP1P1	0
PAXIP1	0.785438345
PAXIP1-AS1	2.464143864
PAXIP1-AS2	0.669333498
PAXX	15.66281229
PBDC1	9.985127485
PBK	16.67334515
PBLD	0.863632504
PBOV1	0
PBRM1	3.301620133
PBX1	2.492791312
PBX2	9.896882569
PBX2P1	0
PBX3	2.503134768
PBX4	0.237623172
PBXIP1	19.39020877
PC	15.56799254
PCA3	0
PCAT1	0.209724261
PCAT14	0
PCAT18	0
PCAT19	0.743767869
PCAT2	0
PCAT4	0
PCAT5	0
PCAT6	4.145942302
PCAT7	2.210663077
PCBD1	38.24833217
PCBD2	1.641843238
PCBP1	89.91676024
PCBP1-AS1	0.442971548
PCBP2	49.71808508
PCBP2P1	0
PCBP2P3	0.028796659
PCBP3	0.291534538
PCBP4	3.898845704
PCCA	2.8638186
PCCA-AS1	0
PCCB	12.24092738
PCDH1	2.886915029
PCDH10	0.038225503
PCDH11X	0.002084636
PCDH11Y	0
PCDH12	0.879189011
PCDH15	0.020549755
PCDH17	1.484058595
PCDH18	0.609975767
PCDH19	2.612685771
PCDH20	0.0050807
PCDH7	0.95921155
PCDH8	0.004713705
PCDH8P1	0
PCDH9	0.010983007
PCDH9-AS1	0
PCDH9-AS2	0
PCDH9-AS3	0
PCDH9-AS4	0
PCDHA1	0.034710396
PCDHA10	0.025512962
PCDHA11	0.397897051
PCDHA12	0.017803875
PCDHA13	0
PCDHA14	0
PCDHA2	0.004009842
PCDHA3	0.009762299
PCDHA4	0.005418657
PCDHA5	0.017061838
PCDHA6	0.011874572
PCDHA7	0.02935886
PCDHA8	0.013284704
PCDHA9	0.004818974
PCDHAC1	0.108388748
PCDHAC2	0.122953255
PCDHB1	0.011827324
PCDHB10	1.212309695
PCDHB11	0.109870434
PCDHB12	0.156616666
PCDHB13	0.220643515
PCDHB14	0.367050036
PCDHB15	0.187339577
PCDHB16	0.262123874
PCDHB17P	0.253365513
PCDHB18P	0.083525623
PCDHB19P	0.015601275
PCDHB2	0.105904144
PCDHB3	0.040274713
PCDHB4	0.260208866
PCDHB5	0.142462343
PCDHB6	0.081760997
PCDHB7	0.36751879
PCDHB8	0.460704499
PCDHB9	1.248144369
PCDHGA1	0.077657016
PCDHGA10	0.109629309
PCDHGA11	0.029227568
PCDHGA12	0.110916476
PCDHGA2	0.046933757
PCDHGA3	0.009957171
PCDHGA4	0.044706415
PCDHGA5	0.046577955
PCDHGA6	0.058310503
PCDHGA7	0.008919928
PCDHGA8	0.002802861
PCDHGA9	0.117569681
PCDHGB1	0.127150551
PCDHGB2	0.117076623
PCDHGB3	0.005103129
PCDHGB4	0.021090863
PCDHGB5	0.105089105
PCDHGB6	0.046532377
PCDHGB7	0.259082946
PCDHGB8P	0
PCDHGB9P	0
PCDHGC3	4.191917721
PCDHGC4	0.029282971
PCDHGC5	0.082702388
PCED1A	8.036555743
PCED1B	1.789605638
PCED1B-AS1	2.386732632
PCED1CP	0
PCF11	2.156528546
PCF11-AS1	0
PCGEM1	0
PCGF1	8.947523826
PCGF2	7.812990326
PCGF3	4.332006433
PCGF5	4.383984448
PCGF6	1.941675045
PCGF7P	0.023097605
PCID2	7.446378642
PCIF1	9.351265359
PCK1	0
PCK2	9.138838562
PCLAF	15.51192864
PCLO	0.22393862
PCM1	2.98466153
PCMT1	22.73264361
PCMTD1	5.516123238
PCMTD1P1	0
PCMTD1P2	0
PCMTD1P3	1.645802252
PCMTD2	5.598321092
PCNA	98.02648832
PCNAP1	0
PCNAP3	0
PCNAP4	0.033254224
PCNP	45.51476209
PCNPP1	0.142518101
PCNPP2	0
PCNPP3	0
PCNPP4	0
PCNPP5	0.201875952
PCNT	0.880666527
PCNX1	2.776842065
PCNX2	1.384665912
PCNX3	8.474529365
PCNX4	2.9119246
PCOLCE	20.91466584
PCOLCE2	1.681153895
PCOLCE-AS1	0.017948675
PCOTH	0.080918611
PCP2	0.091147371
PCP4	0.065846971
PCP4L1	23.23568815
PCSK1	0.205841576
PCSK1N	0.516501771
PCSK2	0.006859447
PCSK4	0.185651876
PCSK5	0.697409514
PCSK6	1.785429992
PCSK6-AS1	0
PCSK7	0.80000689
PCSK9	2.275988228
PCTP	4.45052359
PCYOX1	19.90845956
PCYOX1L	2.71595337
PCYT1A	26.44815359
PCYT1B	1.367823141
PCYT1B-AS1	0
PCYT2	4.068808786
PDAP1	27.9841166
PDC	0
PDCD1	1.355023094
PDCD10	51.67919578
PDCD11	2.334823095
PDCD1LG2	5.265697332
PDCD2	5.810246138
PDCD2L	4.868687899
PDCD4	12.85586197
PDCD4-AS1	1.560127456
PDCD5	26.22581871
PDCD5P1	0.078561758
PDCD5P2	0.077806356
PDCD6	18.19709788
PDCD6IP	11.64626342
PDCD6IPP1	0.018920953
PDCD6IPP2	0.037033689
PDCD7	9.656667796
PDCL	8.74754095
PDCL2	0
PDCL2P1	0
PDCL2P2	0
PDCL3	19.68828022
PDCL3P1	0
PDCL3P3	0
PDCL3P4	0.438309141
PDCL3P5	0.302604223
PDCL3P6	0.034384679
PDCL3P7	0
PDE10A	0.155310259
PDE11A	0
PDE12	3.416000813
PDE1A	1.309391629
PDE1B	0.293167978
PDE1C	0.08782137
PDE2A	0.40898713
PDE3A	0.44226771
PDE3B	2.521492201
PDE4A	3.711103303
PDE4B	2.569662037
PDE4C	0.128035776
PDE4D	2.199827555
PDE4DIP	2.549450346
PDE4DIPP1	0.059172659
PDE5A	0.871685904
PDE6A	0.013095392
PDE6B	1.379402979
PDE6C	0.014668026
PDE6D	9.35248785
PDE6G	0.598071854
PDE6H	0
PDE7A	4.289503728
PDE7B	0.445011532
PDE8A	2.481120983
PDE8B	0.188779017
PDE9A	1.452109516
PDF	1.509362687
PDGFA	5.397823009
PDGFB	3.466096301
PDGFC	4.105972059
PDGFD	1.172238665
PDGFRA	4.948906402
PDGFRB	10.87758374
PDGFRL	4.474204628
PDHA1	11.03828545
PDHA1P1	0
PDHA2	0
PDHB	11.06476657
PDHX	17.18014014
PDIA2	0.021597494
PDIA3	195.8592987
PDIA3P1	2.958084313
PDIA3P2	0
PDIA4	110.7624413
PDIA5	8.800651881
PDIA6	101.3820809
PDIK1L	2.580117114
PDILT	0
PDK1	4.684504132
PDK2	2.387254033
PDK3	14.17802152
PDK4	0.526445487
PDLIM1	87.94071259
PDLIM1P1	0.200417612
PDLIM1P2	0
PDLIM1P3	0
PDLIM1P4	0.024130798
PDLIM2	1.00135801
PDLIM3	5.027125273
PDLIM4	2.456457826
PDLIM5	8.696744105
PDLIM7	8.416857535
PDP1	5.467746925
PDP2	1.300270359
PDPK1	1.144236258
PDPK2P	0.021939072
PDPN	56.3505243
PDPR	2.73728531
PDRG1	25.81862579
PDS5A	7.940685694
PDS5B	1.751031699
PDSS1	4.718527684
PDSS1P1	0
PDSS1P2	0
PDSS2	3.505923506
PDX1	0.155301612
PDXDC1	8.162374634
PDXDC2P	0.017935414
PDXK	5.844725711
PDXP	0.418734527
PDYN	0.008526724
PDYN-AS1	0
PDZD11	32.65789157
PDZD2	0.108636416
PDZD3	0.012686482
PDZD4	0.827640248
PDZD7	0.025022075
PDZD8	2.724584737
PDZD9	0
PDZK1	0.088096875
PDZK1IP1	27.46618491
PDZPH1P	0.011934898
PDZRN3	1.649758507
PDZRN3-AS1	0
PDZRN4	0.031760466
PEA15	96.03822142
PEAK1	0.979696048
PEAK3	0.113172882
PEAR1	1.246702646
PEBP1	70.90379615
PEBP1P1	0
PEBP1P2	0.043504629
PEBP1P3	0
PEBP4	0.036532104
PECAM1	11.89844606
PECR	2.639645441
PEF1	36.76764355
PEG10	14.99577065
PEG3	0.081110485
PELI1	18.86139254
PELI2	4.810262109
PELI3	2.875228272
PELO	8.847275098
PELP1	6.817242239
PEMT	8.609363816
PENK	0.056209744
PEPD	10.03258407
PER1	3.251999009
PER2	2.156809851
PER3	0.470584833
PERM1	0.18433562
PERP	479.1796416
PES1	21.15390409
PES1P1	0.013983631
PES1P2	0
PET100	8.747957916
PET117	4.042384585
PEX1	2.208277031
PEX10	4.47839342
PEX11A	3.950236815
PEX11B	35.6869564
PEX11G	3.444284658
PEX12	3.385514751
PEX12P1	0
PEX13	11.70239198
PEX14	5.827761046
PEX16	7.774954466
PEX19	32.43274512
PEX2	13.94294919
PEX26	2.192008263
PEX3	4.643169607
PEX5	7.342833116
PEX5L	0.009486355
PEX5L-AS1	0
PEX5L-AS2	0
PEX6	9.2481716
PEX7	2.354797718
PF4	0.200956815
PF4V1	0.279029692
PFAS	1.429299522
PFDN1	24.703446
PFDN2	97.13819045
PFDN4	5.125528203
PFDN5	95.14879481
PFDN6	11.33627811
PFKFB1	0.058978579
PFKFB2	1.264130106
PFKFB3	30.05105494
PFKFB4	2.941531289
PFKL	15.07773172
PFKM	6.515481218
PFKP	25.33977338
PFN1	300.5065528
PFN1P1	1.090392627
PFN1P10	0
PFN1P11	0
PFN1P12	0.045459894
PFN1P2	0.026258067
PFN1P3	0
PFN1P4	0
PFN1P6	0.060841061
PFN1P8	0
PFN1P9	0.056063703
PFN2	229.6230239
PFN3	0
PFN4	0.712635492
PGA3	0
PGA4	0
PGA5	0
PGAM1	17.35590763
PGAM1P1	0
PGAM1P10	0
PGAM1P11	0.035699387
PGAM1P12	0
PGAM1P13	0
PGAM1P2	0.033483563
PGAM1P3	0
PGAM1P4	0
PGAM1P5	0.010255844
PGAM1P6	0
PGAM1P7	0.131753505
PGAM1P8	0.09281234
PGAM1P9	0
PGAM2	0
PGAM3P	0
PGAM4	0.126931154
PGAM4P1	0
PGAM4P2	0
PGAM5	13.34788521
PGAM5P1	0
PGAP1	1.626488806
PGAP2	8.783125586
PGAP3	5.981228463
PGBD1	0.790914163
PGBD2	1.801885251
PGBD4	0.345115672
PGBD4P1	0.357871006
PGBD4P2	0
PGBD4P3	0
PGBD4P4	0
PGBD4P5	0
PGBD4P6	0
PGBD4P8	0
PGBD5	1.083772051
PGC	0.263734731
PGCP1	0
PGD	453.2806304
PGDP1	0.320080556
PGF	16.36016326
PGGHG	3.138288325
PGGT1B	2.023769308
PGGT1BP1	0.071189394
PGGT1BP2	0
PGK1	217.2115527
PGK1P2	0.499909045
PGK2	0
PGLS	17.90612039
PGLYRP1	0.067432176
PGLYRP2	0.091376097
PGLYRP3	1.303803702
PGLYRP4	0.854774057
PGM1	18.3521035
PGM2	27.40833937
PGM2L1	5.031266
PGM3	7.330663508
PGM5	0.140566938
PGM5-AS1	0
PGM5P2	0.036781187
PGM5P3-AS1	0
PGM5P4	0
PGM5P4-AS1	0.016916783
PGP	6.489512345
PGPEP1	1.904600279
PGPEP1L	0.046209867
PGR	0.08088689
PGRMC1	141.2765573
PGRMC2	9.477238066
PGS1	3.901694946
PHACTR1	1.081563931
PHACTR2	1.061948624
PHACTR2-AS1	0
PHACTR2P1	0
PHACTR3	0.075674501
PHACTR4	4.655220006
PHAX	5.187859067
PHB	29.29768147
PHB2	97.20918818
PHB2P1	0
PHBP1	0.030044039
PHBP10	0.061927508
PHBP11	0.090020704
PHBP12	0.029932902
PHBP13	0
PHBP14	0
PHBP15	0
PHBP16	0
PHBP17	0
PHBP18	0
PHBP19	0.032195734
PHBP2	0.03011859
PHBP20	0
PHBP21	0
PHBP3	0.059281033
PHBP4	0
PHBP5	0
PHBP6	0
PHBP7	0.059645168
PHBP8	0.033483563
PHBP9	0.176549696
PHC1	0.498267307
PHC1P1	0.055514238
PHC2	13.09661615
PHC3	3.393330239
PHEX	2.471668091
PHEX-AS1	0.012736403
PHF1	11.31420397
PHF10	7.7818729
PHF11	7.742511979
PHF12	2.791483602
PHF13	6.601428634
PHF14	2.662052611
PHF19	3.616279514
PHF2	7.528089822
PHF20	2.962061263
PHF20L1	2.085214892
PHF21A	2.275700339
PHF21B	0.012658917
PHF23	13.4680203
PHF24	0.066817363
PHF2P2	0
PHF3	4.14963236
PHF5A	55.82401323
PHF5CP	0.149388204
PHF6	4.636466805
PHF7	0.771098514
PHF8	2.899822884
PHGDH	3.998432953
PHGR1	0
PHIP	3.073832526
PHKA1	2.117901276
PHKA1-AS1	0
PHKA1P1	0.234546698
PHKA2	2.333725355
PHKA2-AS1	0.078308333
PHKB	9.509408381
PHKBP1	0
PHKBP2	0
PHKG1	0.105469587
PHKG1P1	0
PHKG1P2	0
PHKG1P4	0
PHKG2	4.193025893
PHLDA1	19.29952489
PHLDA2	20.74227844
PHLDA3	20.87947709
PHLDB1	1.089618527
PHLDB2	4.420485671
PHLDB3	1.535551936
PHLPP1	1.925158372
PHLPP2	0.299242761
PHOSPHO1	0.102212982
PHOSPHO2	2.071907976
PHOX2A	0
PHOX2B	0.007851094
PHPT1	31.76005273
PHRF1	5.996308907
PHTF1	1.080043382
PHTF2	8.746060805
PHYH	5.851700776
PHYHD1	0.807798138
PHYHIP	0.069857793
PHYHIPL	0.017793
PHYKPL	2.218953572
PI15	1.492629488
PI16	0.062458619
PI3	188.777369
PI4K2A	5.105464028
PI4K2B	7.748985603
PI4KA	5.141562992
PI4KAP1	0.141254433
PI4KAP2	0.259840334
PI4KB	22.61153114
PIANP	0.066895361
PIAS1	3.014173195
PIAS2	2.349026595
PIAS3	10.41753436
PIAS4	5.213324646
PIBF1	3.139330066
PICALM	27.31783443
PICK1	2.949058497
PICSAR	0
PID1	3.261760884
PIDD1	1.728947655
PIEZO1	4.850643943
PIEZO1P1	0
PIEZO1P2	0
PIEZO2	0.267431743
PIF1	1.157469818
PIFO	0.723538857
PIGA	7.186765026
PIGB	3.848176996
PIGBOS1	15.17841965
PIGC	12.35383268
PIGCP1	2.251255203
PIGCP2	0
PIGF	6.163988989
PIGFP1	0.18587736
PIGFP2	0
PIGFP3	0
PIGG	3.585076953
PIGH	9.168925257
PIGHP1	0.300759438
PIGK	4.486997878
PIGL	0.973071901
PIGM	6.17147265
PIGN	8.044233874
PIGO	4.909668516
PIGP	1.384900115
PIGPP2	0
PIGPP3	0
PIGPP4	0
PIGQ	2.777785472
PIGQP1	0
PIGR	9.591518141
PIGS	14.40729522
PIGT	45.89165032
PIGU	11.35253707
PIGUP1	0.096140924
PIGV	4.766110957
PIGW	5.238460973
PIGX	20.54087811
PIGY	0
PIGZ	2.706527185
PIH1D1	12.52768765
PIH1D2	0.441552645
PIH1D3	0.213715647
PIK3AP1	4.009672856
PIK3C2A	7.448310192
PIK3C2B	1.21713143
PIK3C2G	0.012291435
PIK3C3	2.707058516
PIK3CA	7.346388376
PIK3CB	5.28496455
PIK3CD	2.047245963
PIK3CD-AS1	0.05326513
PIK3CD-AS2	1.706271025
PIK3CDP1	0
PIK3CG	0.896518166
PIK3IP1	7.643140261
PIK3IP1-AS1	0.117084807
PIK3R1	13.36543673
PIK3R2	0.177076535
PIK3R3	1.572507415
PIK3R4	5.152239667
PIK3R5	0.56921165
PIK3R6	0.286075897
PIKFYVE	1.783914719
PILRA	2.214572148
PILRB	0.627526353
PIM1	13.030696
PIM2	23.15016683
PIM3	35.34311852
PIMREG	4.832758685
PIN1	9.779288557
PIN1P1	0
PIN4	1.730944104
PIN4P1	0.061301978
PINCR	0
PINK1	2.208696571
PINK1-AS	0.573697105
PINLYP	0.190396731
PINX1	1.992642448
PIP	2.738783748
PIP4K2A	8.444925766
PIP4K2B	9.912035201
PIP4K2C	22.0386092
PIP4P1	9.185528333
PIP4P2	3.586705544
PIP5K1A	22.38473761
PIP5K1B	0.982277564
PIP5K1C	5.639159233
PIP5K1P1	0.014659169
PIP5K1P2	0
PIP5KL1	0.610340913
PIPOX	0.645913522
PIPSL	0.543483206
PIR	44.16377998
PIRT	0
PISD	7.837878228
PISRT1	0
PITHD1	24.16453297
PITPNA	18.14579548
PITPNA-AS1	6.046501355
PITPNB	20.13893675
PITPNC1	3.402741937
PITPNM1	4.449331581
PITPNM2	1.197747365
PITPNM2-AS1	0
PITPNM3	0.835195388
PITRM1	12.9221653
PITRM1-AS1	0.072215694
PITX1	47.63158439
PITX2	0.401071103
PITX3	0.157067037
PIWIL1	0
PIWIL2	0.084422129
PIWIL3	0.019149816
PIWIL4	0.537918803
PJA1	4.454807058
PJA2	20.94856731
PJVK	0.385326718
PKD1	0.949697703
PKD1L1	0.022906296
PKD1L2	0.203197456
PKD1L3	0.018677117
PKD1P1	0
PKD1P5	0.070767418
PKD1P6	0.290580547
PKD2	4.755329779
PKD2L1	0.182165877
PKD2L2	0.00521719
PKDCC	1.768870522
PKDREJ	0.022088793
PKHD1	0.005563328
PKHD1L1	0.068964725
PKIA	5.435519582
PKIA-AS1	0.009139903
PKIB	0.834650006
PKIG	11.51534076
PKLR	0
PKM	338.7705645
PKMP1	0.350665024
PKMP2	0.086853607
PKMP3	0.067903729
PKMP4	0.555323799
PKMP5	0.090976577
PKMYT1	2.599233086
PKN1	12.0956282
PKN2	6.64173199
PKN2-AS1	0.054050839
PKN3	1.898890065
PKNOX1	3.293656088
PKNOX2	0.196788913
PKNOX2-AS1	0
PKP1	188.5217326
PKP2	0.927180447
PKP3	33.23710034
PKP4	7.803867277
PKP4-AS1	0.256228492
PKP4P1	0.022498224
PLA1A	0.529168027
PLA2G10	0.043504629
PLA2G12A	4.016522472
PLA2G12AP1	0.170954811
PLA2G12AP2	0
PLA2G12B	0
PLA2G15	3.148647554
PLA2G16	1.78312918
PLA2G1B	0
PLA2G2A	0.518647475
PLA2G2C	0.007360698
PLA2G2D	3.884455502
PLA2G2E	0
PLA2G2F	0.101776513
PLA2G3	0.306032566
PLA2G4A	11.09499699
PLA2G4B	0.032760571
PLA2G4C	0.33405082
PLA2G4C-AS1	0
PLA2G4D	0.009449429
PLA2G4E	0.100053924
PLA2G4E-AS1	0.029142357
PLA2G4F	1.781986119
PLA2G5	0.605260034
PLA2G6	1.232099
PLA2G7	5.3559653
PLA2R1	2.817502672
PLAA	6.787100883
PLAC1	0.582816716
PLAC4	0.009701502
PLAC8	2.091745037
PLAC8L1	0.037005462
PLAC9	0.66562083
PLAC9P1	0
PLAG1	1.372920128
PLAGL1	0.54849064
PLAGL2	9.957031504
PLAT	19.82982818
PLAU	104.8458325
PLAUR	11.20914298
PLB1	0.527473828
PLBD1	22.94260505
PLBD1-AS1	2.973351636
PLBD2	12.65468616
PLCB1	1.07549077
PLCB1-IT1	0
PLCB2	0.98093173
PLCB2-AS1	0.042738703
PLCB3	4.523552473
PLCB4	1.224333762
PLCD1	1.958252888
PLCD3	0.666317937
PLCD4	0.438590731
PLCE1	0.340575742
PLCE1-AS1	0
PLCE1-AS2	0
PLCE1P1	0
PLCG1	2.845738456
PLCG1-AS1	0.016604366
PLCG2	1.08205119
PLCH1	0.636248382
PLCH1-AS1	0
PLCH1-AS2	0
PLCH2	1.447843429
PLCL1	0.169653396
PLCL2	0.669866463
PLCL2-AS1	0
PLCXD1	1.525311238
PLCXD2	1.890957627
PLCXD2-AS1	0
PLCXD3	0.034540346
PLCZ1	0
PLD1	4.61951568
PLD2	4.434962319
PLD3	73.20605564
PLD4	0.409654881
PLD5	0.022889497
PLD6	3.612889534
PLEC	14.05014922
PLEK	11.32469875
PLEK2	8.950012278
PLEKHA1	4.963206041
PLEKHA2	8.351568234
PLEKHA3	1.210957015
PLEKHA3P1	0.135769481
PLEKHA4	1.70200142
PLEKHA5	4.059462077
PLEKHA6	0.375619638
PLEKHA7	1.183989281
PLEKHA8	1.274399232
PLEKHA8P1	0.648744034
PLEKHB1	0.482263766
PLEKHB2	26.13377664
PLEKHD1	0
PLEKHF1	1.231435777
PLEKHF2	11.96367601
PLEKHG1	3.924519807
PLEKHG2	1.385291434
PLEKHG3	6.868909777
PLEKHG4	2.25595963
PLEKHG4B	1.133908255
PLEKHG5	2.887110547
PLEKHG6	5.145739823
PLEKHG7	0.20644568
PLEKHH1	0.350096236
PLEKHH2	0.281384493
PLEKHH3	4.114162969
PLEKHJ1	7.118404101
PLEKHM1	3.27600744
PLEKHM1P1	1.378740764
PLEKHM2	15.26499556
PLEKHM3	0.422320069
PLEKHN1	0.8568861
PLEKHO1	6.977612419
PLEKHO2	10.14414468
PLEKHS1	1.258267919
PLET1	0.019979904
PLG	0.007609901
PLGLA	0
PLGLB1	0.022617003
PLGLB2	0
PLGRKT	14.84501506
PLIN1	0.070326946
PLIN2	10.91589831
PLIN3	32.43072938
PLIN4	0.068910345
PLIN5	0.060499896
PLK1	14.48885124
PLK2	8.991333885
PLK3	3.265585785
PLK4	2.182744319
PLK5	0.051584325
PLLP	1.81231705
PLN	3.688044627
PLOD1	52.00085458
PLOD2	35.74663765
PLOD3	8.942284137
PLP1	0.007988017
PLP2	150.0189287
PLPBP	17.41355284
PLPP1	13.96809352
PLPP2	14.86111422
PLPP3	11.09071764
PLPP4	1.264778285
PLPP5	18.64757745
PLPP6	3.438491237
PLPP7	0.489507645
PLPPR1	9.487922141
PLPPR2	10.21310055
PLPPR3	0.035425878
PLPPR4	0.65289926
PLPPR5	0.03186469
PLRG1	11.14493997
PLS1	3.718832261
PLS1-AS1	0
PLS3	35.39139913
PLS3-AS1	0.233981525
PLSCR1	21.45088978
PLSCR2	0.037975101
PLSCR3	0.102790049
PLSCR4	4.427838813
PLSCR5	0
PLSCR5-AS1	0
PLTP	34.41190506
PLUT	0
PLVAP	19.59950558
PLXDC1	1.538648586
PLXDC2	3.086845069
PLXNA1	7.098123748
PLXNA2	5.458967592
PLXNA3	2.682545233
PLXNA4	0.164585251
PLXNB1	7.210593967
PLXNB2	55.4688881
PLXNB3	2.407810809
PLXNC1	2.413563093
PLXND1	3.953694289
PM20D1	0.046433786
PM20D2	4.687023183
PMAIP1	62.70377714
PMCH	0.253530895
PMCHL1	0
PMCHL2	0
PMEL	0.516501771
PMEPA1	4.678849729
PMF1	20.23928585
PMF1-BGLAP	1.952653665
PMFBP1	0.038390485
PML	12.75441482
PMM1	5.249678464
PMM2	2.479951667
PMM2P1	0
PMP2	0.020184798
PMP22	18.09257142
PMPCA	6.859049462
PMPCAP1	0
PMPCB	13.99297837
PMS1	2.428449496
PMS2	3.336659177
PMS2CL	0.70717734
PMS2P1	16.92780132
PMS2P10	0.198329928
PMS2P11	0
PMS2P2	0.064562721
PMS2P3	1.166689871
PMS2P4	3.412322547
PMS2P5	1.787736749
PMS2P6	0.068381925
PMS2P7	0.090851734
PMS2P9	0.09427411
PMVK	50.42873108
PNCK	4.644356326
PNISR	2.570487239
PNKD	8.630381919
PNKDP1	0.112909689
PNKP	5.548704736
PNLDC1	0.077030409
PNLIP	0
PNLIPP1	0
PNLIPRP1	0
PNLIPRP2	0.015422861
PNLIPRP3	0.134062269
PNMA1	15.2401924
PNMA2	0.391611846
PNMA3	0.369185764
PNMA5	0
PNMA6A	1.131908136
PNMA6B	0.222526179
PNMA6E	0.019640439
PNMA6F	0
PNMA8A	1.45811133
PNMA8B	0.537889784
PNMA8C	0
PNMT	0.13329078
PNN	12.53939909
PNO1	28.97818311
PNOC	0.525247802
PNP	15.99408443
PNPLA1	0.07565433
PNPLA2	6.152593821
PNPLA3	0.698523898
PNPLA4	10.68097442
PNPLA4P1	0
PNPLA5	0
PNPLA6	4.425003546
PNPLA7	0.128970119
PNPLA8	9.439552825
PNPO	11.96384912
PNPT1	10.96042109
PNPT1P1	0
PNPT1P2	0
PNRC1	41.15977061
PNRC2	17.1936268
PNRC2P1	1.73397023
POC1A	6.438917489
POC1B	3.536141438
POC1B-AS1	0.129815953
POC1B-GALNT4	0.013241227
POC5	3.68217228
PODN	3.710696292
PODNL1	1.671567271
PODXL	3.690425438
PODXL2	15.43598384
POF1B	1.916017737
POFUT1	21.03052782
POFUT2	4.969413146
POGK	15.69522201
POGLUT1	2.657760767
POGZ	6.820417948
POLA1	3.540189219
POLA2	6.787497159
POLB	16.35911806
POLD1	4.007619955
POLD2	31.78491789
POLD2P1	0.852202019
POLD3	4.288333782
POLD4	5.461807179
POLDIP2	69.19857432
POLDIP3	25.2399557
POLE	1.104963629
POLE2	3.770725109
POLE3	86.7451236
POLE4	30.50530053
POLG	11.01440026
POLG2	2.40033069
POLH	3.44932722
POLH-AS1	0.343291076
POLHP1	0
POLI	1.896730185
POLK	2.618190304
POLL	1.710935939
POLM	2.375079348
POLN	0.110043442
POLQ	1.033003541
POLR1A	4.230584663
POLR1B	5.634512837
POLR1C	12.75166666
POLR1D	22.99851752
POLR1E	8.223933646
POLR2A	18.60827882
POLR2B	16.13435644
POLR2C	24.14003428
POLR2CP1	0
POLR2D	11.6779212
POLR2E	19.58014153
POLR2F	0.010341771
POLR2G	62.14700789
POLR2H	32.70181872
POLR2I	15.13158891
POLR2J	24.34724546
POLR2J2	0
POLR2J3	0.393851645
POLR2J4	0.647803485
POLR2J4	0.160790215
POLR2K	27.75163108
POLR2KP1	0
POLR2KP2	0
POLR2L	87.068992
POLR2LP1	0
POLR2M	5.431911
POLR3A	2.542715569
POLR3B	1.918860427
POLR3C	19.99932581
POLR3D	5.395054763
POLR3DP1	0.020642503
POLR3E	4.497942169
POLR3F	7.470047978
POLR3G	1.377166702
POLR3GL	8.082865118
POLR3GP1	0.093009897
POLR3GP2	0
POLR3H	6.258491275
POLR3K	11.10328422
POLR3KP1	0
POLR3KP2	0
POLRMT	6.798489836
POLRMTP1	0.092654898
POM121	3.736986543
POM121B	0.039043962
POM121C	4.325135278
POM121L10P	0
POM121L12	0
POM121L13P	0
POM121L14P	0
POM121L1P	0
POM121L2	0.007237801
POM121L3P	0
POM121L4P	0.012837432
POM121L6P	0
POM121L7P	0
POM121L8P	0
POM121L9P	0.047256343
POMC	5.113972017
POMGNT1	13.07779483
POMGNT2	7.397319774
POMK	1.939977348
POMP	101.6242552
POMT1	2.2607062
POMT2	1.687555525
POMZP3	5.035129029
PON1	0.02571566
PON2	22.04966674
PON3	1.099611814
POP1	1.986275049
POP4	5.561154294
POP5	8.345080839
POP7	40.61491808
POPDC2	0.635434489
POPDC3	3.94913794
POR	20.93133566
PORCN	1.837593949
POSTN	106.3922751
POT1	6.409544356
POT1-AS1	0.161734533
POTEA	0
POTEB	0
POTEB2	0
POTEB3	0
POTEC	0
POTED	0
POTEE	0.023163724
POTEF	0.033322695
POTEG	0.009675402
POTEH	0
POTEH-AS1	0
POTEI	0.006913166
POTEJ	0.007175756
POTEKP	0.027093285
POTEM	0
POU1F1	0
POU2AF1	4.265248777
POU2F1	1.101824541
POU2F2	0.53715488
POU2F3	0.306869675
POU3F1	0.253552251
POU3F2	0.287402292
POU3F3	0
POU3F4	0.00625982
POU4F1	0
POU4F2	0.015442483
POU4F3	0
POU5F1	0.353896041
POU5F1B	0.009058053
POU5F1P2	0
POU5F1P3	0.022519094
POU5F1P4	0
POU5F1P5	0
POU5F1P6	0.147124747
POU5F1P7	0
POU5F2	0.003553218
POU6F1	0.427372832
POU6F2	0.144515074
POU6F2-AS1	0
POU6F2-AS2	2.597581862
PP2D1	0.057730281
PPA1	55.27847465
PPA2	15.02749361
PPAN	1.550705084
PPAN-P2RY11	0.00912273
PPARA	1.871307913
PPARD	10.70805398
PPARG	1.361976617
PPARGC1A	0.033498965
PPARGC1B	0.329600982
PPAT	4.257934618
PPATP1	0
PPATP2	0
PPBP	0.067903729
PPBPP1	0
PPBPP2	0
PPCDC	4.783208013
PPCS	21.41687554
PPDPF	89.8462856
PPDPFL	0
PPEF1	0.414612865
PPEF1-AS1	0
PPEF2	0
PPFIA1	4.003024423
PPFIA2	0.033979587
PPFIA2-AS1	0
PPFIA3	1.143974159
PPFIA4	0.222574112
PPFIBP1	6.834126978
PPFIBP2	1.991622664
PPHLN1	6.025457389
PPIA	131.0728128
PPIAL4A	0.036781187
PPIAL4C	0.040459305
PPIAL4D	0.098083165
PPIAL4E	0.03092431
PPIAL4F	0
PPIAL4G	0.006295535
PPIAP1	0.048942708
PPIAP10	0
PPIAP11	1.871140289
PPIAP13	0.253928695
PPIAP14	0.489427081
PPIAP15	0.150468491
PPIAP16	0.199388774
PPIAP17	0
PPIAP19	0.246703081
PPIAP2	0.148021849
PPIAP20	0
PPIAP21	0.387634063
PPIAP22	107.4365169
PPIAP23	0.146532695
PPIAP24	0.051540516
PPIAP25	0.044954784
PPIAP26	0.139514846
PPIAP27	0
PPIAP28	0.100105498
PPIAP29	2.237829315
PPIAP3	0.336493233
PPIAP30	0.093547527
PPIAP31	0.784665316
PPIAP32	0
PPIAP33	0.04373979
PPIAP34	0.197362465
PPIAP35	0.246703081
PPIAP36	0.074694102
PPIAP37	0
PPIAP38	0.100520013
PPIAP39	0.194984604
PPIAP4	0.331633651
PPIAP40	0.544962072
PPIAP41	0.050574132
PPIAP42	0.299083161
PPIAP43	0.096331679
PPIAP44	0.281184362
PPIAP45	0.611989493
PPIAP46	0.019672272
PPIAP47	0
PPIAP48	0
PPIAP49	0.097296927
PPIAP5	0
PPIAP50	0.196563427
PPIAP51	0.53728655
PPIAP52	0.098681233
PPIAP53	0.347503236
PPIAP54	0.049847193
PPIAP55	0.297252039
PPIAP56	0
PPIAP57	0
PPIAP58	0.205725282
PPIAP59	0.049240534
PPIAP6	0.29189078
PPIAP60	0.098681233
PPIAP62	0.050468988
PPIAP63	0
PPIAP64	0.050260007
PPIAP65	0.246703081
PPIAP66	0.048746151
PPIAP67	0
PPIAP68	0
PPIAP69	0
PPIAP7	0.049643319
PPIAP70	0.049041582
PPIAP71	0.049240534
PPIAP72	0.096331679
PPIAP73	0.180711538
PPIAP74	0.297252039
PPIAP75	0.100312327
PPIAP76	0
PPIAP77	0.632430024
PPIAP78	0.247710033
PPIAP79	0.129125443
PPIAP8	0
PPIAP80	0.049542007
PPIAP81	0
PPIAP82	0.14594539
PPIAP83	0
PPIAP84	0
PPIAP85	0
PPIAP86	0.046683814
PPIAP87	0.14862602
PPIAP88	0.052093526
PPIAP89	0.100728561
PPIAP9	0.097492302
PPIAP90	0
PPIAP91	0.049140857
PPIB	225.6193791
PPIC	33.20825731
PPID	8.51435362
PPIE	5.786918859
PPIEL	0.328451925
PPIF	101.0877409
PPIG	7.943598146
PPIH	22.56082595
PPIHP1	0.095198366
PPIL1	52.27968143
PPIL1P1	0
PPIL2	4.557606236
PPIL3	6.714523018
PPIL4	7.880848822
PPIL6	0.514657533
PPIP5K1	1.235574576
PPIP5K2	1.499829027
PPL	6.648465089
PPM1A	8.277441698
PPM1AP1	0.128329074
PPM1B	7.095045862
PPM1D	2.656645903
PPM1E	0.025975097
PPM1F	3.344122294
PPM1G	42.93313679
PPM1H	2.96613738
PPM1J	0.36320462
PPM1K	0.851812304
PPM1L	1.669470494
PPM1M	7.375807278
PPM1N	0.4343356
PPME1	9.996008752
PPOX	3.614727607
PPP1CA	106.4239419
PPP1CB	115.1067238
PPP1CC	25.56212586
PPP1R10	13.42023134
PPP1R10P1	0
PPP1R11	27.06851872
PPP1R11P1	0.710189935
PPP1R11P2	0
PPP1R12A	7.160228068
PPP1R12A-AS1	0.142620928
PPP1R12B	0.381713585
PPP1R12BP1	0
PPP1R12BP2	0
PPP1R12C	3.374576285
PPP1R13B	6.023871331
PPP1R13L	5.37902927
PPP1R14A	2.102482224
PPP1R14B	46.43897068
PPP1R14BP2	0.765446318
PPP1R14BP3	30.49449667
PPP1R14BP5	0.055805938
PPP1R14C	17.14632272
PPP1R14D	0.139035414
PPP1R15A	33.95285257
PPP1R15B	22.66402259
PPP1R16A	3.040052719
PPP1R16B	1.187227742
PPP1R17	0
PPP1R18	10.89471706
PPP1R1A	0.054866964
PPP1R1AP1	0
PPP1R1AP2	0
PPP1R1B	0.159918203
PPP1R1C	0.273205868
PPP1R2	23.3473713
PPP1R21	6.842129338
PPP1R26	2.406393105
PPP1R26-AS1	0.39488282
PPP1R26P1	0.006718955
PPP1R26P2	0
PPP1R26P3	0
PPP1R26P4	0
PPP1R26P5	0
PPP1R27	0.050260007
PPP1R2B	0.237995914
PPP1R2C	0
PPP1R2P1	0.07160939
PPP1R2P10	0
PPP1R2P2	0.039601278
PPP1R2P4	0
PPP1R2P5	0
PPP1R2P6	0.123855016
PPP1R32	0.647348886
PPP1R35	13.70230898
PPP1R36	0.18836534
PPP1R37	3.689590751
PPP1R3A	0
PPP1R3B	4.349935705
PPP1R3C	0.173122226
PPP1R3D	3.036119774
PPP1R3E	1.51831784
PPP1R3F	1.832448769
PPP1R3G	0.806382732
PPP1R42	0.075524037
PPP1R7	11.87134445
PPP1R8	20.14210328
PPP1R8P1	0.046504949
PPP1R9A	0.637857222
PPP1R9B	11.26233433
PPP2CA	38.04504051
PPP2CB	17.79277689
PPP2R1A	32.37397262
PPP2R1B	5.935235599
PPP2R2A	9.952342263
PPP2R2B	0.185660602
PPP2R2B-IT1	0
PPP2R2C	5.149126208
PPP2R2D	3.4804601
PPP2R2DP1	0
PPP2R3A	3.305097269
PPP2R3B	0.842846095
PPP2R3C	5.014733473
PPP2R5A	46.0061968
PPP2R5B	6.205517866
PPP2R5C	12.9846933
PPP2R5D	18.04919645
PPP2R5E	7.329175865
PPP3CA	7.98630831
PPP3CB	11.62788046
PPP3CB-AS1	0.900676641
PPP3CC	6.489678163
PPP3R1	28.9386896
PPP3R2	0
PPP4C	73.41277324
PPP4R1	12.39305693
PPP4R1-AS1	0.384310025
PPP4R1L	0.438225316
PPP4R2	9.007690419
PPP4R3A	12.59357472
PPP4R3B	19.12030846
PPP4R3C	0
PPP4R4	2.01076403
PPP5C	9.426175606
PPP5D1	0.123442384
PPP6C	21.27050314
PPP6R1	11.97738027
PPP6R2	9.889043902
PPP6R2P1	0
PPP6R3	8.619951223
PPRC1	2.995117076
PPT1	144.7429814
PPT2	2.592698344
PPT2-EGFL8	0.057253734
PPTC7	7.393231956
PPWD1	4.132697911
PPY	0.024595322
PPY2P	0.028694543
PQBP1	23.10198697
PQLC1	6.504462489
PQLC1P1	0
PQLC2	4.952725094
PQLC2L	0.595438834
PQLC3	20.78630159
PRAC1	0
PRAC2	0.073898275
PRADC1	23.51643207
PRADC1P1	0.508631267
PRAF2	9.410983586
PRAG1	4.291788469
PRAL	0.014775157
PRAM1	0.212887124
PRAME	19.70984439
PRAMEF1	0
PRAMEF10	0
PRAMEF11	0
PRAMEF12	0
PRAMEF13	0
PRAMEF14	0
PRAMEF15	0
PRAMEF17	0
PRAMEF18	0
PRAMEF19	0
PRAMEF2	0
PRAMEF20	0
PRAMEF25	0
PRAMEF26	0
PRAMEF27	0
PRAMEF28P	0
PRAMEF29P	0
PRAMEF30P	0
PRAMEF31P	0
PRAMEF32P	0
PRAMEF33	0
PRAMEF34P	0
PRAMEF35P	0
PRAMEF36P	0
PRAMEF4	0
PRAMEF5	0
PRAMEF6	0
PRAMEF7	0
PRAMEF7	0
PRAMEF8	0
PRAMEF9	0
PRAMENP	0.023964051
PRAP1	0.082123083
PRB1	0.018516845
PRB2	0
PRB3	0.332782165
PRB4	0
PRC1	20.69026631
PRC1-AS1	0.283372567
PRCC	39.00757664
PRCD	0.096095617
PRCP	14.1408402
PRDM1	8.305306301
PRDM10	1.220007427
PRDM11	1.235177303
PRDM12	0.03921742
PRDM13	0.941086407
PRDM14	0
PRDM15	0.451760315
PRDM16	0.238605098
PRDM2	4.46708068
PRDM4	4.273762924
PRDM5	0.709111289
PRDM6	0.246650311
PRDM7	0.005915103
PRDM8	0.195770832
PRDM9	0.006282501
PRDX1	1013.577373
PRDX1P1	0.977540264
PRDX2	273.6193424
PRDX2P1	0.123644736
PRDX2P2	0.040765043
PRDX2P3	0.12427773
PRDX2P4	0.161837221
PRDX3	50.67536877
PRDX3P1	0.349975643
PRDX3P2	0.079461811
PRDX3P3	0
PRDX3P4	0
PRDX4	135.3134268
PRDX4P1	0
PRDX5	287.5283804
PRDX6	350.85243
PREB	34.52544139
PRELID1	30.95622372
PRELID1P1	0.967797338
PRELID1P2	0
PRELID1P3	0
PRELID1P4	0.094826497
PRELID2	0.59616316
PRELID2P1	0
PRELID3A	1.019519386
PRELID3B	31.71237593
PRELID3BP1	0
PRELID3BP10	0.041567779
PRELID3BP11	0
PRELID3BP2	0
PRELID3BP3	0
PRELID3BP4	0
PRELID3BP5	0
PRELID3BP6	0
PRELID3BP7	0
PRELID3BP8	0
PRELP	3.932585345
PREP	11.17631848
PREPL	6.243824115
PREX1	3.254038005
PREX2	0.132873486
PRF1	12.8850274
PRG2	0.052830431
PRG3	0
PRG4	0.062565936
PRH1	0.162559709
PRH2	0.032068142
PRICKLE1	0.704832704
PRICKLE2	0.564742539
PRICKLE2-AS1	0
PRICKLE2-AS1	0
PRICKLE2-AS2	0
PRICKLE2-AS3	0
PRICKLE3	4.955441534
PRICKLE4	0.042489352
PRIM1	5.000550995
PRIM2	4.405703661
PRIMA1	1.010443084
PRIMPOL	3.594801454
PRKAA1	13.28998484
PRKAA2	0.690325544
PRKAB1	4.49288732
PRKAB2	13.0492375
PRKACA	10.59686103
PRKACB	6.727186137
PRKACG	0
PRKAG1	20.98804265
PRKAG2	2.83815424
PRKAG2-AS1	1.127155197
PRKAG3	0.029124875
PRKAR1A	34.3616414
PRKAR1AP1	0.062673623
PRKAR1B	7.513484897
PRKAR2A	7.588860076
PRKAR2A-AS1	0.198319802
PRKAR2B	2.917792425
PRKCA	1.232064213
PRKCA-AS1	0
PRKCB	1.056932337
PRKCD	10.46509241
PRKCE	1.788572441
PRKCG	0.007180001
PRKCH	4.965898622
PRKCI	14.49635923
PRKCQ	0.582024605
PRKCQ-AS1	0.280678634
PRKCSH	37.89359332
PRKCZ	1.796189696
PRKCZ-AS1	0.167997116
PRKD1	2.560004631
PRKD2	7.23453389
PRKD3	5.523856353
PRKDC	9.21140052
PRKG1	1.173999029
PRKG1-AS1	0.025348677
PRKG2	0.417562808
PRKN	0.183342841
PRKRA	11.73432784
PRKRIP1	5.103389654
PRKX	21.20915415
PRKX-AS1	0.23522852
PRKXP1	0.021635992
PRKY	0.35745907
PRL	0.017797348
PRLH	0
PRLHR	0
PRLR	0.027779505
PRM1	0
PRM2	0
PRM3	0.057253734
PRMT1	36.93472284
PRMT1P1	0.024059052
PRMT2	9.748319746
PRMT3	8.045977097
PRMT5	23.65941612
PRMT5-AS1	0.022801111
PRMT5P1	0
PRMT6	1.373389265
PRMT7	1.865970501
PRMT8	0.014615041
PRMT9	2.005348004
PRND	0
PRNP	83.08703649
PRNT	0
PROB1	0.782013126
PROC	0.272431395
PROCA1	0.135730119
PROCR	11.3994393
PRODH	0.381726354
PRODH2	0
PROK1	0
PROK2	0.240948717
PROKR1	0.045449255
PROKR2	0
PROM1	0.424512486
PROM2	19.39083779
PROP1	0
PRORSD1P	0.748974437
PRORY	0
PROS1	4.960352859
PROS2P	0
PROSER1	3.95909375
PROSER2	7.52191836
PROSER2-AS1	0.037073279
PROSER3	1.116515681
PROX1	0.394260704
PROX1-AS1	0.099084013
PROX2	0.063799167
PROZ	0.029142357
PRPF18	7.198068375
PRPF19	56.24419536
PRPF19P1	0
PRPF3	10.43222067
PRPF31	12.65091187
PRPF38A	6.757519188
PRPF38AP1	0
PRPF38AP2	0.02852595
PRPF38B	4.110615346
PRPF39	5.576690143
PRPF4	27.14457686
PRPF40A	13.27570957
PRPF40B	0.67346493
PRPF4B	9.152379829
PRPF6	16.4681601
PRPF8	15.80959383
PRPH	0.061344226
PRPH2	0.20392795
PRPS1	33.21921914
PRPS1L1	0
PRPS1P1	0
PRPS1P2	0.362708821
PRPS2	33.58797156
PRPSAP1	9.372285263
PRPSAP2	17.80414553
PRR11	4.968164703
PRR12	3.200009912
PRR13	22.62481004
PRR13P1	0
PRR13P2	0.358752461
PRR13P3	0.129125443
PRR13P4	0.115323436
PRR13P5	2.636262431
PRR13P7	0.056454845
PRR14	7.854974984
PRR14L	3.003355668
PRR15	3.625415052
PRR15L	1.598129244
PRR16	1.505214263
PRR18	0.223560468
PRR19	0.952168507
PRR20A	0
PRR20B	0
PRR20C	0
PRR20D	0
PRR20E	0
PRR20FP	0
PRR22	0.645198225
PRR23A	0
PRR23B	0.012803578
PRR23C	0
PRR23D1	0
PRR23D2	0
PRR25	0
PRR26	0.007875716
PRR27	0
PRR29	0.234433445
PRR29-AS1	0.008296508
PRR3	3.209525835
PRR30	0
PRR31	0
PRR32	0
PRR34	0.1982032
PRR34-AS1	2.221004869
PRR35	0
PRR36	0.136196046
PRR4	0.19253602
PRR5	2.678780767
PRR5-ARHGAP8	0.101693048
PRR5L	13.77793455
PRR7	1.328855289
PRR7-AS1	0.0713568
PRR9	0.039504611
PRRC1	8.8783714
PRRC2A	21.38594989
PRRC2B	8.406504332
PRRC2C	16.06049288
PRRC2CP1	0
PRRG1	1.449464435
PRRG2	5.223317729
PRRG3	0.492072633
PRRG4	38.43707173
PRRT1	0.290554974
PRRT2	0.135883477
PRRT3	0.536170536
PRRT3-AS1	2.886184975
PRRT4	0.184555072
PRRX1	9.738494941
PRRX2	2.647908772
PRRX2-AS1	0.113172882
PRSS1	1.81979384
PRSS12	2.955472752
PRSS16	3.143435634
PRSS2	17.66840274
PRSS21	23.25124493
PRSS22	9.997024844
PRSS23	6.683290629
PRSS27	0.217295374
PRSS29P	0
PRSS3	0.248007761
PRSS30P	0.172167257
PRSS33	0.011494121
PRSS35	0.099490095
PRSS36	1.337298071
PRSS37	0.01101933
PRSS38	0.019159892
PRSS3P1	0
PRSS3P3	0
PRSS3P4	0
PRSS40A	0
PRSS40B	0
PRSS41	0
PRSS42	0.065362367
PRSS44	0.021182882
PRSS45	0.03758994
PRSS46P	0.07416166
PRSS48	0.024545585
PRSS50	2.042791558
PRSS51	0
PRSS53	0.202995242
PRSS54	0
PRSS55	0
PRSS56	0.010157148
PRSS57	0.022271177
PRSS58	0
PRSS8	26.37247745
PRTFDC1	9.453823091
PRTG	0.034998438
PRTN3	0.021182882
PRUNE1	28.30170019
PRUNE2	0.248453704
PRUNEP1	0
PRX	0.172585211
PRY	0
PRY2	0
PRYP1	0
PRYP2	0
PRYP3	0
PRYP4	0
PRYP5	0
PRYP6	0
PSAP	756.0443658
PSAPL1	0
PSAT1	31.79790745
PSAT1P1	0
PSAT1P2	0
PSAT1P3	0.04370042
PSAT1P4	0
PSCA	3.153209618
PSD	0.340884649
PSD2	0.016137104
PSD2-AS1	0
PSD3	2.747817939
PSD4	3.678720653
PSEN1	10.6039418
PSEN2	6.372987599
PSENEN	19.97308148
PSG1	0
PSG10P	0.040036696
PSG11	0
PSG2	0
PSG3	0
PSG4	0
PSG5	0.005189308
PSG6	0
PSG7	0
PSG8	0
PSG8-AS1	0
PSG9	0
PSIP1	3.758985108
PSKH1	7.629992211
PSKH2	0
PSMA1	58.44230834
PSMA2	6.42829818
PSMA2P1	0
PSMA2P2	0
PSMA2P3	0
PSMA3	72.28193054
PSMA3-AS1	2.490139458
PSMA3P	0
PSMA4	41.41700419
PSMA5	17.52812464
PSMA6	19.43613787
PSMA6P1	1.801831413
PSMA6P2	0.106161443
PSMA6P3	0
PSMA6P4	0
PSMA7	120.3652775
PSMA8	0
PSMB1	100.9868566
PSMB10	20.38467754
PSMB11	0
PSMB2	24.23047063
PSMB3	171.5556907
PSMB3P2	0.078561758
PSMB4	237.7162301
PSMB5	123.2621965
PSMB6	60.43748446
PSMB7	87.10410721
PSMB7P1	0
PSMB8	94.07696108
PSMB8-AS1	8.37389416
PSMB9	38.05703411
PSMC1	6.989917972
PSMC1P1	1.140216788
PSMC1P10	0.073174328
PSMC1P11	0.055297456
PSMC1P12	0
PSMC1P13	0
PSMC1P2	0.020162445
PSMC1P3	0
PSMC1P4	0.018293582
PSMC1P5	0.137150188
PSMC1P6	0
PSMC1P7	0
PSMC1P8	0
PSMC1P9	0.07273583
PSMC2	52.26317619
PSMC3	60.04900418
PSMC3IP	1.754861437
PSMC4	64.16198346
PSMC5	32.60713639
PSMC6	23.51960742
PSMD1	21.73429891
PSMD10	56.52785258
PSMD10P1	0.07129393
PSMD10P2	0.267991719
PSMD10P3	0.108373139
PSMD11	34.25554521
PSMD12	25.66948322
PSMD12P	0.071085163
PSMD13	43.92724582
PSMD14	22.59161836
PSMD2	97.90365416
PSMD3	38.58468001
PSMD4	80.35723285
PSMD4P1	0
PSMD5	13.90697333
PSMD6	7.652809091
PSMD6-AS1	0
PSMD6-AS2	0.01976839
PSMD7	38.81435404
PSMD7P1	0
PSMD8	77.93986766
PSMD8P1	0.094703186
PSMD9	2.672693571
PSME1	209.1980074
PSME2	60.10612718
PSME2P2	3.329222841
PSME2P6	0
PSME3	32.32346678
PSME4	12.96625722
PSMF1	26.61329988
PSMG1	13.5518564
PSMG2	11.00213411
PSMG3	28.44949727
PSMG3-AS1	0.672305688
PSMG4	1.300228013
PSORS1C1	0.226756875
PSORS1C2	0.084436811
PSORS1C3	0.081873805
PSPC1	9.716258874
PSPC1-AS2	0.129125443
PSPC1P1	0.584074183
PSPC1P2	0
PSPH	13.06943963
PSPHP1	0.093009897
PSPN	0.322764083
PSRC1	1.947148356
PSTK	0.539633756
PSTPIP1	2.379746072
PSTPIP2	10.28177008
PTAFR	4.353717007
PTAR1	3.215519875
PTBP1	35.18425369
PTBP1P	0.030325526
PTBP2	0.761837117
PTBP3	22.49594342
PTCD1	0.970186961
PTCD2	0.767441054
PTCD2P1	0
PTCD2P2	0
PTCD3	8.113356571
PTCH1	0.569176172
PTCH2	0.070719314
PTCHD1	0.009778684
PTCHD1-AS	0.021388179
PTCHD3	0.009598886
PTCHD3P1	0
PTCHD3P2	0
PTCHD3P3	0.026794242
PTCHD4	0.070336826
PTCRA	0.187055008
PTCSC2	1.784969354
PTCSC3	0.34011325
PTDSS1	60.54820208
PTDSS2	2.513732075
PTEN	2.183595163
PTENP1	0.170099182
PTENP1-AS	0.111228331
PTER	6.058283196
PTF1A	0
PTGDR	0.288137486
PTGDR2	0.067082786
PTGDS	13.85280338
PTGER1	0.153751055
PTGER2	0.451547444
PTGER3	0.1886117
PTGER4	2.457588707
PTGER4P2	0.096331679
PTGER4P3	0
PTGES	18.28350888
PTGES2	12.0379414
PTGES2-AS1	0
PTGES3	133.4621429
PTGES3L	0.27199533
PTGES3L-AARSD1	0.040747937
PTGES3P1	6.584060873
PTGES3P2	0.402914244
PTGES3P3	3.172949674
PTGES3P4	0.06818984
PTGES3P5	0
PTGFR	0.473770398
PTGFRN	17.20539604
PTGIR	0.698282428
PTGIS	3.041518672
PTGR1	272.6209304
PTGR2	0.926273492
PTGS1	2.05021765
PTGS2	3.865480038
PTH	0.025472805
PTH1R	0.237650742
PTH2	0
PTH2R	0.691218201
PTHLH	63.60389704
PTK2	9.037540659
PTK2B	10.3705977
PTK6	3.772723826
PTK7	15.36861779
PTMA	188.4196319
PTMAP1	0.363679149
PTMAP2	7.646437527
PTMAP3	0.073562373
PTMAP4	2.385461935
PTMAP5	4.115567895
PTMAP6	0
PTMAP8	0.212943712
PTMS	107.0758945
PTN	23.29775762
PTOV1	13.70133135
PTOV1-AS1	1.160930818
PTOV1-AS2	0.949191915
PTP4A1	43.24873573
PTP4A1P1	0
PTP4A1P2	0
PTP4A1P3	0
PTP4A1P4	0
PTP4A1P5	0
PTP4A1P6	0
PTP4A1P7	0.047228761
PTP4A2	15.38976097
PTP4A2P1	0.101571478
PTP4A2P2	0.193430942
PTP4A3	12.68203044
PTPA	13.85141297
PTPDC1	1.312917856
PTPMT1	8.230663069
PTPN1	17.5593986
PTPN11	7.772628132
PTPN12	14.12684021
PTPN13	3.555953692
PTPN14	2.477258812
PTPN18	6.714254659
PTPN2	4.756204428
PTPN20	5.441264769
PTPN20CP	0.316638042
PTPN21	0.469362953
PTPN22	0.991940331
PTPN23	8.00797955
PTPN2P1	0.022645134
PTPN2P2	0.023706624
PTPN3	3.227838929
PTPN4	1.81979384
PTPN5	0.013248454
PTPN6	10.33735656
PTPN7	1.566034068
PTPN9	9.23552077
PTPRA	18.33298128
PTPRB	0.529181672
PTPRC	7.400703425
PTPRCAP	0
PTPRD	1.336310964
PTPRD-AS1	0.165471097
PTPRD-AS2	0
PTPRE	1.158140864
PTPRF	36.95953013
PTPRG	2.038863649
PTPRG-AS1	0.064792482
PTPRH	2.520324132
PTPRJ	3.823025839
PTPRJ-AS1	0
PTPRK	2.106581166
PTPRM	1.093627284
PTPRN	0.117543073
PTPRN2	0.502288086
PTPRO	0.500427636
PTPRQ	0.050736749
PTPRR	0.174678448
PTPRS	10.44172036
PTPRT	0.037511525
PTPRU	1.40959687
PTPRVP	0.025762444
PTPRZ1	12.49395752
PTRH1	0.027010385
PTRH2	7.139274896
PTRHD1	12.49869621
PTS	13.33218133
PTTG1	23.27465256
PTTG1IP	51.16609355
PTTG2	0
PTTG3P	0
PTTG4P	0.068964725
PTX3	0.500527489
PTX4	0.01438127
PUDP	7.517155031
PUDPP1	0
PUDPP2	0.02183056
PUDPP3	0
PUF60	32.3629687
PUM1	9.675768632
PUM2	25.76454132
PUM3	12.27679107
PURA	1.952406365
PURB	8.619183809
PURG	0.025749757
PURPL	0
PUS1	2.731638377
PUS10	1.405578796
PUS3	7.669151912
PUS7	5.699627998
PUS7L	1.808952059
PUSL1	5.627565897
PVALB	0.693588092
PVALEF	0
PVR	13.23119313
PVRIG	0.085649739
PVRIG2P	0
PVT1	2.899104786
PWAR1	0
PWAR5	0.038169156
PWAR6	0.073594232
PWP1	21.49857804
PWP2	0.445391371
PWRN1	0
PWRN2	0
PWRN3	0
PWRN4	0
PWWP2A	1.484129358
PWWP2AP1	0.010679975
PWWP2B	4.029142443
PXDC1	11.84342318
PXDN	5.445131707
PXDNL	0.264167286
PXK	3.178405647
PXMP2	3.293065621
PXMP4	4.288417724
PXN	6.822571043
PXN-AS1	1.968566202
PXT1	0.011515931
PXYLP1	5.734986052
PYCARD	34.38919164
PYCARD-AS1	0.08867793
PYCR1	23.54378289
PYCR2	45.65993234
PYCR3	8.56829309
PYDC1	0
PYDC2	0
PYGB	40.0053364
PYGL	25.73272535
PYGM	0.077978183
PYGO1	1.974474362
PYGO2	20.06915296
PYHIN1	0.655908256
PYHIN5P	0
PYM1	18.59960149
PYROXD1	3.510948979
PYROXD2	0.232272195
PYURF	3.050054908
PYY	0.082220434
PYY2	7.603040469
PYY3	0
PZP	0.042882835
QARS	23.54028716
QDPR	6.531155603
QKI	4.590109125
QPCT	1.942793886
QPCTL	7.163120758
QPRT	0.859843557
QRFP	0.043924457
QRFPR	7.698506715
QRICH1	9.879751817
QRICH2	0.346984697
QRSL1	3.174122654
QRSL1P1	0
QRSL1P2	0
QRSL1P3	0
QSER1	7.215633163
QSOX1	20.8132296
QSOX2	6.618177765
QTRT1	4.75603263
QTRT1P1	0
QTRT2	2.561987303
R3HCC1	9.359483416
R3HCC1L	2.753181519
R3HDM1	4.410668766
R3HDM2	5.840772051
R3HDM2P1	0
R3HDM2P2	0
R3HDM4	28.4788631
R3HDML	0.017629327
RAB10	148.8358671
RAB11A	28.4155058
RAB11AP1	0
RAB11AP2	0
RAB11B	28.26582078
RAB11B-AS1	2.246961422
RAB11FIP1	4.330772136
RAB11FIP1P1	0.27554578
RAB11FIP2	1.814077462
RAB11FIP3	3.235719656
RAB11FIP4	0.558639827
RAB11FIP5	10.41083677
RAB12	18.19438726
RAB13	25.03447095
RAB14	31.70941655
RAB15	8.48176349
RAB17	0.938946873
RAB18	37.35545314
RAB19	0.26783492
RAB1A	121.3696899
RAB1B	84.83753896
RAB1C	0.320469745
RAB20	8.347730197
RAB21	4.377961254
RAB22A	4.729620898
RAB23	3.282082506
RAB24	4.11450563
RAB25	111.161882
RAB26	0.370768554
RAB27A	6.176089504
RAB27B	2.831933618
RAB28	6.743824784
RAB28P1	0
RAB28P2	0
RAB28P3	0
RAB28P4	0
RAB28P5	0.372896824
RAB29	5.496712429
RAB2A	28.93405647
RAB2B	6.448832218
RAB30	3.091895192
RAB30-AS1	3.387987942
RAB31	18.1262903
RAB32	33.75044109
RAB33A	1.331490653
RAB33B	2.346446588
RAB34	33.96976894
RAB35	12.10761311
RAB36	1.909182707
RAB37	0.578901374
RAB38	26.6285749
RAB39A	0.159184152
RAB39B	0.526374986
RAB3A	1.522231291
RAB3B	0.591580314
RAB3C	0.070393158
RAB3D	6.89191337
RAB3GAP1	8.953658315
RAB3GAP2	5.789623337
RAB3IL1	3.617917925
RAB3IP	0.706401763
RAB40A	0.157169756
RAB40AL	0.014171385
RAB40B	2.923730236
RAB40C	5.946937133
RAB41	0.090310949
RAB42	1.514440054
RAB42P1	0
RAB43	0.325879398
RAB43P1	0.865513154
RAB44	0.045727494
RAB4A	12.22579977
RAB4B	3.206325444
RAB4B-EGLN2	0.018752865
RAB5A	13.36600143
RAB5B	24.04343966
RAB5C	41.24475222
RAB5CP1	0
RAB5CP2	0
RAB6A	32.63518969
RAB6B	9.039168039
RAB6C	0.015788997
RAB6C-AS1	0
RAB6D	0.190396731
RAB7A	110.6562746
RAB7B	8.71971573
RAB8A	7.033418833
RAB8B	6.325656781
RAB9A	22.02982442
RAB9AP1	0
RAB9AP2	0
RAB9AP3	0
RAB9AP4	0
RAB9AP5	0
RAB9B	0.252600786
RAB9BP1	0
RABAC1	38.36246493
RABEP1	5.742730986
RABEP2	6.52878147
RABEPK	10.47825821
RABEPKP1	0
RABGAP1	5.985433583
RABGAP1L	2.626254006
RABGAP1L-IT1	0
RABGEF1	1.09639988
RABGGTA	12.68904251
RABGGTB	3.842710281
RABIF	11.14878637
RABL2A	1.094987192
RABL2B	2.712910152
RABL3	4.612568118
RABL6	3.954457324
RAC1	120.6373315
RAC1P1	0
RAC1P2	9.265809829
RAC1P3	0.041854454
RAC1P4	0.209633707
RAC1P5	0.126435329
RAC1P6	0
RAC1P7	0
RAC1P8	0.046063725
RAC1P9	0
RAC2	21.06376632
RAC3	6.835953362
RACGAP1	19.63362859
RACGAP1P	0
RACK1	119.4002058
RAD1	8.051198454
RAD17	4.103326521
RAD17P1	0
RAD17P2	0
RAD18	1.772955383
RAD1P1	0
RAD1P2	0
RAD21	45.09722767
RAD21-AS1	0.084541832
RAD21L1	0.008892155
RAD23A	49.37389955
RAD23B	52.01234385
RAD23BP1	0.039569003
RAD23BP2	0.020112331
RAD23BP3	0
RAD50	4.713005973
RAD51	4.502857688
RAD51AP1	7.724911939
RAD51AP1P1	0
RAD51AP2	0.169485812
RAD51-AS1	0.81586571
RAD51B	1.311667195
RAD51C	2.236330095
RAD51D	1.490379932
RAD52	0.926991245
RAD54B	0.968832924
RAD54L	2.478951213
RAD54L2	2.245552523
RAD9A	2.748398964
RAD9B	0.175688614
RADIL	0.350200249
RAE1	8.930761102
RAET1E	0.331324538
RAET1E-AS1	0.040124931
RAET1E-AS1	0.120374793
RAET1G	0.816809664
RAET1K	0.025607155
RAET1L	2.777444142
RAET1M	0
RAF1	9.896468805
RAF1P1	0
RAG1	0.441091851
RAG2	0
RAI1	2.531993669
RAI14	27.20621171
RAI1-AS1	0
RAI2	1.833167611
RALA	20.53323546
RALB	83.79448313
RALBP1	10.26800126
RALGAPA1	1.271883177
RALGAPA1P1	0.319415569
RALGAPA2	1.894460876
RALGAPB	3.253666572
RALGDS	6.664322623
RALGPS1	0.330390064
RALGPS2	3.017916807
RALY	31.84615309
RALY-AS1	3.419096228
RALYL	0.010698803
RAMP1	7.396774141
RAMP2	6.153479718
RAMP2-AS1	0.081539867
RAMP3	6.022113847
RAN	93.71129803
RANBP1	22.32177167
RANBP10	2.645512475
RANBP17	0.335658023
RANBP2	7.871508816
RANBP20P	0
RANBP3	7.248438078
RANBP3L	0.093839602
RANBP6	6.965392086
RANBP9	16.19581038
RANGAP1	20.02236305
RANGRF	4.12546373
RANP1	0.6339246
RANP2	0.106006914
RANP3	0
RANP4	0.222371755
RANP5	0
RANP6	0.263865035
RANP7	0
RANP8	0.034047101
RANP9	0
RAP1A	7.732027771
RAP1AP	0.053826127
RAP1B	7.991082966
RAP1BP1	0.043897981
RAP1BP2	0
RAP1BP3	0.04421782
RAP1GAP	3.176283955
RAP1GAP2	1.88259625
RAP1GDS1	9.935802866
RAP2A	7.583395835
RAP2B	24.45378897
RAP2C	18.18605494
RAP2C-AS1	0.391320205
RAP2CP1	0
RAPGEF1	7.679294034
RAPGEF2	0.849291541
RAPGEF3	0.172851478
RAPGEF4	0.59590785
RAPGEF4-AS1	0.013959507
RAPGEF5	4.845638622
RAPGEF6	0.555530263
RAPGEFL1	12.30144245
RAPH1	0.29677767
RAPSN	0.012656717
RARA	3.391705878
RARA-AS1	0.515347577
RARB	7.80075544
RARG	12.17330299
RARRES1	22.37566056
RARRES2	51.78622594
RARRES2P1	0.050468988
RARRES2P10	0
RARRES2P2	0
RARRES2P3	0
RARRES2P4	0
RARRES2P5	0
RARRES2P6	0
RARRES2P7	0
RARRES2P8	0
RARRES2P9	0
RARRES3	31.17141864
RARS	18.09492464
RARS2	21.96725664
RARSP1	0.068478373
RASA1	4.250082995
RASA2	2.993435007
RASA2-IT1	0.039665986
RASA3	2.110033897
RASA3-IT1	0
RASA4	0.009016559
RASA4B	0.005015616
RASA4CP	0.359017745
RASA4DP	0.060739574
RASAL1	1.114669414
RASAL2	1.40412249
RASAL2-AS1	0.288504385
RASAL3	1.182403968
RASD1	16.34574454
RASD2	0.974723007
RASEF	1.518821269
RASGEF1A	3.197837407
RASGEF1B	1.265363221
RASGEF1C	0.016396882
RASGRF1	0.022004255
RASGRF2	0.630593546
RASGRF2-AS1	0
RASGRP1	1.222339519
RASGRP2	0.395016887
RASGRP3	0.617915997
RASGRP4	0.203118674
RASIP1	0.801579875
RASL10A	0.043349256
RASL10B	0.346595991
RASL11A	4.648833978
RASL11B	1.767639555
RASL12	1.888678494
RASSF1	4.567738031
RASSF10	0.921128849
RASSF1-AS1	0.122914345
RASSF2	2.280446348
RASSF3	3.407099399
RASSF4	3.236403036
RASSF5	7.960523382
RASSF6	1.442186337
RASSF7	10.19925186
RASSF8	1.06418753
RASSF8-AS1	0.268305868
RASSF9	2.11054877
RAVER1	4.83464737
RAVER2	2.411561232
RAX	0.019550805
RAX2	0
RB1	14.93760964
RB1CC1	8.087610587
RBAK	2.218286053
RBAKDN	0
RBAK-RBAKDN	0.092566571
RBBP4	13.87066323
RBBP4P1	0.285371276
RBBP4P2	0.268875131
RBBP4P3	0
RBBP4P4	0
RBBP4P5	0
RBBP4P6	0
RBBP5	7.24849953
RBBP6	4.942078212
RBBP7	20.71240576
RBBP8	8.687902696
RBBP8NL	2.025138163
RBBP8P1	0
RBBP9	10.50621589
RBCK1	24.92711478
RBFA	2.595830769
RBFADN	0.021992073
RBFOX1	0
RBFOX2	7.699146425
RBFOX3	0.00491757
RBKS	0.863875927
RBL1	1.777654398
RBL2	7.305889321
RBM10	8.976160624
RBM11	1.491508291
RBM11P1	0
RBM12	13.8510639
RBM12B	1.13443261
RBM12B-AS1	0.223052832
RBM14	12.49850322
RBM14-RBM4	0.423904247
RBM15	2.042891693
RBM15-AS1	0.167353695
RBM15B	7.592288261
RBM17	11.04673291
RBM17P1	0
RBM17P2	0
RBM17P3	0
RBM17P4	0.040730844
RBM18	11.44360249
RBM19	11.38225925
RBM20	0.044613299
RBM22	9.911690409
RBM22P1	0
RBM22P12	0
RBM22P13	0
RBM22P2	0.01338235
RBM22P3	0
RBM22P4	0
RBM22P5	0
RBM22P6	0
RBM22P7	0
RBM23	4.805949152
RBM24	0.140973189
RBM25	5.815577361
RBM26	4.276167247
RBM26-AS1	0.200838826
RBM27	2.601746149
RBM28	1.384684408
RBM3	43.88603828
RBM33	2.345850983
RBM34	0.522474807
RBM38	12.56256913
RBM39	12.00868004
RBM4	4.238436523
RBM41	1.973559953
RBM42	22.75698372
RBM43	2.918010533
RBM43P1	0
RBM44	0.048157877
RBM45	1.96376478
RBM46	0.012056411
RBM47	4.060136753
RBM48	3.201053243
RBM48P1	0
RBM4B	4.467829882
RBM5	4.130220756
RBM5-AS1	0.052544552
RBM6	3.823188264
RBM7	5.366181553
RBM8A	23.65491385
RBM8B	1.063501741
RBMS1	7.073242607
RBMS1P1	0.734987381
RBMS2	2.994126448
RBMS2P1	0.33661086
RBMS3	0.790422371
RBMS3-AS1	0
RBMS3-AS2	0.021081705
RBMS3-AS3	0.237607666
RBMX	35.81907289
RBMX2	12.83570243
RBMX2P1	0
RBMX2P2	0
RBMX2P3	0
RBMX2P4	0
RBMX2P5	0
RBMXL1	3.42635517
RBMXL2	0.012953886
RBMXL3	0
RBMXP1	0.081530086
RBMXP2	0.852139479
RBMXP4	0.06422112
RBMY1A1	0
RBMY1A3P	0
RBMY1B	0
RBMY1D	0
RBMY1E	0
RBMY1F	0
RBMY1HP	0
RBMY1J	0
RBMY1KP	0
RBMY2AP	0
RBMY2BP	0
RBMY2CP	0
RBMY2DP	0
RBMY2EP	0
RBMY2FP	0
RBMY2GP	0
RBMY2HP	0
RBMY2JP	0
RBMY2KP	0
RBMY2NP	0
RBMY2OP	0
RBMY2QP	0
RBMY2TP	0
RBMY2UP	0
RBMY2WP	0
RBMY2XP	0
RBMY2YP	0
RBMY3AP	0
RBP1	15.52269687
RBP2	0.114914003
RBP3	0
RBP4	0.033506671
RBP5	1.578178894
RBP7	1.212369429
RBPJ	6.401429056
RBPJL	0
RBPJP2	0
RBPJP5	0
RBPJP6	0
RBPJP7	0
RBPMS	2.158192036
RBPMS2	0.554606375
RBPMS2P1	0
RBPMS-AS1	0.601188654
RBPMSLP	0
RBSN	2.313857509
RBX1	34.1601108
RC3H1	3.197930497
RC3H1-IT1	0
RC3H2	4.350470479
RCAN1	7.03262604
RCAN2	3.70150326
RCAN3	3.070036312
RCBTB1	8.871777987
RCBTB2	5.834357377
RCBTB2P1	0
RCC1	13.20546772
RCC1L	14.05276254
RCC2	38.25493022
RCC2P1	0
RCC2P2	0
RCC2P3	0
RCC2P4	0
RCC2P5	0
RCC2P6	0.031182509
RCC2P7	0
RCC2P8	0
RCCD1	5.202957562
RCE1	6.824721559
RCHY1	2.669759495
RCL1	3.899067577
RCN1	21.62458873
RCN1P1	0
RCN1P2	9.23268083
RCN2	20.88829254
RCN3	14.93882044
RCOR1	7.037648924
RCOR2	3.174090136
RCOR3	4.41616967
RCSD1	1.859514769
RCVRN	0.024932129
RD3	0.022761916
RD3L	0
RDH10	41.43866235
RDH10-AS1	0.229918705
RDH11	19.19434026
RDH12	0.185467104
RDH13	0.937804704
RDH14	11.67124763
RDH16	0.399453881
RDH5	0.056965834
RDH8	0
RDM1	0.27041156
RDX	17.79423818
REC114	0.078561758
REC8	1.105157925
RECK	1.63041965
RECQL	8.790100011
RECQL4	4.470008241
RECQL5	1.874808332
REELD1	0.12229513
REEP1	0.38799796
REEP2	0.273506875
REEP3	16.34229464
REEP4	20.17251686
REEP5	33.33158093
REEP6	3.727080151
REG1A	0
REG1B	0
REG1CP	0
REG3A	0
REG3G	0
REG4	0.020849341
REL	1.173337829
RELA	18.07784556
RELB	10.31012414
RELL1	1.920102627
RELL2	0.589122397
RELN	0.086410477
RELT	1.770174607
REM1	0.554037335
REM2	0.221165834
REN	0
RENBP	2.490106008
REP15	0.022519094
REPIN1	14.10375355
REPS1	5.30917775
REPS2	0.39704561
RER1	19.92892722
RERE	3.083250203
REREP1Y	0
REREP2Y	0
RERG	0.764999134
RERG-AS1	0
RERG-IT1	0
RERGL	0.031343555
RESP18	0
REST	4.031181072
RET	0.426398925
RETN	0.233419069
RETNLB	0.109744951
RETREG1	1.801537371
RETREG2	14.01745313
RETREG3	18.98166594
RETSAT	16.75954747
REV1	6.618057054
REV3L	0.754154939
REV3L-IT1	0.063548647
REX1BD	7.967001495
REXO1	4.421807522
REXO1L10P	0
REXO1L11P	0
REXO1L12P	0
REXO1L1P	0
REXO1L2P	0
REXO1L3P	0
REXO1L4P	0
REXO1L5P	0
REXO1L6P	0
REXO1L8P	0
REXO1L9P	0
REXO2	18.5594348
REXO4	6.521661957
REXO5	1.351266057
RF00001	0
RF00001	0
RF00001	0
RF00002	0
RF00002	0
RF00003	0.294249494
RF00003	0
RF00003	0
RF00003	0
RF00003	0
RF00003	0.296043698
RF00003	0
RF00003	0
RF00003	0.151722395
RF00003	0.166271118
RF00003	0
RF00003	0
RF00003	0
RF00004	0
RF00004	0
RF00004	0
RF00004	0
RF00004	0
RF00004	0
RF00004	0
RF00004	0
RF00004	0
RF00004	0
RF00004	0
RF00004	0
RF00004	0
RF00004	0
RF00004	0
RF00004	0
RF00004	0
RF00006	0
RF00006	0
RF00006	0
RF00006	0
RF00012	1.070981613
RF00012	0
RF00012	0
RF00012	0
RF00012	0
RF00012	0
RF00012	0
RF00012	0
RF00012	0
RF00012	0
RF00012	0
RF00012	0
RF00012	0
RF00012	0
RF00012	0.112909689
RF00012	0
RF00012	0
RF00012	0
RF00012	0
RF00012	0
RF00012	0.114507468
RF00012	0
RF00012	0
RF00012	0
RF00012	0
RF00012	0
RF00012	0
RF00012	0
RF00012	0
RF00012	0
RF00012	0
RF00012	0
RF00012	0
RF00012	0
RF00012	0
RF00012	0.118997957
RF00012	0
RF00012	0
RF00012	0
RF00012	0
RF00012	0
RF00012	0
RF00012	0
RF00012	0
RF00012	0
RF00012	0
RF00012	0
RF00012	0
RF00012	0.110847412
RF00012	0
RF00012	0.231196031
RF00015	0
RF00015	0
RF00015	0.191146325
RF00015	0
RF00015	0.207483617
RF00015	0
RF00016	0
RF00017	0
RF00017	0
RF00017	0
RF00017	0
RF00017	0
RF00017	0
RF00017	0
RF00017	0
RF00017	0
RF00017	0
RF00017	0
RF00017	0
RF00017	0
RF00017	0.086389976
RF00017	0
RF00017	0.24855546
RF00017	0
RF00017	0
RF00017	0
RF00017	0
RF00017	0.075156604
RF00017	0
RF00017	0.175274969
RF00017	0.096331679
RF00017	0.092654898
RF00017	0
RF00017	0
RF00017	0
RF00017	0
RF00017	0
RF00017	0
RF00017	0
RF00017	0
RF00017	0
RF00017	0
RF00017	0
RF00017	0
RF00017	0
RF00017	0
RF00017	0
RF00017	0
RF00017	0.096715471
RF00017	0
RF00017	0
RF00017	0.282274223
RF00017	0
RF00017	0
RF00017	0
RF00017	0
RF00017	0
RF00017	0.081461689
RF00017	0
RF00017	0
RF00017	0
RF00017	0
RF00017	0
RF00017	0
RF00017	0
RF00017	0
RF00017	0
RF00017	0
RF00017	0
RF00017	0
RF00017	0
RF00017	0
RF00017	0
RF00017	0
RF00017	0
RF00017	0
RF00017	0
RF00017	0
RF00017	0
RF00017	0.245207911
RF00017	0
RF00017	0
RF00017	0
RF00017	0
RF00017	0
RF00017	0
RF00017	0
RF00017	0
RF00017	0
RF00017	0
RF00017	0
RF00017	0
RF00017	0
RF00017	0
RF00017	0
RF00017	0
RF00017	0
RF00017	0
RF00017	0
RF00017	0.090243804
RF00017	0
RF00017	0
RF00017	0.14154859
RF00017	0
RF00017	0
RF00017	0
RF00017	0
RF00017	0
RF00017	0
RF00017	0
RF00017	0
RF00017	0.087009259
RF00017	0
RF00017	0
RF00017	0.140728019
RF00017	0
RF00017	0
RF00017	0
RF00017	0
RF00017	0
RF00017	0
RF00017	0
RF00017	0
RF00017	0
RF00017	0
RF00017	0
RF00017	0
RF00017	0
RF00017	0
RF00017	0
RF00017	0
RF00017	0
RF00017	0
RF00017	0
RF00017	0
RF00017	0
RF00017	0
RF00017	0
RF00017	0
RF00017	0
RF00017	0
RF00017	0
RF00017	0
RF00017	0
RF00017	0
RF00017	0
RF00017	0
RF00017	0
RF00017	0
RF00017	0
RF00017	0
RF00017	0.076821466
RF00017	0
RF00017	0
RF00017	0
RF00017	0
RF00017	0
RF00017	0.81522481
RF00017	0
RF00017	0
RF00017	0
RF00017	0
RF00017	0
RF00017	0
RF00017	0.081189242
RF00017	0
RF00017	0
RF00017	0
RF00017	0
RF00017	0
RF00017	0
RF00017	0
RF00017	0
RF00019	0
RF00019	0
RF00019	0
RF00019	0
RF00019	0
RF00019	0
RF00019	0
RF00019	0
RF00019	0
RF00019	0
RF00019	0
RF00019	0
RF00019	0
RF00019	0
RF00019	0
RF00019	0
RF00019	0
RF00019	0
RF00019	0
RF00019	0
RF00019	0
RF00019	0
RF00019	0
RF00019	0
RF00019	0
RF00019	0
RF00019	0
RF00019	3.845636945
RF00019	0
RF00019	0
RF00019	0
RF00019	0
RF00019	0
RF00019	0
RF00019	0
RF00019	0
RF00019	0
RF00019	0
RF00019	0
RF00019	0
RF00019	0
RF00019	0.475991828
RF00019	0
RF00019	0
RF00019	0
RF00019	0
RF00019	0
RF00019	0
RF00019	0
RF00019	0
RF00019	0
RF00019	0
RF00019	0
RF00019	0
RF00019	0
RF00019	0
RF00019	0
RF00019	0
RF00019	0
RF00019	0
RF00019	0
RF00019	0
RF00019	0
RF00019	0
RF00019	0
RF00019	0
RF00019	0
RF00019	0.22687461
RF00019	0
RF00019	0
RF00019	0
RF00019	0
RF00019	0
RF00019	0
RF00019	0
RF00019	0
RF00019	0
RF00019	0.475991828
RF00019	0
RF00019	0
RF00019	0
RF00019	0
RF00019	0
RF00019	0
RF00019	0
RF00019	0
RF00019	0
RF00019	0
RF00019	0
RF00019	0
RF00019	0
RF00019	0
RF00019	0
RF00019	0
RF00019	0
RF00019	0.237995914
RF00019	0
RF00019	0
RF00019	0
RF00019	0
RF00019	0
RF00019	0
RF00019	0
RF00019	0
RF00019	0
RF00019	0
RF00019	0
RF00019	0
RF00019	0
RF00019	1.201761545
RF00019	0
RF00019	0
RF00019	0.437397896
RF00019	0
RF00019	0
RF00019	0
RF00019	0
RF00019	0
RF00019	0
RF00019	0.233419069
RF00019	0.505741317
RF00019	0
RF00019	0
RF00019	0
RF00019	0
RF00019	0
RF00019	0
RF00019	0
RF00019	0
RF00019	0
RF00019	0
RF00019	0
RF00019	0
RF00019	1.226039556
RF00019	0
RF00019	0
RF00019	0
RF00019	0
RF00019	0
RF00019	0
RF00019	0
RF00019	0
RF00019	0
RF00019	0
RF00019	0
RF00019	0
RF00019	0
RF00019	0
RF00019	0.212943712
RF00019	0.21482817
RF00019	0.713987742
RF00019	0.237995914
RF00019	0
RF00019	0
RF00019	0
RF00019	0
RF00019	0
RF00019	0
RF00019	0
RF00019	0
RF00019	0
RF00019	0.638831137
RF00019	0
RF00019	0
RF00019	0
RF00019	1.442113855
RF00019	0
RF00019	0
RF00019	0
RF00019	0
RF00019	0
RF00019	0
RF00019	0
RF00019	0
RF00019	0
RF00019	0
RF00019	0
RF00019	4.369604979
RF00019	0
RF00019	0
RF00019	0
RF00019	0
RF00019	1.07891481
RF00019	0
RF00019	0
RF00019	0
RF00019	0
RF00019	0
RF00019	0
RF00019	0
RF00019	0
RF00019	0
RF00019	0
RF00019	0
RF00019	0
RF00019	0
RF00019	0
RF00019	0
RF00019	0
RF00019	0
RF00019	0
RF00019	0
RF00019	0
RF00019	0
RF00019	0
RF00019	0
RF00019	0
RF00019	0
RF00019	0
RF00019	0.42965634
RF00019	0
RF00019	0
RF00019	0.22687461
RF00019	0
RF00019	0.235685274
RF00019	0.237995914
RF00019	0
RF00019	0
RF00019	0.42965634
RF00019	0.674321756
RF00019	0
RF00019	0
RF00019	0
RF00019	0.252870659
RF00019	0
RF00019	0
RF00019	0
RF00019	0
RF00019	0
RF00019	0
RF00019	0
RF00019	0
RF00019	0.21482817
RF00019	0
RF00019	0
RF00019	0
RF00019	0
RF00019	0
RF00019	0
RF00019	0
RF00019	0
RF00019	0
RF00019	0
RF00019	0
RF00019	0
RF00019	0
RF00019	0
RF00019	0
RF00019	0
RF00019	0
RF00019	0.500527489
RF00019	0
RF00019	0
RF00019	0
RF00019	0
RF00019	0
RF00019	0
RF00019	0
RF00019	0
RF00019	0
RF00019	0.247710033
RF00019	0
RF00019	0
RF00019	0
RF00019	0
RF00019	0
RF00019	0
RF00019	0
RF00019	0
RF00019	0.21482817
RF00019	0
RF00019	0
RF00019	0
RF00019	0
RF00019	0.490415823
RF00019	0
RF00019	0
RF00019	0
RF00019	0
RF00019	0
RF00019	0
RF00019	0
RF00019	0
RF00019	0
RF00019	0
RF00019	0
RF00019	0
RF00019	0
RF00019	0
RF00019	0
RF00019	0
RF00019	0
RF00019	0
RF00019	0
RF00019	0
RF00019	0
RF00019	1.319325175
RF00019	0
RF00019	0
RF00019	0.261027777
RF00019	0
RF00019	0
RF00019	0
RF00019	0
RF00019	0
RF00019	0
RF00019	0
RF00019	0
RF00019	0
RF00019	0
RF00019	0
RF00019	0
RF00019	0
RF00019	0
RF00019	0
RF00019	0
RF00019	0
RF00019	0
RF00019	0
RF00019	0.216746279
RF00019	0
RF00019	0
RF00019	0
RF00019	0
RF00019	0
RF00019	0
RF00019	0
RF00019	0
RF00019	0
RF00019	0
RF00019	0
RF00019	0
RF00019	0
RF00019	0
RF00019	0.22068712
RF00019	0
RF00019	0
RF00019	0
RF00019	0
RF00019	0
RF00019	0
RF00019	0
RF00019	0
RF00019	0
RF00019	0
RF00019	0
RF00019	0
RF00019	0
RF00019	0
RF00019	0
RF00019	0
RF00019	0
RF00019	1.07891481
RF00019	0.539457405
RF00019	0
RF00019	0
RF00019	0
RF00019	0
RF00019	0
RF00019	0
RF00019	0.961409236
RF00019	0
RF00019	0
RF00019	0.240352309
RF00019	0
RF00019	0
RF00019	0
RF00019	0
RF00019	0
RF00019	0
RF00019	0
RF00019	0
RF00019	0
RF00019	0
RF00019	0
RF00019	0
RF00019	0
RF00019	0
RF00019	0
RF00019	0
RF00019	0
RF00019	0
RF00019	0.240352309
RF00019	0
RF00019	0
RF00019	0.252870659
RF00019	0
RF00019	0
RF00019	0
RF00019	0
RF00019	0
RF00019	0
RF00019	0
RF00019	0
RF00019	0
RF00019	0
RF00019	0
RF00019	0
RF00019	0
RF00019	0
RF00019	0
RF00019	0
RF00019	0
RF00019	0.21482817
RF00019	0
RF00019	0
RF00019	0.237995914
RF00019	0
RF00019	0
RF00019	0
RF00019	0
RF00019	0
RF00019	0
RF00019	0
RF00019	0
RF00019	0
RF00019	0
RF00019	0
RF00019	0
RF00019	0
RF00019	0
RF00019	0
RF00019	0
RF00019	0
RF00019	0.231196031
RF00019	0
RF00019	0
RF00019	0
RF00019	0
RF00019	0
RF00019	0
RF00019	0
RF00019	0
RF00019	0
RF00019	0
RF00019	0
RF00019	0
RF00019	0
RF00019	0
RF00019	0
RF00019	0
RF00019	0
RF00019	0
RF00019	0.52773007
RF00019	0
RF00019	0
RF00019	0.207483617
RF00019	0
RF00019	0
RF00019	0
RF00019	0
RF00019	0
RF00019	0
RF00019	0
RF00019	0
RF00019	0
RF00019	0
RF00019	0
RF00019	0
RF00019	0
RF00019	0
RF00019	0.21482817
RF00019	0
RF00019	0
RF00019	0
RF00019	0
RF00019	0
RF00019	0
RF00019	0
RF00019	0
RF00019	0
RF00019	0
RF00019	0
RF00019	0
RF00019	0
RF00019	0
RF00019	0
RF00019	0
RF00019	0
RF00019	0
RF00019	0
RF00019	0
RF00019	0
RF00019	0
RF00019	0
RF00019	0
RF00019	0
RF00019	0
RF00019	0
RF00019	0
RF00019	0
RF00019	0
RF00019	0
RF00019	0
RF00019	0
RF00019	0
RF00019	0
RF00019	0
RF00019	0.247710033
RF00019	0
RF00019	0
RF00019	0
RF00019	0
RF00019	0
RF00019	0
RF00019	0
RF00019	0
RF00019	0
RF00019	0
RF00019	0
RF00019	0.224773919
RF00019	0
RF00019	0
RF00019	0
RF00019	0
RF00019	0
RF00019	0
RF00019	0
RF00019	0.66206136
RF00019	0
RF00019	0
RF00019	0
RF00019	0
RF00019	0
RF00019	0
RF00019	0
RF00019	0
RF00019	0
RF00019	0
RF00019	0
RF00019	0
RF00019	0
RF00019	0.818278086
RF00019	0
RF00019	0
RF00019	0
RF00019	0
RF00019	0
RF00019	0
RF00019	0
RF00019	0
RF00019	0
RF00019	0
RF00019	0
RF00019	0.231196031
RF00019	0
RF00019	0
RF00019	0
RF00019	0
RF00019	0
RF00019	0
RF00019	0.247710033
RF00019	0
RF00019	0
RF00019	0
RF00019	0
RF00019	0
RF00019	0
RF00019	0
RF00019	0
RF00019	0
RF00019	0
RF00019	0
RF00019	0
RF00019	0
RF00019	0
RF00019	0
RF00019	0
RF00019	0
RF00019	0
RF00019	0
RF00019	0
RF00019	0
RF00019	0
RF00019	0
RF00019	0
RF00019	0
RF00019	0
RF00019	0
RF00019	0
RF00019	0
RF00019	0
RF00019	0
RF00019	0
RF00019	0
RF00019	0
RF00019	0
RF00019	0
RF00019	0
RF00019	0
RF00019	0
RF00019	0
RF00019	0
RF00019	0.85931268
RF00019	0
RF00019	0
RF00019	0
RF00019	0
RF00019	0
RF00019	0
RF00019	0
RF00019	0
RF00019	0
RF00019	0
RF00019	0
RF00019	0
RF00019	0
RF00019	0
RF00019	0
RF00019	0
RF00019	0
RF00019	0
RF00019	0.622450852
RF00019	0
RF00019	0
RF00019	0
RF00019	0.231196031
RF00019	0
RF00019	0
RF00019	0.255532455
RF00019	0
RF00019	0
RF00019	0
RF00019	0.713987742
RF00019	0
RF00019	0
RF00019	0
RF00019	0
RF00019	1.749591583
RF00019	0
RF00019	0
RF00019	0.21482817
RF00019	0.261027777
RF00019	0
RF00019	0.218698948
RF00019	0
RF00019	0
RF00019	0
RF00019	0.800293952
RF00019	0
RF00019	0
RF00019	0
RF00019	0
RF00019	0
RF00019	0
RF00019	0
RF00019	0
RF00019	0
RF00019	0
RF00019	0
RF00019	0
RF00019	0
RF00019	0
RF00019	0
RF00019	0
RF00019	0
RF00019	0
RF00019	0
RF00019	0
RF00019	0
RF00019	0
RF00019	0
RF00019	0
RF00019	0
RF00019	0
RF00019	0
RF00019	0
RF00019	0
RF00019	0
RF00019	0
RF00019	0
RF00019	0
RF00019	0
RF00019	0
RF00019	0
RF00019	0
RF00019	0
RF00019	0
RF00019	0
RF00019	0
RF00019	0
RF00019	0
RF00019	0
RF00019	0
RF00019	0
RF00019	0
RF00019	0
RF00019	0
RF00019	0
RF00019	0
RF00019	0
RF00019	0
RF00019	0
RF00019	0
RF00019	0.52773007
RF00019	0
RF00019	0.51106491
RF00019	0
RF00019	0
RF00019	0
RF00019	0
RF00019	0
RF00019	0
RF00019	0
RF00019	0
RF00019	0
RF00019	0
RF00019	0
RF00019	0
RF00019	0
RF00019	0
RF00019	0
RF00019	0.21482817
RF00019	0.233419069
RF00019	0
RF00019	0
RF00019	6.187893761
RF00019	0
RF00019	0
RF00019	0
RF00019	0
RF00019	0
RF00019	0
RF00019	0
RF00019	0
RF00019	0
RF00019	0
RF00019	0
RF00019	0
RF00019	0
RF00019	0
RF00019	0
RF00019	0
RF00019	0
RF00019	0
RF00019	0
RF00019	0
RF00019	0
RF00019	0
RF00019	0
RF00019	0
RF00019	0
RF00019	0
RF00019	0
RF00019	0
RF00019	0
RF00019	0
RF00019	0.247710033
RF00019	0
RF00019	0
RF00019	0
RF00019	0
RF00019	0
RF00019	0
RF00024	0
RF00026	0
RF00026	0
RF00026	0
RF00026	0
RF00026	0
RF00026	0
RF00026	0
RF00026	0
RF00026	0
RF00045	0
RF00045	0
RF00045	0
RF00045	0
RF00049	0
RF00056	0
RF00056	0
RF00056	0
RF00066	0
RF00066	0
RF00066	0
RF00066	0
RF00066	0
RF00066	0
RF00066	0
RF00070	0
RF00072	0
RF00072	0
RF00072	0
RF00072	0
RF00072	0
RF00072	0
RF00086	0
RF00088	0
RF00090	0
RF00090	0.134864351
RF00090	0
RF00090	0
RF00091	0
RF00091	0
RF00091	0
RF00091	0
RF00091	0.292476906
RF00091	0
RF00092	0
RF00092	0
RF00092	0
RF00092	0
RF00092	0
RF00092	0
RF00092	0
RF00092	0
RF00093	0
RF00093	0
RF00096	0
RF00096	0
RF00096	0
RF00096	0
RF00096	0
RF00096	0
RF00096	0
RF00096	0
RF00096	0
RF00096	1.427975483
RF00096	0
RF00096	0
RF00096	0
RF00096	9.126159104
RF00096	0
RF00096	0
RF00096	0
RF00096	0.185309796
RF00096	0
RF00096	0
RF00096	0
RF00096	7.84849683
RF00099	0
RF00100	0
RF00100	0
RF00100	0
RF00100	19.4351346
RF00100	0
RF00100	0
RF00100	0.081461689
RF00105	0
RF00105	0
RF00108	0
RF00108	0
RF00108	0
RF00133	0
RF00134	0.545518724
RF00136	0
RF00136	0
RF00136	0
RF00137	0
RF00139	0
RF00139	0
RF00139	0
RF00139	0
RF00139	0
RF00139	0
RF00139	0.919529667
RF00150	0
RF00150	0
RF00151	0
RF00152	0
RF00153	0
RF00154	0
RF00154	0
RF00156	0.317327885
RF00156	0
RF00156	0
RF00156	0
RF00156	0
RF00156	0
RF00156	0
RF00156	0
RF00156	0
RF00156	0
RF00156	0
RF00156	0
RF00156	0
RF00156	0
RF00156	0
RF00156	0
RF00156	0
RF00156	0
RF00156	0
RF00156	0
RF00156	0
RF00156	0
RF00156	0
RF00156	0
RF00156	0
RF00156	0
RF00157	0
RF00157	0
RF00157	0
RF00157	0
RF00181	0
RF00181	0
RF00181	0
RF00181	0
RF00181	0
RF00181	0
RF00189	0
RF00190	0.382292649
RF00190	0
RF00191	0
RF00191	0
RF00191	0
RF00201	0
RF00212	0
RF00212	0
RF00212	0
RF00218	0
RF00218	0
RF00263	0
RF00263	0
RF00263	0
RF00263	0
RF00264	0
RF00264	0
RF00264	0
RF00264	0
RF00265	0.354388076
RF00271	0
RF00271	0
RF00272	0
RF00272	0
RF00272	0.179819135
RF00272	0
RF00272	0
RF00272	0
RF00272	0
RF00273	0
RF00273	0
RF00275	0
RF00275	0.341909623
RF00275	0
RF00275	0
RF00275	1.011482634
RF00275	0
RF00278	0
RF00278	0
RF00279	0
RF00279	0
RF00279	0
RF00279	0
RF00279	0
RF00280	0
RF00283	0
RF00283	0
RF00284	0
RF00284	0
RF00284	0
RF00284	0
RF00284	0
RF00284	0
RF00285	0
RF00285	0
RF00285	0
RF00285	0
RF00287	0
RF00322	0
RF00322	0
RF00322	0
RF00322	0
RF00322	0
RF00322	0
RF00322	0.533529301
RF00322	0
RF00322	0
RF00322	0
RF00322	0
RF00322	0
RF00322	0
RF00322	0
RF00322	0
RF00322	0
RF00322	0
RF00322	0
RF00322	0
RF00322	0
RF00322	0
RF00322	0.179819135
RF00322	0
RF00322	0
RF00322	0
RF00322	0
RF00324	0
RF00324	0
RF00334	0
RF00334	0
RF00334	0
RF00334	0
RF00340	0
RF00340	0
RF00342	0
RF00345	0
RF00392	0
RF00393	0
RF00393	0
RF00393	0
RF00393	0
RF00394	0
RF00394	0
RF00394	0
RF00394	0
RF00397	0.344334514
RF00398	0
RF00399	0
RF00401	0
RF00401	0
RF00401	0
RF00402	0
RF00402	0
RF00402	0
RF00402	0
RF00402	0
RF00402	0
RF00402	0
RF00402	0
RF00402	0
RF00402	0
RF00402	0
RF00402	0
RF00402	0
RF00402	0
RF00402	0
RF00402	0
RF00402	0
RF00402	0
RF00404	0.158663943
RF00405	0
RF00406	0.354388076
RF00406	0
RF00407	0
RF00408	0
RF00408	0.181161069
RF00408	0
RF00409	0.177194038
RF00409	0
RF00409	0
RF00409	0.523933451
RF00409	0
RF00410	0
RF00410	0
RF00410	1.43855308
RF00411	0
RF00411	0
RF00411	0
RF00413	0
RF00413	0
RF00413	0
RF00414	0
RF00415	0
RF00416	0
RF00416	0
RF00416	0
RF00416	0
RF00416	0
RF00418	0
RF00421	0
RF00421	0
RF00421	0
RF00422	0
RF00422	0.354388076
RF00423	0
RF00424	0
RF00424	0
RF00424	0
RF00424	0
RF00424	0
RF00425	0
RF00425	0
RF00425	0
RF00425	0
RF00425	0
RF00425	0
RF00425	0
RF00426	0
RF00426	0
RF00426	0
RF00428	0
RF00432	0
RF00432	0.195770832
RF00432	0
RF00432	0
RF00432	0
RF00432	0.194204666
RF00432	0
RF00432	0
RF00432	0
RF00432	0
RF00432	0
RF00432	0
RF00438	0
RF00438	0.178496935
RF00438	0
RF00440	0
RF00440	0
RF00443	0
RF00443	0
RF00443	0
RF00443	0
RF00477	0
RF00478	0
RF00492	0
RF00492	0
RF00492	0
RF00492	0
RF00493	0.346794046
RF00493	0.346794046
RF00494	0
RF00494	0
RF00494	0
RF00494	0
RF00537	0
RF00554	0
RF00554	0
RF00554	0
RF00554	0
RF00554	0
RF00554	0
RF00554	0
RF00554	0
RF00554	0
RF00554	0
RF00554	0
RF00560	0
RF00560	0
RF00560	0
RF00560	0.188182816
RF00560	0
RF00561	0
RF00561	0
RF00561	0
RF00561	0
RF00561	0
RF00561	0
RF00561	0
RF00561	0.200624655
RF00561	0
RF00561	0
RF00561	0
RF00561	0
RF00561	0
RF00561	0.211092028
RF00561	0
RF00561	0
RF00561	0
RF00561	0
RF00561	0
RF00564	0
RF00564	0
RF00564	0
RF00566	0
RF00568	0
RF00568	0
RF00568	0
RF00568	0
RF00568	0
RF00568	0
RF00568	0
RF00568	0
RF00568	0
RF00568	0
RF00569	0.638831137
RF00569	0
RF00570	0
RF00571	0
RF00571	0
RF00572	0
RF00573	0
RF00575	0
RF00586	0.328048422
RF00586	0.155612713
RF00588	0
RF00591	0
RF00591	0
RF00591	0
RF00591	0
RF00592	0
RF00592	0
RF00593	0
RF00598	0
RF00598	0
RF00599	0.194204666
RF00599	0
RF00601	0
RF00601	0
RF00601	0
RF00601	0.229014936
RF00601	0
RF00601	0
RF00602	0
RF00602	0
RF00603	0
RF00604	0.266764651
RF00611	0
RF00612	0
RF00612	0
RF00614	0
RF00614	0
RF00614	0
RF00614	0
RF00614	0
RF00614	0
RF00618	0
RF00619	0
RF00619	0
RF00621	0
RF00622	0
RF00635	0
RF01159	0
RF01161	0
RF01161	0
RF01169	0
RF01169	0
RF01182	0
RF01183	0
RF01210	0
RF01210	0
RF01210	0
RF01210	4.161528552
RF01210	0
RF01210	0
RF01210	0
RF01210	0
RF01210	0
RF01210	0
RF01210	0
RF01210	0
RF01210	0
RF01210	0
RF01210	0
RF01210	0
RF01210	0
RF01210	0
RF01210	0
RF01210	0
RF01210	0
RF01210	0
RF01210	0
RF01210	0
RF01210	0
RF01210	0
RF01210	0
RF01210	0
RF01210	0
RF01210	0
RF01210	0.231196031
RF01225	0
RF01225	0
RF01225	0
RF01225	0
RF01225	0
RF01225	0
RF01233	0
RF01233	0
RF01233	0
RF01233	0.179819135
RF01233	0
RF01233	1.339342522
RF01241	0.85822769
RF01241	0
RF01241	0.822901126
RF01293	0
RF01293	0.169759323
RF01299	0
RF01518	0
RF01518	0
RF01518	0
RF01518	0.272759362
RF01518	0
RF01518	0
RF01518	0
RF01518	0
RF01518	0
RF01684	0
RF01684	0
RF01778	0
RF01848	0
RF01871	0
RF01872	0
RF01873	0
RF01874	0
RF01875	0
RF01876	0
RF01877	0
RF01879	0
RF01880	0
RF01881	0
RF01882	0
RF01883	0
RF01884	0
RF01887	0
RF01888	0
RF01891	0
RF01892	0
RF01894	0
RF01905	0
RF01906	0
RF01909	0
RF01928	0
RF01946	0
RF01947	0
RF01948	0
RF01950	0
RF01951	0
RF01953	0
RF01954	0
RF01955	0
RF01956	0
RF01957	0
RF01963	0
RF01964	0
RF01965	0
RF01966	0
RF01967	0
RF01968	0
RF01969	0
RF01970	0
RF01971	0
RF01972	0
RF01973	0
RF01974	0
RF01975	0
RF01976	0
RF01977	0
RF01978	0
RF01979	0
RF01981	0
RF01983	0
RF01984	0
RF01986	0
RF01987	0
RF01992	0
RF02038	0
RF02039	0
RF02040	0
RF02041	0
RF02042	0
RF02043	0
RF02045	0
RF02089	0
RF02090	0
RF02091	0
RF02091	0
RF02101	0
RF02102	0
RF02103	0
RF02104	0
RF02105	0
RF02105	0
RF02106	0
RF02106	0
RF02107	0
RF02107	0
RF02108	0
RF02108	0
RF02109	0
RF02109	0
RF02110	0
RF02110	0
RF02110	0
RF02112	0
RF02113	0
RF02114	0
RF02115	0
RF02116	0
RF02116	0
RF02118	0
RF02119	0.341909623
RF02120	0
RF02121	0
RF02122	0
RF02123	0
RF02124	0
RF02125	0
RF02126	0
RF02127	0
RF02128	0
RF02130	0
RF02131	0
RF02132	0
RF02133	0
RF02134	0
RF02135	0
RF02137	0
RF02138	0
RF02139	0
RF02140	0
RF02141	0.119584154
RF02142	0
RF02143	0
RF02145	0
RF02146	0
RF02148	0
RF02149	0
RF02150	0
RF02154	0
RF02155	0
RF02156	0
RF02157	0
RF02158	0
RF02159	0
RF02160	0
RF02161	0
RF02164	0
RF02166	0
RF02171	0
RF02171	0
RF02172	0
RF02173	0
RF02174	0
RF02175	0
RF02176	0
RF02177	0
RF02178	0
RF02179	0
RF02180	0
RF02181	0
RF02183	0
RF02184	0
RF02185	0
RF02187	0
RF02188	0
RF02189	0
RF02190	0
RF02192	0
RF02193	0
RF02195	0
RF02196	0
RF02197	0
RF02198	0
RF02199	0
RF02200	0
RF02201	0
RF02202	0
RF02203	0
RF02204	0
RF02205	0
RF02208	0
RF02209	0
RF02210	0
RF02211	0
RF02212	0
RF02213	0
RF02215	0
RF02216	0
RF02217	0
RF02218	0
RF02219	0
RF02219	0
RF02220	0
RF02246	0
RF02247	0
RF02248	0
RF02249	0.07492464
RF02250	0
RF02251	0
RF02252	0
RF02266	0
RF02271	0
RF02271	0.670596221
RF02271	0
RF02271	0
RF02271	0
RF02271	0
RF02271	0
RF02271	0
RF02271	0
RF02271	0
RF02271	0
RF02271	0
RF02271	0
RF02271	0
RF02271	0
RF02271	0
RF02271	0.134119244
RF02271	0
RF02271	0
RF02271	0
RF02271	0
RF02271	0
RF02271	0
RF02271	0
RF02271	0
RF02271	0
RF02271	0
RF02271	0
RF02271	0
RF02271	0
RF02271	0
RF02271	0
RF02271	0
RF02271	0
RF02271	0
RF02271	0.430927513
RF02272	0
RF02275	0
RF02277	0
RFC1	5.026524754
RFC2	26.29580362
RFC3	10.06836994
RFC3P1	0
RFC4	15.9650232
RFC5	7.501596045
RFC5P1	0
RFESD	0.546704166
RFESDP1	0.052658532
RFFL	5.278912657
RFK	8.628257331
RFKP1	0
RFKP2	0
RFLNA	4.090544519
RFLNB	2.473816683
RFNG	4.289837862
RFPL1	0.016226994
RFPL1S	1.761344341
RFPL2	0.026794242
RFPL3	0.01617294
RFPL3S	0.08137067
RFPL4A	0
RFPL4AL1	0
RFPL4AP1	0
RFPL4AP3	0
RFPL4AP5	0
RFPL4AP6	0.057389086
RFPL4AP7	0
RFPL4B	0
RFT1	6.250254936
RFTN1	3.441074087
RFTN1P1	0
RFTN2	0.553646562
RFWD2P1	0
RFWD3	6.210644183
RFX1	1.630217574
RFX2	0.678029265
RFX3	0.649870121
RFX3-AS1	0.186496158
RFX4	0
RFX5	8.008930966
RFX6	0.005931
RFX7	2.836125467
RFX8	0.361611981
RFXANK	16.17725642
RFXAP	2.305443506
RGCC	15.31337662
RGL1	3.64705746
RGL2	8.270056648
RGL3	0.089125592
RGL4	0.231686372
RGMA	15.69295179
RGMB	1.528368303
RGMB-AS1	0.176060117
RGN	0.302257351
RGP1	2.729126837
RGPD1	0.007066099
RGPD2	0.00694481
RGPD3	0
RGPD4	0
RGPD4-AS1	0.009710233
RGPD5	0
RGPD6	0.001823998
RGPD8	0.0528803
RGR	0
RGS1	47.37777779
RGS10	18.80776016
RGS11	0.333928406
RGS12	2.0695939
RGS13	0.176236718
RGS14	8.221859367
RGS16	23.76546589
RGS17	0.15673563
RGS17P1	0.175591922
RGS18	1.764867775
RGS19	7.816546273
RGS2	31.91961228
RGS20	3.384284001
RGS21	0.027063081
RGS22	0.064856972
RGS3	3.307026816
RGS4	2.765890478
RGS5	7.21754622
RGS6	0.812174039
RGS7	0
RGS7BP	0.060979999
RGS8	0.007262703
RGS9	1.305210124
RGS9BP	0.05871772
RGSL1	0.053788464
RHAG	0
RHBDD1	3.291188657
RHBDD2	43.71792865
RHBDD3	11.82367491
RHBDF1	2.85536978
RHBDF1P1	0
RHBDF2	6.160051952
RHBDL1	0.541175422
RHBDL2	1.797869669
RHBDL3	0.085350866
RHBG	0.064581806
RHCE	0.12970924
RHCG	186.7925582
RHD	0.109910579
RHEB	25.54601685
RHEBL1	1.279643146
RHEBP1	0.087322242
RHEBP2	0.485511664
RHEBP3	0
RHEX	0.361710967
RHNO1	21.05169759
RHO	0
RHOA	198.2004531
RHOA-IT1	0.187818826
RHOB	91.95451737
RHOBTB1	2.417027703
RHOBTB2	1.077275122
RHOBTB3	2.72904496
RHOC	40.83095241
RHOD	26.67435626
RHOF	0.325978548
RHOG	35.50065649
RHOH	1.447424302
RHOJ	1.651226066
RHOQ	11.96698484
RHOQP1	0.796608085
RHOQP2	0.293487189
RHOQP3	0.039091116
RHOT1	9.497650496
RHOT1P1	0
RHOT1P2	0.072899649
RHOT1P3	0.220020392
RHOT2	6.488815537
RHOU	3.253772133
RHOV	26.73873624
RHOXF1	0.157838643
RHOXF1-AS1	3.288636123
RHOXF1P1	0
RHOXF2	0
RHOXF2B	0
RHPN1	1.293465899
RHPN1-AS1	0.556895548
RHPN2	1.101598073
RIBC1	0.218991228
RIBC2	1.163622997
RIC1	3.687537667
RIC3	0.326548919
RIC8A	21.71184922
RIC8B	1.547782535
RICTOR	2.723165055
RIDA	8.334565266
RIF1	2.584442252
RIIAD1	0.085893262
RILP	4.017072259
RILPL1	1.624834625
RILPL2	2.08324904
RIMBP2	0.019462728
RIMBP3	0.023858067
RIMBP3B	0.003976345
RIMBP3C	0.003976345
RIMKLA	1.6650439
RIMKLB	1.270250381
RIMKLBP1	0.041710624
RIMKLBP2	0.259830401
RIMS1	0.04935605
RIMS2	0.054829098
RIMS3	0.214739091
RIMS4	0.09326002
RIN1	3.35126446
RIN2	25.7648828
RIN3	3.08372317
RING1	20.95070961
RINL	1.57175878
RINT1	10.16187204
RIOK1	17.51111734
RIOK2	4.632744889
RIOK3	19.42046657
RIOK3P1	0
RIOX1	7.615477321
RIOX2	4.382307319
RIPK1	10.63168417
RIPK2	6.425202488
RIPK3	1.975746177
RIPK4	3.045733972
RIPOR1	5.443878002
RIPOR2	3.694421541
RIPOR3	0.597900868
RIPPLY1	0.0407993
RIPPLY2	3.291604504
RIPPLY3	0.272171265
RIT1	88.39310348
RIT2	0
RITA1	9.304413663
RLBP1	0.012229513
RLF	5.686067603
RLIM	4.351584436
RLIMP1	0
RLIMP2	0
RLN1	0.1101433
RLN2	0.246934728
RLN3	0
RMC1	6.779879714
RMDN1	4.712369679
RMDN2	1.120909577
RMDN2-AS1	0
RMDN3	5.615568038
RMI1	11.55980153
RMI2	5.599292242
RMND1	3.150813161
RMND5A	11.11738937
RMND5B	3.035630001
RMRP	0
RMRP	0
RMRPP5	0
RMST	0
RN7SKP1	0.079073561
RN7SKP10	0
RN7SKP100	0
RN7SKP101	0
RN7SKP102	0
RN7SKP103	0
RN7SKP104	0
RN7SKP105	0
RN7SKP106	0
RN7SKP107	0
RN7SKP108	0
RN7SKP109	0
RN7SKP11	0
RN7SKP110	0
RN7SKP111	0
RN7SKP112	0
RN7SKP113	0
RN7SKP114	0
RN7SKP115	0
RN7SKP116	0.152198014
RN7SKP117	0
RN7SKP118	0
RN7SKP119	0.08892155
RN7SKP12	0
RN7SKP120	0
RN7SKP121	0
RN7SKP122	0
RN7SKP123	0
RN7SKP124	0
RN7SKP125	0
RN7SKP126	0
RN7SKP127	0
RN7SKP128	0
RN7SKP129	0
RN7SKP13	0
RN7SKP130	0
RN7SKP131	0
RN7SKP132	0
RN7SKP133	0
RN7SKP134	0
RN7SKP135	0
RN7SKP136	0
RN7SKP137	0
RN7SKP139	0
RN7SKP14	0
RN7SKP140	0
RN7SKP141	0
RN7SKP142	0
RN7SKP143	0
RN7SKP144	0
RN7SKP145	0
RN7SKP146	0
RN7SKP147	0
RN7SKP148	0
RN7SKP149	0
RN7SKP15	0
RN7SKP150	0
RN7SKP151	0
RN7SKP152	0
RN7SKP153	0
RN7SKP154	0
RN7SKP155	0
RN7SKP156	0
RN7SKP157	0
RN7SKP158	0
RN7SKP159	0
RN7SKP16	0.081189242
RN7SKP160	0.071398774
RN7SKP161	0.079592076
RN7SKP162	0
RN7SKP163	0.073562373
RN7SKP164	0
RN7SKP165	0
RN7SKP166	0
RN7SKP167	0
RN7SKP168	0
RN7SKP169	0
RN7SKP17	0
RN7SKP170	0
RN7SKP171	0
RN7SKP172	0
RN7SKP173	0
RN7SKP174	0
RN7SKP175	0
RN7SKP176	0
RN7SKP177	0
RN7SKP178	0
RN7SKP179	0
RN7SKP18	0.088274848
RN7SKP180	0
RN7SKP181	0
RN7SKP182	0
RN7SKP183	0
RN7SKP184	0
RN7SKP185	0
RN7SKP186	0
RN7SKP187	0
RN7SKP188	0
RN7SKP189	0
RN7SKP19	0
RN7SKP190	0
RN7SKP191	0
RN7SKP192	0
RN7SKP193	0
RN7SKP194	0
RN7SKP195	0
RN7SKP196	0
RN7SKP197	0
RN7SKP198	0
RN7SKP199	0
RN7SKP2	0
RN7SKP20	0
RN7SKP200	0
RN7SKP202	0
RN7SKP203	0
RN7SKP204	0
RN7SKP205	0
RN7SKP206	0
RN7SKP207	0
RN7SKP208	0
RN7SKP209	0
RN7SKP21	0
RN7SKP210	0
RN7SKP211	0
RN7SKP212	0
RN7SKP213	0
RN7SKP214	0
RN7SKP216	0
RN7SKP217	0
RN7SKP218	0
RN7SKP219	0
RN7SKP22	0
RN7SKP220	0
RN7SKP221	0
RN7SKP222	0
RN7SKP223	0
RN7SKP224	0
RN7SKP225	0
RN7SKP226	0
RN7SKP227	0
RN7SKP228	0
RN7SKP229	0
RN7SKP23	0.033865031
RN7SKP230	0
RN7SKP231	0
RN7SKP232	0
RN7SKP233	0
RN7SKP234	0
RN7SKP235	0.079592076
RN7SKP236	0
RN7SKP237	0
RN7SKP238	0
RN7SKP239	0
RN7SKP24	0
RN7SKP240	0
RN7SKP241	0
RN7SKP242	0
RN7SKP243	0
RN7SKP244	0
RN7SKP245	0
RN7SKP246	0
RN7SKP247	0
RN7SKP248	0
RN7SKP249	0
RN7SKP25	0
RN7SKP250	0
RN7SKP251	0
RN7SKP252	0
RN7SKP253	0
RN7SKP254	0
RN7SKP255	0.077557774
RN7SKP256	0
RN7SKP257	0.078561758
RN7SKP258	0
RN7SKP259	0
RN7SKP26	0.08285182
RN7SKP260	0
RN7SKP260	0
RN7SKP261	0.087322242
RN7SKP262	0
RN7SKP263	0
RN7SKP264	0
RN7SKP265	0
RN7SKP266	0
RN7SKP267	0
RN7SKP268	0
RN7SKP269	0
RN7SKP27	0
RN7SKP270	0
RN7SKP271	0.075861198
RN7SKP272	0.104636135
RN7SKP273	0
RN7SKP275	0
RN7SKP276	0
RN7SKP277	0
RN7SKP278	0
RN7SKP279	0
RN7SKP28	0
RN7SKP280	0
RN7SKP281	0
RN7SKP282	0
RN7SKP283	0
RN7SKP284	0
RN7SKP285	0
RN7SKP286	0
RN7SKP287	0.273784773
RN7SKP288	0
RN7SKP289	0
RN7SKP29	0
RN7SKP290	0
RN7SKP291	0
RN7SKP292	0
RN7SKP293	0
RN7SKP294	0
RN7SKP295	0
RN7SKP296	0.071189394
RN7SKP297	0
RN7SKP298	0
RN7SKP299	0
RN7SKP3	0
RN7SKP30	0
RN7SKP31	0
RN7SKP32	0
RN7SKP33	0
RN7SKP34	0
RN7SKP35	0
RN7SKP36	0
RN7SKP37	0
RN7SKP38	0
RN7SKP39	0
RN7SKP4	0
RN7SKP40	0
RN7SKP42	0
RN7SKP43	0
RN7SKP44	0
RN7SKP45	0
RN7SKP46	0
RN7SKP47	0
RN7SKP48	0
RN7SKP49	0
RN7SKP5	0
RN7SKP50	0
RN7SKP51	0
RN7SKP52	0
RN7SKP53	0
RN7SKP54	0
RN7SKP55	0
RN7SKP56	0
RN7SKP57	0
RN7SKP58	0
RN7SKP59	0
RN7SKP6	0
RN7SKP60	0
RN7SKP61	0
RN7SKP62	0
RN7SKP63	0
RN7SKP64	0
RN7SKP65	0
RN7SKP66	0
RN7SKP67	0
RN7SKP68	0.079073561
RN7SKP69	0
RN7SKP7	0
RN7SKP70	0
RN7SKP71	0
RN7SKP72	0
RN7SKP73	0
RN7SKP74	0
RN7SKP75	0
RN7SKP76	0
RN7SKP77	0
RN7SKP78	0
RN7SKP79	0
RN7SKP8	0
RN7SKP80	0.42889723
RN7SKP81	0
RN7SKP82	0
RN7SKP83	0
RN7SKP85	0
RN7SKP86	0
RN7SKP87	0
RN7SKP88	0
RN7SKP89	0
RN7SKP9	0
RN7SKP90	0
RN7SKP91	0
RN7SKP92	0
RN7SKP93	0
RN7SKP94	0
RN7SKP95	0
RN7SKP96	0
RN7SKP97	0.291598597
RN7SKP98	0.311225426
RN7SKP99	0
RN7SL1	0
RN7SL100P	0
RN7SL101P	0
RN7SL104P	0
RN7SL105P	0
RN7SL106P	0
RN7SL107P	0
RN7SL108P	0
RN7SL110P	0
RN7SL111P	0
RN7SL113P	0.081189242
RN7SL116P	0
RN7SL117P	0
RN7SL118P	0.080382726
RN7SL11P	0
RN7SL120P	0
RN7SL121P	0
RN7SL122P	0
RN7SL123P	0
RN7SL124P	0.17035497
RN7SL125P	0.082570011
RN7SL126P	0
RN7SL127P	0
RN7SL128P	0.477552457
RN7SL12P	0
RN7SL130P	0.397960381
RN7SL131P	0.094826497
RN7SL132P	0.082012105
RN7SL134P	0
RN7SL135P	0
RN7SL138P	0.845839137
RN7SL140P	0
RN7SL141P	0
RN7SL143P	0
RN7SL144P	0
RN7SL145P	0
RN7SL146P	0.326943882
RN7SL147P	0
RN7SL148P	0
RN7SL149P	0
RN7SL14P	0
RN7SL150P	0
RN7SL151P	0.085779446
RN7SL152P	0
RN7SL153P	0
RN7SL154P	0
RN7SL155P	0
RN7SL156P	0
RN7SL159P	0
RN7SL15P	0.161299556
RN7SL160P	0
RN7SL162P	0
RN7SL163P	0
RN7SL164P	0
RN7SL165P	0
RN7SL166P	0
RN7SL167P	0
RN7SL168P	0
RN7SL169P	0
RN7SL16P	0
RN7SL170P	0
RN7SL172P	0.240352309
RN7SL173P	0
RN7SL174P	0
RN7SL176P	0
RN7SL177P	0
RN7SL178P	0
RN7SL180P	0
RN7SL181P	0
RN7SL182P	0
RN7SL183P	0
RN7SL184P	0
RN7SL185P	0
RN7SL186P	0
RN7SL187P	0
RN7SL188P	0
RN7SL189P	0
RN7SL18P	0
RN7SL190P	0
RN7SL191P	0
RN7SL192P	0
RN7SL193P	0
RN7SL196P	0
RN7SL197P	0
RN7SL198P	0
RN7SL199P	0
RN7SL19P	0
RN7SL2	224.0636331
RN7SL200P	0
RN7SL201P	0
RN7SL202P	0
RN7SL203P	0
RN7SL204P	0
RN7SL205P	0
RN7SL208P	0
RN7SL209P	0
RN7SL20P	0
RN7SL210P	0
RN7SL211P	0
RN7SL213P	0.076579127
RN7SL214P	0
RN7SL215P	0
RN7SL216P	0
RN7SL217P	0
RN7SL218P	0
RN7SL219P	0.082012105
RN7SL220P	0
RN7SL221P	0.518339855
RN7SL222P	0
RN7SL223P	0
RN7SL225P	0
RN7SL228P	0
RN7SL229P	0
RN7SL22P	0
RN7SL230P	0
RN7SL231P	0
RN7SL233P	0.087637485
RN7SL234P	0
RN7SL236P	0.085477406
RN7SL237P	0
RN7SL238P	0
RN7SL239P	0.080918611
RN7SL23P	0
RN7SL240P	0
RN7SL241P	0
RN7SL242P	0
RN7SL244P	0
RN7SL246P	0
RN7SL248P	0
RN7SL250P	0
RN7SL251P	0
RN7SL252P	0
RN7SL253P	0
RN7SL254P	0
RN7SL255P	0
RN7SL258P	0
RN7SL259P	0
RN7SL25P	0
RN7SL260P	0
RN7SL261P	0
RN7SL262P	0
RN7SL263P	0.167417815
RN7SL265P	0
RN7SL266P	0
RN7SL267P	0
RN7SL268P	0.325846755
RN7SL269P	0
RN7SL26P	0
RN7SL270P	0
RN7SL271P	0
RN7SL272P	0
RN7SL273P	0
RN7SL274P	0
RN7SL275P	0
RN7SL277P	0.08429022
RN7SL278P	0
RN7SL279P	0
RN7SL280P	0
RN7SL282P	0
RN7SL283P	0
RN7SL284P	0
RN7SL285P	0
RN7SL286P	0
RN7SL288P	0
RN7SL28P	0.081461689
RN7SL290P	0
RN7SL291P	0
RN7SL292P	0
RN7SL293P	0
RN7SL294P	0
RN7SL296P	0
RN7SL297P	0
RN7SL299P	0
RN7SL3	7.144653255
RN7SL300P	0
RN7SL301P	0
RN7SL302P	0
RN7SL303P	0
RN7SL304P	0
RN7SL305P	0
RN7SL306P	0
RN7SL307P	0
RN7SL308P	0
RN7SL309P	0
RN7SL30P	0
RN7SL310P	0
RN7SL311P	0
RN7SL313P	0.08429022
RN7SL314P	0
RN7SL316P	0
RN7SL317P	0
RN7SL318P	0.08173597
RN7SL319P	0
RN7SL320P	0
RN7SL321P	0
RN7SL322P	0.081189242
RN7SL323P	0
RN7SL325P	0
RN7SL326P	0
RN7SL327P	0
RN7SL328P	0.080918611
RN7SL329P	0
RN7SL32P	0
RN7SL330P	0
RN7SL331P	0
RN7SL332P	0
RN7SL333P	0.163471941
RN7SL334P	0
RN7SL335P	0
RN7SL336P	0.163471941
RN7SL337P	0
RN7SL338P	0
RN7SL339P	0
RN7SL33P	0
RN7SL340P	0
RN7SL341P	0
RN7SL342P	0.082570011
RN7SL343P	0
RN7SL344P	0
RN7SL346P	0
RN7SL34P	0
RN7SL350P	0
RN7SL351P	0
RN7SL352P	0
RN7SL353P	0
RN7SL354P	0
RN7SL356P	0.489427081
RN7SL357P	0
RN7SL359P	0
RN7SL35P	0
RN7SL361P	0
RN7SL362P	0
RN7SL363P	0
RN7SL364P	0.089248468
RN7SL366P	0
RN7SL368P	0.262912454
RN7SL369P	0
RN7SL36P	0
RN7SL370P	0
RN7SL371P	0
RN7SL372P	0
RN7SL375P	0
RN7SL376P	0
RN7SL377P	0.349288967
RN7SL378P	0
RN7SL379P	0
RN7SL37P	0
RN7SL380P	0
RN7SL381P	0.081461689
RN7SL382P	0
RN7SL383P	0
RN7SL384P	0
RN7SL385P	0
RN7SL386P	0
RN7SL387P	0
RN7SL388P	0
RN7SL38P	0
RN7SL390P	0
RN7SL391P	0
RN7SL392P	0
RN7SL393P	0
RN7SL394P	0.083421248
RN7SL395P	0.083421248
RN7SL396P	0.822901126
RN7SL397P	0
RN7SL398P	0
RN7SL399P	0.087009259
RN7SL39P	0
RN7SL400P	0
RN7SL401P	0
RN7SL402P	0
RN7SL403P	0
RN7SL404P	0.086389976
RN7SL405P	0
RN7SL408P	0.082012105
RN7SL40P	0
RN7SL411P	0
RN7SL413P	0
RN7SL414P	0
RN7SL415P	0
RN7SL416P	0.081461689
RN7SL417P	0.274817923
RN7SL418P	0
RN7SL419P	0
RN7SL41P	0
RN7SL420P	0
RN7SL422P	0
RN7SL423P	0
RN7SL424P	0
RN7SL426P	0
RN7SL428P	0
RN7SL429P	0
RN7SL42P	0
RN7SL430P	0
RN7SL431P	0
RN7SL432P	0
RN7SL434P	0
RN7SL435P	0
RN7SL43P	0
RN7SL440P	0
RN7SL441P	0.082012105
RN7SL442P	0
RN7SL443P	0
RN7SL444P	0
RN7SL445P	0
RN7SL446P	0
RN7SL447P	0
RN7SL448P	0
RN7SL449P	0.084879662
RN7SL44P	0
RN7SL451P	0
RN7SL452P	0
RN7SL453P	0
RN7SL454P	0
RN7SL455P	0.086083628
RN7SL456P	0
RN7SL457P	0
RN7SL459P	0
RN7SL45P	0.081461689
RN7SL460P	0
RN7SL461P	0
RN7SL462P	0
RN7SL464P	0
RN7SL465P	0
RN7SL466P	0
RN7SL468P	0
RN7SL469P	0
RN7SL470P	0
RN7SL471P	0
RN7SL472P	0
RN7SL473P	0
RN7SL474P	0
RN7SL475P	0
RN7SL477P	0
RN7SL478P	0
RN7SL479P	0
RN7SL47P	0
RN7SL480P	0.082570011
RN7SL481P	0.081189242
RN7SL482P	0
RN7SL483P	0
RN7SL484P	0
RN7SL487P	0
RN7SL488P	0
RN7SL489P	0
RN7SL48P	0
RN7SL491P	0
RN7SL492P	0
RN7SL493P	0
RN7SL494P	0
RN7SL495P	0
RN7SL496P	0
RN7SL497P	0.080649778
RN7SL498P	0
RN7SL499P	0.087955012
RN7SL49P	0.081461689
RN7SL4P	2.139542928
RN7SL502P	0.167417815
RN7SL503P	0.080117436
RN7SL504P	0
RN7SL505P	0
RN7SL507P	0
RN7SL508P	0.160234873
RN7SL509P	0
RN7SL50P	0
RN7SL510P	0
RN7SL513P	0
RN7SL515P	0.08173597
RN7SL516P	0
RN7SL517P	0
RN7SL518P	0
RN7SL519P	0
RN7SL51P	0
RN7SL520P	0.084879662
RN7SL521P	0.245207911
RN7SL523P	0
RN7SL524P	0
RN7SL525P	0
RN7SL526P	0
RN7SL52P	0
RN7SL530P	0
RN7SL531P	0
RN7SL535P	0
RN7SL536P	0
RN7SL538P	0
RN7SL539P	0
RN7SL541P	0
RN7SL542P	0
RN7SL543P	0
RN7SL544P	0
RN7SL545P	0
RN7SL546P	0
RN7SL547P	0
RN7SL549P	0
RN7SL551P	0
RN7SL552P	0
RN7SL553P	0
RN7SL554P	0
RN7SL555P	0
RN7SL556P	0
RN7SL557P	0
RN7SL558P	0.243567725
RN7SL559P	0.08173597
RN7SL55P	0
RN7SL560P	0
RN7SL561P	0
RN7SL563P	0
RN7SL564P	0
RN7SL565P	0
RN7SL566P	0.082012105
RN7SL567P	0
RN7SL568P	0
RN7SL569P	0.08429022
RN7SL570P	0
RN7SL571P	0
RN7SL573P	0
RN7SL574P	0
RN7SL575P	0
RN7SL577P	0
RN7SL578P	0
RN7SL57P	0
RN7SL580P	0
RN7SL581P	0
RN7SL582P	0
RN7SL583P	0
RN7SL584P	0
RN7SL585P	0.086698511
RN7SL586P	0
RN7SL587P	0.086389976
RN7SL589P	0
RN7SL58P	0
RN7SL591P	0
RN7SL592P	0.086389976
RN7SL594P	0.169167827
RN7SL596P	0
RN7SL597P	0
RN7SL598P	0
RN7SL5P	1.361247657
RN7SL600P	0
RN7SL601P	0
RN7SL602P	0
RN7SL604P	0.082012105
RN7SL605P	0
RN7SL606P	0
RN7SL607P	0
RN7SL608P	1.4791574
RN7SL60P	0
RN7SL610P	0.166842496
RN7SL612P	0
RN7SL614P	0
RN7SL615P	0
RN7SL616P	0
RN7SL617P	0
RN7SL618P	0
RN7SL619P	0
RN7SL620P	0
RN7SL621P	0
RN7SL622P	0
RN7SL623P	0
RN7SL624P	0
RN7SL625P	0
RN7SL627P	0
RN7SL628P	0
RN7SL629P	0
RN7SL62P	0
RN7SL630P	0
RN7SL632P	0
RN7SL633P	0
RN7SL634P	0
RN7SL635P	0
RN7SL636P	0
RN7SL638P	0
RN7SL63P	0
RN7SL640P	0
RN7SL643P	0
RN7SL644P	0
RN7SL645P	0
RN7SL646P	0
RN7SL647P	0
RN7SL648P	0
RN7SL649P	0
RN7SL650P	0
RN7SL652P	0.080918611
RN7SL653P	0
RN7SL654P	0
RN7SL655P	0
RN7SL656P	0
RN7SL657P	0
RN7SL658P	0
RN7SL659P	0
RN7SL65P	0
RN7SL660P	0.081189242
RN7SL663P	0
RN7SL664P	0.079592076
RN7SL665P	0.242755832
RN7SL666P	0
RN7SL667P	0
RN7SL668P	0
RN7SL66P	0
RN7SL670P	0
RN7SL672P	0.076579127
RN7SL673P	0
RN7SL674P	0.617923936
RN7SL675P	0
RN7SL677P	0
RN7SL678P	0
RN7SL679P	0
RN7SL67P	0.246036316
RN7SL680P	0
RN7SL681P	0
RN7SL683P	0
RN7SL684P	0.165140022
RN7SL685P	0
RN7SL687P	0
RN7SL688P	0
RN7SL689P	0.408679852
RN7SL68P	0
RN7SL690P	0
RN7SL691P	0
RN7SL692P	0
RN7SL693P	0
RN7SL697P	0
RN7SL698P	0
RN7SL69P	0
RN7SL700P	0
RN7SL702P	0
RN7SL703P	0
RN7SL704P	0.088597019
RN7SL705P	0.082570011
RN7SL706P	0
RN7SL708P	0
RN7SL709P	0
RN7SL70P	0.080382726
RN7SL711P	0
RN7SL712P	0.078816829
RN7SL713P	0.080382726
RN7SL714P	0
RN7SL715P	0
RN7SL716P	0
RN7SL717P	0
RN7SL718P	0
RN7SL719P	0
RN7SL720P	0
RN7SL722P	0
RN7SL724P	0
RN7SL725P	0
RN7SL726P	0
RN7SL727P	0
RN7SL728P	0
RN7SL72P	0.090243804
RN7SL731P	0
RN7SL732P	0
RN7SL733P	0.147571934
RN7SL734P	0
RN7SL735P	0
RN7SL736P	0.090243804
RN7SL737P	0
RN7SL738P	0.572151793
RN7SL73P	0
RN7SL740P	0.141137112
RN7SL741P	0
RN7SL743P	0
RN7SL744P	0
RN7SL745P	0.243567725
RN7SL748P	0
RN7SL749P	0
RN7SL74P	0
RN7SL750P	0
RN7SL751P	0.085477406
RN7SL752P	1.268758705
RN7SL753P	0
RN7SL754P	0.182523182
RN7SL756P	0
RN7SL757P	0
RN7SL759P	0
RN7SL75P	0.259169928
RN7SL760P	0
RN7SL761P	0
RN7SL762P	0
RN7SL763P	0
RN7SL764P	0
RN7SL766P	0.078561758
RN7SL767P	0.082290113
RN7SL769P	0
RN7SL76P	0
RN7SL771P	0
RN7SL774P	0
RN7SL775P	0
RN7SL776P	0
RN7SL778P	0
RN7SL77P	0
RN7SL782P	0
RN7SL783P	0
RN7SL784P	0
RN7SL785P	0
RN7SL786P	0
RN7SL787P	0
RN7SL788P	0
RN7SL789P	0
RN7SL78P	0
RN7SL790P	0
RN7SL791P	0
RN7SL792P	0
RN7SL793P	0
RN7SL794P	0
RN7SL795P	0
RN7SL796P	0
RN7SL797P	0
RN7SL798P	0
RN7SL799P	0
RN7SL79P	0
RN7SL7P	0
RN7SL800P	0
RN7SL801P	0
RN7SL802P	0
RN7SL803P	0
RN7SL804P	0
RN7SL806P	0
RN7SL807P	0
RN7SL808P	0
RN7SL809P	0.163471941
RN7SL810P	0
RN7SL811P	0
RN7SL812P	0
RN7SL813P	0
RN7SL814P	0
RN7SL815P	0
RN7SL817P	0
RN7SL818P	0
RN7SL819P	0
RN7SL81P	0.186019795
RN7SL820P	0
RN7SL822P	0
RN7SL823P	0
RN7SL824P	0
RN7SL825P	0.164580225
RN7SL826P	0
RN7SL827P	0
RN7SL828P	0
RN7SL82P	0
RN7SL831P	0
RN7SL832P	0.179716732
RN7SL833P	0
RN7SL834P	0.169759323
RN7SL835P	0
RN7SL836P	0.246036316
RN7SL837P	0
RN7SL838P	0.164580225
RN7SL83P	0
RN7SL840P	0
RN7SL841P	0.163471941
RN7SL842P	0
RN7SL843P	0
RN7SL845P	0
RN7SL846P	0
RN7SL847P	0
RN7SL849P	0
RN7SL850P	0
RN7SL851P	0.080117436
RN7SL853P	0
RN7SL854P	0
RN7SL856P	0
RN7SL860P	0
RN7SL861P	0
RN7SL862P	0
RN7SL863P	0
RN7SL864P	0
RN7SL865P	0
RN7SL868P	0
RN7SL869P	0
RN7SL870P	0
RN7SL87P	0
RN7SL88P	0
RN7SL89P	0
RN7SL8P	0
RN7SL91P	0
RN7SL93P	0
RN7SL96P	0
RN7SL97P	0
RN7SL98P	0.080918611
RNA5-8S5	0
RNA5-8SN3	0
RNA5-8SN3	0
RNA5-8SN4	0
RNA5-8SP2	0
RNA5-8SP4	0
RNA5-8SP5	0
RNA5-8SP6	0.159707784
RNA5-8SP7	0
RNA5S1	0
RNA5S10	0
RNA5S11	0
RNA5S12	0
RNA5S13	0
RNA5S14	0
RNA5S15	0
RNA5S16	0
RNA5S17	0
RNA5S2	0
RNA5S3	0
RNA5S4	0
RNA5S5	0
RNA5S6	0
RNA5S7	0
RNA5S8	0
RNA5S9	0
RNA5SP100	0
RNA5SP101	0
RNA5SP102	0
RNA5SP103	0
RNA5SP104	0
RNA5SP105	0
RNA5SP106	0
RNA5SP107	0
RNA5SP108	0.829934469
RNA5SP109	0
RNA5SP110	0.211092028
RNA5SP111	20.91065089
RNA5SP112	0
RNA5SP113	0
RNA5SP114	0
RNA5SP115	0
RNA5SP116	0
RNA5SP117	0
RNA5SP118	0
RNA5SP119	0
RNA5SP120	0
RNA5SP121	0
RNA5SP122	0.224773919
RNA5SP123	0
RNA5SP124	0.22068712
RNA5SP125	0
RNA5SP126	0
RNA5SP127	0
RNA5SP128	0
RNA5SP129	0
RNA5SP130	0
RNA5SP131	0
RNA5SP132	0
RNA5SP133	0
RNA5SP134	0
RNA5SP135	0
RNA5SP136	0
RNA5SP137	0
RNA5SP138	0
RNA5SP139	0
RNA5SP140	0
RNA5SP141	0
RNA5SP142	0
RNA5SP143	0
RNA5SP144	0
RNA5SP145	0
RNA5SP146	0
RNA5SP147	0
RNA5SP148	0
RNA5SP149	0
RNA5SP150	0.203996498
RNA5SP151	0.622450852
RNA5SP152	0
RNA5SP153	0
RNA5SP154	0
RNA5SP155	0
RNA5SP156	0
RNA5SP157	0
RNA5SP158	0
RNA5SP159	0.235685274
RNA5SP160	0
RNA5SP161	0
RNA5SP162	0
RNA5SP163	0
RNA5SP164	0
RNA5SP165	0
RNA5SP166	0
RNA5SP167	0
RNA5SP168	0
RNA5SP169	0
RNA5SP170	0
RNA5SP171	0
RNA5SP172	0
RNA5SP173	0
RNA5SP174	0.411450563
RNA5SP175	0
RNA5SP176	0
RNA5SP177	0
RNA5SP178	0
RNA5SP179	0
RNA5SP18	1.203747928
RNA5SP180	0
RNA5SP181	0
RNA5SP182	0
RNA5SP183	0
RNA5SP184	0
RNA5SP185	0
RNA5SP186	0
RNA5SP187	0.407992995
RNA5SP188	0
RNA5SP189	0
RNA5SP19	0
RNA5SP190	0
RNA5SP191	0
RNA5SP192	0
RNA5SP193	0
RNA5SP194	0
RNA5SP195	0
RNA5SP196	0
RNA5SP197	0
RNA5SP198	0
RNA5SP199	0
RNA5SP20	0.288995038
RNA5SP200	0
RNA5SP201	0.195770832
RNA5SP202	0
RNA5SP203	0.178496935
RNA5SP204	0
RNA5SP205	0
RNA5SP206	0
RNA5SP207	0
RNA5SP208	0
RNA5SP209	0
RNA5SP21	0.252870659
RNA5SP210	0
RNA5SP211	0
RNA5SP212	0
RNA5SP213	0
RNA5SP214	0
RNA5SP215	0
RNA5SP216	0
RNA5SP217	0
RNA5SP218	0
RNA5SP219	0.64448451
RNA5SP22	0
RNA5SP220	0
RNA5SP221	0
RNA5SP222	0
RNA5SP223	0
RNA5SP224	0
RNA5SP225	0
RNA5SP226	0
RNA5SP227	0
RNA5SP228	0
RNA5SP229	0
RNA5SP23	0
RNA5SP230	0
RNA5SP231	0
RNA5SP232	0
RNA5SP233	0
RNA5SP234	0
RNA5SP235	0
RNA5SP236	0
RNA5SP237	0
RNA5SP238	0
RNA5SP239	0
RNA5SP24	0
RNA5SP240	0
RNA5SP241	0
RNA5SP242	0
RNA5SP243	0
RNA5SP244	0
RNA5SP245	0
RNA5SP246	0
RNA5SP247	0
RNA5SP248	0
RNA5SP249	0
RNA5SP25	0
RNA5SP250	0
RNA5SP251	0
RNA5SP252	0
RNA5SP253	0
RNA5SP254	0
RNA5SP255	0
RNA5SP256	0
RNA5SP257	0
RNA5SP258	0
RNA5SP259	0
RNA5SP26	0
RNA5SP260	0
RNA5SP261	0
RNA5SP262	0
RNA5SP263	0.948264969
RNA5SP264	0
RNA5SP265	0
RNA5SP266	0
RNA5SP267	0
RNA5SP268	0.195770832
RNA5SP269	0
RNA5SP27	0
RNA5SP270	0
RNA5SP271	0
RNA5SP272	0
RNA5SP273	0
RNA5SP274	0
RNA5SP275	0
RNA5SP276	0
RNA5SP277	0
RNA5SP278	0
RNA5SP279	0
RNA5SP28	0
RNA5SP280	0
RNA5SP281	0
RNA5SP282	0
RNA5SP283	1.019982488
RNA5SP284	0
RNA5SP285	0
RNA5SP286	0
RNA5SP287	0
RNA5SP288	0
RNA5SP289	0
RNA5SP29	0
RNA5SP290	0
RNA5SP291	0
RNA5SP292	0
RNA5SP293	0
RNA5SP294	0
RNA5SP295	0
RNA5SP296	0
RNA5SP297	0.21482817
RNA5SP298	0
RNA5SP299	0
RNA5SP30	0
RNA5SP300	0
RNA5SP301	0.200624655
RNA5SP302	0
RNA5SP303	0
RNA5SP304	0.233419069
RNA5SP305	0
RNA5SP306	0
RNA5SP307	0
RNA5SP308	0
RNA5SP309	0
RNA5SP31	0
RNA5SP310	0
RNA5SP311	0
RNA5SP312	0
RNA5SP315	0
RNA5SP317	0.837089076
RNA5SP318	0
RNA5SP319	0
RNA5SP320	0
RNA5SP321	0
RNA5SP322	0
RNA5SP323	0.547569546
RNA5SP324	0
RNA5SP325	0
RNA5SP326	0
RNA5SP327	0
RNA5SP328	0
RNA5SP329	0
RNA5SP33	0
RNA5SP330	0
RNA5SP331	0
RNA5SP332	0
RNA5SP333	0
RNA5SP334	0
RNA5SP335	0
RNA5SP336	0
RNA5SP337	0
RNA5SP338	0
RNA5SP339	0
RNA5SP34	0
RNA5SP340	0
RNA5SP341	0
RNA5SP342	0
RNA5SP344	0
RNA5SP345	0
RNA5SP346	0
RNA5SP347	0
RNA5SP349	0
RNA5SP35	0
RNA5SP350	0
RNA5SP351	0
RNA5SP352	0
RNA5SP353	0
RNA5SP354	0
RNA5SP355	0
RNA5SP356	0
RNA5SP357	0
RNA5SP358	0
RNA5SP359	0
RNA5SP36	0
RNA5SP360	0
RNA5SP361	0
RNA5SP362	0
RNA5SP363	0
RNA5SP364	0
RNA5SP365	0
RNA5SP366	0
RNA5SP367	0
RNA5SP368	0
RNA5SP369	0
RNA5SP37	0.373470511
RNA5SP370	0
RNA5SP371	0
RNA5SP372	0.211092028
RNA5SP373	0
RNA5SP374	0
RNA5SP375	0
RNA5SP376	0
RNA5SP377	0
RNA5SP378	0
RNA5SP379	0
RNA5SP38	0
RNA5SP380	0
RNA5SP382	0
RNA5SP383	1.011482634
RNA5SP384	0
RNA5SP385	0
RNA5SP386	0.453749219
RNA5SP387	0
RNA5SP388	0
RNA5SP389	0
RNA5SP39	0
RNA5SP390	0
RNA5SP391	0
RNA5SP392	0
RNA5SP393	0
RNA5SP394	0
RNA5SP395	0
RNA5SP396	0
RNA5SP397	0
RNA5SP399	0.207483617
RNA5SP40	0
RNA5SP400	0
RNA5SP401	0
RNA5SP402	0
RNA5SP403	0
RNA5SP404	0
RNA5SP405	0
RNA5SP406	0
RNA5SP407	0
RNA5SP408	0
RNA5SP409	0
RNA5SP41	0
RNA5SP410	0
RNA5SP411	0
RNA5SP412	0
RNA5SP413	0
RNA5SP414	0
RNA5SP415	0
RNA5SP416	0
RNA5SP417	0
RNA5SP418	0
RNA5SP419	0
RNA5SP42	0
RNA5SP420	0
RNA5SP421	0
RNA5SP422	0
RNA5SP423	0
RNA5SP424	0
RNA5SP425	0
RNA5SP426	0
RNA5SP427	0
RNA5SP428	0
RNA5SP429	0
RNA5SP43	0
RNA5SP430	0
RNA5SP431	0
RNA5SP432	0
RNA5SP433	0
RNA5SP434	0
RNA5SP435	0
RNA5SP436	0
RNA5SP437	0
RNA5SP438	0
RNA5SP439	0
RNA5SP44	0
RNA5SP440	0
RNA5SP441	0
RNA5SP442	0
RNA5SP443	0
RNA5SP444	0
RNA5SP445	0
RNA5SP446	0
RNA5SP447	0
RNA5SP448	0
RNA5SP449	0
RNA5SP45	0
RNA5SP450	0
RNA5SP451	0
RNA5SP452	0
RNA5SP453	0
RNA5SP454	0
RNA5SP455	0
RNA5SP456	0.425887425
RNA5SP457	0
RNA5SP458	0
RNA5SP459	0
RNA5SP46	0
RNA5SP460	0
RNA5SP461	0
RNA5SP462	0
RNA5SP463	0
RNA5SP464	0
RNA5SP465	0
RNA5SP466	0
RNA5SP467	0
RNA5SP468	0
RNA5SP469	0
RNA5SP47	0
RNA5SP470	0
RNA5SP471	0
RNA5SP472	0
RNA5SP473	0
RNA5SP474	0
RNA5SP475	0
RNA5SP476	0
RNA5SP477	0.407992995
RNA5SP478	0
RNA5SP479	0
RNA5SP48	0
RNA5SP480	0
RNA5SP481	0
RNA5SP482	0
RNA5SP483	0
RNA5SP484	0
RNA5SP485	0
RNA5SP486	0
RNA5SP487	0
RNA5SP488	0
RNA5SP489	0
RNA5SP49	0
RNA5SP490	0.178496935
RNA5SP491	0.205725282
RNA5SP492	0
RNA5SP493	0
RNA5SP494	0
RNA5SP495	0
RNA5SP496	0
RNA5SP497	0
RNA5SP498	0.404593054
RNA5SP499	0
RNA5SP50	0
RNA5SP500	0
RNA5SP501	0
RNA5SP502	0
RNA5SP503	0
RNA5SP504	0
RNA5SP505	0
RNA5SP506	0
RNA5SP507	0
RNA5SP508	0
RNA5SP509	0
RNA5SP51	0
RNA5SP510	0
RNA5SP511	0
RNA5SP512	0
RNA5SP513	0
RNA5SP514	0
RNA5SP515	0
RNA5SP516	0
RNA5SP517	0
RNA5SP518	0
RNA5SP519	0
RNA5SP52	0
RNA5SP520	0
RNA5SP521	0
RNA5SP522	0
RNA5SP523	0
RNA5SP524	0
RNA5SP525	0
RNA5SP526	0
RNA5SP527	0
RNA5SP528	0
RNA5SP529	0
RNA5SP53	0
RNA5SP530	0
RNA5SP531	0
RNA5SP533	0
RNA5SP534	0
RNA5SP535	0
RNA5SP536	0
RNA5SP54	0
RNA5SP55	0
RNA5SP56	0
RNA5SP57	0
RNA5SP59	0
RNA5SP60	0
RNA5SP61	0
RNA5SP62	0
RNA5SP63	0
RNA5SP64	0
RNA5SP65	0
RNA5SP66	0
RNA5SP67	0
RNA5SP68	0
RNA5SP69	0
RNA5SP70	0
RNA5SP71	0
RNA5SP72	0
RNA5SP73	0
RNA5SP74	0
RNA5SP75	0
RNA5SP76	0
RNA5SP77	0
RNA5SP78	0
RNA5SP79	0
RNA5SP80	0
RNA5SP82	0.52773007
RNA5SP84	0
RNA5SP85	0
RNA5SP86	0
RNA5SP87	0
RNA5SP88	0
RNA5SP89	0
RNA5SP90	0
RNA5SP91	0
RNA5SP92	0
RNA5SP93	0
RNA5SP94	0
RNA5SP95	0
RNA5SP96	0
RNA5SP97	0
RNA5SP98	0
RNA5SP99	0
RNASE1	20.29412966
RNASE10	0.161837221
RNASE11	0
RNASE12	0
RNASE13	0.01510615
RNASE2	1.639807608
RNASE3	0.033716088
RNASE4	0.241548092
RNASE6	12.12635165
RNASE7	1.06883822
RNASE8	0
RNASE9	0
RNASEH1	11.72684369
RNASEH1-AS1	5.740039382
RNASEH1P1	0
RNASEH1P2	0.030728586
RNASEH2A	37.59798519
RNASEH2B	5.189087574
RNASEH2B-AS1	0.067984184
RNASEH2C	7.616899251
RNASEH2CP1	0
RNASEK	2.768149232
RNASEK-C17orf49	0.124681989
RNASEL	3.135018176
RNASET2	4.338668936
RND1	1.096670426
RND2	1.455531178
RND3	21.14150681
RNF10	18.17280591
RNF103	4.804642342
RNF103-CHMP3	0.048454258
RNF10P1	0
RNF11	33.39642214
RNF111	5.723236651
RNF112	0.172827263
RNF113A	20.81276906
RNF113B	0.035284278
RNF114	16.74255233
RNF115	6.351975357
RNF11P2	0
RNF121	7.098243144
RNF122	6.965584906
RNF123	1.679565693
RNF125	0.395392105
RNF126	10.35323071
RNF126P1	0.018390593
RNF128	20.95820311
RNF13	46.97509006
RNF130	5.121311231
RNF133	0
RNF135	9.635643506
RNF138	9.01938665
RNF138P1	0
RNF138P2	0
RNF139	27.76407444
RNF139-AS1	0.118877982
RNF14	13.13325116
RNF141	11.75285909
RNF144A	2.306424174
RNF144A-AS1	0.261140095
RNF144B	6.966036923
RNF145	22.5604033
RNF146	5.757492941
RNF148	0
RNF149	22.62408055
RNF150	0.260245191
RNF151	0.049643319
RNF152	1.274057133
RNF152P1	0.040191363
RNF157	0.339148753
RNF157-AS1	0.563559313
RNF165	0.095665229
RNF166	2.386675455
RNF167	33.34353978
RNF168	7.749844876
RNF169	1.852553136
RNF17	0.00861753
RNF170	7.513202799
RNF175	0.204600587
RNF180	1.545703311
RNF181	100.6640783
RNF182	0.059353504
RNF183	0.073239554
RNF185	12.15539792
RNF185-AS1	0
RNF186	0
RNF187	48.15211575
RNF19A	6.453155532
RNF19B	35.73440258
RNF19BPX	0
RNF19BPY	0
RNF2	11.28251388
RNF20	11.89472548
RNF207	0.851580824
RNF208	2.279793902
RNF212	1.222755741
RNF212B	0.011789987
RNF213	3.831242728
RNF214	4.167363649
RNF215	1.414400039
RNF216	8.777954031
RNF216-IT1	0.072034372
RNF216P1	3.573048637
RNF217	6.354317698
RNF217-AS1	0.393192273
RNF219	2.036149797
RNF219-AS1	0
RNF220	3.616152223
RNF222	0
RNF223	0.395658822
RNF224	0.027002873
RNF225	0.171645538
RNF227	1.478228476
RNF24	4.501810033
RNF25	8.72583383
RNF26	17.58607912
RNF2P1	0.024035231
RNF31	4.058924292
RNF32	0.255473994
RNF34	6.636046271
RNF38	3.365676331
RNF39	0.550217208
RNF4	9.012352009
RNF40	8.447888074
RNF41	9.094523987
RNF43	3.347798618
RNF44	7.377032356
RNF5	33.21921914
RNF5P1	6.158805372
RNF6	9.161786871
RNF6P1	0
RNF7	52.72437601
RNF7P1	0
RNF8	5.637842673
RNFT1	5.099372291
RNFT1-DT	0.045438621
RNFT1P2	0
RNFT1P3	0.023075649
RNFT2	0.112265685
RNGTT	3.999841824
RNGTTP1	0
RNH1	27.63676717
RNLS	0.395026017
RNMT	5.038000585
RNMTL1P1	0
RNMTL1P2	0
RNPC3	0.59389806
RNPEP	32.84425703
RNPEPL1	6.991693016
RNPS1	9.16486712
RNPS1P1	0.290883895
RNU105B	0
RNU105C	0
RNU11	0
RNU1-1	0
RNU1-100P	0.147124747
RNU1-101P	0
RNU1-103P	0.388409331
RNU1-104P	0
RNU1-105P	0
RNU1-106P	0.444065547
RNU1-107P	0
RNU1-108P	0
RNU1-109P	0
RNU1-112P	0
RNU1-114P	0
RNU1-115P	0
RNU1-117P	0
RNU1-119P	0
RNU1-11P	0
RNU1-120P	0
RNU1-122P	0.155612713
RNU1-123P	0
RNU1-124P	0
RNU1-125P	0
RNU1-128P	0
RNU1-129P	0
RNU11-2P	0
RNU1-130P	0
RNU1-131P	0
RNU1-132P	0
RNU1-133P	0
RNU1-134P	0
RNU1-136P	0
RNU1-138P	0.148021849
RNU1-139P	0
RNU1-13P	0
RNU11-3P	0
RNU1-140P	0
RNU1-141P	0
RNU1-142P	0
RNU1-143P	0
RNU1-146P	0
RNU1-148P	0
RNU1-149P	0
RNU1-14P	0
RNU11-4P	0
RNU1-150P	0
RNU1-151P	0
RNU1-15P	0
RNU11-5P	0
RNU1-16P	0
RNU11-6P	0
RNU1-17P	0
RNU1-18P	0
RNU1-19P	0
RNU12	0
RNU1-2	0
RNU1-20P	0
RNU1-21P	0
RNU1-22P	0
RNU12-2P	0
RNU1-23P	0
RNU1-24P	0
RNU1-27P	0
RNU1-28P	0
RNU1-29P	0
RNU1-3	0
RNU1-30P	0
RNU1-31P	0
RNU1-32P	0
RNU1-33P	0
RNU1-34P	0
RNU1-35P	0
RNU1-36P	0
RNU1-38P	0
RNU1-39P	0
RNU1-4	0
RNU1-40P	0
RNU1-41P	0
RNU1-42P	0
RNU1-43P	0
RNU1-44P	0
RNU1-45P	0
RNU1-46P	0
RNU1-47P	1.340369626
RNU1-48P	0
RNU1-49P	0
RNU1-51P	0
RNU1-52P	0
RNU1-54P	0
RNU1-55P	0
RNU1-56P	0.296043698
RNU1-57P	0
RNU1-58P	0
RNU1-59P	0
RNU1-5P	0
RNU1-61P	0
RNU1-62P	0
RNU1-63P	0
RNU1-64P	0
RNU1-65P	0
RNU1-67P	0.740109244
RNU1-68P	0
RNU1-6P	0
RNU1-70P	0
RNU1-72P	0
RNU1-73P	0
RNU1-74P	0
RNU1-75P	0
RNU1-76P	0
RNU1-77P	0
RNU1-78P	0
RNU1-7P	0
RNU1-80P	0
RNU1-82P	0
RNU1-83P	0
RNU1-84P	0
RNU1-85P	0
RNU1-86P	0
RNU1-87P	0
RNU1-88P	0
RNU1-89P	0
RNU1-8P	0
RNU1-91P	0
RNU1-92P	0
RNU1-93P	0
RNU1-94P	0
RNU1-95P	0
RNU1-96P	0
RNU1-97P	0
RNU1-98P	0
RNU2-1	0
RNU2-10P	0
RNU2-11P	0
RNU2-12P	0
RNU2-13P	0
RNU2-14P	0
RNU2-15P	0
RNU2-16P	0
RNU2-17P	0
RNU2-18P	0
RNU2-19P	0
RNU2-20P	0
RNU2-21P	0
RNU2-22P	0
RNU2-23P	0
RNU2-24P	0
RNU2-25P	0
RNU2-26P	0
RNU2-27P	0.683819246
RNU2-28P	0
RNU2-29P	0
RNU2-2P	0
RNU2-30P	0
RNU2-31P	0
RNU2-32P	0
RNU2-33P	0.126435329
RNU2-34P	0
RNU2-35P	0
RNU2-36P	0
RNU2-37P	0.137150188
RNU2-38P	0
RNU2-39P	0
RNU2-3P	0
RNU2-40P	0
RNU2-41P	0
RNU2-42P	0
RNU2-43P	0
RNU2-44P	0
RNU2-45P	0
RNU2-46P	0
RNU2-47P	0
RNU2-48P	0
RNU2-49P	0
RNU2-4P	0
RNU2-50P	0
RNU2-51P	0
RNU2-52P	0.127766227
RNU2-53P	0
RNU2-54P	0
RNU2-55P	0
RNU2-56P	0
RNU2-57P	0
RNU2-58P	0
RNU2-59P	0
RNU2-5P	0
RNU2-60P	0
RNU2-61P	0
RNU2-62P	0
RNU2-63P	0
RNU2-64P	0
RNU2-65P	0
RNU2-66P	0
RNU2-68P	0
RNU2-69P	0
RNU2-6P	0
RNU2-70P	0
RNU2-71P	0
RNU2-72P	0
RNU2-7P	0.136379681
RNU2-8P	0
RNU2-9P	0
RNU4-1	0.516501771
RNU4-10P	0
RNU4-11P	0
RNU4-12P	0
RNU4-13P	0
RNU4-14P	0
RNU4-15P	0
RNU4-16P	0
RNU4-17P	0
RNU4-18P	0
RNU4-2	0.860836284
RNU4-20P	0
RNU4-21P	0.192663359
RNU4-22P	0
RNU4-23P	0.173397023
RNU4-24P	0
RNU4-25P	0
RNU4-26P	0
RNU4-27P	0
RNU4-28P	0
RNU4-29P	0
RNU4-30P	0
RNU4-31P	0
RNU4-32P	0
RNU4-33P	0
RNU4-34P	0
RNU4-35P	0
RNU4-36P	0
RNU4-37P	0
RNU4-38P	0
RNU4-39P	0
RNU4-40P	0
RNU4-41P	0
RNU4-42P	0
RNU4-43P	0
RNU4-44P	0
RNU4-45P	0
RNU4-46P	0
RNU4-47P	0.85177485
RNU4-48P	0
RNU4-49P	0
RNU4-4P	0
RNU4-50P	0
RNU4-51P	0
RNU4-52P	0.175910023
RNU4-53P	0
RNU4-54P	0
RNU4-55P	0
RNU4-56P	0
RNU4-57P	0
RNU4-58P	0
RNU4-59P	0
RNU4-5P	0
RNU4-60P	0
RNU4-61P	0
RNU4-62P	0.560205767
RNU4-63P	0
RNU4-64P	0
RNU4-65P	0
RNU4-66P	0
RNU4-67P	0
RNU4-68P	0
RNU4-69P	0
RNU4-6P	0
RNU4-70P	0
RNU4-71P	0
RNU4-72P	0
RNU4-73P	0
RNU4-74P	0
RNU4-75P	0
RNU4-76P	0
RNU4-77P	0
RNU4-78P	0
RNU4-79P	0
RNU4-7P	0
RNU4-80P	0
RNU4-81P	0
RNU4-82P	0
RNU4-83P	0
RNU4-84P	0
RNU4-85P	0
RNU4-86P	0
RNU4-87P	0
RNU4-88P	0
RNU4-89P	0.730092728
RNU4-8P	0
RNU4-90P	0
RNU4-91P	0
RNU4-92P	0
RNU4-9P	0
RNU4ATAC	0.955731623
RNU4ATAC10P	0
RNU4ATAC11P	0
RNU4ATAC12P	0
RNU4ATAC13P	0
RNU4ATAC14P	0
RNU4ATAC15P	0
RNU4ATAC16P	0
RNU4ATAC17P	0
RNU4ATAC18P	0.192663359
RNU4ATAC2P	0
RNU4ATAC3P	0
RNU4ATAC4P	0
RNU4ATAC5P	0
RNU4ATAC6P	0
RNU4ATAC7P	0
RNU4ATAC8P	0
RNU4ATAC9P	0
RNU5A-1	0
RNU5A-2P	0
RNU5A-3P	0
RNU5A-4P	0
RNU5A-5P	0
RNU5A-6P	0
RNU5A-7P	0
RNU5A-8P	0.212943712
RNU5B-1	0
RNU5B-2P	0.21482817
RNU5B-3P	0
RNU5B-4P	0.437397896
RNU5B-6P	0
RNU5D-1	0
RNU5D-2P	0
RNU5E-1	0.60688958
RNU5E-10P	0
RNU5E-3P	0
RNU5E-4P	0
RNU5E-5P	0
RNU5E-6P	0
RNU5E-7P	0
RNU5E-8P	0
RNU5E-9P	0
RNU5F-1	0
RNU5F-2P	0
RNU5F-3P	0
RNU5F-4P	0
RNU5F-6P	0
RNU5F-7P	0
RNU5F-8P	0
RNU6-1	0.22687461
RNU6-1000P	0
RNU6-1001P	0
RNU6-1003P	0
RNU6-1004P	0
RNU6-1005P	0
RNU6-1006P	0
RNU6-1007P	0
RNU6-1008P	0
RNU6-1009P	0
RNU6-100P	0.229014936
RNU6-1010P	0
RNU6-1011P	0.22687461
RNU6-1012P	0
RNU6-1013P	0
RNU6-1014P	0
RNU6-1015P	0
RNU6-1016P	0.258250885
RNU6-1017P	0
RNU6-1018P	0
RNU6-1019P	0
RNU6-101P	0
RNU6-1020P	0
RNU6-1021P	0
RNU6-1022P	0
RNU6-1023P	0
RNU6-1024P	0
RNU6-1025P	0
RNU6-1026P	0
RNU6-1027P	0
RNU6-1028P	0
RNU6-1029P	0
RNU6-102P	0
RNU6-1031P	0
RNU6-1032P	0
RNU6-1034P	0
RNU6-1035P	0
RNU6-1036P	0
RNU6-1037P	0
RNU6-1038P	0
RNU6-1039P	0
RNU6-103P	0
RNU6-1040P	0
RNU6-1041P	0
RNU6-1042P	0
RNU6-1043P	0
RNU6-1044P	0
RNU6-1045P	0
RNU6-1046P	0
RNU6-1047P	0
RNU6-1048P	0.907498438
RNU6-1049P	0
RNU6-104P	0
RNU6-1050P	0
RNU6-1051P	0
RNU6-1052P	0
RNU6-1053P	0.480704618
RNU6-1054P	0
RNU6-1055P	0
RNU6-1056P	0
RNU6-1057P	0
RNU6-1059P	0
RNU6-105P	0
RNU6-1060P	0
RNU6-1061P	0
RNU6-1062P	0
RNU6-1064P	0
RNU6-1065P	0
RNU6-1066P	0
RNU6-1067P	0
RNU6-1068P	0
RNU6-1069P	0.182523182
RNU6-106P	0
RNU6-1071P	0
RNU6-1072P	0
RNU6-1073P	0
RNU6-1074P	0
RNU6-1075P	0
RNU6-1076P	0
RNU6-1077P	0
RNU6-1078P	0
RNU6-1079P	0
RNU6-107P	0
RNU6-1080P	0
RNU6-1081P	0
RNU6-1082P	0
RNU6-1083P	0
RNU6-1084P	0
RNU6-1085P	0
RNU6-1086P	0
RNU6-1087P	0
RNU6-1088P	0
RNU6-1089P	0
RNU6-108P	0
RNU6-1090P	0
RNU6-1091P	0
RNU6-1092P	0
RNU6-1093P	0
RNU6-1094P	0
RNU6-1095P	0
RNU6-1096P	0
RNU6-1097P	0
RNU6-1098P	0
RNU6-1099P	0
RNU6-109P	0
RNU6-10P	0
RNU6-1100P	0
RNU6-1101P	0
RNU6-1102P	0
RNU6-1103P	0
RNU6-1104P	0
RNU6-1105P	0
RNU6-1106P	0
RNU6-1107P	0
RNU6-1108P	0
RNU6-1109P	0
RNU6-110P	0
RNU6-1110P	0
RNU6-1111P	0
RNU6-1112P	0
RNU6-1113P	0
RNU6-1114P	0
RNU6-1115P	0
RNU6-1116P	0
RNU6-1117P	0
RNU6-1118P	0
RNU6-1119P	0
RNU6-111P	0
RNU6-1120P	0
RNU6-1121P	0.222711773
RNU6-1122P	0
RNU6-1123P	0
RNU6-1124P	0
RNU6-1125P	0
RNU6-1126P	0
RNU6-1127P	0
RNU6-1128P	0
RNU6-1129P	0
RNU6-112P	0
RNU6-1130P	0
RNU6-1131P	0
RNU6-1132P	0
RNU6-1133P	0
RNU6-1134P	0
RNU6-1135P	0
RNU6-1136P	0.466838139
RNU6-1137P	0
RNU6-1138P	0
RNU6-113P	0
RNU6-1140P	0
RNU6-1141P	0
RNU6-1143P	0
RNU6-1144P	0
RNU6-1145P	0
RNU6-1146P	0
RNU6-1147P	0
RNU6-1148P	0
RNU6-1149P	0
RNU6-114P	0
RNU6-1150P	0
RNU6-1151P	0
RNU6-1152P	0
RNU6-1153P	0
RNU6-1154P	0
RNU6-1155P	0
RNU6-1156P	0
RNU6-1157P	0
RNU6-1158P	0
RNU6-1159P	0
RNU6-115P	0
RNU6-1160P	0
RNU6-1161P	3.331942795
RNU6-1162P	0
RNU6-1163P	0
RNU6-1164P	0
RNU6-1165P	0
RNU6-1167P	0
RNU6-1168P	0
RNU6-1169P	0
RNU6-116P	0
RNU6-1170P	0
RNU6-1171P	0
RNU6-1172P	0
RNU6-1174P	0
RNU6-1175P	0
RNU6-1176P	0
RNU6-1177P	0
RNU6-1178P	0
RNU6-1179P	0
RNU6-117P	0
RNU6-1180P	0
RNU6-1181P	0
RNU6-1183P	0
RNU6-1184P	0
RNU6-1186P	0
RNU6-1187P	0
RNU6-1188P	0
RNU6-1189P	0
RNU6-118P	0.713987742
RNU6-1190P	0
RNU6-1191P	0
RNU6-1192P	0
RNU6-1193P	0
RNU6-1194P	0
RNU6-1195P	0
RNU6-1196P	0
RNU6-1197P	0
RNU6-1198P	0
RNU6-1199P	0
RNU6-119P	0
RNU6-11P	0
RNU6-1200P	0
RNU6-1201P	0
RNU6-1203P	0
RNU6-1204P	0
RNU6-1205P	0
RNU6-1206P	0
RNU6-1207P	0
RNU6-1208P	0
RNU6-1209P	0.453749219
RNU6-120P	0
RNU6-1210P	0
RNU6-1211P	0
RNU6-1212P	0
RNU6-1213P	0
RNU6-1214P	0
RNU6-1215P	0
RNU6-1216P	0
RNU6-1217P	0
RNU6-1218P	0
RNU6-1219P	0
RNU6-121P	0
RNU6-1220P	0
RNU6-1222P	0
RNU6-1223P	0
RNU6-1224P	0
RNU6-1225P	0
RNU6-1226P	0
RNU6-1227P	0
RNU6-1228P	0
RNU6-1229P	0
RNU6-122P	0
RNU6-1230P	0
RNU6-1231P	0
RNU6-1232P	0
RNU6-1233P	0
RNU6-1234P	0
RNU6-1235P	0
RNU6-1236P	0
RNU6-1237P	0
RNU6-1238P	0
RNU6-1239P	0
RNU6-123P	0
RNU6-1240P	0
RNU6-1241P	0
RNU6-1242P	0
RNU6-1243P	0
RNU6-1244P	0
RNU6-1245P	0
RNU6-1246P	0
RNU6-1247P	0
RNU6-1248P	0
RNU6-1249P	0
RNU6-1250P	0
RNU6-1251P	0
RNU6-1252P	0
RNU6-1254P	0
RNU6-1255P	0
RNU6-1256P	0
RNU6-1257P	0.22068712
RNU6-1258P	0
RNU6-125P	0
RNU6-1260P	0
RNU6-1261P	0
RNU6-1262P	0
RNU6-1263P	0
RNU6-1264P	0
RNU6-1265P	0
RNU6-1266P	0
RNU6-1267P	0
RNU6-1268P	0
RNU6-1269P	0
RNU6-126P	0.471370548
RNU6-1270P	0
RNU6-1271P	0
RNU6-1272P	0
RNU6-1273P	0
RNU6-1274P	0
RNU6-1275P	0
RNU6-1276P	0
RNU6-1277P	0
RNU6-1278P	0
RNU6-1279P	0
RNU6-127P	0
RNU6-1280P	0
RNU6-1281P	0
RNU6-1282P	0
RNU6-1283P	0
RNU6-1284P	0
RNU6-1285P	0.231196031
RNU6-1286P	0
RNU6-1287P	0
RNU6-1288P	0
RNU6-1289P	0
RNU6-128P	0
RNU6-1290P	0
RNU6-1291P	0
RNU6-1292P	0
RNU6-1293P	0
RNU6-1294P	0
RNU6-1296P	0
RNU6-1297P	0
RNU6-1298P	0
RNU6-1299P	0
RNU6-129P	0
RNU6-12P	0
RNU6-1300P	0
RNU6-1301P	0.466838139
RNU6-1303P	0
RNU6-1304P	0.229014936
RNU6-1305P	0
RNU6-1306P	0
RNU6-1307P	0
RNU6-1308P	0
RNU6-1309P	0
RNU6-130P	0
RNU6-1310P	0
RNU6-1311P	0
RNU6-1312P	0
RNU6-1313P	0
RNU6-1314P	0
RNU6-1315P	0
RNU6-1316P	0
RNU6-1317P	0
RNU6-1318P	0
RNU6-1319P	0
RNU6-131P	0
RNU6-1320P	0
RNU6-1321P	0.453749219
RNU6-1322P	0
RNU6-1323P	0
RNU6-1324P	0
RNU6-1325P	0
RNU6-1326P	0
RNU6-1327P	0
RNU6-1328P	0
RNU6-1329P	0
RNU6-132P	0
RNU6-1330P	0
RNU6-1331P	0
RNU6-1332P	0
RNU6-1333P	0
RNU6-1334P	0
RNU6-1335P	0
RNU6-1336P	0
RNU6-1337P	0
RNU6-1338P	0
RNU6-1339P	0
RNU6-133P	0
RNU6-1340P	0
RNU6-135P	0
RNU6-136P	0
RNU6-137P	0.224773919
RNU6-138P	0
RNU6-139P	0
RNU6-13P	0
RNU6-140P	11.46346985
RNU6-141P	0
RNU6-142P	0
RNU6-143P	0
RNU6-144P	0
RNU6-145P	0
RNU6-146P	0
RNU6-147P	0
RNU6-148P	0
RNU6-14P	0
RNU6-150P	0
RNU6-151P	0
RNU6-152P	0
RNU6-153P	0
RNU6-154P	0
RNU6-155P	0
RNU6-156P	0
RNU6-157P	0
RNU6-158P	0
RNU6-159P	0
RNU6-15P	0
RNU6-160P	0
RNU6-161P	0
RNU6-162P	0
RNU6-163P	0
RNU6-164P	0
RNU6-165P	0
RNU6-166P	0
RNU6-167P	0
RNU6-168P	0
RNU6-169P	0
RNU6-16P	0
RNU6-170P	0
RNU6-171P	0
RNU6-172P	0
RNU6-173P	0.233419069
RNU6-174P	0
RNU6-175P	0
RNU6-176P	0
RNU6-177P	0
RNU6-178P	0
RNU6-179P	0
RNU6-17P	0
RNU6-180P	0
RNU6-181P	0.453749219
RNU6-182P	0
RNU6-183P	0
RNU6-184P	0
RNU6-185P	0
RNU6-187P	0
RNU6-188P	0
RNU6-189P	0
RNU6-18P	0
RNU6-190P	0.237995914
RNU6-191P	0
RNU6-192P	0
RNU6-193P	0
RNU6-194P	0
RNU6-195P	0.668135318
RNU6-196P	0.453749219
RNU6-197P	0
RNU6-198P	0
RNU6-199P	0
RNU6-19P	0
RNU6-2	0.22687461
RNU6-200P	0
RNU6-201P	0
RNU6-202P	0
RNU6-203P	0
RNU6-204P	0
RNU6-205P	0
RNU6-206P	0
RNU6-207P	0
RNU6-208P	0
RNU6-209P	0
RNU6-20P	0
RNU6-210P	0
RNU6-211P	0
RNU6-212P	0
RNU6-213P	0.466838139
RNU6-214P	0
RNU6-215P	0
RNU6-216P	0.233419069
RNU6-217P	0
RNU6-218P	0
RNU6-219P	0
RNU6-21P	0
RNU6-220P	0
RNU6-221P	0
RNU6-222P	0
RNU6-223P	0
RNU6-224P	0
RNU6-225P	0
RNU6-226P	0
RNU6-227P	0
RNU6-228P	0
RNU6-229P	0
RNU6-22P	0
RNU6-230P	0
RNU6-231P	0
RNU6-232P	0
RNU6-233P	0
RNU6-234P	0
RNU6-235P	0
RNU6-236P	0
RNU6-237P	0
RNU6-238P	0.229014936
RNU6-239P	0
RNU6-23P	0
RNU6-240P	0
RNU6-241P	0
RNU6-242P	0.22687461
RNU6-243P	0
RNU6-244P	0
RNU6-245P	0
RNU6-246P	0
RNU6-247P	0
RNU6-248P	0
RNU6-249P	0.237995914
RNU6-24P	0
RNU6-250P	0.235685274
RNU6-251P	0
RNU6-252P	0
RNU6-253P	0
RNU6-254P	0
RNU6-255P	0
RNU6-256P	0
RNU6-257P	0
RNU6-258P	0
RNU6-259P	0
RNU6-25P	0
RNU6-260P	0
RNU6-261P	0
RNU6-262P	0
RNU6-263P	0
RNU6-264P	0
RNU6-266P	0
RNU6-267P	0
RNU6-268P	0
RNU6-269P	0
RNU6-26P	0.22687461
RNU6-270P	0
RNU6-271P	0
RNU6-272P	0
RNU6-273P	0
RNU6-274P	0
RNU6-275P	0
RNU6-276P	0
RNU6-277P	0
RNU6-278P	0
RNU6-279P	0
RNU6-27P	0
RNU6-280P	0
RNU6-281P	0
RNU6-282P	0.471370548
RNU6-283P	0
RNU6-284P	0
RNU6-285P	0
RNU6-286P	0
RNU6-287P	0
RNU6-288P	0
RNU6-289P	0
RNU6-28P	0
RNU6-290P	0
RNU6-291P	0
RNU6-293P	0
RNU6-294P	0
RNU6-295P	0
RNU6-296P	0
RNU6-297P	0
RNU6-298P	0
RNU6-299P	0
RNU6-29P	0
RNU6-300P	0
RNU6-301P	0
RNU6-302P	0
RNU6-303P	0
RNU6-304P	0
RNU6-306P	0.22687461
RNU6-307P	0
RNU6-308P	0
RNU6-309P	0
RNU6-30P	0
RNU6-310P	0
RNU6-311P	0
RNU6-312P	0.22687461
RNU6-313P	0
RNU6-314P	0
RNU6-315P	0
RNU6-316P	0
RNU6-317P	0
RNU6-318P	0
RNU6-319P	0
RNU6-31P	0
RNU6-320P	0
RNU6-321P	0
RNU6-322P	0
RNU6-323P	1.134373048
RNU6-324P	0
RNU6-325P	0
RNU6-326P	0
RNU6-327P	0
RNU6-328P	0
RNU6-329P	0
RNU6-32P	0
RNU6-330P	0
RNU6-331P	0
RNU6-332P	0
RNU6-333P	0
RNU6-334P	0
RNU6-335P	0
RNU6-336P	0
RNU6-337P	0
RNU6-338P	0
RNU6-339P	0
RNU6-33P	0
RNU6-340P	0
RNU6-341P	0
RNU6-342P	0
RNU6-343P	0
RNU6-344P	0
RNU6-345P	0
RNU6-346P	0
RNU6-347P	0
RNU6-348P	0
RNU6-349P	0
RNU6-34P	0
RNU6-351P	0
RNU6-352P	0
RNU6-353P	0
RNU6-354P	0
RNU6-355P	0
RNU6-356P	0
RNU6-358P	0
RNU6-359P	0
RNU6-35P	0
RNU6-360P	0
RNU6-361P	0
RNU6-362P	0
RNU6-363P	0
RNU6-364P	0
RNU6-365P	0
RNU6-366P	0
RNU6-367P	0
RNU6-368P	0
RNU6-369P	0
RNU6-36P	0
RNU6-370P	0
RNU6-371P	0
RNU6-373P	0
RNU6-374P	0
RNU6-375P	0
RNU6-376P	0
RNU6-377P	0
RNU6-378P	0
RNU6-379P	0
RNU6-37P	0.22687461
RNU6-380P	0
RNU6-381P	0
RNU6-382P	0
RNU6-383P	0
RNU6-384P	0
RNU6-386P	0
RNU6-387P	0
RNU6-388P	0
RNU6-389P	0
RNU6-38P	0
RNU6-390P	0
RNU6-391P	0
RNU6-392P	0
RNU6-393P	0
RNU6-394P	0
RNU6-395P	0
RNU6-396P	0
RNU6-397P	0
RNU6-398P	0
RNU6-399P	0
RNU6-39P	0
RNU6-3P	0.22687461
RNU6-400P	0
RNU6-401P	0
RNU6-402P	0
RNU6-403P	0.466838139
RNU6-405P	0
RNU6-406P	0
RNU6-407P	0.233419069
RNU6-408P	0
RNU6-409P	0
RNU6-40P	0
RNU6-410P	0.453749219
RNU6-411P	0
RNU6-412P	0
RNU6-413P	0
RNU6-414P	0
RNU6-415P	0.750791234
RNU6-416P	0
RNU6-417P	0
RNU6-418P	0
RNU6-419P	0
RNU6-41P	0
RNU6-420P	0
RNU6-421P	0
RNU6-422P	0
RNU6-424P	0
RNU6-425P	0
RNU6-426P	0
RNU6-428P	0
RNU6-429P	0
RNU6-42P	0
RNU6-430P	0
RNU6-431P	0
RNU6-432P	0
RNU6-433P	0
RNU6-434P	0
RNU6-435P	0
RNU6-436P	0.425887425
RNU6-437P	0
RNU6-438P	2.35685274
RNU6-439P	0
RNU6-43P	0
RNU6-440P	0
RNU6-441P	0
RNU6-442P	0
RNU6-443P	0
RNU6-444P	0
RNU6-445P	0
RNU6-446P	0.458029872
RNU6-447P	0
RNU6-448P	0
RNU6-449P	0
RNU6-44P	0
RNU6-450P	0
RNU6-451P	0
RNU6-452P	0
RNU6-453P	0.285595097
RNU6-454P	0
RNU6-455P	0
RNU6-456P	0
RNU6-457P	0
RNU6-458P	0
RNU6-45P	0
RNU6-460P	0
RNU6-461P	0
RNU6-462P	0
RNU6-463P	0
RNU6-464P	0
RNU6-465P	0
RNU6-466P	0
RNU6-467P	0
RNU6-468P	0
RNU6-469P	0.480704618
RNU6-46P	0
RNU6-470P	0.233419069
RNU6-471P	0
RNU6-472P	0
RNU6-473P	0
RNU6-474P	0
RNU6-475P	0
RNU6-476P	0.680623829
RNU6-477P	0
RNU6-478P	0
RNU6-479P	0
RNU6-47P	0
RNU6-480P	0
RNU6-481P	0.680623829
RNU6-482P	0
RNU6-483P	0
RNU6-484P	0
RNU6-485P	0
RNU6-486P	0
RNU6-487P	0
RNU6-488P	0
RNU6-489P	0
RNU6-48P	0
RNU6-490P	0
RNU6-491P	0
RNU6-492P	0
RNU6-493P	0
RNU6-494P	0
RNU6-495P	0
RNU6-496P	0
RNU6-497P	0
RNU6-498P	0
RNU6-499P	0
RNU6-49P	0
RNU6-4P	0
RNU6-500P	0
RNU6-501P	0
RNU6-502P	0
RNU6-503P	0
RNU6-504P	0
RNU6-505P	0
RNU6-506P	0
RNU6-507P	0
RNU6-508P	0
RNU6-509P	0.22687461
RNU6-50P	0
RNU6-510P	0.674321756
RNU6-511P	0.22687461
RNU6-512P	0
RNU6-513P	0
RNU6-514P	0
RNU6-516P	0.700257208
RNU6-517P	0
RNU6-518P	0
RNU6-519P	0
RNU6-520P	0
RNU6-521P	0
RNU6-522P	0
RNU6-523P	0
RNU6-524P	0
RNU6-525P	0
RNU6-526P	0
RNU6-527P	0
RNU6-528P	0
RNU6-529P	0.700257208
RNU6-530P	0
RNU6-531P	0.466838139
RNU6-532P	0
RNU6-533P	0
RNU6-534P	0.229014936
RNU6-535P	0
RNU6-536P	0
RNU6-537P	0
RNU6-538P	0
RNU6-539P	0
RNU6-53P	0
RNU6-540P	0
RNU6-541P	0
RNU6-542P	0
RNU6-543P	0
RNU6-544P	0
RNU6-545P	0
RNU6-546P	0
RNU6-547P	0
RNU6-548P	0.844368112
RNU6-549P	0
RNU6-54P	0
RNU6-550P	0
RNU6-551P	0
RNU6-552P	0
RNU6-553P	0
RNU6-554P	0
RNU6-555P	0
RNU6-556P	0
RNU6-557P	0
RNU6-558P	0
RNU6-559P	0
RNU6-55P	0
RNU6-560P	0
RNU6-561P	0
RNU6-562P	0
RNU6-563P	0
RNU6-564P	0
RNU6-565P	0
RNU6-566P	0
RNU6-567P	0
RNU6-56P	0
RNU6-570P	0
RNU6-571P	0
RNU6-572P	0
RNU6-573P	0
RNU6-574P	0.453749219
RNU6-575P	0
RNU6-576P	0
RNU6-577P	0
RNU6-578P	0
RNU6-579P	0
RNU6-57P	0
RNU6-580P	0
RNU6-581P	0
RNU6-582P	0
RNU6-583P	0
RNU6-584P	0.255532455
RNU6-586P	0
RNU6-587P	0
RNU6-588P	0
RNU6-589P	0
RNU6-58P	0
RNU6-590P	0
RNU6-591P	0
RNU6-592P	0
RNU6-593P	0.216746279
RNU6-595P	0.22687461
RNU6-596P	0
RNU6-597P	0
RNU6-598P	0
RNU6-599P	0
RNU6-59P	0
RNU6-5P	0
RNU6-600P	0
RNU6-601P	0
RNU6-602P	0
RNU6-603P	0
RNU6-604P	0
RNU6-605P	0
RNU6-606P	0
RNU6-607P	0
RNU6-608P	0
RNU6-609P	0
RNU6-60P	0
RNU6-610P	0
RNU6-611P	0
RNU6-612P	0
RNU6-613P	0
RNU6-614P	0
RNU6-615P	0
RNU6-616P	0
RNU6-617P	0
RNU6-618P	0
RNU6-619P	0
RNU6-61P	0
RNU6-620P	0
RNU6-621P	0
RNU6-622P	0
RNU6-623P	0.231196031
RNU6-624P	0
RNU6-625P	0
RNU6-626P	0
RNU6-627P	0
RNU6-628P	0
RNU6-629P	0
RNU6-62P	0
RNU6-630P	0
RNU6-631P	0
RNU6-632P	0
RNU6-633P	0
RNU6-634P	0
RNU6-635P	0
RNU6-636P	0
RNU6-637P	0
RNU6-638P	0
RNU6-639P	0
RNU6-63P	0
RNU6-640P	0
RNU6-641P	0
RNU6-642P	0
RNU6-643P	0
RNU6-644P	0
RNU6-645P	0
RNU6-646P	0
RNU6-647P	0
RNU6-648P	0
RNU6-649P	0
RNU6-64P	0
RNU6-650P	0
RNU6-651P	0
RNU6-652P	0.22687461
RNU6-653P	0.229014936
RNU6-654P	0
RNU6-655P	0
RNU6-656P	0
RNU6-657P	0
RNU6-658P	0
RNU6-659P	0
RNU6-65P	0
RNU6-660P	0
RNU6-661P	0
RNU6-662P	0
RNU6-663P	0
RNU6-664P	0
RNU6-665P	0
RNU6-666P	0
RNU6-667P	0
RNU6-668P	0
RNU6-669P	0
RNU6-66P	0
RNU6-670P	0
RNU6-672P	0
RNU6-673P	0
RNU6-674P	0
RNU6-675P	0
RNU6-677P	0
RNU6-678P	0.222711773
RNU6-679P	0
RNU6-67P	0
RNU6-680P	0
RNU6-681P	0.233419069
RNU6-682P	0
RNU6-684P	0
RNU6-685P	0
RNU6-686P	0
RNU6-687P	0
RNU6-689P	0.907498438
RNU6-68P	0
RNU6-690P	0
RNU6-692P	0
RNU6-693P	0
RNU6-694P	0
RNU6-695P	0
RNU6-696P	0
RNU6-697P	0
RNU6-698P	0
RNU6-699P	0
RNU6-6P	0.22687461
RNU6-7	0.22687461
RNU6-700P	0
RNU6-701P	0
RNU6-702P	0
RNU6-703P	0
RNU6-704P	0
RNU6-705P	0
RNU6-706P	0
RNU6-707P	0
RNU6-708P	0
RNU6-709P	0
RNU6-70P	0
RNU6-710P	0
RNU6-711P	0
RNU6-712P	0
RNU6-713P	0
RNU6-714P	0
RNU6-715P	0
RNU6-716P	0
RNU6-717P	0
RNU6-718P	0
RNU6-719P	0
RNU6-71P	0
RNU6-720P	0.449547837
RNU6-721P	0
RNU6-722P	1.633933486
RNU6-723P	0
RNU6-724P	0
RNU6-725P	1.18997957
RNU6-726P	0
RNU6-727P	0
RNU6-728P	0
RNU6-729P	0
RNU6-72P	0
RNU6-730P	0
RNU6-731P	0
RNU6-732P	0
RNU6-733P	0
RNU6-735P	0
RNU6-737P	0
RNU6-738P	0
RNU6-739P	0
RNU6-73P	0
RNU6-740P	0
RNU6-741P	0
RNU6-742P	0
RNU6-743P	0
RNU6-744P	0
RNU6-745P	0
RNU6-746P	0
RNU6-747P	0
RNU6-748P	0
RNU6-749P	0
RNU6-74P	0
RNU6-750P	0
RNU6-751P	0
RNU6-752P	0
RNU6-753P	0
RNU6-754P	0
RNU6-755P	0
RNU6-756P	0
RNU6-757P	0
RNU6-758P	0
RNU6-759P	0
RNU6-75P	0
RNU6-760P	0
RNU6-761P	0
RNU6-762P	0
RNU6-763P	0
RNU6-764P	0
RNU6-765P	0
RNU6-766P	0
RNU6-767P	0
RNU6-768P	0
RNU6-769P	0
RNU6-76P	0
RNU6-770P	0
RNU6-771P	0
RNU6-772P	0
RNU6-774P	0
RNU6-775P	0
RNU6-776P	0
RNU6-777P	0
RNU6-778P	0
RNU6-77P	0
RNU6-780P	0
RNU6-781P	0
RNU6-782P	0
RNU6-783P	0
RNU6-784P	0
RNU6-785P	0
RNU6-786P	0.539457405
RNU6-787P	0
RNU6-788P	0
RNU6-789P	0
RNU6-78P	0
RNU6-790P	0
RNU6-791P	0
RNU6-792P	0
RNU6-793P	0
RNU6-794P	0
RNU6-795P	0
RNU6-796P	0
RNU6-797P	0
RNU6-798P	0
RNU6-799P	0
RNU6-79P	0
RNU6-8	1.134373048
RNU6-800P	0
RNU6-801P	0
RNU6-803P	0
RNU6-804P	0
RNU6-805P	0
RNU6-806P	0
RNU6-807P	0.680623829
RNU6-808P	0
RNU6-809P	0
RNU6-80P	0
RNU6-810P	0
RNU6-811P	0
RNU6-812P	0
RNU6-813P	0
RNU6-815P	0
RNU6-816P	0
RNU6-817P	0
RNU6-818P	0
RNU6-819P	0
RNU6-81P	0
RNU6-820P	0
RNU6-821P	0
RNU6-822P	0
RNU6-823P	0
RNU6-824P	0.233419069
RNU6-826P	0
RNU6-827P	0
RNU6-828P	0
RNU6-829P	0
RNU6-82P	0
RNU6-830P	0
RNU6-831P	0
RNU6-832P	0
RNU6-833P	0.22687461
RNU6-834P	0
RNU6-835P	0
RNU6-836P	0
RNU6-837P	0
RNU6-838P	0
RNU6-839P	0
RNU6-83P	0
RNU6-840P	0
RNU6-841P	0
RNU6-842P	0
RNU6-843P	0
RNU6-844P	0
RNU6-845P	0
RNU6-847P	0
RNU6-848P	0
RNU6-849P	0
RNU6-84P	0
RNU6-850P	0.235685274
RNU6-851P	0
RNU6-853P	0
RNU6-854P	0
RNU6-855P	0
RNU6-856P	0
RNU6-857P	0
RNU6-858P	0
RNU6-859P	0
RNU6-85P	0
RNU6-860P	0
RNU6-861P	0
RNU6-862P	0
RNU6-863P	0
RNU6-864P	0
RNU6-865P	0
RNU6-866P	0
RNU6-867P	0
RNU6-869P	0
RNU6-86P	0
RNU6-871P	0
RNU6-873P	0
RNU6-874P	0
RNU6-875P	0.458029872
RNU6-876P	0
RNU6-877P	0
RNU6-878P	0
RNU6-879P	0
RNU6-87P	0
RNU6-880P	0.22687461
RNU6-881P	0
RNU6-882P	1.17842637
RNU6-883P	0
RNU6-884P	0
RNU6-885P	0
RNU6-886P	0
RNU6-887P	0
RNU6-888P	0
RNU6-889P	0
RNU6-88P	0
RNU6-890P	0.22687461
RNU6-891P	0
RNU6-892P	0
RNU6-893P	0
RNU6-894P	0
RNU6-895P	0
RNU6-896P	0
RNU6-897P	0
RNU6-898P	0
RNU6-899P	0
RNU6-89P	0
RNU6-9	0
RNU6-900P	0
RNU6-901P	0
RNU6-902P	0
RNU6-903P	0.222711773
RNU6-904P	0
RNU6-905P	0
RNU6-906P	0
RNU6-907P	0
RNU6-908P	0
RNU6-909P	0
RNU6-90P	0
RNU6-910P	0.22687461
RNU6-911P	0
RNU6-912P	0
RNU6-913P	0
RNU6-914P	0
RNU6-915P	0
RNU6-916P	0
RNU6-917P	0.233419069
RNU6-918P	0
RNU6-919P	0
RNU6-91P	0
RNU6-920P	0
RNU6-921P	0
RNU6-922P	0
RNU6-923P	0
RNU6-924P	0
RNU6-925P	0.933676278
RNU6-926P	0
RNU6-927P	0
RNU6-928P	0
RNU6-929P	0
RNU6-92P	0
RNU6-930P	0
RNU6-931P	0
RNU6-932P	0
RNU6-933P	0
RNU6-934P	0
RNU6-935P	0
RNU6-936P	0.22687461
RNU6-937P	0
RNU6-938P	0
RNU6-939P	0
RNU6-940P	0
RNU6-941P	0
RNU6-942P	0.453749219
RNU6-943P	0
RNU6-944P	0
RNU6-945P	0
RNU6-946P	0
RNU6-947P	0
RNU6-948P	0
RNU6-949P	0
RNU6-94P	0.907498438
RNU6-950P	0
RNU6-951P	0
RNU6-952P	0
RNU6-953P	0
RNU6-954P	0
RNU6-955P	0
RNU6-956P	0
RNU6-957P	0
RNU6-958P	0
RNU6-959P	0
RNU6-95P	0
RNU6-960P	0
RNU6-961P	0
RNU6-964P	0
RNU6-965P	0
RNU6-966P	0
RNU6-967P	0
RNU6-968P	0
RNU6-969P	0
RNU6-970P	0
RNU6-971P	0
RNU6-972P	0
RNU6-973P	0
RNU6-974P	0
RNU6-975P	0
RNU6-976P	0
RNU6-977P	0
RNU6-978P	0
RNU6-979P	0.453749219
RNU6-97P	0
RNU6-980P	0
RNU6-982P	0
RNU6-983P	0
RNU6-984P	0
RNU6-985P	0
RNU6-986P	0
RNU6-987P	0
RNU6-988P	0
RNU6-989P	0
RNU6-98P	0
RNU6-990P	0
RNU6-991P	0
RNU6-992P	0
RNU6-993P	0
RNU6-994P	0
RNU6-995P	0
RNU6-996P	0
RNU6-997P	0
RNU6-998P	0
RNU6-999P	0
RNU6-99P	0
RNU6ATAC	0.770653435
RNU6ATAC10P	0
RNU6ATAC11P	0
RNU6ATAC12P	0
RNU6ATAC13P	0
RNU6ATAC14P	0
RNU6ATAC15P	0
RNU6ATAC16P	0.175910023
RNU6ATAC17P	0
RNU6ATAC18P	0.480704618
RNU6ATAC19P	0
RNU6ATAC20P	0
RNU6ATAC21P	0
RNU6ATAC22P	0
RNU6ATAC23P	0
RNU6ATAC24P	0.179819135
RNU6ATAC25P	0
RNU6ATAC26P	0
RNU6ATAC27P	0
RNU6ATAC28P	0
RNU6ATAC29P	0
RNU6ATAC2P	0
RNU6ATAC30P	0
RNU6ATAC31P	0
RNU6ATAC32P	0
RNU6ATAC33P	0
RNU6ATAC34P	0.200624655
RNU6ATAC35P	0.273373685
RNU6ATAC36P	0
RNU6ATAC37P	0
RNU6ATAC38P	0
RNU6ATAC39P	0
RNU6ATAC3P	0
RNU6ATAC40P	0
RNU6ATAC41P	0
RNU6ATAC42P	0
RNU6ATAC4P	0
RNU6ATAC5P	0
RNU6ATAC6P	0
RNU6ATAC7P	0
RNU6ATAC8P	0
RNU6ATAC9P	0
RNU6V	0.22687461
RNU7-1	0
RNU7-102P	0
RNU7-103P	0.404593054
RNU7-104P	0
RNU7-105P	0
RNU7-106P	0
RNU7-107P	0
RNU7-10P	0
RNU7-110P	0
RNU7-111P	0
RNU7-113P	0
RNU7-115P	0
RNU7-116P	0
RNU7-119P	0
RNU7-11P	0
RNU7-120P	0
RNU7-121P	0
RNU7-123P	0
RNU7-124P	0
RNU7-125P	0
RNU7-126P	0
RNU7-127P	0
RNU7-128P	0
RNU7-129P	0
RNU7-12P	0
RNU7-130P	0
RNU7-133P	0
RNU7-134P	0
RNU7-136P	0
RNU7-137P	0
RNU7-138P	0
RNU7-13P	0
RNU7-140P	1.213779161
RNU7-141P	0
RNU7-143P	0.373470511
RNU7-144P	0
RNU7-147P	0
RNU7-148P	0
RNU7-149P	0.411450563
RNU7-14P	0
RNU7-151P	0
RNU7-152P	0
RNU7-153P	0
RNU7-154P	0
RNU7-155P	0
RNU7-156P	0
RNU7-157P	0
RNU7-159P	0
RNU7-160P	0
RNU7-161P	0
RNU7-164P	0
RNU7-165P	0
RNU7-167P	0
RNU7-169P	0
RNU7-170P	0
RNU7-171P	0
RNU7-172P	0
RNU7-173P	0
RNU7-174P	0
RNU7-175P	0
RNU7-176P	0
RNU7-179P	0
RNU7-180P	0
RNU7-181P	0
RNU7-182P	0
RNU7-183P	0
RNU7-185P	0
RNU7-186P	0
RNU7-187P	0
RNU7-188P	0
RNU7-18P	0.391541665
RNU7-190P	0
RNU7-192P	0
RNU7-193P	0
RNU7-194P	0
RNU7-195P	0
RNU7-196P	0
RNU7-197P	0
RNU7-19P	0
RNU7-200P	0
RNU7-20P	1.174624994
RNU7-21P	0
RNU7-22P	0
RNU7-23P	0
RNU7-24P	0
RNU7-25P	0
RNU7-26P	0
RNU7-27P	0
RNU7-28P	0.391541665
RNU7-29P	0
RNU7-2P	0
RNU7-30P	0
RNU7-34P	0
RNU7-35P	0
RNU7-37P	0
RNU7-38P	0
RNU7-3P	0
RNU7-40P	1.517223951
RNU7-41P	0
RNU7-43P	0
RNU7-45P	0
RNU7-46P	0
RNU7-47P	0
RNU7-48P	0.385326718
RNU7-49P	1.174624994
RNU7-4P	0
RNU7-50P	0
RNU7-51P	0
RNU7-52P	0
RNU7-53P	0
RNU7-54P	0
RNU7-55P	0
RNU7-56P	0
RNU7-57P	0
RNU7-59P	0
RNU7-60P	0
RNU7-61P	0
RNU7-62P	0
RNU7-63P	0
RNU7-65P	0
RNU7-66P	0
RNU7-67P	0
RNU7-69P	0
RNU7-6P	0
RNU7-70P	0
RNU7-71P	0
RNU7-73P	0
RNU7-74P	0
RNU7-75P	1.174624994
RNU7-77P	0
RNU7-79P	0
RNU7-7P	0
RNU7-80P	0
RNU7-81P	0
RNU7-82P	0
RNU7-84P	0
RNU7-85P	0
RNU7-87P	0
RNU7-88P	0
RNU7-8P	0
RNU7-90P	0
RNU7-92P	0
RNU7-93P	0
RNU7-94P	0
RNU7-95P	0
RNU7-96P	0
RNU7-97P	0
RNU7-99P	0
RNU7-9P	0.391541665
RNVU1-1	0.444065547
RNVU1-14	0
RNVU1-15	0.147124747
RNVU1-17	0
RNVU1-18	0
RNVU1-19	0
RNVU1-2	0
RNVU1-3	0
RNVU1-4	0
RNVU1-6	0.296043698
RNVU1-7	0.148021849
RNY1	0
RNY1P1	0
RNY1P10	0
RNY1P11	0
RNY1P12	0
RNY1P13	0.231196031
RNY1P14	0
RNY1P15	0
RNY1P16	0
RNY1P2	0
RNY1P3	0
RNY1P4	0
RNY1P5	0
RNY1P6	0
RNY1P7	0
RNY1P8	0
RNY1P9	0.668135318
RNY3	0
RNY3P1	0
RNY3P10	0
RNY3P11	0
RNY3P12	0
RNY3P13	0
RNY3P14	0
RNY3P15	0
RNY3P16	0.480704618
RNY3P2	0
RNY3P3	0
RNY3P4	0
RNY3P5	0
RNY3P7	0
RNY3P8	0.385326718
RNY3P9	0
RNY4	0
RNY4P10	0.505741317
RNY4P13	0
RNY4P14	0
RNY4P16	0
RNY4P17	0
RNY4P18	0
RNY4P19	0.505741317
RNY4P20	0
RNY4P23	0
RNY4P24	0
RNY4P25	0
RNY4P27	0
RNY4P28	0
RNY4P29	0
RNY4P3	0
RNY4P30	0
RNY4P34	0
RNY4P36	0.252870659
RNY4P37	0.252870659
RNY4P6	0
RNY4P7	0
RNY4P9	0
ROBO1	2.198753974
ROBO2	1.193164656
ROBO2P1	0
ROBO3	0.283318791
ROBO4	1.284020611
ROCK1	2.828201986
ROCK1P1	0.211092028
ROCK2	4.280829805
ROCR	0
ROGDI	5.246637046
ROM1	1.177292813
ROMO1	68.43501309
ROPN1	0.005373082
ROPN1B	0
ROPN1L	0.641292237
ROPN1L-AS1	0
ROR1	0.318131247
ROR1-AS1	0.013699539
ROR2	2.248975482
RORA	2.075676335
RORA-AS1	0.10730857
RORA-AS2	0
RORB	0.04809051
RORB-AS1	0
RORC	0.242398195
ROS1	0.599473414
RP1	0.010257289
RP1L1	0.013667145
RP2	8.962113815
RP9	3.056830553
RP9P	1.948145199
RPA1	21.23450506
RPA2	27.99086564
RPA2P1	0
RPA2P2	0.030496964
RPA2P3	0
RPA3	7.946648219
RPA4	0.062245085
RPAIN	3.116945678
RPAP1	2.456498841
RPAP2	1.523773629
RPAP2P1	0
RPAP3	6.315892307
RPARP-AS1	0.630478928
RPE	13.80579023
RPE65	0.027902969
RPEL1	0
RPEP1	0
RPEP2	0
RPEP3	0
RPEP4	0
RPEP5	0
RPEP6	0
RPF1	18.76862221
RPF2	5.502548057
RPF2P1	0.026794242
RPF2P2	0
RPGR	0.625326517
RPGRIP1	0.057693342
RPGRIP1L	0.545667228
RPH3A	0.018729353
RPH3AL	0.492234872
RPIA	13.38572473
RPIAP1	0
RPL10	378.9707835
RPL10A	535.0332072
RPL10AP1	0.037753629
RPL10AP2	0.482542174
RPL10AP3	0.037289682
RPL10AP5	0
RPL10AP6	3.909411408
RPL10L	0.179376231
RPL10P1	0.414645055
RPL10P10	0
RPL10P11	0
RPL10P12	0.229014936
RPL10P13	0.560822055
RPL10P14	0.081461689
RPL10P15	1.233045497
RPL10P16	7.150946994
RPL10P17	0.153642932
RPL10P18	0
RPL10P19	0.033669325
RPL10P2	0.217393283
RPL10P3	1.141159895
RPL10P4	0.315267315
RPL10P5	0.151959832
RPL10P6	1.679442864
RPL10P7	0.116522799
RPL10P8	0.155115548
RPL10P9	6.059486664
RPL11	152.5684364
RPL11P3	0.046416029
RPL11P4	0
RPL11P5	0.045459894
RPL12	150.9402699
RPL12P1	0.048746151
RPL12P10	0.048746151
RPL12P11	0.145362774
RPL12P12	1.647444769
RPL12P13	0
RPL12P14	0.941298125
RPL12P15	0.048648463
RPL12P16	0
RPL12P17	0.389969208
RPL12P18	0
RPL12P19	0.099899519
RPL12P2	0.049240534
RPL12P20	0
RPL12P21	0
RPL12P22	0
RPL12P23	0
RPL12P24	0
RPL12P25	0.036017186
RPL12P26	0.049847193
RPL12P27	0.097885416
RPL12P28	0
RPL12P29	0
RPL12P3	0
RPL12P30	0
RPL12P31	0
RPL12P32	0.049140857
RPL12P33	0.296043698
RPL12P34	0
RPL12P35	0
RPL12P36	0
RPL12P37	0.049041582
RPL12P38	0.083745005
RPL12P39	0
RPL12P4	0.683819246
RPL12P40	0
RPL12P41	0.048746151
RPL12P42	0.048648463
RPL12P43	0
RPL12P44	0.096715471
RPL12P45	0
RPL12P46	0
RPL12P47	0
RPL12P48	0
RPL12P49	0
RPL12P5	0
RPL12P50	0
RPL12P6	0
RPL12P7	0
RPL12P8	0.209272269
RPL12P9	0
RPL13	103.2302264
RPL13A	592.2668463
RPL13AP	0.093728121
RPL13AP17	0.078308333
RPL13AP19	0
RPL13AP2	0.137408962
RPL13AP20	2.870019691
RPL13AP23	0.372833189
RPL13AP25	5.632569962
RPL13AP3	0.189037637
RPL13AP5	28.59917565
RPL13AP6	0.436325842
RPL13AP7	2.185199799
RPL13P	0
RPL13P12	36.71872807
RPL13P2	0.184185002
RPL13P4	0
RPL13P5	0.639906007
RPL13P6	0.077557774
RPL14	39.06438333
RPL14P1	4.93038977
RPL14P3	0.078056538
RPL14P5	0.033254224
RPL15	107.882804
RPL15P1	0.040459305
RPL15P13	0
RPL15P14	0.076338312
RPL15P18	0.118997957
RPL15P2	0.315779944
RPL15P20	0.243567725
RPL15P21	0
RPL15P3	9.433925836
RPL15P4	0
RPL17	27.19058367
RPL17-C18orf32	0
RPL17P1	0
RPL17P10	0
RPL17P11	0.044624234
RPL17P12	0
RPL17P17	0
RPL17P19	0
RPL17P2	0
RPL17P20	0.04373979
RPL17P22	0.131693942
RPL17P25	0.087479579
RPL17P26	0.087795961
RPL17P3	0
RPL17P33	0.043818742
RPL17P34	0.218698948
RPL17P35	0
RPL17P36	1.238098962
RPL17P37	0
RPL17P40	0
RPL17P41	0.134615064
RPL17P43	0.20712955
RPL17P44	0
RPL17P45	0
RPL17P46	0
RPL17P49	0
RPL17P50	1.956274105
RPL17P51	0
RPL18	162.1775064
RPL18A	116.4567247
RPL18AP14	0
RPL18AP15	0.046954706
RPL18AP16	0.457167292
RPL18AP17	0
RPL18AP2	0
RPL18AP3	32.91916209
RPL18AP7	0.185309796
RPL18AP8	0
RPL18P1	0
RPL18P10	0.045121902
RPL18P11	0.183211949
RPL18P13	0.127990773
RPL19	320.6160748
RPL19P1	0
RPL19P11	0
RPL19P13	0.041639079
RPL19P14	0
RPL19P16	0.123855016
RPL19P18	0
RPL19P20	0.53398068
RPL19P21	0.287528058
RPL21	79.7564626
RPL21P1	0
RPL21P10	0
RPL21P103	0
RPL21P104	0
RPL21P106	0
RPL21P107	0
RPL21P108	0
RPL21P109	0
RPL21P11	0.251300033
RPL21P110	0.054429559
RPL21P111	0
RPL21P112	0
RPL21P116	0.050260007
RPL21P119	0.657463712
RPL21P12	0.09427411
RPL21P120	0.193430942
RPL21P121	0.104411111
RPL21P122	0
RPL21P123	0.059645168
RPL21P126	0.050785739
RPL21P127	0
RPL21P129	0.101571478
RPL21P13	0.201875952
RPL21P131	0
RPL21P132	0.157633657
RPL21P133	0
RPL21P134	0.15078002
RPL21P135	0.061379477
RPL21P136	0
RPL21P16	7.488740993
RPL21P17	0.102212982
RPL21P18	0
RPL21P2	0
RPL21P23	0.052773007
RPL21P24	0
RPL21P28	1.306760173
RPL21P3	0.152357217
RPL21P32	0
RPL21P33	0
RPL21P38	0
RPL21P39	0.201040027
RPL21P4	0.050679714
RPL21P40	0.050260007
RPL21P41	0.183905933
RPL21P42	0.052318067
RPL21P43	0
RPL21P44	0.05143132
RPL21P47	0
RPL21P5	0.102862641
RPL21P50	0
RPL21P54	0
RPL21P6	0
RPL21P65	0.052093526
RPL21P66	0
RPL21P67	0
RPL21P7	0.15078002
RPL21P71	0.052887981
RPL21P75	1.306760173
RPL21P8	0.317624453
RPL21P88	0
RPL21P89	0.207927908
RPL21P9	0
RPL21P90	0
RPL21P91	0
RPL21P92	0.101998249
RPL21P93	0.198573278
RPL21P99	0.057389086
RPL22	24.22108701
RPL22L1	38.3754598
RPL22P1	1.776262187
RPL22P10	0.065081993
RPL22P11	0.063053463
RPL22P12	0.12545521
RPL22P13	0
RPL22P14	0
RPL22P16	0.065081993
RPL22P17	0
RPL22P18	0.128782935
RPL22P19	0.055046674
RPL22P2	0.259631906
RPL22P20	0
RPL22P21	0
RPL22P22	0
RPL22P23	0
RPL22P24	1.033003541
RPL22P3	0.191146325
RPL22P4	0
RPL22P5	0
RPL22P6	0
RPL22P7	0
RPL22P8	0
RPL23	82.06763064
RPL23A	112.2745724
RPL23AP1	0
RPL23AP10	0
RPL23AP11	0.724644275
RPL23AP12	0
RPL23AP14	0.051870904
RPL23AP15	0
RPL23AP16	0
RPL23AP17	0
RPL23AP18	0.155612713
RPL23AP19	0.065787488
RPL23AP2	0.885589946
RPL23AP20	0
RPL23AP22	0
RPL23AP23	0
RPL23AP24	0
RPL23AP25	0.367017457
RPL23AP26	0
RPL23AP27	0
RPL23AP28	0
RPL23AP29	0
RPL23AP3	0.466838139
RPL23AP30	0
RPL23AP31	0.155945931
RPL23AP32	0.052887981
RPL23AP33	0
RPL23AP34	0
RPL23AP35	0
RPL23AP36	0
RPL23AP37	0.04421782
RPL23AP38	0.051760305
RPL23AP39	0
RPL23AP4	0
RPL23AP40	0
RPL23AP41	0.053003457
RPL23AP42	3.659376663
RPL23AP43	0.257702582
RPL23AP44	0
RPL23AP45	0
RPL23AP46	0
RPL23AP47	0
RPL23AP48	0.149235143
RPL23AP49	0.518709043
RPL23AP50	0.05335293
RPL23AP52	0
RPL23AP53	0.66443434
RPL23AP54	0
RPL23AP55	0
RPL23AP56	0
RPL23AP57	0.260467631
RPL23AP58	0.103520611
RPL23AP59	0.052658532
RPL23AP6	0.05143132
RPL23AP60	0
RPL23AP61	0.045545184
RPL23AP62	0
RPL23AP63	0.154621549
RPL23AP64	0.558059384
RPL23AP65	0.778063565
RPL23AP66	0
RPL23AP67	0
RPL23AP68	0
RPL23AP69	0.053003457
RPL23AP7	1.391739263
RPL23AP70	0.052773007
RPL23AP71	0
RPL23AP72	0
RPL23AP73	0
RPL23AP74	0.206162066
RPL23AP75	0.107652254
RPL23AP76	0
RPL23AP77	0
RPL23AP78	0
RPL23AP8	0.102212982
RPL23AP80	0.114507468
RPL23AP81	0.051981977
RPL23AP82	3.055867534
RPL23AP83	0
RPL23AP84	0
RPL23AP85	0
RPL23AP86	0.089743376
RPL23AP87	0.053802268
RPL23AP88	0
RPL23AP89	0.095198366
RPL23AP90	0
RPL23AP91	0.05335293
RPL23AP92	0.095198366
RPL23AP93	0
RPL23AP94	0
RPL23AP95	0.091605974
RPL23AP96	0
RPL23AP97	0.206162066
RPL23P10	0.058921318
RPL23P11	0
RPL23P2	0.172985154
RPL23P4	0
RPL23P8	1.1910917
RPL24	262.5781764
RPL24P2	1.839833675
RPL24P4	9.052889704
RPL24P7	0.107176968
RPL24P8	1.434000696
RPL26	66.34540462
RPL26L1	19.64570394
RPL26P19	1.607287473
RPL26P20	0
RPL26P26	0
RPL26P27	0.111101067
RPL26P28	0
RPL26P29	0.110847412
RPL26P3	0
RPL26P30	0.263455942
RPL26P31	0
RPL26P34	0
RPL26P35	0.105546014
RPL26P37	0
RPL26P6	0.498813354
RPL26P9	0
RPL27	388.3254573
RPL27A	128.3133149
RPL27AP	0.167417815
RPL27AP5	0.108131774
RPL27AP8	0
RPL27P12	0
RPL28	72.32604168
RPL29	246.3108339
RPL29P11	0.93747171
RPL29P12	0.259909885
RPL29P14	0.623905176
RPL29P19	0.580503077
RPL29P2	0.036949137
RPL29P22	0.052887981
RPL29P23	0
RPL29P24	0.26794242
RPL29P25	0
RPL29P28	0
RPL29P29	0
RPL29P3	0.052431065
RPL29P30	0.025661293
RPL29P32	0
RPL29P33	0.230464398
RPL29P7	0.106238876
RPL3	319.7104959
RPL30	124.5125829
RPL30P1	0
RPL30P10	0
RPL30P11	0.145362774
RPL30P12	0
RPL30P13	0
RPL30P14	0.139514846
RPL30P15	0
RPL30P16	0
RPL30P2	0.083421248
RPL30P3	0.072899649
RPL30P4	0.364498247
RPL30P5	0
RPL30P6	0
RPL30P7	0.150313209
RPL30P9	0
RPL31	130.046869
RPL31P1	0
RPL31P11	0.015581247
RPL31P12	0
RPL31P13	0
RPL31P15	0
RPL31P2	0.25756587
RPL31P20	0
RPL31P28	0.138322411
RPL31P3	0
RPL31P33	0
RPL31P35	0.128782935
RPL31P40	0
RPL31P41	0
RPL31P44	0
RPL31P45	0
RPL31P47	0
RPL31P49	0.323674443
RPL31P50	0
RPL31P52	0
RPL31P53	0
RPL31P54	0
RPL31P56	0
RPL31P57	0
RPL31P58	0
RPL31P59	0
RPL31P60	0
RPL31P61	0.258250885
RPL31P63	0.647348886
RPL31P7	0.128442239
RPL31P9	0
RPL32	184.84682
RPL32P1	0.236834958
RPL32P14	0
RPL32P23	0
RPL32P26	0.060237179
RPL32P28	0
RPL32P29	0
RPL32P3	0.759959421
RPL32P31	0.120474358
RPL32P33	0.061613155
RPL32P34	0.060688958
RPL32P35	0
RPL32P9	0
RPL34	81.99895646
RPL34-AS1	0
RPL34P1	0.137150188
RPL34P17	0
RPL34P18	0.205725282
RPL34P19	0
RPL34P20	0
RPL34P21	0
RPL34P22	0
RPL34P23	0
RPL34P26	0
RPL34P27	0.13911509
RPL34P29	0
RPL34P3	0
RPL34P31	0.261731355
RPL34P33	0.072681387
RPL34P34	0.274300375
RPL34P6	0
RPL35	465.2688327
RPL35A	242.8944566
RPL35AP	0
RPL35AP12	0
RPL35AP15	0
RPL35AP18	0
RPL35AP19	0
RPL35AP21	0.291598597
RPL35AP22	0
RPL35AP24	0
RPL35AP25	0
RPL35AP26	0
RPL35AP28	0.660061175
RPL35AP3	0
RPL35AP30	0
RPL35AP31	0.072034372
RPL35AP32	0.150313209
RPL35AP33	0
RPL35AP35	0.142378787
RPL35AP4	0
RPL35P1	5.642432856
RPL35P2	1.003123273
RPL35P3	0.196298517
RPL35P4	0.07539001
RPL35P5	3.805361694
RPL35P6	0.195770832
RPL35P8	0
RPL35P9	0.069358809
RPL36	161.5629814
RPL36A	19.43761381
RPL36A-HNRNPH2	0
RPL36AL	303.9979872
RPL36AP10	0
RPL36AP13	0.076579127
RPL36AP15	0
RPL36AP21	0.150313209
RPL36AP26	0.458029872
RPL36AP29	0.22687461
RPL36AP33	0
RPL36AP35	0
RPL36AP36	0
RPL36AP39	0
RPL36AP40	0
RPL36AP41	0
RPL36AP43	0.395367805
RPL36AP45	0.534368184
RPL36AP48	0.231932324
RPL36AP51	0.076338312
RPL36AP53	0
RPL36AP55	0
RPL36AP6	0
RPL36P1	0
RPL36P16	0
RPL36P18	0
RPL36P19	0
RPL36P2	0
RPL36P20	0
RPL36P4	0
RPL37	63.01587676
RPL37A	65.25770726
RPL37AP1	0.957101847
RPL37AP8	0.087955012
RPL37P1	0.341909623
RPL37P10	0
RPL37P15	0
RPL37P18	0
RPL37P2	4.060027855
RPL37P21	0
RPL37P23	0.990840131
RPL37P25	0.087955012
RPL37P3	0.24855546
RPL37P4	0
RPL37P6	0.843320509
RPL38	92.16986911
RPL38P1	0
RPL38P3	0
RPL38P4	0
RPL39	124.9155069
RPL39L	54.16203237
RPL39P	0
RPL39P18	0.156616666
RPL39P25	0
RPL39P26	0
RPL39P28	0
RPL39P29	0.154621549
RPL39P3	48.70677915
RPL39P31	0.156616666
RPL39P33	0
RPL39P34	0
RPL39P36	0.466838139
RPL39P38	1.745303369
RPL39P39	0.160765452
RPL39P40	0.166271118
RPL39P5	0.108131774
RPL39P6	0.485511664
RPL3L	0.387282691
RPL3P1	0.14032129
RPL3P10	0
RPL3P11	0.021182882
RPL3P12	0.120574089
RPL3P13	0
RPL3P2	0.524659321
RPL3P3	0.060038541
RPL3P4	22.32435431
RPL3P5	0
RPL3P6	0.080649778
RPL3P7	0.420616541
RPL3P8	0.040765043
RPL3P9	0.18468322
RPL4	173.9857792
RPL41	237.378612
RPL41P1	258.6398558
RPL41P2	2.196079655
RPL41P5	27.38783748
RPL4P1	0.227939749
RPL4P2	0.075742849
RPL4P3	0.092584223
RPL4P4	2.3821834
RPL4P5	0.703915814
RPL4P6	0.223394938
RPL5	279.404403
RPL5P1	0.407308443
RPL5P10	0.027153896
RPL5P11	0.027184304
RPL5P12	0.285259497
RPL5P13	0
RPL5P14	0
RPL5P15	0
RPL5P16	0
RPL5P17	0.027680255
RPL5P18	0.027245323
RPL5P19	0
RPL5P2	0
RPL5P20	0
RPL5P21	0
RPL5P22	0.054922134
RPL5P23	0.419508927
RPL5P24	0.137150188
RPL5P25	0
RPL5P26	0
RPL5P27	0.055109156
RPL5P28	0.035029702
RPL5P29	0.135769481
RPL5P3	0.24575956
RPL5P30	0.463170499
RPL5P31	0
RPL5P32	0
RPL5P33	0.026823849
RPL5P34	0.762869057
RPL5P35	0.029749489
RPL5P4	0.849371422
RPL5P5	0
RPL5P6	0.082197234
RPL5P7	0
RPL5P8	0
RPL5P9	0.191793547
RPL6	73.46543714
RPL6P12	0
RPL6P2	0.062006598
RPL6P21	0
RPL6P24	0
RPL6P25	0.028227422
RPL6P27	5.901861975
RPL6P29	0.028064258
RPL6P30	0.028161929
RPL6P5	0
RPL6P7	0
RPL6P8	0.028796659
RPL6P9	0
RPL7	175.4823205
RPL7A	371.2799949
RPL7AP10	0.184138431
RPL7AP11	0.273442114
RPL7AP14	0.060537614
RPL7AP15	0.030535325
RPL7AP2	0.065609684
RPL7AP23	0
RPL7AP25	0
RPL7AP26	0.029859266
RPL7AP28	0.085028312
RPL7AP3	0.05143132
RPL7AP30	1.158884626
RPL7AP31	0.03042053
RPL7AP33	0.041285005
RPL7AP34	0.151532979
RPL7AP38	0.030231112
RPL7AP4	0.031567729
RPL7AP49	0
RPL7AP50	0.70231247
RPL7AP51	0
RPL7AP52	0
RPL7AP53	0.183674022
RPL7AP56	0
RPL7AP57	0
RPL7AP58	0.060537614
RPL7AP6	2.242688088
RPL7AP60	0
RPL7AP61	0
RPL7AP64	0.073229512
RPL7AP65	0.097361965
RPL7AP66	0.333372554
RPL7AP69	0
RPL7AP7	0
RPL7AP71	0.032849233
RPL7AP72	0
RPL7AP73	0
RPL7AP8	0
RPL7AP9	0.060688958
RPL7L1	16.34226418
RPL7L1P1	0
RPL7L1P10	0
RPL7L1P11	0
RPL7L1P12	0
RPL7L1P13	0
RPL7L1P2	0
RPL7L1P3	0.035233067
RPL7L1P4	0
RPL7L1P5	0
RPL7L1P7	0
RPL7L1P8	0.032760571
RPL7L1P9	0
RPL7P1	2.144830646
RPL7P10	0.065698466
RPL7P11	0.073785967
RPL7P12	0.064734889
RPL7P13	0.065521142
RPL7P14	0
RPL7P15	0.03409492
RPL7P16	0.065787488
RPL7P17	0
RPL7P18	0.066146003
RPL7P19	0.157123516
RPL7P2	0
RPL7P20	0.065169351
RPL7P21	0
RPL7P22	0
RPL7P23	0.552456378
RPL7P24	0
RPL7P25	0.033669325
RPL7P26	0
RPL7P27	0
RPL7P28	0.032804842
RPL7P29	0
RPL7P3	0
RPL7P30	0
RPL7P31	0
RPL7P32	0.293656249
RPL7P33	0.065432839
RPL7P34	0
RPL7P35	0
RPL7P36	0
RPL7P37	0
RPL7P38	0.131396932
RPL7P39	0
RPL7P4	0.033254224
RPL7P40	0
RPL7P41	0
RPL7P42	0
RPL7P43	0
RPL7P44	0.065432839
RPL7P45	0
RPL7P46	0
RPL7P47	0.436611209
RPL7P48	0.032540996
RPL7P49	0
RPL7P5	0
RPL7P50	0.166957244
RPL7P51	0
RPL7P52	0.032716419
RPL7P53	0.065698466
RPL7P54	0
RPL7P55	0
RPL7P56	0.033857159
RPL7P57	0.032804842
RPL7P58	0.032025835
RPL7P59	0.102971721
RPL7P6	0.62498114
RPL7P60	0.132112018
RPL7P61	0
RPL7P7	0.069062826
RPL7P8	0.066508447
RPL7P9	7.50690726
RPL8	679.8287691
RPL8P2	0.096715471
RPL9	165.1246176
RPL9P15	0
RPL9P16	0.085628159
RPL9P18	0.408374297
RPL9P2	0.087795961
RPL9P21	0.288422771
RPL9P25	0
RPL9P28	0.419267413
RPL9P29	0.286558318
RPL9P3	0.126655217
RPL9P30	0
RPL9P31	0
RPL9P32	0.469849998
RPL9P33	0
RPL9P5	0.051540516
RPL9P6	0
RPL9P7	1.297488069
RPL9P9	312.637009
RPLP0	356.5434572
RPLP0P1	0.067245383
RPLP0P11	0
RPLP0P2	1.515283271
RPLP0P6	6.030726648
RPLP0P7	0
RPLP1	468.9247098
RPLP1P10	0
RPLP1P11	0
RPLP1P13	0.162378483
RPLP1P6	0.653573394
RPLP2	259.9039552
RPLP2P1	0
RPN1	135.4434031
RPN2	98.6782221
RPP14	2.232170895
RPP21	5.834604684
RPP25	11.46501798
RPP25L	29.87764088
RPP30	2.984232452
RPP38	8.77945963
RPP40	5.431692677
RPP40P1	0
RPP40P2	0
RPPH1	0
RPPH1-2P	0
RPPH1-3P	0
RPRD1A	13.15861985
RPRD1B	5.175795732
RPRD2	9.229055556
RPRM	0.099016655
RPRML	0
RPS10	138.2762057
RPS10-NUDT3	0.138559265
RPS10P14	0.096715471
RPS10P16	0.440484373
RPS10P18	0.098083165
RPS10P2	1.474225701
RPS10P20	0
RPS10P21	0
RPS10P27	0
RPS10P28	0.097492302
RPS10P3	0.933676278
RPS10P5	1.18863496
RPS10P7	0.635813901
RPS11	714.1038289
RPS11P1	0
RPS11P5	3.460775293
RPS11P6	0.363338944
RPS11P7	0.156616666
RPS12	649.3006385
RPS12P10	0
RPS12P15	0.063053463
RPS12P16	0
RPS12P17	0
RPS12P18	0
RPS12P2	0
RPS12P20	0.063883114
RPS12P21	0
RPS12P23	0.244590259
RPS12P24	0
RPS12P26	1.103435601
RPS12P27	0
RPS12P28	0
RPS12P31	0.060993928
RPS12P5	0
RPS13	270.496183
RPS13P2	3.948116831
RPS14	217.5720515
RPS14P4	0
RPS14P7	0
RPS14P8	0.39472493
RPS15	138.8490658
RPS15A	78.22415062
RPS15AP1	4.470184122
RPS15AP10	0.381291883
RPS15AP11	0.756641555
RPS15AP12	2.064675892
RPS15AP16	0
RPS15AP17	0.186735256
RPS15AP18	0
RPS15AP24	0.245207911
RPS15AP25	0
RPS15AP27	0
RPS15AP28	0
RPS15AP29	0
RPS15AP3	0
RPS15AP30	0.062245085
RPS15AP32	0
RPS15AP34	0
RPS15AP36	0
RPS15AP38	0.261027777
RPS15AP40	0.124171781
RPS15AP5	0.062565936
RPS15AP6	0.063053463
RPS15AP7	0
RPS15AP9	0
RPS15P5	0.449547837
RPS15P9	0.228297021
RPS16	247.9504153
RPS16P5	0
RPS16P8	0.056323859
RPS16P9	0
RPS17	186.9003389
RPS17P1	0.059792077
RPS17P11	0
RPS17P13	0
RPS17P14	0
RPS17P15	0.069557545
RPS17P17	0
RPS17P2	0.059498978
RPS17P5	0.118997957
RPS17P8	0
RPS18	1398.12267
RPS18P1	0.106006914
RPS18P12	3.755046642
RPS18P13	0.320822686
RPS18P6	0.265017284
RPS18P9	3.008061399
RPS19	231.4761394
RPS19BP1	16.61164677
RPS19P1	0.78308333
RPS19P3	1.100933479
RPS19P6	0
RPS19P7	0.306509889
RPS2	252.6250187
RPS20	183.2798446
RPS20P1	0
RPS20P10	0.287852765
RPS20P14	2.697287024
RPS20P15	0
RPS20P2	0.187215295
RPS20P20	0
RPS20P21	0
RPS20P22	0.073674001
RPS20P23	0
RPS20P24	0.067245383
RPS20P25	0
RPS20P31	0
RPS20P32	0
RPS20P33	0.137150188
RPS20P35	0.339994163
RPS20P4	0
RPS20P5	0.067432176
RPS21	261.0989659
RPS21P1	0
RPS21P4	0
RPS21P8	0
RPS23	105.2384644
RPS23P1	0.112386959
RPS23P10	0
RPS23P2	0.058495381
RPS23P3	0
RPS23P4	0
RPS23P5	0.056718652
RPS23P6	0.056323859
RPS23P7	0.054674737
RPS23P8	2.574683069
RPS23P9	0
RPS24	151.1751996
RPS24P1	0
RPS24P12	0
RPS24P13	0
RPS24P14	0
RPS24P16	0.061927508
RPS24P17	0.114778171
RPS24P18	0
RPS24P6	0
RPS24P7	0.197362465
RPS24P8	1.268127482
RPS25	204.9043304
RPS25P9	0
RPS26	109.1214327
RPS26P11	0.418544538
RPS26P13	0.367811867
RPS26P15	0.418544538
RPS26P2	0.558059384
RPS26P21	0
RPS26P24	0
RPS26P28	0.418544538
RPS26P3	0.767331653
RPS26P30	0
RPS26P31	1.046361346
RPS26P34	0
RPS26P35	0.070160645
RPS26P38	0.209272269
RPS26P39	0
RPS26P4	0
RPS26P40	0.082570011
RPS26P41	0
RPS26P42	0
RPS26P43	0.162378483
RPS26P45	0
RPS26P47	0.348787115
RPS26P48	0
RPS26P49	0.072681387
RPS26P5	0
RPS26P52	0.139514846
RPS26P54	0
RPS26P55	0.136379681
RPS26P56	0.30344479
RPS26P6	0.348787115
RPS26P8	0.488301961
RPS27	786.7239221
RPS27A	190.9239719
RPS27AP1	0.154621549
RPS27AP10	0
RPS27AP11	0.977540264
RPS27AP12	0.261027777
RPS27AP13	0
RPS27AP14	0
RPS27AP15	0
RPS27AP16	10.72243075
RPS27AP17	0.05335293
RPS27AP18	0
RPS27AP19	0.265017284
RPS27AP2	0.156616666
RPS27AP3	0.21388179
RPS27AP6	0
RPS27AP7	0.10670586
RPS27AP8	0
RPS27AP9	0.055423706
RPS27L	3.558752092
RPS27P1	0
RPS27P12	0
RPS27P14	0.095573162
RPS27P15	0.096331679
RPS27P16	0.120774046
RPS27P18	0
RPS27P20	0
RPS27P21	0.866985115
RPS27P22	0
RPS27P23	0.096715471
RPS27P25	0.048746151
RPS27P26	0
RPS27P27	0
RPS27P29	0.288995038
RPS27P5	0
RPS28	71.39473082
RPS28P1	0
RPS28P7	386.6753613
RPS28P8	0
RPS29	49.55117257
RPS29P1	0
RPS29P10	0
RPS29P11	0.141962475
RPS29P12	0
RPS29P13	0
RPS29P14	0.141962475
RPS29P15	0
RPS29P16	1.1356998
RPS29P17	1.462384531
RPS29P19	0
RPS29P2	0
RPS29P20	0
RPS29P21	0.142797548
RPS29P22	0
RPS29P23	0
RPS29P24	0
RPS29P25	0
RPS29P26	0
RPS29P27	0
RPS29P28	0
RPS29P29	0
RPS29P3	0.5678499
RPS29P30	0
RPS29P31	0
RPS29P32	0
RPS29P33	0
RPS29P4	0
RPS29P5	1.41962475
RPS29P6	0
RPS29P7	0
RPS29P8	0.141962475
RPS29P9	0.141962475
RPS2P1	0.029568311
RPS2P2	0.080783971
RPS2P24	0.055805938
RPS2P25	0
RPS2P28	0.098281713
RPS2P32	1.034161617
RPS2P35	0.243567725
RPS2P36	0.029212495
RPS2P39	0
RPS2P4	0.141796631
RPS2P41	0
RPS2P44	0.086083628
RPS2P45	0
RPS2P46	5.993292346
RPS2P48	0.110093348
RPS2P5	21.18244861
RPS2P52	0
RPS2P55	0.384890334
RPS2P6	0.08137067
RPS2P7	0.603460826
RPS3	331.7361002
RPS3A	330.0794914
RPS3AP1	0
RPS3AP12	0.096715471
RPS3AP14	0
RPS3AP15	0
RPS3AP17	0
RPS3AP2	0
RPS3AP22	0.031567729
RPS3AP23	0
RPS3AP24	0
RPS3AP25	0.459185055
RPS3AP26	4.551671853
RPS3AP29	0.031567729
RPS3AP3	0.200624655
RPS3AP30	0.028626867
RPS3AP32	0
RPS3AP33	0
RPS3AP34	0.031082693
RPS3AP35	0
RPS3AP36	0.344556665
RPS3AP37	0.162923377
RPS3AP38	0.031815968
RPS3AP39	0
RPS3AP4	0.127097294
RPS3AP40	0
RPS3AP41	0
RPS3AP42	0.030963754
RPS3AP43	0.217578851
RPS3AP44	0.460928795
RPS3AP46	0
RPS3AP47	2.390777135
RPS3AP49	0.706757486
RPS3AP5	1.537552165
RPS3AP50	0
RPS3AP52	0
RPS3AP53	0.031202549
RPS3AP54	0
RPS3AP6	4.885651968
RPS3AP9	0
RPS3P1	0.126435329
RPS3P2	0.034629933
RPS3P6	0.521624102
RPS3P7	0.033437442
RPS4X	297.9091106
RPS4XP1	0.15422861
RPS4XP10	0.033208732
RPS4XP11	0.15722528
RPS4XP12	0.068478373
RPS4XP13	0.153837663
RPS4XP14	0.279744237
RPS4XP15	0.030535325
RPS4XP16	1.022642422
RPS4XP17	0.064391467
RPS4XP18	0.063631935
RPS4XP19	0
RPS4XP2	0.30612337
RPS4XP20	0.062890112
RPS4XP21	0.032367444
RPS4XP22	2.271945609
RPS4XP23	0
RPS4XP3	0.352671911
RPS4XP4	0
RPS4XP5	0.030650989
RPS4XP6	0.213210894
RPS4XP7	0.093367628
RPS4XP8	0.094457522
RPS4XP9	0.031122543
RPS4Y1	16.59276128
RPS4Y2	0
RPS5	277.998046
RPS5P2	0.113791796
RPS5P3	0
RPS5P7	0.039926946
RPS6	689.6358665
RPS6KA1	8.094611535
RPS6KA2	1.35469711
RPS6KA2-AS1	0
RPS6KA2-IT1	0.209633707
RPS6KA3	8.535050024
RPS6KA4	8.76777697
RPS6KA5	0.777491088
RPS6KA6	2.661120155
RPS6KB1	5.346502197
RPS6KB2	12.31291605
RPS6KB2-AS1	0
RPS6KC1	7.961136338
RPS6KL1	0.430248619
RPS6P12	0.066874885
RPS6P14	0
RPS6P15	0
RPS6P16	0.111185877
RPS6P2	0
RPS6P20	0
RPS6P21	0.03215309
RPS6P22	0.066874885
RPS6P23	0
RPS6P25	0.519263812
RPS6P4	0
RPS6P7	0.043897981
RPS6P8	0.066508447
RPS7	198.7354122
RPS7P1	52.86682567
RPS7P10	5.55560611
RPS7P11	10.0250702
RPS7P12	0.041710624
RPS7P13	0.048746151
RPS7P14	0.541308031
RPS7P15	0.332542236
RPS7P2	0
RPS7P3	0.502253446
RPS7P4	1.626714339
RPS7P5	0.08356483
RPS7P6	0.083853483
RPS7P7	0.085028312
RPS7P8	0.292476906
RPS7P9	0
RPS8	362.41135
RPS8P10	0
RPS8P3	0.039028269
RPS8P4	0.038717039
RPS8P6	0
RPS9	164.4697143
RPS9P1	0
RPSA	182.9241673
RPSAP1	0.08275767
RPSAP10	0.082946184
RPSAP11	0.110218312
RPSAP12	0.35538579
RPSAP13	0
RPSAP14	0.540960072
RPSAP15	0.225557103
RPSAP16	0.029568311
RPSAP17	0.219937334
RPSAP18	0.246591703
RPSAP19	0.66206136
RPSAP2	0.082012105
RPSAP20	0
RPSAP21	0.082290113
RPSAP22	0.085577849
RPSAP23	0
RPSAP24	0
RPSAP25	0.054984333
RPSAP26	0
RPSAP27	0.02855951
RPSAP28	0
RPSAP29	0.167610471
RPSAP3	0.082104566
RPSAP31	0.082359909
RPSAP32	0.046151299
RPSAP33	0
RPSAP34	0
RPSAP35	0
RPSAP36	0.096255286
RPSAP37	0
RPSAP38	0
RPSAP39	0.0824765
RPSAP4	0.109349474
RPSAP40	0
RPSAP41	0.028227422
RPSAP42	0
RPSAP43	0.077681866
RPSAP44	0.137305335
RPSAP45	0.111101067
RPSAP46	0.110093348
RPSAP47	0.164024211
RPSAP48	0
RPSAP49	0.328788937
RPSAP5	0.302071737
RPSAP50	0
RPSAP51	0
RPSAP52	0.023858067
RPSAP53	0.112647718
RPSAP54	1.232958516
RPSAP55	0
RPSAP57	0
RPSAP58	0.328788937
RPSAP59	0
RPSAP6	0.082570011
RPSAP60	0
RPSAP61	0.331784736
RPSAP62	0.029142357
RPSAP63	0.218698948
RPSAP64	0
RPSAP65	0
RPSAP66	0.040058718
RPSAP67	0
RPSAP68	0
RPSAP69	0.408336135
RPSAP7	0.2194403
RPSAP70	0.309064138
RPSAP71	0
RPSAP72	0
RPSAP73	0
RPSAP74	0.061769932
RPSAP75	0
RPSAP76	0.056918132
RPSAP8	0.081919853
RPSAP9	0.54674737
RPTN	1.768465014
RPTOR	2.562264668
RPUSD1	6.645320361
RPUSD2	3.961164868
RPUSD3	3.821997208
RPUSD4	5.148825635
RRAD	3.892047865
RRAGA	58.25223336
RRAGB	5.50543502
RRAGC	5.905633463
RRAGD	2.373952933
RRAS	25.71956187
RRAS2	22.54613246
RRBP1	30.95658542
RREB1	2.20188291
RRH	0.033368499
RRM1	37.4333329
RRM1-AS1	0
RRM2	27.38168206
RRM2B	11.3283138
RRM2P2	0.03723249
RRM2P3	0.104366222
RRM2P4	0
RRN3	6.822396824
RRN3P1	0.480613108
RRN3P2	0.32146223
RRN3P3	0.411083851
RRNAD1	13.70432893
RRP1	4.774026716
RRP12	1.741899042
RRP15	3.128757142
RRP1B	5.270523187
RRP36	34.04288388
RRP7A	12.345936
RRP7BP	0.967781499
RRP8	3.352709846
RRP9	15.16839357
RRS1	8.267358646
RRS1-AS1	0
RS1	0.03482867
RSAD1	3.88016111
RSAD2	0.969215466
RSBN1	2.00071532
RSBN1L	5.022882956
RSC1A1	0
RSF1	1.989549069
RSF1-IT1	0.038410733
RSF1-IT2	0
RSG1	1.351262237
RSL1D1	23.86226455
RSL24D1	66.73566779
RSL24D1P1	0.049240534
RSL24D1P11	0.049441106
RSL24D1P2	0
RSL24D1P3	0
RSL24D1P4	0
RSL24D1P5	0
RSL24D1P6	0.30268807
RSL24D1P8	0
RSL24D1P9	0.05143132
RSPH1	0.316849982
RSPH10B	0.004861923
RSPH10B2	0
RSPH14	0.259099
RSPH3	1.73159167
RSPH4A	0.213693514
RSPH6A	0
RSPH9	0.405977066
RSPO1	0.055011034
RSPO2	0.035395747
RSPO3	0.977437764
RSPO4	0.232902274
RSPRY1	5.976821528
RSRC1	11.06799602
RSRC2	4.587949145
RSRP1	4.627488453
RSU1	12.80680374
RSU1P1	0.055046674
RSU1P2	0
RSU1P3	0
RTBDN	9.074984381
RTCA	9.871697489
RTCA-AS1	0.573890856
RTCB	61.19950287
RTEL1	0.04049305
RTEL1P1	0
RTEL1-TNFRSF6B	0.061021804
RTF1	8.048386602
RTF2	15.99452037
RTKN	10.38927058
RTKN2	0.770370938
RTL1	0.00578955
RTL10	3.218664716
RTL3	0.018335033
RTL4	0
RTL5	0.523202568
RTL6	7.289301603
RTL8A	49.43391492
RTL8B	22.01098044
RTL8C	90.91524519
RTL9	0.017562368
RTN1	1.599084158
RTN2	1.994226416
RTN3	24.2252885
RTN3P1	0.239000116
RTN4	41.13403309
RTN4IP1	3.123605946
RTN4R	3.56245456
RTN4RL1	0.555827147
RTN4RL2	0.589854976
RTP1	0
RTP2	0
RTP3	0.918833581
RTP4	14.87152846
RTP5	0.04657633
RTRAF	23.94308094
RTTN	0.80005793
RUBCN	1.620627
RUBCNL	0.628262432
RUFY1	3.589385845
RUFY2	2.148017687
RUFY3	1.534144664
RUFY4	0.061287908
RUNDC1	4.220287434
RUNDC3A	0.271428558
RUNDC3A-AS1	0.251607007
RUNDC3B	0.072156723
RUNX1	3.889018886
RUNX1T1	0.15065748
RUNX2	1.060871435
RUNX2-AS1	0
RUNX3	4.12733219
RUSC1	13.18673656
RUSC1-AS1	0.994221838
RUSC2	1.931109401
RUVBL1	7.986879202
RUVBL1-AS1	0
RUVBL2	27.37473504
RWDD1	7.255149765
RWDD2A	1.679320527
RWDD2B	8.559020062
RWDD3	2.302628479
RWDD4	4.905836522
RWDD4P1	0.21482817
RWDD4P2	2.500859372
RXFP1	0.034166901
RXFP2	0
RXFP3	0
RXFP4	0
RXRA	4.810669025
RXRB	11.7228773
RXRG	0.099047261
RXYLT1	3.104437731
RYBP	4.482193014
RYK	22.03114008
RYKP1	0.069837696
RYR1	1.023330254
RYR2	0.034139032
RYR3	0.046875737
S100A1	0.512751593
S100A10	660.0504331
S100A11	4003.829059
S100A11P1	1.400514416
S100A11P2	0.622450852
S100A12	41.33410115
S100A13	22.9944246
S100A14	47.82879199
S100A16	427.3986868
S100A2	2567.170036
S100A3	2.846979393
S100A4	64.18227368
S100A5	0.216746279
S100A6	3023.472639
S100A7	66.84843438
S100A7A	3.627448603
S100A7L2	0
S100A8	807.3682538
S100A9	4901.900783
S100B	4.375640345
S100G	0
S100P	6.448201792
S100PBP	3.221254245
S100Z	0.037270599
S1PR1	3.304198562
S1PR2	2.060239335
S1PR3	1.899563
S1PR4	1.750643021
S1PR5	3.616248676
SAA1	34.65220506
SAA2	4.91615987
SAA2-SAA4	2.229390296
SAA3P	0.037175472
SAA4	0.367305936
SAAL1	6.270533385
SAC3D1	5.233223922
SACM1L	6.395784099
SACS	0.767528968
SACS-AS1	0
SAE1	30.76622797
SAFB	8.442631059
SAFB2	3.862556635
SAG	0
SAGE1	0.369929307
SAGE2P	0
SAGE3P	0
SAGE4P	0
SALL1	1.423938804
SALL1P1	0
SALL2	1.168222975
SALL3	0
SALL4	0.16737659
SALL4P1	0
SALL4P2	0.008342125
SALL4P5	0
SALL4P6	0
SALL4P7	0
SALRNA1	0.011637384
SALRNA2	0
SALRNA3	0
SAMD1	12.35769857
SAMD10	0.791702673
SAMD11	0.151061501
SAMD11P1	0
SAMD12	4.83435285
SAMD12-AS1	3.062033792
SAMD13	0.161603014
SAMD14	0.173001591
SAMD15	0.538220117
SAMD3	0.179350245
SAMD4A	0.462772005
SAMD4B	11.18117033
SAMD5	2.166365338
SAMD7	0
SAMD8	12.62224147
SAMD9	4.554106494
SAMD9L	2.657215206
SAMHD1	12.0221477
SAMM50	8.774670795
SAMM50P1	0
SAMMSON	0.08138366
SAMSN1	4.067634802
SAMSN1-AS1	0
SAP130	5.073835596
SAP18	42.86827814
SAP18P1	0
SAP18P2	0.105775962
SAP18P3	0.061301978
SAP25	0.017489613
SAP30	4.707991897
SAP30BP	4.897396324
SAP30L	2.149044969
SAP30L-AS1	0.086170934
SAPCD1	0.14032129
SAPCD1-AS1	0.26329266
SAPCD2	3.204780737
SAPCD2P1	0
SAPCD2P2	0.020677669
SAPCD2P3	0
SAPCD2P4	0
SAR1A	26.60342697
SAR1AP1	0
SAR1AP2	0
SAR1AP3	0.041006053
SAR1AP4	0
SAR1B	7.041535586
SARAF	81.25419292
SARDH	0.739646676
SARM1	0.466460879
SARNP	1.365322849
SARS	17.30806051
SARS2	0.999273466
SART1	8.378248938
SART3	4.730917538
SASH1	1.408988051
SASH3	6.617357432
SASS6	1.802944876
SAT1	208.8497033
SAT2	20.47836783
SATB1	0.981233955
SATB1-AS1	0.215703072
SATB2	0.516171828
SATB2-AS1	0.038015455
SATL1	0
SAV1	9.205749586
SAXO1	0.010264517
SAXO2	0.186735256
SAYSD1	10.05880576
SBDS	36.77778889
SBDSP1	10.09033524
SBF1	4.648898894
SBF1P1	0
SBF2	1.937181985
SBF2-AS1	2.20354175
SBK1	0.238281967
SBK2	0
SBK3	0.015970778
SBNO1	3.746959402
SBNO2	11.62487557
SBSN	0.64783782
SBSPON	0.060924348
SC5D	59.3151153
SCAANT1	0.095198366
SCAF1	13.42416266
SCAF11	6.107380431
SCAF4	4.183743117
SCAF8	4.761220938
SCAI	0.669658397
SCAMP1	16.17896782
SCAMP1-AS1	4.30783229
SCAMP2	20.62939062
SCAMP3	43.85907992
SCAMP4	8.990310195
SCAMP5	3.317779278
SCAND1	17.34317719
SCAND2P	0.441703716
SCAND3P1	0
SCAP	10.25191667
SCAPER	1.062187448
SCARA3	5.980068007
SCARA5	0.21347187
SCARB1	3.769442065
SCARB2	36.94927381
SCARF1	0.968870284
SCARF2	1.589633085
SCARNA1	0.146238453
SCARNA10	0.367811867
SCARNA11	0
SCARNA12	0.35963827
SCARNA13	1.324122721
SCARNA14	0
SCARNA15	0
SCARNA16	0
SCARNA17	0
SCARNA18	0
SCARNA18B	0
SCARNA2	0
SCARNA20	0
SCARNA21	0.174644484
SCARNA21B	0
SCARNA22	0
SCARNA23	0
SCARNA3	0
SCARNA4	0
SCARNA4	0.188182816
SCARNA5	0
SCARNA6	0.458029872
SCARNA7	0.147124747
SCARNA8	0.185309796
SCARNA9	0.27507743
SCART1	0.109035683
SCCPDH	22.50074034
SCD	45.12397201
SCD5	2.969403819
SCDP1	0
SCEL	1.801184771
SCEL-AS1	0
SCFD1	13.29227643
SCFD2	8.17062016
SCG2	0.32141265
SCG3	0
SCG5	1.072282137
SCGB1A1	42.33628345
SCGB1B2P	0.118225243
SCGB1C1	0
SCGB1C2	0
SCGB1D1	0
SCGB1D2	0
SCGB1D4	0
SCGB1D5P	0
SCGB2A1	0.559130516
SCGB2A2	0
SCGB2B2	0.056832469
SCGB2B3P	0
SCGB3A1	19.94270725
SCGB3A2	22.31095462
SCGN	0
SCHIP1	0.085734565
SCHLAP1	0
SCIMP	0.980715101
SCIN	4.536399101
SCLT1	0.851928933
SCLY	0.15517504
SCMH1	3.744783019
SCML1	2.813088323
SCML2	1.160930818
SCML2P1	0
SCML2P2	0.044954784
SCML4	0.102342256
SCN10A	0
SCN11A	0.063028906
SCN1A	0.005213828
SCN1B	0.72957969
SCN2A	1.326182396
SCN2B	0.045834434
SCN3A	0.16584726
SCN3B	0.058996029
SCN4A	0.038266349
SCN4B	0.434029723
SCN5A	0.021810946
SCN7A	0.171789144
SCN8A	0.315090496
SCN9A	1.658347445
SCNM1	16.32003221
SCNN1A	6.957127661
SCNN1B	4.101693744
SCNN1D	0.482496064
SCNN1G	1.605912548
SCO1	2.081103273
SCO2	27.27212839
SCOC	20.85447704
SCOC-AS1	0.070509993
SCOCP1	0
SCP2	10.47898445
SCP2D1	0
SCPEP1	135.0309628
SCRG1	0.008997622
SCRIB	6.786342789
SCRN1	15.42218246
SCRN2	3.829208
SCRN3	5.160904637
SCRT1	0
SCRT2	0
SCT	1.326534602
SCTR	0.240913552
SCUBE1	0.064014723
SCUBE2	1.436222701
SCUBE3	0.231007453
SCX	0.461697779
SCYL1	18.11314535
SCYL2	7.633647253
SCYL3	4.433300611
SDAD1	7.183236168
SDAD1P1	0.328875261
SDAD1P2	0
SDAD1P3	0
SDAD1P4	0
SDC1	529.7816848
SDC2	16.44060662
SDC3	6.712111166
SDC4	71.47036422
SDC4P	0
SDCBP	42.26634089
SDCBP2	20.49653464
SDCBP2-AS1	0.68196562
SDCBP2P1	0
SDCBPP1	0
SDCBPP2	0
SDCBPP3	0.054490647
SDCCAG3	8.910603479
SDCCAG3P1	0
SDCCAG3P2	0.094919191
SDCCAG8	3.98207143
SDE2	17.09978189
SDF2	23.48873958
SDF2L1	21.40404016
SDF4	31.82787233
SDHA	9.825486563
SDHAF1	9.258190198
SDHAF2	9.020541758
SDHAF3	11.31033469
SDHAF4	12.00292726
SDHAP1	1.628990821
SDHAP2	0
SDHAP3	1.531451968
SDHB	31.81856501
SDHC	15.06080498
SDHCP1	0
SDHCP2	0.048454258
SDHCP3	0.143926383
SDHCP4	0.047599183
SDHD	50.83456127
SDHDP1	0.051214311
SDHDP2	0.208822221
SDHDP6	0.252870659
SDK1	11.10936987
SDK2	1.162852095
SDR16C5	2.509735502
SDR16C6P	0
SDR39U1	1.449171635
SDR42E1	2.303031571
SDR42E1P1	0
SDR42E1P2	0
SDR42E1P3	0
SDR42E1P4	0
SDR42E1P5	0
SDR42E2	0.036921039
SDR9C7	0.247569687
SDS	3.787507827
SDSL	2.837263562
SEBOX	0
SEC11A	29.3182148
SEC11B	0
SEC11C	17.30126359
SEC13	18.39167395
SEC13P1	0
SEC14L1	4.595580454
SEC14L1P1	0.111304829
SEC14L2	1.76439076
SEC14L3	0.013254482
SEC14L4	1.350699371
SEC14L5	0.071211376
SEC14L6	0.114507468
SEC16A	7.313095496
SEC16B	0.029616409
SEC1P	0.110594912
SEC22A	5.864790752
SEC22B	3.409975106
SEC22C	3.942290448
SEC23A	15.06741621
SEC23A-AS1	0.242755832
SEC23B	25.17712753
SEC23IP	5.838236106
SEC24A	6.448991903
SEC24AP1	0
SEC24B	8.223650341
SEC24B-AS1	0.281837266
SEC24C	10.10254734
SEC24D	13.34912363
SEC31A	21.95818747
SEC31B	0.238535587
SEC61A1	93.44833301
SEC61A2	2.312255501
SEC61B	91.26803304
SEC61G	41.92216624
SEC62	26.22914302
SEC62-AS1	0
SEC63	6.267493653
SEC63P1	0.57890898
SEC63P2	0
SECISBP2	3.525191693
SECISBP2L	4.484522615
SECTM1	7.919693816
SEH1L	4.120433408
SEL1L	18.91204815
SEL1L2	0
SEL1L3	34.31774596
SELE	2.101942538
SELENBP1	1.614215437
SELENOF	169.7328462
SELENOH	47.94032747
SELENOI	21.77762798
SELENOK	28.3121698
SELENOKP1	0
SELENOKP2	0
SELENOKP3	0
SELENOM	45.17680705
SELENON	28.51173834
SELENOO	12.83123294
SELENOOLP	0.98928709
SELENOP	24.40361899
SELENOS	37.4834085
SELENOT	119.5462397
SELENOTP1	1.14648545
SELENOTP2	0
SELENOV	0
SELENOW	56.17852607
SELENOWP1	0.385326718
SELL	4.694764167
SELP	1.314637601
SELPLG	7.864743881
SEM1	12.34484184
SEM1P1	0.464604464
SEMA3A	0.406708629
SEMA3B	0.336693249
SEMA3B-AS1	0.430927513
SEMA3C	5.828773571
SEMA3D	0.093344465
SEMA3E	0.215846917
SEMA3F	42.68096221
SEMA3F-AS1	0.123477026
SEMA3G	0.450534672
SEMA4A	16.00675814
SEMA4B	130.6536421
SEMA4C	7.558274002
SEMA4D	2.336696322
SEMA4F	4.767791597
SEMA4G	0.207957595
SEMA5A	0.292984637
SEMA5A-AS1	0
SEMA5B	0.163813383
SEMA6A	0.988217426
SEMA6A-AS1	0.077228791
SEMA6A-AS2	0.050364281
SEMA6B	1.672660312
SEMA6C	1.207719668
SEMA6D	1.520059884
SEMA7A	2.123902268
SEMG1	0
SEMG2	0
SENCR	0.205725282
SENP1	3.777988117
SENP2	9.731904892
SENP3	5.910058837
SENP3-EIF4A1	0.013796865
SENP5	12.05324978
SENP6	3.59646147
SENP7	1.358764664
SENP8	0.819367598
SEPHS1	14.3230936
SEPHS1P1	0.050679714
SEPHS1P4	0.041285005
SEPHS1P6	0.020589977
SEPHS1P7	0
SEPHS2	50.73035442
SEPHS2P1	0
SEPSECS	1.928179347
SEPSECS-AS1	0.161614305
SEPT1	1.750006473
SEPT10	44.85488422
SEPT10P1	0.438715359
SEPT11	9.410602098
SEPT12	0
SEPT14	0
SEPT14P1	0
SEPT14P12	0.216746279
SEPT14P17	0
SEPT14P19	0
SEPT14P2	0
SEPT14P24	0
SEPT14P3	0
SEPT14P4	0.130513888
SEPT14P8	0
SEPT2	64.71295347
SEPT2P1	0
SEPT3	0.514407973
SEPT4	0.587801191
SEPT4-AS1	0.339087512
SEPT5	5.147375948
SEPT6	3.074777634
SEPT7	17.66375851
SEPT7-AS1	0.167789763
SEPT7P1	0
SEPT7P2	1.187862168
SEPT7P3	0.039091116
SEPT7P4	0
SEPT7P5	0
SEPT7P6	0.021238481
SEPT7P7	0.037318345
SEPT7P8	0
SEPT7P9	0.020162445
SEPT8	5.525048443
SEPT9	29.81715983
SERAC1	0.798880908
SERBP1	28.05164449
SERBP1P1	0.292981177
SERBP1P2	0
SERBP1P3	0.030006901
SERBP1P4	0
SERBP1P5	0.226106194
SERBP1P6	0.078140289
SERF1A	0
SERF1AP1	0
SERF1B	0.270524362
SERF2	99.43175797
SERGEF	5.614855056
SERHL	0.654966941
SERHL2	1.04984798
SERINC1	33.95641032
SERINC2	53.94802052
SERINC3	22.24354636
SERINC4	0
SERINC5	6.92574815
SERP1	80.3455487
SERP2	0.466111354
SERPINA1	15.84697395
SERPINA10	0.039926946
SERPINA11	0.08223436
SERPINA12	0.021331795
SERPINA13P	0
SERPINA15P	0
SERPINA2	0
SERPINA3	0.276741649
SERPINA4	0.020766111
SERPINA5	0.154334834
SERPINA6	0.052431065
SERPINA7	0
SERPINA7P1	0
SERPINA9	0.047394735
SERPINB1	140.0906717
SERPINB10	0.035963827
SERPINB11	3.461372391
SERPINB12	0.113969874
SERPINB13	51.06169533
SERPINB2	3.498228149
SERPINB3	51.0877535
SERPINB4	22.2496031
SERPINB5	130.8687509
SERPINB6	21.95531178
SERPINB7	11.6821066
SERPINB8	4.735632981
SERPINB8P1	0
SERPINB9	8.477000648
SERPINB9P1	1.679338291
SERPINC1	0.109844268
SERPIND1	0.02852595
SERPINE1	119.7950567
SERPINE2	33.59155329
SERPINE3	0.009308122
SERPINE4P	0
SERPINF1	50.68684824
SERPINF2	1.199304793
SERPING1	51.58982534
SERPINH1	84.75705765
SERPINH1P1	0.077744062
SERPINI1	11.37478734
SERPINI2	0
SERTAD1	14.52630689
SERTAD2	16.78861262
SERTAD3	21.9443392
SERTAD4	1.76283273
SERTAD4-AS1	1.378195462
SERTM1	0.590425785
SERTM2	0.025510281
SESN1	3.014893756
SESN2	2.727751604
SESN3	71.67311429
SESTD1	2.44702328
SET	53.1442963
SETBP1	1.547837832
SETD1A	3.847238598
SETD1B	2.280398183
SETD2	3.736196159
SETD3	10.47200371
SETD4	4.714350133
SETD5	6.304733724
SETD6	2.132120936
SETD6P1	0
SETD7	8.521574017
SETD8P1	0.046504949
SETD9	2.381890496
SETDB1	8.86077611
SETDB2	1.599469394
SETMAR	4.532531097
SETP1	0
SETP10	0.029822584
SETP11	0
SETP12	0
SETP14	0.389299158
SETP15	0
SETP16	0
SETP17	0.029713076
SETP2	0
SETP20	0.056984937
SETP21	0
SETP22	0.025366336
SETP3	0.029859266
SETP4	0
SETP5	0
SETP6	0
SETP7	0.107176968
SETP8	0.038655387
SETP9	0.029177384
SETSIP	0.053411624
SETX	3.889292369
SEZ6	0.00474596
SEZ6L	0.006791323
SEZ6L2	3.325341448
SF1	24.37314082
SF3A1	16.14025189
SF3A2	17.14162912
SF3A3	15.38990033
SF3A3P1	0
SF3A3P2	0.016108549
SF3B1	27.47029659
SF3B2	18.06975776
SF3B3	8.888080916
SF3B4	71.81031098
SF3B5	138.4023511
SF3B6	77.20730602
SFI1	0.777680093
SFMBT1	2.886895467
SFMBT2	0.546340866
SFN	2290.382886
SFPQ	31.58506397
SFPQP1	0
SFR1	2.947366616
SFR1P1	0
SFR1P2	0
SFRP1	0.188657126
SFRP2	82.34822595
SFRP4	14.02275093
SFRP5	0.013221995
SFSWAP	1.97655876
SFT2D1	11.23058554
SFT2D2	8.926214808
SFT2D3	0
SFTA1P	1.15005964
SFTA2	0.632359621
SFTA3	0.156213534
SFTPA1	12.84595326
SFTPA2	32.96416254
SFTPA3P	0
SFTPB	63.45909151
SFTPC	0.289357642
SFTPD	3.748841012
SFTPD-AS1	0
SFXN1	19.57563538
SFXN2	0.679861367
SFXN3	2.993167354
SFXN4	11.77391777
SFXN5	1.445105522
SGCA	0.049501597
SGCB	9.815012285
SGCD	0.571109242
SGCE	16.54590203
SGCG	0.029896038
SGCZ	0
SGF29	5.314569772
SGIP1	0.331336108
SGK1	49.15125341
SGK2	0.06659968
SGK3	1.681145766
SGK494	0.223858048
SGMS1	9.020744798
SGMS1-AS1	0.119227905
SGMS2	1.786886414
SGO1	2.257603873
SGO1-AS1	0
SGO1P1	0
SGO1P2	0
SGO2	2.112322419
SGPL1	16.44098409
SGPP1	8.084531488
SGPP2	17.90105957
SGSH	4.0935439
SGSM1	0.076152056
SGSM2	1.88569928
SGSM3	7.552403668
SGTA	18.68728137
SGTB	1.566847838
SH2B1	3.757703994
SH2B2	1.008088397
SH2B3	3.221363912
SH2D1A	2.467191927
SH2D1B	0.35584516
SH2D2A	4.13612644
SH2D3A	2.114982583
SH2D3C	1.500615576
SH2D4A	3.891818428
SH2D4B	0.055639659
SH2D5	2.607031885
SH2D6	0.037753629
SH2D7	0.033704385
SH3BGR	0.925557353
SH3BGRL	20.65110378
SH3BGRL2	1.100827006
SH3BGRL3	135.3914247
SH3BP1	6.873491715
SH3BP2	2.794611814
SH3BP4	14.57760861
SH3BP5	0.560340464
SH3BP5-AS1	0.194780539
SH3BP5L	4.521996253
SH3D19	5.821901329
SH3D21	0.412370211
SH3GL1	36.81192918
SH3GL1P1	0.110536806
SH3GL1P2	0.022435844
SH3GL1P3	0
SH3GL2	0.018102597
SH3GL3	0.288737237
SH3GLB1	18.84612201
SH3GLB2	6.622880716
SH3KBP1	3.523739502
SH3PXD2A	8.129718538
SH3PXD2A-AS1	1.029275969
SH3PXD2B	7.617122326
SH3RF1	3.142358567
SH3RF2	1.369529584
SH3RF3	1.254984485
SH3RF3-AS1	0.272419263
SH3TC1	0.944165042
SH3TC2	0.069372638
SH3TC2-DT	0
SH3YL1	6.118360159
SHANK1	0.048121283
SHANK2	0.106998378
SHANK2-AS1	0
SHANK2-AS2	0
SHANK2-AS3	0
SHANK3	1.937487862
SHARPIN	15.24747376
SHB	6.324038028
SHBG	0.160031735
SHC1	53.84013505
SHC1P1	0
SHC1P2	0.066100975
SHC2	1.257119365
SHC3	0.124690779
SHC4	0.456443425
SHCBP1	3.881697877
SHCBP1L	0
SHD	0.129538865
SHE	0.221445315
SHF	0.778763091
SHH	0.077095937
SHISA2	5.780304955
SHISA3	0.098531033
SHISA4	8.995591261
SHISA5	52.77753298
SHISA6	0.005693816
SHISA7	0
SHISA8	0.051833986
SHISA9	0.021514549
SHISAL1	0.111471349
SHISAL2A	0.106471856
SHISAL2B	0.018008593
SHKBP1	12.87173328
SHMT1	3.24741355
SHMT1P1	0
SHMT2	39.34370567
SHOC2	10.43044364
SHOX	0
SHOX2	0.303144052
SHPK	0.474379557
SHPRH	0.432189892
SHQ1	3.112893654
SHQ1P1	0
SHROOM1	1.246732441
SHROOM2	4.552227545
SHROOM2P1	0
SHROOM3	0.739760534
SHROOM4	0.528598299
SHTN1	3.576431867
SI	0.007909933
SIAE	3.647750126
SIAH1	1.923997897
SIAH1P1	0
SIAH2	39.34926405
SIAH2-AS1	0.220186696
SIAH3	0.006879859
SIDT1	0.533099036
SIDT1-AS1	0
SIDT2	4.784923477
SIGIRR	5.603660085
SIGLEC1	0.775735096
SIGLEC10	4.667108309
SIGLEC11	0.137712101
SIGLEC12	2.172780506
SIGLEC14	1.352530093
SIGLEC15	0.020240898
SIGLEC16	0.125730112
SIGLEC17P	0.34070994
SIGLEC18P	0.053411624
SIGLEC20P	0
SIGLEC21P	0
SIGLEC22P	0.065256944
SIGLEC26P	0
SIGLEC27P	0
SIGLEC28P	0
SIGLEC29P	0
SIGLEC30P	0
SIGLEC31P	0
SIGLEC5	0.052318067
SIGLEC6	0.179260039
SIGLEC7	0.926821092
SIGLEC8	0.489951853
SIGLEC9	0.697958872
SIGLECL1	0
SIGMAR1	30.88614732
SIK1	0.009936792
SIK1B	1.803242449
SIK2	3.152158213
SIK3	2.647639159
SIKE1	3.414397436
SIL1	15.43929514
SIM1	0
SIM2	1.243600186
SIMC1	2.306531209
SIN3A	6.286738607
SIN3B	3.866613346
SINHCAF	21.64023807
SIPA1	5.411820129
SIPA1L1	3.610435596
SIPA1L2	15.66269144
SIPA1L3	3.875637379
SIRPA	11.50551517
SIRPAP1	0.082290113
SIRPB1	0.761227449
SIRPB2	0.583501305
SIRPB3P	0
SIRPD	0.049516743
SIRPG	1.808216948
SIRPG-AS1	0.024562142
SIRT1	4.091270562
SIRT2	9.310060595
SIRT3	4.092596402
SIRT4	0.516501771
SIRT5	4.256187262
SIRT6	5.801054332
SIRT7	2.355741739
SIT1	3.201376837
SIVA1	27.77256841
SIX1	5.253003735
SIX2	1.783512236
SIX3	0.635033093
SIX3-AS1	0.168726903
SIX4	3.784628324
SIX5	3.372367297
SIX6	0.008710292
SKA1	5.587498646
SKA2	15.76216394
SKA2P1	0.560205767
SKA3	5.208737344
SKAP1	6.243078615
SKAP1-AS1	0.212013827
SKAP2	7.9203488
SKI	6.875420115
SKIDA1	0.062320283
SKIL	8.207280833
SKINT1L	0.012077405
SKIV2L	7.437532684
SKOR1	0.005419867
SKOR2	0
SKP1	32.11843471
SKP1P1	1.538942903
SKP1P3	0
SKP2	13.33037629
SLA	2.196468247
SLA2	2.201267974
SLAIN1	0.21732315
SLAIN2	6.76099551
SLAMF1	0.807480163
SLAMF6	2.439934803
SLAMF6P1	0.040324889
SLAMF7	15.76682303
SLAMF8	6.401105054
SLAMF9	6.845882465
SLBP	30.56614649
SLC10A1	0.035542582
SLC10A2	0
SLC10A3	38.69832625
SLC10A4	0.040685335
SLC10A5	0.066171761
SLC10A5P1	0
SLC10A6	0.662649076
SLC10A7	1.673552245
SLC11A1	1.029669735
SLC11A2	7.470740921
SLC12A1	0.00778313
SLC12A2	1.650393645
SLC12A3	0.070705582
SLC12A4	2.492503844
SLC12A5	0.102323602
SLC12A5-AS1	0.05408998
SLC12A6	3.69589478
SLC12A7	12.78215099
SLC12A8	10.45162507
SLC12A9	2.789481229
SLC12A9-AS1	0.657874884
SLC13A1	0
SLC13A2	0.045149876
SLC13A3	0.449028129
SLC13A4	0.072690455
SLC13A5	0.278377318
SLC14A1	0.068532073
SLC14A2	0
SLC14A2-AS1	0
SLC15A1	0.46906542
SLC15A2	4.585387941
SLC15A3	3.296782097
SLC15A4	2.5662507
SLC15A5	0
SLC16A1	11.22380128
SLC16A10	0.099374996
SLC16A11	0.701743954
SLC16A12	0.015062409
SLC16A12-AS1	0
SLC16A13	4.303768946
SLC16A14	9.20764135
SLC16A14P1	0
SLC16A1-AS1	0.143536338
SLC16A1P1	0
SLC16A2	1.575200065
SLC16A3	8.622622388
SLC16A4	1.019467183
SLC16A5	3.096335315
SLC16A6	0.316819973
SLC16A6P1	0.068769358
SLC16A7	0.532943649
SLC16A8	0.242425252
SLC16A9	16.75009761
SLC17A1	0
SLC17A2	0.009453109
SLC17A3	0.01350895
SLC17A4	0
SLC17A5	4.667863255
SLC17A6	0
SLC17A7	0.03633465
SLC17A8	0
SLC17A9	0.668337013
SLC18A1	0
SLC18A2	0.205974645
SLC18A3	1.484622445
SLC18B1	4.132014165
SLC19A1	1.19216957
SLC19A2	6.553283293
SLC19A3	0.592198502
SLC1A1	1.129379309
SLC1A2	0.104339138
SLC1A3	1.770780771
SLC1A4	29.98501567
SLC1A5	64.38275177
SLC1A6	0.015874695
SLC1A7	0.05836556
SLC20A1	13.53721782
SLC20A1P1	0
SLC20A1P2	0
SLC20A1P3	0
SLC20A2	30.27045695
SLC22A1	0.083998558
SLC22A10	0.00758612
SLC22A11	0.023243569
SLC22A12	0
SLC22A13	0.019002413
SLC22A14	0.019903457
SLC22A15	0.394501163
SLC22A16	0.006213356
SLC22A17	2.899678126
SLC22A18	2.712508734
SLC22A18AS	0.476793161
SLC22A2	0.007867634
SLC22A20P	0.402256714
SLC22A23	8.299204782
SLC22A24	0
SLC22A25	0.032350191
SLC22A3	0.333535492
SLC22A31	0.390641569
SLC22A4	0.406399273
SLC22A5	0.755527222
SLC22A6	0
SLC22A7	0.01376557
SLC22A8	0
SLC22A9	0.030832663
SLC23A1	0.06821113
SLC23A2	4.09923022
SLC23A3	0.101120174
SLC24A1	0.702826771
SLC24A2	0.126470617
SLC24A3	0.820913442
SLC24A4	0.001684401
SLC24A5	0
SLC25A1	58.99800616
SLC25A10	6.418534594
SLC25A11	40.49265511
SLC25A12	7.269994742
SLC25A13	8.211821277
SLC25A14	3.832137597
SLC25A14P1	0
SLC25A15	4.056942868
SLC25A15P1	0
SLC25A15P2	0
SLC25A15P3	0
SLC25A15P4	0
SLC25A15P5	0
SLC25A16	2.196140414
SLC25A17	9.81003764
SLC25A18	0.148490174
SLC25A18P1	0
SLC25A19	2.730637075
SLC25A1P1	0.052374505
SLC25A1P2	0
SLC25A1P3	0.029318337
SLC25A1P4	0
SLC25A1P5	0
SLC25A2	0
SLC25A20	7.018117651
SLC25A20P1	0
SLC25A21	0.44471399
SLC25A21-AS1	0.75703482
SLC25A22	6.347069854
SLC25A23	6.459833114
SLC25A24	3.696205936
SLC25A24P1	0
SLC25A24P2	0
SLC25A25	4.475441801
SLC25A25-AS1	0.319065716
SLC25A26	3.025111139
SLC25A27	0.339621906
SLC25A28	17.67760419
SLC25A29	2.45003873
SLC25A3	30.87387011
SLC25A30	1.407798026
SLC25A30-AS1	0
SLC25A31	0
SLC25A32	11.60630648
SLC25A33	2.979333384
SLC25A34	0.151959832
SLC25A34-AS1	0.075979916
SLC25A35	0.404904519
SLC25A36	18.86230439
SLC25A36P1	0
SLC25A37	1.951700872
SLC25A38	18.90358061
SLC25A38P1	0.02574293
SLC25A39	57.09512525
SLC25A39P1	0.04558795
SLC25A39P2	0
SLC25A3P1	0
SLC25A3P2	0.05517178
SLC25A4	6.800571104
SLC25A40	3.592843649
SLC25A41	0.04416419
SLC25A42	1.042147188
SLC25A43	17.35528855
SLC25A44	9.413320902
SLC25A45	0.611911582
SLC25A46	5.908436046
SLC25A47	0.040481795
SLC25A47P1	0
SLC25A48	1.094992074
SLC25A5	623.1704049
SLC25A51	2.405411312
SLC25A51P1	0
SLC25A51P2	0
SLC25A51P3	0.027306618
SLC25A52	0.018404536
SLC25A53	0.354646943
SLC25A5-AS1	0.245527922
SLC25A5P1	0.513625926
SLC25A5P2	0.189441564
SLC25A5P3	0.164580225
SLC25A5P4	0
SLC25A5P5	1.244901703
SLC25A5P6	0.054798156
SLC25A5P7	0.135466424
SLC25A5P8	0.162197661
SLC25A5P9	0
SLC25A6	182.6950778
SLC25A6P1	0
SLC25A6P2	0.027680255
SLC25A6P3	0
SLC25A6P4	0
SLC25A6P5	0.017942042
SLC25A6P6	0
SLC26A1	0.084820347
SLC26A10	0.011354342
SLC26A11	2.336951923
SLC26A2	5.929267479
SLC26A3	0
SLC26A4	0.904056203
SLC26A4-AS1	0.048271194
SLC26A5	0.043131033
SLC26A6	3.073967622
SLC26A7	0.015479409
SLC26A8	0.024130798
SLC26A9	0.219981298
SLC27A1	1.150654993
SLC27A2	0.944339247
SLC27A3	4.384694007
SLC27A4	6.759696163
SLC27A5	0.825823579
SLC27A6	0.027799122
SLC28A1	0.007046613
SLC28A2	0.009351149
SLC28A3	0.997298303
SLC29A1	6.999350577
SLC29A2	4.319625837
SLC29A3	3.28317314
SLC29A4	1.015137966
SLC29A4P1	0
SLC29A4P2	0
SLC2A1	368.1443683
SLC2A10	6.714626318
SLC2A11	0.655358827
SLC2A12	23.66163046
SLC2A13	0.692412167
SLC2A13P1	0
SLC2A14	0.030480553
SLC2A1-AS1	0.483491105
SLC2A2	0
SLC2A3	2.747212454
SLC2A3P1	0
SLC2A3P2	0.016402421
SLC2A3P4	0.049508327
SLC2A4	0.071998764
SLC2A4RG	18.2499594
SLC2A5	1.450804316
SLC2A6	3.017304129
SLC2A7	0.078868042
SLC2A8	5.9391129
SLC2A9	3.237233807
SLC2AXP1	0
SLC30A1	5.122085973
SLC30A10	0.01262162
SLC30A2	0.034699233
SLC30A3	0.069033944
SLC30A4	2.104906262
SLC30A5	14.45874554
SLC30A6	15.18009206
SLC30A7	5.051616708
SLC30A8	0
SLC30A9	8.151220054
SLC31A1	16.72823006
SLC31A1P1	0.04281408
SLC31A2	0.601072747
SLC32A1	0.009431074
SLC33A1	9.892293857
SLC34A1	0.037520221
SLC34A2	7.924823294
SLC34A3	0.021081705
SLC35A1	3.189670413
SLC35A2	12.60491953
SLC35A3	9.809809466
SLC35A4	12.99766499
SLC35A5	8.508709469
SLC35B1	10.25324515
SLC35B2	38.08277063
SLC35B3	15.77856111
SLC35B4	4.063573503
SLC35C1	7.969719773
SLC35C2	6.090941612
SLC35D1	4.368974649
SLC35D2	12.06616597
SLC35D3	0
SLC35E1	9.393115292
SLC35E1P1	0.08429022
SLC35E2	0.089248468
SLC35E2B	1.844886491
SLC35E3	0.726985314
SLC35E4	1.417648414
SLC35F1	0.01000024
SLC35F2	3.938169675
SLC35F3	0.547055396
SLC35F4	0.005725373
SLC35F5	29.8447835
SLC35F6	20.64233345
SLC35G1	4.841608485
SLC35G2	2.791663757
SLC35G3	0.012113564
SLC35G4	0
SLC35G5	0
SLC35G6	0.014304999
SLC36A1	3.610036587
SLC36A2	0
SLC36A3	0.005306138
SLC36A4	1.441245261
SLC37A1	1.32172606
SLC37A2	4.938181738
SLC37A3	3.588145801
SLC37A4	3.402348957
SLC38A1	6.556710195
SLC38A10	13.33332318
SLC38A11	23.48417822
SLC38A2	43.94020289
SLC38A3	0.036707031
SLC38A4	0.128845074
SLC38A5	2.449330145
SLC38A6	4.923976856
SLC38A7	2.302204502
SLC38A8	0.013345565
SLC38A9	1.12532172
SLC39A1	58.94782265
SLC39A10	4.622082275
SLC39A11	13.27482636
SLC39A12	0
SLC39A12-AS1	0
SLC39A13	7.112152762
SLC39A14	13.59950204
SLC39A2	0.154130687
SLC39A3	3.226434061
SLC39A4	5.189852482
SLC39A5	0
SLC39A6	32.66193353
SLC39A7	64.09777896
SLC39A8	4.660312581
SLC39A9	28.59592945
SLC3A1	0.022267772
SLC3A2	73.83471613
SLC40A1	260.4719622
SLC41A1	5.754806341
SLC41A2	1.621199889
SLC41A3	4.172365866
SLC43A1	0.927860627
SLC43A2	2.277409514
SLC43A3	1.902492021
SLC44A1	22.43078249
SLC44A2	20.78503732
SLC44A3	2.859932774
SLC44A3-AS1	0.216286486
SLC44A4	1.808599403
SLC44A5	2.901970815
SLC45A1	0.23535884
SLC45A2	0.022291628
SLC45A3	1.783619296
SLC45A4	1.991003921
SLC46A1	0.916760989
SLC46A2	0.038809885
SLC46A3	2.7772913
SLC47A1	1.481409083
SLC47A1P1	0
SLC47A2	2.329236949
SLC48A1	18.1931215
SLC49A3	0.890594392
SLC4A1	0
SLC4A10	0
SLC4A11	3.408456061
SLC4A1AP	7.939565627
SLC4A1APP1	0
SLC4A1APP2	0
SLC4A2	4.193055283
SLC4A3	1.320828236
SLC4A4	0.238081309
SLC4A5	0.054449906
SLC4A7	2.630528048
SLC4A8	0.041854454
SLC4A9	0.026713159
SLC50A1	81.48919067
SLC51A	0.917271234
SLC51B	0.258250885
SLC52A1	2.542333575
SLC52A2	14.99179046
SLC52A3	4.277294343
SLC5A1	0.150865206
SLC5A10	0.02634151
SLC5A11	0.049759614
SLC5A12	0.196289843
SLC5A2	0.076064943
SLC5A3	1.761836003
SLC5A4	0.047833662
SLC5A4-AS1	0.055423706
SLC5A4P1	0
SLC5A5	0.272535299
SLC5A6	4.927865448
SLC5A7	0.037578302
SLC5A8	0.058103359
SLC5A9	0.01605882
SLC6A1	0.16335527
SLC6A10P	0.0162596
SLC6A11	0.456525893
SLC6A12	0.119538857
SLC6A13	0.017163976
SLC6A14	2.819619732
SLC6A15	0.168638034
SLC6A16	0.269803648
SLC6A17	0.062113925
SLC6A18	0
SLC6A19	0
SLC6A1-AS1	0
SLC6A2	0.079985447
SLC6A20	0.102197614
SLC6A21P	0
SLC6A3	0.005441736
SLC6A4	0.010429149
SLC6A5	0.006824735
SLC6A6	13.73773312
SLC6A6P1	0
SLC6A7	0.016585459
SLC6A8	92.55452445
SLC6A9	1.811610688
SLC7A1	5.589191092
SLC7A10	0.015606289
SLC7A11	13.6768812
SLC7A11-AS1	0.06698343
SLC7A13	0
SLC7A14	0.00696307
SLC7A15P	0
SLC7A2	0.712452284
SLC7A3	0
SLC7A4	0.029761647
SLC7A5	47.33866628
SLC7A5P1	0.361647422
SLC7A5P2	0
SLC7A6	1.36286221
SLC7A6OS	0.97862974
SLC7A7	4.319549304
SLC7A8	59.78738614
SLC7A9	0.009347548
SLC8A1	0.326671702
SLC8A1-AS1	0.008593127
SLC8A2	0.026262802
SLC8A3	0.014374457
SLC8B1	3.540189219
SLC9A1	7.761359884
SLC9A2	0.170383438
SLC9A3	0.261684332
SLC9A3-AS1	3.205144414
SLC9A3P1	0
SLC9A3P2	0
SLC9A3P3	0
SLC9A3R1	268.3002472
SLC9A3R2	5.210702651
SLC9A4	0.048789694
SLC9A5	0.201587238
SLC9A6	5.293944494
SLC9A7	2.30343419
SLC9A7P1	0.300603718
SLC9A8	1.506302385
SLC9A9	5.417012942
SLC9A9-AS1	0
SLC9A9-AS2	0
SLC9B1	0.375101387
SLC9B1P1	0
SLC9B1P2	0
SLC9B1P3	0
SLC9B1P4	0
SLC9B2	1.603615936
SLC9C1	0.045695215
SLC9C2	0.009876153
SLCO1A2	0.248656148
SLCO1B1	0
SLCO1B3	0.034268186
SLCO1B7	0
SLCO1C1	0.069929664
SLCO2A1	2.246973347
SLCO2B1	2.837740865
SLCO3A1	10.99927062
SLCO4A1	1.366288071
SLCO4A1-AS1	0.031650043
SLCO4C1	0.855607358
SLCO5A1	0.082603065
SLCO6A1	0.057564052
SLF1	1.388624176
SLF2	1.99128374
SLFN11	3.226193356
SLFN12	0.784183166
SLFN12L	0.247246638
SLFN13	0.947187511
SLFN14	0.008402763
SLFN5	8.15155451
SLFNL1	0.050691473
SLFNL1-AS1	0.116320503
SLIRP	15.03037821
SLIT1	0.024000906
SLIT1-AS1	0
SLIT2	1.112297625
SLIT2-IT1	0
SLIT3	0.471552353
SLITRK1	0.004678278
SLITRK2	0.024685988
SLITRK3	0.094283745
SLITRK4	0.010893239
SLITRK5	0.040261831
SLITRK6	0.950109672
SLK	4.024620142
SLMAP	3.697878125
SLN	0.026794242
SLPI	156.0398646
SLTM	6.481821779
SLU7	6.701818822
SLURP1	0.904118556
SLX1A	0.009852104
SLX1A-SULT1A3	0.021058845
SLX1B	0.059160641
SLX1B-SULT1A4	0.011976114
SLX4	0.517102983
SLX4IP	1.465808475
SMAD1	6.19912962
SMAD1-AS1	0
SMAD1-AS2	0
SMAD2	3.019929013
SMAD3	15.16524693
SMAD4	7.014631682
SMAD5	11.50318102
SMAD5-AS1	0.401028357
SMAD6	0.167261405
SMAD7	2.196111808
SMAD9	0.462351664
SMAD9-IT1	0.04816584
SMAGP	4.564464635
SMAP1	2.216948239
SMAP2	11.45919847
SMARCA1	8.774374223
SMARCA2	8.027170798
SMARCA4	6.69678825
SMARCA5	10.95803011
SMARCA5-AS1	0
SMARCAD1	6.648579658
SMARCAL1	4.37647003
SMARCB1	33.20891957
SMARCC1	13.311085
SMARCC2	6.512269256
SMARCD1	10.94197335
SMARCD2	51.80178015
SMARCD3	6.426164392
SMARCE1	5.197820395
SMARCE1P1	0
SMARCE1P2	0
SMARCE1P3	0
SMARCE1P4	0
SMARCE1P5	0.178351224
SMARCE1P6	0.039926946
SMARCE1P7	0
SMC1A	4.957461243
SMC1B	0.051370856
SMC2	4.691477895
SMC2-AS1	0.009558571
SMC3	8.756245455
SMC4	13.5371468
SMC4P1	0
SMC5	5.3291434
SMC5-AS1	0.186940685
SMC6	4.237848658
SMCHD1	2.39972391
SMCO1	0.038986483
SMCO2	0.294547016
SMCO3	0.126916072
SMCO4	16.55424072
SMCO4P1	0
SMCP	0.09397
SMCR2	0
SMCR5	0
SMCR8	2.199140888
SMDT1	19.68972781
SMG1	1.726230483
SMG1P1	0.072351298
SMG1P2	0.379575573
SMG1P3	0.204943716
SMG1P4	0.003859393
SMG1P5	0.096271359
SMG1P6	0.066281456
SMG1P7	0.161466035
SMG5	16.39883384
SMG6	1.780301441
SMG6-IT1	0.064907977
SMG7	13.46438203
SMG7-AS1	0.078933318
SMG8	7.544064507
SMG9	3.573811734
SMILR	0.526775766
SMIM1	1.170520784
SMIM10	0.885047305
SMIM10L1	7.739096055
SMIM10L2A	0.714806848
SMIM10L2B	0.612292158
SMIM10L2B-AS1	0.067620009
SMIM11A	0.017339702
SMIM11B	0.00561415
SMIM11P1	0
SMIM12	5.568592566
SMIM12P1	0
SMIM13	4.784692597
SMIM14	11.60503629
SMIM15	26.16620496
SMIM15-AS1	0.274472675
SMIM17	0.045121902
SMIM18	0
SMIM19	11.4375344
SMIM2	0.029460659
SMIM20	11.77636853
SMIM21	0
SMIM22	5.690020357
SMIM23	0
SMIM24	0.097231976
SMIM25	1.228140481
SMIM26	34.55622638
SMIM27	1.468125457
SMIM28	0
SMIM29	16.32530249
SMIM2-AS1	0.12908253
SMIM2-IT1	0
SMIM3	10.2432135
SMIM30	21.77888558
SMIM31	0.228297021
SMIM32	0.101937062
SMIM34A	0
SMIM34B	0
SMIM35	0.375119387
SMIM36	0
SMIM37	16.66505177
SMIM4	4.499100838
SMIM5	0.545572029
SMIM6	0.290591696
SMIM7	10.00863747
SMIM8	0.627075301
SMIM9	0
SMKR1	1.524553535
SMLR1	0
SMN1	1.442269071
SMN2	1.392264193
SMNDC1	10.02930686
SMO	18.01382294
SMOC1	1.311292662
SMOC2	27.14747141
SMOX	5.949413131
SMPD1	14.92727681
SMPD2	5.701266565
SMPD3	0.199868743
SMPD4	8.824791676
SMPD4P1	0
SMPD4P2	0
SMPD5	0.133529061
SMPDL3A	4.867517963
SMPDL3B	1.627464193
SMPX	0.490180046
SMR3A	0
SMR3B	0
SMS	77.91787891
SMTN	2.52900286
SMTNL1	0.161935364
SMTNL2	0.108109885
SMU1	9.666604045
SMUG1	10.26387839
SMUG1P1	0
SMURF1	10.26954644
SMURF2	8.711450492
SMURF2P1	0.51106491
SMYD1	0
SMYD2	12.54246742
SMYD3	2.021558477
SMYD3-IT1	0
SMYD4	1.751624641
SMYD5	12.51844425
SNAI1	3.55638734
SNAI1P1	0
SNAI2	26.92440891
SNAI3	0.350398141
SNAI3-AS1	0.120486317
SNAP23	7.595377393
SNAP23P1	0
SNAP25	0.180783313
SNAP25-AS1	0.02677454
SNAP29	7.043006882
SNAP47	8.699365536
SNAP47-AS1	0.014212871
SNAP91	0.080298125
SNAPC1	28.27886087
SNAPC2	6.918541217
SNAPC3	5.219032478
SNAPC4	1.400328054
SNAPC5	10.24625055
SNAPC5P1	0
SNAPIN	72.66952437
SNCA	0.399150098
SNCA-AS1	0
SNCAIP	0.324779134
SNCB	0.242029743
SNCG	0.934425016
SND1	38.03050214
SND1-IT1	0.019569192
SNED1	0.78227674
SNF8	10.35973181
SNHG1	10.63834131
SNHG10	2.371393733
SNHG11	2.027999309
SNHG12	1.617413747
SNHG14	0.120140009
SNHG15	7.907703006
SNHG16	6.754787423
SNHG17	2.719839591
SNHG18	1.841510157
SNHG19	16.4676471
SNHG20	1.65833843
SNHG21	1.936513761
SNHG22	0.037447872
SNHG25	2.095733803
SNHG26	1.321434488
SNHG27	0
SNHG28	0.475611187
SNHG3	2.707843921
SNHG4	1.525101542
SNHG5	12.25074171
SNHG6	30.23254269
SNHG7	3.653908268
SNHG8	20.06746478
SNHG9	2.070694031
SNIP1	2.448417047
SNN	5.299289452
SNORA1	0
SNORA10	0
SNORA108	0
SNORA10B	0
SNORA11	0.568958982
SNORA11B	0
SNORA11C	0
SNORA11D	0
SNORA11E	0
SNORA11F	1.327570957
SNORA12	0.165140022
SNORA13	0.365046364
SNORA14A	0
SNORA14B	3.416563564
SNORA15	0
SNORA15B-1	0
SNORA15B-2	0.179819135
SNORA16A	0
SNORA16A	0
SNORA16B	0.35963827
SNORA17A	0
SNORA17B	0
SNORA17B	0
SNORA18	0
SNORA19	0.189652994
SNORA1B	0
SNORA20	0.183905933
SNORA20B	0
SNORA21	0
SNORA21B	0
SNORA22	0
SNORA22B	0.175910023
SNORA22C	0
SNORA23	0.800293952
SNORA24	0
SNORA24B	0
SNORA25	0
SNORA25B	0
SNORA26	1.193881142
SNORA27	0
SNORA28	0.192663359
SNORA29	0
SNORA2A	0
SNORA2B	0
SNORA2C	0.354388076
SNORA30	0
SNORA30B	0
SNORA31	1.6806173
SNORA32	0
SNORA33	2.987764088
SNORA35	0
SNORA35B	0
SNORA36A	0
SNORA36B	0
SNORA36C	0
SNORA37	0
SNORA38	0.367811867
SNORA38B	0
SNORA3A	0
SNORA3B	0.370619591
SNORA3C	0
SNORA4	0
SNORA40	0
SNORA40B	0.189652994
SNORA40C	0
SNORA41	0
SNORA41B	0
SNORA44	0
SNORA46	0.899095675
SNORA47	0.175910023
SNORA48	0
SNORA48B	0
SNORA49	0.178496935
SNORA50A	0
SNORA50A	0
SNORA50B	0
SNORA50B	0
SNORA50C	0
SNORA50D	0
SNORA50D	0
SNORA51	0
SNORA52	0
SNORA53	1.072415323
SNORA54	0
SNORA55	0.35963827
SNORA56	0
SNORA57	0
SNORA58	0
SNORA58B	0
SNORA59A	0.638831137
SNORA59B	0
SNORA5A	0.362322138
SNORA5B	0
SNORA5C	1.594746343
SNORA6	0
SNORA60	0.362322138
SNORA61	0
SNORA62	0
SNORA63	0
SNORA63C	0
SNORA63D	0.183905933
SNORA64	0
SNORA65	1.6806173
SNORA66	0.730092728
SNORA67	0
SNORA68	0
SNORA68B	0
SNORA69	0.5517178
SNORA70	0
SNORA70B	0.179819135
SNORA70C	0
SNORA70D	0
SNORA70E	0
SNORA70F	0.179819135
SNORA70G	0.170954811
SNORA70H	0
SNORA70I	0
SNORA70J	0
SNORA71A	0.905805344
SNORA71B	0.178496935
SNORA71C	0.181161069
SNORA71D	0
SNORA71E	0
SNORA72	0
SNORA73A	0
SNORA73B	2.141963225
SNORA74A	0.122603956
SNORA74B	0
SNORA74C-1	0
SNORA74C-2	0
SNORA74D	0
SNORA75	0.531582114
SNORA75B	0
SNORA77	0.776818663
SNORA77B	0
SNORA78	0
SNORA79	0
SNORA79B	0
SNORA7A	0
SNORA7B	0
SNORA8	0
SNORA80A	0
SNORA80B	0.892484677
SNORA80C	0
SNORA80D	0
SNORA80E	0.177194038
SNORA81	0
SNORA84	0.182523182
SNORA9	0
SNORA9B	0.365046364
SNORC	0.170677437
SNORD10	0
SNORD100	1.277662275
SNORD101	0.997626708
SNORD102	0
SNORD104	4.161528552
SNORD105	0
SNORD105B	0
SNORD107	0
SNORD108	0
SNORD109A	0
SNORD109B	0
SNORD11	0
SNORD110	0
SNORD111	0
SNORD111B	0
SNORD112	0
SNORD113-1	0
SNORD113-2	0
SNORD113-3	0.337160878
SNORD113-4	0
SNORD113-5	0
SNORD113-6	0
SNORD113-7	0
SNORD113-8	0
SNORD113-9	0
SNORD114-1	0
SNORD114-10	0
SNORD114-11	0
SNORD114-12	0
SNORD114-13	0
SNORD114-14	0
SNORD114-15	0
SNORD114-16	0
SNORD114-17	0
SNORD114-18	0
SNORD114-19	0
SNORD114-2	0
SNORD114-20	0
SNORD114-21	0
SNORD114-22	0
SNORD114-23	0
SNORD114-24	0
SNORD114-25	0
SNORD114-26	0
SNORD114-27	0
SNORD114-28	0
SNORD114-29	0
SNORD114-3	0
SNORD114-30	0
SNORD114-31	0
SNORD114-4	0
SNORD114-5	0
SNORD114-6	0
SNORD114-7	0
SNORD114-9	0
SNORD115-1	0
SNORD115-10	0
SNORD115-11	0
SNORD115-12	0
SNORD115-13	0
SNORD115-14	0
SNORD115-15	0
SNORD115-16	0
SNORD115-17	0
SNORD115-18	0
SNORD115-19	0
SNORD115-2	0
SNORD115-20	0
SNORD115-21	0
SNORD115-22	0
SNORD115-23	0
SNORD115-24	0
SNORD115-25	0
SNORD115-26	0
SNORD115-27	0
SNORD115-28	0
SNORD115-29	0
SNORD115-3	0
SNORD115-30	0
SNORD115-31	0
SNORD115-32	0
SNORD115-33	0.296043698
SNORD115-34	0
SNORD115-35	0
SNORD115-36	0
SNORD115-37	0
SNORD115-38	0
SNORD115-39	0
SNORD115-4	0
SNORD115-40	0
SNORD115-41	0
SNORD115-42	0
SNORD115-43	0
SNORD115-44	0
SNORD115-45	0
SNORD115-46	0
SNORD115-47	0
SNORD115-48	0
SNORD115-5	0
SNORD115-6	0
SNORD115-7	0
SNORD115-8	0
SNORD115-9	0
SNORD116-1	0
SNORD116-10	0
SNORD116-11	0
SNORD116-12	0
SNORD116-13	0.263865035
SNORD116-14	0
SNORD116-15	0
SNORD116-16	0
SNORD116-17	0
SNORD116-18	0
SNORD116-19	0
SNORD116-2	0
SNORD116-20	0
SNORD116-21	0
SNORD116-22	0
SNORD116-23	0
SNORD116-24	0.263865035
SNORD116-25	0
SNORD116-26	0
SNORD116-27	0.52773007
SNORD116-28	0
SNORD116-29	0.584953812
SNORD116-3	0
SNORD116-30	0
SNORD116-4	0
SNORD116-5	0
SNORD116-6	0
SNORD116-7	0
SNORD116-8	0
SNORD116-9	0
SNORD117	0.638831137
SNORD118	0
SNORD11B	0
SNORD12	0
SNORD121A	0
SNORD121B	0
SNORD123	0
SNORD124	0.233419069
SNORD125	0
SNORD126	0
SNORD127	0
SNORD12B	0.533529301
SNORD12C	0.272759362
SNORD13	0
SNORD13E	0.233419069
SNORD13P1	0
SNORD13P3	0
SNORD14A	3.46794046
SNORD14B	0
SNORD14C	0
SNORD14D	0
SNORD14E	1.999165677
SNORD15A	0.328048422
SNORD15B	0.83135559
SNORD16	0
SNORD17	9.935576254
SNORD18A	0
SNORD18B	0
SNORD18C	0
SNORD19	0
SNORD19B	0
SNORD1A	0
SNORD1B	0
SNORD1C	0
SNORD2	0
SNORD20	0
SNORD21	0
SNORD22	0
SNORD23	0
SNORD24	0
SNORD25	0
SNORD26	0
SNORD27	0
SNORD28	0
SNORD28B	0
SNORD30	0
SNORD31B	0
SNORD32A	0
SNORD32B	0
SNORD33	0
SNORD34	0
SNORD35A	0
SNORD35B	0
SNORD36A	0
SNORD36B	0
SNORD36C	0.367811867
SNORD37	0
SNORD38A	0
SNORD38B	0
SNORD38B	0
SNORD38C	0
SNORD3A	0.069458035
SNORD3B-1	0
SNORD3B-2	0.153448693
SNORD3C	0
SNORD3D	0
SNORD3D	0
SNORD3E	0
SNORD3E	0
SNORD3G	0
SNORD3H	0
SNORD3J	0
SNORD41	0
SNORD42A	0
SNORD42B	0
SNORD43	0
SNORD45A	0
SNORD45B	0
SNORD45C	0
SNORD46	0.700257208
SNORD48	0.379305988
SNORD49A	0
SNORD49B	0
SNORD4A	0
SNORD4B	0
SNORD5	0
SNORD50B	0
SNORD51	0.60688958
SNORD52	0
SNORD53	0
SNORD53B	0.622450852
SNORD54	0
SNORD55	0
SNORD56	0
SNORD56B	0
SNORD57	0
SNORD58A	0
SNORD58B	0
SNORD58C	0
SNORD59A	0.323674443
SNORD6	1.330168943
SNORD60	1.169907625
SNORD61	0
SNORD62A	0
SNORD62B	1.975919564
SNORD63	0
SNORD63B	1.040382138
SNORD64	0
SNORD65	0
SNORD65B	0
SNORD65C	0
SNORD66	0
SNORD67	0.874795792
SNORD68	0
SNORD69	0.315267315
SNORD7	0.250263745
SNORD70	0.5517178
SNORD71	0
SNORD72	0
SNORD73A	0
SNORD73B	0
SNORD74B	0
SNORD77B	0
SNORD8	0
SNORD82	0
SNORD83A	0.51106491
SNORD83B	0
SNORD84	0
SNORD86	0
SNORD87	0
SNORD88A	0.266764651
SNORD88B	0
SNORD88C	0
SNORD89	2.342380837
SNORD9	0.233419069
SNORD90	0
SNORD91A	0
SNORD91B	0
SNORD92	0.285595097
SNORD93	1.968290531
SNORD94	0.708776152
SNORD95	0
SNORD96A	0
SNORD96B	0
SNORD97	0
SNORD99	0.656096844
SNPH	0.553103529
SNRK	4.207628663
SNRK-AS1	0
SNRNP200	20.06523815
SNRNP25	12.9787105
SNRNP27	12.77269148
SNRNP35	1.67662102
SNRNP40	13.11044123
SNRNP48	3.331861233
SNRNP70	15.70346224
SNRPA	17.75685397
SNRPA1	14.04662392
SNRPB	300.9754429
SNRPB2	30.69133958
SNRPBP1	0
SNRPC	83.56731701
SNRPCP1	0
SNRPCP10	0
SNRPCP11	0
SNRPCP13	0
SNRPCP14	0
SNRPCP15	0
SNRPCP16	0
SNRPCP17	0
SNRPCP18	0
SNRPCP19	0
SNRPCP2	0.204425964
SNRPCP20	0
SNRPCP3	0
SNRPCP4	0
SNRPCP5	0.128442239
SNRPCP6	0
SNRPCP8	0
SNRPCP9	0
SNRPD1	12.67928201
SNRPD2	163.3016068
SNRPD2P1	0.205725282
SNRPD2P2	0
SNRPD3	36.53742458
SNRPE	50.44512306
SNRPEP10	0
SNRPEP2	3.567379613
SNRPEP3	0.087955012
SNRPEP4	1.4791574
SNRPEP5	0
SNRPEP6	0.438187423
SNRPEP7	0
SNRPEP8	0
SNRPEP9	0
SNRPF	12.97941962
SNRPFP1	0.288995038
SNRPFP2	0.193430942
SNRPFP3	0
SNRPFP4	0.200624655
SNRPG	62.54850829
SNRPGP1	0
SNRPGP10	0.971023329
SNRPGP11	0
SNRPGP12	0
SNRPGP13	0
SNRPGP14	0.665084472
SNRPGP15	1.202844214
SNRPGP16	0
SNRPGP17	0
SNRPGP18	0
SNRPGP19	0
SNRPGP2	27.60541985
SNRPGP20	0
SNRPGP3	0
SNRPGP4	0.212013827
SNRPGP5	0
SNRPGP6	0
SNRPGP7	0
SNRPGP8	0
SNRPGP9	1.186806291
SNRPN	6.761236436
SNTA1	11.04943284
SNTB1	1.043414723
SNTB2	4.23808663
SNTG1	0
SNTG2	0.005431994
SNTN	0.574137638
SNU13	52.69897292
SNUPN	7.353099012
SNURF	0.165280567
SNURFL	0
SNW1	34.56675357
SNX1	14.24763269
SNX10	9.805458713
SNX11	13.98909094
SNX12	21.19786958
SNX13	2.886218689
SNX14	4.612531646
SNX15	0.039512648
SNX16	2.274848579
SNX17	82.56922143
SNX18	7.349488497
SNX18P10	0
SNX18P12	0
SNX18P13	0
SNX18P14	0
SNX18P1Y	0
SNX18P2	0
SNX18P23	0
SNX18P24	0
SNX18P25	0
SNX18P26	0
SNX18P27	0
SNX18P3	0.161671405
SNX18P4	0
SNX18P5	0
SNX18P7	0.15291706
SNX18P8	0
SNX18P9	0
SNX19	9.850788676
SNX19P1	0
SNX19P2	0.024512538
SNX19P3	0.00815986
SNX2	13.49594601
SNX20	0.987223926
SNX21	2.286657249
SNX22	0.475661679
SNX24	4.048209934
SNX25	2.360052321
SNX25P1	1.455370697
SNX27	7.513174343
SNX29	1.4868741
SNX29P1	0
SNX29P2	0
SNX2P2	0
SNX3	106.1562556
SNX30	0.966578326
SNX31	0.300650284
SNX32	0.085692931
SNX33	5.950670562
SNX33P1	0
SNX3P1X	0
SNX3P1Y	0
SNX4	16.27333301
SNX5	28.71984943
SNX5P1	0.349792265
SNX6	45.55293971
SNX6P1	0.059498978
SNX7	14.99754222
SNX8	4.175585334
SNX9	10.75837836
SOAT1	7.852743979
SOAT2	0
SOBP	0.260195996
SOCS1	4.002994131
SOCS2	3.589748286
SOCS2-AS1	0.591621918
SOCS2P1	0
SOCS2P2	0
SOCS3	134.8298212
SOCS4	5.208065631
SOCS5	6.317245533
SOCS5P1	0
SOCS5P2	0.053588484
SOCS5P3	0
SOCS5P4	0.062006598
SOCS5P5	0
SOCS6	3.5942792
SOCS7	1.554358188
SOD1	127.9427841
SOD1P1	0
SOD1P2	0
SOD1P3	0.106940895
SOD2	41.38804728
SOD2P1	0
SOD3	6.559426856
SOGA1	2.694255964
SOGA3	0.011225703
SOHLH1	0
SOHLH2	0.14283956
SON	9.788006565
SORBS1	0.459977314
SORBS2	0.095767393
SORBS3	11.12846565
SORCS1	0.002436329
SORCS2	0.441933207
SORCS3	0.025269518
SORCS3-AS1	0
SORD	16.63305101
SORD2P	1.78295244
SORL1	4.736790494
SORT1	2.803799386
SOS1	7.694387599
SOS1-IT1	1.026001524
SOS2	8.631862756
SOST	47.94955416
SOSTDC1	2.247920969
SOWAHA	0.007560132
SOWAHB	1.326864176
SOWAHC	20.70487793
SOWAHD	0.625659361
SOX1	0.008541725
SOX10	0
SOX11	0.022273732
SOX12	6.018573285
SOX13	4.289122587
SOX14	0.011812936
SOX15	30.81313483
SOX17	0.300594327
SOX18	1.159080958
SOX1-OT	0
SOX2	99.87475324
SOX21	5.959664418
SOX21-AS1	1.890644753
SOX2-OT	0.90772772
SOX3	0
SOX30	0.160858085
SOX4	16.32616988
SOX5	0.092894747
SOX5-AS1	0
SOX5P1	0
SOX6	0.896302599
SOX7	2.490964696
SOX8	0
SOX9	2.486165194
SOX9-AS1	0.01134373
SP1	10.6556686
SP100	5.057894142
SP110	0.686010655
SP140	0.465332749
SP140L	3.768086103
SP2	5.657186793
SP2-AS1	0.575478069
SP3	10.08307576
SP3P	0.047022921
SP4	1.078655206
SP5	0.09427411
SP6	1.447599196
SP7	0.14221197
SP8	0.013058409
SP9	0
SPA17	0.886140406
SPA17P1	0
SPAAR	0.210830127
SPACA1	0
SPACA3	0.019736247
SPACA4	0.499497597
SPACA5	0
SPACA5B	0.081598599
SPACA6	0.346033533
SPACA6P-AS	0.006127103
SPACA7	0
SPACA9	1.444668077
SPAG1	1.080515573
SPAG11A	0
SPAG11B	0
SPAG16	0.626220083
SPAG17	0.139777751
SPAG4	2.405883694
SPAG5	6.175367661
SPAG5-AS1	0.139260191
SPAG6	0.474644797
SPAG7	11.85910688
SPAG8	0.205120652
SPAG9	5.60065282
SPAM1	0
SPANXA1	0
SPANXA2	0
SPANXA2-OT1	0
SPANXB1	0.465842748
SPANXC	0.062727605
SPANXD	0.035594697
SPANXN1	0
SPANXN2	0
SPANXN3	0
SPANXN4	0
SPANXN5	0
SPARC	391.8564543
SPARCL1	86.11304096
SPART	10.27350891
SPART-AS1	0.273527698
SPAST	14.97141762
SPATA1	0.059256916
SPATA12	0.060361997
SPATA13	1.525154756
SPATA13-AS1	0.056063703
SPATA16	0.011526868
SPATA17	0.272005767
SPATA17-AS1	0
SPATA18	0.810660035
SPATA19	0.08109883
SPATA2	1.915894975
SPATA20	3.734355222
SPATA20P1	1.163897826
SPATA21	0.016162173
SPATA22	0.025463898
SPATA24	1.713807785
SPATA25	0.160340708
SPATA2L	3.296080397
SPATA2P1	0
SPATA3	0
SPATA31A1	0
SPATA31A3	0
SPATA31A5	0
SPATA31A6	0
SPATA31A7	0
SPATA31B1P	0
SPATA31C1	0.005212708
SPATA31C2	0
SPATA31D1	0
SPATA31D2P	0.007508686
SPATA31D3	0
SPATA31D4	0
SPATA31D5P	0
SPATA31E1	0
SPATA31E2P	0
SPATA31E3P	0
SPATA32	0.037423818
SPATA33	0.663290387
SPATA3-AS1	0.019720214
SPATA4	0.049260518
SPATA41	0.637915469
SPATA42	0
SPATA45	0.191901844
SPATA46	0
SPATA48	0
SPATA5	0.691737851
SPATA5L1	3.34983092
SPATA6	0.617210484
SPATA6L	0.303403567
SPATA7	1.381221339
SPATA8	0.048844232
SPATA8-AS1	0
SPATA9	0.094995167
SPATC1	0.205622778
SPATC1L	1.571201486
SPATS1	0
SPATS2	8.006683588
SPATS2L	6.449764517
SPC24	4.548999744
SPC25	8.584141594
SPCS1	18.62617533
SPCS2	14.01829453
SPCS2P1	0
SPCS2P2	0
SPCS2P3	0.037005462
SPCS2P4	2.138817905
SPCS3	20.14969358
SPDEF	0.596108888
SPDL1	2.078441184
SPDYA	0.167273614
SPDYC	0
SPDYE1	0.009164056
SPDYE10P	0
SPDYE11	0
SPDYE12P	0.44080177
SPDYE13P	0
SPDYE14P	0
SPDYE15P	0
SPDYE16	0
SPDYE17	0
SPDYE18	0.17035497
SPDYE19P	0
SPDYE2	0.02343203
SPDYE20P	0
SPDYE21P	0.088061366
SPDYE22P	0
SPDYE2B	0.02343203
SPDYE3	1.222300002
SPDYE4	0
SPDYE5	0.036504636
SPDYE6	0.129201803
SPDYE7P	0
SPDYE8P	0
SPDYE9P	0
SPECC1	1.010003426
SPECC1L	2.300280551
SPECC1L-ADORA2A	0.003912892
SPEF1	0.189160389
SPEF2	0.203832062
SPEG	0.832228258
SPEM1	0
SPEM2	0.014703563
SPEN	2.949079803
SPERT	0.514071174
SPESP1	0.275164042
SPG11	6.38583215
SPG21	33.44595288
SPG7	3.723586188
SPHAR	0
SPHK1	7.547639438
SPHK2	1.527071136
SPHKAP	0
SPI1	8.518160182
SPIB	0.470654849
SPIC	0.021444861
SPICE1	2.060413435
SPIDR	10.13620046
SPIN1	19.33549709
SPIN2A	0.02520829
SPIN2B	0.788381593
SPIN3	0.655506298
SPIN4	0.324303395
SPIN4-AS1	0
SPINDOC	20.07254316
SPINK1	0.524877475
SPINK13	0
SPINK14	0
SPINK2	0.062890112
SPINK4	0
SPINK5	0.648309344
SPINK6	0
SPINK7	0.062849406
SPINK8	0.164024211
SPINK9	0.144325703
SPINT1	39.5523407
SPINT1-AS1	8.150639724
SPINT2	110.9934389
SPINT3	0
SPINT4	0
SPINT5P	0
SPIRE1	1.502385575
SPIRE2	0.715330665
SPN	0.963525587
SPNS1	0.864241491
SPNS2	1.068810645
SPNS3	0.235158407
SPO11	0
SPOCD1	0.93196311
SPOCK1	2.626512729
SPOCK2	3.728735495
SPOCK3	0.232898277
SPON1	6.775466582
SPON1-AS1	0
SPON2	2.94310663
SPOP	9.3031036
SPOPL	4.593895154
SPOUT1	3.990434428
SPP1	1408.496323
SPP2	0
SPPL2A	21.68229277
SPPL2B	4.289934762
SPPL2C	0
SPPL3	9.565423903
SPR	46.41885169
SPRED1	5.151948835
SPRED2	6.15132163
SPRED3	0.434675348
SPRN	0.302668717
SPRR1A	966.2581216
SPRR1B	575.8403264
SPRR2A	251.2471504
SPRR2B	1.022958126
SPRR2C	3.657964594
SPRR2D	46.41528258
SPRR2E	68.65955144
SPRR2F	5.953043168
SPRR2G	2.307889954
SPRR3	210.6635449
SPRR4	8.478239159
SPRTN	4.303510943
SPRY1	3.834598813
SPRY2	3.627753384
SPRY3	0.296076522
SPRY4	4.16328299
SPRY4-AS1	0.348517484
SPRY4-IT1	0.034531413
SPRYD3	14.7928245
SPRYD4	3.209268586
SPRYD7	9.368630769
SPRYD7P1	0
SPSB1	29.63290411
SPSB2	4.900658113
SPSB3	0.228153978
SPSB4	0.097361965
SPTA1	0.089595669
SPTAN1	7.450889584
SPTB	0.407551086
SPTBN1	11.20371167
SPTBN2	2.550570197
SPTBN4	0.048345174
SPTBN5	0.157403684
SPTLC1	28.26399916
SPTLC1P1	0
SPTLC1P2	0
SPTLC1P3	0
SPTLC1P4	0
SPTLC1P5	0
SPTLC2	4.70749306
SPTLC3	0.273527698
SPTSSA	132.8644542
SPTSSB	0.680623829
SPTY2D1	14.06811484
SPTY2D1OS	1.12618685
SPX	0.021681081
SPZ1	0
SQLE	27.94652507
SQOR	29.39326608
SQSTM1	67.1685787
SQSTM1P1	0
SRA1	13.58561157
SRARP	0
SRBD1	2.579130348
SRC	7.014697748
SRCAP	11.0628551
SRCIN1	0.106197868
SRD5A1	1.909951914
SRD5A1P1	0
SRD5A2	0.255917293
SRD5A3	6.980603228
SRD5A3-AS1	0.113172882
SRD5A3P1	0
SREBF1	15.83203354
SREBF2	32.8910542
SREK1	2.470147064
SREK1IP1	4.319166392
SRF	14.62774315
SRFBP1	3.644068583
SRGAP1	0.348082759
SRGAP2	0.980315418
SRGAP2-AS1	0
SRGAP2B	0.167880935
SRGAP2C	0.325401061
SRGAP2D	0.118881407
SRGAP3	0.505420619
SRGAP3-AS1	0
SRGAP3-AS2	0.286785903
SRGAP3-AS3	0
SRGAP3-AS4	0
SRGN	112.8018699
SRGNP1	0
SRI	20.73479718
SRIP1	0
SRIP2	0
SRIP3	0
SRL	0.029801663
SRM	32.35891757
SRMP1	0.192010263
SRMP2	0.053003457
SRMS	0.016012918
SRP14	74.13436212
SRP14-AS1	0.592285286
SRP14P1	0
SRP14P2	0.69557545
SRP14P3	0
SRP19	5.834962596
SRP54	25.61904363
SRP54-AS1	0.792531461
SRP68	18.08993206
SRP68P1	0
SRP68P2	0
SRP68P3	0
SRP72	24.77174161
SRP72P1	0.263563475
SRP72P2	0.024533182
SRP9	151.1464119
SRP9P1	1.581168256
SRPK1	16.90802352
SRPK2	8.617621483
SRPK2P	0
SRPK3	0.12792782
SRPRA	45.31209174
SRPRB	62.14084699
SRPX	2.773305179
SRPX2	16.39216958
SRR	1.832119488
SRRD	3.046391781
SRRM1	6.969422459
SRRM1P2	0
SRRM1P3	0
SRRM2	12.6593159
SRRM2-AS1	0.12432016
SRRM3	1.010158126
SRRM4	0.010990643
SRRM5	0.05398573
SRRT	14.24894194
SRSF1	45.77473746
SRSF10	8.106821213
SRSF10P1	0.031774324
SRSF11	12.3254525
SRSF12	0.330933632
SRSF1P1	0
SRSF2	51.07769382
SRSF3	47.86225553
SRSF4	18.23137206
SRSF5	16.60817855
SRSF6	29.53450011
SRSF7	36.67443487
SRSF8	14.41588755
SRSF9	22.51845633
SRSF9P1	0
SRXN1	23.11489002
SRY	0
SS18	8.700331095
SS18L1	1.162788046
SS18L2	11.81125609
SS18L2P1	0
SS18L2P2	0
SSB	19.24764607
SSBP1	13.4323596
SSBP2	3.270018299
SSBP3	3.89653995
SSBP3-AS1	0.018502731
SSBP4	9.444132409
SSC4D	0.620021991
SSC5D	0.650535181
SSFA2	12.57607964
SSH1	2.473147055
SSH2	2.412540115
SSH3	11.72775361
SSMEM1	0
SSNA1	41.38956158
SSPN	3.149668839
SSPO	0.026406471
SSR1	32.61984704
SSR1P1	0
SSR1P2	0
SSR2	79.9002845
SSR3	78.3827995
SSR4	87.98973377
SSR4P1	0.211812752
SSRP1	20.86632845
SSSCA1	13.18957236
SSSCA1-AS1	0.987523725
SST	0.117842637
SSTR1	0.028260283
SSTR2	0.228781604
SSTR3	0.026847582
SSTR4	0.034023242
SSTR5	0.07129393
SSTR5-AS1	0.018107098
SSU72	16.24097864
SSU72P1	0
SSU72P6	0
SSU72P8	0
SSUH2	0.011598463
SSX1	0
SSX2	0.012449017
SSX2B	0
SSX2IP	2.048489428
SSX3	0
SSX4	0
SSX4B	0
SSX5	0
SSX6	0
SSX7	0
SSX8	0
SSX9	0
SSXP1	0
SSXP10	0
SSXP3	0
SSXP4	0
SSXP5	0
SSXP9	0
ST13	61.80410119
ST13P10	0
ST13P11	0.134864351
ST13P12	0.022189747
ST13P13	0.044460775
ST13P14	0
ST13P15	0.570158233
ST13P16	0
ST13P18	0.118186871
ST13P19	0.043194988
ST13P2	0
ST13P20	0.022793975
ST13P21	0
ST13P3	0.262438737
ST13P4	0.111050243
ST13P5	0.699836633
ST13P6	0.352458559
ST14	53.37279952
ST18	0.010117637
ST20	3.790239759
ST20-AS1	0.868011619
ST20-MTHFS	0.335220942
ST3GAL1	7.074932261
ST3GAL1P1	0.023940417
ST3GAL2	1.574524691
ST3GAL3	5.09224478
ST3GAL4	7.323451421
ST3GAL5	1.679910607
ST3GAL5-AS1	0
ST3GAL6	0.397643936
ST3GAL6-AS1	0.057593317
ST5	4.509027513
ST6GAL1	4.14364124
ST6GAL2	0.248802682
ST6GAL2-IT1	0
ST6GALNAC1	20.62157287
ST6GALNAC2	11.2288223
ST6GALNAC2P1	0
ST6GALNAC3	0.218034118
ST6GALNAC4	7.744187954
ST6GALNAC4P1	0
ST6GALNAC5	1.845012658
ST6GALNAC6	5.791009677
ST7	3.996721651
ST7-AS1	0.616849124
ST7-AS2	0.016940393
ST7L	0.574640855
ST7-OT4	0.082012105
ST8SIA1	0.140796036
ST8SIA2	0.423578701
ST8SIA3	0
ST8SIA4	2.202057651
ST8SIA5	0.010762498
ST8SIA6	0.092408006
ST8SIA6-AS1	0
STAB1	3.280917981
STAB2	0.062727605
STAC	0.24297672
STAC2	0.014441156
STAC3	1.239259258
STAG1	4.36564465
STAG2	14.68336242
STAG3	0.209296651
STAG3L1	0.104336318
STAG3L2	0.874065172
STAG3L3	0.27313362
STAG3L4	5.319080209
STAG3L5P	0.657968732
STAG3L5P-PVRIG2P-PILRB	0.406924391
STAM	11.63672443
STAM2	6.317542927
STAM-AS1	0.046773763
STAMBP	11.58593047
STAMBPL1	0.775528675
STAP1	0.278692496
STAP2	17.36853911
STAR	1.449961833
STARD10	20.10529599
STARD13	0.972412489
STARD13-AS	0.018183957
STARD13-IT1	0
STARD3	6.74164937
STARD3NL	14.01373364
STARD4	7.059735936
STARD4-AS1	0.163356147
STARD5	4.093800041
STARD6	0
STARD7	103.3939657
STARD7-AS1	1.736184751
STARD8	0.733770777
STARD9	0.046895747
STARP1	0
STAT1	67.88981872
STAT2	16.45923485
STAT3	32.61997059
STAT4	0.839649584
STAT5A	2.949015062
STAT5B	7.233348125
STAT6	21.77750662
STATH	0.022312117
STAU1	24.92783387
STAU2	7.168284575
STAU2-AS1	0.095866717
STBD1	0.369102435
STC1	6.301470987
STC2	7.9862232
STEAP1	22.82651764
STEAP1B	1.488399316
STEAP2	3.172678059
STEAP2-AS1	0.040191363
STEAP3	7.471047531
STEAP3-AS1	0.203679536
STEAP4	0.714559186
STH	0
STIL	2.220794679
STIM1	22.55960931
STIM2	7.315351608
STIMATE	0.571937825
STIP1	44.23504385
STIP1P3	0.074740096
STK10	2.416065973
STK11	5.04675859
STK11IP	1.692554713
STK16	7.319355105
STK17A	19.66405729
STK17B	18.50183128
STK19	2.670682524
STK19B	0
STK24	7.957856584
STK24-AS1	0.170954811
STK24P1	0.357270396
STK25	7.682146588
STK25P1	0
STK26	15.41651528
STK3	3.152196511
STK31	0.647820028
STK32A	0.168580439
STK32A-AS1	0
STK32B	0.775140711
STK32C	2.267913645
STK33	0.373765395
STK33P1	0.019930692
STK35	6.541159985
STK36	1.187842102
STK38	22.04217525
STK38L	8.400523307
STK39	12.85514167
STK4	2.509145681
STK40	8.18595248
STK4-AS1	0.141068764
STKLD1	0.049564485
STMN1	28.20713431
STMN1P1	0.11034356
STMN1P2	0
STMN2	0.082220434
STMN3	3.989828726
STMN4	0.007369637
STMND1	0.050539035
STMP1	36.85161558
STN1	31.19645141
STOM	136.7190523
STOML1	3.255773182
STOML2	76.84579693
STOML3	0.605513414
STON1	0.831334021
STON1-GTF2A1L	0.00564286
STON2	9.54657767
STOX1	0.734799044
STOX2	1.276728993
STPG1	1.873934693
STPG2	0.004159627
STPG2-AS1	0
STPG3	0.015068643
STPG3-AS1	0.085628159
STPG4	0.007416921
STRA6	0.255698601
STRA8	0
STRADA	1.803411646
STRADB	3.362040982
STRADBP1	0.056851483
STRAP	92.33724779
STRBP	9.617891931
STRC	0.06460177
STRCP1	0.041006053
STRIP1	1.512271098
STRIP2	0.355292743
STRN	6.327069323
STRN3	10.60987222
STRN4	10.70019163
STS	2.37879124
STSP1	0
STT3A	29.68594805
STT3A-AS1	0.113172882
STT3B	46.8220397
STUB1	14.09786677
STUM	0.012463398
STX10	14.55724005
STX11	3.982909811
STX12	17.3451125
STX16	8.583815756
STX16-NPEPL1	0.050325127
STX17	5.188009662
STX17-AS1	1.771940381
STX18	5.103700073
STX18-AS1	0.127201353
STX18-IT1	0
STX19	0.754681344
STX1A	1.899713932
STX1B	0.112220706
STX2	1.454057227
STX3	4.65432063
STX4	8.369659148
STX5	26.5127659
STX6	11.58496645
STX7	2.770204468
STX8	7.747116528
STX8P1	0
STXBP1	2.818157931
STXBP2	7.48363178
STXBP3	3.632071993
STXBP4	0.279663324
STXBP5	2.697030238
STXBP5-AS1	0.080770531
STXBP5L	0.035039182
STXBP6	0.686107967
STYK1	5.572607596
STYX	8.358447094
STYXL1	20.78028228
SUB1	24.57759605
SUB1P1	0.254194589
SUB1P2	0
SUB1P3	0.462392061
SUB1P4	0.14321878
SUCLA2	15.60144802
SUCLA2-AS1	0.615685082
SUCLA2P1	0
SUCLA2P2	0
SUCLA2P3	0.017889155
SUCLG1	32.14843918
SUCLG2	14.93459019
SUCLG2-AS1	0.112090424
SUCLG2P2	0.093655799
SUCLG2P4	0
SUCNR1	0.714158511
SUCO	21.20038899
SUDS3	6.701094512
SUDS3P1	0.351820047
SUFU	1.679665263
SUGCT	1.911797768
SUGP1	3.612330064
SUGP2	3.354193446
SUGT1	2.377406144
SUGT1P1	0.152997373
SUGT1P2	0.073414062
SUGT1P3	0.364772099
SULF1	24.1465127
SULF2	29.19488046
SULT1A1	7.637721378
SULT1A2	0.661576334
SULT1A3	0.066352629
SULT1A4	0
SULT1B1	0.095703088
SULT1C2	0.037573828
SULT1C2P1	0
SULT1C2P2	0
SULT1C3	0.026530692
SULT1C4	0.242923366
SULT1D1P	0
SULT1E1	0.021072555
SULT2A1	0
SULT2B1	1.436577745
SULT4A1	0.298225838
SULT6B1	0
SUMF1	3.844565179
SUMF2	41.98059892
SUMO1	47.82200151
SUMO1P1	0.079331971
SUMO1P2	0
SUMO1P3	0.558977245
SUMO1P4	0.160765452
SUMO2	73.16511039
SUMO2P1	1.19668368
SUMO2P10	0
SUMO2P12	0
SUMO2P13	0
SUMO2P14	0
SUMO2P15	0
SUMO2P16	0
SUMO2P17	0.676577013
SUMO2P18	0
SUMO2P19	0
SUMO2P2	0
SUMO2P20	0.085779446
SUMO2P3	0.590031537
SUMO2P4	0.087955012
SUMO2P5	0.099084013
SUMO2P6	0.168580439
SUMO2P7	0
SUMO2P8	0
SUMO3	51.83885523
SUMO4	0.113862961
SUN1	8.387829575
SUN2	26.04883433
SUN3	0.070079628
SUN5	0
SUOX	3.499794545
SUPT16H	13.49737364
SUPT16HP1	0.054238456
SUPT20H	2.457977739
SUPT20HL1	0
SUPT20HL2	0
SUPT3H	1.408496855
SUPT4H1	48.65625554
SUPT4H1P1	0.142797548
SUPT4H1P2	0
SUPT5H	12.8432795
SUPT6H	9.358214472
SUPT7L	11.13412039
SUPV3L1	8.399816561
SURF1	19.07859578
SURF2	9.344172905
SURF4	105.6333054
SURF6	3.820282011
SURF6P1	0
SUSD1	6.848001003
SUSD2	0.538026754
SUSD2P2	0
SUSD3	4.11320254
SUSD4	7.483682979
SUSD5	0.276299569
SUSD6	27.51510359
SUV39H1	3.964243103
SUV39H2	7.469934022
SUZ12	6.118025402
SUZ12P1	1.845098619
SV2A	1.006450382
SV2B	0.430777573
SV2C	0.012109536
SVBP	9.183726433
SVEP1	0.532044142
SVIL	15.42477935
SVIL-AS1	7.158745562
SVILP1	0.08915014
SVIP	1.379137257
SVOP	0.010017435
SVOPL	0.050076576
SWAP70	7.090225975
SWI5	10.30497772
SWSAP1	1.628943529
SWT1	1.143718894
SYAP1	13.03422558
SYBU	2.039093693
SYCE1	0
SYCE1L	0.273197882
SYCE2	0.149849279
SYCE3	0.919916838
SYCN	0
SYCP1	0.022384125
SYCP2	0.101367267
SYCP2L	0.01838131
SYCP3	0.038039566
SYDE1	4.408176524
SYDE2	0.447805674
SYF2	8.240732107
SYF2P1	0.058778652
SYF2P2	0
SYK	9.728870971
SYMPK	4.691573949
SYN1	0.098342967
SYN2	1.123434522
SYN3	0
SYNC	0.549977366
SYNCRIP	16.15413582
SYNDIG1	2.387482719
SYNDIG1L	0.009293868
SYNE1	0.212379733
SYNE1-AS1	0
SYNE2	2.854357955
SYNE3	0.130973748
SYNE4	0.931460274
SYNGAP1	0.725796699
SYNGR1	1.976122552
SYNGR2	129.7855862
SYNGR3	0.347808064
SYNGR4	0.05873125
SYNJ1	0.836259248
SYNJ2	1.923254552
SYNJ2BP	5.216954379
SYNJ2BP-COX16	0.380386632
SYNJ2-IT1	0.04052685
SYNM	3.936748884
SYNPO	6.382457393
SYNPO2	0.605419276
SYNPO2L	0.014149359
SYNPR	0
SYNPR-AS1	0.478550924
SYNRG	2.586198927
SYP	0.060514397
SYP-AS1	0
SYPL1	95.60791615
SYPL1P1	0
SYPL1P2	0.233740141
SYPL2	0.0428789
SYS1	4.163002582
SYS1-DBNDD2	0.138519733
SYT1	1.20368614
SYT10	0.028660665
SYT11	2.209819312
SYT12	0.078452947
SYT13	1.396383105
SYT14	0.169827576
SYT14P1	0.016764906
SYT15	0.003391392
SYT16	0.039691364
SYT17	0.544252264
SYT2	0.021858642
SYT3	0.494127216
SYT4	0
SYT5	0.077180646
SYT6	0.028537128
SYT7	2.255064257
SYT8	0.22706753
SYT9	0.102710316
SYTL1	8.881629032
SYTL2	1.713038226
SYTL3	1.173543388
SYTL4	1.147109546
SYTL5	0.785371613
SYVN1	9.54503918
SZRD1	26.84786431
SZT2	0.745173981
SZT2-AS1	0
TAAR1	0
TAAR2	0
TAAR3P	0
TAAR4P	0
TAAR5	0
TAAR6	0
TAAR7P	0
TAAR8	0
TAAR9	0
TAB1	7.207494748
TAB2	15.74311972
TAB2-AS1	0
TAB3	1.821957862
TAB3-AS1	0
TAB3-AS2	0
TAB3P1	0
TAC1	0
TAC3	0.030845722
TAC4	0.024251332
TACC1	7.635574831
TACC1P1	0.016695724
TACC2	2.3895371
TACC3	7.177064279
TACO1	21.58062646
TACR1	0.160068842
TACR2	0.346673254
TACR3	0
TACSTD2	178.2205727
TADA1	15.80411746
TADA2A	2.747855193
TADA2B	3.597627984
TADA3	13.14688529
TAF1	1.54460663
TAF10	11.24083208
TAF11	20.06576689
TAF12	8.818985944
TAF13	16.5594157
TAF13P2	0
TAF15	10.59514793
TAF1A	3.588929056
TAF1A-AS1	1.021248673
TAF1B	8.750917671
TAF1C	2.58991788
TAF1D	8.063991242
TAF1L	0.003905338
TAF2	5.684201783
TAF3	1.355287076
TAF4	1.014782741
TAF4B	1.561376715
TAF5	1.203379584
TAF5L	6.227906175
TAF6	8.781035731
TAF6L	4.01637944
TAF7	60.23874984
TAF7L	0.268337324
TAF8	2.135812135
TAF9	16.72066752
TAF9B	5.001239825
TAF9BP1	0.032540996
TAF9BP2	0
TAF9P1	0
TAF9P2	0
TAF9P3	0.191146325
TAGAP	2.39253119
TAGLN	58.65308133
TAGLN2	848.8938164
TAGLN2P1	2.812162962
TAGLN3	0.121987855
TAL1	0.119248479
TAL2	0.037005462
TALDO1	254.1786856
TAMM41	1.147200557
TANC1	3.244119894
TANC2	1.864249284
TANGO2	5.062505904
TANGO6	1.991314839
TANK	7.867046865
TAOK1	4.413352497
TAOK2	4.068264001
TAOK3	1.460668962
TAP1	88.22567793
TAP2	9.375921656
TAPBP	58.05782284
TAPBPL	13.09724063
TAPT1	2.471594255
TAPT1-AS1	0.325080195
TARBP1	8.637379797
TARBP2	9.555914176
TARDBP	11.91586855
TARDBPP1	0
TARDBPP2	0
TARID	0.009263133
TARM1	0
TARS	28.69086943
TARS2	9.282716271
TARS2P1	0
TARSL2	4.919724435
TAS1R1	0.016788094
TAS1R2	0
TAS1R3	0.707124475
TAS2R1	0
TAS2R10	0
TAS2R13	0.014829312
TAS2R14	0.371881275
TAS2R15P	0.130795168
TAS2R16	0
TAS2R19	0.048454258
TAS2R20	0.070313058
TAS2R2P	0.240088186
TAS2R3	0
TAS2R30	0
TAS2R31	0.118881407
TAS2R38	0.042476961
TAS2R39	0
TAS2R4	0.020416807
TAS2R40	0
TAS2R41	0
TAS2R42	0
TAS2R43	0.043582735
TAS2R46	0
TAS2R5	0.210908629
TAS2R50	0
TAS2R60	0
TAS2R62P	0
TAS2R63P	0
TAS2R64P	0
TAS2R6P	0.058778652
TAS2R7	0
TAS2R8	0
TAS2R9	0
TASP1	5.005533338
TAT	0.013468975
TAT-AS1	0.083421248
TATDN1	4.03915627
TATDN1P1	0.054490647
TATDN2	2.627095599
TATDN2P1	0
TATDN2P2	0.436218926
TATDN2P3	0
TATDN3	4.075837098
TAX1BP1	16.96244789
TAX1BP3	36.59767969
TAZ	5.111190366
TBATA	0
TBC1D1	2.488838581
TBC1D10A	6.479689518
TBC1D10B	12.75926683
TBC1D10C	1.638468164
TBC1D12	0.862851246
TBC1D13	5.828090798
TBC1D14	4.943801678
TBC1D15	6.515192384
TBC1D16	1.588259707
TBC1D17	6.256910069
TBC1D19	2.071271369
TBC1D2	28.15334549
TBC1D20	8.118227967
TBC1D21	0
TBC1D22A	13.85283987
TBC1D22A-AS1	0
TBC1D22B	5.294068553
TBC1D23	9.648229089
TBC1D24	0.785456053
TBC1D25	3.908926495
TBC1D26	0
TBC1D27P	0.013871762
TBC1D28	0
TBC1D29	0
TBC1D2B	3.632759099
TBC1D3	0
TBC1D30	1.260376603
TBC1D31	0.879570545
TBC1D32	0.316088323
TBC1D3B	0.024162823
TBC1D3C	0
TBC1D3D	0
TBC1D3E	0
TBC1D3F	0
TBC1D3G	0
TBC1D3H	0
TBC1D3I	0
TBC1D3J	0
TBC1D3K	0
TBC1D3L	0.016730243
TBC1D3P1	0
TBC1D3P1-DHX40P1	0
TBC1D3P2	0
TBC1D3P3	0
TBC1D3P4	0
TBC1D3P5	0
TBC1D3P6	0
TBC1D3P7	0.026559719
TBC1D4	2.927800139
TBC1D5	3.205436847
TBC1D7	8.051889229
TBC1D8	4.472665498
TBC1D8-AS1	0.117557304
TBC1D8B	3.085857574
TBC1D9	10.14695982
TBC1D9B	9.119477353
TBCA	41.00176171
TBCAP1	7.052539467
TBCAP2	0.074464979
TBCAP3	0.311225426
TBCB	17.81620524
TBCC	20.7604307
TBCCD1	9.467833925
TBCD	2.670206629
TBCE	14.65231853
TBCEL	3.8488211
TBCK	1.645024673
TBK1	9.170889166
TBKBP1	2.138293195
TBL1X	12.43045629
TBL1XR1	31.35062603
TBL1XR1-AS1	0.085177485
TBL1Y	0
TBL1YP1	0
TBL2	21.0321315
TBL3	2.934560627
TBP	7.539962795
TBPL1	10.81537692
TBPL2	0.010085411
TBR1	0
TBRG1	3.816984716
TBRG4	13.07275505
TBX1	3.367751104
TBX10	0
TBX15	0.146699531
TBX18	1.192424444
TBX18-AS1	0.035080323
TBX19	0.918571561
TBX2	1.679037685
TBX20	0.012946978
TBX21	0.315749743
TBX22	0
TBX2-AS1	0.805160306
TBX3	1.644211771
TBX4	0.504222574
TBX5	0.684367806
TBX5-AS1	0.446861082
TBX6	0.742893207
TBXA2R	0.330280044
TBXAS1	2.229745803
TBXT	0.027701312
TC2N	1.401957384
TCAF1	1.438838054
TCAF1P1	0.119637731
TCAF2	1.103776905
TCAF2P1	0.050135447
TCAIM	2.592790865
TCAM1P	0.068459062
TCAP	0.148649356
TCEA1	21.29020063
TCEA1P1	0
TCEA1P2	3.804782359
TCEA1P3	0.05517178
TCEA1P4	0.201337776
TCEA2	3.265728188
TCEA3	3.563641804
TCEAL1	14.92599842
TCEAL2	0.043713535
TCEAL3	7.098370104
TCEAL3-AS1	0.067245383
TCEAL4	33.05836968
TCEAL4P1	0
TCEAL5	0.02078389
TCEAL6	0
TCEAL7	1.567497302
TCEAL8	90.56659893
TCEAL9	87.0022727
TCEANC	0.816765943
TCEANC2	0.594666979
TCERG1	4.279010308
TCERG1L	0
TCERG1L-AS1	0
TCF12	8.002770076
TCF15	0.577618379
TCF19	11.56829658
TCF20	6.226487693
TCF21	0.352051965
TCF23	0.009477097
TCF24	0.300045834
TCF25	9.019736552
TCF3	9.650342868
TCF3P1	0
TCF4	4.202075388
TCF4-AS1	1.164737579
TCF4-AS2	0
TCF7	0.453523765
TCF7L1	2.661844648
TCF7L1-IT1	0
TCF7L2	3.886060941
TCFL5	3.461884685
TCHH	8.322065555
TCHHL1	0.006737603
TCHP	1.045667932
TCIM	17.12646324
TCIRG1	10.31047809
TCL1A	2.475327806
TCL1B	0.012898822
TCL6	0.025272706
TCN1	20.47965343
TCN2	16.50770761
TCOF1	3.08018794
TCP1	35.47022729
TCP10	0
TCP10L	0.064178673
TCP10L2	0.005603782
TCP11	0.036714433
TCP11L1	5.234846437
TCP11L2	0.736633282
TCP11X1	0
TCP11X2	0
TCP11X3P	0
TCP1P1	0.135702018
TCP1P3	0.016205329
TCTA	13.21150233
TCTE1	0.087065998
TCTE3	0.351284144
TCTEX1D1	0.250586665
TCTEX1D2	16.63832108
TCTEX1D4	0.031815968
TCTN1	2.403548115
TCTN2	1.873204032
TCTN3	13.57263449
TDG	7.307925929
TDGF1	0
TDGF1P1	0
TDGF1P2	0
TDGF1P3	0
TDGF1P4	0
TDGF1P5	0.053588484
TDGF1P6	0
TDGF1P7	0
TDGP1	0.019752305
TDH	0.717757476
TDO2	5.792198427
TDP1	3.933525529
TDP2	72.94489818
TDRD1	0.013855926
TDRD10	0.035884085
TDRD12	0.031162495
TDRD15	0
TDRD3	2.119749342
TDRD5	0.952542857
TDRD6	0.177213637
TDRD7	7.749080847
TDRD9	0.062017913
TDRG1	0
TDRKH	1.911726015
TDRKH-AS1	0.531892709
TDRP	1.867869398
TEAD1	3.351663046
TEAD2	21.7421247
TEAD3	12.54424425
TEAD4	7.05188597
TEC	0.277091024
TECPR1	1.711018936
TECPR2	2.348916194
TECR	28.27436167
TECRL	0
TECRP1	2.618489875
TECRP2	0.026159034
TECTA	0.059931923
TECTB	0
TEDC1	1.61281495
TEDC2	1.114261178
TEDDM1	0.009710233
TEDDM2P	0
TEF	3.41351255
TEFM	4.72108892
TEK	0.78308333
TEKT1	0.347064486
TEKT2	0.233183054
TEKT3	0.093045547
TEKT4	0.065668845
TEKT4P2	0.799023094
TEKT5	0.013676385
TELO2	4.484024926
TEMN3-AS1	0
TEN1	0.167674788
TEN1-CDK3	0.130781746
TENM1	0.02070653
TENM2	1.223647284
TENM3	0.881164778
TENM4	3.316117203
TEP1	1.532224753
TEPP	0.023469787
TEPSIN	1.284638171
TERB1	0
TERB2	0.016325207
TERC	0.044871688
TERF1	3.76050253
TERF1P1	0
TERF1P2	0
TERF1P3	0.019784501
TERF1P4	0.021771824
TERF1P5	0.100561654
TERF2	3.645008403
TERF2IP	12.94601982
TERT	0.010518017
TES	18.42221829
TESC	0.655415539
TESC-AS1	0
TESK1	8.575213599
TESK2	2.73301268
TESMIN	1.290147574
TESPA1	0.314012519
TET1	0.216932968
TET1P1	0
TET2	1.196538398
TET2-AS1	0
TET3	3.636095017
TEX10	5.840716689
TEX101	1.641680017
TEX11	0.26644811
TEX12	0.021017821
TEX13A	0
TEX13B	0
TEX14	0.031911565
TEX15	0.058279716
TEX19	0.050156164
TEX2	12.02300713
TEX21P	0.115128105
TEX22	0.29948728
TEX26	0.102366917
TEX261	16.17802365
TEX264	9.124683003
TEX26-AS1	0
TEX28	0
TEX28P1	0
TEX28P2	0
TEX29	0.261027777
TEX30	4.778480633
TEX33	0
TEX35	0
TEX36	0
TEX36-AS1	0
TEX37	0.030535325
TEX38	0.048877013
TEX41	0.051588436
TEX43	0
TEX44	0
TEX45	0.025009186
TEX46	0
TEX47	0
TEX48	0.132834929
TEX49	0
TEX50	0
TEX51	0
TEX53	0.090580534
TEX9	0.41874649
TF	0.530009815
TFAM	9.51796859
TFAMP1	0.032983129
TFAMP2	0
TFAP2A	4.469416049
TFAP2A-AS1	0.61693267
TFAP2B	0.003947891
TFAP2C	8.732747241
TFAP2D	0
TFAP2E	0.232885906
TFAP4	1.317614597
TFB1M	2.466598002
TFB2M	18.90290273
TFCP2	10.46000437
TFCP2L1	0.305646481
TFDP1	25.76157856
TFDP2	4.082999245
TFDP3	0
TFE3	11.77788044
TFEB	1.487137357
TFEC	0.895871246
TFF1	1.586063513
TFF2	0
TFF3	12.49111773
TFG	41.91110903
TFIP11	6.05996439
TFP1	0.094253774
TFPI	5.039970837
TFPI2	0.483141536
TFPT	5.873124972
TFR2	0.84832739
TFRC	168.1500427
TG	0.111215841
TGDS	7.51052227
TGFA	8.065774073
TGFA-IT1	0
TGFB1	20.68447625
TGFB1I1	3.010298123
TGFB2	0.37702323
TGFB2-AS1	0.174330939
TGFB2-OT1	0
TGFB3	4.9845469
TGFB3-AS1	0
TGFBI	28.54012869
TGFBR1	10.46006647
TGFBR2	8.313767977
TGFBR3	0.524274514
TGFBR3L	0.560452119
TGFBRAP1	4.7540526
TGIF1	14.6917176
TGIF1P1	0
TGIF2	6.261355502
TGIF2-C20orf24	0.237995914
TGIF2LX	0.048454258
TGIF2LY	0
TGIF2P1	0
TGM1	3.620214151
TGM2	14.42457813
TGM3	2.442882678
TGM4	0.075819385
TGM5	0.228824461
TGM6	0.010591441
TGM7	0
TGOLN2	24.40242923
TGS1	8.98491475
TH	0.029942132
TH2LCRR	0.044913197
THA1P	0.063604148
THADA	2.487308351
THAP1	5.669561475
THAP10	1.517856391
THAP11	14.05549378
THAP12	6.446680052
THAP12P1	0
THAP12P2	0
THAP12P3	0
THAP12P4	0
THAP12P5	0
THAP12P6	0
THAP12P7	0.127208296
THAP12P8	0
THAP12P9	0
THAP2	1.138092303
THAP3	3.183487583
THAP4	16.65426888
THAP5	8.254970548
THAP5P1	0.092654898
THAP6	1.99940611
THAP7	16.69526043
THAP7-AS1	2.341879793
THAP8	2.247985514
THAP9	1.1767942
THAP9-AS1	4.880512978
THBD	49.79773447
THBS1	41.63005399
THBS2	29.5579987
THBS3	4.064309195
THBS4	0.100159844
THEG	0.058636674
THEGL	0.054156349
THEM4	9.422686516
THEM5	2.442360507
THEM6	10.66377502
THEM7P	0.0407993
THEMIS	1.115471218
THEMIS2	4.433800527
THEMIS3P	0.015306168
THG1L	3.000522398
THNSL1	4.81922877
THNSL2	8.908470906
THOC1	1.800743707
THOC2	5.402185348
THOC3	8.921435014
THOC5	4.563612433
THOC6	15.28317632
THOC7	39.20288971
THOC7-AS1	0
THOP1	6.696600462
THPO	0.152118537
THRA	1.894186189
THRAP3	21.34365045
THRAP3P1	0.008713418
THRB	1.114965356
THRB-AS1	0.04941788
THRB-IT1	0
THRIL	0
THRSP	0
THSD1	2.806048598
THSD4	0.521165517
THSD4-AS1	0
THSD7A	0.115502821
THSD7B	0.035905315
THTPA	4.621923412
THUMPD1	9.849441266
THUMPD1P1	0
THUMPD2	4.673510136
THUMPD3	7.823389261
THUMPD3-AS1	0.986497804
THUMPD3P1	0.032804842
THY1	20.49801567
THYN1	14.64096053
TIA1	11.18065684
TIAF1	0.095519439
TIAL1	15.03072821
TIAM1	0.873821131
TIAM2	0.239977149
TICAM1	10.9584845
TICAM2	0.067349029
TICRR	1.135480148
TIE1	1.258384729
TIFA	4.78657382
TIFAB	0.143448491
TIGAR	3.436966463
TIGD1	2.894574304
TIGD2	2.248717376
TIGD3	0.31370038
TIGD4	0.039280879
TIGD5	2.977024213
TIGD6	1.496296724
TIGD7	0.190873063
TIGIT	1.227529081
TIMD4	0.327837458
TIMELESS	7.773360525
TIMM10	41.33410115
TIMM10B	12.43714523
TIMM13	21.40877587
TIMM17A	19.59736806
TIMM17B	15.52993009
TIMM17BP1	0.047045704
TIMM21	5.500228148
TIMM22	6.893535998
TIMM23	85.12346488
TIMM23B	3.797031668
TIMM29	11.61006154
TIMM44	6.992639356
TIMM50	10.57644061
TIMM8A	7.396250345
TIMM8AP1	0.411450563
TIMM8B	78.76031845
TIMM8BP1	0
TIMM8BP2	1.063870181
TIMM9	30.55486741
TIMM9P1	0.094826497
TIMM9P2	0
TIMM9P3	0.088597019
TIMMDC1	29.85096442
TIMP1	210.3358774
TIMP2	34.99338465
TIMP3	0.827996212
TIMP4	0.573786512
TINAG	0.022529544
TINAGL1	21.20953247
TINCR	0.482419233
TINF2	38.84809409
TIPARP	17.34588524
TIPARP-AS1	0.580755579
TIPIN	2.881348716
TIPRL	32.82481035
TIRAP	2.068596064
TJAP1	4.717551404
TJP1	4.674100311
TJP2	8.293437683
TJP3	0.886516437
TK1	35.57201259
TK2	2.468531199
TKFC	4.843296518
TKT	108.220024
TKTL1	0.006650845
TKTL2	0.018293582
TLCD1	12.05446581
TLCD2	1.374166325
TLDC1	3.290696781
TLDC2	1.340719637
TLE1	3.384528928
TLE1P1	0.370934209
TLE2	0.901767579
TLE3	4.530776098
TLE4	4.133402102
TLE6	0.777722683
TLE7	0.027153896
TLK1	11.48863593
TLK1P1	0.019898019
TLK2	4.759862691
TLK2P1	0.190128315
TLK2P2	0.010837314
TLL1	0.080681944
TLL2	0.351431581
TLN1	15.08912045
TLN2	0.563363738
TLNRD1	4.935283688
TLR1	4.191352075
TLR10	0.788654233
TLR12P	0
TLR2	7.953143454
TLR3	0.942285428
TLR4	2.692668382
TLR5	2.586656111
TLR6	1.66127852
TLR7	0.727009211
TLR8	1.271498501
TLR8-AS1	0
TLR9	0
TLX1	0.007096049
TLX1NB	0
TLX2	0.096227537
TLX3	0.065038401
TM2D1	6.196523055
TM2D2	22.76210214
TM2D3	5.74131626
TM4SF1	220.1480371
TM4SF18	0.969506782
TM4SF19	1.176068276
TM4SF19-AS1	0.590978618
TM4SF19-TCTEX1D2	0.075546421
TM4SF1-AS1	0.782242209
TM4SF20	0.008805072
TM4SF4	0
TM4SF5	0
TM6SF1	0.465259205
TM6SF2	0.244087217
TM7SF2	6.695730113
TM7SF3	46.13484681
TM9SF1	3.219810104
TM9SF2	52.37527375
TM9SF3	17.98001266
TM9SF4	35.77902672
TMA16	9.245866879
TMA16P1	0
TMA16P2	0.080783971
TMA7	61.55213725
TMBIM1	82.48841273
TMBIM4	11.87666919
TMBIM6	125.2001628
TMBIM7P	0.150897176
TMC1	0.410291547
TMC2	0.04427158
TMC3	0.00500734
TMC3-AS1	0.521862056
TMC4	11.12300564
TMC5	1.321430152
TMC6	7.784764257
TMC7	0.202368289
TMC8	4.504701557
TMCC1	4.299997795
TMCC1-AS1	0.157531364
TMCC1P1	0
TMCC2	3.832208078
TMCC3	2.064262947
TMCO1	47.42520368
TMCO2	0
TMCO3	5.500319518
TMCO4	6.059913719
TMCO5A	0
TMCO5B	0
TMCO6	1.788435314
TMED1	14.88945223
TMED10	132.4810427
TMED10P1	0
TMED10P2	0.594989785
TMED11P	0.06422112
TMED2	134.035446
TMED3	11.88344035
TMED4	28.30755857
TMED5	7.816207098
TMED6	0.30968143
TMED7	44.33691521
TMED7-TICAM2	0.221397486
TMED8	4.334925575
TMED9	86.00918726
TMEFF1	0.009297428
TMEFF2	0.007320743
TMEM100	0.342497905
TMEM101	15.24336721
TMEM102	4.65215498
TMEM104	4.9106538
TMEM105	0.319920707
TMEM106A	1.771296399
TMEM106B	9.626554562
TMEM106C	44.61817267
TMEM107	1.63474525
TMEM108	0.316951235
TMEM108-AS1	0
TMEM109	76.52674561
TMEM11	8.91351877
TMEM110-MUSTN1	0.007742173
TMEM114	0.051322586
TMEM115	18.40833939
TMEM116	3.758780378
TMEM117	13.6479587
TMEM119	4.240043855
TMEM120A	17.00627988
TMEM120B	0.838971511
TMEM121	1.555473294
TMEM121B	0.057468337
TMEM123	96.67397096
TMEM125	1.860329132
TMEM126A	15.650376
TMEM126B	17.7344389
TMEM127	23.16608193
TMEM128	14.60448156
TMEM129	11.96852549
TMEM130	0.312360067
TMEM131	9.298941157
TMEM131L	4.150353896
TMEM132A	27.63763965
TMEM132B	0.069566404
TMEM132C	0
TMEM132D	0.006843976
TMEM132D-AS1	0.010689381
TMEM132D-AS2	0
TMEM132E	0.026484381
TMEM134	10.41147298
TMEM135	3.537575049
TMEM136	2.645973372
TMEM138	6.099488852
TMEM139	0.066274993
TMEM140	10.00200208
TMEM141	42.79770181
TMEM143	1.462700637
TMEM144	1.089945584
TMEM145	0.229882417
TMEM147	35.96103477
TMEM147-AS1	0.904276716
TMEM14A	147.7825071
TMEM14B	24.32095814
TMEM14C	129.776055
TMEM14DP	0.844368112
TMEM14EP	0
TMEM150A	4.299618488
TMEM150B	1.006168365
TMEM150C	2.221900289
TMEM151A	0.094752472
TMEM151B	0.008893784
TMEM154	2.616743198
TMEM155	0.152525159
TMEM156	21.92572192
TMEM158	81.79786976
TMEM159	42.89508841
TMEM160	3.771319866
TMEM161A	11.08345738
TMEM161B	1.05974884
TMEM161B-AS1	0.503120896
TMEM161BP1	0
TMEM163	1.534171191
TMEM164	5.081536332
TMEM165	22.58025505
TMEM167A	24.28547547
TMEM167AP1	0
TMEM167B	6.533284421
TMEM168	4.946207012
TMEM169	0.147205852
TMEM17	3.337689175
TMEM170A	2.330839379
TMEM170B	0.362885422
TMEM171	1.470768234
TMEM173	19.52765746
TMEM174	0
TMEM175	2.96158095
TMEM176A	12.37154615
TMEM176B	42.34427148
TMEM177	6.115796081
TMEM178A	0.137594399
TMEM178B	0.230089518
TMEM179	0.493183406
TMEM179B	43.24493936
TMEM18	10.12124336
TMEM181	6.138704996
TMEM182	3.453013887
TMEM183A	23.58819711
TMEM183AP1	0
TMEM183B	0.81779447
TMEM184A	1.499145562
TMEM184B	19.14837089
TMEM184C	6.274970365
TMEM185A	4.70168818
TMEM185AP1	0
TMEM185B	14.67243134
TMEM186	3.595928151
TMEM187	8.554493462
TMEM189	10.94253058
TMEM189-UBE2V1	0.017610144
TMEM19	5.99406355
TMEM190	0.982485661
TMEM191A	0.968512371
TMEM191B	0.035233067
TMEM191C	0.016940393
TMEM192	1.360627357
TMEM196	0
TMEM198	1.252386566
TMEM198B	1.689210056
TMEM199	4.524085963
TMEM2	5.01401137
TMEM200A	0.874189977
TMEM200B	0.772697609
TMEM200C	0.061613155
TMEM201	2.08395044
TMEM202	0.215889574
TMEM202-AS1	0.250540483
TMEM203	28.99973332
TMEM204	4.26927697
TMEM205	31.65197463
TMEM206	18.48576498
TMEM207	0
TMEM208	18.50215128
TMEM209	4.800026016
TMEM210	0
TMEM211	0.051106491
TMEM212	0.044640646
TMEM212-AS1	0
TMEM212-IT1	0
TMEM213	0
TMEM214	31.15778522
TMEM215	0
TMEM216	16.08103355
TMEM217	0.257212975
TMEM218	4.421879834
TMEM219	41.47245436
TMEM220	0.6089656
TMEM220-AS1	0.184780843
TMEM221	1.644914357
TMEM222	5.841108831
TMEM223	10.93465963
TMEM225	0
TMEM225B	0.309901062
TMEM229A	0
TMEM229B	0.574817793
TMEM230	42.20975712
TMEM231	1.892809398
TMEM232	0.111693575
TMEM233	0.061730663
TMEM234	3.195050157
TMEM235	0
TMEM236	0.053313872
TMEM237	3.917362324
TMEM238	1.966322241
TMEM238L	0
TMEM239	0
TMEM240	0.070364009
TMEM241	1.748328158
TMEM242	3.831611218
TMEM243	3.866578678
TMEM244	0.108696641
TMEM245	12.97479242
TMEM246	11.04347204
TMEM246-AS1	0.084682267
TMEM248	30.31345439
TMEM248P1	0
TMEM249	0.054332102
TMEM25	6.449779661
TMEM250	10.75817219
TMEM251	14.99217337
TMEM251P1	0
TMEM252	0
TMEM253	0.012379186
TMEM254	13.79073519
TMEM254-AS1	0.967000606
TMEM255A	0.226521772
TMEM255B	0.496371881
TMEM256	52.77449987
TMEM256P1	0
TMEM256P2	0
TMEM256-PLSCR3	0.01898755
TMEM258	31.95071872
TMEM259	20.59600462
TMEM26	0.362007394
TMEM260	5.635349577
TMEM261P1	0
TMEM262	0.156280579
TMEM263	20.31450861
TMEM266	0.299698558
TMEM267	9.501146567
TMEM268	5.942249398
TMEM269	0.03612438
TMEM26-AS1	0.112517188
TMEM270	0.223623592
TMEM272	0
TMEM30A	47.76930596
TMEM30B	17.83611963
TMEM30CP	0
TMEM31	0.033345581
TMEM33	7.645041074
TMEM35A	0.151073252
TMEM35B	5.186865395
TMEM37	26.07612822
TMEM38A	0.848231693
TMEM38B	5.795788766
TMEM39A	16.61008872
TMEM39B	3.383086597
TMEM40	19.79121102
TMEM41A	8.202951459
TMEM41B	16.49663672
TMEM42	5.916489535
TMEM43	35.76774761
TMEM44	3.283936603
TMEM44-AS1	7.462735145
TMEM45A	6.411502911
TMEM45B	2.237491813
TMEM47	5.179669335
TMEM50A	32.82542939
TMEM50B	9.429403403
TMEM51	4.269901691
TMEM51-AS1	0.006838192
TMEM52	1.126971868
TMEM52B	0.180901451
TMEM53	1.522650062
TMEM54	45.72444009
TMEM56	1.328237126
TMEM56-RWDD3	0.123791857
TMEM59	26.91832897
TMEM59L	0.110931835
TMEM5-AS1	0
TMEM60	13.73955296
TMEM61	0.575355664
TMEM62	5.127649179
TMEM63A	1.962896564
TMEM63B	14.29104956
TMEM63C	1.011005745
TMEM64	10.28920801
TMEM65	4.412031461
TMEM67	1.011360489
TMEM68	3.75147513
TMEM69	10.84886663
TMEM70	15.10914905
TMEM71	0.531848012
TMEM72	0
TMEM72-AS1	0.007356237
TMEM74	0.033751245
TMEM74B	0.977613985
TMEM75	0.011212741
TMEM78	0
TMEM79	16.16261524
TMEM80	1.431132393
TMEM81	1.09349474
TMEM82	0
TMEM86A	1.636299034
TMEM86B	0.110931835
TMEM87A	13.76530072
TMEM87B	15.81884941
TMEM88	0.638101045
TMEM88B	0
TMEM89	0.073340131
TMEM8A	8.286560676
TMEM8B	1.533945743
TMEM9	40.66392714
TMEM91	2.396302206
TMEM92	0.751517571
TMEM92-AS1	0.129469777
TMEM94	6.16897021
TMEM95	0.019832993
TMEM97	15.45828173
TMEM97P1	0
TMEM97P2	0
TMEM98	3.496020949
TMEM99	10.58588091
TMEM9B	32.54702867
TMEM9B-AS1	0.60584502
TMF1	4.963331845
TMF1P1	0
TMIE	0.13308982
TMIGD1	0.059305171
TMIGD2	0.557838283
TMIGD3	0.400444306
TMLHE	5.193068414
TMLHE-AS1	0.039472493
TMOD1	1.126051864
TMOD2	0.909604184
TMOD3	11.51217933
TMOD4	0
TMPO	10.30292703
TMPO-AS1	0.621894595
TMPOP1	0
TMPOP2	0.020212809
TMPPE	0.428464656
TMPRSS11A	3.503755462
TMPRSS11B	0.021559133
TMPRSS11BNL	0.139900779
TMPRSS11CP	0
TMPRSS11D	6.72110865
TMPRSS11E	3.89453931
TMPRSS11F	1.755561813
TMPRSS11GP	0.019129695
TMPRSS12	0
TMPRSS13	4.645243891
TMPRSS15	0.022939365
TMPRSS2	2.067611387
TMPRSS3	0.184425809
TMPRSS4	96.39954156
TMPRSS5	0.091193025
TMPRSS6	0.053522844
TMPRSS7	0.047755246
TMPRSS9	0.052081108
TMSB10	2918.0132
TMSB10P1	5.333272071
TMSB10P2	0
TMSB15A	0.637898537
TMSB15B	0.015861211
TMSB15B	0.017575083
TMSB4X	1238.068982
TMSB4XP1	4.675297509
TMSB4XP2	1.73397023
TMSB4XP3	0.212943712
TMSB4XP4	1.453392523
TMSB4XP6	0
TMSB4XP8	176.0429331
TMSB4Y	0.130904883
TMTC1	5.556381783
TMTC2	1.026673711
TMTC3	26.49871906
TMTC4	2.399690943
TMUB1	8.499481007
TMUB2	10.06008931
TMX1	23.87629601
TMX2	57.16543172
TMX2-CTNND1	0.041496723
TMX2P1	2.67442866
TMX3	6.707015921
TMX4	13.11744921
TNC	190.1310234
TNF	1.593266202
TNFAIP1	44.96195061
TNFAIP2	49.56003438
TNFAIP3	26.13073569
TNFAIP6	16.18884682
TNFAIP8	4.692621341
TNFAIP8L1	1.467385636
TNFAIP8L2	3.915416648
TNFAIP8L3	0.987335834
TNFRSF10A	6.276607928
TNFRSF10A-AS1	1.448150961
TNFRSF10B	9.986969288
TNFRSF10C	2.570899861
TNFRSF10D	1.687900925
TNFRSF11A	0.38331289
TNFRSF11B	2.979705475
TNFRSF12A	19.46775667
TNFRSF13B	0.082058309
TNFRSF13C	0.732452942
TNFRSF14	4.785635154
TNFRSF14-AS1	0.142401987
TNFRSF17	3.908412325
TNFRSF18	30.2293029
TNFRSF19	1.077754232
TNFRSF1A	57.61283857
TNFRSF1B	7.980130649
TNFRSF21	60.52351944
TNFRSF25	1.51799844
TNFRSF4	1.325917968
TNFRSF6B	0
TNFRSF8	0.272759362
TNFRSF9	0.851236688
TNFSF10	92.68477785
TNFSF11	0.275354219
TNFSF12	8.190909931
TNFSF12-TNFSF13	0.040102836
TNFSF13	2.52781776
TNFSF13B	5.531245996
TNFSF14	0.132098192
TNFSF15	0.516960069
TNFSF18	2.998179601
TNFSF4	1.896722382
TNFSF8	0.710056632
TNFSF9	4.315659239
TNIK	1.236137876
TNIP1	17.50373055
TNIP2	13.52057799
TNIP3	3.182626887
TNK1	4.263949591
TNK2	5.165840671
TNK2-AS1	0.046327449
TNKS	2.279365349
TNKS1BP1	15.07673653
TNKS2	7.759354844
TNKS2-AS1	0.191397502
TNMD	0.015078002
TNN	0.092099856
TNNC1	0.166271118
TNNC2	0.138559265
TNNI1	0.296830629
TNNI2	0.44871688
TNNI3	1.444122699
TNNI3K	0.030865331
TNNT1	9.079582484
TNNT2	0.488253912
TNNT3	0.056740748
TNP1	0
TNP2	0
TNPO1	21.43799313
TNPO1P1	0.042663591
TNPO1P2	0.018218074
TNPO1P3	0.009119302
TNPO2	9.093414513
TNPO3	11.89378981
TNR	0.007492464
TNRC18	4.118662027
TNRC18P1	0.013301689
TNRC18P2	0
TNRC18P3	0
TNRC6A	3.088245014
TNRC6B	1.93859918
TNRC6C	0.509308673
TNRC6C-AS1	0.749995302
TNR-IT1	0
TNS1	3.458823079
TNS2	2.042712489
TNS3	3.504392491
TNS4	21.2154674
TNXA	0
TNXB	0.059045776
TOB1	14.79067665
TOB1-AS1	0.192035791
TOB2	10.14628977
TOB2P1	0.244713541
TOE1	2.487760352
TOGARAM1	1.826457643
TOGARAM2	0.035526439
TOLLIP	14.78526245
TOLLIP-AS1	1.240924382
TOM1	8.377164299
TOM1L1	5.072011889
TOM1L2	3.386788095
TOMM20	106.2724995
TOMM20L	0.391541665
TOMM20P1	0.113702966
TOMM20P2	0.576617179
TOMM20P3	0
TOMM20P4	0.390641569
TOMM22	80.75980195
TOMM22P1	0
TOMM22P2	0
TOMM22P3	0
TOMM22P4	0
TOMM22P5	0.165892368
TOMM22P6	0
TOMM34	10.96050823
TOMM40	16.71047764
TOMM40L	9.336762776
TOMM5	9.892766487
TOMM6	0
TOMM7	71.9671916
TOMM70	19.13837051
TONSL	1.973180579
TONSL-AS1	0.510467871
TOP1	19.8724678
TOP1MT	2.604320448
TOP1P1	0
TOP2A	23.79663354
TOP2B	13.57569015
TOP3A	3.501141866
TOP3B	0.069452805
TOP3BP1	0
TOPAZ1	0
TOPBP1	11.86392279
TOPORS	4.247338499
TOPORSLP	0
TOR1A	13.50434064
TOR1AIP1	7.839384908
TOR1AIP2	3.459489238
TOR1B	9.790290174
TOR2A	3.192808652
TOR3A	47.59675239
TOR4A	1.123652839
TOX	1.075388944
TOX2	0.926433986
TOX3	0.014475601
TOX4	13.35824647
TOX4P1	0.03911211
TP53	27.00165227
TP53AIP1	2.3112892
TP53BP1	4.282937167
TP53BP2	5.806528251
TP53I11	4.874946936
TP53I13	9.210910569
TP53I3	11.46580315
TP53INP1	7.471713157
TP53INP2	8.290904013
TP53RK	6.806818363
TP53TG1	20.45508576
TP53TG3	0
TP53TG3B	0
TP53TG3C	0
TP53TG3D	0.091386521
TP53TG3E	0
TP53TG3F	0
TP53TG3GP	0.072681387
TP53TG3HP	0
TP53TG5	0.087839281
TP63	127.3018879
TP73	0.689178172
TP73-AS1	1.223044651
TPBG	7.700395024
TPBGL	0.252055823
TPCN1	1.649337861
TPCN2	1.80977839
TPD52	13.61707108
TPD52L1	26.07507675
TPD52L2	21.027806
TPD52L3	0.00700594
TPGS1	0.531028383
TPGS2	11.76232497
TPH1	0.008629784
TPH2	0
TPI1	331.9011683
TPI1P1	7.54161452
TPI1P2	0.903878099
TPI1P3	0.164024211
TPI1P4	0.051322586
TPK1	0.491956
TPM1	11.83463831
TPM1-AS	0.021713402
TPM2	16.26769995
TPM3	81.15203907
TPM3P1	0.032497434
TPM3P2	0
TPM3P3	0
TPM3P4	0.03215309
TPM3P6	0.196298517
TPM3P7	0
TPM3P8	0.151014515
TPM3P9	0.498813354
TPM4	118.7453872
TPM4P1	0.060162536
TPMT	19.84172159
TPMTP1	0.362322138
TPMTP2	0
TPMTP3	0
TPMTP4	0
TPO	0.007097086
TPP1	32.12638905
TPP2	4.033946145
TPPP	1.28190559
TPPP2	0
TPPP3	4.636284037
TPR	5.908696612
TPRA1	11.46947049
TPRG1	0.829977989
TPRG1-AS1	1.323489472
TPRG1-AS2	0
TPRG1L	21.32912676
TPRG1LP1	0
TPRKB	12.61808527
TPRKBP1	0
TPRKBP2	0
TPRN	2.3420617
TPRX1	0
TPRX1P1	0
TPRX2P	0
TPRXL	2.036318174
TPSAB1	9.440504585
TPSB2	12.19366177
TPSD1	1.537031052
TPSG1	0.038686188
TPSP2	0.119388114
TPST1	15.43118752
TPST2	7.449816037
TPST2P1	0
TPT1	556.0073703
TPT1-AS1	0.336058833
TPT1P1	0.04686406
TPT1P10	0.293656249
TPT1P11	0.048746151
TPT1P12	0.098681233
TPT1P13	0.14594539
TPT1P14	0.144211385
TPT1P2	0.144784791
TPT1P3	0.047413248
TPT1P4	1.730629247
TPT1P5	0.465942096
TPT1P6	0.519516372
TPT1P7	0
TPT1P8	0
TPT1P9	2.172523012
TPTE	0
TPTE2	0.063687582
TPTE2P1	0.19886376
TPTE2P2	0.007801891
TPTE2P3	0.020416807
TPTE2P4	0
TPTE2P5	0.208618293
TPTE2P6	0
TPTEP1	0.040188036
TPX2	40.03282725
TRA2A	18.87640629
TRA2B	13.96635007
TRABD	15.89885168
TRABD2A	0.080263586
TRABD2B	0.103535328
TRAC	12.729879
TRADD	9.390593742
TRAF1	1.204556773
TRAF2	4.148652769
TRAF3	4.609511082
TRAF3IP1	2.912859671
TRAF3IP2	5.386341828
TRAF3IP2-AS1	0.292173444
TRAF3IP3	0.695377997
TRAF4	24.90941046
TRAF5	1.824301199
TRAF6	3.154679568
TRAF6P1	0.015581247
TRAF7	25.7032406
TRAFD1	13.00037578
TRAIP	2.425326426
TRAJ1	0
TRAJ10	0
TRAJ11	0.404593054
TRAJ12	0
TRAJ13	0
TRAJ14	0
TRAJ16	0
TRAJ17	0
TRAJ18	0.367811867
TRAJ19	0
TRAJ2	0
TRAJ20	0
TRAJ21	0
TRAJ22	0.385326718
TRAJ23	0
TRAJ24	0
TRAJ25	0
TRAJ26	0
TRAJ27	0
TRAJ28	0
TRAJ29	0
TRAJ3	0
TRAJ30	0
TRAJ31	0
TRAJ32	0
TRAJ33	0.425887425
TRAJ34	0
TRAJ35	0
TRAJ36	0
TRAJ37	0
TRAJ38	0
TRAJ39	0
TRAJ4	0
TRAJ40	0
TRAJ41	0
TRAJ42	0
TRAJ43	0
TRAJ44	0
TRAJ45	0
TRAJ46	0
TRAJ47	0.425887425
TRAJ48	0
TRAJ49	0
TRAJ5	0
TRAJ50	0
TRAJ51	0
TRAJ52	0
TRAJ53	0
TRAJ54	0
TRAJ55	0
TRAJ56	0
TRAJ57	0.385326718
TRAJ58	0
TRAJ59	0
TRAJ6	0
TRAJ60	0
TRAJ61	0
TRAJ7	0
TRAJ8	0
TRAJ9	0
TRAK1	5.30917959
TRAK2	3.045985727
TRAM1	70.41671883
TRAM1L1	1.331977132
TRAM2	8.44444506
TRAM2-AS1	3.995078306
TRANK1	1.672380699
TRAP1	9.920154152
TRAPPC1	54.12770946
TRAPPC10	1.282798175
TRAPPC11	4.010603973
TRAPPC12	4.108866256
TRAPPC12-AS1	1.149614624
TRAPPC13	4.797260239
TRAPPC13P1	0
TRAPPC2	4.177769439
TRAPPC2B	4.320342537
TRAPPC2L	7.854345097
TRAPPC2P10	0
TRAPPC2P2	0
TRAPPC2P3	0
TRAPPC2P4	0
TRAPPC2P5	0
TRAPPC2P7	0
TRAPPC2P8	0
TRAPPC2P9	0
TRAPPC3	15.99559268
TRAPPC3L	0.017610144
TRAPPC4	10.52729085
TRAPPC5	0.081361101
TRAPPC6A	35.51572464
TRAPPC6B	9.302159287
TRAPPC8	3.949327029
TRAPPC9	4.083146717
TRAT1	1.104308572
TRAV10	0.128103342
TRAV11	0
TRAV1-1	0.743130099
TRAV1-2	0.241548092
TRAV12-1	1.427975483
TRAV12-2	0.490966852
TRAV12-3	0.365046364
TRAV13-1	2.494990497
TRAV13-2	0.414461177
TRAV14DV4	0.171357058
TRAV15	0.097492302
TRAV16	1.180575476
TRAV17	0.150468491
TRAV18	0.22068712
TRAV19	1.091621515
TRAV2	0.837089076
TRAV20	0.179376231
TRAV21	0.990840131
TRAV22	0.104636135
TRAV23DV6	0.178060513
TRAV24	0.070774295
TRAV25	0.120474358
TRAV26-1	0.135617783
TRAV26-2	0.519660803
TRAV27	1.028142348
TRAV28	0
TRAV29DV5	0.310561832
TRAV3	0.748380215
TRAV30	0.072034372
TRAV31	0
TRAV32	0
TRAV33	0
TRAV34	0
TRAV35	0
TRAV36DV7	0.204569521
TRAV37	0
TRAV38-1	0.068769358
TRAV38-2DV8	0
TRAV39	0.293360522
TRAV4	0.368743036
TRAV40	0.076579127
TRAV41	0.433492557
TRAV5	0.13792945
TRAV6	0
TRAV7	0
TRAV8-1	0.205290344
TRAV8-2	0.600456122
TRAV8-3	1.210219691
TRAV8-4	0.67288397
TRAV8-5	0
TRAV8-6	0.30290389
TRAV8-7	0
TRAV9-1	0
TRAV9-2	0.308065777
TRBC1	1.124052188
TRBC2	12.43062132
TRBJ2-1	0
TRBJ2-2	0.951983656
TRBJ2-2P	1.58319021
TRBJ2-3	0.990840131
TRBJ2-4	0
TRBJ2-5	0
TRBJ2-6	0
TRBJ2-7	0.516501771
TRBV1	0
TRBV10-1	0.058921318
TRBV10-2	0
TRBV10-3	0.329831294
TRBV11-1	0
TRBV11-2	0.237995914
TRBV11-3	0
TRBV12-1	0
TRBV12-2	0
TRBV12-3	0.178060513
TRBV12-4	0.358752461
TRBV12-5	0.059064679
TRBV13	0
TRBV14	0.179376231
TRBV15	0.634278896
TRBV16	0
TRBV17	0
TRBV18	1.588122267
TRBV19	1.011482634
TRBV2	0.691940614
TRBV20-1	1.822138208
TRBV20OR9-2	0.350128604
TRBV21-1	0.558059384
TRBV21OR9-2	0
TRBV22-1	0
TRBV22OR9-2	0
TRBV23-1	0.139916906
TRBV23OR9-2	0
TRBV24-1	0.127430883
TRBV24OR9-2	0
TRBV25OR9-2	0
TRBV26	0
TRBV26OR9-2	0.16570364
TRBV27	1.003641683
TRBV28	7.049957908
TRBV29-1	5.193283972
TRBV29OR9-2	0
TRBV30	0.380154547
TRBV3-1	0.620858906
TRBV4-1	0.390491955
TRBV4-2	0.426823441
TRBV5-1	0.781882282
TRBV5-2	0
TRBV5-3	0.070774295
TRBV5-4	0.312369637
TRBV5-5	0.138717618
TRBV5-6	0.758611976
TRBV5-7	0
TRBV6-1	0.484300912
TRBV6-4	0
TRBV6-5	1.006548572
TRBV6-6	0.125131872
TRBV6-7	0
TRBV6-8	0
TRBV7-1	0
TRBV7-3	0
TRBV7-4	0.559667625
TRBV7-5	0
TRBV7-6	0.619275082
TRBV7-7	0
TRBV7-9	2.098753592
TRBV8-1	0
TRBV8-2	0
TRBV9	1.556127129
TRBVA	0
TRBVB	0
TRDC	3.957281752
TRDD1	0
TRDD2	0
TRDD3	0
TRDJ1	0
TRDJ2	0
TRDJ3	0
TRDJ4	0
TRDMT1	0.433204523
TRDN	0.202900397
TRDN-AS1	0
TRDV1	0.997626708
TRDV2	0
TRDV3	0.114238039
TREH	0.015258066
TREHP1	0
TREM1	1.872960221
TREM2	6.273963517
TREML1	0
TREML2	0.066166035
TREML3P	6.52809651
TREML4	0.179023475
TREML5P	0
TRERF1	2.690658926
TRERNA1	0.052544552
TREX1	0
TREX2	0.500711845
TRG-AS1	0.417328428
TRGC1	0.216348579
TRGC2	0.782751092
TRGJ1	0
TRGJ2	0
TRGJP	0
TRGJP1	0
TRGJP2	0
TRGV1	0
TRGV10	0.948264969
TRGV11	0
TRGV2	0.178496935
TRGV3	0.180823711
TRGV4	0.141137112
TRGV5	0.49762782
TRGV5P	0
TRGV6	0
TRGV7	0
TRGV8	0
TRGV9	0.055966762
TRGVA	0
TRGVB	0
TRH	0.024545585
TRHDE	0
TRHDE-AS1	0
TRHR	0
TRIAP1	20.23526424
TRIAP1P1	0
TRIB1	9.327737389
TRIB2	15.54526231
TRIB3	9.034419147
TRIL	1.190413605
TRIM10	0.020537718
TRIM11	3.933027494
TRIM13	4.44050891
TRIM14	6.640386267
TRIM15	0.019304639
TRIM16	21.18087678
TRIM16L	33.22541709
TRIM17	0.403680781
TRIM2	22.23896245
TRIM21	17.08980923
TRIM22	9.690070843
TRIM23	1.883668097
TRIM24	3.792813121
TRIM25	5.35330143
TRIM26	16.26136852
TRIM26BP	0
TRIM27	8.860922249
TRIM28	52.38446998
TRIM29	43.60482035
TRIM3	0.904455411
TRIM31	0.061804879
TRIM31-AS1	0
TRIM32	7.995529393
TRIM33	1.906751471
TRIM34	0.027073141
TRIM35	5.680793543
TRIM36	0.16678791
TRIM36-IT1	0.027554578
TRIM37	4.538940678
TRIM38	4.379043908
TRIM39	1.372897394
TRIM39-RPP21	0
TRIM4	7.638544791
TRIM40	0.0097219
TRIM41	1.154716096
TRIM42	0
TRIM43	0
TRIM43B	0
TRIM43CP	0
TRIM44	5.173667541
TRIM45	0.955906665
TRIM46	0.310607506
TRIM47	9.464541516
TRIM48	0
TRIM49	0
TRIM49B	0.011228299
TRIM49C	0
TRIM49D1	0
TRIM49D2	0
TRIM5	3.082453323
TRIM50	0
TRIM51	0
TRIM51BP	0
TRIM51CP	0
TRIM51DP	0
TRIM51EP	0
TRIM51FP	0
TRIM51GP	0
TRIM51HP	0
TRIM51JP	0
TRIM52	0.71768716
TRIM52-AS1	3.818423804
TRIM53AP	0
TRIM53BP	0
TRIM53CP	0.143430329
TRIM54	0.017565545
TRIM55	0.039395624
TRIM56	2.489914828
TRIM58	0
TRIM59	2.892081561
TRIM6	0.836452829
TRIM60	0
TRIM60P10Y	0
TRIM60P11Y	0
TRIM60P13	0
TRIM60P14	0
TRIM60P15	0
TRIM60P16	0
TRIM60P17	0.033762981
TRIM60P18	0.351820047
TRIM60P19	0.016604366
TRIM60P3Y	0
TRIM60P5Y	0
TRIM60P8Y	0
TRIM60P9Y	0
TRIM61	0.21482817
TRIM62	1.811014436
TRIM63	0
TRIM64	0
TRIM64B	0
TRIM64C	0.017552844
TRIM64DP	0
TRIM64EP	0
TRIM64FP	0.036340693
TRIM65	6.824011872
TRIM66	0.590280916
TRIM67	0.013015003
TRIM68	3.684990446
TRIM69	19.11129023
TRIM6-TRIM34	0.007158827
TRIM7	2.358747729
TRIM71	0.002795116
TRIM72	0.025703559
TRIM73	0.035029702
TRIM74	0.066011103
TRIM75P	0
TRIM77	0
TRIM77BP	0
TRIM8	10.89737258
TRIM80P	0.00852373
TRIM9	0.108554872
TRIML1	0
TRIML2	0.103469699
TRIO	6.070282981
TRIOBP	1.461930449
TRIP10	4.944123051
TRIP11	4.072456113
TRIP12	10.49551776
TRIP13	9.648862431
TRIP4	9.609568987
TRIP6	31.73513413
TRIQK	4.292633618
TRIR	60.67164308
TRIT1	8.541577723
TRMO	3.188227917
TRMT1	8.435837331
TRMT10A	2.173105417
TRMT10B	1.617807535
TRMT10BP1	0
TRMT10C	25.30420963
TRMT11	3.041216188
TRMT112	123.8726991
TRMT112P1	0
TRMT112P2	0.183905933
TRMT112P3	0
TRMT112P4	0
TRMT112P5	0
TRMT112P6	1.044111106
TRMT112P7	0
TRMT12	7.987718716
TRMT13	2.419922644
TRMT1L	6.175669098
TRMT2A	11.0505052
TRMT2B	8.542850124
TRMT2B-AS1	0
TRMT44	1.07486399
TRMT5	7.31849979
TRMT6	5.625300666
TRMT61A	3.96197967
TRMT61B	8.39491229
TRMT9B	0.038065068
TRMU	2.745831761
TRNAU1AP	3.789716424
TRNP1	5.282642097
TRNT1	2.894768713
TRO	0.614480218
TROAP	7.471771567
TROVE2	5.539484327
TRPA1	0.479649284
TRPC1	1.033545175
TRPC2	0
TRPC3	0.044562796
TRPC4	0.386792884
TRPC4AP	38.94176787
TRPC5	0
TRPC5OS	0.041214912
TRPC6	0.916307909
TRPC6P	0
TRPC7	0
TRPC7-AS1	0
TRPC7-AS2	0
TRPM1	0
TRPM2	2.957964428
TRPM2-AS	2.12887968
TRPM3	0.002438287
TRPM4	3.249487517
TRPM5	0.006127103
TRPM6	0.229737381
TRPM7	5.94242972
TRPM8	0.018430153
TRPS1	1.984230745
TRPT1	9.369716056
TRPV1	0.01457993
TRPV2	4.171698465
TRPV3	0.667702647
TRPV4	6.206128085
TRPV5	0.006585888
TRPV6	0.014249818
TRRAP	2.416906303
TRUB1	10.45582604
TRUB2	8.109035635
TSACC	0.914416588
TSC1	1.589633085
TSC2	3.021077886
TSC22D1	16.83118412
TSC22D1-AS1	0.09128799
TSC22D2	4.808960601
TSC22D3	21.47925607
TSC22D4	12.95786851
TSEN15	35.45447438
TSEN15P1	0.047137055
TSEN15P2	0
TSEN15P3	0
TSEN2	1.105188013
TSEN2P1	0
TSEN34	12.73405805
TSEN54	9.86548411
TSFM	11.32965164
TSG101	43.41655493
TSGA10	0.269911569
TSGA10IP	0.011772834
TSGA13	0
TSHB	0
TSHR	0.105565138
TSHZ1	2.292417109
TSHZ2	0.517117582
TSHZ3	1.03495696
TSIX	0.001311237
TSKS	0.274128292
TSKU	60.26879242
TSLP	0.209760995
TSN	26.73784455
TSNARE1	1.705851794
TSNAX	11.70020098
TSNAX-DISC1	0
TSNAXIP1	0.056718652
TSPAN1	25.12717806
TSPAN10	0.578111887
TSPAN11	1.528955614
TSPAN12	2.883085893
TSPAN13	63.53784618
TSPAN14	13.73915499
TSPAN15	15.49563872
TSPAN16	0
TSPAN17	15.84546218
TSPAN18	5.371143349
TSPAN19	0.130737535
TSPAN2	1.466501508
TSPAN3	32.66901024
TSPAN31	8.186529085
TSPAN32	0.179202829
TSPAN33	7.388604783
TSPAN4	2.821969013
TSPAN5	5.136099168
TSPAN6	17.02770236
TSPAN7	53.39847743
TSPAN8	1.474459798
TSPAN9	7.048161106
TSPAN9-IT1	0
TSPEAR	0.038006952
TSPEAR-AS1	0.03092431
TSPEAR-AS2	0.032089337
TSPO	169.0781858
TSPO2	0
TSPOAP1	0.241601277
TSPOAP1-AS1	0.188757659
TSPY1	0
TSPY10	0
TSPY11P	0
TSPY12P	0
TSPY13P	0
TSPY14P	0
TSPY15P	0
TSPY16P	0
TSPY17P	0
TSPY18P	0
TSPY19P	0
TSPY2	0
TSPY20P	0
TSPY21P	0
TSPY22P	0
TSPY23P	0
TSPY24P	0
TSPY25P	0
TSPY26P	1.552055308
TSPY3	0
TSPY4	0
TSPY5P	0
TSPY6P	0
TSPY7P	0
TSPY8	0
TSPY9P	0
TSPYL1	15.64848179
TSPYL2	1.55524654
TSPYL4	2.381097875
TSPYL5	9.151316497
TSPYL6	0
TSR1	7.941552382
TSR2	15.16037074
TSR3	20.50632532
TSSC2	0.139058169
TSSC4	11.85933907
TSSK1A	0
TSSK1B	0
TSSK2	0
TSSK3	0.05539841
TSSK4	0.227110446
TSSK5P	0.133823502
TSSK6	0.495420066
TST	23.62388971
TSTA3	22.61342291
TSTD1	59.56545998
TSTD2	1.747841992
TSTD3	1.085083242
TTBK1	0.080886256
TTBK2	0.825035305
TTC1	24.26305712
TTC12	2.58231402
TTC13	5.792250981
TTC14	6.04472315
TTC16	0.045731083
TTC17	4.053101629
TTC19	6.917279831
TTC21A	0.116998382
TTC21B	2.727702174
TTC21B-AS1	0.018980128
TTC22	9.449636605
TTC23	3.822180311
TTC23L	0.022639854
TTC24	0.145876605
TTC25	0.174784199
TTC26	1.534523764
TTC27	6.166074356
TTC28	1.31504741
TTC28-AS1	0.906575672
TTC29	0.18213973
TTC3	4.845029201
TTC30A	2.640858425
TTC30B	3.541322322
TTC31	3.693281703
TTC32	2.359107533
TTC33	5.409031176
TTC34	0.061717584
TTC36	0.072177155
TTC37	5.135911823
TTC38	8.460495325
TTC39A	1.369099331
TTC39A-AS1	0.079461811
TTC39B	3.092114343
TTC39C	4.103343574
TTC39C-AS1	0.148565381
TTC39CP1	0
TTC39DP	0
TTC3-AS1	0.088516256
TTC3P1	0.111777065
TTC4	1.541743873
TTC41P	0.088079889
TTC4P1	0
TTC5	4.700033062
TTC6	0.229371017
TTC7A	7.028705344
TTC7B	1.25669631
TTC8	5.79246376
TTC9	12.81948088
TTC9B	0.06219193
TTC9C	10.10492851
TTF1	3.171304806
TTF2	1.385336789
TTI1	5.284370091
TTI2	3.392371885
TTK	6.144442225
TTL	4.518110073
TTLL1	4.052870383
TTLL10	0.172385577
TTLL10-AS1	0.061857375
TTLL11	1.167425501
TTLL11-IT1	0.046151299
TTLL12	24.90059282
TTLL13P	0.068434499
TTLL2	0
TTLL3	0.437967589
TTLL4	2.776608673
TTLL5	2.196795807
TTLL6	0.00952544
TTLL7	0.630893465
TTLL7-IT1	0
TTLL8	0.008967707
TTLL9	0.028680014
TTN	0.020720832
TTN-AS1	0.124586609
TTPA	0.030484198
TTPAL	2.66741928
TTR	0.01117146
TTTY1	0
TTTY10	0.014064648
TTTY11	0
TTTY12	0
TTTY13	0
TTTY14	0.10492688
TTTY15	0.165390045
TTTY16	0.252870659
TTTY17A	0
TTTY17B	0
TTTY17C	0
TTTY18	0
TTTY19	0
TTTY1B	0
TTTY2	0
TTTY20	0
TTTY21	0
TTTY21B	0
TTTY22	0
TTTY23	0
TTTY23B	0
TTTY23B	0
TTTY25P	0
TTTY2B	0
TTTY3	0
TTTY3B	0
TTTY4	0
TTTY4B	0
TTTY4C	0
TTTY5	0
TTTY6	0
TTTY6B	0
TTTY7	0
TTTY7B	0
TTTY8	0
TTTY8B	0
TTTY9B	0
TTYH1	0.048084064
TTYH2	2.592406468
TTYH3	21.82782495
TUB	3.188833678
TUBA1A	38.3541442
TUBA1B	120.8209497
TUBA1C	114.8988358
TUBA3C	0.046954706
TUBA3D	0.091147371
TUBA3E	0.01574292
TUBA3FP	0.302813928
TUBA3GP	0
TUBA4A	34.79758153
TUBA4B	0.354388076
TUBA8	0.006667285
TUBAL3	0.567060342
TUBAP	0
TUBAP2	0.64714822
TUBAP4	0
TUB-AS1	0
TUBB	255.5982589
TUBB1	0.027775267
TUBB1P1	0
TUBB1P2	0
TUBB2A	18.92005502
TUBB2B	0.33193596
TUBB2BP1	0
TUBB3	0.361667831
TUBB3P1	0.018224912
TUBB3P2	0
TUBB4A	0.511286086
TUBB4AP1	0
TUBB4B	146.9529502
TUBB4BP1	0
TUBB4BP2	0
TUBB4BP3	0.089577798
TUBB4BP4	0
TUBB4BP5	0
TUBB4BP6	0
TUBB4BP7	0
TUBB6	27.41248151
TUBB7P	0
TUBB8	0.057004053
TUBB8P1	0
TUBB8P10	0
TUBB8P11	0.022944786
TUBB8P12	0.082965083
TUBB8P2	0
TUBB8P3	0
TUBB8P4	0
TUBB8P5	0
TUBB8P6	0
TUBB8P7	0.049220566
TUBB8P8	0
TUBB8P9	0.019024752
TUBBP1	0.693166714
TUBBP10	0.037318345
TUBBP11	0
TUBBP2	0.236258717
TUBBP5	0.57287512
TUBBP6	0.036449825
TUBBP8	0
TUBBP9	0
TUBD1	5.044655732
TUBE1	0.988708681
TUBG1	17.74101105
TUBG1P	0.017875982
TUBG2	4.002143409
TUBGCP2	4.730852907
TUBGCP3	2.83111307
TUBGCP4	1.073506231
TUBGCP5	3.859810237
TUBGCP6	3.302413844
TUFM	90.72077269
TUFMP1	0.090109811
TUFT1	65.14595012
TUG1	18.13968209
TULP1	0.155928357
TULP2	0.021674628
TULP3	6.318825182
TULP3P1	0
TULP4	1.468193596
TUNAR	0.006979754
TUSC1	5.240781367
TUSC2	10.42255921
TUSC3	13.87309823
TUSC5	0
TUSC7	0
TUSC8	0
TUT1	1.581897388
TVP23A	0.165483998
TVP23B	6.087531104
TVP23BP1	0
TVP23BP2	0
TVP23C	0.254592133
TVP23C-CDRT4	0.125414702
TVP23CP1	0
TVP23CP2	0
TWF1	42.3217505
TWF1P1	0.601682711
TWF2	16.71608143
TWIST1	3.940453744
TWIST2	1.861386573
TWISTNB	7.518932205
TWNK	1.778456353
TWSG1	20.788876
TXK	0.118860863
TXLNA	14.85172855
TXLNB	0.122926794
TXLNG	4.39790835
TXLNGY	0.433149635
TXN	808.7255372
TXN2	42.95001967
TXNDC11	11.37423063
TXNDC12	37.00187381
TXNDC12-AS1	0
TXNDC15	11.29171953
TXNDC16	3.795781212
TXNDC17	34.82237466
TXNDC2	0.02147015
TXNDC5	4.227614675
TXNDC8	0.045481186
TXNDC9	25.05143637
TXNIP	26.27120358
TXNL1	13.73209881
TXNL1P1	0
TXNL4A	13.68082954
TXNL4B	5.551986698
TXNP1	0.392597033
TXNP2	0
TXNP3	0.080649778
TXNP4	1.801091658
TXNP5	1.541306871
TXNP6	1.096316661
TXNP7	0.08285182
TXNRD1	80.79918702
TXNRD2	2.350573109
TXNRD3	5.837866691
TXNRD3NB	0
TYK2	6.852932986
TYMP	66.8683951
TYMS	7.400613021
TYMSOS	0.646685619
TYMSP1	0
TYMSP2	0
TYR	0
TYRL	0
TYRO3	1.202134866
TYRO3P	0
TYROBP	54.30557701
TYRP1	0.090846877
TYSND1	12.48896113
TYW1	2.789507892
TYW1B	0.722753705
TYW3	2.908231698
TYW5	1.172610584
U2AF1	0.056800321
U2AF1L4	1.705623586
U2AF1L5	0
U2AF2	36.76438265
U2SURP	12.17709369
U40455.1	0.224514064
U47924.1	0.167803571
U47924.2	1.1064532
U47924.3	0.157975596
U51244.1	0.19472393
U52111.1	0.06699793
U52112.1	0
U62317.1	1.85545859
U62317.2	15.92833118
U62317.3	4.031734289
U62317.4	0.325119418
U62317.5	0.670596221
U62631.1	0
U73023.1	0
U73166.1	0.14796546
U73169.1	0.066146003
U73479.1	0.144497519
U82695.1	0
U85056.1	0
U91319.1	0
U91324.1	0
U91328.1	0.205725282
U91328.2	0
U91328.3	0.093909413
U95743.1	0
UACA	2.25128471
UAP1	22.83472812
UAP1L1	3.115435439
UBA1	23.05746711
UBA2	33.74381692
UBA3	17.47652801
UBA5	6.532041361
UBA52	97.71119562
UBA52P3	0.317743236
UBA52P5	0.345150472
UBA52P6	0.571937825
UBA52P7	0.319415569
UBA52P8	0.189652994
UBA52P9	0
UBA6	5.022021896
UBA6-AS1	1.114717364
UBA7	5.693679144
UBAC1	20.25002494
UBAC2	18.36358478
UBAC2-AS1	0.90468012
UBALD1	3.105718439
UBALD2	37.54137215
UBAP1	38.83918166
UBAP1L	0.09669281
UBAP2	2.831618114
UBAP2L	36.72236033
UBASH3A	0.581168929
UBASH3B	1.632560585
UBB	210.2585986
UBBP1	0.975129136
UBBP2	0.21017821
UBBP3	0
UBBP5	0.182523182
UBC	231.2345831
UBD	36.98285723
UBDP1	0
UBE2A	42.44086042
UBE2B	20.68329849
UBE2C	34.03489622
UBE2CP1	0
UBE2CP2	0.237995914
UBE2CP3	0
UBE2CP4	0.045374922
UBE2D1	8.976255527
UBE2D2	29.22490769
UBE2D3	33.56004751
UBE2D3P1	0.54674737
UBE2D3P2	0.381863107
UBE2D3P3	0.057119019
UBE2D3P4	0
UBE2D4	3.456167269
UBE2DNL	0
UBE2E1	38.10334711
UBE2E1-AS1	0.124810196
UBE2E2	8.081974865
UBE2E2-AS1	0
UBE2E3	17.57999686
UBE2F	7.950568548
UBE2FP1	0.651693509
UBE2FP2	0
UBE2FP3	0.138982347
UBE2F-SCLY	0.015195983
UBE2G1	16.21046326
UBE2G2	4.044835265
UBE2H	25.1148986
UBE2HP1	0
UBE2I	7.125419147
UBE2J1	17.23622995
UBE2J2	8.90242101
UBE2K	17.9486581
UBE2L2	0.056586441
UBE2L3	37.21033248
UBE2L4	0.052318067
UBE2L5	0.469849998
UBE2L6	108.4500907
UBE2M	41.15314599
UBE2MP1	1.809634385
UBE2N	23.42754482
UBE2NL	0.020485724
UBE2NP1	0.053003457
UBE2O	10.06731541
UBE2Q1	41.06604909
UBE2Q1-AS1	0.168580439
UBE2Q2	28.34041997
UBE2Q2L	0.535133097
UBE2Q2P1	0.460009389
UBE2Q2P10	0
UBE2Q2P11	0
UBE2Q2P12	0
UBE2Q2P2	2.722006097
UBE2Q2P4Y	0
UBE2Q2P5Y	0
UBE2Q2P6	0.318716629
UBE2Q2P8	0
UBE2Q2P9	0
UBE2QL1	0.39362771
UBE2R2	20.43914749
UBE2R2-AS1	0.075040443
UBE2S	17.57106418
UBE2SP1	1.778032254
UBE2SP2	0.390753855
UBE2T	38.22549583
UBE2U	0
UBE2V1	1.874328966
UBE2V1P1	0.21820749
UBE2V1P10	0
UBE2V1P11	0
UBE2V1P12	0
UBE2V1P13	0
UBE2V1P14	0
UBE2V1P15	0
UBE2V1P2	0.2758589
UBE2V1P3	0
UBE2V1P4	0
UBE2V1P5	0
UBE2V1P6	0
UBE2V1P7	0
UBE2V1P8	0
UBE2V1P9	0
UBE2V2	10.99493566
UBE2V2P1	0
UBE2V2P2	0
UBE2V2P3	0.111101067
UBE2V2P4	0
UBE2W	6.892770108
UBE2WP1	0.071398774
UBE2Z	31.90047091
UBE3A	4.815503249
UBE3AP2	0
UBE3B	2.976697629
UBE3C	10.20522349
UBE3D	0.379661921
UBE4A	4.455691749
UBE4B	4.393433773
UBFD1	8.903018744
UBFD1P1	0
UBIAD1	3.20044092
UBL3	8.195224262
UBL4A	43.1883855
UBL4B	0.016424617
UBL5	97.80633736
UBL5P1	0
UBL5P2	0.997626708
UBL5P3	0
UBL5P4	0
UBL7	18.11975893
UBL7-AS1	3.023800717
UBLCP1	16.36515401
UBN1	4.837515355
UBN2	0.99555669
UBOX5	3.396942101
UBOX5-AS1	0.05988057
UBP1	6.404674876
UBQLN1	20.39394577
UBQLN1P1	0
UBQLN2	19.66723964
UBQLN3	0
UBQLN4	22.14724431
UBQLN4P1	0.283057883
UBQLN4P2	0
UBQLNL	0.02099056
UBR1	1.699388632
UBR2	4.728795735
UBR3	6.050200011
UBR4	3.422685066
UBR5	7.996007923
UBR5-AS1	1.494674975
UBR7	14.0698494
UBTD1	7.114766477
UBTD2	7.74377132
UBTF	9.796324302
UBTFL1	0
UBTFL10	0
UBTFL11	0
UBTFL2	0
UBTFL3	0
UBTFL5	0
UBTFL6	0.094826497
UBTFL7	0
UBTFL8	0
UBTFL9	0
UBXN1	18.52307535
UBXN10	0.405246677
UBXN10-AS1	0.380793462
UBXN11	1.501742074
UBXN2A	6.368637898
UBXN2B	5.314506159
UBXN4	41.75096394
UBXN6	24.9198641
UBXN7	6.093083238
UBXN7-AS1	0.062890112
UBXN8	3.176879246
UCA1	0.073914346
UCHL1	225.1076321
UCHL1-AS1	0
UCHL3	7.620366805
UCHL5	7.831891358
UCK1	8.850473048
UCK2	16.06874011
UCKL1	8.451152201
UCKL1-AS1	0.074134207
UCMA	0
UCN	0.152676624
UCN2	1.540786511
UCN3	0.060688958
UCP1	0
UCP2	14.94631985
UCP3	0.144968195
UEVLD	10.91190767
UFC1	61.31879947
UFD1	16.93399773
UFL1	7.348458106
UFL1-AS1	0.04429851
UFM1	19.63873631
UFSP1	2.364188325
UFSP2	5.473135806
UGCG	17.46895165
UGDH	89.5465951
UGDH-AS1	0.418094006
UGGT1	9.067247974
UGGT2	2.229360943
UGP2	22.45164409
UGT1A1	0.065213118
UGT1A10	29.38137582
UGT1A11P	0.028593149
UGT1A12P	0
UGT1A13P	0.095573162
UGT1A2P	0.084095554
UGT1A3	0.010912827
UGT1A4	0.019251057
UGT1A5	0.031056183
UGT1A6	5.862693939
UGT1A7	20.44811545
UGT1A8	0.010085411
UGT1A9	0.110526248
UGT2A1	0.01476168
UGT2A2	0
UGT2A3	0
UGT2A3P7	0
UGT2B10	0
UGT2B11	0
UGT2B15	0.044318728
UGT2B17	0.409073381
UGT2B24P	0
UGT2B25P	0
UGT2B26P	0.015049959
UGT2B27P	0
UGT2B28	0.009354753
UGT2B29P	0
UGT2B4	0.019506294
UGT2B7	0.042984654
UGT3A1	0
UGT3A2	0.090109811
UGT8	1.513672246
UHMK1	25.17613752
UHRF1	2.335551738
UHRF1BP1	3.540393394
UHRF1BP1L	2.414349117
UHRF2	3.617230769
UHRF2P1	0
UIMC1	5.27618711
ULBP1	0.293593941
ULBP2	1.655562384
ULBP3	1.474225701
ULK1	5.810441251
ULK2	2.093870787
ULK3	11.09523954
ULK4	0.387435209
ULK4P1	0
ULK4P2	0
ULK4P3	0
UMAD1	4.10407155
UMOD	0
UMODL1	0.09672876
UMODL1-AS1	0.102045889
UMPS	6.988959306
UNC119	11.58865595
UNC119B	6.401838115
UNC13A	0.008662117
UNC13B	3.328428617
UNC13C	0.001803937
UNC13D	0.964509756
UNC45A	18.90439189
UNC45B	0.017098491
UNC50	33.97493059
UNC5A	0.066874885
UNC5B	4.925377797
UNC5B-AS1	0.41203253
UNC5C	0.358965105
UNC5CL	0.456715373
UNC5D	0.002244414
UNC79	0.029100435
UNC80	0.006302727
UNC93A	0.062960016
UNC93B1	5.952581003
UNC93B2	0.133016894
UNC93B3	0.035335638
UNC93B4	0
UNC93B5	0.104187052
UNC93B6	0.021219915
UNC93B7	0
UNC93B8	0
UNCX	0
UNG	21.13592851
UNGP1	0
UNGP3	0.071927654
UNK	7.415483089
UNKL	2.212466418
UOX	0.026647182
UPB1	0.007147235
UPF1	10.78287534
UPF2	4.735095135
UPF3A	1.745385834
UPF3AP1	0
UPF3AP2	0.032983129
UPF3AP3	0.189406371
UPF3B	6.713910807
UPK1A	0.035542582
UPK1A-AS1	0.030535325
UPK1B	74.06945383
UPK2	0.153642932
UPK3A	0.092390421
UPK3B	0.127766227
UPK3BL1	0.615029679
UPK3BP1	0
UPP1	11.36078201
UPP2	0.049257186
UPP2-IT1	0
UPRT	1.495204064
UQCC1	4.882320187
UQCC2	15.6194145
UQCC3	13.1906109
UQCR10	100.6876498
UQCR11	45.63945074
UQCRB	11.16451938
UQCRBP1	0.216746279
UQCRBP2	0.08173597
UQCRBP3	0
UQCRC1	60.68145632
UQCRC2	57.32704337
UQCRC2P1	0
UQCRFS1	22.54310994
UQCRFS1P1	0.236834958
UQCRFS1P2	0.067245383
UQCRFS1P3	0
UQCRH	80.6025224
UQCRHL	0.590186197
UQCRHP1	0
UQCRHP2	4.130220756
UQCRHP3	0
UQCRHP4	0
UQCRQ	87.60319161
URAD	0
URAHP	0.269728702
URB1	2.838258574
URB1-AS1	6.046986433
URB2	2.568737768
URGCP	5.016333799
URGCP-MRPS24	0.030535325
URI1	24.73588975
URM1	10.99282079
UROC1	0
UROD	15.61885014
UROS	5.53262577
USB1	5.809691906
USE1	9.396677831
USF1	42.49266258
USF1P1	0
USF2	15.99090316
USF3	0.786332402
USH1C	0.034651118
USH1G	2.012731043
USH2A	0.008286798
USHBP1	0.154800821
USO1	20.00037153
USP1	8.65561494
USP10	14.66659769
USP11	10.1175139
USP12	4.228951456
USP12-AS1	0
USP12-AS2	0
USP12PX	0
USP12PY	0
USP13	2.582876034
USP14	14.40640507
USP15	3.971754449
USP16	6.117924467
USP17L1	0
USP17L10	0
USP17L11	0
USP17L12	0
USP17L13	0
USP17L14P	0
USP17L15	0
USP17L16P	0
USP17L17	0
USP17L18	0
USP17L19	0
USP17L2	0
USP17L20	0
USP17L21	0
USP17L22	0
USP17L23	0
USP17L24	0
USP17L25	0
USP17L26	0
USP17L27	0
USP17L28	0
USP17L29	0
USP17L3	0
USP17L30	0
USP17L4	0
USP17L5	0
USP17L6P	0
USP17L7	0
USP17L8	0
USP17L9P	0
USP18	5.290686056
USP19	5.64637104
USP2	0.272819468
USP20	3.288921617
USP21	12.15713984
USP22	13.88144029
USP24	2.950474455
USP24P1	0
USP25	4.09920049
USP26	0
USP27X	0.806713422
USP27X-AS1	0.558059384
USP28	6.027509734
USP29	0
USP2-AS1	0.214106362
USP3	6.062642434
USP30	1.99972185
USP30-AS1	1.554229413
USP31	3.213984597
USP32	4.013062242
USP32P1	0.022137713
USP32P2	0.00376833
USP32P3	0.099950935
USP33	8.600672805
USP34	2.623772001
USP35	1.122623952
USP36	2.116063291
USP37	1.019104139
USP38	4.479775663
USP39	31.7081378
USP3-AS1	0.341626585
USP4	7.247313326
USP40	3.618494761
USP41	0
USP42	1.712884053
USP43	0.483787274
USP44	0.121693418
USP45	1.329714594
USP46	1.655215274
USP46-AS1	1.598296987
USP47	5.158398262
USP48	3.752401407
USP49	0.402333171
USP5	36.0886613
USP50	0.038189171
USP51	0.661009754
USP53	1.19448058
USP54	1.709872097
USP6	0.017232002
USP6NL	1.772551739
USP7	9.32762402
USP8	3.573294337
USP8P1	0.022879909
USP9X	10.25305216
USP9Y	0.295964661
USP9YP1	0
USP9YP10	0
USP9YP11	0
USP9YP12	0
USP9YP13	0
USP9YP14	0
USP9YP15	0
USP9YP16	0
USP9YP17	0
USP9YP18	0
USP9YP19	0
USP9YP2	0
USP9YP20	0
USP9YP21	0
USP9YP22	0
USP9YP23	0
USP9YP24	0
USP9YP25	0
USP9YP26	0
USP9YP27	0
USP9YP28	0.041214912
USP9YP29	0
USP9YP3	0
USP9YP30	0
USP9YP31	0
USP9YP32	0
USP9YP33	0
USP9YP34	0
USP9YP35	0
USP9YP36	0
USP9YP4	0
USP9YP5	0
USP9YP6	0
USP9YP7	0
USP9YP8	0
USP9YP9	0
USPL1	2.884649791
UST	4.878525052
UST-AS1	0
UTF1	0.020981489
UTP11	11.46725482
UTP14A	7.181105973
UTP14C	5.312616331
UTP15	2.311960306
UTP18	21.51881908
UTP20	1.755765945
UTP23	4.488117156
UTP3	7.600025812
UTP4	9.34958213
UTP6	7.489676063
UTRN	1.542573352
UTS2	0.040662618
UTS2B	0.05044277
UTS2R	0
UTY	0.303741929
UVRAG	6.034500299
UVSSA	0.666570931
UXS1	21.11280967
UXT	44.84049804
UXT-AS1	0.062849406
VAC14	3.98335452
VAC14-AS1	0.020008723
VAMP1	1.322273388
VAMP2	7.242562313
VAMP3	39.79964278
VAMP4	11.03435601
VAMP5	54.27178617
VAMP7	24.59416043
VAMP8	238.8570264
VANGL1	2.536854702
VANGL2	28.39879557
VAPA	10.81979909
VAPB	4.648711118
VARS	8.978093514
VARS2	4.135009973
VASH1	1.336613164
VASH1-AS1	0.368809729
VASH2	0.173664199
VASN	2.699209538
VASP	21.23523664
VAT1	22.04980138
VAT1L	0.181905506
VAV1	3.231105501
VAV2	3.093192934
VAV3	4.440451888
VAV3-AS1	0.03921742
VAX1	0.490712377
VAX2	2.920689175
VBP1	55.88917722
VCAM1	6.252497711
VCAN	12.87190253
VCAN-AS1	0
VCL	17.86898665
VCP	64.48787701
VCPIP1	2.956923283
VCPKMT	5.256756463
VCX	0
VCX2	0
VCX3A	0
VCX3B	0
VCY	0
VCY1B	0
VDAC1	71.36085133
VDAC1P1	0.114507468
VDAC1P10	0
VDAC1P11	0.028492469
VDAC1P12	0
VDAC1P13	0
VDAC1P2	0.114238039
VDAC1P3	0
VDAC1P4	0
VDAC1P5	0.057525079
VDAC1P6	0.028392495
VDAC1P7	0.028660665
VDAC1P8	0.10871075
VDAC1P9	0
VDAC2	74.31230887
VDAC2P1	0.025339857
VDAC2P2	0
VDAC2P3	0.087955012
VDAC2P4	0
VDAC3	108.7802718
VDAC3P1	0.228476077
VDR	4.500865976
VEGFA	8.868468902
VEGFB	38.71523434
VEGFC	1.344185186
VEGFD	0.214229485
VENTX	0.058374814
VENTXP1	0
VENTXP2	0
VENTXP3	0
VENTXP4	0
VENTXP5	0
VENTXP6	0
VENTXP7	0
VEPH1	0.148157359
VEZF1	9.150901714
VEZF1P1	0
VEZT	9.289423246
VGF	0.017955313
VGLL1	0.283556455
VGLL2	0
VGLL3	1.298305341
VGLL4	6.170787908
VHL	6.879906566
VHLL	0.071821252
VIL1	0.007016065
VILL	0.663492623
VIM	69.8198043
VIM2P	0
VIM-AS1	0.767751879
VIP	0.015325494
VIPAS39	8.455392585
VIPR1	0.410949066
VIPR1-AS1	0.004671076
VIPR2	0.055784565
VIRMA	5.4541743
VIT	0.039259703
VKORC1	20.95167862
VKORC1L1	15.8188408
VLDLR	9.142009442
VLDLR-AS1	0.217486027
VMA21	21.43416635
VMAC	3.155610418
VMO1	1.179013382
VMP1	45.15693726
VN1R1	0.092851785
VN1R104P	0
VN1R105P	0
VN1R107P	0
VN1R108P	0.087743072
VN1R10P	0
VN1R110P	0
VN1R11P	0
VN1R12P	0
VN1R13P	0
VN1R17P	0
VN1R2	0
VN1R20P	0.050260007
VN1R21P	0
VN1R25P	0
VN1R28P	0
VN1R3	0
VN1R31P	0
VN1R32P	0
VN1R33P	0
VN1R34P	0
VN1R35P	0
VN1R36P	0
VN1R37P	0
VN1R38P	0
VN1R4	0
VN1R40P	0
VN1R42P	0.070568556
VN1R46P	0
VN1R48P	0
VN1R5	0
VN1R51P	0
VN1R53P	0
VN1R54P	0
VN1R64P	0
VN1R65P	0
VN1R66P	0
VN1R67P	0
VN1R68P	0
VN1R69P	0
VN1R6P	0
VN1R70P	0
VN1R71P	0
VN1R74P	0
VN1R76P	0
VN1R78P	0
VN1R79P	0
VN1R7P	0
VN1R80P	0
VN1R81P	0.522055553
VN1R82P	0
VN1R83P	0.327311234
VN1R84P	0
VN1R85P	0
VN1R87P	0
VN1R88P	0
VN1R8P	0
VN1R90P	0
VN1R91P	0
VN1R92P	0
VN1R93P	0
VN1R96P	0
VN1R9P	0
VN2R10P	0
VN2R17P	0
VN2R19P	0.023075649
VN2R1P	0
VN2R3P	0
VN2R9P	0.025472805
VNN1	0.531468016
VNN2	1.74253142
VNN3	0.176733315
VOPP1	9.766351339
VPREB1	0
VPREB3	2.46735436
VPS11	4.290453509
VPS13A	1.111849598
VPS13A-AS1	0
VPS13B	1.370911137
VPS13C	1.965872314
VPS13D	1.258455545
VPS16	7.85853452
VPS18	5.86355159
VPS25	27.90076391
VPS25P1	0
VPS26A	34.33990636
VPS26AP1	0
VPS26B	6.976000545
VPS26BP1	0
VPS26C	3.928045666
VPS28	19.25171617
VPS29	29.71131798
VPS33A	1.892607124
VPS33B	4.525956193
VPS33B-DT	0.028317974
VPS35	12.84737791
VPS35L	4.287435349
VPS35P1	0.01599182
VPS36	9.314144327
VPS37A	8.087089928
VPS37B	3.286766349
VPS37C	10.7891481
VPS37D	3.896634207
VPS39	5.210213157
VPS41	7.057687827
VPS45	7.93550285
VPS4A	6.8716598
VPS4B	25.08570697
VPS50	1.843650175
VPS51	9.813745409
VPS52	9.466560988
VPS53	1.369487182
VPS54	7.057132815
VPS72	19.36705495
VPS8	6.027913487
VPS9D1	4.588850037
VPS9D1-AS1	3.26813328
VRK1	12.09355767
VRK2	12.38338386
VRK3	3.03816507
VRTN	0.019493241
VSIG1	0.450859863
VSIG10	1.910066847
VSIG10L	3.115720572
VSIG2	0.474662242
VSIG4	10.74238856
VSIG8	0.06676453
VSIR	7.93406347
VSNL1	16.49827662
VSTM1	0.02185021
VSTM2A	0.004068306
VSTM2A-OT1	0
VSTM2B	0
VSTM2L	3.246657888
VSTM4	1.33848924
VSTM5	1.374922614
VSX1	0.037841907
VSX2	0.01621074
VTA1	8.704712021
VTA1P1	0.056063703
VTA1P2	0
VTCN1	3.095597992
VTI1A	1.992168461
VTI1B	13.15888411
VTI1BP1	0.485511664
VTI1BP2	0.034878712
VTI1BP3	0
VTI1BP4	0
VTN	0.060013803
VTRNA1-1	0
VTRNA1-2	0
VTRNA1-3	0
VTRNA2-1	0
VTRNA2-2P	0
VTRNA3-1P	0
VWA1	18.10244379
VWA2	0.080894097
VWA3A	0.067445558
VWA3B	0.078902221
VWA5A	6.278364174
VWA5B1	0
VWA5B2	0.343162695
VWA7	2.242054965
VWA8	2.897295469
VWA8-AS1	1.027478173
VWA8P1	0
VWC2	0.511336296
VWC2L	0
VWC2L-IT1	0
VWCE	0.124515712
VWDE	0.273053555
VWF	5.969022724
VWFP1	0.050104403
WAC	8.652209837
WAC-AS1	7.596946022
WAPL	3.678017622
WARS	60.87222763
WARS2	2.006663754
WARS2-IT1	0
WARS2P1	0
WARSP1	0
WAS	3.813132349
WASF1	6.768866609
WASF1P1	0
WASF2	41.14788339
WASF3	0.357408819
WASF3-AS1	0
WASF4P	0.032497434
WASF5P	0
WASH2P	0.287236448
WASH3P	1.373310322
WASH4P	0.272759362
WASH6P	0.746455785
WASH7P	0.377340672
WASHC1	1.195841538
WASHC2A	3.552639141
WASHC2C	3.052541769
WASHC3	4.868223399
WASHC4	4.859531533
WASHC5	9.702114363
WASHC5-AS1	0.082710675
WASIR1	0
WASIR2	0.138191176
WASL	14.14387983
WBP1	6.044002877
WBP11	19.70821102
WBP11P1	0.02450429
WBP1L	8.993476988
WBP1LP1	0
WBP1LP10	0
WBP1LP11	0
WBP1LP12	0
WBP1LP2	0.282274223
WBP1LP3	0
WBP1LP4	0
WBP1LP5	0
WBP1LP6	0
WBP1LP7	0
WBP1LP8	0
WBP2	20.52116351
WBP2NL	0.117842637
WBP2P1	0.031485841
WBP4	2.341487821
WDCP	2.858549311
WDFY1	8.867893434
WDFY2	2.447491967
WDFY3	1.896709961
WDFY3-AS1	0
WDFY3-AS2	0.129146259
WDFY4	0.372433699
WDHD1	3.988267313
WDPCP	0.653478251
WDR1	34.56952224
WDR11	3.655785901
WDR11-AS1	0
WDR12	3.492716908
WDR13	4.492399279
WDR17	0.083944768
WDR18	11.34989084
WDR19	0.547178704
WDR20	3.955382964
WDR24	2.917149916
WDR25	3.361057515
WDR26	16.18989855
WDR27	0.675374972
WDR3	2.357862
WDR31	0.369079412
WDR33	4.572068005
WDR34	10.683494
WDR35	0.740411484
WDR36	5.441078997
WDR37	2.93143977
WDR38	0.822604478
WDR4	4.246897137
WDR41	5.832183686
WDR43	24.13451445
WDR44	6.655276503
WDR45	5.375307713
WDR45B	29.62142029
WDR45BP1	0.212322885
WDR45P1	0
WDR46	10.442787
WDR47	3.929757537
WDR48	4.185333592
WDR49	0.24955624
WDR5	9.826627651
WDR53	10.23978413
WDR54	5.839720718
WDR55	2.524028066
WDR59	2.07664191
WDR5B	2.473238183
WDR6	10.49012759
WDR60	1.212504756
WDR61	15.60454099
WDR62	0.866719033
WDR63	0.136136332
WDR64	0.009830161
WDR66	6.177732968
WDR7	1.234351689
WDR70	4.924780911
WDR72	11.02766228
WDR73	0.890222406
WDR74	6.007449485
WDR75	8.908075247
WDR76	4.65510203
WDR77	8.991918347
WDR78	0.191916156
WDR7-OT1	0
WDR81	2.62297784
WDR82	18.66243753
WDR82P1	0
WDR82P2	0
WDR83	1.604657196
WDR83OS	38.57039201
WDR86	0.522249194
WDR86-AS1	0.860581975
WDR87	0.005277874
WDR88	0.145046939
WDR89	4.690203052
WDR90	1.090027612
WDR91	9.179808574
WDR92	0.232102904
WDR93	0.053707043
WDR95P	0
WDR97	0.032486562
WDSUB1	5.3326691
WDTC1	6.508145235
WDYHV1	7.480796517
WEE1	5.882999332
WEE2	0.007930605
WEE2-AS1	0.076207596
WFDC1	0.207247438
WFDC10A	0
WFDC10B	0.154130687
WFDC11	0.037118629
WFDC12	0.125293333
WFDC13	0.017693574
WFDC2	25.29438483
WFDC21P	5.831441283
WFDC3	0.080750381
WFDC5	0.232524743
WFDC6	0.061301978
WFDC8	0
WFDC9	0
WFIKKN1	0.014929633
WFIKKN2	0
WFS1	8.993745876
WHAMM	3.444924653
WHAMMP2	0.134925128
WHAMMP3	0.116886148
WHRN	0.744649792
WIF1	1.219930069
WIPF1	4.62037194
WIPF2	5.696080465
WIPF3	1.292829906
WIPI1	8.669851149
WIPI2	6.833507719
WISP1	6.144678062
WISP2	0.287544551
WISP3	0.030325526
WIZ	7.393919006
WIZP1	0
WLS	13.28665844
WNK1	7.250577813
WNK2	2.266064443
WNK3	0.035973232
WNK4	0.023851035
WNT1	0
WNT10A	0.270361126
WNT10B	0.110805249
WNT11	0.829070314
WNT16	0.372210721
WNT2	6.02648422
WNT2B	0.37299479
WNT3	2.509335783
WNT3A	0.413976521
WNT4	1.5336463
WNT5A	40.63444457
WNT5A-AS1	5.340628308
WNT5B	0.321418872
WNT6	0.199564395
WNT7A	0.323391696
WNT7B	16.26382372
WNT8A	0
WNT8B	0
WNT9A	11.44394152
WNT9B	0.007327372
WRAP53	1.994730447
WRAP73	1.676049604
WRB	4.027003909
WRBP1	0
WRN	2.912725285
WRNIP1	16.77438417
WSB1	9.270552298
WSB2	34.28347639
WSCD1	0.010691735
WSCD2	0.014808957
WSPAR	0
WT1	0.56070518
WT1-AS	0.113498501
WTAP	26.61153557
WTAPP1	0.160331081
WTIP	0.176768246
WWC1	1.002247183
WWC2	1.108307281
WWC2-AS1	0
WWC2-AS2	0.077841998
WWC3	7.677827135
WWC3-AS1	0
WWOX	2.101631539
WWOX-AS1	0
WWP1	7.566962888
WWP1P1	0.017533827
WWP2	3.554494714
WWTR1	13.56466382
WWTR1-AS1	0.177194038
WWTR1-IT1	0.269130634
XAB2	7.039036007
XACT	0
XAF1	0.800011662
XAGE1A	0
XAGE1B	0
XAGE2	0.039280879
XAGE3	0
XAGE5	0
XBP1	0
XBP1P1	0.074464979
XCL1	3.800274183
XCL2	2.577938041
XCR1	0.242621043
XDH	1.13395966
XG	0.918866704
XGY1	0
XIAP	7.913436657
XIAP-AS1	0.100728561
XIAPP1	0.040459305
XIAPP2	0
XIAPP3	0
XIRP1	0.281532201
XIRP2	0
XIRP2-AS1	0
XIST	0
XK	0.820688176
XKR3	0
XKR4	0.002441598
XKR5	0.11580481
XKR6	0.15379041
XKR7	0.006189593
XKR8	2.247903076
XKR9	0.068381925
XKRX	1.094273028
XKRY	0
XKRY2	0
XKRYP1	0
XKRYP2	0
XKRYP3	0
XKRYP4	0
XKRYP5	0
XKRYP6	0
XPA	5.403403139
XPC	3.511307785
XPNPEP1	8.22489122
XPNPEP2	0.187268785
XPNPEP3	3.443309172
XPO1	22.3182762
XPO4	1.942046657
XPO5	6.152928861
XPO6	18.01856453
XPO7	9.55001233
XPOT	23.53386591
XPOTP1	0.111355886
XPR1	13.67154602
XRCC1	5.810980892
XRCC2	1.235538647
XRCC3	3.181986664
XRCC4	3.646780439
XRCC5	51.54617707
XRCC6	165.9200674
XRCC6P1	0.04034723
XRCC6P2	0.293119007
XRCC6P3	0
XRCC6P4	0
XRCC6P5	0.040572005
XRN1	4.834046199
XRN2	53.74954562
XRRA1	1.926336727
XXYLT1	17.37752971
XXYLT1-AS1	0.506914731
XXYLT1-AS2	0.123855016
XYLB	1.113142034
XYLT1	0.858160839
XYLT2	10.6604946
YAE1D1	7.304408652
YAF2	2.324758315
YAP1	12.565776
YAP1P1	0
YAP1P2	0
YARS	11.41354442
YARS2	12.34084017
YBEY	5.319939654
YBX1	222.4674821
YBX1P1	1.264353293
YBX1P10	3.859195281
YBX1P2	0.923395558
YBX1P3	0
YBX1P4	0
YBX1P5	0
YBX1P6	0.363406934
YBX1P7	0
YBX1P8	0
YBX1P9	0
YBX2	0.29963366
YBX2P1	0
YBX3	35.05721274
YBX3P1	0.222711773
YDJC	21.03699344
YEATS2	10.25745609
YEATS2-AS1	0.319122616
YEATS4	20.69231452
YES1	10.29570324
YES1P1	0.104379043
YIF1A	52.7010135
YIF1B	12.03515447
YIPF1	14.05059058
YIPF2	27.86196803
YIPF3	47.01654883
YIPF4	6.687543157
YIPF5	25.73172466
YIPF6	6.284221599
YIPF7	0.013389732
YJEFN3	0.328159286
YKT6	33.88889753
YLPM1	4.278742888
YME1L1	25.36111714
YME1L1P1	0
YOD1	1.790608117
YPEL1	0.144221585
YPEL2	1.456478975
YPEL3	5.761730691
YPEL4	0.043543647
YPEL5	79.07127267
YPEL5P1	0
YPEL5P2	0.135240018
YPEL5P3	0
YRDC	14.01230269
YRDCP1	0
YRDCP2	0.037812435
YRDCP3	0
YTHDC1	6.068895804
YTHDC2	2.406011946
YTHDF1	14.78155779
YTHDF1P1	0
YTHDF2	22.35693774
YTHDF2P1	1.069577231
YTHDF3	16.24018004
YTHDF3-AS1	1.217160161
YWHAB	57.01166345
YWHABP1	0
YWHABP2	0.034047101
YWHAE	187.1056194
YWHAEP1	0.063631935
YWHAEP2	0
YWHAEP3	0
YWHAEP4	0
YWHAEP5	0.317327885
YWHAEP7	0.016205329
YWHAG	100.9152178
YWHAH	68.49217752
YWHAQ	339.8581651
YWHAQP5	0
YWHAQP6	0
YWHAQP7	0
YWHAQP9	0
YWHAZ	189.6049322
YWHAZP1	0.033622691
YWHAZP2	1.633933486
YWHAZP3	2.072305884
YWHAZP4	3.360179598
YWHAZP5	4.788608196
YWHAZP6	0.460512419
YWHAZP7	0.038471606
YWHAZP8	0
YY1	14.40945169
YY1AP1	16.09634752
YY1P1	0
YY1P2	0
YY2	0.168272923
Z68323.1	0
Z68694.1	0
Z68868.1	0
Z68871.1	0.364240878
Z69666.1	0.030306596
Z69706.1	0.133138482
Z69720.1	0
Z69720.2	0
Z69733.1	0.384107329
Z69890.1	0.21482817
Z69908.1	0
Z70280.1	0
Z73361.1	0
Z73417.1	0.405633139
Z73429.1	0
Z73495.1	0
Z73965.1	0.063410318
Z74021.1	1.908645364
Z74696.1	0
Z74696.2	0
Z75741.1	0
Z75741.2	0
Z75746.1	0.011670953
Z77249.1	0
Z80107.1	0
Z80107.2	0
Z82170.1	0
Z82173.1	0
Z82180.1	0
Z82185.1	0.04421782
Z82186.1	0.011125382
Z82188.1	0
Z82188.2	0.115598015
Z82190.1	0
Z82195.1	0
Z82195.2	0.002706912
Z82196.1	0
Z82196.2	0
Z82198.1	0
Z82198.2	0
Z82198.3	0
Z82202.1	0
Z82205.1	0
Z82206.1	0.113172882
Z82209.1	0
Z82209.2	0
Z82210.1	0.105089105
Z82214.1	0
Z82214.2	0
Z82217.1	0.062558258
Z82243.1	0.25661293
Z82246.1	0
Z82249.1	0
Z83313.1	0
Z83818.1	0
Z83820.1	0
Z83836.1	0
Z83838.1	0.026243874
Z83839.1	0
Z83839.2	0
Z83841.1	0
Z83843.1	0.349146787
Z83844.1	0.00897987
Z83844.2	0.024962039
Z83846.1	0
Z83847.1	0.033186033
Z83851.1	5.21145548
Z83851.2	0.626229006
Z84468.1	0
Z84478.1	0
Z84480.1	0.078056538
Z84484.1	0.268981532
Z84485.1	0.149337149
Z84488.1	0
Z84492.1	0.424115847
Z84492.2	0.059498978
Z84721.1	0
Z84723.1	0
Z85994.1	0
Z85994.2	0
Z85995.1	0
Z85996.1	0
Z86062.1	0
Z86062.2	0
Z92544.1	0.019054618
Z92544.2	0.020491488
Z92544.3	0
Z92545.1	0.103741809
Z92846.1	0
Z93015.1	0
Z93019.1	0.024949212
Z93022.1	0
Z93241.1	0.036559613
Z93242.1	0
Z93242.2	0
Z93403.1	0.074237258
Z93929.1	0
Z93929.2	0
Z93930.1	0
Z93930.2	0.776158103
Z93930.3	0.259285268
Z94057.1	0
Z94160.1	0
Z94160.2	0
Z94721.1	0
Z94721.2	0
Z94722.1	0
Z95114.1	0
Z95114.2	0
Z95114.3	0.050547805
Z95114.4	0.006784679
Z95115.1	0.669012136
Z95118.1	0
Z95152.1	0.074010924
Z95327.1	0
Z95327.2	0
Z95331.1	0.019956563
Z95624.1	0
Z96811.1	0.674321756
Z97055.1	0
Z97055.2	0.122542066
Z97056.1	0
Z97180.1	0.049140857
Z97192.1	0
Z97192.2	0.030612337
Z97192.3	0.01631972
Z97198.1	0
Z97200.1	0.106836308
Z97205.1	0
Z97205.2	0
Z97206.1	0.029020422
Z97206.2	0.082429824
Z97353.1	0.461992068
Z97633.1	0.10261418
Z97634.1	0.1483449
Z97652.1	0
Z97653.1	0
Z97653.2	0.017119593
Z97832.1	0
Z97832.2	0.017091469
Z97985.1	1.026451722
Z97986.1	0
Z97987.1	0
Z97989.1	0.060162536
Z98043.1	0.07160939
Z98048.1	0
Z98200.1	0.154950531
Z98257.1	0.064391467
Z98259.1	0
Z98742.1	0
Z98742.2	0
Z98742.3	0
Z98747.1	0
Z98749.1	0.134615064
Z98749.2	0.687104277
Z98751.1	0
Z98751.2	0
Z98751.3	0
Z98752.1	0
Z98752.2	0.077806356
Z98752.3	0
Z98755.1	0
Z98884.1	0
Z98884.2	0.67946925
Z98885.1	0
Z98885.2	0.015491757
Z98885.3	0.013816496
Z98941.1	0
Z98949.1	0
Z98949.2	0
Z98949.3	0
Z99127.1	0.025000601
Z99127.2	0
Z99127.3	0
Z99129.1	0.095198366
Z99129.2	0
Z99129.3	0
Z99129.4	0.528380251
Z99289.1	0.032174398
Z99289.2	0
Z99289.3	0
Z99496.1	0.016435737
Z99497.1	0
Z99497.2	0
Z99714.1	0.120325072
Z99716.1	0
Z99755.1	0
Z99755.2	0
Z99756.1	0
Z99758.1	0
Z99774.1	0
Z99916.1	0
Z99916.2	0.197362465
Z99916.3	0
Z99943.1	1.250970166
Z99943.2	1.642708639
ZACN	0.050726782
ZACNP1	0
ZADH2	4.446208328
ZAN	0.027457961
ZAP70	0.997431516
ZAR1	0
ZAR1L	0
ZBBX	0.116121873
ZBED1	9.648969986
ZBED1P1	0
ZBED2	1.733219918
ZBED3	1.069556706
ZBED3-AS1	0.121711642
ZBED4	4.310650495
ZBED5	6.167702725
ZBED5-AS1	4.331883522
ZBED6	0.514071174
ZBED6CL	1.688448338
ZBED8	2.996063433
ZBED9	0.841975929
ZBP1	0.52548441
ZBTB1	6.456027716
ZBTB10	1.475639896
ZBTB11	3.803698449
ZBTB11-AS1	1.070851465
ZBTB12	2.09741039
ZBTB12BP	0.19472393
ZBTB14	3.558847637
ZBTB16	0.007619455
ZBTB17	2.988644915
ZBTB18	2.069577371
ZBTB2	4.187341701
ZBTB20	0.085033448
ZBTB20-AS1	0
ZBTB20-AS2	0
ZBTB20-AS3	0.052318067
ZBTB20-AS4	0
ZBTB20-AS5	0
ZBTB21	2.583533912
ZBTB22	8.249070983
ZBTB24	1.539491597
ZBTB25	1.615857776
ZBTB26	1.855292151
ZBTB3	1.029609563
ZBTB32	0.368077435
ZBTB33	11.47755789
ZBTB34	1.451537295
ZBTB37	0.527567391
ZBTB38	10.65532676
ZBTB39	1.168532936
ZBTB4	10.41360482
ZBTB40	1.390338674
ZBTB40-IT1	0
ZBTB41	7.025799488
ZBTB42	2.685544674
ZBTB43	1.359735589
ZBTB44	3.972899299
ZBTB45	3.330967972
ZBTB45P1	0.016672791
ZBTB45P2	0.015856031
ZBTB46	0.626440921
ZBTB46-AS1	0
ZBTB47	1.778454523
ZBTB48	4.754844414
ZBTB49	0.789859752
ZBTB5	6.820457788
ZBTB6	5.492454167
ZBTB7A	5.639567804
ZBTB7B	13.85000158
ZBTB7C	3.81210453
ZBTB8A	0.6038873
ZBTB8B	0.011349034
ZBTB8OS	4.578742119
ZBTB8OSP1	0
ZBTB8OSP2	0.096331679
ZBTB9	0.016108549
ZC2HC1A	6.828052108
ZC2HC1B	0
ZC2HC1C	0.983736228
ZC3H10	0.820276087
ZC3H11A	10.0455867
ZC3H11B	0.049826731
ZC3H12A	14.70397854
ZC3H12B	0.046510889
ZC3H12C	2.295427614
ZC3H12D	0.183878619
ZC3H13	11.80315985
ZC3H14	2.361942382
ZC3H15	26.27200718
ZC3H18	3.104624773
ZC3H3	6.037990144
ZC3H4	4.114379069
ZC3H6	0.771273719
ZC3H7A	3.543905803
ZC3H7B	5.978366907
ZC3H8	2.394455254
ZC3HAV1	5.214754913
ZC3HAV1L	5.442272792
ZC3HC1	5.111497762
ZC4H2	0.244022874
ZCCHC10	10.19783195
ZCCHC11	1.489593785
ZCCHC12	0.097929291
ZCCHC13	0
ZCCHC14	2.999134977
ZCCHC17	26.42386492
ZCCHC18	0.085956624
ZCCHC2	1.249949424
ZCCHC23	0
ZCCHC24	2.979778578
ZCCHC3	7.071331188
ZCCHC4	1.522741129
ZCCHC6	4.480866561
ZCCHC7	5.67362704
ZCCHC8	2.083956856
ZCCHC9	4.895836366
ZCRB1	20.78212235
ZCWPW1	0.219489903
ZCWPW2	0.19286301
ZDBF2	0.849880186
ZDHHC1	5.218394307
ZDHHC11	0.275819225
ZDHHC11B	0.250780818
ZDHHC12	13.516555
ZDHHC13	7.060964435
ZDHHC14	0.700697978
ZDHHC15	0.081867803
ZDHHC16	8.430993652
ZDHHC17	2.54341906
ZDHHC18	15.61657736
ZDHHC19	0.379305988
ZDHHC2	8.499157421
ZDHHC20	18.96230523
ZDHHC20-IT1	0.11034356
ZDHHC20P1	0.172167257
ZDHHC20P2	0
ZDHHC20P3	0
ZDHHC20P4	0.168747848
ZDHHC21	2.565083905
ZDHHC22	0
ZDHHC23	0.55094487
ZDHHC24	5.815137314
ZDHHC3	14.67892737
ZDHHC4	13.82691358
ZDHHC4P1	0
ZDHHC5	37.40380431
ZDHHC6	11.13386541
ZDHHC7	8.303024409
ZDHHC8	5.711901934
ZDHHC8P1	0.74259967
ZDHHC9	20.00200639
ZEB1	2.556653909
ZEB1-AS1	2.636033051
ZEB2	1.127400395
ZEB2-AS1	0.063335476
ZEB2P1	0.037578302
ZER1	8.127043077
ZFAND1	9.430263343
ZFAND2A	13.94169838
ZFAND2B	2.537641944
ZFAND3	22.12229809
ZFAND4	1.351673199
ZFAND5	40.20116433
ZFAND6	21.67513262
ZFAND6P1	0
ZFAS1	37.80410708
ZFAT	0.894650707
ZFAT-AS1	0
ZFC3H1	1.905394794
ZFHX2	0.08389074
ZFHX2-AS1	0.042864479
ZFHX3	0.995821788
ZFHX4	0.094397308
ZFHX4-AS1	0
ZFP1	2.259094423
ZFP14	0.596253291
ZFP2	0.05515089
ZFP28	0.104426082
ZFP3	0.37304008
ZFP30	1.023953867
ZFP36	180.9315981
ZFP36L1	102.0139044
ZFP36L2	21.30024794
ZFP37	0.145179755
ZFP41	0.808015071
ZFP42	0.009139903
ZFP57	0.158147122
ZFP62	2.463997725
ZFP64	3.462488502
ZFP64P1	0
ZFP69	1.113627432
ZFP69B	0.569753839
ZFP82	0.456016152
ZFP90	2.169749206
ZFP91	15.66751721
ZFP91-CNTF	0
ZFP92	0.473184996
ZFPL1	2.92109209
ZFPM1	0.520474861
ZFPM2	0.58074064
ZFPM2-AS1	6.131970637
ZFR	17.54189671
ZFR2	0.012252145
ZFRP1	0
ZFX	7.41671852
ZFX-AS1	0.058214828
ZFY	0.430433717
ZFY-AS1	0
ZFYVE1	5.000605439
ZFYVE16	2.20282755
ZFYVE19	4.277054001
ZFYVE21	6.628767718
ZFYVE26	1.595084801
ZFYVE27	2.71458176
ZFYVE28	0.625555345
ZFYVE9	3.297200062
ZFYVE9P1	0.014080965
ZFYVE9P2	0.080382726
ZG16	0
ZG16B	0.500997027
ZGLP1	0.089872583
ZGPAT	0.807972935
ZGRF1	0.541353773
ZHX1	5.207312466
ZHX1-C8orf76	0.476614854
ZHX2	5.935060952
ZHX3	1.059093081
ZIC1	0
ZIC2	2.361552204
ZIC3	0
ZIC4	0
ZIC4-AS1	0
ZIC5	1.19310907
ZIK1	0.166239489
ZIK1P1	0
ZIM2	0
ZIM2-AS1	0.008083777
ZIM3	0
ZKSCAN1	4.505062687
ZKSCAN2	0.779742698
ZKSCAN3	1.579266566
ZKSCAN4	2.361119884
ZKSCAN5	2.328948786
ZKSCAN7	0.737622711
ZKSCAN7P1	0
ZKSCAN8	2.730802554
ZMAT1	0.381224224
ZMAT2	37.29758481
ZMAT3	3.634039205
ZMAT4	0.795812942
ZMAT5	4.794427686
ZMIZ1	15.21179061
ZMIZ1-AS1	0.12063764
ZMIZ2	8.282608036
ZMPSTE24	22.18239183
ZMYM1	3.157635928
ZMYM2	4.449394604
ZMYM3	2.355251061
ZMYM4	6.063340388
ZMYM4-AS1	0
ZMYM5	3.713582351
ZMYM6	1.29338161
ZMYND10	0.635803502
ZMYND10-AS1	0
ZMYND11	12.15153251
ZMYND12	0.696747947
ZMYND15	0.610013142
ZMYND19	7.378876686
ZMYND19P1	0.15422861
ZMYND8	2.862131057
ZNF10	0.473157009
ZNF100	0.253329589
ZNF101	1.524625044
ZNF101P1	0
ZNF101P2	0
ZNF106	2.016336942
ZNF107	1.054133815
ZNF112	0.428986398
ZNF114	0.173003832
ZNF114P1	0
ZNF117	1.607624443
ZNF12	4.812037451
ZNF121	3.518637148
ZNF123P	0
ZNF124	0.768520788
ZNF131	3.916704009
ZNF132	0.27812801
ZNF133	3.610467316
ZNF134	2.031627245
ZNF135	0.24963984
ZNF136	1.427449041
ZNF137P	0.179464637
ZNF138	3.00676522
ZNF14	0.444517292
ZNF140	2.574819954
ZNF141	0.617032582
ZNF142	1.804876076
ZNF143	4.81153185
ZNF146	14.71407155
ZNF148	6.412114992
ZNF154	0.178465691
ZNF155	0.12650854
ZNF157	0.041890566
ZNF16	1.172755882
ZNF160	0.747292069
ZNF165	0.887147559
ZNF169	0.330654936
ZNF17	0.703359535
ZNF174	2.945820078
ZNF175	0.423411335
ZNF177	0
ZNF18	2.498483001
ZNF180	1.070906974
ZNF181	1.069272418
ZNF182	1.197875169
ZNF184	2.48043275
ZNF185	19.0138556
ZNF189	15.59916591
ZNF19	0.160521472
ZNF192P1	0.191523339
ZNF192P2	0
ZNF195	3.125337829
ZNF197	1.488749377
ZNF197-AS1	0.116896869
ZNF2	1.3304186
ZNF20	0.093637737
ZNF200	1.097549041
ZNF202	2.761802001
ZNF204P	1.174788341
ZNF205	2.688025953
ZNF207	18.39449586
ZNF208	0
ZNF209P	0
ZNF211	0.838611057
ZNF212	2.319226052
ZNF213	1.842427471
ZNF213-AS1	1.022597828
ZNF214	0.312808465
ZNF215	1.200208959
ZNF217	7.034067229
ZNF219	1.773691363
ZNF22	10.76271447
ZNF221	0.089347012
ZNF222	0.848372853
ZNF223	0.233348953
ZNF224	0.512575659
ZNF225	0.382980416
ZNF226	1.181865291
ZNF227	1.072742285
ZNF229	0.044097336
ZNF23	0.069958453
ZNF230	0.397012555
ZNF232	1.73769386
ZNF233	0.191759729
ZNF234	0.689594303
ZNF235	0.218881532
ZNF236	0.977781935
ZNF236-DT	1.274702439
ZNF239	1.964106574
ZNF24	10.02834133
ZNF248	1.172315173
ZNF25	2.368070559
ZNF250	0.702827134
ZNF251	2.315002975
ZNF252P	2.01677342
ZNF252P-AS1	0.015003451
ZNF253	0.589148186
ZNF254	0.277818435
ZNF256	1.427975483
ZNF257	0.024135597
ZNF259P1	0.019704207
ZNF26	0.344417036
ZNF260	2.373721343
ZNF263	2.618057859
ZNF264	1.086706207
ZNF266	4.231058552
ZNF267	5.113473553
ZNF268	0.678579623
ZNF271P	4.320712704
ZNF273	1.203678363
ZNF274	1.214798776
ZNF275	4.074265472
ZNF276	1.235515074
ZNF277	6.192874244
ZNF28	0.845216155
ZNF280A	0.124316301
ZNF280B	0.063626376
ZNF280C	4.573280999
ZNF280D	3.443345137
ZNF281	5.36592054
ZNF282	8.260793454
ZNF283	0.258572404
ZNF284	0.278965562
ZNF285	0.042427468
ZNF285B	0.013738304
ZNF286A	0.434904585
ZNF286B	0.053634021
ZNF287	1.409154718
ZNF292	1.956396027
ZNF295-AS1	0.160293653
ZNF296	1.308431664
ZNF299P	0
ZNF29P	0
ZNF3	6.355333365
ZNF30	0.539457405
ZNF300	0.335708587
ZNF300P1	0.108685054
ZNF302	1.809090562
ZNF304	1.674904635
ZNF30-AS1	0
ZNF311	0.489180518
ZNF316	1.671008998
ZNF317	4.500448695
ZNF317P1	0
ZNF318	3.794091571
ZNF319	3.652129155
ZNF32	47.63829631
ZNF320	0.769225105
ZNF321P	0.15554624
ZNF322	2.672761386
ZNF322P1	0.080316239
ZNF324	1.054342068
ZNF324B	0.888863512
ZNF326	1.86310239
ZNF329	0.777449637
ZNF32-AS1	0.111869047
ZNF32-AS2	0.295062337
ZNF32-AS3	0
ZNF330	5.925309942
ZNF331	1.448116442
ZNF333	0.526866503
ZNF334	0.42080035
ZNF335	1.717140044
ZNF337	0.888982906
ZNF337-AS1	0.763757045
ZNF33A	2.242659888
ZNF33B	1.542976759
ZNF33BP1	0.013236414
ZNF33CP	0
ZNF34	1.868192948
ZNF341	0.951983656
ZNF341-AS1	0.759691082
ZNF343	1.626040573
ZNF345	0.322786353
ZNF346	2.647209352
ZNF346-IT1	0.228092728
ZNF347	0.151539617
ZNF35	3.664582972
ZNF350	0.582956283
ZNF350-AS1	0.023846349
ZNF354A	2.710100739
ZNF354B	1.255856838
ZNF354C	0.569765121
ZNF355P	0
ZNF358	8.775295285
ZNF362	8.555849504
ZNF365	0.706354455
ZNF366	0.195426079
ZNF367	2.470170426
ZNF37A	0.733866062
ZNF37BP	0.390549067
ZNF37CP	0
ZNF382	0.042897302
ZNF383	0.88542284
ZNF384	3.917079245
ZNF385A	30.69765478
ZNF385B	0.064003421
ZNF385C	0.184623195
ZNF385D	0.047325218
ZNF385D-AS1	0
ZNF385D-AS2	0
ZNF391	0.567468122
ZNF394	5.520011362
ZNF395	9.436564571
ZNF396	0.356993871
ZNF397	1.68897858
ZNF398	2.684338618
ZNF402P	0
ZNF404	0.117509882
ZNF407	0.46201274
ZNF408	3.817213216
ZNF41	1.527372606
ZNF410	1.040757863
ZNF414	2.948629579
ZNF415	0.321105598
ZNF415P1	0
ZNF416	1.421842047
ZNF417	0.525470522
ZNF418	0.086294008
ZNF419	0.488058054
ZNF420	1.309421218
ZNF423	0.283309574
ZNF425	0.928358349
ZNF426	1.548064294
ZNF426-DT	0.336771097
ZNF428	4.658542315
ZNF429	0.317013948
ZNF43	0.190859019
ZNF430	1.376030137
ZNF431	0.953364611
ZNF432	0.880167345
ZNF433	0.772655783
ZNF433-AS1	0.284382893
ZNF436	8.904363516
ZNF436-AS1	0.365733834
ZNF438	2.611317717
ZNF439	0.372968438
ZNF44	1.201563268
ZNF440	2.247389453
ZNF441	0.910078731
ZNF442	0.18477381
ZNF443	0.837697205
ZNF444	1.36820527
ZNF444P1	0
ZNF445	0.953435253
ZNF446	1.188384228
ZNF449	1.439227823
ZNF45	2.044608648
ZNF451	3.034447902
ZNF454	0.009119302
ZNF460	0.844970372
ZNF460-AS1	0.131574977
ZNF461	1.206849879
ZNF462	1.310909217
ZNF467	2.273061194
ZNF468	1.140000878
ZNF469	1.043227065
ZNF470	0.100864582
ZNF471	0.075156604
ZNF473	1.485111064
ZNF474	0.164301748
ZNF479	0
ZNF48	2.872351326
ZNF480	3.147392613
ZNF483	0.152304112
ZNF484	2.186067157
ZNF485	1.296318169
ZNF486	0.495652603
ZNF487	0.790322444
ZNF488	2.013706846
ZNF490	0.221987654
ZNF491	0.376303566
ZNF492	0.00571863
ZNF493	0.084425517
ZNF496	2.362783477
ZNF497	0.199337609
ZNF500	1.171536267
ZNF501	0.583607371
ZNF502	0.289259928
ZNF503	3.176786809
ZNF503-AS1	0.059353504
ZNF503-AS2	1.29063734
ZNF506	0.386609003
ZNF507	1.78411173
ZNF510	1.463668841
ZNF511	4.262464942
ZNF512	3.941056484
ZNF512B	2.991113043
ZNF513	7.606007258
ZNF514	1.150889972
ZNF516	3.654484172
ZNF517	0.800344209
ZNF518A	1.435449049
ZNF518B	1.696285595
ZNF519	0.15684484
ZNF519P1	0
ZNF519P2	0
ZNF519P3	0
ZNF519P4	0
ZNF521	0.873811769
ZNF524	8.425055352
ZNF525	0.400943012
ZNF526	3.222724347
ZNF527	0.543145429
ZNF528	0.478112307
ZNF528-AS1	0.186735256
ZNF529	0.597013609
ZNF529-AS1	1.091621515
ZNF530	0.643286027
ZNF532	5.766745942
ZNF534	0.00740335
ZNF536	0
ZNF540	0.039481664
ZNF541	0.02607474
ZNF542P	1.247423359
ZNF543	1.326897142
ZNF544	4.082247444
ZNF546	0.234481597
ZNF547	0.170092371
ZNF548	1.095497215
ZNF549	0.222375749
ZNF550	0.67286362
ZNF551	0.907305722
ZNF552	3.118709922
ZNF554	0.652875877
ZNF555	0.346105078
ZNF556	0.022155993
ZNF557	1.367468048
ZNF558	1.693714323
ZNF559	1.242006583
ZNF559-ZNF177	0.028385855
ZNF560	0.008559797
ZNF561	8.53230256
ZNF561-AS1	2.026873121
ZNF562	4.587482398
ZNF563	0.699191368
ZNF564	0.107236149
ZNF565	0.546553733
ZNF566	0.415767588
ZNF567	0.642347143
ZNF568	0.257238351
ZNF569	0.769501143
ZNF57	2.712355667
ZNF570	0.684038208
ZNF571	0.234697872
ZNF571-AS1	0.026617964
ZNF572	0.303908065
ZNF573	0.150136898
ZNF574	3.074630681
ZNF575	0.474662242
ZNF576	4.749115821
ZNF577	0.151868422
ZNF578	0.013507071
ZNF579	1.213413675
ZNF580	5.383552445
ZNF581	8.753752935
ZNF582	0.311597038
ZNF582-AS1	0.131090533
ZNF583	0.189747114
ZNF584	2.292256099
ZNF585A	0.207599336
ZNF585B	0.637644664
ZNF586	1.697280887
ZNF587	1.116346548
ZNF587B	0.720508178
ZNF587P1	0
ZNF589	1.618079084
ZNF592	4.78110208
ZNF593	3.040653317
ZNF594	0.228411585
ZNF595	0.543160774
ZNF596	0.360640048
ZNF597	0.41831678
ZNF598	5.57703252
ZNF599	0.460793148
ZNF600	0.407661473
ZNF602P	0.052544552
ZNF603P	0
ZNF605	0.379025643
ZNF606	0.709031442
ZNF607	0.399471623
ZNF608	0.256012363
ZNF609	3.888262173
ZNF610	0.123226311
ZNF611	0.281879324
ZNF613	0.955043516
ZNF614	1.486686328
ZNF615	0.60465928
ZNF616	1.523738305
ZNF618	2.772615726
ZNF619	1.134724869
ZNF619P1	0
ZNF620	0.210664593
ZNF621	1.473272767
ZNF622	29.93369443
ZNF623	3.091349108
ZNF624	0.586620184
ZNF625	0.04405732
ZNF625-ZNF20	0.013341898
ZNF626	0.124785521
ZNF627	6.895102942
ZNF628	0.813178456
ZNF629	4.01203166
ZNF630	0.871702118
ZNF630-AS1	0
ZNF638	4.454610388
ZNF639	10.74864357
ZNF641	2.890496043
ZNF644	4.249184806
ZNF646	2.305266733
ZNF646P1	0
ZNF648	0.039916004
ZNF649	0.572825904
ZNF649-AS1	0
ZNF652	3.262462035
ZNF652P1	0
ZNF653	1.242827496
ZNF654	2.986786417
ZNF655	11.32436741
ZNF658	0.761901435
ZNF658B	0.193108309
ZNF66	0.024202974
ZNF660	0.156544526
ZNF662	0.138854421
ZNF663P	0
ZNF664	7.443491132
ZNF665	0.045465975
ZNF667	0.046842783
ZNF667-AS1	0.57528249
ZNF668	1.067261981
ZNF669	1.888100917
ZNF670	0.840027704
ZNF670-ZNF695	0.068339146
ZNF671	0.536097251
ZNF672	8.091861073
ZNF674	0.270033088
ZNF674-AS1	1.413544547
ZNF675	0.228981183
ZNF676	0
ZNF677	0.111665605
ZNF678	0.716150127
ZNF679	0
ZNF680	2.112053964
ZNF680P1	0
ZNF681	0.074728592
ZNF682	0.087955012
ZNF683	1.408167501
ZNF684	0.631053331
ZNF687	9.784409742
ZNF688	5.452570627
ZNF689	3.904872607
ZNF69	0.339576565
ZNF691	6.414667864
ZNF692	3.163425454
ZNF695	0.4459572
ZNF696	0.871307075
ZNF697	0.775316187
ZNF699	0.609737254
ZNF7	1.824912724
ZNF70	0.560960906
ZNF700	2.274693095
ZNF701	0.300841355
ZNF702P	0.473396779
ZNF703	12.09792427
ZNF704	0.834634924
ZNF705A	0
ZNF705B	0
ZNF705CP	0
ZNF705D	0
ZNF705E	0.035049932
ZNF705G	0
ZNF706	16.0731746
ZNF707	0.728996493
ZNF708	0.391857679
ZNF709	0.008505811
ZNF70P1	0
ZNF71	0.578364787
ZNF710	3.516418558
ZNF710-AS1	0.443351451
ZNF711	0.218305604
ZNF713	0.173537882
ZNF714	0.689011947
ZNF716	0
ZNF717	0.635948913
ZNF718	0.760454161
ZNF720	1.52587967
ZNF720P1	0
ZNF721	1.185286692
ZNF723	0
ZNF724	0.073075205
ZNF725P	0
ZNF726	0.077200137
ZNF727	0.014458358
ZNF728	0
ZNF729	0
ZNF72P	0
ZNF730	0.044258128
ZNF732	0.033208732
ZNF733P	0
ZNF734P	0
ZNF735	0
ZNF736	0.557288338
ZNF736P10Y	0
ZNF736P11Y	0
ZNF736P12Y	0
ZNF736P1Y	0
ZNF736P2Y	0
ZNF736P3Y	0
ZNF736P4Y	0
ZNF736P5Y	0
ZNF736P6Y	0
ZNF736P7Y	0
ZNF736P8Y	0
ZNF736P9Y	0
ZNF737	0.130329495
ZNF738	0.410291547
ZNF74	1.996104587
ZNF740	2.986569049
ZNF746	5.863170523
ZNF747	4.206287539
ZNF749	1.480512864
ZNF750	5.151941712
ZNF75A	0.900210763
ZNF75BP	0
ZNF75D	1.591316278
ZNF76	3.944022432
ZNF761	1.271970525
ZNF763	0.127990773
ZNF764	2.503200197
ZNF765	0.373652042
ZNF766	1.47937092
ZNF767P	1.161742766
ZNF768	13.7544745
ZNF77	2.091863962
ZNF770	4.280250838
ZNF771	1.287635157
ZNF772	0.529634608
ZNF773	0.195455581
ZNF774	0.382202814
ZNF775	0.808480011
ZNF776	1.013695944
ZNF777	4.039673298
ZNF778	0.264871528
ZNF780A	0.478081606
ZNF780B	0.450376991
ZNF781	0.100672864
ZNF782	0.378157073
ZNF783	1.035844838
ZNF784	2.123228853
ZNF785	1.833414403
ZNF786	1.558505801
ZNF787	4.265255019
ZNF788	0.44737085
ZNF789	0.799136362
ZNF79	2.087995429
ZNF790	0.611459769
ZNF791	3.018914745
ZNF792	0.814155129
ZNF793	0.202178589
ZNF793-AS1	0.459416791
ZNF799	0.523449767
ZNF8	0.401578995
ZNF80	0.247037821
ZNF800	4.136026348
ZNF804A	0.062059437
ZNF804B	0
ZNF805	0.721628514
ZNF806	0
ZNF807	0.042663591
ZNF808	1.22450475
ZNF81	0.301899353
ZNF812P	9.001425394
ZNF813	0.18661563
ZNF814	0.277435237
ZNF815P	0.822204343
ZNF816	0.542716966
ZNF816-ZNF321P	0
ZNF821	0.692160956
ZNF823	1.895450174
ZNF826P	0.113135208
ZNF827	1.468107132
ZNF829	0.288472443
ZNF83	0.834586568
ZNF830	6.171575253
ZNF831	0.095512184
ZNF833P	0
ZNF835	0.034949011
ZNF836	0.280278883
ZNF837	0.760073656
ZNF839	2.032374409
ZNF839P1	0
ZNF84	0.861885202
ZNF840P	0.024324232
ZNF841	1.149508606
ZNF843	0.367005969
ZNF844	0.414371738
ZNF845	0.704118435
ZNF846	3.022037072
ZNF847P	0
ZNF849P	0
ZNF85	0.483639511
ZNF850	0.06184862
ZNF852	0.137766374
ZNF853	0.42169149
ZNF859P	0
ZNF860	0.312465368
ZNF861P	0
ZNF862	0.731435129
ZNF863P	0
ZNF865	1.57594298
ZNF876P	0.199122116
ZNF877P	0
ZNF878	0.027999519
ZNF879	0.387609106
ZNF880	0.398174395
ZNF883	1.279750811
ZNF885P	0
ZNF886P	0
ZNF887P	0.293308397
ZNF888	0.308401239
ZNF890P	0.01397558
ZNF891	0.161784864
ZNF90	0.072464428
ZNF90P1	0
ZNF90P2	0
ZNF90P3	0
ZNF91	0.137756989
ZNF92	2.370878429
ZNF92P1Y	0
ZNF92P2	0
ZNF92P3	0.025446104
ZNF93	0.491669955
ZNF962P	0
ZNF965P	0
ZNF969P	0
ZNF970P	0
ZNF971P	0
ZNF98	0.007376355
ZNF99	0.003079485
ZNFX1	3.326846522
ZNHIT1	20.09454357
ZNHIT1P1	0
ZNHIT2	9.516920833
ZNHIT3	6.534477313
ZNHIT6	2.659854931
ZNRD1	5.275576091
ZNRD1ASP	0.114369845
ZNRF1	4.602566945
ZNRF2	10.56145504
ZNRF2P1	0.547981562
ZNRF2P2	0.218945508
ZNRF2P3	0.064907977
ZNRF3	0.052258001
ZNRF3-AS1	0
ZNRF3-IT1	0
ZNRF4	0
ZP1	0.009965346
ZP2	0
ZP3	4.138289775
ZP4	0
ZPBP	0.018369719
ZPBP2	0.010577596
ZPLD1	0.156158722
ZPR1	8.341404956
ZRANB1	1.790390085
ZRANB2	10.80319365
ZRANB2-AS1	0.025104016
ZRANB2-AS2	0.046450189
ZRANB3	0.711089492
ZRSR2	3.202460184
ZRSR2P1	0.029020422
ZSCAN1	0.020322799
ZSCAN10	0
ZSCAN12	1.250225669
ZSCAN12P1	0.468810298
ZSCAN16	1.846260471
ZSCAN16-AS1	3.411824918
ZSCAN18	0.794866815
ZSCAN2	0.676810028
ZSCAN20	0.219522983
ZSCAN21	2.007840294
ZSCAN22	0.702728052
ZSCAN23	0.014788659
ZSCAN25	2.484363323
ZSCAN26	5.338476364
ZSCAN29	1.935752717
ZSCAN30	0.945565788
ZSCAN31	4.152853453
ZSCAN32	0.435544977
ZSCAN4	0.010793945
ZSCAN5A	0.311031854
ZSCAN5B	0.011789987
ZSCAN5C	0.025661293
ZSCAN5DP	0.016281411
ZSCAN9	1.710101814
ZSWIM1	3.252524873
ZSWIM2	0
ZSWIM3	1.190580353
ZSWIM4	4.26998907
ZSWIM5	1.031892968
ZSWIM5P1	0
ZSWIM5P2	0
ZSWIM5P3	0
ZSWIM6	4.633587053
ZSWIM7	3.320224356
ZSWIM8	5.747632742
ZSWIM8-AS1	0
ZSWIM9	0.375362257
ZUFSP	3.372624325
ZW10	8.34878848
ZWILCH	5.311691853
ZWINT	17.80345548
ZXDA	0.708259175
ZXDB	1.198539993
ZXDC	4.051979909
ZYG11A	0.139633734
ZYG11AP1	0
ZYG11B	3.491206711
ZYX	30.23641712
ZYXP1	0
ZZEF1	1.131372439
