	779250be-012c-4e5b-9b4e-258192607c4b
	normal
A1BG	0.050850568
A1BG-AS1	0.70690818
A1CF	0.001631761
A2M	293.6589853
A2M-AS1	1.143780875
A2ML1	0.019310993
A2ML1-AS1	0
A2ML1-AS2	0
A2MP1	0.208616593
A3GALT2	0.091904974
A4GALT	4.96236892
A4GNT	0.221199859
AAAS	5.244724558
AACS	1.491619891
AACSP1	0.074176559
AADAC	5.232660361
AADACL2	0
AADACL2-AS1	0
AADACL3	0
AADACL4	0.019898156
AADACP1	0.249221439
AADAT	2.176214817
AAED1	27.46279447
AAGAB	11.79425182
AAK1	1.340110223
AAMDC	11.08095854
AAMP	24.62254245
AANAT	0.107327384
AAR2	13.1381731
AARD	1.325306298
AARS	14.52713598
AARS2	2.486459337
AARSD1	1.146467402
AARSP1	0
AASDH	2.053841164
AASDHPPT	4.21206603
AASS	5.324522951
AATBC	0.524041254
AATF	5.591132844
AATK	2.814270547
AB015752.1	0.081331131
ABALON	0.197622255
ABAT	0.865183838
ABBA01006766.1	0
ABCA1	3.167093973
ABCA10	1.019795301
ABCA11P	0.629038486
ABCA12	0.009985003
ABCA13	0.06736518
ABCA17P	0.071508053
ABCA2	1.747439693
ABCA3	58.95851851
ABCA4	0.185339642
ABCA5	1.485046215
ABCA6	1.063034844
ABCA7	2.668753692
ABCA8	4.754040822
ABCA9	1.337393854
ABCA9-AS1	0.01048147
ABCB1	1.074161144
ABCB10	5.574265546
ABCB10P1	0
ABCB10P3	0
ABCB10P4	0
ABCB11	0
ABCB4	0.056456438
ABCB5	0.023698517
ABCB6	0.258905404
ABCB7	7.270364187
ABCB8	3.365246891
ABCB9	0.287670658
ABCC1	6.063125798
ABCC10	1.481099303
ABCC11	0.019465588
ABCC12	0.027321268
ABCC13	0.309829992
ABCC2	0.135778096
ABCC3	2.040626907
ABCC4	5.274703711
ABCC5	2.363960435
ABCC5-AS1	0
ABCC6	2.502109562
ABCC6P1	0.493249252
ABCC6P2	0.960266172
ABCC8	0.587212849
ABCC9	2.07586064
ABCD1	1.795382005
ABCD1P2	0
ABCD1P3	0
ABCD1P4	0
ABCD1P5	0
ABCD2	0.140671479
ABCD3	10.27216841
ABCD4	4.537075733
ABCE1	10.21225622
ABCF1	12.44437639
ABCF2	9.617479434
ABCF2P1	0
ABCF2P2	0
ABCF3	6.485195828
ABCG1	13.70883324
ABCG2	3.620085345
ABCG4	0.004997544
ABCG5	0.105307782
ABCG8	0.011759698
ABHD1	0.081225735
ABHD10	8.138335999
ABHD11	7.810939061
ABHD11-AS1	3.510259407
ABHD12	12.9873333
ABHD12B	0.158672572
ABHD13	7.027631397
ABHD14A	5.515399883
ABHD14A-ACY1	0.050687886
ABHD14B	18.02448134
ABHD15	2.560738147
ABHD15-AS1	0.251387134
ABHD16A	1.347006473
ABHD16B	0
ABHD17A	5.470007672
ABHD17AP1	0.033590135
ABHD17AP3	0
ABHD17AP4	0
ABHD17AP5	0.016977029
ABHD17AP6	0
ABHD17AP7	0
ABHD17AP8	0
ABHD17AP9	0
ABHD17B	4.739597568
ABHD17C	7.63832447
ABHD18	2.715840817
ABHD2	10.19559307
ABHD3	6.16599014
ABHD4	5.320801186
ABHD5	16.29718272
ABHD6	5.898550318
ABHD8	4.608764116
ABI1	19.34763109
ABI1P1	0
ABI2	2.478314457
ABI3	7.241539382
ABI3BP	11.63173473
ABL1	8.254358217
ABL2	3.529457404
ABLIM1	13.92994402
ABLIM2	0.626895539
ABLIM3	5.892711578
ABO	3.060468887
ABR	7.665607901
ABRA	0.022751068
ABRACL	31.06537452
ABRAXAS1	1.239157229
ABRAXAS2	6.378948515
ABT1	16.13739454
ABT1P1	0
ABTB1	8.152168447
ABTB2	0.545118651
AC000032.1	0.031914049
AC000036.1	0.054033786
AC000041.1	0
AC000041.2	0
AC000058.1	0.029234698
AC000061.1	0.250049968
AC000067.1	0.109197199
AC000068.1	0.10461477
AC000068.2	0.136259113
AC000068.3	0
AC000077.1	0
AC000078.1	0.735239789
AC000081.1	0
AC000089.1	1.291144404
AC000095.1	0
AC000099.1	0
AC000111.1	0
AC000111.2	0.324762653
AC000120.1	0.236674104
AC000123.1	1.730966057
AC000123.2	1.461608056
AC000123.3	0.529150967
AC000124.1	0.049121624
AC000362.1	0
AC000367.1	0
AC000372.1	0
AC000374.1	0
AC000403.1	0.205433893
AC001226.1	0.174431889
AC002044.1	0.991759367
AC002044.2	0.226162033
AC002044.3	0.086893519
AC002056.1	0
AC002056.2	0.055175345
AC002059.1	0.427059484
AC002064.1	0.106888117
AC002064.2	0.596428297
AC002064.3	0
AC002066.1	1.769795816
AC002069.1	0
AC002069.2	0
AC002070.1	0.804372651
AC002075.1	0
AC002075.2	0.559635643
AC002076.1	0
AC002076.2	0
AC002090.1	0
AC002091.1	1.209697152
AC002091.2	0.623673552
AC002094.1	0
AC002094.2	0
AC002094.3	0
AC002094.4	0.102083375
AC002094.5	0.249122385
AC002101.1	0
AC002115.1	0
AC002116.1	0
AC002116.2	0.731094774
AC002127.1	0
AC002127.2	0
AC002128.1	0.508959974
AC002128.2	0.684602825
AC002306.1	0
AC002310.1	0.420262781
AC002310.2	0.016339727
AC002310.3	0.043346606
AC002310.4	0
AC002310.5	0
AC002310.6	0.238972954
AC002347.1	0.057929013
AC002347.2	0
AC002350.1	0.565758571
AC002351.1	0.026380131
AC002366.1	0
AC002367.1	0.038690859
AC002368.1	0.040386077
AC002375.1	0
AC002378.1	0
AC002381.1	0
AC002383.1	0
AC002386.1	0
AC002398.1	1.35780451
AC002398.2	0.118710591
AC002400.1	0.043167488
AC002401.1	0.033482474
AC002401.2	0.072882781
AC002401.3	0.213679064
AC002401.4	0.537557393
AC002428.1	0
AC002428.2	0
AC002429.1	0.105877013
AC002429.2	0.024398284
AC002451.1	0.555879699
AC002451.2	0
AC002454.1	0.070478852
AC002456.1	0.483321691
AC002456.2	0
AC002460.1	0
AC002463.1	0
AC002464.1	0.010241698
AC002465.1	0
AC002467.1	1.41728864
AC002470.1	0.634725995
AC002472.1	0
AC002480.1	0.18334397
AC002480.2	0.322158676
AC002480.3	0.506384854
AC002480.4	0.006045447
AC002486.1	0
AC002486.2	0
AC002487.1	0
AC002504.1	0
AC002511.1	0.047009394
AC002511.2	0.10446532
AC002519.1	0.028061959
AC002519.2	0.139716992
AC002524.1	0.372408362
AC002525.1	0.792184609
AC002540.1	0.011615862
AC002542.1	0
AC002543.1	0.048116063
AC002545.1	0
AC002546.1	0.134159229
AC002550.1	0.01136316
AC002550.2	0.159084244
AC002551.1	0.07940776
AC002553.1	1.250457695
AC002553.2	1.136178706
AC002558.1	0.117084418
AC002558.2	0.046567007
AC002558.3	0.039076803
AC002563.1	0.138978253
AC002984.1	0.279817821
AC002985.1	0
AC002996.1	0.019986987
AC003001.1	0
AC003001.2	0
AC003002.1	0
AC003002.2	0
AC003002.3	0.129502463
AC003005.1	0
AC003005.2	0.023599093
AC003006.1	0
AC003009.1	0
AC003035.1	0.172828654
AC003035.2	0.045028155
AC003043.1	0
AC003045.1	0
AC003070.1	2.708783461
AC003070.2	0.284167321
AC003071.1	0.039720654
AC003071.2	0.04974539
AC003072.1	3.302947616
AC003080.1	0.020429984
AC003084.1	0
AC003087.1	0
AC003092.1	0
AC003092.2	0.035134076
AC003098.1	0
AC003101.1	0.034138993
AC003101.2	0.177260158
AC003101.3	0
AC003102.1	0.942368567
AC003659.1	0
AC003666.1	0
AC003669.1	0
AC003681.1	0.108731936
AC003682.1	0.169586558
AC003684.1	0
AC003685.1	0
AC003685.2	0
AC003686.1	0.015154544
AC003687.1	0
AC003688.1	0.032044577
AC003688.2	0
AC003956.1	0.264097719
AC003957.1	0.058622514
AC003958.1	0
AC003958.2	0
AC003965.1	0.211436555
AC003965.2	0.413919192
AC003973.1	0
AC003973.2	0
AC003973.3	0.533061874
AC003975.1	0.018721384
AC003976.1	0
AC003982.1	0
AC003984.1	0
AC003985.1	0
AC003985.2	0.018777469
AC003986.1	0
AC003986.2	0.009158269
AC003986.3	0
AC003988.1	0
AC003989.1	0
AC003989.2	0
AC003991.1	0.832397289
AC003991.2	0.299249614
AC004000.1	0.470455829
AC004004.1	0
AC004006.1	0
AC004009.1	0
AC004009.2	0
AC004009.3	0
AC004012.1	0.29344191
AC004014.1	0
AC004014.2	0
AC004022.1	0.029399246
AC004022.2	0.324762653
AC004023.1	0
AC004024.1	0.126880955
AC004034.1	0.153625471
AC004039.1	0.096348674
AC004052.1	0
AC004053.1	0
AC004054.1	0
AC004057.1	0.062930916
AC004062.1	0
AC004063.1	0
AC004066.1	0
AC004066.2	0.356131773
AC004067.1	0.246239683
AC004069.1	0.59939118
AC004069.2	0
AC004074.1	0
AC004076.1	0.091457965
AC004076.2	0.165044517
AC004080.1	0
AC004080.2	0
AC004080.3	0
AC004080.4	0
AC004080.5	0
AC004080.6	0
AC004112.1	0.243801666
AC004129.1	0.019685676
AC004129.2	0
AC004130.1	0.82196485
AC004134.1	0
AC004147.1	0
AC004147.2	0
AC004147.3	0
AC004147.4	0.117157368
AC004147.5	0
AC004148.1	0
AC004148.2	2.158842138
AC004149.1	0.142712186
AC004156.1	0.033304565
AC004158.1	0
AC004160.1	0.116277653
AC004160.2	0
AC004217.1	0
AC004217.2	0
AC004221.1	0.037132223
AC004223.1	0.289110664
AC004223.2	0.028804776
AC004223.3	0.007827072
AC004223.4	0.660774614
AC004224.1	0.027587673
AC004224.2	0.029621546
AC004231.1	0.038453492
AC004231.3	0
AC004232.1	0
AC004232.2	0
AC004232.3	0.41786128
AC004233.1	0.592771964
AC004233.2	0.446796684
AC004233.3	0.493925863
AC004233.4	0.150309813
AC004241.1	0.319719297
AC004241.2	0.952893121
AC004241.3	0.909272611
AC004241.4	0.111927129
AC004241.5	0.512084902
AC004253.1	0.802756045
AC004253.2	0
AC004257.1	0
AC004263.1	0.161782575
AC004264.1	0.532852073
AC004264.2	0.180423696
AC004381.1	0.089286598
AC004383.1	0.054220754
AC004386.1	0.082364247
AC004386.2	0
AC004408.1	0.082040827
AC004408.2	0
AC004415.1	0
AC004448.1	0
AC004448.2	0.011211399
AC004448.3	0.027636328
AC004449.1	0.03618891
AC004453.1	7.066771644
AC004453.2	0.036390613
AC004461.1	0.077765747
AC004466.1	0.203127011
AC004466.2	1.062873895
AC004466.3	0.143496319
AC004467.1	0
AC004470.1	0
AC004471.1	0.403860773
AC004471.2	0.072449528
AC004477.1	0.053425837
AC004477.2	0
AC004477.3	0.610856532
AC004485.1	0
AC004486.1	0
AC004490.1	0.114461636
AC004491.1	0.033304565
AC004492.1	0.633549784
AC004494.1	0.08484493
AC004494.2	0
AC004520.1	0.809550781
AC004522.1	0
AC004522.2	0.046087641
AC004528.1	0
AC004528.2	0
AC004540.1	0.994323257
AC004540.2	5.418694318
AC004542.1	0
AC004542.2	0
AC004543.1	0
AC004551.1	0.027251823
AC004552.1	0.360225241
AC004554.1	0
AC004584.1	0.085627311
AC004584.2	0.267533136
AC004584.3	0.026604071
AC004585.1	0.444718808
AC004585.2	0.010638016
AC004590.1	0
AC004593.1	0
AC004594.1	0.122349493
AC004596.1	0.296776477
AC004597.1	0
AC004623.1	0.081037977
AC004637.1	0.130039817
AC004656.1	3.278915516
AC004672.1	0
AC004672.2	0
AC004674.1	0
AC004674.2	0
AC004678.1	0.101204293
AC004678.2	0.093831126
AC004687.1	2.266093864
AC004690.1	0
AC004690.2	0
AC004691.1	0.114587188
AC004691.2	0.010235008
AC004692.1	0
AC004692.2	0
AC004696.1	0.103260613
AC004696.2	0.094681559
AC004702.1	0
AC004704.1	0.02687787
AC004706.1	0.178268464
AC004706.2	0
AC004706.3	0.095547549
AC004707.1	0.043831603
AC004754.1	0.076881257
AC004771.1	0.618191001
AC004771.2	0.071388601
AC004771.3	0.255949514
AC004771.4	0
AC004771.5	0.346932797
AC004775.1	0
AC004777.1	0
AC004790.1	0
AC004790.2	0
AC004792.1	0
AC004797.1	0
AC004801.1	0.13058165
AC004801.2	0.663804023
AC004801.3	0.048866314
AC004801.4	0
AC004801.5	0
AC004801.6	0.464646362
AC004801.7	0
AC004803.1	0.516774477
AC004805.1	0.009696657
AC004805.2	0.032509954
AC004805.3	0
AC004808.1	0
AC004808.2	0
AC004812.1	0
AC004812.2	1.264658959
AC004816.1	1.138030022
AC004816.2	0.44140276
AC004817.1	0
AC004817.2	0.0481407
AC004817.3	0.007360168
AC004817.4	0.004322703
AC004824.1	0
AC004825.1	0
AC004825.2	0.688782329
AC004828.1	0.071879807
AC004830.1	0.533220349
AC004832.1	0.381716797
AC004832.2	0
AC004832.3	0
AC004832.4	0.189363118
AC004832.5	0.468921636
AC004832.6	0.066774707
AC004835.1	0.005390367
AC004835.2	0
AC004836.1	1.334651564
AC004837.1	0
AC004837.2	0.235797234
AC004837.3	0
AC004839.1	0.218939293
AC004840.1	0
AC004840.2	0
AC004846.1	0.277432489
AC004846.2	0.524343305
AC004847.1	1.12337118
AC004852.1	0
AC004852.2	0
AC004852.3	0
AC004853.1	0
AC004854.1	0.134697404
AC004854.2	0.260982062
AC004858.1	0.064751231
AC004862.1	0
AC004865.1	0
AC004865.2	0.958443955
AC004866.1	0
AC004866.2	0
AC004869.1	0
AC004869.2	0
AC004870.1	0
AC004870.2	0
AC004870.3	0.029565657
AC004870.4	0
AC004872.1	0
AC004875.1	0
AC004877.1	0.015313753
AC004877.2	0.732478036
AC004882.1	0
AC004882.2	0
AC004884.1	0
AC004884.2	0.22959411
AC004888.1	0
AC004889.1	0.278698052
AC004890.1	0.606014287
AC004890.2	0.465948102
AC004890.3	0.12879286
AC004893.1	0.078742703
AC004895.1	0.076438039
AC004898.1	0.040913311
AC004899.1	0
AC004899.2	0
AC004906.1	0
AC004908.1	0.926864207
AC004908.2	0.709781791
AC004908.3	0.902580364
AC004910.1	0.019910798
AC004911.1	0
AC004917.1	0
AC004918.1	4.578837076
AC004918.3	3.083138632
AC004920.1	0
AC004921.1	2.501181944
AC004923.1	0.206634699
AC004923.2	0
AC004923.3	0
AC004923.4	1.081406898
AC004925.1	0.017372282
AC004930.1	0
AC004936.1	0
AC004938.1	0
AC004941.1	0
AC004941.2	0.068727184
AC004943.1	0.092338232
AC004943.2	0.288023961
AC004943.3	0.05223266
AC004944.1	0
AC004945.1	0
AC004946.1	0
AC004947.1	0.788842761
AC004947.2	0.36959838
AC004948.1	0.186545214
AC004951.1	0.176348209
AC004951.2	0.89258343
AC004951.3	0.294645774
AC004951.4	0.203797951
AC004965.1	0
AC004967.1	4.522156468
AC004969.1	0.027110377
AC004972.1	0
AC004973.1	0
AC004975.1	0.452013404
AC004975.2	0.166404934
AC004980.1	0.559275748
AC004980.2	0.346816455
AC004980.3	0.386378581
AC004980.4	0.463146739
AC004982.1	1.49596863
AC004982.2	2.55426765
AC004986.1	0.025815153
AC004987.1	0
AC004987.2	0.081897899
AC004987.3	0
AC004987.4	0
AC004988.1	1.521855028
AC004990.1	0
AC004994.1	0
AC004997.1	0.083795711
AC005000.1	0.217636083
AC005000.2	0.404381884
AC005002.1	0
AC005002.2	0
AC005005.1	0
AC005005.2	0
AC005005.3	0.211153306
AC005005.4	0.001876847
AC005006.1	0.251723663
AC005008.1	0
AC005008.2	0
AC005009.1	0.40776426
AC005009.2	0.118710591
AC005011.1	0
AC005013.1	0.133246582
AC005014.1	0
AC005014.2	0.444718808
AC005014.3	0.577308347
AC005019.1	0.03635684
AC005019.2	0
AC005020.1	0.119161962
AC005020.2	0.086733199
AC005021.1	0.088280552
AC005033.1	0
AC005034.1	0
AC005034.2	0
AC005034.3	1.596579303
AC005034.4	0.069721014
AC005034.5	0.437140287
AC005037.1	0.128836982
AC005040.1	0
AC005041.1	0.664462219
AC005041.2	0
AC005041.3	0.386312431
AC005042.1	0.097936237
AC005042.2	0
AC005042.3	0
AC005046.1	1.228512163
AC005050.1	0.142452709
AC005052.1	0.006288041
AC005062.1	0.085560519
AC005064.1	0.028751923
AC005066.1	0
AC005070.1	0
AC005070.2	0
AC005070.3	0.917920895
AC005072.1	0.026424617
AC005076.1	0.741139094
AC005077.1	0
AC005077.2	0.124166387
AC005077.3	0
AC005077.4	0.031384431
AC005082.1	0.100200381
AC005083.1	2.243511588
AC005084.1	0
AC005086.1	0.156502352
AC005086.2	0.274908737
AC005086.3	0
AC005086.4	0.147134253
AC005088.1	0
AC005089.1	0.020976972
AC005090.1	0
AC005091.1	0
AC005094.1	0
AC005096.1	0.050385203
AC005099.1	0.231193741
AC005102.1	0.032713566
AC005104.1	1.134465013
AC005104.2	0.231117965
AC005105.1	0
AC005150.1	0
AC005154.1	1.6887764
AC005154.2	0.165380454
AC005154.3	0.843671823
AC005154.4	0
AC005154.5	0.425809728
AC005154.6	0.045618044
AC005156.1	0.164081654
AC005160.1	0
AC005162.1	0
AC005162.2	0.081331131
AC005162.3	0.13706292
AC005165.1	1.235422079
AC005165.2	0.082472621
AC005176.1	0
AC005176.2	0
AC005178.1	0
AC005180.1	0.453810163
AC005180.2	1.171052519
AC005181.1	0
AC005183.1	0.031672154
AC005185.1	0
AC005186.1	0
AC005189.1	0
AC005191.1	0
AC005197.1	0.045885206
AC005208.1	0
AC005209.1	0
AC005220.1	0.035452032
AC005224.1	0.112145594
AC005224.2	0
AC005224.3	0.241637072
AC005224.4	0.142280248
AC005225.1	0.083616852
AC005225.2	0.323967532
AC005225.3	0.181153734
AC005225.4	0.45776938
AC005229.1	0
AC005229.2	0
AC005229.3	0
AC005229.4	0.620233133
AC005230.1	0
AC005234.1	0
AC005237.1	0.224254712
AC005237.2	0.071551589
AC005244.1	0.138670779
AC005244.2	0
AC005252.1	0
AC005252.2	0
AC005252.3	0
AC005253.1	0.971041955
AC005253.2	0
AC005255.1	1.886179388
AC005256.1	0
AC005258.1	0
AC005261.1	6.583670411
AC005261.2	0.194935286
AC005261.3	2.025194109
AC005261.4	0.044140276
AC005261.5	0.463202392
AC005262.1	0.129860204
AC005262.2	0
AC005264.1	0.513542323
AC005274.1	0.547075242
AC005277.1	0
AC005277.2	0.683042477
AC005280.1	0.092175282
AC005281.1	0.034401313
AC005288.1	5.484429298
AC005291.1	0
AC005291.2	0
AC005294.1	0
AC005296.1	0
AC005297.1	0
AC005297.2	0
AC005297.3	0
AC005300.1	0.042010182
AC005301.1	0
AC005303.1	0
AC005304.1	0
AC005304.2	0
AC005304.3	0.030664967
AC005306.1	0.268146276
AC005307.1	0
AC005323.1	0
AC005323.2	0
AC005324.1	0.148575834
AC005324.2	0
AC005324.3	0.093780075
AC005324.4	0
AC005324.5	0.054885457
AC005324.6	0
AC005326.1	0.127396732
AC005329.1	0.03510456
AC005329.2	0
AC005329.3	0.057356508
AC005330.1	0
AC005332.1	0.203348524
AC005332.2	0.189444881
AC005332.3	0.220096512
AC005332.4	6.113329262
AC005332.5	1.187934811
AC005332.6	1.55838576
AC005332.7	7.649822643
AC005332.8	0.379720468
AC005336.1	0.088245041
AC005336.2	0
AC005336.3	0
AC005339.1	0
AC005341.1	0
AC005342.1	0
AC005342.2	0
AC005344.1	0
AC005345.1	0
AC005351.1	0
AC005355.1	0.021946496
AC005355.2	0
AC005357.1	0
AC005357.2	0.039948497
AC005358.1	0.027418719
AC005358.2	0.021296273
AC005363.1	0
AC005363.2	0.064751231
AC005377.1	0
AC005379.1	0.286642646
AC005381.1	0
AC005383.1	0.146720955
AC005387.1	0.356131773
AC005387.2	0.213679064
AC005391.1	0.045952487
AC005392.1	0
AC005392.2	0.208236518
AC005392.3	0
AC005393.1	0.321982151
AC005394.1	0
AC005410.1	0.033844056
AC005412.1	0
AC005476.1	0
AC005476.2	0.966277369
AC005479.1	2.793427486
AC005479.2	2.217767233
AC005480.1	0.031712215
AC005480.2	0.153249858
AC005481.1	0.01813634
AC005482.1	0
AC005486.1	0.290181444
AC005487.1	0
AC005495.1	0.007643804
AC005498.1	0
AC005498.2	0.184350565
AC005498.3	0.321824702
AC005514.1	0
AC005515.1	0.091457965
AC005515.2	0
AC005518.1	0
AC005518.2	0
AC005519.1	0.768014971
AC005520.1	0.050889736
AC005520.2	2.938087124
AC005520.3	0.084701611
AC005520.4	0
AC005520.5	0
AC005521.1	0.017969952
AC005522.1	0
AC005523.1	0.14995022
AC005523.2	0
AC005529.1	0
AC005531.1	0
AC005532.1	0.114008231
AC005532.2	0.042010182
AC005534.1	0.063354978
AC005534.2	0.07237782
AC005537.1	0.003466769
AC005538.1	0
AC005538.2	0
AC005539.1	0
AC005540.1	0.153458305
AC005544.1	0.238453448
AC005544.2	0
AC005546.1	0.520990726
AC005549.1	0
AC005550.1	0
AC005550.2	0.025118565
AC005552.1	0.094681559
AC005559.1	0
AC005562.1	0.251817496
AC005562.2	0
AC005578.1	0.015362547
AC005580.1	0
AC005586.1	0.515989882
AC005586.2	0.074885534
AC005587.1	0
AC005588.1	0
AC005592.1	0.105102304
AC005593.1	0.060853584
AC005597.1	0
AC005606.1	0
AC005606.2	0
AC005609.1	0
AC005609.2	0
AC005609.3	0
AC005609.4	0
AC005609.5	0
AC005614.1	0.008579139
AC005614.2	0
AC005616.1	0
AC005618.1	0.104531689
AC005618.2	0
AC005618.3	0
AC005625.1	0.033198725
AC005632.1	0
AC005632.2	1.230116992
AC005632.3	0
AC005632.4	0
AC005670.1	0.039670375
AC005670.2	0
AC005674.1	0.273111948
AC005674.2	1.892875883
AC005682.1	1.24973849
AC005691.1	0
AC005692.1	0
AC005692.2	0
AC005695.1	0.013813292
AC005695.2	0
AC005695.3	0.135084465
AC005696.1	0.318348041
AC005696.2	0
AC005696.3	2.223766712
AC005696.4	0.084647781
AC005697.1	0
AC005697.2	0.00691518
AC005699.1	0.015545435
AC005702.1	0
AC005702.2	0.032487487
AC005702.3	0
AC005702.4	0
AC005703.1	0
AC005703.2	0
AC005703.3	0
AC005703.4	0.116504074
AC005703.5	0
AC005703.6	0.212232027
AC005722.1	0
AC005722.2	0.02789875
AC005722.3	0
AC005725.1	0.018031988
AC005726.1	0.370076025
AC005726.2	0.020686202
AC005726.3	0.889551851
AC005726.4	0
AC005726.5	0
AC005730.1	0
AC005730.2	0.066173133
AC005730.3	0.042813656
AC005736.1	1.731096765
AC005736.2	0.34416869
AC005736.3	0.064220484
AC005740.1	0
AC005740.2	0
AC005740.3	0.455517384
AC005740.4	0.704076608
AC005741.1	0
AC005746.1	0.353720045
AC005746.2	0.633459919
AC005746.3	0.03987226
AC005753.1	0.760669806
AC005757.1	0.066397449
AC005758.1	0
AC005759.1	0.232719772
AC005771.1	0
AC005772.1	0
AC005774.1	0
AC005775.1	0.036870113
AC005776.1	0.918574365
AC005776.2	1.470427624
AC005777.1	0
AC005779.1	0.087054433
AC005779.2	0
AC005785.1	0.557585695
AC005785.2	0.571165379
AC005786.1	0.508759675
AC005786.2	0
AC005786.3	0
AC005786.4	0
AC005789.1	0
AC005790.1	0.62679192
AC005796.1	0.03618891
AC005798.1	0
AC005808.1	0
AC005821.1	0.008052311
AC005822.1	0.075772718
AC005823.1	0
AC005823.2	0
AC005828.1	0.119616779
AC005828.2	0
AC005828.3	0.026514041
AC005828.4	0.141936576
AC005828.5	0.132420828
AC005828.6	0.202626698
AC005828.7	0
AC005829.1	0.069746875
AC005829.2	0.014838824
AC005831.1	0.433989691
AC005832.1	0.027394752
AC005832.2	0
AC005832.3	0
AC005832.4	0.038312465
AC005833.1	0.100367001
AC005833.2	0
AC005833.3	0
AC005837.1	0.027378797
AC005837.2	0
AC005837.3	0.273947517
AC005838.1	0
AC005838.2	0.642610012
AC005839.1	0.487699906
AC005840.1	0.997546822
AC005840.2	1.321025677
AC005840.3	0.043980989
AC005840.4	1.151036914
AC005841.1	0.109197199
AC005842.1	0
AC005845.1	0.215969651
AC005856.1	2.575106663
AC005858.1	0
AC005858.2	0
AC005858.3	0
AC005863.1	0
AC005865.1	0.020865244
AC005865.2	0.020412242
AC005868.1	0
AC005871.1	0
AC005871.2	0
AC005884.1	1.935895789
AC005884.2	0.063440478
AC005899.1	0.111330714
AC005899.2	0
AC005899.3	0
AC005899.4	0
AC005899.5	0.170323891
AC005899.6	2.004889979
AC005899.7	0.719531541
AC005899.8	0.086322459
AC005901.1	0.227098522
AC005906.1	0
AC005906.2	0
AC005908.1	0
AC005908.2	0.206959596
AC005909.1	0
AC005911.1	0.790362618
AC005912.1	32.44569938
AC005912.2	0.058761742
AC005915.1	0
AC005920.1	0.022886755
AC005920.2	0.094396373
AC005920.3	0.025500078
AC005920.4	0.031849183
AC005921.1	0
AC005921.2	0
AC005921.3	0.050994229
AC005943.1	0.015638521
AC005943.2	0
AC005944.1	0
AC005951.1	0
AC005954.1	0.139493751
AC005954.2	0
AC005962.1	0.048066865
AC005972.1	0.103090776
AC005972.2	0
AC005972.3	0
AC005993.1	0
AC005996.1	0
AC005999.1	0
AC006001.1	0
AC006001.2	1.035743577
AC006001.3	1.269783065
AC006001.4	16.78056848
AC006003.1	0
AC006004.1	0.007305267
AC006006.1	0
AC006007.1	0
AC006011.1	0
AC006011.2	0.013531777
AC006012.1	0.022676987
AC006013.1	0
AC006015.1	0
AC006017.1	0.023283504
AC006019.1	0
AC006019.2	0
AC006019.3	0
AC006020.1	0.05071132
AC006022.1	0
AC006023.1	0.121002301
AC006023.2	0.281493377
AC006026.1	0
AC006026.2	0
AC006026.3	0.657474042
AC006027.1	0
AC006028.1	0
AC006030.1	0.012389641
AC006033.1	0.33105207
AC006033.2	0.549398405
AC006037.1	0
AC006037.2	0
AC006041.1	0.191095097
AC006042.1	3.080132048
AC006042.2	0.193113708
AC006042.3	0.256007591
AC006042.4	0.543461202
AC006055.1	0
AC006058.1	1.190620136
AC006058.2	0
AC006058.3	0.029316741
AC006058.4	0.910161919
AC006059.1	0.399230522
AC006063.1	0
AC006064.1	0.111927129
AC006064.2	0.221203888
AC006064.3	0.065701459
AC006064.4	0
AC006064.5	0
AC006065.1	0
AC006065.2	0
AC006065.3	0
AC006065.4	0
AC006065.5	0
AC006065.6	0
AC006070.1	0
AC006076.1	0
AC006077.1	0
AC006077.2	0.377172381
AC006111.1	0
AC006111.2	0.190737241
AC006111.3	0.327306486
AC006115.1	0.030309087
AC006115.2	0
AC006116.1	0.036088895
AC006116.10	0.647289418
AC006116.2	0
AC006116.3	0
AC006116.4	0.138670779
AC006116.5	0.168191034
AC006116.6	0
AC006116.7	0
AC006116.8	0.012353014
AC006116.9	0.030134227
AC006122.1	0.106839532
AC006128.1	0.839621927
AC006130.1	0.02823387
AC006130.2	0
AC006133.1	0
AC006141.1	0.007221105
AC006144.1	0
AC006145.1	0
AC006146.1	0
AC006148.1	0
AC006148.2	0.024107382
AC006150.1	0
AC006153.1	0
AC006157.1	0.428136557
AC006158.1	0
AC006159.1	0.365357984
AC006159.2	0.430240118
AC006160.1	0.334289024
AC006195.1	0
AC006197.1	0
AC006199.1	0
AC006205.1	0
AC006205.2	0
AC006206.1	0
AC006206.2	0
AC006210.1	0
AC006210.2	0.040674362
AC006213.1	0.166986503
AC006213.2	0.278669458
AC006213.3	0.212163609
AC006213.4	0.790904631
AC006213.5	0.380863146
AC006213.6	0.063744093
AC006236.1	0
AC006237.1	0.5223266
AC006238.1	1.966060797
AC006249.1	0
AC006252.1	0.028464665
AC006254.1	0.320095636
AC006254.2	0.168492452
AC006254.3	0.017726016
AC006262.1	0.013254778
AC006262.2	0
AC006262.3	0
AC006262.4	0
AC006270.1	0.360602046
AC006270.2	0.024033433
AC006270.3	0.045375863
AC006272.1	0.028387315
AC006272.2	0.444533276
AC006273.1	0.891777122
AC006277.1	0.165457494
AC006288.1	0
AC006296.1	0
AC006296.2	0
AC006299.1	0.077669383
AC006305.1	0.005204184
AC006305.2	0
AC006305.3	0
AC006326.1	0
AC006328.1	0
AC006329.1	0.200039974
AC006329.2	0.039771061
AC006330.1	0.346990997
AC006333.1	0
AC006333.2	4.0910192
AC006335.1	0
AC006335.2	0
AC006335.3	0
AC006338.1	0
AC006338.2	0
AC006349.1	0
AC006355.1	0
AC006355.2	0
AC006357.1	0
AC006362.1	0
AC006363.1	0
AC006366.1	0
AC006369.1	0.657674003
AC006369.2	0
AC006372.1	0
AC006372.2	0.053663692
AC006372.3	0.015480166
AC006372.4	0.02031082
AC006378.1	0.936245792
AC006378.2	0.227832281
AC006380.1	0
AC006386.1	0
AC006386.2	0.077191123
AC006387.1	0.035775795
AC006390.1	0
AC006427.1	0.022008143
AC006435.1	0
AC006435.2	1.117457231
AC006435.3	0
AC006435.4	0
AC006435.5	0
AC006441.1	0.502007258
AC006441.2	0
AC006441.3	0
AC006441.4	0.015940791
AC006441.5	0
AC006445.1	0
AC006445.2	0
AC006449.1	0
AC006449.2	0.902786716
AC006449.3	0.027832678
AC006449.5	0.104564906
AC006449.6	1.269417433
AC006449.7	0
AC006450.1	0
AC006450.2	0.620319026
AC006450.3	0
AC006455.1	0
AC006455.2	0
AC006455.3	0
AC006455.4	0
AC006455.5	0
AC006455.6	0
AC006455.7	0
AC006455.8	0
AC006457.1	0
AC006458.1	0
AC006460.1	0.306431605
AC006461.1	0
AC006463.1	0
AC006466.1	0
AC006480.1	0.041454492
AC006480.2	0.351603545
AC006482.1	0
AC006483.1	0.100126505
AC006483.2	0
AC006484.1	0
AC006486.1	0
AC006486.2	0.14251749
AC006487.1	0.038500732
AC006487.2	0
AC006499.1	0
AC006499.2	0
AC006499.3	0
AC006499.4	0
AC006499.5	0
AC006499.6	0
AC006499.7	0
AC006499.8	0
AC006504.1	0.149602545
AC006504.2	0.034213533
AC006504.3	0.119845491
AC006504.4	0
AC006504.5	0.569977091
AC006504.6	0
AC006504.7	0.067834623
AC006504.8	1.135134973
AC006509.1	0
AC006509.2	0
AC006511.1	0
AC006511.2	0
AC006511.3	0.641556508
AC006512.1	0.053848103
AC006512.2	0
AC006517.1	0
AC006518.1	0
AC006518.2	0.072882781
AC006529.1	0
AC006530.1	0
AC006538.1	0.118635695
AC006538.2	0
AC006538.3	0
AC006539.1	0
AC006539.2	0.438316028
AC006539.3	0
AC006547.1	1.617438346
AC006547.2	0
AC006547.3	0
AC006548.1	0
AC006548.2	0
AC006557.1	0.057768841
AC006557.2	0
AC006557.3	0
AC006557.4	0
AC006557.5	0
AC006557.6	0.181363403
AC006566.1	0.06109083
AC006581.1	0
AC006600.1	0
AC006600.2	0.018758737
AC006840.1	0
AC006924.1	0
AC006927.1	0.125861831
AC006942.1	1.054697942
AC006946.1	0.477737744
AC006946.2	0.03841982
AC006946.3	0.145090722
AC006947.1	0.097126847
AC006960.1	0
AC006960.2	0
AC006960.3	0.066679991
AC006963.1	0
AC006965.1	0.032679454
AC006967.1	0
AC006967.2	0
AC006967.3	0
AC006970.1	0.040282257
AC006970.2	0.06034582
AC006971.1	0.03842349
AC006978.1	4.825383499
AC006978.2	0.164697577
AC006986.1	0
AC006987.1	0
AC006987.2	0
AC006987.3	0
AC006987.4	0
AC006989.1	0
AC006994.1	0.037353511
AC006994.2	0.012194395
AC007000.1	0.355234715
AC007000.2	0.09652853
AC007000.3	0.050793511
AC007001.1	0
AC007003.1	0
AC007009.1	0
AC007012.1	0
AC007012.2	0.009349521
AC007014.1	0.07706458
AC007014.2	0.22899496
AC007016.1	0
AC007029.1	0.050063252
AC007032.1	0.259004926
AC007036.1	0.371983335
AC007036.2	0.286861291
AC007036.3	0
AC007038.1	0.505937088
AC007038.2	0.762314497
AC007040.1	0
AC007040.2	0.028164094
AC007041.1	0.013566925
AC007064.1	0
AC007064.2	0
AC007064.3	0
AC007066.1	0.041128079
AC007066.2	0.750087563
AC007068.1	0
AC007068.2	0
AC007091.1	0
AC007098.1	0
AC007099.1	0.039670375
AC007099.2	0
AC007100.1	0
AC007106.1	0
AC007114.1	1.374543684
AC007114.2	0.040263438
AC007115.1	0
AC007126.1	0
AC007128.1	0
AC007128.2	0
AC007136.1	0
AC007151.1	0.064885292
AC007159.1	0
AC007160.1	0
AC007161.1	0
AC007161.2	0
AC007163.1	0.017867501
AC007179.1	0
AC007179.2	0
AC007179.3	0
AC007182.1	0.261284265
AC007182.2	0.428775567
AC007191.1	0.361007032
AC007192.1	0.018284478
AC007192.2	0
AC007193.1	0
AC007193.2	0.531179593
AC007193.3	0
AC007204.1	0
AC007204.2	0
AC007207.1	0.018115373
AC007207.2	0.719531541
AC007215.1	0
AC007216.1	0
AC007216.2	0.65290825
AC007216.3	1.152961725
AC007216.4	0.613408462
AC007216.5	0.143759615
AC007218.1	0
AC007220.1	0.178234669
AC007221.1	0
AC007223.1	0
AC007224.1	0
AC007224.2	0.061450188
AC007225.1	0
AC007225.2	0
AC007228.1	0.11035069
AC007228.2	0.731571894
AC007229.1	0.570502354
AC007237.1	0
AC007238.1	0.189009625
AC007249.1	0.126880955
AC007249.2	0.143021545
AC007250.1	0
AC007253.1	0
AC007255.1	0.054409021
AC007255.2	0
AC007256.1	0.011334393
AC007262.1	0
AC007271.1	0.410204136
AC007272.1	0.185222199
AC007274.1	0.047340779
AC007274.2	0
AC007274.3	0
AC007275.1	0
AC007277.1	0.252484157
AC007278.1	0.614038806
AC007278.2	0.091407155
AC007279.1	0.243377986
AC007283.1	0
AC007283.2	1.034047583
AC007285.1	0.263081603
AC007285.2	0
AC007292.1	0.441106914
AC007292.2	0.31132049
AC007292.3	0.087785983
AC007298.1	0
AC007298.2	0.01817842
AC007308.1	0
AC007312.1	0
AC007314.1	0
AC007318.1	0.853746088
AC007318.2	0.128969531
AC007319.1	0.766457511
AC007322.1	0
AC007322.2	0
AC007322.3	0
AC007322.4	0
AC007326.1	0.034213533
AC007326.2	0
AC007327.1	0
AC007327.2	0
AC007333.1	0
AC007333.2	0
AC007336.1	0.114617122
AC007336.2	0.984637217
AC007336.3	0.014509072
AC007342.1	0.066585544
AC007342.2	0
AC007342.3	0.101516507
AC007342.4	0.325863792
AC007342.5	0.182887465
AC007342.6	0.096652571
AC007342.7	0.878366939
AC007342.8	0.231117965
AC007342.9	0.260220472
AC007344.1	0
AC007346.1	0
AC007346.2	0
AC007347.1	0.446115245
AC007347.2	0
AC007349.1	0.026694715
AC007349.2	0
AC007349.3	0
AC007349.4	0.029454508
AC007359.1	0
AC007362.1	0.154477368
AC007363.1	0
AC007364.1	0.490639468
AC007365.1	0.124958517
AC007365.2	0.75269772
AC007368.1	0
AC007368.2	0
AC007370.1	0.049587968
AC007370.2	0
AC007375.1	0
AC007375.2	0
AC007375.3	0
AC007376.1	0
AC007376.2	0.174108867
AC007378.1	0.262256033
AC007381.1	0
AC007382.1	0.730219769
AC007383.1	0.024638047
AC007383.2	1.621536156
AC007383.3	0
AC007383.4	0
AC007384.1	0.666799915
AC007386.1	0.053848103
AC007387.1	1.775910439
AC007388.1	1.271529373
AC007389.1	0.06394096
AC007389.2	0
AC007389.3	0
AC007389.4	0.059280446
AC007389.5	0.126369339
AC007390.1	0
AC007390.2	0.35023214
AC007391.1	0
AC007394.1	0
AC007395.1	0
AC007402.1	0
AC007403.1	0.027636328
AC007405.1	0.582353842
AC007405.2	0
AC007405.3	8.94491054
AC007406.1	0.04974539
AC007406.2	0
AC007406.3	0.555854321
AC007406.4	0.040966792
AC007406.5	1.30499264
AC007422.1	0
AC007422.2	0
AC007423.1	0
AC007424.1	0.017901521
AC007431.1	0
AC007431.2	0
AC007431.3	0
AC007435.1	0.037758549
AC007448.1	0
AC007448.2	0.041236311
AC007448.3	0.090971251
AC007450.1	0
AC007450.2	0
AC007450.3	0
AC007450.4	0
AC007458.1	0
AC007463.1	0
AC007485.1	0.760669806
AC007485.2	1.616799793
AC007490.1	0.044579795
AC007493.1	0
AC007493.2	0.065564008
AC007494.1	0
AC007494.2	0
AC007494.3	0.042179806
AC007495.1	0.019484951
AC007495.2	0
AC007496.1	0.127224341
AC007496.2	0
AC007496.3	0.050063252
AC007497.1	0
AC007513.1	0.041345113
AC007527.1	0
AC007527.2	0
AC007529.1	0
AC007533.1	0.072045048
AC007536.1	0
AC007537.1	1.293836532
AC007537.2	0.122659867
AC007540.1	0
AC007541.1	0.640018979
AC007546.1	0.504573102
AC007546.2	0.043527217
AC007547.1	0
AC007547.2	0
AC007551.1	0.030192289
AC007551.2	0
AC007552.1	0.016903773
AC007552.2	0.337823174
AC007556.1	0
AC007557.1	0
AC007557.2	0
AC007557.3	0.004998341
AC007557.4	0
AC007559.1	0
AC007560.1	0
AC007562.1	0
AC007563.1	0.045485626
AC007563.2	0.017333847
AC007563.3	0.295656566
AC007566.1	2.39182366
AC007566.2	0
AC007568.1	0
AC007569.1	0.145935255
AC007570.1	0.12993199
AC007595.1	0
AC007598.1	0.069954455
AC007598.2	0.029071981
AC007598.3	0.102722156
AC007599.1	0
AC007599.2	0
AC007601.1	0.047628565
AC007601.2	0
AC007603.1	0
AC007603.2	0
AC007608.1	0.038079704
AC007608.2	0
AC007608.3	0.139617157
AC007608.4	0.055880409
AC007610.1	0
AC007610.2	0.164697577
AC007610.3	0
AC007610.4	0.02949609
AC007611.1	0.424169441
AC007613.1	0.060338075
AC007614.1	0
AC007614.2	0
AC007618.1	0
AC007619.1	0.760669806
AC007619.2	0.12403534
AC007620.1	0
AC007620.2	0
AC007620.3	0.126115074
AC007621.1	0
AC007622.1	0.029289342
AC007622.2	0.137133588
AC007631.1	0
AC007637.1	0.275512932
AC007638.1	0
AC007638.2	0
AC007639.1	0.037622564
AC007652.1	0
AC007655.1	0
AC007656.1	0
AC007656.2	0
AC007663.1	0.404381884
AC007663.2	0.112529968
AC007663.3	0.067396981
AC007663.4	0.521498824
AC007666.1	0.047968769
AC007671.1	0.415344043
AC007673.1	0.014245271
AC007677.1	0
AC007679.1	0
AC007679.2	0
AC007681.1	0.442108902
AC007683.1	0.371196568
AC007683.2	0.021946496
AC007684.1	0.295656566
AC007685.1	0.104003084
AC007686.1	0.033844056
AC007686.2	0.033411083
AC007686.3	0.301083013
AC007687.1	0.56699927
AC007688.1	0.412906403
AC007688.2	0.127396732
AC007690.1	0
AC007718.1	0
AC007728.1	0.019250366
AC007728.2	0.613166008
AC007728.3	0.084020365
AC007731.1	0
AC007731.2	0.248434848
AC007731.3	0
AC007731.4	0.048066865
AC007731.5	0
AC007738.1	0
AC007741.1	0.00896698
AC007742.1	0
AC007742.2	0
AC007743.1	1.894893428
AC007744.1	0
AC007749.1	0
AC007750.1	0.037694968
AC007751.1	0
AC007751.2	0
AC007773.1	0.274060253
AC007780.1	0.09252162
AC007785.1	0
AC007785.2	0
AC007785.3	0.101095471
AC007786.1	0.019179679
AC007786.2	0.039028139
AC007786.3	0.026291607
AC007787.1	0
AC007787.2	0.156959579
AC007790.1	0.100190524
AC007792.1	0.194897985
AC007795.1	0
AC007823.1	0.110068824
AC007834.1	0.064573343
AC007834.2	0.319791796
AC007842.1	0.368881954
AC007848.1	0
AC007848.2	0.009073421
AC007849.1	0.274908737
AC007849.2	0.133076841
AC007861.1	0.092995834
AC007861.2	0
AC007876.1	0
AC007878.1	0.533646371
AC007879.1	0.056569668
AC007879.2	0.284388348
AC007879.3	0.12879286
AC007879.4	0.043406643
AC007881.1	0
AC007881.2	0.027490874
AC007881.3	0.051630306
AC007899.1	0
AC007906.1	0.184350565
AC007906.2	5.023592928
AC007907.1	0
AC007919.1	0.216633152
AC007919.2	0
AC007920.1	0.011720118
AC007922.1	0.034138993
AC007922.2	0
AC007922.3	0
AC007923.1	0
AC007923.2	0
AC007923.3	0
AC007923.4	0.11035069
AC007938.1	0.043197238
AC007938.2	0.029745251
AC007938.3	0.855173566
AC007948.1	0.064751231
AC007950.1	0.050958693
AC007950.2	0.040059134
AC007952.1	0
AC007952.2	0.03541769
AC007952.3	0.067252352
AC007952.4	0.073798107
AC007952.5	0
AC007952.6	0.128969531
AC007952.7	0
AC007952.8	0
AC007952.9	0
AC007953.1	0
AC007953.2	0.081190663
AC007954.1	0
AC007956.1	0.346932797
AC007966.1	0.021290486
AC007967.1	0
AC007967.2	0
AC007967.3	0
AC007967.4	0
AC007969.1	6.835817917
AC007969.2	0.082040827
AC007991.1	0
AC007991.2	0.614501882
AC007991.3	0.062429474
AC007991.4	0.129502463
AC007992.1	0
AC007992.2	0
AC007993.1	0.02064532
AC007993.2	0
AC007996.1	0.194414367
AC007998.1	0
AC007998.2	0.137756466
AC007998.3	0.992192449
AC007998.4	0
AC007998.5	0.132234582
AC008011.1	0
AC008011.2	0.118710591
AC008013.1	0.111077049
AC008013.2	0.810506793
AC008013.3	0
AC008014.1	0.879535137
AC008015.1	0
AC008026.1	1.787829301
AC008026.2	0
AC008026.3	0.009179729
AC008033.1	0
AC008033.2	0
AC008033.3	0.24501461
AC008035.1	1.469043562
AC008040.1	0.001964372
AC008040.2	0.044264966
AC008040.3	0
AC008040.4	0
AC008040.5	0
AC008050.1	0.793407493
AC008055.1	0
AC008056.1	0
AC008056.2	0
AC008060.1	0
AC008060.2	0
AC008060.3	0
AC008060.4	0
AC008063.1	0.195872475
AC008063.2	0
AC008065.1	0.045028155
AC008066.1	0
AC008067.1	0
AC008069.1	0
AC008072.1	0
AC008073.1	0.028857823
AC008073.2	0.05267159
AC008073.3	0.054957643
AC008074.1	0.866932116
AC008074.2	0.073052671
AC008074.3	0.295811603
AC008079.1	0
AC008079.2	0.050706348
AC008080.1	0.222161597
AC008080.2	0.108629449
AC008080.3	0
AC008080.4	0.03285073
AC008083.1	0
AC008083.2	0.460876412
AC008083.3	0.070584676
AC008088.1	0
AC008103.1	0
AC008105.1	0.314352685
AC008105.2	1.007657094
AC008105.3	1.356728947
AC008109.1	0
AC008114.1	0
AC008115.1	0
AC008115.2	0
AC008115.3	0.59939118
AC008115.4	0.262848224
AC008121.1	0.292346977
AC008121.2	0.239690983
AC008121.3	0.18094455
AC008124.1	1.339904618
AC008125.1	0.02037685
AC008126.1	0
AC008127.1	0
AC008127.2	0
AC008132.1	0
AC008132.2	0
AC008133.1	0
AC008133.2	0
AC008134.1	0
AC008147.1	0.096429526
AC008147.2	0.04987205
AC008147.3	0.088529932
AC008147.4	0
AC008149.1	0.059694469
AC008154.1	0
AC008154.2	0
AC008155.1	0.142885696
AC008155.2	0
AC008162.1	0
AC008162.2	0
AC008163.1	0
AC008164.1	0
AC008171.1	0
AC008175.1	0
AC008175.2	0
AC008243.1	0.075882799
AC008250.1	0.06003754
AC008250.2	0
AC008264.1	0.042696997
AC008264.2	0.075598061
AC008267.1	0.01465837
AC008267.2	0.539452062
AC008267.3	1.232456022
AC008267.4	0.030076388
AC008267.5	1.973233821
AC008267.6	0
AC008267.7	0
AC008267.8	0.026247568
AC008268.1	32.94998631
AC008269.1	0.048513306
AC008269.2	0.014180813
AC008277.1	0.010363623
AC008277.2	0.019660976
AC008278.1	0
AC008278.2	0
AC008280.1	0.03803349
AC008280.2	0
AC008280.3	1.048934565
AC008378.1	0
AC008379.1	0
AC008385.1	0
AC008392.1	0.143430645
AC008393.1	0.484966238
AC008395.1	0.051630306
AC008403.1	0
AC008403.2	0
AC008403.3	0.069029947
AC008406.1	0
AC008406.2	0
AC008406.3	0
AC008410.1	0.046223593
AC008413.1	0
AC008413.2	0
AC008415.1	0
AC008417.1	0
AC008427.1	0
AC008429.1	0.355106933
AC008429.2	0.290181444
AC008429.3	0
AC008429.4	0.086097791
AC008432.1	0
AC008434.1	0.028542437
AC008438.1	0.9989853
AC008438.2	0.082472621
AC008440.1	0.785274615
AC008440.2	0
AC008440.3	0.621145146
AC008443.1	0.288604371
AC008443.2	0
AC008443.3	0.057084874
AC008443.4	0.034363592
AC008443.5	2.38593632
AC008443.6	0.063354978
AC008443.7	0.700682024
AC008446.1	0
AC008448.1	0.026831846
AC008453.1	0
AC008456.1	0
AC008464.1	0
AC008467.1	0.088788839
AC008474.1	0
AC008481.1	0.712263545
AC008481.2	0.236079819
AC008481.3	0
AC008489.1	0
AC008494.1	0.098428379
AC008494.2	0.127052416
AC008494.3	0.398384695
AC008496.1	0
AC008496.2	0.374712561
AC008498.1	0.295099774
AC008498.2	0.006748406
AC008507.1	0.512363967
AC008507.2	0.026649316
AC008507.3	0
AC008514.1	0
AC008514.2	0.222682245
AC008517.1	0
AC008521.1	0
AC008521.2	0
AC008522.1	0.016187808
AC008525.1	0
AC008525.2	0
AC008526.1	0
AC008534.1	0.016154431
AC008537.1	0
AC008537.2	1.430437991
AC008537.3	1.182940625
AC008539.1	0
AC008543.1	0.199172721
AC008543.2	0
AC008543.3	0
AC008543.4	0.177260158
AC008543.5	0.024922144
AC008549.1	0
AC008549.2	0
AC008549.3	0
AC008550.1	0
AC008551.1	0
AC008554.1	0
AC008555.1	0.380803941
AC008555.2	0.133106076
AC008555.3	0
AC008555.4	0.11035069
AC008555.5	1.972682408
AC008555.6	0
AC008555.7	0
AC008555.8	0.390299397
AC008556.1	0.91407155
AC008560.1	3.031834642
AC008562.1	0
AC008565.1	0
AC008567.1	0
AC008567.2	0.023886887
AC008568.1	0
AC008568.2	0
AC008569.1	0
AC008569.2	0.423031667
AC008571.1	0
AC008572.1	0
AC008574.1	0
AC008575.1	0
AC008581.1	0
AC008588.1	0
AC008591.1	0
AC008592.1	0.221220678
AC008592.2	0.054885457
AC008592.3	0.59980088
AC008592.4	0.069643547
AC008592.5	0.343761565
AC008601.1	0
AC008608.1	0
AC008608.2	0.640352322
AC008609.1	0.086753207
AC008610.1	0.996806488
AC008619.1	0.027636328
AC008620.1	0
AC008620.2	0.009987124
AC008622.1	0
AC008622.2	0.127500391
AC008622.3	0
AC008626.1	0
AC008626.2	0
AC008627.1	0
AC008628.1	0
AC008628.2	0
AC008629.1	0.187802822
AC008629.2	0
AC008629.3	0
AC008632.1	0
AC008635.1	0.083646609
AC008637.1	0.623053598
AC008638.1	0
AC008638.2	0
AC008638.3	0
AC008641.1	0.189554008
AC008649.1	0
AC008649.2	0.194253694
AC008652.1	0
AC008655.1	0
AC008655.2	0
AC008659.1	0.021494922
AC008662.1	0
AC008662.2	0
AC008663.1	0
AC008663.2	0.119577092
AC008663.3	0.034288398
AC008667.1	0
AC008667.2	0
AC008667.3	0.028335982
AC008667.4	0
AC008669.1	2.014482754
AC008676.1	0.12065292
AC008676.2	0.029532224
AC008676.3	0
AC008677.1	0
AC008677.2	0.153625471
AC008677.3	0
AC008680.1	0
AC008686.1	0
AC008687.1	0
AC008687.2	0.120536908
AC008687.3	0.314444107
AC008687.4	0.12713832
AC008687.5	0
AC008687.6	0
AC008691.1	0.23622811
AC008694.1	0
AC008694.2	0.10241698
AC008695.1	0
AC008696.1	0
AC008696.2	0
AC008700.1	0
AC008705.1	0
AC008708.1	0
AC008708.2	0
AC008716.1	0.030545415
AC008723.1	0
AC008725.1	0
AC008728.1	0
AC008731.1	0.054127109
AC008734.1	0.087540771
AC008734.2	0
AC008735.1	0.312614424
AC008735.2	2.876986084
AC008735.3	0
AC008735.4	1.237089315
AC008735.5	0
AC008736.1	0.717279486
AC008736.2	0.060735651
AC008737.1	0.295656566
AC008737.2	0.132794898
AC008737.3	0
AC008738.1	0.041786128
AC008738.2	0.077573257
AC008738.3	0
AC008738.4	0.044770851
AC008738.5	0
AC008738.6	0
AC008738.7	0
AC008739.1	0
AC008739.2	0.148294618
AC008739.3	0
AC008739.5	0
AC008740.1	0.184350565
AC008740.2	0
AC008741.1	0
AC008741.2	0.558378034
AC008742.1	0.026854838
AC008743.1	0
AC008745.1	0.173466398
AC008747.1	0.035452032
AC008749.1	0
AC008750.1	0.254793463
AC008750.2	0.187102066
AC008750.3	0
AC008750.4	0
AC008750.5	0.33128537
AC008750.6	0
AC008750.7	0
AC008750.8	0.255949514
AC008751.1	0
AC008751.2	0
AC008752.1	0.230438206
AC008752.2	0.062679192
AC008752.3	1.188439735
AC008753.1	0.44140276
AC008753.2	0
AC008753.3	0
AC008758.1	0
AC008758.2	0.045092944
AC008758.3	0
AC008758.4	0.169207229
AC008758.5	0
AC008758.6	0.133246582
AC008759.1	0.063763166
AC008759.2	0.28727963
AC008759.3	0.030846059
AC008760.1	2.238542571
AC008760.2	0.404158386
AC008761.1	0
AC008761.2	0.074796172
AC008761.3	0
AC008763.1	0.483291516
AC008763.2	0
AC008763.3	0.625178556
AC008764.1	0
AC008764.10	0.017125462
AC008764.2	2.292124707
AC008764.3	0
AC008764.4	0.026469253
AC008764.5	0
AC008764.6	0.28779716
AC008764.7	0
AC008764.8	0.207623382
AC008764.9	0.03753245
AC008770.1	0
AC008770.2	0.049431539
AC008770.3	0.736614436
AC008771.1	3.839783965
AC008780.1	0
AC008780.2	0.038219019
AC008781.1	0.201865353
AC008781.2	0.025273868
AC008781.3	0.327428615
AC008782.1	0
AC008785.1	0
AC008794.1	0
AC008794.2	0
AC008798.1	0
AC008799.1	0.205730389
AC008799.2	0
AC008802.1	0.118860667
AC008805.1	0
AC008805.2	0
AC008806.1	0.006414162
AC008808.1	0
AC008808.2	0
AC008813.1	0.088529932
AC008814.1	0
AC008817.1	0
AC008825.1	0
AC008825.2	0
AC008833.1	0
AC008834.1	0
AC008837.1	0
AC008837.2	0
AC008840.1	0.051715505
AC008850.1	0.08657347
AC008852.1	0
AC008868.1	0
AC008869.1	0
AC008870.1	0
AC008870.2	0.504983724
AC008870.3	0.048891725
AC008870.4	0.099966813
AC008870.5	0
AC008871.1	0
AC008873.1	0
AC008875.1	0.038643152
AC008878.1	0.02471577
AC008878.2	0
AC008878.3	0.027970683
AC008878.4	0
AC008883.1	0
AC008883.2	0.113549261
AC008885.1	0.05205913
AC008885.2	0
AC008892.1	0
AC008894.1	0.085393995
AC008894.2	0.079805439
AC008894.3	0.186845803
AC008895.1	0.071715323
AC008897.1	0.812842547
AC008897.2	0
AC008897.3	0.421754397
AC008906.1	0.688782329
AC008906.2	0.302931068
AC008914.1	0
AC008915.1	0.168492452
AC008915.2	1.135943648
AC008937.1	0.068576796
AC008937.2	0
AC008937.3	0.294960903
AC008938.1	0.00962814
AC008940.1	0.059884578
AC008945.1	0
AC008946.1	0.744408456
AC008948.1	0
AC008953.1	0.049276094
AC008957.1	0.29744224
AC008957.2	0.039570197
AC008957.3	0.20268695
AC008958.1	0
AC008962.1	0
AC008966.1	0.549473192
AC008966.2	0.415093987
AC008967.1	0
AC008969.1	0.556387501
AC008972.1	0.342776831
AC008972.2	0.888166688
AC008982.1	0.04881557
AC008982.2	1.239598624
AC008985.1	0.041991419
AC008991.1	0.116721028
AC008991.2	0
AC008992.1	0.210804457
AC009005.1	0.599192739
AC009019.1	0.217258898
AC009021.1	0
AC009021.2	0
AC009022.1	0.904716829
AC009022.2	0
AC009027.1	0
AC009032.1	0.181784199
AC009033.1	0
AC009034.1	0.087785983
AC009035.1	0
AC009039.1	0
AC009039.2	0
AC009041.1	0.04532118
AC009041.2	0.260828904
AC009041.3	0
AC009041.4	0.171925683
AC009044.1	0
AC009052.1	0
AC009053.1	0.843254542
AC009053.2	0.033128537
AC009053.3	0.047127212
AC009053.4	0.145090722
AC009054.1	0.036697419
AC009054.2	1.215037812
AC009055.1	0
AC009055.2	0
AC009060.1	0
AC009060.2	0
AC009061.1	0
AC009061.2	0.429963969
AC009063.1	0
AC009063.2	0.008548717
AC009063.3	0
AC009065.1	0
AC009065.2	0.362831791
AC009065.3	0.024991703
AC009065.4	1.407083901
AC009065.5	0.184041252
AC009065.6	0.034363592
AC009065.7	0
AC009065.8	0.855077809
AC009075.1	0.04007621
AC009075.2	0
AC009078.1	0.020012513
AC009078.2	0.054371263
AC009078.3	0.441240639
AC009081.1	0
AC009084.1	0
AC009084.2	0.105952371
AC009084.3	0
AC009086.1	0
AC009086.2	0
AC009086.3	0.233181518
AC009087.1	0.297259041
AC009088.1	0.338603078
AC009088.2	0
AC009088.3	0
AC009088.4	0
AC009090.1	0.787866938
AC009090.2	0
AC009090.3	0.915227139
AC009090.4	0.275951468
AC009090.5	0.130295913
AC009093.1	0.082118999
AC009093.2	0.403492191
AC009093.3	27.60184601
AC009093.4	0.391046652
AC009093.5	0.043648462
AC009093.6	0.538383656
AC009093.7	0.102500723
AC009094.1	0.147134253
AC009095.1	0.319068285
AC009097.1	0.154382246
AC009097.2	0
AC009097.3	0.015392729
AC009097.4	0
AC009101.1	0
AC009102.1	0
AC009102.2	0
AC009102.3	0.01050959
AC009107.1	0.047484236
AC009107.2	0.48883252
AC009108.1	0.295285138
AC009108.2	0
AC009108.3	0.151571303
AC009108.4	0
AC009108.5	0.007914039
AC009110.1	0
AC009113.1	0.814598586
AC009113.2	0
AC009117.1	0
AC009117.2	0
AC009117.3	0
AC009118.1	0
AC009118.2	0.023923356
AC009118.3	1.1667089
AC009119.1	0.537641229
AC009119.2	0.164135364
AC009119.3	0.139163392
AC009120.1	3.710396142
AC009120.2	2.119723963
AC009120.3	1.252362023
AC009120.4	0
AC009120.5	0
AC009120.6	0
AC009121.1	0.042930953
AC009121.2	0.013818164
AC009123.1	0
AC009126.1	0.135936733
AC009127.1	0
AC009127.2	0.077765747
AC009132.1	0
AC009133.1	2.816606423
AC009133.2	0
AC009133.3	0.23656096
AC009133.4	0
AC009133.5	0
AC009133.6	0
AC009134.1	0
AC009135.1	0
AC009135.2	0
AC009137.1	0
AC009137.2	0.244458627
AC009139.1	0.048066865
AC009139.2	0
AC009142.1	0
AC009145.1	0.03618891
AC009145.2	0
AC009145.3	0
AC009145.4	0.181643717
AC009148.1	0.069824573
AC009152.1	0
AC009153.1	0.031592335
AC009154.1	0
AC009154.2	0.043286735
AC009158.1	0
AC009159.1	0
AC009159.2	0.025857752
AC009159.3	0.292346977
AC009159.4	0.007715312
AC009161.1	0
AC009161.2	0
AC009163.1	0
AC009163.2	0
AC009163.3	0
AC009163.4	0
AC009163.5	0.169913472
AC009163.6	0.045818123
AC009163.7	0.153204908
AC009166.1	0
AC009166.2	0
AC009167.1	0
AC009169.1	0
AC009171.1	0
AC009171.2	0.394208755
AC009185.1	0.086003282
AC009220.1	0.170943251
AC009220.2	0.017898113
AC009220.3	0.080220809
AC009226.1	0.134242818
AC009227.1	0.006634123
AC009227.2	0
AC009228.1	0.22492533
AC009229.1	0
AC009229.2	0.089286598
AC009229.3	0.05556666
AC009229.4	0
AC009233.1	0
AC009237.1	0
AC009237.10	0
AC009237.11	0
AC009237.12	0
AC009237.13	0
AC009237.14	0.579998797
AC009237.15	0.344047461
AC009237.16	0
AC009237.17	0
AC009237.2	0
AC009237.3	0.248676987
AC009237.4	0
AC009237.5	0
AC009237.6	0.036957071
AC009237.7	0
AC009237.8	0.702866928
AC009237.9	0.090315839
AC009238.1	0
AC009238.2	0.044140276
AC009238.3	0
AC009244.1	0.182206953
AC009245.1	0.490817339
AC009248.1	0
AC009248.2	0.123384236
AC009262.1	0
AC009263.1	0
AC009264.1	0
AC009268.1	0.013025601
AC009268.2	0.068576796
AC009269.1	0
AC009269.2	0
AC009269.3	0
AC009269.4	0.166037595
AC009269.5	0.186545214
AC009271.1	0
AC009275.1	0.091027872
AC009276.1	0.06193596
AC009283.1	2.283660483
AC009292.1	0
AC009292.2	0
AC009296.1	0
AC009299.1	0
AC009299.2	0.643964301
AC009299.3	0.195358374
AC009302.1	0.040178969
AC009303.1	0.178065886
AC009303.2	0.003659458
AC009303.3	0
AC009303.4	0.2611633
AC009305.1	0
AC009309.1	0.681295565
AC009310.1	0
AC009312.1	0
AC009313.1	0
AC009313.2	0
AC009314.1	0
AC009318.1	0.345370592
AC009318.2	0.842462258
AC009318.3	0.467290199
AC009318.4	0.515878123
AC009319.1	0.062346676
AC009320.1	0.224495673
AC009336.1	0.110990198
AC009336.2	0.004450383
AC009336.3	0.035885034
AC009362.1	0
AC009365.1	0
AC009365.2	0
AC009365.3	0
AC009387.1	0
AC009396.1	0
AC009396.2	0
AC009396.3	0
AC009403.1	2.755947835
AC009404.1	0.463375002
AC009407.1	0.052407351
AC009411.1	0
AC009411.2	0
AC009413.1	0.11781803
AC009414.1	0
AC009414.2	5.437334277
AC009432.1	0
AC009435.1	0
AC009446.1	0
AC009464.1	0
AC009468.1	0
AC009468.2	0
AC009474.1	0
AC009474.2	0.115219103
AC009477.1	0
AC009478.1	0
AC009480.1	0
AC009480.2	0
AC009486.1	0.038548089
AC009487.1	0
AC009487.2	0.043648462
AC009487.3	0
AC009487.4	0
AC009494.1	0
AC009495.1	0.252738677
AC009495.2	0.557423644
AC009495.3	0.442536015
AC009498.1	0
AC009500.1	0
AC009501.1	0.438268877
AC009501.2	0
AC009501.3	0
AC009502.1	0.021239984
AC009502.2	0
AC009505.1	0
AC009506.1	1.636203807
AC009506.2	0
AC009509.1	0.123790373
AC009509.2	0
AC009509.3	0.049903815
AC009509.4	0.95434919
AC009511.1	0
AC009511.2	0
AC009517.1	0
AC009518.1	0
AC009518.2	0
AC009518.3	0.06193596
AC009531.1	0
AC009533.1	0.44161242
AC009533.2	0
AC009541.1	0
AC009542.1	0.050083254
AC009542.2	0
AC009549.1	0.19517542
AC009554.1	0.039272677
AC009558.1	0
AC009558.2	0
AC009560.1	0.252738677
AC009562.1	0.023814283
AC009563.1	0.020672557
AC009567.1	0
AC009567.2	0
AC009570.1	0.694098435
AC009597.1	0
AC009597.2	0
AC009623.1	0
AC009623.2	0
AC009630.1	0.140159195
AC009630.2	0
AC009630.3	0
AC009643.1	0
AC009643.2	0
AC009646.1	0
AC009646.2	0.018610211
AC009652.1	0.145090722
AC009652.2	0
AC009654.1	0
AC009656.1	0
AC009686.1	0
AC009686.2	0.081472087
AC009690.1	0.0823972
AC009690.2	0.283728871
AC009690.3	0
AC009704.1	0
AC009704.2	0.097327938
AC009712.1	0
AC009716.1	0.275599462
AC009716.2	0
AC009720.1	1.163016985
AC009720.2	0
AC009729.1	0.02766072
AC009743.1	0.051376387
AC009754.1	0.174108867
AC009779.1	0.055370311
AC009779.2	4.723743678
AC009779.3	0.419647012
AC009779.4	0
AC009779.5	0
AC009779.6	0
AC009779.7	0
AC009784.1	0
AC009800.1	0
AC009803.1	0
AC009803.2	0
AC009803.3	0
AC009804.1	0
AC009806.1	0.784999514
AC009812.1	1.006181552
AC009812.2	0
AC009812.3	0.054091177
AC009812.4	0.434066426
AC009831.1	0.287246613
AC009831.2	0
AC009831.3	0.192859052
AC009831.4	0
AC009852.1	0
AC009869.1	0
AC009878.1	0
AC009879.1	0
AC009884.1	0
AC009884.2	0
AC009901.1	0
AC009901.2	0
AC009902.1	0
AC009902.2	0.290595398
AC009902.3	0.08657347
AC009908.1	0
AC009927.1	0.017616411
AC009930.1	0
AC009945.1	0
AC009947.1	0
AC009947.2	0
AC009948.1	2.287218702
AC009948.2	0.109886381
AC009948.3	0.305029438
AC009948.4	0.603577404
AC009948.5	0
AC009949.1	0.025688193
AC009950.1	0.386079651
AC009951.1	0.071934803
AC009955.1	0
AC009955.2	0
AC009955.3	0
AC009955.4	0.115219103
AC009961.1	0.178327363
AC009961.2	0.124858948
AC009961.3	0.122900376
AC009962.1	0.250683891
AC009963.1	0
AC009963.2	0
AC009963.3	0
AC009965.1	0.054981747
AC009965.2	0
AC009967.1	0.098800744
AC009969.1	0
AC009970.1	0
AC009974.1	1.653077591
AC009977.1	0.137454368
AC009987.1	0
AC009988.1	0
AC009994.1	0.247743842
AC009996.1	0.551922441
AC009997.1	0.121471302
AC010082.1	0
AC010086.1	0.044685736
AC010086.2	0
AC010087.1	0
AC010095.1	0
AC010096.1	0
AC010099.1	0
AC010099.2	0
AC010099.3	0
AC010099.4	0.010784445
AC010105.1	0
AC010127.1	0.181037461
AC010132.1	0
AC010132.2	0
AC010132.3	0
AC010132.4	0.057272653
AC010133.1	0
AC010136.1	1.131094573
AC010139.1	0
AC010141.1	0
AC010141.2	0
AC010141.3	0
AC010145.1	0
AC010148.1	0.021082809
AC010149.1	0.203797951
AC010153.1	0
AC010154.1	0
AC010157.1	0
AC010163.1	0
AC010163.2	0.041128079
AC010168.1	0.071551589
AC010168.2	0.352195165
AC010173.1	0.226473336
AC010175.1	2.728223758
AC010177.1	0
AC010181.1	0
AC010181.2	0.032509954
AC010182.1	0
AC010183.1	0
AC010183.2	0
AC010185.1	1.958724749
AC010186.1	0
AC010186.2	2.639176588
AC010186.3	0.862213765
AC010186.4	0.050958693
AC010196.1	0
AC010197.1	1.382629235
AC010198.1	0.010096519
AC010200.1	0.04310811
AC010200.2	0
AC010201.1	0.2611633
AC010201.2	0.303962637
AC010202.1	0
AC010203.1	0.189598979
AC010203.2	0.262412885
AC010205.1	0.174496637
AC010207.1	0.442877127
AC010210.1	0.145505267
AC010223.1	0
AC010226.1	1.14500166
AC010230.1	0
AC010235.1	0
AC010240.1	0
AC010240.2	0.182055744
AC010240.3	0.079340749
AC010245.1	0
AC010245.2	1.262177388
AC010247.1	0.104814702
AC010247.2	0.080152419
AC010255.1	0.257233346
AC010255.2	0.256281743
AC010255.3	0.019698049
AC010260.1	0.14159456
AC010261.1	0
AC010261.2	0.067137095
AC010265.1	0
AC010266.1	0
AC010266.2	0.03851256
AC010267.1	0.113343928
AC010271.1	0.702051881
AC010271.2	0.079947949
AC010273.1	0.082821342
AC010273.2	0.787067479
AC010275.1	0
AC010280.1	0
AC010280.2	0.305752156
AC010280.3	0
AC010285.1	0.027539188
AC010285.2	0
AC010287.1	0.043892992
AC010297.1	0
AC010300.1	0.262485903
AC010301.1	0
AC010306.1	0.140284673
AC010307.1	0
AC010307.2	0.019203184
AC010307.3	0
AC010307.4	0
AC010319.1	0.186841788
AC010319.2	0
AC010319.3	0
AC010319.4	0.181415896
AC010319.5	0.02064532
AC010320.1	0.081331131
AC010320.2	0.069892052
AC010320.3	0.105166429
AC010320.4	0.024676847
AC010320.5	0
AC010323.1	0
AC010323.2	0.184660919
AC010325.1	0
AC010325.2	0
AC010326.1	0.130147824
AC010326.2	0.030725094
AC010326.3	1.869298435
AC010326.4	1.439746397
AC010327.1	0
AC010327.2	0.064220484
AC010327.3	0
AC010327.4	0.039745841
AC010327.5	0.250839628
AC010328.1	0
AC010328.2	0.014104229
AC010328.3	0
AC010329.1	1.025461084
AC010329.2	0
AC010329.5	0.014415638
AC010331.1	0.053848103
AC010332.1	2.261620329
AC010332.2	0.008229936
AC010333.1	0.166996071
AC010333.2	0.067348702
AC010333.3	0.077959194
AC010335.1	0.02615993
AC010335.2	0
AC010335.3	0
AC010336.1	0.003306562
AC010336.2	0.03096798
AC010336.3	0
AC010336.4	0
AC010336.5	0.043892992
AC010336.6	0
AC010338.1	0
AC010342.1	0.053602502
AC010343.1	2.366662654
AC010343.2	0
AC010343.3	0.016005922
AC010350.1	0
AC010359.1	0.339975893
AC010368.1	0.034363592
AC010374.1	0
AC010374.2	0
AC010376.1	0
AC010378.1	0.08657347
AC010385.1	0
AC010385.2	0
AC010385.3	0
AC010387.1	0
AC010395.1	0.022481776
AC010395.2	0
AC010401.1	0.041078317
AC010401.2	0.053848103
AC010406.1	0
AC010409.1	0.065839487
AC010409.2	0
AC010420.1	0.030785458
AC010422.1	0.317436055
AC010422.2	0.148061083
AC010422.3	0.542272246
AC010422.4	0.058798492
AC010422.5	0
AC010422.6	0.034780156
AC010424.1	0
AC010424.2	0
AC010425.1	0.084854502
AC010435.1	0.066566686
AC010442.1	1.382295991
AC010442.2	0
AC010442.3	0
AC010445.1	0
AC010451.1	0
AC010451.2	0
AC010451.3	0
AC010457.1	0.064751231
AC010460.1	0
AC010460.2	0
AC010460.3	0
AC010463.1	0
AC010463.2	0.0237062
AC010463.3	0.250716768
AC010468.1	0.709648134
AC010468.2	0
AC010468.3	0
AC010469.1	0.272045104
AC010469.2	0
AC010476.1	0
AC010478.1	0.006572902
AC010480.1	0
AC010485.1	0
AC010486.1	0
AC010486.2	0
AC010486.3	0
AC010487.1	0.724358587
AC010487.2	0.483635741
AC010491.1	0.050421231
AC010493.1	0
AC010501.1	0.015973291
AC010503.1	0
AC010503.2	0
AC010503.3	0
AC010503.4	14.94097018
AC010504.1	0.589291548
AC010511.1	0.136022552
AC010519.1	0.911034767
AC010522.1	0.054080407
AC010524.1	0.570964299
AC010525.1	0.355324218
AC010525.2	0
AC010528.1	0
AC010530.1	0.192774316
AC010531.1	0
AC010531.2	0
AC010531.3	0.335999567
AC010531.4	0
AC010531.5	0.20893064
AC010531.6	1.05507368
AC010531.7	0
AC010531.8	0
AC010533.1	0.007444085
AC010536.1	0.210050911
AC010536.2	0
AC010536.3	0
AC010538.1	0.283616253
AC010542.1	0.169403222
AC010542.2	0
AC010542.3	0.018588135
AC010542.4	0.016408165
AC010542.5	2.543265643
AC010546.1	0
AC010547.1	0.02244153
AC010547.2	0
AC010547.3	0.035613177
AC010547.4	0.008523143
AC010547.5	0
AC010547.6	0
AC010551.1	0.033411083
AC010551.2	0
AC010551.3	0
AC010587.1	0
AC010587.2	0
AC010591.1	0
AC010595.1	0
AC010598.1	0.608535844
AC010601.1	0
AC010601.2	0
AC010605.1	0
AC010608.1	0
AC010608.2	0
AC010608.3	0
AC010609.1	0
AC010615.1	0.488570799
AC010615.2	0.179657614
AC010615.3	0
AC010615.4	0
AC010616.1	0.243801666
AC010618.1	0
AC010618.2	0.510971674
AC010618.3	0.598894069
AC010619.1	0
AC010619.2	0.011027303
AC010620.1	0
AC010620.2	0.050063252
AC010624.1	0.133578606
AC010624.2	0
AC010624.3	0.330586456
AC010624.4	0
AC010625.1	0
AC010627.1	0.10898623
AC010631.1	0.100447423
AC010632.1	0.16436851
AC010632.2	0.05120849
AC010632.3	0
AC010634.1	0
AC010636.1	0.024951908
AC010636.2	0.03001877
AC010638.1	0.049587968
AC010641.1	0
AC010642.1	0.142100394
AC010643.1	0.192090689
AC010646.1	0
AC010649.1	0
AC010653.1	0.017786377
AC010653.2	0
AC010654.1	1.512678519
AC010655.1	0
AC010655.2	0.307715066
AC010655.3	0
AC010655.4	0.044327576
AC010677.1	0
AC010678.1	0
AC010680.1	0.013094539
AC010680.2	0.340486872
AC010680.3	0
AC010680.4	0.202004762
AC010680.5	0.270752449
AC010683.1	0
AC010719.1	0.167815775
AC010722.1	0
AC010723.1	0
AC010729.1	0
AC010731.1	0
AC010731.2	0.071226355
AC010731.3	0
AC010733.1	3.165221041
AC010733.2	0
AC010735.1	0.091636246
AC010735.2	0.187822921
AC010737.1	0.056063678
AC010738.1	0
AC010740.1	0
AC010745.1	0
AC010745.2	0
AC010745.3	0.037758549
AC010745.4	0
AC010746.1	0
AC010754.1	0.664600292
AC010760.1	0
AC010761.1	2.963143113
AC010761.2	0.020782225
AC010761.3	1.130486428
AC010761.4	0.270687489
AC010761.5	0
AC010761.6	0.238626365
AC010768.1	0.115431293
AC010768.2	0.055272656
AC010768.3	0
AC010768.4	0
AC010776.1	0.028911066
AC010776.2	1.232130277
AC010776.3	0.776098486
AC010789.1	0
AC010809.1	0.808583882
AC010809.2	0.698964018
AC010809.3	0.073337588
AC010834.1	0
AC010834.2	0
AC010834.3	0.517320275
AC010857.1	0
AC010864.1	0.124445782
AC010867.1	0
AC010872.1	0
AC010878.1	0.029932756
AC010880.1	0
AC010881.1	0
AC010883.1	1.023655145
AC010884.1	0.066397449
AC010886.1	0.032770578
AC010889.1	0.540743217
AC010890.1	0.619053748
AC010891.1	0
AC010894.1	0
AC010894.2	0.277341557
AC010894.3	0.021169681
AC010894.4	0.034288398
AC010894.5	0.098863079
AC010900.1	0.072545361
AC010900.2	0
AC010904.1	0
AC010904.2	0.074147309
AC010907.1	0
AC010907.2	0
AC010913.1	0.032532453
AC010928.1	0.00926111
AC010928.2	0.054598599
AC010928.3	0
AC010931.1	0
AC010931.2	0.067750825
AC010931.3	0.028284834
AC010947.1	0
AC010967.1	0.064089153
AC010967.2	0
AC010967.3	0
AC010969.1	0
AC010969.2	0.960266172
AC010970.1	0.305255805
AC010973.1	0.306649667
AC010973.2	0.458628234
AC010974.1	0
AC010975.1	0
AC010975.2	0
AC010975.3	0
AC010976.1	0.355485435
AC010976.2	6.768175659
AC010978.1	0
AC010980.1	0.115982143
AC010980.2	0.16646386
AC010982.1	0
AC010983.1	0
AC010997.1	0
AC010997.2	0
AC010997.3	0.083349989
AC010997.4	0.124363476
AC010997.5	0
AC010997.6	0.009525713
AC010998.1	1.52876078
AC010998.2	0.175501738
AC010998.3	1.48999664
AC010999.1	0.096727148
AC010999.2	0.184041252
AC011005.1	0.093064873
AC011005.2	0
AC011005.3	0
AC011005.4	0.029289342
AC011008.1	0
AC011008.2	0.313208969
AC011037.1	0
AC011092.1	0
AC011092.2	0.02674027
AC011095.1	0
AC011120.1	0.050223712
AC011124.1	0
AC011124.2	0
AC011131.1	0
AC011155.1	0
AC011193.1	0
AC011193.2	0
AC011195.1	0.088529932
AC011195.2	0.015362547
AC011196.1	0
AC011199.1	0.074573697
AC011225.1	0
AC011228.1	0
AC011233.1	0
AC011239.1	0.053663692
AC011239.2	0.50513788
AC011242.1	0
AC011243.1	0
AC011247.1	0.230438206
AC011247.2	0.874280575
AC011247.3	0.017806589
AC011257.1	0
AC011266.1	0
AC011270.1	0
AC011270.2	0
AC011284.1	0
AC011287.1	0
AC011287.2	0
AC011290.1	0.037849754
AC011290.2	0.552155701
AC011294.1	0.005614403
AC011297.1	0.304484226
AC011298.1	0
AC011298.2	0
AC011298.3	0
AC011306.1	0.25809079
AC011313.1	0
AC011330.1	0.004843832
AC011330.2	0.148061083
AC011333.1	0
AC011337.1	0.113378098
AC011352.1	0
AC011352.2	0
AC011352.3	0
AC011362.1	0
AC011363.1	0
AC011365.1	0.018021619
AC011365.2	0.096727148
AC011369.1	0
AC011369.2	0
AC011373.1	0.132234582
AC011374.1	0
AC011374.2	1.549105505
AC011377.1	0.113962167
AC011379.1	0.03626069
AC011379.2	0.46192727
AC011383.1	0.177777287
AC011389.1	0.025079702
AC011389.2	0.558102394
AC011389.3	0
AC011396.1	0
AC011396.2	0
AC011396.3	0
AC011405.1	0.032919744
AC011406.1	0
AC011410.1	0
AC011411.1	0.017887897
AC011416.1	0
AC011416.2	0.324202717
AC011431.1	0
AC011442.1	0.342509246
AC011443.1	0
AC011444.1	2.084401924
AC011444.2	0.856726169
AC011444.3	0.723221446
AC011444.4	0.44985066
AC011445.1	0.071470002
AC011445.2	0.815191803
AC011446.1	0
AC011446.2	0
AC011447.1	0
AC011447.2	0.055370311
AC011447.3	0.055295161
AC011447.4	0
AC011447.5	0
AC011447.6	0.018094455
AC011447.7	0.137973064
AC011448.1	0.534776421
AC011450.1	1.783554243
AC011451.1	2.166688118
AC011451.2	0.131018378
AC011452.1	0
AC011453.1	0.01399714
AC011453.2	0
AC011455.1	0
AC011455.2	0
AC011456.1	0
AC011458.1	0.025396755
AC011458.2	0
AC011461.1	0.614501882
AC011462.1	0.013335998
AC011462.2	0
AC011462.3	0
AC011462.4	0.80268453
AC011465.1	0.143321323
AC011466.1	0.138425777
AC011466.2	0.043648462
AC011466.3	0
AC011466.4	0.038834691
AC011467.1	0
AC011467.2	0
AC011467.3	0
AC011467.4	0.103260613
AC011467.5	0
AC011467.6	0
AC011468.1	2.019662853
AC011468.2	0.02615993
AC011468.3	0.424783681
AC011468.4	0
AC011468.5	0.272336061
AC011471.1	0
AC011471.2	0.059922746
AC011471.3	0
AC011472.1	3.08438906
AC011472.2	0.45751235
AC011472.3	0
AC011472.4	0.478710733
AC011472.5	0.154230295
AC011473.1	0
AC011473.2	0
AC011473.3	0.129235447
AC011473.4	0
AC011474.1	0
AC011474.2	0
AC011474.3	0
AC011474.4	0
AC011475.1	0
AC011476.1	0.051041687
AC011476.2	0.110958444
AC011476.3	0.6272481
AC011476.5	0.361610723
AC011477.1	1.671798939
AC011477.2	2.960417862
AC011477.3	0.466594481
AC011477.4	0.102921497
AC011477.5	0.060501151
AC011477.6	0.024395119
AC011477.7	0.010881804
AC011478.1	0
AC011479.1	0.45918822
AC011479.2	0.435272166
AC011479.3	0.074618086
AC011481.1	0.173626571
AC011481.2	1.655260351
AC011481.3	0.15966723
AC011483.1	0.029234698
AC011483.2	0
AC011483.3	0
AC011484.1	0
AC011487.1	0.14315346
AC011487.2	0.076550063
AC011487.3	0.138364662
AC011487.4	0.059694469
AC011491.1	0.136022552
AC011491.2	0
AC011491.3	0.084095517
AC011492.1	0
AC011494.1	0
AC011495.1	1.180601219
AC011495.2	0
AC011495.3	0
AC011497.1	0
AC011497.2	1.520387286
AC011498.1	0.056164151
AC011498.2	0
AC011498.3	0
AC011498.4	0.408475045
AC011498.5	0
AC011498.6	0.276525847
AC011498.7	0.355604691
AC011499.1	0.026970392
AC011500.1	0
AC011500.2	0
AC011500.3	0
AC011503.1	0.105260622
AC011503.2	0.114911852
AC011504.1	0.007638215
AC011506.1	0.102752774
AC011507.1	0
AC011509.1	0.095547549
AC011509.2	0.049983407
AC011510.1	1.041000566
AC011511.1	0.07497511
AC011511.2	0.546223895
AC011511.3	0
AC011511.4	0
AC011511.5	9.526497258
AC011516.1	0
AC011518.1	0
AC011523.1	0
AC011524.1	0
AC011524.2	0
AC011525.1	0
AC011525.2	0
AC011530.1	0
AC011551.1	0.091770413
AC011558.1	0
AC011586.1	0
AC011591.1	0
AC011592.1	0
AC011595.1	0
AC011595.2	0.024793984
AC011601.1	0
AC011602.1	0
AC011603.1	0.074707023
AC011603.2	0.105617511
AC011603.3	0
AC011603.4	0.113139336
AC011604.1	0
AC011604.2	0
AC011611.1	0.079542122
AC011611.2	0
AC011611.3	0.055078376
AC011611.4	0
AC011611.5	0.271103772
AC011611.6	0
AC011625.1	0.02979049
AC011626.1	0
AC011632.1	0.017357849
AC011632.2	0
AC011676.1	0.19735262
AC011676.2	0
AC011676.3	0.106597265
AC011676.4	0
AC011676.5	0.029454508
AC011700.1	0
AC011712.1	0
AC011718.1	0
AC011726.1	0.023422717
AC011726.2	0
AC011726.3	0
AC011731.1	0.161129028
AC011742.1	0.108316576
AC011742.2	0.222582358
AC011742.3	0.171985588
AC011747.1	0
AC011747.2	0.045375863
AC011752.1	0
AC011753.1	0
AC011753.2	0
AC011753.3	0
AC011753.4	0.554237228
AC011754.1	0
AC011755.1	0.145303154
AC011767.1	0.251025723
AC011773.1	0
AC011773.2	0.109963495
AC011773.3	0.062379769
AC011773.4	0
AC011815.1	0.18952517
AC011815.2	0.100795336
AC011815.3	1.42452709
AC011816.1	0
AC011816.2	0
AC011824.1	0
AC011824.2	0.047340779
AC011824.3	0
AC011824.4	0
AC011825.1	0.040386077
AC011825.2	0.510047674
AC011825.3	0
AC011825.4	0.066257074
AC011840.1	0
AC011840.2	0
AC011840.3	0
AC011840.4	0.024991703
AC011840.5	0
AC011840.6	0
AC011853.1	0
AC011853.2	0
AC011890.1	0
AC011890.2	0
AC011891.1	0
AC011891.2	0
AC011893.1	0.058909015
AC011894.1	0
AC011897.1	0
AC011899.1	0.030469052
AC011899.2	1.751172191
AC011899.3	0.584125371
AC011900.1	0
AC011904.1	0
AC011912.1	0.06193596
AC011921.1	0.109121156
AC011921.2	0
AC011921.3	0
AC011933.1	0.24407785
AC011933.2	0.02246566
AC011933.3	0.084246226
AC011933.4	0
AC011939.1	0.162549772
AC011939.2	0
AC011939.3	0
AC011944.1	0.82472621
AC011944.2	0.091770413
AC011978.1	0
AC011978.2	0.289898892
AC011979.1	1.03816467
AC011979.2	0
AC011990.1	0
AC011995.1	0
AC011995.2	0
AC011997.1	0.37959782
AC011998.1	0
AC011998.2	0
AC011998.3	0
AC011999.1	0.015302537
AC012005.1	0
AC012020.1	0.326454125
AC012038.1	0
AC012038.2	0.061210148
AC012044.1	0
AC012048.1	0
AC012050.1	0
AC012055.1	0
AC012055.2	0
AC012065.1	0
AC012065.2	0.376075152
AC012065.3	1.284994824
AC012065.4	0
AC012065.5	0.587231089
AC012066.1	0.135473758
AC012070.1	0
AC012073.1	0.65055118
AC012074.1	0.190566919
AC012075.1	0
AC012078.1	0
AC012081.1	0
AC012085.1	0.061450188
AC012085.2	0.080399169
AC012087.1	0
AC012100.1	0
AC012100.2	0.051545388
AC012100.3	0.081755468
AC012103.1	0.602684538
AC012119.1	0
AC012123.1	0
AC012123.2	0
AC012146.1	1.226399943
AC012146.2	0.075335567
AC012146.3	0.03197918
AC012146.4	0
AC012150.1	0
AC012150.2	0
AC012157.1	0.218939293
AC012158.1	0
AC012170.1	0.17459385
AC012170.2	0.728281466
AC012170.3	0.369321838
AC012173.1	0.145765563
AC012174.1	0
AC012175.1	0
AC012181.1	0.672523519
AC012181.2	0.964696382
AC012182.1	0
AC012183.1	0
AC012184.1	0
AC012184.2	0
AC012184.3	0.187040029
AC012186.1	0
AC012186.2	0.14644671
AC012186.3	0
AC012213.1	0
AC012213.2	0.010226103
AC012213.3	0.121002301
AC012213.4	0
AC012229.1	0.062804802
AC012236.1	0.491247666
AC012254.1	0.7834899
AC012254.2	0
AC012254.3	0.155439659
AC012254.4	0.057398527
AC012254.5	0.950678121
AC012291.1	0
AC012301.1	0
AC012306.1	0
AC012306.2	1.119271285
AC012307.1	0
AC012308.1	0
AC012309.1	0.037895521
AC012309.2	0
AC012312.1	0
AC012313.1	0.541128523
AC012313.10	0.219986365
AC012313.2	0.230837579
AC012313.3	0.207621992
AC012313.4	0.823060097
AC012313.5	0.691039959
AC012313.6	0.733901931
AC012313.7	0
AC012313.8	0.046411842
AC012313.9	0.173283706
AC012314.10	0
AC012317.1	0
AC012317.2	0
AC012321.1	0
AC012322.1	0
AC012339.1	0
AC012339.2	0
AC012349.1	0.066181733
AC012354.1	0
AC012354.2	0
AC012354.3	0
AC012355.1	0
AC012358.1	0.119747365
AC012358.2	0.491730063
AC012358.3	0.280939217
AC012360.1	0.023248958
AC012360.2	0.601143146
AC012360.3	0.576997491
AC012361.1	0
AC012362.1	0
AC012363.1	0
AC012363.2	0.02823387
AC012366.1	0
AC012368.1	1.002918176
AC012368.2	0.92339881
AC012368.3	0.071551589
AC012370.1	0.147828283
AC012370.2	0.006213243
AC012377.1	0.006476461
AC012378.1	0.043048896
AC012379.1	0
AC012379.2	0
AC012400.1	0
AC012404.1	0
AC012404.2	0
AC012409.1	0.250382924
AC012409.2	0.041730487
AC012409.3	0.766717945
AC012409.4	0.692240072
AC012409.5	0.082376274
AC012413.1	0
AC012414.1	0
AC012414.2	0
AC012414.3	0
AC012414.4	0
AC012414.5	0.048906985
AC012414.6	0
AC012414.7	0
AC012417.1	0
AC012433.1	0
AC012435.1	0.055550244
AC012435.2	0
AC012441.1	0
AC012441.2	0
AC012442.1	0.296215463
AC012442.2	0.221220678
AC012443.1	0
AC012445.1	0
AC012447.1	0.183809947
AC012451.1	0
AC012454.1	0
AC012456.1	0
AC012456.2	0.027931904
AC012462.1	0.037987389
AC012462.2	0
AC012462.3	0
AC012464.1	0.203127011
AC012464.2	0.120691641
AC012464.3	0.01695254
AC012467.1	0.795731929
AC012467.2	0.509586927
AC012468.1	0.036441391
AC012485.1	0.128903223
AC012485.2	0.027832678
AC012486.1	0.507817528
AC012488.1	0
AC012491.1	0
AC012493.1	0
AC012493.2	0.107696206
AC012493.3	0
AC012494.1	0
AC012497.1	0
AC012498.1	0.035857661
AC012498.2	0
AC012499.1	0.042293652
AC012501.1	0
AC012501.2	0
AC012506.1	0
AC012506.2	0
AC012506.3	0
AC012506.4	0
AC012507.1	0
AC012507.2	0
AC012507.3	0
AC012508.1	0
AC012508.2	0.074516702
AC012510.1	1.052911328
AC012511.1	0.907382512
AC012512.1	0.152769618
AC012513.1	0
AC012513.2	0
AC012513.3	0.940484095
AC012519.1	0
AC012531.1	0.017540819
AC012531.2	0.011281352
AC012531.3	0
AC012531.4	0
AC012531.5	0
AC012555.1	0.046497917
AC012555.2	0
AC012557.1	0.92326142
AC012557.2	0.52482577
AC012558.1	0
AC012568.1	0
AC012569.1	0.030846059
AC012572.1	0
AC012574.1	0.124363476
AC012574.2	0
AC012588.1	0
AC012593.1	0
AC012594.1	0
AC012603.1	0.207743534
AC012613.1	0.021232789
AC012613.2	0.020740964
AC012615.1	1.218359967
AC012615.2	0
AC012615.3	0.062679192
AC012615.4	0.309781838
AC012615.5	0
AC012615.6	0.75986388
AC012616.1	0
AC012617.1	0.169941713
AC012618.1	0.190167451
AC012618.2	0.332221866
AC012618.3	0.278895548
AC012625.1	0
AC012629.1	0
AC012629.2	0.124693353
AC012629.3	0
AC012629.4	0
AC012636.1	0.121170724
AC012640.1	0.068327608
AC012640.2	0.852186572
AC012640.3	0
AC012640.4	0.036870113
AC012640.5	0.049121624
AC012645.1	0.598301378
AC012645.2	0.170015891
AC012645.3	0.328466789
AC012645.4	0.265840117
AC012651.1	1.734750656
AC012653.1	0.033662294
AC012653.2	0.186545214
AC012668.1	0
AC012668.2	0
AC012668.3	0.038633624
AC012669.1	0
AC012671.1	0
AC012676.1	0.321596675
AC012676.2	0.084246226
AC012676.3	0.098140697
AC012676.4	0.215392412
AC012676.5	1.11411863
AC013244.1	0.081190663
AC013244.2	0.152133961
AC013244.3	0
AC013248.1	0
AC013262.1	0
AC013264.1	3.478350763
AC013267.1	0.176065146
AC013268.1	0.003506332
AC013268.2	0
AC013268.3	0
AC013269.1	0
AC013269.2	0
AC013270.1	0.106839532
AC013275.1	1.117663907
AC013286.1	0
AC013290.1	0
AC013355.1	0.065019909
AC013356.1	0.02778333
AC013356.2	0.558867967
AC013356.3	0.160991075
AC013356.4	0
AC013391.1	0
AC013391.2	0
AC013391.3	0
AC013394.1	0.089371471
AC013399.1	0
AC013400.1	0
AC013401.1	0
AC013402.1	0
AC013402.2	0
AC013402.3	0
AC013403.1	0
AC013403.2	0.91407155
AC013404.1	0
AC013410.1	0
AC013410.2	0
AC013412.1	0
AC013417.1	0
AC013429.1	0
AC013429.2	0
AC013436.1	0
AC013437.1	0
AC013439.1	0.025294266
AC013442.1	0
AC013444.1	0.065839487
AC013444.2	0
AC013448.1	0
AC013448.2	0
AC013451.1	0.060501151
AC013451.2	0.021854669
AC013452.1	0.052407351
AC013452.2	0.063269709
AC013457.1	3.208356266
AC013460.1	0
AC013467.1	0
AC013467.2	0.018766225
AC013468.1	0.524073511
AC013470.1	0.033917312
AC013470.2	0.037849754
AC013470.3	0.026247568
AC013470.4	0
AC013472.1	0.091707753
AC013472.2	0
AC013472.3	0.142668874
AC013474.1	0.156894098
AC013476.1	0.204261799
AC013476.2	0.068277987
AC013480.1	0.407595902
AC013488.1	0
AC013489.1	0.212652051
AC013489.2	0
AC013489.3	0.090927261
AC013509.1	0
AC013546.1	0.083349989
AC013549.1	0.166110933
AC013549.2	0.032044577
AC013549.3	0
AC013553.1	0
AC013553.2	0
AC013553.3	1.401364048
AC013553.4	0.302311215
AC013562.1	0
AC013562.2	0
AC013564.1	0.044327576
AC013565.1	0.078742703
AC013565.2	0
AC013565.3	0.048663969
AC013640.1	0
AC013643.1	0
AC013643.2	0.160991075
AC013643.3	0.060361317
AC013644.1	0.018199533
AC013652.1	0.06283386
AC013652.2	0
AC013701.1	0
AC013714.1	0.020976972
AC013724.1	0
AC013726.1	0.013715359
AC013727.1	0
AC013727.2	0
AC013731.1	0.035492181
AC013733.1	0
AC013733.2	0
AC013734.1	0
AC013762.1	0
AC013791.1	0.252738677
AC013799.1	0
AC013828.1	0
AC015468.1	0
AC015468.2	0
AC015468.3	0.187887266
AC015468.4	0
AC015522.1	0
AC015540.1	0
AC015563.1	0.100447423
AC015563.2	0.020297666
AC015574.1	0
AC015656.1	0.004379485
AC015660.1	0.039670375
AC015660.2	0.873239517
AC015660.3	1.107965515
AC015660.4	0.126165845
AC015660.5	0.02778333
AC015674.1	0
AC015688.1	0
AC015688.2	0
AC015688.3	0
AC015688.4	0
AC015688.5	0.085861907
AC015688.6	0
AC015688.7	0
AC015689.1	0.067834623
AC015689.2	0.009015994
AC015712.1	0.12713832
AC015712.2	0.521403761
AC015712.3	0
AC015712.4	0
AC015712.5	0
AC015712.6	0.027827187
AC015712.7	0.074030542
AC015720.1	0
AC015720.2	0
AC015722.1	0
AC015722.2	0.227510679
AC015726.1	2.200057598
AC015726.2	0
AC015726.3	0
AC015727.1	0.36726089
AC015743.1	0
AC015771.1	0
AC015795.1	0.054503645
AC015799.1	0.145555459
AC015802.1	0.237912737
AC015802.2	0
AC015802.3	0.549817473
AC015802.4	0.157327289
AC015802.5	0.58909015
AC015804.1	0.036022524
AC015813.1	1.566440577
AC015813.2	0.022039097
AC015813.3	0
AC015813.4	0.087540771
AC015813.5	0.19664872
AC015813.6	1.160126229
AC015813.7	0.026970392
AC015818.1	0
AC015818.2	0
AC015818.3	0.233244625
AC015818.4	0
AC015818.5	0
AC015818.6	0
AC015818.7	0
AC015818.8	0
AC015818.9	0
AC015819.1	0.756310009
AC015819.2	0.508209665
AC015819.3	0.005860059
AC015845.1	0.068277987
AC015845.2	0.204833961
AC015849.1	0.041509399
AC015849.2	0
AC015849.3	1.79817354
AC015849.4	0.148881691
AC015849.5	0.002725656
AC015849.6	0.099175937
AC015853.1	0.026469253
AC015853.2	0
AC015853.3	0.131128017
AC015871.1	0
AC015871.2	0
AC015871.3	3.174156338
AC015871.4	0.020800617
AC015871.5	0
AC015878.1	0
AC015878.2	0
AC015883.1	0.120885616
AC015908.1	0.032919744
AC015908.2	0.121471302
AC015908.3	0.666091307
AC015908.4	0
AC015908.5	0
AC015909.1	0
AC015909.2	0.143233985
AC015909.3	0
AC015909.4	0.027110377
AC015909.5	0.152133961
AC015910.1	0.048438325
AC015911.1	0.200894846
AC015911.2	0
AC015911.3	0.830554664
AC015911.4	0.058578684
AC015911.5	0
AC015911.6	0.034288398
AC015911.7	1.684748636
AC015911.8	0.727526335
AC015911.9	0
AC015912.1	0
AC015912.2	0.259720409
AC015912.3	1.846154361
AC015914.1	1.213239957
AC015914.2	0.108818042
AC015917.1	0
AC015917.2	0.06356916
AC015920.1	0.006395836
AC015921.1	0
AC015922.1	0
AC015922.2	0.170323891
AC015922.3	4.064212736
AC015922.4	10.80988963
AC015923.1	0.023886887
AC015936.1	0
AC015936.2	0
AC015959.1	0
AC015961.1	0.088529932
AC015961.2	1.654158419
AC015967.1	0.032919744
AC015967.2	0.133929897
AC015969.1	0.033198725
AC015971.1	0.131494808
AC015977.1	0.053663692
AC015977.2	0.221090624
AC015982.1	0.977256219
AC015983.1	0
AC015983.2	0.066397449
AC015987.1	0.194897985
AC016026.1	0.06517014
AC016027.1	0.105166429
AC016027.2	0.043998631
AC016027.3	0
AC016027.4	0
AC016027.5	0
AC016044.1	0
AC016065.1	0.694299161
AC016065.2	0.035292338
AC016074.1	0.024638047
AC016134.1	0
AC016144.1	0
AC016152.1	0
AC016168.1	0
AC016168.2	0.016171102
AC016168.3	0.009654835
AC016180.1	0
AC016182.1	0
AC016205.1	0
AC016229.1	0.064352353
AC016229.2	0.075154906
AC016245.1	0.004890698
AC016251.1	0.011198045
AC016251.2	0
AC016252.1	0.099175937
AC016256.1	0
AC016257.1	0.024445863
AC016266.1	0
AC016292.1	0.200039974
AC016292.2	0
AC016304.1	0
AC016355.1	0.419087879
AC016382.1	0
AC016383.1	0
AC016394.1	0.683469912
AC016394.2	1.077298612
AC016395.1	0.083795711
AC016396.1	0
AC016396.2	0
AC016397.1	0
AC016397.2	0.01578821
AC016405.1	0.123141831
AC016405.2	0.200894846
AC016405.3	0.182206953
AC016493.1	0
AC016526.1	0
AC016526.2	0.39174495
AC016526.3	0.02391727
AC016542.1	0.699260762
AC016542.2	0.126573489
AC016542.3	0.050629396
AC016546.1	0.203064337
AC016550.1	0
AC016550.2	0
AC016550.3	0
AC016553.1	0
AC016556.1	0
AC016559.1	0.078742703
AC016559.2	0
AC016573.1	0
AC016575.1	0
AC016576.1	0
AC016582.1	0.09310209
AC016582.2	0.109425964
AC016582.3	0.6374548
AC016583.1	0.03222912
AC016586.1	0.389454044
AC016588.1	0
AC016590.1	0.022538365
AC016590.2	0.752150304
AC016590.3	0.416196494
AC016595.1	0
AC016596.1	0.273827837
AC016596.2	17.27695676
AC016597.1	0.010762224
AC016597.2	0
AC016598.1	0
AC016598.2	0
AC016612.1	0
AC016629.1	0
AC016629.2	0.041972673
AC016632.1	0
AC016642.1	0
AC016644.1	0.072211051
AC016650.1	0
AC016651.1	0
AC016683.1	0.014590128
AC016687.1	0.044390363
AC016687.2	0
AC016687.3	0
AC016691.1	0
AC016694.1	0
AC016696.1	0
AC016700.1	0.050223712
AC016700.2	1.00447423
AC016700.3	0
AC016705.1	0
AC016705.2	0.317674846
AC016708.1	0.037167453
AC016710.1	0
AC016712.1	0.994907809
AC016716.1	0.044264966
AC016716.2	0
AC016717.1	0.109579007
AC016717.2	0.387096741
AC016717.3	0
AC016722.1	0.048066865
AC016722.2	0.46966697
AC016722.3	0.082707013
AC016723.1	0
AC016724.1	0
AC016727.1	1.60449791
AC016727.2	0
AC016730.1	0
AC016734.1	0.359399037
AC016734.2	0
AC016735.1	0.264469164
AC016735.2	0
AC016737.1	0.132048859
AC016737.2	0
AC016738.1	0.040467197
AC016738.2	0
AC016739.1	6.222499493
AC016745.1	0.616921181
AC016745.2	0.077370481
AC016746.1	0
AC016747.1	1.743888744
AC016747.2	0.088630079
AC016747.3	0.297151669
AC016747.4	0.11330295
AC016751.1	0
AC016751.2	0
AC016757.1	0.199512225
AC016766.1	0.021946496
AC016769.1	0
AC016769.2	0.065978097
AC016769.3	0.099490781
AC016769.4	0
AC016772.1	0.024852971
AC016773.1	0.332152825
AC016813.1	0
AC016820.1	0.027063554
AC016822.1	0.107082902
AC016825.1	0
AC016831.1	0.449805351
AC016831.2	0
AC016831.3	0.027283456
AC016831.4	0.051041687
AC016831.5	0.13332661
AC016831.6	0.010329465
AC016866.1	0.71334437
AC016866.2	0
AC016866.3	0.395036924
AC016868.1	0
AC016876.1	4.917176686
AC016876.2	0.955396228
AC016876.3	0.22070138
AC016877.1	0
AC016877.2	0
AC016877.3	0.062181738
AC016885.1	0.058909015
AC016885.2	0.12007508
AC016885.3	0.060735651
AC016888.1	0.277341557
AC016894.1	0.151155608
AC016903.1	0
AC016903.2	0
AC016907.1	0
AC016907.2	0.022289898
AC016908.1	0
AC016909.1	0.094396373
AC016909.2	0.045791344
AC016910.1	0.104864805
AC016911.1	0
AC016912.1	0
AC016924.1	0.374498317
AC016925.1	0
AC016925.2	0
AC016930.1	0
AC016933.1	0
AC016949.1	0.521217626
AC016954.1	0
AC016956.1	0
AC016957.1	0
AC016957.2	0.850012627
AC016968.1	0
AC016987.1	0
AC016987.2	0
AC016991.1	0
AC016993.1	0
AC016994.1	0
AC016999.1	0.034667695
AC016999.2	0.05636618
AC017002.1	0.195650145
AC017002.2	0
AC017002.3	0.176263195
AC017002.4	0
AC017002.5	0
AC017006.1	0.301342269
AC017006.2	0.303940047
AC017007.1	0.037758549
AC017007.2	0
AC017007.3	0
AC017007.4	0
AC017007.5	0.017928831
AC017013.1	0.019611762
AC017015.1	0
AC017015.2	0
AC017019.1	0
AC017033.1	0.022132483
AC017035.1	0.042160891
AC017037.1	0
AC017037.2	0
AC017037.3	0
AC017037.4	0
AC017048.1	0
AC017048.2	0
AC017048.3	0.038548089
AC017053.1	0
AC017067.1	0
AC017071.1	0.099535922
AC017074.1	0.335182845
AC017074.2	0
AC017076.1	0.108441509
AC017078.1	0
AC017079.1	0
AC017079.2	0
AC017081.1	0
AC017083.1	0.064023689
AC017083.2	0
AC017083.3	0
AC017091.1	0
AC017099.1	0
AC017100.1	0.053617786
AC017100.2	0
AC017101.1	0.027442729
AC017104.1	1.403119044
AC017104.2	0.14644671
AC017104.3	0.082763018
AC017116.1	0
AC018358.1	0.022353492
AC018359.1	0
AC018362.1	0
AC018362.2	0
AC018371.1	0
AC018371.2	0
AC018410.1	0.146173489
AC018410.2	0.07706458
AC018413.1	0.326219772
AC018437.1	0
AC018437.2	0
AC018442.1	0.053221051
AC018442.2	0
AC018442.3	0
AC018445.1	0.193113708
AC018445.2	0.180805361
AC018445.3	0.088620966
AC018445.4	0.054717758
AC018448.1	0
AC018448.2	0
AC018450.1	0.105025456
AC018450.2	0
AC018462.1	0.153625471
AC018462.2	0.079340749
AC018463.1	0.017088111
AC018464.1	0
AC018467.1	0.061210148
AC018470.1	0
AC018475.1	0.471778864
AC018495.1	0
AC018511.1	0.082472621
AC018511.2	0
AC018512.1	0
AC018521.1	0
AC018521.2	0
AC018521.3	0.019203184
AC018521.4	0
AC018521.5	1.97426293
AC018521.6	0.608081713
AC018521.7	0.010707071
AC018523.1	0.091815223
AC018523.2	0.012833577
AC018529.1	0.607692997
AC018529.2	0.270774109
AC018529.3	0.048663969
AC018541.1	0
AC018552.1	0.019321576
AC018552.2	0
AC018552.3	0.08454927
AC018553.1	0.290181444
AC018554.1	0
AC018554.2	0
AC018554.3	0
AC018557.1	0
AC018557.2	0.058469395
AC018558.1	0
AC018558.2	0
AC018558.3	0
AC018558.4	0
AC018563.1	0
AC018607.1	0.046567007
AC018616.1	0
AC018618.1	0
AC018618.2	0
AC018620.1	0.12403534
AC018628.1	0.356971046
AC018629.1	0.036105525
AC018630.1	0
AC018630.2	0.019369342
AC018634.1	0
AC018635.1	0
AC018635.2	0
AC018638.1	1.899369454
AC018638.2	12.13145651
AC018638.3	0.593552954
AC018638.4	5.940897326
AC018638.5	8.499930211
AC018638.6	0.420499709
AC018638.7	1.012769709
AC018638.8	2.45363385
AC018639.1	0
AC018641.1	0.078742703
AC018643.1	0
AC018644.1	1.194431063
AC018645.1	0
AC018645.2	3.187077558
AC018647.1	1.402526672
AC018647.2	1.660252406
AC018648.1	0.070373344
AC018653.1	0
AC018653.2	0
AC018653.3	0.930352722
AC018659.1	0
AC018659.2	0.15341061
AC018665.1	1.668223722
AC018680.1	0
AC018682.1	0.371371118
AC018682.2	0.078545353
AC018685.1	0
AC018685.2	0
AC018690.1	1.101391552
AC018692.1	0
AC018692.2	0
AC018692.3	0
AC018693.1	0
AC018693.2	0
AC018695.1	0.023599093
AC018695.2	0
AC018695.3	0.076812735
AC018695.4	0.386627817
AC018695.5	0
AC018695.6	0.088032573
AC018695.7	0.018864123
AC018697.1	0.034514974
AC018709.1	0
AC018710.1	0
AC018712.1	0.022809022
AC018714.1	0.075335567
AC018716.1	0.027931904
AC018716.2	0
AC018717.1	0
AC018730.1	0
AC018730.2	0
AC018731.1	0
AC018735.1	0
AC018737.1	0
AC018737.2	0.020727246
AC018738.1	20.89306399
AC018742.1	0.675116013
AC018752.1	0.076066981
AC018755.1	0.01325702
AC018755.2	0
AC018755.3	0.085161946
AC018755.4	1.242539048
AC018761.1	0.484632928
AC018761.2	0
AC018761.3	0
AC018761.4	0
AC018765.1	0.004547243
AC018766.1	0.323756157
AC018767.1	0
AC018767.2	0
AC018767.3	0
AC018781.1	0.152836839
AC018797.1	0.245800753
AC018797.2	0.851812348
AC018797.3	0.075760506
AC018804.1	0.304267922
AC018809.1	0.396703747
AC018809.2	0.762380964
AC018814.1	0
AC018816.1	1.452994858
AC018816.2	0
AC018832.1	0
AC018845.1	0
AC018845.2	0
AC018845.3	0.212574779
AC018846.1	0
AC018861.1	0
AC018861.2	0
AC018865.1	0
AC018865.2	0
AC018866.1	0
AC018868.1	0.04974539
AC018868.2	0.037338677
AC018878.1	0.03618891
AC018880.1	0
AC018880.2	0
AC018889.1	0.157882096
AC018892.1	0
AC018892.2	0
AC018892.3	0.006270427
AC018904.1	1.937041449
AC018904.2	0.026755489
AC018926.1	0.216135145
AC018926.2	1.038360108
AC018926.3	0.463146739
AC018943.1	0
AC018946.1	0.034213533
AC018946.2	0.008465585
AC018953.1	0
AC018980.1	0
AC018992.1	0
AC019055.1	0
AC019064.1	0
AC019068.1	0.01405363
AC019069.1	0.48196678
AC019070.1	0
AC019072.1	0
AC019077.1	0.039470524
AC019080.1	0.260034299
AC019080.2	0.079542122
AC019080.3	0.282338703
AC019080.4	0.05556666
AC019080.5	0.310497979
AC019084.1	0.036272681
AC019097.1	0.170555624
AC019103.1	0.057609551
AC019109.1	0.008361685
AC019117.1	3.864983657
AC019117.2	0.542920122
AC019118.1	0.108067572
AC019118.2	0
AC019129.1	0
AC019129.2	0
AC019130.1	0
AC019131.1	0.075577804
AC019131.2	1.494934751
AC019133.1	0
AC019155.1	0.191095097
AC019155.2	0
AC019155.3	0
AC019159.1	0
AC019163.1	0
AC019171.1	0.103871767
AC019176.1	0
AC019176.2	0
AC019178.1	0
AC019178.2	0
AC019181.1	0.606572826
AC019183.1	0
AC019185.1	0.120846771
AC019185.2	0.030134227
AC019185.3	0
AC019186.1	0.086255769
AC019193.1	0
AC019193.2	0.247157697
AC019193.3	0
AC019197.1	0.088618285
AC019205.1	0.225870962
AC019206.1	0
AC019209.1	0
AC019209.2	0
AC019209.3	0.020297666
AC019211.1	0
AC019226.1	0.212987546
AC019226.2	0.036957071
AC019227.1	0.092175282
AC019235.1	0
AC019254.1	0.431844827
AC019254.2	0
AC019257.1	0.25336738
AC019257.2	0.031528769
AC019270.1	0
AC019278.1	0
AC019288.1	0
AC019294.1	0
AC019294.2	0.00629562
AC019294.3	0.005394078
AC019322.1	0
AC019322.2	0
AC019322.3	0
AC019322.4	0
AC019330.1	0
AC019349.1	0
AC020549.1	0.010881804
AC020549.2	0
AC020550.1	0.19226746
AC020551.1	0
AC020558.1	0.110610339
AC020558.2	0.630734007
AC020558.3	0
AC020559.1	0.134389348
AC020571.1	1.053104034
AC020593.1	0
AC020594.1	0.602684538
AC020595.1	0
AC020604.1	0.385793874
AC020611.1	0
AC020611.2	0
AC020612.1	0.173787039
AC020612.2	0
AC020612.3	0.109963495
AC020629.1	0
AC020633.1	0.055789223
AC020634.1	0.39959412
AC020636.1	0
AC020636.2	0
AC020637.1	0
AC020651.1	0
AC020656.1	0
AC020656.2	0.032467089
AC020658.1	0
AC020658.2	0.00389796
AC020658.3	0
AC020658.4	0
AC020658.5	0.709040633
AC020658.6	0.025138713
AC020658.7	0.032083943
AC020659.1	0.137266229
AC020659.2	0.032011845
AC020661.1	0.168173337
AC020661.2	0
AC020661.3	0.094018788
AC020661.4	0.008451887
AC020663.1	0.05636618
AC020663.2	0.065290825
AC020663.3	0.043088354
AC020687.1	0
AC020688.1	0
AC020699.1	0
AC020703.1	0.240611102
AC020704.1	0
AC020718.1	0
AC020719.1	0
AC020728.1	0
AC020741.1	0
AC020743.1	0
AC020743.2	0
AC020743.3	0
AC020763.1	0.227510679
AC020763.2	0
AC020763.3	0.097126847
AC020763.4	0.146552068
AC020763.5	0.036441391
AC020765.1	0
AC020765.2	0.834271652
AC020765.3	0
AC020765.4	0.07834899
AC020779.1	0.059057028
AC020779.2	0.079744519
AC020891.1	1.080675724
AC020891.2	0
AC020891.3	0
AC020891.4	0.168492452
AC020892.1	0
AC020892.2	0
AC020893.1	0.027016893
AC020893.2	0.065019909
AC020895.1	0
AC020895.2	0.042604127
AC020897.1	0.027931904
AC020898.1	4.67903752
AC020899.1	0.468532166
AC020900.1	0.19413909
AC020904.1	0
AC020904.2	0.108316576
AC020904.3	0
AC020905.1	0
AC020907.1	0
AC020907.2	0
AC020907.3	0.138670779
AC020907.4	1.906591391
AC020907.5	0.072845135
AC020908.1	0.055963564
AC020908.2	0
AC020908.3	0.333946515
AC020909.1	0
AC020909.2	0
AC020909.3	0
AC020910.1	0.0379414
AC020910.2	0.102752774
AC020910.3	0.053786492
AC020910.4	2.060288255
AC020910.5	0.638554771
AC020910.6	0.010740095
AC020911.1	0.243993394
AC020911.2	0.175626628
AC020913.1	0.031656158
AC020913.2	0.049824477
AC020913.3	0.501433536
AC020914.1	0
AC020914.2	0
AC020914.3	0
AC020915.1	0.100090974
AC020915.2	0.62679192
AC020915.3	1.116791364
AC020915.4	0.016254977
AC020916.1	57.55603367
AC020916.2	0.087054433
AC020917.1	0.052642099
AC020917.2	0
AC020917.3	0
AC020917.4	0.972013482
AC020922.1	0
AC020922.2	0
AC020922.3	0
AC020922.4	0.046223593
AC020923.1	0.034176222
AC020928.1	0.936442111
AC020928.2	0.053506627
AC020928.3	0.021397084
AC020931.1	0.174626278
AC020934.1	0
AC020934.2	0
AC020937.1	0
AC020951.1	0.282898158
AC020978.1	0.036611678
AC020978.2	0.159895898
AC020978.3	0.476906895
AC020978.4	0.088197737
AC020978.5	0
AC020978.6	0.013201178
AC020978.7	0.207409636
AC020978.8	0
AC020978.9	1.031517767
AC020980.1	0.068427065
AC020983.1	0.028857823
AC021001.1	0.047628565
AC021006.1	0
AC021006.2	0
AC021006.3	0
AC021016.1	0.094396373
AC021016.2	2.524918622
AC021016.3	0.03285073
AC021028.1	0.445462485
AC021035.1	0
AC021054.1	4.643231927
AC021066.1	0.024219162
AC021074.1	0.346567412
AC021074.2	0
AC021074.3	0.007606698
AC021078.1	4.608764116
AC021086.1	0.045737881
AC021087.1	0.570356632
AC021087.2	0.104204808
AC021087.3	0.054390135
AC021087.4	0
AC021088.1	0
AC021092.1	0.008984976
AC021097.1	0
AC021106.1	0.340647782
AC021106.2	0
AC021106.3	0.236079819
AC021127.1	0
AC021146.1	0.021885193
AC021146.10	0.044390363
AC021146.11	0
AC021146.12	0.065701459
AC021146.2	0.05636618
AC021146.3	0
AC021146.4	0
AC021146.5	0
AC021146.6	0
AC021146.7	0
AC021146.8	0
AC021146.9	0
AC021148.1	0.113893141
AC021151.1	0
AC021171.1	0
AC021171.2	0
AC021180.1	0
AC021188.1	0.296455638
AC021192.1	0.237721335
AC021193.1	0
AC021205.1	0
AC021205.2	0
AC021205.3	0.366759462
AC021218.1	0.2039051
AC021220.1	0
AC021224.1	0.073137914
AC021231.1	0.046705806
AC021231.2	0.171723814
AC021231.3	0.127052416
AC021237.1	0.019074617
AC021242.1	0
AC021242.2	0
AC021242.3	0.045518658
AC021269.1	0
AC021269.2	0
AC021321.1	0.112631073
AC021351.1	0
AC021355.1	0
AC021382.1	0.050986328
AC021393.1	0
AC021422.1	0
AC021439.1	0
AC021443.1	0.074264445
AC021451.1	0
AC021483.1	0.261647833
AC021483.2	0.262509502
AC021491.1	0.269394808
AC021491.2	0.017686002
AC021491.3	0
AC021491.4	0.292324253
AC021504.1	0.054451035
AC021506.1	0
AC021506.2	0
AC021517.1	0.006010663
AC021534.1	0
AC021546.1	0.075993201
AC021549.1	0.217133459
AC021594.1	0
AC021594.2	0
AC021613.1	0
AC021646.1	0
AC021660.1	0
AC021660.2	0
AC021678.1	0.016741237
AC021678.2	0.017666063
AC021678.3	0
AC021683.1	0.026604071
AC021683.2	0.030852132
AC021683.3	0
AC021683.4	0
AC021698.1	0
AC021713.1	0
AC021723.1	0.091280377
AC021733.1	0
AC021733.2	0
AC021736.1	0
AC021739.1	0.09005631
AC021739.2	0.698964018
AC021739.3	0.183272491
AC021739.4	0.165235128
AC021739.5	0.475803583
AC021744.1	0
AC021749.1	0
AC021752.1	0.082194519
AC021755.1	0
AC021755.2	0.145090722
AC021755.3	0.137454368
AC021766.1	0
AC021785.1	0
AC021818.1	0
AC021818.2	0.021436112
AC021820.1	0
AC021851.1	0.275162811
AC021860.1	0.083349989
AC021876.1	0
AC021915.1	0
AC021915.2	0
AC021945.1	0.085471625
AC021979.1	0
AC021979.2	0.07497511
AC022001.1	0
AC022001.2	0.081050679
AC022001.3	0.262916074
AC022007.1	0.383548155
AC022017.1	0
AC022018.1	0.390119452
AC022022.1	0
AC022022.2	0.087054433
AC022028.1	0
AC022028.2	0.005983123
AC022031.1	0
AC022031.2	0
AC022034.1	0
AC022034.2	0.695851943
AC022034.3	0.098346013
AC022034.4	0.200466499
AC022035.1	0.051886748
AC022039.1	0
AC022069.1	0
AC022075.1	0.310073741
AC022075.2	0
AC022075.3	0.24144527
AC022079.1	0.182206953
AC022079.2	0.415277332
AC022080.1	0
AC022080.2	0
AC022080.3	0.032509954
AC022081.1	0
AC022087.1	0
AC022092.1	0.186545214
AC022098.1	1.121379141
AC022098.2	0.090751726
AC022098.3	0.198981562
AC022098.4	0.311615301
AC022101.1	2.774211477
AC022106.1	0.020456655
AC022106.2	0
AC022107.1	0.349455741
AC022113.1	0.046803459
AC022113.2	0
AC022118.1	0
AC022121.1	0
AC022126.1	0.18497232
AC022133.1	0
AC022137.1	0
AC022137.2	0
AC022140.1	0
AC022140.2	0
AC022144.1	0.376868559
AC022145.1	0
AC022145.2	0
AC022146.1	0
AC022146.2	0.270168931
AC022148.1	0.023981938
AC022148.2	0
AC022149.1	0
AC022150.1	0
AC022150.2	0.729959534
AC022150.3	0.106839532
AC022150.4	0.561207653
AC022154.1	0.259199666
AC022164.1	0.54518938
AC022165.1	0.052583215
AC022166.1	0
AC022166.2	0
AC022167.1	0
AC022167.2	0.931172704
AC022167.3	0.110092258
AC022167.4	0.157327289
AC022173.1	0
AC022182.1	0.080475852
AC022182.2	0.419563858
AC022182.3	0.014462204
AC022188.1	0.009416946
AC022196.1	0
AC022201.1	0
AC022201.2	0
AC022202.1	0
AC022206.1	0
AC022210.1	0.237121786
AC022211.1	0.415238719
AC022211.2	0.266640805
AC022211.3	0.47009394
AC022211.4	0.195781835
AC022215.1	0.043286735
AC022217.1	0.127396732
AC022217.2	0.763570665
AC022217.3	0.356131773
AC022217.4	0
AC022239.1	0
AC022240.1	0.045818123
AC022254.1	0
AC022272.1	0.504176255
AC022274.1	0
AC022294.1	0.018115373
AC022296.1	0
AC022296.2	0.31029303
AC022296.3	0.155531494
AC022306.1	0.140446333
AC022306.2	1.089862303
AC022306.3	0.227924334
AC022325.1	0
AC022335.1	0
AC022336.1	0.046497917
AC022336.2	0
AC022336.3	0.047340779
AC022360.1	0
AC022364.1	0.379108016
AC022364.2	0
AC022367.1	0
AC022382.1	0.326454125
AC022384.1	0
AC022387.1	0.019735262
AC022387.2	0
AC022390.1	0.758216032
AC022392.1	0.042123113
AC022395.1	0.037577453
AC022398.1	0.122900376
AC022400.1	0.598621496
AC022400.2	0
AC022400.3	0
AC022400.4	0.328737021
AC022400.5	0.525832147
AC022400.6	0.051173283
AC022400.7	3.765315537
AC022400.8	0.217696555
AC022400.9	0
AC022404.1	0
AC022405.1	0
AC022413.1	0.22294428
AC022415.1	0.516473236
AC022417.1	0.16836314
AC022418.1	0
AC022424.1	0
AC022424.2	0
AC022431.1	0.058469395
AC022432.1	0.151643206
AC022441.1	0
AC022441.2	0
AC022441.3	0
AC022445.1	0.038406368
AC022447.1	0.067542233
AC022447.2	0
AC022447.3	0
AC022447.4	0
AC022447.5	0
AC022447.6	0
AC022447.7	0
AC022467.1	0.125525752
AC022469.1	0
AC022469.2	0.079140394
AC022483.1	0
AC022486.1	0
AC022493.1	0
AC022493.2	0.065155085
AC022494.1	0.021524448
AC022497.1	1.481647115
AC022498.1	0
AC022498.2	0.283022783
AC022507.1	0
AC022509.1	0.083349989
AC022509.2	4.192063269
AC022509.3	0.227648397
AC022509.4	0.301342269
AC022511.1	0
AC022513.1	0
AC022517.1	0.045288434
AC022523.1	0
AC022523.2	0
AC022523.3	0
AC022532.1	0.217636083
AC022535.1	0
AC022537.1	0
AC022540.1	0.076438039
AC022558.1	0.414179683
AC022558.2	0.041564451
AC022558.3	0.204982823
AC022559.1	0
AC022568.1	0.016995443
AC022596.1	0.051886748
AC022601.1	0
AC022613.1	0.297817798
AC022613.2	0.896342683
AC022613.3	0.291043796
AC022616.1	0
AC022616.2	0
AC022616.3	0
AC022616.4	0
AC022616.5	0
AC022616.6	0
AC022616.7	0.071226355
AC022616.8	0
AC022634.1	0
AC022634.2	0
AC022639.1	0
AC022655.1	0
AC022655.2	0
AC022662.1	0
AC022679.1	0
AC022679.2	0
AC022690.1	0
AC022690.2	0
AC022695.1	0
AC022695.2	0
AC022695.3	0
AC022706.1	1.404575731
AC022709.1	0
AC022710.1	0
AC022726.1	0
AC022730.1	0
AC022730.2	0
AC022730.3	0
AC022730.4	0
AC022733.1	0.424081137
AC022733.2	2.006678462
AC022743.1	0
AC022748.1	0
AC022748.2	0
AC022748.3	0
AC022762.1	0
AC022762.2	0.509586927
AC022778.1	0
AC022784.1	0.107450043
AC022784.2	0
AC022784.3	0.21905589
AC022784.4	0
AC022784.5	0
AC022784.6	0.018580788
AC022784.7	0.216633152
AC022784.8	0.028031839
AC022790.1	0
AC022795.1	0.097936237
AC022796.1	0
AC022809.1	0.036611678
AC022816.1	0
AC022819.1	0.020038105
AC022826.1	0.038931175
AC022826.2	0
AC022832.1	0
AC022858.1	0
AC022861.1	0
AC022868.1	0.761447984
AC022872.1	0
AC022874.1	0
AC022878.1	0
AC022880.1	0
AC022880.2	0
AC022882.1	0
AC022884.1	0
AC022893.1	0.251670467
AC022893.2	0.028525118
AC022893.3	0.107572984
AC022898.1	0.127656195
AC022898.2	0.035830331
AC022903.1	0
AC022905.1	0.01028202
AC022915.1	0.054220754
AC022915.2	0.09248616
AC022915.3	0
AC022916.1	0.740612343
AC022916.2	0
AC022916.3	0
AC022916.4	0
AC022919.1	0.050063252
AC022929.1	0
AC022929.2	0
AC022960.1	0.135084465
AC022960.2	0.023528225
AC022960.3	0
AC022966.1	0
AC022968.1	0.283616253
AC022973.1	0.027251823
AC022973.2	0.114169749
AC022973.3	0.167770856
AC022973.4	0.13670489
AC023024.1	0.084701611
AC023024.2	0.094349009
AC023034.1	0
AC023034.2	0.032919744
AC023043.1	1.878317329
AC023043.2	0.030545415
AC023043.3	0.122102322
AC023043.4	1.221476458
AC023050.1	0.103090776
AC023050.2	0
AC023050.3	0
AC023050.4	0
AC023051.1	0.053663692
AC023051.2	0
AC023055.1	0.129860204
AC023078.1	0.032919744
AC023078.2	0
AC023078.3	0
AC023078.4	0
AC023078.5	0
AC023078.6	0
AC023078.7	0
AC023090.1	0.031214737
AC023090.2	0.022279334
AC023115.1	0.0272993
AC023128.1	0
AC023128.2	0
AC023136.1	0
AC023137.1	0.305255805
AC023141.1	0
AC023141.10	0
AC023141.11	0
AC023141.12	0
AC023141.13	0
AC023141.2	0
AC023141.3	0
AC023141.4	0
AC023141.5	0
AC023141.6	0
AC023141.7	0
AC023141.8	0
AC023141.9	0
AC023154.1	0.009712685
AC023157.1	0.506734761
AC023157.2	0.222266638
AC023157.3	1.088180416
AC023158.1	0
AC023158.2	0
AC023161.1	0.037309043
AC023161.2	0
AC023162.1	0
AC023194.1	0
AC023194.2	0.038595562
AC023194.3	0
AC023200.1	0
AC023202.1	0.031914049
AC023206.1	0.052583215
AC023232.1	0
AC023245.1	0
AC023245.2	0
AC023271.1	0.043127884
AC023274.1	0
AC023274.2	0
AC023300.1	0
AC023300.2	0
AC023300.3	0
AC023301.1	0.007103263
AC023302.1	0.318491829
AC023310.1	0
AC023310.2	0
AC023310.3	0
AC023310.4	0.048214763
AC023347.1	0
AC023347.2	0
AC023355.1	0.069865341
AC023389.1	0.244840594
AC023389.2	0.049224496
AC023394.1	0
AC023394.2	0
AC023403.1	0
AC023421.1	0.122900376
AC023421.2	0.042872224
AC023424.1	0
AC023424.2	0.121002301
AC023442.1	0
AC023442.2	0
AC023442.3	0
AC023449.1	0
AC023449.2	0.62679192
AC023469.1	0
AC023469.2	0
AC023481.1	0.033411083
AC023490.1	0
AC023490.2	0
AC023490.3	0.043770385
AC023509.1	0.04987205
AC023509.2	0.163724489
AC023509.3	1.601931022
AC023509.4	2.001690324
AC023509.5	0
AC023510.1	0
AC023510.2	0.147035638
AC023511.1	0
AC023511.2	0
AC023512.1	0
AC023513.1	0
AC023538.1	0
AC023575.1	0
AC023590.1	0.184122549
AC023595.1	0
AC023632.1	0
AC023632.2	0.24525117
AC023632.3	0
AC023632.4	0
AC023632.5	0.095742147
AC023632.6	0.273519671
AC023644.1	0.016885558
AC023669.1	0.059808389
AC023669.2	0.327820042
AC023762.1	0
AC023790.1	0
AC023790.2	0.052167451
AC023794.1	0.015900353
AC023794.2	0
AC023794.3	0.118710591
AC023794.4	0.013941101
AC023794.5	0.315650607
AC023794.6	0.083128902
AC023794.7	0.021793878
AC023796.1	0
AC023796.2	0.10423369
AC023813.1	0
AC023813.2	0
AC023813.3	0.145359907
AC023813.4	0
AC023818.1	0.319652997
AC023824.1	0
AC023824.2	0
AC023824.3	0
AC023824.4	0.017746091
AC023824.5	0
AC023824.6	0
AC023825.1	0
AC023825.2	0.093272607
AC023827.1	0
AC023830.1	0.101554102
AC023830.2	0
AC023830.3	0.215392412
AC023855.1	0.043648462
AC023866.1	0
AC023866.2	0
AC023886.1	0.016459872
AC023886.2	0.266882204
AC023905.1	0
AC023906.1	0.138364662
AC023906.2	0
AC023906.3	0
AC023906.4	0.071318977
AC023906.5	0.345475861
AC023908.1	0
AC023908.2	0
AC023908.3	0.097711244
AC023932.1	0
AC023932.2	0
AC023934.1	0
AC023946.1	0
AC023968.1	0
AC023968.2	0.014937844
AC023983.1	0.13818164
AC023983.2	0.139411014
AC024022.1	0
AC024023.1	0
AC024028.1	0
AC024060.1	4.377392962
AC024067.1	0
AC024075.1	1.176669813
AC024075.2	2.829712333
AC024075.3	0.852578127
AC024082.1	0
AC024082.2	0
AC024084.1	0.068878233
AC024085.1	0
AC024132.1	0
AC024132.2	0
AC024132.3	0.144867162
AC024145.1	0.38416279
AC024153.1	0
AC024224.1	0
AC024224.2	0.020038105
AC024230.1	0
AC024243.1	0.040282257
AC024255.1	0
AC024257.1	0.692128887
AC024257.2	0.106597265
AC024257.3	0.038690859
AC024257.4	0.102640598
AC024257.5	0
AC024267.1	0
AC024267.2	0
AC024267.3	0.446115245
AC024267.4	0.062930916
AC024267.5	0.02615993
AC024267.6	0.012396992
AC024270.1	0.193933143
AC024270.2	0.125609603
AC024270.3	0
AC024270.4	0.111661268
AC024288.1	0
AC024293.1	13.46721595
AC024337.1	0
AC024337.2	0.638668921
AC024341.1	0
AC024361.1	0.536971271
AC024361.2	0.052348991
AC024361.3	0.470564504
AC024382.1	0
AC024405.1	0
AC024405.2	0
AC024451.1	0.020115273
AC024451.2	0.735405682
AC024451.3	0
AC024451.4	0.375074952
AC024475.1	0.025900493
AC024475.2	0
AC024475.3	0
AC024475.4	0
AC024558.1	0.38580942
AC024559.1	0.138425777
AC024559.2	0
AC024560.1	0.06391488
AC024560.2	0.146544537
AC024560.3	0
AC024563.1	0.018011262
AC024563.2	0
AC024568.1	0.034667695
AC024575.1	0.367619894
AC024579.1	0
AC024580.1	0.813713546
AC024580.2	0
AC024581.1	0
AC024581.2	0
AC024587.1	0
AC024587.2	0
AC024589.1	0
AC024589.2	0
AC024592.1	0.132048859
AC024592.2	0.013190066
AC024592.3	0
AC024595.1	0
AC024597.1	0.17756145
AC024600.1	0.030462282
AC024601.1	0.029904195
AC024603.1	0.132346267
AC024610.1	0
AC024610.2	0
AC024614.1	0
AC024614.2	0
AC024619.1	0
AC024619.2	0
AC024619.3	0.097026613
AC024619.4	0.049587968
AC024651.1	0
AC024651.2	0
AC024681.1	0
AC024681.2	0
AC024884.1	0
AC024884.2	0.03769799
AC024896.1	6.522422782
AC024901.1	0.065472694
AC024908.1	0
AC024909.1	0
AC024909.2	1.645432931
AC024933.1	0.315197086
AC024937.1	0.455517384
AC024937.2	0.025233169
AC024940.1	0
AC024940.2	0.028699264
AC024940.3	0.672301564
AC024940.4	0
AC024940.5	0
AC024940.6	0.231410519
AC024941.1	0.187662251
AC024941.2	0.603907022
AC024958.1	0
AC024995.1	0
AC025030.1	0
AC025030.2	0
AC025031.1	0.111528811
AC025031.2	0.024991703
AC025031.3	0.127742918
AC025031.4	0.014371566
AC025031.5	0
AC025033.1	0
AC025034.1	0.567812668
AC025034.2	0
AC025035.1	0.052583215
AC025038.1	0
AC025040.1	0
AC025040.2	0
AC025043.1	0.225645091
AC025048.1	0.982976258
AC025048.2	1.250782088
AC025048.3	0
AC025048.4	3.429869947
AC025048.5	0
AC025048.6	0.13058165
AC025062.1	0.145991907
AC025062.2	0.070163275
AC025125.1	0
AC025154.1	0
AC025154.2	0.248884974
AC025161.1	0.026514041
AC025162.1	0
AC025162.2	0.027981782
AC025164.1	0.078462554
AC025165.1	0.229020125
AC025165.2	0
AC025165.3	0.046155517
AC025165.4	0.470455829
AC025165.5	1.274187726
AC025166.1	0
AC025171.1	1.322702058
AC025171.2	0.875881244
AC025171.3	0.170015891
AC025171.4	1.107511988
AC025171.5	0.340647782
AC025174.1	0.265589797
AC025175.1	0.598714284
AC025176.1	0.042930953
AC025178.1	0.432140712
AC025180.1	0.307753807
AC025181.1	0.113003351
AC025181.2	2.422761785
AC025183.1	0
AC025183.2	0
AC025183.3	0.036611678
AC025183.4	0
AC025186.1	0
AC025187.1	0
AC025188.1	0
AC025198.1	0.037398086
AC025211.1	0.042010182
AC025219.1	0.059580981
AC025244.1	0
AC025244.2	0
AC025252.1	0
AC025252.2	0
AC025253.1	0
AC025254.1	0
AC025257.1	0
AC025259.1	0.072657487
AC025259.2	0.081190663
AC025259.3	1.609793455
AC025260.1	0
AC025262.1	0.026604071
AC025262.2	0.118710591
AC025262.3	0
AC025263.1	0.033722664
AC025263.2	0
AC025263.3	0
AC025265.1	0.471715462
AC025265.2	0
AC025265.3	0
AC025271.1	0.036526336
AC025271.2	0.07834899
AC025271.3	0.122900376
AC025271.4	0.481169927
AC025272.1	0
AC025277.1	0
AC025278.1	0.091280377
AC025278.2	0
AC025279.1	0.042280484
AC025279.2	0
AC025279.3	0
AC025280.1	1.145100623
AC025280.2	0.073827081
AC025281.1	0
AC025283.1	0
AC025283.2	0.033548185
AC025284.1	0
AC025287.1	0
AC025287.2	0.023457781
AC025287.3	0.594263796
AC025300.1	0
AC025366.1	0
AC025370.1	0
AC025419.1	0.021900486
AC025423.1	0.251387134
AC025423.2	0
AC025423.3	0
AC025423.4	0
AC025423.5	0.214654767
AC025428.1	0
AC025428.2	0
AC025430.1	0.125861831
AC025431.1	0.161359476
AC025434.1	0
AC025437.1	0
AC025437.2	0
AC025437.3	0
AC025437.4	0
AC025437.5	0
AC025437.6	0
AC025442.1	0.032577543
AC025445.1	0
AC025449.1	1.806914324
AC025458.1	0.660774614
AC025459.1	0
AC025465.1	0
AC025465.2	0
AC025465.3	0
AC025465.4	0
AC025470.1	0
AC025470.2	0.192160288
AC025475.1	0
AC025518.1	0.045157919
AC025521.1	0.054789503
AC025524.1	0
AC025524.2	0
AC025538.1	0
AC025539.1	0.011696789
AC025554.1	0
AC025566.1	0
AC025569.1	0.706223622
AC025572.1	0
AC025574.1	0
AC025574.2	0
AC025575.1	0
AC025575.2	0.027734156
AC025576.1	0
AC025576.2	0
AC025578.1	0
AC025580.1	0.408403514
AC025580.2	0.213715721
AC025580.3	0.011004072
AC025588.1	0.052938507
AC025588.2	0
AC025588.3	0
AC025588.4	0
AC025594.1	0
AC025594.2	0.176937956
AC025594.3	0.198351873
AC025627.1	0.25758572
AC025627.2	0
AC025627.3	0.172195582
AC025627.4	0
AC025647.1	0.06193596
AC025674.1	0
AC025674.2	0
AC025678.1	0
AC025678.2	0
AC025678.3	0.022738098
AC025682.1	0.353264367
AC025741.1	0.028387315
AC025750.1	0
AC025750.2	0
AC025752.1	0
AC025754.1	0.038500732
AC025754.2	0.217636083
AC025755.1	0
AC025766.1	0.114937394
AC025768.1	0
AC025773.1	0
AC025809.1	0.083945346
AC025809.2	0.034783125
AC025810.1	0
AC025811.1	0
AC025822.1	0
AC025822.2	0.041110095
AC025857.1	0
AC025857.2	4.740443091
AC025871.1	0
AC025871.2	0
AC025881.1	0
AC025884.1	0.20727246
AC025884.2	0
AC025884.3	0
AC025887.1	0
AC025917.1	0.646977622
AC025918.1	0.245479864
AC025918.2	0.020537088
AC025946.1	0.036441391
AC025946.2	0
AC025947.1	0
AC026111.1	0
AC026116.1	0
AC026117.1	0
AC026120.1	0
AC026120.2	0
AC026124.1	0.054393282
AC026124.2	0.883814826
AC026150.1	0.178827937
AC026150.2	0.040665566
AC026150.3	0.157012004
AC026167.1	0.052407351
AC026185.1	0
AC026191.1	0.152041703
AC026202.1	0
AC026202.2	0.582953794
AC026202.3	0
AC026250.1	0.077396419
AC026254.1	0
AC026254.2	0.207089841
AC026271.1	1.906414593
AC026271.2	0
AC026271.3	0.230815355
AC026271.4	0
AC026304.1	0.335182845
AC026310.1	0
AC026310.2	0
AC026310.3	0.013206741
AC026316.1	0.037849754
AC026316.2	0.119161962
AC026316.3	0.00505967
AC026320.1	0
AC026320.2	0
AC026333.1	0
AC026333.2	0
AC026333.3	0.014995022
AC026333.4	0.20163343
AC026336.1	0
AC026336.2	0
AC026336.3	0.007548072
AC026336.4	0.014923617
AC026336.5	0
AC026347.1	0
AC026348.1	0.163692097
AC026353.1	0
AC026355.1	0.880925611
AC026355.2	0
AC026355.3	0.21554055
AC026356.1	0.588916505
AC026356.2	0.253020124
AC026358.1	0.013891665
AC026362.1	0.025102916
AC026362.2	0.084458128
AC026367.1	0.128230753
AC026367.2	0.226687855
AC026367.3	0.185912858
AC026368.1	0.068129556
AC026369.1	0.066263165
AC026369.2	0.925101607
AC026369.3	16.33830473
AC026371.1	0
AC026391.1	0.145901285
AC026396.1	0
AC026401.1	0.029565657
AC026401.2	0.12461072
AC026401.3	3.819735339
AC026402.1	0
AC026403.1	5.205560011
AC026407.1	0
AC026410.1	0.014232332
AC026410.2	0.100447423
AC026410.3	0.468754641
AC026412.1	2.263829318
AC026412.2	0.014576556
AC026412.3	0.113207451
AC026414.1	0
AC026415.1	0
AC026421.1	0
AC026422.1	0
AC026427.1	0.02823387
AC026427.2	0
AC026434.1	0
AC026434.2	0
AC026436.1	0.638399178
AC026444.1	0
AC026458.1	0
AC026458.2	0
AC026461.1	0
AC026461.2	0
AC026461.3	0.247046365
AC026461.4	0.129502463
AC026462.1	0.06361217
AC026462.2	0
AC026462.3	0
AC026462.4	0
AC026464.1	0
AC026464.2	0
AC026464.3	0
AC026464.4	0
AC026464.5	0.021703321
AC026468.1	0
AC026469.1	0.080576699
AC026470.1	0
AC026470.2	0.214654767
AC026470.3	0
AC026471.1	1.449948261
AC026471.2	0.598083893
AC026471.3	1.247077349
AC026471.4	2.687248208
AC026471.5	0
AC026471.6	0.38660394
AC026474.1	0.14644671
AC026477.1	0
AC026495.1	0.039745841
AC026523.1	0.052819544
AC026523.2	0.004049567
AC026583.1	0
AC026585.1	0.119616779
AC026616.1	0.029847234
AC026620.1	0.048066865
AC026688.1	0
AC026688.2	0
AC026691.1	0.31852341
AC026700.1	0
AC026704.1	0.183153483
AC026719.1	0
AC026719.2	0
AC026725.1	0
AC026726.1	0.026072875
AC026740.1	0.455632559
AC026741.1	0
AC026746.1	0
AC026748.1	0.043379939
AC026765.1	0.036022524
AC026765.2	0.164945242
AC026770.1	0
AC026771.1	0.037758549
AC026774.1	0
AC026774.2	0
AC026780.1	0
AC026780.2	0.12879286
AC026782.1	0
AC026782.2	0.17246633
AC026784.1	0
AC026785.1	0.027016893
AC026785.2	0
AC026785.3	0
AC026786.1	0
AC026786.2	0.119921923
AC026787.1	0
AC026790.1	0
AC026797.1	0
AC026798.1	0
AC026801.1	0
AC026801.2	0.670847582
AC026803.1	1.029402788
AC026803.2	0.231899759
AC026826.1	0
AC026826.2	0
AC026826.3	0
AC026877.1	0.410901861
AC026884.1	0
AC026887.1	0
AC026888.1	0.026469253
AC026894.1	0.037457684
AC026898.1	0
AC026904.1	0.008830543
AC026904.2	0.437703855
AC026904.3	0.184591861
AC026904.4	0
AC026951.1	0.006372427
AC026951.2	0
AC026954.1	0.024237893
AC026954.2	0.006094826
AC026954.3	0
AC026956.1	0
AC026979.1	0.080633609
AC026979.2	1.866377925
AC026979.3	0.680239293
AC026991.1	0
AC026992.1	0.159714815
AC026992.2	0.26333063
AC027013.1	0
AC027018.1	0
AC027020.1	0.322321794
AC027020.2	1.193764435
AC027026.1	0
AC027031.1	0
AC027031.2	0.695699277
AC027045.1	0
AC027088.1	0
AC027088.2	0
AC027088.3	0
AC027088.4	0.024144527
AC027097.1	0.934827331
AC027097.2	0.655478755
AC027104.1	0.069029947
AC027117.1	2.440500352
AC027117.2	0.276525847
AC027119.1	0
AC027124.1	0
AC027124.2	0
AC027130.1	0.189172612
AC027139.1	0
AC027139.2	0
AC027176.1	0
AC027176.2	0.084020365
AC027176.3	0
AC027216.1	0
AC027228.1	0.048214763
AC027228.2	0.087296925
AC027228.3	0
AC027229.1	0
AC027237.1	0
AC027237.2	0.160304839
AC027237.3	0.269811091
AC027237.4	0.135473758
AC027243.1	0
AC027243.2	0
AC027250.1	0
AC027271.1	0.308258321
AC027277.1	0
AC027277.2	2.089306399
AC027279.1	0.241411454
AC027279.2	0.079040595
AC027279.3	0
AC027279.4	0
AC027281.1	0.020672557
AC027281.2	0.043954553
AC027287.1	0
AC027287.2	0.026469253
AC027288.1	1.697374101
AC027288.2	8.70544333
AC027288.3	5.842268227
AC027290.1	0
AC027290.2	0.651578783
AC027306.1	0.012896953
AC027307.1	0.171441991
AC027307.2	2.476894524
AC027307.3	0.754999358
AC027308.1	0
AC027309.1	0
AC027309.2	4.815198342
AC027309.3	0
AC027312.1	0
AC027313.1	0
AC027315.1	0
AC027319.1	0.030664967
AC027328.1	0
AC027334.1	0
AC027335.1	0
AC027335.2	0
AC027338.1	0
AC027338.2	0.059580981
AC027343.1	0
AC027343.2	0
AC027343.3	0
AC027345.1	0
AC027348.1	0.509586927
AC027348.2	0
AC027369.1	0
AC027369.2	0
AC027369.3	0
AC027369.4	0
AC027369.5	0
AC027369.6	0
AC027373.1	0.562575935
AC027419.1	0
AC027419.2	0.094586306
AC027449.1	0.808515376
AC027451.1	0
AC027455.1	0
AC027458.1	0
AC027506.1	0
AC027514.1	0.03910118
AC027514.2	0.073798107
AC027541.1	0
AC027544.1	0
AC027544.2	0.024872695
AC027544.3	0.020699865
AC027559.1	1.234189434
AC027575.1	0
AC027575.2	0.641766471
AC027601.1	0.219085059
AC027601.2	1.206866429
AC027601.3	0.153927289
AC027601.4	0
AC027601.5	0.082073882
AC027607.1	0.968358303
AC027612.1	0
AC027612.2	0
AC027612.3	0.029932756
AC027612.4	0
AC027613.1	0
AC027627.1	0
AC027644.1	0.420665718
AC027644.2	0.457035775
AC027644.3	2.588189256
AC027667.1	0
AC027673.1	0
AC027682.1	0.244023551
AC027682.2	0
AC027682.3	0
AC027682.4	0.383804174
AC027682.5	0.443484849
AC027682.6	1.029273254
AC027682.7	0.19947409
AC027688.1	0
AC027688.2	0
AC027698.1	0
AC027701.1	0
AC027702.1	0.123941905
AC027763.1	0.087054433
AC027763.2	0.232575851
AC027779.1	0
AC027796.1	0.030605074
AC027796.2	0.136655215
AC027796.3	0.021175403
AC027796.4	1.075729839
AC027796.5	0.055963564
AC027801.1	0.485017557
AC027801.2	0.008628743
AC027801.3	0
AC027801.4	0.158681499
AC027801.5	0.075335567
AC027804.1	0
AC027807.1	0
AC027807.2	0.537689147
AC027808.1	0.091770413
AC027808.2	0.189554008
AC032011.1	0.020232147
AC032019.1	0
AC032019.2	0
AC032044.1	1.26991127
AC032044.2	0.336984903
AC034102.1	0.518867483
AC034102.2	0
AC034102.3	0.31339596
AC034102.4	0
AC034102.5	0.087054433
AC034102.6	0.121095811
AC034102.7	0
AC034102.8	0.194253694
AC034105.1	0
AC034105.2	0
AC034105.3	0
AC034105.4	0
AC034105.5	0
AC034111.1	0.004156445
AC034114.1	0
AC034114.2	0
AC034154.1	0
AC034159.1	0
AC034187.1	0
AC034195.1	0.023440236
AC034198.1	0
AC034198.2	0.706677164
AC034199.1	0.122083669
AC034205.1	0
AC034205.2	0
AC034205.3	0
AC034206.1	0.017666063
AC034207.1	0.016529323
AC034213.1	2.877332634
AC034222.1	0
AC034223.1	0
AC034223.2	0
AC034226.1	0
AC034228.1	0
AC034228.2	0
AC034228.3	0
AC034229.1	0.016616965
AC034229.2	0
AC034229.3	0
AC034229.4	0.142129687
AC034229.5	0
AC034229.6	0
AC034231.1	0.525244625
AC034232.1	0
AC034232.2	0
AC034234.1	0.021854669
AC034236.1	19.03061258
AC034236.2	0.311449401
AC034236.3	0.033990885
AC034238.1	0.007569951
AC034238.2	0
AC034238.3	0
AC034243.1	0.934315042
AC034244.1	0
AC034244.2	0
AC034245.1	0
AC034268.1	0
AC035139.1	0.172195582
AC035140.1	0.06356916
AC036101.1	0
AC036103.1	0.28548215
AC036108.1	0.106597265
AC036108.2	0.048929892
AC036108.3	0.345356026
AC036108.4	0.012456119
AC036111.1	0.009905056
AC036111.2	0
AC036111.3	0
AC036164.1	0.329395153
AC036176.1	1.756614297
AC036176.2	0.027180916
AC036176.3	0
AC036214.1	0.025531239
AC036214.2	1.093639118
AC036214.3	0.127876569
AC036222.1	0
AC036222.2	0
AC037198.1	0.983370679
AC037198.2	2.204496296
AC037441.1	0.272653706
AC037441.2	0
AC037450.1	0
AC037459.1	0.143879614
AC037459.2	0.849613679
AC037459.3	1.766413592
AC037459.4	0
AC037471.1	0
AC037471.2	0
AC037479.1	0.025071677
AC037486.1	0
AC037487.1	0.044336534
AC037487.2	0.058360514
AC037487.3	1.678906928
AC037487.4	0.100286707
AC039056.1	0
AC039056.2	0.367979601
AC040160.1	0.199018727
AC040160.2	0.130971446
AC040162.1	0.562293543
AC040162.2	0
AC040162.3	0.58957264
AC040168.1	0
AC040169.1	0.571451366
AC040169.2	0.046314674
AC040169.3	0.230438206
AC040170.1	0.444533276
AC040173.1	0.027016893
AC040174.1	0
AC040174.2	0
AC040896.1	0
AC040904.1	0.28107261
AC040914.1	0
AC040918.1	0.024793984
AC040926.1	0
AC040934.1	0.030545415
AC040936.1	0
AC040958.1	0
AC040963.1	0
AC040970.1	2.019403955
AC040975.1	0.099175937
AC040977.1	4.294346972
AC040977.2	0
AC040978.1	0
AC041039.1	0
AC041040.1	0.016215727
AC044781.1	0.027490874
AC044784.1	0
AC044784.2	0
AC044787.1	0.672693348
AC044792.1	0
AC044797.1	0.230777585
AC044798.1	0
AC044798.2	0
AC044802.1	0.021658325
AC044802.2	0.072211051
AC044810.1	0.044078194
AC044810.2	0.51640369
AC044810.3	0.053208143
AC044836.1	0
AC044839.1	1.231370875
AC044839.2	0
AC044839.3	0
AC044839.4	0
AC044839.5	0.033411083
AC044840.1	0.132794898
AC044849.1	0.088280552
AC044860.1	0.333197406
AC044860.2	0.087540771
AC044860.3	0
AC044873.1	0
AC044913.1	0.036441391
AC046130.1	0
AC046130.2	0.09867631
AC046134.1	0.117641126
AC046136.1	0.058798492
AC046143.1	1.370301265
AC046143.2	0.685553662
AC046144.1	0
AC046158.1	0.021793878
AC046158.2	0.022163788
AC046158.3	0.018377402
AC046158.4	0.011633109
AC046168.1	0.012325483
AC046168.2	0.038406368
AC046176.1	0.267859795
AC046185.1	0
AC046185.2	0.569120993
AC046185.3	0.902044292
AC046195.1	2.156428686
AC046195.2	0
AC048334.1	0
AC048337.1	0.085161946
AC048338.1	0
AC048341.1	0.816567179
AC048341.2	1.787186737
AC048344.1	0
AC048344.2	0
AC048344.3	0
AC048344.4	0.713615089
AC048346.1	0
AC048347.1	0
AC048351.1	0.101751935
AC048380.1	0.03369849
AC048380.2	0.181077147
AC048380.3	0
AC048382.1	0
AC048382.2	0.732531207
AC048382.3	0
AC048382.4	0
AC048382.5	0.576480863
AC048382.6	0
AC048383.1	0
AC048387.1	0
AC051618.1	0.075699507
AC051619.1	0
AC051619.2	0.118411572
AC051619.3	0.019377326
AC051619.4	0.160991075
AC051619.5	0.34462786
AC051619.6	0
AC051619.7	0.125760819
AC051619.8	0.356131773
AC051619.9	0
AC051649.1	0
AC053481.1	0
AC053481.2	0
AC053481.3	0.018588135
AC053481.4	0
AC053503.1	0.030192289
AC053503.2	0.058835287
AC053503.3	0
AC053503.4	1.818815839
AC053503.5	0.024638047
AC053503.6	0.085023321
AC053513.1	0.573285292
AC053527.1	0.388885498
AC055713.1	0.155202734
AC055716.1	0.031656158
AC055716.2	0
AC055716.3	0
AC055717.1	0
AC055717.2	0
AC055717.3	0
AC055720.1	0.032989048
AC055720.2	1.002138244
AC055731.1	0
AC055733.1	0.027394752
AC055733.2	0.092175282
AC055733.3	0
AC055736.1	0
AC055748.1	0.130717814
AC055753.1	0
AC055758.1	0
AC055758.2	0
AC055764.1	0
AC055764.2	0.210489824
AC055811.1	0.203669186
AC055811.2	0.055533838
AC055811.3	0.045684542
AC055811.4	2.635456333
AC055813.1	0.014761939
AC055822.1	1.408521168
AC055854.1	0.250316262
AC055855.1	0.188037576
AC055855.2	0
AC055860.1	0
AC055872.1	0
AC055874.1	0.027931904
AC055876.1	0
AC055876.2	0.028699264
AC055876.3	0
AC055876.4	0.088032573
AC055876.5	0
AC055878.1	0
AC058791.1	0.122496857
AC058823.1	0
AC060234.1	0.066117291
AC060234.2	0.185298382
AC060234.3	0
AC060764.1	0.172574868
AC060765.1	0
AC060766.1	1.674444124
AC060766.2	0
AC060766.3	0
AC060766.4	1.342291821
AC060766.5	0.359811665
AC060766.6	0.278397426
AC060766.7	1.137741108
AC060771.1	0
AC060773.1	0.050547735
AC060780.1	1.789330417
AC060780.2	0.870544333
AC060780.3	2.546342174
AC060788.1	0
AC060809.1	0
AC060814.1	0
AC060814.2	0
AC060814.3	0
AC060814.4	0
AC060814.5	0
AC060834.1	0.107961207
AC060834.2	0.126778301
AC061709.1	0
AC061709.2	0
AC061961.1	0.036272681
AC061965.1	0.010696108
AC061975.1	0.011454531
AC061975.2	0
AC061975.3	0
AC061975.4	0
AC061975.5	0.010874253
AC061975.6	0
AC061975.7	0.043466846
AC061979.1	0
AC061992.1	2.994144903
AC061999.1	0.354119729
AC062004.1	0.01813634
AC062015.1	0
AC062016.1	0
AC062016.2	0
AC062017.1	0.511249527
AC062020.1	0
AC062021.1	0.028132492
AC062022.1	0
AC062028.1	0.028964506
AC062028.2	0.018305839
AC062029.1	0.190247372
AC062031.1	0
AC062032.1	0
AC062037.1	0
AC062037.2	0.429309534
AC062039.1	0
AC063919.1	0.246768472
AC063923.1	0
AC063923.2	0
AC063924.1	0
AC063926.1	0
AC063926.2	0
AC063926.3	0.008308482
AC063943.1	0.396146578
AC063944.1	0.099415637
AC063944.2	0.251999675
AC063944.3	0.176395475
AC063947.1	0
AC063947.2	0
AC063948.1	0.289415794
AC063949.1	0
AC063949.2	0
AC063950.1	0.170854495
AC063952.1	0
AC063952.2	0.012770822
AC063952.3	0
AC063955.1	0
AC063961.1	0.178065886
AC063962.1	0
AC063965.1	0.094207202
AC063976.1	0
AC063976.2	0.026439479
AC063976.3	0
AC063976.4	0
AC063977.1	0.042236652
AC063977.2	0.409424651
AC063977.3	0
AC063977.4	0.017969952
AC063977.5	0
AC063977.6	0.035552576
AC063977.7	0
AC063979.1	0
AC063979.2	0
AC063980.1	0
AC064799.1	1.0446532
AC064799.2	0.022449567
AC064801.1	0.231004393
AC064801.2	0.024051877
AC064802.1	0.065729018
AC064805.1	0.104407316
AC064805.2	0.059922746
AC064807.1	0.518513997
AC064807.2	0.046636304
AC064807.3	0
AC064807.4	0.269505125
AC064834.1	0.03115268
AC064836.1	0.133549415
AC064836.2	0.237421182
AC064836.3	1.024474163
AC064847.1	0.123871921
AC064850.1	0
AC064852.1	0
AC064853.1	0.116072578
AC064859.1	0
AC064862.1	0
AC064862.2	0
AC064862.3	0
AC064862.4	0
AC064862.5	0
AC064862.6	0
AC064862.7	0
AC064871.1	0
AC064872.1	0
AC064874.1	0
AC064875.1	0.082588535
AC066595.1	0
AC066612.1	0
AC066612.2	0
AC066613.1	0.756815263
AC066613.2	0.027981782
AC066616.1	0
AC066616.2	0.010580552
AC066692.1	0
AC067735.1	1.84701041
AC067747.1	0.62679192
AC067750.1	0.143649791
AC067773.1	0
AC067805.1	0
AC067817.1	0
AC067817.2	3.482177332
AC067819.1	0
AC067838.1	1.031979764
AC067852.1	0
AC067852.2	0.745213048
AC067852.3	1.3539572
AC067852.4	0.117157368
AC067863.1	0
AC067863.2	0
AC067904.1	0.012791672
AC067904.2	0.012213405
AC067904.3	0
AC067930.1	0.053848103
AC067930.2	0
AC067930.3	0.067060476
AC067930.4	0.094396373
AC067930.5	0.026717473
AC067930.6	0.250235303
AC067931.1	0.256881934
AC067931.2	0.092903941
AC067940.1	0
AC067942.1	0.031486533
AC067942.2	0
AC067942.3	0
AC067945.1	0.02535566
AC067945.2	0.025152164
AC067945.3	0.632818765
AC067956.1	0
AC067959.1	0
AC067960.1	0
AC067968.1	0
AC067968.2	0
AC067969.1	0
AC067969.2	0
AC068014.1	0.113824199
AC068020.1	0
AC068025.1	0.082256157
AC068025.2	0.149592344
AC068042.1	0.0272993
AC068044.1	0
AC068050.1	0.123708932
AC068051.1	0
AC068057.1	0
AC068057.2	0
AC068058.1	0
AC068075.1	0
AC068112.1	0
AC068134.1	0
AC068134.2	0.108818042
AC068134.3	0.576680383
AC068134.4	0
AC068135.1	0
AC068135.2	0
AC068137.1	0
AC068137.2	0
AC068138.1	0
AC068152.1	0.561641505
AC068189.1	0
AC068196.1	0.037622564
AC068213.1	0
AC068228.1	0
AC068228.2	0
AC068234.1	0
AC068234.2	0.395590973
AC068234.3	0.360225241
AC068254.1	0
AC068254.2	0.017522838
AC068276.1	0
AC068279.1	0
AC068282.1	0.990284632
AC068286.1	0
AC068287.1	0
AC068295.1	0
AC068298.1	0
AC068299.1	0.00895929
AC068305.1	0.065019909
AC068305.2	0.141169351
AC068313.1	0
AC068338.1	0.089032943
AC068338.2	0.602684538
AC068338.3	0.89970132
AC068385.1	0
AC068389.1	0
AC068389.2	0
AC068389.3	0
AC068389.4	0
AC068397.1	0.059019955
AC068397.2	0
AC068408.1	0
AC068413.1	0
AC068418.1	0
AC068418.2	0
AC068446.1	0.020232147
AC068446.2	0
AC068446.3	0
AC068448.1	0
AC068472.1	0
AC068473.1	0.042312686
AC068473.2	0
AC068473.3	0.030535495
AC068473.4	0.026785979
AC068473.5	1.845285092
AC068481.1	0
AC068483.1	0
AC068489.1	0
AC068490.1	0
AC068491.1	0.012626751
AC068491.2	0.050793511
AC068491.3	0.181004267
AC068491.4	0.013908105
AC068492.1	0
AC068506.1	0.023387758
AC068512.1	0
AC068522.1	0.999233495
AC068531.1	0.080357938
AC068533.1	0
AC068533.2	2.406799038
AC068533.3	0.31029303
AC068533.4	0.050986328
AC068535.1	0
AC068538.1	0
AC068580.1	0.559635643
AC068580.2	0
AC068580.3	1.088720456
AC068580.4	0.330055926
AC068587.1	0
AC068587.2	3.032864128
AC068587.3	0
AC068594.1	0.557975003
AC068594.2	0.104990271
AC068599.1	0
AC068620.1	0.385080102
AC068620.2	0.223854257
AC068631.1	0.001411821
AC068633.1	0
AC068643.1	0.284905418
AC068643.2	0
AC068647.1	0.006918233
AC068647.2	0.040178969
AC068657.1	0.10241698
AC068658.1	0
AC068669.1	0.049231861
AC068672.1	0
AC068672.2	0
AC068672.3	0.051041687
AC068675.1	0
AC068700.1	0.196185537
AC068707.1	0.080152419
AC068714.1	0
AC068721.1	0
AC068722.1	0
AC068722.2	0.489681187
AC068724.1	0.088363523
AC068724.2	0
AC068726.1	0.045952487
AC068733.1	0
AC068733.2	0
AC068756.1	0
AC068759.1	0
AC068760.1	0
AC068768.1	0.81204534
AC068768.2	0.41116088
AC068769.1	0.083968415
AC068775.1	0
AC068781.1	0.02535566
AC068787.1	0
AC068789.1	0
AC068790.1	0.044140276
AC068790.2	0.196927443
AC068790.3	0.510047674
AC068790.4	0.476647848
AC068790.5	0.706244417
AC068790.6	0.242942605
AC068790.7	0.178065886
AC068790.8	0.248726952
AC068790.9	0.071778497
AC068792.1	0.11273236
AC068802.1	0.021406828
AC068831.1	0.143372748
AC068831.2	0
AC068831.3	0
AC068831.4	0
AC068831.5	0
AC068831.6	0
AC068858.1	0
AC068860.1	0.020971357
AC068867.1	0
AC068870.1	0.172335864
AC068870.2	6.364596614
AC068870.3	0.049431539
AC068875.1	0
AC068880.1	0
AC068880.2	0
AC068880.3	0
AC068880.4	0.031656158
AC068880.5	0
AC068888.1	2.999057745
AC068888.2	0.175408186
AC068896.1	0.073266151
AC068898.1	0
AC068898.2	0
AC068944.1	0
AC068944.2	0
AC068946.1	0.047177886
AC068985.1	0
AC068987.1	0.073394838
AC068987.2	0
AC068987.3	0.061031346
AC068987.4	0.628587885
AC068992.1	0.154192354
AC068993.1	0
AC068993.2	0
AC069023.1	0.21271219
AC069029.1	0.059580981
AC069061.1	0
AC069061.2	0
AC069079.1	0.039174495
AC069113.1	0
AC069113.2	0
AC069113.3	0
AC069114.1	0
AC069114.2	0
AC069120.1	0
AC069133.1	0
AC069148.1	0.183630445
AC069152.1	0
AC069154.1	0.057822133
AC069155.1	0
AC069157.1	0
AC069185.1	0.071813923
AC069200.1	0.145539919
AC069209.1	0.312914553
AC069213.1	0.120421118
AC069213.2	0
AC069213.3	0.033058646
AC069218.1	0.205640394
AC069218.2	0
AC069222.1	0.065290825
AC069224.1	0.539077599
AC069228.1	0
AC069234.1	0.053755739
AC069234.2	0
AC069234.3	0
AC069234.4	0.342301412
AC069234.5	0.226006702
AC069235.1	0
AC069236.1	0
AC069240.1	0
AC069257.1	0.036526336
AC069257.2	0.101095471
AC069257.3	0
AC069262.1	0
AC069271.1	0.200894846
AC069272.1	0
AC069277.1	0.005183526
AC069277.2	0
AC069280.1	0
AC069281.1	0
AC069281.2	0.640891533
AC069282.1	3.634439839
AC069285.1	0
AC069285.2	0
AC069287.1	0
AC069287.2	0
AC069287.3	0
AC069294.1	0
AC069304.1	0
AC069304.2	0
AC069304.3	0.014455533
AC069306.1	0
AC069307.1	0.280443812
AC069335.1	0
AC069360.1	1.886332599
AC069366.1	0.747961718
AC069366.2	0
AC069368.1	0.098166315
AC069421.1	0
AC069431.1	0
AC069431.2	0.028516466
AC069437.1	0
AC069439.1	0
AC069439.2	0
AC069444.1	0
AC069454.1	0.033482474
AC069499.1	0.153927289
AC069499.2	0
AC069503.1	0.027418719
AC069503.2	0.085580546
AC069503.3	0
AC069528.1	0
AC069528.2	1.093973843
AC069540.1	0
AC069540.2	0
AC069542.1	0.056264984
AC069542.2	0.65290825
AC069544.1	0.439193537
AC069545.1	0
AC069547.1	0.385322901
AC069549.1	0.439633611
AC072022.1	0.196692025
AC072026.1	0
AC072039.1	0
AC072039.2	0.035694301
AC072046.1	0
AC072046.2	0
AC072052.1	1.126586784
AC072061.1	0.231469711
AC072062.1	0.004109572
AC073023.1	0
AC073046.1	0.441968661
AC073046.2	0
AC073050.1	0.033917312
AC073052.1	0.153625471
AC073052.2	0.01542303
AC073055.1	0
AC073062.1	0
AC073063.1	0.64537883
AC073065.1	0
AC073071.1	0
AC073072.1	0.080416852
AC073072.2	0.270168931
AC073073.1	0.135376225
AC073073.2	0.455870772
AC073082.1	0.007451164
AC073089.1	0
AC073091.1	0.01813634
AC073091.2	0
AC073094.1	0
AC073107.1	0
AC073107.2	0.065839487
AC073109.1	0
AC073111.1	0
AC073111.2	0.014576556
AC073114.1	0
AC073115.1	0.088363523
AC073115.2	0.056467741
AC073127.1	0
AC073130.1	0.104057252
AC073130.2	0.649348227
AC073130.3	0.213241325
AC073133.1	0.725453611
AC073133.2	0.127774483
AC073135.1	0
AC073136.1	0
AC073136.2	0
AC073137.1	0
AC073143.1	0
AC073150.1	0
AC073167.1	0
AC073172.1	0
AC073172.2	0
AC073174.1	0
AC073176.1	0
AC073176.2	0
AC073188.1	0
AC073188.2	0
AC073188.3	0
AC073188.4	0
AC073188.5	0
AC073188.6	0
AC073195.1	0.214410007
AC073210.1	0.810506793
AC073210.2	0
AC073218.1	0
AC073218.2	0
AC073254.1	0.201919545
AC073255.1	0
AC073257.1	0
AC073257.2	0.178065886
AC073261.1	0
AC073263.1	0.037190976
AC073263.2	0
AC073263.3	0
AC073264.1	0
AC073264.2	0
AC073283.1	0.127544867
AC073283.2	0.023145935
AC073283.3	0
AC073284.1	0
AC073288.1	0
AC073288.2	0.259590027
AC073308.1	0
AC073310.1	0
AC073311.1	0
AC073314.1	0.035356042
AC073316.1	0
AC073316.2	0.07497511
AC073316.3	0.14361322
AC073320.1	0.010221656
AC073321.1	0
AC073323.1	0
AC073324.1	0
AC073325.1	0
AC073325.2	0
AC073326.1	0.028132492
AC073332.1	0.438793348
AC073333.1	0.362726805
AC073333.2	0.02037685
AC073335.1	0.129502463
AC073335.2	1.639386015
AC073336.1	0
AC073342.1	0
AC073342.2	0
AC073342.3	0
AC073343.1	0.505477355
AC073343.2	0.205281196
AC073346.1	0
AC073346.2	0.00761409
AC073347.1	0
AC073348.1	0
AC073349.1	0.044264966
AC073349.2	0.244382377
AC073349.3	0
AC073352.1	0.279817821
AC073352.2	0.035694301
AC073358.1	0
AC073359.1	0
AC073359.2	0
AC073365.1	0
AC073367.1	0.404671971
AC073370.1	0.238777874
AC073387.1	0
AC073387.2	0
AC073389.1	0.374498317
AC073389.2	0.058396763
AC073389.3	0.30166456
AC073409.1	0
AC073410.1	0.21283257
AC073410.2	0.047198187
AC073413.1	0.021406828
AC073413.2	0
AC073415.1	0
AC073429.1	0
AC073429.2	0
AC073439.1	0.203159726
AC073464.1	0.058688382
AC073464.2	0
AC073464.3	0
AC073465.1	0
AC073465.2	0
AC073476.1	0.423508054
AC073476.2	0
AC073476.3	0.056253762
AC073476.4	0.217636083
AC073486.1	0.049224496
AC073487.1	0.947889482
AC073488.1	0
AC073508.1	0.071660662
AC073508.2	0.006262909
AC073508.3	1.336184325
AC073517.1	0
AC073521.1	0
AC073522.1	0
AC073525.1	0
AC073529.1	0.025437984
AC073530.1	0
AC073530.2	0
AC073534.1	0.164512315
AC073539.1	0
AC073539.2	0
AC073539.3	0
AC073544.1	0
AC073548.1	0.974158536
AC073551.1	0
AC073569.1	0.046985901
AC073569.2	0.531179593
AC073569.3	0.13785746
AC073571.1	0.065978097
AC073573.1	0
AC073575.1	0
AC073575.2	0.399867253
AC073578.1	0
AC073578.2	0
AC073578.3	0
AC073578.4	0
AC073581.1	0
AC073583.1	0
AC073585.1	0.082596827
AC073587.1	0
AC073591.1	0
AC073592.1	0.122229314
AC073592.10	0.026247568
AC073592.2	0.040178969
AC073592.3	0.017088111
AC073592.4	0.035134076
AC073592.5	0.118710591
AC073592.6	0
AC073592.7	0
AC073592.8	0
AC073592.9	0.126709957
AC073593.1	0
AC073594.1	0
AC073610.1	0.712263545
AC073610.2	0
AC073610.3	0.116814256
AC073611.1	1.671122197
AC073612.1	0
AC073614.1	0
AC073621.1	0.030605074
AC073626.1	0
AC073626.2	0.049587968
AC073636.1	0
AC073641.1	0
AC073648.1	0
AC073648.2	0
AC073648.3	0
AC073648.4	0
AC073648.5	0
AC073651.1	0.03369849
AC073651.2	0
AC073655.1	0.254276641
AC073655.2	0.393149054
AC073657.1	0
AC073657.2	0.10343101
AC073834.1	0
AC073842.1	0.045818123
AC073842.2	0.356131773
AC073848.1	0
AC073850.1	0.245800753
AC073857.1	1.219092444
AC073861.1	13.0410955
AC073862.1	0
AC073862.2	0.827079209
AC073862.3	0.057050235
AC073862.4	0.385322901
AC073862.5	0.95085602
AC073863.1	0.054981747
AC073864.1	0
AC073869.1	5.13652295
AC073869.2	0
AC073869.3	0.135084465
AC073869.4	0
AC073873.1	0
AC073878.1	0.049666555
AC073878.2	0
AC073896.1	0.044643299
AC073896.2	3.31895027
AC073896.3	0.502007258
AC073896.4	5.832431015
AC073896.5	0
AC073900.1	0
AC073901.1	0
AC073909.1	0
AC073910.1	0.143103178
AC073911.1	0.012044426
AC073911.2	0
AC073911.3	0
AC073912.1	0.160168293
AC073912.2	0.346020776
AC073912.3	0
AC073913.1	0
AC073913.2	0
AC073916.1	0.120536908
AC073934.1	0.063312315
AC073941.1	0
AC073941.2	0
AC073957.1	0
AC073957.2	0
AC073957.3	0.433597547
AC073964.1	0
AC073968.1	0.024599369
AC073987.1	0
AC074011.1	0.053940785
AC074019.1	0.028594522
AC074029.1	0
AC074029.2	0
AC074029.3	0.200894846
AC074029.4	0
AC074031.1	0
AC074032.1	1.346732862
AC074033.1	0.468629473
AC074035.1	0
AC074043.1	0
AC074044.1	0.066491363
AC074050.1	0
AC074050.2	0.029126019
AC074050.3	0
AC074050.4	0.293992458
AC074051.1	0.020063762
AC074051.2	0
AC074051.3	0
AC074051.4	0
AC074052.1	0.034363592
AC074052.2	0
AC074085.1	0
AC074085.2	0.073223355
AC074087.1	0
AC074091.1	0
AC074117.1	0.514366171
AC074117.2	0.276293667
AC074121.1	0
AC074124.1	0
AC074131.1	0.123871921
AC074133.1	0
AC074134.1	0.014142417
AC074135.1	0.048613644
AC074135.2	0
AC074138.1	0.16836314
AC074140.1	0
AC074143.1	0
AC074183.1	0
AC074183.2	0.40789062
AC074194.1	0.151155608
AC074198.1	0
AC074198.2	0
AC074212.1	0.108483217
AC074237.1	0
AC074250.1	0
AC074254.1	0
AC074255.1	0
AC074257.1	0
AC074276.1	0.025562476
AC074276.2	0
AC074281.1	0
AC074286.1	0
AC074290.1	0
AC074327.1	0.072322145
AC074338.1	0
AC074344.1	0
AC074344.2	0
AC074348.1	0
AC074351.1	0.032577543
AC074366.1	0.014428912
AC074367.1	0
AC074375.1	0
AC074389.1	0
AC074389.2	0
AC074389.3	0
AC074397.1	0
AC076966.1	0
AC076968.1	0
AC078776.1	0
AC078777.1	0.060501151
AC078778.1	0.234513984
AC078778.2	0.027636328
AC078785.1	0.148714367
AC078785.2	0
AC078785.3	0
AC078788.1	0
AC078788.2	0
AC078789.1	0.098552189
AC078795.1	0.159539782
AC078795.2	0
AC078795.3	0
AC078802.1	0.167293217
AC078809.1	0
AC078814.1	0
AC078814.2	0
AC078817.1	0.504315338
AC078819.1	0.061450188
AC078820.1	0
AC078828.1	0.102640598
AC078841.1	0
AC078842.1	0
AC078842.2	0
AC078845.1	0.134138349
AC078846.1	0.327422011
AC078850.1	0.048274177
AC078850.2	0
AC078851.1	0
AC078852.1	0.035532422
AC078852.2	0
AC078857.1	0
AC078860.1	0.089201886
AC078864.1	0.336655816
AC078865.1	0
AC078867.1	0
AC078878.1	0
AC078878.2	0
AC078880.1	0
AC078880.2	0.092940676
AC078880.3	0.125805693
AC078880.4	0.00895929
AC078880.5	0.074440846
AC078881.1	0.188530656
AC078882.1	0
AC078883.1	0.518697849
AC078883.2	0
AC078883.3	0.160044362
AC078883.4	0
AC078886.1	0
AC078889.1	0.179768237
AC078899.1	0.251245706
AC078899.2	0
AC078899.3	0.960883839
AC078899.4	0
AC078899.5	0
AC078905.1	0.400210951
AC078906.1	0.039272677
AC078909.1	0
AC078909.2	0.039371352
AC078918.1	0
AC078922.1	0
AC078923.1	0.022627867
AC078925.1	0.22070138
AC078925.2	0.007942118
AC078925.3	0.043875434
AC078925.4	3.039046437
AC078927.1	0.015924591
AC078929.1	0.062429474
AC078942.1	0
AC078950.1	0
AC078955.1	0
AC078960.1	0.088529932
AC078962.1	0.780701679
AC078962.2	0.044016286
AC078962.3	0.065019909
AC078962.4	0.123384236
AC078974.1	0
AC078980.1	0
AC078991.1	0.07706458
AC078993.1	0.141400966
AC079015.1	0.105166429
AC079031.1	0
AC079031.2	0.025479346
AC079035.1	0.073914141
AC079054.1	0
AC079061.1	0.015287608
AC079062.1	0
AC079064.1	0
AC079070.1	0
AC079075.1	0.13959731
AC079080.1	0
AC079089.1	0.015932687
AC079089.2	0
AC079089.3	0
AC079097.1	0
AC079098.1	0
AC079112.1	0
AC079117.1	0
AC079140.1	0.09652853
AC079140.2	1.986312422
AC079140.3	0.512829753
AC079140.4	0
AC079140.5	0.101095471
AC079145.1	0.521361116
AC079148.1	0.554852432
AC079150.1	0
AC079150.2	0
AC079154.1	0
AC079160.1	0
AC079163.1	0
AC079168.1	0
AC079168.2	0
AC079171.1	0
AC079174.1	0.150671135
AC079174.2	0.208621571
AC079178.1	0
AC079178.2	0
AC079193.1	0
AC079193.2	0.06153062
AC079203.1	0.504226173
AC079203.2	0
AC079209.1	0.689691813
AC079209.2	0.03635684
AC079210.1	5.01923217
AC079226.1	0
AC079226.2	0
AC079228.1	0
AC079238.1	0
AC079248.1	0
AC079248.2	0
AC079250.1	0.973829254
AC079296.1	0
AC079298.1	0
AC079298.2	0
AC079298.3	0.079715542
AC079305.1	0.031402401
AC079305.2	0
AC079305.3	0.287519229
AC079310.1	0
AC079313.1	0.832278648
AC079313.2	0.152627903
AC079315.1	1.660042805
AC079316.1	0
AC079316.2	0.011396217
AC079322.1	0.262313799
AC079325.1	0.018284478
AC079328.1	0.115219103
AC079328.2	0
AC079329.1	0
AC079331.1	0.013058165
AC079331.2	0.338507027
AC079336.1	0.074618086
AC079336.2	0.084518867
AC079336.3	0
AC079336.4	0.038406368
AC079336.5	0.195872475
AC079336.6	0.051124953
AC079336.7	0.043607972
AC079340.1	0
AC079340.2	0.019910798
AC079341.1	0.028107261
AC079341.2	0
AC079349.1	0
AC079354.1	0.01519864
AC079354.2	0
AC079354.3	0.100770405
AC079355.1	0
AC079355.2	0
AC079360.1	0.036105525
AC079362.1	0.087296925
AC079363.1	0
AC079380.1	0.075944094
AC079382.1	0
AC079384.1	0.13058165
AC079385.1	0.017606515
AC079385.2	0.054472067
AC079385.3	0.038738685
AC079395.1	0
AC079395.2	0
AC079395.3	0
AC079411.1	0
AC079411.2	0.016451231
AC079414.1	0
AC079414.2	0
AC079414.3	0.58941442
AC079416.1	0.039948497
AC079416.2	0.013134785
AC079416.3	0.028542437
AC079447.1	0.330221533
AC079448.1	0
AC079456.1	0
AC079465.1	0.018681209
AC079466.1	0
AC079466.2	0
AC079467.1	8.143801825
AC079584.1	0
AC079584.2	0.121707169
AC079587.1	0
AC079594.1	0.047340779
AC079594.2	0
AC079597.1	0
AC079598.1	0
AC079598.2	0
AC079598.3	0
AC079598.4	0
AC079600.1	0
AC079600.2	0
AC079600.3	0.035055476
AC079601.1	0.06175843
AC079601.2	0.080876377
AC079602.1	0.057822133
AC079602.2	0
AC079602.3	0
AC079610.1	0.018146842
AC079610.2	1.0446532
AC079610.3	0.106597265
AC079612.1	0
AC079612.2	0
AC079630.1	11.25064005
AC079684.1	0.609580242
AC079741.1	0
AC079742.1	0
AC079753.1	0.008102274
AC079760.1	0.077573257
AC079760.2	0.323644709
AC079763.1	0
AC079766.1	0.110092258
AC079768.1	0
AC079776.1	0.02720451
AC079776.2	0
AC079777.1	0.184539352
AC079779.1	0
AC079779.2	0.390895178
AC079779.3	0
AC079779.4	0
AC079780.1	0
AC079781.1	0
AC079781.2	0.185441396
AC079781.3	0.176065146
AC079790.1	0
AC079791.1	0
AC079793.1	0
AC079799.1	0
AC079801.1	0
AC079804.1	0
AC079804.2	0
AC079807.1	0.860374423
AC079809.1	0
AC079834.1	0
AC079834.2	0.088439086
AC079841.1	0
AC079848.1	0.291531125
AC079858.1	0
AC079866.1	0.03853229
AC079866.2	0.060853584
AC079880.1	0.06892873
AC079880.2	0.038754653
AC079896.1	0
AC079905.1	0.032989048
AC079905.2	0
AC079906.1	0.057680238
AC079907.1	0.460876412
AC079907.2	0
AC079910.1	0
AC079915.1	0.022546472
AC079917.1	0
AC079921.1	0.414106712
AC079921.2	0.654343213
AC079922.1	5.412409335
AC079922.2	0.395232294
AC079942.1	0.040806766
AC079943.1	0
AC079943.2	0
AC079944.1	0.506498521
AC079944.2	0.192136488
AC079949.1	0.050875968
AC079949.2	0.14424976
AC079950.1	0.027981782
AC079953.1	0.021290486
AC079987.1	0
AC079988.1	0
AC080011.1	0
AC080013.1	0.536457054
AC080013.2	0
AC080013.3	0.216883017
AC080013.4	1.231370875
AC080013.5	0.138466551
AC080013.6	1.09324172
AC080014.1	0
AC080023.1	0.136598488
AC080023.2	0.301342269
AC080037.1	0
AC080038.1	1.615863051
AC080038.2	0.185222199
AC080038.3	0.192661451
AC080075.1	0
AC080078.1	0.038219019
AC080078.2	0.033844056
AC080079.1	0
AC080080.1	0.097126847
AC080080.2	0
AC080100.1	0.049736103
AC080112.1	2.125225707
AC080112.2	0
AC080112.3	1.176335698
AC080125.1	0
AC080128.1	0
AC080129.1	0
AC080129.2	0.182206953
AC080162.1	0.670195026
AC080188.1	0.141936576
AC080188.2	0.3770807
AC082650.1	0
AC082651.1	0
AC082651.2	0
AC082651.3	0.096578108
AC082651.4	0
AC083760.1	0
AC083795.1	0
AC083795.2	0
AC083798.1	0
AC083798.2	0.74256739
AC083799.1	7.662703415
AC083800.1	0
AC083801.1	0
AC083801.2	0
AC083805.1	0.093782293
AC083805.2	0.796333996
AC083805.3	0.011916196
AC083806.1	0
AC083806.2	0.046688411
AC083806.3	0
AC083809.1	0.132794898
AC083822.1	0.545714358
AC083829.1	0.02385053
AC083836.1	0
AC083837.1	2.407517394
AC083841.1	0
AC083841.2	0
AC083841.3	0
AC083843.1	0
AC083843.2	0.036913541
AC083843.3	2.325535349
AC083843.4	0.659479147
AC083849.1	0
AC083855.1	0
AC083862.1	0.012616585
AC083862.2	0.725326894
AC083863.1	0
AC083864.1	0
AC083864.2	0
AC083864.3	0
AC083867.1	0
AC083873.1	0.057032932
AC083875.1	0
AC083880.1	0.263604078
AC083899.1	0.188743312
AC083899.2	0
AC083899.3	0
AC083900.1	0.400932998
AC083902.1	0.043648462
AC083902.2	0.001553619
AC083904.1	0
AC083906.1	0.038595562
AC083906.2	0
AC083906.3	0
AC083906.4	0
AC083923.1	0
AC083939.1	0
AC083949.1	2.23381492
AC083964.1	0.945162419
AC083964.2	0.02615993
AC083967.1	0.060853584
AC083973.1	0
AC083982.1	0.045551738
AC084017.1	0
AC084018.1	1.671079856
AC084018.2	0.120213257
AC084024.1	0.025233169
AC084024.2	0.019810111
AC084024.3	0
AC084026.1	0.02778333
AC084026.2	0.073223355
AC084026.3	0
AC084030.1	0.255969712
AC084032.1	0
AC084033.1	0.024754815
AC084033.2	0
AC084033.3	4.275752806
AC084036.1	1.542302952
AC084048.1	0
AC084064.1	0.112194258
AC084082.1	0.026357944
AC084083.1	0.065109964
AC084116.1	0
AC084116.2	0
AC084116.3	0
AC084117.1	1.915197533
AC084121.1	0
AC084121.2	0
AC084125.1	0
AC084125.2	0.124871704
AC084125.3	0
AC084125.4	0.092720698
AC084128.1	0
AC084149.1	0
AC084149.2	0
AC084198.1	0.038979597
AC084200.1	0
AC084211.1	0
AC084262.1	0
AC084290.1	0.041897856
AC084291.1	0
AC084337.1	1.644643521
AC084346.1	0.089032943
AC084346.2	0.016511905
AC084357.1	0
AC084357.2	0.455848669
AC084357.3	0.00538296
AC084361.1	0.025815153
AC084364.1	0
AC084364.2	0
AC084365.1	0
AC084368.1	0.241073815
AC084373.1	0
AC084398.1	0
AC084398.2	0.472316606
AC084706.1	0
AC084752.1	0
AC084754.1	0
AC084756.1	0
AC084757.1	0
AC084757.2	0.087054433
AC084757.3	0.040323721
AC084757.4	0
AC084759.1	0
AC084759.2	0
AC084759.3	0
AC084768.1	0
AC084768.2	0
AC084781.1	0
AC084781.2	0
AC084782.1	0
AC084782.2	0.074707023
AC084782.3	0.162662263
AC084783.1	0
AC084809.1	0.397710609
AC084809.2	0.153025371
AC084816.1	0
AC084819.1	0
AC084824.1	1.278530782
AC084824.2	0
AC084824.3	0.585786841
AC084824.4	1.350475066
AC084824.5	1.593538779
AC084838.1	0
AC084851.1	0
AC084851.2	0
AC084851.3	0
AC084855.1	0.246552766
AC084855.2	0.032740907
AC084859.1	0.070163275
AC084864.1	0
AC084866.1	0.028284834
AC084866.2	0
AC084871.1	0.271248168
AC084871.2	0.249519076
AC084871.3	0
AC084876.1	0.122229314
AC084876.2	0.064182906
AC084878.1	0
AC084879.1	0
AC084879.2	0
AC084880.1	6.842957656
AC084880.2	0
AC084880.3	1.361331804
AC084880.4	0.027157362
AC084882.1	0
AC087045.1	0
AC087045.2	0.015622929
AC087045.3	0.012698378
AC087071.1	0.654206278
AC087071.2	0.163510936
AC087072.1	0
AC087072.2	0
AC087163.1	0.164512315
AC087163.2	0.275553306
AC087163.3	0.15669798
AC087164.1	0.055005873
AC087164.2	0.01001265
AC087190.1	0
AC087190.2	0.020809825
AC087190.3	0
AC087203.1	0
AC087203.2	0
AC087203.3	0.05064576
AC087222.1	0.590726512
AC087235.1	0
AC087239.1	0.219158014
AC087241.1	0
AC087241.2	0
AC087241.3	0.03635684
AC087241.4	0.097936237
AC087242.1	0
AC087257.1	0.017813336
AC087257.2	0.101313349
AC087258.1	0
AC087258.2	0
AC087260.1	0
AC087269.1	0.050820966
AC087272.1	0
AC087273.1	0
AC087273.2	1.087493867
AC087276.1	1.19878236
AC087276.2	0.298661969
AC087276.3	0.211754027
AC087277.1	0
AC087277.2	0.103773497
AC087280.1	0
AC087283.1	0
AC087284.1	0.418259622
AC087286.1	0.055175345
AC087286.2	0.189936945
AC087286.3	0
AC087286.4	0.168040729
AC087289.1	0.176065146
AC087289.2	0.33128537
AC087289.3	0.015477872
AC087289.4	0
AC087289.5	0.380023447
AC087292.1	0
AC087294.1	0.092842779
AC087301.1	0.585786841
AC087311.1	0
AC087311.2	0
AC087312.1	0.032645412
AC087318.1	0
AC087321.1	0
AC087341.1	0
AC087343.1	2.045321001
AC087354.1	0
AC087359.1	0.033226883
AC087360.1	0
AC087362.1	0.108316576
AC087362.2	0.306050742
AC087369.1	0
AC087373.1	0
AC087379.1	0
AC087379.2	0
AC087385.1	0.904026807
AC087385.2	0.28318912
AC087385.3	0
AC087386.1	0
AC087386.2	0.003379297
AC087388.1	0.620027978
AC087392.1	1.203899114
AC087392.2	0.937509282
AC087392.3	0.080357938
AC087392.4	0.419150975
AC087392.5	0.48066865
AC087393.1	0
AC087393.2	0
AC087393.3	0
AC087399.1	0
AC087430.1	0.004236225
AC087439.1	0
AC087439.2	0
AC087441.1	0
AC087441.2	0
AC087442.1	0.251723663
AC087457.1	0
AC087463.1	0
AC087463.2	0
AC087463.3	0
AC087463.4	0
AC087465.1	0
AC087468.1	0
AC087473.1	0
AC087477.1	0.092175282
AC087477.2	0.289579522
AC087477.3	0
AC087477.4	0.057822133
AC087477.5	0.173680027
AC087477.6	0
AC087481.1	0.032476265
AC087481.2	0
AC087481.3	1.960793096
AC087482.1	0.015438225
AC087491.1	0.508759675
AC087498.1	0
AC087499.1	0
AC087499.2	0
AC087499.3	0
AC087499.4	0.081735161
AC087499.5	0
AC087499.6	0
AC087499.7	0
AC087500.1	0.321982151
AC087500.2	0.28318912
AC087501.1	0.197242213
AC087501.2	0
AC087501.3	0
AC087501.4	0.396035333
AC087516.1	0
AC087516.2	0
AC087518.1	0.083795711
AC087521.1	1.26431133
AC087521.2	0.180659079
AC087521.3	0.068546798
AC087565.1	0
AC087575.1	0
AC087588.1	0
AC087588.2	0.036783563
AC087612.1	0
AC087620.1	0.105166429
AC087623.1	1.496320233
AC087623.2	1.232456022
AC087623.3	0.328238027
AC087623.4	0.428382967
AC087627.1	0.03156052
AC087632.1	0.011471302
AC087633.1	0
AC087633.2	0.019164042
AC087636.1	0
AC087639.1	0.034064778
AC087641.1	0.0153475
AC087645.1	0
AC087645.2	0.314764501
AC087645.3	0.053389431
AC087650.1	0.033482474
AC087664.1	0
AC087664.2	0
AC087664.3	0
AC087667.1	0
AC087672.1	0.036526336
AC087672.2	0.297259041
AC087683.1	0.142129687
AC087683.2	0.09613373
AC087685.1	0.113549261
AC087699.1	0
AC087721.1	0
AC087741.1	0.608803163
AC087741.2	0.728827814
AC087741.3	0.407158819
AC087742.1	0.063526208
AC087749.1	0.098397476
AC087749.2	0.133549415
AC087752.1	0.112328301
AC087752.2	0.278822028
AC087752.3	0.375721532
AC087752.4	0.271338493
AC087761.1	0
AC087762.1	0.146218955
AC087762.2	0.044365226
AC087763.1	0.16436851
AC087783.1	0
AC087783.2	0
AC087808.1	0
AC087821.1	0.027636328
AC087854.1	0.113549261
AC087855.1	0
AC087855.2	0
AC087857.1	0
AC087863.1	0
AC087878.1	0
AC087879.1	0
AC087883.1	0
AC087884.1	0
AC087885.1	0
AC087888.1	0
AC087893.1	0.094396373
AC087893.2	0
AC087894.1	0
AC087894.2	0
AC087894.3	0
AC087897.1	0
AC087897.2	0
AC089983.1	0.044706984
AC089984.1	0
AC089984.2	0.234851261
AC089984.3	0.043167488
AC089987.1	0.00505967
AC089987.2	0
AC089998.1	0.019955171
AC089998.2	0
AC089998.3	0
AC089998.4	0.204833961
AC089999.1	0
AC089999.2	0.054314724
AC090001.1	0.067834623
AC090004.1	1.126816934
AC090013.1	0.457035775
AC090017.1	0
AC090018.1	0
AC090022.1	0
AC090023.1	0
AC090023.2	0
AC090044.1	0.725161678
AC090049.1	0
AC090049.2	0
AC090058.1	0
AC090061.1	0.049570538
AC090071.1	0.048663969
AC090079.1	0
AC090079.2	0
AC090092.1	0.101095471
AC090093.1	0
AC090095.1	0
AC090099.1	0
AC090099.2	0
AC090099.3	0
AC090099.4	0
AC090103.1	0
AC090109.1	0.057398527
AC090114.1	0.804476236
AC090114.2	0.910776464
AC090114.3	0.888396267
AC090115.1	0.111528811
AC090116.1	0
AC090124.1	0
AC090124.2	0
AC090124.3	0
AC090125.1	0
AC090132.1	0
AC090132.2	0
AC090136.1	0
AC090136.2	0
AC090136.3	0.103556926
AC090138.1	0
AC090142.1	0
AC090142.2	0
AC090142.3	0
AC090150.1	0.026785979
AC090150.2	0
AC090151.1	0
AC090152.1	1.276598574
AC090155.1	0
AC090155.2	0
AC090159.1	0.019441437
AC090164.1	0
AC090164.2	0
AC090164.3	0
AC090181.1	0
AC090181.2	4.290539927
AC090181.3	0.962543734
AC090186.1	0.109579007
AC090192.1	0.03197918
AC090192.2	0
AC090193.1	0
AC090193.2	0
AC090197.1	0.258006261
AC090198.1	0.758537992
AC090200.1	0
AC090204.1	3.482177332
AC090206.1	0
AC090213.1	0.028699264
AC090220.1	0.009222953
AC090227.1	0
AC090227.2	0
AC090229.1	0.155821484
AC090236.1	0
AC090236.2	0.185020321
AC090241.1	0
AC090241.2	0.006124603
AC090241.3	0.024116657
AC090246.1	0.147134253
AC090260.1	0.032459447
AC090281.1	0
AC090282.1	0
AC090283.1	0
AC090286.1	0
AC090286.2	0.026694715
AC090286.3	0.167591422
AC090287.1	0
AC090311.1	0
AC090312.1	0
AC090312.2	0
AC090337.1	0.113330265
AC090340.1	0
AC090358.1	0
AC090360.1	0.156617663
AC090371.1	0.084246226
AC090371.2	0.008964415
AC090373.1	0
AC090376.1	0
AC090377.1	0
AC090386.1	0
AC090386.2	0
AC090398.1	0
AC090403.1	0
AC090409.1	0.535831291
AC090409.2	0.128440967
AC090415.1	0
AC090415.2	0
AC090424.1	0
AC090425.1	1.007344157
AC090425.2	0.406601545
AC090453.1	0
AC090457.1	0
AC090458.1	0
AC090498.1	40.8107761
AC090502.1	0
AC090502.2	0
AC090502.3	0
AC090502.4	0.011305771
AC090503.1	0
AC090503.2	0
AC090505.1	0.008544056
AC090505.2	0
AC090506.1	0
AC090506.2	0
AC090510.1	0
AC090510.2	0.498244769
AC090510.3	0
AC090515.1	0.427956668
AC090515.2	0.258170024
AC090515.3	0
AC090515.4	0.20893064
AC090515.5	0
AC090517.1	0
AC090517.2	0.530007873
AC090517.3	0
AC090518.1	0
AC090519.1	0.031277042
AC090519.2	0.023923356
AC090525.1	0
AC090525.2	0
AC090525.3	0
AC090527.1	0
AC090527.2	0.014782828
AC090527.3	0.085783566
AC090531.1	0
AC090539.1	0
AC090539.2	0
AC090541.1	0.033554171
AC090543.1	0.129235447
AC090543.2	0.405253396
AC090559.1	3.125512268
AC090559.2	0.145765563
AC090568.1	0
AC090568.2	0.005146075
AC090572.1	0
AC090572.2	0.041182124
AC090572.3	0
AC090574.1	0
AC090578.1	0.026514041
AC090579.1	0.466363036
AC090587.1	0.348922627
AC090587.2	0.14866981
AC090589.1	0.259720409
AC090589.2	0
AC090589.3	1.474162181
AC090592.1	0
AC090602.1	0.124363476
AC090607.1	0.418791929
AC090607.2	1.352788316
AC090607.3	0
AC090607.4	0
AC090607.5	0
AC090615.1	0.508759675
AC090616.1	0
AC090616.2	0
AC090616.3	0
AC090616.4	0
AC090616.5	0
AC090616.6	0.172590708
AC090617.1	0
AC090617.2	0.038786629
AC090617.3	0
AC090617.4	0.237421182
AC090617.5	4.669104594
AC090617.6	0.124363476
AC090617.7	0.093831126
AC090617.8	0.106597265
AC090617.9	0.467755164
AC090618.1	0
AC090621.1	0
AC090625.1	0
AC090625.2	0.090751726
AC090627.1	0.019961526
AC090630.1	0.094207202
AC090643.1	0
AC090643.2	0
AC090651.1	0
AC090666.1	0.105639088
AC090673.1	0.018181433
AC090673.2	0
AC090679.1	0
AC090680.1	0
AC090686.1	0.041841917
AC090692.1	0
AC090695.1	0.076938452
AC090696.1	0
AC090699.1	0.09763114
AC090707.1	0.079140394
AC090709.1	0.021885193
AC090735.1	0
AC090739.1	0.28772228
AC090740.1	0
AC090751.1	0
AC090753.1	0
AC090771.1	0
AC090771.2	0
AC090772.1	0.061813799
AC090772.2	0
AC090772.3	0.405069608
AC090772.4	1.298602044
AC090774.1	0
AC090774.2	0
AC090774.3	0
AC090791.1	0
AC090796.1	3.51177853
AC090802.1	0
AC090809.1	0
AC090819.1	0
AC090820.1	0
AC090821.1	0
AC090821.2	0
AC090825.1	0.764676432
AC090825.2	0
AC090826.1	0.003168176
AC090826.2	0
AC090833.1	0
AC090844.1	0
AC090844.2	0.438429581
AC090844.3	1.021249564
AC090857.1	0
AC090857.2	0
AC090877.1	0
AC090877.2	0
AC090888.1	0
AC090888.2	0
AC090888.3	0
AC090897.1	0
AC090907.1	0.382968586
AC090907.2	0.174108867
AC090912.1	0.109963495
AC090912.2	0.025500078
AC090912.3	0.029399246
AC090921.1	0.026225603
AC090922.1	0.569530968
AC090948.1	0.827730677
AC090948.2	0.416749947
AC090948.3	0.995359219
AC090950.1	0.218528766
AC090950.2	0.118710591
AC090952.1	0.070268152
AC090953.1	0.043048896
AC090954.1	0.130219928
AC090955.1	0
AC090957.1	0
AC090958.1	0
AC090960.1	0
AC090970.1	0.822561574
AC090970.2	0.036230747
AC090970.3	0.054283365
AC090971.1	0
AC090971.2	0.092175282
AC090971.3	1.700948293
AC090971.4	0.05223266
AC090971.5	0
AC090983.1	0
AC090984.1	0
AC090985.1	0.032645412
AC090987.1	0
AC090993.1	0
AC091013.1	0.016786072
AC091027.1	0
AC091027.2	0
AC091042.1	0.543461202
AC091043.1	0.034591166
AC091044.1	0.041786128
AC091045.1	0.087767072
AC091046.1	0
AC091046.2	0
AC091047.1	0
AC091053.1	0
AC091053.2	0.116721028
AC091057.1	0.080772155
AC091057.2	0.019785098
AC091057.3	0.085510494
AC091059.1	0
AC091059.2	0
AC091060.1	0.168587861
AC091062.1	0
AC091073.1	0
AC091076.1	0.025314698
AC091078.1	0.017046286
AC091078.2	0
AC091078.3	0
AC091096.1	0
AC091096.2	0
AC091100.1	0.073223355
AC091114.1	0.022148124
AC091117.1	0
AC091117.2	0.057822133
AC091132.1	0
AC091132.2	0.040753701
AC091132.3	0
AC091132.4	0.006927408
AC091132.5	0.103181286
AC091132.6	0.113824199
AC091133.1	0
AC091133.2	0
AC091133.3	0
AC091133.4	0
AC091133.5	0.312354777
AC091135.1	0
AC091138.1	0
AC091144.1	0
AC091144.2	0
AC091151.1	0
AC091152.1	0.018699043
AC091152.2	0.073194852
AC091152.3	0
AC091152.4	0.035991497
AC091153.1	1.481224686
AC091153.2	0
AC091153.3	0.033198725
AC091153.4	0
AC091163.1	0
AC091163.2	0
AC091163.3	0
AC091167.1	0
AC091167.2	0.044910833
AC091167.3	0
AC091167.4	0.262916074
AC091167.5	0.0379414
AC091167.6	0.030250575
AC091170.1	0
AC091173.1	0.022792433
AC091175.1	0
AC091178.1	0.048838977
AC091178.2	0
AC091179.1	0
AC091179.2	0
AC091180.1	0
AC091180.2	0.088931884
AC091180.3	0
AC091180.4	0.063958359
AC091180.5	0.041020414
AC091181.1	0.044813531
AC091182.1	0.657991046
AC091182.2	0.054220754
AC091185.1	1.216783556
AC091193.1	0
AC091198.1	0
AC091212.1	0
AC091230.1	0.002306757
AC091231.1	0.04007621
AC091271.1	0.647289418
AC091286.1	1.801516906
AC091304.1	0
AC091304.2	0
AC091304.3	0
AC091304.4	0
AC091304.5	0
AC091304.6	0
AC091304.9	0
AC091305.1	0.318168487
AC091390.1	0.047340779
AC091390.2	0
AC091390.3	0.788125935
AC091390.4	0.529385067
AC091393.1	0
AC091429.1	0.264773852
AC091435.1	0
AC091435.2	0.110936623
AC091488.1	0.047484236
AC091489.1	0
AC091489.2	0
AC091492.1	0.633705066
AC091493.1	0
AC091515.1	0
AC091516.1	0.022289898
AC091534.1	0
AC091544.1	0.045028155
AC091544.2	0.635648141
AC091544.3	0.091636246
AC091544.4	0.701091502
AC091544.5	0.351340762
AC091544.6	0.065290825
AC091544.7	0.043406643
AC091551.1	0
AC091563.1	0.812662396
AC091564.1	0.327135657
AC091564.2	0
AC091564.3	0
AC091564.4	0
AC091564.5	0.032176177
AC091564.6	0.033771116
AC091588.1	0.567430011
AC091588.2	0.042813656
AC091588.3	0.549460449
AC091607.1	0.014782828
AC091614.1	0
AC091675.1	0
AC091685.1	0
AC091685.2	0.072545361
AC091691.1	0
AC091691.2	0
AC091705.1	0.14995022
AC091729.1	0.108191931
AC091729.2	0.051886748
AC091729.3	0.868804984
AC091730.1	0
AC091736.1	0
AC091769.1	0.027587673
AC091770.1	0
AC091799.1	0
AC091804.1	0
AC091805.1	0
AC091805.2	0
AC091806.1	0.115514536
AC091807.1	0
AC091808.1	0
AC091810.1	0
AC091812.1	0
AC091812.2	0.040700774
AC091812.3	0
AC091814.1	0.021793878
AC091819.1	0
AC091819.2	0
AC091820.1	0
AC091820.2	0
AC091825.1	0.579920033
AC091826.1	0
AC091826.2	0.03803349
AC091834.1	0
AC091839.1	0.116504074
AC091849.1	0.259004926
AC091849.2	1.313364572
AC091860.1	0
AC091860.2	0
AC091862.1	0
AC091868.1	0.103090776
AC091868.2	0
AC091874.1	0
AC091874.2	0
AC091874.3	0
AC091885.1	0
AC091885.2	0
AC091887.1	0.142777203
AC091891.1	0.068327608
AC091891.2	0.112476827
AC091893.1	0
AC091895.1	0
AC091903.1	0
AC091905.1	0
AC091905.2	0.05120849
AC091905.3	0
AC091905.4	0
AC091906.1	0.280533468
AC091912.1	0
AC091912.2	0
AC091917.1	0
AC091917.2	0
AC091917.3	0
AC091925.1	0.101751935
AC091925.2	0.061210148
AC091931.1	0
AC091932.1	0.256881934
AC091932.2	0
AC091932.3	0
AC091932.4	0
AC091939.1	0
AC091941.1	0
AC091944.1	0
AC091946.1	0
AC091946.2	0
AC091948.1	0.416216966
AC091951.1	0.012713832
AC091951.2	0
AC091951.3	0
AC091951.4	0
AC091953.1	0
AC091953.2	0
AC091953.3	0
AC091953.4	0
AC091953.5	0
AC091959.1	0
AC091959.2	0
AC091959.3	0.014197944
AC091962.1	0.008878073
AC091965.1	0.225464719
AC091965.2	0
AC091965.3	0
AC091965.4	0.240252439
AC091965.5	0.412363105
AC091979.1	0
AC091979.2	0
AC091980.1	0.054409021
AC091980.2	0
AC091982.1	0.412363105
AC091982.2	0
AC091982.3	1.907047756
AC091987.1	0
AC092001.1	0
AC092013.1	0
AC092017.1	0.428006622
AC092017.2	0
AC092028.1	0.034101845
AC092032.1	0.379873891
AC092035.1	0
AC092042.1	0.123141831
AC092042.2	0.047340779
AC092042.3	0.113686563
AC092045.1	0.089105269
AC092047.1	0
AC092053.1	0
AC092059.1	0
AC092066.1	0.296589236
AC092067.1	0.321102418
AC092068.1	0.241604815
AC092068.2	0
AC092068.3	0.069954455
AC092069.1	0
AC092070.1	0
AC092070.2	3.026684698
AC092070.3	0
AC092070.4	0
AC092071.1	16.86858035
AC092073.1	0
AC092078.1	0.337503341
AC092078.2	0.161822354
AC092079.1	0
AC092098.1	0
AC092100.1	0.010241698
AC092104.1	0
AC092106.1	0
AC092106.2	0
AC092111.1	0.326648559
AC092111.2	0.044327576
AC092112.1	0
AC092114.1	0.058909015
AC092115.1	0.022353492
AC092115.2	0
AC092115.3	0.052938507
AC092117.1	0.120536908
AC092117.2	0.122789255
AC092118.1	0.62264098
AC092118.2	0.46985901
AC092119.1	0.016777086
AC092119.2	0.304778096
AC092119.3	0.134389348
AC092120.1	0
AC092120.2	0.027587673
AC092121.1	0
AC092123.1	0.52482577
AC092125.1	0
AC092127.1	0.009070795
AC092127.2	0.05214575
AC092130.1	0
AC092131.1	0.085783566
AC092132.1	0
AC092132.2	0
AC092134.1	0.31339596
AC092134.2	0
AC092135.1	0.022831177
AC092135.2	0
AC092135.3	0.611173053
AC092138.1	0
AC092138.2	0
AC092139.1	0
AC092139.2	0.016187808
AC092139.3	0.016825123
AC092140.1	0
AC092140.2	0.060152775
AC092142.1	0.243414338
AC092142.2	0
AC092143.1	0
AC092143.2	0
AC092143.3	0.168191034
AC092145.1	0.070816671
AC092155.1	0.073394838
AC092155.2	0.985521886
AC092159.1	0
AC092159.2	0.095464392
AC092159.3	0
AC092159.4	0.028490542
AC092162.1	0
AC092162.2	0
AC092162.3	0
AC092164.1	0.719197961
AC092167.1	0.031656158
AC092168.1	0
AC092168.2	0.065564008
AC092170.1	0
AC092171.1	0.145668773
AC092171.2	0.944718673
AC092171.3	0.265990536
AC092171.4	0.074381953
AC092171.5	0.731922624
AC092175.1	0
AC092183.1	0.017908341
AC092184.1	0.021915801
AC092185.1	0
AC092198.1	0.017469117
AC092265.1	0
AC092266.1	0
AC092268.1	0
AC092278.1	0
AC092279.1	1.623479756
AC092279.2	0.930595587
AC092284.1	0.012156554
AC092287.1	0.338440561
AC092295.1	0.108316576
AC092295.2	0.292683009
AC092296.1	0.055370311
AC092296.2	0.04705645
AC092296.3	0
AC092301.1	0.225612275
AC092316.1	0
AC092324.1	0
AC092325.1	0
AC092326.1	0
AC092326.2	0
AC092327.1	0.105307782
AC092327.2	0
AC092329.1	0
AC092329.2	0
AC092332.1	0
AC092335.1	0
AC092336.1	0
AC092337.1	0
AC092338.1	0.074088879
AC092338.2	0.043078482
AC092343.1	0.042989844
AC092349.1	0
AC092354.1	0.500099936
AC092354.2	1.280411509
AC092364.1	0
AC092364.2	0.046567007
AC092368.1	0
AC092368.2	0
AC092368.3	0.738676838
AC092375.1	0
AC092375.2	0.611733856
AC092375.3	0
AC092376.1	0
AC092376.2	0.114211356
AC092378.1	0.023519397
AC092378.2	0
AC092384.1	0.147012454
AC092384.2	0.117895111
AC092384.3	0.021816635
AC092393.1	0
AC092418.1	0
AC092421.1	0.037487555
AC092422.1	0
AC092423.1	0
AC092427.1	0
AC092431.1	0.037309043
AC092431.2	0
AC092435.1	0
AC092435.2	0
AC092435.3	0
AC092435.4	0.003767684
AC092436.1	0
AC092436.2	0
AC092436.3	0
AC092436.4	0.097327938
AC092437.1	0.239233557
AC092440.1	0
AC092447.1	0
AC092447.10	0
AC092447.2	0.023422717
AC092447.3	0
AC092447.4	0
AC092447.5	0
AC092447.6	0
AC092447.7	0
AC092447.8	0
AC092447.9	0
AC092451.1	0
AC092451.2	0
AC092451.3	0
AC092468.1	0
AC092470.1	0
AC092471.1	0.085471625
AC092471.2	0.071226355
AC092473.1	0.070904063
AC092474.1	0
AC092474.2	0
AC092484.1	0
AC092490.1	0.247526427
AC092490.2	0
AC092490.3	0
AC092506.1	0.051166687
AC092535.1	0.021713346
AC092535.2	0.078088694
AC092535.3	0.060853584
AC092535.4	1.223586241
AC092542.1	0.088280552
AC092546.1	0.024144527
AC092552.1	0
AC092567.1	0
AC092568.1	0
AC092569.1	1.153977372
AC092570.1	0
AC092570.2	0.01370936
AC092570.3	0
AC092573.1	0
AC092573.2	0.068576796
AC092574.1	0.559635643
AC092574.2	0.166478598
AC092580.1	0.071442848
AC092580.2	0
AC092580.3	0.11273236
AC092587.1	0.09369087
AC092590.1	0.021261598
AC092593.1	0
AC092593.2	0
AC092597.1	0.254379838
AC092598.1	0.078643905
AC092601.1	0
AC092608.1	0.117376764
AC092608.2	0
AC092608.3	0
AC092611.1	0.06109083
AC092611.2	0.412363105
AC092611.3	1.986005038
AC092612.1	0.0157012
AC092614.1	0.482678046
AC092620.1	0.046087641
AC092620.2	0.253460101
AC092620.3	0.005669247
AC092625.1	0
AC092628.1	0
AC092628.2	0
AC092634.1	0
AC092634.2	0
AC092634.3	0.073798107
AC092634.4	0.089439486
AC092634.5	0.008442779
AC092634.6	0
AC092634.7	0
AC092637.1	0
AC092638.1	0
AC092638.2	0
AC092639.1	0
AC092641.1	0.182678992
AC092642.1	0
AC092645.1	0.275876725
AC092646.1	0
AC092646.2	0
AC092647.1	0.109197199
AC092647.2	0
AC092647.3	0
AC092647.4	0
AC092647.5	0
AC092648.1	0
AC092650.1	0.038073095
AC092650.2	0
AC092651.1	0
AC092651.2	1.205369076
AC092652.1	0.319791796
AC092652.2	0.088630079
AC092653.1	0.206569842
AC092653.2	0.030545415
AC092656.1	0.006364662
AC092658.1	0.035173508
AC092660.1	0
AC092666.1	0.034064778
AC092666.2	0
AC092667.1	0.10907052
AC092669.1	0
AC092673.1	0
AC092674.1	0
AC092675.1	0
AC092675.2	0
AC092681.1	0.376936721
AC092681.2	0.030886593
AC092681.3	0.023111796
AC092683.1	0.056408898
AC092683.2	0
AC092685.1	0
AC092687.1	0
AC092687.2	0
AC092687.3	1.634762641
AC092691.1	0.961684353
AC092691.2	0.01951407
AC092691.3	0.061450188
AC092692.1	0.018115373
AC092701.1	0.010103029
AC092709.1	0
AC092718.1	0.028804776
AC092718.2	0.078293066
AC092718.3	0.445970965
AC092718.4	2.64810832
AC092718.5	0.475643109
AC092718.6	0.094777004
AC092718.7	0.229400196
AC092720.1	0.057779491
AC092720.2	0
AC092723.1	0
AC092723.2	0
AC092724.1	0
AC092725.1	0
AC092745.1	0.036826787
AC092745.2	0.353834148
AC092745.3	0
AC092746.1	0.167293217
AC092747.1	0.025479346
AC092747.2	0.063763166
AC092747.3	0
AC092747.4	3.250156919
AC092754.1	0.196281394
AC092754.2	0
AC092755.1	0.323088618
AC092755.2	0.233877582
AC092756.1	0.384749504
AC092757.1	0.033554171
AC092757.2	0.074264445
AC092757.3	0.202004762
AC092783.1	0
AC092794.1	1.319278525
AC092794.2	0
AC092798.1	0.153249858
AC092800.1	0
AC092801.1	0.026970392
AC092802.1	0.087575717
AC092802.2	0.088405066
AC092802.3	0.074618086
AC092803.1	0.043648462
AC092803.2	0.693134824
AC092807.1	0
AC092807.2	0.322423827
AC092809.1	0
AC092809.2	2.150117812
AC092809.3	0.40700774
AC092809.4	0.189506249
AC092810.1	0
AC092810.2	0
AC092810.3	0
AC092811.1	0.078980837
AC092813.1	0
AC092813.2	0
AC092814.1	0.081190663
AC092818.1	0.024522376
AC092819.1	0
AC092821.1	0.085660747
AC092821.2	0.00767375
AC092824.1	0
AC092828.1	0.02615993
AC092832.1	0
AC092832.2	0
AC092834.1	0
AC092835.1	0.136022552
AC092839.1	0.087704093
AC092839.2	0
AC092849.1	1.241172118
AC092849.2	0.141169351
AC092850.1	0
AC092851.1	0
AC092862.1	0.146996229
AC092865.1	0.101917385
AC092865.2	0
AC092868.1	0.039076803
AC092868.2	0
AC092868.3	0.019986987
AC092881.1	0.150787125
AC092892.1	0
AC092894.1	0.250636564
AC092896.1	0
AC092902.1	0.181503452
AC092902.2	0.332855186
AC092902.3	0.252061094
AC092903.1	0
AC092903.2	0.330276773
AC092905.1	0
AC092910.1	0.027758721
AC092910.2	0
AC092910.3	0.249973988
AC092916.1	0
AC092916.2	0.037577453
AC092919.1	0.068427065
AC092919.2	0.238142827
AC092920.1	0.023111796
AC092924.1	0
AC092925.1	0
AC092933.1	0
AC092941.1	0
AC092941.2	0
AC092943.1	0.035694301
AC092944.1	0.619078807
AC092944.2	0.193889514
AC092952.1	0
AC092953.1	0.057715646
AC092953.2	1.05362018
AC092954.1	0.176065146
AC092954.2	0
AC092957.1	0
AC092958.1	0.016581797
AC092958.2	0
AC092960.1	0
AC092964.1	0.022401427
AC092966.1	0
AC092967.1	0
AC092978.1	0
AC092979.1	0.022163788
AC092989.1	0
AC092991.1	0
AC092994.1	0
AC092999.1	0.114021399
AC093001.1	0
AC093004.1	0
AC093010.1	0.019297781
AC093010.2	0.080850296
AC093010.3	5.833009974
AC093012.1	0.01339299
AC093014.1	0
AC093019.1	0
AC093019.2	0.040806766
AC093023.1	0
AC093025.1	0
AC093027.1	0
AC093028.1	0
AC093063.1	0.086334975
AC093072.1	0
AC093074.1	0
AC093083.1	0
AC093084.1	0
AC093106.1	0
AC093106.2	0
AC093107.1	0.025730374
AC093107.2	0.070426058
AC093110.1	9.59711738
AC093117.1	0
AC093142.1	0
AC093151.1	0
AC093151.2	0.43748167
AC093151.3	0.042696997
AC093152.1	0
AC093155.1	0.0189707
AC093155.2	0
AC093155.3	0.015568602
AC093156.1	0
AC093157.1	1.749058438
AC093157.2	0.443705159
AC093158.1	0.022258236
AC093159.1	0.369570707
AC093159.2	0
AC093162.1	1.010954709
AC093162.2	2.070015928
AC093166.1	0
AC093166.2	0
AC093166.3	0
AC093166.4	0
AC093206.1	0
AC093214.1	0
AC093225.1	0.044516472
AC093227.1	0.841099451
AC093227.2	0
AC093248.1	0.037577453
AC093249.1	0
AC093249.2	0.162549772
AC093249.3	0
AC093249.4	0.121002301
AC093249.5	0
AC093249.6	0.395839845
AC093259.1	0
AC093270.1	0.032242383
AC093270.2	0
AC093274.1	0
AC093278.1	0.13058165
AC093278.2	1.544909661
AC093281.1	0.028542437
AC093281.2	0
AC093283.1	0.014576556
AC093286.1	0
AC093292.1	0
AC093297.1	0
AC093297.2	1.039672731
AC093300.1	0
AC093303.1	0
AC093305.1	0
AC093311.1	0.054274412
AC093323.1	5.614276391
AC093323.2	0.038406368
AC093325.1	0
AC093326.1	0.020564039
AC093330.1	0.012647133
AC093330.2	0.027435864
AC093331.1	0
AC093331.2	0
AC093334.1	0.074088879
AC093367.1	0.2611633
AC093382.1	0.661521815
AC093388.1	0.728827814
AC093390.1	0.069070517
AC093392.1	0
AC093392.2	0
AC093414.1	0
AC093422.1	0
AC093422.2	0
AC093422.3	0
AC093423.1	0
AC093423.2	0.251003629
AC093423.3	0
AC093424.1	0.046360349
AC093425.1	0.059332821
AC093426.1	0
AC093433.1	0
AC093458.1	0.070584676
AC093458.2	0.274034623
AC093459.1	0.062554084
AC093462.1	0.055863807
AC093484.1	0.459910214
AC093484.2	0.028937762
AC093484.3	0
AC093484.4	0.979362375
AC093495.1	0.729826208
AC093496.1	0
AC093503.1	0.203985536
AC093503.2	0
AC093503.3	0.079947949
AC093510.1	0.116938791
AC093510.2	0.104931683
AC093512.1	0
AC093515.1	0
AC093519.1	0
AC093520.1	0.017736048
AC093520.2	0.423508054
AC093523.1	0.031402401
AC093524.1	0
AC093525.1	0
AC093525.10	0.049935621
AC093525.2	0.016121191
AC093525.3	0.054598599
AC093525.4	0.068277987
AC093525.5	0
AC093525.6	0.180112621
AC093525.7	0.012964532
AC093525.8	1.599673864
AC093525.9	0.143594942
AC093534.1	0
AC093534.2	0
AC093535.1	0.213383868
AC093535.2	0.869047266
AC093536.1	0.395987675
AC093536.2	0
AC093567.1	0.589627519
AC093578.1	0.212904864
AC093579.1	0
AC093580.1	0
AC093581.1	0
AC093582.1	0.081401548
AC093583.1	0.065564008
AC093585.1	0.29289342
AC093591.1	0.521240682
AC093591.2	0.020387455
AC093599.1	0
AC093607.1	0.08915959
AC093616.1	0.082275789
AC093620.1	0.134389348
AC093627.1	0
AC093627.2	0
AC093627.3	0.0272993
AC093627.4	0.751687727
AC093627.5	0.259541168
AC093627.6	0.025900493
AC093627.7	0
AC093635.1	0.169403222
AC093639.1	0
AC093642.1	0
AC093642.2	0.032611442
AC093648.1	0.284435277
AC093655.1	0
AC093655.2	0
AC093663.1	0
AC093663.2	0.150189757
AC093664.1	0
AC093668.1	0
AC093668.2	0.004390529
AC093671.1	0
AC093673.1	12.47780211
AC093673.2	0.142022338
AC093677.1	0.023111796
AC093677.2	0.18504324
AC093689.1	0.028751923
AC093690.1	0.133676002
AC093698.1	0
AC093698.2	0
AC093700.1	0.262256033
AC093702.1	0
AC093714.1	0
AC093714.2	0
AC093716.1	0
AC093720.1	0.043892992
AC093722.1	0
AC093724.1	0.167836201
AC093725.1	0
AC093725.2	0
AC093726.1	3.596080329
AC093726.2	1.107732406
AC093729.1	0
AC093730.1	0
AC093732.1	0.062181738
AC093732.2	0
AC093734.1	0
AC093752.1	1.331806392
AC093752.2	0
AC093752.3	0.730445633
AC093755.1	0
AC093763.1	0
AC093763.2	0
AC093765.1	0
AC093766.1	0
AC093767.1	0
AC093770.1	0.027442729
AC093772.1	0.218242312
AC093775.1	0.025165628
AC093783.1	0
AC093787.1	0.756995072
AC093788.1	0.304267922
AC093789.1	0.048289054
AC093797.1	0.437948519
AC093799.1	1.084415086
AC093801.1	0.040913311
AC093801.2	0
AC093802.1	0
AC093802.2	0
AC093809.1	0.092175282
AC093810.1	0
AC093813.1	0
AC093815.1	0
AC093816.1	0.017162977
AC093817.1	0.038595562
AC093821.1	0.058143963
AC093824.1	0
AC093826.1	0
AC093826.2	0
AC093827.1	0.036399066
AC093827.2	0
AC093827.3	0.705846756
AC093829.1	0
AC093831.1	0
AC093831.2	0
AC093833.1	0
AC093835.1	0.027587673
AC093838.1	0
AC093840.1	0.093272607
AC093843.1	0
AC093844.1	0
AC093849.1	0.014187232
AC093850.1	0.124858948
AC093852.1	0
AC093853.1	0
AC093857.1	0
AC093864.1	0.126199715
AC093865.1	0
AC093870.1	0
AC093871.1	0
AC093875.1	0
AC093878.1	0
AC093879.1	0
AC093879.2	0
AC093890.1	2.321451555
AC093893.1	0
AC093895.1	0.008586191
AC093899.1	0
AC093899.2	0
AC093901.1	0.144053301
AC093903.1	0
AC093904.1	0
AC093904.2	0.019179679
AC093904.3	0
AC093904.4	0.00957519
AC093908.1	0.214946562
AC093909.1	0.335182845
AC093909.2	0
AC093909.3	0
AC093909.4	0.023610946
AC093909.5	0
AC093909.6	1.597308441
AC093911.1	0.05677463
AC093913.1	0
AC093915.1	0.01015541
AC094019.1	0.431583419
AC094085.1	0
AC094103.1	0
AC094104.1	0
AC094104.2	0
AC094105.1	0
AC094108.1	0
AC095030.1	0
AC095031.1	0.046636304
AC095032.1	0.073682436
AC095032.2	0
AC095033.1	0
AC095038.1	0
AC095038.2	0
AC095040.1	0.023214516
AC095041.1	0.026514041
AC095050.1	2.112392658
AC095050.2	0
AC095052.1	0.018157356
AC095055.1	0.591313132
AC095056.1	0
AC095057.1	0
AC095057.2	0.028335982
AC095057.3	0.88032573
AC095059.1	0
AC095059.2	0
AC095060.1	0
AC095350.1	0
AC096531.1	0.29289342
AC096531.2	2.122149184
AC096533.1	0.17756145
AC096536.1	0.245800753
AC096536.2	0.182738169
AC096536.3	0.218014581
AC096537.1	0.11664862
AC096537.2	0
AC096540.1	0.213355797
AC096541.1	0.02601516
AC096543.1	0.019039852
AC096543.2	0
AC096553.1	0
AC096554.1	0
AC096558.1	0.253010732
AC096558.2	0.06193596
AC096559.1	0
AC096564.1	0.197199781
AC096564.2	0.024896406
AC096570.1	0
AC096576.1	0
AC096576.2	0
AC096576.3	0
AC096577.1	0.030192289
AC096577.2	0
AC096582.1	0
AC096582.2	0
AC096586.1	0
AC096586.2	0.390856639
AC096588.1	0
AC096631.1	0
AC096631.2	0.019835187
AC096632.1	0
AC096632.2	0
AC096633.1	0
AC096636.1	0
AC096637.1	0
AC096637.2	0.089468667
AC096638.1	0
AC096638.2	0
AC096639.1	0
AC096642.1	0.149864174
AC096644.1	0
AC096644.2	0
AC096644.3	0
AC096644.4	0
AC096649.1	0
AC096649.2	0
AC096656.1	0
AC096659.1	0.028542437
AC096661.1	0
AC096664.1	0
AC096664.2	0.038595562
AC096666.1	0
AC096669.1	0
AC096677.1	1.152191029
AC096677.2	0
AC096677.3	0.040490434
AC096708.1	0.023814283
AC096708.2	0.084095517
AC096708.3	0.113549261
AC096711.1	0
AC096711.2	0.069029947
AC096711.3	0
AC096713.1	0
AC096719.1	0.025085055
AC096720.1	0.342509246
AC096720.2	0.089250273
AC096721.1	0
AC096725.1	0
AC096732.1	0
AC096733.1	0
AC096733.2	0.505839964
AC096734.1	0.013891665
AC096734.2	0.14475564
AC096736.1	0
AC096736.2	0
AC096736.3	0
AC096741.1	0
AC096743.1	0
AC096745.1	0
AC096745.2	0.130990997
AC096746.1	0
AC096751.1	0.170787989
AC096751.2	0.573767856
AC096754.1	0
AC096759.1	0
AC096759.2	0
AC096772.1	0
AC096773.1	0.120908935
AC096775.1	0
AC096861.1	0
AC096887.1	0.32942189
AC096887.2	0.160141012
AC096888.1	0.110936623
AC096915.1	0.030605074
AC096920.1	0.092447186
AC096921.1	0.041786128
AC096921.2	1.472110459
AC096922.1	0
AC096947.1	0
AC096949.1	0
AC096992.1	0
AC096992.2	1.265494375
AC096996.1	0
AC096996.2	0
AC097059.1	0.228517887
AC097059.2	0.185284774
AC097063.1	0
AC097065.1	0.030309087
AC097065.2	0
AC097066.1	0
AC097103.1	0.057398527
AC097103.2	0.643053031
AC097110.1	0
AC097173.1	0
AC097173.2	0
AC097262.1	0
AC097263.1	0.284435277
AC097347.1	0.060618174
AC097358.1	0
AC097358.2	0
AC097359.1	0
AC097359.2	0.52473162
AC097359.3	0.025900493
AC097372.1	0
AC097372.2	0
AC097372.3	0.16813088
AC097372.4	0.041674995
AC097374.1	0
AC097374.2	0.011998314
AC097375.1	0
AC097375.2	0
AC097375.3	0
AC097376.1	0.151643206
AC097376.2	0.614656396
AC097381.1	0.036272681
AC097381.2	0
AC097381.3	0
AC097382.1	0.026514041
AC097382.2	0.054662086
AC097451.1	0
AC097460.1	0.027426718
AC097460.2	0
AC097460.3	0
AC097461.1	0.294398899
AC097462.1	0
AC097462.2	0
AC097463.1	0
AC097463.2	0
AC097467.1	0
AC097467.2	0
AC097467.3	0.00873943
AC097467.4	0
AC097468.1	0.007866364
AC097468.2	0
AC097468.3	1.133998539
AC097473.1	0
AC097474.1	0
AC097478.1	0.041311051
AC097478.2	0
AC097478.3	0
AC097478.4	0.06003754
AC097480.1	0.044016286
AC097484.1	0
AC097484.2	0
AC097486.1	0
AC097487.1	0
AC097488.1	0
AC097491.1	0
AC097493.1	0.126369339
AC097493.2	0.020089485
AC097493.3	0
AC097494.1	0
AC097499.1	0
AC097501.1	0
AC097501.2	0
AC097504.1	0
AC097504.2	0.103544921
AC097505.1	0.249607402
AC097510.1	0
AC097512.1	0
AC097515.1	0.06439643
AC097518.1	0
AC097520.1	0
AC097521.1	0
AC097522.1	0
AC097523.1	0.147596213
AC097523.2	0.024033433
AC097527.1	0
AC097532.1	0
AC097532.2	0.02794851
AC097533.1	0
AC097534.1	0.210534714
AC097534.2	0.722255218
AC097535.1	0
AC097535.2	0.11035069
AC097537.1	0.051672871
AC097625.1	0.0272993
AC097634.1	0.114331724
AC097634.2	0
AC097634.3	0.133766568
AC097636.1	0
AC097637.1	0
AC097637.2	0.086313359
AC097638.1	0.030426792
AC097639.1	1.392134354
AC097639.2	0.091103477
AC097641.1	0
AC097641.2	0.472795629
AC097652.1	0.081536319
AC097658.1	0.130116947
AC097658.2	0.075335567
AC097662.1	0.394748471
AC097713.1	0
AC097713.2	0.044016286
AC097714.1	0
AC097716.1	0
AC097717.1	0.009416946
AC097721.1	0.037517473
AC097724.1	0.036783563
AC098476.1	0.550353881
AC098479.1	0.508759675
AC098483.1	0
AC098483.2	0
AC098484.1	2.395795561
AC098484.2	0.286801627
AC098487.1	1.705986072
AC098583.1	3.625561104
AC098583.2	0
AC098587.1	0
AC098590.1	0.034938234
AC098590.2	0
AC098591.1	0.009714692
AC098591.2	0.099490781
AC098592.1	0
AC098592.2	0
AC098613.1	2.770878914
AC098614.1	1.6405963
AC098614.2	0
AC098614.3	0
AC098614.4	0.271338493
AC098617.1	0.121589121
AC098649.1	0
AC098657.1	0
AC098657.2	0
AC098657.3	0
AC098679.1	0
AC098679.2	0.104003084
AC098679.3	0
AC098679.4	0
AC098680.1	0
AC098798.1	0
AC098799.1	0
AC098799.2	0
AC098799.3	0
AC098818.1	0
AC098818.2	0.04052534
AC098820.1	0.262073277
AC098820.2	0
AC098820.3	0.016055121
AC098824.1	0
AC098826.1	0
AC098826.2	0
AC098826.3	0
AC098827.1	0.281915406
AC098828.1	0.071226355
AC098828.2	0.082040827
AC098828.3	0
AC098829.1	0.224594679
AC098831.1	0
AC098847.1	0.028132492
AC098848.1	0.13818164
AC098850.1	0.114211356
AC098850.2	0
AC098850.3	0.046276096
AC098850.4	0
AC098851.1	0.247417863
AC098859.1	0
AC098859.2	0.027832678
AC098862.1	0
AC098864.1	0.059280446
AC098868.1	0.025111856
AC098869.1	0
AC098869.2	0.381746819
AC098872.1	0
AC098934.1	0.291358651
AC098934.2	0.033756566
AC098934.3	0.577308347
AC098934.4	0
AC098935.1	0.256461506
AC098935.2	0.100878528
AC098936.1	0.005431472
AC098965.1	0
AC098976.1	0.028964506
AC099063.1	0
AC099063.2	0
AC099066.1	0
AC099066.2	0.05120849
AC099066.3	0
AC099313.1	0
AC099314.1	0.111528811
AC099328.1	0.015213396
AC099328.2	0
AC099329.1	0.016022288
AC099329.2	0.091636246
AC099329.3	0.05205913
AC099335.1	0.023475353
AC099336.1	0.030095643
AC099336.2	12.58519209
AC099340.1	0.02615993
AC099342.1	0
AC099343.1	0
AC099343.2	0.114211356
AC099343.3	1.621445338
AC099344.1	0
AC099344.2	0
AC099398.1	0.01128948
AC099482.1	0.228042798
AC099487.1	0
AC099489.1	0.117474537
AC099489.2	0.060268454
AC099489.3	0
AC099494.1	0.022875618
AC099494.2	0.032044577
AC099494.3	0.018199533
AC099499.1	0
AC099506.1	0
AC099506.2	0
AC099508.1	0
AC099508.2	0
AC099509.1	0.28840119
AC099509.2	0
AC099511.1	0
AC099513.1	0.260295648
AC099518.1	0.07452936
AC099518.2	0.222582358
AC099518.3	0
AC099518.4	0.045028155
AC099518.5	0
AC099518.6	0.10446532
AC099520.1	0
AC099520.2	0
AC099521.1	0
AC099521.2	0.074668881
AC099522.1	0
AC099522.2	0.273800234
AC099524.1	0.194454577
AC099535.1	0.042236652
AC099541.1	0
AC099542.1	0.024852971
AC099542.2	0
AC099548.1	0
AC099548.2	0.181553522
AC099550.1	0.107943499
AC099552.1	0
AC099552.2	0.068727184
AC099552.3	0.042696997
AC099552.4	0
AC099554.1	0
AC099560.1	0.15669798
AC099560.2	3.195409787
AC099563.1	0
AC099566.1	0
AC099567.1	0
AC099568.1	0.523352782
AC099568.2	0.315650607
AC099654.1	0
AC099654.2	0
AC099654.3	0
AC099654.4	0
AC099667.1	0.066822166
AC099668.1	0
AC099669.1	0.481090289
AC099669.2	0
AC099670.1	0
AC099670.2	0
AC099673.1	0
AC099676.1	1.931892903
AC099677.1	4.924793655
AC099677.2	0
AC099677.3	0
AC099677.4	0
AC099681.1	0
AC099681.2	0
AC099681.3	0.016687751
AC099684.1	0.015206015
AC099684.2	0.036022524
AC099684.3	0
AC099687.1	0
AC099689.1	0.012035175
AC099730.1	0
AC099754.1	0
AC099778.1	0.66418296
AC099778.2	0.148528891
AC099782.1	0
AC099785.1	0
AC099786.1	0
AC099786.2	0
AC099786.3	0
AC099788.1	0
AC099789.1	0
AC099791.1	0.021915801
AC099791.2	0.073394838
AC099792.1	0.066850674
AC099793.1	0
AC099794.1	0.035055476
AC099794.2	0
AC099796.1	0
AC099796.2	0
AC099799.1	0
AC099804.1	0.241411454
AC099811.1	0.041897856
AC099811.2	0
AC099811.3	0.516181581
AC099811.4	0.063184669
AC099811.5	0.057398527
AC099811.6	0
AC099842.1	0
AC099849.1	0
AC099850.1	1.288249461
AC099850.2	0
AC099850.3	0.29289342
AC100756.1	0
AC100756.2	0.021290486
AC100756.3	0
AC100757.1	0
AC100757.2	0
AC100757.3	0
AC100763.1	0.09005631
AC100767.1	0
AC100767.2	0.045223082
AC100768.1	0.03096798
AC100768.2	0
AC100770.1	0
AC100771.1	0
AC100771.2	0.01988553
AC100773.1	0
AC100774.1	0.01955059
AC100775.1	0
AC100778.1	0
AC100778.2	0.746180857
AC100778.3	0.161544309
AC100781.1	0.034363592
AC100782.1	0
AC100784.1	0.050547735
AC100786.1	0.254742949
AC100786.2	0
AC100788.1	0.066327187
AC100788.2	0.059663475
AC100791.1	0
AC100791.2	0
AC100791.3	0.047484236
AC100793.1	0.045419704
AC100793.2	0.173466398
AC100793.3	0.174351021
AC100793.4	2.301159146
AC100797.1	0
AC100800.1	0
AC100801.1	0
AC100802.1	0.06109083
AC100803.1	0.158968965
AC100803.2	1.165456193
AC100803.3	1.539990279
AC100807.1	0
AC100810.1	6.270289817
AC100810.2	0
AC100812.1	0.189118252
AC100814.1	2.313999062
AC100818.1	0.02016705
AC100821.1	0.094815236
AC100821.2	0.213679064
AC100823.1	0.13058165
AC100823.2	0
AC100826.1	0.017606515
AC100827.1	0
AC100827.2	0.446208653
AC100827.3	0
AC100827.4	0.038516505
AC100827.5	0
AC100830.1	0.233732226
AC100830.2	0.587617425
AC100830.3	0
AC100832.1	0
AC100832.2	0.040386077
AC100835.1	0
AC100835.2	0
AC100836.1	0
AC100839.1	0.006461772
AC100839.2	0
AC100843.1	0
AC100843.2	0
AC100844.1	0
AC100847.1	0.390930511
AC100848.1	0
AC100849.1	0.06439643
AC100849.2	0.030192289
AC100850.1	0
AC100854.1	0.459524868
AC100858.1	0.012760422
AC100858.2	0.032176177
AC100858.3	0.020038105
AC100860.1	0.013842578
AC100861.1	0.448624073
AC100861.2	0
AC100863.1	0.027981782
AC100868.1	0
AC100870.1	0
AC100871.1	0
AC100871.2	0
AC100872.1	0
AC102797.1	0
AC102797.2	0
AC102941.1	0
AC102945.1	0.077001464
AC102945.2	3.27280591
AC102953.1	0.125861831
AC102953.2	0.310703199
AC103409.1	0
AC103563.1	0.254793463
AC103563.2	0
AC103563.3	0.088529932
AC103563.4	0
AC103563.5	0
AC103563.6	0
AC103563.7	0.163910021
AC103563.8	0
AC103564.1	0.027882203
AC103564.2	0
AC103564.3	0
AC103591.1	0.02818309
AC103591.2	0.265936519
AC103591.3	0.97467643
AC103592.1	0
AC103681.1	0
AC103681.2	0.221090624
AC103691.1	2.290201245
AC103691.2	0.217133459
AC103702.1	0.059580981
AC103702.2	0.029454508
AC103705.1	0
AC103706.1	0.969265855
AC103710.1	0
AC103719.1	0
AC103724.1	0
AC103724.2	0
AC103724.3	0.015796167
AC103724.4	0.375645842
AC103726.1	0
AC103726.2	0.038126029
AC103736.1	0.329292856
AC103739.1	0.29752781
AC103739.2	0.194173457
AC103740.1	0.042226755
AC103740.2	0
AC103746.1	0.096812521
AC103760.1	0.131128017
AC103764.1	0.007476049
AC103769.1	0.055370311
AC103770.1	0.037622564
AC103778.1	0
AC103792.1	0.017050923
AC103794.1	0
AC103796.1	0.131311156
AC103798.1	0
AC103798.2	0
AC103808.1	0
AC103808.2	0
AC103808.3	0.131018378
AC103808.4	0
AC103808.5	0.033917312
AC103808.6	0
AC103809.1	0.0481407
AC103810.1	0.210441502
AC103810.10	0
AC103810.2	0.057736912
AC103810.3	1.305816499
AC103810.4	0.060971977
AC103810.5	0.055963564
AC103810.6	0
AC103810.7	0
AC103810.8	0
AC103810.9	0
AC103831.1	0
AC103833.1	0
AC103834.1	0
AC103843.1	0
AC103843.2	0
AC103851.1	0
AC103853.1	0.048289054
AC103853.2	0
AC103855.1	0
AC103855.2	0
AC103855.3	0
AC103855.4	0.059131313
AC103858.1	0.164598718
AC103858.2	0
AC103876.1	0.049850895
AC103879.1	0
AC103881.1	0.087378056
AC103923.1	0.012760422
AC103925.1	0
AC103949.1	0.617191168
AC103952.1	0
AC103957.1	0
AC103957.2	0.245800753
AC103968.1	0
AC103974.1	0.251003629
AC103974.2	0
AC103982.1	0
AC103987.1	0.045028155
AC103987.2	0
AC103987.3	0
AC103988.1	0
AC103993.1	0
AC103996.1	0
AC103996.2	0.034250925
AC103996.3	0
AC104002.1	0
AC104002.2	0
AC104002.3	0
AC104009.1	0
AC104010.1	0
AC104012.1	0
AC104024.1	0.092552192
AC104024.2	0
AC104027.1	0
AC104031.1	2.064032531
AC104035.1	0.090090828
AC104036.1	0
AC104041.1	0.122579906
AC104042.1	0.017746091
AC104046.1	0.424551177
AC104051.1	0
AC104051.2	0.03820349
AC104057.1	0
AC104058.1	0.052760263
AC104063.1	0
AC104066.1	0.22951768
AC104066.2	0
AC104071.1	0
AC104072.1	0
AC104073.1	0
AC104073.2	0
AC104073.3	0
AC104076.1	0.118262626
AC104076.2	0
AC104078.1	0.070228787
AC104078.2	0.057929013
AC104083.1	8.44910714
AC104088.1	0
AC104090.1	0.013381553
AC104108.1	0
AC104109.1	0
AC104109.2	0.353620265
AC104109.3	0.032442646
AC104109.4	0.251435154
AC104113.1	0.686984881
AC104115.1	0
AC104115.2	0.022809022
AC104116.1	0
AC104117.1	0
AC104117.2	0
AC104117.3	0.185991668
AC104117.4	0.037000704
AC104117.5	0.057293594
AC104118.1	0.493071051
AC104119.1	0
AC104123.1	0.105307782
AC104126.1	0.044078194
AC104129.1	0.00328921
AC104131.1	0
AC104134.1	0.008969547
AC104135.1	0.041074176
AC104136.1	0
AC104137.1	0
AC104151.1	0
AC104162.1	0.117510712
AC104164.1	0
AC104164.2	0
AC104170.1	0.230438206
AC104170.2	0.138670779
AC104184.1	1.304005381
AC104187.1	0.05120849
AC104211.1	0.089308724
AC104211.2	0.262967982
AC104211.3	0
AC104211.4	0
AC104212.1	0
AC104212.2	0.124759538
AC104229.1	0
AC104232.1	0.107205003
AC104232.2	0
AC104233.1	0
AC104233.2	0
AC104237.1	0.058143963
AC104237.2	1.025788131
AC104237.3	0.844040641
AC104241.1	0
AC104241.2	0.317765232
AC104248.1	0.158458631
AC104257.1	0.366265604
AC104260.1	0.145359907
AC104260.2	0.107542222
AC104297.1	0.036022524
AC104306.1	0.126709957
AC104306.2	0
AC104308.1	0
AC104316.1	0.050143354
AC104316.2	0.144200595
AC104332.1	0.078643905
AC104332.2	0
AC104333.1	0
AC104333.2	0.081613531
AC104333.3	0.065427131
AC104339.1	0.135084465
AC104350.1	0
AC104365.1	0.070163275
AC104365.2	0.084701611
AC104365.3	0
AC104383.1	0
AC104389.1	0
AC104389.2	0
AC104389.3	0
AC104389.4	0.029289342
AC104390.1	0.030134227
AC104393.1	0
AC104394.1	0
AC104407.1	0.038359359
AC104408.1	0
AC104411.1	0.146904356
AC104417.1	0
AC104417.2	0
AC104423.1	0
AC104435.1	0
AC104435.2	0
AC104440.1	0
AC104445.1	0
AC104446.1	0.094896581
AC104447.1	0.973829254
AC104451.1	0
AC104454.1	0
AC104455.1	0
AC104457.1	0.019250366
AC104457.2	0
AC104458.1	0.135376225
AC104461.1	0.216348296
AC104462.1	0.175277382
AC104462.2	0
AC104463.1	0
AC104463.2	0.898268675
AC104465.1	0
AC104472.1	0.019772616
AC104472.2	0.05214575
AC104506.1	0
AC104521.1	0.168492452
AC104532.1	0.054033786
AC104532.2	0.319248856
AC104534.1	0.581388265
AC104561.1	0
AC104561.2	0.150961445
AC104561.3	0
AC104563.1	0.208374973
AC104564.1	0.464290311
AC104564.2	0.024560812
AC104564.3	0.640271316
AC104564.4	0
AC104564.5	0.193638188
AC104574.1	0
AC104574.2	0
AC104576.1	0
AC104581.1	0.145765563
AC104581.2	0
AC104581.3	0.143759615
AC104581.4	0.419119369
AC104590.1	0.040553307
AC104596.1	0.462690886
AC104596.2	0
AC104619.1	0.124166387
AC104619.2	0
AC104619.3	0.282440483
AC104619.4	0.062930916
AC104623.1	0
AC104623.2	0.015661967
AC104629.1	0
AC104634.1	0.101751935
AC104640.1	0
AC104640.2	0
AC104651.1	0
AC104651.2	0
AC104653.1	0.233529031
AC104653.2	0.037667784
AC104655.1	0.102921497
AC104662.1	0.061329933
AC104662.2	0
AC104663.1	0
AC104667.1	0.060942335
AC104667.2	0.577208743
AC104685.1	0
AC104687.1	0
AC104687.2	0
AC104688.1	0
AC104689.1	0
AC104692.1	0
AC104692.2	0
AC104695.1	0
AC104695.2	0.078322882
AC104695.3	1.415336593
AC104695.4	0.211754027
AC104698.1	0
AC104699.1	0.643445811
AC104758.1	0.053663692
AC104758.2	0.583967627
AC104758.3	0.014806108
AC104758.4	0
AC104758.5	0.054885457
AC104759.1	0
AC104763.1	0.304690517
AC104763.2	0
AC104763.3	0
AC104770.1	0
AC104771.1	0
AC104772.1	0.01817842
AC104772.2	0
AC104777.1	0.011572967
AC104777.2	0
AC104777.3	0
AC104779.1	0.355324218
AC104781.1	0
AC104784.1	0
AC104785.1	0.106597265
AC104791.1	0.019735262
AC104791.2	0.006205861
AC104793.1	0
AC104794.1	0
AC104794.2	4.266331769
AC104794.3	0
AC104794.4	0.210804457
AC104803.1	0
AC104806.1	0.101751935
AC104806.2	0.123384236
AC104809.1	0.167055416
AC104809.2	0.619476201
AC104819.1	0.064484765
AC104819.2	0
AC104819.3	0.319199589
AC104820.1	0
AC104823.1	0.015844083
AC104825.1	1.176802312
AC104827.1	0
AC104831.1	0.070584676
AC104836.1	0.206022093
AC104837.1	0.128360034
AC104837.2	0.147828283
AC104843.1	0.049121624
AC104843.2	0
AC104849.1	0
AC104850.1	0
AC104852.1	0
AC104938.1	0.209863366
AC104958.1	0.079421176
AC104958.2	0.39826831
AC104961.1	0
AC104964.1	0.604107082
AC104964.2	0.032044577
AC104964.3	0.037140224
AC104964.4	0.547895035
AC104966.1	0.010703414
AC104971.1	0.142570536
AC104971.2	0
AC104971.3	0.755170988
AC104978.1	0
AC104982.1	0
AC104982.2	0
AC104984.1	0.359708419
AC104984.2	0.122102322
AC104984.3	0.028699264
AC104984.4	6.225946524
AC104984.5	0
AC104984.6	0.043527217
AC104985.1	0
AC104985.2	0
AC104985.3	0
AC104986.1	0.143759615
AC104986.2	2.309233389
AC104989.1	0
AC104996.1	0
AC104996.2	0.109688586
AC104996.3	0
AC104997.1	0
AC105001.1	1.337853214
AC105001.2	0
AC105020.1	1.300486636
AC105020.2	0.082184255
AC105020.3	0
AC105020.4	0
AC105020.5	0.296355518
AC105020.6	0.463527303
AC105021.1	0.041823304
AC105029.1	0
AC105031.1	0
AC105031.2	0
AC105031.3	0
AC105036.1	0.057822133
AC105036.2	0
AC105036.3	0.214654767
AC105046.1	0.134841167
AC105052.1	0
AC105052.2	0.217087882
AC105052.3	0.106597265
AC105052.4	0.097327938
AC105053.1	0.274748065
AC105074.1	0.101258792
AC105081.1	0
AC105094.1	0
AC105094.2	0.013555189
AC105101.1	0.054541587
AC105105.1	0.012275596
AC105105.2	0
AC105105.3	0
AC105105.4	0
AC105105.5	0
AC105109.1	0
AC105114.1	0
AC105118.1	0.028804776
AC105129.1	0.052760263
AC105129.2	0
AC105129.3	0.226162033
AC105133.1	0
AC105133.2	0
AC105137.1	0.033626176
AC105137.2	0
AC105148.1	0
AC105150.1	0.028438835
AC105177.1	0
AC105180.1	0
AC105185.1	0
AC105206.1	0.343375262
AC105206.2	0.973657351
AC105219.1	0.255442453
AC105219.2	0.157222053
AC105219.3	0
AC105219.4	0.008662133
AC105224.1	0
AC105227.1	0
AC105227.2	0
AC105233.1	0
AC105233.2	0
AC105233.3	0
AC105235.1	0.02588623
AC105245.1	0
AC105250.1	0.022853376
AC105252.1	0
AC105254.1	0.126165845
AC105254.2	0.215639422
AC105265.1	0
AC105265.2	0
AC105265.3	0
AC105265.4	0
AC105271.1	0.017314694
AC105272.1	0
AC105275.1	0
AC105275.2	0
AC105277.1	0.890757132
AC105285.1	0.20011919
AC105313.1	0
AC105339.1	0.022250334
AC105339.2	0.094199942
AC105339.3	0.043088354
AC105339.4	0.123190236
AC105339.5	0.297662377
AC105342.1	0
AC105343.1	0
AC105345.1	0.352965219
AC105345.2	0
AC105362.1	0
AC105383.1	0.01914453
AC105384.1	0.131363576
AC105384.2	0.024484059
AC105389.1	0
AC105389.2	0.648405434
AC105389.3	0
AC105390.1	0.083945346
AC105391.1	0
AC105393.1	0
AC105393.2	0
AC105398.1	0.116938791
AC105399.1	0.07497511
AC105402.1	0
AC105402.2	0
AC105402.3	0.003770404
AC105411.1	0.026203676
AC105415.1	0.121728657
AC105416.1	0
AC105417.1	0
AC105420.1	0
AC105424.1	0
AC105429.1	0.023498822
AC105429.2	0
AC105430.1	0
AC105443.1	0
AC105446.1	1.078020501
AC105460.1	0
AC105460.2	0
AC105749.1	0.226306844
AC105758.1	0
AC105760.1	0.007023666
AC105760.2	0.133872687
AC105910.1	0.064885292
AC105914.1	0
AC105914.2	2.421084669
AC105917.1	0
AC105918.1	0
AC105919.1	0
AC105924.1	0
AC105935.1	0.034027792
AC105935.2	0.057609551
AC105940.1	0.088780725
AC105940.2	0
AC105942.1	9.987173622
AC105999.1	0
AC105999.2	0
AC106017.1	0
AC106017.2	0
AC106028.1	0.119161962
AC106028.2	1.452158004
AC106028.3	0.875558989
AC106028.4	1.032606128
AC106028.5	0.158681499
AC106037.1	0.139908911
AC106037.2	0
AC106038.1	0.008229936
AC106038.2	0
AC106047.1	0.372456998
AC106047.2	0
AC106052.1	0
AC106053.1	0
AC106706.1	0
AC106707.1	0
AC106707.2	0
AC106712.1	0.014529252
AC106729.1	0
AC106730.1	0
AC106730.2	0
AC106732.1	0
AC106733.1	0
AC106734.1	0
AC106736.1	0
AC106738.1	0.349187699
AC106738.2	0.1409879
AC106739.1	0.163127107
AC106739.2	0.569810836
AC106744.1	0
AC106744.2	0
AC106745.1	0.101313349
AC106748.1	0
AC106754.1	0.051783866
AC106754.2	0
AC106760.1	0
AC106760.2	0
AC106771.1	0
AC106772.1	0.026514041
AC106772.2	0
AC106774.1	0
AC106774.2	0
AC106774.3	0
AC106774.4	0
AC106779.1	0.013047292
AC106782.1	0.057886213
AC106782.2	2.922290956
AC106782.3	0
AC106782.4	0
AC106782.5	0.697468753
AC106782.6	0.459076113
AC106782.7	0
AC106785.1	0
AC106785.2	0
AC106786.1	0.184350565
AC106786.2	0.083795711
AC106788.1	0.571202708
AC106788.2	0
AC106789.1	0.027490874
AC106791.1	0.299363305
AC106791.2	0.160304839
AC106794.1	0
AC106794.2	0
AC106795.1	1.309884464
AC106795.2	0.242600673
AC106795.3	0.085940391
AC106795.5	0.034514974
AC106796.1	0
AC106798.1	0
AC106799.1	0
AC106799.2	0
AC106799.3	0
AC106800.1	0.069029947
AC106800.2	0.028413052
AC106800.3	0
AC106800.4	0
AC106801.1	0.144382963
AC106806.1	0.027931904
AC106806.2	0
AC106818.1	0
AC106820.1	0.5223266
AC106820.2	0.04800796
AC106820.3	0.236823143
AC106820.4	0.064174742
AC106820.5	0.053480539
AC106821.1	0
AC106822.1	0
AC106827.1	0.10907052
AC106864.1	0.295258643
AC106864.2	0
AC106865.1	0.196051791
AC106868.1	0
AC106869.1	0.145580894
AC106870.1	0
AC106870.2	0
AC106871.1	0
AC106872.1	0
AC106872.10	0
AC106872.11	0
AC106872.12	0
AC106872.2	0.293808712
AC106872.3	0
AC106872.4	0
AC106872.5	0.553312076
AC106872.6	0
AC106872.7	0
AC106872.8	0
AC106872.9	0
AC106873.1	0.10241698
AC106874.1	0
AC106875.1	0.013381553
AC106875.2	0
AC106876.1	0.327658753
AC106881.1	0.169454109
AC106882.1	0.013217881
AC106883.1	0
AC106886.1	0.13058165
AC106886.2	0.496890537
AC106886.3	0.429701956
AC106886.4	0.400826168
AC106892.1	0
AC106894.1	0
AC106895.1	0
AC106895.2	0
AC106897.1	0.357939548
AC106900.1	0.103090776
AC106900.2	0
AC106901.1	0
AC107015.1	0
AC107016.1	0
AC107016.2	0
AC107021.1	0.058252037
AC107021.2	0.119673875
AC107023.1	0
AC107027.1	0.272518226
AC107027.2	0
AC107027.3	0.38802264
AC107029.1	0.168492452
AC107029.2	0
AC107031.1	0.225789596
AC107032.1	0.587617425
AC107032.2	0.568334642
AC107057.1	0.147364871
AC107058.1	0
AC107067.1	0.066317162
AC107068.1	0.330633481
AC107072.1	0
AC107072.2	0.197637092
AC107074.1	0
AC107075.1	0.698653414
AC107079.1	0.023422717
AC107081.1	0.086813285
AC107081.2	0.273537621
AC107081.3	0
AC107083.1	0
AC107208.1	0
AC107214.1	0.336382068
AC107214.2	0.271873467
AC107220.1	0
AC107222.1	0.368990534
AC107241.1	0.108316576
AC107294.1	0.26843337
AC107294.2	0.849432702
AC107294.3	0.238323924
AC107297.1	0
AC107302.1	0
AC107304.1	0
AC107308.1	0
AC107373.1	0
AC107373.2	0
AC107375.1	0.983313187
AC107385.1	0
AC107391.1	0
AC107393.1	0
AC107396.1	0
AC107398.1	0.031029303
AC107398.2	0.104291501
AC107398.3	0
AC107399.1	0
AC107401.1	0
AC107419.1	0.011113332
AC107421.1	0
AC107463.1	0
AC107464.1	0.026637991
AC107464.2	0.027539188
AC107464.3	0.701632746
AC107613.1	0
AC107626.1	0
AC107871.1	0
AC107871.2	0.085161946
AC107882.1	0
AC107884.1	0.286117948
AC107884.2	0.170943251
AC107886.1	0.060735651
AC107890.1	0.030076388
AC107892.1	0
AC107896.1	0
AC107905.1	0
AC107909.1	0
AC107909.2	0.06356916
AC107918.1	0
AC107918.2	0
AC107926.1	0.025233169
AC107934.1	0
AC107934.2	0
AC107952.1	0
AC107952.2	1.773331049
AC107953.1	0
AC107953.2	0
AC107954.1	0
AC107956.1	4.810430541
AC107956.2	0.034514974
AC107958.1	0
AC107958.2	0
AC107958.3	0.03635684
AC107959.1	1.098544039
AC107959.2	0
AC107959.3	0.142291015
AC107973.1	0
AC107976.1	0
AC107980.1	0
AC107982.1	0
AC107982.2	0.033844056
AC107982.3	0.270443214
AC107983.1	2.984723427
AC107983.2	0.250212275
AC107990.1	0
AC107993.1	0.435272166
AC108002.1	0.024811432
AC108002.2	0
AC108002.3	0.03115268
AC108010.1	1.302277701
AC108019.1	0
AC108022.1	0.098346013
AC108025.1	0
AC108025.2	0
AC108032.1	0
AC108037.1	0
AC108039.1	0
AC108039.2	0
AC108043.1	0
AC108047.1	0.193933143
AC108051.1	0
AC108058.1	0.168169545
AC108059.1	0
AC108059.2	0
AC108059.3	0
AC108062.1	1.465314646
AC108063.1	0.151399014
AC108064.1	0.034064778
AC108066.1	0
AC108067.1	0
AC108073.1	0.139493751
AC108073.2	0
AC108078.1	0
AC108078.2	0
AC108078.3	0
AC108081.1	0
AC108082.1	0
AC108097.1	0.029344191
AC108099.1	0
AC108102.1	0.085783566
AC108103.1	0
AC108112.1	0
AC108114.1	0.071715323
AC108120.1	0
AC108120.2	0
AC108120.3	0
AC108125.1	0
AC108134.1	0.424891615
AC108134.2	0.649416762
AC108134.3	4.762389586
AC108134.4	0.985848218
AC108136.1	0.024833277
AC108142.1	0
AC108145.1	0
AC108156.1	0.032577543
AC108157.1	0.058143963
AC108159.1	0.032044577
AC108161.1	0.077959194
AC108174.1	0
AC108199.1	0
AC108206.1	0.007535368
AC108210.1	0
AC108210.2	0
AC108215.1	0.456590518
AC108359.1	0
AC108448.1	0
AC108448.2	0.321982151
AC108449.1	0
AC108449.2	2.299372532
AC108449.3	0
AC108451.1	0
AC108451.2	0.058252037
AC108462.1	0
AC108463.1	0.135473758
AC108463.2	0.228200942
AC108463.3	0.052867065
AC108467.1	0
AC108467.2	0
AC108471.1	0.272992996
AC108471.2	0.217919833
AC108472.1	0.126778301
AC108474.1	0.074440846
AC108475.1	0.412363105
AC108479.1	0.073394838
AC108479.2	0
AC108482.1	0
AC108488.1	1.616075772
AC108488.2	0
AC108515.1	0
AC108516.1	0.060971977
AC108516.2	0.089798269
AC108517.1	0
AC108667.1	0.377585494
AC108673.1	0.14872112
AC108673.2	0.610151426
AC108673.3	4.490449574
AC108676.1	0.03166682
AC108676.2	0
AC108681.1	0.100705643
AC108688.1	0.043954553
AC108693.1	0.036272681
AC108693.2	0
AC108704.1	0.147430895
AC108704.2	0.330417466
AC108706.1	0
AC108718.1	0.113139336
AC108721.1	0
AC108724.1	0
AC108725.1	0.038312465
AC108727.1	0.159489038
AC108727.2	0
AC108729.1	0
AC108729.2	0.13058165
AC108729.3	0
AC108733.1	0
AC108734.1	0.11781803
AC108734.2	0.029316741
AC108734.3	0.107603763
AC108738.1	0
AC108740.1	0
AC108747.1	0
AC108748.1	0
AC108751.1	0
AC108751.2	0
AC108751.3	0
AC108751.4	0.046962432
AC108751.5	0.082102235
AC108752.1	0
AC108860.1	0
AC108860.2	0.480932875
AC108861.1	0.160715877
AC108863.1	0
AC108865.1	0
AC108865.2	0
AC108866.1	0.053725022
AC108868.1	0.339418007
AC108868.2	0.030664967
AC108879.1	0
AC108935.1	0
AC108938.1	0
AC108941.1	0
AC109309.1	0.036022524
AC109309.2	0
AC109315.1	0
AC109322.1	0.433894723
AC109326.1	0.35586218
AC109329.1	0
AC109347.1	0.338640035
AC109347.2	0.628587885
AC109349.1	0
AC109361.1	0.02222036
AC109361.2	0.965946452
AC109439.1	0
AC109439.2	0
AC109445.1	0
AC109446.1	0
AC109446.2	0
AC109446.3	0.244458627
AC109446.4	0
AC109449.1	0.23235169
AC109454.1	0.157327289
AC109454.2	0.994429488
AC109454.3	0
AC109454.4	0.193156216
AC109458.1	0
AC109460.1	0.233244625
AC109460.2	1.047523126
AC109460.3	0.14440852
AC109460.4	0
AC109462.1	0
AC109462.2	0
AC109464.1	0
AC109464.2	0
AC109466.1	0.004979281
AC109471.1	0
AC109479.1	0.025111856
AC109479.2	0
AC109479.3	0
AC109481.1	0.111133319
AC109486.1	0
AC109492.1	0
AC109495.1	0
AC109583.1	0
AC109583.2	0.971770418
AC109587.1	0.610728913
AC109588.1	0
AC109597.1	0
AC109597.2	0.135230188
AC109630.1	0.082225327
AC109631.1	0
AC109635.1	0
AC109635.2	0
AC109635.3	0
AC109635.4	0
AC109635.5	0
AC109635.6	0
AC109638.1	0
AC109779.1	0.084427791
AC109780.1	0
AC109780.2	0
AC109809.1	0.20126346
AC109810.1	0
AC109811.1	0
AC109811.2	0
AC109826.1	0.283413767
AC109830.1	0
AC109925.1	0.047340779
AC109927.1	0.235990934
AC109927.2	0
AC109992.1	0
AC109992.2	0.020483396
AC110011.1	0
AC110015.1	0
AC110023.1	0
AC110027.1	0
AC110048.1	0.029058503
AC110048.2	0.102584602
AC110053.1	0
AC110056.1	0.017200656
AC110058.1	0
AC110079.1	1.24074851
AC110079.2	0.048193579
AC110275.1	0
AC110285.1	0.058143963
AC110285.2	1.602024076
AC110285.3	0.188508848
AC110285.4	0
AC110285.5	0.133549415
AC110285.6	0.127656195
AC110285.7	0.14282368
AC110288.1	0
AC110296.1	0
AC110373.1	0.013412095
AC110491.1	0
AC110491.2	0
AC110588.1	0
AC110597.1	0.083874863
AC110597.3	0
AC110602.1	0.049276094
AC110603.1	0
AC110609.1	0.258577525
AC110615.1	0
AC110619.1	0.101720482
AC110620.1	0
AC110716.1	0
AC110716.2	0
AC110741.1	0.134620258
AC110741.2	0
AC110741.3	0
AC110751.1	0
AC110753.1	0
AC110754.1	0
AC110760.1	0.053117959
AC110760.2	0.103183345
AC110760.3	0
AC110767.1	0
AC110768.1	0
AC110768.2	0
AC110769.1	0.019226746
AC110769.2	0.040490434
AC110769.3	0.053434946
AC110771.1	0.044606989
AC110772.1	0.033058646
AC110774.1	0.023295042
AC110775.1	0
AC110792.1	0
AC110792.2	0
AC110792.3	0.841331436
AC110794.1	0.036870113
AC110799.1	0
AC110800.1	0
AC110801.1	0
AC110813.1	0
AC110921.1	0
AC110926.1	0
AC110994.1	0
AC110995.1	0.160551209
AC110998.1	0.015265268
AC111000.1	0
AC111000.2	0
AC111000.3	0
AC111000.4	0
AC111000.5	0
AC111000.6	0
AC111149.1	0
AC111149.2	0.080255047
AC111152.1	0
AC111152.2	1.58313423
AC111152.3	0.18626803
AC111170.1	0.055370311
AC111170.2	0
AC111170.3	0.038156976
AC111182.1	0.064164133
AC111186.1	0
AC111188.1	0.094035885
AC111188.2	0.146869051
AC111188.3	0
AC111193.1	0
AC111194.1	0
AC111194.2	0
AC111198.1	0
AC111200.1	0
AC111200.2	0.031029303
AC112173.1	0
AC112176.1	0
AC112178.1	0
AC112184.1	0.251118558
AC112187.1	0
AC112187.2	0
AC112187.3	0.268844573
AC112191.1	0.067060476
AC112191.2	0.141169351
AC112191.3	0
AC112192.1	0
AC112196.1	0.018833892
AC112198.1	0
AC112198.2	0.004479645
AC112198.3	0
AC112198.4	0
AC112200.1	0
AC112200.2	0
AC112203.1	0
AC112204.1	0.304267922
AC112204.2	0
AC112204.3	0.28318912
AC112206.1	0.03285073
AC112206.2	1.33072746
AC112206.3	0.161129028
AC112206.4	0.154763437
AC112211.1	0
AC112219.1	0
AC112219.2	0
AC112220.1	0
AC112220.2	2.792928348
AC112220.3	2.028957908
AC112220.4	2.047123253
AC112225.1	0
AC112229.1	0
AC112229.2	0
AC112229.3	0.073406299
AC112229.4	0
AC112230.1	0.057293594
AC112236.1	0
AC112236.2	0.111264838
AC112240.1	0
AC112242.1	0
AC112243.1	0
AC112247.1	0
AC112249.1	0
AC112250.1	0
AC112250.2	0.191484293
AC112255.1	0.006285519
AC112481.1	0
AC112482.1	0
AC112484.1	0.365915612
AC112484.2	0.381028523
AC112484.3	0.405753092
AC112484.4	0.343635921
AC112487.1	0
AC112491.1	1.137324048
AC112492.1	0
AC112492.2	0
AC112492.3	0
AC112492.4	0
AC112492.5	0
AC112493.1	0
AC112495.1	0.041454492
AC112496.1	1.561403359
AC112497.1	1.373253032
AC112498.1	0
AC112503.1	0
AC112503.2	0.312260467
AC112504.1	0.017023137
AC112512.1	0.076812735
AC112518.1	0
AC112518.2	0
AC112653.1	0
AC112656.1	0
AC112673.1	0
AC112693.1	0.022976243
AC112693.2	0
AC112693.3	0
AC112694.1	0.195012127
AC112694.2	0.183630445
AC112695.1	0
AC112698.1	0
AC112702.1	0
AC112715.1	0.179083406
AC112719.1	0
AC112719.2	0.018599167
AC112721.1	0
AC112721.2	0
AC112722.1	3.924123177
AC112771.1	0
AC112777.1	0
AC112778.1	0.018947761
AC112907.1	0
AC112907.2	0
AC112907.3	0.326454125
AC113133.1	0.011404511
AC113137.1	0
AC113139.1	0.655640083
AC113143.1	0.364413907
AC113143.2	0
AC113145.1	0
AC113146.1	0.012781238
AC113155.1	0
AC113167.1	0.027490874
AC113174.1	0
AC113189.1	0
AC113189.2	0
AC113189.3	0
AC113189.4	0
AC113191.1	0.661008848
AC113192.1	0
AC113192.2	0.050875968
AC113192.3	0
AC113192.4	0
AC113192.5	0
AC113194.1	0
AC113208.1	0
AC113208.2	0.05999157
AC113208.3	0
AC113331.1	0
AC113340.1	0
AC113346.1	0
AC113346.2	0
AC113347.1	0
AC113347.2	0
AC113347.3	0
AC113347.4	0
AC113349.1	0.080633609
AC113349.2	0
AC113352.1	0
AC113355.1	0
AC113361.1	0.028857823
AC113367.1	0.058909015
AC113367.2	0
AC113367.3	0
AC113368.1	0.041020414
AC113378.1	0
AC113382.1	0.012505824
AC113382.2	0.024256653
AC113383.1	0.743457569
AC113385.1	0
AC113385.2	0
AC113385.3	0.020976972
AC113386.1	0
AC113391.1	0
AC113391.2	0
AC113398.1	0.308764492
AC113398.2	0
AC113403.1	0.081190663
AC113404.1	0.165817968
AC113404.2	0
AC113404.3	0.766457511
AC113410.1	0.634404777
AC113410.2	0
AC113410.3	0.540337862
AC113414.1	0
AC113418.1	0
AC113420.1	0
AC113423.1	0
AC113423.2	0
AC113430.1	0
AC113554.1	0.009656819
AC113607.1	0.026604071
AC113608.1	0.051376387
AC113608.2	0
AC113615.1	0
AC113618.1	0
AC113935.1	41.33438606
AC114271.1	0.122550855
AC114284.1	0.098463722
AC114291.1	0.062287669
AC114296.1	0
AC114300.1	0
AC114316.1	0
AC114316.2	0.004538024
AC114321.1	0
AC114322.1	0
AC114324.1	0
AC114324.2	0
AC114341.1	0.493890481
AC114400.1	0
AC114401.1	0
AC114402.1	0.334416421
AC114402.2	0.024369826
AC114477.1	0
AC114482.1	0
AC114485.1	0
AC114488.1	0.159084244
AC114488.2	0.09192571
AC114488.3	0.163227062
AC114489.1	0
AC114490.1	1.194201581
AC114490.2	0.106184498
AC114491.1	1.210268951
AC114492.1	0
AC114495.1	0.071879807
AC114495.2	0.717153226
AC114498.1	0
AC114501.1	0
AC114501.2	0.087868026
AC114501.3	0
AC114546.1	0
AC114546.2	0
AC114546.3	0
AC114546.4	0
AC114550.1	0
AC114550.2	0
AC114550.3	0
AC114684.1	0.311615301
AC114689.1	0
AC114689.2	0
AC114689.3	0.005238983
AC114728.1	0.648852919
AC114730.1	0.033198725
AC114730.2	0.023457781
AC114730.3	0.375645842
AC114737.1	0.034591166
AC114737.2	0
AC114741.1	0
AC114744.1	0.094112901
AC114752.1	0
AC114752.2	0.155146515
AC114755.1	0
AC114755.2	0
AC114755.3	0
AC114755.4	0
AC114755.5	0
AC114760.1	0
AC114760.2	0.159353878
AC114763.1	0.167080862
AC114763.2	0
AC114774.1	0
AC114776.1	0
AC114781.1	0.045728982
AC114781.2	0.318168487
AC114781.3	0.662104141
AC114781.4	0
AC114781.5	0
AC114786.1	0
AC114786.2	0
AC114786.3	0
AC114786.4	0
AC114797.1	0
AC114801.1	0
AC114801.2	0.020063762
AC114801.3	0.088529932
AC114803.1	0
AC114808.1	0
AC114808.2	0.146173489
AC114810.1	0.99385611
AC114811.1	0
AC114811.2	0.069372224
AC114812.1	0
AC114812.2	0
AC114812.3	0
AC114812.4	0
AC114814.1	0
AC114814.2	0
AC114814.3	0
AC114877.1	0.026924052
AC114878.1	0
AC114878.2	0.037577453
AC114912.1	0
AC114928.1	0.037758549
AC114939.1	0.335345871
AC114940.1	0
AC114947.1	0
AC114947.2	0.909940212
AC114954.1	0
AC114956.1	0.214235519
AC114956.2	0.054789503
AC114956.3	0.361757183
AC114964.1	0
AC114967.1	0
AC114973.1	0
AC114980.1	0.372263177
AC114981.1	0
AC114982.1	0
AC114982.2	0
AC115099.1	1.428462248
AC115102.1	0.321761766
AC115115.1	0.126369339
AC115220.1	0
AC115223.1	4.827018233
AC115283.1	0
AC115284.1	0
AC115284.2	0.007628918
AC115285.1	0
AC115286.1	0
AC115522.1	1.719168485
AC115618.1	1.284409672
AC115618.2	8.566156237
AC115618.3	10.91355343
AC115619.1	0
AC115621.1	0.018263168
AC115622.1	0
AC115676.1	0
AC115837.1	2.817745893
AC115837.2	0
AC115989.1	0.042265133
AC115989.2	0.500988213
AC115990.1	0
AC116003.1	0
AC116003.2	0
AC116003.3	0
AC116021.1	0.071989884
AC116025.1	0
AC116025.2	0
AC116035.1	0
AC116036.1	0.128090992
AC116036.2	0.373090428
AC116038.1	0
AC116049.1	0.122102322
AC116049.2	0
AC116050.1	0.347649678
AC116050.2	0
AC116096.1	0
AC116158.1	0.058881345
AC116158.2	0.028335982
AC116165.1	0
AC116165.2	0
AC116165.3	0.039174495
AC116312.1	0.748557229
AC116337.1	0
AC116337.2	0
AC116337.3	0.05556666
AC116345.1	0
AC116345.2	0
AC116345.3	0
AC116347.1	0.979362375
AC116347.2	0
AC116348.1	0.148388239
AC116348.2	0.054314724
AC116348.3	0.022417451
AC116348.4	0
AC116351.1	0.081004125
AC116351.2	0.286702929
AC116353.1	0
AC116353.2	0
AC116353.3	0
AC116359.1	0
AC116366.1	1.243501396
AC116366.2	0.439193537
AC116407.1	4.880274797
AC116407.2	1.002138244
AC116407.3	0.208190407
AC116407.4	0.472604652
AC116424.1	0
AC116447.1	0.138364662
AC116456.1	0
AC116456.2	0
AC116533.1	16.89018725
AC116535.1	0.167770856
AC116552.1	0.192398611
AC116553.1	0
AC116553.2	0
AC116562.1	0.020063762
AC116562.2	0
AC116562.3	0.265589797
AC116563.1	0
AC116563.2	0
AC116565.1	0
AC116609.1	0
AC116609.2	0
AC116612.1	0
AC116614.1	0.382908598
AC116616.1	0.042813656
AC116634.1	0
AC116651.1	0.281830899
AC116655.1	0
AC116666.1	0
AC116667.1	0.466615533
AC116903.1	0
AC116903.2	0.132183879
AC116913.1	0.823965393
AC116914.1	0.196856759
AC116914.2	1.184658268
AC116917.1	0
AC117372.1	0
AC117373.1	0
AC117377.1	0
AC117382.1	0.150258337
AC117382.2	0
AC117383.1	0.037132223
AC117383.2	0.048663969
AC117386.1	0
AC117386.2	0.015183913
AC117392.1	0
AC117394.1	0
AC117394.2	0.097026613
AC117395.1	0.065200269
AC117402.1	0.045986201
AC117409.1	0.418658725
AC117422.1	0
AC117430.1	0
AC117434.1	0
AC117440.1	0
AC117454.1	0
AC117457.1	0
AC117460.1	0
AC117462.1	0
AC117465.1	0.06003754
AC117470.1	0
AC117473.1	0
AC117482.1	0
AC117489.1	0.165611791
AC117490.1	0
AC117490.2	0.39570197
AC117498.1	0
AC117498.2	0.339418007
AC117498.3	0.030664967
AC117500.1	0
AC117500.2	0.117641126
AC117500.3	0.025396755
AC117500.4	0
AC117500.5	0
AC117503.1	0.04881557
AC117503.2	0.443238878
AC117503.3	0.055253166
AC117503.4	0.513763869
AC117505.1	0
AC117513.1	0.184109898
AC117522.1	0
AC117522.2	0
AC117522.3	0
AC117525.1	0
AC117529.1	0
AC117529.2	0
AC117532.1	0
AC117569.1	0
AC117834.1	0
AC117944.1	0
AC117945.1	0
AC117947.1	0
AC118273.1	0
AC118273.2	0
AC118282.1	0
AC118282.2	0
AC118282.3	0
AC118282.4	0
AC118344.1	0.235797234
AC118344.2	0.79582185
AC118345.1	0
AC118465.1	0.024657432
AC118469.1	0
AC118470.1	0
AC118549.1	2.861547258
AC118553.1	0.526313826
AC118555.1	0
AC118653.1	0
AC118658.1	0.234577814
AC118658.2	0.068277987
AC118754.1	0.55056047
AC118754.2	0
AC118755.1	0.080357938
AC118755.2	0
AC118757.1	0
AC118758.1	0
AC118758.2	0
AC118758.3	0.003895214
AC118942.1	0.08529439
AC119044.1	1.117415114
AC119150.1	0.695816962
AC119396.1	0.271556191
AC119396.2	0.992852214
AC119403.1	0.565405082
AC119403.2	0
AC119424.1	2.149000868
AC119428.1	0
AC119428.2	0.129045395
AC119501.1	0
AC119618.1	0
AC119619.1	0
AC119674.1	0.115986662
AC119677.1	0
AC119744.1	0
AC119749.1	0
AC119751.1	0
AC119751.2	0
AC119751.3	0
AC119751.4	0
AC119751.5	0
AC119751.6	0.252738677
AC119751.7	0
AC119751.8	0
AC119800.1	0.185222199
AC119868.1	0
AC119868.2	0.290181444
AC120024.1	0.031497081
AC120024.2	0
AC120024.3	0
AC120024.4	0
AC120036.1	0
AC120036.2	0.107327384
AC120036.3	0.122420297
AC120036.4	0.01258113
AC120042.1	0
AC120042.2	0
AC120042.3	0.002225824
AC120045.1	0
AC120045.2	0
AC120049.1	0.698121751
AC120053.1	1.341300643
AC120057.1	0.057822133
AC120057.2	0
AC120057.3	0.155242581
AC120057.4	0.20350387
AC120114.1	0.106718261
AC120114.2	0.765557913
AC120114.3	0
AC120114.4	0.935616927
AC120114.5	0.05636618
AC120193.1	0
AC120338.1	0
AC120349.1	0.777933234
AC120349.2	0
AC120349.3	0
AC120498.1	0.032919744
AC120498.10	0.155146515
AC120498.2	3.146545782
AC120498.3	0
AC120498.4	0
AC120498.5	0
AC120498.6	0.185441396
AC120498.7	0
AC120498.8	0.029509977
AC120498.9	0.012156554
AC121154.1	0
AC121161.1	0
AC121161.2	0
AC121247.1	0.241660846
AC121247.2	0
AC121251.1	0.062930916
AC121320.1	0
AC121333.1	0
AC121334.1	0
AC121334.2	0
AC121338.1	0.073052671
AC121338.2	0.269549277
AC121342.1	0
AC121493.1	0.348217733
AC121757.1	0.351565981
AC121758.1	0.075526677
AC121758.2	0
AC121758.3	0
AC121761.1	0.475803583
AC121761.2	1.159883451
AC121764.1	0
AC121764.2	0
AC121764.3	0
AC122108.1	0
AC122108.2	0.02979049
AC122129.1	1.648998026
AC122129.2	0
AC122133.1	0
AC122134.1	0
AC122136.1	0.163910021
AC122138.1	0
AC122683.1	0.043709339
AC122685.1	0.023009982
AC122688.1	0
AC122688.2	0
AC122688.3	0.515245737
AC122688.4	0
AC122694.1	0
AC122707.1	0
AC122710.1	0
AC122710.2	0.052583215
AC122710.3	0.057929013
AC122713.1	0
AC122713.2	0.056383081
AC122714.1	0
AC122714.2	0
AC122718.1	3.454095257
AC122718.2	0.106056162
AC122719.1	0
AC122719.2	0.037309043
AC123023.1	4.715056333
AC123567.1	0
AC123567.2	0
AC123595.1	1.662856192
AC123595.2	0
AC123767.1	0
AC123768.1	0
AC123768.2	0.149847795
AC123768.3	0.038156976
AC123768.4	0.156474445
AC123769.1	0
AC123777.1	0.012446226
AC123786.1	0
AC123786.2	0
AC123788.1	0
AC123788.2	0
AC123900.1	0
AC123904.1	0
AC123904.2	0
AC123904.3	0
AC123905.1	0
AC123912.1	0.771220483
AC123912.2	0
AC123912.3	0
AC123912.4	0.571987533
AC123912.5	0.137053627
AC123912.6	0
AC124016.1	0.276729324
AC124016.2	1.861524874
AC124017.1	0.010125879
AC124045.1	0.842462258
AC124057.1	0
AC124066.1	0
AC124067.1	0
AC124067.2	0.891027729
AC124067.3	0
AC124067.4	0.032933581
AC124068.1	0
AC124068.2	0.324982285
AC124069.1	0.106597265
AC124076.1	0
AC124242.1	0.555363615
AC124242.2	0.028006788
AC124248.1	0.662653149
AC124254.1	0.223057623
AC124276.1	0.052290761
AC124276.2	0.370377043
AC124283.1	0
AC124283.2	1.675387207
AC124283.3	0.316561576
AC124283.4	0.721635434
AC124283.5	0.060634929
AC124290.1	0
AC124290.2	0
AC124293.1	0
AC124301.1	0
AC124301.2	0
AC124303.1	0
AC124303.2	0
AC124312.1	0
AC124312.2	0.954132899
AC124312.3	0.481757543
AC124312.4	0.151643206
AC124312.5	0.760102141
AC124312.6	0.187437775
AC124319.1	0.167976395
AC124319.2	0.314733578
AC124319.3	0.893714714
AC124319.4	0.137772403
AC124657.1	0
AC124784.1	0
AC124798.1	1.010954709
AC124804.1	0
AC124854.1	0.205910618
AC124856.1	0
AC124861.1	0.146105343
AC124864.1	0
AC124864.2	0
AC124891.1	0
AC124893.1	0.057503846
AC124916.1	0.200527579
AC124916.2	0
AC124944.1	0.063440478
AC124944.2	0.088316092
AC124944.3	0.187608756
AC124945.1	0
AC124947.1	0.217384481
AC124947.2	0.04149108
AC125232.1	0.690005309
AC125238.1	0
AC125238.2	0.010881804
AC125257.1	2.807728309
AC125257.2	0
AC125336.1	0
AC125388.1	0
AC125421.1	0.082472621
AC125421.2	0
AC125437.1	0.724234361
AC125437.2	0
AC125494.1	0.039190824
AC125494.2	0.333907415
AC125494.3	0
AC125603.1	0
AC125603.2	0.089439486
AC125603.3	0
AC125603.4	0.005805779
AC125604.1	0.022163788
AC125611.1	0.547416524
AC125611.2	0.072657487
AC125611.3	0
AC125611.4	0.0564203
AC125612.1	0
AC125613.1	0
AC125616.1	0
AC125618.1	0.027832678
AC125634.1	0
AC125793.1	0
AC125807.1	0.459375185
AC125807.2	3.317680622
AC126118.1	0.52399006
AC126120.1	0
AC126121.1	0
AC126121.2	0
AC126124.1	0
AC126124.2	0.04881557
AC126175.1	0.020672557
AC126177.1	0
AC126177.2	0
AC126177.3	0
AC126177.4	0
AC126177.5	0
AC126177.6	0.03302381
AC126177.7	0.046155517
AC126177.8	0.015438225
AC126178.1	0.016922028
AC126182.1	0
AC126182.2	0
AC126283.1	0.172195582
AC126323.1	0.044242243
AC126323.2	0
AC126323.3	0.02778333
AC126323.4	0
AC126323.5	0
AC126323.6	0.004323896
AC126335.1	0
AC126335.2	0
AC126365.1	0.010349933
AC126365.2	0
AC126389.1	0.270168931
AC126471.1	0
AC126474.1	0.230259986
AC126474.2	2.802655298
AC126544.1	0.313814379
AC126564.1	0.023352903
AC126603.1	0.056141792
AC126614.1	0
AC126615.1	0.124363476
AC126615.2	0.121707169
AC126696.1	0
AC126696.2	0.03001877
AC126696.3	0.039076803
AC126755.1	0.237211816
AC126755.2	0.010343101
AC126755.3	0
AC126755.4	0
AC126755.5	0
AC126755.6	0
AC126763.1	0
AC126768.1	0
AC126768.2	0.299984872
AC126768.3	0
AC126773.1	0.085940391
AC126773.2	0.10247787
AC126773.3	0.052642099
AC126773.4	0.0360462
AC126915.1	0
AC126915.2	0
AC126915.3	0
AC127002.1	0.103317349
AC127024.1	0
AC127024.2	0.087638691
AC127024.3	0.034064778
AC127024.4	1.780658863
AC127024.5	2.068956012
AC127024.6	0.665227273
AC127024.7	0
AC127024.8	0.029932756
AC127029.1	0
AC127029.2	0
AC127070.1	0.225870962
AC127070.2	0.105649879
AC127070.3	0
AC127070.4	0.223428679
AC127071.1	0
AC127071.2	0
AC127164.1	0.014937844
AC127381.1	0
AC127381.2	0
AC127383.1	0
AC127391.1	0
AC127455.1	0
AC127459.1	0
AC127459.2	0.08406544
AC127459.3	0
AC127496.1	0.014898786
AC127496.2	0.255485837
AC127496.3	0.031720239
AC127496.4	0
AC127496.5	0.653606547
AC127496.6	0
AC127496.7	0.104581522
AC127502.1	0.073945851
AC127502.2	0.873136341
AC127521.1	0.621465076
AC127522.1	0
AC127526.1	0.069643547
AC127526.2	0.136555974
AC127537.1	0.167367669
AC127540.1	0.022742813
AC127894.1	0
AC128657.1	0
AC128676.1	0
AC128677.1	0
AC128685.1	0
AC128687.1	0.075944094
AC128687.2	0.083055466
AC128688.1	0.090576867
AC128688.2	3.066005906
AC128689.1	0
AC128707.1	0.117707403
AC128709.1	0.05223266
AC128709.2	0.645887731
AC128709.3	1.802277086
AC128713.1	0
AC128716.1	0
AC129102.1	0
AC129492.1	1.224745852
AC129492.2	0.424327218
AC129492.3	0
AC129492.4	0.067396981
AC129492.5	0
AC129492.6	1.28480336
AC129492.7	0
AC129502.1	0
AC129507.1	0.137213643
AC129507.2	0.460876412
AC129507.3	0.240281678
AC129507.4	0.326454125
AC129510.1	1.016419329
AC129510.2	0.090839409
AC129778.1	0
AC129807.1	0
AC129850.1	0
AC129908.1	0
AC129926.1	0.025520844
AC130289.1	0
AC130289.2	0
AC130304.1	0
AC130324.1	0.245135227
AC130324.2	0.049121624
AC130324.3	0
AC130343.1	0
AC130343.2	0.183917817
AC130352.1	0.0237062
AC130360.1	0
AC130364.1	0
AC130364.2	0
AC130365.1	0
AC130366.1	0
AC130371.1	0.099807631
AC130371.2	1.35924598
AC130404.1	0.021204057
AC130415.1	0.046543954
AC130448.1	0
AC130448.2	0
AC130454.1	0
AC130456.1	0.367889608
AC130456.2	1.348235473
AC130456.3	1.138721497
AC130456.4	0.400581302
AC130456.5	0
AC130456.6	0
AC130456.7	0.274470984
AC130462.1	0.114169749
AC130464.1	0
AC130469.1	0.282702541
AC130472.1	0.05071132
AC130509.1	0
AC130650.1	0.113275648
AC130650.2	0.430381468
AC130651.1	0.029234698
AC130686.1	0.006354338
AC130689.1	0.691314617
AC130709.1	0
AC130710.1	0
AC130895.1	0
AC131009.1	0.11035069
AC131009.2	0
AC131009.3	1.146570585
AC131009.4	0.135084465
AC131011.1	0.139908911
AC131025.1	0.026649316
AC131025.2	0
AC131055.1	0
AC131055.2	0
AC131094.1	0
AC131097.1	0.021204057
AC131097.2	0
AC131097.3	0.062679192
AC131097.4	0.548854571
AC131157.1	0
AC131159.1	0.662104141
AC131159.2	0.223216496
AC131182.1	0
AC131206.1	0
AC131210.1	0
AC131211.1	0
AC131212.1	0.304951159
AC131212.2	0.33536837
AC131212.3	0.230274348
AC131212.4	0.032143175
AC131235.1	1.091748221
AC131235.2	0
AC131235.3	0.081190663
AC131235.4	0
AC131238.1	0.047773774
AC131254.1	0.007555351
AC131254.2	0
AC131254.3	0
AC131274.1	0
AC131274.2	0
AC131274.3	0
AC131274.4	0
AC131280.1	0
AC131281.1	0.191095097
AC131281.2	0
AC131391.1	0
AC131392.1	0.297057782
AC131392.2	0
AC131532.1	0
AC131571.1	0.06646786
AC131649.1	0.011934347
AC131649.2	12.96579591
AC131888.1	0.036138833
AC131902.1	0.026380131
AC131902.2	0.021643367
AC131902.3	0
AC131934.1	0.360817717
AC131935.1	0
AC131935.2	0
AC131953.1	0.197104377
AC131956.1	0
AC131956.2	0.122420297
AC131971.1	0.052867065
AC132008.1	1.205369076
AC132008.2	3.955482989
AC132068.1	0.034138993
AC132154.1	0.044057539
AC132186.1	0.044264966
AC132192.1	0.183732975
AC132192.2	0.642092856
AC132216.1	0
AC132217.1	0
AC132219.1	0.065564008
AC132219.2	0.329961367
AC132479.1	0
AC132803.1	0
AC132807.1	0
AC132807.2	0
AC132812.1	12.41989594
AC132825.1	0.006973653
AC132825.2	0
AC132825.3	0
AC132825.4	0
AC132872.1	2.609447532
AC132872.2	0.01985194
AC132872.3	2.491223846
AC132872.4	0.52458287
AC132938.1	0.2611633
AC132938.2	0.115219103
AC132938.3	0.65290825
AC132938.4	0
AC132938.5	0.189363118
AC132942.1	2.498083738
AC133041.1	0.077959194
AC133065.1	0.063354978
AC133065.2	0.175458548
AC133065.3	3.195900768
AC133104.1	0
AC133104.2	0
AC133106.1	0.039470524
AC133134.1	0.829320785
AC133141.1	0.046223593
AC133435.1	0.435272166
AC133473.1	0.209629405
AC133480.1	0
AC133485.1	0
AC133485.2	0
AC133485.3	0
AC133485.4	0
AC133485.5	0
AC133485.6	0
AC133528.1	0.272518226
AC133539.1	0
AC133539.2	0.067108343
AC133540.1	0
AC133548.1	0
AC133548.2	0
AC133550.1	0
AC133550.2	0.576095514
AC133552.1	0
AC133552.2	0.73756598
AC133552.3	0.134144873
AC133552.4	0.231801745
AC133552.5	1.349832786
AC133555.1	0
AC133555.2	0
AC133555.3	0
AC133555.4	0.309272329
AC133555.5	0
AC133561.1	0
AC133561.2	0
AC133561.3	0
AC133561.4	0
AC133565.1	0
AC133569.1	0
AC133634.1	0
AC133637.1	0
AC133644.1	0
AC133644.2	0.435272166
AC133681.1	0.05214575
AC133785.1	0
AC133794.1	0.291451385
AC133865.1	0
AC133919.1	0
AC133919.2	0.049379616
AC133919.3	0
AC133961.1	0.205640394
AC133963.1	1.110605099
AC133963.2	0.162662263
AC133965.1	0
AC134026.1	0.02099571
AC134043.1	0.442094614
AC134043.2	0.364088247
AC134050.1	0
AC134312.1	0.125670393
AC134312.2	0
AC134312.3	0
AC134312.4	0.028031839
AC134312.5	0.010398008
AC134312.6	0.035292338
AC134349.1	0.040700774
AC134349.2	0.051658675
AC134407.1	0.132607599
AC134407.2	0.071298373
AC134407.3	0.124537899
AC134508.1	0
AC134669.1	0.113549261
AC134682.1	0.01392046
AC134684.1	0
AC134698.1	0
AC134698.2	0
AC134698.3	0
AC134698.4	0
AC134698.5	0
AC134772.1	0
AC134775.1	0.033771116
AC134878.1	0
AC134878.2	0.148646305
AC134879.1	0
AC134879.2	0.443104828
AC134879.3	0
AC134915.1	0
AC134978.1	0
AC134981.1	0.045028155
AC135001.1	0
AC135012.1	0
AC135012.2	0.032713566
AC135012.3	0.422878926
AC135048.1	0.09613373
AC135048.2	0
AC135048.3	0.095547549
AC135048.4	0.197970532
AC135050.1	0.139558457
AC135050.2	0.00576944
AC135050.3	0.977181167
AC135050.4	0.186545214
AC135050.5	1.183170751
AC135050.6	14.88216264
AC135050.7	0.162491142
AC135068.1	0
AC135068.2	0.088780725
AC135068.3	0
AC135068.4	0
AC135068.5	0
AC135068.6	0
AC135068.7	0
AC135068.8	0.044390363
AC135068.9	0.176561104
AC135178.1	0.758686681
AC135178.2	0.020304241
AC135178.3	0.478552069
AC135178.4	0.142972609
AC135178.5	0.139493751
AC135178.6	0.039371352
AC135279.1	0.062181738
AC135279.2	0.025273868
AC135279.3	0.071715323
AC135352.1	0.077354433
AC135371.1	0
AC135388.1	0
AC135457.1	0
AC135506.1	0.51390666
AC135507.1	0.67036569
AC135507.2	0
AC135584.1	0
AC135586.1	0.0272993
AC135586.2	0.027636328
AC135626.1	0
AC135628.1	0
AC135721.1	1.305816499
AC135731.1	0
AC135731.2	0
AC135776.1	0
AC135776.2	0
AC135776.3	0
AC135776.4	0
AC135782.1	0
AC135782.2	0.033198725
AC135782.3	0.029776338
AC135803.1	0.443746492
AC135895.1	0
AC135977.1	0.40849317
AC135983.1	0.014284228
AC135983.2	0.616661059
AC135983.3	0.127812382
AC135983.4	0.037249916
AC135983.5	0
AC135999.1	0
AC136188.1	0
AC136285.1	0
AC136285.2	0
AC136424.1	0
AC136424.2	0.055665357
AC136428.1	0.044899135
AC136428.2	0
AC136428.3	0
AC136443.1	0
AC136443.2	0
AC136443.3	0.046360349
AC136443.4	0
AC136443.5	0
AC136469.1	0.153324834
AC136469.2	0.060971977
AC136475.1	0.514852928
AC136475.10	0.651212384
AC136475.2	1.8787768
AC136475.3	8.891699327
AC136475.4	0
AC136475.5	0.454019206
AC136475.6	0.108441509
AC136475.7	0.15881552
AC136475.8	0
AC136475.9	1.071978132
AC136489.1	0.018167882
AC136601.1	0
AC136601.2	0
AC136603.1	0
AC136604.1	0
AC136604.2	0.406490182
AC136604.3	0.419897145
AC136618.1	0
AC136618.2	0
AC136619.1	0
AC136619.2	0
AC136621.1	0
AC136624.1	0
AC136624.2	0
AC136624.3	0
AC136628.1	0
AC136628.2	0
AC136628.3	2.863790668
AC136628.4	0
AC136632.1	2.306721532
AC136632.2	0.345791129
AC136698.1	0
AC136759.1	0
AC136777.1	0
AC136777.2	0
AC136896.1	0
AC136932.1	0
AC136944.1	0
AC136944.2	0
AC136944.3	0
AC136944.4	0
AC136944.5	0
AC137055.1	0.079340749
AC137056.1	0
AC137056.2	0
AC137499.1	0
AC137499.2	0
AC137527.1	0
AC137549.1	0
AC137579.1	0
AC137579.2	0
AC137590.1	0
AC137590.2	0
AC137627.1	0.054220754
AC137630.1	0.180342944
AC137630.2	0.332389654
AC137630.3	0
AC137630.4	0
AC137675.1	0
AC137695.1	0.032044577
AC137695.2	0.020782225
AC137723.1	0.176810133
AC137723.2	0.393713517
AC137735.1	0
AC137761.1	0
AC137761.2	0
AC137767.1	0.06279082
AC137768.1	0
AC137770.1	0.118262626
AC137800.1	0
AC137800.2	0
AC137803.1	0
AC137810.1	0.174108867
AC137834.1	0
AC137834.2	0
AC137894.1	0.257821174
AC137932.1	1.394218003
AC137932.2	0.092175282
AC137932.3	0.282570128
AC138024.1	0
AC138028.1	0.028006788
AC138028.2	0.153529395
AC138028.3	0
AC138028.4	2.539441518
AC138028.5	0
AC138028.6	0.528670648
AC138035.1	0.161983766
AC138035.2	0
AC138035.3	0
AC138057.1	0
AC138058.1	0.069798655
AC138089.1	0.016204548
AC138123.1	0.049121624
AC138123.2	0.039620222
AC138150.1	0.067542233
AC138150.2	0.22376024
AC138207.1	0.086255769
AC138207.2	2.070196889
AC138207.3	1.887927469
AC138207.4	0.367924215
AC138207.5	1.685748439
AC138207.6	0.037412968
AC138207.7	0.093831126
AC138207.8	1.883003206
AC138230.1	0.424783681
AC138304.1	0
AC138305.1	0.019274044
AC138305.2	0
AC138305.3	0.195872475
AC138331.1	0
AC138356.1	0.082630766
AC138356.2	1.550534734
AC138356.3	0.012760422
AC138360.1	0
AC138392.1	0.391319602
AC138393.1	0.940404064
AC138393.2	0.318491829
AC138393.3	0.218775539
AC138409.1	0.004355141
AC138409.2	0.30524032
AC138430.1	0
AC138430.2	0
AC138466.1	0.200381049
AC138466.2	0
AC138466.3	0
AC138466.4	0
AC138466.5	0.116359886
AC138470.1	0.181726703
AC138473.1	0.089371471
AC138474.1	0.20972961
AC138512.1	0.072211051
AC138517.1	0
AC138623.1	0
AC138625.1	0.064885292
AC138625.2	0
AC138627.1	0.062005984
AC138627.2	0
AC138645.1	0
AC138646.1	0
AC138647.1	0
AC138649.1	0.573285292
AC138649.2	0.177813311
AC138649.3	0
AC138649.4	0.109197199
AC138655.1	0.123384236
AC138696.1	0
AC138696.2	0.56214522
AC138701.1	0
AC138701.2	0
AC138749.1	0
AC138749.2	0
AC138749.3	0
AC138749.4	0
AC138749.5	0
AC138761.1	3.197536345
AC138761.2	0
AC138761.3	0
AC138761.4	0
AC138761.5	0
AC138761.6	0
AC138781.1	0.031029303
AC138811.1	0.173626571
AC138811.2	0
AC138819.1	0.07271368
AC138832.1	0.14091545
AC138853.1	0
AC138866.1	0.094586306
AC138866.2	0
AC138869.1	0
AC138869.2	0
AC138869.3	0
AC138894.1	0.027315162
AC138894.2	0
AC138894.3	0.02471577
AC138894.4	0
AC138904.1	0.037895521
AC138904.2	0
AC138907.1	0
AC138907.10	0
AC138907.2	0
AC138907.3	0
AC138907.4	0
AC138907.5	0
AC138907.6	0
AC138907.7	0
AC138907.8	0
AC138907.9	0
AC138915.1	0
AC138915.2	0
AC138915.3	0
AC138932.1	0.236308813
AC138932.2	0.010740095
AC138932.3	0.173010388
AC138932.4	0
AC138932.5	0.417490177
AC138938.1	0
AC138951.1	0.011672103
AC138951.2	0
AC138956.1	0.808362595
AC138956.2	1.068395318
AC138965.1	0
AC138965.2	0
AC138965.3	0
AC138969.1	0.021826995
AC138969.2	0.066263745
AC138969.3	0
AC138969.4	0
AC139085.1	0
AC139099.1	0.017908341
AC139099.2	0
AC139099.3	0
AC139099.4	0
AC139100.1	0.147430895
AC139100.2	0.639100522
AC139103.1	0.015213396
AC139143.1	0.038947302
AC139149.1	0.311103617
AC139256.1	0.018094455
AC139256.2	0.370760912
AC139272.1	0.024484059
AC139365.1	0
AC139365.2	0
AC139426.1	0
AC139426.2	0
AC139426.3	0
AC139451.1	0.047484236
AC139453.1	0.47127212
AC139453.2	0.169862309
AC139491.1	0
AC139491.2	0.040323721
AC139491.3	0
AC139491.4	0
AC139491.5	0
AC139493.1	0
AC139495.1	0.029207452
AC139495.2	0
AC139495.3	0.04944268
AC139497.1	0
AC139530.1	1.157203089
AC139530.2	0
AC139530.3	0
AC139697.1	0
AC139700.1	0
AC139712.1	0
AC139712.2	0
AC139712.3	0
AC139713.1	0
AC139713.2	0.187613406
AC139718.1	0
AC139718.2	0
AC139720.1	0
AC139720.2	0
AC139722.1	0
AC139749.1	0.118331324
AC139768.1	2.373154262
AC139769.1	2.813474569
AC139769.2	0.020519159
AC139769.3	0
AC139783.1	0
AC139783.2	0
AC139792.1	0.024219162
AC139792.2	0.026694715
AC139792.3	0
AC139795.1	0.945191836
AC139795.2	1.315511311
AC139795.3	0.202751545
AC139887.1	0.328737021
AC139887.2	0.616842842
AC139887.3	0
AC139887.4	0.45767143
AC140059.1	0
AC140063.1	0
AC140076.1	0.130219928
AC140113.1	0
AC140113.2	0
AC140113.3	0
AC140113.4	0
AC140118.1	0
AC140125.1	0
AC140125.2	0
AC140125.3	0
AC140134.1	0.221075028
AC140172.1	0
AC140479.1	0
AC140479.2	0.01001265
AC140479.3	0.041749018
AC140479.4	0.038748264
AC140481.1	0
AC140481.2	0
AC140504.1	0
AC140658.1	0
AC140658.2	0
AC140658.3	0
AC140658.4	0
AC140658.5	0
AC140658.6	0
AC140725.1	0
AC140725.2	0
AC140725.3	0
AC140847.1	0
AC140847.2	0.485067771
AC140847.3	0
AC140878.1	0
AC140912.1	0.05493356
AC141002.1	0.393149054
AC141257.1	0
AC141257.2	0
AC141273.1	0
AC141273.2	0
AC141273.3	0
AC141424.1	0.047376562
AC141557.1	1.566979799
AC141557.2	0.097529863
AC141586.1	0.375938447
AC141586.2	0.027394752
AC141586.3	0
AC141586.4	0.079693823
AC141586.5	0.076438039
AC141846.1	0
AC141928.1	0.162758123
AC141930.1	0.01993613
AC141930.2	0.02823387
AC142086.1	0
AC142086.2	0
AC142086.3	0
AC142086.4	0
AC142086.5	0
AC142086.6	0
AC142381.1	0.227098522
AC142381.2	0
AC142381.3	0.091471654
AC142381.4	0
AC142384.1	0
AC142391.1	0.046915563
AC142472.1	0.630032085
AC143336.1	0
AC144450.1	0.038195729
AC144521.1	0
AC144522.1	0
AC144530.1	3.331596691
AC144548.1	0.298156833
AC144568.1	0.228756175
AC144568.2	0
AC144652.1	0.704368998
AC144831.1	1.876127922
AC144833.1	0
AC144836.1	0.046087641
AC145098.1	0.866532608
AC145098.2	0.341773519
AC145124.1	0.402970558
AC145138.1	0.208857357
AC145141.1	0
AC145141.2	0
AC145146.1	0.036697419
AC145207.1	0
AC145207.2	0
AC145207.3	0
AC145207.4	0
AC145207.5	0.928970127
AC145207.6	0
AC145207.7	0.016356783
AC145207.8	0.91847839
AC145207.9	0.337503341
AC145285.1	0.316105435
AC145285.2	0.327285643
AC145285.3	0.116072578
AC145285.4	0
AC145285.5	0
AC145285.6	0.111999856
AC145285.7	0
AC145343.1	0.168751671
AC145350.1	0
AC145350.2	0
AC145350.3	0
AC145350.4	0
AC145422.1	0.20163343
AC145423.1	0.326454125
AC145423.2	0.524512067
AC145423.3	0.503312569
AC145543.1	0
AC145625.1	0
AC145676.1	0.078192605
AC146507.1	0.044264966
AC146507.2	0.065839487
AC146944.1	0
AC146944.2	0.042580973
AC146944.3	0
AC146944.4	0
AC146949.1	0
AC147055.1	0.020893064
AC147055.2	0
AC147055.3	0
AC147055.4	0
AC147067.1	2.949927429
AC147067.2	2.494154698
AC147651.1	0.321798476
AC147651.2	0.082184255
AC147651.3	0.149236171
AC147651.4	6.580886435
AC147876.1	0
AC148476.1	0.200039974
AC148477.1	0
AC148477.2	0
AC148477.3	0.008614512
AC148477.4	0
AC148477.5	0
AC148477.6	0
AC148477.7	0
AC148477.8	0
AC148477.9	0
AC152007.1	0
AC152010.1	0
AC156455.1	0.427902731
AC159540.1	0
AC159540.2	0.005109161
AC174048.1	0
AC174065.1	0.034329372
AC174071.1	0
AC187653.1	0
AC190387.1	0
AC209005.1	0
AC209007.1	0.105088064
AC209154.1	0
AC209154.2	0
AC211429.1	0
AC211433.1	0.022015874
AC211433.2	0.20245217
AC211433.3	0
AC211469.1	0
AC211469.2	0
AC211476.1	0.033482474
AC211476.2	0.22132483
AC211476.3	0
AC211476.4	0
AC211485.1	0
AC211486.1	0
AC211486.2	0
AC211486.3	0
AC211486.4	0
AC211486.5	0
AC215217.1	0
AC215219.1	3.509965759
AC215522.1	0
AC217774.1	0
AC217774.2	0
AC226101.1	0.020976972
AC226118.1	0.116829808
AC226119.1	0.091904974
AC226119.2	0.798272728
AC226150.1	0
AC231532.1	0
AC231532.2	0
AC231533.1	0.016940322
AC231533.2	0.144200595
AC231657.1	0.315764191
AC231657.2	0
AC231759.1	0
AC231760.1	0
AC231981.1	0.128704706
AC232271.1	0.554070205
AC232323.1	0
AC233263.1	0
AC233263.2	0
AC233263.6	0
AC233266.1	0
AC233266.2	0.356131773
AC233279.1	0.148177759
AC233280.1	0
AC233280.2	0.073223355
AC233289.1	0
AC233290.1	0
AC233290.2	0
AC233296.1	0.068651908
AC233300.1	0.345234228
AC233309.1	0
AC233699.1	0.013415923
AC233701.1	0
AC233702.1	0
AC233702.10	0
AC233702.2	0
AC233702.3	0
AC233702.4	0
AC233702.5	0
AC233702.6	0
AC233702.7	0
AC233702.8	0
AC233702.9	0
AC233723.1	0.58552626
AC233723.2	0.617565638
AC233724.1	0
AC233724.10	0
AC233724.11	0
AC233724.12	0
AC233724.13	0
AC233724.14	0
AC233724.2	0
AC233724.3	0
AC233724.4	0
AC233724.5	0
AC233724.6	0
AC233724.7	0
AC233724.8	0
AC233724.9	0
AC233728.1	0.143759615
AC233728.2	0
AC233964.1	0.043167488
AC233968.1	0.024107382
AC233976.1	0.382190195
AC233981.1	0
AC233981.2	0
AC233982.1	0
AC233992.1	0
AC233992.2	0.088363523
AC233992.3	0.096926586
AC234064.1	0
AC234582.1	2.022637073
AC234582.2	0
AC234644.1	0
AC234771.1	0
AC234771.2	0
AC234771.3	0
AC234771.4	0
AC234771.5	0
AC234772.1	0.033446741
AC234772.2	0.083572256
AC234772.3	0.207743534
AC234775.1	0
AC234775.2	0.043721535
AC234775.3	0.501624631
AC234778.1	0
AC234778.2	0.044264966
AC234779.1	0
AC234781.1	0.018210108
AC234781.2	0.141879459
AC234781.3	0.225464719
AC234781.4	0
AC234781.5	0
AC234782.1	0
AC234782.2	0.274908737
AC234782.3	0
AC234782.4	0.029904195
AC234782.5	0
AC234783.1	0.126369339
AC234791.1	0
AC234917.1	0
AC235097.1	0
AC235565.1	0
AC236430.1	0.021089903
AC236972.1	0
AC236972.2	0
AC236972.3	2.849054181
AC236972.4	0
AC237221.1	0
AC237221.2	0
AC239367.1	0
AC239367.2	0
AC239367.3	0.115502197
AC239584.1	0.021406828
AC239585.1	0
AC239585.2	0
AC239600.1	0.101751935
AC239600.2	0.026900941
AC239727.1	0
AC239798.1	0
AC239798.2	0
AC239798.3	0
AC239798.4	0.089541703
AC239799.1	0
AC239799.2	0
AC239800.1	0
AC239800.2	0.017573605
AC239800.3	0
AC239800.4	0
AC239801.1	0
AC239802.1	0
AC239802.2	0.226278671
AC239803.1	0.134597877
AC239803.2	0.005570493
AC239803.3	0.145765563
AC239803.4	0.159895898
AC239804.1	0
AC239804.2	0
AC239809.1	0
AC239809.2	0
AC239809.3	0.023043821
AC239859.1	0
AC239859.2	0
AC239859.3	0.076812735
AC239859.4	0
AC239859.5	0
AC239859.6	0.809238394
AC239860.1	0.024676847
AC239860.2	0
AC239868.1	0.269989893
AC239868.2	0
AC239868.3	0
AC240442.1	0
AC240504.1	0
AC240565.1	0
AC240565.2	0.097188633
AC241377.1	0
AC241377.2	0.056671964
AC241377.3	0.158426266
AC241520.1	0.028516466
AC241584.1	0.050507004
AC241585.1	1.992691074
AC241585.2	0.416584788
AC241585.3	0.072011939
AC241644.1	0.105402229
AC241644.2	0
AC241644.3	0
AC241952.1	0.958346015
AC242376.1	0
AC242376.2	1.259972432
AC242426.1	0
AC242426.2	0.506734761
AC242426.3	0
AC242498.1	0
AC242842.1	1.332108107
AC242843.1	0
AC242852.1	0
AC242852.2	0
AC242988.1	0.021946496
AC243312.1	0.069643547
AC243312.2	0
AC243428.1	0.118710591
AC243547.1	0
AC243547.2	0
AC243547.3	0
AC243562.1	0.120846771
AC243562.2	0.936956993
AC243562.3	0
AC243571.1	0.032782004
AC243571.2	0.057241271
AC243585.1	0
AC243585.2	0
AC243591.1	0
AC243654.1	0.106961078
AC243654.2	0
AC243654.3	0.063958359
AC243732.1	0.217636083
AC243756.1	0.079846104
AC243772.1	0
AC243772.2	0
AC243772.3	0.03438873
AC243773.1	0
AC243773.2	0
AC243829.1	0
AC243829.2	0.154129161
AC243829.3	0
AC243829.4	1.589024064
AC243829.5	0
AC243829.6	0
AC243830.1	0.068878233
AC243830.2	0.099490781
AC243830.3	0.125024984
AC243836.1	0.214654767
AC243919.1	0.199615261
AC243960.1	1.09906222
AC243960.2	0.167815775
AC243960.3	2.878456185
AC243960.4	0
AC243960.5	0
AC243960.7	0.022163788
AC243961.1	0
AC243962.1	0.054127109
AC243964.1	0
AC243964.2	0.950354462
AC243964.3	7.278574808
AC243965.1	0.020063762
AC243965.2	0.052799769
AC243967.1	0
AC243967.2	0.994907809
AC243967.3	0
AC243972.1	0
AC243972.2	0
AC243972.3	0
AC243994.1	0
AC244015.1	0
AC244015.2	0
AC244021.1	0
AC244021.2	0.059243093
AC244023.1	0
AC244033.1	0
AC244034.1	0.158280788
AC244034.2	0.030785458
AC244034.3	0.019993363
AC244035.1	0
AC244035.2	0
AC244090.1	13.96655908
AC244090.2	0
AC244090.3	0.158280788
AC244093.1	0.038500732
AC244093.2	0.029904195
AC244093.3	0.038126029
AC244093.4	0.088280552
AC244093.5	0.109121156
AC244097.1	0
AC244098.1	0
AC244098.2	0
AC244098.3	0
AC244100.1	0
AC244100.2	0.01189509
AC244100.3	0.008165606
AC244100.4	0
AC244102.1	0
AC244102.2	0
AC244107.1	0
AC244107.2	0
AC244131.1	0
AC244131.2	0
AC244153.1	4.469910325
AC244154.1	0.20154081
AC244157.1	0
AC244157.2	0.12461072
AC244197.1	0
AC244197.2	1.267937853
AC244197.3	0.974925517
AC244205.1	0.050170111
AC244230.1	0.046497917
AC244250.1	0
AC244250.2	0
AC244250.3	0
AC244255.1	0
AC244394.1	0.178814512
AC244394.2	0
AC244452.1	0
AC244453.1	0
AC244453.2	0.075186725
AC244453.3	0.170694967
AC244502.1	0.104974286
AC244502.2	0
AC244502.3	0
AC244505.1	0
AC244505.2	0
AC244505.3	0
AC244505.4	0
AC244505.5	0
AC244505.6	0
AC244505.7	0
AC244517.1	0.127702093
AC244517.10	0
AC244517.11	0.010255103
AC244517.12	0.023634688
AC244517.2	0
AC244517.3	0.063440478
AC244517.4	0
AC244517.5	0.036913541
AC244517.6	0.099333109
AC244517.7	0.078742703
AC244517.8	0
AC244517.9	0
AC244636.1	0
AC244636.2	0
AC244669.1	2.717796942
AC244669.2	0.128591543
AC244670.1	0
AC245008.1	0.032919744
AC245014.1	0
AC245014.2	0
AC245014.3	0.270947516
AC245028.1	0.061210148
AC245028.2	0
AC245028.3	0
AC245033.1	0
AC245033.2	0.074440846
AC245033.3	0.489681187
AC245036.1	0
AC245036.2	0
AC245036.3	0.107327384
AC245036.4	0
AC245036.5	0
AC245041.1	3.870022749
AC245041.2	3.950796251
AC245047.1	0
AC245047.2	0
AC245047.3	0
AC245047.4	0
AC245047.5	0
AC245047.6	0
AC245047.7	0
AC245047.8	0
AC245052.1	0.038219019
AC245052.2	0.095839743
AC245052.3	0.382614379
AC245052.4	0.158280788
AC245052.5	0.048289054
AC245052.6	0
AC245052.7	0.130945387
AC245054.1	0
AC245054.2	0.049121624
AC245056.1	0
AC245060.1	0
AC245060.2	0.239233557
AC245060.3	0
AC245060.4	6.304263064
AC245060.5	0.176065146
AC245060.6	0.06513574
AC245088.1	0
AC245088.2	0
AC245096.1	0
AC245100.1	0.023545902
AC245100.2	0.102660976
AC245100.3	0
AC245100.4	0.39174495
AC245100.5	0
AC245100.6	0
AC245100.7	0.21271219
AC245100.8	1.095997213
AC245102.1	0
AC245102.2	0
AC245123.1	0
AC245128.1	0.036328743
AC245128.2	0
AC245128.3	0.565621051
AC245140.1	0.091904974
AC245140.2	0.840463637
AC245164.1	0
AC245177.1	0
AC245187.1	0
AC245291.1	0
AC245291.2	0
AC245291.3	0.160991075
AC245297.1	5.340831471
AC245297.2	0.305075713
AC245297.3	2.578276304
AC245389.1	0
AC245389.2	0
AC245407.1	0.406128674
AC245407.2	0.03704444
AC245407.3	0
AC245427.1	0
AC245452.1	0.101010005
AC245452.2	0.119921923
AC245452.3	0
AC245452.4	0
AC245452.5	0
AC245505.1	0
AC245505.2	0
AC245505.3	0
AC245517.1	0
AC245517.2	0
AC245517.3	0
AC245517.4	0
AC245517.5	0.096727148
AC245519.1	0.030605074
AC245595.1	0.186767557
AC245595.2	0
AC245748.1	0
AC245748.2	0
AC245748.3	0
AC245884.1	0
AC245884.10	0.092995834
AC245884.11	0.117478301
AC245884.12	2.390308169
AC245884.2	0.193933143
AC245884.3	0.79067788
AC245884.4	0
AC245884.5	0
AC245884.6	0.014685846
AC245884.7	0
AC245884.8	0.587617425
AC245884.9	0
AC246680.1	0
AC246785.1	0
AC246785.2	0.030545415
AC246785.3	0.149711446
AC246785.4	0
AC246787.1	6.372884352
AC246787.2	0.032308862
AC246793.1	0.010073801
AC246817.1	0.025688193
AC246817.2	0.009360692
AC247036.1	0.040282257
AC253536.1	0.04974539
AC253536.2	0
AC253536.3	0.898626408
AC253536.4	0
AC253536.5	1.716000933
AC253536.6	0.543597819
AC253576.1	0.013555189
AC253576.2	0.108067572
AC254562.1	0.137454368
AC254562.2	0.140957703
AC254562.3	0.37249916
AC254629.1	0
AC254633.1	0.454197043
ACAA1	7.303457776
ACAA2	17.58835962
ACACA	3.760847889
ACACB	2.420959483
ACAD10	1.647513192
ACAD11	0.157416018
ACAD8	3.383400766
ACAD9	7.130536688
ACADL	8.669692023
ACADM	11.96120269
ACADS	10.62800498
ACADSB	8.342194615
ACADVL	40.26477795
ACAN	0.034477003
ACAP1	2.316368198
ACAP2	4.848363474
ACAP2-IT1	1.021943347
ACAP3	2.609557686
ACAT1	15.00753576
ACAT2	15.76821264
ACBD3	17.04057686
ACBD3-AS1	1.43517776
ACBD4	3.444367673
ACBD5	7.858201144
ACBD6	3.600382233
ACBD7	0.104604793
ACCS	4.271136151
ACCSL	0
ACD	4.429161022
ACE	8.63384327
ACE2	0.391146257
ACE3P	0
ACER1	0.010844151
ACER2	0.840203646
ACER3	7.044170029
ACHE	0.97017511
ACIN1	12.6906443
ACKR1	38.30395065
ACKR2	0.260733519
ACKR3	15.30893462
ACKR4	3.205655991
ACLY	16.83819965
ACMSD	0.286951417
ACO1	8.302607726
ACO2	12.82744166
ACOD1	0.122364063
ACOT1	4.262770499
ACOT11	0.24383797
ACOT12	0.006411538
ACOT13	8.187950886
ACOT2	10.81104742
ACOT4	4.743397784
ACOT6	0.092720698
ACOT7	6.170647901
ACOT8	5.292694646
ACOT9	13.38423095
ACOX1	8.704210264
ACOX2	3.008893577
ACOX3	4.094682003
ACOXL	2.710245207
ACOXL-AS1	0.452013404
ACP1	16.58889191
ACP2	7.511068499
ACP4	0.058165546
ACP5	114.945263
ACP6	0.759906592
ACP7	0.070607394
ACPP	1.894726349
ACR	0.433792368
ACRBP	1.377928068
ACRV1	0.021251986
ACSBG1	0.068543466
ACSBG2	0.059097004
ACSF2	9.076967684
ACSF3	1.670870196
ACSL1	31.36203841
ACSL3	9.423522164
ACSL4	49.47650169
ACSL5	21.84745679
ACSL6	0.129396407
ACSM1	0.436636656
ACSM2A	0.017213253
ACSM2B	0.011524735
ACSM3	1.708813307
ACSM4	0.031630597
ACSM5	0.632643876
ACSM5P1	0.006427317
ACSM6	0.027912002
ACSS1	3.991822892
ACSS2	14.32251546
ACSS3	2.290041103
ACTA1	0.167703524
ACTA2	107.0484812
ACTA2-AS1	1.275047967
ACTB	1583.977873
ACTBL2	0.050475369
ACTBP1	0.028157768
ACTBP11	0.069581696
ACTBP12	0.036654498
ACTBP13	0.006762968
ACTBP14	0
ACTBP2	0.12558164
ACTBP6	0
ACTBP7	0.013941101
ACTBP8	0.098996919
ACTBP9	0.057032932
ACTC1	0.077690311
ACTG1	842.994062
ACTG1P1	0.263707849
ACTG1P10	0.072411266
ACTG1P11	0.027857419
ACTG1P12	0
ACTG1P13	0
ACTG1P14	0.195523326
ACTG1P15	0.058964433
ACTG1P16	0
ACTG1P17	0.179425168
ACTG1P18	0
ACTG1P19	0
ACTG1P2	0.027857419
ACTG1P20	0.837061859
ACTG1P21	0.015669798
ACTG1P22	0.009212109
ACTG1P23	0.218851927
ACTG1P24	0.017867501
ACTG1P3	0.253192427
ACTG1P4	0
ACTG1P9	0.005895334
ACTG2	22.4952676
ACTL10	0.293615544
ACTL6A	11.10743504
ACTL6B	0
ACTL7A	0
ACTL7B	0.006586716
ACTL8	0
ACTL9	0
ACTN1	10.13980153
ACTN1-AS1	0.066964949
ACTN2	1.445135077
ACTN3	0.022277222
ACTN4	61.08343196
ACTN4P1	0.043197238
ACTN4P2	0
ACTP1	0.040913311
ACTR10	19.91410574
ACTR1A	28.19622075
ACTR1B	29.16142905
ACTR2	51.19449531
ACTR3	22.21134367
ACTR3B	0.616491057
ACTR3BP1	0
ACTR3BP2	0
ACTR3BP3	0
ACTR3BP4	0
ACTR3BP5	0
ACTR3BP6	0
ACTR3C	0.827151876
ACTR3P2	0
ACTR3P3	0
ACTR5	3.097305101
ACTR6	7.158874405
ACTR6P1	0
ACTR8	3.241096929
ACTRT1	0
ACTRT2	0
ACTRT3	1.023812238
ACVR1	6.888427489
ACVR1B	8.179138847
ACVR1C	0.081799924
ACVR2A	1.770664027
ACVR2B	0.235883011
ACVR2B-AS1	0.224121068
ACVRL1	47.60012049
ACY1	0.849078856
ACY3	0.168751671
ACYP1	3.336534934
ACYP2	3.601780723
AD000091.1	0
AD000671.1	0.060442808
AD000671.2	0.008140155
AD000671.3	0.053768915
AD000813.1	0
AD000864.1	0.600846285
AD001527.1	2.025910559
AD001527.2	0
ADA	2.620790197
ADA2	11.66049106
ADAD1	0.017417338
ADAD1P2	0
ADAD2	0.007623351
ADAL	1.233195015
ADAM10	6.154330607
ADAM11	0.114977553
ADAM12	0.185939794
ADAM15	14.22276926
ADAM17	12.71904747
ADAM18	0
ADAM19	2.257720116
ADAM1A	0
ADAM1B	0.305561061
ADAM2	0
ADAM20	0.072882781
ADAM20P1	0.160106703
ADAM20P2	0
ADAM20P3	0
ADAM21	0.035372005
ADAM21P1	0
ADAM22	0.322413255
ADAM23	0.412427326
ADAM24P	0
ADAM28	0.49266609
ADAM29	0.073653575
ADAM30	0
ADAM32	0.084246226
ADAM33	1.995656481
ADAM3A	0
ADAM3B	0.018654521
ADAM5	0
ADAM6	0
ADAM7	0
ADAM8	2.802861357
ADAM9	15.14392021
ADAMDEC1	0.1156917
ADAMTS1	28.78601571
ADAMTS10	2.428914856
ADAMTS12	0.6233945
ADAMTS13	0.431001802
ADAMTS14	0.151671987
ADAMTS15	1.080008993
ADAMTS16	0.090870396
ADAMTS17	0.36123048
ADAMTS18	0.016425365
ADAMTS19	0.008692565
ADAMTS19-AS1	0
ADAMTS2	1.532937179
ADAMTS20	0
ADAMTS3	0.345044906
ADAMTS4	7.833382663
ADAMTS5	0.299345743
ADAMTS6	0.246926897
ADAMTS7	0.820992004
ADAMTS7P1	0.070714986
ADAMTS7P3	5.199637599
ADAMTS7P4	0.170447404
ADAMTS8	8.629994871
ADAMTS9	2.824378384
ADAMTS9-AS1	1.467986544
ADAMTS9-AS2	0.699854086
ADAMTSL1	0.48774804
ADAMTSL2	2.566402665
ADAMTSL3	1.707709172
ADAMTSL4	10.760805
ADAMTSL4-AS1	1.183302823
ADAMTSL5	0.268007579
ADAP1	1.23822979
ADAP2	3.480784461
ADAR	20.38423937
ADARB1	4.512188136
ADARB2	0.207181767
ADARB2-AS1	0.055714837
ADAT1	2.871282646
ADAT2	1.445770909
ADAT3	0.301207561
ADCK1	1.158215274
ADCK2	7.504074219
ADCK5	1.588695785
ADCY1	0.150559774
ADCY10	0.015315
ADCY10P1	1.102699598
ADCY2	0.021443446
ADCY3	5.162911323
ADCY4	5.091178944
ADCY5	1.024285229
ADCY6	4.205319152
ADCY7	1.8375244
ADCY8	0.862220054
ADCY9	4.414411136
ADCYAP1	0.469476208
ADCYAP1R1	0.653672779
ADD1	16.21858765
ADD2	0.168160067
ADD3	14.3617855
ADD3-AS1	0.060890744
ADGB	0.064509653
ADGRA1	0.040963642
ADGRA1-AS1	0
ADGRA2	2.940445028
ADGRA3	1.36877803
ADGRB1	0.157635271
ADGRB2	0.066671394
ADGRB3	0.137623804
ADGRD1	4.288486637
ADGRD1-AS1	2.171929714
ADGRD2	0.002825423
ADGRE1	4.180585437
ADGRE2	0.85418755
ADGRE3	3.568096406
ADGRE4P	1.016299905
ADGRE5	47.10547413
ADGRF1	0.993182906
ADGRF2	0.007350961
ADGRF3	0.122399047
ADGRF4	0.027725977
ADGRF5	51.52182453
ADGRF5P1	0.115760764
ADGRF5P2	0.132234582
ADGRG1	8.655577296
ADGRG2	0.203684228
ADGRG3	2.263415266
ADGRG4	0.041997672
ADGRG5	0.377553233
ADGRG6	5.019217722
ADGRG7	0
ADGRL1	2.372533336
ADGRL2	17.37743009
ADGRL3	0.443294757
ADGRL3-AS1	0
ADGRL4	14.54576655
ADGRV1	0.462112005
ADH1A	0.256768169
ADH1B	63.66155669
ADH1C	1.103625558
ADH4	0.019164042
ADH5	39.64143307
ADH5P2	0
ADH5P3	0.013781704
ADH5P4	0.098818546
ADH6	0.113936273
ADH7	0.02016705
ADHFE1	2.937564797
ADI1	26.83875653
ADI1P1	0
ADI1P2	0
ADI1P3	0
ADIG	0
ADIPOQ	0
ADIPOQ-AS1	0
ADIPOR1	44.15320155
ADIPOR1P1	0
ADIPOR1P2	0
ADIPOR2	22.75826224
ADIRF	0
ADIRF-AS1	2.715225957
ADK	21.12273021
ADM	11.51309293
ADM2	0.26751526
ADM5	1.495836363
ADNP	10.70618312
ADNP2	5.437762922
ADNP-AS1	1.386109423
ADO	6.99027658
ADORA1	0.377630541
ADORA2A	0.175645243
ADORA2A-AS1	0.233587051
ADORA2B	2.794887529
ADORA2BP1	0.055830634
ADPGK	18.77680903
ADPGK-AS1	0.194748923
ADPRH	7.660035596
ADPRHL1	0.494550477
ADPRHL2	23.95562643
ADPRM	5.12653885
ADRA1A	0.187565981
ADRA1B	0.315559798
ADRA1D	0.438080374
ADRA2A	0.63181295
ADRA2B	0.199881731
ADRA2C	1.093074481
ADRB1	9.078926072
ADRB2	14.29533416
ADRB3	0.021247184
ADRM1	33.81223451
ADSL	9.632251537
ADSS	12.53241891
ADSSL1	0.558957296
ADTRP	8.25024304
AEBP1	29.01521626
AEBP2	4.604135716
AEN	5.824748772
AES	65.07787189
AF001548.1	0.056981084
AF001548.2	1.04965154
AF001548.3	0.215763139
AF001550.1	0
AF003529.1	0
AF013593.1	0
AF015262.1	0
AF015720.1	0
AF038458.1	0
AF038458.2	0
AF038458.3	0.031339596
AF064858.1	2.275006083
AF064858.2	1.609910753
AF064858.3	2.370480247
AF064860.1	0
AF064860.2	0
AF067845.1	0
AF067845.2	0
AF096876.1	0
AF099810.1	0
AF106564.1	0.006137798
AF107885.1	0.016356783
AF107885.2	0
AF111167.1	0.071715323
AF111167.2	0.934242699
AF111169.1	0
AF111169.2	0.020727246
AF111169.3	0.886969698
AF117829.1	1.032644086
AF117829.2	0
AF121897.1	0
AF121898.1	0
AF123462.1	0
AF124730.1	0.047919872
AF127577.1	0
AF127577.2	0.03803349
AF127577.3	0
AF127577.4	0.375292851
AF127577.5	0
AF127577.6	0
AF127936.1	0.067639416
AF127936.2	0.016822113
AF129075.1	1.045968884
AF129075.2	0.246380472
AF129408.1	0
AF130359.1	0
AF130417.1	0
AF131215.1	0
AF131215.2	0
AF131215.3	0
AF131215.4	0.072003667
AF131215.5	2.149647378
AF131215.6	1.898426371
AF131215.7	0.664913635
AF131216.1	0.077599751
AF131216.2	0
AF131216.3	0
AF131216.4	0.099871243
AF146191.1	0
AF165147.1	0.052776417
AF178030.1	0
AF181450.1	0
AF186190.1	0
AF186192.1	0.273947517
AF186192.2	0.634253728
AF186192.3	0.264748435
AF186996.1	0
AF186996.2	0.315499288
AF186996.3	0
AF196972.1	0.383946046
AF201337.1	1.780658863
AF212831.1	0
AF213884.1	0
AF213884.2	0
AF213884.3	0
AF228730.1	0
AF228730.2	0.085627311
AF228730.3	0
AF230666.1	0.327554779
AF230666.2	0
AF233439.1	0.01093496
AF233439.2	0
AF235103.1	0
AF235103.2	0
AF238378.1	0
AF240627.1	0
AF241725.1	0
AF241726.1	0
AF241726.2	0
AF241728.1	0.053117959
AF246928.1	0
AF250324.1	0
AF254982.1	0
AF254983.1	0
AF254983.2	0
AF274573.1	0
AF274854.1	0
AF274855.1	0
AF274858.1	0.955718302
AF279873.1	0.050063252
AF279873.2	0.021061556
AF279873.3	0
AF279873.4	0
AF287957.1	0.108067572
AF305872.1	0
AFAP1	1.761212847
AFAP1-AS1	0.064570176
AFAP1L1	11.12917447
AFAP1L2	2.658100126
AFDN	10.69589346
AFDN-DT	0.457754471
AFF1	5.277771336
AFF2	0.335637541
AFF2-IT1	0
AFF3	2.769311085
AFF4	9.649887992
AFG1L	0.574868329
AFG3L1P	1.778716054
AFG3L2	4.298312644
AFG3L2P1	0
AFM	0
AFMID	9.038779228
AFP	0
AFTPH	7.124364546
AGA	9.999381374
AGAP1	1.475878945
AGAP10P	0.051843831
AGAP11	0.376726787
AGAP12P	0.20893064
AGAP13P	0.302172413
AGAP14P	0
AGAP1-IT1	2.359909336
AGAP2	0.600892967
AGAP2-AS1	2.925028959
AGAP3	5.727032769
AGAP4	0.667567675
AGAP5	0.140852117
AGAP6	3.639756876
AGAP7P	0.03039728
AGAP9	1.52406392
AGBL1	0.100623338
AGBL1-AS1	0.03853229
AGBL2	0.120031281
AGBL3	0.67122578
AGBL4	0.029399246
AGBL4-IT1	0
AGBL5	4.549965952
AGBL5-AS1	0.077001464
AGBL5-IT1	1.571602159
AGER	1059.857757
AGFG1	10.9256536
AGFG2	2.508655137
AGGF1	4.392879422
AGGF1P1	0.030235983
AGGF1P2	0
AGGF1P3	0.012918218
AGGF1P4	0
AGGF1P5	0
AGGF1P6	0
AGGF1P7	0
AGGF1P8	0
AGGF1P9	0
AGK	3.425000906
AGKP1	0
AGL	2.796187572
AGMAT	0.169233818
AGMO	0.043684968
AGO1	1.500584411
AGO2	4.13097561
AGO3	1.217631165
AGO4	4.685629701
AGPAT1	9.85242325
AGPAT2	56.98821417
AGPAT3	4.172694083
AGPAT4	2.894865178
AGPAT4-IT1	1.410114942
AGPAT5	3.104520183
AGPAT5P1	0
AGPS	6.241538423
AGR2	36.89700413
AGR3	210.3400212
AGRN	7.010479433
AGRP	11.28061374
AGT	2.222908925
AGTPBP1	7.617571367
AGTR1	2.581596967
AGTR2	17.46404967
AGTRAP	21.35211078
AGXT	0.028113564
AGXT2	0.00793006
AHCTF1	3.016872337
AHCY	26.51873877
AHCYL1	27.63437679
AHCYL2	26.0797717
AHCYP2	0.060268454
AHCYP3	0
AHCYP4	0
AHCYP5	0
AHCYP7	0
AHCYP8	0
AHDC1	1.685866209
AHI1	2.691137048
AHNAK	86.84521643
AHNAK2	0.646960388
AHR	44.36992343
AHRR	0.295926115
AHSA1	23.398389
AHSA2P	5.339172402
AHSG	0
AHSP	0.669172868
AICDA	0.025152164
AIDA	5.916903874
AIF1	57.22669173
AIF1L	8.081818818
AIFM1	5.408118424
AIFM1P1	0
AIFM2	2.758616823
AIFM3	0.30753538
AIG1	6.915444427
AIG1P1	0
AIM2	1.138770785
AIMP1	17.90632265
AIMP1P1	0
AIMP1P2	0
AIMP2	5.507448044
AIP	56.94633905
AIPL1	0.023593171
AIRE	0.003349679
AIRN	0
AJ003147.1	0
AJ003147.2	0
AJ003147.3	0.27078323
AJ006995.1	0
AJ009632.1	0
AJ009632.2	0.07834899
AJ011931.1	0.006288041
AJ011932.1	0.471778864
AJ239318.1	0
AJ239321.1	0
AJ239322.1	0.021280848
AJ239322.2	0
AJ239328.1	0.022818512
AJ271736.1	0
AJAP1	0.193267158
AJM1	0.40004955
AJUBA	2.830470285
AK1	11.88013931
AK2	22.29669702
AK2P2	0.038690859
AK3	21.68884599
AK3P2	0.036526336
AK3P3	0.377585494
AK3P4	0
AK3P5	0.090576867
AK4	0.250203953
AK4P1	0.046985901
AK4P2	0
AK4P3	0.023422717
AK4P4	0
AK4P5	0
AK4P6	0
AK5	0.052089226
AK6	10.14695522
AK6P1	0.032782004
AK6P2	0
AK7	0.614133255
AK8	0.470495582
AK9	0.598984158
AKAIN1	0.044078194
AKAP1	6.730554093
AKAP10	5.110138331
AKAP11	4.768862918
AKAP12	26.77543792
AKAP13	9.988337212
AKAP14	0.549112579
AKAP17A	9.86716605
AKAP17BP	0.051867665
AKAP2	0.261096863
AKAP3	0.217873418
AKAP4	0.0206046
AKAP5	0.992921172
AKAP6	0.32056909
AKAP7	3.1596361
AKAP8	8.389323879
AKAP8L	4.792534163
AKAP8P1	0
AKAP9	3.314665671
AKIP1	6.710761315
AKIRIN1	45.88318085
AKIRIN1P1	0.028804776
AKIRIN1P2	0
AKIRIN2	31.46501708
AKIRIN2P1	0
AKNA	4.177233198
AKNAD1	0.047822374
AKR1A1	37.23899126
AKR1B1	25.58115929
AKR1B10	0.017969952
AKR1B10P1	0
AKR1B10P2	0
AKR1B15	0.009425442
AKR1B1P1	0
AKR1B1P2	0
AKR1B1P3	0
AKR1B1P4	0
AKR1B1P6	0
AKR1B1P7	0.03302381
AKR1B1P8	0
AKR1C1	3.845610375
AKR1C2	1.837455053
AKR1C3	12.13334303
AKR1C4	0.016373875
AKR1C5P	0.077191123
AKR1C6P	0
AKR1C7P	0.577769088
AKR1C8P	0.035260572
AKR1D1	0.025331067
AKR1D1P1	0.016741237
AKR1E2	0.777979214
AKR7A2	20.6144507
AKR7A2P1	0.017125462
AKR7A3	0.247417863
AKR7L	0.101898975
AKT1	8.438555433
AKT1S1	3.892184442
AKT2	4.242883115
AKT3	4.106396667
AKT3-IT1	0
AKTIP	7.705371639
AL008582.1	0.496328443
AL008626.1	0
AL008627.1	0.193454296
AL008628.1	0.024167801
AL008629.1	0
AL008635.1	0.325606192
AL008636.1	0.015392729
AL008638.1	0
AL008638.2	0
AL008638.3	0.00604778
AL008638.4	0
AL008638.5	0
AL008638.6	0
AL008707.1	0.029344191
AL008718.1	0.032176177
AL008718.2	0.011934347
AL008718.3	0.09763114
AL008719.1	0
AL008721.1	0
AL008721.2	0.409067715
AL008723.1	0.159353878
AL008723.2	0
AL008723.3	0.209395964
AL008726.1	0.082617564
AL008727.1	0.029828296
AL008729.1	0.382312888
AL008729.2	0
AL008733.1	0.768454912
AL008987.1	0
AL009028.1	0
AL009048.1	0
AL009050.1	0
AL009172.1	0
AL009174.1	1.167701293
AL009176.1	0.289288578
AL009178.1	0.010544952
AL009178.2	0.109498405
AL009181.1	0.072211051
AL009183.1	0
AL020989.1	0
AL020991.1	0
AL020993.1	0.369321838
AL020994.1	0
AL020994.2	0
AL020994.3	0
AL020995.1	0.027981782
AL020996.1	0.14025956
AL020996.2	0
AL020996.3	0
AL020997.1	0.448991347
AL020997.2	0.596133619
AL020997.3	1.091211559
AL020998.1	0.205281196
AL021026.1	0.078742703
AL021068.1	0.636424287
AL021068.2	1.723677779
AL021153.1	0
AL021154.1	0.137454368
AL021155.1	0
AL021328.1	0.188084597
AL021331.1	0.080772155
AL021368.1	0
AL021368.2	0.365979961
AL021368.3	0.37954528
AL021391.1	0.086255769
AL021392.1	0.239111872
AL021393.1	0
AL021395.1	0
AL021396.1	0.006830775
AL021397.1	0
AL021407.1	0.365357984
AL021407.2	0
AL021407.3	0.483635741
AL021408.1	0.126030547
AL021408.2	0
AL021453.1	0.513763869
AL021546.1	0
AL021578.1	3.447797584
AL021707.1	0.971527476
AL021707.2	0.251986031
AL021707.3	1.90297357
AL021707.4	0.496847253
AL021707.5	0.20394531
AL021707.6	6.223239529
AL021707.7	1.280704644
AL021707.8	1.19878236
AL021807.1	0.138670779
AL021808.1	0
AL021877.1	0
AL021877.2	0
AL021878.2	0.785453534
AL021879.1	0
AL021918.1	0.132794898
AL021918.2	0
AL021920.1	0
AL021920.2	0
AL021921.1	0
AL021937.1	0.140806914
AL021937.2	0.545714358
AL021937.3	0
AL021937.4	0.247046365
AL021939.1	0
AL021940.1	0
AL021997.1	0.081190663
AL021997.2	0.057822133
AL021997.3	0.084397476
AL022067.1	0.241604815
AL022068.1	0.286019781
AL022069.1	0.019156232
AL022069.2	0.061450188
AL022097.1	0.038882873
AL022099.1	0
AL022100.1	0
AL022154.1	0
AL022157.1	0.23563606
AL022161.1	0
AL022163.1	0
AL022237.1	0
AL022238.1	0.088280552
AL022238.2	0.087736831
AL022238.3	0.495208063
AL022310.1	0.022709852
AL022311.1	0.141234788
AL022313.1	0.035292338
AL022313.2	0.210615564
AL022313.3	0
AL022313.4	0
AL022314.1	0.101313349
AL022315.1	0.125861831
AL022316.1	0.136973759
AL022318.1	0
AL022318.2	0
AL022319.1	0
AL022322.1	0.448333369
AL022322.2	0.009218884
AL022323.1	0.654954984
AL022323.2	0.010446532
AL022323.3	0.011633109
AL022323.4	0.026275576
AL022323.5	0
AL022324.1	0.141808127
AL022324.2	0.421879177
AL022324.3	0
AL022326.1	0
AL022326.2	0.115786685
AL022328.1	0.885114113
AL022328.2	2.228049402
AL022328.3	0.530788445
AL022328.4	0.422661884
AL022329.1	0
AL022329.2	0.023742118
AL022329.3	0
AL022331.1	0.03285073
AL022332.1	0
AL022334.1	0
AL022334.2	0.356131773
AL022337.1	0
AL022341.1	0.241693542
AL022341.2	0.055292159
AL022342.1	0
AL022344.1	0
AL022344.2	0.178065886
AL022345.1	0.171254623
AL022345.2	0
AL022345.3	0.068727184
AL022393.1	0.168191034
AL022394.1	0.107327384
AL022396.1	0
AL022400.1	0
AL022401.1	0
AL022476.1	0.218158493
AL022578.1	0
AL022718.1	0.186545214
AL022721.1	0.031029303
AL022722.1	0.026924052
AL022722.2	0.2611633
AL022724.1	0.113139336
AL022725.1	0.042465577
AL023280.1	0
AL023284.1	0
AL023284.2	0.027063554
AL023284.3	0
AL023284.4	2.849054181
AL023495.1	0
AL023581.1	0.034439116
AL023581.2	0.198711206
AL023583.1	0.233059113
AL023584.1	0
AL023584.2	1.552862864
AL023653.1	0.76906984
AL023693.1	0
AL023754.1	0.01465837
AL023755.1	0.017060205
AL023773.1	0
AL023773.2	0
AL023775.1	0
AL023802.1	0.00415094
AL023803.1	0.335182845
AL023803.2	0.294729743
AL023803.3	0
AL023806.1	0.218559948
AL023806.2	0
AL023806.3	0.045353974
AL023807.1	0.130945387
AL023881.1	0.156177389
AL023973.1	0
AL024474.1	0
AL024474.2	0
AL024493.1	0
AL024497.1	0.595998656
AL024497.2	0.692041552
AL024498.1	0.02130496
AL024498.2	0.019722842
AL024507.1	0
AL024507.2	0.121754452
AL024508.1	0.186175818
AL024508.2	0.148920995
AL024509.1	0
AL024509.2	0
AL030996.1	0.133359983
AL031003.1	0
AL031005.1	0.303426241
AL031008.1	0.202751545
AL031009.1	0.157990631
AL031055.1	0.148999664
AL031056.1	0
AL031058.1	0.264692534
AL031073.1	0
AL031118.1	0.201506709
AL031119.1	0
AL031121.1	0
AL031123.1	0.082763018
AL031123.2	0.141381636
AL031123.3	0.11089133
AL031133.1	0
AL031183.1	0
AL031186.1	1.139621672
AL031229.1	0
AL031258.1	0.048214763
AL031274.1	0.202626698
AL031275.1	0.187437775
AL031280.1	0.049320407
AL031281.1	0.224771693
AL031281.2	0.418978556
AL031282.1	0.579311126
AL031282.2	0.256072698
AL031283.1	0.084734327
AL031283.2	0.010093268
AL031283.3	0.08621622
AL031284.1	0
AL031289.1	0.166346051
AL031313.1	0
AL031316.1	2.299551068
AL031320.1	0.043892992
AL031320.2	0.158280788
AL031386.1	0
AL031428.1	0.04705645
AL031429.1	0.14644671
AL031429.2	0.144867162
AL031432.1	0
AL031432.2	0.238972954
AL031432.3	0.096926586
AL031575.1	0
AL031577.1	0.392726767
AL031577.2	0.055963564
AL031584.1	0
AL031584.2	0
AL031587.1	0.014852889
AL031587.2	0.037849754
AL031587.3	0
AL031587.4	0
AL031587.5	0.983070074
AL031593.1	0
AL031594.1	0.113594991
AL031595.1	0.046586785
AL031595.2	0.004929935
AL031595.3	0.140634844
AL031597.1	0.036272681
AL031598.1	0
AL031599.1	0.252113087
AL031600.1	0.247417863
AL031600.2	0.051041687
AL031600.3	0
AL031601.1	0
AL031601.2	0
AL031602.1	0.167144512
AL031651.1	0.032690816
AL031651.2	0.028542437
AL031656.1	0
AL031658.1	0.692802793
AL031658.2	0
AL031659.1	0
AL031663.1	0
AL031663.2	0
AL031663.3	0.008734559
AL031665.1	0.328737021
AL031665.2	0.67477599
AL031666.1	1.368616961
AL031666.2	0.076505893
AL031666.3	0.01557634
AL031667.1	0
AL031667.2	0.048513306
AL031667.3	0.095693423
AL031668.1	0.103945592
AL031670.1	1.288249461
AL031673.1	0.975159103
AL031674.1	0
AL031676.1	0
AL031679.1	0
AL031681.1	0.274221465
AL031687.1	0
AL031705.1	0.13785746
AL031708.1	0.064726916
AL031709.1	0.576360386
AL031710.1	0.066964949
AL031710.2	0.065109964
AL031713.1	0
AL031714.1	1.155425069
AL031716.1	0.620878788
AL031717.1	0.332809869
AL031719.1	0.072685572
AL031719.2	1.382629235
AL031722.1	0.498584482
AL031726.1	0
AL031727.1	1.997468755
AL031727.2	0.075699507
AL031728.1	0.366618912
AL031729.1	1.387430031
AL031733.1	0
AL031733.2	0.167691061
AL031736.1	0
AL031736.2	0
AL031737.1	0.070268152
AL031767.1	0
AL031768.1	0.156474445
AL031770.1	0
AL031772.1	0.056859459
AL031773.1	0
AL031775.1	1.254290482
AL031775.2	0.967271481
AL031777.1	0.125609603
AL031777.2	0.079947949
AL031779.1	0
AL031846.1	0.36726089
AL031846.2	0.298797565
AL031847.1	0.580362889
AL031848.1	0
AL031848.2	0
AL031864.1	0.074088879
AL031864.2	0.089541703
AL031963.1	0
AL031963.2	0.118114055
AL031963.3	0.202785621
AL031985.1	0.037487555
AL031985.2	0.293808712
AL031985.3	0.198351873
AL032819.1	0
AL032819.2	0.115965203
AL032821.1	0.053940785
AL032822.1	0
AL033379.1	0
AL033380.1	0
AL033381.1	0
AL033381.2	0
AL033384.1	0.004855841
AL033384.2	0.17181796
AL033397.1	0
AL033397.2	0.085940391
AL033504.1	0.049470554
AL033519.1	0.051041687
AL033519.2	0.719531541
AL033519.3	2.580907905
AL033523.1	0
AL033527.1	0
AL033527.2	0
AL033527.3	0.026203676
AL033528.1	0
AL033528.2	0.036913541
AL033529.1	0
AL033539.1	0
AL033543.1	0.02678797
AL034345.1	0
AL034345.2	0.012918218
AL034346.1	0.159520261
AL034347.1	0.056298675
AL034349.1	0
AL034351.1	0
AL034369.1	0
AL034370.1	0.019710438
AL034372.1	0
AL034374.1	0.285945219
AL034376.1	0.032375616
AL034376.2	0
AL034379.1	0.929039407
AL034380.1	0
AL034397.1	0.05177246
AL034397.2	0.10970687
AL034397.3	3.738304425
AL034399.1	0
AL034399.2	0
AL034403.1	0
AL034405.1	0.02979049
AL034417.1	0.07834899
AL034417.2	0.107327384
AL034418.1	0.109324172
AL034428.1	0
AL034546.1	0
AL034548.1	0
AL034550.1	0.429091831
AL034550.2	0.088479943
AL034555.1	0
AL035045.1	0.123969921
AL035071.1	3.933994334
AL035071.2	0.204833961
AL035078.1	0
AL035078.2	0
AL035078.3	0
AL035079.1	0
AL035090.1	0
AL035246.1	0
AL035250.1	0
AL035250.2	0
AL035252.1	0
AL035252.2	0
AL035252.3	0.365853761
AL035252.4	0.108818042
AL035258.1	0
AL035398.1	0.097327938
AL035401.1	0.017990583
AL035404.1	0
AL035404.2	0.103090776
AL035405.1	0.11035069
AL035407.1	0
AL035407.2	0
AL035409.1	0.851276752
AL035410.1	0
AL035410.2	0
AL035411.1	0.272518226
AL035411.2	0
AL035413.1	1.205369076
AL035413.2	0.865569794
AL035414.1	0
AL035415.1	0
AL035416.1	0.020429984
AL035417.1	0
AL035417.2	0
AL035419.1	0
AL035420.1	0
AL035420.2	0
AL035420.3	0.14644671
AL035423.1	0
AL035425.1	0
AL035425.2	0
AL035425.3	0.009409406
AL035425.4	0
AL035427.1	0
AL035443.1	0
AL035446.1	2.040878767
AL035448.1	0.085580546
AL035454.1	0
AL035456.1	0.114461636
AL035458.1	0.401789692
AL035458.2	0.131128017
AL035460.1	0
AL035461.1	0
AL035461.2	0.986838423
AL035467.1	0
AL035530.1	0.520748574
AL035530.2	0.971832679
AL035541.1	0
AL035551.1	0.045028155
AL035555.1	0.008754077
AL035563.1	0.366544982
AL035587.1	0.841331436
AL035588.1	0.153625471
AL035604.1	0
AL035633.1	0
AL035634.1	0
AL035658.1	0.219464958
AL035660.1	0
AL035660.2	0
AL035661.1	33.27092599
AL035665.1	0.178385957
AL035666.1	0
AL035681.1	0.307128041
AL035690.1	0
AL035691.1	0
AL035696.1	0
AL035696.2	0
AL035696.3	0.015287608
AL035698.1	0
AL035701.1	1.017794728
AL035706.1	0.022942603
AL049536.1	0
AL049539.1	0.034138993
AL049541.1	0
AL049541.2	0
AL049542.1	0.05636618
AL049543.1	0.021809044
AL049544.1	0.6286546
AL049545.1	0
AL049548.1	0
AL049552.1	1.031979764
AL049555.1	0.040532328
AL049564.1	0.018993695
AL049569.1	0.123190236
AL049594.1	0
AL049597.1	0.112935481
AL049597.2	0.831591777
AL049610.1	0
AL049612.1	0.045157919
AL049629.1	1.160725777
AL049634.1	0.163986258
AL049634.2	0.073280427
AL049634.3	0.034288398
AL049636.1	0
AL049637.1	0.12461072
AL049641.1	0
AL049646.1	0.024599369
AL049646.2	0.121471302
AL049647.1	0.052553822
AL049648.1	0
AL049649.1	0
AL049650.1	0.152318814
AL049651.1	0
AL049651.2	0.088197737
AL049693.1	0
AL049697.1	0.208634704
AL049697.2	0.053298633
AL049697.3	0.047871073
AL049712.1	0.017969952
AL049714.1	0.045157919
AL049732.1	0
AL049733.1	0
AL049734.1	0
AL049734.2	0
AL049737.1	0.02233756
AL049745.1	0
AL049747.1	0
AL049748.1	0
AL049749.1	0
AL049757.1	0.215999722
AL049758.1	0.078941048
AL049765.1	0
AL049775.1	0.038406368
AL049775.2	0
AL049775.3	0.024369826
AL049776.1	0.789293529
AL049777.1	0
AL049779.1	0.077959194
AL049779.2	0
AL049779.3	0.100447423
AL049780.1	0.416579497
AL049780.2	0.384272975
AL049780.3	0.098987985
AL049781.1	0.017483736
AL049792.1	0
AL049794.1	0.040490434
AL049794.2	0
AL049795.1	0.196305502
AL049795.2	0
AL049796.1	0.177460906
AL049812.1	0
AL049812.2	0
AL049812.3	0
AL049820.1	0.03704444
AL049829.1	0
AL049829.2	0
AL049830.1	0.036870113
AL049830.2	0
AL049830.3	0.040842219
AL049830.4	0.044643299
AL049833.1	0
AL049833.2	0
AL049833.3	0.004192027
AL049835.1	0.18291593
AL049836.1	0.436079722
AL049836.2	0
AL049838.1	0.638931621
AL049839.1	0
AL049839.2	0.061309937
AL049840.1	4.430847438
AL049840.2	2.284568679
AL049840.3	3.231414971
AL049840.4	12.98409895
AL049840.5	1.731626228
AL049840.6	0.296901436
AL049844.1	0.082256157
AL049844.2	0.52399006
AL049844.3	0
AL049861.1	0
AL049869.1	0
AL049869.2	0
AL049869.3	0.702051881
AL049869.4	0
AL049870.1	0
AL049870.2	0.045223082
AL049870.3	0.65290825
AL049870.4	0
AL049871.1	0.587617425
AL049872.1	0.632631596
AL049873.1	2.042074739
AL049873.2	0.157327289
AL049874.1	0
AL049874.2	0
AL049874.3	0
AL049874.4	0
AL049875.1	0.11664862
AL050303.1	0
AL050303.2	0
AL050303.3	0
AL050303.4	0
AL050305.1	0
AL050320.1	0.035134076
AL050321.1	0
AL050327.1	0
AL050331.1	0.301825965
AL050331.2	0
AL050335.1	0
AL050338.1	0
AL050341.1	0.150189757
AL050341.2	4.67755164
AL050343.1	0.370424032
AL050343.2	0
AL050344.1	0.054472067
AL050349.1	0
AL050402.1	0
AL050403.1	0
AL050403.2	0.159270816
AL050404.1	0
AL078459.1	0.220216748
AL078581.1	1.382629235
AL078581.2	0
AL078581.3	0.105307782
AL078587.1	0.028911066
AL078590.1	0
AL078590.2	0.235363806
AL078590.3	0.803579384
AL078595.1	0
AL078595.2	0
AL078595.3	0
AL078596.1	0
AL078599.1	0.160441618
AL078599.2	0
AL078601.1	0.057822133
AL078601.2	0.066117291
AL078601.3	0
AL078603.1	0
AL078604.1	0.134504704
AL078604.2	0.117406079
AL078604.3	0.074264445
AL078605.1	0
AL078612.1	0
AL078612.2	0
AL078621.1	0.040806766
AL078621.2	0.067348702
AL078621.3	0.682963772
AL078623.1	0
AL078624.1	0.200527579
AL078624.2	0.084854502
AL078639.1	0
AL078644.1	0
AL078644.2	0.166699979
AL078645.1	0.740888794
AL078645.2	0.047305051
AL079301.1	0
AL079303.1	0.011993722
AL079304.1	0
AL079305.1	0
AL079307.1	0.002619491
AL079307.2	0
AL079307.3	0
AL079341.1	0
AL079342.1	0
AL079342.2	0.097529863
AL079342.3	0
AL079343.1	0.035391977
AL079352.1	0
AL080243.1	0.014782828
AL080243.2	2.369316535
AL080248.1	0
AL080250.1	0.639583592
AL080251.1	0
AL080273.1	0
AL080274.1	0
AL080276.1	0
AL080276.2	0.118173439
AL080284.1	0
AL080285.1	0
AL080285.2	0
AL080312.1	0
AL080312.2	0
AL080313.1	0
AL080313.2	0.064089153
AL080315.1	0
AL080316.1	0
AL080317.1	0.759577282
AL080317.2	0.135767203
AL080317.3	0.294149163
AL096677.1	0.057751098
AL096678.1	0.199192347
AL096700.1	0
AL096701.1	0.205730389
AL096701.2	0
AL096701.3	0.198855304
AL096711.1	0.028284834
AL096711.2	0.119333374
AL096712.1	0.197104377
AL096772.1	0.020063762
AL096799.1	0
AL096800.1	0
AL096803.1	0
AL096803.2	0.115729675
AL096803.3	0.029454508
AL096814.1	0
AL096816.1	0.246852982
AL096817.1	0
AL096828.1	0.086733199
AL096828.2	0
AL096828.3	0.169586558
AL096829.1	0
AL096829.2	0.021118326
AL096840.1	0
AL096855.1	0.424111342
AL096855.2	0.042465577
AL096861.1	0
AL096865.1	0.101422641
AL096869.1	0.084095517
AL096869.2	0.022775869
AL096869.3	0
AL096870.1	0
AL096870.2	0.40139384
AL109610.1	0
AL109613.1	0.296715725
AL109614.1	0.261786601
AL109615.1	0.137756466
AL109615.2	0.048724496
AL109615.3	0.382190195
AL109618.1	0
AL109618.2	0
AL109618.3	0
AL109620.1	0
AL109628.1	0
AL109653.1	0
AL109653.2	0
AL109659.1	0
AL109659.2	0.477395279
AL109659.3	0.016494524
AL109741.1	1.944143672
AL109741.2	0.274107254
AL109741.3	1.932255496
AL109755.1	0
AL109761.1	0
AL109763.1	0
AL109766.1	0.113549261
AL109767.1	0
AL109797.1	0.03753245
AL109804.1	0.19517542
AL109806.1	0.188338918
AL109807.1	0
AL109809.1	0.120228629
AL109809.2	0.03178458
AL109809.3	0
AL109809.4	0
AL109810.1	0
AL109810.2	0
AL109811.1	0.122694168
AL109811.2	0.321581675
AL109811.3	4.881052019
AL109811.4	0.021319453
AL109827.1	0
AL109837.1	0
AL109838.1	0
AL109910.1	0
AL109910.2	0.0160469
AL109913.1	0
AL109914.1	0.107327384
AL109917.1	0.190251411
AL109918.1	0.809528886
AL109918.2	0
AL109918.3	0.092720698
AL109923.1	0.053755739
AL109924.1	0
AL109924.2	0
AL109924.3	0
AL109924.4	0
AL109930.1	0
AL109933.1	0
AL109933.2	0
AL109933.3	0
AL109933.4	0
AL109935.1	0.265028296
AL109935.2	0
AL109936.1	0
AL109936.2	0.216966434
AL109941.1	0
AL109945.1	0.068427065
AL109947.1	0.164081654
AL109954.1	0
AL109954.2	0
AL109954.3	0
AL109955.1	0.254379838
AL109976.1	0.05519478
AL109983.1	0.048513306
AL110115.1	0.129146687
AL110115.2	0
AL110118.1	0.039174495
AL110118.2	0.068129556
AL110292.1	0.017050923
AL110503.1	0
AL110504.1	0
AL110505.1	0.270168931
AL117187.1	0
AL117190.1	0.035340095
AL117190.2	0
AL117190.3	0
AL117192.1	0
AL117209.1	1.135492608
AL117328.1	0.773817185
AL117328.2	0
AL117329.1	0
AL117329.2	0
AL117332.1	0.627435443
AL117335.1	0.273026972
AL117336.1	0
AL117336.2	4.069469927
AL117336.3	0.85451448
AL117337.1	0
AL117338.1	0
AL117339.1	0
AL117339.2	0
AL117339.3	0
AL117339.4	0.08652444
AL117341.1	0
AL117342.1	0
AL117344.1	0.050875968
AL117348.1	0
AL117348.2	0
AL117350.1	0.097936237
AL117351.1	0
AL117351.2	0
AL117372.1	0
AL117378.1	0
AL117378.2	0
AL117379.1	0.763815855
AL117381.1	0.3770807
AL117382.1	0.121069079
AL117382.2	0
AL117692.1	0.021977276
AL118496.1	0
AL118496.2	0.136259113
AL118505.1	0.016221323
AL118506.1	0.864330194
AL118508.1	0.186942626
AL118508.2	0.558804089
AL118508.3	0.143682074
AL118508.4	1.359115132
AL118511.1	0.473646287
AL118511.2	0
AL118516.1	4.490449574
AL118520.1	0.053848103
AL118522.1	0.195872475
AL118523.1	0.032645412
AL118556.1	0.156073685
AL118556.2	0.03803349
AL118557.1	0
AL118558.1	0.202190942
AL118558.2	0
AL118558.3	0.973008773
AL118558.4	0.290181444
AL121574.1	0.18699043
AL121576.1	0
AL121578.1	0
AL121578.2	0
AL121578.3	0
AL121579.1	0
AL121579.2	0
AL121580.1	0
AL121583.1	0.275714921
AL121584.1	0.060384578
AL121590.1	0
AL121594.1	0.05687767
AL121601.1	0.336468055
AL121601.2	0.044327576
AL121603.1	0
AL121603.2	2.368604326
AL121612.1	0
AL121652.1	0.034977228
AL121655.1	0.254379838
AL121656.1	0
AL121657.1	0
AL121658.1	0.088032573
AL121672.1	0.23882842
AL121672.2	0.41569245
AL121672.3	0.133929897
AL121694.1	0
AL121718.1	0
AL121721.1	0.082763018
AL121723.1	0.010315864
AL121748.1	0.141936576
AL121748.2	0.300956428
AL121749.1	0.007278123
AL121753.1	0.503566287
AL121753.2	1.308497848
AL121757.1	0
AL121757.2	0
AL121758.1	0.011547382
AL121759.1	0
AL121760.1	0.452884335
AL121761.1	0.661901476
AL121761.2	0.133117216
AL121768.1	0.012319024
AL121769.1	0.078153606
AL121772.1	0.100662514
AL121772.2	0
AL121772.3	0.790464587
AL121776.1	0
AL121781.1	0
AL121782.1	0.0379414
AL121785.1	0
AL121787.1	0
AL121790.1	0.021232789
AL121790.2	0.176727045
AL121796.1	0
AL121809.1	0
AL121809.2	0.13785746
AL121820.1	0.101972655
AL121820.2	0.112328301
AL121821.1	0.206959596
AL121821.2	0
AL121823.1	0
AL121827.1	0
AL121827.2	0.004103115
AL121829.1	0
AL121829.2	0
AL121830.1	0.006359496
AL121832.1	0
AL121832.2	0.867937913
AL121832.3	0.059291128
AL121834.1	0
AL121835.1	0
AL121835.2	0.017898113
AL121839.1	0.119011124
AL121839.2	1.376721414
AL121845.1	0
AL121845.2	0
AL121845.3	0.298093811
AL121845.4	0.614501882
AL121852.1	0.145765563
AL121871.1	0.107819711
AL121872.1	0
AL121873.1	0
AL121877.1	0
AL121878.1	0
AL121882.1	0
AL121885.1	0
AL121885.2	0.038265685
AL121885.3	0
AL121890.1	0
AL121890.2	0.134793961
AL121890.3	0.030367826
AL121890.4	0.180112621
AL121890.5	0.154636164
AL121892.1	0.056433846
AL121894.1	0.107819711
AL121894.2	0.382968586
AL121895.1	0.038500732
AL121895.2	0.420665718
AL121899.1	0.286992637
AL121900.1	0
AL121901.1	0
AL121902.1	0
AL121904.1	0.069540524
AL121906.1	0.071226355
AL121906.2	0.541832572
AL121908.1	0
AL121910.1	0
AL121912.1	0
AL121916.1	0
AL121917.1	0.185441396
AL121917.2	0.160715877
AL121928.1	0
AL121929.1	0
AL121929.2	0.295450102
AL121932.1	0
AL121944.1	3.860343821
AL121949.1	0.129502463
AL121949.2	0.010122609
AL121949.3	0
AL121950.1	0.015088876
AL121952.1	0
AL121955.1	0
AL121956.1	0.040490434
AL121956.4	0
AL121956.5	0
AL121957.1	0.129716871
AL121970.1	0
AL121972.1	0.077959194
AL121974.1	0
AL121977.1	0
AL121978.1	0
AL121983.1	0.233877582
AL121983.2	0.135317772
AL121985.1	0.121677635
AL121985.2	0
AL121985.3	0.149806864
AL121987.1	0
AL121987.2	0.536228829
AL121988.1	0
AL121989.1	0.126030547
AL121990.1	0.026514041
AL121992.1	0.016523513
AL121992.2	0
AL121992.3	0.135865301
AL121994.1	0
AL121999.1	0
AL122001.1	0.127052416
AL122003.1	0.019986987
AL122008.1	0
AL122008.2	0
AL122008.3	0
AL122008.4	0
AL122010.1	2.372233307
AL122013.1	0.019562794
AL122016.1	0
AL122017.1	0.01993613
AL122018.1	0
AL122019.1	0
AL122020.1	0.921752823
AL122023.1	0.620878788
AL122034.1	0
AL122035.1	1.396036549
AL122035.2	0.569810836
AL122058.1	0
AL122125.1	0.13058165
AL122126.1	0
AL122127.1	0
AL132639.1	0
AL132639.2	0.31132049
AL132639.3	0.147828283
AL132640.1	0.025314698
AL132640.2	0.009228385
AL132640.3	0
AL132642.1	0.226687855
AL132642.2	0
AL132655.1	0.013590458
AL132655.2	0
AL132655.3	0
AL132656.1	0
AL132656.2	0.409444912
AL132656.3	0.01964865
AL132656.4	0.435682414
AL132657.1	0.264097719
AL132657.2	0.131311156
AL132671.1	0
AL132708.1	0
AL132709.1	0
AL132711.1	0
AL132712.1	0.35001267
AL132712.2	0
AL132719.1	0
AL132765.1	0.198351873
AL132765.2	0.133929897
AL132777.1	0.202845281
AL132780.1	0.364413907
AL132780.2	0.278669458
AL132780.3	0
AL132780.4	0.855971344
AL132780.5	0.096429526
AL132796.1	0
AL132796.2	0
AL132796.3	0
AL132800.1	0.157146971
AL132801.1	0
AL132819.1	0
AL132821.1	0.039771061
AL132822.1	0
AL132838.1	0.144555332
AL132838.2	0
AL132855.1	0
AL132857.1	0.688010844
AL132875.1	0
AL132875.2	0
AL132989.1	3.618199884
AL132989.2	0.570569909
AL132994.1	0
AL132994.2	0
AL132996.1	0
AL133153.1	0
AL133153.2	0
AL133163.1	0.132095241
AL133163.2	0.17578299
AL133163.3	0
AL133166.1	0
AL133167.1	0
AL133173.1	0
AL133173.2	0
AL133215.1	0.229090614
AL133215.2	0.064154751
AL133215.3	0.069954455
AL133216.1	0.021554055
AL133216.2	0.559635643
AL133217.1	0
AL133227.1	0.369321838
AL133230.1	0.252793776
AL133232.1	0
AL133240.1	0
AL133241.1	0
AL133243.1	0.042813656
AL133243.2	0.628338599
AL133243.3	0.119975151
AL133243.4	0.025200704
AL133244.1	0
AL133245.1	0.080357938
AL133247.1	0
AL133247.2	0
AL133255.1	0.035532422
AL133260.1	5.339338576
AL133260.2	0.039570197
AL133264.1	0
AL133264.2	0.647047314
AL133268.1	0.111847238
AL133268.2	0.072882781
AL133268.3	0.108629449
AL133270.1	0
AL133271.1	0
AL133279.1	0.103090776
AL133279.2	0
AL133279.3	0
AL133284.1	0.003136469
AL133297.1	0.271506401
AL133297.2	0.193853171
AL133299.1	0.092720698
AL133304.1	0
AL133304.2	0.212232027
AL133304.3	0.03285073
AL133319.1	0
AL133320.1	0.14657124
AL133325.1	0
AL133325.2	0
AL133325.3	0.008530102
AL133329.1	0
AL133330.1	1.446785326
AL133330.2	0
AL133338.1	1.105252726
AL133338.2	0.063871459
AL133342.1	1.883800852
AL133343.1	0
AL133343.2	0.033411083
AL133346.1	0.031656158
AL133351.1	0.174431889
AL133351.2	0
AL133351.3	0
AL133351.4	0
AL133352.1	0.11721214
AL133353.1	0.672301564
AL133355.1	2.14573867
AL133367.1	0.424237701
AL133368.1	0.077001464
AL133368.2	0
AL133370.1	0
AL133370.2	0
AL133371.1	0
AL133371.2	0.479687694
AL133371.3	0
AL133372.1	0
AL133372.2	0.017666063
AL133372.3	0
AL133373.1	0
AL133373.2	0.011081894
AL133375.1	0
AL133380.1	0
AL133383.1	0.069566251
AL133383.2	0
AL133384.1	0
AL133384.2	0
AL133387.1	0
AL133387.2	0.007052114
AL133387.3	0
AL133393.1	0
AL133396.1	0
AL133396.2	0
AL133399.1	0
AL133406.1	0
AL133406.2	0.549358527
AL133406.3	0.028964506
AL133410.1	0.263357949
AL133410.2	0
AL133412.1	0
AL133415.1	0.443903626
AL133417.1	0.364413907
AL133419.1	0
AL133445.1	0
AL133445.2	0.416275469
AL133453.1	0
AL133456.1	0
AL133457.1	0.015876188
AL133464.1	0
AL133465.1	0
AL133466.1	0.41786128
AL133467.1	0.205143378
AL133467.2	0
AL133467.3	0
AL133467.4	0
AL133477.1	0.152429942
AL133480.1	0.073682436
AL133481.1	0.0919949
AL133481.2	0
AL133481.3	0
AL133485.1	0.119921923
AL133492.1	0
AL133499.1	0
AL133517.1	0.565621051
AL133520.1	1.186427562
AL133523.1	0.378726235
AL133547.1	0
AL133551.1	0.025646151
AL133553.1	0.221951813
AL135744.1	0.049824477
AL135746.1	0
AL135785.1	0.039272677
AL135786.1	0.29289342
AL135786.2	0.28027281
AL135787.1	0.207546993
AL135790.1	0
AL135790.2	0
AL135791.1	0.151765598
AL135818.1	1.055012495
AL135818.2	1.178013183
AL135838.1	0.025857752
AL135901.1	0
AL135902.1	0.04618953
AL135902.2	0.040806766
AL135903.1	0
AL135905.1	1.250012376
AL135908.1	0
AL135923.1	0
AL135923.2	0
AL135924.1	0
AL135924.2	0
AL135925.1	0.525090233
AL135929.1	0
AL135929.2	0
AL135934.1	0
AL135936.1	0.047103601
AL135937.1	0.021494922
AL135938.1	0
AL135960.1	1.556885281
AL135978.1	0.012377408
AL135999.1	0.976040455
AL135999.2	0.055764406
AL135999.3	7.024392204
AL136018.1	0.016546777
AL136038.1	0
AL136038.2	0
AL136038.3	0.071486305
AL136038.4	0.211250251
AL136038.5	0.254563505
AL136040.1	0.291208635
AL136084.1	0
AL136084.2	0.006559145
AL136084.3	0.464025909
AL136087.1	0
AL136088.1	0
AL136090.1	0.042813656
AL136097.1	0.017162977
AL136097.2	0.141169351
AL136097.3	0.031029303
AL136099.1	0
AL136100.1	0
AL136115.1	0.151545435
AL136115.2	0.186863008
AL136116.1	0
AL136116.2	0
AL136116.3	0.743558077
AL136126.1	0.233877582
AL136131.1	0
AL136131.2	0
AL136131.3	0
AL136139.1	0
AL136140.1	0
AL136140.2	0
AL136141.1	0.254793463
AL136146.1	0.009399999
AL136146.2	0
AL136162.1	0.029071981
AL136164.1	0.044516472
AL136164.2	0
AL136164.3	0.200894846
AL136164.4	1.959642185
AL136172.1	0.011240888
AL136181.1	0
AL136221.1	0.153927289
AL136226.1	0.019538401
AL136228.1	0
AL136231.1	0.021465477
AL136234.1	0.044899135
AL136295.1	0.017156713
AL136295.2	1.048848594
AL136295.3	0.018435056
AL136295.4	0.025209971
AL136295.5	0.150231494
AL136295.6	1.262156981
AL136295.7	2.977261619
AL136298.1	0.050656675
AL136298.2	0
AL136298.3	0
AL136301.1	0
AL136304.1	0.430996408
AL136307.1	0.190630146
AL136309.1	0
AL136309.2	0.082581281
AL136309.3	0
AL136309.4	0.024484059
AL136310.1	0.023959936
AL136311.1	0.149752035
AL136313.1	0
AL136317.1	0
AL136317.2	0
AL136317.3	0
AL136320.1	0.109324172
AL136322.1	0
AL136359.1	0
AL136360.1	0
AL136360.2	0
AL136361.1	0
AL136363.1	0
AL136363.2	0
AL136366.1	0.57981226
AL136368.1	0.312614424
AL136369.1	3.789008531
AL136369.2	0.466884112
AL136372.1	0
AL136376.1	0
AL136379.1	0.088965545
AL136380.1	0.677090037
AL136418.1	0.257145403
AL136439.1	0
AL136452.1	8.102606252
AL136454.1	1.647682622
AL136455.1	0
AL136460.1	0
AL136501.1	0
AL136520.1	0
AL136526.1	0.078242296
AL136528.1	0.041564451
AL136528.2	0
AL136529.1	0
AL136531.1	0.685553662
AL136531.2	0.433056235
AL136531.3	0.042837064
AL136537.1	0
AL136537.2	0
AL136964.1	0.005240735
AL136967.1	0
AL136967.2	0
AL136968.1	0
AL136968.2	0.177059864
AL136972.1	0
AL136979.1	0.038947302
AL136980.1	0.375151702
AL136981.1	0
AL136981.2	0.725848953
AL136982.1	0.185563397
AL136982.2	0
AL136982.3	0.113879346
AL136982.4	0
AL136982.5	0
AL136982.6	0.126573489
AL136982.7	0
AL136984.1	0.033111036
AL136985.1	0
AL136985.2	0.087868026
AL136987.1	0.045818123
AL136988.1	0
AL136988.2	0.29119253
AL137000.1	0.012596301
AL137001.1	0
AL137002.1	0.172195582
AL137003.1	2.110259329
AL137003.2	2.747462611
AL137005.1	0.065381633
AL137013.1	0.293489702
AL137014.1	0
AL137022.1	0
AL137024.1	0
AL137025.1	0
AL137026.1	0.194253694
AL137026.2	0.01863234
AL137027.1	0
AL137028.1	0
AL137028.2	0.122420297
AL137058.1	0
AL137058.2	0.238626365
AL137058.3	0.005056405
AL137060.1	0.041423182
AL137067.1	0
AL137067.2	0
AL137071.1	0
AL137072.1	0
AL137074.1	0
AL137076.1	0.085316505
AL137077.1	0.029677648
AL137078.1	0
AL137078.2	0
AL137100.1	0
AL137100.2	0
AL137127.1	0.244120898
AL137129.1	0.021763608
AL137141.1	0.042123113
AL137145.1	0.294569149
AL137145.2	0.269118371
AL137159.1	0.214235519
AL137161.1	0
AL137186.1	0.359099537
AL137186.2	1.22971063
AL137190.1	0
AL137191.1	0
AL137220.1	0
AL137222.1	0.040455589
AL137224.1	0
AL137230.1	0.013965952
AL137230.2	0
AL137244.1	0.253615228
AL137246.1	0
AL137246.2	0
AL137247.1	0
AL137779.1	0.418558878
AL137779.2	0.839453464
AL137779.3	0
AL137782.1	0.948889156
AL137783.1	0
AL137784.1	1.577496442
AL137784.2	0.15669798
AL137784.3	0.136973759
AL137786.1	0.031029303
AL137789.1	0
AL137792.1	0
AL137792.2	0.066679991
AL137793.1	0.313919158
AL137796.1	0
AL137798.1	0.046223593
AL137802.1	0
AL137802.2	0
AL137804.1	0
AL137843.1	0
AL137845.1	0
AL137845.2	0
AL137847.1	0.035292338
AL137847.2	0.237871696
AL137847.3	0
AL137849.1	0
AL137856.1	0.116072578
AL137918.1	0.065222884
AL138478.1	0
AL138479.1	0
AL138686.1	0
AL138688.1	0
AL138688.2	0.082854186
AL138689.1	0.234577814
AL138690.1	0
AL138693.1	0
AL138709.1	0
AL138713.1	0
AL138720.1	0.036126335
AL138721.1	0.262622313
AL138724.1	1.20980058
AL138725.1	0
AL138726.1	0
AL138729.1	0
AL138731.1	0
AL138733.1	0.01837022
AL138733.2	0
AL138737.1	0.190352259
AL138749.1	0
AL138752.1	0.044643299
AL138752.2	0.01814334
AL138756.1	0.622125975
AL138759.1	0
AL138760.1	0.036022524
AL138762.1	0.258451158
AL138767.1	0.021061556
AL138767.2	0.093272607
AL138767.3	0.253249261
AL138775.1	0
AL138781.1	0.211436555
AL138781.2	0.051013992
AL138785.1	0.426067015
AL138787.1	0.02031082
AL138787.2	0.190225165
AL138789.1	0
AL138799.1	0.093551033
AL138799.2	0
AL138799.3	0.044770851
AL138799.4	0
AL138807.1	0
AL138808.1	0
AL138812.1	0
AL138820.1	0.073844477
AL138825.1	0
AL138826.1	0.022644217
AL138827.1	0
AL138828.1	0.069008981
AL138828.2	0
AL138830.1	0
AL138830.2	0
AL138831.1	0
AL138831.2	0.479687694
AL138831.3	0.150464453
AL138847.1	0
AL138847.2	0.017229025
AL138878.1	0.045157919
AL138878.2	0
AL138880.1	0.04881557
AL138880.2	0
AL138881.1	0.456787521
AL138885.1	0
AL138885.2	0
AL138889.1	0
AL138889.2	0
AL138895.1	0.090576867
AL138895.2	0
AL138899.1	0.015677637
AL138899.2	0.031402401
AL138900.1	0
AL138900.2	1.808053615
AL138900.3	0.373683577
AL138902.1	0
AL138916.1	0
AL138916.2	0
AL138918.1	0.023778146
AL138921.1	0.092611099
AL138921.2	0.867532069
AL138930.1	0.024676847
AL138955.1	0.105469794
AL138957.1	0
AL138960.1	0
AL138960.2	0
AL138962.1	0
AL138963.1	0.151643206
AL138963.2	0
AL138963.3	0
AL138966.1	0
AL138966.2	0.101313349
AL138974.1	0
AL138976.1	0
AL138976.2	0.587052951
AL138995.1	0.533933858
AL138999.1	0.125108168
AL139002.1	0.017372282
AL139005.1	0.345023075
AL139008.1	0
AL139008.2	0
AL139010.1	0
AL139011.1	0.759577282
AL139011.2	0.032702187
AL139020.1	0
AL139021.1	0.251579326
AL139021.2	0.11781803
AL139022.1	0.125176309
AL139022.2	0.459836059
AL139023.1	0
AL139035.1	0.088655151
AL139039.1	0
AL139039.2	0.065427131
AL139039.3	0.021247184
AL139041.1	1.952302701
AL139042.1	0
AL139081.1	0
AL139082.1	0.073031392
AL139089.1	0.62679192
AL139093.1	0
AL139094.1	0.105520525
AL139095.1	0
AL139095.2	0.321982151
AL139095.3	0
AL139095.4	0.282056364
AL139098.1	0
AL139098.2	0
AL139099.1	0
AL139099.2	0.312614424
AL139099.3	0.274908737
AL139100.1	0.818101903
AL139109.1	0
AL139118.1	0
AL139120.1	0.043770385
AL139121.1	0
AL139123.1	0.109324172
AL139124.1	0.334983805
AL139125.1	0.056264984
AL139125.2	0.100608655
AL139128.1	0
AL139130.1	0
AL139132.1	0
AL139135.1	0
AL139135.2	0
AL139142.1	0.04629187
AL139147.1	0.027110377
AL139148.1	0
AL139156.1	0
AL139156.2	0.7834899
AL139156.3	0
AL139158.1	0
AL139158.2	0.068727184
AL139161.1	1.154616694
AL139161.2	0.063526208
AL139174.1	0.017686002
AL139184.1	0.078545353
AL139193.1	0.029071981
AL139193.2	0
AL139220.1	0.060268454
AL139220.2	0.448604043
AL139230.1	0
AL139231.1	0.301342269
AL139237.1	0
AL139237.2	0
AL139240.1	0
AL139241.1	0.026831846
AL139246.1	0.034439116
AL139246.2	0.157060427
AL139246.3	0.951201795
AL139246.4	0.030485988
AL139246.5	0.786636445
AL139247.1	0
AL139254.1	0
AL139260.1	0.561929231
AL139260.2	0.007217779
AL139260.3	0.048199932
AL139274.1	0
AL139274.2	0.068344164
AL139275.1	0
AL139275.2	0
AL139276.1	0
AL139280.1	0
AL139281.1	0.140326549
AL139286.1	0
AL139286.2	0.356131773
AL139287.1	4.100128491
AL139288.1	0.033590135
AL139289.1	0.643083365
AL139289.2	1.161603785
AL139294.1	0
AL139300.1	0
AL139300.2	0.311695801
AL139316.1	0
AL139317.1	0
AL139317.2	0
AL139317.3	0
AL139317.4	0.288654174
AL139327.1	0
AL139327.2	0.030485988
AL139327.3	0
AL139327.4	0
AL139339.1	0.381608475
AL139339.2	0.047701059
AL139344.1	0
AL139348.1	0
AL139349.1	0.325888346
AL139350.1	0
AL139351.1	0
AL139352.1	0.165993623
AL139353.1	0.194897985
AL139353.2	0.131237839
AL139354.1	0.048588521
AL139383.1	0.132708387
AL139384.1	0.653122529
AL139384.2	0.165864157
AL139385.1	0.067046813
AL139390.1	0
AL139393.1	0
AL139393.2	0.951795137
AL139395.1	0
AL139396.1	3.002596023
AL139397.1	0.048663969
AL139397.2	0.020297666
AL139400.1	0
AL139407.1	0.493431937
AL139412.1	0
AL139413.1	0
AL139415.1	0
AL139415.2	0
AL139418.1	0
AL139420.1	0
AL139420.2	0
AL139421.1	0.185441396
AL139423.1	0.409396464
AL139424.1	0
AL139805.1	0.019321576
AL139806.1	0
AL139807.1	0.467422952
AL139811.1	0.061343272
AL139811.2	0
AL139819.1	0.399230522
AL139824.1	0
AL139824.2	0
AL157359.1	0
AL157359.2	0
AL157359.3	0
AL157366.1	0
AL157371.1	0
AL157373.1	0
AL157373.2	0.128290744
AL157378.1	0
AL157384.1	0
AL157385.1	0
AL157387.1	0
AL157392.1	0
AL157392.2	0.132234582
AL157392.3	0.797636849
AL157392.4	0.635875861
AL157394.1	1.741088666
AL157395.1	0.107327384
AL157396.1	0.001855732
AL157398.1	0
AL157400.1	0
AL157400.2	0.025900493
AL157400.3	0.024144527
AL157400.4	0.093971802
AL157400.5	0
AL157401.1	0
AL157402.1	0
AL157402.2	0
AL157407.1	0
AL157413.1	0
AL157414.1	0
AL157414.2	0
AL157414.3	0
AL157687.1	0
AL157688.1	0
AL157698.1	0
AL157700.1	0.711268764
AL157702.1	0.036783563
AL157702.2	0
AL157709.1	0
AL157712.1	0
AL157713.1	0.040940034
AL157714.1	0
AL157714.2	0.058237604
AL157756.1	0.039745841
AL157762.1	0.226551296
AL157770.1	0.214165804
AL157777.1	0.051545388
AL157777.2	0
AL157778.1	0
AL157786.1	0.980942501
AL157788.1	0.136854131
AL157791.1	0.064560674
AL157791.2	0.196692025
AL157813.1	0.053389431
AL157817.1	0
AL157823.1	0
AL157823.2	0.257649892
AL157827.1	0
AL157831.1	0
AL157831.2	0
AL157832.1	0.094968473
AL157832.2	0
AL157834.1	0.2611633
AL157834.2	0.023634688
AL157834.3	0
AL157838.1	0.200413084
AL157871.1	0
AL157871.2	3.775512922
AL157871.3	1.283532941
AL157871.4	0
AL157871.5	0.440988687
AL157871.6	0.152133961
AL157882.1	0
AL157884.1	0
AL157884.2	0.085316505
AL157884.3	0
AL157895.1	1.223861489
AL157896.1	0
AL157899.1	0
AL157902.1	0.014362785
AL157902.2	0.031507637
AL157904.1	0
AL157911.1	0
AL157912.1	0.257350697
AL157931.1	0.053571959
AL157932.1	0.604344826
AL157935.1	0.161672519
AL157935.2	1.053658831
AL157937.1	0.070744009
AL157938.1	0.056063678
AL157938.2	0
AL157938.3	0.030485988
AL157955.1	0
AL157955.2	0.056164151
AL157996.1	0.259004926
AL158013.1	0
AL158032.1	0
AL158032.2	0
AL158042.1	0.204388669
AL158047.1	0
AL158050.1	0.068576796
AL158050.2	0
AL158053.1	0
AL158055.1	0.149058721
AL158058.1	0
AL158062.1	0
AL158063.1	0.087704093
AL158066.1	0
AL158068.1	0
AL158068.2	0
AL158069.1	0
AL158070.1	0
AL158070.2	0.009666748
AL158071.1	0.033990885
AL158071.2	0.884430316
AL158071.3	0.154839901
AL158071.4	0.083572256
AL158073.1	0
AL158077.1	0.180112621
AL158090.1	0
AL158147.1	0
AL158151.1	0.061638191
AL158151.2	0.260079635
AL158151.3	0
AL158151.4	0.092720698
AL158152.1	0.982774787
AL158152.2	3.000599616
AL158154.1	0
AL158154.2	0.021290486
AL158156.1	0
AL158163.1	0.598664205
AL158163.2	0.47009394
AL158166.1	0.844733045
AL158166.2	0.439927484
AL158168.1	0
AL158196.1	0.288844203
AL158198.1	0
AL158201.1	0.087891495
AL158206.1	2.153102014
AL158207.1	0.229762434
AL158207.2	0.11781803
AL158209.1	0
AL158209.2	0
AL158210.1	0.47009394
AL158211.1	0.308056317
AL158211.2	0
AL158211.3	0
AL158211.4	0.053663692
AL158211.5	0.329824978
AL158212.1	0.04974539
AL158212.2	0.238453448
AL158212.3	1.116893791
AL158212.4	0.036554739
AL158214.1	0
AL158801.1	0.135084465
AL158801.2	0.062846783
AL158801.3	0.043167488
AL158801.4	0
AL158801.5	0.909859238
AL158817.1	0.033590135
AL158819.1	0
AL158823.1	0.458948058
AL158824.1	0.069643547
AL158825.1	0
AL158825.2	0.163714307
AL158827.1	0
AL158827.2	0.807232018
AL158828.1	0
AL158829.1	0
AL158832.1	0
AL158834.1	0.100878528
AL158834.2	0.098907652
AL158835.1	0.063921087
AL158835.2	0.010313601
AL158835.3	0.20893064
AL158835.4	0
AL158837.1	0.034667695
AL158839.1	0.054503645
AL158840.1	0
AL158847.1	0.349079658
AL158850.1	0.051432597
AL158850.2	0
AL159153.1	0.247157697
AL159163.1	0.5223266
AL159166.1	0.047628565
AL159169.1	0
AL159169.2	1.074288751
AL159169.3	0.195523326
AL159174.1	0.013381553
AL159972.1	0.174886138
AL159987.1	0
AL159987.2	0
AL159990.1	0
AL159990.2	0
AL160004.1	0
AL160004.2	0
AL160006.1	1.014671455
AL160153.1	0.109579007
AL160162.1	0
AL160163.1	0.038882873
AL160175.1	0
AL160191.1	0.014129665
AL160191.2	0
AL160191.3	0
AL160236.1	0
AL160236.2	0
AL160237.1	0
AL160237.2	0
AL160237.3	0
AL160262.1	0
AL160270.1	0.024833277
AL160270.2	0
AL160271.1	0
AL160274.1	0
AL160275.1	0
AL160275.2	0
AL160279.1	0.043466846
AL160281.1	0.050385203
AL160286.1	0.031707402
AL160286.2	0.033554171
AL160286.3	0.009514146
AL160287.1	0
AL160290.1	0.037667784
AL160290.2	0.025172366
AL160290.3	0
AL160291.1	0
AL160313.1	0.39212199
AL160313.2	0
AL160314.1	0.071551589
AL160314.2	0.113714064
AL160314.3	0
AL160394.1	0
AL160408.1	0.092552192
AL160408.2	0
AL160408.3	0.052760263
AL160408.4	0
AL160408.5	0
AL160411.1	0
AL160412.1	0
AL160413.1	0
AL161420.1	0
AL161421.1	0.996263269
AL161423.1	0
AL161431.1	0.186323401
AL161447.1	0.068129556
AL161449.1	0
AL161452.1	0.266540879
AL161454.1	0
AL161457.1	0.017314694
AL161457.2	0.156424238
AL161616.1	0
AL161616.2	0
AL161618.1	0.329456988
AL161621.1	0
AL161629.1	0
AL161629.2	0
AL161630.1	0.02412594
AL161631.1	0
AL161636.1	0
AL161636.2	0.016903773
AL161637.1	0
AL161638.1	0
AL161638.2	0
AL161640.1	0
AL161644.1	0.014104229
AL161645.1	0.037457684
AL161646.1	0
AL161646.2	0
AL161651.1	0
AL161658.1	0
AL161668.1	0
AL161668.2	0
AL161668.3	0.052849234
AL161669.1	0.284167321
AL161669.2	0
AL161669.3	0.080668201
AL161670.1	0.114378088
AL161670.2	0
AL161672.1	0.038312465
AL161713.1	0
AL161716.1	0.057398527
AL161719.1	0.040700774
AL161722.1	0
AL161722.2	0
AL161722.3	0
AL161725.1	0.167779212
AL161725.2	0.077765747
AL161727.1	0
AL161729.1	0.111767461
AL161729.2	0
AL161729.3	0.139701022
AL161729.4	0.065839487
AL161733.1	0
AL161734.1	0
AL161740.1	1.130280511
AL161742.1	0.107327384
AL161747.1	0.043770385
AL161747.2	0
AL161751.1	0.150093851
AL161752.1	0
AL161756.1	0.004732648
AL161756.2	0.127396732
AL161757.1	0
AL161757.2	0.033990885
AL161757.3	0
AL161757.4	0
AL161757.5	0
AL161772.1	0.142065258
AL161773.1	0.199730913
AL161781.1	0.077765747
AL161781.2	0.042408114
AL161782.1	0
AL161785.1	2.687786963
AL161785.2	0.016221323
AL161785.3	0
AL161787.1	7.114448514
AL161788.1	0
AL161793.1	0
AL161798.1	0
AL161804.1	0
AL161891.1	0.118300891
AL161896.1	0
AL161901.1	0
AL161908.1	0.016616965
AL161908.2	0
AL161909.1	0.286105862
AL161909.2	0
AL161911.1	0.591313132
AL161912.1	0
AL161912.2	0
AL161912.3	0
AL161912.4	0
AL161931.1	0.063698366
AL161932.1	0
AL161932.2	0
AL161935.1	0
AL161935.2	0
AL161935.3	0.496737112
AL161937.1	0.025437984
AL161937.2	0.029454508
AL161938.1	0
AL162151.1	0
AL162151.2	2.67775029
AL162171.1	0.807496554
AL162171.2	0.207776327
AL162171.3	0.059168526
AL162231.1	0.606958897
AL162231.2	3.487413689
AL162231.3	0
AL162231.4	0.04800796
AL162233.1	0
AL162253.1	0
AL162254.1	0.098552189
AL162258.1	0.015748541
AL162258.2	0.550078298
AL162274.1	0.228339497
AL162274.2	1.321549228
AL162274.3	0.070561972
AL162293.1	0
AL162311.1	0.208583002
AL162311.2	0.110506333
AL162311.3	0.038259011
AL162373.1	0
AL162376.1	0
AL162377.1	0.971032439
AL162377.2	0
AL162384.1	0
AL162385.1	0
AL162385.2	0.384872231
AL162386.1	0
AL162386.2	0.137153593
AL162388.1	0
AL162389.1	0
AL162390.1	0.150912982
AL162391.1	0
AL162393.1	0
AL162394.1	0
AL162395.1	0
AL162399.1	0
AL162400.1	0
AL162400.2	0
AL162408.1	0.398078009
AL162411.1	0.297904905
AL162412.1	0.048714398
AL162413.1	0.427358127
AL162414.1	0.021061556
AL162419.1	0.017949368
AL162424.1	0.921752823
AL162425.1	0.010275277
AL162426.1	0.27416874
AL162427.1	0.035694301
AL162430.1	0.054033786
AL162430.2	0.216135145
AL162431.1	0.041897856
AL162431.2	0.200397582
AL162431.3	0
AL162431.4	0.076252058
AL162457.1	0.054844293
AL162457.2	0.011572967
AL162464.1	0.056569668
AL162464.2	0.02979049
AL162497.1	0.030250575
AL162511.1	8.200349348
AL162574.1	0
AL162574.2	0.119252648
AL162574.3	0
AL162578.1	0
AL162582.1	0
AL162584.1	0
AL162586.1	3.689062367
AL162591.1	0
AL162591.2	0
AL162595.1	0.176370021
AL162595.2	0
AL162615.1	0.066357281
AL162632.1	0.028594522
AL162632.2	0
AL162632.3	0
AL162713.1	0
AL162724.1	0.210050911
AL162724.2	1.373651123
AL162725.1	0
AL162725.2	0
AL162726.1	0
AL162726.2	0
AL162726.3	0
AL162726.4	0
AL162727.1	0.005149457
AL162727.2	0.515714871
AL162730.1	0
AL162731.1	0
AL162734.1	0.099807631
AL162739.1	0
AL162741.1	0.331902011
AL162742.1	0.213529742
AL162742.2	0
AL162872.1	0
AL163051.1	0.10363623
AL163051.2	1.364444995
AL163153.1	0
AL163192.1	0
AL163193.1	0.01988553
AL163195.1	0
AL163195.2	0.011672103
AL163195.3	0
AL163540.1	0.121785995
AL163636.1	0.137003698
AL163636.2	0.397498213
AL163642.1	0
AL163642.2	0
AL163932.1	0
AL163952.1	0.010336278
AL163953.1	0
AL163973.1	0
AL163973.2	0
AL163973.3	0
AL163974.1	0
AL352955.1	0
AL352977.1	0
AL352977.2	0
AL352979.1	0
AL352979.2	0
AL352979.3	0
AL352984.1	0
AL352984.2	0
AL353052.1	0
AL353052.2	0
AL353072.1	0
AL353093.1	0
AL353132.1	0
AL353133.1	0.039076803
AL353133.2	0
AL353135.1	0.155454345
AL353148.1	0
AL353149.1	0
AL353150.1	2.822979022
AL353151.1	0.025943374
AL353152.1	0.633459919
AL353193.1	0
AL353194.1	0.852778122
AL353572.1	0
AL353572.2	0.104744639
AL353581.1	0
AL353583.1	0.042236652
AL353588.1	0.049065693
AL353593.1	0.087164489
AL353593.2	0.042265133
AL353593.3	0.102551034
AL353596.1	0.019835187
AL353597.1	0.031402401
AL353597.2	0
AL353597.3	0.020920959
AL353600.1	0.062429474
AL353604.1	0
AL353608.1	0
AL353608.2	0
AL353608.3	0.002966641
AL353608.4	0
AL353611.1	0
AL353611.2	0.005408974
AL353612.1	0
AL353613.1	0
AL353614.1	0
AL353615.1	0
AL353616.1	0.00547895
AL353616.2	0.00901081
AL353621.1	0.128969531
AL353621.2	0
AL353622.1	0.547838696
AL353622.2	0.073740226
AL353625.1	0.300283577
AL353626.1	0.123627598
AL353626.2	0.241073815
AL353626.3	0
AL353633.1	0
AL353637.1	0
AL353649.1	0
AL353651.1	0
AL353653.1	0.032509954
AL353658.1	0
AL353658.2	0
AL353662.1	0.095839743
AL353662.2	0.267236865
AL353662.3	0
AL353678.1	0.021146826
AL353680.1	0
AL353681.1	0
AL353684.1	0
AL353689.1	0
AL353689.2	0
AL353691.1	0
AL353691.2	0
AL353692.1	0
AL353692.2	0
AL353693.1	0
AL353699.1	0
AL353705.1	0
AL353705.2	0.02367039
AL353705.3	0
AL353705.4	0.131678975
AL353706.1	0
AL353708.1	0.162058372
AL353708.2	0.070110953
AL353708.3	0.079220415
AL353718.1	0
AL353719.1	0.145090722
AL353726.1	0
AL353726.2	0
AL353729.1	0
AL353729.2	0
AL353732.1	0
AL353740.1	0
AL353742.1	0.069954455
AL353743.1	3.046905165
AL353743.2	0.032044577
AL353743.3	0.096068244
AL353743.4	0.040516608
AL353746.1	0.009109024
AL353747.1	0
AL353747.2	0.076438039
AL353747.3	0
AL353747.4	0
AL353748.1	0
AL353748.2	0.06653842
AL353751.1	0.06193596
AL353752.1	0.060268454
AL353753.1	0
AL353754.1	0.092175282
AL353763.1	0.288755491
AL353763.2	0.979877016
AL353764.1	0.363645101
AL353765.1	0
AL353768.1	0.032176177
AL353770.1	0
AL353770.2	0
AL353770.3	0
AL353770.4	0.03197918
AL353771.1	0.102865195
AL353778.1	0
AL353779.1	0
AL353779.2	0
AL353780.1	0
AL353784.1	0
AL353795.1	0
AL353795.2	0
AL353795.3	0.090688063
AL353796.1	0.319101101
AL353801.1	0.036870113
AL353801.2	0.021703321
AL353801.3	0.173466398
AL353803.1	0.039174495
AL353803.2	0.015257836
AL353803.3	0
AL353803.4	0.016204548
AL353803.5	0.111133319
AL353804.1	0.868614079
AL353804.2	0.270947516
AL353807.1	0.118351949
AL353807.2	0.213679064
AL353807.3	0.19391766
AL353807.4	0.975551626
AL353811.1	0
AL353813.1	0
AL353898.1	0.263357949
AL353898.2	0
AL353898.3	0.250002475
AL353996.1	0
AL353997.1	0
AL353997.2	0.028461793
AL353997.3	0
AL353997.4	0
AL353997.5	0
AL354674.1	0
AL354676.1	0
AL354685.1	0
AL354685.2	0
AL354692.1	0
AL354694.1	0.080495538
AL354695.1	0
AL354696.1	0.882805521
AL354696.2	0.160657028
AL354702.1	0.055963564
AL354707.1	0.149025906
AL354707.2	0
AL354707.3	0.189363118
AL354710.1	0.254793463
AL354710.2	0
AL354712.1	0
AL354714.1	1.012374589
AL354714.2	0.514232204
AL354714.3	1.825872114
AL354714.4	0.132794898
AL354718.1	1.489827993
AL354718.2	0
AL354718.3	0.161822354
AL354719.1	0
AL354719.2	0.323310825
AL354726.1	0.155918388
AL354732.1	0.073798107
AL354733.1	0
AL354733.2	0.070286693
AL354733.3	1.366084953
AL354740.1	0.058617562
AL354751.1	0
AL354751.2	0
AL354751.3	0
AL354754.1	0.025071677
AL354760.1	0.268068084
AL354761.1	0
AL354766.1	0
AL354766.2	0.074088879
AL354771.1	0
AL354793.1	0.043954553
AL354794.1	0.030367826
AL354794.2	0.037667784
AL354796.1	0
AL354798.1	0.238142827
AL354809.1	0.099807631
AL354810.1	0
AL354811.1	0
AL354813.1	0.012859908
AL354821.1	0
AL354824.1	0.044899135
AL354824.2	0
AL354836.1	7.202124482
AL354854.1	0
AL354861.1	0
AL354861.2	0
AL354861.3	0.071462594
AL354863.1	0.029733962
AL354864.1	0
AL354868.1	0.032509954
AL354872.1	0
AL354872.2	0.605271167
AL354877.1	0.189706998
AL354890.1	0
AL354892.1	0
AL354892.2	0.544360228
AL354892.3	0.346081428
AL354893.1	1.936210672
AL354893.2	0.23697237
AL354896.1	0
AL354919.1	0
AL354919.2	0.933768223
AL354920.1	1.146907613
AL354928.1	0.050793511
AL354936.1	0
AL354941.1	0.067542233
AL354943.1	0.060191286
AL354949.1	0
AL354950.1	0.11035069
AL354950.2	0
AL354956.1	0
AL354976.1	0
AL354977.1	0.115388792
AL354977.2	0.129146687
AL354979.1	0
AL354980.1	0
AL354983.1	0
AL354984.1	0
AL354984.2	0
AL354984.3	0
AL354989.1	0.345475861
AL354989.2	0
AL354993.1	0.052551152
AL354993.2	0.115644266
AL354994.1	0
AL355001.1	0.211754027
AL355001.2	1.591977798
AL355032.1	0.500861123
AL355073.1	0.121236348
AL355073.2	0.196927443
AL355075.1	0.033482474
AL355075.2	0.852332108
AL355075.3	0
AL355075.4	0.049121624
AL355075.5	0
AL355076.1	0.116072578
AL355076.2	0.042047758
AL355076.3	0.053389431
AL355095.1	0
AL355096.1	0.035055476
AL355097.1	0
AL355102.1	0.170323891
AL355102.2	0
AL355102.3	0
AL355102.4	0.042465577
AL355102.5	0.082184255
AL355103.1	0
AL355112.1	0
AL355140.1	0
AL355143.1	0
AL355149.1	0
AL355297.1	0
AL355297.2	0
AL355297.3	0.140536305
AL355297.4	0.240066543
AL355298.1	0
AL355300.1	0
AL355301.1	0
AL355303.1	0.069131462
AL355304.1	3.67702841
AL355306.1	0
AL355306.2	0
AL355309.1	0.200894846
AL355310.1	0
AL355310.2	0
AL355310.3	0
AL355312.1	0
AL355312.2	0.138606221
AL355312.3	1.858277326
AL355314.1	0
AL355314.2	0
AL355315.1	0
AL355333.1	0
AL355334.1	0
AL355336.1	0.009349521
AL355338.1	2.231187009
AL355339.1	0
AL355340.1	0.091103477
AL355353.1	0.617295072
AL355355.1	0.414963125
AL355355.2	1.112648378
AL355357.1	0
AL355365.1	0
AL355375.1	0
AL355375.2	0
AL355376.1	0
AL355376.2	0
AL355377.1	0.037918446
AL355377.2	0.062643396
AL355379.1	0
AL355385.1	0.038312465
AL355388.1	4.72829316
AL355388.2	0.399554423
AL355390.1	0
AL355390.2	0
AL355432.1	0.083349989
AL355433.1	0
AL355472.1	2.043886695
AL355472.2	0.894394863
AL355472.3	0.076438039
AL355472.4	0.150189757
AL355478.1	0
AL355480.1	0.316561576
AL355480.2	0
AL355480.3	0
AL355480.4	0
AL355482.1	0.012724156
AL355482.2	0.027370826
AL355483.1	0
AL355483.2	0
AL355483.3	0.020837497
AL355483.4	0
AL355488.1	0.709264541
AL355490.1	0.038931175
AL355490.2	0.057189044
AL355493.1	0
AL355493.2	0
AL355493.4	0
AL355497.1	0
AL355497.2	0
AL355499.1	0.822664395
AL355500.1	0
AL355512.1	0
AL355516.1	0
AL355526.1	0
AL355537.1	0
AL355537.2	0
AL355574.1	0.957318848
AL355578.1	0
AL355581.1	0.064706668
AL355592.1	0
AL355596.1	0.003921371
AL355598.1	0
AL355601.1	0.366974192
AL355607.1	0
AL355607.2	0
AL355613.1	0
AL355615.1	0
AL355674.1	0
AL355773.1	0
AL355796.1	0.048513306
AL355802.1	0.444155272
AL355802.2	0.603790381
AL355803.1	2.083749733
AL355810.1	0.028387315
AL355812.1	0.072545361
AL355816.1	0
AL355816.2	0
AL355834.1	0
AL355836.1	0
AL355838.1	0
AL355852.1	0
AL355862.1	0.044390363
AL355863.1	0
AL355864.1	0.387276376
AL355864.2	0.145258846
AL355870.1	0.172574868
AL355877.1	0.117854952
AL355877.2	0.043770385
AL355877.3	0
AL355916.1	0.253977125
AL355916.2	1.162683156
AL355916.3	0
AL355922.1	0.232489584
AL355922.2	0.123295978
AL355922.3	0.054220754
AL355922.4	0
AL355922.5	0
AL355974.1	0.01834871
AL355974.2	0.941836093
AL355974.3	0.033554171
AL355987.1	0.005910901
AL355987.2	0
AL355987.3	0.042638906
AL355987.4	0.292792073
AL355987.5	0.076252058
AL355989.1	0
AL355989.2	0
AL355990.1	0
AL355990.2	0
AL355994.1	0
AL355994.2	0
AL355994.3	0
AL355994.4	0
AL355994.5	0
AL355997.1	0
AL356000.1	0
AL356010.1	0
AL356010.2	0
AL356017.1	0
AL356019.1	0
AL356019.2	0.225081977
AL356020.1	0.014563009
AL356022.1	0
AL356052.1	0
AL356055.1	0.28107261
AL356056.1	0.017063301
AL356056.2	0.347866353
AL356056.3	0.341266018
AL356057.1	0
AL356057.2	0
AL356094.1	0
AL356095.1	0.551198924
AL356095.2	0
AL356102.1	0
AL356108.1	0.023214516
AL356121.1	0
AL356121.2	0
AL356124.1	0.145090722
AL356124.2	0.080152419
AL356130.1	0
AL356130.2	0
AL356131.1	0
AL356133.1	0
AL356133.2	0
AL356134.1	0
AL356157.1	0
AL356157.2	0.282338703
AL356215.1	0.761547019
AL356218.1	0.088780725
AL356218.2	0
AL356234.1	0.008808206
AL356234.2	0.059922746
AL356235.1	0.238299435
AL356258.1	0.027907031
AL356259.1	0
AL356266.1	0
AL356270.1	0.180112621
AL356272.1	0.018833892
AL356273.1	0
AL356273.2	0.048313868
AL356273.3	1.244760223
AL356274.1	0
AL356274.2	0
AL356276.1	0
AL356276.2	0
AL356277.1	0
AL356277.2	0
AL356277.3	0.024793984
AL356280.1	0
AL356289.1	0
AL356289.2	0
AL356289.3	0
AL356292.1	0.168040729
AL356299.1	0
AL356299.2	0.160441618
AL356309.1	0
AL356309.2	0.065381633
AL356309.3	0.056715918
AL356310.1	0.026785979
AL356311.1	0
AL356317.1	0.09820904
AL356320.1	0.09613373
AL356320.2	0
AL356321.1	0
AL356356.1	4.924793655
AL356361.1	0
AL356361.2	0
AL356364.1	0
AL356379.1	0.124363476
AL356387.1	0
AL356387.2	0
AL356390.1	0.039470524
AL356414.1	0.045684542
AL356417.1	0.074176559
AL356417.2	0.095315073
AL356421.1	0
AL356421.2	0
AL356423.1	0
AL356432.1	0
AL356432.2	0
AL356432.3	0
AL356441.1	0
AL356441.2	0.01813634
AL356458.1	0
AL356473.1	0
AL356475.1	0
AL356476.1	0
AL356479.1	0
AL356481.1	1.312124792
AL356481.2	0.029677648
AL356481.3	0.654043742
AL356488.1	0.205842995
AL356488.2	0
AL356488.3	0.227884874
AL356489.1	0
AL356489.2	0.102155713
AL356490.1	0
AL356498.1	0
AL356512.1	0.52262696
AL356515.1	0.113275648
AL356535.1	0.66931298
AL356575.1	0
AL356580.1	0
AL356583.1	0
AL356583.2	0
AL356583.3	0
AL356585.1	0
AL356585.2	0
AL356585.3	0
AL356585.4	0
AL356596.1	0
AL356599.1	0.351007574
AL356608.1	0.076438039
AL356652.1	0.110936623
AL356653.1	0.043527217
AL356740.1	0.27787614
AL356740.2	0
AL356740.3	0.048289054
AL356750.1	0.050223712
AL356752.1	0.026424617
AL356753.1	0.031060055
AL356756.1	0
AL356776.1	0
AL356800.1	0
AL356801.1	0.959375387
AL356804.1	0.069954455
AL356805.1	0
AL356806.1	0.017106766
AL356859.1	0
AL356863.1	0
AL356867.1	0
AL356961.1	0
AL356966.1	0.025864866
AL356967.1	0
AL356968.1	0
AL356968.2	0.062330143
AL356981.1	0
AL356986.1	0
AL357033.1	0.089171122
AL357033.2	0
AL357033.3	1.96510496
AL357033.4	2.020510754
AL357037.1	0
AL357052.1	0
AL357054.1	0
AL357054.2	0.222266638
AL357054.3	0.030500823
AL357054.4	1.536909825
AL357055.1	0.038219019
AL357055.2	0
AL357055.3	0.146565821
AL357060.1	0.59413373
AL357075.1	0
AL357075.2	0
AL357078.1	0
AL357078.2	0.036697419
AL357078.3	0.228200942
AL357079.1	0.450119871
AL357080.1	0
AL357084.1	0
AL357093.1	0.136854131
AL357093.2	1.002037799
AL357094.1	0
AL357127.1	0
AL357134.1	0.036783563
AL357137.1	0
AL357139.1	0
AL357140.1	0
AL357140.2	0.39174495
AL357140.3	0
AL357143.1	0.03326921
AL357153.1	0.005328051
AL357153.2	0.027734156
AL357153.3	0
AL357153.4	0
AL357172.1	0
AL357312.1	0
AL357314.1	0
AL357315.1	0
AL357315.2	0
AL357373.1	0
AL357375.1	0
AL357497.1	0.094112901
AL357500.1	0.224656602
AL357507.1	0.046845435
AL357514.1	0
AL357515.1	0.057822133
AL357518.1	0.109324172
AL357520.1	0
AL357552.1	0
AL357552.2	0.133171088
AL357556.1	0.02257896
AL357558.1	0
AL357558.2	0
AL357559.1	0
AL357562.1	0
AL357563.1	0
AL357568.1	0.039912883
AL357568.2	0.020658929
AL357632.1	0
AL357673.1	0
AL357673.2	0.003400564
AL357752.1	0
AL357793.1	0
AL357793.2	0
AL357832.1	0
AL357833.1	0.094169459
AL357833.2	0
AL357873.1	0.111133319
AL357874.1	0.081897899
AL357874.2	0.161544309
AL357936.1	0
AL357992.1	0
AL358072.1	0.027251823
AL358074.1	0
AL358075.1	0.144867162
AL358075.2	0.046223593
AL358075.3	0
AL358075.4	0
AL358115.1	0.019961526
AL358154.1	0
AL358176.1	0.087785983
AL358176.2	0
AL358176.3	0.069029947
AL358176.4	0.023214516
AL358176.5	0
AL358178.1	0.039470524
AL358215.1	0
AL358216.1	0.009456728
AL358232.1	0
AL358234.1	0
AL358292.1	0
AL358332.1	0
AL358333.1	0
AL358333.2	0
AL358333.3	0
AL358334.1	0
AL358334.2	0.003324098
AL358334.3	0.175736052
AL358335.1	0
AL358335.2	0
AL358335.3	0
AL358393.1	0
AL358394.1	0
AL358394.2	0
AL358394.3	0
AL358452.1	0
AL358453.1	0
AL358472.1	0.142885696
AL358472.2	1.127164595
AL358472.3	2.038961667
AL358473.1	0
AL358473.2	0.01834871
AL358612.1	0
AL358613.1	0
AL358613.2	0
AL358779.1	0
AL358781.1	0
AL358781.2	0.298156833
AL358852.1	0.135936733
AL358876.1	0
AL358876.2	0.03285073
AL358913.1	0
AL358913.2	0
AL358933.1	0.005537031
AL358934.1	0
AL358937.1	0
AL358942.1	0.039906107
AL358944.1	0
AL358972.1	0
AL358975.1	0.024547986
AL358976.1	0
AL359073.1	0.038882873
AL359075.1	0
AL359076.1	4.58901227
AL359081.1	0
AL359091.1	0.072931241
AL359091.2	0.072294339
AL359091.3	0
AL359091.4	1.750204313
AL359091.5	0.612999433
AL359092.1	0.295656566
AL359092.2	0
AL359094.1	0.037035684
AL359094.2	0
AL359095.1	0
AL359182.1	0.133644333
AL359182.2	0.051715505
AL359183.1	0.301342269
AL359195.1	0
AL359195.2	0.003551631
AL359198.1	0.274427285
AL359198.2	0
AL359212.1	0
AL359219.1	0
AL359220.1	0.729879296
AL359232.1	0.104639719
AL359233.1	0.129146687
AL359237.1	0.025479346
AL359238.1	0
AL359258.1	0
AL359258.2	0
AL359258.3	0.080668201
AL359263.1	0.016813088
AL359265.1	0.019710438
AL359265.2	0
AL359265.3	0.270635544
AL359273.1	0.017314694
AL359313.1	0.006833754
AL359314.1	0
AL359317.1	0.081331131
AL359317.2	0.066285101
AL359378.1	0.210050911
AL359382.1	0
AL359385.1	0.042930953
AL359396.1	0
AL359397.1	0.250216335
AL359397.2	0
AL359399.1	0.033917312
AL359458.1	0
AL359475.1	0
AL359502.1	0.022644217
AL359504.1	0
AL359504.2	0.137025092
AL359510.1	0.075335567
AL359510.2	0.125414124
AL359511.1	0
AL359513.1	0.450119871
AL359532.1	0.421879177
AL359535.1	0
AL359538.1	0.027490874
AL359541.1	0.136259113
AL359547.1	0
AL359547.2	0
AL359551.1	0
AL359555.1	0
AL359633.1	0
AL359633.2	0.100770405
AL359636.1	0.12007508
AL359636.2	0.181503452
AL359636.3	0
AL359641.1	0
AL359643.1	0.185222199
AL359643.2	0.129265061
AL359643.3	0.242045234
AL359644.1	0.071226355
AL359649.1	0
AL359672.1	0
AL359682.1	0
AL359692.1	0
AL359693.1	0
AL359694.1	0
AL359694.2	0.07762129
AL359697.1	0.240252439
AL359704.1	0.200637618
AL359704.2	0
AL359706.1	0
AL359710.1	0.121785995
AL359711.1	0
AL359711.2	0.377368988
AL359715.1	0.536292552
AL359715.2	0.273095867
AL359715.3	0.403748277
AL359715.4	0.282976036
AL359736.1	0.003769497
AL359736.2	0
AL359740.1	0.052938507
AL359741.1	0
AL359742.1	0
AL359745.1	0
AL359752.1	0.841718362
AL359757.1	0
AL359757.2	0
AL359764.1	0
AL359771.1	0
AL359792.1	0
AL359815.1	0.171776105
AL359821.1	0
AL359837.1	0.109197199
AL359839.1	0
AL359845.1	0.019016745
AL359851.1	0
AL359852.1	0
AL359853.1	0
AL359853.2	0.088780725
AL359853.3	0
AL359854.1	0.009830488
AL359878.1	0.151521012
AL359878.2	0.269505125
AL359880.1	0
AL359881.1	0.88032573
AL359881.2	0.30239961
AL359881.3	0.072840432
AL359885.1	0.069412173
AL359893.1	0
AL359915.1	0.069798655
AL359915.2	0.77172751
AL359918.1	0.017282865
AL359918.2	0
AL359920.1	0
AL359921.1	0.539244061
AL359921.2	1.846900684
AL359922.1	0
AL359922.2	0.161008862
AL359922.3	0.009383113
AL359924.1	0
AL359955.1	0
AL359955.2	0
AL359962.1	1.241172118
AL359962.2	0.517155049
AL359976.1	0
AL359979.1	0
AL359979.2	0.102249905
AL359999.1	0
AL360004.1	0.004809637
AL360007.1	0
AL360012.1	0
AL360013.1	0
AL360013.2	0
AL360014.1	0.007519097
AL360081.1	0.169403222
AL360085.1	0
AL360089.1	0
AL360091.1	0.157961673
AL360091.2	0
AL360091.3	0.040490434
AL360093.1	0.027832678
AL360157.1	0
AL360169.1	0
AL360169.2	0
AL360175.1	0
AL360181.1	0.255485837
AL360181.2	1.301644562
AL360181.3	0.009763114
AL360181.4	0
AL360182.1	0
AL360182.2	0
AL360219.1	0.128440967
AL360221.1	0.046775516
AL360227.1	0
AL360267.1	0.141169351
AL360268.1	0.081933584
AL360268.2	0.041236311
AL360270.1	0.092995834
AL360270.2	0.028799963
AL360270.3	0.139493751
AL360271.1	0.030725094
AL360271.2	0
AL360294.1	0.006432594
AL360295.1	0
AL365181.1	0.034288398
AL365181.2	0.029180257
AL365181.3	0.058360514
AL365181.4	0.143233985
AL365184.1	0
AL365184.2	0
AL365194.1	0.043406643
AL365199.1	0
AL365203.1	0
AL365203.2	2.011097069
AL365204.1	0
AL365204.2	0
AL365204.3	0
AL365205.1	2.375484
AL365205.2	0
AL365205.3	0
AL365209.1	0.031470319
AL365214.1	0
AL365214.2	0.07584607
AL365214.3	0
AL365217.1	0.006432594
AL365220.1	0.039272677
AL365222.1	0
AL365223.1	0.012081571
AL365226.1	0.044899135
AL365226.2	5.052227061
AL365232.1	0
AL365255.1	0
AL365258.1	0
AL365258.2	0.033198725
AL365259.1	0.050580368
AL365265.1	0
AL365271.1	0
AL365273.1	0
AL365273.2	0.095547549
AL365275.1	0.332692102
AL365277.1	0.085316505
AL365295.1	0.503125203
AL365318.1	0.022226664
AL365330.1	1.741088666
AL365338.1	0
AL365356.1	0.088780725
AL365356.2	0
AL365356.3	0.02385053
AL365356.4	0.102249905
AL365356.5	0.022481776
AL365357.1	0.395036924
AL365361.1	6.698264698
AL365366.1	0.110221322
AL365396.1	0
AL365400.1	0
AL365400.2	0
AL365434.1	0
AL365434.2	0
AL365436.1	0.221593103
AL365436.2	0.089371471
AL365440.1	0.021693306
AL365440.2	0
AL365475.1	0.144718504
AL365496.1	0
AL365500.1	0.108316576
AL365503.1	0
AL389885.1	0
AL389889.1	0
AL389895.1	0
AL389915.1	0
AL389925.1	0
AL390023.1	0
AL390026.1	0.068576796
AL390036.1	1.746797153
AL390037.1	0.10907052
AL390038.1	0
AL390039.1	0.025646151
AL390058.1	0
AL390061.1	0
AL390066.1	0.667089576
AL390067.1	0.074618086
AL390115.1	0
AL390119.1	0
AL390123.1	0
AL390195.1	0.254793463
AL390195.2	0.263357949
AL390198.1	0.587617425
AL390198.2	0
AL390205.1	0
AL390208.1	0.559635643
AL390237.1	0.011074062
AL390240.1	0
AL390243.1	0
AL390254.1	0
AL390294.1	0
AL390318.1	0.022809022
AL390334.1	0.009405641
AL390718.1	0
AL390719.1	0.332017829
AL390719.2	1.22246651
AL390726.1	0
AL390726.2	0
AL390726.3	0.024676847
AL390726.4	0
AL390726.5	0.079083335
AL390728.1	0.016146108
AL390728.2	0.121980463
AL390728.3	0.464290311
AL390728.4	14.33496335
AL390728.5	0
AL390728.6	8.815833382
AL390729.1	0
AL390729.2	0.200894846
AL390730.1	0
AL390730.2	0
AL390754.1	0
AL390755.1	0.069574831
AL390760.1	0.191095097
AL390763.1	0
AL390763.2	0.024560812
AL390774.1	0
AL390774.2	0
AL390778.1	0
AL390778.2	0.070744009
AL390783.1	0.03803349
AL390786.1	0
AL390816.1	0
AL390816.2	0
AL390816.3	0
AL390835.1	0
AL390838.1	0
AL390838.2	0
AL390840.1	0
AL390856.1	0
AL390860.1	0.016652283
AL390866.1	0.100233249
AL390877.1	0
AL390879.1	0.462372322
AL390882.1	0
AL390955.1	0.016777086
AL390955.2	0.426803836
AL390961.1	0
AL390961.2	0
AL390961.3	0
AL390962.1	0
AL390964.1	0
AL391001.1	1.512190296
AL391005.1	0
AL391056.1	0.153562741
AL391058.1	0.076140904
AL391069.1	0
AL391069.2	0.957318848
AL391069.3	1.34384999
AL391069.4	0
AL391094.1	0.097327938
AL391095.1	0.187662251
AL391095.2	0
AL391095.3	0.065290825
AL391097.1	0
AL391097.2	0.032308862
AL391099.1	0
AL391119.1	0
AL391121.1	0.685335865
AL391152.1	0.039745841
AL391156.1	0
AL391219.1	0.16221323
AL391244.1	3.692487052
AL391244.2	0.317436055
AL391244.3	1.028877084
AL391256.1	0
AL391261.1	0
AL391261.2	0.08108563
AL391261.3	0.060268454
AL391261.4	0.097732628
AL391262.1	0
AL391280.1	0.663974491
AL391335.1	0.029289342
AL391336.1	0
AL391358.1	0
AL391361.1	0
AL391361.2	0
AL391361.3	0
AL391380.1	0
AL391415.1	0
AL391416.1	0
AL391417.1	0
AL391419.1	0
AL391421.1	0
AL391422.1	0
AL391422.2	0
AL391422.3	1.322369769
AL391425.1	0.089499084
AL391427.1	0.22756968
AL391497.1	0
AL391516.1	0
AL391645.1	0
AL391646.1	0
AL391647.1	0
AL391650.1	0.218648344
AL391666.1	0.005669247
AL391669.1	0.219926989
AL391684.1	0.250884024
AL391704.1	0.004575124
AL391704.2	0
AL391704.3	0
AL391730.1	0
AL391807.1	0.249823781
AL391811.1	0
AL391813.1	0
AL391822.1	0.055764406
AL391825.1	0.390596138
AL391832.1	0
AL391832.2	0.348008719
AL391832.3	0.259311078
AL391834.1	2.434415045
AL391834.2	4.103994713
AL391839.1	0
AL391839.2	0.122739932
AL391840.1	0.341575978
AL391845.1	0.058252037
AL391845.2	0.008019344
AL391863.1	0
AL391863.2	0
AL391869.1	0
AL391883.1	0
AL391903.1	0.472240487
AL391903.2	0
AL391903.3	0
AL391987.1	0
AL391987.2	0
AL391987.3	0
AL391987.4	0.035694301
AL391987.5	0
AL391987.6	0
AL391988.1	0.887921586
AL391994.1	0.444533276
AL392003.1	0
AL392003.2	0
AL392023.1	0
AL392023.2	0.040771374
AL392046.1	0
AL392048.1	0.176065146
AL392086.1	0
AL392088.1	0
AL392089.1	0.174108867
AL392103.1	0
AL392112.1	0
AL392172.1	8.340612777
AL392183.1	0.006432594
AL392185.1	0
AL441883.1	0
AL441943.1	0
AL441943.2	0
AL441943.3	0
AL441963.1	0.098925492
AL441964.1	0
AL441985.1	0
AL441989.1	0.041020414
AL441992.1	3.312549208
AL442067.1	0.140536305
AL442067.2	0.259004926
AL442071.1	0
AL442125.1	0.177112529
AL442125.2	0.187437775
AL442128.1	0
AL442128.2	0.163227062
AL442163.1	0
AL442163.2	0
AL442163.3	0
AL442224.1	0.04007621
AL442638.1	0
AL442639.1	0
AL442644.1	0
AL442647.1	0.065155085
AL442647.2	0.018284478
AL442663.1	0
AL442663.2	0.122659867
AL442663.3	0.736480506
AL442663.4	0.704869806
AL445070.1	0
AL445072.1	0
AL445074.1	0
AL445123.1	0
AL445183.1	0
AL445183.2	0.142376572
AL445183.3	1.779240011
AL445187.1	0.180805361
AL445189.1	0
AL445189.2	0.060501151
AL445190.1	0
AL445193.1	0
AL445193.2	0
AL445209.1	0
AL445213.1	0.125861831
AL445218.1	0
AL445220.1	0.084095517
AL445222.1	0.623797691
AL445223.1	0
AL445224.1	0.042523197
AL445228.1	0
AL445228.2	0.016459872
AL445231.1	0.05636618
AL445235.1	0
AL445237.1	0
AL445238.1	0
AL445248.1	0.200894846
AL445250.1	0.416473036
AL445264.1	0
AL445288.1	0
AL445305.1	0.081755468
AL445307.1	0.364413907
AL445309.1	0.283616253
AL445363.1	0.02367039
AL445363.2	0
AL445363.3	0
AL445383.1	0
AL445423.1	0.760102141
AL445426.1	0.343761565
AL445430.1	0.291426858
AL445430.2	0.296949525
AL445433.1	0.487775813
AL445433.2	0
AL445435.1	0.094254424
AL445437.1	0.035532422
AL445465.1	0.049033789
AL445465.2	0.033990885
AL445466.1	0
AL445470.1	0.079432156
AL445471.1	0
AL445471.2	0
AL445472.1	1.524965445
AL445483.1	0.149033405
AL445487.1	0
AL445488.1	0
AL445489.1	0.043406643
AL445490.1	0.322697233
AL445493.1	0
AL445493.2	0.033163594
AL445493.3	1.149775534
AL445523.1	0
AL445524.1	1.611487551
AL445528.1	0.074618086
AL445528.2	0
AL445529.1	0.040282257
AL445531.1	0
AL445567.1	0
AL445567.2	0
AL445584.1	0
AL445584.2	0
AL445584.3	0
AL445623.1	0
AL445644.1	0
AL445645.1	0.206569842
AL445646.1	0.072545361
AL445647.1	0
AL445647.2	0
AL445649.1	0.158738909
AL445665.1	0
AL445669.1	0
AL445669.2	0.037220423
AL445670.1	0.078251176
AL445673.1	0.527348971
AL445675.1	0
AL445675.2	0
AL445685.1	0.020564039
AL445685.2	0
AL445686.1	0.135084465
AL445686.2	0.206038866
AL445687.1	0
AL445687.2	0
AL445928.1	0
AL445931.1	0.133549415
AL445933.1	1.020423955
AL445933.2	0.118262626
AL445985.1	0.345992053
AL445989.1	0
AL445991.1	0.395868581
AL449043.1	0
AL449106.1	0.007914039
AL449212.1	1.091127133
AL449266.1	0.028132492
AL449283.1	0.004604701
AL449363.1	0
AL449403.1	0.059618762
AL449403.2	0.017659427
AL449423.1	0.036022524
AL449983.1	0.075699507
AL450003.1	0
AL450023.1	0
AL450023.2	0
AL450023.3	0
AL450063.1	0.064220484
AL450124.1	0.532684351
AL450226.1	0.066210414
AL450226.2	0.071388601
AL450263.1	0.845058443
AL450263.2	0
AL450267.1	0
AL450270.1	0.320609678
AL450304.1	0
AL450306.1	0.079857408
AL450309.1	0
AL450311.1	0
AL450311.2	0.06230536
AL450313.1	0
AL450322.1	0
AL450322.2	0.02064532
AL450326.1	0.969053297
AL450326.2	0.16771955
AL450327.1	0.005953571
AL450332.1	0.095431169
AL450336.1	0
AL450338.1	0
AL450344.1	0
AL450344.2	0
AL450344.3	0.082908984
AL450345.1	0
AL450346.1	0
AL450346.2	0
AL450384.1	0.227648397
AL450384.2	0.955111497
AL450405.1	5.05797277
AL450423.1	0
AL450442.1	0
AL450468.1	0.10446532
AL450468.2	0.03318115
AL450469.1	0.06798177
AL450469.2	0
AL450471.1	0
AL450472.1	0
AL450472.2	0
AL450472.3	0
AL450487.1	0
AL450487.2	0
AL450992.1	0.0495759
AL450992.2	2.353566497
AL450992.3	0.027587673
AL450996.1	0.169473689
AL450998.1	2.718960382
AL450998.2	1.276186952
AL450998.3	0.459974501
AL451000.1	0
AL451007.1	0.975973577
AL451042.1	1.296214908
AL451042.2	0.953361604
AL451044.1	0
AL451046.1	0
AL451046.2	0
AL451047.1	0.115502197
AL451048.1	0
AL451049.1	0.031528769
AL451050.1	0.037758549
AL451050.2	0.022976243
AL451054.1	0
AL451054.2	0
AL451054.3	0
AL451060.1	0.0919949
AL451061.1	0
AL451062.1	0.033411083
AL451062.2	0
AL451063.1	0
AL451064.1	0.365961312
AL451064.2	0.227373127
AL451065.1	0
AL451067.1	0
AL451069.1	0.247157697
AL451069.2	2.690773393
AL451069.3	0.061874819
AL451070.1	0
AL451074.1	0.02535566
AL451074.2	0.123900728
AL451074.3	0.066397449
AL451074.4	0.033339996
AL451074.5	0
AL451074.6	0.064484765
AL451081.1	0
AL451081.2	0.083975338
AL451085.1	0.068129556
AL451085.2	0.35301172
AL451086.1	0
AL451105.1	0
AL451105.2	0
AL451107.1	0
AL451124.1	0
AL451127.1	0
AL451129.1	0
AL451137.1	0.035372005
AL451139.1	0.271730601
AL451140.1	0
AL451142.1	0
AL451142.2	0
AL451164.1	0.080357938
AL451164.2	0.078742703
AL451164.3	0
AL451165.1	0
AL451165.2	5.223265998
AL499605.1	0
AL499616.1	0.011902619
AL499627.1	0
AL499627.2	0
AL500522.1	0
AL500522.2	0
AL500527.1	0.184350565
AL500527.2	0.329890484
AL512271.1	0
AL512274.1	1.028161388
AL512283.1	0.011322108
AL512286.1	0
AL512288.1	0.191484293
AL512288.2	0.042696997
AL512303.1	0.438080374
AL512306.1	0.036957071
AL512306.2	0.254219346
AL512306.3	0.252368635
AL512310.1	0
AL512310.10	0
AL512310.11	0
AL512310.2	0
AL512310.3	0
AL512310.4	0
AL512310.5	0
AL512310.6	0
AL512310.7	0
AL512310.8	0
AL512310.9	0
AL512324.1	0
AL512324.3	0
AL512326.1	0
AL512326.2	0
AL512326.3	0
AL512328.1	0.186406519
AL512329.1	0.019685676
AL512329.2	0.714863047
AL512330.1	0
AL512343.1	0.278162095
AL512343.2	0.159895898
AL512347.1	0
AL512353.1	0.310101135
AL512353.2	0
AL512353.3	0
AL512356.1	0
AL512356.2	0
AL512356.3	0
AL512357.1	0.030250575
AL512360.1	0
AL512361.1	0.037487555
AL512363.1	0
AL512366.1	0
AL512378.1	0.141774363
AL512380.1	0.028857823
AL512383.1	0.005853492
AL512408.1	0.188037576
AL512413.1	0.123061241
AL512422.1	0.568776697
AL512427.1	0
AL512430.1	0
AL512430.2	0
AL512430.3	0
AL512430.4	0
AL512444.1	0
AL512488.1	0.328212406
AL512504.1	0.020141129
AL512504.2	0.00820838
AL512506.1	0.13959731
AL512506.2	0.034213533
AL512506.3	0.078698762
AL512590.1	0
AL512590.2	0
AL512590.3	0.052849234
AL512593.1	0.020115273
AL512594.1	0
AL512598.1	0.516586747
AL512599.1	0.068626853
AL512604.1	0
AL512604.2	0
AL512604.3	0
AL512605.1	0
AL512605.2	0
AL512622.1	0
AL512624.1	0
AL512624.2	0
AL512625.1	0.148002815
AL512625.2	0.025071677
AL512625.3	0.018474178
AL512631.1	0.111927129
AL512631.2	0
AL512633.1	0
AL512634.1	0
AL512635.1	0
AL512637.1	0
AL512637.2	0
AL512638.1	0
AL512638.2	0.03001877
AL512638.3	0
AL512641.1	0
AL512646.1	0
AL512649.1	0
AL512649.2	0
AL512652.1	0
AL512652.2	0
AL512656.1	0.156307212
AL512658.1	0
AL512661.1	0
AL512662.1	0
AL512770.1	0.536893477
AL512782.1	0
AL512785.1	0
AL512785.2	0.013673471
AL512791.1	2.350469699
AL512791.2	0.064596694
AL512844.1	0.008808206
AL512844.2	0
AL512882.1	0
AL513008.1	0.681295565
AL513043.1	0
AL513122.1	0.02142146
AL513122.2	0.056097129
AL513123.1	0
AL513124.1	0
AL513128.1	0.033411083
AL513164.1	0
AL513165.1	2.277271681
AL513165.2	0
AL513174.1	0.024912238
AL513175.1	0.080357938
AL513175.2	0
AL513185.1	0
AL513185.2	0
AL513185.3	0
AL513188.1	0
AL513190.1	0.323310825
AL513210.1	0
AL513211.1	0.648852919
AL513217.1	0.210176128
AL513218.1	0.360685887
AL513283.1	0.019321576
AL513285.1	0
AL513302.1	0
AL513303.1	0.079542122
AL513303.2	0
AL513304.1	0
AL513314.1	0
AL513314.2	0.108543941
AL513318.1	0
AL513318.2	0.09345804
AL513320.1	0.503852026
AL513321.1	0
AL513323.1	0
AL513324.1	0
AL513325.1	0.015154544
AL513327.1	1.178649812
AL513327.2	0.095937539
AL513327.3	0.167055416
AL513328.1	0
AL513329.1	0.166953708
AL513331.1	0.157882096
AL513343.1	0.356131773
AL513348.1	0
AL513365.1	0.234314736
AL513365.2	0.592430926
AL513366.1	0.037667784
AL513412.1	0
AL513422.1	0
AL513423.1	0
AL513475.1	0
AL513475.2	0
AL513477.1	0.566378241
AL513477.2	0.358639743
AL513478.1	0
AL513478.2	0
AL513479.1	0
AL513480.1	0
AL513485.1	0.055632419
AL513497.1	0.082749773
AL513523.1	0.107737343
AL513523.2	0.030725094
AL513523.3	0.099175937
AL513523.4	0.133359983
AL513533.1	0
AL513534.1	0.191178363
AL513534.2	0
AL513542.1	0
AL513548.1	0
AL513548.2	0.012982434
AL513548.3	0
AL513550.1	1.262767604
AL583722.1	0.023978268
AL583722.2	0
AL583722.3	0
AL583722.4	0.021885193
AL583785.1	0.397865965
AL583803.1	0.046915563
AL583804.1	0
AL583805.1	0.11803991
AL583805.2	0
AL583808.1	0.062804802
AL583808.2	0
AL583810.1	0.164945242
AL583810.2	0.038524396
AL583810.3	0.107327384
AL583824.1	0.164512315
AL583832.1	0.279817821
AL583834.1	0.182738169
AL583835.1	0
AL583835.2	0
AL583836.1	0.013085426
AL583839.1	0.907079479
AL583839.2	0
AL583843.1	0
AL583844.1	0
AL583854.1	0
AL583856.1	0.014232332
AL583856.2	0.490582994
AL583859.1	0
AL583859.2	0
AL583859.3	0
AL589182.1	0
AL589182.2	0
AL589642.1	0
AL589642.2	0
AL589647.1	0.134504704
AL589655.1	0
AL589666.1	0.018766225
AL589666.2	0
AL589674.1	0.092995834
AL589678.1	0
AL589684.1	0
AL589739.1	0.12713832
AL589740.1	0
AL589743.1	0.002423789
AL589743.2	0
AL589743.3	0
AL589743.4	0
AL589743.5	0
AL589743.6	0
AL589743.7	0
AL589743.8	0
AL589745.1	0.004697182
AL589745.2	0
AL589763.1	0
AL589765.1	0.121785995
AL589765.2	0
AL589765.3	0
AL589765.4	0.246122482
AL589765.5	0
AL589765.6	0.085627311
AL589765.7	0.124561192
AL589794.1	0
AL589823.1	0
AL589826.1	0.05677463
AL589843.1	5.714867504
AL589843.2	1.442716616
AL589863.1	0.024833277
AL589872.1	0
AL589880.1	1.801753776
AL589923.1	0
AL589935.1	0.154606248
AL589935.2	0.140022565
AL589946.1	0
AL589986.1	0
AL589986.2	0.039470524
AL589987.1	0
AL589987.2	0
AL589990.1	0.026469253
AL589993.1	0.105541429
AL589994.1	0
AL589994.2	0
AL590002.1	0
AL590004.1	0
AL590004.2	0.042236652
AL590004.3	0
AL590004.4	0.002219518
AL590006.1	0.041674995
AL590032.1	0
AL590065.1	0
AL590068.1	0.202751545
AL590068.2	0
AL590079.1	0.031892398
AL590084.1	0
AL590084.2	0
AL590084.3	0
AL590093.1	0.075456491
AL590094.1	0.77183202
AL590095.1	0
AL590095.2	0
AL590096.1	0.119464788
AL590099.1	0
AL590103.1	0
AL590128.1	0.109579007
AL590133.1	0.340647782
AL590133.2	0
AL590135.1	0.100447423
AL590139.1	0.430919445
AL590143.1	0
AL590226.1	21.66201877
AL590227.1	0
AL590229.1	0
AL590233.1	0
AL590235.1	1.00097432
AL590235.2	0.033590135
AL590240.1	0
AL590240.2	0
AL590240.3	0
AL590240.4	0
AL590282.1	0.234495216
AL590286.1	0.053848103
AL590290.1	0
AL590302.1	0
AL590302.2	0
AL590326.1	0.154129161
AL590365.1	0
AL590369.1	0.133359983
AL590378.1	0
AL590383.1	0
AL590385.1	0
AL590385.2	0.056671964
AL590392.1	0
AL590396.1	0
AL590399.1	0.005784348
AL590399.2	0
AL590399.3	0.059732394
AL590399.4	0.104291501
AL590399.5	0
AL590399.6	0
AL590408.1	0
AL590410.1	0
AL590422.1	0
AL590426.1	0.00685768
AL590426.2	0.01993613
AL590428.1	0.087363293
AL590432.1	0
AL590438.1	0.031692744
AL590440.1	0
AL590483.1	0
AL590483.2	0
AL590483.3	0
AL590490.1	0
AL590491.1	0
AL590491.2	0.080772155
AL590491.3	0
AL590502.1	0
AL590552.1	0
AL590556.1	1.005722024
AL590559.1	0
AL590560.1	0.023009982
AL590560.2	0.89908677
AL590560.3	1.291653631
AL590609.1	0
AL590609.2	0
AL590609.3	0
AL590617.1	0
AL590617.2	0.924774964
AL590623.1	0
AL590627.1	0.06831034
AL590632.1	0
AL590635.1	0
AL590639.1	0.139493751
AL590640.1	0
AL590640.2	0
AL590644.1	0
AL590648.1	0.034064778
AL590648.2	0.007042606
AL590648.3	0.761956351
AL590652.1	0.534616637
AL590664.1	0
AL590666.1	0.542833649
AL590666.2	0.165380454
AL590666.3	0.007603007
AL590677.1	0.164945242
AL590682.1	0.364413907
AL590683.1	0.025424226
AL590704.1	0
AL590705.1	0.17497293
AL590705.2	0
AL590705.3	0.099175937
AL590705.4	0
AL590705.5	0.211696812
AL590714.1	0.041345113
AL590723.1	0.124561192
AL590727.1	0
AL590729.1	0.164081654
AL590730.1	0
AL590762.1	0.290181444
AL590762.2	0.054885457
AL590762.3	0.097936237
AL590762.4	0.185807881
AL590763.1	0.010142264
AL590764.1	2.179958123
AL590783.1	0
AL590787.1	0.047664785
AL590808.1	0
AL590822.1	0
AL590822.2	0.070954757
AL590824.1	0
AL590867.1	0
AL590867.2	11.14764153
AL590867.3	0
AL590999.1	0.475535159
AL591030.1	0
AL591034.1	0.087296925
AL591034.2	0
AL591043.1	0
AL591074.1	0
AL591122.1	0
AL591135.1	0.029145718
AL591167.1	0
AL591178.1	0.655784498
AL591178.2	0
AL591212.1	0
AL591212.2	0
AL591222.1	0
AL591222.2	0
AL591222.3	0
AL591242.1	0
AL591368.1	0.00831289
AL591379.1	0.00931617
AL591379.2	0
AL591416.1	0
AL591419.1	0
AL591424.1	0
AL591424.2	0
AL591424.3	0.035939904
AL591438.1	0
AL591438.2	0.181415896
AL591441.1	0
AL591441.2	0
AL591468.1	0.355510251
AL591471.1	0
AL591473.1	0
AL591479.1	0.024676847
AL591499.1	0
AL591501.1	0.122420297
AL591503.1	0
AL591503.2	0
AL591503.3	0
AL591504.1	0
AL591516.1	0
AL591623.1	0
AL591623.2	0.211754027
AL591643.1	0
AL591644.1	0
AL591684.1	0
AL591684.2	0.086786574
AL591684.3	0
AL591686.1	0.490959728
AL591686.2	0.62679192
AL591704.1	0
AL591704.2	0
AL591719.1	0.021061556
AL591719.2	0
AL591721.1	0.125191462
AL591742.1	0
AL591767.1	0
AL591767.2	0
AL591767.3	0
AL591770.1	0
AL591806.1	0.084777987
AL591806.2	0.996345537
AL591806.3	0.355794846
AL591845.1	1.006004441
AL591846.1	0.289511279
AL591846.2	0.393933469
AL591848.1	0.145991907
AL591848.2	0.06003754
AL591848.3	0.158387446
AL591848.4	0.148935292
AL591866.1	0.78153606
AL591885.1	0.03484113
AL591895.1	14.67917858
AL591896.1	0
AL591926.1	0
AL591926.2	0
AL591926.3	0
AL591926.4	0
AL591926.5	0
AL591926.6	0
AL591926.7	0
AL591926.8	0
AL592043.1	0
AL592043.2	0
AL592045.1	0
AL592049.1	0
AL592071.1	0.038406368
AL592076.1	0
AL592078.1	0
AL592114.1	0.356869105
AL592114.2	0
AL592114.3	0
AL592146.1	0
AL592148.1	0.035213029
AL592148.2	0
AL592148.3	0.586284959
AL592156.1	0.051545388
AL592161.1	0.018199533
AL592164.1	0.015860119
AL592166.1	0.245800753
AL592182.1	0
AL592182.2	0
AL592211.1	0.189172612
AL592221.1	0
AL592227.1	0
AL592291.1	0
AL592293.1	0.290181444
AL592293.2	0
AL592295.1	0.070904063
AL592295.2	0.152133961
AL592301.1	0.108818042
AL592309.1	0
AL592309.2	0
AL592310.1	0
AL592402.1	0
AL592424.1	0.081613531
AL592429.1	0.074466114
AL592430.1	0.155918388
AL592431.1	0
AL592431.2	0
AL592435.1	0.198789495
AL592435.2	0
AL592436.1	0
AL592437.1	0
AL592437.2	0.012875758
AL592447.1	0
AL592463.1	0
AL592464.1	0
AL592464.2	0
AL592466.1	0
AL592486.1	0
AL592490.1	0
AL592494.1	0
AL592494.2	0
AL592494.3	0.135084465
AL592504.1	0
AL592528.1	0
AL592546.1	0.226442168
AL593851.1	0
AL593856.1	0
AL596028.1	0
AL596087.1	0.063666015
AL596087.2	0
AL596092.1	0
AL596094.1	0.567746304
AL596188.1	0
AL596202.1	0.238497573
AL596211.1	0
AL596218.1	0.017088111
AL596220.1	0.206181553
AL596223.1	0.032425862
AL596223.2	0.072211051
AL596244.1	0.605395741
AL596245.1	0
AL596247.1	0.42542438
AL596266.1	0
AL596268.1	0
AL596275.1	0
AL596276.1	0
AL596276.2	0
AL596325.1	0
AL596325.2	2.916754478
AL596327.1	0
AL596330.1	0
AL596442.1	0.036526336
AL596442.2	4.125314166
AL596448.1	0
AL596451.1	0
AL603650.1	0
AL603750.1	1.003889213
AL603755.1	0
AL603756.1	0.181111858
AL603758.1	0
AL603766.1	0.023599093
AL603825.1	3.525704549
AL603832.1	0.383892601
AL603832.2	0
AL603832.3	0.014535991
AL603839.1	0
AL603839.2	0.315691901
AL603839.3	0.751114284
AL603839.4	0.062367355
AL603840.1	0.003856706
AL603841.1	0
AL603865.1	0
AL603865.2	0
AL603882.1	0.069029947
AL603908.1	0
AL603910.1	0.338806443
AL603910.2	0
AL603914.1	0.076812735
AL603962.1	0
AL604028.1	2.48934918
AL604028.2	0.218740835
AL606462.1	0
AL606468.1	0.092175282
AL606469.1	6.306566681
AL606489.1	0.709332419
AL606489.2	0
AL606490.1	0
AL606490.2	0.070690818
AL606490.3	0
AL606490.4	0
AL606490.5	0
AL606490.6	0
AL606490.7	0
AL606490.8	0
AL606490.9	0
AL606491.1	1.103049962
AL606495.1	0.038548089
AL606495.2	0
AL606516.1	0
AL606517.1	0.040490434
AL606517.2	0
AL606519.1	0
AL606530.1	0
AL606534.1	0.383842314
AL606534.2	0.010732738
AL606534.3	0
AL606534.4	0
AL606534.5	0.088245041
AL606534.6	0
AL606537.1	0
AL606662.1	0
AL606748.1	0.023923356
AL606752.1	0
AL606753.1	0
AL606760.1	0.013268246
AL606760.2	0.268187252
AL606760.3	0.008727261
AL606760.4	0
AL606763.1	0.440925052
AL606804.1	0
AL606807.1	0.128969531
AL606834.1	1.31363576
AL606834.2	0.695031363
AL606845.1	0
AL606923.1	0
AL606970.1	0
AL606970.2	0
AL606970.3	0
AL606970.4	0
AL607023.1	0
AL607028.1	0.059205786
AL607033.1	0
AL607077.1	0
AL611929.1	0
AL626787.1	0
AL627082.1	0
AL627095.1	0
AL627171.1	0.059899839
AL627223.1	0.070904063
AL627224.1	0
AL627230.1	0
AL627230.2	0.382773691
AL627230.3	0
AL627230.4	0
AL627230.5	0
AL627230.6	0
AL627230.7	0
AL627230.8	0
AL627231.1	0
AL627308.1	0.038172468
AL627308.2	0
AL627309.1	0.063082923
AL627309.2	0
AL627309.3	0
AL627309.4	0
AL627309.5	0.075882799
AL627309.6	4.192449265
AL627309.7	8.497003137
AL627311.1	0
AL627313.1	0
AL627389.1	0.198855304
AL627390.1	0
AL627402.1	0.596944685
AL627422.1	0
AL627443.1	0
AL645465.1	0
AL645474.1	0
AL645504.1	0.034648531
AL645568.1	0.85147018
AL645568.2	0
AL645568.3	0.049587968
AL645608.1	0.23399024
AL645608.2	0.399230522
AL645608.3	0.015448371
AL645608.4	0.20350387
AL645608.5	0.035372005
AL645608.6	0
AL645608.7	0
AL645608.8	0.646022353
AL645608.9	0.018902048
AL645634.1	0
AL645634.2	0.038126029
AL645638.1	0
AL645728.1	0.35053808
AL645730.1	0.008242924
AL645733.1	0
AL645820.1	0
AL645922.1	0.011553058
AL645924.1	0.142452709
AL645924.2	0.139287093
AL645927.1	0
AL645929.1	0.315220923
AL645933.1	0.102921497
AL645933.2	4.310168131
AL645937.1	0
AL645939.1	1.160725777
AL645939.2	0.128969531
AL645940.1	0.079140394
AL645941.1	0.231801745
AL645941.2	0.409667921
AL645941.3	0
AL645944.1	0
AL645949.1	0.028646797
AL645949.2	0
AL645998.1	0.227098522
AL646090.1	0
AL662789.1	0
AL662791.1	0.049431539
AL662791.2	0
AL662795.1	3.217678433
AL662797.1	0.364885335
AL662799.1	0.040230547
AL662814.1	0
AL662844.1	0
AL662844.2	0
AL662844.3	0.788036263
AL662844.4	1.557041238
AL662860.1	0.107205003
AL662864.1	0
AL662874.1	0
AL662884.1	0.189363118
AL662889.1	0
AL662890.1	0.044202533
AL662899.1	0.02687787
AL662899.2	0.017119226
AL662907.1	0.288047757
AL662907.2	0.05453526
AL663023.1	0
AL663058.1	0
AL663061.1	0
AL663070.1	3.739138004
AL663074.1	0
AL663074.2	0
AL663109.1	0
AL669818.1	0
AL669831.1	0.333146806
AL669831.2	0
AL669831.3	0
AL669831.4	0.233609374
AL669831.5	0.142013757
AL669841.1	0
AL669918.1	0.017378704
AL669942.1	0
AL669942.2	0
AL669970.1	0
AL669970.2	0
AL669970.3	0.14644671
AL669983.1	0.049276094
AL670379.1	0
AL670379.10	0
AL670379.11	0
AL670379.12	0
AL670379.2	0
AL670379.3	0
AL670379.4	0
AL670379.5	0
AL670379.6	0
AL670379.7	0
AL670379.8	0
AL670379.9	0
AL670729.1	0.332221866
AL670729.2	0
AL670729.3	0.0272993
AL671309.1	0
AL671710.1	0.33354189
AL671862.1	0
AL671883.1	0.204833961
AL671883.2	1.043599059
AL671986.1	0.098448993
AL672032.1	0
AL672043.1	0
AL672138.1	0
AL672142.1	0
AL672207.1	0.35930747
AL672212.1	0
AL672277.1	0
AL672291.1	0
AL672296.1	0.007261259
AL683807.1	0.083907888
AL683807.2	0.085783566
AL683813.1	0.711319525
AL683813.2	0.031214737
AL683826.1	0
AL683842.1	0.149236171
AL683887.1	0
AL691403.1	0.046223593
AL691403.2	0.095937539
AL691420.1	0
AL691426.1	0
AL691432.1	0.275488713
AL691432.2	2.298954662
AL691432.3	0
AL691442.1	0
AL691447.1	0
AL691447.2	0.166699979
AL691449.1	0
AL691459.1	0
AL691477.1	0
AL691482.1	0
AL691482.2	0
AL691482.3	1.762256917
AL691497.1	0
AL691515.1	0
AL691515.2	0
AL691517.1	0
AL713851.1	0
AL713851.2	0
AL713866.1	0
AL713866.2	0
AL713922.1	0
AL713922.2	0.065655578
AL713923.1	0
AL713965.1	0.885684234
AL713998.1	0
AL713998.2	0
AL713999.1	0.020809825
AL714022.1	0.207546993
AL731532.1	0
AL731532.2	0
AL731533.1	0
AL731533.2	0.352434903
AL731534.1	0
AL731537.1	0.111661268
AL731537.2	0
AL731544.1	0
AL731547.1	0.040282257
AL731556.1	0.012667581
AL731556.2	0
AL731557.1	0.610785137
AL731563.1	0
AL731563.2	0.161544309
AL731563.3	0.146008101
AL731566.1	0.388306817
AL731566.2	0.296589236
AL731567.1	3.222144609
AL731568.1	0.433266304
AL731569.1	0.102483963
AL731571.1	0.574482277
AL731574.1	0
AL731575.1	0
AL731577.1	0.207672022
AL731577.2	0.423508054
AL731661.1	0
AL731661.2	0
AL731684.1	0
AL731684.2	0
AL731733.1	0.021232789
AL731768.1	0
AL731892.1	0.078874822
AL732292.1	0
AL732292.2	0.145765563
AL732314.4	0.060853584
AL732314.6	0.064751231
AL732323.1	0
AL732372.1	0
AL732372.2	0.228899386
AL732372.3	0.012647133
AL732414.1	0.164081654
AL732437.1	0
AL732618.1	0
AL772155.1	0
AL772155.2	0
AL772155.3	0
AL772161.1	0
AL772202.1	0
AL772284.1	0
AL772284.2	0
AL772337.1	0.046682616
AL772337.2	0.60698504
AL772337.3	0
AL772337.4	0
AL772363.1	0
AL773524.1	0
AL773545.1	0
AL773545.2	0
AL773545.3	0.732440983
AL773604.1	0
AL807752.1	0.165943398
AL807752.2	0
AL807752.3	0
AL807752.4	0.027016893
AL807752.5	0.286642646
AL807752.6	0
AL807757.1	0.073914141
AL807757.2	0.201152734
AL807761.1	0
AL807761.2	0.150464453
AL807761.3	0
AL807761.4	0
AL831737.1	0
AL831784.1	0
AL844175.1	0.048513306
AL844908.1	0.312434623
AL844908.2	0
AL845311.1	0
AL845321.1	0.017949368
AL845331.1	0
AL845331.2	0
AL845331.3	0.01545345
AL845472.1	0
AL845472.2	0.01152191
AL845552.1	0.242566532
AL845552.2	0.170015891
AL928654.1	0.261277895
AL928654.2	2.253633869
AL928654.3	0.600972366
AL928654.4	0.451109738
AL928711.1	0.068277987
AL928742.1	0.101095471
AL928921.1	0
AL928970.1	0.005360861
AL929236.1	0.211754027
AL929288.1	0
AL929288.2	0
AL929302.1	0
AL929325.1	0
AL929410.1	0
AL929410.2	0
AL929472.1	0
AL929472.2	0
AL929472.3	0
AL929472.4	0.022676987
AL929554.1	0
AL929601.1	0
AL929601.2	0
AL929601.3	0
AL929601.4	0
AL935212.1	0
AL935212.2	0
AL935212.3	0
AL935212.4	0
AL953862.1	0
AL953862.2	0
AL953897.1	0
AL954642.1	0
AL954650.1	0
AL954705.1	0.728827814
AL954722.1	0.242004602
ALAD	10.08175243
ALAS1	32.28497418
ALAS2	1.461241706
ALB	0.074242454
ALCAM	40.69912988
ALDH16A1	3.277056613
ALDH18A1	5.979155528
ALDH1A1	69.99983119
ALDH1A2	3.276808836
ALDH1A3	2.538333528
ALDH1B1	7.252264629
ALDH1L1	0.042282856
ALDH1L1-AS1	0
ALDH1L1-AS2	0
ALDH1L2	0.383133653
ALDH2	41.25251655
ALDH3A1	1.315815094
ALDH3A2	31.91231897
ALDH3B1	14.98397828
ALDH3B2	0.179221801
ALDH4A1	1.966689203
ALDH5A1	3.514005378
ALDH6A1	2.934568457
ALDH7A1	5.047166884
ALDH7A1P1	0
ALDH7A1P2	0
ALDH7A1P3	0
ALDH7A1P4	0
ALDH8A1	0.180301023
ALDH9A1	26.68792077
ALDOA	79.90501899
ALDOAP1	0.029071981
ALDOAP2	0
ALDOB	0.17901034
ALDOC	5.212562584
ALG1	2.474545502
ALG10	0.59980088
ALG10B	0.780136681
ALG11	0.928084199
ALG12	1.660705694
ALG13	5.700445125
ALG13-AS1	1.52680083
ALG14	1.542091612
ALG1L	0.501879651
ALG1L10P	0.443484849
ALG1L11P	0
ALG1L12P	0.144422101
ALG1L13P	0.758041368
ALG1L14P	0.036105525
ALG1L15P	0.019735262
ALG1L2	0.114988511
ALG1L3P	0
ALG1L5P	0.121943953
ALG1L6P	0.599504145
ALG1L7P	0.244840594
ALG1L8P	0
ALG1L9P	0.076750031
ALG1L9P	0.085627311
ALG2	15.50170093
ALG3	3.890307816
ALG3P1	0.014066246
ALG5	29.83975206
ALG6	1.684107582
ALG8	5.526239664
ALG9	0.926929271
ALG9-IT1	0
ALK	0.038428529
ALKAL1	0.077254551
ALKAL2	6.687020139
ALKBH1	4.925738188
ALKBH2	5.282569455
ALKBH3	8.356785186
ALKBH3-AS1	0.087278224
ALKBH4	2.128164606
ALKBH5	15.97435206
ALKBH6	0.492760943
ALKBH7	26.55788443
ALKBH8	1.509252625
ALLC	0
ALMS1	0.884171752
ALMS1-IT1	0.29748074
ALMS1P1	0.094738803
ALOX12	0.634938298
ALOX12-AS1	1.173895342
ALOX12B	0.997061695
ALOX12P1	0.025500078
ALOX12P2	0.121922389
ALOX15	0.451128144
ALOX15B	29.96822991
ALOX15P2	0
ALOX5	43.19486943
ALOX5AP	117.8752559
ALOXE3	0.033339996
ALPI	0.005953571
ALPK1	2.186779112
ALPK2	0.026584325
ALPK3	3.500638601
ALPL	56.73331917
ALPP	0.870828918
ALPPL2	0.169709004
ALS2	2.431052058
ALS2CL	8.673147548
ALS2CR12	0.333020375
ALX1	0.021688302
ALX3	0
ALX4	0.013625911
ALYREF	30.55311947
AMACR	0.566807493
AMBN	0.0077998
AMBP	0.414585542
AMBRA1	2.518032181
AMD1	21.61920067
AMD1P1	0.016995443
AMD1P2	0
AMD1P3	0.126115074
AMD1P4	0
AMDHD1	0.665062164
AMDHD2	2.153430782
AMELX	0
AMELY	0.018566111
AMER1	0.269112959
AMER2	0
AMER3	0
AMFR	15.67524079
AMH	0.211999586
AMHR2	0.120262804
AMIGO1	2.037926683
AMIGO2	11.71669931
AMIGO3	0.016425365
AMMECR1	1.38998515
AMMECR1-IT1	0.027931904
AMMECR1L	7.056510586
AMMECR1LP1	0
AMN	0.472185045
AMN1	2.506186784
AMOT	1.194310645
AMOTL1	8.429055264
AMOTL2	5.19795271
AMPD1	0.44573544
AMPD2	3.690658856
AMPD3	1.095709414
AMPH	0.200181947
AMT	2.934007342
AMTN	0.015110702
AMY1A	0.012510817
AMY1B	0
AMY1C	0
AMY2A	0
AMY2B	1.177692734
AMYH02020865.1	0
AMYP1	0
AMZ1	0.552052504
AMZ2	11.0923131
AMZ2P1	2.95281056
AMZ2P2	0.014824785
ANAPC1	0.632576823
ANAPC10	4.359853099
ANAPC10P1	0
ANAPC11	19.31583741
ANAPC13	23.64086946
ANAPC15	6.848402869
ANAPC16	57.14547747
ANAPC1P1	0.006128196
ANAPC2	5.929035004
ANAPC4	4.054408635
ANAPC5	9.393728056
ANAPC7	6.540165313
ANG	11.64824844
ANGEL1	4.483018291
ANGEL2	3.698408154
ANGPT1	9.292401251
ANGPT2	1.149504
ANGPT4	1.836409175
ANGPTL1	4.194882742
ANGPTL2	7.534719015
ANGPTL3	0.009642953
ANGPTL4	28.53645727
ANGPTL5	0.33748298
ANGPTL6	0.1436937
ANGPTL7	0.966234193
ANGPTL8	0.179376265
ANHX	0
ANK1	0.052237497
ANK2	1.733727375
ANK3	1.687253177
ANKAR	0.536115006
ANKDD1A	3.039480848
ANKDD1B	1.091689608
ANKEF1	1.131782486
ANKFN1	0.072430093
ANKFY1	3.291545386
ANKH	3.217608774
ANKHD1	0.652203926
ANKHD1-EIF4EBP3	0.412906403
ANKIB1	5.41300315
ANKK1	0.217133459
ANKLE1	0.180011689
ANKLE2	5.97468635
ANKMY1	0.987127642
ANKMY2	6.566600701
ANKRA2	3.960174596
ANKRD1	125.5959251
ANKRD10	22.30791316
ANKRD10-IT1	10.57711365
ANKRD11	3.761897931
ANKRD12	3.985234292
ANKRD13A	8.340170034
ANKRD13B	0.453796719
ANKRD13C	4.532135263
ANKRD13D	3.540624234
ANKRD16	1.198670392
ANKRD17	4.519658536
ANKRD18A	0.06233916
ANKRD18B	0.005350793
ANKRD18CP	0.052583215
ANKRD18DP	0.022716437
ANKRD18EP	0.565589213
ANKRD19P	0.265860163
ANKRD2	0.161989642
ANKRD20A1	0.004031335
ANKRD20A10P	0.062058606
ANKRD20A11P	0.019417346
ANKRD20A17P	0.141381636
ANKRD20A18P	0
ANKRD20A19P	0.016813088
ANKRD20A2	0.011889073
ANKRD20A21P	0.132082588
ANKRD20A3	0
ANKRD20A4	0.003474456
ANKRD20A5P	0.20154081
ANKRD20A6P	0
ANKRD20A7P	0.019473651
ANKRD20A8P	0.002225191
ANKRD20A9P	0.010523706
ANKRD22	1.537141177
ANKRD23	0.262686118
ANKRD24	0.273188253
ANKRD26	0.866268898
ANKRD26P1	0
ANKRD26P2	0
ANKRD26P3	0
ANKRD26P4	0
ANKRD27	4.25109351
ANKRD28	11.56583636
ANKRD29	18.43548914
ANKRD30A	0.003124586
ANKRD30B	0
ANKRD30BL	0
ANKRD30BP1	0
ANKRD30BP2	0
ANKRD30BP3	0
ANKRD31	0.049959503
ANKRD33	0.021146826
ANKRD33B	0.674331489
ANKRD33B-AS1	0
ANKRD34A	0.196032284
ANKRD34B	0.058411275
ANKRD34C	0.028484787
ANKRD34C-AS1	0
ANKRD35	0.782790979
ANKRD36	0.416456886
ANKRD36B	0.224482411
ANKRD36BP1	0
ANKRD36BP2	0.105218738
ANKRD36C	0.235759732
ANKRD36P1	0
ANKRD37	6.219330677
ANKRD39	1.584619347
ANKRD40	14.65185896
ANKRD42	1.370291675
ANKRD44	4.402051267
ANKRD44-IT1	0.263850668
ANKRD45	0.532913089
ANKRD46	6.354076162
ANKRD49	4.621834916
ANKRD50	3.294684613
ANKRD52	2.895892373
ANKRD53	0.483865496
ANKRD54	3.998644685
ANKRD54P1	0
ANKRD55	0.105201732
ANKRD6	2.67152277
ANKRD60	0
ANKRD61	0.249320573
ANKRD62	0.022794802
ANKRD62P1	0.009654835
ANKRD62P1-PARP4P3	0.013268246
ANKRD63	0
ANKRD65	3.490737904
ANKRD66	0.263143953
ANKRD7	0.038429915
ANKRD9	1.928590522
ANKS1A	9.436099397
ANKS1B	0.103491835
ANKS3	1.159103004
ANKS4B	0
ANKS6	1.902659479
ANKUB1	0.06230536
ANKZF1	3.101180809
ANLN	0.229364974
ANO1	3.346846075
ANO10	5.320084622
ANO1-AS1	0
ANO1-AS2	0.062429474
ANO2	0.400826168
ANO3	0.128207438
ANO4	0.018815047
ANO5	1.071905022
ANO6	14.01623947
ANO7	0.140326549
ANO7L1	0.519701843
ANO8	1.249429565
ANO9	1.486951993
ANOS1	14.46138676
ANOS2P	0.277809842
ANP32A	10.44583962
ANP32AP1	0.058360514
ANP32B	55.2085099
ANP32BP1	0.048326285
ANP32BP2	0
ANP32BP3	0
ANP32C	0
ANP32D	0.016322706
ANP32E	10.80585792
ANPEP	7.862243132
ANTXR1	12.34247864
ANTXR2	4.03659334
ANTXRL	0.005053144
ANTXRLP1	0.085674128
ANXA1	235.4008373
ANXA10	0.025943374
ANXA11	29.63327592
ANXA13	0.024702782
ANXA2	155.7852107
ANXA2P1	0.406128674
ANXA2P2	7.512285509
ANXA2P3	0.046636304
ANXA2R	1.320045849
ANXA3	68.21240778
ANXA4	26.02075042
ANXA5	228.7511612
ANXA6	27.22797035
ANXA7	61.43633937
ANXA8	0.84120409
ANXA8L1	1.331463543
ANXA9	2.068138728
AOAH	4.522366202
AOAH-IT1	0.054693885
AOC1	0.07785726
AOC2	0.601550393
AOC3	34.86911061
AOC4P	0.420300672
AOX1	3.646697049
AOX2P	0
AOX3P	0.003526851
AP000146.1	0
AP000221.1	0
AP000223.1	0.421987379
AP000229.1	0.252985975
AP000233.1	0
AP000233.2	0
AP000235.1	0
AP000238.1	0.588537014
AP000240.1	3.293430994
AP000244.1	0
AP000251.1	0.076252058
AP000253.1	0.01403475
AP000254.1	2.892885783
AP000255.1	0.417243142
AP000265.1	0.008793377
AP000266.1	0.026924052
AP000275.1	0
AP000275.2	0.06109083
AP000280.1	0
AP000281.1	0.247939842
AP000281.2	0
AP000282.1	0
AP000289.1	0.011513445
AP000290.1	0
AP000295.1	0.047009394
AP000302.1	0.070584676
AP000311.1	0
AP000317.1	0.116793525
AP000317.2	0.048891725
AP000320.1	0
AP000322.1	0
AP000322.2	0
AP000343.1	0.081401548
AP000344.1	0.078841751
AP000344.2	0.174385669
AP000345.1	0
AP000345.2	0.579826013
AP000346.1	0.273897113
AP000346.2	0.951257053
AP000346.3	0.149236171
AP000346.4	0.041128079
AP000347.1	0.286043089
AP000347.2	0.225572908
AP000350.1	0.088363523
AP000350.2	0.026664432
AP000350.3	0.216883017
AP000350.4	0
AP000350.5	0.102249905
AP000350.6	0.216825305
AP000350.7	0.005854221
AP000354.1	0.412363105
AP000355.1	0.359099537
AP000356.1	0
AP000357.1	0
AP000358.1	0.100447423
AP000365.1	0
AP000402.1	0
AP000403.1	0
AP000424.1	0.063354978
AP000424.2	0
AP000426.1	0
AP000431.1	0
AP000431.2	0
AP000432.1	0.060735651
AP000432.2	0
AP000435.1	0
AP000436.1	0.019587247
AP000437.1	0.187887266
AP000438.1	1.234336558
AP000439.1	0.215763139
AP000439.2	0
AP000439.3	0.013190066
AP000439.4	0
AP000442.1	0.142637953
AP000442.2	1.133998539
AP000445.1	0
AP000445.2	0
AP000446.1	0.02203135
AP000457.1	0
AP000459.1	0
AP000459.2	0
AP000462.1	0
AP000462.2	0
AP000462.3	0.094968473
AP000470.1	0
AP000472.1	0
AP000474.1	0
AP000477.1	0
AP000477.2	0
AP000484.1	0
AP000487.1	0.223999711
AP000487.2	0.039771061
AP000522.1	0
AP000523.1	0.044813531
AP000525.1	0.090315839
AP000526.1	0
AP000529.1	0.013953516
AP000532.1	0
AP000532.2	0.009057687
AP000533.1	0
AP000533.2	0
AP000533.3	0
AP000534.1	0
AP000534.2	0
AP000542.1	0
AP000542.2	0
AP000542.3	0
AP000547.1	0
AP000547.2	0
AP000550.1	0
AP000550.2	0
AP000552.1	0
AP000552.2	0
AP000552.3	0
AP000553.1	0
AP000553.2	0.036441391
AP000553.3	0.177662109
AP000560.1	0.040448627
AP000561.1	0
AP000563.1	0
AP000567.1	0
AP000568.1	0
AP000569.1	0.132570203
AP000577.1	0.071388601
AP000580.1	0.700326167
AP000590.1	0
AP000593.1	0.044016286
AP000593.2	0
AP000593.3	0.162662263
AP000619.1	0.062679192
AP000619.2	0
AP000619.3	0
AP000640.1	0.071307386
AP000640.2	0.085720996
AP000641.1	0
AP000648.1	0
AP000648.2	0
AP000648.3	1.394184379
AP000654.1	0
AP000654.2	0.160441618
AP000662.1	0.20906029
AP000676.1	0
AP000676.2	0
AP000676.3	0
AP000676.4	0
AP000679.1	0.015059873
AP000688.1	0.254497879
AP000688.2	0.060371653
AP000688.3	0
AP000688.4	0
AP000692.1	0.49954054
AP000692.2	0.142614771
AP000695.1	0.175473662
AP000695.2	0.172926463
AP000695.3	0.033093554
AP000696.1	0
AP000697.1	0
AP000704.1	0.858619068
AP000705.1	0
AP000705.2	0
AP000708.1	0
AP000711.1	0.034176222
AP000720.1	0
AP000720.2	0.02037685
AP000721.1	0.028031839
AP000721.2	0.035492181
AP000722.1	0
AP000753.1	0.054693885
AP000753.2	0
AP000753.3	0.092720698
AP000755.1	0.030906899
AP000755.2	0.054885457
AP000756.1	0
AP000756.2	0.006104323
AP000757.1	0.192661451
AP000757.2	0.056264984
AP000759.1	2.762936674
AP000763.1	0
AP000763.2	0.86520357
AP000763.3	0.54662086
AP000763.4	0
AP000766.1	0.507186698
AP000769.1	1.027007031
AP000769.2	0
AP000769.3	0
AP000770.1	0
AP000770.2	0
AP000776.1	0
AP000777.1	0
AP000777.2	0.093831126
AP000777.3	0
AP000781.1	0.100770405
AP000781.2	0.076881257
AP000785.1	0.127812382
AP000785.2	0.242316464
AP000786.1	0.242733532
AP000787.1	0.161999791
AP000787.2	0.22070138
AP000790.1	0
AP000790.2	0
AP000793.1	0
AP000797.1	0
AP000797.2	0.025857752
AP000797.3	0.024445863
AP000802.1	0
AP000808.1	0.086733199
AP000808.2	0.165235128
AP000811.1	0.264773852
AP000812.1	0.361358025
AP000812.2	0.037804096
AP000812.3	0
AP000820.1	0
AP000821.1	0.123125705
AP000827.1	0
AP000842.1	0
AP000842.2	0.063504754
AP000842.3	0
AP000843.1	0
AP000844.1	0
AP000844.2	0.061570915
AP000845.1	0.036766302
AP000851.1	0
AP000851.2	0.021733423
AP000852.1	0.054693885
AP000855.1	0
AP000857.1	0
AP000857.2	0
AP000859.1	0
AP000860.1	0
AP000864.1	0
AP000866.1	0.222747437
AP000866.2	3.158411819
AP000866.3	0.977100568
AP000866.4	1.818815839
AP000866.5	0.845112701
AP000866.6	0.569120993
AP000867.1	0.061450188
AP000867.2	0
AP000867.3	0
AP000870.1	0
AP000873.1	0
AP000873.2	0.572005352
AP000873.3	0.061369966
AP000873.4	0.675273063
AP000873.5	0
AP000879.1	0
AP000879.2	0.031528769
AP000880.1	0.11449748
AP000889.1	0
AP000889.2	0
AP000892.1	0.096330725
AP000892.2	0.193454296
AP000892.3	1.168026625
AP000893.1	0
AP000893.2	0
AP000894.1	0.030134227
AP000894.2	0.052205888
AP000894.3	0
AP000894.4	0.875951441
AP000897.1	0
AP000897.2	0.027063554
AP000902.1	0.255485837
AP000904.1	0.03295436
AP000907.1	0.044390363
AP000907.2	0.097327938
AP000907.3	0.066117291
AP000911.1	0.042749945
AP000911.2	0.041601234
AP000911.3	0
AP000915.1	0.028594522
AP000915.2	0
AP000916.1	0
AP000919.1	0.116851588
AP000919.2	0.127991349
AP000919.3	0.027587673
AP000919.4	0.282926908
AP000920.1	0
AP000924.1	0.080255047
AP000925.1	0.367683321
AP000926.1	0.034514974
AP000936.1	0
AP000936.2	0
AP000936.3	1.413354329
AP000941.1	0.496737112
AP000942.1	0.020976972
AP000942.2	0
AP000942.3	0
AP000942.4	0
AP000943.1	0.088032573
AP000943.2	0.155317381
AP000943.3	0
AP000943.4	0.219464958
AP000944.1	0.194483308
AP000949.1	0
AP000959.1	0
AP000962.1	0
AP000962.2	0.028464665
AP000974.1	0.026258564
AP000977.1	0
AP000997.1	0
AP000997.2	0
AP000997.3	0
AP001000.1	5.680829731
AP001001.1	0.075395981
AP001001.2	0
AP001002.1	0
AP001002.2	0
AP001002.3	0
AP001005.1	0
AP001005.2	0
AP001007.1	0
AP001007.2	0
AP001007.3	0
AP001010.1	0.20388213
AP001011.1	0.029875687
AP001017.1	0
AP001020.1	0
AP001020.2	0.361235219
AP001020.3	0.365689568
AP001021.1	0.449543385
AP001021.2	0.20163343
AP001024.1	0.545036452
AP001025.1	0.036272681
AP001029.1	0.373090428
AP001029.2	0.112586979
AP001029.3	0.184041252
AP001033.1	0.739775871
AP001033.2	0.515556664
AP001042.1	0.032176177
AP001043.1	0.289073882
AP001043.2	0.054409021
AP001046.1	0
AP001048.1	0
AP001052.1	1.899369454
AP001056.1	0.114517403
AP001057.1	0
AP001059.1	0
AP001059.2	0
AP001059.3	0
AP001062.1	0.392284791
AP001062.2	0.246768472
AP001062.3	0
AP001063.1	0
AP001065.1	1.338259145
AP001065.2	0
AP001085.1	0
AP001086.1	0.09763114
AP001092.1	0.066822166
AP001094.1	0.324762653
AP001094.2	0.629499444
AP001094.3	0.483321691
AP001099.1	0.219926989
AP001102.1	0
AP001107.1	0.2750072
AP001107.2	0
AP001107.3	0
AP001107.4	0.843087462
AP001107.5	0.412363105
AP001107.6	0.242942605
AP001107.7	0.057609551
AP001107.8	0.065427131
AP001107.9	2.960981309
AP001109.1	0
AP001116.1	0
AP001117.1	0
AP001120.1	0
AP001120.2	0.105877013
AP001120.3	0
AP001120.4	0
AP001122.1	0.020846738
AP001124.1	0
AP001136.1	0
AP001148.1	0.544689884
AP001150.1	0.024107382
AP001157.1	3.718143603
AP001160.1	0.860302635
AP001160.2	0.289585589
AP001160.3	1.334910707
AP001160.4	0.779387858
AP001172.1	0.026970392
AP001172.2	0
AP001178.1	0.058469395
AP001178.2	0.144200595
AP001178.3	0.074405499
AP001180.1	0
AP001180.2	0
AP001180.3	0
AP001180.4	0.076159407
AP001180.5	0
AP001187.1	0
AP001189.1	17.35105963
AP001189.2	0
AP001189.3	8.472763278
AP001189.4	0.173338473
AP001189.5	0.56063678
AP001189.6	0.358274563
AP001198.1	0.007511888
AP001198.2	0
AP001205.1	0
AP001207.1	0
AP001207.2	0
AP001207.3	0.638280977
AP001208.1	0
AP001208.2	0
AP001257.1	0.122102322
AP001258.1	0
AP001264.1	0.022289898
AP001266.1	0
AP001266.2	0.337711164
AP001267.1	0.039256279
AP001267.2	0.007511888
AP001267.3	0.312206601
AP001267.4	0.172511538
AP001269.1	0.059355295
AP001269.2	0.165380454
AP001269.3	0
AP001269.4	0
AP001271.1	1.44527263
AP001271.2	0.060423386
AP001273.1	0.865020575
AP001282.1	0.031360503
AP001282.2	0
AP001284.1	0.007398394
AP001317.1	0
AP001318.1	0.063698366
AP001318.2	0.921752823
AP001318.3	0
AP001324.1	19.3614296
AP001324.2	0
AP001324.3	0.065839487
AP001328.1	0
AP001330.1	0.085744449
AP001330.2	0
AP001330.3	0.04950963
AP001330.4	0
AP001330.5	1.448789109
AP001331.1	0.015438225
AP001340.1	0
AP001341.1	0
AP001342.1	0
AP001347.1	0.194765851
AP001350.1	0.123384236
AP001350.2	0.157557384
AP001351.1	0
AP001357.1	0
AP001357.2	0
AP001360.1	0
AP001360.2	0
AP001362.1	0
AP001363.1	1.009040022
AP001363.2	1.562972178
AP001372.1	0.092039929
AP001372.2	1.363957547
AP001372.3	0
AP001372.4	0
AP001381.1	0.674916393
AP001412.1	0.021946496
AP001425.1	0
AP001429.1	0
AP001432.1	0.271208042
AP001434.1	0.873577589
AP001437.1	0.377999513
AP001439.1	0.199869872
AP001442.1	0
AP001453.1	0.164003595
AP001453.2	0.262475678
AP001453.3	0.011467104
AP001453.4	0.698068375
AP001458.1	0.170323891
AP001458.2	0
AP001462.1	0.450680031
AP001464.1	0
AP001468.1	0
AP001469.1	0.490996356
AP001469.2	0.441968661
AP001469.3	0.316561576
AP001471.1	0.186545214
AP001476.1	0.021387349
AP001476.2	0
AP001476.3	0
AP001485.1	0
AP001486.1	0
AP001486.2	1.124743959
AP001486.3	0
AP001496.1	0.03326921
AP001496.2	0.016038688
AP001496.3	0
AP001505.1	1.839344234
AP001506.1	0
AP001525.1	0
AP001527.1	0.008007051
AP001527.2	0.124166387
AP001528.1	0.562447882
AP001528.2	1.042080162
AP001528.3	2.406657186
AP001533.1	0.361471695
AP001541.1	0
AP001542.1	0.15669798
AP001542.2	0.043048896
AP001542.3	2.289515077
AP001547.1	0
AP001554.1	0
AP001574.1	0.057398527
AP001582.1	0
AP001595.1	0
AP001596.1	0.027894611
AP001596.2	0.100447423
AP001599.1	0
AP001604.1	0
AP001605.1	0.018059698
AP001610.1	0.224656602
AP001610.2	0
AP001615.1	0
AP001619.1	0.035055476
AP001619.2	0
AP001625.1	0
AP001625.2	1.607857533
AP001625.3	0
AP001626.1	0.032942813
AP001627.1	0.026801251
AP001628.1	0.329890484
AP001628.2	0.059656591
AP001630.1	0.035857661
AP001631.1	0
AP001636.1	0.055863807
AP001636.2	0.112570388
AP001636.3	0.016949484
AP001642.1	0
AP001646.1	0
AP001646.2	0
AP001646.3	0.070268152
AP001652.1	0
AP001767.1	0
AP001767.2	0.041020414
AP001767.3	0.39533894
AP001767.4	0.901360062
AP001775.1	0.053480539
AP001775.2	0
AP001781.1	0.088529932
AP001781.2	0
AP001782.1	0
AP001783.1	0.032242383
AP001784.1	0.073223355
AP001790.1	0
AP001793.1	0.482147631
AP001803.1	0
AP001803.2	0.021606064
AP001816.1	5.038137583
AP001823.1	0
AP001825.1	0
AP001830.1	0.407595902
AP001830.2	0
AP001831.1	0.076252058
AP001836.1	0
AP001858.1	0.023352903
AP001858.2	0
AP001877.1	0
AP001880.1	0.148881691
AP001880.2	0.139908911
AP001885.1	0.039198994
AP001888.1	0
AP001889.1	0
AP001893.1	0.432867348
AP001893.2	0
AP001893.3	0.055078376
AP001922.1	0
AP001922.2	0
AP001922.3	0
AP001922.4	0
AP001922.5	0.770251207
AP001922.6	0.545286011
AP001931.1	1.053658831
AP001960.1	0
AP001961.1	0.02979049
AP001962.1	0
AP001970.1	0
AP001972.1	0.309679802
AP001972.2	0
AP001972.3	0.07271368
AP001972.4	0
AP001972.5	15.86416247
AP001978.1	0
AP001979.1	0
AP001979.2	0.048214763
AP001981.1	0
AP001992.1	1.329682597
AP001993.1	0
AP001994.1	0
AP001999.1	0.008506948
AP001999.2	0
AP001999.3	0
AP002001.1	0
AP002001.2	0
AP002004.1	5.118970461
AP002004.2	0
AP002008.1	0
AP002008.2	0
AP002008.3	0
AP002026.1	0.437442018
AP002075.1	0.077959194
AP002336.1	0.185661114
AP002336.2	0.20350387
AP002336.3	0
AP002340.1	0.549817473
AP002353.1	0
AP002358.1	0.011172761
AP002358.2	0
AP002360.1	3.990187288
AP002360.2	0
AP002360.3	0.13031017
AP002364.1	0.00462782
AP002365.1	0.020297666
AP002370.1	0.009781397
AP002370.2	0.007419412
AP002371.1	0.03115268
AP002373.1	0.042989844
AP002373.2	0.044348485
AP002380.1	0.021695809
AP002381.1	0.076438039
AP002383.1	0
AP002383.2	0
AP002383.3	0.016071588
AP002383.4	0
AP002383.5	0.022481776
AP002387.1	0.004482208
AP002387.2	3.756142754
AP002392.1	0
AP002404.1	0
AP002409.1	0
AP002414.1	0.0273231
AP002414.2	0.032044577
AP002414.3	0
AP002414.4	0.068248249
AP002414.5	0
AP002428.1	0
AP002433.1	0.016254977
AP002439.1	0
AP002444.1	0
AP002449.1	0.826466139
AP002453.1	0
AP002469.1	0
AP002472.1	0
AP002478.1	0
AP002478.2	0.056264984
AP002490.1	0.31095276
AP002490.2	0.027981782
AP002495.1	0.317602041
AP002498.1	0.082763018
AP002505.1	0
AP002505.2	0
AP002512.1	0
AP002512.2	0
AP002518.1	0.024503202
AP002518.2	0.119616779
AP002530.1	0
AP002748.1	0
AP002748.2	0
AP002748.3	1.26455346
AP002748.4	0
AP002754.1	0.006670838
AP002754.2	0
AP002759.1	0
AP002761.1	0.418658725
AP002761.2	0.05071132
AP002761.3	0.32356515
AP002761.4	1.631784974
AP002765.1	0
AP002768.1	0
AP002770.1	0.109835033
AP002770.2	0.029454508
AP002782.1	0
AP002784.1	0
AP002784.2	0.856273114
AP002791.1	0
AP002795.1	0
AP002799.1	0
AP002800.1	0.380300715
AP002802.1	0
AP002802.2	0
AP002803.1	0
AP002807.1	0.764696511
AP002812.1	0.231410519
AP002812.2	0.026785979
AP002812.3	0.113755339
AP002812.4	0.219158014
AP002812.5	0.264097719
AP002815.1	0
AP002833.1	0
AP002833.2	0
AP002833.3	0
AP002840.1	0
AP002840.2	1.273171087
AP002847.1	0.062818789
AP002852.1	0.050917296
AP002856.1	0
AP002856.2	5.753035642
AP002856.3	0
AP002856.4	0.027539188
AP002884.1	0.889974577
AP002884.2	0.026380131
AP002884.3	0.026335795
AP002884.4	0.1245832
AP002892.1	0.056981084
AP002892.2	0
AP002893.1	0
AP002906.1	0
AP002907.1	0.339694922
AP002954.1	0.147480452
AP002957.1	0
AP002963.1	0
AP002967.1	0
AP002981.1	0
AP002982.1	0
AP002986.1	0.155028443
AP002989.1	0
AP002990.1	0.479410791
AP002991.1	0
AP002991.2	0
AP002992.1	0.040386077
AP002993.1	0
AP003025.1	0
AP003025.2	0.016616965
AP003027.1	0
AP003028.1	0
AP003031.1	0
AP003031.2	0.082148351
AP003032.1	0.622266346
AP003032.2	0
AP003035.1	0.022116864
AP003037.1	0
AP003038.1	0
AP003040.1	0
AP003041.1	0.02655898
AP003041.2	0
AP003043.1	0.028646797
AP003049.1	0
AP003049.2	0
AP003057.1	0.025172366
AP003059.1	0.108818042
AP003059.2	0.249221439
AP003062.1	0
AP003062.2	0
AP003063.1	0.009898798
AP003063.2	0.015161875
AP003064.1	0
AP003064.2	0.307250941
AP003065.1	0.055764406
AP003066.1	0
AP003066.2	0
AP003068.1	0.460876412
AP003068.2	1.181140552
AP003068.3	0
AP003068.4	0.097692007
AP003071.1	0.100770405
AP003071.2	0.063312315
AP003071.3	0.171254623
AP003071.4	0.158650603
AP003072.1	0
AP003072.2	0.50996384
AP003072.3	0
AP003072.4	0
AP003072.5	0
AP003080.1	0.085916227
AP003084.1	0.65466811
AP003086.1	0.133603637
AP003086.2	0.035857661
AP003086.3	0
AP003096.1	0.58725934
AP003097.1	0.027611979
AP003097.2	0.176065146
AP003100.1	0
AP003102.1	0
AP003108.1	0
AP003108.2	0.133324524
AP003108.3	0.028056935
AP003108.4	0.071388601
AP003108.5	0.157573388
AP003110.1	0
AP003115.1	0
AP003117.1	0.197993837
AP003117.2	0
AP003119.1	0
AP003119.2	0.265589797
AP003119.3	0.295303922
AP003121.1	0
AP003122.1	0
AP003122.2	0
AP003122.3	0
AP003122.4	0
AP003122.5	0
AP003122.6	0
AP003123.1	0
AP003128.1	0.034977228
AP003168.1	0.153125062
AP003168.2	0
AP003170.1	0.167347357
AP003170.2	0
AP003170.3	0.29752781
AP003170.4	0.267402696
AP003170.5	0.093551033
AP003171.1	0
AP003171.2	0
AP003174.1	0
AP003174.2	0
AP003174.3	0
AP003181.1	0.035213029
AP003181.2	0
AP003306.1	0
AP003306.2	0.064617724
AP003327.1	0
AP003351.1	0.023457781
AP003352.1	1.583524081
AP003354.1	0
AP003354.2	0.667984284
AP003355.1	0
AP003355.2	0.023905108
AP003355.3	0
AP003357.1	0
AP003385.1	0.035094732
AP003385.2	0
AP003385.3	0.056467741
AP003385.4	1.42452709
AP003386.1	0
AP003390.1	0.029961373
AP003390.2	0.028031839
AP003392.1	3.865017096
AP003392.2	6.026845382
AP003392.3	0.093971802
AP003392.4	0.48903088
AP003392.5	0.151034198
AP003392.6	0.337503341
AP003393.1	0.007001697
AP003396.1	0
AP003396.2	0
AP003396.3	0.087638691
AP003396.4	0
AP003396.5	0
AP003397.1	0.011297619
AP003398.1	0
AP003400.1	0
AP003400.2	0
AP003400.3	0
AP003400.4	0
AP003400.5	0
AP003400.6	0
AP003419.1	0
AP003419.2	0.654147165
AP003419.3	0.697109002
AP003438.1	0.036022524
AP003461.1	0
AP003465.1	0.164081654
AP003465.2	0
AP003467.1	0.05205913
AP003467.2	0
AP003469.1	0
AP003469.2	0.072882781
AP003469.3	0.165642685
AP003469.4	1.170381372
AP003471.1	0.007878229
AP003472.1	0.149592344
AP003472.2	0
AP003476.1	0
AP003478.1	0
AP003481.1	0.09345804
AP003484.1	0.376075152
AP003485.1	0
AP003485.2	0
AP003486.1	1.184847019
AP003497.1	0
AP003497.2	0.032409096
AP003498.1	0
AP003499.1	0
AP003499.2	0
AP003499.3	0
AP003500.1	0
AP003501.1	0
AP003501.2	0.065701459
AP003532.1	0
AP003548.1	0.37451716
AP003550.1	0
AP003555.1	0
AP003555.2	0.207699826
AP003555.3	0.253908764
AP003557.1	0.062554084
AP003559.1	0.068464437
AP003680.1	0
AP003692.1	0
AP003696.1	0
AP003715.1	0
AP003716.1	0.063280355
AP003716.2	0
AP003717.1	0.066585544
AP003717.2	0.087248318
AP003717.3	0.106235919
AP003718.1	0
AP003721.1	0.072545361
AP003721.2	0
AP003721.3	0
AP003721.4	0.096727148
AP003730.1	0
AP003730.2	0
AP003733.1	0.018391782
AP003733.2	0
AP003733.3	0.039771061
AP003733.4	0.433989691
AP003774.1	0.033482474
AP003774.2	0
AP003774.3	0.127267395
AP003774.4	0.303135973
AP003781.1	0
AP003784.1	0
AP003785.1	0
AP003789.1	0
AP003900.1	0
AP003969.1	0.039174495
AP003969.2	0.02066347
AP003972.1	0
AP003973.1	0
AP003973.2	0.125609603
AP004147.1	0.004963509
AP004245.1	0.242004602
AP004247.1	0
AP004247.2	0
AP004289.1	0
AP004289.2	0
AP004290.1	0.022195181
AP004371.1	0
AP004372.1	0.018566111
AP004550.1	0.030485988
AP004607.1	0
AP004607.2	0
AP004607.3	0
AP004607.4	0
AP004607.5	0
AP004607.6	0
AP004607.7	0
AP004607.8	0
AP004607.9	0
AP004608.1	0.039862599
AP004609.1	0.27607785
AP004609.2	0
AP004609.3	0.906585977
AP004782.1	0.004564462
AP004833.1	0
AP004833.2	0
AP004833.3	0
AP005018.1	0
AP005018.2	0
AP005019.1	0.306788214
AP005019.2	0
AP005019.3	0
AP005057.1	0
AP005059.1	0
AP005059.2	0.027110377
AP005060.1	0.004936924
AP005062.1	0.025815153
AP005117.1	0.025977782
AP005119.1	0
AP005119.2	0
AP005120.1	0
AP005121.1	0
AP005121.2	0
AP005131.1	0.052838097
AP005131.2	0.353937942
AP005131.3	0.070690818
AP005131.4	0.027685155
AP005131.5	0.031465458
AP005131.6	0.130116947
AP005131.7	0.282107656
AP005135.1	0
AP005136.1	0
AP005136.2	0.179254124
AP005137.1	0
AP005137.2	0.039174495
AP005139.1	0
AP005202.1	0.023814283
AP005202.2	0
AP005203.1	0
AP005205.1	0
AP005205.2	0.159570244
AP005205.3	0.016246551
AP005208.1	0
AP005209.1	0.016885558
AP005210.1	0
AP005212.1	0
AP005212.2	0.326454125
AP005212.3	0
AP005229.1	0
AP005229.2	0
AP005230.1	0
AP005233.1	0.006464438
AP005233.2	0
AP005242.1	0
AP005242.2	0
AP005242.3	0
AP005242.4	0
AP005262.1	0
AP005263.1	0
AP005264.1	0.534440586
AP005264.2	0
AP005264.3	0.064617724
AP005264.4	0.148528891
AP005264.5	0.12768509
AP005264.6	0.021033286
AP005264.7	0.009459582
AP005265.1	0
AP005271.1	0.03803349
AP005273.1	0
AP005328.1	0
AP005328.2	0.071551589
AP005329.1	0.456974354
AP005329.2	0.415855734
AP005329.3	0
AP005357.1	0
AP005380.1	0
AP005403.1	0
AP005431.1	0.049121624
AP005432.1	0.022481776
AP005432.2	0.160441618
AP005433.1	0
AP005435.1	0
AP005435.2	0
AP005435.3	0
AP005435.4	0
AP005436.1	0
AP005436.2	0.373090428
AP005436.3	0
AP005482.1	0.049237386
AP005482.2	0
AP005482.3	1.109944025
AP005530.1	0
AP005597.1	0
AP005597.2	0
AP005597.3	0
AP005597.4	0
AP005639.1	0
AP005660.1	0
AP005671.1	0
AP005717.1	0.024169354
AP005899.1	0.777728945
AP005901.1	0
AP005901.2	0
AP005901.3	0.100662514
AP005901.4	0
AP005902.1	0
AP005902.2	0
AP006193.1	0
AP006216.1	0
AP006216.2	0
AP006219.1	0.066397449
AP006222.1	0.067371413
AP006245.1	0
AP006245.2	0
AP006248.1	0
AP006248.2	0
AP006248.3	0.052760263
AP006248.4	0.045551738
AP006248.5	0
AP006259.1	0.083795711
AP006284.1	1.412744401
AP006285.1	0
AP006285.2	0
AP006287.1	0
AP006287.2	0.031214737
AP006288.1	0
AP006289.1	0.169709004
AP006294.1	0
AP006295.1	0
AP006296.1	0.062804802
AP006333.1	0
AP006333.2	0
AP006437.1	0
AP006437.2	0
AP006545.1	0
AP006545.2	0.169954425
AP006547.1	0.06793265
AP006565.1	0
AP006587.1	0
AP006587.2	0
AP006587.3	0
AP006587.4	0
AP006587.5	0
AP006587.6	0
AP006621.1	0
AP006621.2	0.772454831
AP006621.3	1.686833778
AP006621.4	0.559635643
AP006621.5	1.114357891
AP006623.1	0.646255618
AP006748.1	0.181153734
AP007216.1	0
AP007216.2	0.366851458
AP1AR	4.800126853
AP1B1	9.946043482
AP1B1P1	0
AP1B1P2	0
AP1G1	8.235920239
AP1G2	2.896765614
AP1M1	2.547119067
AP1M2	14.88418482
AP1S1	24.46687757
AP1S2	10.97517938
AP1S2P1	0
AP1S3	2.757942971
AP2A1	4.830296752
AP2A2	6.709821158
AP2B1	21.18634346
AP2M1	39.78072771
AP2S1	35.45935508
AP3B1	3.948531861
AP3B2	0.091904974
AP3D1	7.870425222
AP3M1	5.931834897
AP3M2	2.851323982
AP3S1	13.43545532
AP3S2	1.749005276
AP4B1	2.901057777
AP4B1-AS1	0.334361318
AP4E1	1.228627999
AP4M1	3.736593084
AP4S1	2.221497044
AP5B1	4.651106118
AP5M1	2.471774181
AP5S1	1.686858035
AP5Z1	3.125751935
APAF1	2.550206123
APBA1	0.217483142
APBA2	0.326216496
APBA3	2.053206073
APBB1	6.137636361
APBB1IP	3.424447188
APBB2	3.601779749
APBB3	3.098584637
APC	2.099803316
APC2	0.100654531
APCDD1	3.865375039
APCDD1L	0.003975088
APCDD1L-AS1	0.025376191
APCS	0
APEH	16.07253429
APELA	0.091309927
APEX1	48.1891985
APEX2	5.61601697
APH1A	52.90192383
APH1B	4.81445559
API5	20.02944508
API5P1	0
API5P2	0
APIP	7.604417614
APLF	0.39092138
APLN	12.82918875
APLNR	2.833810445
APLP1	0.861496006
APLP2	124.7400883
APMAP	47.50745602
APOA1	1.100407162
APOA1-AS	0.779314998
APOA2	0
APOA4	0
APOA5	0.088941062
APOB	0.006340625
APOBEC1	0
APOBEC2	0.449264408
APOBEC3A	2.498661597
APOBEC3AP1	0.491387394
APOBEC3B	1.553756341
APOBEC3B-AS1	0
APOBEC3C	11.77737124
APOBEC3D	1.687043085
APOBEC3F	1.503179265
APOBEC3G	3.651689265
APOBEC3H	1.014591237
APOBEC4	0.253977125
APOBR	6.789419331
APOC1	393.832559
APOC1P1	0.250583124
APOC2	0.31017019
APOC3	0
APOC4	0.021146826
APOC4-APOC2	0.531179593
APOD	8.380524644
APOE	74.57994225
APOF	0
APOH	9.740685239
APOL1	31.48208918
APOL2	13.77179146
APOL3	13.04356003
APOL4	7.85458917
APOL5	0.010896939
APOL6	6.996523776
APOLD1	11.3256099
APOM	1.425385239
APOO	7.98530718
APOOL	2.237516971
APOOP1	0
APOOP2	0
APOOP3	0
APOOP4	0
APOOP5	0.011989134
APOPT1	4.750355852
APP	95.42549719
APPBP2	5.023347554
APPL1	6.817799212
APPL2	6.550489325
APRT	37.19730195
APTR	5.317621771
APTX	6.753438935
AQP1	360.0368216
AQP10	0.328163309
AQP11	0.202739457
AQP12A	0
AQP12B	0
AQP2	0.054598599
AQP3	241.1960812
AQP4	104.8582629
AQP4-AS1	0.031592335
AQP5	6.060096943
AQP6	0.006110274
AQP7	0.632399995
AQP7P1	0
AQP7P2	0
AQP7P3	0
AQP7P4	0
AQP7P5	0
AQP8	0.06616382
AQP9	7.251217186
AQR	2.423212404
AR	0.569141782
ARAF	19.02539547
ARAFP1	0
ARAFP2	0
ARAFP3	0
ARAP1	11.46338469
ARAP1-AS1	0
ARAP1-AS2	0.180408858
ARAP2	6.896829339
ARAP3	9.304100878
ARC	5.275655827
ARCN1	27.48685897
AREG	94.23748053
AREL1	2.94183947
ARF1	134.6762065
ARF1P1	0
ARF1P2	0
ARF1P3	0
ARF3	20.66646489
ARF4	119.621849
ARF4-AS1	0.682436764
ARF4P1	0.028964506
ARF4P2	0.02979049
ARF4P3	0
ARF4P4	0
ARF5	70.88678259
ARF6	33.88163049
ARFGAP1	7.798171057
ARFGAP2	11.82516354
ARFGAP3	24.63787227
ARFGEF1	4.54809816
ARFGEF2	4.151751956
ARFGEF3	4.892532882
ARFIP1	10.92137436
ARFIP2	11.64320269
ARFRP1	4.000143791
ARG1	0.175437942
ARG2	2.851410718
ARGFX	0
ARGFXP1	0
ARGFXP2	0.115583336
ARGLU1	40.53992903
ARHGAP1	8.524186299
ARHGAP10	1.37633229
ARHGAP11A	0.216958933
ARHGAP11B	0.110903405
ARHGAP12	7.93517726
ARHGAP15	2.266585788
ARHGAP17	4.595141693
ARHGAP18	29.67805706
ARHGAP19	1.514382942
ARHGAP19-SLIT1	0
ARHGAP20	0.906099196
ARHGAP21	6.086578654
ARHGAP22	0.267978264
ARHGAP22-IT1	0.066679991
ARHGAP23	6.928502969
ARHGAP23P1	0
ARHGAP24	3.97491335
ARHGAP25	4.811306281
ARHGAP26	1.971198834
ARHGAP26-AS1	0.110796551
ARHGAP26-IT1	0
ARHGAP27	4.137632254
ARHGAP27P1-BPTFP1-KPNA2P3	2.986442738
ARHGAP27P2	0
ARHGAP28	0.661789118
ARHGAP29	8.550557769
ARHGAP30	9.886454303
ARHGAP31	9.012137657
ARHGAP31-AS1	0.678020105
ARHGAP32	1.572959241
ARHGAP33	0.807322292
ARHGAP35	3.908740184
ARHGAP36	0
ARHGAP39	0.468042248
ARHGAP4	7.89948777
ARHGAP40	0.21089243
ARHGAP42	1.654084379
ARHGAP42P1	0
ARHGAP42P2	0
ARHGAP42P3	0
ARHGAP42P4	0
ARHGAP42P5	0
ARHGAP44	4.401590709
ARHGAP45	9.811835679
ARHGAP5	5.546601898
ARHGAP5-AS1	1.01751935
ARHGAP6	3.235311494
ARHGAP8	0.514999373
ARHGAP9	3.817354729
ARHGDIA	56.95213181
ARHGDIB	136.1006194
ARHGDIG	0.025804525
ARHGEF1	12.02270513
ARHGEF10	5.076131744
ARHGEF10L	2.886594488
ARHGEF11	4.24922902
ARHGEF12	6.319544003
ARHGEF15	6.357900659
ARHGEF16	1.315440529
ARHGEF17	6.835310772
ARHGEF18	0.814276592
ARHGEF19	1.65275573
ARHGEF19-AS1	0
ARHGEF2	15.99571607
ARHGEF25	4.084078095
ARHGEF26	13.1832988
ARHGEF26-AS1	1.41456839
ARHGEF28	0.974282759
ARHGEF3	16.67737979
ARHGEF33	0.145566429
ARHGEF34P	0.812533656
ARHGEF35	1.06356095
ARHGEF37	2.551787164
ARHGEF38	1.871113232
ARHGEF38-IT1	0.412363105
ARHGEF39	0.248458928
ARHGEF3-AS1	0
ARHGEF4	0.91327524
ARHGEF40	4.65941606
ARHGEF5	3.062317002
ARHGEF6	7.206548378
ARHGEF7	4.191750857
ARHGEF7-AS1	0
ARHGEF7-AS2	0.050588533
ARHGEF7-IT1	0.058469395
ARHGEF9	2.093253274
ARHGEF9-IT1	0
ARID1A	5.030062778
ARID1B	2.774400379
ARID2	1.886526352
ARID3A	0.76501649
ARID3B	1.301612325
ARID3C	0
ARID4A	3.876038827
ARID4B	4.212859083
ARID5A	36.96577872
ARID5B	7.082503013
ARIH1	3.921558711
ARIH2	9.714219288
ARIH2OS	0.833499893
ARIH2P1	0.010609206
ARL1	21.50466553
ARL10	0.49639032
ARL11	2.871021535
ARL13A	0.112291712
ARL13B	8.430909609
ARL14	0.339068272
ARL14EP	6.336734413
ARL14EPL	0.19226746
ARL14EPL	0
ARL15	5.294798743
ARL16	13.79931768
ARL17A	0.109883171
ARL17B	0.389980751
ARL2	25.77546426
ARL2BP	3.846553661
ARL2BPP1	0
ARL2BPP10	0
ARL2BPP2	0
ARL2BPP3	0.041730487
ARL2BPP4	0
ARL2BPP5	0
ARL2BPP6	0
ARL2BPP7	0
ARL2BPP8	0
ARL2-SNX15	0
ARL3	10.99820889
ARL4A	12.06147607
ARL4AP1	0
ARL4AP2	0.234655877
ARL4AP3	0
ARL4AP4	0.272255177
ARL4AP5	0.130799649
ARL4C	6.809899751
ARL4D	8.077916956
ARL5A	11.56335897
ARL5AP1	0
ARL5AP2	0
ARL5AP3	0.040595332
ARL5AP4	0.122420297
ARL5B	9.306936718
ARL5C	0.009168987
ARL6	4.830539231
ARL6IP1	48.24040921
ARL6IP1P1	0
ARL6IP1P2	0
ARL6IP1P3	0
ARL6IP4	0.524016977
ARL6IP5	119.8783039
ARL6IP6	5.2170274
ARL8A	24.73051157
ARL8B	41.04119911
ARL9	0.186841788
ARMC1	12.28482848
ARMC10	6.856391961
ARMC10P1	0.018327249
ARMC12	0.276265832
ARMC2	1.316263031
ARMC2-AS1	0.699544553
ARMC3	0.275380076
ARMC4	0.311885776
ARMC4P1	0
ARMC5	2.272050061
ARMC6	4.83397026
ARMC7	6.92179883
ARMC8	4.235682601
ARMC8P1	0
ARMC9	3.78890882
ARMCX1	14.55000393
ARMCX2	5.086462709
ARMCX3	15.53672115
ARMCX3-AS1	0
ARMCX4	1.010538242
ARMCX5	1.853828677
ARMCX5-GPRASP2	1.173356323
ARMCX6	5.212773298
ARMCX7P	0
ARMS2	0.019156232
ARMT1	12.61254759
ARNT	9.696228593
ARNT2	1.686208724
ARNTL	2.113069697
ARNTL2	0.902084891
ARNTL2-AS1	0
ARPC1A	45.01160198
ARPC1B	45.84370908
ARPC2	68.4413411
ARPC3	115.2882724
ARPC3P1	0.440988687
ARPC3P2	0.029399246
ARPC3P5	0
ARPC4	49.51100253
ARPC4-TTLL3	0.096342338
ARPC5	41.00932449
ARPC5L	16.05177645
ARPIN	4.117105407
ARPP19	30.58748193
ARPP21	0.001552695
ARPP21-AS1	0
ARR3	0.317202389
ARRB1	18.87205081
ARRB2	19.73061252
ARRDC1	9.940745966
ARRDC1-AS1	3.177286229
ARRDC2	26.95664839
ARRDC3	98.34751408
ARRDC3-AS1	0.481381506
ARRDC4	18.53669375
ARRDC5	0.344391165
ARSA	11.06826454
ARSB	2.613449408
ARSD	5.336201479
ARSD-AS1	0
ARSDP1	0.090278672
ARSE	1.13793877
ARSEP1	0.060114315
ARSF	0.021329126
ARSFP1	0.131402918
ARSG	1.080019476
ARSH	0.016714451
ARSI	1.255884697
ARSJ	1.821489257
ARSK	1.496512928
ART1	0.106815256
ART2BP	0
ART2P	0
ART3	0.04302263
ART4	0.495879683
ART5	0.296530772
ARTN	0.265290034
ARV1	13.7061444
ARVCF	2.400230577
ARX	0.038139286
AS3MT	0.149919032
ASAH1	128.2807656
ASAH2	0.038136946
ASAH2B	0.269103052
ASAP1	5.404944815
ASAP1-IT2	0.486064635
ASAP2	1.608489198
ASAP3	4.957285733
ASB1	2.945752848
ASB10	0
ASB11	0.054894197
ASB12	0.21881797
ASB13	7.018274493
ASB14	0.557557788
ASB15	0.003211682
ASB16	0.316206686
ASB16-AS1	1.452322741
ASB17	0
ASB18	0
ASB2	0.917180637
ASB3	0.813466256
ASB4	0.326666799
ASB5	0.057836361
ASB6	4.081877279
ASB7	2.189184304
ASB8	6.257183833
ASB9	6.472163708
ASB9P1	0.395202976
ASCC1	3.660774504
ASCC2	8.931437667
ASCC3	2.061077342
ASCL1	0.02535566
ASCL2	0.423050702
ASCL3	0
ASCL4	0
ASCL5	0.038671762
ASF1A	15.23400703
ASF1B	1.006566885
ASGR1	3.09382351
ASGR2	0.270602937
ASH1L	3.541496914
ASH1L-AS1	1.24425195
ASH1L-IT1	0.209863366
ASH2L	7.704980198
ASH2LP1	0
ASH2LP2	0
ASH2LP3	0
ASIC1	0.111829716
ASIC2	0.033596136
ASIC3	0.456180436
ASIC4	0.050740298
ASIC5	0
ASIP	0.120846771
ASL	15.71884274
ASLP1	0.541186116
ASMT	0.246166924
ASMTL	8.970132508
ASMTL-AS1	1.63153702
ASNA1	47.64491242
ASNS	4.01681466
ASNSD1	27.93529483
ASNSP1	0
ASNSP3	0
ASNSP4	0
ASNSP6	0
ASPA	1.549848486
ASPDH	0.123234951
ASPG	0.243041765
ASPH	8.238622779
ASPHD1	0.650649052
ASPHD2	0.471447601
ASPM	0.051573663
ASPN	6.001469191
ASPRV1	0.849350557
ASPSCR1	2.603645033
ASRGL1	4.862215993
ASS1	34.91539251
ASS1P1	0.50670325
ASS1P10	0.037788902
ASS1P11	0
ASS1P12	0.600228611
ASS1P2	0.153751084
ASS1P4	0
ASS1P5	0.012647133
ASS1P6	0
ASS1P7	0
ASS1P8	0
ASS1P9	0.02535566
ASTE1	2.766334341
ASTL	0.085264923
ASTN1	0.025545807
ASTN2	0.349687893
ASTN2-AS1	0.026770726
ASXL1	9.154251568
ASXL2	1.946842752
ASXL3	0.031224689
ASZ1	0.112474896
ATAD1	9.24972682
ATAD2	1.290039565
ATAD2B	1.067852227
ATAD3A	2.920535827
ATAD3B	2.474285989
ATAD3C	1.773493234
ATAD5	0.418599551
ATAT1	1.957268448
ATCAY	0.002900203
ATE1	5.385808192
ATE1-AS1	0.346020776
ATF1	11.74392387
ATF1P1	0
ATF2	9.160469632
ATF3	125.4825012
ATF4	186.6413807
ATF4P1	0
ATF4P2	0
ATF4P3	0.163227062
ATF4P4	0.117376764
ATF5	7.585582644
ATF6	7.811066604
ATF6B	17.26246599
ATF7	3.660213466
ATF7IP	2.369063401
ATF7IP2	2.643098457
ATG10	1.906602325
ATG101	10.2326377
ATG10-AS1	0
ATG10-IT1	0
ATG12	5.930828134
ATG12P2	0
ATG13	5.091956926
ATG14	4.326874149
ATG16L1	4.278292788
ATG16L2	3.947908953
ATG2A	2.895030023
ATG2B	2.098425378
ATG3	9.333671199
ATG3P1	0
ATG4A	9.390101018
ATG4AP1	0
ATG4B	7.008681869
ATG4C	5.32067739
ATG4D	4.526219087
ATG5	14.59554673
ATG7	3.198533429
ATG9A	3.873151889
ATG9B	0.419267009
ATIC	7.443951898
ATL1	2.75299662
ATL2	17.24479714
ATL3	11.46575614
ATM	1.775727881
ATMIN	6.153310966
ATN1	23.08021065
ATOH1	0
ATOH7	0.010587701
ATOH8	8.812327147
ATOX1	8.727709591
ATP10A	3.577834719
ATP10B	0.006927408
ATP10D	2.608682001
ATP11A	12.87198654
ATP11A-AS1	0.028594522
ATP11AUN	0.020976972
ATP11B	4.714912032
ATP11C	1.925140566
ATP12A	0.095246408
ATP13A1	3.747206946
ATP13A2	4.277649024
ATP13A3	6.161463894
ATP13A4	10.70799933
ATP13A4-AS1	4.988568577
ATP13A5	0.19121783
ATP13A5-AS1	0
ATP1A1	87.23810964
ATP1A1-AS1	0.988128026
ATP1A2	1.81379529
ATP1A3	0.039771061
ATP1A4	0.012468012
ATP1B1	68.58314017
ATP1B1P1	0
ATP1B2	0.899243597
ATP1B3	87.3178875
ATP1B3-AS1	6.626324152
ATP1B3P1	0.057258702
ATP1B4	0
ATP23	5.090116464
ATP2A1	0.211800191
ATP2A1-AS1	0.376290175
ATP2A2	9.649266658
ATP2A3	4.428371753
ATP2B1	8.803016191
ATP2B1-AS1	0.940533029
ATP2B2	0.01079081
ATP2B2-IT1	0
ATP2B2-IT2	0
ATP2B3	0.014559143
ATP2B4	17.97811511
ATP2C1	19.43804193
ATP2C2	4.838199326
ATP2C2-AS1	0.41814004
ATP4A	0.008058523
ATP4B	0.063184669
ATP5F1A	32.84796488
ATP5F1AP1	0
ATP5F1AP10	0
ATP5F1AP2	0.031214737
ATP5F1AP3	0.072786056
ATP5F1AP4	0
ATP5F1AP7	0
ATP5F1AP8	0
ATP5F1B	184.2584687
ATP5F1BP1	0
ATP5F1C	70.52082777
ATP5F1CP1	0
ATP5F1D	15.96230089
ATP5F1E	59.82096702
ATP5F1EP1	0
ATP5F1EP2	0.732613932
ATP5IF1	45.44593548
ATP5MC1	19.88835929
ATP5MC1P1	0
ATP5MC1P3	0.076438039
ATP5MC1P4	0.177662109
ATP5MC1P5	0
ATP5MC1P6	0
ATP5MC1P7	0
ATP5MC1P8	0
ATP5MC2	54.40651235
ATP5MC2P1	0.036783563
ATP5MC2P3	0
ATP5MC2P4	0.074618086
ATP5MC3	24.02933477
ATP5MD	98.32885489
ATP5MDP1	0
ATP5ME	117.240095
ATP5MF	61.46693508
ATP5MFP1	0
ATP5MFP3	0
ATP5MFP4	0.176065146
ATP5MFP5	0.121471302
ATP5MFP6	0
ATP5MF-PTCD1	0.076732134
ATP5MG	74.39679077
ATP5MGL	0.117670573
ATP5MGP2	0.050385203
ATP5MGP3	0
ATP5MGP4	0
ATP5MGP5	0
ATP5MGP6	0
ATP5MGP7	0
ATP5MPL	20.41891686
ATP5PB	53.60062146
ATP5PBP1	0.027539188
ATP5PBP2	0
ATP5PBP3	0
ATP5PBP4	0
ATP5PBP5	0.680399123
ATP5PBP6	0
ATP5PBP7	0
ATP5PD	40.82101198
ATP5PDP1	0
ATP5PDP2	0
ATP5PDP3	0
ATP5PDP4	1.055649549
ATP5PF	50.82905105
ATP5PFP1	0
ATP5PO	35.56236229
ATP5S	3.229113015
ATP6AP1	26.47567016
ATP6AP1L	0.863638136
ATP6AP2	76.19918869
ATP6V0A1	6.096273761
ATP6V0A2	2.310122452
ATP6V0A4	1.009952275
ATP6V0B	70.69361765
ATP6V0C	17.81026009
ATP6V0CP1	0.126778301
ATP6V0CP2	0
ATP6V0CP3	0.201325028
ATP6V0D1	20.83709134
ATP6V0D2	3.415078898
ATP6V0E1	192.2277745
ATP6V0E1P1	0.069335389
ATP6V0E1P2	0.191875077
ATP6V0E1P3	0
ATP6V0E1P4	0.129502463
ATP6V0E2	3.951514277
ATP6V0E2-AS1	0.13331946
ATP6V1A	15.05888969
ATP6V1B1	1.163569621
ATP6V1B1-AS1	0.013757505
ATP6V1B2	19.67946995
ATP6V1C1	7.994248336
ATP6V1C2	0.579839095
ATP6V1D	16.96732067
ATP6V1E1	53.8978606
ATP6V1E1P1	0.069029947
ATP6V1E2	0.714825159
ATP6V1F	186.5480514
ATP6V1G1	135.7448784
ATP6V1G1P2	0
ATP6V1G1P3	0
ATP6V1G1P4	0
ATP6V1G1P6	0
ATP6V1G1P7	0
ATP6V1G2	0.270043095
ATP6V1G2-DDX39B	0
ATP6V1G3	0
ATP6V1H	9.89444612
ATP7A	1.964006807
ATP7B	0.754701148
ATP8A1	4.488678629
ATP8A2	0.367108085
ATP8A2P2	0.049967468
ATP8A2P3	0.01093496
ATP8B1	5.389732082
ATP8B2	3.582200255
ATP8B3	0.125108168
ATP8B4	0.225070296
ATP8B5P	1.120541741
ATP9A	3.553353254
ATP9B	1.209082873
ATPAF1	6.287792818
ATPAF2	2.002377134
ATR	1.398193403
ATRAID	86.97940868
ATRIP	0.018799998
ATRN	3.659210225
ATRNL1	0.023925791
ATRX	2.514073571
ATXN1	2.538608021
ATXN10	20.15434787
ATXN1L	4.710845381
ATXN2	2.260553647
ATXN2-AS	0.484632928
ATXN2L	11.02038498
ATXN3	1.24738304
ATXN3L	0
ATXN7	4.918594464
ATXN7L1	0.993648432
ATXN7L2	1.060227158
ATXN7L3	6.784038181
ATXN7L3B	8.490211433
ATXN8OS	0
AUH	7.050715129
AUNIP	0.175699562
AUP1	54.72531198
AURKA	1.032879444
AURKAIP1	36.91650432
AURKAPS1	0.051715505
AURKAPS2	0
AURKB	0.510439649
AURKC	0.490686693
AUTS2	3.079822101
AVEN	4.142789514
AVIL	2.022252755
AVL9	1.763396696
AVP	0
AVPI1	22.59591324
AVPR1A	0.562357332
AVPR1B	0.013787768
AVPR2	1.439851452
AWAT1	0.010927335
AWAT2	0.939038037
AXDND1	0.08492418
AXIN1	3.520315243
AXIN2	2.236829182
AXL	15.58770941
AZGP1	11.1529018
AZGP1P1	0
AZGP1P2	0
AZI2	6.039375601
AZIN1	24.33134833
AZIN1-AS1	0.458007627
AZIN2	0.441974787
AZU1	0.377903148
AZU1P1	0
B2M	2346.98939
B3GALNT1	15.29893737
B3GALNT1P1	0.016071588
B3GALNT2	1.418031527
B3GALNT2P1	0
B3GALT1	0.086131595
B3GALT2	1.105596621
B3GALT4	6.491393396
B3GALT5	0.00547168
B3GALT5-AS1	0
B3GALT6	3.949895065
B3GAT1	0.096007515
B3GAT2	0.169467732
B3GAT3	9.958195348
B3GAT3P1	0.097207184
B3GLCT	2.872453114
B3GNT10	1.071728445
B3GNT2	22.4503677
B3GNT2P1	0
B3GNT3	0.347309734
B3GNT4	0.203807607
B3GNT5	9.055372207
B3GNT6	0.017901521
B3GNT7	11.04214352
B3GNT8	8.930279753
B3GNT9	2.250821172
B3GNTL1	0.479803712
B3GNTL1P1	0.054220754
B3GNTL1P2	0
B4GALNT1	0.105731487
B4GALNT2	0.026229993
B4GALNT2P1	0
B4GALNT3	2.356508869
B4GALNT4	0.083327828
B4GALT1	38.37677725
B4GALT1-AS1	2.862572824
B4GALT2	5.213572768
B4GALT3	9.981943298
B4GALT4	2.008892227
B4GALT4-AS1	0
B4GALT5	26.38844423
B4GALT6	0.732399152
B4GALT7	4.382582025
B4GAT1	11.9943531
B9D1	3.114383474
B9D2	8.084948965
BAALC	5.135710626
BAALC-AS1	0.780054427
BAALC-AS2	0.580362889
BAAT	0.221938715
BAATP1	0
BABAM1	17.26262364
BABAM2	8.005825449
BACE1	4.635557765
BACE1-AS	2.345869954
BACE2	2.327907405
BACE2-IT1	0
BACH1	7.742508715
BACH1-AS1	0.160441618
BACH1-IT1	0.591673249
BACH1-IT2	0.327718471
BACH1-IT3	0.038595562
BACH2	0.341065499
BAD	24.45882989
BAG1	16.88194833
BAG2	2.431398516
BAG3	43.43277828
BAG4	4.587871819
BAG5	8.567702109
BAG6	24.48442824
BAGE2	0
BAHCC1	1.023485655
BAHD1	7.240797726
BAIAP2	6.758057319
BAIAP2-AS1	4.428778021
BAIAP2L1	8.991028319
BAIAP2L2	0.343187561
BAIAP3	1.014737976
BAK1	10.69683317
BAK1P1	0.665227273
BAK1P2	0
BAMBI	3.873433212
BANCR	4.909870038
BANF1	61.32654072
BANF1P1	0
BANF1P2	0.415487068
BANF1P3	0.600375402
BANF1P4	0.058036289
BANF1P5	0
BANF2	0
BANK1	3.83838639
BANP	0.923439779
BAP1	10.71931977
BARD1	0.767089172
BARHL1	0.013387269
BARHL2	0.007918038
BARX1	0
BARX1-AS1	0
BARX2	0.03853229
BASP1	6.41069318
BASP1-AS1	0
BASP1P1	0
BATF	10.56911885
BATF2	5.179187804
BATF3	6.024179619
BAX	20.45493151
BAZ1A	11.56405851
BAZ1B	7.211706265
BAZ2A	7.474657259
BAZ2B	2.018534607
BBC3	1.660604379
BBIP1	2.745853147
BBIP1P1	0.168492452
BBOF1	1.882410798
BBOX1	0.108111431
BBOX1-AS1	0.035830331
BBS1	0.354451086
BBS10	5.047462052
BBS12	1.401698131
BBS2	3.524153921
BBS4	6.548910514
BBS5	1.014615981
BBS7	3.021035811
BBS9	1.904658255
BBX	3.761437575
BCAM	41.9535137
BCAN	0.063556268
BCAP29	12.08078254
BCAP31	76.40818038
BCAP31P1	0.040700774
BCAP31P2	0
BCAR1	6.742213149
BCAR1P1	0
BCAR1P2	0
BCAR3	3.496335332
BCAR4	0.011799547
BCAS1	0.534067144
BCAS2	46.18911202
BCAS2P1	0
BCAS2P2	0.162742709
BCAS2P3	0.020429984
BCAS3	1.734422085
BCAS4	1.138607239
BCAT1	3.718166929
BCAT2	6.349830287
BCCIP	11.18624308
BCDIN3D	1.478123917
BCDIN3D-AS1	0.135461165
BCHE	3.248864672
BCKDHA	1.224541614
BCKDHB	3.202474068
BCKDK	8.047309117
BCL10	14.0077655
BCL11A	0.299435276
BCL11B	0.381022459
BCL2	1.071229504
BCL2A1	48.85120678
BCL2L1	27.66565723
BCL2L10	0
BCL2L11	3.737404508
BCL2L12	4.575071887
BCL2L12P1	0
BCL2L13	7.194772819
BCL2L14	0.168591332
BCL2L15	0.317008381
BCL2L2	15.99149831
BCL2L2-PABPN1	0.141716519
BCL3	65.33271421
BCL6	20.00815231
BCL6B	12.96440182
BCL7A	0.940426567
BCL7B	31.89259563
BCL7C	12.19593418
BCL9	1.23991548
BCL9L	4.159156507
BCL9P1	0.067304872
BCLAF1	9.485815113
BCLAF1P1	0
BCLAF1P2	0.006017588
BCLAF3	1.496166112
BCO1	0.192529941
BCO2	0.927862541
BCOR	3.097646162
BCORL1	0.874028252
BCORP1	0.059850693
BCR	3.939899972
BCRP1	0.068030961
BCRP2	0
BCRP3	1.019590636
BCRP4	0
BCRP5	0.06193596
BCRP6	0
BCRP7	0
BCRP8	0
BCRP9	0
BCS1L	4.257139556
BCYRN1	0.139721783
BDH1	0.677408428
BDH2	12.93696299
BDH2P1	0
BDKRB1	0.45452641
BDKRB2	2.623460701
BDNF	1.075021025
BDNF-AS	0.887366446
BDP1	2.841379421
BDP1P	0
BEAN1	0.121043297
BEAN1-AS1	0.15110702
BECN1	6.095439039
BECN1P2	0
BECN2	0
BEGAIN	0.314592297
BEND2	0.054068744
BEND3	0.460539464
BEND3P1	0.116229115
BEND3P2	0.013903991
BEND3P3	0.54587411
BEND4	0.096539543
BEND5	1.436520303
BEND6	0.103754926
BEND7	1.336283334
BEND7P1	0
BEST1	0.96510514
BEST2	0.029610351
BEST3	0.004566457
BEST4	0.176065146
BET1	4.984351601
BET1L	11.36343934
BET1P1	0.218242312
BEX1	4.370858005
BEX2	14.03086504
BEX3	76.05655656
BEX4	43.83531592
BEX5	17.52717762
BFAR	20.12755466
BFSP1	1.515491932
BFSP2	0.045419704
BFSP2-AS1	0
BGLAP	1.119271285
BGLT3	0
BGN	99.80632852
BHLHA15	0.392726767
BHLHA9	0
BHLHB9	0.556593042
BHLHB9P1	0
BHLHE22	0.562037512
BHLHE23	0
BHLHE40	77.78950018
BHLHE40-AS1	1.009280327
BHLHE41	8.450101299
BHMG1	0.011400362
BHMT	0
BHMT2	0.669733667
BICC1	1.288124664
BICD1	0.976622474
BICD1P1	0.012823075
BICD2	6.990090376
BICDL1	0.608619069
BICDL2	1.827586248
BICRA	1.141784934
BICRA-AS1	0.028646797
BICRAL	2.509732369
BID	11.11970595
BIK	2.46639003
BIN1	5.110945803
BIN2	5.881058848
BIN2P1	0.020483396
BIN2P2	0
BIN3	4.390138594
BIRC2	20.21307129
BIRC3	29.37826586
BIRC5	0.628434887
BIRC6	2.774464036
BIRC6-AS1	0
BIRC6-AS2	0.079812214
BIRC7	3.882337915
BIRC8	0
BIVM	2.487770529
BIVM-ERCC5	0
BLACAT1	0.235518006
BLACE	0
BLCAP	5.81668318
BLID	0
BLK	0.384975258
BLM	0.220061275
BLMH	5.45554699
BLNK	1.371911179
BLOC1S1	34.69876162
BLOC1S2	21.53732004
BLOC1S2P1	0
BLOC1S3	2.374568038
BLOC1S4	5.610892417
BLOC1S5	3.786276981
BLOC1S5-TXNDC5	0.341679423
BLOC1S6	9.83157907
BLVRA	47.31917582
BLVRB	78.54662706
BLZF1	10.16075645
BLZF2P	0.055468311
BMF	1.68003709
BMF-AS1	0
BMI1	12.39900663
BMI1P1	0
BMP1	6.841772327
BMP10	0
BMP15	0
BMP2	24.08562396
BMP2K	1.184143519
BMP2KL	0
BMP3	3.418715956
BMP4	1.235483748
BMP5	5.229874381
BMP6	4.238736723
BMP6P1	0
BMP7	0.312354777
BMP7-AS1	0
BMP8A	0.361183287
BMP8B	0.591083183
BMPER	1.780416926
BMPR1A	3.538119001
BMPR1APS1	0.009805881
BMPR1APS2	0
BMPR1B	0.53871137
BMPR1B-AS1	0.245319734
BMPR2	14.3113887
BMS1	4.199902003
BMS1P1	0.312640127
BMS1P10	0.181881584
BMS1P11	0
BMS1P12	0
BMS1P13	0
BMS1P14	0
BMS1P15	0
BMS1P16	0
BMS1P17	0
BMS1P19	0
BMS1P2	0.160118698
BMS1P22	0
BMS1P3	0
BMS1P4	0.139250688
BMS1P4	0.197651337
BMS1P7	0.059580981
BMS1P8	0
BMS1P9	0
BMT2	3.767870711
BMX	1.719992082
BNC1	0.06859824
BNC2	0.559379985
BNC2-AS1	0.878680261
BNIP1	7.693613933
BNIP2	13.50878557
BNIP3	7.164075171
BNIP3L	47.1694755
BNIP3P1	0.088976771
BNIP3P10	0.027157362
BNIP3P11	0.222661428
BNIP3P13	0
BNIP3P15	0.208236518
BNIP3P16	0.029344191
BNIP3P17	0.026335795
BNIP3P18	0.081755468
BNIP3P19	0
BNIP3P2	0
BNIP3P20	0
BNIP3P22	0.05636618
BNIP3P23	0
BNIP3P24	0
BNIP3P25	0.112127356
BNIP3P26	0.311133173
BNIP3P27	0.076066981
BNIP3P28	0.013134785
BNIP3P29	0.109770914
BNIP3P3	0
BNIP3P30	0.0272993
BNIP3P31	0
BNIP3P32	0
BNIP3P33	0
BNIP3P34	0
BNIP3P35	0
BNIP3P36	0
BNIP3P37	0
BNIP3P38	0
BNIP3P39	0.084854502
BNIP3P4	0
BNIP3P40	0.281830899
BNIP3P41	0
BNIP3P42	0.027539188
BNIP3P5	0.755170988
BNIP3P6	0
BNIP3P7	0
BNIP3P8	0.027981782
BNIP3P9	0
BNIPL	4.52430198
BOC	0.270012008
BOD1	23.86965264
BOD1L1	2.349481692
BOD1L2	0.009675701
BOD1P1	0
BOD1P2	0
BOK	9.896093727
BOK-AS1	0.170588781
BOLA1	7.207463554
BOLA2	0
BOLA2B	0.505107042
BOLA2P1	0
BOLA2P2	0.221090624
BOLA2P3	0.061210148
BOLA2-SMG1P6	1.165089408
BOLA3	5.238161243
BOLA3-AS1	0.803141228
BOLA3P1	0
BOLA3P2	0
BOLA3P3	0
BOLA3P4	0
BOLL	0
BOP1	4.035521173
BORA	0.75671022
BORCS5	2.152237315
BORCS6	2.099448663
BORCS7	17.06434058
BORCS7-ASMT	0.011737676
BORCS8	4.270399155
BORCS8-MEF2B	0.219101267
BPESC1	0
BPGM	16.35485021
BPHL	1.751330364
BPI	0.075201661
BPIFA1	0.507347761
BPIFA2	0.026604071
BPIFA3	0
BPIFA4P	0
BPIFB1	2.809547786
BPIFB2	0
BPIFB3	0
BPIFB4	0.006401061
BPIFB5P	0
BPIFB6	0
BPIFB9P	0.097267523
BPIFC	0
BPNT1	12.46335362
BPTF	2.908118557
BPTFP1	0
BPY2	0
BPY2B	0
BPY2C	0
BPY2DP	0
BRAF	2.576911867
BRAFP1	0.017391563
BRAP	3.293800901
BRAT1	3.3256131
BRCA1	0.494910684
BRCA2	0.356218825
BRCC3	4.422212005
BRCC3P1	0.181248978
BRD1	5.649163072
BRD2	32.60607959
BRD3	2.171803009
BRD3OS	1.95545694
BRD4	5.703998244
BRD7	5.847572991
BRD7P1	0
BRD7P2	0.024181787
BRD7P4	0
BRD7P5	0
BRD7P6	0
BRD8	5.595403314
BRD9	3.647337017
BRD9P1	0
BRD9P2	0.458948058
BRDT	0.010846653
BRDTP1	0
BRF1	0.84885271
BRF2	2.458341497
BRI3	32.26959957
BRI3BP	1.39538514
BRI3BPP1	0
BRI3P1	0.953453317
BRICD5	1.436836974
BRINP1	0.658091388
BRINP2	0.007928054
BRINP3	0.303642592
BRIP1	0.09804654
BRIX1	5.4942796
BRIX1P1	0
BRK1	185.9406443
BRK1P2	0
BRMS1	14.37333102
BRMS1L	4.008927021
BROX	7.1615382
BRPF1	3.104205007
BRPF3	3.968987092
BRS3	0.011062335
BRSK1	0.550747912
BRSK2	0.088529932
BRWD1	2.066190399
BRWD1-AS1	0
BRWD1-AS2	0.121943953
BRWD1-IT1	0.09613373
BRWD1P1	0
BRWD1P2	0
BRWD1P3	0
BRWD3	1.127030532
BSCL2	1.098664273
BSDC1	12.85618094
BSG	93.60186236
BSN	0.077262486
BSN-AS1	0.033990885
BSN-AS2	0.024079597
BSND	0
BSNDP1	0.042696997
BSNDP2	0.042813656
BSNDP3	0
BSNDP4	0
BSPH1	0
BSPRY	7.684163445
BST1	5.994486481
BST2	147.0636448
BSX	0
BTAF1	5.772322052
BTBD1	17.63181156
BTBD10	9.827810358
BTBD10P1	0
BTBD10P2	0.139081047
BTBD11	0.075145422
BTBD16	0.097692007
BTBD17	0
BTBD18	0.073728661
BTBD19	6.757600385
BTBD2	6.108163182
BTBD3	6.033425753
BTBD6	25.46997266
BTBD6P1	0.037102916
BTBD7	2.132076988
BTBD7P1	0.021568889
BTBD7P2	0
BTBD8	0.20839629
BTBD9	2.283843893
BTBD9-AS1	0.139908911
BTC	4.27914583
BTD	6.612282469
BTF3	173.7461104
BTF3L4	9.320693526
BTF3L4P1	0
BTF3L4P2	3.940093715
BTF3L4P3	0.065839487
BTF3L4P4	0
BTF3P1	0
BTF3P10	0.063312315
BTF3P11	0
BTF3P12	0.066822166
BTF3P13	0.03197918
BTF3P14	0
BTF3P15	0
BTF3P2	0
BTF3P4	0
BTF3P5	0.134216685
BTF3P6	0.094207202
BTF3P7	0.192661451
BTF3P8	0.02979049
BTF3P9	0.055370311
BTG1	51.1738026
BTG1P1	0.400998768
BTG2	82.53214968
BTG3	57.12069468
BTG3-AS1	0.224896247
BTG3P1	0
BTG4	0.017401219
BTG4P1	0
BTK	10.05607146
BTLA	0.271265099
BTN1A1	0
BTN2A1	10.63411166
BTN2A2	4.624035419
BTN2A3P	0.772798273
BTN3A1	17.83650704
BTN3A2	12.63686209
BTN3A3	10.48530491
BTNL10	0.144255908
BTNL2	0.053371247
BTNL3	0.064220484
BTNL8	1.146083594
BTNL9	17.66899953
BTRC	2.35769681
BUB1	0.462404516
BUB1B	0.140033941
BUB1B-PAK6	0.003747859
BUB1P1	0
BUB3	6.694590806
BUB3P1	0
BUD13	10.46080321
BUD13P1	0.052618529
BUD23	9.002638223
BUD31	30.79335775
BUD31P1	0
BUD31P2	0
BVES	0.677189962
BVES-AS1	0.186942626
BX005019.1	0
BX005040.1	0.041749018
BX005040.2	0
BX005040.3	0
BX005195.1	0
BX005214.1	0
BX005214.2	0
BX005214.3	0
BX005266.1	0
BX005266.2	0.006890852
BX005266.3	0
BX072579.1	0
BX072579.2	0
BX088651.1	0
BX088651.2	0
BX088651.3	0
BX088651.4	0.02430368
BX088702.1	0
BX119321.1	0
BX119904.1	0.045028155
BX119904.2	0.061210148
BX119904.3	0.016373875
BX119904.4	0
BX119917.1	0.310771666
BX248123.1	0.273708262
BX248123.2	0.126369339
BX248409.1	0.368701129
BX248415.1	0
BX255923.1	0.046019965
BX255923.2	0.030684983
BX255925.1	0.346527356
BX255925.2	0.030426792
BX276092.1	0
BX276092.2	0
BX276092.3	0
BX276092.4	0
BX276092.5	0
BX276092.6	0
BX276092.7	0
BX276092.8	0
BX284613.1	0
BX284632.1	0
BX284632.2	0
BX284656.1	0
BX284656.2	0
BX284668.1	0
BX284668.2	0.084615851
BX284668.3	0
BX284668.4	0.832843594
BX284668.5	6.909517226
BX284668.6	0
BX293535.1	0.996665597
BX293995.1	0
BX295541.1	0
BX322234.1	0.223854257
BX322234.2	0.021005091
BX322557.1	0.12403534
BX322559.1	0
BX322562.1	1.64798232
BX322635.1	0
BX322639.1	0.087004858
BX322650.1	0.051184594
BX322784.1	0.029098975
BX323014.1	0
BX323046.1	0.14644671
BX323845.1	0
BX323845.2	0
BX323845.3	0.564945279
BX324167.1	0.019465588
BX324167.2	0.018902048
BX470102.1	9.207112945
BX470209.1	0
BX470209.2	0
BX510359.1	0
BX510359.2	0
BX510359.3	0.05120849
BX510359.4	0
BX510359.5	0.103090776
BX510359.6	0
BX510359.7	0
BX510359.8	0
BX537318.1	0.545262233
BX537318.2	0.015059873
BX539320.1	0.536025017
BX546450.1	0
BX546450.2	0.108067572
BX547991.1	0.012875758
BX571673.1	0
BX571846.1	0
BX640514.1	0
BX640514.2	1.178368809
BX640515.1	0
BX649601.1	0.109579007
BX649632.1	0.289585589
BX664608.1	0
BX664615.1	0.205281196
BX664718.1	0.009720718
BX664725.1	0
BX664727.1	0
BX664727.2	0
BX664727.3	0.076676058
BX664730.1	0
BX679664.1	0.185807881
BX679664.2	0
BX679664.3	2.286943491
BX682237.1	0
BX842559.1	0
BX842559.2	0
BX842568.1	0
BX842568.2	0.114657058
BX842568.3	0.1920991
BX842568.4	0.069029947
BX890604.1	0.733720076
BX890604.2	0
BX927359.1	0
BYSL	5.527646712
BZW1	20.03834774
BZW1P1	0.025273868
BZW1P2	0.360443295
BZW2	17.03052868
C10orf105	0.047638218
C10orf111	0.182844784
C10orf113	0.025520844
C10orf120	0
C10orf128	13.63648683
C10orf142	0.063995674
C10orf143	1.515720875
C10orf25	1.440725417
C10orf53	0
C10orf55	0.23062153
C10orf62	0
C10orf67	2.846500502
C10orf71	0.020271407
C10orf71-AS1	0.032543713
C10orf76	6.62508628
C10orf82	0
C10orf88	2.321085741
C10orf90	0
C10orf91	0.023043821
C10orf95	0.458680268
C10orf99	0.017646169
C11orf1	4.147526799
C11orf16	0.450799712
C11orf21	1.955459431
C11orf24	5.50697246
C11orf40	0
C11orf42	0.205820464
C11orf44	0
C11orf45	0.852437011
C11orf49	3.354970944
C11orf52	0.10446532
C11orf53	0.065019909
C11orf54	8.428546632
C11orf58	24.71041344
C11orf65	0.124504638
C11orf68	14.78887238
C11orf70	1.290523598
C11orf71	5.007506939
C11orf72	0
C11orf74	8.292023362
C11orf80	2.497178963
C11orf86	0
C11orf87	0.00798936
C11orf88	0.716606616
C11orf91	2.198344275
C11orf94	0.042465577
C11orf95	2.136551139
C11orf96	69.7051781
C11orf97	0.227098522
C11orf98	4.186856961
C11orf98P1	0
C12orf10	13.38396855
C12orf29	4.511076026
C12orf4	5.495057729
C12orf40	0.003518141
C12orf42	0.022394566
C12orf43	2.853230319
C12orf45	5.391995096
C12orf49	11.80118097
C12orf50	0.011174753
C12orf54	0.177202885
C12orf56	0.008540951
C12orf57	61.75948069
C12orf60	0.521183653
C12orf65	2.722876041
C12orf66	0.856758417
C12orf71	0.360225241
C12orf73	2.095379964
C12orf74	0.0330726
C12orf75	4.393129404
C12orf76	2.099824036
C12orf77	0
C12orf80	0.049121624
C13orf42	0.024920162
C14orf119	25.92592802
C14orf132	5.096716872
C14orf177	0
C14orf178	0.111291179
C14orf180	0.134194581
C14orf28	1.269318523
C14orf37	0.147066181
C14orf39	0.004523614
C14orf93	1.266731254
C15orf32	0.008768773
C15orf38-AP3S2	0.029311257
C15orf39	4.491721173
C15orf40	1.26887805
C15orf41	0.445273425
C15orf48	7.929698487
C15orf53	0
C15orf54	0.127272563
C15orf56	0.149495037
C15orf59	0.333755016
C15orf59-AS1	0.009949078
C15orf61	1.351687002
C15orf62	0.786795764
C15orf65	2.342105038
C16orf45	4.367828725
C16orf46	0.738643676
C16orf54	7.001399104
C16orf58	8.257940375
C16orf70	1.689133296
C16orf71	0.212026906
C16orf72	3.432055913
C16orf74	1.120810861
C16orf78	0.16139305
C16orf82	0
C16orf86	2.461270674
C16orf87	0.631592019
C16orf89	99.13592083
C16orf90	0.032543713
C16orf91	14.29109297
C16orf92	0
C16orf95	0.230563785
C16orf96	0.090174093
C16orf97	0
C17orf100	0.981593268
C17orf102	0.00392039
C17orf107	1.121898683
C17orf112	0
C17orf113	0.205910618
C17orf47	0.036904847
C17orf49	0.876506965
C17orf50	0.235857731
C17orf51	0.39174495
C17orf53	0.192939276
C17orf58	3.121438071
C17orf62	7.39950649
C17orf64	0.15881552
C17orf67	0.656701078
C17orf75	3.475200844
C17orf77	0.005640676
C17orf78	0.032662424
C17orf80	3.904847795
C17orf82	0.409667921
C17orf97	0.485705916
C17orf98	0
C17orf99	0.017013896
C18orf12	0
C18orf15	0
C18orf21	7.116034307
C18orf25	2.614905722
C18orf32	2.176979996
C18orf54	0.550588415
C18orf63	0.033619617
C18orf65	0.083028795
C19orf12	4.589053894
C19orf18	0.770645803
C19orf24	9.910629192
C19orf25	4.825721393
C19orf33	163.2503428
C19orf38	2.573251172
C19orf44	1.024331966
C19orf47	1.790374868
C19orf48	4.422771608
C19orf53	78.98966314
C19orf54	3.937181837
C19orf57	0.289728036
C19orf66	5.660042215
C19orf67	0
C19orf70	34.23859314
C19orf71	2.138904177
C19orf73	0.35804646
C19orf81	0.088230845
C19orf84	0.129949949
C1D	7.101949775
C1DP1	0.155918388
C1DP2	0.588537014
C1DP3	0
C1DP4	0
C1DP5	0.286393175
C1GALT1	4.491138772
C1GALT1C1	17.60986822
C1GALT1C1L	0.39880716
C1GALT1P1	0.374118226
C1GALT1P2	0.05677463
C1GALT1P3	0
C1orf100	0.122526657
C1orf105	0
C1orf109	2.07092955
C1orf112	0.475319832
C1orf115	15.21067704
C1orf116	21.25761036
C1orf122	10.24752814
C1orf123	11.37431069
C1orf127	0.219280688
C1orf131	1.398210314
C1orf137	0.284167321
C1orf141	0.134169915
C1orf143	0
C1orf146	0.103382268
C1orf147	0.074760487
C1orf158	0.175039026
C1orf159	1.157512759
C1orf162	24.93128265
C1orf167	0.033755527
C1orf174	5.006621875
C1orf185	0.028361625
C1orf189	0.526375643
C1orf194	1.674828611
C1orf195	0.364413907
C1orf198	30.25567468
C1orf21	5.49464159
C1orf210	8.093305956
C1orf216	4.922449632
C1orf220	0.107288707
C1orf226	1.007468659
C1orf228	0.945335255
C1orf229	0.083276163
C1orf35	2.251533184
C1orf43	139.1225597
C1orf50	4.191019606
C1orf52	8.027335113
C1orf53	4.924060908
C1orf54	22.26943904
C1orf56	1.606641665
C1orf61	0.024177859
C1orf68	0.016511905
C1orf74	0.645659909
C1orf87	0.244508381
C1orf94	0
C1QA	529.0774247
C1QB	392.7628505
C1QBP	35.03726566
C1QBPP1	0
C1QBPP2	0.075974778
C1QC	228.4856088
C1QL1	0.01210023
C1QL1P1	0
C1QL2	0.007669994
C1QL3	0.641122902
C1QL4	0.007566296
C1QTNF1	5.730097124
C1QTNF12	0.227098522
C1QTNF1-AS1	0.259541168
C1QTNF2	1.733154956
C1QTNF3	1.24885135
C1QTNF3-AMACR	0.013729379
C1QTNF4	0.04708473
C1QTNF5	0
C1QTNF6	0.636181075
C1QTNF7	1.717699511
C1QTNF8	0
C1QTNF9	0.132444146
C1QTNF9-AS1	0
C1QTNF9B	0.009619274
C1R	27.04918762
C1RL	10.51320312
C1RL-AS1	0.951398959
C1S	36.13365211
C2	14.1979239
C20orf141	0
C20orf144	0.05133431
C20orf173	0.010806757
C20orf181	0.032645412
C20orf187	0.035134076
C20orf194	4.505915452
C20orf196	4.621761805
C20orf197	0.080299111
C20orf202	1.289534498
C20orf203	0.101872209
C20orf204	0.11723754
C20orf24	16.73373286
C20orf27	8.97363587
C20orf78	0
C20orf85	6.966522894
C20orf96	4.637535591
C21orf140	0
C21orf2	3.184098817
C21orf33	0.005041763
C21orf58	0.321356158
C21orf59	5.313617751
C21orf62	0.064625562
C21orf62-AS1	0.389061765
C21orf91	2.782111689
C21orf91-OT1	0.0157012
C22orf15	0.285451737
C22orf23	0.756567019
C22orf24	0.044668751
C22orf31	0
C22orf34	0.972272885
C22orf39	5.673897761
C22orf42	0
C22orf46	2.188666786
C2-AS1	0.452408866
C2CD2	2.244267743
C2CD2L	1.7002819
C2CD3	1.222820128
C2CD4A	0.309302254
C2CD4B	5.428359406
C2CD4C	0.354062576
C2CD4D	0.178369926
C2CD5	4.83609981
C2CD6	0.133359983
C2orf15	0.567638059
C2orf16	0.133973108
C2orf27A	0.280908304
C2orf27AP1	0.02674027
C2orf27AP2	0
C2orf27AP3	0.054127109
C2orf27B	0
C2orf40	6.83134789
C2orf42	2.002971424
C2orf48	0.024780914
C2orf49	4.890238971
C2orf50	0.197339185
C2orf54	7.90273362
C2orf66	0.272273302
C2orf68	5.312036664
C2orf69	4.373391014
C2orf69P1	0
C2orf69P2	0
C2orf69P3	0
C2orf69P4	0
C2orf70	0.150010033
C2orf71	0.247769389
C2orf72	0.248210251
C2orf73	0.132697111
C2orf74	1.148084209
C2orf76	8.968631151
C2orf78	0
C2orf80	0
C2orf83	0.022524865
C2orf88	0.938045269
C2orf91	2.235216356
C2orf92	0.809883422
C3	65.47710139
C3AR1	15.70632433
C3orf14	2.016204257
C3orf18	2.388100372
C3orf20	0.053848103
C3orf22	0.014329948
C3orf30	0
C3orf33	4.236866655
C3orf35	0.147924525
C3orf36	2.170097924
C3orf38	9.177509636
C3orf49	0.089201886
C3orf52	4.309780016
C3orf56	0
C3orf58	6.622610087
C3orf62	2.59481176
C3orf67	0.038117964
C3orf67-AS1	0
C3orf70	1.017036542
C3orf79	0.027016893
C3orf80	0.27960074
C3orf84	0.035492181
C3orf85	0
C3P1	0
C4A	0.359548974
C4A-AS1	0
C4B	0.341317972
C4B-AS1	0
C4BPA	164.0417935
C4BPAP1	0.09105535
C4BPAP2	0.229474029
C4BPB	1.157866847
C4orf17	0
C4orf19	3.988161583
C4orf22	0.101479263
C4orf3	83.37646645
C4orf33	3.058011896
C4orf36	1.147730935
C4orf45	0.054484694
C4orf46	1.785432747
C4orf47	1.066831049
C4orf48	2.959850732
C4orf50	0
C4orf51	0.030250575
C5	4.161503064
C5AR1	31.98741549
C5AR2	1.253215247
C5orf15	34.10219043
C5orf17	0.260636761
C5orf22	3.981300545
C5orf24	12.3316752
C5orf30	2.050951699
C5orf34	0.359088695
C5orf38	5.551585575
C5orf42	0.929055764
C5orf46	0.050875968
C5orf47	0.00568158
C5orf49	1.865921438
C5orf51	3.113149027
C5orf52	0
C5orf56	2.351446755
C5orf58	0.132586821
C5orf60	0.009543117
C5orf63	0.642919389
C5orf64	0.10464619
C5orf64-AS1	0
C5orf66	0.141381636
C5orf66-AS1	0
C5orf66-AS2	0
C5orf67	0.122579906
C6	0.423239954
C6orf10	0.095006859
C6orf106	24.49804718
C6orf118	0.384749504
C6orf120	9.042301879
C6orf132	1.884400693
C6orf136	3.033341444
C6orf141	0.703541951
C6orf15	0
C6orf163	0.25536772
C6orf201	0.136915981
C6orf203	4.071376787
C6orf222	0.004194271
C6orf223	5.688652731
C6orf226	8.487807247
C6orf229	0.076344935
C6orf47	6.723767866
C6orf47-AS1	0
C6orf48	56.84108289
C6orf52	0.549506491
C6orf58	0.061450188
C6orf62	50.0076548
C6orf89	9.378395448
C6orf99	0.820885809
C7	36.19384319
C7orf25	0.192977808
C7orf26	8.719484367
C7orf31	1.286418131
C7orf33	0
C7orf43	3.759788704
C7orf49	2.688691142
C7orf50	20.12341927
C7orf55-LUC7L2	0
C7orf57	0.371942458
C7orf61	0.460489446
C7orf65	0
C7orf66	0
C7orf69	0
C7orf71	0.007722917
C7orf77	0.210804457
C8A	0.166275446
C8B	24.63299135
C8G	0.36726089
C8orf17	0.005646774
C8orf31	0.262144111
C8orf33	14.85801154
C8orf34	0.405961049
C8orf34-AS1	4.745870719
C8orf37	1.137399854
C8orf37-AS1	0.238571319
C8orf44	0.994609933
C8orf44-SGK3	0.031656158
C8orf46	0.296776477
C8orf48	1.062726784
C8orf49	0
C8orf58	4.015474313
C8orf59	19.34104343
C8orf59P1	0
C8orf59P2	0
C8orf74	0.002931126
C8orf76	3.283861193
C8orf82	3.190352074
C8orf86	0.006964355
C8orf87	0.144867162
C8orf88	2.261078234
C8orf89	0.190514261
C9	0.010619992
C9orf106	0.084701611
C9orf116	0.983565647
C9orf129	0.040736043
C9orf131	0.085805934
C9orf135	0.747347676
C9orf135-AS1	0.010645243
C9orf139	0.191554645
C9orf147	0.191540022
C9orf152	1.38779005
C9orf153	0.16221323
C9orf16	21.39276272
C9orf163	0.085261241
C9orf170	0.019351402
C9orf24	3.637048318
C9orf3	8.072673813
C9orf40	1.818154473
C9orf41-AS1	0.065381633
C9orf43	0.19843849
C9orf47	0.124117212
C9orf50	0
C9orf57	0.010025463
C9orf62	0.024433157
C9orf64	5.747697982
C9orf66	0.193321702
C9orf72	6.27877587
C9orf78	9.455965567
C9orf84	0.077400213
C9orf85	1.610148155
C9orf92	0
CA1	0.096299152
CA10	0.003521303
CA11	4.2818195
CA12	0.878520057
CA13	3.642491031
CA14	0.1839658
CA15P1	0.242405715
CA15P2	0
CA2	58.24322938
CA3	13.56692467
CA3-AS1	0.349048802
CA4	36.76972401
CA5A	0.001963388
CA5AP1	0
CA5B	1.728827478
CA5BP1	1.931892903
CA6	0.005886476
CA7	0
CA8	0.764116036
CA9	0.065681788
CAAP1	6.665123102
CAB39	18.86807393
CAB39L	6.698635179
CAB39P1	0
CABCOCO1	4.10111627
CABIN1	5.257761363
CABLES1	4.45319928
CABLES2	1.540069975
CABP1	0.123047236
CABP2	0
CABP4	0.765692718
CABP5	0.073077006
CABP7	0.043273453
CABS1	0
CABYR	0.160350406
CABYRP1	0
CACFD1	6.241209315
CACHD1	3.642703237
CACNA1A	0.033004153
CACNA1B	0.004749863
CACNA1C	0.931837435
CACNA1C-AS1	0.13656891
CACNA1C-AS2	0.720450482
CACNA1C-AS3	0
CACNA1C-AS4	0
CACNA1C-IT1	0
CACNA1C-IT2	0
CACNA1C-IT3	0
CACNA1D	1.096900563
CACNA1E	0.002645287
CACNA1F	0.185468163
CACNA1G	0.017753402
CACNA1G-AS1	0.029771624
CACNA1H	1.418482421
CACNA1I	0.056627328
CACNA1S	0.030485988
CACNA2D1	1.321758765
CACNA2D2	19.56122204
CACNA2D3	0.570420912
CACNA2D3-AS1	0
CACNA2D4	0.402052678
CACNB1	2.102854199
CACNB2	0.433873862
CACNB3	2.298003369
CACNB4	0.587026362
CACNG1	0.136151483
CACNG2	0
CACNG3	0
CACNG4	4.010170197
CACNG5	0
CACNG6	0.219867646
CACNG7	0.022385426
CACNG8	0.030454621
CACTIN	2.048236364
CACTIN-AS1	0.180206773
CACUL1	3.622519801
CACYBP	12.69979638
CACYBPP1	0
CACYBPP2	0.069335389
CACYBPP3	0.025071677
CAD	1.611261584
CADM1	19.4290134
CADM2	0.012548387
CADM2-AS1	0
CADM2-AS2	0
CADM3	0.403251885
CADM3-AS1	0.992901947
CADM4	3.558146472
CADPS	0.066370233
CADPS2	6.624690224
CAGE1	0.004461788
CAHM	0.752010395
CALB1	0.026343174
CALB2	1.361791018
CALCA	0.434453986
CALCB	0.031841093
CALCOCO1	13.60056753
CALCOCO2	17.57281438
CALCP	0
CALCR	0.062027899
CALCRL	32.70407221
CALD1	26.07812262
CALHM1	0.035928132
CALHM2	6.231618507
CALHM3	0.00948535
CALHM4	0
CALHM5	0.866451422
CALHM6	6.194426008
CALM1	59.88282958
CALM1P1	0
CALM1P2	0
CALM2	169.4572571
CALM2P1	0.035775795
CALM2P2	3.525704549
CALM2P3	0.13959731
CALM2P4	0.073567127
CALM3	48.61184128
CALML3	0
CALML3-AS1	0
CALML4	0.503872028
CALML5	0
CALML6	0.047259193
CALN1	0.034363592
CALR	262.7780089
CALR3	0.010732738
CALR4P	0.132514148
CALU	30.23438652
CALY	0.036441391
CAMK1	3.375919715
CAMK1D	3.367522212
CAMK1G	0.614846334
CAMK2A	0.254793463
CAMK2B	0.023046645
CAMK2D	6.278134467
CAMK2G	6.785623438
CAMK2N1	21.93771719
CAMK2N2	0.069029947
CAMK4	0.375128881
CAMKK1	1.519700236
CAMKK2	6.777961966
CAMKMT	1.181811375
CAMKV	0.008035794
CAMLG	23.76221506
CAMP	7.761282496
CAMSAP1	2.625534309
CAMSAP2	8.236869512
CAMSAP3	1.503912501
CAMTA1	4.602700557
CAMTA1-DT	0.226551296
CAMTA1-IT1	0
CAMTA2	6.791377694
CAND1	5.636766587
CAND2	0.532052287
CANT1	10.56586017
CANX	89.51764791
CAP1	108.3409998
CAP1P2	0.133454632
CAP2	2.244697485
CAP2P1	0.022546472
CAPG	96.91592745
CAPN1	15.20715203
CAPN10	1.767412324
CAPN10-AS1	0.489681187
CAPN11	0.189856668
CAPN12	0.317808508
CAPN13	2.867714909
CAPN14	0.09369087
CAPN15	2.55141659
CAPN2	42.28991888
CAPN3	1.42910168
CAPN5	1.2452483
CAPN6	0.360124281
CAPN7	4.940549028
CAPN8	7.400297512
CAPN9	1.710201632
CAPNS1	97.72223073
CAPNS1P1	0
CAPNS2	0.061692118
CAPRIN1	20.21035072
CAPRIN2	2.658936171
CAPS	7.491635581
CAPS2	0.836316024
CAPSL	1.684330709
CAPZA1	43.24940129
CAPZA2	44.24927763
CAPZA3	0.014415638
CAPZB	54.34100113
CARD10	1.912979585
CARD11	1.414842606
CARD14	0.091636246
CARD16	19.82860694
CARD17	0.134504704
CARD18	0
CARD19	8.54438839
CARD6	5.499924552
CARD8	4.852340169
CARD8-AS1	3.72446189
CARD9	0.846763229
CARF	1.092313385
CARHSP1	17.94005024
CARM1	3.144511651
CARM1P1	0
CARMIL1	5.065196533
CARMIL2	0.400954696
CARMIL3	0.098744413
CARMN	0.557454787
CARNMT1	2.695477182
CARNS1	0.339926835
CARS	3.500217904
CARS2	4.724908496
CARS-AS1	0.040882813
CARSP1	0
CARSP2	0
CARTPT	0
CASC1	0.451196758
CASC10	0.342171332
CASC11	0.013398716
CASC15	0.508240021
CASC16	0
CASC17	0
CASC18	0.01817842
CASC19	0.085393995
CASC2	0.32176818
CASC20	0.010559163
CASC22	0
CASC23	0
CASC3	13.94808508
CASC4	17.3251854
CASC4P1	0.023886887
CASC6	0
CASC8	0.046835434
CASC9	0.159570244
CASD1	6.522393625
CASK	2.528538968
CASK-AS1	0.152133961
CASKIN1	0.010643436
CASKIN2	18.89094658
CASKP1	0.134620258
CASP1	19.14444222
CASP10	5.034216492
CASP12	0.815952527
CASP14	0
CASP16P	0.027426718
CASP1P1	0
CASP1P2	0
CASP2	2.10623968
CASP3	9.594305429
CASP3P1	0
CASP4	16.29607162
CASP5	0.935069604
CASP6	8.113132672
CASP7	13.11590518
CASP8	4.013181731
CASP8AP2	1.724042149
CASP9	4.841607731
CASQ1	0.381663278
CASQ2	5.093108774
CASR	0.00290289
CASS4	1.647662721
CAST	19.59102395
CASTOR1	0.639117762
CASTOR2	0.333399957
CASTOR3	1.386422456
CASZ1	2.497823304
CAT	109.5715424
CATIP	0.26246194
CATIP-AS1	0.222410036
CATIP-AS2	0.029289342
CATSPER1	1.755343951
CATSPER2	0.497897901
CATSPER2P1	0.411207438
CATSPER3	0.178403772
CATSPER4	0.007719112
CATSPERB	0.311449401
CATSPERD	0.41732771
CATSPERE	0.289310833
CATSPERG	0.48765639
CATSPERZ	0
CAV1	273.4153263
CAV2	69.15209005
CAV3	0.280390046
CAVIN1	127.3682771
CAVIN2	131.8563274
CAVIN3	11.90229872
CAVIN4	0.27564463
CBARP	0.231097615
CBFA2T2	2.210374381
CBFA2T3	1.826218922
CBFB	10.92976949
CBL	2.138965012
CBLB	2.21679997
CBLC	1.022159084
CBLL1	3.936747279
CBLL2	0
CBLN1	0.0422855
CBLN2	0.016810082
CBLN3	1.07645763
CBLN4	0.901635202
CBR1	27.80909456
CBR3	5.187520807
CBR3-AS1	0.64279701
CBR4	3.158491572
CBS	0.053110132
CBSL	0.03913536
CBWD1	0.968718634
CBWD2	1.293374227
CBWD3	0.072504139
CBWD4P	0.215310201
CBWD5	0.381017279
CBWD6	0.183942592
CBX1	9.72065538
CBX1P1	0.073394838
CBX1P2	0
CBX1P3	0
CBX1P4	0.068576796
CBX1P5	0
CBX2	0.308601613
CBX3	30.03631178
CBX3P1	0
CBX3P2	0.285104792
CBX3P3	0
CBX3P4	0.023996628
CBX3P5	0.090229163
CBX3P6	0
CBX3P7	0
CBX3P8	0
CBX3P9	0.170323891
CBX4	3.297186661
CBX5	2.854737135
CBX5P1	0
CBX6	4.853149142
CBX7	7.226883112
CBX8	0.699947749
CBY1	10.90479128
CBY3	0
CC2D1A	4.82937017
CC2D1B	7.016389869
CC2D2A	2.278791353
CC2D2B	0.177368197
CCAR1	8.035329653
CCAR2	8.664674036
CCAT2	0.044719743
CCBE1	2.856634909
CCDC102A	1.608248051
CCDC102B	3.070816276
CCDC103	0.008046109
CCDC105	0
CCDC106	3.175606902
CCDC107	6.1433341
CCDC110	0.291380541
CCDC112	1.76279272
CCDC113	0.285530316
CCDC114	0.328048807
CCDC115	13.20870333
CCDC116	0.132839929
CCDC117	0.579557947
CCDC11P1	0
CCDC12	7.930486742
CCDC120	1.293539172
CCDC121	1.625383407
CCDC122	0.751152634
CCDC124	21.35245968
CCDC125	2.489150967
CCDC126	4.647971067
CCDC127	1.639505717
CCDC129	0.02378799
CCDC13	0.255588731
CCDC130	8.747035711
CCDC134	1.43125714
CCDC136	0.17472787
CCDC137	4.396847735
CCDC138	0.456900597
CCDC13-AS1	0.115858026
CCDC14	3.301864989
CCDC140	0
CCDC141	0.320578542
CCDC142	0.671974184
CCDC144A	0.077513455
CCDC144B	0.21348936
CCDC144CP	0.017314694
CCDC144NL	0
CCDC144NL-AS1	0.372397155
CCDC146	1.469592901
CCDC148	0.144707897
CCDC148-AS1	0
CCDC149	1.535901912
CCDC15	0.350889111
CCDC150	0.055021495
CCDC150P1	0.176860023
CCDC151	0.187032277
CCDC152	1.630462805
CCDC153	1.072853932
CCDC154	0.258672381
CCDC155	0.20896779
CCDC157	0.661433927
CCDC158	0.131027321
CCDC159	4.314592509
CCDC160	0.148819311
CCDC162P	0.08158318
CCDC163	0.227345636
CCDC166	0.011871059
CCDC167	22.73259871
CCDC168	0.002919929
CCDC169	0.014185627
CCDC169-SOHLH2	0
CCDC17	0.726195875
CCDC170	1.107498179
CCDC171	0.19038846
CCDC172	0
CCDC173	1.422615829
CCDC174	5.47297219
CCDC175	0
CCDC177	0
CCDC178	0.37817613
CCDC179	0.034176222
CCDC18	0.492376042
CCDC180	0.190406588
CCDC181	0.427250236
CCDC182	0
CCDC183	0.385929573
CCDC183-AS1	0.558228344
CCDC184	0.481530284
CCDC185	0
CCDC186	3.808086822
CCDC187	0.055370311
CCDC188	0.745246963
CCDC189	0.188179982
CCDC18-AS1	2.796073441
CCDC190	0.090765744
CCDC191	2.12161323
CCDC192	0.15669798
CCDC194	0.091529194
CCDC196	0.022116864
CCDC197	0
CCDC198	0.015261551
CCDC22	7.081303783
CCDC24	2.036985558
CCDC25	6.39569105
CCDC26	0.007730537
CCDC27	0
CCDC28A	28.80248205
CCDC28B	1.607016189
CCDC3	2.799545772
CCDC30	0.239038684
CCDC32	3.757997345
CCDC33	0.064345399
CCDC34	1.099782233
CCDC34P1	0
CCDC36	0.177325659
CCDC37-AS1	0
CCDC38	0.053258377
CCDC39	0.625162831
CCDC39-AS1	0
CCDC40	0.858920761
CCDC42	0.107021956
CCDC43	6.833239405
CCDC47	22.60844119
CCDC50	13.12230638
CCDC51	3.673624841
CCDC54	0.065109964
CCDC57	3.199181957
CCDC58	7.583607849
CCDC58P1	0
CCDC58P2	0
CCDC58P3	0
CCDC58P5	0.108818042
CCDC59	12.11262134
CCDC6	5.864707241
CCDC60	0.141210389
CCDC61	2.912354264
CCDC62	0.073468577
CCDC63	0.03587408
CCDC65	1.498965084
CCDC66	1.296939145
CCDC68	8.010352333
CCDC69	20.98616847
CCDC7	0.23132918
CCDC70	0
CCDC71	12.1944638
CCDC71L	7.586818547
CCDC73	0.051735206
CCDC74A	0.534718489
CCDC74B	0.167628773
CCDC74BP1	0.027907031
CCDC75P1	0
CCDC77	1.647626795
CCDC78	0.661252628
CCDC8	0.911998825
CCDC80	4.846835995
CCDC81	0.227598298
CCDC82	4.8862319
CCDC83	0.00664256
CCDC84	7.013807721
CCDC85A	1.361564567
CCDC85B	16.58489775
CCDC85C	1.268922263
CCDC86	4.776068567
CCDC87	0.048496624
CCDC88A	3.534516587
CCDC88B	3.161796954
CCDC88C	2.910501671
CCDC89	0.610367486
CCDC9	6.733367849
CCDC90B	7.671298759
CCDC91	3.477093861
CCDC92	7.008818803
CCDC92B	0.019785098
CCDC93	4.851517122
CCDC94	9.91201465
CCDC96	0.824331793
CCDC97	6.824010432
CCDC9B	3.405207766
CCER1	0
CCER2	0.148247852
CCHCR1	2.360020697
CCIN	0.823451517
CCK	0.601239252
CCKAR	0
CCKBR	0.017705986
CCL1	0.105877013
CCL11	5.170016762
CCL13	7.788865513
CCL14	2.823343842
CCL15	0.301342269
CCL15-CCL14	0.119731026
CCL16	0.260564302
CCL17	24.33873463
CCL18	142.6882608
CCL19	27.6893599
CCL2	262.6150838
CCL20	46.56601921
CCL21	42.8545233
CCL22	1.958056014
CCL23	17.79307685
CCL24	9.549179977
CCL25	0.015844083
CCL26	0.443903626
CCL27	0.015545435
CCL28	1.302352795
CCL3	18.35485039
CCL3L1	2.069394698
CCL4	29.92067727
CCL4L2	3.017305412
CCL5	44.5843062
CCL7	0.490248605
CCL8	5.442800572
CCM2	3.900242546
CCM2L	6.868786596
CCNA1	0.509268435
CCNA2	1.036065986
CCNB1	1.984759402
CCNB1IP1	10.71763086
CCNB1IP1P1	0
CCNB1IP1P2	0
CCNB1IP1P3	0
CCNB2	0.704889164
CCNB2P1	0.013625911
CCNB3	0.104310785
CCNB3P1	0
CCNC	19.49958904
CCND1	35.2424463
CCND2	6.450080325
CCND2-AS1	0.649379016
CCND2-AS1	0.316561576
CCND2P1	0
CCND3	31.9175582
CCND3P1	0.027016893
CCND3P2	0
CCNDBP1	11.64519854
CCNE1	0.239655734
CCNE2	0.359938503
CCNF	0.347720989
CCNG1	25.24578566
CCNG1P1	0
CCNG2	4.071927189
CCNG2P1	0
CCNH	10.27615937
CCNHP1	0
CCNI	83.19946473
CCNI2	0.158581131
CCNJ	2.141942011
CCNJL	2.68332056
CCNJP1	0
CCNJP2	0
CCNK	0.852116752
CCNL1	26.33653412
CCNL2	17.13154995
CCNL2P1	0.016171102
CCNO	0.190566919
CCNQ	17.29112391
CCNT1	5.77811843
CCNT2	6.479472687
CCNT2-AS1	1.205369076
CCNT2P1	0
CCNY	13.33965565
CCNYL1	9.03168939
CCNYL2	0.020451316
CCNYL3	0
CCP110	2.986562761
CCPG1	4.454928918
CCR1	9.65089719
CCR10	0.341037986
CCR12P	0
CCR2	1.569918149
CCR3	0.043917595
CCR4	1.285986653
CCR5	1.962992123
CCR6	0.059327205
CCR7	3.723763798
CCR8	0.107001655
CCR9	0.066941109
CCRL1P1	0.0148811
CCRL2	12.40888283
CCS	10.37474904
CCSAP	1.97655124
CCSER1	0.147261239
CCSER2	6.523502085
CCT2	32.56504525
CCT3	31.04320359
CCT4	54.82214485
CCT4P1	0
CCT4P2	0.080980868
CCT5	22.19642048
CCT5P1	0.009684671
CCT5P2	0.00964889
CCT6A	27.59989285
CCT6B	0.553179302
CCT6P1	2.370606122
CCT6P2	0
CCT6P3	1.17523485
CCT6P4	0
CCT7	47.04430303
CCT7P1	0.009726752
CCT7P2	0
CCT8	31.8273718
CCT8L1P	0
CCT8L2	0
CCT8P1	2.193960854
CCZ1	0.677375811
CCZ1B	1.619241017
CD101	2.722156653
CD109	3.264063328
CD14	62.96998886
CD151	89.18812906
CD160	0.509041536
CD163	27.53873324
CD163L1	0.550783761
CD164	60.28720092
CD164L2	0.629555823
CD177	0.075184956
CD177P1	0.016759142
CD180	0.503158651
CD19	0.485526755
CD1A	0.418658725
CD1B	0.449313204
CD1C	6.650109392
CD1D	2.232581072
CD1E	0.917568743
CD2	10.02344434
CD200	8.162335431
CD200R1	0.465479275
CD200R1L	0
CD207	0.58688382
CD209	0.418997544
CD22	1.450200496
CD226	0.534275998
CD24	49.17999241
CD244	2.193881413
CD247	3.791205464
CD248	7.399967153
CD24P1	0
CD24P2	0
CD24P4	0.064484765
CD27	3.067279607
CD274	11.29842786
CD276	8.85278555
CD27-AS1	4.488241759
CD28	0.885335567
CD2AP	7.415939059
CD2BP2	21.5589508
CD300A	8.733316306
CD300C	9.120917356
CD300E	2.639475568
CD300LB	0.708597483
CD300LD	0
CD300LF	23.07325184
CD300LG	1.971521476
CD302	6.567856435
CD320	11.72654185
CD33	2.821874919
CD34	8.145099467
CD36	33.8678323
CD37	14.09566304
CD38	4.025457953
CD3D	13.021619
CD3E	6.710905048
CD3EAP	0.492222554
CD3G	1.2499891
CD4	22.83284115
CD40	25.6905315
CD40LG	0.491567686
CD44	55.69111959
CD44-AS1	1.868630084
CD46	55.54248793
CD46P1	0.020537088
CD47	38.78845626
CD48	17.12956842
CD5	1.994603284
CD52	568.6544553
CD53	73.19603717
CD55	268.8436644
CD58	27.98240988
CD59	196.6588185
CD5L	2.322396771
CD6	2.111924772
CD63	520.6860221
CD68	1.21693269
CD69	24.63345363
CD7	3.592308352
CD70	0.61369966
CD72	1.235627899
CD74	1452.271366
CD79A	5.880083878
CD79B	5.100217905
CD80	2.369316535
CD81	93.11810306
CD81-AS1	0.101619961
CD82	15.2291574
CD83	95.78826018
CD83P1	0
CD84	1.442535699
CD86	9.425613999
CD8A	9.977961628
CD8B	5.304529256
CD8B2	0.099019261
CD9	246.2471468
CD93	42.90039358
CD96	1.618106527
CD99	63.19452029
CD99L2	8.305373668
CD99P1	0.629861835
CDA	1.480738959
CDADC1	2.717774956
CDAN1	1.310627909
CDC123	21.34716657
CDC14A	3.266950504
CDC14B	1.825796574
CDC14C	0
CDC16	11.80155512
CDC20	0.722748288
CDC20B	0
CDC20P1	0.20893064
CDC23	4.601179316
CDC25A	0.137020337
CDC25B	20.41359868
CDC25C	0.03599888
CDC26	6.974727107
CDC27	7.701714899
CDC27P1	0
CDC27P2	0
CDC34	15.2828894
CDC37	54.08940136
CDC37L1	9.047135838
CDC37L1-AS1	1.712685914
CDC37P1	0.016339727
CDC37P2	0
CDC40	2.856720657
CDC42	143.837248
CDC42BPA	2.975645026
CDC42BPB	10.33757721
CDC42BPG	4.671199598
CDC42EP1	34.23238808
CDC42EP2	18.41764926
CDC42EP3	4.357908456
CDC42EP3P1	0.020510207
CDC42EP4	16.55546862
CDC42EP5	7.670045087
CDC42-IT1	0.158509517
CDC42P1	0.028594522
CDC42P2	0
CDC42P3	0
CDC42P4	0.111330714
CDC42P5	0
CDC42P6	0.734521781
CDC42SE1	36.26449665
CDC42SE2	14.96486518
CDC45	0.66621418
CDC5L	5.901485497
CDC6	0.324413787
CDC7	2.29958801
CDC73	8.171600561
CDCA2	0.104251471
CDCA3	0.130281356
CDCA4	2.880798517
CDCA4P1	0.452013404
CDCA4P2	0
CDCA4P3	0
CDCA4P4	0.506964053
CDCA5	0.427176659
CDCA7	1.386143798
CDCA7L	3.392430493
CDCA8	0.514075997
CDCP1	3.270260593
CDCP2	0.03010528
CDH1	19.84282984
CDH10	0.37676017
CDH11	3.405408607
CDH12	0.002638013
CDH12P1	0
CDH12P2	0
CDH12P3	0
CDH12P4	0
CDH13	2.223974183
CDH15	0.118505387
CDH16	0.102865195
CDH17	0.016067468
CDH18	0
CDH18-AS1	0
CDH19	1.239612516
CDH2	0.386205122
CDH20	0.136953806
CDH22	0.006358206
CDH23	0.511943121
CDH23-AS1	0
CDH24	1.379678052
CDH26	1.431218502
CDH3	0.95486261
CDH4	0.110846075
CDH5	41.24998229
CDH6	0.86836428
CDH7	0.002156592
CDH8	0.032430656
CDH9	0
CDHR1	0.180655342
CDHR2	0.020510207
CDHR3	1.64945242
CDHR4	0.361648831
CDHR5	0.105193583
CDIP1	5.92941044
CDIPT	16.95165816
CDIPT-AS1	0.069643547
CDK1	1.845615994
CDK10	5.960107233
CDK11A	1.37664892
CDK11B	6.841916521
CDK12	2.378747225
CDK13	4.649473746
CDK14	4.533040525
CDK15	0.199030165
CDK16	7.851712085
CDK17	7.603932828
CDK18	2.961456479
CDK19	2.38016953
CDK2	10.72016997
CDK20	1.132756481
CDK2AP1	14.28228941
CDK2AP2	29.09661846
CDK2AP2P1	0
CDK2AP2P2	0
CDK2AP2P3	0
CDK3	0.521457504
CDK4	17.18335803
CDK4P1	0
CDK5	3.920116244
CDK5P1	0
CDK5R1	0.347815169
CDK5R2	0
CDK5RAP1	5.050567691
CDK5RAP2	3.62985896
CDK5RAP3	11.20893952
CDK6	1.629607866
CDK7	7.708581899
CDK7P1	0
CDK8	3.295175158
CDK8P2	0.057293594
CDK9	16.4219483
CDKAL1	3.193887553
CDKL1	0.667667438
CDKL2	3.530988598
CDKL3	0.353685333
CDKL4	0.067998159
CDKL5	1.400484439
CDKN1A	146.2634358
CDKN1B	22.18076351
CDKN1C	9.616384152
CDKN2A	0.734804572
CDKN2A-AS1	0
CDKN2AIP	11.14994708
CDKN2AIPNL	14.59957844
CDKN2AIPNLP1	0
CDKN2AIPNLP2	0
CDKN2AIPNLP3	0
CDKN2B	12.21765423
CDKN2B-AS1	0.359756309
CDKN2C	3.211411283
CDKN2D	7.923517282
CDKN3	0.972961313
CDNF	0.877074671
CDO1	4.209155423
CDON	1.158973738
CDPF1	2.469653948
CDR1	0.006351762
CDR2	5.905942101
CDR2L	6.026845382
CDRT1	0.069985699
CDRT15	0.080461094
CDRT15L2	0
CDRT15P1	0.250049968
CDRT15P2	0
CDRT4	0.352510094
CDRT7	0
CDRT8	0
CDS1	6.038193847
CDS2	5.391475102
CDSN	0.018420609
CDT1	0.248950628
CDV3	29.9150689
CDV3P1	0
CDX1	0.240662427
CDX2	0.011404511
CDX4	0
CDY1	0
CDY10P	0
CDY11P	0
CDY12P	0
CDY13P	0
CDY14P	0
CDY15P	0
CDY17P	0
CDY18P	0
CDY19P	0
CDY1B	0
CDY20P	0
CDY22P	0
CDY23P	0
CDY2A	0
CDY2B	0
CDY3P	0
CDY4P	0.010356773
CDY5P	0
CDY6P	0
CDY7P	0
CDY8P	0
CDY9P	0
CDYL	3.963272677
CDYL2	0.712346783
CDYLP1	0
CEACAM1	2.107650237
CEACAM16	0.02762009
CEACAM18	0.010616394
CEACAM19	4.258522845
CEACAM20	0.014290741
CEACAM21	6.465218423
CEACAM22P	0.054374693
CEACAM3	0.686825561
CEACAM4	2.113814392
CEACAM5	1.417874308
CEACAM6	109.6834517
CEACAM7	0.070984362
CEACAM8	0.20972961
CEACAMP1	0
CEACAMP10	0
CEACAMP11	0
CEACAMP2	0
CEACAMP3	0.008131706
CEACAMP4	0
CEACAMP5	0.032611442
CEACAMP6	0
CEACAMP7	0
CEACAMP8	0
CEACAMP9	0
CEBPA	5.961789355
CEBPA-AS1	0.684395181
CEBPB	57.64819344
CEBPB-AS1	0.538501366
CEBPD	65.50666241
CEBPE	0.171419927
CEBPG	10.30917111
CEBPZ	16.08863801
CEBPZOS	11.4004618
CECR2	0.977268747
CECR3	0.016365324
CECR7	0.097171462
CECR9	0
CEL	0.116895173
CELA1	0.460876412
CELA2A	0.020631729
CELA2B	0.817367637
CELA3A	0
CELA3B	0
CELF1	7.68256833
CELF2	8.547741795
CELF2-AS1	0.279364308
CELF2-AS2	0
CELF3	0.017650144
CELF4	0.191914244
CELF5	0.005202456
CELF6	0.021836396
CELP	0.017444807
CELSR1	3.329495576
CELSR2	0.308345689
CELSR3	0.107304174
CELSR3-AS1	0.959375387
CEMIP	1.063021331
CEMP1	0
CEND1	0.085523458
CEND1P1	0
CENPA	0.142237198
CENPB	23.11295204
CENPBD1	1.033612769
CENPBD1P1	4.093257757
CENPC	2.359657262
CENPCP1	0
CENPE	0.164264083
CENPF	0.080426679
CENPH	1.382629235
CENPI	0.232091431
CENPIP1	0
CENPJ	1.073052237
CENPK	0.421543731
CENPL	0.631383802
CENPM	1.084018646
CENPN	1.567858151
CENPO	0.74401723
CENPP	0.590377319
CENPQ	4.891725744
CENPS	1.56788088
CENPS-CORT	0.115769911
CENPT	5.624040154
CENPU	1.358438295
CENPUP1	0
CENPUP2	0
CENPV	4.519872228
CENPVL1	0
CENPVL3	0
CENPW	7.825043778
CENPX	32.82367222
CEP104	3.48372477
CEP112	2.190058402
CEP120	3.95819563
CEP126	1.073221423
CEP128	0.241714969
CEP131	1.821426343
CEP135	1.109944025
CEP152	0.414382513
CEP162	1.474232
CEP164	1.964840083
CEP164P1	0.061139905
CEP170	2.041270879
CEP170B	6.244846568
CEP170P1	0.043003457
CEP19	0.961118914
CEP192	1.457618822
CEP250	0.877970271
CEP290	1.368165843
CEP295	0.514900155
CEP295NL	0.073860542
CEP350	2.29880681
CEP41	0.623499841
CEP44	2.709038268
CEP55	0.407194384
CEP57	6.516393955
CEP57L1	1.525076733
CEP57L1P1	0.039141877
CEP63	1.906832872
CEP68	2.00074772
CEP70	6.863513329
CEP72	0.878159811
CEP76	0.778655113
CEP78	0.995531576
CEP83	1.160809584
CEP83-AS1	0.101014008
CEP85	1.563511751
CEP85L	0.841286977
CEP89	2.141804946
CEP95	3.292448858
CEP97	0.639918452
CEPT1	4.574470923
CER1	0.077381718
CERCAM	1.880168863
CERK	8.006257663
CERKL	4.094207451
CERNA1	0.209329363
CERNA3	0
CERS1	0.045927998
CERS2	33.94110638
CERS3	0
CERS3-AS1	0.308180596
CERS4	12.80916229
CERS5	6.856262183
CERS6	1.549451093
CERS6-AS1	0.003643292
CES1	92.86102624
CES1P1	0.068908522
CES1P2	0.025233169
CES2	5.759963178
CES3	0.473110416
CES4A	1.025396919
CES5A	0
CES5AP1	0.020089485
CETN1	0
CETN2	30.57561206
CETN3	7.284993014
CETN4P	0.367521915
CETP	1.390365769
CFAP100	0.275810884
CFAP126	0
CFAP157	0.509776545
CFAP161	0.506754458
CFAP20	17.66893433
CFAP206	0.065055901
CFAP221	1.272410319
CFAP36	20.45791601
CFAP43	0.455872464
CFAP44	1.101782671
CFAP44-AS1	0.015317496
CFAP45	1.014805965
CFAP46	0.089024513
CFAP47	0.050125531
CFAP52	0.575271986
CFAP53	0.524866275
CFAP54	0.103487934
CFAP57	0.24195212
CFAP58	0.234075336
CFAP58-AS1	0.808127947
CFAP61	0.059922746
CFAP65	0.16535294
CFAP69	1.075058906
CFAP70	0.580128493
CFAP73	0.889710431
CFAP74	0.084197725
CFAP77	0.43060926
CFAP97	6.075858357
CFAP97D1	0.029226908
CFAP99	0.040891957
CFB	1.047370929
CFC1	0.028166204
CFC1B	0
CFD	68.30852202
CFDP1	13.48254552
CFH	8.907448092
CFHR1	0.064191253
CFHR2	0
CFHR3	0.137017312
CFHR4	0
CFHR5	0
CFI	15.37459922
CFL1	105.5192384
CFL1P1	0.174431889
CFL1P2	0.045818123
CFL1P3	0
CFL1P4	0.062930916
CFL1P5	0.280932633
CFL1P6	0.031720239
CFL1P7	0
CFL1P8	0
CFL2	18.94825413
CFLAR	14.72316942
CFLAR-AS1	0.733956851
CFP	2.944935812
CFTR	4.884738015
CFTR-AS1	0
CFTRP1	0
CFTRP3	0
CGA	0
CGAS	2.866196504
CGB1	0
CGB2	0
CGB3	0
CGB5	0
CGB7	0.060161658
CGB8	0
CGGBP1	15.05894146
CGN	17.02929981
CGNL1	9.299137884
CGREF1	0.100870202
CGRRF1	8.123300187
CH25H	15.33521156
CHAC1	0.715724495
CHAC2	2.894345731
CHAD	0.469572193
CHADL	1.380678623
CHAF1A	0.991436393
CHAF1B	0.538859798
CHAMP1	3.407457871
CHAT	0
CHCHD1	24.52434332
CHCHD10	13.05432436
CHCHD2	218.685043
CHCHD2P1	0
CHCHD2P11	0.034288398
CHCHD2P2	2.343147364
CHCHD2P3	0
CHCHD2P4	0
CHCHD2P5	0
CHCHD2P6	0.560887624
CHCHD2P7	0.034667695
CHCHD2P8	0.070110953
CHCHD2P9	7.834898997
CHCHD3	11.24449194
CHCHD3P1	0
CHCHD3P2	0.024522376
CHCHD3P3	0.171388416
CHCHD4	7.923329008
CHCHD4P2	0
CHCHD4P3	0
CHCHD4P4	0.095839743
CHCHD4P5	0
CHCHD5	6.390476277
CHCHD6	8.813198003
CHCHD7	7.335367421
CHD1	6.044515351
CHD1L	9.450150686
CHD2	6.789946812
CHD3	8.753440138
CHD4	14.84374763
CHD5	0.050701065
CHD6	2.502553042
CHD7	0.921807101
CHD8	3.886609747
CHD9	3.00918615
CHDH	1.040209586
CHEK1	0.348854911
CHEK2	1.732681671
CHEK2P2	0
CHEK2P3	0
CHEK2P4	0
CHEK2P5	0
CHERP	3.183688714
CHFR	1.290034167
CHGA	0.040412116
CHGB	0.044918936
CHI3L1	10.53389296
CHI3L2	31.7010238
CHIA	2.239509126
CHIAP1	0.157485407
CHIAP2	3.098610037
CHIAP3	0
CHIC1	1.300735501
CHIC2	17.00137415
CHID1	8.719991196
CHIT1	4.723237946
CHKA	9.902245315
CHKB	1.67020025
CHKB-AS1	1.165746218
CHKB-CPT1B	0.16225199
CHL1	0.878544445
CHL1-AS1	0.01363777
CHL1-AS2	0.354921812
CHM	3.191962321
CHML	1.917214617
CHMP1A	23.69519641
CHMP1AP1	0.02367039
CHMP1B	29.75927582
CHMP1B2P	0.057822133
CHMP1B-AS1	0
CHMP2A	51.2341305
CHMP2B	24.03442294
CHMP3	17.74223404
CHMP4A	1.8118001
CHMP4B	81.29064706
CHMP4BP1	1.092621969
CHMP4C	7.902079267
CHMP5	61.83341627
CHMP6	11.06059868
CHMP7	9.896187877
CHN1	8.763234444
CHN2	0.55270582
CHODL	0.167185042
CHODL-AS1	0.014028467
CHORDC1	2.966305261
CHORDC2P	0.014375961
CHP1	35.81441425
CHP2	0.032892103
CHPF	7.554580607
CHPF2	8.675217534
CHPT1	9.714022007
CHRAC1	9.000283852
CHRD	0.923145199
CHRDL1	17.52459041
CHRDL2	0.494835726
CHRFAM7A	0.032086759
CHRM1	1.268048268
CHRM2	0.259845244
CHRM3	0.424900028
CHRM3-AS1	0.032242383
CHRM3-AS2	0.124939233
CHRM4	0.186668672
CHRM5	0.043100699
CHRNA1	0.413097631
CHRNA10	1.831911271
CHRNA2	0.068441297
CHRNA3	0.055904841
CHRNA4	0.00588537
CHRNA5	0.108127229
CHRNA6	0.012072263
CHRNA7	0.013588101
CHRNA9	0.009892549
CHRNB1	1.03524191
CHRNB2	0.050745894
CHRNB3	0
CHRNB4	0.009447225
CHRND	0.005003128
CHRNE	0.373796772
CHRNG	0.011984549
CHST1	0.986683657
CHST10	2.091867394
CHST11	4.44846545
CHST12	1.173560415
CHST13	0.210215289
CHST14	4.923666241
CHST15	3.399824954
CHST2	2.414421079
CHST3	1.874980133
CHST4	0.017613111
CHST5	0.014150931
CHST6	0.092512682
CHST7	1.567664369
CHST8	0.097551167
CHST9	0.182238581
CHSY1	16.28192152
CHSY3	1.026614495
CHTF18	0.821101653
CHTF8	19.91264013
CHTF8P1	0
CHTOP	14.00949584
CHUK	4.973713307
CHURC1	22.57100436
CHURC1-FNTB	0.060384578
CIAO1	15.51430508
CIAPIN1	14.15149326
CIAPIN1P	0.033662294
CIART	1.017141932
CIB1	98.0651952
CIB2	0.737488163
CIB3	0
CIB4	0.313694717
CIC	5.235369627
CICP1	0
CICP10	0
CICP11	0
CICP12	0
CICP13	0
CICP14	2.558100258
CICP16	0.128121349
CICP17	0
CICP18	0
CICP2	0
CICP20	0
CICP22	0.13068065
CICP23	0
CICP24	0.005792901
CICP26	0
CICP27	0.069881051
CICP3	0.019148429
CICP4	0
CICP5	0.014148802
CICP6	0
CICP7	0.012652239
CICP8	0
CICP9	0.016382434
CIDEA	0.008461014
CIDEB	0.166595726
CIDEC	0.138310782
CIDECP	2.06714604
CIITA	3.578631085
CILP	0.305416607
CILP2	0.09344375
CINP	4.999439667
CIP2A	0.660465388
CIPC	5.079379803
CIR1	15.85206223
CIR1P1	0
CIR1P2	0
CIR1P3	0
CIRBP	34.45977561
CIRBP-AS1	1.513380893
CISD1	7.141084
CISD1P1	0
CISD2	12.02733632
CISD3	14.86365367
CISH	10.53236031
CISTR	0
CIT	0.730783474
CITED1	1.673819331
CITED2	46.63851119
CITED4	4.572342272
CIZ1	10.57615739
CKAP2	1.991894269
CKAP2L	0.072058853
CKAP2P1	0
CKAP4	11.2160951
CKAP5	3.050269884
CKB	43.14038054
CKBP1	0
CKLF	15.68329481
CKLF-CMTM1	0.130854263
CKM	0.047283639
CKMT1A	0.045361268
CKMT1B	0.02257896
CKMT2	0.589908331
CKMT2-AS1	0.94406095
CKS1B	6.521263237
CKS1BP1	1.501688974
CKS1BP2	0.065290825
CKS1BP3	0.528938329
CKS1BP5	0
CKS1BP6	0
CKS1BP7	0.066679991
CKS2	49.38670428
CLASP1	2.618722122
CLASP2	3.852059598
CLASRP	5.052723344
CLBA1	1.679442464
CLC	0.197414778
CLCA1	0
CLCA2	0.14986684
CLCA3P	0
CLCA4	0.009091847
CLCC1	3.05883043
CLCF1	16.02683137
CLCN1	0.009479612
CLCN2	0.679389843
CLCN3	5.127455751
CLCN3P1	0.039132567
CLCN4	1.345631497
CLCN5	1.261670335
CLCN6	3.67691426
CLCN7	3.203826169
CLCNKA	0.085651945
CLCNKB	0.186608687
CLCP1	0.040386077
CLCP2	0
CLDN1	28.70443476
CLDN10	0.76494576
CLDN10-AS1	0.105048925
CLDN11	2.325011473
CLDN12	5.362739055
CLDN14	0.027461966
CLDN15	2.486151842
CLDN16	0.174934948
CLDN17	0
CLDN18	198.3885275
CLDN19	0.004350305
CLDN2	0.983383217
CLDN20	0.155531494
CLDN22	0
CLDN23	4.616413517
CLDN24	0.070904063
CLDN25	0
CLDN3	7.588905308
CLDN34	0.047245622
CLDN4	35.51532055
CLDN5	74.38241527
CLDN6	0.153183764
CLDN7	64.7731096
CLDN8	0.409172675
CLDN9	0.542710077
CLDND1	24.71364729
CLDND2	1.111525463
CLEC10A	4.5251381
CLEC11A	2.709413676
CLEC12A	10.95439417
CLEC12A-AS1	0
CLEC12B	0.252118375
CLEC14A	53.16810153
CLEC16A	1.703981424
CLEC17A	0.182044123
CLEC18A	0.025520844
CLEC18B	0.024928091
CLEC18C	0
CLEC19A	0.383312084
CLEC1A	7.575301523
CLEC1B	0.563600364
CLEC20A	0
CLEC2A	0.012844097
CLEC2B	24.43728163
CLEC2D	2.439326035
CLEC2L	0.037205694
CLEC3A	0
CLEC3B	187.8248637
CLEC4A	14.17743628
CLEC4C	0.10103029
CLEC4D	0.303587741
CLEC4E	4.955848581
CLEC4F	0.873709949
CLEC4G	0.062536252
CLEC4GP1	0.198123883
CLEC4M	0.512563486
CLEC5A	1.267549656
CLEC6A	0.810506793
CLEC7A	11.61210567
CLEC9A	0.494142193
CLECL1	0.737509377
CLGN	0.225500771
CLHC1	0.819475566
CLIC1	296.072038
CLIC1P1	0.043286735
CLIC2	36.5867713
CLIC3	55.03733637
CLIC4	75.44510972
CLIC4P1	0.029289342
CLIC4P2	0
CLIC4P3	0.041674995
CLIC5	29.40982649
CLIC6	5.50066743
CLINT1	13.25584199
CLIP1	4.915505895
CLIP1-AS1	0.181904786
CLIP2	2.206410381
CLIP3	1.902642492
CLIP4	7.293761921
CLK1	30.96679422
CLK2	7.984338487
CLK2P1	0
CLK3	2.751776882
CLK3P2	0.010784445
CLK4	4.204188609
CLLU1	0.002300998
CLLU1OS	0
CLMAT3	0.250316262
CLMN	1.160688814
CLMP	2.188914297
CLN3	3.81722554
CLN5	7.638377631
CLN6	5.752392116
CLN8	4.61535537
CLNK	0.042924036
CLNS1A	14.06596414
CLNS1AP1	0
CLOCK	2.110266963
CLP1	3.366229429
CLPB	1.933000409
CLPP	13.70763085
CLPS	0
CLPSL1	0
CLPSL2	0
CLPTM1	12.77797258
CLPTM1L	12.8761433
CLPTM1LP1	0
CLPX	5.672805463
CLRN1	0.009026381
CLRN1-AS1	0.005114164
CLRN2	0
CLRN3	0.122420297
CLSPN	0.060814222
CLSTN1	10.52264003
CLSTN2	0.254810872
CLSTN2-AS1	0
CLSTN3	4.131439821
CLTA	54.25550733
CLTB	31.23200542
CLTC	22.97778084
CLTCL1	0.628413632
CLTRN	1.211479946
CLU	31.30880588
CLUAP1	1.852725539
CLUH	3.872029794
CLUHP1	0
CLUHP11	0
CLUHP2	0
CLUHP3	5.551657381
CLUHP4	0
CLUHP5	0
CLUHP6	0
CLUHP8	0
CLUL1	0.920794162
CLVS1	0.025434543
CLVS2	0
CLYBL	0.934507117
CLYBL-AS1	0.126165845
CLYBL-AS2	0
CMA1	2.826249585
CMAHP	39.84311875
CMAS	9.310251633
CMBL	5.303406361
CMC1	2.568502386
CMC2	2.665373667
CMC4	0
CMIP	3.414943786
CMKLR1	2.83102853
CMPK1	55.85932412
CMPK2	3.117932841
CMSS1	4.400291228
CMTM1	0.385059882
CMTM2	3.185693076
CMTM3	16.37823338
CMTM4	3.52700763
CMTM5	0.512334265
CMTM6	39.69114026
CMTM7	6.161810728
CMTM8	12.30626384
CMTR1	8.443982916
CMTR2	4.829902125
CMYA5	0.265233904
CNBD1	0
CNBD2	0.056354918
CNBP	251.8145482
CNDP1	0.021833354
CNDP2	13.16485223
CNEP1R1	4.631929278
CNFN	0.337823174
CNGA1	0.218790813
CNGA2	0
CNGA3	0.039371352
CNGA4	0.130159836
CNGB1	0.053678398
CNGB3	0.006236736
CNIH1	27.86189181
CNIH2	0.439269349
CNIH3	0.547191505
CNIH4	15.39008995
CNKSR1	3.329299153
CNKSR2	0.492416836
CNKSR3	1.151194594
CNMD	0.077001464
CNN1	35.61663126
CNN2	39.89887385
CNN2P1	0.290181444
CNN2P10	0
CNN2P11	0
CNN2P12	0
CNN2P2	0
CNN2P3	0
CNN2P4	0.017333847
CNN2P6	0.017410887
CNN2P7	0
CNN2P8	0
CNN2P9	0.068954007
CNN3	159.0224989
CNN3P1	0
CNNM1	0.061086067
CNNM2	0.585553588
CNNM3	3.559059644
CNNM3-DT	1.094997932
CNNM4	5.322513168
CNOT1	6.824130604
CNOT10	4.387931465
CNOT10-AS1	0
CNOT11	10.42215925
CNOT2	3.537546764
CNOT3	3.14522608
CNOT4	2.503048172
CNOT4P1	0
CNOT6	4.634796005
CNOT6L	3.949652297
CNOT6LP1	0.05359028
CNOT7	6.712968381
CNOT7P1	0
CNOT7P2	0
CNOT8	25.28299977
CNOT9	9.439209001
CNP	5.650918264
CNPPD1	20.81925697
CNPY1	0
CNPY2	7.490333073
CNPY3	31.29383139
CNPY4	4.178612798
CNR1	1.141279923
CNR2	0.143157652
CNRIP1	8.771200343
CNST	6.588618204
CNTD1	0.644790385
CNTD2	0.099905529
CNTF	0.223381492
CNTFR	0.75713851
CNTFR-AS1	0
CNTLN	0.886595584
CNTN1	1.677412973
CNTN2	0.001555469
CNTN3	0.282172914
CNTN4	0.730226332
CNTN4-AS1	0.052785653
CNTN4-AS2	0.036783563
CNTN5	0.03098499
CNTN6	3.602735806
CNTNAP1	1.596790002
CNTNAP2	0.036058998
CNTNAP3	0.143185844
CNTNAP3B	0.080601079
CNTNAP3P1	0
CNTNAP3P2	0.077111153
CNTNAP3P5	0
CNTNAP4	0.002417433
CNTNAP5	0.005754608
CNTRL	2.158195603
CNTROB	5.220752395
COA1	4.07520804
COA3	39.69627806
COA4	19.15120013
COA5	12.35983704
COA6	18.00094535
COA7	3.171582163
COASY	8.483920888
COBL	2.217258888
COBLL1	3.109695038
COCH	0.363508156
COG1	3.663261032
COG2	2.191880685
COG3	5.167699338
COG4	10.02526566
COG5	3.068445149
COG6	3.795318108
COG7	4.372966882
COG8	1.247273854
COG8	0
COIL	6.128287334
COL10A1	0.246380472
COL11A1	0.034126602
COL11A2	0.278987501
COL11A2P1	0
COL12A1	7.258000337
COL13A1	2.110703566
COL14A1	2.747243409
COL15A1	1.921923217
COL16A1	2.562888527
COL17A1	0.146309972
COL18A1	4.655905961
COL18A1-AS1	0.036283179
COL18A1-AS2	0
COL19A1	0.014728984
COL1A1	7.015422342
COL1A2	12.5712345
COL20A1	0.004283706
COL21A1	1.760029585
COL22A1	0.044027529
COL23A1	0.35831663
COL24A1	0.072060108
COL25A1	0.042395365
COL26A1	0.451822439
COL27A1	1.054137826
COL28A1	0.198861313
COL2A1	0.01425391
COL3A1	10.36447511
COL4A1	26.27389554
COL4A2	24.10765843
COL4A2-AS1	0.841526189
COL4A2-AS2	0
COL4A3	7.518892549
COL4A3BP	7.039427476
COL4A4	3.875087993
COL4A5	2.711459667
COL4A6	0.280239869
COL5A1	2.758915189
COL5A1-AS1	0
COL5A2	2.982429411
COL5A3	2.168235752
COL6A1	20.5733919
COL6A2	25.81472662
COL6A3	6.454523322
COL6A4P1	0.003431844
COL6A4P2	0.020542472
COL6A5	0.8908867
COL6A6	4.763812044
COL7A1	0.31704767
COL8A1	5.56970711
COL8A2	1.731395239
COL9A1	0.00887933
COL9A2	0.947511274
COL9A3	0.090820605
COLCA1	1.498257337
COLCA2	0.591027197
COLEC10	1.914154965
COLEC11	1.111213177
COLEC12	13.91281656
COLGALT1	16.09192316
COLGALT2	0.789300025
COLQ	0.476662119
COMMD1	15.87287648
COMMD10	15.98777279
COMMD2	12.42457356
COMMD3	10.28906241
COMMD3-BMI1	0
COMMD4	7.064006884
COMMD5	12.5164996
COMMD6	43.66123901
COMMD7	35.20246802
COMMD8	15.084177
COMMD9	7.447432815
COMP	0.722599521
COMT	29.68966731
COMTD1	6.406765509
COP1	11.80611205
COPA	26.1926004
COPB1	30.1241254
COPB2	12.35263763
COPE	40.11685545
COPG1	21.0063823
COPG2	4.493851225
COPRS	27.73948178
COPS2	11.76173786
COPS3	28.2146291
COPS4	16.56621942
COPS5	10.76883148
COPS5P1	0
COPS6	25.97490918
COPS7A	23.47701184
COPS7B	3.079195386
COPS8	11.30551312
COPS8P2	0
COPS8P3	0.032509954
COPS9	27.98891824
COPZ1	39.36931303
COPZ2	8.287807799
COQ10A	2.556066339
COQ10B	29.56652553
COQ10BP2	0
COQ2	4.581184633
COQ3	3.267228114
COQ4	7.548454829
COQ5	13.68234839
COQ6	1.579635634
COQ7	5.647973306
COQ8A	3.559216653
COQ8B	6.021793726
COQ9	8.255272856
CORIN	0.686631378
CORO1A	9.329175566
CORO1B	13.03414209
CORO1C	37.98462667
CORO2A	4.870601895
CORO2B	1.853880553
CORO6	0.93561858
CORO7	1.49516212
CORO7-PAM16	0.008214835
CORT	0.166404934
COTL1	24.9460774
COTL1P1	0
COTL1P2	0
COX10	1.990834991
COX10-AS1	0.383492578
COX11	7.772103875
COX11P1	0
COX14	69.13403887
COX15	8.076867388
COX16	14.31561792
COX17	26.86663339
COX17P1	0.326454125
COX18	2.502315792
COX19	1.736062066
COX20	1.420719761
COX20P1	0
COX20P2	0
COX4I1	81.26255216
COX4I1P1	0
COX4I1P2	0
COX4I2	61.75211879
COX5A	53.12850007
COX5AP2	0
COX5B	61.63526373
COX5BP1	0
COX5BP2	0
COX5BP3	0
COX5BP6	0.371322227
COX5BP7	0
COX5BP8	0
COX6A1	101.713778
COX6A1P2	1.566979799
COX6A1P3	0
COX6A2	0
COX6B1	170.8945491
COX6B1P1	0
COX6B1P2	0
COX6B1P3	0.060268454
COX6B1P4	0
COX6B1P5	0.062930916
COX6B1P6	0
COX6B1P7	0
COX6B2	0.008214835
COX6C	29.8523451
COX6CP1	6.049270853
COX6CP10	0.209863366
COX6CP11	0
COX6CP12	0
COX6CP13	0
COX6CP14	0
COX6CP15	0
COX6CP16	0
COX6CP17	0
COX6CP18	0
COX6CP2	0.069643547
COX6CP3	0
COX6CP4	0
COX6CP5	0
COX6CP6	0
COX6CP7	0
COX6CP8	0
COX7A1	48.3022302
COX7A2	103.720692
COX7A2L	27.76391862
COX7A2P1	0.149236171
COX7A2P2	0.062679192
COX7B	59.50792333
COX7B2	0
COX7BP2	0
COX7C	130.5082674
COX7CP1	0.65290825
COX8A	222.2206067
COX8C	0.029399246
CP	0.682976393
CPA1	0.042916256
CPA2	0.05997189
CPA3	45.00827259
CPA4	0.027713134
CPA5	0.026424617
CPA6	0.209366821
CPAMD8	5.014827008
CPB1	0.076933955
CPB2	32.90923619
CPB2-AS1	0.075297461
CPD	5.783020725
CPDP1	0
CPE	35.5245657
CPEB1	0.247970023
CPEB1-AS1	0.006250418
CPEB2	4.137420538
CPEB2-AS1	0.010145547
CPEB3	0.818276535
CPEB4	5.214113079
CPED1	6.335031895
CPHL1P	0.035848547
CPLX1	1.224810513
CPLX2	0.006621974
CPLX3	0
CPLX4	0
CPM	24.2959854
CPN1	0
CPN2	0
CPNE1	24.8684211
CPNE2	8.788458867
CPNE3	22.07104773
CPNE4	0.031695562
CPNE5	0.712788942
CPNE6	0.002613375
CPNE7	0.385575738
CPNE8	4.84801398
CPNE9	0.275144205
CPO	0.220336283
CPOX	3.252786763
CPPED1	4.333119649
CPQ	14.23290879
CPS1	0.126030547
CPS1-IT1	0
CPSF1	4.381969202
CPSF1P1	0.138633602
CPSF2	3.702198687
CPSF3	6.97220781
CPSF4	5.312983273
CPSF4L	0.082040827
CPSF6	6.488037361
CPSF7	12.06647135
CPT1A	11.01778942
CPT1B	0.191001926
CPT1C	0.317992149
CPT2	4.469186726
CPTP	3.978755437
CPVL	16.48612879
CPXCR1	0.038453492
CPXM1	0.432541475
CPXM2	2.399326962
CPZ	0.063642928
CR1	0.308885682
CR1L	0.06793265
CR2	0.654378463
CR381572.1	0
CR381572.2	0
CR381653.1	0.108354986
CR381653.2	1.285413117
CR381670.1	1.221744439
CR382285.1	0.008442779
CR382285.2	0
CR382287.1	0
CR382287.2	0
CR383656.1	0
CR383656.10	0
CR383656.11	0
CR383656.12	0
CR383656.13	0
CR383656.2	0
CR383656.3	0
CR383656.4	0
CR383656.5	0
CR383656.6	0
CR383656.7	0
CR383656.8	0
CR383656.9	0
CR383658.1	0
CR383658.2	0
CR391992.1	0.039771061
CR392000.1	0
CR392039.1	0.230438206
CR392039.2	0.123141831
CR392039.3	0
CR392039.4	0.406601545
CR392039.5	0
CR545473.1	0
CR559946.1	0.029509977
CR559946.2	0.047436321
CR589904.1	0.051460749
CR589904.2	0
CR769767.1	0
CR769767.2	0.034064778
CR769775.1	0.032308862
CR769775.2	0
CR769775.3	0
CR769776.1	0
CR769776.2	0
CR786580.1	0.016334049
CR788268.1	0
CR848007.1	0
CR848007.2	0
CR848007.3	0
CR936218.1	1.804088585
CR936218.2	0
CRABP1	0.01578026
CRABP2	3.14820487
CRACR2A	0.2174615
CRACR2B	2.867256674
CRADD	3.917449498
CRAMP1	1.474716448
CRAT	4.878527695
CRB1	0.033258749
CRB2	0.054297615
CRB3	18.67186356
CRB3P1	0.454197043
CRBN	12.01212631
CRCP	9.246951415
CRCT1	0
CREB1	5.264724819
CREB3	39.43144378
CREB3L1	6.637442301
CREB3L2	5.124601665
CREB3L3	0.005851306
CREB3L4	3.949825114
CREB5	2.605369017
CREBBP	4.172234507
CREBL2	18.85409912
CREBRF	2.684690113
CREBZF	8.363582892
CREG1	71.6858281
CREG2	0.017532641
CRELD1	13.87386826
CRELD2	5.005840598
CREM	17.85295637
CRH	0.41637182
CRHBP	0.095036235
CRHR1	0.014310318
CRHR2	0.055064551
CRIM1	16.07023372
CRIP1	12.51692113
CRIP1P1	0
CRIP1P2	0.068727184
CRIP1P3	0
CRIP1P4	0.136854131
CRIP2	41.68678118
CRIP3	0.127760277
CRIPAK	2.009038995
CRIPT	9.018852887
CRISP1	0
CRISP2	0.732908865
CRISP3	0.167367669
CRISPLD1	1.089952931
CRISPLD2	17.60958717
CRK	28.25927384
CRKL	10.73785782
CRLF1	1.022846324
CRLF2	0.530122519
CRLF3	6.436811027
CRLS1	15.53265079
CRMP1	2.263146164
CRNDE	6.421135
CRNKL1	4.789804686
CRNN	0
CROCC	1.835297048
CROCC2	0.125819723
CROCCP1	0
CROCCP2	3.249209331
CROCCP3	0.568096302
CROCCP4	0
CROCCP5	0
CROT	2.731750283
CRP	0.007776575
CRPP1	0
CRTAC1	21.49580507
CRTAM	3.292122046
CRTAP	29.050565
CRTC1	2.015813209
CRTC2	10.83697547
CRTC3	3.974686138
CRTC3-AS1	0.180112621
CRX	0.002615556
CRY1	9.487935767
CRY2	11.5981779
CRYAA	0
CRYAA2	0
CRYAB	15.2721136
CRYBA1	0.039470524
CRYBA2	0.010777028
CRYBA4	0.212537334
CRYBB1	0.298607766
CRYBB2	0.212232027
CRYBB2P1	1.161537474
CRYBB3	0.234956602
CRYBG1	5.112396324
CRYBG2	0.992874272
CRYBG3	1.276065533
CRYGA	0
CRYGB	0
CRYGC	0.074736715
CRYGD	0
CRYGEP	0
CRYGFP	0
CRYGGP	0
CRYGN	0.017308319
CRYGS	1.449693073
CRYL1	27.75038452
CRYM	5.970433345
CRYM-AS1	0.09345804
CRYZ	8.224246487
CRYZL1	4.479984338
CRYZL2P	3.734391111
CRYZL2P-SEC16B	0.079937753
CRYZP1	0.364029098
CRYZP2	0
CS	13.54524556
CSAD	3.819290172
CSAG1	0.014349632
CSAG2	0
CSAG3	0
CSAG4	0
CSDC2	1.485014702
CSDE1	91.72988012
CSE1L	16.40792795
CSE1L-AS1	0
CSF1	29.91664645
CSF1R	6.948130192
CSF2	12.6831783
CSF2RA	5.363735031
CSF2RB	6.352536107
CSF2RBP1	0
CSF3	102.9477494
CSF3R	15.85941947
CSGALNACT1	3.033939612
CSGALNACT2	10.82182296
CSH1	0
CSH2	0
CSHL1	0
CSK	8.630389836
CSKMT	0.856058038
CSMD1	0.193516351
CSMD2	0.037972744
CSMD2-AS1	0
CSMD3	0.005333232
CSN1S1	0.015908424
CSN1S2AP	0
CSN2	0
CSN3	0.018743778
CSNK1A1	13.58588683
CSNK1A1L	0.019538401
CSNK1A1P1	0.005960364
CSNK1A1P3	0
CSNK1D	14.94487084
CSNK1E	14.70856113
CSNK1G1	1.319877697
CSNK1G2	10.56187225
CSNK1G2-AS1	0.069850511
CSNK1G2P1	0
CSNK1G3	5.785289419
CSNK2A1	6.973280371
CSNK2A2	6.349615465
CSNK2A3	0.165993623
CSNK2B	14.40360566
CSPG4	3.317309467
CSPG4P10	0.672373611
CSPG4P11	0.028722644
CSPG4P12	0.107691522
CSPG4P13	0.071551589
CSPG4P1Y	0
CSPG4P2Y	0
CSPG4P3Y	0
CSPG4P4Y	0
CSPG4P5	0
CSPG5	0.581426311
CSPP1	2.652532718
CSRNP1	89.43095974
CSRNP2	7.028938068
CSRNP3	0.168358355
CSRP1	64.26469974
CSRP2	4.589145675
CSRP3	0
CST1	0
CST11	0
CST12P	0
CST13P	0
CST2	0.775110329
CST2P1	0
CST3	108.518122
CST4	0
CST5	1.388725484
CST6	42.30226099
CST7	22.03881266
CST8	0
CST9	0
CST9L	0
CST9LP1	0
CST9LP2	0
CSTA	20.28057614
CSTB	87.8012135
CSTF1	4.10352835
CSTF2	3.775941263
CSTF2T	6.764161278
CSTF3	4.593051261
CSTF3-AS1	0.00759932
CSTL1	0
CSTP1	0.448777031
CSTP2	0
CT45A1	0.567660607
CT45A10	0.449035713
CT45A11P	0.06909082
CT45A2	0
CT45A3	0
CT45A5	0.026993623
CT45A6	0
CT45A7	0
CT45A8	0
CT45A9	0
CT47A1	0
CT47A10	0
CT47A11	0
CT47A12	0
CT47A2	0
CT47A3	0
CT47A4	0
CT47A5	0
CT47A6	0
CT47A7	0
CT47A8	0
CT47A9	0
CT47B1	0
CT55	0.009047227
CT62	0.066001255
CT83	0.200161653
CTAG1A	0
CTAG1B	0
CTAG2	0
CTAGE1	0.003631471
CTAGE10P	0.006507391
CTAGE11P	0.013318995
CTAGE12P	0
CTAGE13P	0
CTAGE14P	0
CTAGE15	0.23622811
CTAGE16P	0.006496599
CTAGE3P	0.058663969
CTAGE4	0.157424555
CTAGE5	0.666104335
CTAGE6	0
CTAGE7P	0.173680027
CTAGE8	0.012109581
CTAGE9	0.013427419
CTBP1	8.823515005
CTBP1-AS	0.758085955
CTBP1-AS2	1.011924295
CTBP2	5.248079613
CTBP2P1	0
CTBP2P2	0
CTBP2P3	0
CTBP2P4	0.017032389
CTBP2P5	0
CTBP2P6	0
CTBP2P7	0.037788902
CTBP2P8	0.23563606
CTBS	5.995577702
CTC1	3.185649144
CTCF	7.639982886
CTCFL	0
CTDNEP1	23.51076115
CTDP1	2.244278553
CTDSP1	23.84779496
CTDSP2	28.46593586
CTDSPL	10.46545687
CTDSPL2	3.80517495
CTF1	4.81205936
CTF2P	0.025943374
CTGF	150.521172
CTH	1.739646173
CTHRC1	2.691040759
CTHRC1P1	0
CTIF	4.018045732
CTLA4	0.990449496
CTNNA1	33.58802567
CTNNA1P1	0.011488122
CTNNA2	0.002079602
CTNNA3	0.012664169
CTNNAL1	38.44130258
CTNNB1	91.51929645
CTNNBIP1	20.53170597
CTNNBL1	10.82304032
CTNND1	24.49902754
CTNND2	0.520576125
CTNS	4.242558609
CTPS1	4.11396747
CTPS2	3.213588336
CTR9	7.381314409
CTRB1	0.030846059
CTRB2	0
CTRC	0.076416112
CTRL	0.034629388
CTSA	19.54443384
CTSB	121.6307947
CTSC	34.40193634
CTSD	347.1181594
CTSE	23.67189626
CTSF	23.0014887
CTSG	10.37810493
CTSH	279.1787805
CTSK	24.53025081
CTSL	86.42893653
CTSL3P	0
CTSLP1	0.046915563
CTSLP2	0.039771061
CTSLP4	0
CTSLP6	0
CTSLP8	0.307886414
CTSO	20.71978029
CTSS	92.05079772
CTSV	0.583449925
CTSW	16.87306346
CTSZ	153.4225462
CTTN	18.23370076
CTTNBP2	0.505621058
CTTNBP2NL	4.855013047
CTU1	0.660729384
CTU2	2.98134322
CTXN1	0.824078858
CTXN2	0
CTXN3	0
CTXND1	1.002958043
CU104787.1	0
CU633904.1	0
CU633904.2	0
CU633904.3	0
CU633906.1	0.010889366
CU633906.2	0
CU633906.3	0
CU633906.4	0
CU633967.1	0
CU633980.1	0
CU634019.1	0
CU634019.2	0
CU634019.3	0
CU634019.4	0
CU634019.5	0
CU634019.6	0
CU634019.7	0
CU638689.1	0
CU638689.2	0
CU638689.3	0
CU638689.4	0
CU638689.5	0.030367826
CU639417.1	0
CU639417.2	0
CU639417.3	0.065839487
CU639417.4	0.011832216
CUBN	0.258227989
CUBNP1	0
CUBNP2	0
CUBNP3	0
CUEDC1	5.136164736
CUEDC2	30.32971524
CUL1	20.58096354
CUL1P1	0
CUL2	7.489353617
CUL3	5.393515867
CUL4A	8.473121167
CUL4AP1	0
CUL4B	7.844928024
CUL5	6.347407048
CUL7	3.460831362
CUL9	1.88405946
CUTA	41.08727949
CUTALP	2.786566222
CUTC	9.665645053
CUX1	5.368324093
CUX2	0.022537628
CUX2P1	0
CUZD1	0.275940438
CWC15	26.94205297
CWC22	9.239712415
CWC25	11.44286184
CWC27	5.656210506
CWF19L1	9.865877833
CWF19L2	7.355747117
CWH43	0.224710296
CX3CL1	40.98557058
CX3CR1	1.946398985
CXADR	9.223184003
CXADRP1	0
CXADRP2	0
CXADRP3	0
CXCL1	142.4307256
CXCL10	36.16312224
CXCL11	5.387519646
CXCL12	10.13882602
CXCL13	6.230688371
CXCL14	2.277079506
CXCL16	70.54774122
CXCL17	234.1112629
CXCL1P1	0
CXCL2	342.9387524
CXCL3	32.52595293
CXCL5	30.27148131
CXCL6	0.344548925
CXCL8	161.7558655
CXCL9	9.790764294
CXCR1	1.669009835
CXCR2	1.280354896
CXCR2P1	0.313020335
CXCR3	0.855631368
CXCR4	45.02953191
CXCR5	0.077800848
CXCR6	1.862581454
CXorf21	3.387379512
CXorf36	6.100028505
CXorf38	3.910318612
CXorf40A	2.527633107
CXorf40B	5.433528997
CXorf49	0
CXorf49B	0
CXorf51A	0
CXorf51B	0
CXorf56	8.023179515
CXorf57	2.305426698
CXorf58	0.040700774
CXorf65	0.736258239
CXorf66	0
CXorf67	0.040616376
CXXC1	7.060297962
CXXC1P1	0
CXXC4	0.180422146
CXXC4-AS1	0.005279582
CXXC5	6.081606438
CXXC5-AS1	0
CYB561	13.28398289
CYB561A3	1.852812766
CYB561D1	1.944266676
CYB561D2	8.556040228
CYB5A	58.51987268
CYB5AP4	0
CYB5AP5	0
CYB5B	12.84138016
CYB5D1	0.858295468
CYB5D2	8.287326712
CYB5R1	20.34916707
CYB5R2	1.436458913
CYB5R3	44.9237604
CYB5R4	4.015436559
CYB5RL	0.419300796
CYBA	47.89627561
CYBB	29.5929963
CYBRD1	95.62936225
CYC1	54.81652372
CYCS	41.63729361
CYCSP1	0
CYCSP10	0.373090428
CYCSP11	0
CYCSP12	0
CYCSP17	0
CYCSP19	0
CYCSP2	0
CYCSP20	0
CYCSP22	0
CYCSP23	0
CYCSP24	0.446291715
CYCSP25	0
CYCSP26	0
CYCSP27	0
CYCSP28	0
CYCSP29	0
CYCSP30	0
CYCSP32	0
CYCSP33	0
CYCSP34	2.21645169
CYCSP35	0
CYCSP38	0
CYCSP39	0.05071132
CYCSP4	0.047340779
CYCSP40	0.159895898
CYCSP41	0
CYCSP42	0
CYCSP43	0
CYCSP44	0
CYCSP45	0.04974539
CYCSP46	0
CYCSP48	0
CYCSP49	0
CYCSP5	0
CYCSP51	0
CYCSP52	0.55602509
CYCSP53	0
CYCSP55	0
CYCSP6	0
CYCSP8	0
CYCTP	0
CYFIP1	10.29355561
CYFIP2	3.608703242
CYGB	8.262643567
CYHR1	3.08528668
CYLC1	0
CYLC2	0
CYLD	4.844645744
CYMP	0.012406808
CYMP-AS1	0
CYP11A1	0.296249403
CYP11B1	0
CYP11B2	0
CYP17A1	0.504432363
CYP17A1-AS1	0.223398342
CYP19A1	0.039002697
CYP1A1	0.041056239
CYP1A2	0.33889959
CYP1B1	8.699942717
CYP1B1-AS1	0.469231228
CYP1D1P	0
CYP20A1	3.969987139
CYP21A1P	0.159003531
CYP21A2	0.145439858
CYP24A1	0.019725325
CYP26A1	0.042179806
CYP26B1	0.549927108
CYP26C1	0.021544177
CYP27A1	78.10735044
CYP27B1	0.432741514
CYP27C1	0.062804802
CYP2A13	0.045054048
CYP2A6	0.764545412
CYP2A7	0.103130688
CYP2A7P1	0
CYP2A7P2	0.171121039
CYP2AB1P	0
CYP2AC1P	0
CYP2B6	0.030562437
CYP2B7P	102.2855318
CYP2C18	0.848942737
CYP2C19	0
CYP2C56P	0
CYP2C58P	0
CYP2C59P	0
CYP2C60P	0
CYP2C61P	0
CYP2C8	0.286456828
CYP2C9	0.201291871
CYP2D6	0.30787978
CYP2D7	0.284275096
CYP2D8P	0.231366145
CYP2E1	0.161242075
CYP2F1	0.167479471
CYP2F2P	0.549036483
CYP2G1P	0.180973374
CYP2G2P	0
CYP2J2	0.592203068
CYP2R1	3.032640267
CYP2S1	2.949673178
CYP2T1P	0.609719766
CYP2T3P	0.038359359
CYP2U1	2.125807569
CYP2W1	0.011301693
CYP39A1	2.946586894
CYP3A137P	0
CYP3A4	0.009977585
CYP3A43	0.065365104
CYP3A5	4.453472524
CYP3A52P	0
CYP3A54P	0
CYP3A7	0.699511154
CYP46A1	0.103884461
CYP46A4P	0
CYP4A11	0.11279032
CYP4A22	0.064969362
CYP4A22-AS1	0.017013896
CYP4A26P	0.559635643
CYP4A27P	0
CYP4A43P	0.388507388
CYP4A44P	0.20350387
CYP4B1	118.157523
CYP4F10P	0
CYP4F11	0.287947616
CYP4F12	0.184488371
CYP4F2	0.014961615
CYP4F22	0.124457548
CYP4F23P	0.009923875
CYP4F24P	0
CYP4F25P	0.030134227
CYP4F26P	0.013781704
CYP4F27P	0
CYP4F29P	0.191651577
CYP4F3	0.492020961
CYP4F30P	0
CYP4F32P	0.124363476
CYP4F34P	0
CYP4F35P	0.326794536
CYP4F36P	0
CYP4F44P	0
CYP4F60P	0.171254623
CYP4F62P	0.006036132
CYP4F8	0.011116486
CYP4F9P	0
CYP4V2	3.171668096
CYP4X1	6.57418134
CYP4Z1	0.997026225
CYP4Z2P	1.392435116
CYP51A1	2.973184548
CYP51A1-AS1	0.058291437
CYP51A1P1	0.010398008
CYP51A1P2	0.156802515
CYP51A1P3	0.087785983
CYP7A1	0.16997747
CYP7B1	1.613673325
CYP8B1	0.052926586
CYR61	124.0243767
CYS1	5.201250124
CYSLTR1	2.421772765
CYSLTR2	0.711733193
CYSRT1	0.483262853
CYSTM1	78.81513957
CYTH1	14.48759116
CYTH2	7.731905793
CYTH3	6.434653618
CYTH4	3.6980825
CYTIP	8.26001312
CYTL1	1.984112009
CYTOR	3.445904651
CYYR1	23.36076131
CYYR1-AS1	0.012660758
D2HGDH	2.908960416
DAAM1	3.920375152
DAAM2	5.171349049
DAB1	0.247046365
DAB1-AS1	0
DAB2	12.55492562
DAB2IP	7.350342922
DACH1	4.402314745
DACH2	0.006678419
DACT1	1.406442893
DACT2	0.259740909
DACT3	1.654375241
DACT3-AS1	0.103034288
DAD1	226.8823846
DAG1	11.20403005
DAGLA	0.704963988
DAGLB	4.026343161
DALRD3	4.013204646
DANCR	8.55152652
DAND5	0.023540007
DANT1	0
DANT2	0.067834623
DAO	0.020177438
DAOA	0
DAOA-AS1	0
DAP	29.46537439
DAP3	16.59195263
DAP3P1	0.05636618
DAP3P2	0.092175282
DAPK1	12.59987574
DAPK1-IT1	0.044643299
DAPK2	6.185264812
DAPK3	11.03376308
DAPL1	0.478943992
DAPP1	2.680541521
DARS	16.64964834
DARS2	3.406662508
DARS-AS1	0.083527708
DAW1	0.625082293
DAXX	14.71609577
DAZ1	0
DAZ2	0
DAZ3	0
DAZ4	0
DAZAP1	7.018284701
DAZAP2	74.65779693
DAZAP2P1	1.401870596
DAZL	0.01294668
DBET	0.01397841
DBF4	1.394998381
DBF4B	0.445139797
DBF4P1	0.033128537
DBH	0.300470077
DBH-AS1	0.7105986
DBI	135.1949451
DBIL5P	0.163897775
DBIL5P2	0.074088879
DBIP1	0
DBIP2	0
DBN1	7.162986385
DBNDD1	0.536390497
DBNDD2	2.057936567
DBNL	12.47284548
DBP	1.103877884
DBR1	4.730692179
DBT	2.1737807
DBX1	0
DBX2	0
DCAF1	3.756724822
DCAF10	3.280840889
DCAF11	8.826908256
DCAF12	8.941422318
DCAF12L1	0
DCAF12L2	0
DCAF13	3.686209681
DCAF13P1	0
DCAF13P2	0
DCAF13P3	0.023492951
DCAF15	6.890265784
DCAF16	4.717858615
DCAF17	1.563500805
DCAF4	1.17362042
DCAF4L1	0.095227188
DCAF4L2	0
DCAF5	7.724388667
DCAF6	9.745789364
DCAF7	9.930957907
DCAF8	10.69643915
DCAF8L1	0
DCAF8L2	0
DCAKD	5.407573196
DCANP1	0
DCBLD1	2.500181877
DCBLD2	3.376081189
DCC	0.216709972
DCD	0
DCDC1	0.033339996
DCDC2	2.029295297
DCDC2B	0.368898401
DCDC2C	0
DCHS1	3.027699009
DCHS2	0.096245919
DCK	11.30439719
DCLK1	0.517784629
DCLK2	1.753598121
DCLK3	0.072464845
DCLRE1A	1.842904503
DCLRE1B	1.901056711
DCLRE1C	1.268247957
DCLRE1CP1	1.466959812
DCN	121.8309413
DCP1A	6.912920512
DCP1B	1.67951404
DCP2	2.431330329
DCPS	2.767458357
DCST1	0.06870566
DCST1-AS1	0.838772642
DCST2	0.295945387
DCSTAMP	1.359402922
DCT	0.101792404
DCTD	15.19961363
DCTN1	8.641730726
DCTN1-AS1	0
DCTN2	30.35117619
DCTN3	21.26316172
DCTN4	11.89214839
DCTN5	5.565607215
DCTN6	20.88253321
DCTPP1	22.54825455
DCUN1D1	4.217358851
DCUN1D2	3.053915992
DCUN1D2-AS	0.420101823
DCUN1D3	7.112603571
DCUN1D4	4.284790665
DCUN1D5	14.47151932
DCX	0.004636949
DCXR	26.16576153
DDA1	9.123668284
DDAH1	8.961772736
DDAH2	30.10478133
DDB1	8.894154876
DDB2	4.783816214
DDC	1.224202968
DDC-AS1	0
DDHD1	1.554404839
DDHD2	3.338960325
DDI1	0
DDI2	1.669499737
DDIAS	0.566448963
DDIT3	25.36130813
DDIT4	38.22273369
DDIT4-AS1	0
DDIT4L	0.434399878
DDN	0.062695911
DDN-AS1	0.098023759
DDO	3.862274153
DDOST	64.64871455
DDR1	11.03173018
DDR1-AS1	0
DDR2	3.685980441
DDRGK1	29.33810432
DDT	16.37596687
DDTL	0.983799615
DDTP1	0.040913311
DDX1	24.78632539
DDX10	1.863115091
DDX10P1	0.032425862
DDX10P2	0.005994567
DDX11	1.598042451
DDX11-AS1	0.072854543
DDX11L1	0
DDX11L10	0.081850367
DDX11L16	0
DDX11L2	0.291426858
DDX11L5	0
DDX11L8	0
DDX11L9	0
DDX12P	0.319032195
DDX17	70.63402489
DDX18	10.73394136
DDX18P1	0.047198187
DDX18P3	0
DDX18P4	0
DDX18P5	0
DDX18P6	0
DDX19A	3.12294192
DDX19B	4.660742658
DDX20	3.465110671
DDX21	24.46611089
DDX23	17.58984706
DDX24	15.49379401
DDX25	0.069590741
DDX27	8.166557723
DDX28	6.668152858
DDX31	1.845001459
DDX39A	13.41318386
DDX39AP1	0
DDX39B	17.35597292
DDX39B-AS1	0.118935848
DDX39BP1	0.081613531
DDX39BP2	0.121471302
DDX3P1	0.048214763
DDX3P2	0
DDX3P3	0
DDX3X	35.90061702
DDX3Y	19.4602615
DDX4	0
DDX41	8.100898654
DDX42	9.500079385
DDX43	1.512830515
DDX43P1	0
DDX43P2	0
DDX43P3	0.035372005
DDX46	4.917414378
DDX47	1.057089547
DDX49	8.7762142
DDX5	157.991129
DDX50	16.33919873
DDX50P1	0.05223266
DDX50P2	0.007145371
DDX51	2.40770816
DDX52	2.815179505
DDX53	0
DDX54	5.244926461
DDX55	2.278894318
DDX55P1	0.011081894
DDX56	13.25461526
DDX58	6.691972081
DDX59	4.711456041
DDX6	10.05309829
DDX60	5.492554378
DDX60L	3.394091652
DDX6P1	0
DDX6P2	0
DEAF1	3.354294135
DEC1	0.049935621
DECR1	18.70813921
DECR2	2.421732145
DEDD	15.8031107
DEDD2	12.87651207
DEF6	5.769194782
DEF8	6.234503025
DEFA1	0
DEFA10P	0
DEFA11P	0
DEFA1B	0
DEFA3	0.190514261
DEFA4	0.228570797
DEFA5	0
DEFA6	0
DEFA7P	0
DEFA8P	0
DEFA9P	0
DEFB1	4.228878538
DEFB103A	0
DEFB103B	0
DEFB104A	0
DEFB104B	0
DEFB105A	0
DEFB105B	0
DEFB106A	0
DEFB106B	0
DEFB107A	0
DEFB107B	0
DEFB108A	0
DEFB108B	0
DEFB108C	0
DEFB108D	0
DEFB108E	0
DEFB108F	0
DEFB109A	0
DEFB109B	0
DEFB109C	0
DEFB109D	0.65290825
DEFB109F	0.203834771
DEFB110	0
DEFB112	0
DEFB113	0
DEFB114	0
DEFB115	0
DEFB116	0
DEFB117	0
DEFB118	0
DEFB119	0
DEFB121	0
DEFB122	0
DEFB123	0
DEFB124	0.193454296
DEFB125	0
DEFB126	0.023923356
DEFB127	0
DEFB128	0
DEFB129	0
DEFB130A	0
DEFB130B	0
DEFB130C	0
DEFB130D	0
DEFB131A	0
DEFB131B	0.147134253
DEFB131C	0
DEFB131D	0
DEFB131E	0
DEFB132	0
DEFB133	0
DEFB134	0
DEFB135	0
DEFB136	0
DEFB4A	0.618544658
DEFB4B	0
DEFT1P	0
DEFT1P2	0
DEGS1	43.40191365
DEGS2	0.557881299
DEK	22.80582616
DENND1A	1.084785158
DENND1B	1.771946406
DENND1C	5.316358349
DENND2A	4.873221948
DENND2C	1.426833083
DENND2D	6.836180231
DENND3	11.22841967
DENND4A	4.511742083
DENND4B	6.19023138
DENND4C	6.10665198
DENND5A	9.30801946
DENND5B	0.692740849
DENND5B-AS1	0.023959936
DENND6A	6.318072337
DENND6A-AS1	0.258293374
DENND6A-DT	0.010736415
DENND6B	1.541897562
DENR	12.68570056
DEPDC1	0.063698366
DEPDC1-AS1	0
DEPDC1B	0.13174817
DEPDC4	0.160818966
DEPDC5	1.02476961
DEPDC7	0.127205215
DEPP1	139.0503894
DEPTOR	2.850684074
DERA	19.82967756
DERL1	15.63881689
DERL2	7.989486732
DERL3	2.604753038
DES	114.3373775
DESI1	12.27551552
DESI2	13.15845498
DET1	1.927774245
DEUP1	0.033363658
DEXI	2.338640003
DFFA	5.631851287
DFFB	1.008211809
DFFBP1	0.144053301
DGAT1	8.113700777
DGAT2	1.056546784
DGAT2L6	0.040360072
DGAT2L7P	0
DGCR10	0.316561576
DGCR11	0.629906062
DGCR12	0.156112558
DGCR2	10.91547674
DGCR5	0.109402456
DGCR6	0.646207937
DGCR6L	33.25419002
DGCR8	3.504550857
DGCR9	0.272518226
DGKA	1.661320727
DGKB	0.016510165
DGKD	6.057192408
DGKE	1.213968618
DGKG	0.580944415
DGKH	1.555249595
DGKI	0.02620199
DGKK	0.055004016
DGKQ	2.654722316
DGKZ	3.78416833
DGKZP1	0.112894798
DGLUCY	5.629568303
DGUOK	26.17017809
DGUOK-AS1	1.412999125
DHCR24	149.0990497
DHCR7	12.32489881
DHDDS	4.166665371
DHDH	3.507947377
DHFR	1.062660377
DHFR2	1.426055881
DHFRP1	0.224254712
DHFRP2	0
DHFRP3	0
DHFRP5	0
DHFRP6	0
DHH	0.388507388
DHODH	1.650524886
DHPS	16.0711867
DHRS1	4.742917665
DHRS11	0.949597791
DHRS12	4.720943396
DHRS13	0.452422836
DHRS2	0.107838737
DHRS3	30.75120436
DHRS4	5.554110612
DHRS4-AS1	5.896344806
DHRS4L1	0.194017892
DHRS4L2	6.558146776
DHRS7	28.10239326
DHRS7B	7.001098418
DHRS7C	0.01557634
DHRS9	1.759195988
DHRSX	5.034247256
DHRSX-IT1	0.312914553
DHTKD1	2.234303709
DHX15	14.96521384
DHX16	8.108573114
DHX29	5.388768723
DHX30	6.778644535
DHX32	7.743610913
DHX33	2.193558234
DHX34	2.288846898
DHX35	2.202671402
DHX36	4.904786231
DHX37	1.529569281
DHX38	6.321129013
DHX40	7.530157177
DHX40P1	0.011097591
DHX57	1.481615214
DHX58	5.651402555
DHX8	3.269735316
DHX9	17.8682887
DHX9P1	0.02037685
DIABLO	1.567767622
DIAPH1	20.92035301
DIAPH2	2.581004423
DIAPH2-AS1	0.095009602
DIAPH3	0.710202995
DIAPH3-AS1	0
DIAPH3-AS2	0
DICER1	3.975443301
DICER1-AS1	0.778858847
DIDO1	3.788549157
DIEXF	0.915179027
DIMT1	7.604214069
DIMT1P1	0
DIO1	0.17853407
DIO2	0.200734002
DIO2-AS1	0
DIO3	0.238550683
DIO3OS	1.093111689
DIP2A	2.023885542
DIP2A-IT1	0.036611678
DIP2B	2.542315455
DIP2C	2.413818789
DIRAS1	0.121401591
DIRAS2	0.0035735
DIRAS3	2.422345863
DIRC1	0
DIRC2	5.351087858
DIRC3	0.094052378
DIRC3-AS1	0
DIS3	4.970659502
DIS3L	3.672428742
DIS3L2	1.613006462
DIS3L2P1	0
DISC1	0.242829661
DISC1FP1	0.06426438
DISC1-IT1	0.041128079
DISP1	3.228875135
DISP2	0.045458878
DISP3	0.017858773
DIXDC1	2.97779567
DKC1	7.445297786
DKK1	3.778935872
DKK2	4.506110004
DKK3	19.392885
DKK4	0.052583215
DKKL1	0.353937942
DKKL1P1	0
DLAT	7.674341141
DLC1	25.04058818
DLD	12.99064401
DLEC1	0.353312788
DLEC1P1	0
DLEU1	0.29231243
DLEU1-AS1	0
DLEU2	0.617211326
DLEU2L	0.110195485
DLEU7	0.38574448
DLEU7-AS1	0.121471302
DLG1	4.899927743
DLG1-AS1	0.120252287
DLG2	0.201606575
DLG3	3.128366096
DLG3-AS1	0.292589589
DLG4	2.607087867
DLG5	1.353238323
DLG5-AS1	0.418290296
DLGAP1	0.17215291
DLGAP1-AS1	7.265426528
DLGAP1-AS2	2.5103303
DLGAP1-AS3	0.070584676
DLGAP1-AS4	0
DLGAP1-AS5	0.043557465
DLGAP2	0.024654009
DLGAP2-AS1	0
DLGAP3	0.086682312
DLGAP4	7.334799061
DLGAP4-AS1	0.263628116
DLGAP5	0.205113254
DLGAP5P1	0
DLK1	0
DLK2	0.28732635
DLL1	2.652110882
DLL3	0
DLL4	9.554192002
DLST	24.48965572
DLSTP1	0.428199797
DLX1	0
DLX2	0
DLX2-AS1	0
DLX3	0.063487211
DLX4	0.296711323
DLX5	0.057883159
DLX6	0
DLX6-AS1	0.002826273
DM1-AS	0.503508602
DMAC1	20.0468949
DMAC2	10.20808114
DMAP1	6.246649245
DMBT1	15.88719145
DMBT1P1	0
DMBX1	0
DMC1	0.200096739
DMD	1.227706636
DMD-AS3	0
DMGDH	0.190876869
DMKN	6.767651874
DMP1	0
DMPK	6.670525338
DMRT1	0.00481703
DMRT2	0.407146888
DMRT3	0.019693923
DMRTA1	0.621839712
DMRTA2	0.004858852
DMRTB1	0
DMRTC1	0
DMRTC1B	0
DMRTC2	0.01387117
DMTF1	7.032023609
DMTN	8.274550159
DMWD	3.514488097
DMXL1	2.788032772
DMXL2	2.654570689
DNA2	0.62138299
DNAAF1	0.767081207
DNAAF2	4.125022759
DNAAF3	0.151857521
DNAAF4	0.71032145
DNAAF4-CCPG1	0
DNAAF5	2.496365464
DNAH1	1.480904352
DNAH10	0.338325184
DNAH10OS	0.382417689
DNAH11	0.25858399
DNAH12	0.191224653
DNAH14	0.245076818
DNAH17	0.519473065
DNAH17-AS1	0.04845154
DNAH2	0.090939574
DNAH3	0.111029317
DNAH5	0.150277881
DNAH6	0.303795107
DNAH7	0.055848089
DNAH8	0.045796819
DNAH9	0.145808485
DNAI1	0.463808682
DNAI2	0.489165914
DNAJA1	132.1945486
DNAJA1P1	0
DNAJA1P2	0
DNAJA1P3	0.104990271
DNAJA1P4	0
DNAJA1P5	0
DNAJA1P6	0
DNAJA2	23.07002638
DNAJA3	6.003320996
DNAJA4	4.681206532
DNAJB1	100.8764583
DNAJB11	8.843351343
DNAJB12	9.772472709
DNAJB13	0.198408953
DNAJB14	4.595020286
DNAJB1P1	0
DNAJB2	11.56998676
DNAJB3	0.012377408
DNAJB4	12.97325068
DNAJB5	2.947230721
DNAJB5-AS1	0.313814379
DNAJB5P1	0
DNAJB6	6.663926508
DNAJB7	0.109408985
DNAJB8	0
DNAJB8-AS1	0
DNAJB9	44.46312085
DNAJC1	20.90768329
DNAJC10	3.040483575
DNAJC11	2.876238743
DNAJC12	0.391560252
DNAJC13	3.403699062
DNAJC14	3.541598735
DNAJC15	8.756537203
DNAJC16	1.901310302
DNAJC17	2.667258835
DNAJC18	3.457530439
DNAJC19	10.61840745
DNAJC19P1	0
DNAJC19P2	0
DNAJC19P3	0
DNAJC19P4	0
DNAJC19P5	0.694231557
DNAJC19P6	0.055963564
DNAJC19P7	0
DNAJC19P8	0
DNAJC19P9	0.044643299
DNAJC2	3.146373211
DNAJC21	7.497904873
DNAJC22	0.062604067
DNAJC24	1.409703903
DNAJC25	4.44159394
DNAJC25-GNG10	0
DNAJC27	3.71684042
DNAJC27-AS1	0.374344847
DNAJC28	0.485738505
DNAJC3	11.61711906
DNAJC30	3.978930597
DNAJC3-AS1	0.780886943
DNAJC4	7.240373352
DNAJC5	9.158251523
DNAJC5B	3.921450979
DNAJC5G	0.033339996
DNAJC6	0.74585895
DNAJC7	5.013733509
DNAJC8	47.08535561
DNAJC8P1	0
DNAJC9	2.377213349
DNAJC9-AS1	0.076906984
DNAL1	2.885613408
DNAL4	8.344328644
DNALI1	9.656477848
DNASE1	0.772079026
DNASE1L1	5.391472869
DNASE1L2	0.221405532
DNASE1L3	16.13770175
DNASE2	34.7765881
DNASE2B	6.762643172
DND1	0
DND1P1	0.399513263
DNER	0.119464788
DNHD1	0.949176719
DNLZ	0.094696616
DNM1	0.371783706
DNM1L	8.482606934
DNM1P17	0
DNM1P24	0
DNM1P28	0
DNM1P30	0
DNM1P31	0
DNM1P32	0
DNM1P33	0.580362889
DNM1P34	0
DNM1P35	0.093389637
DNM1P38	0.10856673
DNM1P41	0.004677552
DNM1P46	0.05907187
DNM1P47	0.014356205
DNM1P48	0
DNM1P49	0
DNM1P50	0
DNM1P51	0.037410841
DNM2	10.04904623
DNM3	0.782867479
DNM3-IT1	0.118710591
DNM3OS	1.492190493
DNMBP	1.861231662
DNMBP-AS1	0.140867191
DNMT1	3.22161833
DNMT3A	1.829012195
DNMT3B	0.429819513
DNMT3L	0
DNPEP	11.92943641
DNPH1	11.65832971
DNTT	0
DNTTIP1	20.09695282
DNTTIP2	14.73823799
DOC2A	0.075593485
DOC2B	2.753393475
DOC2GP	0.228249116
DOCK1	6.499251759
DOCK10	1.413326561
DOCK11	6.78617002
DOCK11P1	0
DOCK2	2.763184704
DOCK3	0.3006883
DOCK4	7.694053086
DOCK4-AS1	0
DOCK5	2.029415567
DOCK6	6.81103805
DOCK7	1.695425461
DOCK8	4.606356752
DOCK9	7.218557355
DOCK9-AS1	0.039973974
DOCK9-AS2	1.572805003
DOHH	1.667418806
DOK1	7.010037541
DOK2	23.53658939
DOK3	2.044451968
DOK4	11.40543985
DOK5	0.258756265
DOK6	0.82630766
DOK7	0.991267301
DOLK	6.680282303
DOLPP1	3.922675087
DONSON	2.560337048
DOPEY1	1.889111535
DOPEY2	1.903628837
DOT1L	4.467949854
DPAGT1	3.840287614
DPCD	6.59444933
DPCR1	2.650950018
DPEP1	0.246182431
DPEP2	8.421732484
DPEP2NB	0
DPEP3	0.13977025
DPF1	0.088142614
DPF2	4.504939981
DPF3	0.102357513
DPH1	3.116539639
DPH2	4.684895236
DPH3	23.95781018
DPH3P1	0
DPH3P2	0
DPH5	6.521168458
DPH6	0.944044545
DPH6-AS1	0.388930323
DPH7	3.921826537
DPM1	41.11536889
DPM2	11.19842889
DPM3	61.1928285
DPP10	0.090839409
DPP10-AS1	0.283473733
DPP10-AS2	0
DPP10-AS3	0
DPP3	5.074855372
DPP3P1	0
DPP3P2	0.009239268
DPP4	6.031417555
DPP6	0.051947908
DPP7	30.75614606
DPP8	3.422157431
DPP9	4.965993165
DPP9-AS1	0.081640107
DPPA2	0
DPPA2P1	0
DPPA2P2	0
DPPA2P3	0
DPPA2P4	0.321248706
DPPA3	0.029045038
DPPA3P1	0
DPPA3P2	0.449912166
DPPA3P3	0
DPPA4	0
DPPA5	0
DPPA5P1	0.046087641
DPPA5P2	0
DPPA5P4	0.042930953
DPRX	0.096727148
DPRXP1	0
DPRXP2	0.028132492
DPRXP4	0.33105207
DPRXP5	0
DPRXP6	0
DPRXP7	0
DPT	29.93580669
DPY19L1	9.719614827
DPY19L1P1	0.809465278
DPY19L1P2	0.239756472
DPY19L2	0.538423806
DPY19L2P1	0.032203405
DPY19L2P2	0.154451414
DPY19L2P3	0.231573369
DPY19L2P4	0.015530028
DPY19L2P5	0.047340779
DPY19L3	2.661293027
DPY19L4	5.272307313
DPY30	15.73259136
DPYD	8.658153167
DPYD-AS1	0.12713832
DPYD-AS2	0.048264265
DPYD-IT1	0.117230409
DPYS	0.316022642
DPYSL2	31.44180964
DPYSL3	20.59777885
DPYSL4	0.172683542
DPYSL5	0
DQX1	0.037309043
DR1	6.341480949
DRAIC	0.122290016
DRAM1	85.21671005
DRAM2	20.5485082
DRAP1	40.07210287
DRAXIN	0.053327654
DRAXINP1	0
DRC1	0.32388362
DRC3	0.89547809
DRC7	0.109515187
DRD1	0.173937077
DRD2	0.042061439
DRD3	0
DRD4	0.381931434
DRD5	0.094153293
DRD5P1	0
DRD5P2	0
DRG1	26.57117189
DRG2	3.315374883
DRGX	0.162662263
DRICH1	0.433266304
DROSHA	2.950675329
DRP2	0.022967824
DSC1	0
DSC2	1.723918444
DSC3	0.055519409
DSCAM	0.018269556
DSCAM-AS1	0
DSCAM-IT1	0
DSCAML1	0.269516071
DSCAS	0.226687855
DSCC1	1.312338057
DSCR10	0
DSCR4	0
DSCR4-IT1	0
DSCR8	0
DSCR9	0.032971695
DSE	0.045179619
DSE	2.506583297
DSE	0.078545353
DSEL	0.899315864
DSG1	0.002983587
DSG1-AS1	0
DSG2	9.449976722
DSG2-AS1	0.139355911
DSG3	0
DSG4	0
DSN1	5.108846151
DSP	0.597728349
DSPP	0
DST	4.260790133
DSTN	247.9986622
DSTNP1	1.786019986
DSTNP2	4.977465245
DSTNP4	0.033058646
DSTNP5	0.029961373
DSTYK	1.741923821
DTD1	9.913065357
DTD2	6.197244242
DTHD1	0.426749572
DTL	0.873377675
DTNA	1.421369994
DTNB	1.743281473
DTNBP1	5.652833418
DTWD1	1.401152468
DTWD2	1.707149316
DTX1	0.317896517
DTX2	1.998349883
DTX2P1	0.450998473
DTX2P1-UPK3BP1-PMS2P11	0.22242983
DTX3	3.795718134
DTX3L	12.08080541
DTX4	7.365217963
DTYMK	8.650035367
DUBR	2.011814293
DUOX1	11.83797581
DUOX2	0.736165006
DUOXA1	9.833103552
DUOXA2	0.306769734
DUPD1	0.023634688
DUS1L	7.504472351
DUS2	1.769509836
DUS3L	4.995232145
DUS4L	0.950732366
DUSP1	387.2512336
DUSP10	4.011554325
DUSP11	8.608661595
DUSP12	8.190626534
DUSP12P1	0
DUSP13	0.026660652
DUSP14	14.6163662
DUSP15	0.219071299
DUSP16	14.43242051
DUSP18	1.598671526
DUSP19	0.786987622
DUSP2	9.854453707
DUSP21	0
DUSP22	12.11474358
DUSP23	36.1639944
DUSP26	0.496362997
DUSP27	0.138348588
DUSP28	1.195619529
DUSP3	29.54188373
DUSP4	1.444549381
DUSP5	20.1460271
DUSP5P1	0.013757505
DUSP5P2	0
DUSP6	76.39703111
DUSP7	6.544804084
DUSP8	4.620146246
DUSP8P3	0.017806589
DUSP8P4	0
DUSP8P5	0.345339901
DUSP9	0.00564474
DUT	13.40932087
DUTP1	0
DUTP2	0
DUTP3	0
DUTP4	0
DUTP5	0
DUTP6	1.865452142
DUTP7	0
DUTP8	0
DUX4	0
DUX4L1	0
DUX4L10	0
DUX4L11	0
DUX4L12	0
DUX4L13	0
DUX4L14	0
DUX4L15	0
DUX4L16	0
DUX4L17	0
DUX4L18	0
DUX4L19	0
DUX4L2	0
DUX4L20	0
DUX4L21	0
DUX4L22	0
DUX4L23	0
DUX4L24	0
DUX4L25	0
DUX4L26	0.087401264
DUX4L27	0.323088618
DUX4L28	0
DUX4L29	0
DUX4L3	0
DUX4L31	0
DUX4L4	0
DUX4L45	0
DUX4L46	0
DUX4L47	0
DUX4L5	0
DUX4L50	0.591726638
DUX4L51	0
DUX4L52	0
DUX4L6	0
DUX4L7	0
DUX4L8	0
DUX4L9	0
DUXA	0.218068759
DUXAP1	0
DUXAP11	0
DUXAP2	0
DUXAP3	0
DUXAP4	0.025562476
DUXAP5	0.029621546
DUXAP6	0
DUXAP7	0
DUXAP8	0.053692725
DUXAP8	0
DUXAP9	0.007264626
DVL1	9.862173493
DVL2	3.646523085
DVL3	8.231146762
DWORF	0.017949368
DXO	5.105463785
DYDC1	0.038002744
DYDC2	0.731045343
DYM	3.947683398
DYNAP	0
DYNC1H1	10.52607244
DYNC1I1	0.48367809
DYNC1I2	15.64309759
DYNC1I2P1	0.127881921
DYNC1LI1	8.315316809
DYNC1LI2	12.71680393
DYNC2H1	0.679053834
DYNC2LI1	5.55466854
DYNLL1	72.10120781
DYNLL1P1	0.116504074
DYNLL1P2	0
DYNLL1P3	0
DYNLL1P4	0.35345409
DYNLL1P5	0.058036289
DYNLL1P6	0
DYNLL1P7	0
DYNLL2	12.49208731
DYNLRB1	47.03487333
DYNLRB2	0.888383356
DYNLT1	42.03055345
DYNLT3	18.19290106
DYNLT3P1	0
DYNLT3P2	0
DYRK1A	6.18322588
DYRK1B	3.07308695
DYRK2	1.37816319
DYRK3	7.221926814
DYRK4	3.51870712
DYSF	3.832429726
DYTN	0
DZANK1	0.535031628
DZIP1	1.158122024
DZIP1L	1.301416325
DZIP3	1.750827974
E2F1	2.003330147
E2F2	0.068916099
E2F3	1.875277916
E2F3-IT1	0
E2F3P1	0.089177712
E2F3P2	0.07713684
E2F4	13.96808068
E2F4P1	0
E2F5	1.39569051
E2F6	3.783560765
E2F6P1	0
E2F6P2	0
E2F6P3	0.021089903
E2F6P4	0.030485988
E2F7	0.034805199
E2F8	0.05677463
E4F1	2.922483412
EAF1	5.614605415
EAF1-AS1	0.090660715
EAF2	2.930340755
EAPP	26.73900505
EARS2	1.922490051
EBAG9	10.6891776
EBAG9P1	0.375151702
EBF1	1.592850945
EBF2	0.172706548
EBF3	0.166086979
EBF4	2.069914128
EBI3	1.134962004
EBLN1	0
EBLN2	0.867951884
EBLN3P	7.222174365
EBNA1BP2	15.04494225
EBP	32.30879478
EBPL	27.49527221
ECD	7.531023066
ECE1	16.65333934
ECE2	0.564418853
ECEL1	0.026362379
ECEL1P1	0.080957625
ECEL1P2	3.458731759
ECEL1P3	0
ECH1	40.54329979
ECHDC1	20.98229555
ECHDC2	6.169339756
ECHDC3	9.997115974
ECHS1	52.76564631
ECI1	14.15320963
ECI2	9.260203837
ECM1	4.738248441
ECM1P1	0
ECM1P2	0
ECM2	4.825889781
ECPAS	7.099536835
ECSCR	33.92851913
ECSIT	12.19864021
ECT2	2.08303734
ECT2L	0.342268512
EDA	0.90226155
EDA2R	1.160239304
EDAR	0.180560257
EDARADD	0.155604543
EDC3	3.730904284
EDC4	5.168266437
EDDM13	0.544728869
EDDM3A	0.014549487
EDDM3B	0.017488614
EDDM3CP	0
EDDM3DP	0
EDEM1	14.49421534
EDEM2	37.61894703
EDEM3	5.264762986
EDF1	167.1314538
EDIL3	20.07744072
EDN1	64.37489072
EDN2	0.391983964
EDN3	0.152304579
EDNRA	6.951208171
EDNRB	42.45283924
EDNRB-AS1	0.026072875
EDRF1	1.465564365
EDRF1-AS1	0.126051668
EEA1	2.780424255
EED	2.526017892
EEF1A1	1218.974872
EEF1A1P1	0.381673023
EEF1A1P10	0.191645011
EEF1A1P11	4.027442681
EEF1A1P12	2.211932852
EEF1A1P13	4.253069722
EEF1A1P14	0.227758692
EEF1A1P15	0.011129118
EEF1A1P16	0.221637878
EEF1A1P17	0.073740226
EEF1A1P19	2.53982254
EEF1A1P2	0.021658325
EEF1A1P20	0
EEF1A1P21	0.011659076
EEF1A1P22	0.386067487
EEF1A1P24	0.25017094
EEF1A1P25	0.222617493
EEF1A1P26	0.022993101
EEF1A1P27	0.013805989
EEF1A1P28	0.067012679
EEF1A1P29	0.343134263
EEF1A1P3	0.181022937
EEF1A1P30	0.178742943
EEF1A1P31	0
EEF1A1P32	0.011633109
EEF1A1P33	0.103544921
EEF1A1P34	0.012367639
EEF1A1P36	0.011598666
EEF1A1P37	0
EEF1A1P38	0.135376225
EEF1A1P39	0.062679192
EEF1A1P4	0.356892196
EEF1A1P40	0
EEF1A1P41	0
EEF1A1P42	0
EEF1A1P5	118.8490438
EEF1A1P6	36.20810259
EEF1A1P7	0.191095097
EEF1A1P8	0.169342197
EEF1A1P9	3.047849357
EEF1A2	0.124983434
EEF1AKMT1	8.098207776
EEF1AKMT2	2.75565915
EEF1AKMT3	1.29718504
EEF1B2	275.5756955
EEF1B2P1	0.139908911
EEF1B2P2	0.417243142
EEF1B2P3	3.466769468
EEF1B2P4	0
EEF1B2P5	0
EEF1B2P6	2.235216356
EEF1B2P7	0.046360349
EEF1B2P8	0
EEF1D	13.41528286
EEF1DP1	0.297306435
EEF1DP2	0
EEF1DP3	0.146165468
EEF1DP4	0.053419766
EEF1DP5	0
EEF1DP6	0.042123113
EEF1DP7	0.122181661
EEF1DP8	0
EEF1E1	5.421586491
EEF1E1-BLOC1S5	0
EEF1E1P1	0.109324172
EEF1G	0.115388792
EEF1GP1	0.663463348
EEF1GP2	0
EEF1GP3	0.012165992
EEF1GP4	0
EEF1GP5	0.047846711
EEF1GP6	0
EEF1GP7	0.022289898
EEF1GP8	0
EEF2	223.2527912
EEF2K	3.770911487
EEF2KMT	1.292457763
EEFSEC	4.304178301
EEPD1	2.023786578
EFCAB1	0.620853323
EFCAB10	0.547044926
EFCAB11	0.498292781
EFCAB12	0.195143203
EFCAB13	0.411003395
EFCAB14	17.81894133
EFCAB14-AS1	0.134159229
EFCAB14P1	0.033844056
EFCAB2	0.779211519
EFCAB3	0
EFCAB5	0.058806979
EFCAB6	0.190447469
EFCAB6-AS1	0.005899773
EFCAB7	1.162048484
EFCAB8	0.020727246
EFCAB9	0
EFCC1	8.976213656
EFEMP1	71.41979106
EFEMP2	10.93721124
EFHB	0.180675067
EFHC1	2.281988175
EFHC2	0.486287796
EFHD1	3.034354723
EFHD2	41.0287441
EFL1	2.999542992
EFL1P1	0
EFL1P2	0
EFNA1	73.72025878
EFNA2	0
EFNA3	0.155959226
EFNA4	2.791531709
EFNA5	0.714386722
EFNB1	16.23720166
EFNB2	13.13719895
EFNB3	0.320982827
EFR3A	15.15910527
EFR3B	0.871448496
EFS	3.282089292
EFTUD2	5.077769721
EGF	0.363164896
EGFEM1P	0.094193719
EGFL6	10.20009482
EGFL7	96.5230095
EGFL8	0.992440468
EGFLAM	0.369570707
EGFLAM-AS1	0
EGFLAM-AS2	0
EGFLAM-AS3	0
EGFLAM-AS4	0
EGFR	4.742891562
EGFR-AS1	0.134025357
EGLN1	5.20672985
EGLN1P1	0
EGLN2	6.587652646
EGLN3	1.264826744
EGLN3-AS1	0
EGLN3P1	0
EGOT	0.181958037
EGR1	84.1614963
EGR2	14.01743925
EGR3	6.551944372
EGR4	0.052738066
EHBP1	4.079981471
EHBP1L1	10.73164987
EHD1	15.57711647
EHD2	38.08204284
EHD3	2.518118961
EHD4	12.08994822
EHD4-AS1	0.162591938
EHF	4.973178023
EHHADH	2.03373974
EHHADH-AS1	0
EHMT1	1.922774918
EHMT2	2.938758932
EHMT2-AS1	0.042010182
EI24	22.95858824
EI24P1	0
EI24P2	0.029126019
EI24P3	0
EI24P4	0
EID1	112.0751957
EID2	7.593642642
EID2B	0.92422401
EID3	2.954142245
EIF1	322.4786471
EIF1AD	6.702170888
EIF1AX	24.10111916
EIF1AX-AS1	0.248726952
EIF1AXP1	0.468292814
EIF1AXP2	0
EIF1AY	8.681083474
EIF1B	41.6249498
EIF1B-AS1	0.262461185
EIF1P1	0.045952487
EIF1P2	0
EIF1P3	0.422240066
EIF1P4	0.046775516
EIF1P5	0.267859795
EIF1P6	1.454382449
EIF1P7	0.046497917
EIF2A	18.94714137
EIF2AK1	14.52067947
EIF2AK2	5.056653868
EIF2AK3	4.75515217
EIF2AK4	4.048173121
EIF2AP4	0
EIF2B1	11.13778308
EIF2B2	4.221005078
EIF2B3	9.716101658
EIF2B4	6.475050397
EIF2B5	7.812607234
EIF2D	6.906059284
EIF2S1	15.77516914
EIF2S2	38.34262694
EIF2S2P2	0
EIF2S2P3	0.486249988
EIF2S2P4	0.22294428
EIF2S2P5	0
EIF2S3	28.21195486
EIF2S3B	0.03233553
EIF3A	19.6462768
EIF3B	8.858886685
EIF3C	0.264829012
EIF3CL	0.020277966
EIF3D	35.77103026
EIF3E	49.95025365
EIF3EP1	0.916849883
EIF3EP2	0
EIF3F	14.23302568
EIF3FP1	0
EIF3FP3	2.669348645
EIF3G	27.34157638
EIF3H	32.63770017
EIF3I	120.889085
EIF3IP1	0.048613644
EIF3J	22.23689017
EIF3J-AS1	2.249298331
EIF3K	71.3373434
EIF3KP1	0.191095097
EIF3KP2	0.20025301
EIF3KP3	0.024522376
EIF3L	29.04894582
EIF3LP1	0
EIF3LP2	0.038834691
EIF3LP3	0.038126029
EIF3M	15.17616138
EIF4A1	2.75017335
EIF4A1P1	0
EIF4A1P10	0.335045023
EIF4A1P11	0
EIF4A1P12	0
EIF4A1P13	0
EIF4A1P2	0.308258321
EIF4A1P3	0
EIF4A1P4	0.116263959
EIF4A1P5	0.042930953
EIF4A1P6	0
EIF4A1P7	0.012844097
EIF4A1P8	0
EIF4A1P9	0.012982434
EIF4A2	75.67646287
EIF4A2P1	0.044223325
EIF4A2P2	0.161091381
EIF4A2P3	0.029705778
EIF4A2P4	0.026203676
EIF4A2P5	0
EIF4A3	20.92250862
EIF4A3P1	0
EIF4B	31.6226008
EIF4BP1	0.044643299
EIF4BP2	0.008734559
EIF4BP3	0.321866121
EIF4BP4	0
EIF4BP5	0
EIF4BP6	0.77148896
EIF4BP7	1.184093947
EIF4BP8	0
EIF4BP9	0.020713547
EIF4E	3.061107904
EIF4E1B	0
EIF4E2	9.737675777
EIF4E2P1	0
EIF4E2P2	0
EIF4E3	5.086615009
EIF4EBP1	14.47229246
EIF4EBP1P1	0.091904974
EIF4EBP2	17.61313797
EIF4EBP2P1	0
EIF4EBP2P2	0
EIF4EBP2P3	0
EIF4EBP3	6.508295259
EIF4ENIF1	3.072660915
EIF4EP1	0.463747916
EIF4EP2	0.263559293
EIF4EP3	0
EIF4EP4	0
EIF4EP5	0
EIF4G1	23.68023972
EIF4G2	102.9101083
EIF4G3	3.774704707
EIF4H	40.00684558
EIF4HP1	0.159663153
EIF4HP2	0.751482319
EIF5	36.3196623
EIF5A	115.1215248
EIF5A2	1.126275486
EIF5A2P1	0.068129556
EIF5AL1	0.114258944
EIF5AP2	0
EIF5AP3	0.033917312
EIF5AP4	0.101095471
EIF5B	13.39973465
EIF5P1	0.012729324
EIF5P2	0
EIF6	52.99205968
EIPR1	3.345603624
EIPR1-IT1	0.043648462
ELAC1	1.965632091
ELAC2	4.786141609
ELANE	0.350588866
ELAVL1	5.832634706
ELAVL2	0.033534587
ELAVL3	0.019747698
ELAVL4	0.004500875
ELDR	0.010656102
ELF1	23.93373827
ELF2	3.997995189
ELF2P3	0
ELF3	42.54662854
ELF3-AS1	1.624578491
ELF4	8.08178182
ELF5	1.032100624
ELFN1	0.285275906
ELFN1-AS1	0.063376332
ELFN2	0.305116768
ELK1	6.027200111
ELK1P1	0
ELK2AP	0
ELK2BP	0
ELK3	14.67526477
ELK4	2.951476529
ELL	3.878505488
ELL2	26.97990612
ELL2P1	0.115098201
ELL2P2	0.02257896
ELL2P3	0
ELL2P4	0
ELL3	0.190431573
ELMO1	2.96530869
ELMO1-AS1	0
ELMO2	5.046729424
ELMO2P1	0
ELMO3	5.994078068
ELMOD1	0.390674608
ELMOD2	4.94661497
ELMOD3	2.64005551
ELMSAN1	5.102794645
ELN	9.183430986
ELN-AS1	2.00290651
ELOA	10.57151833
ELOA2	0.010275277
ELOA3	0
ELOA3B	0
ELOA3C	0
ELOA3D	0
ELOA-AS1	0.872483185
ELOB	166.0609621
ELOBP1	0.131678975
ELOBP2	0.088280552
ELOBP3	0
ELOBP4	0
ELOC	14.653516
ELOCP10	0
ELOCP11	0
ELOCP12	0
ELOCP13	0
ELOCP14	0
ELOCP15	0
ELOCP16	0
ELOCP17	0
ELOCP18	0
ELOCP19	2.16814815
ELOCP2	0.094396373
ELOCP20	0
ELOCP21	0.279817821
ELOCP22	0
ELOCP23	0
ELOCP24	0
ELOCP26	0
ELOCP28	0.098863079
ELOCP29	0
ELOCP3	0
ELOCP30	0
ELOCP31	0.134216685
ELOCP32	0
ELOCP33	0
ELOCP34	0
ELOCP35	0
ELOCP4	0
ELOCP5	0.04705645
ELOCP6	0
ELOCP7	0
ELOCP8	0
ELOCP9	0
ELOF1	9.136021692
ELOVL1	38.94010431
ELOVL2	0.133293253
ELOVL2-AS1	0
ELOVL3	1.211523404
ELOVL4	0.206045996
ELOVL5	45.52994807
ELOVL6	1.335701569
ELOVL7	2.280613082
ELP1	5.570447369
ELP2	6.244983642
ELP3	5.055617572
ELP4	6.404915178
ELP5	17.79835437
ELP6	7.941319297
ELSPBP1	0
EMB	4.21775997
EMBP1	0.068711323
EMC1	4.331632422
EMC10	10.74200517
EMC2	12.99669043
EMC3	20.94321713
EMC3-AS1	0.257366095
EMC4	22.4697664
EMC6	3.66783308
EMC7	59.71436023
EMC8	5.59218108
EMC9	5.062094692
EMCN	26.10039021
EMD	29.76485886
EME1	0.19979706
EME2	1.313187587
EMG1	0.436619758
EMG1	4.278414488
EMID1	3.982220556
EMILIN1	6.092930549
EMILIN2	5.995189225
EMILIN3	0.074303573
EML1	4.999051186
EML2	2.574160638
EML2-AS1	0.152257146
EML3	6.981480126
EML4	10.81154185
EML5	0.055556557
EML6	0.082552658
EMP1	152.3077176
EMP2	114.5541679
EMP3	53.41079316
EMSY	1.614455976
EMX1	0.00568158
EMX2	0.072056091
EMX2OS	0.042619577
EN1	0
EN2	0.004615552
ENAH	5.210223695
ENAM	0.0768834
ENC1	4.911189675
ENDOD1	8.648979605
ENDOG	1.845078603
ENDOU	0.666799915
ENDOV	2.443477393
ENG	62.30088681
ENGASE	3.893968917
ENHO	2.621287834
ENKD1	5.164774777
ENKUR	0.434417854
ENO1	168.8402918
ENO1-AS1	0.206181553
ENO1P1	0
ENO1P2	0
ENO1P3	0.025604245
ENO1P4	0
ENO2	6.647127577
ENO3	0.799553998
ENO4	0.094098028
ENOPH1	18.00672589
ENOSF1	6.094630361
ENOX1	0.484221219
ENOX1-AS1	0.008021396
ENOX1-AS2	0
ENOX2	2.266792465
ENPEP	0.78529749
ENPP1	0.481769772
ENPP2	17.72370821
ENPP3	0.709880167
ENPP4	18.31456072
ENPP5	3.579358172
ENPP6	0.266549828
ENPP7	0.044152713
ENPP7P1	0
ENPP7P10	0.050385203
ENPP7P11	0.274908737
ENPP7P12	0.074499832
ENPP7P13	0
ENPP7P14	0
ENPP7P2	0.182786615
ENPP7P3	0
ENPP7P4	0.08657347
ENPP7P5	0.077343524
ENPP7P6	0.016867382
ENPP7P7	0
ENPP7P8	0
ENPP7P9	0.024991703
ENSA	48.66965658
ENSAP1	0.09613373
ENSAP2	0.133549415
ENSAP3	0
ENTHD1	0.051074961
ENTPD1	5.090777589
ENTPD1-AS1	0.111319606
ENTPD2	0.196393215
ENTPD3	2.253843159
ENTPD3-AS1	2.61427903
ENTPD4	5.337136746
ENTPD5	0.869621702
ENTPD6	8.495283763
ENTPD7	1.701096473
ENTPD8	0.01657595
ENY2	10.45577263
EOGT	12.22771659
EOMES	0.912928603
EP300	6.444480302
EP300-AS1	4.903240948
EP400	1.804477139
EP400P1	0.861114067
EPAS1	344.0767462
EPB41	4.212900921
EPB41L1	5.257826353
EPB41L2	10.31603955
EPB41L3	3.059361851
EPB41L4A	1.254387232
EPB41L4A-AS1	5.365406311
EPB41L4A-AS2	1.302074905
EPB41L4B	1.593033151
EPB41L5	11.08923965
EPB42	0.042168455
EPC1	3.047599379
EPC2	4.042369959
EPCAM	54.0387198
EPDR1	14.35121513
EPG5	2.001838179
EPGN	1.477141928
EPHA1	1.956655528
EPHA10	0.053821681
EPHA1-AS1	0.150331019
EPHA2	24.89308857
EPHA3	1.260815332
EPHA4	1.628381179
EPHA5	0.003187186
EPHA5-AS1	0
EPHA6	0.007472484
EPHA7	0.04203272
EPHA8	0
EPHB1	0.13966755
EPHB2	0.174025401
EPHB3	1.075310498
EPHB4	10.65107948
EPHB6	0.888690891
EPHX1	85.04051854
EPHX2	3.871032145
EPHX3	0.885952197
EPHX4	0.515133297
EPM2A	1.494470314
EPM2AIP1	4.998291459
EPN1	3.275215498
EPN2	5.16255174
EPN2-AS1	0.131678975
EPN3	0.037132223
EPO	0.047127212
EPOP	1.011226544
EPOR	4.407289725
EPPIN	0.012559954
EPPIN-WFDC6	0
EPPK1	0.431844827
EPRS	9.312747835
EPS15	12.62429693
EPS15L1	2.384574882
EPS15P1	0
EPS8	14.28731743
EPS8L1	2.423376361
EPS8L2	15.93403488
EPS8L3	0.009013401
EPSTI1	4.487086753
EPX	0.057864837
EPYC	0
EQTN	0.067348702
ERAL1	11.39744582
ERAP1	8.709607041
ERAP2	1.076744405
ERAS	0.061887038
ERBB2	6.229355796
ERBB3	6.848523401
ERBB4	0.446402139
ERBIN	6.601684668
ERC1	1.852392317
ERC2	0.075060169
ERC2-IT1	0.007197886
ERCC1	8.304206075
ERCC2	1.549973817
ERCC3	6.394107545
ERCC4	0.811273229
ERCC5	2.245926069
ERCC6	0.471089049
ERCC6L	0.075404619
ERCC6L2	1.161006092
ERCC8	1.344880538
EREG	1.633583978
ERF	16.03122581
ERFE	0.144765771
ERG	10.96142432
ERG28	26.29883682
ERGIC1	9.721724875
ERGIC2	9.959708543
ERGIC3	27.96167546
ERH	73.85177962
ERHP1	0
ERHP2	0
ERI1	2.900814601
ERI2	1.221414516
ERI3	17.57959169
ERI3-IT1	0.126573489
ERICD	0.430274034
ERICH1	1.910793792
ERICH2	9.255870695
ERICH3	0.167782323
ERICH3-AS1	0
ERICH4	0.778520619
ERICH5	0.213557724
ERICH6	0.083068809
ERICH6-AS1	1.66740293
ERICH6B	0.181215351
ERLEC1	54.94102013
ERLEC1P1	0
ERLIN1	6.741908943
ERLIN2	4.473773688
ERLNC1	0.083498035
ERMAP	3.755879027
ERMARD	4.622424532
ERMN	0.381668196
ERMP1	5.890576636
ERN1	5.253074769
ERN2	0.018811282
ERO1A	5.497300621
ERO1B	3.586428304
ERP27	9.630531248
ERP29	54.3944788
ERP29P1	0.022195181
ERP44	18.89802173
ERRFI1	76.96393855
ERV3-1	3.847219752
ERVE-1	1.152533433
ERVFRD-1	0.435003646
ERVFRD-3	0.038762642
ERVH-1	0
ERVH48-1	0.09924573
ERVK13-1	1.312515982
ERVK-28	0
ERVK3-1	6.29849137
ERVK9-11	0.05636618
ERVMER34-1	0.265198936
ERVMER61-1	0
ERVV-1	0.007116166
ERVV-2	0
ERVW-1	0.038343715
ESAM	79.43836291
ESCO1	3.117365259
ESCO2	0.07271824
ESD	27.3495798
ESF1	3.522781079
ESM1	2.91301254
ESPL1	0.315511118
ESPN	0.212935862
ESPNL	0.061369966
ESPNP	0.004930711
ESR1	0.415055916
ESR2	0.139294552
ESRG	0.004990382
ESRP1	7.399358971
ESRP2	4.596999879
ESRRA	11.50669985
ESRRAP1	0
ESRRAP2	0.01027191
ESRRB	0.046351207
ESRRG	0.061748654
ESS2	1.947304565
ESX1	0
ESYT1	19.07590373
ESYT2	17.82665804
ESYT3	4.378795426
ETAA1	2.117175805
ETDA	0
ETDB	0
ETF1	45.43594328
ETF1P1	0
ETF1P2	0.039520298
ETF1P3	0
ETFA	15.72897632
ETFB	7.971763613
ETFBKMT	0.579517864
ETFDH	4.614098096
ETFRF1	15.90490851
ETHE1	23.19208257
ETNK1	10.55238747
ETNK2	0.974106405
ETNPPL	0.005311796
ETS1	26.76512845
ETS2	91.66917081
ETV1	7.015232983
ETV2	0.662616923
ETV3	6.368848864
ETV3L	0
ETV4	0.599509876
ETV5	10.279085
ETV5-AS1	0.363763168
ETV6	5.129505605
ETV7	2.864655573
EVA1A	20.56946515
EVA1B	9.821120295
EVA1C	11.2564802
EVC	2.095736833
EVC2	0.58879074
EVI2A	17.82619221
EVI2B	19.3301176
EVI5	3.402444054
EVI5L	2.055219826
EVL	11.18765448
EVPL	4.18556788
EVPLL	0.399739745
EVX1	0.009346733
EVX1-AS	0
EVX2	0
EWSAT1	0.026291607
EWSR1	18.50298731
EXD1	0.179768237
EXD2	4.073196732
EXD3	1.594513932
EXO1	0.102194335
EXO5	1.667323266
EXOC1	7.525723069
EXOC1L	0
EXOC2	5.150939015
EXOC3	5.82207112
EXOC3-AS1	1.611266059
EXOC3L1	3.783769876
EXOC3L4	0.697936405
EXOC4	5.764022461
EXOC5	6.082249225
EXOC5P1	0.007958252
EXOC6	7.552776847
EXOC6B	2.123153778
EXOC7	5.913072691
EXOC7P1	0
EXOC8	3.266077503
EXOG	1.69208617
EXOGP1	0
EXOSC1	6.816010787
EXOSC10	7.911903668
EXOSC2	5.107467176
EXOSC3	5.209443263
EXOSC3P1	0.219377172
EXOSC3P2	0
EXOSC4	8.842800005
EXOSC5	7.371544755
EXOSC6	5.841583921
EXOSC7	6.356815845
EXOSC8	8.06800343
EXOSC9	5.308638845
EXPH5	2.510231404
EXT1	4.780935364
EXT2	14.76862157
EXTL1	0.058714253
EXTL2	3.893137648
EXTL2P1	0
EXTL3	1.51008492
EXTL3-AS1	0.09561482
EYA1	0.036370904
EYA2	0.424444501
EYA3	3.202604094
EYA4	0.58185133
EYS	0.047734593
EZH1	6.074625467
EZH2	0.900961406
EZH2P1	0
EZR	281.6906415
EZR-AS1	0.144422101
F10	4.396322782
F10-AS1	0
F11	2.77621867
F11-AS1	0.461391741
F11R	28.44442605
F12	0.328222565
F13A1	6.304671389
F13B	0
F2	0
F2R	4.709417892
F2RL1	3.973072514
F2RL2	0.022848933
F2RL3	10.92328849
F3	75.52570115
F5	0.190454376
F7	0.02064532
F8	3.603939387
F8A1	1.088561565
F8A2	0
F8A3	0
F9	0
FA2H	0.759834669
FAAH	6.485806158
FAAH2	3.112228329
FAAHP1	0.491216238
FAAP100	4.472067862
FAAP20	3.001607512
FAAP24	0.654561182
FABP1	0
FABP12	0.127812382
FABP12P1	0
FABP2	0.0189707
FABP3	45.98612257
FABP3P2	0
FABP4	268.0029347
FABP5	40.8983991
FABP5P1	0.343134263
FABP5P10	0.038406368
FABP5P11	0.078941048
FABP5P12	0
FABP5P13	0
FABP5P14	0
FABP5P15	0
FABP5P2	0.115219103
FABP5P3	0.045773509
FABP5P4	0
FABP5P5	0
FABP5P6	0
FABP5P7	1.199416637
FABP6	1.130810165
FABP7	0.017232183
FABP7P1	0.080152419
FABP7P2	0
FABP9	0
FADD	3.157791991
FADS1	6.868365025
FADS2	3.741935255
FADS2P1	0.010836651
FADS3	8.093027931
FADS6	0.005477035
FAF1	5.061272062
FAF2	7.321696006
FAF2P1	0
FAH	2.977328176
FAHD1	7.734352415
FAHD2A	2.741177372
FAHD2B	3.296426325
FAHD2CP	1.786649865
FAHD2P1	0
FAIM	2.551344811
FAIM2	0.274227933
FALEC	0.138425777
FAM102A	3.704237493
FAM102B	2.999958119
FAM103A1	6.225946524
FAM103A2P	0.088529932
FAM104A	4.435316004
FAM104B	5.561869076
FAM105A	18.65452142
FAM106A; FAM106B; FAM106CP	0.123654697
FAM107A	91.67759469
FAM107B	29.44421794
FAM109A	3.221609763
FAM109B	6.297328039
FAM110A	3.235277911
FAM110B	1.049302678
FAM110C	1.646750444
FAM110D	6.950645304
FAM111A	6.431973584
FAM111A-DT	1.374439748
FAM111B	0.186593504
FAM114A1	7.601669608
FAM114A2	3.692928092
FAM117A	3.484446738
FAM117B	2.010425135
FAM118A	2.182510255
FAM118B	10.49949803
FAM120A	15.50448641
FAM120AOS	11.70281389
FAM120B	5.024003901
FAM120C	0.655356934
FAM122A	4.435302946
FAM122B	5.468773732
FAM122C	0.792263285
FAM124A	0.743508768
FAM124B	0.606258776
FAM126A	2.249041287
FAM126B	1.888693841
FAM129A	5.231376659
FAM129B	71.08787165
FAM129C	0.297886926
FAM131A	4.826592318
FAM131B	0.056050599
FAM131C	0.018424219
FAM133A	0.023173319
FAM133B	2.41262914
FAM133CP	0.42290648
FAM133DP	0.045353974
FAM135A	1.723988541
FAM135B	0.009200615
FAM136A	6.397908449
FAM136BP	0
FAM138A	0
FAM138B	0.038156976
FAM138C	0
FAM138D	0.012156554
FAM138E	0
FAM13A	2.673885318
FAM13A-AS1	1.080555915
FAM13B	5.576956601
FAM13C	1.308717025
FAM149A	0.93694461
FAM149B1	3.556266211
FAM149B1P1	0
FAM151A	0.078153606
FAM151B	0.448572538
FAM153A	0.075335567
FAM153B	0.081484696
FAM153C	0.127991349
FAM155A	0.304071112
FAM155A-IT1	0.038265685
FAM155B	0.003904759
FAM156A	0.02845605
FAM156B	0
FAM157A	0.082040827
FAM157B	0.021052124
FAM157C	0.080231341
FAM160A1	0.651319665
FAM160A1-DT	0.306392698
FAM160A2	9.548783152
FAM160B1	3.925012142
FAM160B2	4.467349996
FAM161A	0.459472371
FAM161B	1.090935303
FAM162A	12.54657962
FAM162B	27.6490258
FAM163A	0
FAM163B	0.046326084
FAM166A	0.052203658
FAM166B	1.667485792
FAM167A	5.053066192
FAM167A-AS1	0.139542465
FAM167B	11.19988767
FAM168A	3.585445278
FAM168B	11.69108204
FAM169A	0.111927129
FAM170A	0.011371406
FAM170B	0.033554171
FAM170B-AS1	0.006893884
FAM171A1	3.019060954
FAM171A2	0.135234894
FAM171B	0.946750583
FAM172A	3.961483145
FAM172BP	0.071945813
FAM173A	2.933503525
FAM173B	4.086113043
FAM174A	17.20800557
FAM174B	6.15755429
FAM177A1	13.89818577
FAM177A1P1	0
FAM177B	0.300994967
FAM178B	0.063152838
FAM180A	0.465255285
FAM180B	0.124184278
FAM181A	0.320227479
FAM181A-AS1	0.09578805
FAM181B	0.011979968
FAM182A	0.048739652
FAM182B	0.150436566
FAM183A	3.829155856
FAM183BP	0.216135145
FAM183DP	0.35345409
FAM184A	3.246188418
FAM184B	0.115949879
FAM185A	1.28619815
FAM185BP	0.372048276
FAM186A	0.026443729
FAM186B	0.069189604
FAM187A	0
FAM187B	0.03970388
FAM187B2P	0.109886381
FAM189A1	0.777131551
FAM189A2	15.09608434
FAM189B	2.405882145
FAM192A	14.33244003
FAM192BP	0.185076354
FAM193A	3.378118097
FAM193B	6.927757004
FAM196A	0.081780203
FAM196B	0.020900031
FAM197Y1	0
FAM197Y10	0
FAM197Y2	0
FAM197Y3	0
FAM197Y4	0
FAM197Y5	0
FAM197Y6	0
FAM197Y7	0
FAM197Y8	0
FAM197Y9	0
FAM198A	0.746011693
FAM198B	2.531428026
FAM198B-AS1	0.086143596
FAM199X	4.738553638
FAM19A1	0.267129185
FAM19A2	0.157459883
FAM19A3	0.012222931
FAM19A4	0.041020414
FAM19A5	0.32100122
FAM200A	4.221675426
FAM200B	4.873024163
FAM201A	0.289200847
FAM201B	0
FAM204A	4.774603517
FAM204BP	0.044706984
FAM204CP	0
FAM205A	0.003708828
FAM205BP	0
FAM205C	0.014258233
FAM206A	8.067843782
FAM206BP	0
FAM207A	5.051889225
FAM207BP	0.124117212
FAM207CP	0
FAM208A	5.777280979
FAM208B	3.102505625
FAM209A	0.165380454
FAM209B	0.429000233
FAM20A	9.927826232
FAM20B	10.9499168
FAM20C	4.475150777
FAM210A	3.186850607
FAM210B	15.60846806
FAM210CP	0
FAM212A	4.776274965
FAM212B	2.369436866
FAM212B-AS1	0.095592386
FAM213A	7.296550109
FAM213AP1	0
FAM213AP2	0.022942603
FAM213B	4.327671887
FAM214A	2.790664797
FAM214B	4.190674639
FAM215A	0.083018797
FAM215B	0.007178103
FAM216A	2.436132779
FAM216B	1.051600712
FAM217A	0.034954935
FAM217B	2.140135852
FAM218A	0.374634251
FAM218BP	0
FAM219A	6.712076348
FAM219B	3.141112036
FAM21EP	0.104506303
FAM21FP	0.135149192
FAM220A	5.279969512
FAM220BP	0
FAM220CP	0.169709004
FAM221A	1.241733791
FAM221B	0.031808775
FAM222A	0.854639708
FAM222A-AS1	0.146720955
FAM222B	2.455332874
FAM223A	0
FAM223B	0
FAM224A	0
FAM224B	0.023134544
FAM225A	0.074495761
FAM225B	0.042310782
FAM226B	0
FAM227A	0.178776102
FAM227B	0.484149905
FAM228A	0.442766919
FAM228B	1.797755506
FAM229A	0.89777753
FAM229B	5.767570162
FAM230A	0
FAM230B	0
FAM230C	0.007954212
FAM231BP	0
FAM234A	5.378885755
FAM234B	1.4364557
FAM236A	0
FAM236B	0
FAM236D	0
FAM237A	0.01116878
FAM238A	0.086176708
FAM238B	0
FAM239A	0.139493751
FAM239B	0
FAM239C	0
FAM241A	3.90996757
FAM241B	6.028632438
FAM24A	0
FAM24B	0.98518696
FAM25A	0
FAM25BP	0
FAM25C	0
FAM25E	0.079947949
FAM25G	0
FAM27B	0.073567127
FAM27C	0.40700774
FAM27D1	0
FAM27E2	0
FAM27E3	0.078693273
FAM27E4	0
FAM27E5	0
FAM30A	0.410610854
FAM30B	0
FAM30C	0
FAM32A	45.09247439
FAM32BP	0.073223355
FAM35A	6.590032914
FAM35BP	0.012950246
FAM35CP	0.019032143
FAM35DP	0.052001542
FAM3A	8.08079618
FAM3B	6.58749774
FAM3C	9.378067297
FAM3C2	1.518658836
FAM3D	3.114850089
FAM3D-AS1	0.038172468
FAM41AY1	0
FAM41AY2	0
FAM41C	0.174903884
FAM43A	5.786641521
FAM43B	0.079201934
FAM45A	2.276330012
FAM45BP	0.057893342
FAM46A	2.845053361
FAM46B	14.80292995
FAM46C	6.956180539
FAM46D	0
FAM47A	0
FAM47B	0
FAM47C	0.009583974
FAM47DP	0
FAM47E	0.542213246
FAM47E-STBD1	0.014500122
FAM49A	8.683392097
FAM49B	9.452332422
FAM50A	24.0693469
FAM50B	2.084440002
FAM53A	0.092414473
FAM53B	2.88808232
FAM53B-AS1	0.053419766
FAM53C	5.491429704
FAM57A	4.941133382
FAM57B	0.003184918
FAM58BP	0
FAM58CP	0
FAM58DP	0
FAM60BP	0.023814283
FAM60CP	0.023599093
FAM60DP	0
FAM66A	0.153876903
FAM66B	0.093859227
FAM66C	0.527817697
FAM66D	0.307250941
FAM66E	0.005515592
FAM69A	1.99231013
FAM69B	5.980485033
FAM69C	0.008154982
FAM71A	0.013596354
FAM71B	0
FAM71BP1	0
FAM71C	0.017449664
FAM71D	0.010686382
FAM71E1	0.91056936
FAM71E2	0
FAM71F1	0
FAM71F2	0.509435135
FAM72A	0.215392412
FAM72B	0.067163658
FAM72C	0.030533511
FAM72D	0.078447049
FAM74A1	0
FAM74A3	0
FAM74A4	0
FAM74A6	0
FAM74A7	0
FAM76A	6.731720358
FAM76B	2.067002483
FAM78A	1.835124551
FAM78B	0.15836966
FAM81A	0.171362079
FAM81B	1.067681627
FAM83A	0.01240288
FAM83A-AS1	0
FAM83B	0.029687019
FAM83C	0
FAM83C-AS1	0.089032943
FAM83D	2.963016348
FAM83E	4.597465445
FAM83F	0.021990686
FAM83G	2.831148114
FAM83H	4.575669701
FAM84A	1.184953713
FAM84B	8.878778952
FAM85B	0.178065886
FAM86B1	0.185134664
FAM86B2	0.160598222
FAM86B3P	0.50838359
FAM86C1	0.869958502
FAM86C2P	0.584968943
FAM86DP	1.2057015
FAM86EP	0.518419669
FAM86FP	1.276915128
FAM86GP	0.258204704
FAM86HP	0.554043588
FAM86JP	0.1617367
FAM86KP	0
FAM86LP	0.01837022
FAM86MP	0
FAM87A	0.038041884
FAM87B	0.24144527
FAM89A	23.4065153
FAM89B	16.37913041
FAM8A1	16.02829027
FAM8A2P	0
FAM8A3P	0
FAM8A4P	0
FAM8A6P	0
FAM90A1	0.302529591
FAM90A10P	0
FAM90A11P	0.021194497
FAM90A12P	0
FAM90A13P	0
FAM90A14P	0
FAM90A15P	0
FAM90A16P	0
FAM90A17P	0
FAM90A18P	0
FAM90A19P	0
FAM90A20P	0.146026791
FAM90A21P	0
FAM90A22P	0
FAM90A23P	0
FAM90A24P	0
FAM90A25P	0
FAM90A26	0
FAM90A27P	0
FAM90A28P	0
FAM90A2P	0.019401318
FAM90A3P	0
FAM90A4P	0
FAM90A5P	0
FAM90A6P	0
FAM90A7P	0
FAM90A8P	0
FAM90A9P	0
FAM91A1	7.46294133
FAM91A3P	0.012319024
FAM92A	2.001208204
FAM92A1P1	0.299310748
FAM92A1P2	0
FAM92B	1.415548978
FAM95B1	0.009888803
FAM96A	21.39666689
FAM96AP1	0
FAM96AP2	0.197104377
FAM96B	89.94756942
FAM98A	5.435550737
FAM98B	3.09461928
FAM98C	3.312536679
FAM99A	0
FAM99B	0
FAM9A	0
FAM9B	0.002289902
FAM9C	0.00534988
FAN1	1.60897506
FANCA	0.363740175
FANCB	0.146218955
FANCC	1.497265835
FANCD2	0.592901165
FANCD2OS	0.024807068
FANCD2P2	0
FANCE	1.926513927
FANCF	1.295722345
FANCG	2.293669933
FANCI	0.724370008
FANCL	5.476633378
FANCM	0.579197777
FANK1	1.153008186
FANK1-AS1	0
FAP	0.326687206
FAR1	10.59346029
FAR1-IT1	0.085161946
FAR1P1	0
FAR2	4.14115896
FAR2P1	0.001940532
FAR2P2	0.032134187
FAR2P3	0
FAR2P4	0.011976916
FARP1	1.762785813
FARP1-AS1	0.145539919
FARP2	1.582961623
FARS2	7.391665664
FARSA	11.78291586
FARSA-AS1	0.455139361
FARSB	8.00466677
FARSBP1	0
FAS	17.26312073
FASLG	0.647375129
FASN	12.66637642
FASTK	8.755319457
FASTKD1	3.105091402
FASTKD2	5.908073203
FASTKD3	2.407784851
FASTKD5	5.637637831
FAT1	2.174611887
FAT1P1	0
FAT2	0.029103979
FAT3	0.171490009
FAT4	1.316381229
FATE1	0.102321442
FAU	396.167466
FAUP1	0.719145319
FAUP2	0
FAXC	0.318448133
FAXDC2	7.047286608
FBF1	0.528457012
FBL	38.96623461
FBLIM1	7.100584884
FBLL1	0.206317288
FBLN1	27.35179947
FBLN2	4.630601153
FBLN5	16.19916177
FBLN7	0.271565365
FBN1	2.871055969
FBN2	0.10330952
FBN3	1.65018638
FBP1	149.8307004
FBP2	0.048030032
FBP2P1	0
FBRS	7.4397891
FBRSL1	2.940085608
FBXL12	8.386273626
FBXL13	0.207158716
FBXL14	2.452902353
FBXL15	3.855507567
FBXL16	0.44782075
FBXL17	3.546677971
FBXL18	0.434245581
FBXL19	1.462273776
FBXL19-AS1	0.499720209
FBXL2	1.292185847
FBXL20	1.915071344
FBXL21	0.015628123
FBXL22	0.286166759
FBXL3	15.96850214
FBXL4	2.819211962
FBXL5	52.94424859
FBXL6	2.846099606
FBXL7	1.917564897
FBXL8	0.780986737
FBXO10	0.600976078
FBXO11	4.100197355
FBXO15	0.169389556
FBXO16	0.386616365
FBXO17	1.307922655
FBXO18	6.0839
FBXO2	1.276151573
FBXO21	5.711843189
FBXO22	2.38416036
FBXO24	0.144874363
FBXO25	2.596106592
FBXO27	1.504477605
FBXO28	6.144510464
FBXO3	4.17743771
FBXO30	2.483790824
FBXO31	2.798013856
FBXO32	1.315881617
FBXO33	7.576650315
FBXO34	8.5609494
FBXO36	1.139982769
FBXO36-IT1	0
FBXO36P1	0.03326921
FBXO38	5.255005633
FBXO39	0.128881135
FBXO3-AS1	0
FBXO4	4.876665733
FBXO40	0.034357796
FBXO41	0.320789773
FBXO42	2.543028214
FBXO43	0.023802225
FBXO44	3.865246457
FBXO45	2.037388394
FBXO46	2.845830357
FBXO47	0
FBXO48	0.688630374
FBXO5	1.856010511
FBXO6	11.68096482
FBXO7	12.87457526
FBXO8	9.764347433
FBXO9	8.82721717
FBXW10	0.01427772
FBXW11	6.321865786
FBXW11P1	0.053153996
FBXW12	0.040432392
FBXW2	6.149383569
FBXW4	10.27339078
FBXW4P1	0.265945656
FBXW5	16.69132234
FBXW7	2.004613022
FBXW7-AS1	0
FBXW8	2.237243358
FBXW9	2.171831037
FCAMR	0.022126233
FCAR	0.19868721
FCER1A	10.46446596
FCER1G	116.2555967
FCER2	0.210976472
FCF1	7.588975266
FCF1P1	0.082328186
FCF1P10	0
FCF1P2	5.83249771
FCF1P3	0
FCF1P4	0
FCF1P5	0.065019909
FCF1P6	0
FCF1P7	0.140410376
FCF1P8	0.052495136
FCF1P9	0
FCGBP	0.391714725
FCGR1A	5.890547812
FCGR1B	1.167244781
FCGR1CP	1.821637252
FCGR2A	18.13202632
FCGR2B	1.934067094
FCGR2C	0.72221136
FCGR3A	81.3818541
FCGR3B	1.024936348
FCGRT	82.21293009
FCHO1	0.968698436
FCHO2	11.68521414
FCHSD1	2.371240632
FCHSD2	10.89153654
FCMR	4.397954377
FCN1	4.668536483
FCN2	0.074123926
FCN3	116.9558434
FCRL1	0.78448544
FCRL2	0.297410164
FCRL3	0.476948578
FCRL4	0.024262913
FCRL5	0.29020481
FCRL6	1.384527266
FCRLA	0.693777316
FCRLB	0.108818042
FDCSP	2.214812437
FDFT1	36.19536576
FDPS	46.77759224
FDPSP1	0.029261994
FDPSP2	0.017469117
FDPSP3	0.015468705
FDPSP4	0.104564906
FDPSP5	0.014824785
FDPSP6	0
FDPSP7	0.014866981
FDPSP8	0
FDX1	13.84181782
FDX1P1	0.05687767
FDX1P2	0
FDX2	1.42868326
FDXACB1	0.789888437
FDXR	3.208847214
FECH	5.058615762
FECHP1	0
FEM1A	0.200915788
FEM1AP1	0
FEM1AP2	0.023540007
FEM1AP3	0
FEM1AP4	0
FEM1B	10.11114987
FEM1C	8.8156085
FEN1	2.997370561
FEN1P1	0
FENDRR	18.08656743
FER	1.510120095
FER1L4	0.197017423
FER1L5	0.050861397
FER1L6	0.018106402
FER1L6-AS1	0
FER1L6-AS2	0
FERD3L	0
FERMT1	0.219301148
FERMT2	20.3946748
FERMT3	19.76868188
FERP1	0.296402232
FES	12.17488199
FETUB	0
FEV	0.015295069
FEZ1	5.62444661
FEZ2	6.442885167
FEZF1	0
FEZF1-AS1	0.023648956
FEZF2	0
FFAR1	0.013561054
FFAR2	1.035417085
FFAR3	0.092920635
FFAR4	1.58627758
FGA	3.521347426
FGB	0.144662094
FGD1	1.814397662
FGD2	2.476774405
FGD3	3.676682653
FGD4	3.496919827
FGD5	7.934222847
FGD5-AS1	32.96429537
FGD5P1	0.03240072
FGD6	2.085874146
FGF1	0.537674585
FGF10	1.092878638
FGF10-AS1	0.198561326
FGF11	0.025341991
FGF12	0.102263807
FGF12-AS1	0
FGF12-AS2	0.027016893
FGF12-AS3	0
FGF13	0.159531564
FGF13-AS1	0.150539544
FGF14	0.348496125
FGF14-AS1	0
FGF14-AS2	5.121135099
FGF14-IT1	0.019760149
FGF16	0
FGF17	0.147783309
FGF18	1.783169359
FGF19	0
FGF2	1.882688645
FGF20	0.027849167
FGF21	0
FGF22	0.022279334
FGF23	0.020768453
FGF3	0
FGF4	0
FGF5	0
FGF6	0.012960958
FGF7	3.622625674
FGF7P1	0
FGF7P2	0
FGF7P3	2.534059742
FGF7P4	0
FGF7P5	0
FGF7P6	0.010527241
FGF7P7	0
FGF7P8	0.375645842
FGF8	0.078181458
FGF9	0.390105127
FGFBP1	19.02514105
FGFBP2	8.185902472
FGFBP3	0.461781866
FGFR1	4.494361655
FGFR1OP	0.74839592
FGFR1OP2	10.70458985
FGFR1OP2P1	0
FGFR2	4.34760492
FGFR3	4.833195864
FGFR3P1	0
FGFR3P5	0
FGFR3P6	0
FGFR4	8.813247329
FGFRL1	3.062131815
FGG	71.61532955
FGGY	3.461493344
FGL1	0.109180659
FGL2	10.45879031
FGR	24.40230488
FH	17.44014865
FHAD1	0.23740264
FHDC1	10.61211103
FHIT	0.772109921
FHL1	61.01997541
FHL2	2.977403513
FHL3	7.873995299
FHL5	16.74870212
FHOD1	10.15189613
FHOD3	0.157386546
FHP1	0.022289898
FIBCD1	0.478560784
FIBIN	8.231091
FIBP	11.49180831
FICD	1.997743171
FIG4	10.26476467
FIGLA	0.260439856
FIGN	0.342018323
FIGNL1	1.011657598
FIGNL2	0.080070506
FILIP1	3.397527501
FILIP1L	15.83172543
FILNC1	0.119275342
FIP1L1	3.014179304
FIRRE	0.074923898
FIS1	99.95497885
FITM1	0.231288531
FITM2	3.378022583
FIZ1	1.557748696
FJX1	0.671562771
FKBP10	5.926139377
FKBP11	4.950353774
FKBP14	2.203657285
FKBP15	4.788780942
FKBP1A	113.525467
FKBP1AP1	0.049276094
FKBP1AP2	0
FKBP1AP3	0
FKBP1B	6.447322967
FKBP1BP1	0
FKBP1C	0.416802733
FKBP2	35.82224964
FKBP3	17.74109313
FKBP4	10.77827997
FKBP4P1	0
FKBP4P2	0
FKBP4P6	0
FKBP4P7	0
FKBP4P8	0
FKBP5	7.759705198
FKBP6	0.006346617
FKBP7	3.261149518
FKBP8	66.36715615
FKBP9	12.50856022
FKBP9P1	0.276419224
FKBPL	2.679593709
FKRP	2.73859095
FKTN	1.691448563
FLAD1	5.692437191
FLCN	5.95343439
FLG	0.006146465
FLG2	0
FLG-AS1	0.059085183
FLI1	8.695855837
FLII	17.08286717
FLNA	73.68135907
FLNB	9.682434669
FLNB-AS1	0.485852459
FLNC	2.696623642
FLNC-AS1	0.084095517
FLOT1	89.0512751
FLOT2	31.46172271
FLRT1	0.051584546
FLRT2	0.135599272
FLRT3	19.18719966
FLT1	5.702308162
FLT1P1	0.035613177
FLT3	0.233596412
FLT3LG	0.891956175
FLT4	5.944326894
FLVCR1	2.225685372
FLVCR1-AS1	0.592555386
FLVCR2	7.919419584
FLYWCH1	3.486106621
FLYWCH1P1	0
FLYWCH2	14.09707834
FMC1	8.122795548
FMN1	0.592181671
FMN2	0.012935547
FMNL1	5.704501434
FMNL2	11.1940864
FMNL3	3.794883289
FMO1	0.247967375
FMO10P	0
FMO11P	0
FMO2	53.62491697
FMO3	7.742138137
FMO4	2.023315196
FMO5	8.387242361
FMO6P	0.142227843
FMO7P	0
FMO8P	0
FMO9P	0
FMOD	13.24121601
FMR1	5.309659658
FMR1-AS1	0
FMR1-IT1	0.274107254
FMR1NB	0.02727554
FN1	64.1995651
FN3K	3.11615301
FN3KRP	11.51368866
FNBP1	8.297870301
FNBP1L	8.81595051
FNBP1P1	0.196461861
FNBP4	9.561547354
FNDC1	0.301781928
FNDC10	1.893903642
FNDC11	0.155617304
FNDC1-IT1	0
FNDC3A	11.46838684
FNDC3B	4.302995018
FNDC3CP	0
FNDC4	2.118822332
FNDC5	0.648956272
FNDC7	0.004702821
FNDC8	0.033868439
FNDC9	0.068576796
FNIP1	2.503774069
FNIP2	6.974127061
FNTA	8.508383666
FNTAP2	0.074147309
FNTB	1.770195011
FO082796.1	0
FO082842.1	0
FO393401.1	0.747070226
FO393401.2	0
FO393408.1	0
FO393409.1	0.057105678
FO393411.1	1.231198414
FO393412.1	0
FO393413.1	0
FO393414.1	0
FO393414.2	0
FO393415.1	0.569810836
FO393415.2	0
FO393415.3	0
FO393418.1	0.307250941
FO393419.1	0.044140276
FO393419.2	0.036611678
FO393419.3	0.500099936
FO393422.1	0
FO538757.1	1.27287461
FO538757.2	0.17459385
FO680682.1	0.045419704
FO681491.1	0
FO681492.1	0.425347394
FO681548.1	0.041527733
FO704657.1	0.039174495
FOCAD	2.658994219
FOCAD-AS1	0.111133319
FOLH1	0.23766953
FOLH1B	0
FOLR1	170.9965464
FOLR2	17.08627691
FOLR3	4.040922119
FOPNL	18.20606392
FOS	117.7267374
FOSB	198.0495412
FOSL1	22.94417163
FOSL1P1	0.076812735
FOSL2	34.98719742
FOXA1	3.31340279
FOXA2	11.75084352
FOXA3	0.714863047
FOXB1	0.004334661
FOXB2	0
FOXC1	2.143321835
FOXC2	0.512208893
FOXC2-AS1	0.147364871
FOXCUT	0
FOXD1	0.197625605
FOXD1-AS1	0
FOXD2	0.184350565
FOXD2-AS1	0.437180494
FOXD3	0
FOXD3-AS1	0
FOXD4	0.373090428
FOXD4L1	0.245332044
FOXD4L3	0.015370081
FOXD4L4	0.028107261
FOXD4L5	0.005040141
FOXD4L6	0
FOXE1	0
FOXE3	0.023730133
FOXF1	12.28715389
FOXF2	5.731979147
FOXG1	0
FOXG1-AS1	0
FOXH1	0
FOXI1	0.074553537
FOXI2	0.034096545
FOXI3	0
FOXJ1	2.711509914
FOXJ2	4.305710059
FOXJ3	5.735514339
FOXK1	1.908907645
FOXK2	3.999397947
FOXL1	0.498318001
FOXL2	0.005371888
FOXL2NB	0
FOXM1	0.316658502
FOXN1	0.034467524
FOXN2	4.794426425
FOXN3	4.898498439
FOXN3-AS1	2.895348004
FOXN3-AS2	0.012416639
FOXN3P1	0.010587701
FOXN4	0.013543473
FOXO1	6.587733006
FOXO1B	0
FOXO3	4.040741848
FOXO3B	0.081274886
FOXO4	5.436924398
FOXO6	0.280984701
FOXP1	4.400375471
FOXP1-AS1	0.044770851
FOXP1-IT1	0.004427747
FOXP2	0.276023561
FOXP3	0.224953655
FOXP4	4.601892053
FOXP4-AS1	0.301987542
FOXQ1	1.909613866
FOXR1	0.012667581
FOXR2	0
FOXRED1	3.382150141
FOXRED2	0.783911357
FOXS1	1.199885972
FP236240.1	0
FP236240.2	0
FP236240.3	0
FP236241.1	0
FP236241.2	0
FP236315.1	0
FP236315.2	0
FP236315.3	0
FP236383.1	0.014264723
FP236383.2	0
FP236383.3	0
FP325317.1	0
FP325318.1	0
FP325330.1	0
FP325330.2	0
FP325330.3	0
FP325331.1	0.011354926
FP325332.1	0.022987479
FP325335.1	0.014796788
FP475955.1	0
FP475955.2	0
FP475955.3	0
FP475955.4	0
FP565260.1	0.377863089
FP565260.2	0
FP565260.3	0.373423843
FP565260.4	0
FP565260.5	0
FP565260.6	0.35819564
FP565260.7	0.431491388
FP671120.1	0.094094063
FP671120.2	0
FP671120.3	0.016977029
FP671120.4	1.12048393
FP700107.1	0
FP700111.1	0
FP700111.2	0
FP885919.1	0
FPGS	14.23077559
FPGT	5.821817293
FPGT-TNNI3K	0.157401262
FPR1	25.03905655
FPR2	6.157807103
FPR3	5.579397771
FRA10AC1	3.152435411
FRAS1	0.68356889
FRAT1	0.68618217
FRAT2	2.025107197
FREM1	0.529995026
FREM2	1.820721767
FREM2-AS1	0
FREM3	0.139155289
FRG1	19.55282351
FRG1BP	3.258165924
FRG1-DT	0.095215786
FRG1HP	4.322378173
FRG1JP	0.538596709
FRG1KP	0
FRG2	0
FRG2B	0
FRG2C	0
FRG2DP	0
FRG2FP	0
FRG2GP	0
FRG2HP	0
FRG2IP	0
FRG2JP	0
FRG2KP	0
FRG2LP	0
FRG2MP	0
FRGCA	0.111396668
FRK	0.574440818
FRMD1	0.013536453
FRMD3	1.720150504
FRMD4A	1.494391488
FRMD4B	5.864609676
FRMD5	0.056981084
FRMD6	1.374602075
FRMD6-AS1	0.035149838
FRMD6-AS2	0.034176222
FRMD7	0.014142417
FRMD8	10.15798198
FRMD8P1	0
FRMPD1	0.082795933
FRMPD2	0.025877461
FRMPD2B	0.011633109
FRMPD3	0.044487306
FRMPD3-AS1	0
FRMPD4	0.009241447
FRMPD4-AS1	0
FRRS1	1.105960406
FRRS1L	0.011469902
FRS2	3.505257215
FRS3	1.107522461
FRY	4.61211104
FRY-AS1	0.056214522
FRYL	3.493591476
FRZB	6.878456551
FSBP	0
FSCB	0
FSCN1	9.67690667
FSCN1P1	0.031741657
FSCN2	0.178506862
FSCN3	0.136513486
FSD1	0.015110702
FSD1L	0.564791747
FSD2	0.031166979
FSHB	0
FSHR	0.004943154
FSIP1	0.164609874
FSIP2	0.013848986
FSIP2-AS1	0.053419766
FST	1.979176237
FSTL1	17.62874719
FSTL3	33.94951644
FSTL4	0.225715831
FSTL5	0.002926199
FTCD	0.023663241
FTCD-AS1	0
FTCDNL1	1.516058742
FTH1	293.951516
FTH1P1	0.206181553
FTH1P10	0.353834148
FTH1P11	1.109114559
FTH1P12	0.312827183
FTH1P14	0
FTH1P15	0.727526335
FTH1P16	1.589689652
FTH1P18	0
FTH1P19	0
FTH1P2	1.901674514
FTH1P20	3.660098801
FTH1P21	0
FTH1P22	0.662952992
FTH1P23	1.453017632
FTH1P24	0.067834623
FTH1P25	0
FTH1P26	0
FTH1P27	0
FTH1P3	1.69040629
FTH1P4	0.283359819
FTH1P5	0.805053842
FTH1P6	0
FTH1P7	4.456808487
FTH1P8	2.408393077
FTH1P9	0
FTHL17	0
FTL	10861.88278
FTLP1	0
FTLP10	0
FTLP12	0.034899327
FTLP13	0
FTLP14	2.557673639
FTLP15	0.029454508
FTLP16	0.030545415
FTLP17	0.059694469
FTLP18	0
FTLP19	0
FTLP2	2.196145931
FTLP3	7.864576645
FTLP4	0
FTLP5	0.088032573
FTLP6	0
FTLP8	0.176065146
FTMT	0
FTO	2.260007806
FTOP1	0.272992996
FTSJ1	10.60657636
FTSJ3	5.676243018
FTX	0.498305709
FUBP1	9.975460883
FUBP3	7.031064253
FUCA1	37.11912578
FUCA1P1	0
FUCA2	21.3362842
FUK	2.188058221
FUNDC1	6.922040858
FUNDC2	14.89486748
FUNDC2P1	1.34705281
FUNDC2P2	0
FUNDC2P3	0
FUNDC2P4	0.037220423
FUOM	16.03591477
FURIN	24.63154372
FUS	21.68750025
FUT1	5.523937538
FUT10	0.941976797
FUT11	4.681790969
FUT2	0.375518828
FUT3	0.811462682
FUT4	0.998273977
FUT5	0
FUT6	0.068458533
FUT7	0.206181553
FUT8	3.192428994
FUT8-AS1	0.072116099
FUT9	0
FUZ	3.378302212
FXN	2.463234663
FXNP1	0
FXNP2	0.085940391
FXR1	5.420860929
FXR2	8.958305203
FXYD1	3.514721045
FXYD2	0.193246839
FXYD3	86.6961889
FXYD4	1.136865634
FXYD5	24.20363385
FXYD6	9.560334293
FXYD6-FXYD2	0
FXYD6P1	0
FXYD6P2	0
FXYD6P3	0
FXYD7	0.17459385
FYB1	3.75304506
FYB2	0.889522312
FYCO1	4.682442166
FYN	7.476508664
FYTTD1	10.9522613
FYTTD1P1	0
FZD1	3.240630348
FZD10	0.472672152
FZD10-AS1	0.30118502
FZD2	1.684206508
FZD3	0.319374283
FZD4	8.933249324
FZD5	3.667498934
FZD6	18.67269409
FZD7	3.358103898
FZD8	1.870266212
FZD9	0.053617786
FZR1	4.93428489
G0S2	53.65005895
G2E3	1.842308176
G2E3-AS1	0
G3BP1	8.691268741
G3BP2	22.29068577
G6PC	0
G6PC2	0.005014335
G6PC3	7.175534832
G6PD	11.22107939
GAA	23.47126647
GAB1	3.487339172
GAB2	6.065653602
GAB3	2.398620444
GAB4	0
GABARAP	27.77136308
GABARAPL1	40.76985376
GABARAPL2	54.67902154
GABARAPL3	0
GABBR1	3.972025536
GABBR2	0.086083458
GABPA	6.834791241
GABPAP	0
GABPB1	3.598734948
GABPB1-AS1	1.398323553
GABPB2	1.817826168
GABRA1	0
GABRA2	0.003940435
GABRA3	0
GABRA4	0.009042007
GABRA5	0
GABRA6	0
GABRB1	0.009980763
GABRB2	0.322733292
GABRB3	0.131710007
GABRD	0.219442192
GABRE	3.063207494
GABRG1	0.004618953
GABRG2	0
GABRG3	0.001244128
GABRG3-AS1	0
GABRP	0.139030885
GABRQ	0.01015541
GABRR1	0
GABRR2	0.259992164
GABRR3	0
GACAT1	0
GACAT2	0.019156232
GACAT3	0
GAD1	0.015209704
GAD2	0
GADD45A	22.13766048
GADD45B	180.8989495
GADD45G	13.19250013
GADD45GIP1	26.82859353
GADL1	0.070546157
GAGE1	0
GAGE10	0.029126019
GAGE12B	0
GAGE12C	0
GAGE12D	0
GAGE12E	0
GAGE12F	0
GAGE12G	0
GAGE12H	0
GAGE12J	0
GAGE13	0
GAGE2A	0
GAGE2E	0
GAK	3.886688925
GAL	0.060268454
GAL3ST1	0.280467051
GAL3ST2	0.045751235
GAL3ST3	0.01263184
GAL3ST4	0.765730488
GALC	9.564890614
GALE	11.86067415
GALK1	6.780670111
GALK2	1.98707437
GALM	6.604904101
GALNS	2.374155302
GALNT1	14.84442822
GALNT10	4.357863981
GALNT11	5.106143939
GALNT12	6.86334155
GALNT13	1.259351863
GALNT14	0.590147855
GALNT15	0.455276751
GALNT16	0.629577146
GALNT17	0.826927738
GALNT18	16.49497897
GALNT2	4.565551372
GALNT3	9.757676173
GALNT4	0.058047038
GALNT5	4.136936989
GALNT6	1.789432492
GALNT7	2.341910086
GALNT8	0.035736942
GALNT9	0.033727503
GALNTL5	0
GALNTL6	0.059342451
GALP	0
GALR1	0
GALR2	0.045952487
GALR3	0.040630418
GALT	4.903256509
GAMT	2.939772773
GAMTP2	0
GAN	0.545177965
GANAB	33.09765568
GANC	3.659242584
GAP43	0.037541442
GAPDH	211.1348897
GAPDHP1	0.140326549
GAPDHP14	0.200680444
GAPDHP15	0
GAPDHP16	0
GAPDHP17	0
GAPDHP19	0
GAPDHP2	0.094207202
GAPDHP20	0
GAPDHP21	0.015514651
GAPDHP22	0
GAPDHP23	0.047340779
GAPDHP24	0
GAPDHP25	0
GAPDHP26	0
GAPDHP27	0.061450188
GAPDHP28	0
GAPDHP29	0
GAPDHP31	0
GAPDHP32	0.204115605
GAPDHP33	0.046406114
GAPDHP34	0
GAPDHP35	0
GAPDHP36	0
GAPDHP37	0
GAPDHP38	0
GAPDHP39	0.016005922
GAPDHP40	0.06230536
GAPDHP41	0
GAPDHP42	0.031946581
GAPDHP44	0.202291335
GAPDHP45	0
GAPDHP46	0
GAPDHP47	0
GAPDHP48	0
GAPDHP49	0.065222884
GAPDHP50	0
GAPDHP51	0
GAPDHP52	0.06653842
GAPDHP53	0
GAPDHP54	0
GAPDHP55	0
GAPDHP56	0
GAPDHP57	0
GAPDHP58	0.01557634
GAPDHP59	0.176065146
GAPDHP60	0.078742703
GAPDHP61	0.015591839
GAPDHP62	0.110796551
GAPDHP63	0.015560872
GAPDHP64	0.031245858
GAPDHP65	0.04672902
GAPDHP66	0
GAPDHP67	0.01988553
GAPDHP68	0.015545435
GAPDHP69	0.015545435
GAPDHP70	0.07497511
GAPDHP71	0.015622929
GAPDHP72	0
GAPDHP73	0
GAPDHP74	0.100286707
GAPDHP75	0
GAPDHP76	0.016055121
GAPDHS	0
GAPLINC	8.617643426
GAPT	0.823466317
GAPVD1	3.56638852
GAR1	5.361123458
GAREM1	1.304436144
GAREM2	0.129284408
GARNL3	0.657824423
GARS	11.79386289
GARSP1	0.021793878
GART	5.282567689
GAS1	1.729386973
GAS1RR	0.157162323
GAS2	0.648282943
GAS2L1	6.028728351
GAS2L1P1	0
GAS2L1P2	0
GAS2L2	0.421119322
GAS2L3	1.408184523
GAS5	66.11006209
GAS5-AS1	1.422474458
GAS6	37.69256937
GAS6-AS1	0.695075431
GAS6-AS2	1.324547474
GAS7	2.105338206
GAS8	2.974889521
GAS8-AS1	0.374712561
GASAL1	0.620366693
GAST	0.033339996
GATA1	0.57455926
GATA2	10.31064977
GATA2-AS1	2.889612333
GATA3	1.555900631
GATA3-AS1	0.021232789
GATA4	0.010580552
GATA5	0.446845877
GATA6	8.833873444
GATA6-AS1	2.226263127
GATAD1	7.93792522
GATAD2A	5.783822094
GATAD2B	2.988116066
GATB	1.332805817
GATC	5.102783607
GATD1	5.898214345
GATM	2.471696011
GBA	7.800535405
GBA2	12.91624615
GBA3	0.192398611
GBAP1	0.527184123
GBE1	5.727309652
GBF1	7.663831333
GBGT1	3.384642605
GBP1	26.46161801
GBP1P1	5.982771513
GBP2	13.28287529
GBP3	22.02232024
GBP4	15.88974293
GBP5	1.720348693
GBP6	0.068197983
GBP7	0.089395751
GBX1	0.032044577
GBX2	0.013537622
GC	0.006581184
GCA	14.83156644
GCAT	2.971601426
GCC1	3.984219743
GCC2	3.148824789
GCC2-AS1	0.078447049
GCDH	3.993222216
GCFC2	3.151163403
GCG	0
GCGR	0
GCH1	12.48380043
GCHFR	14.68723718
GCK	0.068427065
GCKR	0.019923456
GCLC	1.990432807
GCLM	4.417610947
GCM1	0.011334393
GCM2	0
GCN1	6.628905636
GCNA	0.670759097
GCNT1	1.949329659
GCNT1P1	0.02420046
GCNT1P2	0
GCNT1P3	0.054503645
GCNT1P4	0
GCNT1P5	0
GCNT2	3.744340815
GCNT2P	0.083885428
GCNT3	0.452548606
GCNT4	2.330438088
GCNT7	0.197390866
GCOM1	0.274431257
GCOM2	0.028387315
GCSAM	1.3544869
GCSAML	0.539067837
GCSH	1.32526483
GCSHP1	0
GCSHP2	0
GCSHP3	0
GCSHP4	0.107082902
GCSHP5	0.03001877
GDA	0.055510418
GDAP1	1.523667426
GDAP1L1	0.041662683
GDAP2	1.294370699
GDE1	21.58855321
GDF1	0
GDF10	7.732898684
GDF11	1.105954323
GDF15	19.16115212
GDF2	0
GDF3	0.012647133
GDF5	0.361246288
GDF5OS	0
GDF6	0.046573299
GDF7	0.184842217
GDF9	0.071682516
GDI1	19.81382752
GDI2	64.37322419
GDI2P1	0
GDI2P2	0.051545388
GDNF	0.011001496
GDNF-AS1	0.013520102
GDPD1	1.514219537
GDPD2	0.017820089
GDPD3	4.541009678
GDPD4	0.009830488
GDPD5	1.435643801
GDPGP1	0.973599425
GEM	16.43908566
GEMIN2	3.224314674
GEMIN2P1	0
GEMIN2P2	0
GEMIN4	3.016252196
GEMIN5	2.557426673
GEMIN6	2.328371727
GEMIN7	7.307117289
GEMIN7-AS1	0.406601545
GEMIN8	6.180002839
GEMIN8P2	0
GEMIN8P3	0
GEMIN8P4	0.429898436
GEN1	0.560440057
GET4	0.520195445
GFAP	0.002574729
GFER	5.120239166
GFI1	0.75477064
GFI1B	0.229154427
GFM1	4.014605022
GFM2	5.458480979
GFOD1	1.448789109
GFOD1-AS1	0.094396373
GFOD2	4.064681287
GFPT1	5.408254214
GFPT2	4.681270196
GFRA1	0.553737437
GFRA2	0.243983909
GFRA3	1.045165536
GFRA4	0
GFRAL	0
GFY	0
GGA1	5.45072811
GGA2	19.74383125
GGA3	4.993568156
GGACT	0.905846821
GGCT	10.21431416
GGCX	4.526294694
GGH	6.22286227
GGN	0.102458834
GGNBP1	0.01804237
GGNBP2	6.695379819
GGPS1	9.408461016
GGT1	6.396557142
GGT2	0.191983161
GGT3P	0.097079652
GGT4P	0
GGT5	2.383859259
GGT6	5.368678022
GGT7	7.908862979
GGT8P	0
GGTA1P	4.449233912
GGTA2P	0
GGTLC1	26.23067827
GGTLC2	0.510001562
GGTLC3	0.161878078
GGTLC4P	0.259590027
GGTLC5P	0
GH1	0.052407351
GH2	0
GHDC	5.88738367
GHET1	0.065770401
GHITM	101.1145455
GHR	0.865276289
GHRH	0
GHRHR	0.040913311
GHRL	0.584580642
GHRLOS	0.622398518
GHSR	0
GID4	1.446674249
GID8	8.509561438
GIF	0
GIGYF1	6.110030042
GIGYF2	2.557905308
GIMAP1	3.46636885
GIMAP1-GIMAP5	0
GIMAP2	11.54498708
GIMAP3P	0.07497511
GIMAP4	27.41678746
GIMAP5	2.278629222
GIMAP6	20.07880581
GIMAP7	39.24935071
GIMAP8	13.31408505
GIMD1	0
GIN1	1.618687885
GINM1	38.01738357
GINS1	0.389048574
GINS2	0.825736904
GINS3	0.791931025
GINS4	0.125930797
GIP	0.021885193
GIPC1	26.79747211
GIPC2	3.908575336
GIPC3	1.322986405
GIPR	0.354026264
GIT1	8.528708154
GIT2	1.588733765
GJA1	137.3854828
GJA10	0
GJA1P1	0.041128079
GJA3	0.015035308
GJA4	21.60187062
GJA5	30.53040229
GJA6P	0
GJA8	0
GJA9	0.03808896
GJB1	3.821046938
GJB2	0.962010672
GJB3	0.216633152
GJB4	0.005517535
GJB5	0.057822133
GJB6	0.03491488
GJB7	0.090740777
GJC1	1.044050051
GJC2	1.662689221
GJC3	0.168492452
GJD2	0
GJD3	0
GJD4	0.009917594
GJE1	0
GK	7.30419022
GK2	0
GK3P	0.018856556
GK5	1.728343404
GKAP1	1.867769474
GK-AS1	1.708994866
GK-IT1	0.473646287
GKN1	0
GKN2	54.31817453
GLA	17.37716097
GLB1	16.93372304
GLB1L	1.718119159
GLB1L2	0.994429488
GLB1L3	0.063064587
GLCCI1	5.027535769
GLCE	5.043642371
GLDC	0.238950957
GLDCP1	0
GLDN	8.593822584
GLE1	6.442077429
GLG1	5.791084724
GLI1	0.223641265
GLI2	0.336416133
GLI3	0.868377159
GLI4	2.465545579
GLIDR	0.679465531
GLIPR1	4.323994951
GLIPR1L1	0.226442168
GLIPR1L2	0.504410384
GLIPR2	65.35665009
GLIS1	0.070471305
GLIS2	6.735663895
GLIS2-AS1	2.027856211
GLIS3	0.54772438
GLIS3-AS1	0.14943949
GLMN	3.177038081
GLMP	7.72880846
GLO1	90.45444191
GLOD4	9.903043851
GLOD5	1.151973839
GLP1R	0.095886042
GLP2R	0.119102893
GLRA1	0
GLRA2	0.008440505
GLRA3	0.004897322
GLRA4	0.017270167
GLRB	1.286563351
GLRX	16.73162665
GLRX2	5.959107166
GLRX3	12.77090051
GLRX3P2	0.045288434
GLRX5	10.58055604
GLRXP1	0
GLRXP2	0
GLRXP3	0.439340131
GLS	22.51526892
GLS2	0.117305901
GLT1D1	0.405486435
GLT6D1	0
GLT8D1	11.15612789
GLT8D2	2.850360687
GLTP	26.35850664
GLTPD2	0.352302399
GLTPP1	0
GLUD1	59.28161997
GLUD1P2	0.09369087
GLUD1P3	0.777392702
GLUD1P4	0
GLUD1P8	0.308764492
GLUD1P9	0
GLUD2	0.521698048
GLUL	87.49201869
GLULP3	0
GLULP4	0.027931904
GLULP5	0
GLULP6	0
GLYAT	0.010064096
GLYATL1	0.002880478
GLYATL1B	0.034477003
GLYATL1P1	0.02925289
GLYATL1P2	0.013496811
GLYATL1P4	0.017295583
GLYATL2	0.076729152
GLYATL3	0
GLYCAM1	0
GLYCTK	2.028284506
GLYCTK-AS1	0.067590789
GLYR1	14.34918065
GM2A	25.25569808
GM2AP1	0
GM2AP2	0
GMCL1	4.56531701
GMCL1P2	0
GMCL2	0
GMDS	2.217218164
GMDS-AS1	0.37340188
GMEB1	2.03059621
GMEB2	3.728526397
GMFB	16.62383415
GMFBP1	0
GMFG	88.36083406
GMIP	5.907597639
GML	0
GMNC	0
GMNN	4.031365639
GMPPA	4.026941146
GMPPB	3.225998163
GMPR	5.560250901
GMPR2	18.39909797
GMPS	3.530774967
GMPSP1	0.081190663
GNA11	8.746167288
GNA12	6.59309311
GNA13	19.1881343
GNA14	4.405511013
GNA14-AS1	0.233104433
GNA15	11.04022124
GNAI1	5.810265981
GNAI2	52.07288949
GNAI2P1	0
GNAI2P2	0
GNAI3	4.095345012
GNAL	0.549231522
GNAO1	0.114972532
GNAQ	20.72129269
GNAQP1	0.176230156
GNAS	48.7975391
GNAS-AS1	0.025709267
GNAT1	0.028449161
GNAT2	0
GNAT3	0
GNAZ	1.183396203
GNB1	47.63696732
GNB1L	0.562839052
GNB2	60.75954574
GNB3	0.205161743
GNB4	6.272374009
GNB5	1.255751365
GNE	3.999703779
GNG10	13.39972665
GNG10P1	0
GNG11	96.66034147
GNG12	26.75873421
GNG12-AS1	0.239682336
GNG13	0
GNG2	2.987062919
GNG3	0.302025585
GNG4	0.014506386
GNG5	100.5713564
GNG5P1	0
GNG5P2	0.075699507
GNG5P3	0
GNG5P5	0
GNG7	3.064560362
GNG8	0.507817528
GNGT1	0.026547731
GNGT2	2.699769814
GNL1	9.536719528
GNL2	8.466327759
GNL2P1	0
GNL3	18.65924408
GNL3L	1.525217881
GNL3LP1	0.009537309
GNLY	17.20031251
GNMT	1.023214421
GNPAT	18.34151584
GNPATP	0
GNPDA1	7.761712614
GNPDA2	3.101085897
GNPNAT1	3.92038099
GNPTAB	7.277823018
GNPTG	16.09000223
GNRH1	1.502948843
GNRH2	0.076159407
GNRHR	0.04344676
GNRHR2	0.257293439
GNRHR2P1	0
GNS	27.30245357
GOLGA1	3.032948108
GOLGA2	6.199486234
GOLGA2P1	0
GOLGA2P10	2.067914183
GOLGA2P11	0
GOLGA2P2Y	0
GOLGA2P3Y	0
GOLGA2P4	0
GOLGA2P5	0.830898296
GOLGA2P6	0
GOLGA2P7	0.299686879
GOLGA2P8	0.362074922
GOLGA2P9	0
GOLGA3	4.365264105
GOLGA4	5.986542924
GOLGA5	12.80215363
GOLGA5P1	0.01598959
GOLGA6A	0
GOLGA6B	0
GOLGA6C	0
GOLGA6D	0
GOLGA6L1	0
GOLGA6L10	0.159522864
GOLGA6L11P	0
GOLGA6L16P	0
GOLGA6L17P	0.050515145
GOLGA6L2	0
GOLGA6L22	0
GOLGA6L3	0.09332816
GOLGA6L4	0.13176582
GOLGA6L5P	0.253192427
GOLGA6L6	0
GOLGA6L7	0.011848619
GOLGA6L9	0.476575365
GOLGA7	32.70136097
GOLGA7B	0.684249463
GOLGA8A	3.916288773
GOLGA8B	3.922556995
GOLGA8CP	0
GOLGA8DP	0
GOLGA8EP	0.005962632
GOLGA8F	0
GOLGA8G	0
GOLGA8H	0.107270866
GOLGA8IP	0.018094455
GOLGA8J	0.005765194
GOLGA8K	0.029098975
GOLGA8M	0.085393995
GOLGA8M	0.028132492
GOLGA8N	0.222617493
GOLGA8O	0.00723444
GOLGA8Q	0.021997845
GOLGA8R	0.091904974
GOLGA8S	0.021618484
GOLGA8T	0.04559592
GOLGA8UP	0.00892866
GOLGA8VP	0.261453804
GOLGB1	7.814428549
GOLIM4	12.08870794
GOLM1	5.319513281
GOLPH3	45.16952901
GOLPH3L	8.566846605
GOLT1A	15.50427196
GOLT1B	19.70614607
GON4L	2.478727133
GON7	18.35837685
GOPC	6.335464126
GORAB	4.497850842
GORASP1	8.623899375
GORASP2	13.08457477
GOSR1	3.522619943
GOSR2	3.501614273
GOT1	12.76726528
GOT1L1	0
GOT2	13.86398484
GOT2P1	0
GOT2P2	0.075154906
GOT2P3	0.025986398
GOT2P5	0
GP1BA	0.451109738
GP1BB	0
GP2	0.003870998
GP5	0.035472095
GP6	0.359425629
GP9	1.057579167
GPA33	2.588151783
GPAA1	17.06991458
GPAA1P1	0
GPAA1P2	0
GPALPP1	2.467104333
GPAM	1.099186482
GPANK1	4.75246141
GPAT2	0.226059718
GPAT2P1	0.034899327
GPAT2P2	0.018157356
GPAT3	5.331707507
GPAT4	5.856189778
GPATCH1	1.361680307
GPATCH11	6.60924153
GPATCH2	1.883994732
GPATCH2L	1.67765973
GPATCH3	5.310124803
GPATCH4	4.418056635
GPATCH8	3.871810921
GPBAR1	0.622833724
GPBP1	16.12739871
GPBP1L1	14.16669481
GPC1	4.261338558
GPC2	0.09005631
GPC3	29.83677508
GPC4	9.521929668
GPC5	0.833979467
GPC5-AS1	0.06798177
GPC5-AS2	0
GPC5-IT1	0.023814283
GPC6	1.453599072
GPC6-AS1	0
GPC6-AS2	0.026694715
GPCPD1	18.22881953
GPD1	25.27348777
GPD1L	15.69590345
GPD2	5.886850735
GPER1	4.672575521
GPHA2	0.186142309
GPHB5	0
GPHN	2.136434919
GPI	11.32070678
GPIHBP1	23.53216377
GPKOW	11.08219927
GPLD1	0.273958656
GPM6A	9.243845322
GPM6B	5.174484835
GPM6BP1	0
GPM6BP2	0
GPM6BP3	0
GPN1	12.41536584
GPN2	4.538230309
GPN3	13.07326114
GPN3P1	0
GPNMB	45.6991926
GPR1	0.071879807
GPR101	0
GPR107	8.152958689
GPR108	22.60976766
GPR119	0
GPR12	0.008873045
GPR132	1.458783575
GPR135	0.242430067
GPR137	3.284787721
GPR137B	8.978407426
GPR137C	0.323871168
GPR139	0
GPR141	0.196550234
GPR142	0.038979597
GPR143	1.008514754
GPR143P	0.229314117
GPR146	1.864507609
GPR148	0
GPR149	0
GPR15	0.801012038
GPR150	0.083471079
GPR151	0
GPR152	0.021931138
GPR153	3.543170884
GPR155	1.432044867
GPR156	0.033626176
GPR157	3.535330448
GPR158	0.052732947
GPR158-AS1	0
GPR160	8.109067737
GPR161	1.002397983
GPR162	1.983097349
GPR17	0.926929271
GPR171	3.160148676
GPR173	0.527087389
GPR174	0.386139696
GPR176	1.689820259
GPR179	0.021066705
GPR18	0.320294613
GPR180	2.017784008
GPR182	0.281520567
GPR183	17.93730994
GPR19	0.035843991
GPR20	0.806761877
GPR21	0
GPR22	0.004254629
GPR25	0.028857823
GPR26	0.012512482
GPR27	0.601945652
GPR3	1.644773123
GPR31	0.007610392
GPR32	0
GPR32P1	0
GPR33	0
GPR34	4.583903562
GPR35	0.424922799
GPR37	0.176356548
GPR37L1	0.076113166
GPR39	1.170492735
GPR4	7.418864615
GPR42	0.016822113
GPR45	0.011989134
GPR50	0
GPR50-AS1	0
GPR52	0.014402388
GPR53P	0
GPR55	0.106235919
GPR6	0
GPR61	0.030986352
GPR62	0.050063252
GPR63	0.152696284
GPR65	4.13402676
GPR68	3.666484155
GPR75	1.681817562
GPR75-ASB3	0.046875464
GPR78	0.003747859
GPR79	0
GPR82	0.079542122
GPR83	0.010978373
GPR84	0.3911697
GPR85	0.690691475
GPR87	0.119969007
GPR88	0.022443137
GPR89A	0.535767792
GPR89B	0.545380875
GPR89P	0
GPRASP1	1.76223438
GPRASP2	2.649082831
GPRC5A	89.3401279
GPRC5B	1.927288789
GPRC5C	5.441853644
GPRC5D	3.331923239
GPRC5D-AS1	1.701842815
GPRC6A	0.010950243
GPRIN1	0.133961702
GPRIN2	7.38104814
GPRIN3	2.821697265
GPS1	12.32707748
GPS2	2.287820944
GPS2P1	0.01589229
GPS2P2	0
GPSM1	4.666117625
GPSM2	0.81647793
GPSM3	31.50018184
GPT	0.255856644
GPT2	0.45130202
GPX1	298.2209976
GPX1P1	0.749874821
GPX1P2	0.232719772
GPX2	0.240430523
GPX3	325.4938564
GPX4	147.1206987
GPX5	0.007827072
GPX6	0
GPX7	6.820207761
GPX8	1.810858248
GRAMD1A	12.73467764
GRAMD1B	0.357662738
GRAMD1C	2.79144597
GRAMD2A	7.431135403
GRAMD2B	2.953404809
GRAMD4	4.628765303
GRAMD4P1	0
GRAMD4P2	0
GRAMD4P3	0
GRAMD4P4	0
GRAMD4P5	0
GRAMD4P6	0
GRAMD4P7	0
GRAMD4P8	0
GRAP	0.943113043
GRAP2	1.086000539
GRAPL	0.139081047
GRASP	40.39584191
GRB10	3.504588771
GRB14	1.340249795
GRB2	23.81038431
GRB7	3.755175388
GREB1	0.074793146
GREB1L	0.0770743
GREM1	0.0911908
GREM2	1.025864473
GRHL1	0.608899344
GRHL2	2.474586911
GRHL3	0.01988553
GRHPR	12.78782158
GRIA1	1.348226464
GRIA2	0.008762889
GRIA3	0.038666991
GRIA4	0.003108162
GRID1	0.570867999
GRID1-AS1	0.007461809
GRID2	0.020870802
GRID2IP	0.170571096
GRIFIN	0.09005631
GRIK1	0.092327351
GRIK1-AS1	0.058909015
GRIK2	0.031870776
GRIK3	0.037194655
GRIK4	0.306715445
GRIK5	0.059378971
GRIN1	0.004657393
GRIN2A	0.023526753
GRIN2B	0.002043531
GRIN2C	0.069448603
GRIN2D	0.095378704
GRIN3A	0.067533916
GRIN3B	0.124173955
GRINA	55.80233959
GRIP1	0.117928865
GRIP2	0.036148714
GRIPAP1	5.999006132
GRK1	0.060256256
GRK2	9.446548888
GRK3	3.358656046
GRK4	1.003188092
GRK5	14.00432232
GRK5-IT1	0.509268435
GRK6	6.998336877
GRK6P1	0.009158269
GRK7	0.038702805
GRM1	0.004309625
GRM2	0.057414705
GRM3	0.038526548
GRM4	0.000961337
GRM5	0.003620145
GRM5-AS1	0
GRM6	0.053832017
GRM7	0.007630776
GRM7-AS1	0
GRM7-AS2	0
GRM7-AS3	0
GRM8	0.087364523
GRN	157.5972127
GRP	1.675618822
GRPEL1	8.114381867
GRPEL2	5.311916134
GRPEL2-AS1	1.250457695
GRPEL2P1	0
GRPEL2P2	0
GRPEL2P3	0
GRPR	0.105602578
GRSF1	9.599135084
GRTP1	1.144604586
GRTP1-AS1	0.439340131
GRWD1	4.899700848
GRXCR1	0
GRXCR2	0
GSAP	8.257066091
GSC	0.049587968
GSC2	0
GSDMA	0.112429044
GSDMB	2.467893672
GSDMC	0.502031701
GSDMD	21.13707505
GSDME	0.89119004
GSE1	7.254963978
GSEC	0.542950293
GSG1	0.03128745
GSG1L	0.090177238
GSG1L2	0
GSK3A	8.780555735
GSK3B	4.417528613
GSKIP	9.167878309
GSN	36.5445939
GSN-AS1	0.414527514
GSPT1	20.38559028
GSPT2	3.5064109
GSR	21.37714796
GSS	17.07209001
GSTA1	2.322021096
GSTA10P	0
GSTA11P	0
GSTA12P	0
GSTA2	0.369964766
GSTA3	0.290464548
GSTA4	17.62942331
GSTA5	0.061510493
GSTA6P	0.027157362
GSTA7P	0
GSTA8P	0.024599369
GSTA9P	0.052878958
GSTCD	1.476122353
GSTK1	31.66574126
GSTM1	3.2686999
GSTM2	1.880513274
GSTM2P1	0
GSTM3	8.920238689
GSTM3P1	0
GSTM3P2	0.071064844
GSTM4	1.75639494
GSTM5	2.598168734
GSTM5P1	0.071226355
GSTO1	183.9232115
GSTO2	1.408876102
GSTO3P	0.043648462
GSTP1	293.5530042
GSTP1P1	0
GSTT2	0.028107261
GSTT2B	1.753762651
GSTT4	0
GSTZ1	1.565685844
GSX1	0
GSX2	0
GTDC1	1.781413273
GTF2A1	3.557244067
GTF2A1L	0.038144591
GTF2A2	17.45979364
GTF2B	32.62839286
GTF2E1	3.812829185
GTF2E2	10.03591687
GTF2F1	16.44978794
GTF2F2	5.472955143
GTF2F2P1	0.092858062
GTF2F2P2	0
GTF2H1	7.336961188
GTF2H2	0.487649315
GTF2H2B	0.161463111
GTF2H2C	0.757818246
GTF2H3	6.109495814
GTF2H4	1.291942546
GTF2H5	4.652134921
GTF2I	1.839001968
GTF2IP1	0.09671417
GTF2IP11	0
GTF2IP13	0.686441302
GTF2IP14	1.230052402
GTF2IP2	0
GTF2IP20	1.374543684
GTF2IP22	0
GTF2IP23	1.250012376
GTF2IP3	0
GTF2IP4	1.328611301
GTF2IP5	0.085744449
GTF2IP6	0
GTF2IP7	0.042580973
GTF2IP8	0
GTF2IP9	0.364413907
GTF2IRD1	2.220973215
GTF2IRD1P1	0.005790761
GTF2IRD2	0.645556653
GTF2IRD2B	1.361990552
GTF2IRD2P1	0.062181738
GTF3A	40.38327814
GTF3AP1	0
GTF3AP2	0
GTF3AP5	0
GTF3AP6	0
GTF3C1	4.448043333
GTF3C2	4.76615195
GTF3C2-AS1	0.110791686
GTF3C3	3.837501549
GTF3C4	2.216263589
GTF3C5	10.25167742
GTF3C6	28.00590888
GTPBP1	6.096368874
GTPBP10	1.372383611
GTPBP2	11.80656925
GTPBP3	1.37266324
GTPBP4	5.831848366
GTPBP6	13.95161839
GTPBP8	2.857241118
GTSCR1	0.033339996
GTSE1	0.158840479
GTSE1-AS1	0.123871921
GTSF1	0.347665883
GTSF1L	0
GUCA1A	0.020080903
GUCA1B	0.647628668
GUCA1C	0
GUCA2A	1.900203975
GUCA2B	0.314970814
GUCD1	18.73871184
GUCY1A1	5.315665084
GUCY1A2	3.001598124
GUCY1B1	9.156144048
GUCY1B2	0.63296721
GUCY2C	0.146306469
GUCY2D	0.205569132
GUCY2EP	0.119502749
GUCY2F	0.012657349
GUCY2GP	0
GUF1	2.571760739
GUK1	66.48637252
GULOP	0.146642495
GULP1	2.582200621
GUSB	19.07695848
GUSBP1	0.805147344
GUSBP10	0
GUSBP11	0.212917866
GUSBP12	0
GUSBP2	0.249687752
GUSBP3	0.036272681
GUSBP4	0.559635643
GUSBP5	0.260516627
GUSBP6	0.01817842
GUSBP8	0
GUSBP9	0.45614138
GVINP1	1.136515332
GVINP2	0.014284228
GVQW2	0.141358017
GVQW3	0.074264445
GXYLT1	2.435015961
GXYLT1P1	0
GXYLT1P2	0
GXYLT1P3	0
GXYLT1P4	0.014264723
GXYLT1P5	0.019226746
GXYLT1P6	0
GXYLT2	0.93155603
GYG1	17.69156344
GYG1P1	0
GYG1P2	0
GYG1P3	0.015764384
GYG2	0.159018795
GYG2-AS1	0
GYG2P1	0.827400172
GYPA	0.004461788
GYPB	0.140087594
GYPC	21.75018229
GYPE	1.556032835
GYS1	6.200014279
GYS2	0.020012513
GZF1	3.278524457
GZMA	20.33217637
GZMAP1	0
GZMB	13.80408144
GZMH	20.90954117
GZMK	2.764671366
GZMM	9.965659888
H19	0.876399321
H1F0	28.7324197
H1FNT	0.132590598
H1FOO	0.012396992
H1FX	46.04237924
H1FX-AS1	1.076725886
H2AFB1	0
H2AFB2	0
H2AFB3	0
H2AFJ	18.96157618
H2AFV	25.01426376
H2AFVP1	0.476044496
H2AFX	10.54361872
H2AFY	10.1911134
H2AFY2	3.624630041
H2AFZ	64.0127918
H2AFZP1	0.198351873
H2AFZP2	0
H2AFZP3	0.121471302
H2AFZP4	0.124693353
H2AFZP5	0
H2AFZP6	0.079542122
H2BFM	0
H2BFS	0
H2BFS	0
H2BFWT	0
H3.Y	0
H3F3A	12.3525426
H3F3AP1	0
H3F3AP2	0.016096351
H3F3AP3	0
H3F3AP4	4.880131735
H3F3AP5	0.109579007
H3F3AP6	0.419386321
H3F3B	124.8832319
H3F3BP1	0.311062987
H3F3BP2	0
H3F3C	0.163072638
H6PD	6.499242468
HAAO	1.61526531
HABP2	1.225475041
HABP4	4.442866788
HACD1	6.738720349
HACD2	9.61682239
HACD3	14.0072141
HACD4	4.874553637
HACE1	1.697928966
HACL1	7.365574442
HADH	19.28590522
HADHA	42.44126342
HADHAP1	0.027442729
HADHAP2	0.068576796
HADHB	23.87447493
HAGH	11.08556253
HAGHL	0.442215158
HAGLR	7.539333852
HAGLROS	0.139784103
HAL	0.447621513
HAMP	0.166589215
HAND1	0.081143948
HAND2	0
HAND2-AS1	0
HAO1	0
HAO2	0
HAO2-IT1	0
HAP1	0.090649643
HAPLN1	0.099118906
HAPLN2	0.209769719
HAPLN3	4.646690949
HAPLN4	0
HAR1A	0.549525328
HAR1B	0.069954455
HARBI1	0.971268471
HARS	5.27713325
HARS2	6.531763845
HAS1	1.615226835
HAS2	7.947093255
HAS2-AS1	0.532214743
HAS3	6.630555476
HASPIN	0.089637743
HAT1	7.627199171
HAUS1	9.720341204
HAUS1P1	0.075335567
HAUS1P2	0
HAUS1P3	0
HAUS2	6.839904884
HAUS3	1.614208708
HAUS4	10.7139698
HAUS4P1	0
HAUS5	1.905076919
HAUS6	1.558682629
HAUS6P1	0
HAUS6P2	0
HAUS6P3	0
HAUS7	0.896432496
HAUS8	0.962901015
HAUS8P1	0
HAVCR1	0.058279119
HAVCR1P1	0.430325892
HAVCR2	9.198385626
HAX1	53.9535504
HBA1	10.84687813
HBA2	409.4466959
HBB	2141.671967
HBBP1	0
HBD	1.01809422
HBE1	0.118198907
HBEGF	69.87546103
HBG1	0
HBG2	0.181800423
HBM	0.256601496
HBP1	12.67203314
HBQ1	0.526224559
HBS1L	3.955921613
HBZ	0
HBZP1	0.036526336
HCAR1	0.032864509
HCAR2	11.25383347
HCAR3	0.58660919
HCCAT5	0.14522519
HCCS	10.76417815
HCFC1	4.016647464
HCFC1-AS1	0.089541703
HCFC1R1	30.36638453
HCFC2	4.391152605
HCFC2P1	0
HCG11	1.301644562
HCG14	0.189706998
HCG15	0.075919564
HCG17	0.082581281
HCG18	1.482765049
HCG19P	0
HCG20	0.125724127
HCG21	0.440308373
HCG22	0.007087199
HCG23	0.82202219
HCG23	0.013594388
HCG24	0
HCG25	0.421966904
HCG27	1.304707055
HCG4	0.706554018
HCG4B	0.964538524
HCG4P11	0.284617925
HCG4P3	0.928231006
HCG4P5	11.69317252
HCG4P7	2.619668793
HCG4P8	0
HCG9	0.246239683
HCG9P5	0.278574187
HCK	24.79699922
HCLS1	13.31609773
HCN1	0.02029391
HCN2	0.0505774
HCN3	0.448686281
HCN4	0.01300758
HCP5	18.02675932
HCRT	0.027157362
HCRTR1	0.085761209
HCRTR2	0.079785122
HCST	23.95204033
HDAC1	22.19789199
HDAC10	0.977977697
HDAC11	3.12446455
HDAC11-AS1	0.060853584
HDAC1P1	0.021688302
HDAC1P2	0
HDAC2	3.259431495
HDAC2-AS2	0.12632232
HDAC3	9.75175077
HDAC4	1.24369058
HDAC5	6.135863404
HDAC6	3.487026695
HDAC7	10.05720717
HDAC8	2.889838187
HDAC9	0.700284548
HDC	5.01465224
HDDC2	8.997891817
HDDC3	3.487522194
HDGF	44.89637716
HDGFL1	0
HDGFL2	4.968116926
HDGFL3	3.301137533
HDGFP1	0
HDHD2	5.343187921
HDHD3	6.104149337
HDHD5	5.469826164
HDHD5-AS1	0.223499496
HDLBP	19.36150053
HDX	0.494403932
HEATR1	1.825170415
HEATR3	4.836172415
HEATR4	0.260604861
HEATR5A	2.320714982
HEATR5B	5.453685483
HEATR6	1.738227386
HEATR9	0.085568863
HEBP1	17.72754021
HEBP2	5.789170251
HECA	7.025450935
HECTD1	6.812250318
HECTD2	1.351602492
HECTD3	5.280879332
HECTD4	2.000492475
HECW1	0.021319453
HECW1-IT1	0
HECW2	3.523605694
HEG1	12.34480106
HEIH	15.79310754
HELB	0.516798934
HELLPAR	0.002369441
HELLS	0.230074882
HELQ	3.342440078
HELT	0.202845281
HELZ	2.219979674
HELZ2	3.79991952
HEMGN	0.143999814
HEMK1	1.781960554
HENMT1	3.035781145
HEPACAM	0.0040924
HEPACAM2	0.050486663
HEPH	2.057583485
HEPHL1	0.067428504
HEPN1	0
HERC1	3.190379325
HERC2	1.619637582
HERC2P10	0.032740907
HERC2P11	0.021613514
HERC2P2	2.825738159
HERC2P3	1.185264652
HERC2P4	0.012958814
HERC2P5	0
HERC2P7	0
HERC2P8	0.005211973
HERC2P9	0.901343374
HERC3	3.838501593
HERC4	2.53730685
HERC5	2.600673565
HERC6	3.013318654
HERPUD1	29.0962767
HERPUD2	12.26164107
HES1	18.7779199
HES2	0.510058156
HES3	0
HES4	6.040861302
HES5	0.263962906
HES6	1.746217057
HES7	0.008388543
HESX1	0.326454125
HEXA	9.038308668
HEXA-AS1	0.052701114
HEXB	41.8201457
HEXDC	4.176852006
HEXDC-IT1	0.103716258
HEXIM1	11.06026575
HEXIM2	0.592038491
HEY1	4.654395444
HEY2	0.931841325
HEYL	10.33667363
HFE	3.708288759
HFE2	0.020184368
HFM1	0.161350245
HGC6.3	0.010181805
HGD	0.551568485
HGF	2.261438757
HGFAC	0.148607146
HGH1	3.018134511
HGS	4.275307134
HGSNAT	7.578203771
HHAT	0.927304715
HHATL	0.065042399
HHATL-AS1	0.011772951
HHEX	3.115342017
HHIP	5.115980097
HHIP-AS1	4.740189374
HHIPL1	0.139980329
HHIPL2	0.042878742
HHLA1	0
HHLA2	0.285141072
HHLA3	2.513322755
HIBADH	15.19761295
HIBCH	2.686070508
HIC1	1.687189646
HIC2	0.798792861
HID1	5.022630538
HID1-AS1	1.63427341
HIF1A	34.13831743
HIF1A-AS1	0.072100298
HIF1A-AS2	0.734981144
HIF1AN	2.609386433
HIF1AP1	0
HIF3A	4.584319112
HIGD1A	68.72258869
HIGD1AP1	0.056981084
HIGD1AP10	0
HIGD1AP11	0
HIGD1AP12	0
HIGD1AP13	0
HIGD1AP14	0.05556666
HIGD1AP15	0
HIGD1AP16	0
HIGD1AP17	0.05677463
HIGD1AP18	0.05636618
HIGD1AP2	0
HIGD1AP3	0
HIGD1AP4	0
HIGD1AP5	0
HIGD1AP6	0
HIGD1AP8	0
HIGD1AP9	0
HIGD1B	74.29049409
HIGD1C	0.042236652
HIGD2A	64.39161002
HIGD2B	0
HIKESHI	8.57464538
HILPDA	11.88482263
HILS1	0.0385639
HINFP	1.763569172
HINT1	162.1289895
HINT1P1	0.082908984
HINT1P2	0.066679991
HINT2	12.44424041
HINT2P1	0
HINT3	17.86848721
HIP1	6.624615817
HIP1R	4.408371781
HIPK1	9.869608758
HIPK1-AS1	0.091369085
HIPK2	3.716515522
HIPK3	21.77389121
HIPK4	0.115031144
HIRA	2.084932415
HIRAP1	0
HIRIP3	4.791426403
HIST1H1A	0.024181787
HIST1H1B	0
HIST1H1C	33.48748107
HIST1H1D	0
HIST1H1E	0
HIST1H1PS1	0.380334903
HIST1H1PS2	0
HIST1H1T	0
HIST1H2AA	0
HIST1H2AB	0.079744519
HIST1H2AC	20.84609218
HIST1H2AD	0.318978076
HIST1H2AE	0.358850336
HIST1H2AG	0.125358384
HIST1H2AH	0.040490434
HIST1H2AI	0
HIST1H2AJ	0
HIST1H2AK	0
HIST1H2AL	0
HIST1H2AM	0.119616779
HIST1H2APS1	0
HIST1H2APS2	0.042350805
HIST1H2APS3	0
HIST1H2APS4	0
HIST1H2APS5	0
HIST1H2APS6	0
HIST1H2BA	0
HIST1H2BB	0
HIST1H2BC	2.029182474
HIST1H2BD	2.050926488
HIST1H2BE	0
HIST1H2BF	0.082256157
HIST1H2BG	0.52482577
HIST1H2BH	0.32902463
HIST1H2BI	0
HIST1H2BJ	0.478341202
HIST1H2BK	28.50175856
HIST1H2BL	0.064220484
HIST1H2BM	0
HIST1H2BN	0.111579719
HIST1H2BO	0.082256157
HIST1H2BPS1	0
HIST1H2BPS2	0
HIST1H2BPS3	0.183809947
HIST1H3A	0.038126029
HIST1H3B	0
HIST1H3C	0
HIST1H3D	0.571890438
HIST1H3E	0.45751235
HIST1H3F	0
HIST1H3G	0.025997176
HIST1H3H	0.861395524
HIST1H3I	0
HIST1H3J	0
HIST1H3PS1	0.300619626
HIST1H4A	0
HIST1H4B	0
HIST1H4C	0.072045048
HIST1H4D	0.050223712
HIST1H4E	0
HIST1H4F	0
HIST1H4G	0
HIST1H4H	2.249819863
HIST1H4I	3.790298896
HIST1H4J	0.126030547
HIST1H4K	0.150671135
HIST1H4L	0
HIST1H4PS1	0
HIST2H2AA3	0
HIST2H2AA4	0
HIST2H2AB	0.03987226
HIST2H2AC	1.165190107
HIST2H2BA	0.20727246
HIST2H2BB	0.13818164
HIST2H2BC	0
HIST2H2BD	0.06356916
HIST2H2BE	3.397434078
HIST2H2BF	0.073544108
HIST2H3A	0
HIST2H3C	0.018924877
HIST2H3D	0.038126029
HIST2H3DP1	0.075335567
HIST2H3PS2	0
HIST2H4A	0.033411083
HIST2H4B	0.008123275
HIST3H2A	2.048454039
HIST3H2BA	0
HIST3H2BB	0.033142551
HIST3H3	0
HIST4H4	0.35861834
HIVEP1	2.609016371
HIVEP2	5.353126202
HIVEP3	1.204097948
HJURP	0.118928066
HK1	13.86362994
HK2	4.718511071
HK2P1	0
HK3	11.76901849
HKDC1	2.961772103
HKR1	3.591675203
HLA-A	527.3494157
HLA-B	672.3134113
HLA-C	677.7545014
HLA-DMA	109.4041303
HLA-DMB	46.20486515
HLA-DOA	19.82940289
HLA-DOB	4.039738019
HLA-DPA1	170.7566348
HLA-DPA2	0.021377623
HLA-DPA3	0
HLA-DPB1	279.6084843
HLA-DPB2	0.127317109
HLA-DQA1	42.78146668
HLA-DQA2	132.6483359
HLA-DQB1	54.40014495
HLA-DQB1-AS1	2.01549938
HLA-DQB2	43.30056605
HLA-DQB3	0
HLA-DRA	3401.313285
HLA-DRB1	1275.141828
HLA-DRB5	368.5511615
HLA-DRB6	162.783912
HLA-DRB9	2.42128074
HLA-E	758.6341764
HLA-F	33.71424525
HLA-F-AS1	1.357374222
HLA-G	2.648666933
HLA-H	31.63983847
HLA-J	4.085271692
HLA-K	3.777675505
HLA-L	0.819782347
HLA-N	0
HLA-P	0.020976972
HLA-S	1.182626264
HLA-T	0.10446532
HLA-U	0.421231129
HLA-V	0.968638166
HLA-W	0.304859883
HLA-Z	0
HLCS	1.714163477
HLCS-IT1	0
HLF	3.080793365
HLFP1	0
HLTF	3.667731602
HLTF-AS1	0
HLX	1.326118947
HLX-AS1	0.36182482
HM13	9.68550214
HM13-AS1	0.704980687
HM13-IT1	2.420895757
HMBOX1	2.576989691
HMBOX1-IT1	0
HMBS	4.172955388
HMCES	18.1190837
HMCN1	1.288737356
HMCN2	0.75798021
HMG20A	2.586752535
HMG20B	10.27860745
HMGA1	20.23538589
HMGA1P1	0
HMGA1P2	0.580362889
HMGA1P3	0.096727148
HMGA1P4	0.797564569
HMGA1P5	0.40475493
HMGA1P6	0
HMGA1P7	0
HMGA1P8	0.19526228
HMGA2	0.007121248
HMGB1	44.58070718
HMGB1P1	0.320294613
HMGB1P10	3.395586777
HMGB1P11	0.024599369
HMGB1P12	0
HMGB1P13	0.024407785
HMGB1P14	0.185598284
HMGB1P15	0
HMGB1P16	0
HMGB1P17	0
HMGB1P18	0
HMGB1P19	0
HMGB1P20	0.069437805
HMGB1P21	0.026970392
HMGB1P22	0
HMGB1P23	0
HMGB1P24	0.036568957
HMGB1P25	0
HMGB1P26	0.074855723
HMGB1P27	0.155918388
HMGB1P28	0.028387315
HMGB1P29	0
HMGB1P3	0.20350387
HMGB1P30	0
HMGB1P31	1.908265798
HMGB1P32	0
HMGB1P33	0
HMGB1P35	0
HMGB1P36	0
HMGB1P37	0.051460749
HMGB1P38	0
HMGB1P39	0.035613177
HMGB1P4	0.055272656
HMGB1P40	0.101313349
HMGB1P41	0.035613177
HMGB1P42	0
HMGB1P44	0
HMGB1P45	0
HMGB1P46	0
HMGB1P47	0
HMGB1P48	0
HMGB1P49	0.165235128
HMGB1P5	14.16064553
HMGB1P50	0.051630306
HMGB1P51	0
HMGB1P6	15.96087783
HMGB1P7	0
HMGB1P8	0.082559526
HMGB1P9	0.024256653
HMGB2	15.0147722
HMGB2P1	0.197726158
HMGB3	2.263371376
HMGB3P1	0
HMGB3P10	0.46571078
HMGB3P11	0
HMGB3P12	0
HMGB3P13	0
HMGB3P14	0.05231986
HMGB3P15	0
HMGB3P16	0.054598599
HMGB3P17	0
HMGB3P18	0
HMGB3P19	0
HMGB3P2	0
HMGB3P20	0
HMGB3P21	0
HMGB3P22	0.246918029
HMGB3P23	0
HMGB3P24	0.302311215
HMGB3P26	0.026924052
HMGB3P27	0
HMGB3P3	0
HMGB3P30	0
HMGB3P31	0
HMGB3P32	0.363114749
HMGB3P4	0
HMGB3P5	0
HMGB3P6	0
HMGB3P7	0.205169205
HMGB3P8	0
HMGB3P9	0.02687787
HMGB4	0
HMGCL	7.72411923
HMGCLL1	0.754109028
HMGCR	21.29731032
HMGCS1	41.05407092
HMGCS2	1.139732487
HMGN1	23.62140658
HMGN1P10	0
HMGN1P11	0.051715505
HMGN1P12	0
HMGN1P13	0
HMGN1P14	0.030309087
HMGN1P15	0
HMGN1P16	0.055370311
HMGN1P17	0.053117959
HMGN1P18	0
HMGN1P19	0
HMGN1P2	0.101095471
HMGN1P20	0
HMGN1P24	0.052583215
HMGN1P26	0
HMGN1P28	0
HMGN1P3	0
HMGN1P30	0.058469395
HMGN1P31	0
HMGN1P32	0
HMGN1P33	0
HMGN1P34	0
HMGN1P35	0.052760263
HMGN1P36	0.473248933
HMGN1P37	0.930879089
HMGN1P38	0.517155049
HMGN1P4	0.054033786
HMGN1P5	0
HMGN1P6	0
HMGN1P7	0.150189757
HMGN1P8	0.163227062
HMGN1P9	0
HMGN2	78.06794537
HMGN2P10	0.17739394
HMGN2P11	0
HMGN2P13	0.057189044
HMGN2P15	6.500064353
HMGN2P16	0
HMGN2P17	2.108990309
HMGN2P18	0.058036289
HMGN2P19	0.236525253
HMGN2P20	0.057398527
HMGN2P21	0.058036289
HMGN2P22	0
HMGN2P23	0
HMGN2P24	0
HMGN2P25	0
HMGN2P26	0
HMGN2P27	0
HMGN2P28	0.299041946
HMGN2P3	2.238542571
HMGN2P30	0.122420297
HMGN2P31	0
HMGN2P32	0
HMGN2P34	0
HMGN2P35	0.058036289
HMGN2P36	0
HMGN2P38	0
HMGN2P39	0
HMGN2P4	0.246768472
HMGN2P40	0.04007621
HMGN2P41	0.722636315
HMGN2P46	0.451184737
HMGN2P47	0.038690859
HMGN2P5	2.295941098
HMGN2P6	0.22959411
HMGN2P7	0.172195582
HMGN2P8	0
HMGN2P9	0
HMGN3	77.39087609
HMGN3-AS1	0.276588424
HMGN3P1	0.081190663
HMGN4	58.46040021
HMGN5	2.030069028
HMGXB3	6.517615164
HMGXB4	4.724942419
HMHB1	0.081613531
HMMR	0.386171343
HMMR-AS1	0.016373875
HMOX1	39.32109393
HMOX2	11.88558103
HMSD	0.933748237
HMX1	0
HMX2	0
HMX3	0
HNF1A	0.003116507
HNF1A-AS1	0.081211702
HNF1B	1.621647998
HNF4A	0.019289862
HNF4A-AS1	0
HNF4G	0.084772107
HNF4GP1	0
HNMT	18.55928766
HNRNPA0	14.35709775
HNRNPA1	75.3584061
HNRNPA1L2	1.144920478
HNRNPA1P1	0
HNRNPA1P10	0.228042798
HNRNPA1P11	0
HNRNPA1P12	0.163057211
HNRNPA1P13	0
HNRNPA1P14	0.117313996
HNRNPA1P15	0.016322706
HNRNPA1P16	0.705551114
HNRNPA1P17	0
HNRNPA1P18	0
HNRNPA1P19	0
HNRNPA1P2	0.016322706
HNRNPA1P20	0.016408165
HNRNPA1P21	0.211974375
HNRNPA1P22	0
HNRNPA1P23	0.01383036
HNRNPA1P24	0
HNRNPA1P25	0.01672337
HNRNPA1P26	0.014349632
HNRNPA1P27	0.639918452
HNRNPA1P28	0.032611442
HNRNPA1P29	0
HNRNPA1P3	0.028438835
HNRNPA1P30	0
HNRNPA1P31	0
HNRNPA1P32	0
HNRNPA1P33	0.167591422
HNRNPA1P34	0
HNRNPA1P35	0.130174854
HNRNPA1P36	0.016408165
HNRNPA1P37	0
HNRNPA1P38	0.294729743
HNRNPA1P39	0
HNRNPA1P4	0.145090722
HNRNPA1P40	0.012261188
HNRNPA1P41	0
HNRNPA1P42	0.032747749
HNRNPA1P43	0
HNRNPA1P44	0.017826846
HNRNPA1P45	0.014535991
HNRNPA1P46	0
HNRNPA1P47	0.016831147
HNRNPA1P48	1.638671686
HNRNPA1P49	0.554683115
HNRNPA1P5	0.016221323
HNRNPA1P50	0
HNRNPA1P51	0
HNRNPA1P52	0.049640332
HNRNPA1P53	0.033128537
HNRNPA1P54	0.012904919
HNRNPA1P55	0
HNRNPA1P56	0
HNRNPA1P57	0.012328716
HNRNPA1P58	0.025815153
HNRNPA1P59	0.153625471
HNRNPA1P6	0
HNRNPA1P60	0
HNRNPA1P61	0
HNRNPA1P62	0.016459872
HNRNPA1P63	0
HNRNPA1P64	0
HNRNPA1P65	0.016425365
HNRNPA1P66	0
HNRNPA1P67	0.033844056
HNRNPA1P68	0.048017767
HNRNPA1P69	0
HNRNPA1P7	0.016271857
HNRNPA1P70	0
HNRNPA1P71	0.032989048
HNRNPA1P72	0
HNRNPA1P73	0
HNRNPA1P74	0
HNRNPA1P76	0
HNRNPA1P8	0.049431539
HNRNPA1P9	0
HNRNPA2B1	63.63504757
HNRNPA3	34.24602794
HNRNPA3P1	0.013757505
HNRNPA3P10	0.013769594
HNRNPA3P11	0
HNRNPA3P12	0.265339947
HNRNPA3P13	0.013965952
HNRNPA3P14	0.027251823
HNRNPA3P15	0
HNRNPA3P16	0
HNRNPA3P2	0.071011169
HNRNPA3P3	0.055126818
HNRNPA3P4	0
HNRNPA3P5	0.112867693
HNRNPA3P6	0.358255819
HNRNPA3P7	0
HNRNPA3P8	0
HNRNPA3P9	0.064023689
HNRNPAB	39.15636704
HNRNPABP1	0.042696997
HNRNPC	51.91464748
HNRNPCL1	0
HNRNPCL2	0
HNRNPCL3	0
HNRNPCL4	0
HNRNPCP1	1.084202733
HNRNPCP10	0
HNRNPCP2	7.9860832
HNRNPCP3	0.089541703
HNRNPCP4	0
HNRNPCP6	0.017990583
HNRNPCP7	0.432867348
HNRNPCP8	0
HNRNPCP9	0
HNRNPD	15.44308984
HNRNPDL	42.80292885
HNRNPDLP1	0.028490542
HNRNPDLP2	0
HNRNPDLP3	0
HNRNPDLP4	0
HNRNPDP1	0
HNRNPDP2	0
HNRNPF	67.65036675
HNRNPFP1	0
HNRNPH1	35.83391885
HNRNPH1P1	0.198351873
HNRNPH1P2	0
HNRNPH1P3	0.012791672
HNRNPH2	38.14182499
HNRNPH3	25.10434043
HNRNPH3P1	0
HNRNPK	77.03755596
HNRNPKP1	0.238626365
HNRNPKP2	0.135278832
HNRNPKP3	0
HNRNPKP4	0.113057706
HNRNPKP5	0
HNRNPL	24.51435484
HNRNPLL	9.27012868
HNRNPLP1	0.010439572
HNRNPLP2	0.389249759
HNRNPM	19.54119269
HNRNPMP1	0.017726016
HNRNPMP2	0
HNRNPR	9.46581504
HNRNPRP1	0.018489437
HNRNPRP2	0
HNRNPU	32.26265195
HNRNPUL1	19.76506845
HNRNPUL2	6.264366627
HNRNPUL2-BSCL2	0.082245878
HNRNPUP1	0.04705645
HOGA1	0.317324742
HOMER1	4.338858593
HOMER2	0.762948966
HOMER2P1	0
HOMER2P2	0
HOMER3	2.953541703
HOMER3-AS1	0.098243248
HOMEZ	1.885812335
HOOK1	2.167987737
HOOK2	4.427047131
HOOK3	3.779247018
HOPX	135.2416952
HORMAD1	0.110763645
HORMAD2	0.073024301
HORMAD2-AS1	0.620693875
HOTAIR	0
HOTAIRM1	4.095515385
HOTTIP	0
HOXA1	0.148119398
HOXA10	0.06340625
HOXA10-AS	0.018947761
HOXA11	0.006792283
HOXA11-AS	0
HOXA13	0
HOXA2	0.605626855
HOXA3	0.618640422
HOXA4	1.749061596
HOXA5	3.947283619
HOXA6	0.256082302
HOXA7	0.155983058
HOXA9	0.093118641
HOXA-AS2	1.528109443
HOXA-AS3	0.076156216
HOXB1	0
HOXB13	0
HOXB2	1.59649483
HOXB3	1.387079758
HOXB4	1.368031339
HOXB5	2.433770683
HOXB6	1.745100391
HOXB7	2.820153435
HOXB8	0.084040847
HOXB9	0
HOXB-AS1	0.54276401
HOXB-AS2	0.296706234
HOXB-AS3	2.948838096
HOXB-AS4	0
HOXC10	0.067223501
HOXC11	0
HOXC12	0
HOXC13	0
HOXC13-AS	0
HOXC4	0.270268075
HOXC5	0.017362657
HOXC6	0.150500885
HOXC8	0.157610462
HOXC9	0.158657871
HOXC-AS1	0.07940776
HOXC-AS2	0
HOXC-AS3	0
HOXD1	1.444001638
HOXD10	0.046567007
HOXD11	0
HOXD12	0
HOXD13	0
HOXD3	0.03091561
HOXD4	0.064220484
HOXD8	0.548353524
HOXD9	0.15083228
HOXD-AS2	0.010965569
HP	1.664100657
HP1BP3	20.33999578
HPCA	0.078703154
HPCAL1	18.68969493
HPCAL4	0.65369774
HPD	0.259759196
HPDL	0.15390839
HPF1	17.83039688
HPGD	64.10758376
HPGDS	5.455851031
HPN	7.816354857
HPN-AS1	0.139411014
HPR	0.204388669
HPRT1	17.64782052
HPRT1P1	0
HPRT1P2	0
HPRT1P3	0
HPS1	10.54408026
HPS3	2.667572708
HPS4	2.004141294
HPS5	9.061347511
HPS6	6.288031434
HPSE	0.849707326
HPSE2	1.570169761
HPVC1	0
HPX	0.513551628
HPYR1	0
HR	0.256881934
HRAS	15.05281026
HRASLS	0.375324503
HRASLS2	1.077034633
HRASLS5	0.82952113
HRC	0.676981962
HRCT1	1.550485275
HRG	0.003096186
HRH1	3.882131706
HRH2	0.232145155
HRH3	0
HRH4	0.021360139
HRK	0.034298405
HRNR	0.009770216
HS1BP3	4.909028227
HS1BP3-IT1	0.62679192
HS2ST1	4.298700809
HS3ST1	0.496997022
HS3ST2	2.652737395
HS3ST3A1	0.065588957
HS3ST3B1	0.589770672
HS3ST4	0.004637407
HS3ST5	0.290181444
HS3ST6	0.061546732
HS6ST1	2.96130071
HS6ST1P1	0.012698378
HS6ST2	0.414863286
HS6ST2-AS1	0
HS6ST3	0.020074043
hsa-mir-1253	0
HSBP1	22.93630694
HSBP1L1	11.58467556
HSBP1P1	0
HSBP1P2	0.068427065
HSCB	10.49297691
HSD11B1	10.83318487
HSD11B1L	1.419764379
HSD11B2	1.79317808
HSD17B1	0.304644358
HSD17B10	48.03530901
HSD17B11	55.25936566
HSD17B12	15.03207366
HSD17B13	1.457807656
HSD17B14	12.55051736
HSD17B1P1	0.75477561
HSD17B2	0.126342874
HSD17B3	0.518261801
HSD17B3-AS1	0.043852047
HSD17B4	21.99787581
HSD17B6	45.41620589
HSD17B7	5.14473969
HSD17B7P1	0
HSD17B7P2	4.349253361
HSD17B8	25.8397779
HSD3B1	0.038484973
HSD3B2	0.013415923
HSD3B7	4.660116277
HSD3BP1	0
HSD3BP2	0
HSD3BP3	0.094586306
HSD3BP4	0.167890693
HSD3BP5	0.692128887
HSDL1	5.003070626
HSDL2	22.98085859
HSF1	12.66693676
HSF2	3.699974508
HSF2BP	0.106764871
HSF4	2.013146691
HSF5	0.038275032
HSFX1	0
HSFX2	0
HSFY1	0
HSFY1P1	0
HSFY2	0
HSFY3P	0.065784207
HSFY4P	0
HSFY5P	0
HSFY6P	0
HSFY7P	0
HSFY8P	0
HSH2D	3.417104271
HSP90AA1	212.2529078
HSP90AA2P	0.128440967
HSP90AA4P	0.028132492
HSP90AA5P	0.00714863
HSP90AA6P	0.01837022
HSP90AB1	197.1397304
HSP90AB2P	0.190845735
HSP90AB3P	0.122589308
HSP90AB6P	0
HSP90AB7P	0
HSP90B1	92.59821114
HSP90B2P	0.046010313
HSP90B3P	0.019999742
HSPA12A	0.723863929
HSPA12B	10.24429828
HSPA13	14.1678288
HSPA14	6.423381286
HSPA1A	36.89312891
HSPA1B	47.16478666
HSPA1L	0.739141415
HSPA2	3.509904553
HSPA4	13.56367503
HSPA4L	0.516438571
HSPA5	112.7479657
HSPA6	17.14359173
HSPA7	1.910950975
HSPA8	270.1836401
HSPA8P1	0.119682036
HSPA8P11	0.041279763
HSPA8P13	0
HSPA8P14	0.017362657
HSPA8P15	0.139552908
HSPA8P16	0
HSPA8P17	0
HSPA8P18	0
HSPA8P19	0
HSPA8P20	0
HSPA8P3	0.060268454
HSPA8P4	0.073452178
HSPA8P5	0.053015266
HSPA8P6	0
HSPA8P7	0.008044044
HSPA8P8	0.025772694
HSPA8P9	0.040323721
HSPA9	35.09625773
HSPA9P1	0.015445833
HSPB1	144.8065788
HSPB11	6.425779338
HSPB1P1	1.652674007
HSPB1P2	0.258293374
HSPB2	3.486089891
HSPB2-C11orf52	0
HSPB3	6.415822903
HSPB6	16.44327815
HSPB7	3.246172986
HSPB8	53.90739247
HSPB9	0.171210072
HSPBAP1	2.511666186
HSPBP1	10.26992319
HSPD1	43.11132409
HSPD1P1	0.081708101
HSPD1P10	0.028048564
HSPD1P11	0.064446878
HSPD1P12	0
HSPD1P14	0
HSPD1P15	0
HSPD1P16	0
HSPD1P18	0
HSPD1P2	0
HSPD1P21	0
HSPD1P3	0
HSPD1P4	0.119687059
HSPD1P5	0.009110348
HSPD1P6	0.100677913
HSPD1P7	0
HSPD1P8	0
HSPD1P9	0.009578116
HSPE1	38.02918097
HSPE1-MOB4	0.017606515
HSPE1P1	0
HSPE1P10	0
HSPE1P11	0.202190942
HSPE1P12	0
HSPE1P13	0
HSPE1P14	0
HSPE1P16	0
HSPE1P18	0.223854257
HSPE1P19	0
HSPE1P2	0.10241698
HSPE1P20	0
HSPE1P21	0.050875968
HSPE1P22	0
HSPE1P23	0
HSPE1P24	0
HSPE1P25	0
HSPE1P26	0.170943251
HSPE1P27	0
HSPE1P28	0
HSPE1P3	0.912803767
HSPE1P4	0.20350387
HSPE1P5	0.057609551
HSPE1P6	0.053848103
HSPE1P7	0
HSPE1P8	0.054409021
HSPE1P9	0
HSPG2	4.552100266
HSPH1	17.18635055
HTATIP2	17.82110383
HTATSF1	12.77668159
HTATSF1P1	0
HTATSF1P2	0
HTD2	0.073949023
HTN1	0
HTN3	0
HTR1A	0
HTR1B	0.286035995
HTR1D	0.127127109
HTR1DP1	0
HTR1E	0
HTR1F	0.29443251
HTR2A	0.039007321
HTR2A-AS1	0
HTR2B	0.327907616
HTR2C	0.003236224
HTR3A	0.016958656
HTR3B	0
HTR3C	1.246566134
HTR3D	0
HTR3E	0.00621078
HTR3E-AS1	0
HTR4	0.022242439
HTR5A	0
HTR5A-AS1	0
HTR5BP	0.02751501
HTR6	0.015796167
HTR7	0.115108705
HTR7P1	0.714039763
HTRA1	30.29740659
HTRA2	7.430230771
HTRA3	6.228284659
HTRA4	0.650726695
HTT	3.508589478
HTT-AS	0.060853584
HUNK	1.022107634
HUNK-AS1	0
HUS1	3.391308927
HUS1B	0.152876078
HUWE1	5.680076373
HVCN1	3.424581666
HYAL1	22.30394619
HYAL2	76.35621918
HYAL3	1.285292861
HYAL4	0.005723082
HYALP1	0
HYDIN	0.049537126
HYDIN2	0.028897244
HYI	4.529372267
HYI-AS1	0.287519229
HYKK	0.337722999
HYLS1	0.893476311
HYOU1	8.107806838
HYPK	0.512277144
HYPM	0
IAH1	7.208955814
IAPP	0
IARS	8.725204369
IARS2	13.48392701
IARS2P1	0
IBA57	2.310831351
IBA57-AS1	0.244458627
IBSP	0.040542815
IBTK	5.562221347
ICA1	4.860168382
ICA1L	0.612124587
ICAM1	283.1134199
ICAM2	18.8781686
ICAM3	0.9136289
ICAM4	0
ICAM5	5.183148748
ICE1	3.734171727
ICE2	2.445897888
ICE2P1	0
ICE2P2	0
ICK	2.215652856
ICMT	8.106168412
ICOS	4.206259575
ICOSLG	0.046371782
ID1	195.2561041
ID2	60.170603
ID2-AS1	0.296661224
ID3	97.94277744
ID4	15.61631745
IDE	3.355606801
IDH1	19.86854709
IDH1-AS1	0.645930604
IDH2	15.51944812
IDH2-DT	0
IDH3A	3.564236839
IDH3B	21.79853862
IDH3G	13.66853929
IDI1	79.90767425
IDI2	0.069182331
IDI2-AS1	0.135084465
IDNK	5.986312023
IDO1	8.663798155
IDO2	0.257402172
IDS	15.19086745
IDSP1	0.541774931
IDUA	2.366139497
IER2	32.99737084
IER3	50.74194911
IER3-AS1	0.624413203
IER3IP1	17.84356572
IER5	24.20437517
IER5L	1.329418494
IFFO1	3.894108938
IFFO2	2.177767659
IFI16	19.19209864
IFI27	111.3549426
IFI27L1	5.188151605
IFI27L2	26.59717217
IFI30	1.623191489
IFI35	32.8803668
IFI44	21.91311299
IFI44L	4.690227622
IFI6	201.479183
IFIH1	4.377715208
IFIT1	9.168173593
IFIT1B	0.01589229
IFIT1P1	0.021628431
IFIT2	4.868461171
IFIT3	27.99789285
IFIT5	12.89489728
IFIT6P	0
IFITM1	66.03078766
IFITM10	1.336387454
IFITM2	131.6750491
IFITM3	447.5424501
IFITM4P	1.790834056
IFITM5	0.23419535
IFITM8P	0
IFITM9P	0.118710591
IFNA1	0
IFNA10	0
IFNA11P	0
IFNA12P	0
IFNA13	0
IFNA14	0
IFNA16	0
IFNA17	0
IFNA2	0
IFNA20P	1.009040022
IFNA21	0.015302537
IFNA22P	0.054981747
IFNA4	0
IFNA5	0.047628565
IFNA6	0
IFNA7	0
IFNA8	0
IFNAR1	12.54130952
IFNAR2	5.824383086
IFNB1	0.018241907
IFNE	0.010623592
IFNG	0.385955616
IFNG-AS1	0.280212858
IFNGR1	156.5760834
IFNGR2	37.35341035
IFNK	0.027490874
IFNL1	0
IFNL2	0
IFNL3	0.040647984
IFNL3P1	0
IFNL4	0
IFNL4P1	0
IFNLR1	3.92142822
IFNNP1	0
IFNW1	0
IFNWP15	0
IFNWP18	0
IFNWP19	0
IFNWP2	0.216135145
IFNWP4	0
IFNWP5	0
IFNWP9	0
IFRD1	9.884380521
IFRD2	9.553004542
IFT122	2.045724977
IFT140	2.752957899
IFT172	1.820464569
IFT20	10.49347179
IFT22	4.334602882
IFT27	2.973915963
IFT43	7.688417184
IFT46	8.989385949
IFT52	13.16706865
IFT57	39.21610358
IFT74	2.691616433
IFT74-AS1	0.038690859
IFT80	3.465919082
IFT81	1.351114631
IFT88	3.023186358
IGBP1	28.07435344
IGBP1-AS1	0.520399195
IGBP1-AS2	0.122181661
IGBP1P1	0.046590083
IGBP1P3	0.015669798
IGBP1P4	0.035653693
IGBP1P5	0
IGDCC3	0.01975659
IGDCC4	0.062566169
IGF1	0.98432761
IGF1R	2.866242567
IGF2	1.636807958
IGF2-AS	0.010923526
IGF2BP1	0
IGF2BP2	3.137268954
IGF2BP2-AS1	0.041296686
IGF2BP3	0.114149627
IGF2R	6.117221791
IGFALS	1.226793326
IGFBP1	0.018959223
IGFBP2	13.85200939
IGFBP3	17.41469565
IGFBP4	290.6248943
IGFBP5	16.70845117
IGFBP6	14.59165708
IGFBP7	464.2157358
IGFBP7-AS1	0.108067572
IGFBPL1	0.31540307
IGFL1	0
IGFL1P1	0
IGFL1P2	0
IGFL2	0.032295544
IGFL2-AS1	0.008949057
IGFL3	0
IGFL4	0.008413314
IGFLR1	1.002923975
IGFN1	0.237969861
IGHA1	362.9277404
IGHA2	21.75629283
IGHD	6.174340779
IGHD1-1	0
IGHD1-14	0
IGHD1-20	0
IGHD1-26	0
IGHD1-7	0
IGHD1OR15-1A	0
IGHD1OR15-1B	0
IGHD2-15	0
IGHD2-2	0
IGHD2-21	0
IGHD2-8	0
IGHD3-10	0
IGHD3-16	0
IGHD3-22	0
IGHD3-3	0.505477355
IGHD3-9	0
IGHD4-11	0
IGHD4-17	0
IGHD4-23	0
IGHD4-4	0
IGHD4OR15-4A	0
IGHD4OR15-4B	0
IGHD5-12	0
IGHD5-18	0
IGHD5-24	0
IGHD5-5	0
IGHD5OR15-5A	0
IGHD5OR15-5B	0
IGHD6-13	0
IGHD6-19	0
IGHD6-25	0.870544333
IGHD6-6	0.870544333
IGHD7-27	0
IGHE	0.233049404
IGHEP1	0
IGHEP2	0.012475954
IGHG1	217.1020319
IGHG2	76.93704704
IGHG3	54.28000662
IGHG4	21.04710133
IGHGP	18.74256823
IGHJ1	0.301342269
IGHJ1P	0
IGHJ2	0.904026807
IGHJ2P	0
IGHJ3	3.837501549
IGHJ3P	2.193771719
IGHJ4	0
IGHJ5	0
IGHJ6	0
IGHM	36.85426063
IGHMBP2	1.890555674
IGHV1-12	0.229314117
IGHV1-14	0.260079635
IGHV1-17	0.046915563
IGHV1-18	11.04529663
IGHV1-2	33.59424318
IGHV1-24	4.498871443
IGHV1-3	0.515714871
IGHV1-45	0.190630146
IGHV1-46	3.85166027
IGHV1-58	1.021943347
IGHV1-67	0.043892992
IGHV1-68	0
IGHV1-69	4.525985343
IGHV1-69D	4.117611152
IGHV1OR15-1	0
IGHV1OR15-2	0.621465076
IGHV1OR15-3	0
IGHV1OR15-4	0
IGHV1OR15-6	0
IGHV1OR15-9	0.266342176
IGHV1OR16-1	0.079947949
IGHV1OR16-2	0
IGHV1OR16-3	0
IGHV1OR16-4	0
IGHV1OR21-1	0.355122901
IGHV2-26	1.398354677
IGHV2-5	0.538908397
IGHV2-70	4.289497775
IGHV2-70D	3.718869109
IGHV2OR16-5	0
IGHV3-11	8.67967669
IGHV3-13	0.728827814
IGHV3-15	19.47071009
IGHV3-16	0.184350565
IGHV3-19	0.215392412
IGHV3-20	1.623617623
IGHV3-21	8.636609592
IGHV3-22	0.480133086
IGHV3-23	39.31958571
IGHV3-25	0.312503094
IGHV3-29	0.046915563
IGHV3-30	16.50600531
IGHV3-30-2	0
IGHV3-32	0.048066865
IGHV3-33	5.453525984
IGHV3-33-2	0
IGHV3-35	0.770645803
IGHV3-36	0.039076803
IGHV3-37	0.41478877
IGHV3-38	0.183917817
IGHV3-41	0.135084465
IGHV3-42	0
IGHV3-43	1.769170741
IGHV3-47	0.093551033
IGHV3-48	1.487179902
IGHV3-49	9.442057765
IGHV3-50	0
IGHV3-52	0.221951813
IGHV3-53	15.47769889
IGHV3-54	0.088780725
IGHV3-57	0
IGHV3-6	0.045157919
IGHV3-60	0.663974491
IGHV3-62	0.138262923
IGHV3-63	0.367619894
IGHV3-64	1.064363637
IGHV3-65	0
IGHV3-66	15.04594187
IGHV3-7	1.129683111
IGHV3-71	0.17459385
IGHV3-72	1.531366622
IGHV3-73	4.051915728
IGHV3-74	3.977512608
IGHV3-75	0.087540771
IGHV3-76	0.053117959
IGHV3-79	0.13785746
IGHV3OR15-7	0.261890774
IGHV3OR16-10	0.268625108
IGHV3OR16-11	0.044899135
IGHV3OR16-12	0.044390363
IGHV3OR16-13	0.532684351
IGHV3OR16-15	1.097642855
IGHV3OR16-16	0
IGHV3OR16-6	0.13058165
IGHV3OR16-7	0
IGHV3OR16-8	0.179596539
IGHV3OR16-9	0.373090428
IGHV4-28	5.4199066
IGHV4-31	9.775317907
IGHV4-34	5.836999753
IGHV4-39	9.07004778
IGHV4-4	0.601239252
IGHV4-55	1.916143776
IGHV4-59	8.990348748
IGHV4-61	2.263034284
IGHV4OR15-8	0.088780725
IGHV5-51	24.95701973
IGHV5-78	0.478061634
IGHV6-1	0.528619691
IGHV7-27	0
IGHV7-34-1	0
IGHV7-40	0
IGHV7-56	0.044643299
IGHV7-81	0.077381718
IGHVII-1-1	0
IGHVII-15-1	0
IGHVII-22-1	0
IGHVII-26-2	0
IGHVII-28-1	0
IGHVII-30-1	0
IGHVII-33-1	0
IGHVII-40-1	0
IGHVII-44-2	0
IGHVII-46-1	0
IGHVII-49-1	0
IGHVII-51-2	0
IGHVII-53-1	0
IGHVII-60-1	0.183630445
IGHVII-62-1	0
IGHVII-65-1	0
IGHVII-67-1	0
IGHVII-74-1	0
IGHVII-78-1	0
IGHVIII-11-1	0.058688382
IGHVIII-13-1	0
IGHVIII-2-1	0
IGHVIII-22-2	0
IGHVIII-25-1	0
IGHVIII-26-1	0
IGHVIII-38-1	0
IGHVIII-47-1	0
IGHVIII-5-1	0
IGHVIII-51-1	0
IGHVIII-5-2	0.06003754
IGHVIII-67-2	0.178065886
IGHVIII-67-3	0
IGHVIII-67-4	0
IGHVIII-76-1	0
IGHVIII-82	0
IGHVIV-44-1	0
IGIP	4.286763708
IGJP1	0
IGKC	335.8596563
IGKJ1	0
IGKJ2	0
IGKJ3	0
IGKJ4	0
IGKJ5	2.061815525
IGKV1-12	1.929196235
IGKV1-13	0.090315839
IGKV1-16	9.451624187
IGKV1-17	18.94470287
IGKV1-22	0
IGKV1-27	23.42265616
IGKV1-32	0
IGKV1-33	0.372204228
IGKV1-35	0.054981747
IGKV1-37	0
IGKV1-39	0.472456221
IGKV1-5	67.8631853
IGKV1-6	9.773005591
IGKV1-8	1.674477094
IGKV1-9	35.09421751
IGKV1D-12	0.422366523
IGKV1D-13	0.083349989
IGKV1D-16	15.17234409
IGKV1D-17	0.35345409
IGKV1D-22	0
IGKV1D-27	0
IGKV1D-32	0
IGKV1D-33	0.752412012
IGKV1D-35	0
IGKV1D-37	0
IGKV1D-39	0.166699979
IGKV1D-42	0.168040729
IGKV1D-43	0.265090568
IGKV1D-8	0.939014112
IGKV1OR10-1	0.047628565
IGKV1OR1-1	0.045157919
IGKV1OR-2	0
IGKV1OR2-1	0.044264966
IGKV1OR2-108	1.908785591
IGKV1OR2-11	0.218394397
IGKV1OR2-118	0
IGKV1OR2-2	0.132420828
IGKV1OR22-1	0.348217733
IGKV1OR22-5	0.265589797
IGKV1OR2-3	0.163227062
IGKV1OR2-6	0.735405682
IGKV1OR2-9	0
IGKV1OR-3	0.09005631
IGKV1OR9-1	0.055175345
IGKV1OR9-2	0
IGKV2-10	0
IGKV2-14	0
IGKV2-18	0.045684542
IGKV2-19	0
IGKV2-23	0
IGKV2-24	4.540223521
IGKV2-26	0
IGKV2-28	0.281252785
IGKV2-29	0.336984903
IGKV2-30	3.977717952
IGKV2-36	0
IGKV2-38	0
IGKV2-4	0
IGKV2-40	0
IGKV2D-10	0
IGKV2D-14	0
IGKV2D-18	0
IGKV2D-19	0
IGKV2D-23	0
IGKV2D-24	0.281252785
IGKV2D-26	0.241073815
IGKV2D-28	0.038979597
IGKV2D-29	3.917449498
IGKV2D-30	0.277692623
IGKV2D-36	0
IGKV2D-38	0
IGKV2D-40	5.316538605
IGKV2OR2-1	0.463908493
IGKV2OR2-10	0
IGKV2OR2-2	0
IGKV2OR22-3	0.13058165
IGKV2OR22-4	0.256181984
IGKV2OR2-7	0
IGKV2OR2-7D	0.051545388
IGKV2OR2-8	0
IGKV3-11	43.63820238
IGKV3-15	12.33730702
IGKV3-20	116.8575185
IGKV3-25	0
IGKV3-31	0
IGKV3-34	0
IGKV3-7	1.056390876
IGKV3D-11	2.688124342
IGKV3D-15	0.751833742
IGKV3D-20	6.549623431
IGKV3D-25	0
IGKV3D-31	0
IGKV3D-34	0
IGKV3D-7	0.040806766
IGKV3OR22-2	0
IGKV3OR2-268	0.537250217
IGKV3OR2-5	0
IGKV4-1	99.29059732
IGKV5-2	0.768127353
IGKV6-21	1.157866847
IGKV6D-21	5.210495176
IGKV6D-41	0.042236652
IGKV7-3	0
IGLC1	0
IGLC2	722.4387387
IGLC3	194.1766093
IGLC4	0
IGLC5	0.053480539
IGLC6	0.939199249
IGLC7	10.87292106
IGLCOR22-1	0
IGLCOR22-2	0
IGLJ1	0
IGLJ2	0.537250217
IGLJ3	0.178065886
IGLJ4	0
IGLJ5	0
IGLJ6	0
IGLJ7	0
IGLJCOR18	0
IGLL1	0.086669237
IGLL3P	0.072211051
IGLL4P	0.23563606
IGLL5	6.598810563
IGLON5	0.012025939
IGLV10-54	1.717238136
IGLV10-67	0
IGLV11-55	0.073567127
IGLV1-36	5.502371815
IGLV1-40	33.30313333
IGLV1-41	0.463146739
IGLV1-44	36.20495082
IGLV1-47	39.23224608
IGLV1-50	0.348217733
IGLV1-51	40.78064928
IGLV1-62	0.035532422
IGLV2-11	19.31302603
IGLV2-14	53.36306829
IGLV2-18	17.80658863
IGLV2-23	46.19781082
IGLV2-28	0.257726941
IGLV2-33	0.152133961
IGLV2-34	0.387592177
IGLV2-5	0.113139336
IGLV2-8	12.57193006
IGLV3-1	107.1294481
IGLV3-10	25.73744023
IGLV3-12	0.39174495
IGLV3-13	0
IGLV3-15	0
IGLV3-16	0.919294816
IGLV3-17	0.064220484
IGLV3-19	971.1118311
IGLV3-2	0
IGLV3-21	195.7683567
IGLV3-22	0.498062039
IGLV3-24	0.079542122
IGLV3-25	35.7106449
IGLV3-26	0
IGLV3-27	17.41550493
IGLV3-29	0.256881934
IGLV3-30	0.052583215
IGLV3-31	0
IGLV3-32	0.040913311
IGLV3-4	1.990834991
IGLV3-6	0.062679192
IGLV3-7	0
IGLV3-9	4.826705673
IGLV4-3	0.077765747
IGLV4-60	0.173146939
IGLV4-69	10.882843
IGLV5-37	0
IGLV5-45	4.657521822
IGLV5-48	0.212327886
IGLV5-52	0.165380454
IGLV6-57	5.885606309
IGLV7-35	0
IGLV7-43	4.395683593
IGLV7-46	9.64608344
IGLV8-61	22.89910093
IGLV8OR8-1	0.044516472
IGLV9-49	3.179934556
IGLVI-20	0.120536908
IGLVI-38	0
IGLVI-42	0
IGLVI-56	0
IGLVI-63	0.204033828
IGLVI-68	0
IGLVI-70	0
IGLVIV-53	0
IGLVIV-59	0
IGLVIV-64	0.05205913
IGLVIV-65	0
IGLVIV-66-1	0
IGLVIVOR22-1	0
IGLVIVOR22-2	0
IGLVV-58	0
IGLVV-66	0
IGLVVI-22-1	0
IGLVVI-25-1	0
IGLVVII-41-1	0
IGSF1	0.018386387
IGSF10	0.844488133
IGSF11	0.04477999
IGSF11-AS1	0.009769201
IGSF21	0.177777287
IGSF21-AS1	0
IGSF22	0.210398031
IGSF23	0.151230419
IGSF3	4.203317435
IGSF5	0.005913131
IGSF6	22.723869
IGSF8	13.56598252
IGSF9	0.12057328
IGSF9B	0.242414744
IHH	2.331492435
IK	21.52541448
IKBIP	7.746443495
IKBKB	5.368654298
IKBKE	1.674035396
IKBKG	1.212200298
IKBKGP1	0.07301863
IKZF1	2.027592422
IKZF2	0.757885655
IKZF3	1.340262498
IKZF4	1.569741808
IKZF5	6.904365796
IL10	1.014021306
IL10RA	7.909084052
IL10RB	31.42579527
IL10RB-AS1	1.216730275
IL11	0.082132973
IL11RA	4.952991639
IL12A	0.54537042
IL12A-AS1	0.025486253
IL12B	0.289445743
IL12RB1	1.666146506
IL12RB2	0.158777205
IL13	0.488493876
IL13RA1	25.85946764
IL13RA2	0.501125151
IL15	1.658685996
IL15RA	9.188199733
IL16	2.557646869
IL17A	0
IL17B	0.207032839
IL17C	0.045452641
IL17D	1.1162435
IL17F	0
IL17RA	3.515126221
IL17RB	4.626665175
IL17RC	2.899257779
IL17RD	0.109808228
IL17RE	2.908764897
IL17REL	0.029677648
IL18	17.59572826
IL18BP	6.060583448
IL18R1	4.712098685
IL18RAP	2.47251027
IL19	0.006057131
IL1A	9.332530349
IL1B	14.34373628
IL1F10	0.019624043
IL1R1	29.33966695
IL1R2	0.958646932
IL1RAP	4.007607101
IL1RAPL1	0.017088111
IL1RAPL2	0
IL1RL1	9.60750058
IL1RL2	0.355592995
IL1RN	31.66203962
IL2	0.210050911
IL20	0.109998582
IL20RA	4.025117244
IL20RB	0.297808534
IL20RB-AS1	0
IL21	0
IL21-AS1	0.041808426
IL21R	0.728027929
IL21R-AS1	0.029961373
IL22	0.013302036
IL22RA1	0.308019617
IL22RA2	0.010817948
IL23A	0.607254177
IL23R	0.06763193
IL24	1.219377914
IL25	0
IL26	0.029153113
IL27	0.123384236
IL27RA	9.289724942
IL2RA	0.819013371
IL2RB	2.597185667
IL2RG	12.90487349
IL3	0
IL31	0.052001542
IL31RA	0.071911223
IL32	57.42988289
IL33	62.87187317
IL34	1.136814722
IL36A	0.017646169
IL36B	0.008384055
IL36G	0.011354926
IL36RN	0.004749863
IL37	0.242797824
IL3RA	19.99502879
IL4	0.019156232
IL4I1	0.776458972
IL4R	41.60179827
IL5	0.128360034
IL5RA	0.792986747
IL6	67.47328677
IL6R	15.60666228
IL6R-AS1	0.51756736
IL6RP1	0
IL6ST	38.8136107
IL6STP1	0
IL7	2.148129737
IL7R	38.54098005
IL9	0
IL9R	0.20025301
IL9RP2	0
IL9RP3	0.243377986
IL9RP4	0
ILDR1	1.660903072
ILDR2	0.209923828
ILF2	86.53080909
ILF2P1	0.026831846
ILF2P2	0
ILF3	18.07813022
ILF3-AS1	9.687933606
ILK	7.421115583
ILKAP	7.629624972
ILVBL	11.11257981
IMMP1L	4.161775361
IMMP1LP1	0.064220484
IMMP1LP2	0
IMMP1LP3	0
IMMP2L	3.514334642
IMMT	13.40935297
IMMTP1	0
IMP3	15.37045292
IMP3P1	0
IMP3P2	0
IMP4	9.099116059
IMPA1	7.371544755
IMPA1P1	0.689663576
IMPA2	12.13436383
IMPACT	7.041531835
IMPAD1	11.15704474
IMPDH1	8.857586523
IMPDH1P10	0.111781957
IMPDH1P11	0
IMPDH1P3	0
IMPDH1P4	0
IMPDH1P5	0.050875968
IMPDH1P6	0.010349933
IMPDH1P8	0.030825832
IMPDH2	26.84152199
IMPG1	0.222617493
IMPG2	0.022554585
INA	0.009699658
INAFM1	8.390521316
INAFM2	12.26676106
INAVA	0.660024745
INCA1	2.663764759
INCENP	0.707645695
INE1	2.404360539
INE2	0
INF2	11.43855617
ING1	2.766990003
ING2	6.340444209
ING3	3.573339052
ING4	13.59652794
ING5	3.011658736
INGX	0.012565997
INHA	0.125143852
INHBA	15.07063418
INHBA-AS1	0.127279142
INHBB	2.675212079
INHBC	0.015732729
INHBE	0.046775516
INIP	6.253039444
INMT	70.55586472
INMT-MINDY4	0.038086315
INO80	5.357310463
INO80-AS1	0.022008143
INO80B	1.41048773
INO80B-WBP1	0
INO80C	5.509852274
INO80D	1.632066207
INO80E	7.350053371
INPP1	16.64596332
INPP4A	2.210193696
INPP4B	1.179137629
INPP5A	8.727054252
INPP5B	3.583172173
INPP5D	4.144436838
INPP5E	3.624275611
INPP5F	2.43117785
INPP5J	0.874155052
INPP5K	13.9924675
INPPL1	9.571580858
INS	0.020193039
INSC	0.656899829
INSIG1	43.22717699
INSIG2	10.35793483
INS-IGF2	0
INSL3	0.135816234
INSL4	0
INSL5	0.065747404
INSL6	0.013891665
INSM1	0
INSM2	0.015602189
INSR	2.196560526
INSRR	0.006143814
INTS1	4.9575492
INTS10	9.795619826
INTS11	6.645366886
INTS12	5.850540436
INTS13	4.651751691
INTS14	9.111559499
INTS2	1.668401019
INTS3	5.618634745
INTS4	2.285716336
INTS4P1	0.024618693
INTS4P2	0.052477555
INTS5	6.148666549
INTS6	1.768526733
INTS6-AS1	0.147708414
INTS6L	1.563268129
INTS6L-AS1	0
INTS6P1	0.012387192
INTS7	3.605440246
INTS8	2.691316691
INTS9	3.229799342
INTS9-AS1	0.028594522
INTU	0.786123315
INVS	1.803490128
IP6K1	6.665690993
IP6K2	11.89723283
IP6K3	0.805145538
IPCEF1	0.5436536
IPMK	2.17430264
IPMKP1	0
IPO11	3.350094743
IPO13	3.705508005
IPO4	0.585231121
IPO5	13.0643761
IPO5P1	4.331312365
IPO7	18.73238377
IPO7P1	0.024638047
IPO7P2	0
IPO8	7.764762737
IPO8P1	0.020160564
IPO9	4.601646931
IPO9-AS1	0.098397476
IPP	2.444573074
IPPK	0.721914813
IPPKP1	0
IQANK1	0.902626952
IQCA1	0.928386358
IQCA1-AS1	0.032044577
IQCA1L	0.016634605
IQCB1	8.202360642
IQCB2P	0
IQCC	1.384861082
IQCD	0.560545619
IQCE	1.912936378
IQCF1	0
IQCF2	0
IQCF3	0
IQCF5	0
IQCF5-AS1	0
IQCF6	0
IQCG	1.540982275
IQCH	0.240293751
IQCH-AS1	1.031152779
IQCJ	0
IQCJ-SCHIP1-AS1	0.15881552
IQCK	0.997996347
IQCM	0.006176507
IQCN	6.45347809
IQGAP1	31.65471076
IQGAP2	2.045955406
IQGAP3	0.162694432
IQSEC1	8.073976124
IQSEC2	2.289023924
IQSEC3	1.115193794
IQSEC3P1	0
IQUB	0.146247903
IRAK1	11.58100292
IRAK1BP1	1.35671945
IRAK2	5.497701162
IRAK3	7.863093356
IRAK4	5.406066389
IREB2	3.602052398
IRF1	47.15405682
IRF2	10.31913526
IRF2BP1	4.15579666
IRF2BP2	22.01201937
IRF2BPL	6.826558616
IRF3	13.81122944
IRF4	1.538286375
IRF5	4.30874674
IRF5P1	0
IRF6	8.588898432
IRF7	9.695240311
IRF8	11.10121102
IRF9	2.193110895
IRGC	0.01765611
IRGM	0
IRGQ	1.725916549
IRS1	0.81552852
IRS2	4.016613248
IRS3P	0.10903438
IRS4	0
IRX1	1.27348735
IRX1P1	0
IRX2	8.756379434
IRX3	2.002461303
IRX4	0.005566536
IRX5	0.881254017
IRX6	1.134089528
ISCA1	15.12007065
ISCA1P1	0.20245217
ISCA1P2	0
ISCA1P3	0
ISCA1P4	0.467755164
ISCA1P6	0
ISCA2	5.59525946
ISCA2P1	0.069954455
ISCU	26.10809326
ISCUP1	0
ISG15	55.84236928
ISG20	8.74682463
ISG20L2	5.946899771
ISL1	0
ISL2	0.028221158
ISLR	9.93808978
ISLR2	0.097599135
ISM1	0.864165489
ISM1-AS1	0.09613373
ISM2	0.022759329
ISOC1	11.84119787
ISOC2	6.345415022
ISPD	0.610995452
ISPD-AS1	0.016958656
IST1	16.31216737
ISX	0
ISX-AS1	0
ISY1	4.73684776
ISY1-RAB43	0
ISYNA1	5.472977558
ITCH	8.495447037
ITCH-AS1	0
ITCH-IT1	0.150671135
ITFG1	6.50589039
ITFG1-AS1	0.125158131
ITFG2	3.710608165
ITFG2-AS1	0.411821235
ITGA1	7.648373878
ITGA10	2.92816953
ITGA11	0.291356701
ITGA2	2.218732459
ITGA2B	0.756531411
ITGA3	23.88357295
ITGA4	2.461235199
ITGA5	33.99293515
ITGA6	15.61463109
ITGA7	2.274370492
ITGA8	6.352845839
ITGA9	2.283167377
ITGA9-AS1	0.520677395
ITGAD	0.078153606
ITGAE	2.918814708
ITGAL	8.098806287
ITGAM	3.474186457
ITGAV	12.57438789
ITGAX	11.88193334
ITGB1	56.05517655
ITGB1BP1	9.592413028
ITGB1BP2	0.44852216
ITGB1-DT	0.065673923
ITGB1P1	0.746180857
ITGB2	27.2498179
ITGB2-AS1	1.510419413
ITGB3	0.773861212
ITGB3BP	3.556490147
ITGB4	2.825245342
ITGB5	11.38715738
ITGB5-AS1	0
ITGB6	42.87317862
ITGB7	0.66791596
ITGB8	1.19312133
ITGBL1	1.21571643
ITIH1	0.051726886
ITIH2	0.459239195
ITIH3	1.540250369
ITIH4	0.11475502
ITIH4-AS1	0.079340749
ITIH5	3.293999783
ITIH6	0.002850609
ITK	1.843077123
ITLN1	21.26992809
ITLN2	31.96217354
ITM2A	40.99665336
ITM2B	134.2706775
ITM2BP1	0.188792747
ITM2C	21.80328461
ITPA	18.30286883
ITPK1	7.799091556
ITPK1-AS1	0.019999742
ITPKA	0.127335835
ITPKB	5.830518924
ITPKB-AS1	0.087378056
ITPKB-IT1	0.126078834
ITPKC	117.5720914
ITPR1	5.764833011
ITPR1-AS1	0.273947517
ITPR2	2.031543222
ITPR3	10.81962242
ITPRIP	13.42615769
ITPRIPL1	0.293050822
ITPRIPL2	5.004225811
ITSN1	1.462648976
ITSN2	6.339868361
IVD	8.301419081
IVL	0.02911249
IVNS1ABP	18.49980818
IWS1	10.90602231
IYD	0.551966442
IZUMO1	0.85805336
IZUMO1R	0
IZUMO2	0.051852409
IZUMO3	0
IZUMO4	0.77500445
JADE1	4.756381886
JADE2	2.957224204
JADE3	2.431152229
JADRR	0
JAG1	6.799304192
JAG2	2.452003719
JAGN1	24.50202432
JAK1	21.05264771
JAK2	5.684831789
JAK3	1.64678928
JAKMIP1	0.106655309
JAKMIP2	0.73491775
JAKMIP2-AS1	0
JAKMIP3	0.096803431
JAM2	9.21224598
JAM3	10.10732155
JAML	8.00004593
JARID2	2.430577145
JARID2-AS1	0.137756466
JAZF1	4.15522504
JAZF1-AS1	0.042123113
JCAD	12.60006563
JCHAIN	1044.559927
JDP2	20.84950187
JHDM1D-AS1	3.219550932
JHY	1.496666603
JKAMP	10.60863335
JKAMPP1	0
JMJD1C	13.82292368
JMJD1C-AS1	0.492982409
JMJD4	2.545661273
JMJD6	8.117107622
JMJD7	0.135153001
JMJD7-PLA2G4B	0.924801103
JMJD8	10.36103506
JMY	1.930563478
JOSD1	25.12383701
JOSD2	8.828492529
JPH1	3.174762636
JPH2	1.336797507
JPH3	0.015825415
JPH4	0.856273114
JPT1	17.62508034
JPT2	11.77535365
JPX	3.794448486
JRK	0.902872856
JRKL	1.986060982
JRKL-AS1	0
JSRP1	0.474111837
JTB	120.0687797
JTBP1	0.126880955
JUN	48.62063875
JUNB	206.1697707
JUND	176.5901282
JUP	23.52372143
KAAG1	0.03401548
KALRN	0.515714871
KANK1	3.600316368
KANK1P1	0
KANK2	24.19402039
KANK3	10.58169163
KANK4	0.610545641
KANSL1	2.261365161
KANSL1-AS1	1.444960881
KANSL1L	3.134699788
KANSL2	12.24521131
KANSL3	7.524631782
KANTR	0.23268686
KARS	21.59078439
KARSP1	0
KARSP2	0.009560584
KARSP3	0
KAT14	1.758290671
KAT2A	7.974176851
KAT2B	9.047542221
KAT5	8.725037575
KAT6A	4.583799329
KAT6B	1.803196157
KAT7	1.665807958
KAT8	9.541439064
KATNA1	10.61852862
KATNAL1	1.330144481
KATNAL2	0.517630793
KATNB1	3.030882295
KATNBL1	5.356151715
KATNBL1P1	0
KATNBL1P2	0.018766225
KATNBL1P3	0
KATNBL1P4	0
KATNBL1P5	0
KATNBL1P6	0.032066435
KAZALD1	0.858737892
KAZN	1.684218244
KAZN-AS1	0
KBTBD11	0.60016961
KBTBD11-OT1	0.09613373
KBTBD12	0.129279873
KBTBD13	0
KBTBD2	17.65248148
KBTBD3	1.684588508
KBTBD4	3.241208973
KBTBD6	1.755211054
KBTBD7	1.453113925
KBTBD8	2.167170119
KC877373.1	0.038406368
KC877392.1	0.33105207
KC877982.1	0
KCMF1	6.507449995
KCNA1	0.007496614
KCNA10	0.078941048
KCNA2	0.058585985
KCNA3	5.239531521
KCNA4	0.145678694
KCNA5	1.622943364
KCNA6	0
KCNA7	0.007168252
KCNAB1	1.955294408
KCNAB1-AS1	0
KCNAB1-AS2	0
KCNAB2	5.030968288
KCNAB3	0.437933219
KCNB1	0.063472599
KCNB2	0.017498379
KCNC1	0
KCNC2	0
KCNC3	1.387989117
KCNC4	0.472217636
KCNC4-AS1	0.251387134
KCND1	0.364288398
KCND2	0.093087909
KCND3	0.751305334
KCND3-AS1	0
KCND3-IT1	0
KCNE1	0.501938217
KCNE1B	0.103062524
KCNE2	0.119275342
KCNE3	4.027184962
KCNE4	1.01450923
KCNE5	0.191484293
KCNF1	0.102685439
KCNG1	0.011528268
KCNG2	0.028991301
KCNG3	0.168007771
KCNG4	0.004782481
KCNH1	0.003866222
KCNH1-IT1	0.025031626
KCNH2	0.399943798
KCNH3	0.146961763
KCNH4	0.043926549
KCNH5	0.005087597
KCNH6	0.085586643
KCNH7	0.02205239
KCNH8	0.076462905
KCNIP1	0.511298591
KCNIP2	0.518520942
KCNIP2-AS1	0.31339596
KCNIP3	0.248884974
KCNIP4	0.359572659
KCNIP4-IT1	0
KCNJ1	0.060827337
KCNJ10	0.044407136
KCNJ11	0.405927975
KCNJ12	0.228756175
KCNJ13	0.010527241
KCNJ14	0.393550226
KCNJ15	12.80902895
KCNJ16	0.079090463
KCNJ18	0
KCNJ2	1.430146527
KCNJ2-AS1	0.282338703
KCNJ3	0.052572837
KCNJ4	0
KCNJ5	2.162324392
KCNJ6	0.003190593
KCNJ6-AS1	0
KCNJ8	16.28170234
KCNJ9	0.003757745
KCNK1	6.368150605
KCNK10	0.001897529
KCNK12	0.021096213
KCNK13	0.285809162
KCNK15	0.217049914
KCNK15-AS1	0.127812382
KCNK16	0
KCNK17	1.71704048
KCNK18	0
KCNK2	0.020038105
KCNK3	5.781432781
KCNK4	0
KCNK5	3.174844588
KCNK6	2.664551482
KCNK7	0.922342556
KCNK9	0.007044189
KCNMA1	0.65209415
KCNMA1-AS1	0.004438408
KCNMA1-AS2	0
KCNMA1-AS3	0.044706984
KCNMB1	1.466707527
KCNMB2	0.066359958
KCNMB2-AS1	0.009266587
KCNMB3	0.139612857
KCNMB3P1	0.004623723
KCNMB4	3.173182318
KCNN1	0.007872292
KCNN2	0.372623482
KCNN3	0.646474237
KCNN4	1.062439937
KCNQ1	7.509349177
KCNQ1-AS1	0.0433666
KCNQ1DN	0.028673006
KCNQ1OT1	0.076411355
KCNQ2	0.006899955
KCNQ3	0.457109029
KCNQ4	0.531941505
KCNQ5	0.109709286
KCNQ5-AS1	0
KCNQ5-IT1	0
KCNRG	0.318217436
KCNS1	0.214087148
KCNS2	0.084970857
KCNS3	11.33570503
KCNT1	0.084694344
KCNT2	2.51378872
KCNU1	0.003948047
KCNV1	0
KCNV2	0.014336503
KCP	0.104351482
KCTD1	0.463115487
KCTD10	10.61702279
KCTD10P1	0
KCTD11	4.881429218
KCTD12	28.97087632
KCTD13	1.90190924
KCTD14	1.589017265
KCTD15	3.819329286
KCTD16	0.272966259
KCTD17	3.740278416
KCTD18	3.739709674
KCTD19	0.154936375
KCTD2	6.470952761
KCTD20	18.72388909
KCTD21	1.821369411
KCTD21-AS1	0.286992637
KCTD3	8.589935926
KCTD4	0
KCTD5	5.869301529
KCTD6	3.31476496
KCTD7	1.584296529
KCTD8	0
KCTD9	11.31171363
KCTD9P1	0
KCTD9P2	0
KCTD9P3	0.013404447
KCTD9P4	0.120950413
KCTD9P5	0
KCTD9P6	0
KDELC1	1.774189211
KDELC1P1	0.020768453
KDELC2	6.923207365
KDELR1	51.24880179
KDELR2	48.51746477
KDELR3	7.213468439
KDF1	5.165003131
KDM1A	7.761379245
KDM1B	2.994142032
KDM2A	10.34840706
KDM2B	1.622996768
KDM3A	3.164778541
KDM3B	7.2197989
KDM4A	4.229512374
KDM4A-AS1	0.275905299
KDM4B	1.645137123
KDM4C	1.508840973
KDM4D	0.099975205
KDM4E	0.013398716
KDM4F	0
KDM5A	3.094869239
KDM5B	2.68636216
KDM5C	5.894803118
KDM5C-IT1	0.020754699
KDM5D	4.922995819
KDM5DP1	0
KDM6A	3.110254063
KDM6B	25.87956304
KDM7A	3.079123614
KDM8	0.977665039
KDR	10.78785102
KDSR	8.065213138
KEAP1	11.42841157
KEL	0.039943406
KERA	0.043486951
KF455155.1	0
KF456478.1	0
KF459542.1	0
KHDC1	0.406946993
KHDC1L	0.0328852
KHDC1P1	0
KHDC3L	0.030785458
KHDC4	5.325228599
KHDRBS1	33.2961371
KHDRBS2	4.817858131
KHDRBS3	2.142475561
KHK	1.802538854
KHNYN	5.929693988
KHSRP	13.76387253
KHSRPP1	0.008863008
KIAA0040	24.50228292
KIAA0087	0.06585486
KIAA0100	9.534227929
KIAA0141	12.39953422
KIAA0232	6.827304621
KIAA0319	0.18352803
KIAA0319L	6.805597176
KIAA0355	5.859105323
KIAA0391	0.825907428
KIAA0408	0.104046245
KIAA0513	2.085287138
KIAA0556	1.656027302
KIAA0586	1.158617232
KIAA0753	2.022471149
KIAA0825	0.31595368
KIAA0895	1.851588794
KIAA0895L	3.756817678
KIAA0930	3.179628638
KIAA1024	0.057609551
KIAA1024L	0
KIAA1107	0.780738399
KIAA1109	2.909667913
KIAA1143	4.007582868
KIAA1147	7.713477234
KIAA1191	31.40270114
KIAA1210	0.02002786
KIAA1211	0.091694216
KIAA1211L	6.394476546
KIAA1217	6.242586961
KIAA1257	0.150458949
KIAA1324	0.721147693
KIAA1324L	7.339605936
KIAA1328	1.101265573
KIAA1468	3.036153172
KIAA1522	7.024482789
KIAA1549	0.625430096
KIAA1549L	0.057244756
KIAA1551	4.699053175
KIAA1586	2.424307763
KIAA1614	0.536415841
KIAA1614-AS1	0.076172629
KIAA1671	1.886161043
KIAA1755	0.275282855
KIAA1841	1.350912264
KIAA1958	0.653356163
KIAA2012	0.024702782
KIAA2013	10.94641177
KIAA2026	2.849413456
KIDINS220	6.94974347
KIF11	0.35466621
KIF12	0.62679192
KIF13A	5.864428306
KIF13B	2.2703721
KIF14	0.027993318
KIF15	0.166037595
KIF16B	3.847584157
KIF17	2.068273113
KIF18A	0.939919331
KIF18B	0.043760983
KIF18BP1	0
KIF19	0.236158303
KIF1A	0.020289453
KIF1B	2.587868069
KIF1BP	7.670709889
KIF1C	28.71152614
KIF20A	0.24941821
KIF20B	0.555796367
KIF21A	1.123255245
KIF21B	0.902786716
KIF22	6.359495939
KIF23	0.334184182
KIF24	0.201346585
KIF25	0.184877845
KIF25-AS1	0.005074416
KIF26A	1.032128494
KIF26B	0.124026729
KIF26B-AS1	0.038690859
KIF27	1.063960992
KIF28P	0.058019759
KIF2A	2.353423788
KIF2B	0
KIF2C	0.171912211
KIF3A	2.003267178
KIF3AP1	0.076938452
KIF3B	7.44591417
KIF3C	0.506582568
KIF4A	0.120988954
KIF4B	0
KIF4CP	0
KIF5A	0.020022103
KIF5B	30.50771289
KIF5C	0.154742444
KIF6	0.130713684
KIF7	0.498199936
KIF9	1.641980542
KIF9-AS1	0.259137125
KIFAP3	6.893703818
KIFC1	0.693312437
KIFC2	1.384805624
KIFC3	6.375649059
KIN	2.259802838
KIR2DL1	0.365066978
KIR2DL3	0.134609745
KIR2DL4	0.336300769
KIR2DP1	0.011772951
KIR2DS4	0.448265365
KIR3DL1	0.275682583
KIR3DL2	0.033393283
KIR3DL3	0
KIR3DP1	0
KIR3DX1	0.055035388
KIRREL1	3.378003963
KIRREL1-IT1	0.080084146
KIRREL2	0.01389988
KIRREL3	0.064113433
KIRREL3-AS1	0.02674027
KIRREL3-AS2	0
KIRREL3-AS3	0
KISS1	0.751443063
KISS1R	0
KIT	5.982860136
KITLG	11.34244318
KIZ	2.524862784
KIZ-AS1	0.031621313
KL	3.458760791
KLB	2.72585437
KLC1	2.916465961
KLC2	3.080192086
KLC3	0.261592139
KLC4	5.012578271
KLF1	0.029528514
KLF10	77.33121643
KLF11	6.460505078
KLF12	1.000380251
KLF13	8.976534295
KLF14	0.027714535
KLF15	2.795034193
KLF16	5.875511397
KLF17	0.35033084
KLF17P1	0.013916339
KLF2	49.82809402
KLF2P1	0
KLF2P2	0.015081615
KLF2P3	0
KLF2P4	0
KLF3	10.05086773
KLF3-AS1	0.486639689
KLF3P1	0
KLF3P2	0
KLF4	59.67713447
KLF4P1	0
KLF5	24.36808555
KLF6	118.6350987
KLF7	3.591770799
KLF7-IT1	0.33492698
KLF7P1	0
KLF8	1.377316538
KLF8P1	0
KLF9	31.53944269
KLHDC1	2.210244295
KLHDC10	4.597767669
KLHDC2	5.584412733
KLHDC3	34.67689819
KLHDC4	1.71881295
KLHDC7A	0.31674616
KLHDC7B	0.31957796
KLHDC8A	0.064378792
KLHDC8B	7.399223427
KLHDC9	2.250255875
KLHL1	0
KLHL10	0.092564208
KLHL11	0.72989827
KLHL12	8.342226353
KLHL13	0.363526747
KLHL14	0.144393171
KLHL15	2.428418949
KLHL17	1.033883579
KLHL18	3.180986739
KLHL2	11.38812282
KLHL20	3.970860893
KLHL21	3.662568347
KLHL22	3.797716862
KLHL23	4.772902711
KLHL24	4.097697464
KLHL25	1.690922931
KLHL26	1.293566814
KLHL28	1.657009347
KLHL29	1.299329289
KLHL2P1	0.150381939
KLHL3	0.761414176
KLHL30	0.302798029
KLHL30-AS1	0.055495099
KLHL31	0.180081259
KLHL32	0.151986401
KLHL33	0.058877395
KLHL34	0
KLHL35	0.43518582
KLHL36	4.512023875
KLHL38	0.015812107
KLHL4	0.371679636
KLHL40	0
KLHL41	0.322965302
KLHL42	3.634768152
KLHL5	7.088573082
KLHL6	2.028188343
KLHL6-AS1	0.06230536
KLHL7	4.193544864
KLHL7-AS1	0.073337588
KLHL8	3.017192543
KLHL9	9.012192051
KLK1	0.171326639
KLK10	2.549951555
KLK11	8.813946767
KLK12	0.026573993
KLK13	0.078075725
KLK14	0.392082952
KLK15	0
KLK2	0.00735211
KLK3	0.006755679
KLK4	0.040490434
KLK5	1.772687371
KLK6	0
KLK7	1.648097077
KLK8	0.033608146
KLK9	0
KLKB1	0.334303174
KLKP1	0.024586503
KLLN	0.13922196
KLRA1P	1.626291611
KLRB1	9.079392622
KLRC1	0.900229314
KLRC2	0.386779537
KLRC3	0.095547549
KLRC4	0.168492452
KLRC4-KLRK1	0.102772595
KLRD1	0.943573219
KLRF1	4.663630355
KLRF2	0
KLRG1	1.152013632
KLRG2	1.32661922
KLRK1	0.470611095
KMO	6.475057799
KMT2A	2.226208722
KMT2B	3.620563307
KMT2C	3.056989526
KMT2D	3.429203204
KMT2E	10.74296776
KMT2E-AS1	5.258750142
KMT5A	4.551393608
KMT5B	4.5401025
KMT5C	1.693322673
KNCN	0
KNDC1	1.381532597
KNG1	0.004189786
KNL1	0.099369451
KNOP1	0.749065205
KNOP1P1	0
KNOP1P2	0
KNOP1P3	0
KNOP1P4	0
KNOP1P5	0
KNSTRN	2.731708079
KNTC1	0.691823311
KPNA1	5.225120192
KPNA2	10.44486854
KPNA2P1	0
KPNA2P2	0
KPNA2P3	0
KPNA3	17.27390338
KPNA4	13.66883154
KPNA5	2.947253222
KPNA6	5.698108361
KPNA7	1.180912313
KPNB1	14.29017004
KPRP	0
KPTN	3.814164578
KRAS	7.815585359
KRASP1	0
KRBA1	0.983582973
KRBA2	0.157034482
KRBOX1	0.372710112
KRBOX1-AS1	0
KRBOX4	4.662905908
KRCC1	35.68387541
KREMEN1	0
KREMEN2	0.011989134
KRI1	5.031081146
KRIT1	4.665073645
KRR1	3.118215453
KRR1P1	0.409795464
KRT1	0.283416764
KRT10	9.871087437
KRT12	0.008393036
KRT125P	0
KRT126P	0
KRT127P	0
KRT128P	0
KRT13	0.451858233
KRT14	0.054957643
KRT15	0.999728235
KRT16	0.018993695
KRT16P1	0.765990968
KRT16P2	11.59565052
KRT16P3	0.426570426
KRT16P4	0
KRT16P5	0
KRT16P6	0.0246639
KRT17	4.014729482
KRT17P1	0.006564641
KRT17P2	0
KRT17P3	0
KRT17P4	0.005286706
KRT17P5	0.005242488
KRT17P6	0
KRT17P7	0
KRT17P8	0.108944134
KRT18	108.7828736
KRT18P1	0.023545902
KRT18P10	0.109579007
KRT18P11	0.085493832
KRT18P12	0.036928039
KRT18P13	0.036441391
KRT18P14	0
KRT18P15	0.048550885
KRT18P16	0.024219162
KRT18P17	0.073509607
KRT18P18	0
KRT18P19	0
KRT18P2	0
KRT18P20	0
KRT18P21	0
KRT18P22	0.011633109
KRT18P23	0
KRT18P24	0
KRT18P25	0.024522376
KRT18P26	0
KRT18P27	0.02412594
KRT18P28	0.04705645
KRT18P29	0.012367639
KRT18P3	0.012165992
KRT18P31	0.024256653
KRT18P32	0.012175445
KRT18P33	0.045071327
KRT18P34	0.209753201
KRT18P35	0.012348147
KRT18P36	0
KRT18P37	0.012222931
KRT18P38	0
KRT18P39	0.03618891
KRT18P4	0.316315798
KRT18P40	0.01994882
KRT18P41	0
KRT18P42	0.012485895
KRT18P43	0
KRT18P44	0.012194395
KRT18P45	0
KRT18P46	0
KRT18P47	0
KRT18P48	0.036783563
KRT18P49	0.018833892
KRT18P5	0.218478981
KRT18P50	0
KRT18P51	0
KRT18P52	0.01852222
KRT18P53	0
KRT18P54	0
KRT18P55	0
KRT18P56	0
KRT18P57	0.112462665
KRT18P58	0
KRT18P59	0.009388735
KRT18P6	0.012387192
KRT18P60	0
KRT18P61	0.03621679
KRT18P62	0
KRT18P63	0
KRT18P64	0
KRT18P65	0
KRT18P66	0
KRT18P67	0
KRT18P68	0
KRT18P7	0.089982433
KRT18P8	0.100608655
KRT18P9	0
KRT19	137.2985554
KRT19P1	0.09248616
KRT19P2	0.03096798
KRT19P3	0
KRT19P4	0
KRT19P6	0
KRT2	0.012426485
KRT20	0
KRT222	0.138451986
KRT223P	0.110285968
KRT23	0.048596892
KRT24	0.058313974
KRT25	0
KRT26	0
KRT27	0.465787602
KRT28	0
KRT3	0
KRT31	0
KRT32	0
KRT33A	0
KRT33B	0
KRT34	0
KRT35	0
KRT36	0.008402036
KRT37	0
KRT38	0
KRT39	0.024281712
KRT4	11.32180755
KRT40	0.077468664
KRT41P	0
KRT42P	0.022274055
KRT43P	0
KRT5	0.36509315
KRT6A	0.05351707
KRT6B	0
KRT6C	0
KRT7	125.2435308
KRT71	0.027672932
KRT72	0.181868593
KRT73	0.035452032
KRT73-AS1	0.007655006
KRT74	0
KRT75	0.013485196
KRT76	0.006196045
KRT77	0
KRT78	0.01442006
KRT79	0.82602397
KRT7-AS	9.561075799
KRT8	85.33175966
KRT80	2.312646049
KRT81	0.073109477
KRT82	0
KRT83	0
KRT84	0
KRT85	0.023103278
KRT86	0.484363012
KRT87P	1.93889514
KRT89P	0.011711359
KRT8P1	0.012982434
KRT8P10	0.010829162
KRT8P11	0.021824231
KRT8P12	1.837201523
KRT8P13	0.031029303
KRT8P14	0
KRT8P15	0
KRT8P17	0
KRT8P18	0.010844151
KRT8P19	0.010769621
KRT8P2	0
KRT8P20	0.022242439
KRT8P21	0.01050959
KRT8P22	0
KRT8P23	0.038947302
KRT8P24	0.030153556
KRT8P25	0.010762224
KRT8P26	0.12280406
KRT8P27	0
KRT8P28	0.011273236
KRT8P29	0.045717864
KRT8P3	0.69210978
KRT8P30	0
KRT8P31	0.011129118
KRT8P32	0.053626961
KRT8P33	0.231247897
KRT8P34	0
KRT8P35	0.011711359
KRT8P36	0.087054433
KRT8P37	0.011035069
KRT8P38	0
KRT8P39	0.043739841
KRT8P4	0
KRT8P40	0
KRT8P41	0
KRT8P42	0.078404994
KRT8P43	0.010747461
KRT8P44	0
KRT8P45	0.27072906
KRT8P46	0.263727315
KRT8P47	0.011208725
KRT8P48	0.064220484
KRT8P49	0
KRT8P5	0.010747461
KRT8P50	0
KRT8P51	0.171567131
KRT8P6	0
KRT8P7	0.021885193
KRT8P8	0
KRT8P9	0.021628431
KRT9	0
KRT90P	0
KRTAP10-1	0
KRTAP10-10	0
KRTAP10-11	0
KRTAP10-12	0
KRTAP10-13P	0
KRTAP10-2	0.01363777
KRTAP10-3	0
KRTAP10-4	0
KRTAP10-5	0
KRTAP10-6	0
KRTAP10-7	0
KRTAP10-8	0
KRTAP10-9	0
KRTAP1-1	0.017353043
KRTAP11-1	0
KRTAP12-1	0
KRTAP12-2	0
KRTAP12-3	0
KRTAP12-4	0
KRTAP1-3	0
KRTAP13-1	0
KRTAP13-2	0
KRTAP13-3	0
KRTAP13-4	0
KRTAP13-5P	0
KRTAP13-6P	0
KRTAP1-4	0
KRTAP1-5	0
KRTAP15-1	0
KRTAP16-1	0
KRTAP17-1	0
KRTAP19-1	0
KRTAP19-10P	0
KRTAP19-11P	0
KRTAP19-2	0
KRTAP19-3	0
KRTAP19-4	0
KRTAP19-5	0
KRTAP19-6	0
KRTAP19-7	0
KRTAP19-8	0
KRTAP19-9P	0
KRTAP20-1	0
KRTAP20-2	0
KRTAP20-3	0
KRTAP20-4	0
KRTAP2-1	0
KRTAP21-1	0
KRTAP21-2	0
KRTAP21-3	0
KRTAP21-4P	0
KRTAP2-2	0
KRTAP22-1	0
KRTAP22-2	0
KRTAP2-3	0
KRTAP23-1	0
KRTAP2-4	0
KRTAP24-1	0
KRTAP25-1	0
KRTAP2-5P	0
KRTAP26-1	0
KRTAP27-1	0
KRTAP29-1	0
KRTAP3-1	0.064840543
KRTAP3-2	0
KRTAP3-3	0
KRTAP3-4P	0
KRTAP4-1	0
KRTAP4-11	0
KRTAP4-12	0
KRTAP4-16	0
KRTAP4-2	0
KRTAP4-3	0
KRTAP4-4	0
KRTAP4-5	0
KRTAP4-6	0
KRTAP4-7	0
KRTAP4-8	0
KRTAP4-9	0
KRTAP5-1	0.199615261
KRTAP5-10	0.03144967
KRTAP5-11	0.010288771
KRTAP5-14P	0
KRTAP5-2	0
KRTAP5-3	0
KRTAP5-4	0
KRTAP5-5	0
KRTAP5-6	0
KRTAP5-7	0.022258236
KRTAP5-8	0.03001877
KRTAP5-9	0.082763018
KRTAP5-AS1	0.267311464
KRTAP6-1	0
KRTAP6-2	0
KRTAP6-3	0
KRTAP7-1	0
KRTAP8-1	0
KRTAP8-2P	0
KRTAP8-3P	0
KRTAP9-1	0
KRTAP9-10P	0
KRTAP9-11P	0
KRTAP9-12P	0.058909015
KRTAP9-2	0
KRTAP9-3	0
KRTAP9-4	0
KRTAP9-6	0
KRTAP9-7	0
KRTAP9-8	0
KRTAP9-9	0
KRTCAP2	4.894252118
KRTCAP3	15.01083999
KRTDAP	0.142237198
KSR1	4.223510659
KSR1P1	0
KSR2	0.035975266
KTI12	4.443128253
KTN1	10.58591816
KTN1-AS1	0.239732654
KXD1	13.9511504
KY	0.03791517
KYAT1	1.604165302
KYAT3	12.52360698
KYNU	1.341726453
KYNUP1	0
KYNUP2	0
KYNUP3	0
L1CAM	0.056996436
L1TD1	0.183201068
L29074.1	0.029344191
L2HGDH	0.703876665
L34079.1	0
L34079.2	0.027931904
L34079.3	0.028699264
L3HYPDH	1.909533032
L3MBTL1	0.433070115
L3MBTL2	3.949634404
L3MBTL3	1.094096985
L3MBTL4	1.256103923
L3MBTL4-AS1	0.053663692
LACC1	2.417625976
LACRT	0
LACTB	9.606233161
LACTB2	15.55618993
LACTB2-AS1	0.077630192
LACTBL1	0
LAD1	7.629163311
LAG3	1.245995063
LAGE3	11.90508362
LAGE3P1	0.161878078
LAIR1	7.428156006
LAIR2	0.537831657
LALBA	0
LAMA1	0.19449031
LAMA2	2.930907332
LAMA3	8.31465764
LAMA4	7.926277948
LAMA5	9.282801051
LAMA5-AS1	0.111528811
LAMB1	9.261351124
LAMB2	23.75463769
LAMB3	33.80304333
LAMB4	0.029034688
LAMC1	9.078267455
LAMC1-AS1	0.915979841
LAMC2	21.05591685
LAMC3	4.444659584
LAMP1	39.56357779
LAMP2	37.19521178
LAMP3	94.74971669
LAMP5	1.051303783
LAMP5-AS1	0
LAMTOR1	61.91770071
LAMTOR2	36.2868062
LAMTOR3	14.99865899
LAMTOR3P1	0
LAMTOR3P2	0
LAMTOR4	73.26601831
LAMTOR5	54.21435135
LAMTOR5-AS1	0.069934942
LAMTOR5P1	0
LANCL1	8.792265795
LANCL1-AS1	6.40139918
LANCL2	2.795719451
LANCL3	0.149120237
LAP3	40.74975473
LAP3P1	0
LAP3P2	0
LAPTM4A	250.3866231
LAPTM4B	27.80078018
LAPTM4BP1	0
LAPTM4BP2	0
LAPTM5	178.254721
LARGE1	1.38267236
LARGE2	1.252577753
LARGE-AS1	0.016049639
LARGE-IT1	0.028082075
LARP1	7.004539942
LARP1B	2.145864056
LARP1BP1	0
LARP1BP2	0
LARP1BP3	0
LARP1P1	0
LARP4	6.631461602
LARP4B	4.956324389
LARP4P	0.007197886
LARP6	1.608171562
LARP7	11.31771596
LARP7P1	0
LARP7P2	0
LARP7P3	0
LARP7P4	0
LARS	8.637884457
LARS2	1.723009496
LARS2-AS1	0
LAS1L	4.951308509
LASP1	16.91477132
LAT	0.162711221
LAT2	11.01885025
LATS1	3.263408121
LATS2	7.711293563
LATS2-AS1	0.024793984
LAX1	1.146570585
LAYN	6.165248129
LBH	24.0834602
LBHD1	0.666502413
LBP	0.023972154
LBR	7.916869597
LBX1	0.027016893
LBX1-AS1	0.031812235
LBX2	0.072150598
LBX2-AS1	1.000039891
LCA5	0.998411006
LCA5L	0.37558153
LCAT	6.303735879
LCE1A	0
LCE1B	0
LCE1C	0
LCE1D	0
LCE1E	0
LCE1F	0
LCE2A	0.026469253
LCE2B	0
LCE2C	0
LCE2D	0
LCE3A	0
LCE3B	0
LCE3C	0
LCE3D	0
LCE3E	0
LCE4A	0
LCE5A	0
LCE6A	0
LCK	3.228757418
LCLAT1	1.069390232
LCMT1	8.255806848
LCMT1-AS1	0.147575152
LCMT1-AS2	0.01568941
LCMT2	1.858212354
LCN1	0.421338999
LCN10	0.452119435
LCN12	0.261255944
LCN15	0
LCN1P1	0.372351635
LCN1P2	0
LCN2	9.413645854
LCN6	2.004168096
LCN8	0
LCN9	0.014180813
LCNL1	0.402186326
LCOR	0.967027836
LCORL	0.893453394
LCP1	52.31935319
LCP2	9.390197831
LCT	0.016654811
LCTL	0.053450135
LDAH	3.435832089
LDB1	13.54117669
LDB2	25.030721
LDB3	1.297992554
LDHA	72.99955813
LDHAL6A	0.12724894
LDHAL6B	0.064789478
LDHAL6CP	0
LDHAL6DP	0
LDHAL6EP	0.041128079
LDHAL6FP	0
LDHAP1	0
LDHAP2	0.079542122
LDHAP3	0.497453905
LDHAP4	1.460211637
LDHAP5	0.100770405
LDHAP7	0.535858377
LDHB	79.64648917
LDHBP1	0.014003394
LDHBP2	0
LDHBP3	0
LDHC	0.022438852
LDHD	3.102075313
LDLR	67.75898397
LDLRAD1	1.814397662
LDLRAD2	0.453691256
LDLRAD3	0.969301166
LDLRAD4	1.410926975
LDLRAD4-AS1	0.100172225
LDLRAP1	5.670393827
LDOC1	9.077363067
LEAP2	0.599426784
LECT2	0
LEF1	1.066867425
LEF1-AS1	0.068569652
LEFTY1	0.099438168
LEFTY2	1.028494266
LEKR1	0.115115878
LELP1	0
LEMD1	0.27078323
LEMD1-AS1	0.005634591
LEMD2	4.937786964
LEMD3	6.519221963
LENEP	0
LENG1	6.198817624
LENG8	26.60159554
LENG8-AS1	1.06725387
LENG9	1.627499896
LEO1	4.685146769
LEP	0.018327249
LEPR	7.873487769
LEPROT	42.63788837
LEPROTL1	13.70998928
LETM1	3.142001284
LETM1P2	0.079140394
LETM2	1.258402161
LETMD1	5.967096484
LEUTX	0
LEXM	0.167544267
LFNG	7.605674333
LGALS1	230.0993631
LGALS12	0.324440751
LGALS13	0
LGALS14	0
LGALS16	0
LGALS2	7.834898997
LGALS3	381.8213982
LGALS3BP	102.0242009
LGALS4	0.835327606
LGALS7	0.019710438
LGALS7B	0
LGALS8	6.150113301
LGALS8-AS1	0.064529024
LGALS9	12.63675694
LGALS9B	0.011737676
LGALS9C	0.075810971
LGALS9DP	0.143571448
LGALSL	17.84626756
LGI1	0.006094036
LGI2	0.275464713
LGI3	7.258650333
LGI4	1.846353073
LGMN	32.75827737
LGMNP1	0.120536908
LGR4	2.202175081
LGR5	0.96985038
LGR6	1.118050173
LGSN	0.032292216
LHB	0.239690983
LHCGR	0.006269173
LHFPL1	0.017908341
LHFPL2	5.457026304
LHFPL3	5.929781451
LHFPL3-AS1	0.345467741
LHFPL3-AS2	17.35223946
LHFPL4	0.067630954
LHFPL5	0
LHFPL6	41.03641984
LHPP	3.990708889
LHX1	0
LHX1-DT	0
LHX2	0
LHX3	0
LHX4	0.343851367
LHX5	0
LHX5-AS1	0
LHX6	0.632462271
LHX8	0
LHX9	0.277620439
LIAS	3.2878594
LIF	17.2371726
LIF-AS1	0.116359886
LIFR	11.21875119
LIFR-AS1	0.421098926
LIG1	1.606058979
LIG3	1.524648663
LIG4	7.961700417
LILRA1	0.702719954
LILRA2	2.118015321
LILRA4	0.295928935
LILRA5	25.32096903
LILRA6	1.882062332
LILRB1	2.881639725
LILRB1-AS1	0
LILRB2	3.460963358
LILRB3	3.690958842
LILRB4	1.512997246
LILRB5	0.911112667
LILRP1	0.011437809
LILRP2	0.007367089
LIM2	0.031720239
LIMA1	18.92679416
LIMCH1	29.40359259
LIMD1	6.230577771
LIMD1-AS1	0.066437666
LIMD2	4.662962016
LIME1	0.995493049
LIMK1	2.631309168
LIMK2	14.51932498
LIMS1	13.32913213
LIMS1-AS1	0.886969698
LIMS2	12.60007552
LIMS3	0
LIMS4	0
LIN28A	0.00781926
LIN28AP1	0
LIN28AP2	0
LIN28B	0
LIN28B-AS1	0
LIN37	1.433619816
LIN52	3.734946434
LIN54	1.646162289
LIN7A	3.521380653
LIN7B	3.772193242
LIN7C	7.283380936
LIN9	1.411057901
LINC00028	0.213557724
LINC00029	0
LINC00051	0.014980686
LINC00052	0
LINC00092	0.489256485
LINC00102	0.011693879
LINC00106	1.058770135
LINC00111	0
LINC00112	0.09005631
LINC00113	0.205169205
LINC00114	0.007946145
LINC00115	0.606803111
LINC00158	0.061844294
LINC00159	0.027394752
LINC00160	0
LINC00161	0.144090096
LINC00163	0.269040615
LINC00165	1.236088434
LINC00167	0.022085691
LINC00173	0.121412478
LINC00174	1.244784024
LINC00184	0.020708984
LINC00189	0.259481476
LINC00200	0.028041872
LINC00205	1.836216444
LINC00207	0
LINC00208	0
LINC00210	0
LINC00211	0.199269107
LINC00221	0
LINC00222	0.033128537
LINC00226	0
LINC00229	0
LINC00235	0.257338005
LINC00237	0.036126335
LINC00239	3.850012966
LINC00240	0.178917613
LINC00242	0.17497293
LINC00243	0.187662251
LINC00244	0.102249905
LINC002481	0.524908115
LINC00251	0
LINC00254	0.047340779
LINC00261	4.47345638
LINC00265	1.368277706
LINC00265-2P	0
LINC00265-3P	0
LINC00266-1	0
LINC00266-2P	0
LINC00266-4P	0
LINC00269	0
LINC00271	0.131093735
LINC00272	0
LINC00273	0
LINC00276	0
LINC00278	0.768325579
LINC00279	0
LINC00280	0
LINC00283	0
LINC00284	0.075919564
LINC00290	0
LINC00293	0
LINC00294	2.052335914
LINC00297	0
LINC00298	0
LINC00299	0.042561697
LINC00301	0
LINC00302	0
LINC00303	0.016573028
LINC00304	0.047472248
LINC00305	0.060559606
LINC00307	0
LINC00308	0
LINC00309	0.014215118
LINC00310	0.22453674
LINC00311	0.050031284
LINC00313	0.020412242
LINC00314	0
LINC00315	0.249583524
LINC00316	0.309952048
LINC00317	0
LINC00319	0
LINC00320	0
LINC00322	0.089669803
LINC00323	0.083520859
LINC00324	2.295527564
LINC00326	0.006230536
LINC00327	0.182318531
LINC00328-2P	0
LINC00330	0.023089093
LINC00331	0
LINC00332	0.131521086
LINC00333	0
LINC00334	0.087151268
LINC00336	0.014874037
LINC00337	0.02789875
LINC00339	13.22689409
LINC00342	3.603215581
LINC00343	0
LINC00345	0.164945242
LINC00346	0.642799375
LINC00347	0
LINC00348	0.066117291
LINC00349	0
LINC00350	0.037132223
LINC00351	0
LINC00352	0
LINC00353	0
LINC00354	0
LINC00355	0
LINC00358	0
LINC00362	0
LINC00363	0
LINC00364	0
LINC00365	0.548808802
LINC00366	0
LINC00368	0
LINC00370	0
LINC00374	0
LINC00375	0
LINC00376	0
LINC00377	0.071551589
LINC00378	0
LINC00379	0
LINC00380	0
LINC00381	0
LINC00382	0
LINC00383	0
LINC00384	0.002286894
LINC00385	0
LINC00387	0
LINC00388	0
LINC00390	0.092175282
LINC00391	0
LINC00392	0
LINC00393	0.024144527
LINC00395	0
LINC00396	0
LINC00397	0
LINC00398	0.034591166
LINC00399	0
LINC00400	0
LINC00402	0.051607119
LINC00404	0
LINC00407	0
LINC00408	0
LINC00410	0
LINC00411	0
LINC00412	0.074618086
LINC00415	0
LINC00421	0
LINC00423	0
LINC00424	0
LINC00426	0.260374287
LINC00427	0
LINC00428	0
LINC00430	0
LINC00431	0
LINC00433	0
LINC00434	0.112194258
LINC00437	0
LINC00440	0
LINC00441	0.082256157
LINC00442	0
LINC00443	0.308038764
LINC00445	0
LINC00446	0
LINC00448	0
LINC00449	0
LINC00452	0.00875897
LINC00454	0
LINC00456	0
LINC00457	0.084246226
LINC00458	0
LINC00459	0
LINC00460	0.326454125
LINC00461	0
LINC00462	0
LINC00463	0
LINC00466	0
LINC00467	2.046796905
LINC00469	0.02471577
LINC00470	0.007713413
LINC00471	0.085560519
LINC00472	1.133249986
LINC00473	0.042970196
LINC00474	0
LINC00475	0.190896969
LINC00476	1.013928105
LINC00477	0
LINC00479	0.037061963
LINC00482	0.734633224
LINC00483	0
LINC00484	0.191095097
LINC00484	0.033908137
LINC00485	0
LINC00486	0
LINC00487	0.170787989
LINC00488	0
LINC00489	0
LINC00491	0.025541643
LINC00492	0
LINC00494	0.037273544
LINC00498	0.034439116
LINC00499	0
LINC00500	0
LINC00501	0
LINC00502	0
LINC00504	0.070737067
LINC00506	0.078177001
LINC00507	0
LINC00508	0
LINC00511	0.138236175
LINC00513	0.795125888
LINC00514	0.117047978
LINC00517	0.007597478
LINC00518	0
LINC00519	0.114881217
LINC00520	0
LINC00523	0
LINC00524	0.037487555
LINC00525	0.039570197
LINC00526	0.618434694
LINC00528	0.304690517
LINC00529	0
LINC00533	0
LINC00534	0.023145935
LINC00535	0.199269107
LINC00536	0
LINC00538	0
LINC00539	0.21072886
LINC00540	0.270665382
LINC00543	0.042465577
LINC00544	0.031297866
LINC00545	0.076252058
LINC00547	0
LINC00550	0
LINC00551	1.925844478
LINC00552	0.01822776
LINC00554	0
LINC00555	0
LINC00556	0
LINC00557	0
LINC00558	0
LINC00559	0
LINC00560	0
LINC00561	0
LINC00562	0.038064287
LINC00563	0.07834899
LINC00564	0
LINC00565	0.127724651
LINC00566	0
LINC00567	0.004596597
LINC00570	0.132955862
LINC00571	0.410620235
LINC00572	0
LINC00574	0.027040204
LINC00575	0.034439116
LINC00578	1.320631273
LINC00581	0
LINC00582	0.314970814
LINC00583	0
LINC00587	0
LINC00588	0.016714451
LINC00589	0.015110702
LINC00592	0.135084465
LINC00595	0.013900908
LINC00596	0
LINC00598	0.113321159
LINC00599	0
LINC00601	0.013415923
LINC00602	0
LINC00603	0.055764406
LINC00604	0
LINC00605	0.120691641
LINC00606	0
LINC00607	0.495597733
LINC00608	0
LINC00609	0
LINC00612	0.056646355
LINC00613	0
LINC00615	0
LINC00616	0
LINC00618	0.209863366
LINC00619	0.265589797
LINC00620	0.0153475
LINC00621	0.026626675
LINC00622	0.558922731
LINC00623	1.321549228
LINC00624	0.073223355
LINC00626	0
LINC00628	0.012156554
LINC00629	0.034477003
LINC00630	0.361285507
LINC00632	0.031256246
LINC00634	0
LINC00635	0
LINC00636	0.210748865
LINC00637	0.030485988
LINC00638	0.255147624
LINC00639	0.328872304
LINC00640	0.169889392
LINC00641	5.67019112
LINC00642	0.007577272
LINC00643	0.016896483
LINC00644	0
LINC00645	0
LINC00648	0.025747286
LINC00649	0.342121008
LINC00652	0.024363511
LINC00654	0.520334887
LINC00656	0.818201478
LINC00658	0.006085358
LINC00659	0
LINC00661	0.003784975
LINC00662	0.970747727
LINC00663	0.466406078
LINC00664	0.039912883
LINC00665	0.585359764
LINC00667	5.389732082
LINC00668	0
LINC00670	0.193000444
LINC00671	0.209701957
LINC00672	0.755330643
LINC00674	3.73598726
LINC00676	0
LINC00677	0.053663692
LINC00678	0
LINC00680	1.973898434
LINC00681	0.062181738
LINC00682	0
LINC00683	0.060415211
LINC00685	1.830583878
LINC00686	0
LINC00687	0
LINC00689	0.049620457
LINC00690	0
LINC00691	0
LINC00692	0
LINC00694	2.440378376
LINC00698	0
LINC00700	0
LINC00701	0
LINC00702	1.450351237
LINC00703	0.006364662
LINC00704	0.032645412
LINC00705	0.008979827
LINC00706	0.044834901
LINC00707	0.010208337
LINC00708	0
LINC00709	0
LINC00710	0.048613644
LINC00824	0.020631729
LINC00836	0
LINC00837	0.003224238
LINC00838	0
LINC00839	1.515350598
LINC00840	0.095257131
LINC00841	0
LINC00843	0.59505562
LINC00844	1.314029182
LINC00845	0
LINC00846	0.00881316
LINC00847	3.717824065
LINC00850	0
LINC00851	0
LINC00852	0.613576427
LINC00853	0.73489219
LINC00854	0.552038779
LINC00857	0.324800051
LINC00858	0
LINC00861	0.933508231
LINC00862	0.026755489
LINC00863	0.476720353
LINC00864	0
LINC00865	1.254464165
LINC00866	0.07497511
LINC00867	0.032275588
LINC00868	0.089798269
LINC00869	0.370501047
LINC00870	0.026712919
LINC00871	0.069695173
LINC00877	0.17989108
LINC00879	0
LINC00880	0.038825069
LINC00881	0.382792544
LINC00882	0.213935933
LINC00884	0.289585589
LINC00885	0.600046969
LINC00886	0.655983171
LINC00887	0.003773127
LINC00888	1.713309682
LINC00891	0.080006263
LINC00892	0.400323306
LINC00893	0.869578135
LINC00894	0.406428415
LINC00895	0.03828906
LINC00896	0.058909015
LINC00898	0
LINC00899	0.725365624
LINC00900	0.082195751
LINC00901	0.021583744
LINC00903	0
LINC00904	0
LINC00905	0
LINC00906	0.003746067
LINC00907	0.017565248
LINC00908	0.299357142
LINC00909	2.437151906
LINC00910	0.361348496
LINC00911	0
LINC00917	0
LINC00919	0.009451024
LINC00920	3.101846366
LINC00921	0.723807525
LINC00922	0.450066003
LINC00923	0.185381564
LINC00924	0.262916074
LINC00926	1.302613352
LINC00927	0
LINC00928	0
LINC00929	0
LINC00930	1.541446634
LINC00933	0.219377172
LINC00934	0.006581184
LINC00937	0.22966506
LINC00939	0
LINC00940	0.020003997
LINC00941	0.070648323
LINC00942	0
LINC00943	0.040251215
LINC00944	0.177585406
LINC00945	0
LINC00951	0
LINC00954	0.157266817
LINC00955	0
LINC00957	1.182626264
LINC00958	0.042696997
LINC00960	0.600979363
LINC00963	6.581171464
LINC00964	0.136854131
LINC00967	0
LINC00968	2.852565339
LINC00970	0
LINC00971	0
LINC00972	0
LINC00973	0.048866314
LINC00974	0.007318915
LINC00976	0
LINC00977	0
LINC00982	0.520461148
LINC00987	1.096632303
LINC00989	0.17559164
LINC00992	0.027394752
LINC00993	0
LINC00994	0.073601682
LINC00996	1.393031328
LINC00997	0.633661521
LINC01001	0.286917567
LINC01003	3.073554482
LINC01004	2.092077363
LINC01005	0
LINC01006	1.344029091
LINC01007	0
LINC01010	0.297259041
LINC01011	0.752551665
LINC01012	0.062858789
LINC01013	0.029804656
LINC01014	0.027110377
LINC01015	0
LINC01016	0.004127976
LINC01017	0
LINC01018	0.227163075
LINC01019	0
LINC01020	0
LINC01022	0
LINC01023	4.061209113
LINC01028	0.121262409
LINC01029	0
LINC01030	0.042465577
LINC01031	0.140806914
LINC01033	0.037279456
LINC01034	0
LINC01035	0
LINC01036	0.036526336
LINC01037	0
LINC01038	0
LINC01039	0
LINC01040	0
LINC01043	0
LINC01044	0
LINC01046	0
LINC01047	0.016564268
LINC01048	0.061329933
LINC01049	0
LINC01050	0
LINC01052	0
LINC01053	0
LINC01054	0
LINC01055	0.036420216
LINC01056	0
LINC01058	0.104931683
LINC01060	0
LINC01063	0.450281552
LINC01065	0
LINC01066	0
LINC01067	0
LINC01068	0.151503572
LINC01069	0.028699264
LINC01070	0.13293572
LINC01072	0
LINC01074	0
LINC01075	0
LINC01076	0
LINC01077	0
LINC01078	0
LINC01079	0
LINC01080	0
LINC01081	0.404381884
LINC01082	6.502433181
LINC01085	0.020072329
LINC01087	0
LINC01088	0.231418794
LINC01089	1.509336786
LINC01090	0
LINC01091	0.207480292
LINC01093	0.295656566
LINC01094	2.580658023
LINC01095	0.01388551
LINC01096	0.012396992
LINC01097	0
LINC01098	0
LINC01099	0.285084154
LINC01100	0
LINC01101	0
LINC01102	0.003073715
LINC01103	0
LINC01104	0
LINC01105	0.242690774
LINC01106	0.16381548
LINC01107	0.079340749
LINC01108	0.382796461
LINC01109	0
LINC01111	0
LINC01114	0.008354998
LINC01115	0.092842779
LINC01115	0
LINC01116	0.158192016
LINC01117	0.022417451
LINC01118	0.027648519
LINC01119	0.359907021
LINC01120	0
LINC01121	0.022759329
LINC01122	0.036796852
LINC01123	0.123646357
LINC01124	0.236860433
LINC01126	0.133278962
LINC01127	0.044875756
LINC01128	1.351871696
LINC01132	0.136330961
LINC01133	0.556983341
LINC01134	0.077115148
LINC01135	0.330387307
LINC01136	0.080505384
LINC01137	5.189567508
LINC01138	0.505348996
LINC01139	0.377216998
LINC01140	0.282275652
LINC01141	0
LINC01142	0.010261819
LINC01143	0.050143354
LINC01144	0.210763365
LINC01146	0.301449623
LINC01148	0
LINC01149	0.014637831
LINC01150	1.09439859
LINC01151	0
LINC01152	0.00389893
LINC01153	0
LINC01154	0.103544921
LINC01158	0
LINC01159	0
LINC01160	0.477945908
LINC01162	0
LINC01164	0
LINC01165	0.260680558
LINC01166	0.035898735
LINC01167	0
LINC01168	0.011929804
LINC01169	1.335601029
LINC01170	0.015499306
LINC01173	0
LINC01176	1.283467562
LINC01177	0
LINC01179	0
LINC01180	0
LINC01181	0
LINC01182	0
LINC01184	3.059295339
LINC01185	0.015445833
LINC01186	1.201518057
LINC01187	0.067717364
LINC01189	0
LINC01191	0.055698334
LINC01192	0
LINC01193	0
LINC01194	0
LINC01195	0
LINC01197	0.354094405
LINC01198	0.017963085
LINC01201	0
LINC01202	0
LINC01203	0
LINC01204	0.008937147
LINC01205	0
LINC01206	0
LINC01208	0
LINC01209	0
LINC01210	0
LINC01213	0.025730374
LINC01214	0
LINC01215	0.362726805
LINC01216	0
LINC01217	0
LINC01218	0
LINC01219	0.021703321
LINC01220	0.54560578
LINC01221	0
LINC01222	0
LINC01224	0.033279304
LINC01225	0.041674995
LINC01227	0
LINC01228	0.075456491
LINC01229	0.045532829
LINC01230	0.020775337
LINC01231	0
LINC01232	0.384224761
LINC01233	0
LINC01234	0
LINC01235	0.54746965
LINC01237	0.234900157
LINC01238	0.141551924
LINC01238	0.13726172
LINC01239	0.19526228
LINC01241	0
LINC01242	0
LINC01243	0.021733423
LINC01247	0
LINC01248	0
LINC01249	0
LINC01250	0.006685067
LINC01251	0.161211914
LINC01252	0.181774614
LINC01254	0
LINC01255	0
LINC01256	0
LINC01257	0.012232473
LINC01258	0.03044157
LINC01259	0
LINC01262	0
LINC01264	0.062679192
LINC01266	0.126896524
LINC01267	0.198959782
LINC01268	1.274059801
LINC01269	0.130147824
LINC01270	0.145572111
LINC01271	0.076607901
LINC01273	1.10424751
LINC01276	0.031370967
LINC01277	0.693912149
LINC01278	2.935477128
LINC01280	0
LINC01281	0.026514041
LINC01282	0.017806589
LINC01284	0.06439643
LINC01285	0.074411387
LINC01287	0.017975105
LINC01288	0
LINC01289	0
LINC01290	3.183903178
LINC01291	0
LINC01293	0.04950963
LINC01297	0
LINC01297	0
LINC01298	0
LINC01299	0
LINC01300	0.057893342
LINC01301	0.092008751
LINC01303	0.07000881
LINC01304	0
LINC01305	0
LINC01307	0
LINC01309	0
LINC01310	0.004573788
LINC01311	0.401233582
LINC01312	0
LINC01315	2.127233824
LINC01317	0
LINC01318	0
LINC01320	0
LINC01322	0.008424623
LINC01323	0
LINC01324	0
LINC01326	0
LINC01327	0
LINC01331	0.468990433
LINC01332	0.280932633
LINC01333	0
LINC01335	0
LINC01336	0.434723273
LINC01337	0
LINC01338	0.024793984
LINC01339	0
LINC01340	0.043286735
LINC01341	0.165193654
LINC01342	0.009672715
LINC01343	0
LINC01344	0
LINC01345	0
LINC01346	0.00877614
LINC01347	0.085671897
LINC01348	0.264205668
LINC01349	0
LINC01350	0
LINC01351	0
LINC01352	0.651550852
LINC01353	0.617805656
LINC01354	0.245693697
LINC01355	0.736860449
LINC01356	0.077360495
LINC01358	0.150912982
LINC01359	0.112289352
LINC01360	0
LINC01361	0.019760149
LINC01362	0.016687751
LINC01363	0
LINC01364	0.035252639
LINC01365	0
LINC01366	0.413619033
LINC01370	0
LINC01372	0.76906984
LINC01374	0.037758549
LINC01375	0
LINC01376	0.407213785
LINC01377	0
LINC01378	0
LINC01381	0
LINC01384	0.095112583
LINC01385	0
LINC01386	0
LINC01387	0
LINC01388	0
LINC01389	0.227098522
LINC01391	0
LINC01392	0
LINC01393	0.094190043
LINC01394	0.113824199
LINC01395	0
LINC01396	0
LINC01397	0.054127109
LINC01398	0.041638081
LINC01399	0
LINC01400	0
LINC01402	0.449313204
LINC01405	0.010295531
LINC01410	0.314633864
LINC01411	0
LINC01412	1.341888778
LINC01413	0
LINC01415	0.363885004
LINC01416	0
LINC01419	0
LINC01422	0.042123113
LINC01422	0.121873325
LINC01423	0.200660975
LINC01424	0.091191841
LINC01425	0
LINC01426	0.233659616
LINC01427	0
LINC01428	0
LINC01429	0
LINC01431	0.335382121
LINC01432	0
LINC01433	0.112408881
LINC01435	0
LINC01436	0.149520973
LINC01438	0
LINC01440	0
LINC01441	0
LINC01442	0
LINC01443	0.006887823
LINC01444	0
LINC01445	0
LINC01446	0
LINC01447	0
LINC01448	0
LINC01449	0
LINC01450	0
LINC01451	0.059808389
LINC01455	0
LINC01456	0
LINC01460	0.060268454
LINC01465	0.363474696
LINC01467	0
LINC01468	0
LINC01470	0.004596597
LINC01471	0
LINC01473	0.31339596
LINC01474	0.269746131
LINC01475	0
LINC01476	0
LINC01477	0
LINC01478	0
LINC01479	0.087663206
LINC01480	0.591484826
LINC01481	1.293547083
LINC01481	0.348771338
LINC01482	0.293330456
LINC01483	0.007510088
LINC01484	0.033399214
LINC01485	0.008520825
LINC01486	0.021885193
LINC01487	0
LINC01489	0.025900493
LINC01490	0
LINC01491	0
LINC01492	0
LINC01493	0
LINC01494	0
LINC01495	0
LINC01496	0
LINC01497	0.043527217
LINC01498	0.014956855
LINC01499	0
LINC01500	0.01383036
LINC01501	0
LINC01502	0
LINC01503	1.749826878
LINC01504	0.796877441
LINC01505	0
LINC01505	0.044541779
LINC01506	2.681144143
LINC01507	0.035134076
LINC01508	0.657405426
LINC01509	0
LINC01510	0.016652283
LINC01511	0
LINC01513	0.324426459
LINC01514	0.035134076
LINC01515	0.082677879
LINC01516	0.005237232
LINC01517	0
LINC01518	0
LINC01519	0
LINC01520	0
LINC01521	0.233877582
LINC01522	0
LINC01523	0
LINC01524	0
LINC01525	0
LINC01526	0.271208042
LINC01527	0
LINC01529	0.018894451
LINC01531	0.007630776
LINC01532	0
LINC01533	0
LINC01534	0.771097265
LINC01535	0.050154818
LINC01537	0.134312554
LINC01538	0
LINC01539	0.027188776
LINC01541	0.005046634
LINC01543	0
LINC01544	0
LINC01545	0.265090568
LINC01546	0
LINC01547	0.489681187
LINC01548	0
LINC01549	0
LINC01550	0.297324372
LINC01551	0
LINC01553	0.006809995
LINC01554	0.114045109
LINC01555	0.005433356
LINC01556	0.067252352
LINC01558	0.313980109
LINC01559	0
LINC01560	0.950442656
LINC01561	0
LINC01562	0.013245814
LINC01563	0.020893064
LINC01564	0.055370311
LINC01565	0.023240338
LINC01566	0
LINC01567	0
LINC01568	0
LINC01569	0.628172519
LINC01570	0
LINC01571	0.098448993
LINC01572	0.042867713
LINC01574	0
LINC01578	21.06055704
LINC01579	0.057651943
LINC01580	0
LINC01581	0
LINC01582	0
LINC01583	0.018305839
LINC01584	0
LINC01585	0.01210023
LINC01586	0
LINC01587	0.026924052
LINC01588	0.168659488
LINC01589	0.829241135
LINC01591	0.050547735
LINC01592	0
LINC01593	0.040386077
LINC01594	0
LINC01595	0
LINC01596	0
LINC01597	0.108294878
LINC01598	0
LINC01600	0.010825422
LINC01602	0
LINC01603	0
LINC01605	0.185319556
LINC01606	0.014859932
LINC01607	0.297904905
LINC01608	0
LINC01609	0
LINC01611	0
LINC01612	6.147639298
LINC01613	0.005636618
LINC01614	0.072545361
LINC01615	0.104068867
LINC01616	0
LINC01618	0.04310811
LINC01619	0.425950028
LINC01620	0.017606515
LINC01621	0
LINC01623	0
LINC01624	0.091128706
LINC01625	0.120536908
LINC01626	0
LINC01627	0
LINC01628	0
LINC01629	0.053940785
LINC01630	0
LINC01632	0
LINC01633	0
LINC01634	0
LINC01635	0.254793463
LINC01637	0.847635272
LINC01638	0.064286351
LINC01639	0
LINC01640	0
LINC01641	0
LINC01643	0
LINC01644	0.431278844
LINC01645	2.744608203
LINC01646	0
LINC01647	0
LINC01648	0
LINC01649	0.145922188
LINC01650	0
LINC01651	0
LINC01653	0
LINC01654	0
LINC01655	0.074088879
LINC01656	0.099490781
LINC01657	0
LINC01658	0
LINC01659	0.028937762
LINC01660	0
LINC01661	0
LINC01662	0
LINC01663	0
LINC01664	0.034718902
LINC01665	0
LINC01666	0.01854414
LINC01667	0.025223015
LINC01669	0
LINC01670	0
LINC01671	2.295294354
LINC01672	0
LINC01673	0
LINC01674	0
LINC01675	0.067060476
LINC01676	0
LINC01677	0
LINC01678	0.054220754
LINC01679	0.957660992
LINC01680	0
LINC01681	0
LINC01682	0
LINC01683	0
LINC01684	0.056751783
LINC01685	0.019835187
LINC01686	0.409965645
LINC01687	0
LINC01688	0
LINC01689	0
LINC01690	0
LINC01691	0
LINC01692	0
LINC01693	0
LINC01694	0.062126952
LINC01695	0.019780936
LINC01696	0
LINC01697	0
LINC01698	0
LINC01699	0
LINC01700	0.127476454
LINC01701	0.069489126
LINC01702	0
LINC01703	0.133603637
LINC01704	0.05636618
LINC01705	0
LINC01706	0
LINC01707	0
LINC01708	0
LINC01709	0
LINC01710	0
LINC01711	0.08102274
LINC01712	0
LINC01713	0
LINC01714	0.22070138
LINC01715	0.304423478
LINC01716	0
LINC01717	0
LINC01718	0
LINC01719	0.121125371
LINC01720	0
LINC01721	0
LINC01722	0
LINC01723	0
LINC01724	0.100932676
LINC01725	0.046215072
LINC01726	0
LINC01727	0
LINC01728	0
LINC01729	0.087540771
LINC01730	0.799289815
LINC01731	0
LINC01732	0.117464753
LINC01733	0.003403518
LINC01734	0
LINC01735	0.056164151
LINC01736	0.047919872
LINC01737	0
LINC01738	0.134587222
LINC01739	0
LINC01740	0.047198187
LINC01741	0
LINC01742	0
LINC01743	0
LINC01744	0
LINC01745	0
LINC01746	0
LINC01747	0.039442138
LINC01748	0.017430254
LINC01749	0
LINC01750	0.183323542
LINC01751	0
LINC01752	0.536636918
LINC01753	0
LINC01754	0.041786128
LINC01755	0
LINC01756	0
LINC01757	0
LINC01758	0
LINC01759	0.890871764
LINC01760	0
LINC01761	0
LINC01762	0.073696875
LINC01763	0
LINC01764	0.023422717
LINC01765	0.638280977
LINC01766	0
LINC01767	0.805053842
LINC01768	0.164598718
LINC01770	1.786099184
LINC01771	0.027636328
LINC01772	0.478061634
LINC01774	0
LINC01775	0.042236652
LINC01776	0
LINC01777	0
LINC01778	0.070904063
LINC01779	0.154297792
LINC01780	0
LINC01781	0.928253196
LINC01782	0.016165541
LINC01783	0.098504533
LINC01784	0
LINC01785	0.155006995
LINC01786	0.091636246
LINC01787	0
LINC01788	0
LINC01789	0
LINC01790	0
LINC01791	0
LINC01792	0
LINC01793	0.030785458
LINC01794	0
LINC01795	0
LINC01796	0
LINC01797	0.10241698
LINC01798	0.273026972
LINC01799	0.114100471
LINC01800	0.007926049
LINC01801	0.325013462
LINC01802	0
LINC01803	0
LINC01804	0
LINC01805	0
LINC01806	2.828078813
LINC01807	0
LINC01808	0
LINC01809	0
LINC01810	0
LINC01811	1.090673164
LINC01812	0
LINC01813	0
LINC01814	0.068236056
LINC01815	0
LINC01816	0.402396625
LINC01817	0
LINC01818	0
LINC01819	0.056795208
LINC01820	0
LINC01821	0
LINC01822	0
LINC01823	0
LINC01824	0
LINC01825	0.018435056
LINC01826	0
LINC01827	0.959951589
LINC01828	0.01934543
LINC01829	0.044963552
LINC01830	0
LINC01831	0
LINC01832	0.028335982
LINC01833	0
LINC01834	0
LINC01835	0.884093661
LINC01836	1.963227565
LINC01837	0
LINC01838	0
LINC01839	0.04310811
LINC01840	0
LINC01841	0.123384236
LINC01842	0.040806766
LINC01843	0.184017501
LINC01844	0.287197907
LINC01845	0
LINC01846	0
LINC01847	0
LINC01848	0
LINC01849	0
LINC01850	0
LINC01851	0
LINC01852	1.19730191
LINC01853	0
LINC01854	0
LINC01855	0
LINC01856	0.006534528
LINC01857	2.452387084
LINC01858	0
LINC01859	0.015302537
LINC01861	0
LINC01862	0
LINC01863	1.522571465
LINC01864	0
LINC01865	0
LINC01866	0
LINC01867	0
LINC01868	0
LINC01869	0.066964949
LINC01870	0
LINC01871	7.99611091
LINC01872	0
LINC01873	0
LINC01874	0
LINC01875	0
LINC01876	0.148417827
LINC01877	0
LINC01878	0.013941101
LINC01879	0
LINC01880	0
LINC01881	0.568040321
LINC01882	0.247852692
LINC01883	0
LINC01884	0
LINC01885	0
LINC01886	0.009720718
LINC01887	0
LINC01888	0.114713016
LINC01889	0
LINC01890	0.030815729
LINC01891	0.087378056
LINC01892	0
LINC01893	0
LINC01894	0.222266638
LINC01895	0
LINC01896	0
LINC01897	0
LINC01898	0
LINC01899	0
LINC01900	0
LINC01901	0
LINC01903	0.014583339
LINC01904	0
LINC01905	0
LINC01906	0
LINC01907	0.018018166
LINC01908	0.056467741
LINC01909	0.271208042
LINC01910	0.017826846
LINC01911	0
LINC01912	0
LINC01913	0.028297604
LINC01914	5.758389018
LINC01915	0.209268852
LINC01916	0
LINC01917	0
LINC01918	0
LINC01919	0.116504074
LINC01920	0.006198496
LINC01921	0
LINC01922	0
LINC01923	0
LINC01924	0.009099767
LINC01925	0.031339596
LINC01926	0
LINC01927	0.088032573
LINC01928	0
LINC01929	0.049431539
LINC01930	0
LINC01931	0.014556245
LINC01932	1.340000177
LINC01933	0.037657725
LINC01934	0.153314488
LINC01935	0
LINC01936	2.340914944
LINC01937	0
LINC01938	0
LINC01939	0.02064532
LINC01940	0
LINC01941	0
LINC01942	0
LINC01943	0.531179593
LINC01944	0
LINC01945	0.074618086
LINC01946	0
LINC01947	0
LINC01948	0.073052671
LINC01949	0.00465947
LINC01950	0.018833892
LINC01951	0.008140155
LINC01952	0
LINC01953	0
LINC01954	0.305917965
LINC01955	0
LINC01956	0.03326921
LINC01957	0
LINC01959	0
LINC01960	0.03326921
LINC01961	0
LINC01962	0
LINC01963	2.175254677
LINC01964	0.004995154
LINC01965	0
LINC01966	0
LINC01967	0
LINC01968	0.003747859
LINC01969	0
LINC01970	0.034629388
LINC01971	0
LINC01972	0
LINC01973	0
LINC01974	0
LINC01975	0
LINC01976	0
LINC01977	0
LINC01978	0.016696641
LINC01979	0.002972832
LINC01980	0
LINC01981	0
LINC01982	0
LINC01983	0.06646786
LINC01984	0
LINC01985	0.539098555
LINC01986	0
LINC01987	0
LINC01989	0
LINC01990	0.115916461
LINC01991	0
LINC01992	0
LINC01993	0.149541358
LINC01994	0
LINC01995	0
LINC01996	5.305328307
LINC01997	0
LINC01998	0.015932687
LINC01999	0.024256653
LINC02000	0.073452178
LINC02001	8.184994638
LINC02002	0
LINC02003	0
LINC02004	0.532986326
LINC02005	0.020038105
LINC02006	0.361696332
LINC02008	0
LINC02010	0
LINC02011	0
LINC02012	0.081755468
LINC02013	0
LINC02014	0
LINC02015	0.057360325
LINC02016	3.786445254
LINC02017	0
LINC02018	0.673245886
LINC02019	0.943230559
LINC02020	0
LINC02021	0.20639045
LINC02022	0
LINC02023	0
LINC02024	0.032342204
LINC02025	0
LINC02026	0.107373348
LINC02027	0.026291607
LINC02028	0.031996593
LINC02029	0.010467467
LINC02030	0.009781397
LINC02031	0
LINC02032	0
LINC02033	0.139908911
LINC02035	1.628216775
LINC02036	0.274625326
LINC02037	0.026225603
LINC02038	1.146570585
LINC02039	0
LINC02040	0
LINC02041	1.019173853
LINC02042	0.007749653
LINC02043	0.017106766
LINC02044	0.068891998
LINC02045	0
LINC02046	0
LINC02047	0
LINC02048	0.017695989
LINC02049	0
LINC02050	0
LINC02051	0
LINC02052	0
LINC02053	0
LINC02054	0
LINC02055	0.057907605
LINC02056	0
LINC02057	0.121002301
LINC02058	0.022163788
LINC02059	0
LINC02060	0.009105054
LINC02061	0
LINC02062	0.655640083
LINC02063	0
LINC02064	0
LINC02065	0
LINC02066	0.027016893
LINC02067	0.02203135
LINC02068	0.008546386
LINC02069	0.00604778
LINC02070	0
LINC02071	0
LINC02072	0
LINC02073	0.050304327
LINC02074	0
LINC02075	0
LINC02076	0.025125277
LINC02077	0
LINC02078	0.003698324
LINC02079	0
LINC02080	0.035555457
LINC02081	0.209588171
LINC02082	0.286911794
LINC02083	0
LINC02084	0.743457569
LINC02085	0
LINC02086	0.012184913
LINC02087	0
LINC02088	0
LINC02089	0
LINC02090	0.039174495
LINC02091	0.264469164
LINC02092	0
LINC02093	0.032308862
LINC02094	0.060268454
LINC02096	0
LINC02097	0.037978182
LINC02098	0
LINC02099	0.01979581
LINC02100	0.658394874
LINC02101	0.021613514
LINC02102	0.088503615
LINC02103	0
LINC02104	0.994077335
LINC02105	0
LINC02106	0.025857752
LINC02107	0
LINC02108	0.013234627
LINC02109	0
LINC02110	0
LINC02111	0
LINC02112	0
LINC02113	0
LINC02114	0
LINC02115	0.217636083
LINC02116	0
LINC02117	0
LINC02118	0
LINC02119	0.006090089
LINC02120	0.023411053
LINC02121	0
LINC02122	0.027157362
LINC02123	0
LINC02124	0.064751231
LINC02125	0
LINC02126	1.197242993
LINC02127	0
LINC02128	0.013268246
LINC02129	0
LINC02130	0
LINC02131	0
LINC02132	0.041786128
LINC02133	0.010380787
LINC02134	0
LINC02135	0
LINC02136	0
LINC02137	0
LINC02138	0.011817344
LINC02139	0.117230409
LINC02140	0.015280154
LINC02141	0
LINC02142	0
LINC02143	0
LINC02144	0.052938507
LINC02145	0.380621162
LINC02146	0
LINC02147	0.285121419
LINC02148	0.064062952
LINC02149	0
LINC02150	0.014782828
LINC02151	0
LINC02152	0
LINC02153	0.022831177
LINC02154	17.59204039
LINC02155	0
LINC02156	0
LINC02157	0.070110953
LINC02158	0.29697499
LINC02159	0.053964005
LINC02160	0.030309087
LINC02161	0
LINC02162	0
LINC02163	0
LINC02164	0
LINC02165	0
LINC02166	1.347472227
LINC02167	0
LINC02168	0.089032943
LINC02169	0
LINC02170	0.049392586
LINC02171	0.015169214
LINC02172	0.041527733
LINC02173	0
LINC02174	0
LINC02175	0.125358384
LINC02176	0
LINC02177	0.002957682
LINC02178	0
LINC02179	0
LINC02180	0
LINC02181	0.003837815
LINC02182	0.094396373
LINC02184	0
LINC02185	3.657709432
LINC02186	0
LINC02187	0
LINC02188	0.048326285
LINC02189	0
LINC02190	0
LINC02191	0
LINC02192	0
LINC02193	0.094396373
LINC02195	0.213194531
LINC02196	0
LINC02197	0.147240603
LINC02198	0.340647782
LINC02199	0.004422749
LINC02200	0
LINC02201	0.0791071
LINC02202	0.409540458
LINC02203	0
LINC02204	0.034213533
LINC02205	0.065564008
LINC02206	0.108969388
LINC02207	0.378786465
LINC02208	0
LINC02209	0
LINC02210	0.700224824
LINC02210-CRHR1	0.074147309
LINC02211	0.033446741
LINC02212	0.007356713
LINC02213	0
LINC02214	0
LINC02215	0
LINC02216	0
LINC02217	0.096035534
LINC02218	0.035372005
LINC02219	0
LINC02220	0
LINC02221	0
LINC02222	0
LINC02223	0.01267783
LINC02224	0
LINC02225	0
LINC02226	0.019747698
LINC02227	0.012542528
LINC02228	0.029344191
LINC02229	0
LINC02230	0
LINC02231	0.105166429
LINC02232	0
LINC02233	0.043770385
LINC02234	0.075608193
LINC02235	0
LINC02236	0.028387315
LINC02237	0
LINC02238	0
LINC02239	0
LINC02240	0
LINC02241	0
LINC02242	0.073337588
LINC02243	0.097834327
LINC02245	0.021406828
LINC02246	0.034486488
LINC02247	0
LINC02248	0
LINC02249	0
LINC02250	0
LINC02251	0.012802123
LINC02252	0
LINC02253	0.063376332
LINC02254	0.018157356
LINC02255	0
LINC02256	0.603347558
LINC02257	0.329725208
LINC02258	0
LINC02259	0.105520525
LINC02260	0
LINC02261	0.011184724
LINC02262	0
LINC02263	0
LINC02264	0
LINC02265	0.098243248
LINC02266	0
LINC02267	0.006467106
LINC02268	0.018890655
LINC02269	0
LINC02270	0
LINC02271	0
LINC02272	0
LINC02273	0.397394181
LINC02274	0.080084146
LINC02275	0.007179747
LINC02276	0
LINC02277	0.023214516
LINC02278	0
LINC02279	0.021261598
LINC02280	0.016425365
LINC02281	0
LINC02282	0
LINC02283	0
LINC02284	0.166699979
LINC02285	1.19642148
LINC02286	0.054981747
LINC02287	0.011322108
LINC02288	0.257233346
LINC02289	1.166959536
LINC02290	0
LINC02291	0
LINC02292	0
LINC02293	0
LINC02294	0
LINC02295	0
LINC02296	0.028804776
LINC02297	0
LINC02298	2.423027387
LINC02299	0
LINC02300	0
LINC02301	0
LINC02302	0.080939039
LINC02303	0
LINC02304	0
LINC02305	0
LINC02306	0
LINC02307	0
LINC02308	0.122996845
LINC02309	0
LINC02310	0
LINC02311	0
LINC02312	0.00504826
LINC02313	0.028490542
LINC02314	0
LINC02315	0.675422327
LINC02316	0
LINC02317	0
LINC02318	0
LINC02319	0.044899135
LINC02320	0.138059894
LINC02321	0.163227062
LINC02322	0.046360349
LINC02323	0.01955059
LINC02324	0
LINC02325	0.023341308
LINC02326	0
LINC02327	0
LINC02328	1.019336349
LINC02329	0
LINC02330	0.112935481
LINC02331	0
LINC02332	0.040595332
LINC02333	0.055175345
LINC02334	0.041078317
LINC02335	0
LINC02336	0
LINC02337	0
LINC02338	0.005691899
LINC02339	0
LINC02340	0.142712186
LINC02342	0
LINC02343	0.027346942
LINC02344	0
LINC02345	2.624435122
LINC02346	0.026615368
LINC02347	0
LINC02348	0.032044577
LINC02349	0
LINC02351	0.487986789
LINC02352	0.28850233
LINC02353	0
LINC02354	0.116195536
LINC02355	0
LINC02356	2.663421755
LINC02358	0
LINC02359	0
LINC02360	0.166953708
LINC02361	0.51739899
LINC02362	0.328459806
LINC02363	0.099892465
LINC02364	0
LINC02365	0.173010388
LINC02366	0
LINC02367	0.182123906
LINC02368	0
LINC02369	0
LINC02370	0
LINC02371	0.027636328
LINC02372	0
LINC02373	0.03704444
LINC02374	0
LINC02375	0
LINC02376	0
LINC02377	0
LINC02378	0
LINC02379	0
LINC02380	0
LINC02381	1.751263034
LINC02382	0
LINC02383	0
LINC02384	0.691913158
LINC02385	0
LINC02386	0
LINC02387	0
LINC02388	0.013245814
LINC02389	0.067099891
LINC02390	0.055963564
LINC02391	0.254634217
LINC02392	0
LINC02393	0.006780527
LINC02394	0
LINC02395	0.00333329
LINC02396	0
LINC02397	0.038341309
LINC02398	0.14542736
LINC02399	0.039174495
LINC02400	0
LINC02401	0
LINC02402	0
LINC02403	0
LINC02404	0.013190066
LINC02405	0
LINC02406	0
LINC02407	0.104378338
LINC02408	0.185238418
LINC02409	0
LINC02410	0.03987226
LINC02411	0
LINC02412	0.03704444
LINC02413	0.11273236
LINC02414	0
LINC02415	0
LINC02416	0
LINC02417	0
LINC02418	0.003328334
LINC02419	0
LINC02420	0
LINC02421	0.014995022
LINC02422	0.073567127
LINC02423	0
LINC02424	0
LINC02425	0
LINC02426	0
LINC02427	0.150189757
LINC02428	0
LINC02429	0
LINC02430	0
LINC02431	0
LINC02432	0.041786128
LINC02433	0.020991022
LINC02434	0.04629187
LINC02435	0.160991075
LINC02436	0
LINC02437	0
LINC02438	0
LINC02439	0
LINC02440	0
LINC02441	0
LINC02442	0
LINC02443	0
LINC02444	0
LINC02445	0
LINC02446	0.451319067
LINC02447	0.249850619
LINC02448	0
LINC02449	0.44866995
LINC02450	0.156229292
LINC02451	0.019321576
LINC02453	0.45751235
LINC02454	0.035016308
LINC02455	0.031592335
LINC02457	0
LINC02458	0.047952459
LINC02459	0
LINC02460	0
LINC02461	0
LINC02462	0
LINC02463	0
LINC02464	0.085161946
LINC02465	0
LINC02466	0
LINC02468	0.074264445
LINC02469	0
LINC02470	0.048017767
LINC02471	11.32756481
LINC02472	0
LINC02473	0
LINC02474	0.011471302
LINC02475	0.016652283
LINC02476	0
LINC02477	0
LINC02479	0
LINC02480	0
LINC02482	2.636387814
LINC02483	0
LINC02484	0
LINC02485	0
LINC02487	0.006128196
LINC02488	0
LINC02489	11.15477145
LINC02490	0
LINC02491	0
LINC02492	0
LINC02493	0
LINC02494	0
LINC02495	0
LINC02496	0
LINC02497	0
LINC02499	0
LINC02500	0
LINC02501	0
LINC02502	0.04881557
LINC02503	0
LINC02504	0.003166255
LINC02505	0
LINC02506	0
LINC02507	0
LINC02508	0
LINC02509	0
LINC02510	0
LINC02511	0
LINC02512	0.328737021
LINC02513	0.031339596
LINC02514	0
LINC02515	0
LINC02516	0.230047853
LINC02517	0
LINC02518	0.154890919
LINC02519	0.128393131
LINC02520	0.087540771
LINC02521	0
LINC02522	0
LINC02523	0
LINC02525	0
LINC02526	0.112194258
LINC02527	0
LINC02528	0
LINC02529	0
LINC02530	0.035055476
LINC02531	0
LINC02532	0.130384098
LINC02533	0.013793836
LINC02534	0
LINC02535	0.012470989
LINC02536	0
LINC02538	0.006859181
LINC02539	0
LINC02540	0
LINC02541	0.196794951
LINC02542	0.972213744
LINC02543	0
LINC02544	0.086414327
LINC02545	0
LINC02546	0
LINC02547	0.00473694
LINC02548	0
LINC02549	0
LINC02550	0.95622783
LINC02551	0.083386952
LINC02552	0.109408985
LINC02553	0
LINC02554	0.003101702
LINC02555	3.47771529
LINC02556	0.271730601
LINC02557	0
LINC02558	0
LINC02559	0
LINC02560	0.136555974
LINC02561	0.339663251
LINC02562	0.07584607
LINC02563	0
LINC02564	0
LINC02565	0
LINC02567	0
LINC02568	0.217831273
LINC02569	0.110480362
LINC02570	1.235541018
LINC02571	0.087704093
LINC02572	0.055665357
LINC02573	0
LINC02574	0.213194531
LINC02575	0.635726454
LINC02576	0.069151801
LINC02577	0.247743842
LINC02578	0
LINC02579	0
LINC02580	0.279817821
LINC02582	0
LINC2194	0
LINCMD1	0
LINC-PINT	4.421555403
LINC-ROR	0
LINGO1	0.054342425
LINGO1-AS1	0.01152191
LINGO1-AS2	0
LINGO2	0.036022524
LINGO3	0.097892535
LINGO4	0.027824442
LINP1	0.017088111
LINS1	2.06583858
LIPA	37.08093338
LIPC	0.126954382
LIPC-AS1	0
LIPE	1.270198762
LIPE-AS1	0.547400263
LIPF	0
LIPG	1.140099702
LIPH	7.964150121
LIPI	0.008984976
LIPJ	0.006921289
LIPK	0
LIPM	0.145186745
LIPN	0.458181228
LIPT1	4.042931646
LIPT1P1	0
LIPT2	0.620455354
LITAF	56.82005012
LIVAR	0.163227062
LIX1	0.026655792
LIX1-AS1	0.03495772
LIX1L	7.277093609
LIX1L-AS1	0.226748924
LKAAEAR1	0.036105525
LLCFC1	0
LLGL1	2.049018478
LLGL2	10.92071394
LLPH	3.117099814
LLPH-AS1	0.100608655
LLPHP1	0
LLPHP2	0
LMAN1	12.29362458
LMAN1L	0.003814459
LMAN2	66.42877452
LMAN2L	7.901418996
LMBR1	2.631741181
LMBR1L	6.540527557
LMBRD1	41.49038936
LMBRD2	2.426483385
LMCD1	11.42612392
LMCD1-AS1	0.060660413
LMF1	1.520729819
LMF1-AS1	0.508619134
LMF2	16.02383076
LMLN	0.995136734
LMLN-AS1	0.086733199
LMNA	185.7762794
LMNB1	2.156592072
LMNB1-DT	0.017144199
LMNB2	3.701095513
LMNTD1	0.040661169
LMNTD2	0.76906984
LMO1	0
LMO2	12.48442896
LMO3	7.276353412
LMO4	9.104225167
LMO7	35.05117966
LMO7-AS1	0.343520023
LMO7DN	0.590806437
LMO7DN-IT1	1.122758112
LMOD1	25.48364529
LMOD2	0.022951004
LMOD3	0.179565038
LMTK2	4.569429002
LMTK3	0.631283746
LMX1A	0.014977107
LMX1B	0.002687787
LNCPRESS1	0
LNCPRESS2	0
LNCSRLR	0.088405066
LNP1	2.550087179
LNPEP	2.25613887
LNPK	2.502838816
LNX1	0.711641481
LNX1-AS1	0.011346704
LNX1-AS2	0.035332126
LNX2	15.0331172
LOC101927550	0.65384231
LOC101929006	0
LOC644634	0
LOC644634	0
LOH12CR2	1.332950349
LONP1	7.42350902
LONP2	6.392559953
LONRF1	10.19294863
LONRF2	2.763273787
LONRF2P1	0
LONRF2P2	0
LONRF3	5.704101175
LOR	0
LOX	2.854264594
LOXHD1	0.550701326
LOXL1	2.003424819
LOXL1-AS1	0.282138035
LOXL2	3.281129946
LOXL3	1.397100944
LOXL4	2.264892784
LPA	0.007323476
LPAL2	0.529320626
LPAR1	4.871615486
LPAR2	3.302225886
LPAR3	0.65456678
LPAR4	0.050336646
LPAR5	0.456915534
LPAR6	8.757499799
LPCAT1	68.94566339
LPCAT2	3.82950568
LPCAT2BP	0
LPCAT3	4.218409111
LPCAT4	3.790922165
LPGAT1	4.154749258
LPIN1	4.043946687
LPIN2	12.76166784
LPIN3	2.516092427
LPL	39.81458943
LPO	0.002435846
LPP	3.44140306
LPP-AS1	0
LPP-AS2	0.631846693
LPXN	17.49275382
LRAT	0.091175762
LRBA	2.063555687
LRCH1	4.003765274
LRCH2	2.72449115
LRCH3	2.015910399
LRCH4	1.803470462
LRCOL1	0.802031488
LRFN1	0.407850406
LRFN2	0
LRFN3	0.825338025
LRFN4	1.302122535
LRFN5	0.117395881
LRG1	14.80953459
LRGUK	0.077167365
LRIF1	2.864790464
LRIG1	9.762426765
LRIG2	1.458035957
LRIG3	1.550227767
LRIT1	0
LRIT2	0
LRIT3	0.14877663
LRMDA	4.259031985
LRMP	1.62803096
LRP1	10.05802668
LRP10	21.00396292
LRP11	5.738797625
LRP12	1.133123369
LRP1-AS	0.089134232
LRP1B	0.004597406
LRP2	0.934791147
LRP2BP	3.549124084
LRP3	1.860692402
LRP4	0.668932868
LRP4-AS1	0.174756111
LRP5	6.843461421
LRP5L	1.489576846
LRP6	3.250077092
LRP8	0.226080143
LRPAP1	15.69314822
LRPPRC	8.393617204
LRR1	3.859327102
LRRC1	3.251075099
LRRC10	0
LRRC10B	0.9321376
LRRC14	2.214099554
LRRC14B	0
LRRC15	0.039570197
LRRC17	1.037230458
LRRC18	0.182542098
LRRC19	0.091179207
LRRC2	0.827806831
LRRC20	2.338582266
LRRC23	5.536251485
LRRC24	0
LRRC25	5.190823352
LRRC26	0.025921916
LRRC27	0.622997014
LRRC28	1.430360912
LRRC29	1.105315284
LRRC2-AS1	0.006821854
LRRC3	0.71020042
LRRC30	0
LRRC31	1.092305225
LRRC32	104.8108825
LRRC34	0.623432491
LRRC34P1	0
LRRC34P2	0
LRRC36	10.77420514
LRRC37A	0.310698423
LRRC37A11P	0.019427663
LRRC37A12P	0
LRRC37A13P	0
LRRC37A14P	1.458444402
LRRC37A15P	0.208159678
LRRC37A16P	1.922271418
LRRC37A17P	0.478679284
LRRC37A2	0.282965565
LRRC37A3	0.510637312
LRRC37A4P	0.560066728
LRRC37A5P	0.234598473
LRRC37A6P	0.027857419
LRRC37A7P	0.096551854
LRRC37A9P	0
LRRC37B	0.788354747
LRRC37BP1	1.238040557
LRRC38	0.021280848
LRRC39	0.519440817
LRRC3-AS1	0.019986987
LRRC3B	0.076648355
LRRC3C	0.087933771
LRRC4	3.715559138
LRRC40	8.226100611
LRRC41	7.468918356
LRRC42	10.34687615
LRRC43	0.191990318
LRRC45	1.599136345
LRRC46	0.827943227
LRRC47	7.671816511
LRRC49	0.834384199
LRRC4B	1.03929772
LRRC4C	0.231126595
LRRC52	0.400615727
LRRC53	0.00812117
LRRC55	0.040550309
LRRC56	1.018621755
LRRC57	3.837304488
LRRC58	3.037597182
LRRC59	25.37684353
LRRC6	0.9645556
LRRC61	2.222991452
LRRC63	0.117069839
LRRC66	0.061228546
LRRC69	0.230739826
LRRC6P1	0
LRRC7	0.081279323
LRRC70	0.466819238
LRRC71	0.440731681
LRRC72	0
LRRC73	0.3029051
LRRC74A	0.122367186
LRRC74B	0.036757014
LRRC75A	1.157741503
LRRC75A-AS1	113.9489035
LRRC75B	1.744650215
LRRC77P	0.03429912
LRRC8A	13.93203837
LRRC8B	3.24764764
LRRC8C	2.849540202
LRRC8C-DT	0.65290825
LRRC8D	2.793564564
LRRC8E	0.20270471
LRRC9	0.005895334
LRRCC1	4.198206491
LRRD1	0.008593254
LRRFIP1	23.52115548
LRRFIP1P1	0.327907616
LRRFIP2	4.836084781
LRRIQ1	0.265308749
LRRIQ3	0.137752534
LRRIQ4	0.025730374
LRRK1	1.086201906
LRRK2	30.28757242
LRRN1	0.474062838
LRRN2	0.457874752
LRRN3	2.220056542
LRRN4	6.350575636
LRRN4CL	1.236610751
LRRTM1	0.034172835
LRRTM2	0.095124286
LRRTM3	0.006739698
LRRTM4	0.263577009
LRSAM1	3.51089632
LRTM1	0
LRTM2	0.003663736
LRTOMT	1.09158098
LRWD1	1.790154108
LSAMP	2.411905015
LSAMP-AS1	0
LSG1	7.951983415
LSM1	15.53998902
LSM10	23.95509894
LSM11	0.587855423
LSM12	1.761528341
LSM12P1	1.092621969
LSM14A	18.45194621
LSM14B	5.770156315
LSM1P1	0
LSM1P2	0
LSM2	48.04240759
LSM3	14.98385926
LSM3P2	0
LSM3P3	0.05120849
LSM3P4	0
LSM3P5	0
LSM4	25.62831933
LSM5	7.2632397
LSM6	9.792871836
LSM6P2	0
LSM7	23.44009829
LSM8	3.832918382
LSMEM1	1.094225863
LSMEM2	0.33563155
LSP1	12.61071907
LSP1P1	0
LSP1P2	0.70690818
LSP1P3	0
LSR	21.50566926
LSS	10.21199739
LST1	41.06709882
LTA	0.234550805
LTA4H	37.4433554
LTB	4.736668579
LTB4R	1.831945029
LTB4R2	0.504070211
LTBP1	6.358572688
LTBP2	19.046449
LTBP3	6.367202372
LTBP4	16.16841761
LTBR	16.12392271
LTC4S	0.065729018
LTF	3.003347202
LTK	3.834386099
LTN1	3.521997183
LTV1	10.66428591
LTV1P1	0
LUADT1	0
LUARIS	0
LUC7L	8.750831166
LUC7L2	6.125511597
LUC7L3	13.90692169
LUCAT1	0.728451353
LUM	158.5733547
LURAP1	0.862092446
LURAP1L	19.13890899
LURAP1L-AS1	0.078447049
LUZP1	4.04805819
LUZP2	0.049571161
LUZP4	0
LUZP4P1	0
LUZP6	0
LVRN	0.033058646
LXN	17.33679778
LY6D	0.05045009
LY6E	118.1051668
LY6E-DT	0.357887938
LY6G5B	1.726727987
LY6G5C	1.398982347
LY6G6C	0.369369672
LY6G6D	0.051041687
LY6G6E	0.184517549
LY6G6F	0.766457511
LY6G6F-LY6G6D	0.037132223
LY6H	0.266578169
LY6K	0.955900248
LY6L	0
LY75	1.305519656
LY75-CD302	0.002773416
LY86	23.90456424
LY86-AS1	0.0839004
LY9	0.529315396
LY96	39.83278139
LYAR	7.263921019
LYARP1	0
LYG1	0.587796631
LYG2	0.194897985
LYL1	2.712949957
LYN	18.05130327
LYNX1	0.832920211
LYPD1	0.142925189
LYPD2	0.501222495
LYPD3	0.609622947
LYPD4	0
LYPD5	1.560516123
LYPD6	0.155670554
LYPD6B	0.307495373
LYPD8	0.007004827
LYPLA1	20.95426545
LYPLA1P1	0
LYPLA1P2	0
LYPLA1P3	0.045092944
LYPLA2	16.31200283
LYPLA2P1	0
LYPLA2P2	0
LYPLA2P3	0
LYPLAL1	9.736829974
LYPLAL1-AS1	0.367937246
LYRM1	17.32705467
LYRM2	6.169339756
LYRM4	3.773495779
LYRM7	3.175410174
LYRM9	2.216490014
LYSMD1	1.861881899
LYSMD2	11.23480695
LYSMD3	14.62608191
LYSMD4	1.730086526
LYST	2.043608814
LYST-AS1	0.030076388
LYVE1	31.70069233
LYZ	529.3176038
LYZL1	0
LYZL2	0
LYZL4	0.015468705
LYZL6	0
LZIC	6.012177326
LZTFL1	4.4522159
LZTR1	4.686837409
LZTS1	1.562585885
LZTS1-AS1	0
LZTS2	6.974460265
LZTS3	3.993692723
M1AP	0.642461718
M6PR	19.94715085
MAATS1	0.665955389
MAB21L1	0.051749663
MAB21L2	0.028264426
MAB21L3	0.057751098
MACC1	3.319818791
MACC1-AS1	0.049044751
MACF1	8.587814213
MACO1	6.340380691
MACROD1	5.355785432
MACROD2	4.996267573
MACROD2-AS1	0.008798314
MACROD2-IT1	0
MAD1L1	2.143489656
MAD2L1	0.643366793
MAD2L1BP	16.87837284
MAD2L2	9.183142747
MADCAM1	0.153683421
MADD	4.440370149
MAEA	3.837566436
MAEL	0.149330985
MAF	3.92418823
MAF1	35.07081419
MAFA	0.056321159
MAFA-AS1	0
MAFB	11.88281469
MAFF	35.50611574
MAFG	5.484429298
MAFG-AS1	0.562293543
MAFK	13.56080769
MAFTRR	0.121735534
MAG	0.28085874
MAGEA1	0
MAGEA10	0
MAGEA10-MAGEA5	0
MAGEA11	0
MAGEA12	0
MAGEA13P	0
MAGEA2	0
MAGEA2B	0
MAGEA3	0
MAGEA4	0
MAGEA5	0.03326921
MAGEA6	0
MAGEA7P	0
MAGEA8	0.019893946
MAGEA8-AS1	0.164598718
MAGEA9	0
MAGEA9B	0
MAGEB1	0
MAGEB10	0
MAGEB16	0
MAGEB17	0.077814019
MAGEB18	0
MAGEB2	0
MAGEB3	0
MAGEB4	0
MAGEB5	0
MAGEB6	0
MAGEB6B	0
MAGEC1	0.003669742
MAGEC2	0
MAGEC3	0.005671299
MAGED1	11.26266731
MAGED2	68.84051391
MAGED4	0
MAGED4B	0
MAGEE1	0.513693102
MAGEE2	0.076641964
MAGEF1	13.04539417
MAGEH1	29.20670283
MAGEL2	0.025520844
MAGI1	3.022580144
MAGI1-AS1	0.026514041
MAGI1-IT1	0.07325188
MAGI2	0.667857383
MAGI2-AS1	0
MAGI2-AS2	0
MAGI2-AS3	3.748620062
MAGI3	5.995900699
MAGIX	1.159816652
MAGOH	21.32506344
MAGOH2P	0.921752823
MAGOH3P	0.070110953
MAGOHB	3.478591894
MAGT1	41.54011237
MAIP1	8.64540579
MAJIN	0.034049974
MAK	1.724196892
MAK16	4.290924874
MAL	11.01295343
MAL2	92.55688261
MAL2-AS1	0.568870554
MALAT1	30.6129326
MALINC1	1.330497532
MALL	3.765303528
MALRD1	0.420895487
MALSU1	5.346692953
MALT1	3.573002787
MAMDC2	12.73831788
MAMDC2-AS1	0.225624753
MAMDC4	0.828043814
MAML1	2.678084278
MAML2	2.951450206
MAML3	1.264846786
MAMLD1	1.170369269
MAMSTR	0.892452071
MAN1A1	18.50123736
MAN1A2	3.682815873
MAN1A2P1	0
MAN1B1	8.289136929
MAN1B1-AS1	0.88728557
MAN1C1	1.642325382
MAN2A1	2.964197928
MAN2A2	5.395599309
MAN2B1	11.8121235
MAN2B2	6.547573493
MAN2C1	6.854277655
MANBA	5.155785141
MANBAL	33.07131938
MANEA	3.434848722
MANEA-AS1	0.186545214
MANEAL	1.23572297
MANF	23.84986308
MANSC1	3.173036402
MANSC4	0.13785746
MAOA	25.69869548
MAOB	9.718418472
MAP10	0.178268464
MAP1A	0.343500135
MAP1B	1.452837169
MAP1LC3A	11.92576567
MAP1LC3B	24.10193661
MAP1LC3B2	0.948878543
MAP1LC3BP1	0
MAP1LC3C	2.783974263
MAP1LC3P	0.047484236
MAP1S	4.194158233
MAP2	4.671522094
MAP2K1	14.48591328
MAP2K1P1	0
MAP2K2	10.93234761
MAP2K3	27.7731947
MAP2K4	6.345801988
MAP2K4P1	0.148119398
MAP2K5	2.694171192
MAP2K6	0.534691883
MAP2K7	4.324803334
MAP3K1	2.666465107
MAP3K10	1.739944718
MAP3K11	9.49176802
MAP3K12	1.704392781
MAP3K13	3.847001821
MAP3K14	8.571261685
MAP3K14-AS1	0.971319929
MAP3K15	0.473568645
MAP3K19	0.083433201
MAP3K2	5.644013963
MAP3K20	6.488674957
MAP3K20-AS1	0.113065122
MAP3K21	0.799721878
MAP3K3	7.774600937
MAP3K4	3.741419462
MAP3K5	4.500302158
MAP3K6	14.78993456
MAP3K7	5.852052689
MAP3K7CL	2.372944726
MAP3K8	26.60514994
MAP3K9	0.885585225
MAP4	13.9803716
MAP4K1	2.231747096
MAP4K2	4.015270502
MAP4K3	7.792282932
MAP4K4	6.301457098
MAP4K5	5.241773633
MAP6	1.105874132
MAP6D1	0.579157816
MAP7	4.617225221
MAP7D1	22.77486671
MAP7D2	0.064455293
MAP7D3	1.7938116
MAP9	1.489665791
MAPK1	8.906184587
MAPK10	0.975371493
MAPK11	6.301730518
MAPK12	1.034233272
MAPK13	10.57063627
MAPK14	9.664564914
MAPK15	1.23573996
MAPK1IP1L	15.79088687
MAPK3	20.49160283
MAPK4	0.867910138
MAPK6	8.801383094
MAPK6PS2	0
MAPK6PS3	0.01449565
MAPK6PS4	0.007315499
MAPK6PS6	0
MAPK7	4.496472057
MAPK8	3.638765013
MAPK8IP1	1.912808389
MAPK8IP1P1	0
MAPK8IP1P2	0
MAPK8IP2	0.249612102
MAPK8IP3	4.809873823
MAPK9	4.941542103
MAPKAP1	9.974648152
MAPKAPK2	38.02213916
MAPKAPK3	19.87398761
MAPKAPK5	2.164862139
MAPKAPK5-AS1	9.778227656
MAPKAPK5P1	0
MAPKBP1	1.847332563
MAPRE1	50.65353305
MAPRE1P1	0.019660976
MAPRE1P3	0
MAPRE2	9.158464458
MAPRE3	5.703462178
MAPT	0.101874692
MAPT-AS1	0.009678689
MAPT-IT1	0
MARC1	1.56054804
MARC2	15.00004536
MARCH1	1.664568312
MARCH10	0.146506241
MARCH11	0
MARCH2	22.90364427
MARCH3	1.957590134
MARCH4	0.014094714
MARCH5	9.262501491
MARCH6	9.62498266
MARCH7	17.65842694
MARCH8	2.666713201
MARCH9	3.583903861
MARCKS	27.13165959
MARCKSL1	27.28149645
MARCKSL1P1	0.086893519
MARCKSL1P2	0
MARCO	138.5936727
MARCOL	0
MARF1	4.720026156
MARK1	0.893846701
MARK2	4.606217837
MARK2P10	0
MARK2P11	0
MARK2P12	0
MARK2P13	0
MARK2P14	0
MARK2P15	0
MARK2P16	0
MARK2P17	0
MARK2P4	0
MARK2P5	0
MARK2P6	0.034938234
MARK2P8	0.065839487
MARK2P9	0.054440526
MARK3	9.280975845
MARK3P1	0
MARK3P3	0.021554055
MARK4	2.432249689
MARS	10.81813601
MARS2	1.520785297
MARVELD1	7.76301919
MARVELD2	3.797478607
MARVELD3	0.768175018
MAS1	0
MAS1L	0.31090869
MAS1LP1	0.104764648
MASP1	0.735805422
MASP2	0.648761338
MAST1	0.004797122
MAST2	4.221316662
MAST3	2.293084733
MAST4	3.731921226
MAST4-AS1	0.504176255
MAST4-IT1	0
MASTL	2.58502038
MAT1A	0.191095097
MAT2A	51.12328345
MAT2B	22.42365426
MATK	2.811557573
MATN1	0.078246929
MATN1-AS1	0.280374119
MATN2	4.527131888
MATN3	11.57896555
MATN4	0.044462337
MATR3	0.469880963
MATR3	0.117995467
MAU2	3.933969923
MAVS	5.468654333
MAX	11.42162025
MAZ	5.831454505
MB	0.130099799
MB21D2	5.545842995
MBD1	7.746474238
MBD2	11.47320493
MBD3	5.021526087
MBD3L1	0
MBD3L2	0
MBD3L2B	0
MBD3L3	0
MBD3L4	0
MBD3L5	0
MBD4	10.33758425
MBD5	0.859262195
MBD6	6.635934645
MBIP	30.87420118
MBL1P	1.964714733
MBL2	0
MBL3P	0.024331984
MBLAC1	0.568541366
MBLAC2	0.557663706
MBNL1	27.70961175
MBNL1-AS1	1.803751994
MBNL2	19.65429431
MBNL3	1.795751914
MBOAT1	4.192588092
MBOAT2	4.322641479
MBOAT4	0.062181738
MBOAT7	5.649655059
MBP	2.572490071
MBTD1	2.043319027
MBTPS1	9.236885221
MBTPS2	1.486761387
MC1R	0.641881772
MC2R	0.008393036
MC3R	0
MC4R	0
MC5R	0
MCAM	26.05510335
MCAT	3.819021119
MCC	1.500485961
MCCC1	7.50308078
MCCC1-AS1	0.47111811
MCCC2	5.165268182
MCCD1	0.016408165
MCCD1P1	0.191095097
MCCD1P2	0.046775516
MCEE	7.15947667
MCEMP1	161.5074405
MCF2	0.015682344
MCF2L	1.285508311
MCF2L2	0.060948261
MCF2L-AS1	0.8143013
MCFD2	22.06424676
MCFD2P1	0
MCHR1	0.026460314
MCHR2	0
MCHR2-AS1	0
MCIDAS	0.007493925
MCL1	265.9025982
MCM10	0.066080923
MCM2	1.361757231
MCM3	9.89558476
MCM3AP	5.626729814
MCM3AP-AS1	0.445059351
MCM4	1.722208162
MCM5	3.316325468
MCM6	4.741274478
MCM7	10.40843204
MCM8	0.747733177
MCM8-AS1	0.015940791
MCM9	1.064633362
MCMBP	14.70610542
MCMDC2	0.162764663
MCOLN1	8.900413572
MCOLN2	2.877197075
MCOLN3	2.127004137
MCPH1	1.84991784
MCPH1-AS1	0.149187177
MCRIP1	25.40980126
MCRIP2	4.613158647
MCRIP2P1	0.061329933
MCRIP2P2	0
MCRS1	14.31804424
MCTP1	1.650066411
MCTP2	2.11176427
MCTS1	10.16299905
MCTS2P	0.660083066
MCU	7.843541065
MCUB	5.69051834
MCUR1	5.751025415
MCUR1P1	0.065978097
MCUR1P2	0
MDC1	3.470518256
MDC1-AS1	0.021232789
MDFI	2.80106179
MDFIC	10.41939132
MDFIC2	0
MDGA1	0.698055426
MDGA2	0
MDH1	24.23009245
MDH1B	0.322465296
MDH2	30.84897336
MDK	15.85532384
MDM1	1.23941905
MDM2	6.677343287
MDM4	5.241296894
MDN1	1.76476867
MDP1	3.303520846
MDS2	0.204833961
ME1	8.529836642
ME2	3.320397225
ME2P1	0
ME3	4.258363551
MEA1	60.77982252
MEAF6	20.63542082
MEAF6P1	0
MECOM	6.379465161
MECP2	3.136531229
MECR	2.972547095
MED1	2.729922515
MED10	12.84423336
MED11	14.67253258
MED12	3.228928071
MED12L	0.058362826
MED13	4.894880497
MED13L	3.123990381
MED13P1	0
MED14	3.342976788
MED14OS	1.584390686
MED14P1	0
MED15	7.899849962
MED15P1	0
MED15P3	0
MED15P4	0
MED15P5	0
MED15P6	0
MED15P7	0
MED15P8	0
MED15P9	0
MED16	6.881052932
MED17	2.282178878
MED18	10.26026397
MED19	9.039928533
MED20	4.053687828
MED21	16.11695104
MED22	2.524867783
MED23	3.207107873
MED24	12.43545446
MED25	4.544753503
MED26	1.128931037
MED27	9.385517356
MED28	6.998757891
MED28P1	0
MED28P2	0
MED28P3	0.236079819
MED28P4	0
MED28P5	0
MED28P6	0
MED28P7	0.059131313
MED28P8	0.721833305
MED29	15.22851033
MED30	8.476925442
MED31	6.989191877
MED4	22.83351396
MED4-AS1	0.867331992
MED6	4.479207485
MED6P1	0
MED7	5.782709524
MED8	12.46513886
MED9	1.794790134
MEDAG	2.666637906
MEF2A	9.784289751
MEF2AP1	0
MEF2B	0.110231263
MEF2BNBP1	0
MEF2C	4.336342198
MEF2C-AS1	0.234763634
MEF2C-AS2	0
MEF2D	9.945424914
MEFV	0.562538919
MEG3	1.715141819
MEG8	0.099707355
MEG9	0.088999231
MEGF10	0.010438413
MEGF11	0.597901328
MEGF6	4.16955983
MEGF8	1.598396559
MEGF9	10.25080466
MEI1	1.496374183
MEI4	0.016322706
MEIG1	0.133644333
MEIKIN	0.047198187
MEIOB	0.015607369
MEIOC	0.050964612
MEIS1	3.956860459
MEIS1-AS2	0.045684542
MEIS1-AS3	0
MEIS2	1.821225827
MEIS3	0.639396287
MEIS3P1	2.84608022
MEIS3P2	0.320684238
MELK	0.218270591
MELTF	0.201636862
MELTF-AS1	0.784177775
MEMO1	0.576360386
MEMO1P1	1.182293317
MEMO1P3	0
MEMO1P4	0
MEMO1P5	0
MEN1	3.343579129
MEOX1	0.787252504
MEOX2	2.356737618
MEOX2-AS1	0.202335986
MEP1A	0.021033286
MEP1AP4	0
MEP1B	0
MEPCE	15.72936155
MEPE	0
MERTK	3.794091514
MESD	7.488535952
MESP1	0.429943803
MESP2	0.043942227
MEST	7.718162216
MESTIT1	0.053272747
MESTP1	0.063057537
MESTP2	0
MESTP3	0.016187808
MESTP4	0
MET	7.112516634
METAP1	9.22603603
METAP1D	1.017729148
METAP2	25.65576144
METRN	3.03039972
METRNL	21.30877709
METTL1	6.002471265
METTL11B	0
METTL13	4.880689629
METTL14	2.954928389
METTL15	2.239763816
METTL15P1	0.314895462
METTL15P3	0
METTL16	2.841400576
METTL17	6.244673374
METTL18	3.674160493
METTL21A	1.523644671
METTL21AP1	0
METTL21C	0.043207164
METTL21EP	0.026820365
METTL22	1.416242949
METTL23	9.300360774
METTL24	0.388653389
METTL25	1.941655252
METTL26	15.00190496
METTL27	2.752081608
METTL2A	4.721734602
METTL2B	3.714872839
METTL3	5.309227451
METTL4	2.066858401
METTL5	8.77836851
METTL6	1.851087442
METTL7A	49.12402996
METTL7AP1	0
METTL7B	1.425472991
METTL8	0.94728082
METTL8P1	0
METTL9	13.31543034
MEX3A	0.13305511
MEX3B	0.240576642
MEX3C	2.978539333
MEX3D	2.408200534
MFAP1	14.24346998
MFAP1P1	0.087401264
MFAP2	1.354644629
MFAP3	2.51789325
MFAP3L	0.846143994
MFAP4	208.6587971
MFAP5	1.641366869
MFF	8.12281561
MFGE8	16.08921777
MFHAS1	6.04663424
MFN1	6.365773232
MFN2	19.19573887
MFNG	14.01112773
MFRP	0
MFSD1	14.50226766
MFSD10	15.36225527
MFSD11	3.385171177
MFSD12	3.99985179
MFSD13A	3.021968983
MFSD13B	0.425149558
MFSD14A	34.236086
MFSD14B	20.69345844
MFSD14C	3.138733338
MFSD1P1	0.094467509
MFSD2A	28.15245215
MFSD2B	0.109455552
MFSD3	2.888125138
MFSD4A	2.52773598
MFSD4B	0.715371778
MFSD4BP1	0
MFSD5	9.082533049
MFSD6	9.519837481
MFSD6L	0.307953068
MFSD8	4.008698073
MFSD9	1.119527587
MGA	1.260614875
MGAM	0.114972977
MGAM2	0
MGARP	0.620238457
MGAT1	33.14443777
MGAT2	0.863092707
MGAT2P1	0
MGAT2P2	0
MGAT3	5.938270524
MGAT3-AS1	0.440516409
MGAT4A	7.473663778
MGAT4B	10.14045526
MGAT4C	0.007901782
MGAT4D	0.005601358
MGAT4EP	0
MGAT5	4.296498587
MGAT5B	0.304267922
MGEA5	15.04058436
MGLL	17.00224271
MGME1	3.984529113
MGMT	8.387769294
MGP	200.459409
MGRN1	5.589237077
MGST1	24.28608073
MGST2	16.36907873
MGST3	16.11185753
MHENCR	3.971247182
MIA	0.036050149
MIA2	0.069288222
MIA2	0.021406828
MIA3	4.286046408
MIA-RAB4B	0.012750039
MIAT	0.896195313
MIATNB	1.436535749
MIB1	4.226300545
MIB2	2.448685212
MICA	21.23237926
MICAL1	9.731442008
MICAL2	4.682404056
MICAL3	0.498399677
MICALCL	3.722031484
MICALL1	3.660137132
MICALL2	2.652684338
MICB	3.500222926
MICC	0.014852889
MICD	0.154192354
MICE	0.771977948
MICF	0.971770418
MICG	0
MICU1	12.82140439
MICU2	16.90790549
MICU3	2.139883399
MID1	2.84736835
MID1IP1	25.48926244
MID1IP1-AS1	1.625324792
MID2	1.89737625
MIDN	39.96286861
MIEF1	3.515593329
MIEF2	4.417864438
MIEN1	24.7353094
MIER1	10.88532927
MIER2	4.397518906
MIER3	4.774625243
MIF	23.58241015
MIF4GD	10.1239387
MIF-AS1	0.668832841
MIGA1	2.039980998
MIGA2	2.57847993
MIIP	8.009871927
MILR1	2.907886522
MIMT1	0
MINCR	2.074435891
MINDY1	5.690219366
MINDY2	4.869670669
MINDY3	9.710375552
MINDY4	0.386618516
MINDY4B	0
MINK1	12.50456695
MINOS1	7.146890839
MINOS1-NBL1	0
MINOS1P2	0.273708262
MINOS1P3	4.554276264
MINOS1P4	0
MINPP1	6.182712073
MIOS	3.694562142
MIOX	0.008724832
MIOXP1	0.03753245
MIP	0.009360692
MIPEP	3.555255019
MIPEPP1	0
MIPEPP2	0
MIPEPP3	1.49840856
MIPOL1	0.391551496
MIR100	0
MIR100HG	2.595853848
MIR101-1	0
MIR101-2	0.172195582
MIR103A1	0
MIR103A2	3.817002075
MIR105-1	0
MIR105-2	0
MIR106B	0.382190195
MIR107	0
MIR10B	0.142452709
MIR1-1	0
MIR1179	0
MIR1180	0
MIR1183	0.704260584
MIR1184-1	0
MIR1184-2	0
MIR1184-3	0
MIR1185-1	0
MIR1185-2	0
MIR1193	0
MIR1197	0
MIR1-1HG	0.012844097
MIR1-1HG-AS1	0.106095188
MIR1200	0
MIR1202	0
MIR1203	0
MIR1205	0
MIR1207	0
MIR1208	0
MIR1224	0
MIR1225	0
MIR1226	0.41786128
MIR1227	0
MIR1228	0
MIR1229	0
MIR1231	0
MIR1233-1	0
MIR1233-2	0
MIR1237	0
MIR1238	0
MIR124-2	0
MIR124-2HG	0
MIR124-3	0
MIR1245A	0
MIR1249	0.279817821
MIR1250	0.416012336
MIR1251	0
MIR1252	0
MIR1253	0
MIR1254-1	2.423164638
MIR1254-2	0
MIR1255A	0
MIR1255B2	0
MIR1256	0
MIR1258	0
MIR125A	0
MIR125B1	0.712263545
MIR125B2	0
MIR126	16.96025195
MIR1260A	0
MIR1260B	0
MIR1261	0
MIR1262	0
MIR1263	0
MIR1264	0
MIR1265	0
MIR1266	0
MIR1267	0
MIR1268A	0
MIR1268B	0
MIR1269A	0
MIR1269B	0
MIR127	0
MIR1270	0.188792747
MIR1271	0
MIR1272	0
MIR1273A	0
MIR1273C	0
MIR1273D	0
MIR1273E	0
MIR1273F	0
MIR1273G	0
MIR1273H	0.135084465
MIR1275	0
MIR1276	0
MIR1277	0
MIR1278	0
MIR128-1	0
MIR1282	0
MIR128-2	0
MIR1283-1	0
MIR1283-2	0
MIR1284	0
MIR1285-1	0.559635643
MIR1285-2	0
MIR1286	0
MIR1288	0
MIR1289-1	0
MIR1289-2	0
MIR1290	0.602684538
MIR1291	0.279817821
MIR129-1	0
MIR129-2	0
MIR1293	0
MIR1294	0
MIR1295A	0
MIR1296	0.139908911
MIR1298	0
MIR1299	0.377585494
MIR1301	0
MIR1302-2HG	0
MIR1302-3	0
MIR1302-4	0
MIR1302-5	0.20893064
MIR1302-6	0
MIR1302-7	0
MIR1302-8	0.36726089
MIR1303	0.364413907
MIR1305	0
MIR130A	0
MIR132	0
MIR1323	0
MIR133A1HG	0.046551045
MIR133B	0
MIR134	0
MIR1343	0
MIR135A1	1.0446532
MIR135A2	0
MIR135B	0
MIR136	0
MIR137HG	0
MIR138-1	0
MIR138-2	0
MIR139	0
MIR140	0.284905418
MIR141	0.164945242
MIR145	0
MIR1468	0
MIR146B	3.846223144
MIR1470	0
MIR1471	0
MIR147A	0
MIR148A	0.141169351
MIR148B	0
MIR149	0
MIR150	0.419726732
MIR151A	0
MIR151B	0
MIR152	0
MIR153-1	0
MIR153-2	0
MIR1537	0
MIR1538	0
MIR154	0
MIR155HG	1.821614017
MIR1587	0
MIR15B	0
MIR16-1	0
MIR16-2	0
MIR17HG	1.135297506
MIR181A1	0
MIR181A1HG	0.024107382
MIR181A2	0
MIR181A2HG	1.136178706
MIR181B1	0
MIR181B2	0.176065146
MIR181C	0.427358127
MIR181D	0.45751235
MIR182	0.139908911
MIR1827	0
MIR183	0
MIR184	0
MIR185	0
MIR186	6.559450323
MIR187	0
MIR188	0
MIR190A	0
MIR190B	0
MIR191	0
MIR1911	0
MIR1912	0
MIR1913	0
MIR1915	0
MIR193A	0.178065886
MIR193B	0
MIR193BHG	0.528670648
MIR194-1	0
MIR194-2HG	0.01288988
MIR196A1	0
MIR196A2	0
MIR1972-1	0.61051161
MIR1972-2	0.20350387
MIR1976	0
MIR199A1	0.882805521
MIR199A2	0.427358127
MIR199B	0
MIR200A	0.988185459
MIR200B	0.282338703
MIR200C	0
MIR200CHG	15.08777693
MIR202HG	0.038126029
MIR203A	0
MIR204	0
MIR2052HG	0
MIR2053	0
MIR205HG	0.089083559
MIR206	0
MIR208A	0
MIR208B	0
MIR210	0.284905418
MIR210HG	1.21523638
MIR211	0
MIR2113	0
MIR2114	0
MIR2115	0
MIR2116	0
MIR2117HG	0
MIR212	0
MIR215	0
MIR216A	0
MIR216B	0
MIR217	0
MIR217HG	0
MIR218-1	0
MIR218-2	0
MIR219A1	0.712263545
MIR221	12.96319652
MIR222	1.399089107
MIR222HG	7.297568401
MIR2276	0
MIR2278	0
MIR22HG	67.74327606
MIR2355	0
MIR2392	0
MIR23A	11.16204789
MIR23B	4.361696349
MIR23C	0
MIR2467	0
MIR25	1.865452142
MIR2681	0
MIR26A1	0.20350387
MIR26A2	0.186545214
MIR26B	0.569810836
MIR27A	11.25011138
MIR27B	5.078175276
MIR28	0
MIR2909	0
MIR297	0
MIR298	0.356131773
MIR299	0
MIR29B2CHG	2.161420522
MIR300	0
MIR301A	0
MIR301B	0
MIR302A	0.227098522
MIR302C	0
MIR302D	0
MIR302E	0
MIR3065	0.287519229
MIR3074	0
MIR30A	0
MIR30B	0
MIR30C1	0
MIR30C2	2.080061681
MIR30D	0
MIR30E	0.138670779
MIR31	0
MIR3115	0
MIR3116-1	0
MIR3117	1.270524162
MIR3118-1	0
MIR3118-2	0
MIR3118-3	0
MIR3118-4	0
MIR3119-2	0
MIR3121	0.20350387
MIR3122	0
MIR3123	0
MIR3124	0
MIR3125	1.00447423
MIR3126	0
MIR3127	0
MIR3128	0
MIR3129	0.206181553
MIR3130-2	0
MIR3131	0
MIR3132	0
MIR3133	0
MIR3134	0.211754027
MIR3135A	0
MIR3135B	0
MIR3136	0
MIR3137	0.20893064
MIR3138	0.76438039
MIR3139	0
MIR3140	0
MIR3141	0
MIR3142	0
MIR3142HG	0.578849556
MIR3143	0
MIR3144	0
MIR3145	0.382190195
MIR3146	0
MIR3147	0
MIR3148	0
MIR3149	0.139908911
MIR3150BHG	0.048866314
MIR3151	0.206181553
MIR3152	0
MIR3153	0.191095097
MIR3154	0
MIR3155A	0
MIR3156-1	0
MIR3156-2	0
MIR3156-3	0
MIR3157	0
MIR3158-1	0
MIR3159	0
MIR3160-1	0
MIR3161	0
MIR3162	0
MIR3163	0
MIR3164	0.377585494
MIR3165	0
MIR3166	0
MIR3167	0
MIR3168	0
MIR3169	0
MIR3170	0
MIR3171	0
MIR3173	0.230438206
MIR3174	1.080675724
MIR3176	1.218762066
MIR3177	0.573285292
MIR3178	0
MIR3179-2	0
MIR3179-3	0
MIR3179-4	0
MIR3180-1	0
MIR3180-2	0
MIR3180-3	0
MIR3180-4	0
MIR3180-5	0
MIR3181	0
MIR3182	0
MIR3183	0.373090428
MIR3185	0
MIR3186	0.737402259
MIR3187	0
MIR3188	0.184350565
MIR3189	1.073273835
MIR3190	0
MIR3192	0.139908911
MIR3193	1.994337926
MIR3194	0
MIR3195	0
MIR3196	0
MIR3197	0.214654767
MIR3198-1	0
MIR3199-1	0
MIR31HG	0
MIR32	0
MIR3200	0
MIR3201	0
MIR3202-1	0
MIR320A	0.382190195
MIR320B1	0
MIR320B2	0
MIR320C1	0.356131773
MIR320C2	0
MIR320D1	1.305816499
MIR320D2	0
MIR320E	3.917449498
MIR323A	0
MIR323B	0
MIR324	0.839453464
MIR325	0
MIR326	0.494835726
MIR328	0
MIR329-1	0
MIR329-2	0
MIR331	1.12935481
MIR335	0
MIR337	0
MIR339	0.282338703
MIR33A	0
MIR33B	0
MIR340	0
MIR342	1.42452709
MIR345	0
MIR346	0
MIR34AHG	0
MIR34B	0
MIR34C	1.160725777
MIR3591	0
MIR3609	0.39174495
MIR361	0
MIR3611	0
MIR3612	0
MIR3613	0.180112621
MIR3616	0
MIR3617	0
MIR3619	0
MIR362	0
MIR3621	0
MIR3622B	0
MIR3646	0
MIR3648-1	0
MIR3648-2	0
MIR3649	0
MIR3650	0
MIR3651	0
MIR3653	1.566979799
MIR3657	0
MIR3659	0
MIR365A	0
MIR3660	0
MIR3661	0
MIR3663	0
MIR3663HG	0
MIR3664	0.158280788
MIR3665	0
MIR3666	0
MIR3667	0
MIR3668	0
MIR367	0
MIR3670-1	0
MIR3670-2	0
MIR3670-3	0
MIR3670-4	0
MIR3671	2.314856522
MIR3672	0
MIR3675	0
MIR3677	7.573735697
MIR3678	0
MIR3679	0
MIR3680-1	0.180112621
MIR3680-2	0.360225241
MIR3681	0
MIR3681HG	0.012128327
MIR3682	10.25998678
MIR3683	0
MIR3684	0
MIR3685	5.307512224
MIR3686	0
MIR3687-1	0
MIR3687-2	0
MIR3688-1	0
MIR3689A	0
MIR3689B	0
MIR3689C	0
MIR3689D1	0
MIR3689D2	0
MIR3689E	0
MIR3689F	0
MIR369	0
MIR3690	0.20893064
MIR3691	0
MIR3692	0
MIR370	0
MIR3713	0
MIR371A	0
MIR372	0
MIR373	0
MIR374A	0.141169351
MIR374B	0.699544553
MIR375	0
MIR377	0
MIR378A	0.139908911
MIR378B	0
MIR378C	0
MIR378D1	0
MIR378E	0
MIR378F	0
MIR378G	0
MIR378H	0.377585494
MIR378J	0.431278844
MIR379	0
MIR380	0
MIR381	0
MIR381HG	0
MIR383	0
MIR3907	0
MIR3908	0
MIR3909	0.131678975
MIR3910-1	0
MIR3912	0
MIR3913-1	0
MIR3914-1	0
MIR3915	0
MIR3918	0
MIR3919	0
MIR3920	0
MIR3921	0
MIR3922	0
MIR3923	0
MIR3924	0
MIR3925	0
MIR3926-1	0.643964301
MIR3927	0
MIR3928	0
MIR3929	0
MIR3934	0
MIR3935	0
MIR3936	3.418865017
MIR3936HG	1.047578375
MIR3937	0
MIR3938	0
MIR3939	0
MIR3941	0
MIR3942	0.287519229
MIR3943	0
MIR3944	0
MIR3945	0.319791796
MIR3945HG	8.61362121
MIR3972	0
MIR3973	0
MIR3976	0
MIR3976HG	0
MIR3978	0
MIR409	0
MIR410	0.290181444
MIR411	0
MIR412	0
MIR421	0.419726732
MIR422A	0.174108867
MIR425	0
MIR4252	0
MIR4253	0
MIR4254	0
MIR4255	0
MIR4257	2.550897348
MIR4258	0
MIR4259	0
MIR4261	0
MIR4262	0
MIR4263	1.321549228
MIR4264	0
MIR4265	0.316561576
MIR4266	0
MIR4267	0
MIR4268	0
MIR4269	0.186545214
MIR4270	0
MIR4271	0
MIR4273	0
MIR4274	0
MIR4276	0
MIR4277	0
MIR4279	0
MIR4280	0
MIR4281	0
MIR4282	0
MIR4283-1	0
MIR4283-2	0
MIR4284	0.193454296
MIR4285	0.368701129
MIR4286	0.168492452
MIR4287	0
MIR4288	0
MIR4289	0
MIR429	1.887927469
MIR4290	0
MIR4290HG	0
MIR4291	0
MIR4292	3.975918894
MIR4293	0
MIR4294	0
MIR4295	0
MIR4296	0.534197659
MIR4297	0.618544658
MIR4298	0
MIR4299	0
MIR4300	0
MIR4300HG	0
MIR4301	0
MIR4303	0
MIR4304	0
MIR4305	0
MIR4306	0
MIR4307	0
MIR4307HG	0
MIR4308	0
MIR4309	0
MIR431	0
MIR4310	0
MIR4311	0.15669798
MIR4312	0.206181553
MIR4314	0
MIR4316	0.22070138
MIR4318	0
MIR4319	0
MIR432	0
MIR4322	0
MIR4323	0
MIR4324	0.217636083
MIR4325	0
MIR4326	0.79676939
MIR4327	0
MIR433	0
MIR4330	0
MIR4417	0.214654767
MIR4418	0
MIR4419A	0.20350387
MIR4419B	0
MIR4420	0.61051161
MIR4421	0
MIR4422	0
MIR4422HG	0
MIR4423	0
MIR4424	0
MIR4425	0
MIR4427	0.460876412
MIR4428	0
MIR4429	0
MIR4431	0
MIR4432	0
MIR4432HG	0
MIR4433B	0
MIR4435-1	0
MIR4435-2	0
MIR4435-2HG	2.300695047
MIR4436A	0
MIR4436B1	0
MIR4436B2	0
MIR4437	0
MIR4438	0
MIR4439	0
MIR4440	0
MIR4441	0
MIR4443	0
MIR4444-2	0
MIR4445	0
MIR4446	0.233877582
MIR4447	0
MIR4448	0
MIR4449	0
MIR4450	0
MIR4451	0.145090722
MIR4452	0
MIR4453HG	1.185681382
MIR4455	0
MIR4456	0
MIR4457	0
MIR4458HG	2.621865255
MIR4459	0
MIR4460	0
MIR4461	0
MIR4462	0
MIR4463	0
MIR4464	0
MIR4465	0
MIR4466	0
MIR4470	0
MIR4471	0
MIR4472-1	0
MIR4472-2	0
MIR4473	0
MIR4474	0
MIR4475	0
MIR4476	0
MIR4477A	0
MIR4477B	1.354180074
MIR4478	0
MIR4479	0
MIR448	0
MIR4480	0.882805521
MIR4482	0.447708514
MIR4484	0
MIR4486	0
MIR4487	0
MIR4488	0
MIR4489	2.780125451
MIR4490	0
MIR4491	0
MIR4492	0
MIR4493	0
MIR4494	0
MIR4495	0
MIR4497	0
MIR4498	0
MIR4499	0
MIR449A	0
MIR449B	0
MIR449C	0
MIR4500	0
MIR4500HG	0.047875949
MIR4502	0.580362889
MIR4503	0
MIR4504	0
MIR4505	0
MIR4506	0.40700774
MIR4507	0
MIR4508	0
MIR4509-1	0
MIR4509-2	0
MIR4509-3	0
MIR450A1	0
MIR450A2	0
MIR450B	0
MIR4510	0
MIR4511	0.720450482
MIR4512	0.40700774
MIR4513	0.54662086
MIR4514	1.099634947
MIR4515	0
MIR4516	0
MIR4518	0.188792747
MIR4519	0
MIR4520-1	0
MIR4522	0.180112621
MIR4524B	0.136259113
MIR4525	0
MIR4526	0.180112621
MIR4527	0
MIR4527HG	0
MIR4528	0
MIR4529	0
MIR4530	0.839453464
MIR4532	0
MIR4533	0
MIR4535	0
MIR4536-2	0
MIR4537	0.223854257
MIR4538	0
MIR4539	0.2611633
MIR454	0
MIR4540	0
MIR455	0
MIR4632	0
MIR4633	0.59505562
MIR4634	0
MIR4635	2.776926227
MIR4636	0
MIR4637	0.186545214
MIR4638	0
MIR4639	0
MIR4641	0.237421182
MIR4642	0
MIR4643	0
MIR4644	0.186545214
MIR4645	1.62803096
MIR4646	0
MIR4648	0.870544333
MIR4650-1	0
MIR4650-2	0
MIR4652	0
MIR4653	0
MIR4654	0
MIR4655	0
MIR4656	0
MIR4659A	0
MIR466	0
MIR4660	0
MIR4661	0
MIR4662B	0
MIR4663	0.206181553
MIR4664	1.544909661
MIR4665	0
MIR4666A	0
MIR4666B	0
MIR4667	0
MIR4668	0.671562771
MIR4669	0
MIR4670	0
MIR4671	0
MIR4672	0.193454296
MIR4673	0.265589797
MIR4674	0
MIR4675	0
MIR4676	0
MIR4677	1.566979799
MIR4679-2	0
MIR4681	0
MIR4682	0.39174495
MIR4684	0
MIR4685	0
MIR4686	0
MIR4688	0
MIR4689	0
MIR4690	0
MIR4692	0
MIR4693	0
MIR4694	0
MIR4695	0
MIR4696	0.223854257
MIR4697HG	0.667574663
MIR4698	0.195872475
MIR4699	0
MIR4701	0.497453905
MIR4703	0
MIR4704	0
MIR4705	0
MIR4706	0
MIR4708	0
MIR4710	0
MIR4711	0
MIR4713	0
MIR4713HG	0
MIR4714	0
MIR4715	0.198351873
MIR4716	0
MIR4717	1.305816499
MIR4718	0
MIR4719	0
MIR4725	0
MIR4726	0
MIR4727	0
MIR4728	1.16938791
MIR4729	0
MIR4730	0.412363105
MIR4731	0.895417028
MIR4733	0.206181553
MIR4734	0
MIR4735	0
MIR4736	0
MIR4737	0.386908592
MIR4739	0
MIR4740	0.497453905
MIR4742	0.184350565
MIR4743	0
MIR4744	0
MIR4746	0
MIR4747	0
MIR4748	0.191095097
MIR4749	0
MIR4752	0
MIR4753	0
MIR4754	0.176065146
MIR4755	0
MIR4756	0
MIR4757	0.20350387
MIR4759	0
MIR4760	0
MIR4762	0
MIR4764	0
MIR4765	0
MIR4766	0
MIR4767	0
MIR4768	1.270524162
MIR4769	0
MIR4770	0
MIR4771-1	0
MIR4771-2	0
MIR4772	0.200894846
MIR4773-1	0
MIR4774	0
MIR4776-1	0.195872475
MIR4777	0.364413907
MIR4778	0
MIR4779	0
MIR4780	0
MIR4782	0.290181444
MIR4783	0
MIR4786	0
MIR4787	0
MIR4789	0
MIR4790	0
MIR4791	0
MIR4792	0
MIR4794	0
MIR4795	0
MIR4796	0
MIR4797	0
MIR4798	0
MIR4799	0
MIR4801	0
MIR4802	0
MIR4803	0
MIR4804	0
MIR483	0
MIR485	0
MIR486-1	0.139908911
MIR487A	0
MIR487B	0
MIR488	0
MIR489	0
MIR490	0
MIR491	0.284905418
MIR493	0
MIR494	0
MIR495	0
MIR496	0
MIR497HG	1.052266497
MIR498	0
MIR4999	0.344391165
MIR499A	0.642204836
MIR5000	0
MIR5002	0
MIR5003	0
MIR5007	0
MIR5008	0
MIR5009	0.31339596
MIR500A	0
MIR500B	0
MIR501	0
MIR5011	0
MIR502	0
MIR503	0.22070138
MIR503HG	1.372741541
MIR504	0
MIR505	0
MIR506	0
MIR507	0
MIR508	0
MIR5088	0
MIR5089	0
MIR5091	0.168492452
MIR509-1	0
MIR5092	0
MIR509-2	0
MIR5093	0
MIR509-3	0
MIR5094	0.184350565
MIR5095	0
MIR5096	0
MIR510	0
MIR5100	0
MIR511	0
MIR512-1	0
MIR512-2	0
MIR513A1	0
MIR513A2	0
MIR513B	0
MIR513C	0
MIR514A1	0
MIR514A2	0
MIR514A3	0
MIR514B	0
MIR515-1	0
MIR515-2	0
MIR516A1	0
MIR516A2	0
MIR516B1	0
MIR516B2	0
MIR517A	0
MIR517B	0
MIR517C	0
MIR5186	0
MIR5188	0.138670779
MIR5189	0
MIR518A1	0
MIR518A2	0
MIR518B	0
MIR518E	0
MIR518F	0
MIR5190	0
MIR5191	0
MIR5192	0.681295565
MIR5194	0.5223266
MIR5195	0.272518226
MIR5197	0
MIR519A1	0
MIR519B	0
MIR519C	0
MIR519D	0
MIR519E	0
MIR520A	0
MIR520B	0
MIR520C	0
MIR520D	0
MIR520E	0
MIR520G	0
MIR520H	0
MIR521-1	0
MIR521-2	0
MIR525	0
MIR526A1	0
MIR526A2	0
MIR526B	0
MIR527	0
MIR532	0
MIR539	0
MIR541	0
MIR542	0
MIR543	0
MIR544A	0
MIR544B	0
MIR545	0
MIR548A1	0
MIR548A2	0
MIR548A3	0
MIR548AA1	0.161544309
MIR548AA2	4.03860773
MIR548AB	0
MIR548AC	0
MIR548AD	0
MIR548AE1	0
MIR548AE2	0
MIR548AG1	0
MIR548AG2	0
MIR548AI	0
MIR548AJ1	0
MIR548AJ2	0
MIR548AK	0
MIR548AL	0
MIR548AM	0
MIR548AN	1.699134722
MIR548AO	0
MIR548AP	0
MIR548AQ	0
MIR548AR	0.274908737
MIR548AS	0
MIR548AT	0
MIR548AV	0
MIR548AW	0
MIR548AX	0
MIR548AY	0.29289342
MIR548AZ	0
MIR548B	0
MIR548BA	0
MIR548BB	0
MIR548C	0
MIR548D2	0
MIR548E	0
MIR548F1	0
MIR548F2	0
MIR548F3	0
MIR548F4	0
MIR548F5	0
MIR548G	0
MIR548H1	0.153625471
MIR548H2	0
MIR548H3	0
MIR548H4	0
MIR548H5	0
MIR548I1	0
MIR548I2	0.105166429
MIR548I3	0
MIR548I4	0
MIR548J	0.139908911
MIR548K	0.135084465
MIR548L	0
MIR548M	0
MIR548N	0.62679192
MIR548O	0
MIR548O2	0
MIR548P	0
MIR548Q	0
MIR548S	0
MIR548T	0
MIR548U	0
MIR548V	1.17523485
MIR548W	0
MIR548X	0
MIR548X2	0
MIR548XHG	0
MIR548Y	0
MIR548Z	0
MIR549A	0
MIR550A1	0
MIR550A2	0
MIR550A3	0.494835726
MIR551A	0
MIR551B	0
MIR552	0
MIR553	0.460876412
MIR554	0.326454125
MIR556	0.143759615
MIR557	0
MIR5571	0
MIR5579	0
MIR558	0
MIR5580	0
MIR5581	3.395122899
MIR5582	0.230438206
MIR5583-1	0
MIR5584	0
MIR5585	0
MIR5586	0
MIR5587	0.886969698
MIR5588	0
MIR5589	0
MIR559	1.142589437
MIR5590	0
MIR5591	0
MIR561	0.323088618
MIR562	0
MIR563	0
MIR566	0
MIR567	0
MIR5680	0
MIR5681A	0
MIR5682	0
MIR5684	0
MIR5685	2.9752781
MIR5687	0
MIR5688	0
MIR5689	0
MIR5689HG	0.072882781
MIR569	0
MIR5690	0.858619068
MIR5691	0.691314617
MIR5692A1	0.681295565
MIR5692A2	0
MIR5692B	0
MIR5692C1	0
MIR5692C2	0.40700774
MIR5693	0
MIR5694	0
MIR5695	0
MIR5696	0.184350565
MIR5697	0.200894846
MIR5698	0.217636083
MIR5699	0
MIR570	9.531114244
MIR5700	0
MIR5701-1	0
MIR5701-2	0
MIR5701-3	0
MIR5702	0
MIR5704	0
MIR5705	0
MIR5706	0
MIR5707	0
MIR5708	0
MIR571	0
MIR572	0
MIR573	5.698108361
MIR5739	0
MIR574	0
MIR575	0
MIR576	0.319791796
MIR577	0
MIR578	0.65290825
MIR5787	0
MIR579	0.319791796
MIR580	0
MIR581	0.489681187
MIR582	0
MIR583	0
MIR583HG	0.289357065
MIR584	0
MIR585	0
MIR586	0
MIR587	0
MIR588	0
MIR589	1.42452709
MIR590	3.553974803
MIR591	0.164945242
MIR592	0
MIR593	0
MIR595	0.163227062
MIR596	0
MIR597	0
MIR598	0
MIR599	0
MIR600HG	1.031734694
MIR601	0.198351873
MIR602	0.159895898
MIR603	0
MIR604	0.166699979
MIR605	0
MIR606	0
MIR6068	0
MIR6069	0.396703747
MIR607	0
MIR6070	0
MIR6071	2.611632999
MIR6072	0
MIR6074	0
MIR6075	0.164945242
MIR6076	0
MIR6077	0
MIR6078	0
MIR608	0
MIR6080	0
MIR6081	0
MIR6082	0
MIR6083	0
MIR6085	0
MIR6087	0
MIR6088	0
MIR6089	0
MIR609	0
MIR6090	0
MIR610	0
MIR6124	1.843505646
MIR6126	0
MIR6127	0
MIR6128	0
MIR6129	0.143759615
MIR613	0.329890484
MIR6130	0
MIR6131	0.143759615
MIR6133	0
MIR6134	0
MIR615	0
MIR616	0.969265855
MIR6165	0
MIR617	0
MIR618	0
MIR619	0.158280788
MIR620	0
MIR621	5.38649306
MIR623	0
MIR624	0
MIR625	0
MIR626	0
MIR627	0
MIR629	0
MIR633	0
MIR634	0
MIR635	5.596356426
MIR638	0
MIR640	0
MIR641	0.633123151
MIR642A	0
MIR643	0.161544309
MIR644A	0.333399957
MIR645	2.167099723
MIR646	0
MIR646HG	0.070158722
MIR647	7.018763685
MIR648	0
MIR649	0.161544309
MIR6499	0
MIR6500	0
MIR6503	1.457655627
MIR6504	0
MIR6505	0
MIR6507	0
MIR6508	0
MIR6509	0.368701129
MIR651	0
MIR6511A1	0
MIR6511A2	0
MIR6511A3	0
MIR6511A4	0
MIR6512	0.40700774
MIR6514	0
MIR6515	0
MIR652	0
MIR653	0
MIR654	0
MIR655	0
MIR656	0
MIR657	0.319791796
MIR659	0.323088618
MIR660	0
MIR661	0.176065146
MIR662	0
MIR663AHG	0.128294233
MIR663B	0
MIR664A	0
MIR668	0
MIR670	0
MIR670HG	0
MIR6715A	0
MIR6718	0
MIR6719	0
MIR6720	0
MIR6722	0
MIR6723	0
MIR6724-1	0
MIR6724-2	0
MIR6724-3	0
MIR6724-4	0
MIR6726	0
MIR6728	0.176065146
MIR6729	0
MIR6730	0.233877582
MIR6731	0
MIR6735	0
MIR6736	0
MIR6737	0
MIR6738	0.244840594
MIR6739	0.62679192
MIR6740	0.554683115
MIR6744	0
MIR6745	0
MIR6746	0
MIR6747	0.513763869
MIR6749	0
MIR6750	0.62679192
MIR6752	0
MIR6753	0.76438039
MIR6754	0
MIR6757	1.36259113
MIR676	0
MIR6760	0
MIR6761	0
MIR6762	0.54662086
MIR6763	0.723221446
MIR6765	0
MIR6766	0
MIR6768	0
MIR6769A	0.858619068
MIR6769B	0
MIR6770-1	0
MIR6770-2	0
MIR6770-3	0
MIR6771	0
MIR6772	5.38649306
MIR6774	1.119271285
MIR6775	0
MIR6776	0
MIR6777	0
MIR6779	0
MIR6780A	0
MIR6780B	0.396703747
MIR6781	0.244840594
MIR6782	0
MIR6783	0
MIR6784	0.701632746
MIR6786	0
MIR6788	0
MIR6790	0
MIR6792	0
MIR6793	0.497453905
MIR6794	0
MIR6795	0
MIR6796	0
MIR6797	0.435272166
MIR6798	0
MIR6799	0
MIR6801	0
MIR6802	0
MIR6803	0
MIR6804	0.230438206
MIR6806	0
MIR6807	0
MIR6809	0
MIR6810	0.671562771
MIR6811	0
MIR6812	0.734521781
MIR6813	0.279817821
MIR6814	0.223854257
MIR6815	0
MIR6816	0
MIR6817	0
MIR6818	0
MIR6819	1.027527737
MIR6821	0
MIR6823	0
MIR6825	0
MIR6826	0
MIR6827	0
MIR6829	0
MIR6832	0
MIR6833	0
MIR6835	0.979362375
MIR6839	0
MIR6842	0
MIR6846	0
MIR6851	0.467755164
MIR6853	0
MIR6854	0
MIR6855	0
MIR6856	0
MIR6857	0
MIR6858	0
MIR6859-1	1.382629235
MIR6859-2	0
MIR6859-3	0
MIR6859-4	0.230438206
MIR6862-1	0
MIR6862-2	0
MIR6864	0.447708514
MIR6865	0.482147631
MIR6867	0
MIR6868	0
MIR6870	0
MIR6871	0
MIR6876	0
MIR6877	0.489681187
MIR6879	0
MIR6880	0.252738677
MIR6881	0
MIR6882	0
MIR6885	0
MIR6888	0.233877582
MIR6889	0
MIR6891	0
MIR6892	0
MIR6893	0
MIR6894	0
MIR6895	0
MIR708	0.178065886
MIR7106	0
MIR7111	0.435272166
MIR7150	0
MIR7151	0
MIR7152	1.160725777
MIR7154	0
MIR7155	0
MIR7156	1.0446532
MIR7158	0.22070138
MIR7159	0
MIR7160	0
MIR7161	0
MIR7-2	0
MIR7-3	0
MIR7-3HG	0.013941101
MIR744	0.479687694
MIR7515HG	0.002198036
MIR758	0
MIR759	0
MIR760	0
MIR762	0
MIR762HG	0.397140886
MIR764	0
MIR7641-1	0
MIR7641-2	0
MIR765	0.137454368
MIR766	0.139908911
MIR767	0
MIR769	0
MIR770	0.639583592
MIR7702	0
MIR7843	0
MIR7845	0
MIR7848	0.775732574
MIR7849	0
MIR7850	0.396703747
MIR7851	0.097936237
MIR7852	0
MIR7853	0
MIR7854	0
MIR7856	2.798178213
MIR7973-1	0
MIR7974	0
MIR7975	0
MIR7976	0
MIR802	0
MIR8052	0
MIR8053	0
MIR8054	0
MIR8055	0.161544309
MIR8056	0
MIR8057	0
MIR8058	0
MIR8059	0
MIR8060	0
MIR8061	0.20893064
MIR8062	0
MIR8063	0
MIR8064	0
MIR8065	0
MIR8066	0.200894846
MIR8067	0
MIR8068	0
MIR8069-2	0
MIR8070	0
MIR8071-1	2.410738153
MIR8071-2	2.410738153
MIR8073	0
MIR8074	0
MIR8075	0
MIR8076	0
MIR8077	0
MIR8078	0
MIR8079	0
MIR8080	0
MIR8081	0
MIR8082	0
MIR8083	0.704260584
MIR8084	0
MIR8086	0
MIR8087	0
MIR8088	0.364413907
MIR8089	0.382190195
MIR8485	0
MIR873	0
MIR874	0
MIR875	0
MIR876	0
MIR877	0
MIR885	0
MIR887	0
MIR888	0
MIR889	0
MIR890	0
MIR891A	0
MIR891B	0
MIR892A	0
MIR892B	0
MIR892C	0
MIR9-1	0
MIR920	0
MIR921	0
MIR93	0.39174495
MIR933	0
MIR934	0
MIR938	0.188792747
MIR9-3HG	0.025882667
MIR941-2	0
MIR941-4	0
MIR941-5	0
MIR942	0
MIR944	0
MIR95	0
MIR96	0
MIR98	0
MIR99A	0
MIR99AHG	0.649230228
MIR99B	0.895417028
MIRLET7A1	1.36259113
MIRLET7A2	0.429309534
MIRLET7BHG	1.047753602
MIRLET7C	0
MIRLET7D	11.19271285
MIRLET7DHG	0.27324136
MIRLET7E	0
MIRLET7F1	1.851885217
MIRLET7F2	0
MIRLET7G	0.141169351
MIRLET7I	1.160725777
MIS12	9.788039798
MIS18A	2.364566151
MIS18A-AS1	0.081507402
MIS18BP1	2.695205255
MISP	11.74574679
MISP3	3.308364317
MITD1	4.32784897
MITF	2.949660292
MIXL1	0.06950625
MKI67	0.188424213
MKI67P1	0
MKKS	5.604888194
MKL1	4.875153753
MKL2	2.785552822
MKLN1	2.562555876
MKLN1-AS	0.542527076
MKNK1	5.343653541
MKNK1-AS1	0.147405053
MKNK2	26.61554656
MKNK2P1	0
MKRN1	10.3993633
MKRN2	9.634064708
MKRN2OS	0.299859448
MKRN3	0.002734217
MKRN3-AS1	0
MKRN4P	0.0103023
MKRN5P	0.032044577
MKRN7P	0.038437771
MKRN9P	0.0065128
MKS1	2.259401967
MKX	0.59152915
MKX-AS1	0.10343101
MLANA	0.137231445
MLC1	0.280794611
MLEC	11.27162622
MLECP1	0
MLF1	16.31081523
MLF2	30.99147035
MLH1	10.29273254
MLH3	1.948653583
MLIP	0.017188864
MLIP-AS1	0
MLIP-IT1	0.048739652
MLKL	8.363465619
MLLT1	12.17549916
MLLT10	5.678126684
MLLT10P1	0.179425168
MLLT10P2	0
MLLT11	1.949592045
MLLT3	2.245702382
MLLT6	8.306228632
MLN	0
MLNR	0.063235666
MLPH	17.24011445
MLST8	6.332439763
MLX	19.26439594
MLXIP	5.344973167
MLXIPL	0.637856782
MLYCD	0.745626796
MMAA	1.365519716
MMAB	10.16419329
MMACHC	0.710111692
MMADHC	38.23402103
MMD	7.299748515
MMD2	0
MME	10.86949709
MME-AS1	0.094624384
MMEL1	0.591082391
MMGT1	14.79366429
MMP1	0.747695945
MMP10	1.310273211
MMP11	0.190725903
MMP12	0.200680444
MMP13	0.011058432
MMP14	10.85021183
MMP15	3.769403772
MMP16	0.040096058
MMP17	0.266186926
MMP19	59.53315805
MMP2	16.0636871
MMP20	0
MMP21	0.032662424
MMP23A	0.030815729
MMP23B	0.063510604
MMP24	2.389164941
MMP24OS	9.041635394
MMP25	1.671040019
MMP25-AS1	0.929240661
MMP26	0
MMP27	0
MMP28	15.86169545
MMP2-AS1	2.637490751
MMP3	0.015302537
MMP7	9.592101914
MMP8	0.022789119
MMP9	1.858105327
MMRN1	3.952998042
MMRN2	10.53172587
MMS19	7.28971112
MMS22L	0.17903821
MN1	1.317868101
MNAT1	4.723237946
MND1	0.258919332
MNDA	19.06403301
MNS1	0.68836972
MNT	1.321376183
MNX1	0
MNX1-AS1	0.01505264
MNX1-AS2	0.209489278
MOAP1	22.9271936
MOB1A	22.66524353
MOB1AP1	0
MOB1AP2	0
MOB1B	3.357941031
MOB2	6.492665304
MOB3A	8.550595965
MOB3B	3.688051793
MOB3C	11.38417711
MOB4	13.99922828
MOBP	0.020356996
MOCOS	1.61662619
MOCS1	3.746335547
MOCS1P1	0
MOCS2	8.791773517
MOCS3	1.27666196
MOG	0
MOGAT1	0.239233557
MOGAT2	0
MOGAT3	0.007064832
MOGS	10.95529167
MOK	1.150076917
MON1A	1.604321772
MON1B	6.257084419
MON2	3.216349819
MORC1	0.004163071
MORC1-AS1	0
MORC2	2.824469821
MORC2-AS1	0.040700774
MORC3	5.389549747
MORC4	3.866338266
MORF4	0
MORF4L1	55.17035044
MORF4L1P1	10.16025165
MORF4L1P3	0.016494524
MORF4L1P4	0
MORF4L1P5	0
MORF4L1P6	0
MORF4L1P7	0
MORF4L2	93.38560504
MORF4L2-AS1	0.135213981
MORF4L2P1	0
MORN1	0.29578696
MORN2	10.93669185
MORN3	0.300717078
MORN4	2.40162111
MORN5	1.552537589
MOS	0
MOSMO	3.097101531
MOSPD1	6.73654867
MOSPD2	4.673788758
MOSPD3	5.429049363
MOV10	5.354068327
MOV10L1	0.029643099
MOXD1	3.940393185
MOXD2P	0
MPC1	49.38114866
MPC1L	0.053117959
MPC2	25.65990824
MPDU1	23.45461088
MPDZ	2.92045113
MPEG1	8.558066171
MPG	16.94338182
MPHOSPH10	6.693112946
MPHOSPH6	14.00264597
MPHOSPH8	11.9480213
MPHOSPH9	0.602216615
MPI	2.485791937
MPIG6B	0.677584047
MPL	0.242999687
MPLKIP	2.670895407
MPND	7.69341961
MPO	0.075549225
MPP1	7.103099684
MPP2	0.315241275
MPP3	5.359343068
MPP4	0.015911655
MPP5	5.543484524
MPP6	0.473321895
MPP7	8.044524152
MPPE1	2.955286935
MPPE1P1	0
MPPED1	0.016151656
MPPED2	0.038233007
MPRIP	9.354276538
MPRIP-AS1	0.074053866
MPRIPP1	0.014389163
MPST	7.466334222
MPTX1	0
MPV17	9.549523115
MPV17L	0.401589098
MPV17L2	4.029376627
MPZ	0.640177448
MPZL1	12.01447236
MPZL2	32.32864278
MPZL3	8.66024874
MR1	6.208914395
MRAP	0.093134015
MRAP2	0.80787161
MRAS	5.302866438
MRC1	65.1240181
MRC2	10.29958005
MRE11	2.156151161
MRE11P1	0.007367089
MREG	14.34688966
MREGP1	0
MRFAP1	96.04317241
MRFAP1L1	34.56699934
MRGBP	4.772498706
MRGPRD	0.081106615
MRGPRE	0.033363658
MRGPRF	4.645016594
MRGPRF-AS1	0.153984912
MRGPRG	0
MRGPRG-AS1	0
MRGPRX1	0
MRGPRX2	0.046178187
MRGPRX3	0
MRGPRX4	0
MRI1	4.860539193
MRLN	0.010656102
MRM1	0.987273218
MRM2	6.073906925
MRM3	5.29661937
MRNIP	2.194804568
MRO	0.019853138
MROH1	2.693313899
MROH2A	0.027346942
MROH2B	0.04635273
MROH3P	0
MROH4P	0
MROH5	0.453911025
MROH6	1.119779122
MROH7	0.129317215
MROH7-TTC4	0.022101267
MROH8	0.606103584
MROH9	0.147249472
MRPL1	12.3874471
MRPL10	13.36808382
MRPL11	18.23720089
MRPL12	10.9597128
MRPL13	10.91562075
MRPL14	164.9658817
MRPL15	30.89226338
MRPL15P1	0
MRPL16	16.04239557
MRPL17	19.96591133
MRPL18	36.36532756
MRPL19	4.948536511
MRPL2	9.01059672
MRPL20	28.87222105
MRPL20P1	0
MRPL21	8.74180589
MRPL22	5.042777217
MRPL22P1	0
MRPL23	8.44325586
MRPL23-AS1	0.167055416
MRPL24	29.53687586
MRPL27	15.68532802
MRPL28	20.21951472
MRPL2P1	0
MRPL3	20.43711039
MRPL30	6.958947556
MRPL30P1	0.066964949
MRPL32	17.48774287
MRPL32P1	0
MRPL33	54.58465695
MRPL34	21.30200297
MRPL35	5.987180586
MRPL35P1	0
MRPL35P2	0.705294235
MRPL35P3	0.043048896
MRPL35P4	0
MRPL36	12.90453952
MRPL37	12.35018602
MRPL37P1	0.035160355
MRPL38	1.4758614
MRPL39	21.4724588
MRPL3P1	0.015169214
MRPL4	7.95810134
MRPL40	16.29977969
MRPL40P1	0.025943374
MRPL41	21.86570069
MRPL42	3.497577677
MRPL42P2	0.036783563
MRPL42P3	0
MRPL42P4	0
MRPL42P6	0
MRPL43	23.37093577
MRPL44	13.02529547
MRPL45	17.48951647
MRPL45P1	0.017144199
MRPL45P2	0.649796199
MRPL46	2.572653402
MRPL47	26.03245273
MRPL48	6.059274372
MRPL48P1	0.024638047
MRPL49	37.41927411
MRPL49P1	0
MRPL49P2	0.067396981
MRPL50	12.06743747
MRPL50P1	0
MRPL50P2	0.065019909
MRPL50P4	0
MRPL51	55.18274445
MRPL51P2	0
MRPL52	14.86509315
MRPL53	1.737202307
MRPL53P1	0.294729743
MRPL54	77.89592502
MRPL55	15.89412702
MRPL57	20.00236458
MRPL57P1	0
MRPL57P3	0
MRPL57P6	0
MRPL57P7	0
MRPL58	18.72456006
MRPL9	17.4685386
MRPL9P1	0
MRPS10	16.35303089
MRPS10P1	0
MRPS10P2	0
MRPS11	4.223184668
MRPS11P1	0
MRPS12	9.917871212
MRPS14	11.98491874
MRPS15	30.74311191
MRPS15P1	0.020948928
MRPS16	18.37864282
MRPS16P1	0
MRPS16P2	0
MRPS16P3	0
MRPS17	4.2531272
MRPS17P1	0
MRPS17P3	0
MRPS17P5	0
MRPS17P9	0
MRPS18A	13.68056351
MRPS18AP1	0.744913996
MRPS18B	32.78374051
MRPS18BP1	0
MRPS18BP2	0
MRPS18C	3.468222861
MRPS18CP4	0
MRPS18CP6	0.491877067
MRPS2	8.776104396
MRPS21	46.11179434
MRPS21P1	0
MRPS21P2	0
MRPS21P3	0
MRPS21P5	0
MRPS21P6	0
MRPS21P7	0
MRPS21P8	0
MRPS21P9	0.060971977
MRPS22	6.69358335
MRPS23	7.885256554
MRPS24	2.764552956
MRPS25	7.981903418
MRPS26	25.97265541
MRPS27	6.83011622
MRPS28	11.03008896
MRPS30	3.582678742
MRPS30-DT	0.666196749
MRPS31	6.624989924
MRPS31P1	0
MRPS31P2	0
MRPS31P4	0.736480506
MRPS31P5	0.117331304
MRPS33	6.643732293
MRPS33P2	0
MRPS33P3	0
MRPS33P4	0
MRPS34	36.29622306
MRPS35	29.05128289
MRPS35P2	0
MRPS35P3	0
MRPS36	24.32403283
MRPS36P1	0
MRPS36P2	0
MRPS36P3	0
MRPS36P4	0.262916074
MRPS36P5	0.052583215
MRPS5	5.746447724
MRPS5P3	0
MRPS5P4	0
MRPS6	9.987263667
MRPS6P2	0
MRPS6P4	0
MRPS7	23.60840805
MRPS9	8.812727122
MRRF	2.344579865
MRRFP1	0
MRS2	6.929756759
MRTO4	13.93179418
MRVI1	3.809592447
MRVI1-AS1	0.189869256
MS4A1	2.035915872
MS4A10	0.040948949
MS4A12	0
MS4A13	0
MS4A14	1.627218164
MS4A15	17.89712236
MS4A18	0
MS4A2	2.49140287
MS4A3	0.022438852
MS4A4A	24.50436512
MS4A4E	0.331902011
MS4A5	0
MS4A6A	8.8915483
MS4A6E	0.504042698
MS4A7	51.89989901
MS4A8	1.474162181
MSANTD1	0.087135114
MSANTD2	3.982971033
MSANTD2P1	0
MSANTD3	7.712064737
MSANTD3-TMEFF1	0.022720828
MSANTD4	3.965794125
MSC	2.387919997
MSC-AS1	0.428899627
MSGN1	0
MSH2	3.555997655
MSH3	2.133009241
MSH4	0.08636141
MSH5	0.248846648
MSH5-SAPCD1	0.121119212
MSH6	3.071810668
MSI1	0.141991697
MSI2	0.836782825
MSL1	9.18537841
MSL2	3.810575018
MSL3	5.922006477
MSL3P1	0.061908772
MSLN	40.12939183
MSLNL	0.146322392
MSMB	0.98732467
MSMO1	147.8335991
MSMP	0
MSN	110.549362
MSNP1	0.117613957
MSR1	65.68397403
MSRA	4.005926253
MSRB1	19.09143678
MSRB1P1	0
MSRB2	13.89052756
MSRB3	15.59673902
MSS51	0.879526425
MST1	0.542463503
MST1L	0.810715417
MST1P2	0.930201889
MST1R	2.583786189
MSTN	0.133265468
MSTO1	1.225133921
MSTO2P	1.228644196
MSX1	3.259613639
MSX2	0.566045566
MSX2P1	0.121628445
MT1A	78.61140285
MT1B	0.041236311
MT1CP	0.270168931
MT1DP	3.855918878
MT1E	197.7343806
MT1F	10.29445173
MT1G	71.03641757
MT1H	1.603824414
MT1HL1	0.247939842
MT1JP	2.363775721
MT1L	36.56286199
MT1M	140.8452013
MT1P1	0.171254623
MT1P3	0.79676939
MT1X	196.0624922
MT1XP1	1.684924515
MT2A	563.7508387
MT2P1	4.966384064
MT3	0.051180614
MT4	0
MTA1	4.229000894
MTA2	17.69325869
MTA3	2.014265149
MTAP	1.285358678
MTAPP1	0.114797055
MTAPP2	0.131837243
MT-ATP6	1901.821063
MTATP6P1	245.1483522
MTATP6P11	0
MTATP6P13	0
MTATP6P14	0
MTATP6P15	0
MTATP6P16	0.089371471
MTATP6P17	0
MTATP6P18	0
MTATP6P19	0.023778146
MTATP6P2	0.023111796
MTATP6P20	0.027882203
MTATP6P21	0
MTATP6P22	0
MTATP6P23	0
MTATP6P24	0
MTATP6P25	0
MTATP6P26	0.118351949
MTATP6P27	0.126165845
MTATP6P29	0
MTATP6P3	0
MTATP6P30	0
MTATP6P31	0
MTATP6P4	0
MTATP6P7	0
MTATP6P9	0
MT-ATP8	940.7177762
MTATP8P1	0.302798029
MTATP8P2	0.31029303
MTBP	0.199495386
MTCH1	84.75526055
MTCH2	22.22547461
MTCL1	0.283330734
MTCL1P1	0
MT-CO1	3596.838521
MTCO1P1	0
MTCO1P11	0.071785724
MTCO1P12	23.67226126
MTCO1P14	0
MTCO1P15	0
MTCO1P17	0
MTCO1P18	0
MTCO1P19	0
MTCO1P2	0.178319181
MTCO1P20	0
MTCO1P21	0
MTCO1P22	0.01152191
MTCO1P23	0
MTCO1P24	0
MTCO1P25	0
MTCO1P27	0
MTCO1P28	0.112806137
MTCO1P29	0
MTCO1P3	0
MTCO1P30	0.027016893
MTCO1P31	0
MTCO1P35	0
MTCO1P39	0.032645412
MTCO1P4	0
MTCO1P40	1.027938748
MTCO1P42	0.021583744
MTCO1P43	0
MTCO1P44	0
MTCO1P45	0
MTCO1P46	0
MTCO1P47	0
MTCO1P48	0
MTCO1P49	0
MTCO1P5	0
MTCO1P51	0
MTCO1P52	0
MTCO1P53	0.022417451
MTCO1P54	0.044016286
MTCO1P55	0
MTCO1P56	0
MTCO1P57	0
MTCO1P6	0
MTCO1P7	0
MTCO1P8	0
MTCO1P9	0
MT-CO2	3061.658601
MTCO2P1	0
MTCO2P11	0.023043821
MTCO2P12	1.079883439
MTCO2P15	0
MTCO2P16	0.162021545
MTCO2P17	0
MTCO2P18	0
MTCO2P19	0
MTCO2P2	0.278574187
MTCO2P20	0.069850511
MTCO2P21	0
MTCO2P22	0.575249559
MTCO2P23	0
MTCO2P24	0
MTCO2P25	0
MTCO2P27	0.036611678
MTCO2P29	0
MTCO2P3	0
MTCO2P30	0.043048896
MTCO2P31	0
MTCO2P32	0
MTCO2P33	0
MTCO2P34	0
MTCO2P4	0
MTCO2P5	0.036783563
MTCO2P6	0
MTCO2P7	0
MTCO2P8	0
MTCO2P9	0
MT-CO3	3335.648287
MTCO3P1	0
MTCO3P10	0
MTCO3P11	0.060735651
MTCO3P12	1.432339853
MTCO3P13	0
MTCO3P15	0
MTCO3P16	0
MTCO3P17	0
MTCO3P18	0
MTCO3P19	0
MTCO3P2	0
MTCO3P20	0
MTCO3P21	0
MTCO3P22	0
MTCO3P23	0
MTCO3P24	0
MTCO3P27	0
MTCO3P28	0
MTCO3P29	0.120691641
MTCO3P30	0
MTCO3P31	0
MTCO3P35	0
MTCO3P38	0.020456655
MTCO3P39	0
MTCO3P4	0
MTCO3P40	0
MTCO3P41	0
MTCO3P42	0
MTCO3P43	0.142267945
MTCO3P44	0.028964506
MTCO3P45	0
MTCO3P46	0
MTCO3P5	0.351143933
MTCO3P7	0
MTCO3P8	0
MTCO3P9	0
MTCP1	0.503110571
MT-CYB	2079.070446
MTCYBP1	0
MTCYBP10	0
MTCYBP11	0.014129665
MTCYBP12	0
MTCYBP13	0
MTCYBP14	0
MTCYBP15	0
MTCYBP16	0
MTCYBP17	0
MTCYBP18	0.104884859
MTCYBP19	0
MTCYBP2	0
MTCYBP20	0
MTCYBP21	0.197104377
MTCYBP22	0
MTCYBP23	0.099535922
MTCYBP24	0
MTCYBP27	0
MTCYBP28	0
MTCYBP29	0
MTCYBP3	0
MTCYBP31	0
MTCYBP32	0
MTCYBP33	0
MTCYBP34	0
MTCYBP35	0.013781704
MTCYBP36	0
MTCYBP37	0
MTCYBP38	0
MTCYBP39	0
MTCYBP4	0
MTCYBP40	0
MTCYBP41	0.027907031
MTCYBP42	0
MTCYBP43	0
MTCYBP44	0
MTCYBP45	0
MTCYBP5	0
MTCYBP6	0
MTCYBP7	0
MTCYBP8	0
MTCYBP9	0
MTDH	14.82881212
MTDHP1	0.179882885
MTDHP2	0
MTDHP3	0.139908911
MTDHP4	0
MTDHP5	0
MTERF1	1.669522445
MTERF2	5.756252324
MTERF3	10.21451574
MTERF4	3.360066364
MTF1	2.72424828
MTF2	3.871705038
MTFMT	2.406172361
MTFP1	2.217424244
MTFR1	4.336360171
MTFR1L	9.369014513
MTFR2	0.45410435
MTG1	1.243634761
MTG2	3.618884044
MTHFD1	3.644644281
MTHFD1L	3.064676684
MTHFD1P1	0.062361714
MTHFD2	9.762251974
MTHFD2L	1.879928917
MTHFD2P1	0.040490434
MTHFD2P2	0
MTHFD2P3	0
MTHFD2P4	0.015287608
MTHFD2P5	0
MTHFD2P6	0.015332483
MTHFD2P7	0.015940791
MTHFR	5.794480813
MTHFS	5.546321641
MTHFSD	1.376786856
MTIF2	5.122639949
MTIF3	22.86441516
MTM1	4.740738188
MTMR1	3.935416608
MTMR10	5.408097459
MTMR11	2.512082623
MTMR12	10.88266764
MTMR14	7.098262314
MTMR2	5.15241601
MTMR3	0.561726577
MTMR4	3.140248481
MTMR6	17.09062757
MTMR7	0.445978088
MTMR8	0.281628289
MTMR9	2.367200288
MTMR9LP	5.456116762
MT-ND1	1941.481415
MTND1P1	0
MTND1P10	0.018833892
MTND1P11	0
MTND1P12	0
MTND1P14	0.016494524
MTND1P15	0
MTND1P16	0
MTND1P17	0
MTND1P18	0
MTND1P19	0
MTND1P2	0
MTND1P20	0
MTND1P21	0.054981747
MTND1P22	0.01647718
MTND1P23	0.800339145
MTND1P24	0.018199533
MTND1P26	0
MTND1P27	0
MTND1P28	0
MTND1P29	0
MTND1P3	0
MTND1P30	0
MTND1P31	0
MTND1P32	0
MTND1P33	0
MTND1P34	0
MTND1P35	0
MTND1P36	0
MTND1P4	0
MTND1P5	0
MTND1P6	0
MTND1P8	0.049483573
MTND1P9	0
MT-ND2	1812.538467
MTND2P11	0
MTND2P12	0.050063252
MTND2P13	0
MTND2P14	0
MTND2P15	0
MTND2P16	0
MTND2P17	0
MTND2P18	0
MTND2P19	0
MTND2P2	0
MTND2P20	0
MTND2P21	0
MTND2P22	0
MTND2P23	0
MTND2P24	0
MTND2P25	0
MTND2P26	0
MTND2P28	61.46343179
MTND2P29	0
MTND2P3	0
MTND2P30	0
MTND2P31	0
MTND2P32	0
MTND2P33	0
MTND2P38	0
MTND2P39	0
MTND2P4	0
MTND2P40	0.05589702
MTND2P5	0
MTND2P6	0
MTND2P7	0
MTND2P8	0
MTND2P9	0
MT-ND3	2165.874044
MTND3P1	0
MTND3P10	0.045952487
MTND3P12	0.047773774
MTND3P13	0
MTND3P16	0
MTND3P17	0.045551738
MTND3P19	0
MTND3P2	0
MTND3P20	0
MTND3P21	0
MTND3P22	0
MTND3P23	0
MTND3P24	0
MTND3P25	0
MTND3P3	0
MTND3P4	0
MTND3P5	0.094112901
MTND3P6	0
MTND3P7	0
MTND3P8	0
MTND3P9	0
MT-ND4	2745.466871
MT-ND4L	1037.899886
MTND4LP1	0
MTND4LP10	0
MTND4LP11	0
MTND4LP12	0
MTND4LP13	0
MTND4LP14	0.163227062
MTND4LP16	0
MTND4LP17	0
MTND4LP18	0
MTND4LP19	0
MTND4LP2	0
MTND4LP20	0
MTND4LP21	0
MTND4LP22	0
MTND4LP24	0
MTND4LP25	0
MTND4LP26	0
MTND4LP3	0
MTND4LP30	0.105520525
MTND4LP31	0
MTND4LP5	0.053663692
MTND4LP7	0
MTND4LP9	0
MTND4P1	0
MTND4P10	0
MTND4P11	0
MTND4P12	18.65127009
MTND4P13	0
MTND4P14	0
MTND4P15	0.060676856
MTND4P16	0
MTND4P17	0
MTND4P18	0
MTND4P19	0
MTND4P2	0
MTND4P20	0.090159942
MTND4P21	0
MTND4P22	0
MTND4P23	0.022993101
MTND4P24	0.039470524
MTND4P25	0
MTND4P26	0
MTND4P27	0
MTND4P28	0
MTND4P29	0
MTND4P3	0
MTND4P30	0
MTND4P31	0
MTND4P32	0
MTND4P33	0
MTND4P34	0
MTND4P35	0.045584867
MTND4P4	0
MTND4P5	0
MTND4P6	0
MTND4P7	0
MTND4P8	0
MTND4P9	0.046567007
MT-ND5	1172.614569
MTND5P1	0.113962167
MTND5P10	0.008662133
MTND5P11	0.121069079
MTND5P12	0
MTND5P13	0
MTND5P14	0.012367639
MTND5P15	0
MTND5P16	0
MTND5P17	0
MTND5P18	0
MTND5P19	0
MTND5P2	0
MTND5P20	0
MTND5P21	0
MTND5P22	0
MTND5P23	0
MTND5P24	0
MTND5P25	0.019611762
MTND5P26	0
MTND5P27	0
MTND5P28	0.127796345
MTND5P29	0
MTND5P3	0
MTND5P30	0
MTND5P31	0
MTND5P32	0.017391563
MTND5P33	0
MTND5P34	0
MTND5P35	0
MTND5P4	0
MTND5P40	0
MTND5P41	0
MTND5P5	0
MTND5P6	0
MTND5P7	0
MTND5P8	0
MTND5P9	0
MT-ND6	1593.364754
MTND6P1	0
MTND6P10	0
MTND6P11	0
MTND6P12	0
MTND6P13	0
MTND6P14	0
MTND6P15	0
MTND6P16	0
MTND6P17	0
MTND6P18	0
MTND6P19	0
MTND6P2	0
MTND6P20	0
MTND6P21	0.162549772
MTND6P22	0.150381939
MTND6P24	0
MTND6P25	0
MTND6P3	0.086733199
MTND6P32	0
MTND6P33	0
MTND6P4	4.172609044
MTND6P5	0
MTND6P6	0
MTND6P7	0
MTND6P8	0
MTND6P9	0
MTNR1A	0
MTNR1B	0
MTO1	1.477278611
MTOR	3.227313788
MTOR-AS1	0.102685439
MTPAP	1.708684725
MTPN	45.31996146
MTR	3.345021059
MTREX	6.80342704
MTRF1	2.043886695
MTRF1L	3.344454896
MTRF1LP1	0.046155517
MTRF1LP2	0.013965952
MT-RNR1	804.6786202
MT-RNR2	3331.62621
MTRNR2L1	0.070630126
MTRNR2L10	0.020483396
MTRNR2L11	0
MTRNR2L12	0.597513746
MTRNR2L13	0
MTRNR2L2	0.180112621
MTRNR2L3	0.02036361
MTRNR2L4	0.071145507
MTRNR2L5	0
MTRNR2L6	0.010829162
MTRNR2L7	0
MTRNR2L8	0.16836314
MTRNR2L9	0.029733962
MTRR	11.02287575
MTSS1	5.418623041
MTSS1L	2.629918087
MT-TA	0.227098522
MT-TC	12.10848027
MT-TD	0
MT-TE	0.908394087
MT-TF	1.103506901
MT-TG	0
MT-TH	0
MT-TI	0.227098522
MT-TK	0
MT-TL1	1.462514479
MT-TL2	0
MT-TM	0.921752823
MT-TN	0
MTTP	0.037737565
MT-TP	1028.906589
MT-TQ	0
MT-TR	0
MT-TS1	0
MT-TS2	0
MT-TT	12.82074381
MT-TV	0
MT-TW	0.460876412
MT-TY	12.10848027
MTURN	11.92027346
MTUS1	8.759952017
MTUS2	0.018555119
MTUS2-AS1	0.012208647
MTUS2-AS2	0
MTX1	4.426550623
MTX1P1	0.467476074
MTX2	14.77542397
MTX3	1.518283863
MUC1	67.87477477
MUC12	0.101538096
MUC13	0.040305282
MUC15	4.734557558
MUC16	0.012155444
MUC17	0.00107482
MUC19	0.005844957
MUC2	0
MUC20	1.703800111
MUC20-OT1	1.221601389
MUC20P1	0.401072211
MUC21	0.466830259
MUC22	0.091118613
MUC3A	0.12399172
MUC4	0.361525937
MUC5AC	0.007184685
MUC5B	0.058136147
MUC6	0.074370185
MUC7	0
MUCL1	0
MUL1	13.88300396
MUM1	2.882129209
MUM1L1	0.707179463
MUPP	0.083055466
MUS81	5.311019919
MUSK	0.104914955
MUSTN1	0.121605971
MUT	11.90386361
MUTYH	2.918294433
MVB12A	4.840510014
MVB12B	4.688616624
MVD	9.311520835
MVK	3.347957767
MVP	29.63763291
MX1	6.745506123
MX2	1.285098785
MXD1	3.925468211
MXD3	0.775281042
MXD4	11.8023018
MXI1	8.646109507
MXRA5	0.998463591
MXRA5Y	0.001958725
MXRA7	9.655452928
MXRA8	9.941798948
MYADM	137.6511806
MYADML	0
MYADML2	0.012750039
MYB	0.302384596
MYB-AS1	0
MYBBP1A	4.612776259
MYBL1	1.177561833
MYBL2	0.536057187
MYBPC1	0.006365524
MYBPC2	0.126778301
MYBPC3	0.219670065
MYBPH	0.034725314
MYBPHL	2.189742593
MYC	46.92062805
MYCBP	8.755286934
MYCBP2	2.43326559
MYCBP2-AS1	0.060232813
MYCBP2-AS2	0.036611678
MYCBPAP	0.076966007
MYCL	0.377585494
MYCLP1	0
MYCLP2	0
MYCN	0.126466471
MYCNOS	0.006493907
MYCNUT	0
MYCT1	11.74976272
MYD88	20.21085753
MYDGF	69.63628346
MYEF2	1.121737867
MYEOV	0.07918249
MYF5	0
MYF6	0
MYH1	0.036417193
MYH10	13.70303054
MYH11	24.51579262
MYH13	0.017276514
MYH14	10.46498877
MYH15	0.071281899
MYH16	0.017284681
MYH2	0.097004638
MYH3	0.511073603
MYH4	0.002604687
MYH6	0
MYH7	0
MYH7B	0.296364859
MYH8	0
MYH9	91.27976534
MYHAS	0.020672557
MYL1	0.023352903
MYL10	0.046590083
MYL12A	193.8467491
MYL12AP1	0
MYL12B	559.494542
MYL12BP1	0.803579384
MYL12BP2	0.153025371
MYL2	0.103544921
MYL3	1.278932042
MYL4	0.5938432
MYL5	2.449657154
MYL6	516.8959444
MYL6B	5.803450807
MYL6BP1	0
MYL6P1	0.034591166
MYL6P2	0.036105525
MYL6P3	0.036272681
MYL6P4	0
MYL6P5	0.136555974
MYL7	0.032242383
MYL8P	0.060501151
MYL9	256.3214564
MYLIP	10.97867482
MYLK	11.1385847
MYLK2	0.031592335
MYLK3	0.083927715
MYLK4	0.402135705
MYLK-AS1	0.575625232
MYLK-AS2	0.037895521
MYLKP1	0
MYLPF	0.210050911
MYMK	0.031090869
MYMX	0.241645758
MYNN	6.166735511
MYO10	4.10514367
MYO15A	0.126190916
MYO15B	7.802458838
MYO16	0.090183439
MYO16-AS1	5.079175901
MYO16-AS2	0
MYO18A	3.513753996
MYO18B	0.009686667
MYO19	1.223622467
MYO1A	0.264811818
MYO1B	20.16991002
MYO1C	27.92384144
MYO1D	5.9096649
MYO1E	2.021964929
MYO1F	5.763919847
MYO1G	3.41718581
MYO1H	0.143879614
MYO3A	0.017223764
MYO3B	0.017123383
MYO5A	1.818169509
MYO5B	3.560366955
MYO5BP1	0
MYO5BP2	0
MYO5BP3	0
MYO5C	4.5956421
MYO6	12.54118949
MYO7A	0.206974168
MYO7B	1.623960883
MYO9A	2.187257144
MYO9B	7.546642761
MYOC	0.598369374
MYOCD	0.918117742
MYOD1	0
MYOF	9.635270571
MYOG	0.010255103
MYOM1	0.767519768
MYOM2	0.925276942
MYOM3	0.0372526
MYORG	1.190297253
MYOSLID	0.208236518
MYOT	0.097496151
MYOZ1	6.528235115
MYOZ2	0.325825603
MYOZ3	0.360792102
MYPN	0
MYPOP	1.848870345
MYRF	6.084518004
MYRFL	0.124504638
MYRIP	0.712506142
MYSM1	3.420426928
MYT1	0.015006989
MYT1L	0.004791621
MYT1L-AS1	0
MYZAP	11.36840479
MZB1	8.155464596
MZF1	3.318503028
MZF1-AS1	0.570194806
MZT1	9.330993238
MZT1P1	0
MZT1P2	0.126369339
MZT2A	3.219716617
MZT2B	21.04846695
N4BP1	9.045265458
N4BP2	1.398889948
N4BP2L1	7.905759052
N4BP2L2	8.13702305
N4BP2L2-IT2	0.573597922
N4BP3	1.902024822
N6AMT1	2.860181011
NAA10	8.290915893
NAA11	0
NAA15	3.864205745
NAA16	2.342323648
NAA20	34.45245148
NAA25	1.452798214
NAA30	2.774412163
NAA35	4.574840777
NAA38	33.25900511
NAA40	2.573840152
NAA50	14.59609058
NAA60	4.009845452
NAAA	4.072952652
NAALAD2	0.460114002
NAALADL1	2.576759561
NAALADL2	0.369880517
NAALADL2-AS1	0
NAALADL2-AS2	0
NAALADL2-AS3	0.037132223
NAB1	15.10867365
NAB2	21.24012486
NABP1	4.736351371
NABP2	9.64349606
NACA	45.1524415
NACA2	0.080668201
NACA3P	0.483635741
NACAD	0.675614638
NACAP1	0.100770405
NACAP2	0.025111856
NACAP3	0.065155085
NACAP5	0
NACAP6	0
NACAP7	0
NACC1	5.579344704
NACC2	3.79794882
NADK	8.009320447
NADK2	3.573419645
NADK2-AS1	0.326454125
NADSYN1	3.539025274
NAE1	7.440710731
NAF1	2.27811747
NAGA	10.86653558
NAGK	7.794376695
NAGLU	10.82384515
NAGPA	1.660129948
NAGPA-AS1	0
NAGS	1.854611102
NAIF1	2.696018821
NAIP	0.149895051
NALCN	0.521684706
NALCN-AS1	0.418448576
NALT1	0.475278799
NAMA	0.018533173
NAMPT	78.11694743
NAMPTP1	7.492083209
NAMPTP2	0
NAMPTP3	0.069954455
NANOG	0
NANOGNB	0
NANOGNBP1	0
NANOGNBP2	0.085007946
NANOGNBP3	0.083202467
NANOGP1	0
NANOGP10	0
NANOGP11	0
NANOGP2	0.107770275
NANOGP3	0
NANOGP4	0.017162977
NANOGP5	0
NANOGP6	0
NANOGP7	0.05120849
NANOGP8	0.068277987
NANOGP9	0
NANOS1	0.276961827
NANOS2	0.018913456
NANOS3	1.062628002
NANP	1.759096899
NANS	9.22295912
NAP1L1	19.8429934
NAP1L1P1	0.368527704
NAP1L1P2	0.028778325
NAP1L1P3	0.178065886
NAP1L2	1.573124818
NAP1L3	0.546275641
NAP1L4	17.85452944
NAP1L4P1	0.352130292
NAP1L4P2	0
NAP1L4P3	0
NAP1L5	4.037285308
NAP1L6	0.291317184
NAPA	12.46284328
NAPA-AS1	0.719784808
NAPB	1.74840696
NAPEPLD	2.370883336
NAPG	8.306171117
NAPGP1	0
NAPGP2	0
NAPRT	9.343861356
NAPSA	511.5547988
NAPSB	9.000928352
NARF	5.024490615
NARF-AS1	0.018699043
NARF-IT1	0.570551813
NARFL	2.0464938
NARS	20.86240652
NARS2	9.099714598
NARSP2	0
NASP	11.78631482
NAT1	2.196145931
NAT10	4.504842727
NAT14	2.600766287
NAT16	0
NAT2	0.142237198
NAT6	3.129662579
NAT8	0.016546777
NAT8B	0.430151317
NAT8L	0.026690169
NAT9	5.437408294
NATD1	2.653474209
NATP	0
NAV1	0.937270686
NAV2	2.593844787
NAV2-AS1	0
NAV2-AS2	0.440838307
NAV2-AS3	0.052407351
NAV2-AS4	0.026536491
NAV2-AS5	0
NAV2-IT1	0
NAV3	0.814891315
NAXD	14.28830193
NAXE	48.49287719
NBAS	3.416604368
NBAT1	0.040386077
NBDY	20.54803465
NBEA	0.409153651
NBEAL1	1.256377917
NBEAL2	7.149474999
NBEAP1	0.033981671
NBEAP3	0
NBL1	18.9168153
NBN	8.461080008
NBPF1	0.681351354
NBPF10	0.097862546
NBPF11	0.866884739
NBPF12	1.286423185
NBPF13P	0.135793943
NBPF14	0.407394055
NBPF15	2.672666262
NBPF17P	0.022184707
NBPF19	0.309475382
NBPF20	0.045371882
NBPF21P	0.010799309
NBPF22P	0
NBPF25P	0.257955912
NBPF26	0.227098522
NBPF2P	0.497830193
NBPF3	0.786710351
NBPF4	0
NBPF5P	0
NBPF6	0
NBPF7	0
NBPF8	1.167150057
NBPF9	0.83147281
NBR1	11.23825607
NBR2	1.704539095
NCALD	5.864970401
NCAM1	0.174696657
NCAM1-AS1	0
NCAM2	0.516093585
NCAN	0
NCAPD2	2.695775329
NCAPD2P1	0.00870061
NCAPD3	1.081446449
NCAPG	0.203793349
NCAPG2	0.674958385
NCAPGP1	0.034553028
NCAPGP2	3.179680495
NCAPH	0.305938704
NCAPH2	17.32656043
NCBP1	4.519047727
NCBP2	12.46475132
NCBP2-AS1	0.529761854
NCBP2-AS2	10.01979458
NCBP2L	0.189936945
NCBP3	3.209976964
NCCRP1	0.308959617
NCDN	2.498499416
NCEH1	20.3857293
NCF1	1.321658294
NCF1B	0.82385899
NCF1C	2.064416274
NCF2	35.13930793
NCF4	20.18633443
NCF4-AS1	0
NCK1	12.09605818
NCK1-AS1	2.686564387
NCK2	11.87026504
NCKAP1	5.441984463
NCKAP1L	5.916842372
NCKAP5	3.978146999
NCKAP5-IT1	0
NCKAP5L	2.804680778
NCKIPSD	4.329632322
NCL	32.71231462
NCLN	8.302178003
NCLP1	0.175616687
NCLP2	0
NCMAP	2.980378852
NCOA1	5.773847726
NCOA2	3.066441618
NCOA3	5.203372578
NCOA4	83.72335805
NCOA4P2	0.008643022
NCOA4P3	0.025044962
NCOA4P4	0.025260287
NCOA5	12.24872098
NCOA6	2.369263321
NCOA7	55.87996964
NCOA7-AS1	0
NCOR1	4.695649671
NCOR1P1	0
NCOR1P2	0
NCOR1P3	0
NCOR2	10.24956161
NCR1	0.480110028
NCR2	0.025709267
NCR3	1.396318633
NCR3LG1	0.705846756
NCS1	1.442842054
NCSTN	20.5377568
NCSTNP1	0
NDC1	2.697585477
NDC80	0.282926908
NDE1	1.70167106
NDE1P2	0.014180813
NDEL1	11.2515256
NDFIP1	33.70671355
NDFIP1P1	0
NDFIP2	16.24715756
NDFIP2-AS1	0
NDN	14.37142012
NDNF	37.91421314
NDOR1	3.341717706
NDP	0.076938452
NDP-AS1	0
NDRG1	32.74019485
NDRG2	24.06507387
NDRG3	9.451088137
NDRG4	3.011486004
NDST1	9.327221557
NDST1-AS1	0.851619456
NDST2	0.639721018
NDST3	0.022356681
NDST4	0.004213444
NDUFA1	152.3407123
NDUFA10	5.640929697
NDUFA11	13.67504793
NDUFA12	22.38665906
NDUFA12P1	0
NDUFA13	15.99962757
NDUFA2	65.97532556
NDUFA3	23.87507403
NDUFA3P1	0.248726952
NDUFA3P2	0
NDUFA3P3	0
NDUFA3P4	0.125358384
NDUFA3P6	0
NDUFA4	107.4456368
NDUFA4L2	19.00367875
NDUFA4P2	0
NDUFA5	8.654895024
NDUFA5P1	0
NDUFA5P10	0.043892992
NDUFA5P11	0.091369085
NDUFA5P12	0
NDUFA5P2	0
NDUFA5P3	0
NDUFA5P4	0
NDUFA5P5	0
NDUFA5P6	0
NDUFA5P7	0
NDUFA5P8	0
NDUFA5P9	0
NDUFA6	61.2737793
NDUFA6-AS1	0.27992532
NDUFA7	2.195767872
NDUFA8	47.26931954
NDUFA8P1	0
NDUFA9	3.709720245
NDUFA9P1	0.069029947
NDUFAB1	38.35183059
NDUFAB1P1	0.136259113
NDUFAF1	8.044996847
NDUFAF2	19.05952814
NDUFAF3	17.38871174
NDUFAF4	7.29817757
NDUFAF4P1	0.060384578
NDUFAF4P2	0
NDUFAF4P3	0.41786128
NDUFAF4P4	0
NDUFAF5	2.392700206
NDUFAF6	2.213731999
NDUFAF7	4.090199257
NDUFAF8	9.25839082
NDUFB1	40.72901096
NDUFB10	71.33419255
NDUFB10P1	0
NDUFB10P2	0.065564008
NDUFB11	47.00939398
NDUFB11P1	0
NDUFB1P1	0.2611633
NDUFB1P2	0.089032943
NDUFB2	27.18517911
NDUFB2-AS1	0.399351648
NDUFB2P1	0
NDUFB3	51.34238436
NDUFB4	45.71532914
NDUFB4P1	0
NDUFB4P10	0.043648462
NDUFB4P11	0.034288398
NDUFB4P12	0
NDUFB4P2	0
NDUFB4P3	0
NDUFB4P4	0
NDUFB4P5	0
NDUFB4P6	0.085627311
NDUFB4P7	0
NDUFB4P8	0.341575978
NDUFB4P9	0
NDUFB5	18.96870283
NDUFB5P1	0
NDUFB5P2	0
NDUFB6	45.18049825
NDUFB7	221.85601
NDUFB8	25.53103155
NDUFB8P1	0
NDUFB8P2	0.291260186
NDUFB9	67.20906892
NDUFB9P1	0.030725094
NDUFB9P2	0.092720698
NDUFB9P3	0
NDUFC1	24.20301617
NDUFC2	16.95788848
NDUFC2-KCTD14	0
NDUFS1	4.999314424
NDUFS2	16.93349138
NDUFS3	17.63812957
NDUFS4	47.47575702
NDUFS5	253.2902749
NDUFS5P1	0
NDUFS5P2	0
NDUFS5P3	0
NDUFS5P4	0
NDUFS5P5	0
NDUFS5P6	0
NDUFS6	27.75422525
NDUFS6P1	0
NDUFS7	4.869639865
NDUFS8	11.1244133
NDUFV1	17.77846845
NDUFV2	6.433229497
NDUFV2-AS1	1.378767142
NDUFV2P1	2.315052846
NDUFV3	5.329460058
NEAT1	34.07064349
NEB	0.054339601
NEBL	9.417486622
NEBL-AS1	0.529229595
NECAB1	5.228156696
NECAB2	0.124363476
NECAB3	6.10624095
NECAP1	12.20396301
NECAP1P1	0
NECAP1P2	0
NECAP2	27.63849062
NECTIN1	0.864779139
NECTIN2	26.55125366
NECTIN3	3.13700031
NECTIN3-AS1	0.084701611
NECTIN4	2.103028286
NEDD1	3.539134299
NEDD4	2.526942251
NEDD4L	12.33656367
NEDD8	23.27645683
NEDD8-MDP1	0.059637671
NEDD9	37.92880731
NEFH	0.169828633
NEFHP1	0
NEFL	0.007239454
NEFLP1	0.015924591
NEFM	0.017883814
NEFMP1	0
NEGR1	0.854907366
NEGR1-IT1	0
NEIL1	2.290166498
NEIL2	3.443911647
NEIL3	0.052956397
NEK1	1.434630119
NEK10	0.085037518
NEK11	1.448468722
NEK2	0.060755275
NEK2P2	0
NEK2P4	0
NEK3	2.398887614
NEK4	1.630482814
NEK4P1	0
NEK4P2	0
NEK4P3	0
NEK5	0.33105207
NEK6	7.829579989
NEK7	35.70199918
NEK8	1.325905984
NEK9	6.433812489
NELFA	2.471260476
NELFB	14.93799868
NELFCD	6.33211113
NELFE	32.70544451
NELL1	0.020660875
NELL2	0.819590929
NEMF	2.071352461
NEMP1	2.544832295
NEMP2	1.220711146
NENF	67.37892322
NENFP1	0
NENFP2	0
NENFP3	0
NEO1	4.58491687
NEPNP	0.091435729
NEPRO	5.950372937
NES	16.1096124
NET1	14.21353892
NETO1	0.0028444
NETO2	1.342646774
NEU1	30.98538446
NEU2	0
NEU3	1.642466915
NEU4	0.320814802
NEURL1	0.180040009
NEURL1-AS1	0
NEURL1B	4.093076126
NEURL2	0.204755239
NEURL3	0.414179683
NEURL4	2.184120952
NEUROD1	0
NEUROD2	0.007531143
NEUROD4	0
NEUROD6	0
NEUROG1	0
NEUROG2	0
NEUROG3	0.056939673
NEXMIF	0.082633961
NEXN	7.524046377
NEXN-AS1	0.116224505
NF1	1.31183544
NF1P1	0
NF1P10	0
NF1P11	0
NF1P12	0
NF1P2	0
NF1P3	0
NF1P4	0
NF1P5	0
NF1P6	0
NF1P7	0
NF1P8	0
NF1P9	0
NF2	2.637858602
NFAM1	2.324743969
NFASC	0.951783132
NFAT5	2.475486044
NFATC1	6.013552825
NFATC2	3.988366397
NFATC2IP	7.228643306
NFATC3	1.875535667
NFATC4	1.983565753
NFE2	1.929371644
NFE2L1	30.55677861
NFE2L2	35.58268061
NFE2L3	4.831121528
NFE2L3P1	0.007998876
NFE4	0.219260233
NFIA	3.196800216
NFIA-AS1	0
NFIA-AS2	0.093525653
NFIB	8.346097467
NFIC	8.268261871
NFIL3	39.44881039
NFIX	10.66202694
NFKB1	16.719126
NFKB2	26.70225836
NFKBIA	392.9005397
NFKBIB	10.00601559
NFKBID	9.211763674
NFKBIE	17.44866309
NFKBIL1	6.835167647
NFKBIZ	37.56025622
NFRKB	2.995442047
NFS1	2.205841417
NFU1	20.53406847
NFU1P1	0
NFU1P2	0
NFX1	6.314400199
NFXL1	1.062359186
NFYA	9.625556836
NFYAP1	0
NFYB	10.57932689
NFYC	5.552087292
NFYC-AS1	0.63162197
NGB	0
NGDN	7.720422604
NGEF	0.120588441
NGF	0.793218046
NGFR	0.388913059
NGLY1	3.37260125
NGRN	4.539638644
NHEJ1	0.176404931
NHLH1	0.165073955
NHLH2	0.06857225
NHLRC1	0.830974136
NHLRC2	2.626293329
NHLRC3	5.288465137
NHLRC4	0.692299864
NHP2	28.17450434
NHP2P1	0
NHP2P2	0
NHS	0.272772841
NHS-AS1	0
NHSL1	5.732984096
NHSL2	0.405728807
NICN1	6.040014317
NID1	10.36280297
NID2	0.679057266
NIF3L1	8.320386441
NIFK	13.94080516
NIFK-AS1	2.772137222
NIFKP1	0
NIFKP2	0
NIFKP3	0.072461494
NIFKP4	0
NIFKP6	0
NIFKP7	0
NIFKP8	0.233074799
NIFKP9	0
NIM1K	2.519984093
NIN	2.193061694
NINJ1	25.38649297
NINJ2	17.65147655
NINL	1.377106082
NIP7	11.60158532
NIP7P1	0
NIP7P2	0
NIP7P3	0
NIPA1	2.339662942
NIPA2	8.132200442
NIPA2P1	0
NIPA2P2	0
NIPA2P4	0
NIPA2P5	0
NIPAL1	1.733813517
NIPAL2	5.986372193
NIPAL3	3.529203759
NIPAL4	0.201085811
NIPBL	3.610719675
NIPSNAP1	11.50583146
NIPSNAP2	21.61217582
NIPSNAP3A	20.03430653
NIPSNAP3B	0.935295564
NISCH	9.744660973
NIT1	8.667344105
NIT2	5.069342032
NKAIN1	0.005245999
NKAIN1P1	0
NKAIN2	0.053402427
NKAIN3	0
NKAIN4	0.140957703
NKAP	2.971584443
NKAPD1	5.723356279
NKAPL	0.927376696
NKAPP1	0.573878387
NKD1	1.258505369
NKD2	4.882893725
NKG7	40.00407253
NKILA	0.464424344
NKIRAS1	4.295320383
NKIRAS2	4.625490137
NKPD1	0.009867631
NKRF	2.246369642
NKTR	6.586262754
NKX1-1	0
NKX1-2	0
NKX2-1	26.8243177
NKX2-1-AS1	1.880375759
NKX2-2	0
NKX2-2-AS1	0
NKX2-3	0.022417451
NKX2-4	0
NKX2-5	0.007483189
NKX2-6	0
NKX2-8	0.621324266
NKX3-1	3.463547524
NKX3-2	0
NKX6-1	0.02031082
NKX6-2	0
NKX6-3	0.019489798
NLE1	1.408360025
NLGN1	0.035514915
NLGN1-AS1	0
NLGN2	2.032838659
NLGN3	0.332484481
NLGN4X	0.33272787
NLGN4Y	0.362815211
NLGN4Y-AS1	0.147272538
NLK	3.821179473
NLN	0.675570392
NLRC3	1.171836524
NLRC4	4.051490265
NLRC5	4.153394705
NLRP1	4.306502884
NLRP10	0
NLRP11	0.007267995
NLRP12	0.34493266
NLRP13	0
NLRP14	0.030233899
NLRP2	0.134035972
NLRP2B	0.039248085
NLRP3	1.627260923
NLRP3P1	0.017557197
NLRP4	0
NLRP5	0
NLRP6	0.102608593
NLRP7	0.080070506
NLRP8	0
NLRP9	0.021769655
NLRP9P1	0.005901995
NLRX1	2.247378923
NMB	8.540193231
NMBR	0
NMBR-AS1	0
NMD3	12.86345915
NMD3P1	0.021061556
NMD3P2	0
NME1	7.611565634
NME1-NME2	0.328295526
NME1P1	0
NME2	11.56183423
NME2P1	0.378497536
NME3	21.91602889
NME4	10.67424931
NME5	1.827706371
NME6	2.834253115
NME7	1.718023869
NME8	0.31480939
NME9	0.167681091
NMI	9.505443553
NMNAT1	2.641091766
NMNAT1P1	0
NMNAT1P2	0
NMNAT1P3	0.052938507
NMNAT1P4	0
NMNAT1P5	0
NMNAT2	0.356479703
NMNAT3	1.375818253
NMRAL1	7.50521813
NMRAL2P	0.524711653
NMRK1	13.97105405
NMRK2	0.35706814
NMS	0
NMT1	10.40893764
NMT2	2.407147692
NMTRQ-TTG12-1	0
NMTRS-TGA3-1	0
NMU	0.176787465
NMUR1	0.78396503
NMUR2	0.046775516
NNAT	0.531589138
NNMT	230.3927339
NNT	5.154213725
NNT-AS1	2.179006864
NOA1	3.308323383
NOB1	10.41941735
NOBOX	0
NOC2L	6.566095169
NOC2LP1	0.034464365
NOC2LP2	0.008060596
NOC3L	4.064880394
NOC4L	6.757552117
NOCT	5.062646397
NOD1	3.02367363
NOD2	0.978851136
NODAL	0.092556397
NOG	0.165642685
NOL10	4.568991831
NOL11	7.231447196
NOL12	1.501925469
NOL3	7.934406404
NOL4	0.019287601
NOL4L	3.343597878
NOL4L-DT	0
NOL6	6.399517907
NOL7	19.358292
NOL8	2.573379189
NOL8P1	0
NOL9	2.101338604
NOLC1	17.31177179
NOM1	2.669982272
NOMO1	3.597671442
NOMO2	0.603659326
NOMO3	0.202643025
NONO	32.15091962
NONOP2	2.049421184
NOP10	199.6626427
NOP14	8.632118793
NOP14-AS1	1.496198919
NOP16	6.175937155
NOP2	6.011157839
NOP53	34.98346214
NOP53-AS1	0.232145155
NOP56	11.41416186
NOP56P1	0
NOP56P2	0
NOP56P3	0.081401548
NOP58	16.42027635
NOP9	3.729791135
NORAD	45.80605681
NOS1	0.443338294
NOS1AP	0.125019621
NOS2	0.596623056
NOS2P2	0
NOS2P3	0
NOS2P4	0
NOS3	2.961283847
NOSIP	14.24225284
NOSTRIN	13.00342421
NOTCH1	5.530423644
NOTCH2	3.90159693
NOTCH2NL	0.053505441
NOTCH2P1	0
NOTCH3	4.815702236
NOTCH4	12.9965446
NOTO	0.005700181
NOTUM	2.11768055
NOV	3.787014405
NOVA1	0.096707891
NOVA1-AS1	0
NOVA2	1.903689185
NOX1	0.40274293
NOX3	0
NOX4	0.388146243
NOX5	0.036321968
NOXA1	2.904235504
NOXO1	0
NOXRED1	0.232657514
NPAP1	0.037477593
NPAP1P2	0
NPAP1P3	0.029640223
NPAP1P4	0.004734078
NPAP1P6	0.004497646
NPAP1P7	0
NPAS1	0.254892144
NPAS2	0.397672401
NPAS3	0.045783416
NPAS4	0.128140871
NPAT	1.830292306
NPB	0
NPBWR1	0.005831707
NPBWR2	0
NPC1	7.616185721
NPC1L1	0.077573257
NPC2	329.1854617
NPDC1	23.99419927
NPEPL1	1.369902508
NPEPPS	6.898576171
NPFF	0
NPFFR1	0.170381169
NPFFR2	0.019927679
NPHP1	0.772633073
NPHP3	1.759036183
NPHP3-ACAD11	0.008052311
NPHP3-AS1	0.009014265
NPHP4	0.755701506
NPHS1	0.020093165
NPHS2	0
NPIPA1	0.198541037
NPIPA2	0
NPIPA3	0.150395685
NPIPA5	1.505125334
NPIPA7	0
NPIPA8	0.01951407
NPIPB10P	0.034718902
NPIPB11	0.199524486
NPIPB12	0.177284715
NPIPB13	0.042171698
NPIPB14P	0.235772424
NPIPB15	3.388064431
NPIPB1P	0.05532144
NPIPB2	0.351547509
NPIPB3	0.328876405
NPIPB4	0.433424234
NPIPB5	0.582625173
NPIPB6	0.014678968
NPIPB7	0
NPIPB8	0
NPIPB9	0.007380969
NPIPP1	1.76653255
NPL	5.436396249
NPLOC4	8.972407834
NPM1	108.7470882
NPM1P10	0.018115373
NPM1P11	0
NPM1P12	0.018788727
NPM1P13	0
NPM1P14	0
NPM1P17	0
NPM1P18	0
NPM1P19	0.022008143
NPM1P2	0
NPM1P21	0.041128079
NPM1P22	0
NPM1P23	0
NPM1P24	0.070110953
NPM1P25	0.550461288
NPM1P26	0.191095097
NPM1P27	1.510341975
NPM1P28	0
NPM1P29	0.01951407
NPM1P30	0
NPM1P31	0
NPM1P32	0.025943374
NPM1P33	0.017969952
NPM1P34	0
NPM1P35	0.018052763
NPM1P36	0
NPM1P37	0.035857661
NPM1P38	0
NPM1P39	0.234956602
NPM1P4	0
NPM1P40	0.042755247
NPM1P41	0
NPM1P42	0.01817842
NPM1P43	0
NPM1P45	0
NPM1P46	0.072461494
NPM1P47	0.018305839
NPM1P48	0
NPM1P49	0.065839487
NPM1P5	0
NPM1P50	0
NPM1P51	0
NPM1P52	0
NPM1P6	0.233877582
NPM1P8	0.037442767
NPM1P9	0.037132223
NPM2	0.774754918
NPM3	12.88368089
NPNT	22.15853403
NPPA	0.503672078
NPPA-AS1	2.273054089
NPPB	0.067736879
NPPC	0.131678975
NPR1	10.73050728
NPR2	2.40824321
NPR3	7.015355538
NPRL2	6.068477657
NPRL3	2.857029291
NPS	0
NPSR1	0
NPSR1-AS1	0
NPTN	34.60025088
NPTN-IT1	1.468829072
NPTX1	0.434817608
NPTX2	0.259777818
NPTXR	0.742310624
NPVF	0
NPW	0.052539138
NPY	0.187152853
NPY1R	0.566062081
NPY2R	0
NPY4R	0.080111442
NPY4R2	0.056078009
NPY5R	0.099989595
NPY6R	0.041953944
NQO1	11.57176539
NQO2	2.908091079
NR0B1	0
NR0B2	7.984006071
NR1D1	1.972856962
NR1D2	5.944830579
NR1H2	24.81782022
NR1H3	7.048470794
NR1H4	0.203797951
NR1H5P	0
NR1I2	0.011648242
NR1I3	0.156460918
NR2C1	4.365655162
NR2C2	3.58704622
NR2C2AP	6.75181374
NR2E1	0
NR2E3	0.072455909
NR2F1	5.371223307
NR2F1-AS1	1.124490685
NR2F2	5.092259791
NR2F2-AS1	0.785686721
NR2F6	6.142607659
NR3C1	12.91408668
NR3C2	2.80571682
NR4A1	49.93499575
NR4A2	13.34322602
NR4A3	25.65637815
NR5A1	0
NR5A2	0.876878496
NR6A1	0.756655041
NRADDP	0.476216726
NRAP	0.049276094
NRARP	2.567368033
NRAS	18.3113688
NRAV	3.651615208
NRBF2	18.24983312
NRBF2P1	0
NRBF2P2	0
NRBF2P3	0
NRBF2P4	0
NRBF2P5	0.238626365
NRBP1	14.50830987
NRBP2	7.53575988
NRCAM	0.652191031
NRDC	12.9559824
NRDE2	0.670861833
NREP	2.884907652
NREP-AS1	0
NRF1	4.436927044
NRG1	0.942013809
NRG1-IT1	0
NRG1-IT3	0
NRG2	0.152537857
NRG3	0.256426111
NRG3-AS1	0
NRG4	0.112127356
NRGN	38.90515163
NRIP1	4.610157193
NRIP2	0.939181614
NRIP3	0.570087242
NRIR	0.547557176
NRK	0.044195607
NRL	0.790285347
NRM	4.513208322
NRN1	18.55067151
NRN1L	0.02979049
NRON	0
NRP1	14.19828945
NRP2	5.743111772
NRROS	2.789331739
NRSN1	0.003744277
NRSN2	5.940953075
NRSN2-AS1	4.924793655
NRTN	0.197815304
NRXN1	0.024165804
NRXN2	0.075534943
NRXN3	0.610056584
NSA2	19.07723694
NSD1	2.173333746
NSD2	1.6639652
NSD3	4.185599071
NSDHL	13.62864194
NSF	4.339328675
NSFL1C	9.789125067
NSFP1	0.127829759
NSG1	0.381400364
NSG2	0.015884235
NSL1	9.016549616
NSMAF	5.042802793
NSMCE1	10.99795371
NSMCE2	9.765464213
NSMCE3	20.29336718
NSMCE4A	9.889737143
NSMF	3.771591257
NSRP1	8.0435688
NSRP1P1	0.083300757
NSUN2	9.522547055
NSUN3	1.621205365
NSUN4	4.246833538
NSUN5	3.749919438
NSUN5P1	1.280360931
NSUN5P2	0.316315798
NSUN6	2.17710744
NSUN7	1.010847798
NT5C	14.05394359
NT5C1A	0.042465577
NT5C1B	0.023581336
NT5C1B-RDH14	0
NT5C2	6.61012619
NT5C3A	6.437492162
NT5C3AP1	0.056535651
NT5C3B	13.46569454
NT5CP1	0.153927289
NT5CP2	0.055863807
NT5DC1	7.216382548
NT5DC2	7.381640377
NT5DC3	0.68449817
NT5DC4	0.040797107
NT5E	3.401518029
NT5M	0.727155338
NTAN1	6.542361987
NTAN1P1	0
NTAN1P2	0.166699979
NTAN1P3	0
NTF3	0.413351985
NTF4	1.203605552
NTF6A	0
NTF6B	0
NTF6G	0
NTHL1	10.49811981
NTM	9.028831276
NTM-AS1	0.066869693
NTM-IT	0.042010182
NTMT1	5.483653309
NTN1	0.596547221
NTN3	0.03945065
NTN4	36.70328584
NTN5	0.221339041
NTNG1	0.408121243
NTNG2	0.297616304
NTPCR	3.534451724
NTRK1	0.154683497
NTRK2	0.260098793
NTRK3	0.383690381
NTRK3-AS1	0
NTS	0.765855079
NTSR1	0.003698324
NTSR2	0
NUAK1	1.330412358
NUAK2	3.120153609
NUB1	12.08465478
NUBP1	10.52401267
NUBP2	8.201250887
NUBPL	1.37291379
NUCB1	75.21662242
NUCB1-AS1	0.615211469
NUCB2	6.865444568
NUCKS1	26.9493715
NUCKS1P1	0
NUDC	26.57171978
NUDCD1	5.093831607
NUDCD2	3.397159778
NUDCD3	7.408019797
NUDT1	4.507032199
NUDT10	0.198351873
NUDT11	0.532181819
NUDT12	4.631036954
NUDT13	1.547711107
NUDT14	21.74634283
NUDT15	12.18928042
NUDT16	4.775175317
NUDT16L1	12.76012564
NUDT16P1	1.945169561
NUDT17	1.503619723
NUDT18	5.33629795
NUDT19	2.804402674
NUDT19P3	0
NUDT19P4	0
NUDT19P5	0
NUDT2	13.51246767
NUDT21	12.29055368
NUDT22	4.792321988
NUDT3	1.762357897
NUDT4	3.044400126
NUDT4B	0
NUDT4P2	0
NUDT5	9.160950528
NUDT6	0.349485709
NUDT7	1.779354351
NUDT8	2.411555352
NUDT9	11.22083525
NUDT9P1	0.567898719
NUF2	0.302955642
NUFIP1	1.310303841
NUFIP1P	0.02118972
NUFIP2	7.460845754
NUGGC	0.328515593
NUMA1	6.918837501
NUMB	11.31982712
NUMBL	2.691018031
NUP107	3.376916803
NUP133	6.020501334
NUP153	8.141538493
NUP155	1.771825962
NUP160	6.846400779
NUP188	4.98292171
NUP205	4.512342407
NUP210	3.893510061
NUP210L	0.415093987
NUP210P1	0
NUP210P2	0
NUP210P3	0.282702541
NUP214	3.664923662
NUP35	3.253245258
NUP35P1	0
NUP35P2	0
NUP37	5.057234347
NUP43	5.929208311
NUP50	4.84712554
NUP50-AS1	2.478916342
NUP54	12.04745917
NUP58	11.38022462
NUP58P1	0
NUP62	4.851910874
NUP62CL	0.377686615
NUP85	5.44957735
NUP88	6.60357373
NUP93	2.582083272
NUP98	12.6798012
NUPL2	4.576040413
NUPR1	37.37111499
NUPR2	1.143401512
NUS1	11.46415289
NUS1P1	1.705556244
NUS1P2	0.017949368
NUS1P3	0
NUS1P4	0
NUSAP1	1.035569259
NUTF2	24.79408602
NUTF2P2	0.040806766
NUTF2P3	0.040806766
NUTF2P4	0
NUTF2P5	0
NUTF2P6	0.569810836
NUTF2P7	0.041786128
NUTF2P8	0
NUTM1	0.014937844
NUTM2A	0.077084799
NUTM2A-AS1	1.685686925
NUTM2B	0.080199754
NUTM2B-AS1	0.586223551
NUTM2D	0.109924138
NUTM2E	0
NUTM2F	0.055067623
NUTM2G	0.212621427
NUTM2HP	0.037637625
NVL	2.734807878
NWD1	0.156790209
NWD2	0
NXF1	15.91519199
NXF2	0
NXF2B	0
NXF3	2.933087543
NXF4	0.012996791
NXF5	0.094396373
NXN	10.01481307
NXNL1	0.016564268
NXNL2	0.186086872
NXNP1	0
NXPE1	0
NXPE2	0.008366149
NXPE2P1	0
NXPE3	3.298034325
NXPE4	0.057955795
NXPH1	0
NXPH2	0
NXPH3	1.853297638
NXPH4	0.021864834
NXT1	40.18612486
NXT1P1	0
NXT2	6.85297954
NYAP1	0.056806295
NYAP2	0.097368256
NYNRIN	2.318460369
NYX	0
OACYLP	0.004949399
OAF	4.815403917
OARD1	2.940339222
OAS1	8.802581084
OAS2	9.068170135
OAS3	3.87614322
OASL	13.30395701
OAT	21.17365266
OAZ1	258.1229821
OAZ2	10.76315547
OAZ3	0.482812815
OBP2A	0.030664967
OBP2B	0.013805989
OBSCN	0.841507316
OBSCN-AS1	0.356620026
OBSL1	3.443409985
OC90	0
Oca.02	0.261242464
OCEL1	7.016577998
OCIAD1	27.67311589
OCIAD1-AS1	1.005232324
OCIAD2	14.69792973
OCLM	0.372246332
OCLN	3.963223572
OCM	0.056501675
OCM2	0
OCRL	5.357937504
OCSTAMP	0
ODAM	2.568161515
ODAPH	0.030515673
ODC1	73.20667755
ODCP	0.009560584
ODF1	0
ODF2	4.507548649
ODF2-AS1	0.34650659
ODF2L	3.620531414
ODF3	0.020154081
ODF3B	9.983452351
ODF3L1	4.900087332
ODF3L2	0.198237812
ODF4	0
ODR4	8.266922081
OFCC1	0.003259787
OFD1	5.73832123
OFD1P10Y	0
OFD1P11Y	0
OFD1P12Y	0
OFD1P13Y	0
OFD1P15Y	0
OFD1P16Y	0.049276094
OFD1P17	0.005192113
OFD1P18Y	0
OFD1P1Y	0
OFD1P2Y	0
OFD1P3Y	0
OFD1P4Y	0
OFD1P5Y	0
OFD1P6Y	0
OFD1P7Y	0
OFD1P8Y	0
OFD1P9Y	0
OGDH	18.93910134
OGDHL	0.010950243
OGFOD1	4.949777733
OGFOD1P1	0.029528514
OGFOD2	0.193832137
OGFOD3	3.770951231
OGFR	8.48475238
OGFR-AS1	0.140746689
OGFRL1	4.915098498
OGFRP1	0.129591713
OGG1	1.96478058
OGN	7.162527358
OGT	18.86540193
OIP5	0.507113204
OIP5-AS1	7.594405372
OIT3	0.278279711
OLA1	8.813619167
OLA1P1	0.421727112
OLA1P2	0.024793984
OLA1P3	0.006132993
OLAH	0.251883386
OLFM1	1.931995087
OLFM2	2.143628366
OLFM3	0.013981528
OLFM4	0.027044871
OLFM5P	0.243846653
OLFML1	3.42947849
OLFML2A	3.421525711
OLFML2B	3.881888463
OLFML3	16.75975939
OLIG1	0.048172414
OLIG2	0
OLIG3	0
OLMALINC	1.744501227
OLR1	103.7169423
OMA1	4.682395258
OMD	2.501792983
OMG	1.310921333
OMP	0
ONECUT1	0.004070077
ONECUT2	0
ONECUT3	0
OOEP	0.267038139
OOEP-AS1	0.033844056
OOSP1	0.012338424
OOSP1P1	0
OOSP1P2	0
OOSP2	0
OPA1	3.969385382
OPA1-AS1	0
OPA3	2.168916934
OPALIN	0
OPCML	0.008265751
OPCML-IT1	0
OPCML-IT2	0
OPHN1	1.387112468
OPLAH	1.110201016
OPN1LW	0
OPN1MW	0
OPN1MW2	0
OPN1MW3	0
OPN1SW	2.487723404
OPN3	5.226301016
OPN4	0.012760422
OPN5	0.006171642
OPRD1	0.030182596
OPRK1	0.23758669
OPRL1	0.578400546
OPRM1	0
OPRPN	0
OPTC	0
OPTN	21.7754686
OR10A2	0
OR10A3	0.073844477
OR10A4	0
OR10A5	0
OR10A6	0
OR10A7	0
OR10AA1P	0
OR10AB1P	0.033411083
OR10AC1	0
OR10AD1	0
OR10AE1P	0
OR10AE3P	0
OR10AF1P	0
OR10AG1	0
OR10AK1P	0
OR10B1P	0
OR10C1	0
OR10D1P	0.033482474
OR10D3	0
OR10D4P	0
OR10D5P	0
OR10G1P	0
OR10G2	0
OR10G3	0
OR10G4	0
OR10G5P	0
OR10G6	0
OR10G7	0
OR10G8	0
OR10G9	0
OR10H1	0
OR10H2	0
OR10H3	0
OR10H4	0
OR10H5	0
OR10J1	0
OR10J2P	0
OR10J3	0
OR10J4	0
OR10J5	0
OR10J6P	0
OR10J7P	0
OR10J8P	0
OR10J9P	0
OR10K1	0
OR10K2	0
OR10N1P	0
OR10P1	0
OR10Q1	0
OR10Q2P	0
OR10R1P	0
OR10R2	0
OR10R3P	0
OR10S1	0
OR10T1P	0
OR10T2	0
OR10U1P	0
OR10V1	0.015038194
OR10V2P	0
OR10V3P	0
OR10W1	0
OR10X1	0
OR10Y1P	0
OR10Z1	0
OR11A1	0
OR11G1P	0
OR11G2	0
OR11H1	0
OR11H12	0
OR11H13P	0
OR11H2	0
OR11H3P	0
OR11H4	0
OR11H5P	0
OR11H6	0
OR11H7	0.050009994
OR11I1P	0
OR11J2P	0
OR11J5P	0
OR11K1P	0
OR11K2P	0
OR11L1	0
OR11M1P	0
OR11N1P	0
OR11Q1P	0
OR12D1	0
OR12D2	0
OR12D3	0
OR13A1	0.072078188
OR13C1P	0
OR13C2	0.049121624
OR13C3	0.014142417
OR13C4	0
OR13C5	0
OR13C6P	0.098967145
OR13C7	0.016339727
OR13C8	0
OR13C9	0
OR13D1	0
OR13D2P	0
OR13D3P	0
OR13E1P	0
OR13F1	0
OR13G1	0
OR13H1	0
OR13I1P	0
OR13J1	0.04681045
OR13K1P	0
OR13Z1P	0
OR13Z2P	0
OR13Z3P	0
OR14A16	0
OR14A2	0
OR14C36	0
OR14I1	0.033482474
OR14J1	0
OR14K1	0
OR14L1P	0.016885558
OR1A1	0
OR1A2	0
OR1AA1P	0
OR1AB1P	0
OR1AC1P	0
OR1B1	0
OR1C1	0
OR1D2	0
OR1D3P	0
OR1D4	0
OR1D5	0
OR1E1	0
OR1E2	0
OR1E3	0
OR1F1	0
OR1F12	0
OR1F2P	0
OR1G1	0
OR1H1P	0.10241698
OR1I1	0
OR1J1	0
OR1J2	0
OR1J4	0
OR1K1	0.03295436
OR1L1	0
OR1L3	0
OR1L4	0
OR1L6	0
OR1L8	0.303286413
OR1M1	0
OR1M4P	0
OR1N1	0.016687751
OR1N2	0
OR1P1	0
OR1Q1	0.016581797
OR1S1	0
OR1S2	0
OR1X1P	0
OR1X5P	0
OR2A1	0.06718027
OR2A12	0
OR2A13P	0.016849245
OR2A14	0
OR2A15P	0
OR2A1-AS1	1.537046079
OR2A2	0
OR2A20P	0
OR2A25	0
OR2A3P	0
OR2A4	0.016795068
OR2A41P	0
OR2A42	0.016795068
OR2A5	0
OR2A7	1.319857537
OR2A9P	0.530622467
OR2AD1P	0
OR2AE1	0
OR2AF1P	0
OR2AG1	0
OR2AG2	0
OR2AH1P	0
OR2AI1P	0
OR2AJ1	0
OR2AK2	0
OR2AL1P	0
OR2AM1P	0.111396668
OR2AO1P	0.077765747
OR2AP1	0
OR2AQ1P	0
OR2AS1P	0
OR2AS2P	0
OR2AT1P	0.063269709
OR2AT2P	0
OR2AT4	0
OR2B11	0.03285073
OR2B2	0
OR2B3	0
OR2B4P	0
OR2B6	0.016634605
OR2B7P	0
OR2B8P	0
OR2BH1P	0
OR2C1	0.044579795
OR2C3	0
OR2D2	0
OR2D3	0
OR2E1P	0
OR2F1	0
OR2F2	0
OR2G1P	0
OR2G2	0
OR2G3	0
OR2G6	0
OR2H1	0.004225943
OR2H2	0.049462746
OR2H4P	0
OR2H5P	0
OR2I1P	1.355404468
OR2J1	0
OR2J2	0
OR2J3	0
OR2J4P	0
OR2K2	0
OR2L13	0.024925447
OR2L1P	0
OR2L2	0.016687751
OR2L3	0
OR2L5	0
OR2L6P	0
OR2L8	0
OR2L9P	0
OR2M1P	0
OR2M2	0
OR2M3	0
OR2M4	0
OR2M5	0
OR2M7	0
OR2N1P	0
OR2P1P	0
OR2Q1P	0
OR2R1P	0.051432597
OR2S1P	0.956682404
OR2S2	0
OR2T1	0
OR2T10	0
OR2T11	0
OR2T12	0
OR2T2	0
OR2T27	0
OR2T29	0
OR2T3	0
OR2T32P	0.016271857
OR2T33	0
OR2T34	0
OR2T35	0
OR2T4	0
OR2T5	0
OR2T6	0
OR2T7	0
OR2T8	0.016687751
OR2U1P	0
OR2U2P	0
OR2V1	0
OR2V2	0
OR2W1	0
OR2W2P	0
OR2W3	0.381381327
OR2W4P	0
OR2W5	0
OR2W6P	0
OR2X1P	0
OR2Y1	0
OR2Z1	0
OR3A1	0.016221323
OR3A2	0.029126019
OR3A3	0.016221323
OR3A4P	0
OR3B1P	0
OR3D1P	0
OR4A11P	0
OR4A12P	0
OR4A13P	0
OR4A15	0
OR4A16	0
OR4A17P	0
OR4A18P	0
OR4A19P	0
OR4A1P	0
OR4A21P	0
OR4A2P	0
OR4A3P	0
OR4A40P	0
OR4A41P	0
OR4A42P	0
OR4A43P	0
OR4A44P	0
OR4A45P	0
OR4A46P	0
OR4A47	0
OR4A48P	0
OR4A49P	0
OR4A4P	0
OR4A5	0
OR4A50P	0
OR4A6P	0
OR4A7P	0
OR4A8	0
OR4A9P	0
OR4B1	0
OR4B2P	0
OR4C10P	0
OR4C11	0
OR4C12	0
OR4C13	0
OR4C14P	0
OR4C15	0
OR4C16	0
OR4C1P	0
OR4C2P	0
OR4C3	0
OR4C45	0
OR4C46	0
OR4C49P	0
OR4C4P	0
OR4C5	0
OR4C50P	0
OR4C6	0
OR4C7P	0
OR4C9P	0
OR4D1	0
OR4D10	0
OR4D11	0
OR4D12P	0
OR4D2	0
OR4D5	0
OR4D6	0.059467924
OR4D7P	0
OR4D8P	0
OR4D9	0
OR4E1	0
OR4E2	0
OR4F13P	0
OR4F14P	0
OR4F15	0
OR4F16	0
OR4F17	0
OR4F1P	0
OR4F21	0
OR4F28P	0
OR4F29	0
OR4F2P	0
OR4F3	0
OR4F4	0
OR4F5	0
OR4F6	0
OR4F7P	0
OR4F8P	0
OR4G11P	0
OR4G1P	0
OR4G2P	0
OR4G4P	0
OR4H12P	0
OR4K1	0
OR4K11P	0
OR4K12P	0
OR4K13	0.017088111
OR4K14	0
OR4K15	0
OR4K16P	0
OR4K17	0
OR4K2	0
OR4K3	0
OR4K4P	0
OR4K5	0
OR4K6P	0
OR4K7P	0
OR4K8P	0
OR4L1	0
OR4M1	0
OR4M2	0
OR4N1P	0
OR4N2	0
OR4N3P	0
OR4N4	0
OR4N5	0
OR4P1P	0
OR4P4	0
OR4Q2	0
OR4Q3	0
OR4R1P	0
OR4R2P	0
OR4R3P	0
OR4S1	0
OR4S2	0
OR4T1P	0
OR4U1P	0
OR4V1P	0
OR4X1	0
OR4X2	0
OR4X7P	0
OR51A10P	0
OR51A1P	0
OR51A2	0
OR51A3P	0
OR51A4	0
OR51A5P	0
OR51A6P	0
OR51A7	0
OR51A8P	0
OR51A9P	0
OR51AB1P	0
OR51B2	0
OR51B3P	0
OR51B4	0.079703957
OR51B5	0.011309851
OR51B5	0
OR51B6	0
OR51B8P	0
OR51C1P	0
OR51C4P	0
OR51D1	0
OR51E1	0.0216793
OR51E2	0
OR51F1	0
OR51F2	0
OR51F3P	0
OR51F4P	0
OR51G1	0
OR51G2	0
OR51H1	0
OR51H2P	0
OR51I1	0
OR51I2	0
OR51J1	0
OR51K1P	0.016494524
OR51L1	0
OR51M1	0.015973291
OR51N1P	0
OR51P1P	0
OR51Q1	0
OR51R1P	0
OR51S1	0
OR51T1	0
OR51V1	0
OR52A1	0
OR52A4P	0
OR52A5	0
OR52B1P	0
OR52B2	0
OR52B3P	0.151970024
OR52B4	0
OR52B5P	0.01647718
OR52B6	0
OR52D1	0
OR52E1	0
OR52E2	0
OR52E3P	0
OR52E4	0
OR52E5	0
OR52E6	0
OR52E7P	0
OR52E8	0
OR52H1	0.032543713
OR52H2P	0
OR52I1	0.029847234
OR52I2	0
OR52J1P	0
OR52J2P	0
OR52J3	0
OR52K1	0
OR52K2	0
OR52K3P	0.79761432
OR52L1	0
OR52L2P	0
OR52M1	0
OR52M2P	0
OR52N1	0
OR52N2	0
OR52N3P	0
OR52N4	0.407988955
OR52N5	0
OR52P1P	0.016271857
OR52P2P	0
OR52Q1P	0
OR52R1	0
OR52S1P	0
OR52T1P	0.016687751
OR52U1P	0
OR52V1P	0.034899327
OR52W1	0.028132492
OR52X1P	0
OR52Y1P	0
OR52Z1	0
OR55B1P	0
OR56A1	0
OR56A3	0
OR56A4	0
OR56A5	0
OR56A7P	0
OR56B1	0
OR56B2P	0
OR56B3P	0
OR56B4	0
OR5A1	0
OR5A2	0
OR5AC1	0
OR5AC2	0
OR5AC4P	0
OR5AH1P	0.110740622
OR5AK1P	0
OR5AK2	0.094396373
OR5AK3P	0.024163143
OR5AL1	0
OR5AL2P	0
OR5AM1P	0
OR5AN1	0
OR5AN2P	0
OR5AO1P	0
OR5AP1P	0
OR5AP2	0
OR5AQ1P	0
OR5AR1	0
OR5AS1	0
OR5AU1	0
OR5AW1P	0
OR5AZ1P	0
OR5B10P	0
OR5B12	0
OR5B15P	0
OR5B17	0
OR5B19P	0
OR5B1P	0
OR5B2	0
OR5B21	0
OR5B3	0
OR5BA1P	0.367011562
OR5BB1P	0
OR5BC1P	0
OR5BD1P	0
OR5BE1P	0
OR5BH1P	0
OR5BJ1P	0
OR5BK1P	0.057119555
OR5BL1P	0
OR5BM1P	0
OR5BN1P	0
OR5BN2P	0
OR5BP1P	0
OR5BQ1P	0
OR5BR1P	0
OR5BS1P	0
OR5BT1P	0.129197392
OR5C1	0.032543713
OR5D13	0
OR5D14	0
OR5D15P	0
OR5D16	0
OR5D17P	0
OR5D18	0
OR5D2P	0
OR5E1P	0.152133961
OR5F1	0
OR5F2P	0
OR5G1P	0
OR5G3	0.016867382
OR5G4P	0
OR5G5P	0.01116878
OR5H1	0
OR5H14	0
OR5H15	0
OR5H2	0
OR5H3P	0
OR5H4P	0
OR5H5P	0
OR5H6	0
OR5H7P	0
OR5H8	0
OR5I1	0
OR5J1P	0
OR5J2	0
OR5J7P	0
OR5K1	0.014284228
OR5K2	0.118262626
OR5K3	0
OR5K4	0
OR5L1	0
OR5L2	0
OR5M1	0
OR5M10	0
OR5M11	0
OR5M12P	0
OR5M13P	0
OR5M14P	0
OR5M2P	0
OR5M3	0
OR5M4P	0
OR5M5P	0
OR5M6P	0
OR5M7P	0
OR5M8	0
OR5M9	0
OR5P1P	0.033880644
OR5P2	0
OR5P3	0
OR5P4P	0
OR5R1	0
OR5S1P	0
OR5T1	0
OR5T2	0
OR5T3	0
OR5V1	0
OR5W1P	0
OR5W2	0
OR6A2	0
OR6B1	0
OR6B2	0
OR6B3	0
OR6C1	0
OR6C2	0
OR6C3	0
OR6C4	0
OR6C5P	0
OR6C6	0
OR6C64P	0
OR6C65	0
OR6C66P	0
OR6C68	0
OR6C69P	0.017547366
OR6C70	0
OR6C71P	0
OR6C72P	0
OR6C73P	0
OR6C74	0
OR6C75	0
OR6C76	0
OR6C7P	0
OR6D1P	0
OR6E1P	0.084885146
OR6F1	0
OR6J1	0
OR6K1P	0
OR6K2	0
OR6K3	0.346120036
OR6K4P	0.196897985
OR6K5P	0.082908984
OR6K6	0
OR6L1P	0
OR6L2P	0
OR6M1	0
OR6M2P	0
OR6M3P	0
OR6N1	0.100126505
OR6N2	0
OR6P1	0
OR6Q1	0
OR6R1P	0
OR6R2P	0.05223266
OR6S1	0.015732729
OR6T1	0
OR6V1	0
OR6W1P	0
OR6X1	0
OR6Y1	0
OR7A10	0
OR7A11P	0
OR7A15P	0
OR7A17	0
OR7A18P	0
OR7A19P	0
OR7A1P	0
OR7A2P	0
OR7A3P	0
OR7A5	0
OR7A8P	0
OR7C1	0.014699623
OR7C2	0
OR7D1P	0
OR7D2	0.009720718
OR7D4	0
OR7E100P	0.046314674
OR7E101P	0
OR7E102P	0.046314674
OR7E105P	0
OR7E106P	0
OR7E108P	0
OR7E109P	0
OR7E10P	0
OR7E110P	0
OR7E111P	0
OR7E115P	0.076512686
OR7E116P	0
OR7E117P	0
OR7E11P	0.246898078
OR7E121P	0
OR7E122P	0.015407864
OR7E125P	0
OR7E126P	0.176461689
OR7E128P	0.168327908
OR7E129P	0
OR7E12P	0.209360097
OR7E130P	0
OR7E136P	0
OR7E13P	0.051658675
OR7E140P	0.030545415
OR7E145P	0
OR7E148P	0
OR7E149P	0
OR7E14P	0.45751235
OR7E154P	0
OR7E155P	0
OR7E156P	0
OR7E157P	0
OR7E158P	0
OR7E159P	0.105166429
OR7E15P	0
OR7E160P	0
OR7E161P	0
OR7E162P	0.060912723
OR7E163P	0
OR7E16P	0
OR7E18P	0
OR7E19P	0
OR7E1P	0
OR7E21P	0
OR7E22P	0.015860119
OR7E23P	0
OR7E24	0
OR7E25P	0
OR7E26P	0
OR7E28P	0
OR7E29P	0.051829541
OR7E2P	0.070505278
OR7E31P	0
OR7E33P	0
OR7E35P	0
OR7E36P	0.131402918
OR7E37P	0.034938234
OR7E38P	2.22717941
OR7E39P	0
OR7E41P	0
OR7E43P	0
OR7E46P	0
OR7E47P	8.098338938
OR7E47P	0.383892601
OR7E4P	0
OR7E53P	0.034667695
OR7E55P	0.017508154
OR7E59P	0
OR7E5P	0
OR7E62P	0.03285073
OR7E66P	0
OR7E7P	0.727747535
OR7E83P	0
OR7E85P	0
OR7E86P	0.015828079
OR7E87P	0
OR7E89P	0
OR7E8P	0
OR7E90P	0
OR7E91P	0.07237782
OR7E93P	0
OR7E94P	0.170118434
OR7E96P	0
OR7E97P	0
OR7E99P	0
OR7G1	0
OR7G15P	0
OR7G2	0
OR7G3	0
OR7H1P	0
OR7H2P	0
OR7K1P	0
OR7L1P	0
OR7M1P	0.029399246
OR8A1	0.013673471
OR8A2P	0
OR8A3P	0
OR8B10P	0
OR8B12	0
OR8B1P	0
OR8B2	0
OR8B3	0
OR8B4	0
OR8B5P	0
OR8B6P	0
OR8B7P	0
OR8B8	0
OR8B9P	0
OR8C1P	0
OR8D1	0
OR8D2	0
OR8D4	0
OR8F1P	0
OR8G1	0
OR8G2P	0
OR8G3P	0
OR8G5	0.180631677
OR8G7P	0
OR8H1	0
OR8H2	0
OR8H3	0
OR8I1P	0
OR8I2	0
OR8I4P	0
OR8J1	0
OR8J2	0
OR8J3	0
OR8K1	0
OR8K2P	0
OR8K3	0
OR8K4P	0
OR8K5	0
OR8L1P	0
OR8Q1P	0
OR8R1P	0.041020414
OR8S21P	0
OR8T1P	0.358459431
OR8U1	0
OR8V1P	0
OR8X1P	0
OR9A1P	0
OR9A2	0
OR9A3P	0
OR9A4	0.014336503
OR9G1	0
OR9G2P	0.035613177
OR9G3P	0
OR9G4	0
OR9H1P	0
OR9I1	0
OR9I2P	0
OR9I3P	0
OR9K1P	0
OR9K2	0
OR9L1P	0
OR9M1P	0
OR9N1P	0
OR9P1P	0
OR9Q1	0
OR9Q2	0
OR9R1P	0
OR9S24P	0
ORAI1	12.36542415
ORAI2	2.26233326
ORAI3	3.177832662
ORAOV1	1.791516539
ORAOV1P1	0.357033372
ORC1	0.213430888
ORC2	3.475016042
ORC3	5.93829699
ORC4	4.079596314
ORC5	2.823424934
ORC6	0.301831802
ORM1	6.608793826
ORM2	2.577269407
ORMDL1	13.36960784
ORMDL2	18.08439676
ORMDL3	14.67999466
OS9	32.26420198
OSBP	8.77360321
OSBP2	0.36952658
OSBPL10	1.215534597
OSBPL10-AS1	0.02037685
OSBPL11	9.014527073
OSBPL1A	4.516152202
OSBPL2	3.278172482
OSBPL3	2.851516326
OSBPL5	3.643553351
OSBPL6	0.6616622
OSBPL7	1.213622517
OSBPL8	7.378331715
OSBPL9	10.44378955
OSBPL9P1	0
OSBPL9P2	0
OSBPL9P3	0
OSBPL9P4	0
OSBPL9P5	0
OSCAR	18.8278187
OSCP1	4.338982802
OSER1	31.16569052
OSER1-AS1	6.523108954
OSGEP	7.646687208
OSGEPL1	1.727482614
OSGEPL1-AS1	0.710607118
OSGIN1	2.67654642
OSGIN2	15.54928684
OSM	5.97438845
OSMR	18.68624503
OSMR-AS1	1.021685085
OSR1	1.065510845
OSR2	1.353057642
OST4	253.7025291
OSTC	62.15589631
OSTCP1	0.051124953
OSTCP2	0.141169351
OSTCP4	0.104697982
OSTCP5	0.034591166
OSTCP6	0
OSTCP8	0.034977228
OSTF1	59.81609772
OSTF1P1	0.051460749
OSTM1	16.38192778
OSTM1-AS1	0
OSTN	0.107093991
OSTN-AS1	0.091280377
OTC	0.415224931
OTOA	0.197801584
OTOF	0.053656886
OTOG	0
OTOGL	0.029918469
OTOL1	0
OTOP1	0
OTOP2	0
OTOP3	0
OTOR	0
OTOS	0
OTP	0.007041024
OTUB1	15.40256568
OTUB2	0.165837467
OTUD1	36.02504189
OTUD3	3.806878661
OTUD4	5.885013842
OTUD4P1	0
OTUD5	12.09261694
OTUD6A	0
OTUD6B	3.037821034
OTUD6B-AS1	5.351044347
OTUD7A	0.139957724
OTUD7B	1.863338055
OTULIN	2.535836824
OTX1	0.032422508
OTX2	0
OTX2-AS1	0
OTX2P1	0.044264966
OVAAL	0
OVCA2	0
OVCH1	2.446673866
OVCH1-AS1	0.161719805
OVCH2	1.500938505
OVGP1	1.074360906
OVOL1	0.451895967
OVOL1-AS1	0.068626853
OVOL2	0.828518055
OVOL3	0.247654853
OXA1L	15.88235251
OXCT1	5.398869361
OXCT1-AS1	0.106235919
OXCT2	0.137303816
OXCT2P1	0.071458362
OXER1	0.651075268
OXGR1	0.070717404
OXLD1	6.032872228
OXNAD1	2.018177428
OXR1	6.46279466
OXSM	3.422646947
OXSR1	7.209396772
OXT	0
OXTR	0.15274061
P2RX1	3.236582961
P2RX2	0.46157861
P2RX3	0.017983701
P2RX4	4.302040386
P2RX5	0.273006027
P2RX5-TAX1BP3	0.156565297
P2RX6	0.225274051
P2RX6P	0.085316505
P2RX7	2.347926818
P2RY1	2.331773705
P2RY10	1.877247014
P2RY10BP	0
P2RY11	2.021028412
P2RY12	1.550964406
P2RY13	2.239352463
P2RY14	7.731918086
P2RY2	1.944347532
P2RY4	0.039297299
P2RY6	0.346816455
P2RY8	1.560302828
P3H1	2.702727499
P3H2	21.72804104
P3H2-AS1	0.214654767
P3H3	1.791417897
P3H4	2.316951415
P4HA1	19.28707435
P4HA2	5.521843659
P4HA2-AS1	0.037353511
P4HA3	0.199341406
P4HA3-AS1	0
P4HB	68.0896012
P4HTM	4.739288465
PA2G4	20.6742236
PA2G4P1	0
PA2G4P2	0.02611633
PA2G4P3	0
PA2G4P4	0.066285101
PA2G4P6	0
PAAF1	1.938735244
PABPC1	121.7080333
PABPC1L	2.244830611
PABPC1L2A	0
PABPC1L2B	0
PABPC1L2B-AS1	0
PABPC1P1	0.159084244
PABPC1P10	0
PABPC1P11	0
PABPC1P12	0
PABPC1P13	0
PABPC1P2	0.017362657
PABPC1P3	0.682779869
PABPC1P4	0.309217347
PABPC1P5	0
PABPC1P6	0
PABPC1P7	0.041427093
PABPC1P8	0
PABPC1P9	0
PABPC3	0.060143895
PABPC4	11.28678313
PABPC4L	0.098253183
PABPC5	0.490532807
PABPC5-AS1	0.036783563
PABPN1	13.36945871
PABPN1L	0.119252648
PACERR	0.227924334
PACRG	0.569919912
PACRG-AS1	0.050040413
PACRG-AS2	0
PACRG-AS3	0.164908308
PACRGL	3.392791083
PACS1	4.761454608
PACS2	4.299276454
PACSIN1	0.039117449
PACSIN2	22.00938205
PACSIN3	5.961583757
PADI1	0.015979806
PADI2	1.50308557
PADI3	0
PADI4	0.537973543
PADI6	0.02615993
PAEP	0
PAEPP1	0
PAF1	24.26234464
PAFAH1B1	16.28679508
PAFAH1B2	12.16041615
PAFAH1B3	5.3447373
PAFAH2	5.483407799
PAG1	6.338712624
PAGE1	0
PAGE2	0
PAGE2B	0.092720698
PAGE3	0
PAGE4	0.032143175
PAGE5	0.034101845
PAGR1	2.679148776
PAH	0.021845529
PAICS	3.760584752
PAICSP1	0.270390927
PAICSP2	0
PAICSP3	0.013415923
PAICSP4	0.012505824
PAICSP5	0
PAICSP6	0
PAICSP7	0.016288771
PAIP1	16.68179615
PAIP1P1	0.286563222
PAIP2	30.42659952
PAIP2B	0.943332321
PAK1	3.554872414
PAK1IP1	13.67625147
PAK2	12.74326953
PAK3	0.186907016
PAK4	7.441777571
PAK5	0.069940263
PAK6	0.043682262
PALB2	1.158647376
PALD1	9.529163654
PALLD	23.87188526
PALM	4.425267026
PALM2	0.057061777
PALM2-AKAP2	0.021012773
PALM3	5.617124587
PALMD	6.582303548
PAM	15.19860579
PAM16	4.280754718
PAMR1	0.726092115
PAN2	4.057204832
PAN3	5.718292152
PAN3-AS1	1.125070618
PANCR	0
PANDAR	0
PANK1	0.465703606
PANK2	3.532605997
PANK3	4.997154861
PANK4	3.501717016
PANO1	0.177217954
PANX1	5.223265998
PANX2	0.449584791
PANX3	0
PAOX	1.500226598
PAPD4	8.753806904
PAPD5	2.001054754
PAPD7	6.66729211
PAPLN	1.135699088
PAPOLA	10.27877866
PAPOLB	0.00367663
PAPOLG	2.307797564
PAPPA	0.169249525
PAPPA2	0.349810678
PAPPA-AS1	0
PAPPA-AS2	0.016903773
PAPSS1	32.48847422
PAPSS2	58.99872754
PAQR3	1.536279478
PAQR4	0.933228212
PAQR5	4.32278971
PAQR6	0.938003488
PAQR7	2.789860911
PAQR8	3.771038987
PAQR9	0
PAQR9-AS1	0
PARAL1	10.14906801
PARD3	5.91136092
PARD3-AS1	0.830187973
PARD3B	1.634597498
PARD6A	8.393030243
PARD6B	11.46222845
PARD6G	1.361462089
PARD6G-AS1	0.273171462
PARG	2.328014442
PARGP1	0.550929425
PARK7	82.8139345
PARL	27.90364225
PARM1	25.17315383
PARN	7.262747541
PARP1	7.739817924
PARP10	6.332333418
PARP11	1.288967254
PARP12	9.09022808
PARP14	15.08749964
PARP15	2.905186808
PARP16	1.851693491
PARP1P1	0.010356773
PARP1P2	0
PARP2	3.40864014
PARP3	6.40064153
PARP4	11.13380384
PARP4P1	0.06034582
PARP4P2	0.014133913
PARP4P3	0.098863079
PARP6	4.964003055
PARP8	3.138322709
PARP9	11.40259187
PARPBP	0.51186906
PARS2	0.721064416
PART1	0.011247804
PARVA	8.105067928
PARVB	5.124487497
PARVG	4.496739628
PASD1	0
PASK	1.167243047
PATE1	0
PATE2	0
PATE3	0
PATE4	0.005437126
PATJ	4.029807266
PATL1	8.567474873
PATL2	0.630601806
PATZ1	2.8790811
PAUPAR	0
PAWR	4.864244801
PAWRP1	0.19413909
PAX1	0.002676311
PAX2	0
PAX3	0
PAX4	0
PAX5	0.135996318
PAX6	0.219432295
PAX7	0
PAX8	0.512444745
PAX8-AS1	1.383697249
PAX9	0.067508657
PAXBP1	4.18035099
PAXBP1-AS1	0.460876412
PAXBP1P1	0
PAXIP1	0.818995975
PAXIP1-AS1	2.361583031
PAXIP1-AS2	2.560700008
PAXX	17.09119884
PBDC1	22.08906578
PBK	0.303986843
PBLD	1.402768073
PBOV1	0.012505824
PBRM1	4.622704028
PBX1	2.109807147
PBX2	13.12670232
PBX2P1	0.036413163
PBX3	4.010001297
PBX4	0.94485078
PBXIP1	38.86321492
PC	0.764057975
PCA3	0
PCAT1	0.115069791
PCAT14	0.01914453
PCAT18	0.01206297
PCAT19	12.52696261
PCAT2	0
PCAT4	0
PCAT5	0
PCAT6	0.264097719
PCAT7	0.134620258
PCBD1	47.75696179
PCBD2	0.756066114
PCBP1	65.625114
PCBP1-AS1	1.059881846
PCBP2	29.11150334
PCBP2P1	0
PCBP2P3	0
PCBP3	0.211133775
PCBP4	6.410758376
PCCA	3.189315553
PCCA-AS1	0.055764406
PCCB	3.855036601
PCDH1	8.255644886
PCDH10	0.181973838
PCDH11X	0.005382498
PCDH11Y	0.005370047
PCDH12	7.708529658
PCDH15	0.29896795
PCDH17	8.2828226
PCDH18	0.862471681
PCDH19	0.035335748
PCDH20	0.039354871
PCDH7	0.473330497
PCDH8	0
PCDH8P1	0
PCDH9	0.305860845
PCDH9-AS1	0
PCDH9-AS2	0
PCDH9-AS3	0
PCDH9-AS4	0
PCDHA1	0.028006788
PCDHA10	0.088518302
PCDHA11	0.067327267
PCDHA12	0.126415679
PCDHA13	0.017560476
PCDHA14	0
PCDHA2	0.051766759
PCDHA3	0.086120874
PCDHA4	0.045470396
PCDHA5	0.011013353
PCDHA6	0.002554997
PCDHA7	0.035194778
PCDHA8	0.002858409
PCDHA9	0.00622126
PCDHAC1	0.092533734
PCDHAC2	0.210815579
PCDHB1	0.013360364
PCDHB10	0.474267494
PCDHB11	0.123178498
PCDHB12	0.420557159
PCDHB13	0.396311824
PCDHB14	0.636139272
PCDHB15	1.080541211
PCDHB16	0.839733226
PCDHB17P	0.030664967
PCDHB18P	0.11273236
PCDHB19P	0.025176411
PCDHB2	0.493716369
PCDHB3	0.220975998
PCDHB4	0.725112221
PCDHB5	1.011547993
PCDHB6	0.302264934
PCDHB7	0.33711916
PCDHB8	0.074345757
PCDHB9	0.330077285
PCDHGA1	0.05764641
PCDHGA10	0.155683677
PCDHGA11	0.078160327
PCDHGA12	0.283130306
PCDHGA2	0.216729806
PCDHGA3	0.073914141
PCDHGA4	0.147495541
PCDHGA5	0.191328425
PCDHGA6	0.275360546
PCDHGA7	0.118034488
PCDHGA8	0.014473893
PCDHGA9	0.188077171
PCDHGB1	0.049245123
PCDHGB2	0.161002328
PCDHGB3	0.105409614
PCDHGB4	0.088491474
PCDHGB5	0.4005473
PCDHGB6	0.249533793
PCDHGB7	0.631083286
PCDHGB8P	0.059995746
PCDHGB9P	0.05457483
PCDHGC3	1.924108112
PCDHGC4	0.050405462
PCDHGC5	0.065945042
PCED1A	9.511654399
PCED1B	3.75285078
PCED1B-AS1	6.152372175
PCED1CP	0
PCF11	6.991649391
PCF11-AS1	0
PCGEM1	0
PCGF1	5.751751641
PCGF2	6.449119368
PCGF3	5.856389149
PCGF5	9.779946159
PCGF6	3.34025162
PCGF7P	0.059637671
PCID2	7.780934451
PCIF1	13.56686145
PCK1	0.013787768
PCK2	10.24204032
PCLAF	0.616888137
PCLO	0.173324832
PCM1	6.772346755
PCMT1	30.22743871
PCMTD1	11.75609316
PCMTD1P1	0
PCMTD1P2	0
PCMTD1P3	0.033198725
PCMTD2	8.784702494
PCNA	33.62987917
PCNAP1	0
PCNAP3	0
PCNAP4	0
PCNP	75.4342661
PCNPP1	0.429309534
PCNPP2	0
PCNPP3	0
PCNPP4	0
PCNPP5	0.162887713
PCNT	1.730934804
PCNX1	3.268017697
PCNX2	0.577338196
PCNX3	4.127769165
PCNX4	1.97276515
PCOLCE	7.227095394
PCOLCE2	11.09944025
PCOLCE-AS1	0.086893519
PCOTH	0.10446532
PCP2	0.666799915
PCP4	0.311695801
PCP4L1	7.944939713
PCSK1	0.053147986
PCSK1N	0.275917206
PCSK2	0.334294928
PCSK4	0.17769022
PCSK5	0.809082053
PCSK6	0.346103318
PCSK6-AS1	0
PCSK7	1.322268745
PCSK9	4.177773888
PCTP	6.446469617
PCYOX1	24.52176565
PCYOX1L	1.861579231
PCYT1A	7.383149995
PCYT1B	0.242592732
PCYT1B-AS1	0
PCYT2	4.605289334
PDAP1	21.93442291
PDC	0.04681045
PDCD1	0.889487114
PDCD10	17.72242191
PDCD11	2.695833575
PDCD1LG2	7.937597462
PDCD2	8.200269518
PDCD2L	2.058645718
PDCD4	14.2809859
PDCD4-AS1	1.389737868
PDCD5	19.64114937
PDCD5P1	0.152133961
PDCD5P2	0
PDCD6	8.268199531
PDCD6IP	15.40453144
PDCD6IPP1	0.256481495
PDCD6IPP2	0.107572984
PDCD7	4.821476306
PDCL	9.56519922
PDCL2	0
PDCL2P1	0
PDCL2P2	0
PDCL3	10.23543332
PDCL3P1	0
PDCL3P3	0
PDCL3P4	2.98161434
PDCL3P5	0.759616246
PDCL3P6	0.088780725
PDCL3P7	0.044016286
PDE10A	0.360400278
PDE11A	0.006268922
PDE12	4.126304244
PDE1A	1.147598303
PDE1B	1.326728762
PDE1C	1.552127448
PDE2A	1.505452606
PDE3A	1.121403738
PDE3B	1.994362263
PDE4A	4.048306223
PDE4B	5.240789681
PDE4C	1.147869637
PDE4D	3.491112138
PDE4DIP	2.370636275
PDE4DIPP1	0.066842526
PDE5A	5.075251197
PDE6A	0.228231717
PDE6B	1.306329994
PDE6C	0.132554182
PDE6D	8.005342414
PDE6G	1.623402951
PDE6H	0
PDE7A	3.150842883
PDE7B	0.334689597
PDE8A	4.462891998
PDE8B	1.3539572
PDE9A	2.675113634
PDF	0.473612202
PDGFA	11.44940913
PDGFB	13.55743756
PDGFC	3.633779367
PDGFD	2.438993406
PDGFRA	2.350791725
PDGFRB	15.32948432
PDGFRL	2.17907112
PDHA1	9.297948242
PDHA1P1	0.014644671
PDHA2	0
PDHB	13.32779935
PDHX	6.151229212
PDIA2	0.041823304
PDIA3	66.11619955
PDIA3P1	1.566979799
PDIA3P2	0
PDIA4	25.44369702
PDIA5	6.13182914
PDIA6	30.07485492
PDIK1L	1.188624148
PDILT	0
PDK1	1.279231644
PDK2	2.581614229
PDK3	3.075815636
PDK4	38.88495568
PDLIM1	158.3496424
PDLIM1P1	0.032342204
PDLIM1P2	0
PDLIM1P3	0
PDLIM1P4	0.14018706
PDLIM2	6.050100404
PDLIM3	19.81025465
PDLIM4	2.086360948
PDLIM5	5.752186441
PDLIM7	8.672257161
PDP1	4.519434867
PDP2	1.185913693
PDPK1	1.77264052
PDPK2P	0.042484766
PDPN	14.23681674
PDPR	3.459879326
PDRG1	10.50927393
PDS5A	7.796379336
PDS5B	2.628237387
PDSS1	2.460679276
PDSS1P1	0
PDSS1P2	0
PDSS2	5.288457041
PDX1	0
PDXDC1	6.990628265
PDXDC2P	0.069463456
PDXK	11.78918147
PDXP	0.014225872
PDYN	0.038527779
PDYN-AS1	0.008695781
PDZD11	22.55416007
PDZD2	4.004103221
PDZD3	0.090079842
PDZD4	1.472766086
PDZD7	0.209971524
PDZD8	3.09082444
PDZD9	0.094183609
PDZK1	0.195872475
PDZK1IP1	25.68408475
PDZPH1P	0
PDZRN3	2.982777715
PDZRN3-AS1	0.029417643
PDZRN4	0.372439595
PEA15	109.6718328
PEAK1	3.004501046
PEAK3	0.200894846
PEAR1	4.924793655
PEBP1	198.029273
PEBP1P1	0
PEBP1P2	0.168492452
PEBP1P3	0.057189044
PEBP4	144.2824064
PECAM1	118.0031314
PECR	7.16516533
PEF1	51.73777488
PEG10	11.21881635
PEG3	0.472897547
PELI1	28.56651659
PELI2	2.510961577
PELI3	2.167269565
PELO	9.065351058
PELP1	4.410034375
PEMT	9.429209839
PENK	1.129313951
PEPD	14.82543072
PER1	29.98118876
PER2	8.818106476
PER3	4.07271574
PERM1	0.132717331
PERP	26.65326712
PES1	9.308348293
PES1P1	0
PES1P2	0
PET100	18.8672838
PET117	2.142408841
PEX1	2.531443987
PEX10	2.485497122
PEX11A	3.725962689
PEX11B	13.65778911
PEX11G	3.195954707
PEX12	2.963076097
PEX12P1	0
PEX13	7.919743927
PEX14	6.937613402
PEX16	6.329287806
PEX19	19.27374615
PEX2	20.61450382
PEX26	1.189012858
PEX3	13.77277924
PEX5	6.789865093
PEX5L	0.13471495
PEX5L-AS1	0
PEX5L-AS2	0
PEX6	3.90961236
PEX7	5.13217907
PF4	10.7405569
PF4V1	0.720450482
PFAS	1.130860093
PFDN1	40.36644622
PFDN2	73.55778142
PFDN4	11.33779308
PFDN5	205.8538581
PFDN6	10.4536072
PFKFB1	0.098983175
PFKFB2	7.035043171
PFKFB3	25.07282036
PFKFB4	1.10589208
PFKL	9.077809257
PFKM	3.676508069
PFKP	6.081929453
PFN1	273.7206938
PFN1P1	0.555666596
PFN1P10	0.047919872
PFN1P11	0.080564514
PFN1P12	0.029344191
PFN1P2	0.423737101
PFN1P3	0.038979597
PFN1P4	0.077959194
PFN1P6	1.374543684
PFN1P8	0.028857823
PFN1P9	0.03618891
PFN2	8.609278549
PFN3	0
PFN4	0.445164716
PGA3	0
PGA4	0
PGA5	0
PGAM1	12.02693608
PGAM1P1	0
PGAM1P10	0
PGAM1P11	0.115219103
PGAM1P12	0
PGAM1P13	0
PGAM1P2	0.129681087
PGAM1P3	0.055468311
PGAM1P4	0.020893064
PGAM1P5	0.152262507
PGAM1P6	0
PGAM1P7	0.042523197
PGAM1P8	0.153103379
PGAM1P9	0
PGAM2	0
PGAM3P	0
PGAM4	0.122900376
PGAM4P1	0.023959936
PGAM4P2	0
PGAM5	7.596997205
PGAM5P1	0
PGAP1	1.307760745
PGAP2	4.37229222
PGAP3	8.545997761
PGBD1	1.961252136
PGBD2	1.180277855
PGBD4	0.388664076
PGBD4P1	0.077001464
PGBD4P2	0
PGBD4P3	0.323644709
PGBD4P4	0
PGBD4P5	0
PGBD4P6	0
PGBD4P8	0
PGBD5	0.365951951
PGC	169.4814398
PGCP1	0
PGD	50.4275866
PGDP1	0.010874253
PGF	0.751687727
PGGHG	18.73523946
PGGT1B	2.319952207
PGGT1BP1	0.015317496
PGGT1BP2	0.015242994
PGK1	108.1375219
PGK1P2	0.07744546
PGK2	0
PGLS	10.89235344
PGLYRP1	0.326454125
PGLYRP2	0.019660976
PGLYRP3	0
PGLYRP4	0.013793836
PGM1	30.79172774
PGM2	8.75291902
PGM2L1	0.781713279
PGM3	5.661208546
PGM5	4.66337915
PGM5-AS1	0.752357851
PGM5P2	0.348217733
PGM5P3-AS1	0.31292657
PGM5P4	2.874902455
PGM5P4-AS1	0.382190195
PGP	6.53913829
PGPEP1	2.927668375
PGPEP1L	0.089484887
PGR	0.338867316
PGRMC1	80.33323224
PGRMC2	17.60735192
PGS1	8.458219259
PHACTR1	4.332978963
PHACTR2	5.9027001
PHACTR2-AS1	0
PHACTR2P1	0.088655151
PHACTR3	0.868973211
PHACTR4	5.089130486
PHAX	5.884791004
PHB	26.7546082
PHB2	71.98450619
PHB2P1	0
PHBP1	0
PHBP10	0
PHBP11	0.019369342
PHBP12	0.096607879
PHBP13	0.020618155
PHBP14	0
PHBP15	0
PHBP16	0
PHBP17	0
PHBP18	0
PHBP19	0.22860448
PHBP2	0.05832431
PHBP20	0
PHBP21	0
PHBP3	0.019132842
PHBP4	0.037442767
PHBP5	0
PHBP6	0
PHBP7	0.038500732
PHBP8	0.021613514
PHBP9	0.41786128
PHC1	1.494934751
PHC1P1	0.245720452
PHC2	23.55666717
PHC3	1.839365141
PHEX	0.193908841
PHEX-AS1	0.0082213
PHF1	20.99474047
PHF10	12.81842709
PHF11	10.74001028
PHF12	2.16585905
PHF13	6.061883277
PHF14	3.07757921
PHF19	1.838577219
PHF2	8.258369027
PHF20	4.995869518
PHF20L1	2.225810594
PHF21A	2.736263206
PHF21B	0.016342567
PHF23	13.13605416
PHF24	0.097043304
PHF2P2	0.005469388
PHF3	4.138650636
PHF5A	42.4163034
PHF5CP	0.048214763
PHF6	1.741740271
PHF7	0.805435762
PHF8	2.401914466
PHGDH	1.368529138
PHGR1	0.033304565
PHIP	3.794474929
PHKA1	0.839012806
PHKA1-AS1	0.026203676
PHKA1P1	0.126165845
PHKA2	2.653574165
PHKA2-AS1	0.185341697
PHKB	7.202646109
PHKBP1	0
PHKBP2	0
PHKG1	0.816962676
PHKG1P1	0
PHKG1P2	0
PHKG1P4	0
PHKG2	3.889799369
PHLDA1	11.38774265
PHLDA2	13.45469566
PHLDA3	21.4323687
PHLDB1	4.55623074
PHLDB2	8.635276407
PHLDB3	1.139183645
PHLPP1	1.198117348
PHLPP2	0.811523197
PHOSPHO1	1.141421075
PHOSPHO2	2.790656229
PHOX2A	0
PHOX2B	0
PHPT1	57.65358058
PHRF1	4.617551844
PHTF1	2.235732684
PHTF2	3.972726949
PHYH	13.75568188
PHYHD1	7.810708914
PHYHIP	0.364501296
PHYHIPL	0.111024711
PHYKPL	5.266782853
PI15	0.190507606
PI16	2.519800278
PI3	4.779695749
PI4K2A	6.946482424
PI4K2B	8.228857195
PI4KA	4.611511516
PI4KAP1	0.687100452
PI4KAP2	0.545109376
PI4KB	12.43301971
PIANP	0.115148546
PIAS1	3.847650844
PIAS2	1.271321547
PIAS3	4.020990828
PIAS4	2.505620469
PIBF1	4.671832555
PICALM	27.87144766
PICK1	4.889866041
PICSAR	6.798084259
PID1	13.64353101
PIDD1	1.519188117
PIEZO1	11.05186305
PIEZO1P1	0
PIEZO1P2	0
PIEZO2	0.94150111
PIF1	0.262509502
PIFO	3.872400208
PIGA	26.06473873
PIGB	2.07688648
PIGBOS1	8.185953534
PIGC	5.311236794
PIGCP1	1.103013714
PIGCP2	0
PIGF	2.442700531
PIGFP1	0.023996628
PIGFP2	0
PIGFP3	0
PIGG	3.998351393
PIGH	6.278670345
PIGHP1	0.249607402
PIGK	6.335566793
PIGL	1.436779595
PIGM	2.869833344
PIGN	3.057409085
PIGO	3.316980405
PIGP	1.902605789
PIGPP2	0
PIGPP3	0
PIGPP4	0
PIGQ	4.56246848
PIGQP1	0.036441391
PIGR	60.87444376
PIGS	6.487662608
PIGT	32.74006805
PIGU	7.026789267
PIGUP1	0
PIGV	4.503561103
PIGW	2.86635819
PIGX	3.175548356
PIGY	0
PIGZ	1.190728966
PIH1D1	12.49914538
PIH1D2	0.842394152
PIH1D3	0.405743086
PIK3AP1	7.079081118
PIK3C2A	9.183277964
PIK3C2B	4.101379037
PIK3C2G	0.042315066
PIK3C3	2.164376656
PIK3CA	2.281120311
PIK3CB	2.980255848
PIK3CD	3.424984274
PIK3CD-AS1	0.042978053
PIK3CD-AS2	1.101391552
PIK3CDP1	0
PIK3CG	1.334443168
PIK3IP1	21.05230154
PIK3IP1-AS1	0.377889019
PIK3R1	4.628026156
PIK3R2	0.069274085
PIK3R3	12.30322331
PIK3R4	3.465660308
PIK3R5	4.079241311
PIK3R6	0.628726463
PIKFYVE	2.563412301
PILRA	15.59168335
PILRB	0.592646767
PIM1	25.04430596
PIM2	16.79920393
PIM3	56.47112491
PIMREG	0.116565979
PIN1	12.28553309
PIN1P1	0.015732729
PIN4	4.996677047
PIN4P1	0.079140394
PINCR	0
PINK1	4.176668655
PINK1-AS	0.733584961
PINLYP	1.496751013
PINX1	3.260346977
PIP	0.187501856
PIP4K2A	6.750824922
PIP4K2B	8.707146106
PIP4K2C	10.25970405
PIP4P1	9.843583331
PIP4P2	4.129548852
PIP5K1A	18.46166025
PIP5K1B	7.77436094
PIP5K1C	6.175220661
PIP5K1P1	0
PIP5K1P2	0
PIP5KL1	0.717593263
PIPOX	0.386050702
PIPSL	0.210489824
PIR	6.836822692
PIRT	0.004112808
PISD	10.99893258
PISRT1	0
PITHD1	19.9635807
PITPNA	19.990129
PITPNA-AS1	4.567948493
PITPNB	15.26957504
PITPNC1	2.978043205
PITPNM1	3.489196762
PITPNM2	4.19754222
PITPNM2-AS1	0.157451006
PITPNM3	1.48736795
PITRM1	8.105455045
PITRM1-AS1	0.150602178
PITX1	0.013389175
PITX2	0
PITX3	0
PIWIL1	0
PIWIL2	0.171656629
PIWIL3	0
PIWIL4	0.921348368
PJA1	6.550448119
PJA2	25.57267781
PJVK	0.471943448
PKD1	2.46563409
PKD1L1	0.138001995
PKD1L2	0.042880276
PKD1L3	0.063294048
PKD1P1	0
PKD1P5	0.172061721
PKD1P6	0.635649328
PKD2	6.788915755
PKD2L1	1.298573798
PKD2L2	0.026941411
PKDCC	7.345841607
PKDREJ	0.042774699
PKHD1	0.042195514
PKHD1L1	0.884622192
PKIA	5.132825197
PKIA-AS1	0.03539864
PKIB	0.65290825
PKIG	56.37611618
PKLR	0
PKM	61.0173268
PKMP1	0.030866313
PKMP2	0
PKMP3	1.095790069
PKMP4	0
PKMP5	0
PKMYT1	0.108947741
PKN1	20.18090354
PKN2	8.972021499
PKN2-AS1	0.139558457
PKN3	4.108969252
PKNOX1	3.108874763
PKNOX2	1.946141935
PKNOX2-AS1	0
PKP1	0.416280256
PKP2	0.569568122
PKP3	3.351607176
PKP4	6.777907374
PKP4-AS1	0.040014806
PKP4P1	0.021783778
PLA1A	9.194086743
PLA2G10	1.979786306
PLA2G12A	6.402197497
PLA2G12AP1	0.248289053
PLA2G12AP2	0
PLA2G12B	1.528083138
PLA2G15	6.536103016
PLA2G16	32.21799317
PLA2G1B	35.31844752
PLA2G2A	1.143848756
PLA2G2C	0.023756516
PLA2G2D	0.251324623
PLA2G2E	0
PLA2G2F	0
PLA2G3	1.88246739
PLA2G4A	3.553637667
PLA2G4B	0.112783071
PLA2G4C	2.940604765
PLA2G4C-AS1	0.161544309
PLA2G4D	0.039647212
PLA2G4E	0.139932938
PLA2G4E-AS1	0.075245128
PLA2G4F	11.49495095
PLA2G5	2.410275794
PLA2G6	2.490287518
PLA2G7	3.604208226
PLA2R1	0.596107563
PLAA	6.173738028
PLAC1	0.016356783
PLAC4	0.014090137
PLAC8	11.13926206
PLAC8L1	0.382190195
PLAC9	36.52073887
PLAC9P1	0.124958517
PLAG1	0.404097944
PLAGL1	5.842701374
PLAGL2	6.817254798
PLAT	5.175910912
PLAU	10.08178868
PLAUR	27.33513112
PLB1	0.321461017
PLBD1	31.4002675
PLBD1-AS1	0.815039829
PLBD2	4.528154553
PLCB1	0.738981905
PLCB1-IT1	0
PLCB2	4.494140704
PLCB2-AS1	0
PLCB3	4.817105507
PLCB4	2.223294527
PLCD1	3.999176539
PLCD3	2.029634072
PLCD4	0.542179818
PLCE1	2.263062581
PLCE1-AS1	0.067629685
PLCE1-AS2	0.029509977
PLCE1P1	0
PLCG1	5.535102774
PLCG1-AS1	0.278669458
PLCG2	2.208675314
PLCH1	1.655891103
PLCH1-AS1	0.035939904
PLCH1-AS2	0.076812735
PLCH2	0.197671137
PLCL1	1.239816789
PLCL2	2.01581933
PLCL2-AS1	0.100770405
PLCXD1	2.083063116
PLCXD2	2.628585861
PLCXD2-AS1	0.031914049
PLCXD3	0.843181473
PLCZ1	0.004625088
PLD1	0.821326996
PLD2	3.907832192
PLD3	49.0164823
PLD4	0.175527269
PLD5	0.05417531
PLD6	0.795731929
PLEC	12.64208057
PLEK	21.62753652
PLEK2	1.798654292
PLEKHA1	4.03863467
PLEKHA2	7.523980475
PLEKHA3	1.748817024
PLEKHA3P1	0.262916074
PLEKHA4	6.5063638
PLEKHA5	1.909124935
PLEKHA6	0.965836654
PLEKHA7	1.896741084
PLEKHA8	0.696633093
PLEKHA8P1	1.181989073
PLEKHB1	4.501135973
PLEKHB2	29.85133782
PLEKHD1	0.027093636
PLEKHF1	1.876167533
PLEKHF2	17.32319396
PLEKHG1	5.246565238
PLEKHG2	5.96644591
PLEKHG3	1.328840972
PLEKHG4	1.105524777
PLEKHG4B	0.281216566
PLEKHG5	1.68925857
PLEKHG6	0.967407717
PLEKHG7	0.070549366
PLEKHH1	0.418653196
PLEKHH2	6.806444029
PLEKHH3	2.143463935
PLEKHJ1	7.819750964
PLEKHM1	3.214404571
PLEKHM1P1	2.925250989
PLEKHM2	16.52893782
PLEKHM3	0.693294327
PLEKHN1	0.232309042
PLEKHO1	13.28292854
PLEKHO2	41.33613647
PLEKHS1	0.229158468
PLET1	0
PLG	0.007368244
PLGLA	0
PLGLB1	0.072995953
PLGLB2	0
PLGRKT	14.6307424
PLIN1	0.136187341
PLIN2	30.70183583
PLIN3	14.92335188
PLIN4	0.731471409
PLIN5	1.077196913
PLK1	0.41478877
PLK2	12.17630066
PLK3	32.56471385
PLK4	0.346120036
PLK5	0.013318995
PLLP	12.39028179
PLN	17.86247338
PLOD1	11.79358481
PLOD2	4.867351587
PLOD3	6.954837163
PLP1	0.038671762
PLP2	77.56488749
PLPBP	15.60580232
PLPP1	15.00911703
PLPP2	0.997148592
PLPP3	21.24879153
PLPP4	0.026335795
PLPP5	7.093811525
PLPP6	2.267436802
PLPP7	0.780265661
PLPPR1	3.19460586
PLPPR2	4.98867385
PLPPR3	0.177221356
PLPPR4	0.463871276
PLPPR5	0
PLRG1	9.040626175
PLS1	5.505444705
PLS1-AS1	0
PLS3	40.04587941
PLS3-AS1	0.324723525
PLSCR1	23.11836787
PLSCR2	0.122563926
PLSCR3	0.342811389
PLSCR4	11.29915881
PLSCR5	0
PLSCR5-AS1	0
PLTP	13.46825613
PLUT	0
PLVAP	10.54397253
PLXDC1	1.21446424
PLXDC2	6.427771836
PLXNA1	3.682631619
PLXNA2	5.19749268
PLXNA3	1.734249206
PLXNA4	0.128252683
PLXNB1	6.109820547
PLXNB2	20.4979182
PLXNB3	0.411480353
PLXNC1	1.974771751
PLXND1	13.88848085
PM20D1	0.125885906
PM20D2	3.351632663
PMAIP1	8.385269978
PMCH	0.143196587
PMCHL1	0
PMCHL2	0.032942813
PMEL	0.562361374
PMEPA1	8.159784469
PMF1	14.09038185
PMF1-BGLAP	1.244869751
PMFBP1	0.115644266
PML	5.966086476
PMM1	12.04681243
PMM2	1.608998224
PMM2P1	0
PMP2	0
PMP22	44.33079603
PMPCA	6.840972508
PMPCAP1	0
PMPCB	12.94419301
PMS1	2.40166691
PMS2	1.066947628
PMS2CL	0.852365913
PMS2P1	7.15947667
PMS2P10	0.179229716
PMS2P11	0
PMS2P2	0
PMS2P3	1.188618145
PMS2P4	1.759156567
PMS2P5	0.850299116
PMS2P6	0.154490966
PMS2P7	0
PMS2P9	0.030426792
PMVK	40.1293733
PNCK	0.089260291
PNISR	9.061669751
PNKD	16.57056956
PNKDP1	0
PNKP	5.263494879
PNLDC1	0.071032629
PNLIP	0
PNLIPP1	0
PNLIPRP1	0
PNLIPRP2	0
PNLIPRP3	0.019970006
PNMA1	12.59028943
PNMA2	2.005419568
PNMA3	0.37209499
PNMA5	0.013669495
PNMA6A	0.063842545
PNMA6B	0.013058165
PNMA6E	0.02535566
PNMA6F	0
PNMA8A	0.326454125
PNMA8B	0.167911021
PNMA8C	0
PNMT	1.710019136
PNN	17.59448635
PNO1	14.05242169
PNOC	0.235857731
PNP	42.40953784
PNPLA1	0.140399437
PNPLA2	18.30793468
PNPLA3	0.523619487
PNPLA4	3.998280337
PNPLA4P1	0
PNPLA5	0.012319024
PNPLA6	16.93804103
PNPLA7	1.239321433
PNPLA8	12.8996608
PNPO	4.956716947
PNPT1	5.707542316
PNPT1P1	0
PNPT1P2	0
PNRC1	60.10771109
PNRC2	51.96579264
PNRC2P1	4.477085141
POC1A	1.366835962
POC1B	3.087018288
POC1B-AS1	0.294259358
POC1B-GALNT4	0.031339596
POC5	1.75876213
PODN	4.924793655
PODNL1	0.372195298
PODXL	16.65457436
PODXL2	0.917536205
POF1B	0.556163096
POFUT1	5.457361953
POFUT2	8.182403899
POGK	7.226507219
POGLUT1	2.830587717
POGZ	7.450476383
POLA1	1.661948272
POLA2	2.553252101
POLB	7.47616519
POLD1	2.399820854
POLD2	12.34500188
POLD2P1	0
POLD3	4.065385137
POLD4	7.95053378
POLDIP2	29.08627756
POLDIP3	19.15579141
POLE	1.274603955
POLE2	0.609822934
POLE3	25.11139287
POLE4	26.64812695
POLG	7.029182433
POLG2	1.757533423
POLH	2.647044972
POLH-AS1	0.474842363
POLHP1	0.033339996
POLI	2.417228895
POLK	3.376622039
POLL	3.39994141
POLM	3.111609096
POLN	0.101475185
POLQ	0.028338996
POLR1A	1.37236784
POLR1B	1.755393708
POLR1C	8.914349678
POLR1D	14.03574902
POLR1E	5.289804418
POLR2A	10.99154671
POLR2B	10.40670028
POLR2C	27.26703935
POLR2CP1	0
POLR2D	5.861931703
POLR2E	18.95836197
POLR2F	0.022251914
POLR2G	31.32329875
POLR2H	12.18319323
POLR2I	15.28700545
POLR2J	22.87443574
POLR2J2	0.011572967
POLR2J3	0.424901489
POLR2J4	3.004111554
POLR2J4	0.680665902
POLR2K	46.08440883
POLR2KP1	0.186545214
POLR2KP2	0
POLR2L	161.3358011
POLR2LP1	0
POLR2M	3.797077609
POLR3A	1.607924769
POLR3B	1.906309307
POLR3C	8.050898719
POLR3D	3.552304945
POLR3DP1	0.013324658
POLR3E	2.511990172
POLR3F	5.362410379
POLR3G	0.74469555
POLR3GL	17.47282645
POLR3GP1	0.180112621
POLR3GP2	0
POLR3H	8.155709238
POLR3K	7.034403758
POLR3KP1	0
POLR3KP2	0
POLRMT	3.241605362
POLRMTP1	0.046992306
POM121	1.87775934
POM121B	0.075608193
POM121C	2.809732228
POM121L10P	0
POM121L12	0
POM121L13P	0
POM121L14P	0
POM121L1P	0
POM121L2	0.004671973
POM121L3P	0
POM121L4P	0
POM121L6P	0
POM121L7P	0
POM121L8P	0
POM121L9P	0.320289817
POMC	0.957711971
POMGNT1	11.11903381
POMGNT2	5.603068698
POMK	0.300539546
POMP	95.06124651
POMT1	3.990413367
POMT2	1.100266479
POMZP3	3.645901414
PON1	0.431583419
PON2	40.15491384
PON3	17.09714593
POP1	0.98178454
POP4	4.547912165
POP5	12.98004436
POP7	19.47622666
POPDC2	1.518912934
POPDC3	1.066312676
POR	18.25408405
PORCN	1.805252292
POSTN	22.6931024
POT1	4.185167346
POT1-AS1	0.1715127
POTEA	0
POTEB	0
POTEB2	0
POTEB3	0
POTEC	0
POTED	0
POTEE	0.011214073
POTEF	0.007169892
POTEG	0
POTEH	0
POTEH-AS1	0
POTEI	0
POTEJ	0.004631924
POTEKP	0.011659076
POTEM	0
POU1F1	0.099871243
POU2AF1	0.517678062
POU2F1	0.947966577
POU2F2	0.814906938
POU2F3	0.688575021
POU3F1	0.026397908
POU3F2	0.003198571
POU3F3	0
POU3F4	0
POU4F1	0.003446184
POU4F2	0
POU4F3	0.039771061
POU5F1	1.80031348
POU5F1B	0.108168382
POU5F1P2	0
POU5F1P3	0.290719814
POU5F1P4	0.02888442
POU5F1P5	0.023814283
POU5F1P6	0.047484236
POU5F1P7	0
POU5F2	0.009174355
POU6F1	3.172476956
POU6F2	0.003807508
POU6F2-AS1	0
POU6F2-AS2	0
PP2D1	0.217377301
PPA1	47.02454559
PPA2	16.10076794
PPAN	1.243634761
PPAN-P2RY11	0
PPARA	0.948319721
PPARD	11.39461864
PPARG	25.17004873
PPARGC1A	1.437239062
PPARGC1B	1.722717337
PPAT	0.777871936
PPATP1	0
PPATP2	0
PPBP	29.67399508
PPBPP1	0
PPBPP2	0
PPCDC	3.298904841
PPCS	26.49345383
PPDPF	151.742084
PPDPFL	0
PPEF1	0.093670868
PPEF1-AS1	0
PPEF2	0.012588711
PPFIA1	4.179810452
PPFIA2	0.115151904
PPFIA2-AS1	0.023225985
PPFIA3	1.076068906
PPFIA4	0.122685139
PPFIBP1	8.121754153
PPFIBP2	1.476223041
PPHLN1	3.685722128
PPIA	89.54271299
PPIAL4A	0.023742118
PPIAL4C	0
PPIAL4D	0
PPIAL4E	0
PPIAL4F	0
PPIAL4G	0
PPIAP1	0.031592335
PPIAP10	0
PPIAP11	0.635691602
PPIAP13	0.065564008
PPIAP14	0.221146343
PPIAP15	0.032375616
PPIAP16	0
PPIAP17	0
PPIAP19	0.127396732
PPIAP2	0.127396732
PPIAP20	0.116072578
PPIAP21	0.250216335
PPIAP22	61.13738454
PPIAP23	0
PPIAP24	0
PPIAP25	0.029018144
PPIAP26	0.03001877
PPIAP27	0
PPIAP28	0
PPIAP29	1.475912837
PPIAP3	0.062058606
PPIAP30	0.181153734
PPIAP31	0.443186206
PPIAP32	0
PPIAP33	0
PPIAP34	0
PPIAP35	0
PPIAP36	0
PPIAP37	0.03178458
PPIAP38	0
PPIAP39	4.782749588
PPIAP4	0.342509246
PPIAP40	0.159895898
PPIAP41	0.326454125
PPIAP42	0.128704706
PPIAP43	0
PPIAP44	0.060501151
PPIAP45	0.032919744
PPIAP46	0.021163963
PPIAP47	0
PPIAP48	0
PPIAP49	0.031402401
PPIAP5	0
PPIAP50	0
PPIAP51	0.189172612
PPIAP52	0.031849183
PPIAP53	1.506095104
PPIAP54	0
PPIAP55	0.095937539
PPIAP56	0
PPIAP57	0
PPIAP58	0.066397449
PPIAP59	2.193136028
PPIAP6	0.094207202
PPIAP60	0
PPIAP62	0
PPIAP63	0
PPIAP64	0
PPIAP65	0.095547549
PPIAP66	0.031465458
PPIAP67	0.035532422
PPIAP68	0
PPIAP69	0
PPIAP7	0
PPIAP70	0
PPIAP71	0
PPIAP72	0.217636083
PPIAP73	0
PPIAP74	0.127916718
PPIAP75	0
PPIAP76	0
PPIAP77	0.062804802
PPIAP78	0.223854257
PPIAP79	0
PPIAP8	0.095547549
PPIAP80	0.03197918
PPIAP81	0
PPIAP82	0.439633611
PPIAP83	0
PPIAP84	0
PPIAP85	0.032577543
PPIAP86	0
PPIAP87	0.063958359
PPIAP88	0
PPIAP89	0
PPIAP9	0.125861831
PPIAP90	0.118411572
PPIAP91	0.126880955
PPIB	102.9483589
PPIC	17.73122042
PPID	9.486816721
PPIE	4.803256131
PPIEL	1.021524346
PPIF	12.35300455
PPIG	9.393797196
PPIH	19.48958255
PPIHP1	0
PPIL1	17.01168677
PPIL1P1	0.219816806
PPIL2	3.060783109
PPIL3	8.313489258
PPIL4	20.3541556
PPIL6	1.475709608
PPIP5K1	0.760688646
PPIP5K2	2.225710161
PPL	9.616762573
PPM1A	5.135624351
PPM1AP1	0
PPM1B	5.431373034
PPM1D	6.635743163
PPM1E	0.095810443
PPM1F	5.885304473
PPM1G	14.89626447
PPM1H	0.785375689
PPM1J	0.28351757
PPM1K	3.027574197
PPM1L	0.827111535
PPM1M	12.96674687
PPM1N	0.694810179
PPME1	3.434015349
PPOX	2.840087112
PPP1CA	70.36091884
PPP1CB	74.70630603
PPP1CC	16.45260719
PPP1R10	18.36506334
PPP1R10P1	0
PPP1R11	24.99882273
PPP1R11P1	0.041674995
PPP1R11P2	0
PPP1R12A	6.205189822
PPP1R12A-AS1	0.426389061
PPP1R12B	4.395168864
PPP1R12BP1	0
PPP1R12BP2	0
PPP1R12C	11.30107616
PPP1R13B	5.39272862
PPP1R13L	3.836484723
PPP1R14A	37.69729551
PPP1R14B	15.54671197
PPP1R14BP2	0
PPP1R14BP3	10.31741756
PPP1R14BP5	0.036022524
PPP1R14C	9.276636916
PPP1R14D	0.161544309
PPP1R15A	111.6340119
PPP1R15B	34.03766719
PPP1R16A	1.380586192
PPP1R16B	4.360610973
PPP1R17	0.164322546
PPP1R18	16.49434488
PPP1R1A	0.13773052
PPP1R1AP1	0
PPP1R1AP2	0
PPP1R1B	8.20651476
PPP1R1C	1.224854273
PPP1R2	15.18068998
PPP1R21	7.911384869
PPP1R26	3.540257621
PPP1R26-AS1	0.167144512
PPP1R26P1	0.02602236
PPP1R26P2	0
PPP1R26P3	0
PPP1R26P4	0
PPP1R26P5	0
PPP1R27	0.032442646
PPP1R2B	0.204833961
PPP1R2C	0
PPP1R2P1	0.023111796
PPP1R2P10	0
PPP1R2P2	0
PPP1R2P4	0
PPP1R2P5	0
PPP1R2P6	0
PPP1R32	1.371107324
PPP1R35	9.082410295
PPP1R36	0.354634937
PPP1R37	1.92091733
PPP1R3A	0.020093778
PPP1R3B	5.065012613
PPP1R3C	3.513908742
PPP1R3D	1.3899931
PPP1R3E	1.15235717
PPP1R3F	1.096472805
PPP1R3G	0.172441225
PPP1R42	0.201966285
PPP1R7	13.68050864
PPP1R8	18.69369658
PPP1R8P1	0.015009385
PPP1R9A	1.769193406
PPP1R9B	11.52812965
PPP2CA	36.33034776
PPP2CB	31.16610398
PPP2R1A	20.79824876
PPP2R1B	5.985769561
PPP2R2A	9.060686392
PPP2R2B	0.121029789
PPP2R2B-IT1	0
PPP2R2C	0.017036093
PPP2R2D	4.032609179
PPP2R2DP1	0
PPP2R3A	1.61556677
PPP2R3B	0.663989222
PPP2R3C	11.6053047
PPP2R5A	44.838154
PPP2R5B	7.681728578
PPP2R5C	9.132764903
PPP2R5D	8.756929959
PPP2R5E	4.459786869
PPP3CA	12.64886053
PPP3CB	12.42140642
PPP3CB-AS1	1.253694054
PPP3CC	8.702440417
PPP3R1	14.08091868
PPP3R2	0
PPP4C	36.94495899
PPP4R1	22.25492894
PPP4R1-AS1	0.702866928
PPP4R1L	1.204326708
PPP4R2	10.1364991
PPP4R3A	14.24912619
PPP4R3B	11.97403695
PPP4R3C	0
PPP4R4	1.37669918
PPP5C	7.09458484
PPP5D1	0.2665212
PPP6C	19.81384765
PPP6R1	6.124622549
PPP6R2	8.097087615
PPP6R2P1	0
PPP6R3	10.76036821
PPRC1	11.48690032
PPT1	108.1765879
PPT2	2.638282315
PPT2-EGFL8	0.19615676
PPTC7	8.869541013
PPWD1	6.521822199
PPY	0.015876188
PPY2P	0
PQBP1	33.16760185
PQLC1	9.536833994
PQLC1P1	0
PQLC2	4.655435145
PQLC2L	0.704648149
PQLC3	19.24457828
PRAC1	0
PRAC2	0
PRADC1	18.14221815
PRADC1P1	0.268625108
PRAF2	8.791695418
PRAG1	2.083341821
PRAL	0.109679049
PRAM1	3.826878649
PRAME	0.016603759
PRAMEF1	0
PRAMEF10	0
PRAMEF11	0
PRAMEF12	0
PRAMEF13	0
PRAMEF14	0
PRAMEF15	0
PRAMEF17	0
PRAMEF18	0
PRAMEF19	0
PRAMEF2	0
PRAMEF20	0
PRAMEF25	0
PRAMEF26	0
PRAMEF27	0
PRAMEF28P	0
PRAMEF29P	0
PRAMEF30P	0
PRAMEF31P	0
PRAMEF32P	0
PRAMEF33	0
PRAMEF34P	0
PRAMEF35P	0
PRAMEF36P	0
PRAMEF4	0
PRAMEF5	0
PRAMEF6	0
PRAMEF7	0
PRAMEF7	0
PRAMEF8	0
PRAMEF9	0
PRAMENP	0.025781175
PRAP1	0.095418256
PRB1	0
PRB2	0
PRB3	0.033917312
PRB4	0
PRC1	0.689187495
PRC1-AS1	0.017420565
PRCC	10.31811187
PRCD	0.584848257
PRCP	9.902900936
PRDM1	3.884850217
PRDM10	1.132784974
PRDM11	1.358782827
PRDM12	0
PRDM13	0
PRDM14	0
PRDM15	0.381984464
PRDM16	1.123052994
PRDM2	4.847408901
PRDM4	4.238094831
PRDM5	1.621808451
PRDM6	0.769244629
PRDM7	0.007636354
PRDM8	0.372277241
PRDM9	0
PRDX1	162.2369755
PRDX1P1	0.289207681
PRDX2	59.5572112
PRDX2P1	0
PRDX2P2	0
PRDX2P3	0.213922157
PRDX2P4	0
PRDX3	52.84257603
PRDX3P1	0.698260985
PRDX3P2	0.230815355
PRDX3P3	0
PRDX3P4	0.062930916
PRDX4	47.98875636
PRDX4P1	0
PRDX5	452.0026053
PRDX6	109.2781392
PREB	17.07575006
PRELID1	23.27487329
PRELID1P1	0.520591295
PRELID1P2	0
PRELID1P3	0
PRELID1P4	0.336655816
PRELID2	0.428550754
PRELID2P1	1.874128664
PRELID3A	0.41501546
PRELID3B	31.89753975
PRELID3BP1	0
PRELID3BP10	0
PRELID3BP11	0
PRELID3BP2	0
PRELID3BP3	0
PRELID3BP4	0.027442729
PRELID3BP5	0
PRELID3BP6	0.027442729
PRELID3BP7	0
PRELID3BP8	0
PRELP	12.22609609
PREP	7.547494408
PREPL	5.327692879
PREX1	10.08903536
PREX2	2.674443877
PRF1	16.94984858
PRG2	0.119356459
PRG3	0
PRG4	1.677575519
PRH1	0.174886138
PRH2	0
PRICKLE1	0.997693844
PRICKLE2	4.607919052
PRICKLE2-AS1	0.077084325
PRICKLE2-AS1	0
PRICKLE2-AS2	0.189554008
PRICKLE2-AS3	0.025111856
PRICKLE3	1.535581331
PRICKLE4	0.237698219
PRIM1	2.192614327
PRIM2	2.038047436
PRIMA1	0.265726276
PRIMPOL	4.486533791
PRKAA1	12.22927096
PRKAA2	0.629874283
PRKAB1	10.79525148
PRKAB2	4.12982405
PRKACA	8.194508619
PRKACB	6.856991841
PRKACG	0.019477686
PRKAG1	14.10488182
PRKAG2	6.721273887
PRKAG2-AS1	1.455148911
PRKAG3	0.098699987
PRKAR1A	42.50900778
PRKAR1AP1	0
PRKAR1B	5.628008053
PRKAR2A	6.992918581
PRKAR2A-AS1	0.100011476
PRKAR2B	6.071230209
PRKCA	1.549837445
PRKCA-AS1	0
PRKCB	1.939014557
PRKCD	19.31501013
PRKCE	5.894361841
PRKCG	0.032442646
PRKCH	7.049541316
PRKCI	11.73692283
PRKCQ	4.346645028
PRKCQ-AS1	2.621027362
PRKCSH	19.31880438
PRKCZ	7.321875228
PRKCZ-AS1	4.391881099
PRKD1	3.247548264
PRKD2	9.710901254
PRKD3	5.228364852
PRKDC	3.853162366
PRKG1	3.204521705
PRKG1-AS1	0.049087428
PRKG2	1.228223025
PRKN	0.546955594
PRKRA	15.97198136
PRKRIP1	6.486685858
PRKX	2.778401876
PRKX-AS1	0
PRKXP1	0.614501882
PRKY	2.472781518
PRL	0.022976243
PRLH	0.059355295
PRLHR	0
PRLR	0.248651051
PRM1	0
PRM2	0.021643367
PRM3	0
PRMT1	28.49707633
PRMT1P1	0.015530028
PRMT2	11.12163474
PRMT3	1.986312422
PRMT5	8.121899912
PRMT5-AS1	0.07359016
PRMT5P1	0
PRMT6	4.324768407
PRMT7	1.988132543
PRMT8	0.089622565
PRMT9	4.171854654
PRND	0.141736866
PRNP	65.66914992
PRNT	0
PROB1	0.333465049
PROC	0.150731524
PROCA1	0.502965146
PROCR	30.5491314
PRODH	3.719255836
PRODH2	0
PROK1	0.023422717
PROK2	0.427711608
PROKR1	0.007334331
PROKR2	0
PROM1	0.168628442
PROM2	0.889066553
PROP1	0.021406828
PRORSD1P	0.732299997
PRORY	0
PROS1	24.30959178
PROS2P	0
PROSER1	3.855862801
PROSER2	2.070483819
PROSER2-AS1	0.100508784
PROSER3	1.146691397
PROX1	0.23518738
PROX1-AS1	0.015228181
PROX2	0.096091622
PROZ	0.169301539
PRPF18	6.755237312
PRPF19	19.6916556
PRPF19P1	0
PRPF3	8.577121887
PRPF31	12.47487098
PRPF38A	10.3025183
PRPF38AP1	0.016795068
PRPF38AP2	0
PRPF38B	11.2573639
PRPF39	6.198656911
PRPF4	8.934343722
PRPF40A	8.34429889
PRPF40B	0.482836851
PRPF4B	8.902614587
PRPF6	23.10831905
PRPF8	14.12558805
PRPH	0.323979283
PRPH2	0.379108016
PRPS1	18.37077633
PRPS1L1	0
PRPS1P1	0
PRPS1P2	1.120465812
PRPS2	12.30062098
PRPSAP1	6.743048971
PRPSAP2	5.858796462
PRR11	0.457035775
PRR12	1.491204518
PRR13	31.94540109
PRR13P1	0
PRR13P2	0.154382246
PRR13P3	0.166699979
PRR13P4	0
PRR13P5	4.147887704
PRR13P7	0
PRR14	8.443828971
PRR14L	1.656017266
PRR15	0.347866353
PRR15L	5.065089411
PRR16	0.52370477
PRR18	0.029856713
PRR19	0.133877886
PRR20A	0
PRR20B	0
PRR20C	0
PRR20D	0
PRR20E	0
PRR20FP	0
PRR22	0.789563465
PRR23A	0
PRR23B	0
PRR23C	0
PRR23D1	0
PRR23D2	0
PRR25	0
PRR26	0.049142872
PRR27	0
PRR29	2.640637132
PRR29-AS1	0.09639657
PRR3	2.463390341
PRR30	0
PRR31	0.016022288
PRR32	0
PRR34	0.122376839
PRR34-AS1	3.913865373
PRR35	0.007071208
PRR36	0.161761828
PRR4	0.284811266
PRR5	1.555930009
PRR5-ARHGAP8	0.018754995
PRR5L	2.152939295
PRR7	0.477522061
PRR7-AS1	0.14739375
PRR9	0.051000156
PRRC1	4.074769845
PRRC2A	12.0304165
PRRC2B	4.70234156
PRRC2C	8.077470757
PRRC2CP1	0
PRRG1	1.820536401
PRRG2	4.200721861
PRRG3	0.177282441
PRRG4	6.24808401
PRRT1	0.485429086
PRRT2	1.644605163
PRRT3	0.445548966
PRRT3-AS1	1.225000495
PRRT4	0.14465738
PRRX1	2.675609456
PRRX2	0.860583872
PRRX2-AS1	0
PRSS1	0.007529937
PRSS12	1.951539907
PRSS16	1.670655211
PRSS2	0.122633202
PRSS21	7.408699611
PRSS22	4.444261936
PRSS23	11.0336761
PRSS27	0.172021089
PRSS29P	0.031881583
PRSS3	0.103586405
PRSS30P	0.312231706
PRSS33	0.051935884
PRSS35	1.040371834
PRSS36	0.540044598
PRSS37	0.021338808
PRSS38	0
PRSS3P1	0
PRSS3P3	0
PRSS3P4	0
PRSS40A	0.003838755
PRSS40B	0
PRSS41	0.065495498
PRSS42	0.042191163
PRSS44	0.068367356
PRSS45	0.135879326
PRSS46P	0.079785122
PRSS48	0.063376332
PRSS50	0.100617155
PRSS51	0.302068395
PRSS53	0.131032668
PRSS54	0.007419412
PRSS55	0.004998341
PRSS56	0
PRSS57	0.115007692
PRSS58	0
PRSS8	31.42289059
PRTFDC1	2.26064926
PRTG	0.253883861
PRTN3	0.027346942
PRUNE1	8.620179438
PRUNE2	0.810433057
PRUNEP1	0
PRX	19.63411831
PRY	0
PRY2	0
PRYP1	0
PRYP2	0
PRYP3	0
PRYP4	0
PRYP5	0
PRYP6	0
PSAP	715.6733081
PSAPL1	0.402238118
PSAT1	1.439501552
PSAT1P1	0
PSAT1P2	0
PSAT1P3	0
PSAT1P4	0
PSCA	0.257756178
PSD	0.373325891
PSD2	0.034721467
PSD2-AS1	0.076066981
PSD3	0.837411804
PSD4	2.910838089
PSEN1	8.64540579
PSEN2	5.809352081
PSENEN	22.76154939
PSG1	0
PSG10P	0
PSG11	0
PSG2	0
PSG3	0
PSG4	0.004995154
PSG5	0
PSG6	0
PSG7	0.00262872
PSG8	0
PSG8-AS1	0
PSG9	0
PSIP1	10.14323065
PSKH1	5.508266934
PSKH2	0
PSMA1	22.78552874
PSMA2	5.147892782
PSMA2P1	0
PSMA2P2	0
PSMA2P3	0
PSMA3	43.763902
PSMA3-AS1	9.771152211
PSMA3P	0
PSMA4	20.45181897
PSMA5	18.65373926
PSMA6	8.157639995
PSMA6P1	0.380642866
PSMA6P2	0.022842271
PSMA6P3	0
PSMA6P4	0
PSMA7	130.5338944
PSMA8	0.074460497
PSMB1	94.47026707
PSMB10	20.06715091
PSMB11	0.007426445
PSMB2	17.02549598
PSMB3	113.1043095
PSMB3P2	0
PSMB4	103.1461912
PSMB5	46.10383058
PSMB6	70.8928499
PSMB7	61.83738973
PSMB7P1	0
PSMB8	76.08366523
PSMB8-AS1	11.21221835
PSMB9	31.42120952
PSMC1	3.657388332
PSMC1P1	0.344260713
PSMC1P10	0.023616877
PSMC1P11	0.0118981
PSMC1P12	0
PSMC1P13	0
PSMC1P2	0
PSMC1P3	0
PSMC1P4	0
PSMC1P5	0.088529932
PSMC1P6	0
PSMC1P7	0
PSMC1P8	0
PSMC1P9	0.011737676
PSMC2	24.6562367
PSMC3	53.43290959
PSMC3IP	1.309369051
PSMC4	26.46863239
PSMC5	18.69207974
PSMC6	12.90737303
PSMD1	10.57643393
PSMD10	23.80738727
PSMD10P1	0.506219612
PSMD10P2	0
PSMD10P3	0
PSMD11	8.701090608
PSMD12	11.96852393
PSMD12P	0
PSMD13	34.7220634
PSMD14	9.257760623
PSMD2	24.04637257
PSMD3	18.82648574
PSMD4	35.96236758
PSMD4P1	0
PSMD5	8.160174587
PSMD6	7.390895623
PSMD6-AS1	0
PSMD6-AS2	0.746484676
PSMD7	19.01535705
PSMD7P1	0
PSMD8	54.58439134
PSMD8P1	0.040753701
PSMD9	3.178965173
PSME1	155.5454007
PSME2	41.65926474
PSME2P2	1.634136076
PSME2P6	0.095839743
PSME3	12.54922099
PSME4	5.425749798
PSMF1	18.59309112
PSMG1	11.25234798
PSMG2	13.19045868
PSMG3	13.26336473
PSMG3-AS1	1.153967814
PSMG4	1.335647976
PSORS1C1	0.463507258
PSORS1C2	0.013625911
PSORS1C3	1.400504711
PSPC1	8.022080884
PSPC1-AS2	0.500099936
PSPC1P1	0.259199666
PSPC1P2	0
PSPH	2.649455345
PSPHP1	0
PSPN	0.540890496
PSRC1	1.108686233
PSTK	0.599335196
PSTPIP1	3.089769927
PSTPIP2	3.365963889
PTAFR	8.887099627
PTAR1	3.713228361
PTBP1	20.37779483
PTBP1P	0.019575013
PTBP2	1.363855031
PTBP3	9.661679064
PTCD1	0.763919523
PTCD2	0.468218479
PTCD2P1	0
PTCD2P2	0
PTCD3	4.928802065
PTCH1	0.4722379
PTCH2	0.386495309
PTCHD1	0.107305767
PTCHD1-AS	0.055223958
PTCHD3	0.006196045
PTCHD3P1	0
PTCHD3P2	0.065019909
PTCHD3P3	0
PTCHD4	0.405592608
PTCRA	2.186795439
PTCSC2	0.153625471
PTCSC3	1.536792798
PTDSS1	8.055197189
PTDSS2	3.022197257
PTEN	7.632005883
PTENP1	0.196068543
PTENP1-AS	0.035898735
PTER	3.554378361
PTF1A	0.020390108
PTGDR	0.413314817
PTGDR2	0.303111809
PTGDS	90.99421383
PTGER1	0.209518763
PTGER2	2.528204367
PTGER3	1.176898741
PTGER4	8.24830316
PTGER4P2	0
PTGER4P3	0
PTGES	2.033106702
PTGES2	6.630918138
PTGES2-AS1	0.05223266
PTGES3	85.6975213
PTGES3L	0.263357949
PTGES3L-AARSD1	0.00657566
PTGES3P1	8.305317363
PTGES3P2	0.390119452
PTGES3P3	1.072828493
PTGES3P4	0
PTGES3P5	0
PTGFR	0.917451049
PTGFRN	2.348496173
PTGIR	3.468920312
PTGIS	3.878829724
PTGR1	5.633043986
PTGR2	1.137574532
PTGS1	2.928276585
PTGS2	23.60432467
PTH	0
PTH1R	3.283953314
PTH2	0
PTH2R	0.049972021
PTHLH	0.283049357
PTK2	6.922670908
PTK2B	6.866030231
PTK6	2.456547904
PTK7	6.919785572
PTMA	190.9785623
PTMAP1	0.704260584
PTMAP2	2.156394219
PTMAP3	0.047484236
PTMAP4	1.81153734
PTMAP5	1.67216433
PTMAP6	0
PTMAP8	0.137454368
PTMS	133.9103754
PTN	11.84611115
PTOV1	13.47255695
PTOV1-AS1	2.729072598
PTOV1-AS2	3.584293969
PTP4A1	46.76607414
PTP4A1P1	0
PTP4A1P2	0
PTP4A1P3	0
PTP4A1P4	0
PTP4A1P5	0
PTP4A1P6	0
PTP4A1P7	0
PTP4A2	30.05550587
PTP4A2P1	0.131128017
PTP4A2P2	1.030086322
PTP4A3	19.71660366
PTPA	13.86153005
PTPDC1	2.22865938
PTPMT1	12.97047513
PTPN1	37.03594176
PTPN11	12.75802878
PTPN12	28.09094488
PTPN13	7.445464253
PTPN14	1.976687036
PTPN18	9.721028128
PTPN2	8.700915141
PTPN20	0.483378145
PTPN20CP	0
PTPN21	11.16335393
PTPN22	3.504216429
PTPN23	5.467792746
PTPN2P1	0
PTPN2P2	0.015302537
PTPN3	1.95500131
PTPN4	1.813459723
PTPN5	0.051310963
PTPN6	17.75326485
PTPN7	1.501711084
PTPN9	3.45999015
PTPRA	11.64452878
PTPRB	18.13847542
PTPRC	16.14339241
PTPRCAP	0
PTPRD	1.076810926
PTPRD-AS1	0.414677894
PTPRD-AS2	0
PTPRE	4.855057127
PTPRF	11.49635385
PTPRG	4.154911243
PTPRG-AS1	0.174263768
PTPRH	0.007214456
PTPRJ	2.907545678
PTPRJ-AS1	0.05205913
PTPRK	5.80827179
PTPRM	11.81724362
PTPRN	0.009484202
PTPRN2	5.654485351
PTPRO	2.736327273
PTPRQ	0.604622431
PTPRR	0.408353351
PTPRS	5.76582063
PTPRT	0.054480484
PTPRU	4.272728516
PTPRVP	0.019005213
PTPRZ1	0.069524162
PTRH1	0.139480817
PTRH2	4.899291271
PTRHD1	15.16300223
PTS	7.915000201
PTTG1	2.584387945
PTTG1IP	89.18538406
PTTG2	0.136061922
PTTG3P	0
PTTG4P	0.089032943
PTX3	13.76357515
PTX4	0.009283056
PUDP	4.352721665
PUDPP1	0
PUDPP2	0
PUDPP3	0
PUF60	23.00201542
PUM1	8.751988065
PUM2	13.05142819
PUM3	7.843581929
PURA	2.822749823
PURB	7.643972469
PURG	0.083106858
PURPL	0
PUS1	2.113181062
PUS10	2.046023813
PUS3	7.413919349
PUS7	2.551968911
PUS7L	0.761330928
PUSL1	3.154105583
PVALB	1.25358384
PVALEF	0
PVR	17.46877452
PVRIG	0.094777004
PVRIG2P	0
PVT1	0.507777907
PWAR1	0.090877039
PWAR5	0.142900674
PWAR6	1.493008038
PWP1	16.25278422
PWP2	0.002263767
PWRN1	0.025938006
PWRN2	0
PWRN3	0
PWRN4	0.037309043
PWWP2A	2.486467178
PWWP2AP1	0
PWWP2B	4.007590735
PXDC1	29.86382277
PXDN	3.919885507
PXDNL	0.074789032
PXK	3.857451206
PXMP2	6.510533968
PXMP4	10.13074482
PXN	20.48588151
PXN-AS1	1.724994569
PXT1	0.029733962
PXYLP1	1.293224962
PYCARD	16.99055159
PYCARD-AS1	0.057241271
PYCR1	1.552862864
PYCR2	13.26842973
PYCR3	2.463500918
PYDC1	0
PYDC2	0
PYGB	19.37184906
PYGL	7.812037683
PYGM	0.720414323
PYGO1	0.953607674
PYGO2	6.785929049
PYHIN1	1.175572658
PYHIN5P	0
PYM1	14.72637923
PYROXD1	3.73064361
PYROXD2	2.398893305
PYURF	3.062576243
PYY	0.079609473
PYY2	0.145630093
PYY3	0
PZP	0.236544245
QARS	22.21342188
QDPR	11.6691075
QKI	12.17458856
QPCT	1.86904093
QPCTL	4.891906886
QPRT	3.734592163
QRFP	0.472551206
QRFPR	0.021763608
QRICH1	9.993450003
QRICH2	1.208903235
QRSL1	3.609254774
QRSL1P1	0.010175194
QRSL1P2	0
QRSL1P3	0.011907141
QSER1	1.902028247
QSOX1	32.33084408
QSOX2	3.161632531
QTRT1	5.349659898
QTRT1P1	0
QTRT2	2.22381166
R3HCC1	14.82374806
R3HCC1L	4.107233526
R3HDM1	2.019733396
R3HDM2	4.434456826
R3HDM2P1	0
R3HDM2P2	0.007405387
R3HDM4	20.64576699
R3HDML	0.034138993
RAB10	34.61942151
RAB11A	35.62245348
RAB11AP1	0
RAB11AP2	0
RAB11B	31.1683067
RAB11B-AS1	3.537904218
RAB11FIP1	17.24297913
RAB11FIP1P1	1.716385365
RAB11FIP2	3.614544099
RAB11FIP3	6.127022486
RAB11FIP4	1.372113235
RAB11FIP5	3.943865206
RAB12	23.03149069
RAB13	28.94726042
RAB14	38.32619969
RAB15	2.801884409
RAB17	7.826708636
RAB18	17.18817951
RAB19	0.251471181
RAB1A	76.68165125
RAB1B	74.52327945
RAB1C	0.077573257
RAB20	34.95252701
RAB21	5.588399521
RAB22A	4.821606125
RAB23	2.423951699
RAB24	3.209842398
RAB25	32.04976341
RAB26	0.107068555
RAB27A	20.78869186
RAB27B	3.027695091
RAB28	11.2249656
RAB28P1	0
RAB28P2	0
RAB28P3	0
RAB28P4	0
RAB28P5	0.505477355
RAB29	7.491794198
RAB2A	22.05245537
RAB2B	8.616218564
RAB30	1.010484776
RAB30-AS1	3.786814089
RAB31	30.6663501
RAB32	66.59342253
RAB33A	0.797191631
RAB33B	5.104838726
RAB34	19.48836956
RAB35	11.06859674
RAB36	1.12935481
RAB37	2.189571694
RAB38	6.075389256
RAB39A	0.137003698
RAB39B	0.608014986
RAB3A	0.413724039
RAB3B	0.001220009
RAB3C	0.029210477
RAB3D	1.8305673
RAB3GAP1	6.989831448
RAB3GAP2	3.791715427
RAB3IL1	1.235443155
RAB3IP	2.456326565
RAB40A	0.899237966
RAB40AL	0.009147576
RAB40B	2.233844306
RAB40C	4.078645985
RAB41	0.419726732
RAB42	1.214768744
RAB42P1	0
RAB43	0.320240312
RAB43P1	0.877934353
RAB44	0.424305809
RAB4A	10.40550332
RAB4B	5.671694727
RAB4B-EGLN2	0.006052452
RAB5A	17.13948843
RAB5B	22.21315171
RAB5C	41.50424945
RAB5CP1	0.027016893
RAB5CP2	0.024599369
RAB6A	32.88545228
RAB6B	0.798494286
RAB6C	0.035671085
RAB6C-AS1	0.119041261
RAB6D	0.081933584
RAB7A	95.58173064
RAB7B	7.303503243
RAB8A	5.596572044
RAB8B	14.55181818
RAB9A	18.90653551
RAB9AP1	0
RAB9AP2	0
RAB9AP3	0
RAB9AP4	0
RAB9AP5	0
RAB9B	0.643849757
RAB9BP1	0
RABAC1	41.96119493
RABEP1	9.273276565
RABEP2	3.349479378
RABEPK	7.307350667
RABEPKP1	0
RABGAP1	5.435343596
RABGAP1L	4.483290614
RABGAP1L-IT1	0.042523197
RABGEF1	1.004687721
RABGGTA	8.248192682
RABGGTB	9.556112221
RABIF	7.260984585
RABL2A	1.1945352
RABL2B	2.405193866
RABL3	6.904881097
RABL6	4.859908363
RAC1	87.76898414
RAC1P1	0
RAC1P2	1.596749709
RAC1P3	0
RAC1P4	0
RAC1P5	0
RAC1P6	0
RAC1P7	0
RAC1P8	0
RAC1P9	0
RAC2	29.60675893
RAC3	1.857389284
RACGAP1	2.566815584
RACGAP1P	0
RACK1	147.0842057
RAD1	5.426298655
RAD17	5.459374199
RAD17P1	0.383687512
RAD17P2	0.007926049
RAD18	1.855781604
RAD1P1	0.019274044
RAD1P2	0.070904063
RAD21	26.46809064
RAD21-AS1	0.085755113
RAD21L1	0.051658675
RAD23A	28.67144337
RAD23B	25.34670466
RAD23BP1	0.012770822
RAD23BP2	0
RAD23BP3	0
RAD50	4.015676407
RAD51	0.509294157
RAD51AP1	1.151650517
RAD51AP1P1	0.015654144
RAD51AP2	0
RAD51-AS1	3.002761998
RAD51B	0.75236826
RAD51C	1.673373286
RAD51D	0.791529959
RAD52	1.869904295
RAD54B	0.092447186
RAD54L	0.107327384
RAD54L2	2.018518091
RAD9A	2.164980486
RAD9B	0.281050499
RADIL	0.957117803
RAE1	4.073344585
RAET1E	0.135624084
RAET1E-AS1	0
RAET1E-AS1	0
RAET1G	0.189809128
RAET1K	0.016529323
RAET1L	0.023283504
RAET1M	0
RAF1	13.1237304
RAF1P1	0
RAG1	0.202514344
RAG2	0
RAI1	2.17434007
RAI14	9.423894383
RAI1-AS1	0
RAI2	11.76728919
RALA	31.17285052
RALB	32.55985127
RALBP1	8.188956493
RALGAPA1	1.315955896
RALGAPA1P1	0.158407778
RALGAPA2	4.418590759
RALGAPB	4.595183157
RALGDS	22.4873111
RALGPS1	1.618133704
RALGPS2	0.838294924
RALY	21.58690393
RALY-AS1	1.246313676
RALYL	0
RAMP1	13.89202513
RAMP2	124.0616672
RAMP2-AS1	1.323361059
RAMP3	109.5348528
RAN	57.90518098
RANBP1	9.974155279
RANBP10	4.482629519
RANBP17	0.815348354
RANBP2	8.283262588
RANBP20P	0.014895245
RANBP3	5.929055869
RANBP3L	0.8107478
RANBP6	5.921904893
RANBP9	14.19504856
RANGAP1	7.307493679
RANGRF	9.638366553
RANP1	0.168492452
RANP2	0
RANP3	0
RANP4	0.622007249
RANP5	0
RANP6	0.024331984
RANP7	0
RANP8	0
RANP9	0
RAP1A	28.78744704
RAP1AP	1.459271654
RAP1B	7.574999738
RAP1BP1	0
RAP1BP2	0
RAP1BP3	0
RAP1GAP	6.169897872
RAP1GAP2	1.997632751
RAP1GDS1	7.121322281
RAP2A	10.17552232
RAP2B	4.697105027
RAP2C	11.29382235
RAP2C-AS1	0.527348971
RAP2CP1	0
RAPGEF1	13.28866902
RAPGEF2	4.287820609
RAPGEF3	2.930789342
RAPGEF4	3.321232258
RAPGEF4-AS1	0
RAPGEF5	10.47865164
RAPGEF6	1.143277912
RAPGEFL1	1.355433411
RAPH1	0.479592005
RAPSN	0.163397268
RARA	19.30985464
RARA-AS1	4.473333394
RARB	1.924286797
RARG	3.093004792
RARRES1	9.741064048
RARRES2	140.9710822
RARRES2P1	0.065155085
RARRES2P10	0
RARRES2P2	0
RARRES2P3	0
RARRES2P4	0
RARRES2P5	0
RARRES2P6	0
RARRES2P7	0
RARRES2P8	0
RARRES2P9	0
RARRES3	85.57470898
RARS	11.51072855
RARS2	18.55747393
RARSP1	0
RASA1	4.962701696
RASA2	4.003080382
RASA2-IT1	0
RASA3	4.069607415
RASA3-IT1	0.206181553
RASA4	0.223105951
RASA4B	0.016187808
RASA4CP	0.614123214
RASA4DP	0.130690559
RASAL1	0.042324408
RASAL2	2.719067416
RASAL2-AS1	0.631846693
RASAL3	3.180155542
RASD1	6.310948391
RASD2	0.803697142
RASEF	5.898857629
RASGEF1A	0.294147369
RASGEF1B	9.337691196
RASGEF1C	0.015876188
RASGRF1	4.750336586
RASGRF2	0.481719636
RASGRF2-AS1	0.053755739
RASGRP1	2.947885566
RASGRP2	4.149251244
RASGRP3	1.220547316
RASGRP4	1.90674807
RASIP1	18.0113923
RASL10A	0.853444355
RASL10B	0.174506602
RASL11A	22.63629686
RASL11B	0.811381126
RASL12	14.31085406
RASSF1	17.50354302
RASSF10	0.229163054
RASSF1-AS1	0.436374121
RASSF2	16.14051775
RASSF3	25.21547521
RASSF4	4.057520734
RASSF5	7.700667184
RASSF6	0.663934445
RASSF7	19.45519863
RASSF8	7.955214417
RASSF8-AS1	1.983817681
RASSF9	1.09484509
RAVER1	1.632729403
RAVER2	3.456649014
RAX	0.004206657
RAX2	0
RB1	8.877604796
RB1CC1	8.447080862
RBAK	1.67729878
RBAKDN	0.060971977
RBAK-RBAKDN	0.014937844
RBBP4	13.11828495
RBBP4P1	0.098243248
RBBP4P2	0.136366913
RBBP4P3	0.024426809
RBBP4P4	0
RBBP4P5	0
RBBP4P6	0
RBBP5	4.920828934
RBBP6	6.513617704
RBBP7	10.96165117
RBBP8	8.464337946
RBBP8NL	0.044883059
RBBP8P1	0
RBBP9	8.859665636
RBCK1	16.40578006
RBFA	3.965865048
RBFADN	0.153787841
RBFOX1	0
RBFOX2	6.600280401
RBFOX3	0.055549775
RBKS	2.939437968
RBL1	1.076410376
RBL2	11.56182773
RBM10	10.29879241
RBM11	1.613458014
RBM11P1	0
RBM12	10.97727568
RBM12B	0.999674695
RBM12B-AS1	0.407942674
RBM14	10.49164021
RBM14-RBM4	0.340515595
RBM15	1.842124004
RBM15-AS1	0.168040729
RBM15B	5.412816834
RBM17	14.19045579
RBM17P1	0
RBM17P2	0
RBM17P3	0
RBM17P4	0
RBM18	6.433277358
RBM19	3.217715623
RBM20	0.122870261
RBM22	16.23763853
RBM22P1	0
RBM22P12	0
RBM22P13	0.012596301
RBM22P2	0.293700734
RBM22P3	0
RBM22P4	0
RBM22P5	0
RBM22P6	0
RBM22P7	0
RBM23	4.948357261
RBM24	0.400389728
RBM25	10.54166864
RBM26	4.317631555
RBM26-AS1	0.388922128
RBM27	2.675157061
RBM28	1.256270203
RBM3	126.5721528
RBM33	3.610783485
RBM34	0.67451106
RBM38	7.636547124
RBM39	24.14196126
RBM4	3.052682721
RBM41	1.371524689
RBM42	18.88047283
RBM43	1.524790604
RBM43P1	0.01449565
RBM44	0.406704957
RBM45	1.614801507
RBM46	0.046694208
RBM47	7.994458035
RBM48	2.545037257
RBM48P1	0
RBM4B	2.260798601
RBM5	12.5412793
RBM5-AS1	0.237421182
RBM6	12.17402958
RBM7	7.730566163
RBM8A	17.08100667
RBM8B	0.119388937
RBMS1	9.068903913
RBMS1P1	1.314853292
RBMS2	15.15725946
RBMS2P1	0.511249527
RBMS3	3.024952308
RBMS3-AS1	0.113139336
RBMS3-AS2	0.170102019
RBMS3-AS3	0.715749337
RBMX	32.57836785
RBMX2	9.236800908
RBMX2P1	0
RBMX2P2	0
RBMX2P3	0
RBMX2P4	0
RBMX2P5	0
RBMXL1	6.370187193
RBMXL2	0.066893481
RBMXL3	0
RBMXP1	0
RBMXP2	0.067079615
RBMXP4	0.179636132
RBMY1A1	0
RBMY1A3P	0
RBMY1B	0
RBMY1D	0
RBMY1E	0
RBMY1F	0
RBMY1HP	0
RBMY1J	0.023009982
RBMY1KP	0.427956668
RBMY2AP	0
RBMY2BP	0
RBMY2CP	0
RBMY2DP	0
RBMY2EP	0
RBMY2FP	0.010754837
RBMY2GP	0
RBMY2HP	0.021763608
RBMY2JP	0
RBMY2KP	0
RBMY2NP	0
RBMY2OP	0
RBMY2QP	0
RBMY2TP	0
RBMY2UP	0
RBMY2WP	0
RBMY2XP	0
RBMY2YP	0
RBMY3AP	0
RBP1	6.769513243
RBP2	5.396344635
RBP3	0.007329185
RBP4	14.65326175
RBP5	5.597174009
RBP7	10.64672686
RBPJ	8.106703015
RBPJL	0.005671299
RBPJP2	0
RBPJP5	0
RBPJP6	0
RBPJP7	0
RBPMS	12.43793506
RBPMS2	2.431391788
RBPMS2P1	0
RBPMS-AS1	8.979021737
RBPMSLP	0.031214737
RBSN	4.381846049
RBX1	39.0782058
RC3H1	3.082761788
RC3H1-IT1	0.034977228
RC3H2	3.405415606
RCAN1	24.72644805
RCAN2	7.763135375
RCAN3	2.413463306
RCBTB1	7.762321635
RCBTB2	5.556258414
RCBTB2P1	0
RCC1	4.292267197
RCC1L	7.002114213
RCC2	11.66309977
RCC2P1	0
RCC2P2	0
RCC2P3	0
RCC2P4	0
RCC2P5	0
RCC2P6	0.060384578
RCC2P7	0.012396992
RCC2P8	0
RCCD1	0.681158456
RCE1	5.870288263
RCHY1	6.43500006
RCL1	3.364452476
RCN1	12.93924081
RCN1P1	0
RCN1P2	5.343144234
RCN2	9.185420064
RCN3	5.907057151
RCOR1	6.75605286
RCOR2	0.108738554
RCOR3	3.645141086
RCSD1	6.034434275
RCVRN	0.059009852
RD3	0.02571228
RD3L	0.026094585
RDH10	12.50108861
RDH10-AS1	0.19375967
RDH11	16.07020421
RDH12	0.079812214
RDH13	1.325569367
RDH14	9.439399422
RDH16	0.14475564
RDH5	0.34670019
RDH8	0
RDM1	0.023802225
RDX	26.93721949
REC114	0.016903773
REC8	4.056048128
RECK	4.067148561
RECQL	5.354608049
RECQL4	0.455001217
RECQL5	1.354974547
REELD1	0.986763098
REEP1	2.929977634
REEP2	0.114517403
REEP3	15.34165045
REEP4	5.642786921
REEP5	51.07687346
REEP6	0.639844753
REG1A	0
REG1B	0
REG1CP	0
REG3A	0
REG3G	0
REG4	0.013458172
REL	2.801211334
RELA	17.89809833
RELB	18.80892062
RELL1	3.404378301
RELL2	0.398384695
RELN	0.111555278
RELT	2.054771043
REM1	1.590508025
REM2	0.421486974
REN	1.494424411
RENBP	10.04024976
REP15	0.334327787
REPIN1	7.422003696
REPS1	2.214529877
REPS2	2.296925566
RER1	18.22223214
RERE	5.982939476
REREP1Y	0
REREP2Y	0
RERG	7.275128729
RERG-AS1	0
RERG-IT1	0.364413907
RERGL	1.102652022
RESP18	0
REST	2.907432035
RET	0.145853096
RETN	40.13879025
RETNLB	0
RETREG1	13.97863985
RETREG2	10.63199512
RETREG3	9.411015705
RETSAT	11.97242993
REV1	5.161412417
REV3L	2.658505768
REV3L-IT1	0.410204136
REX1BD	6.560856074
REXO1	3.363626575
REXO1L10P	0
REXO1L11P	0
REXO1L12P	0
REXO1L1P	0
REXO1L2P	0
REXO1L3P	0
REXO1L4P	0
REXO1L5P	0
REXO1L6P	0
REXO1L8P	0
REXO1L9P	0
REXO2	14.28031604
REXO4	4.251037888
REXO5	0.548481019
RF00001	0
RF00001	0.295656566
RF00001	0
RF00002	0
RF00002	0
RF00003	0
RF00003	0.096727148
RF00003	0
RF00003	0.189936945
RF00003	0.107327384
RF00003	0
RF00003	0.095547549
RF00003	0
RF00003	0
RF00003	2.14654767
RF00003	0
RF00003	0
RF00003	0.477737744
RF00004	0
RF00004	0
RF00004	0
RF00004	0
RF00004	0
RF00004	0.164945242
RF00004	0
RF00004	0
RF00004	0.216135145
RF00004	0
RF00004	0
RF00004	0
RF00004	0
RF00004	0
RF00004	0
RF00004	0
RF00004	0
RF00006	0.329890484
RF00006	0
RF00006	0
RF00006	0
RF00012	2.842071205
RF00012	0
RF00012	0
RF00012	0
RF00012	0
RF00012	0.217636083
RF00012	0
RF00012	0
RF00012	0
RF00012	0
RF00012	0
RF00012	0
RF00012	0
RF00012	0
RF00012	0
RF00012	0
RF00012	0
RF00012	0
RF00012	0
RF00012	0
RF00012	0
RF00012	0
RF00012	0
RF00012	0
RF00012	0
RF00012	0
RF00012	0
RF00012	0
RF00012	0.075335567
RF00012	0.073567127
RF00012	0
RF00012	0
RF00012	0.145090722
RF00012	0
RF00012	0
RF00012	0.614501882
RF00012	0
RF00012	0
RF00012	0
RF00012	0
RF00012	0
RF00012	0
RF00012	0
RF00012	0.072882781
RF00012	0
RF00012	0.159895898
RF00012	0
RF00012	0
RF00012	0.357757945
RF00012	0
RF00012	0
RF00015	0
RF00015	0
RF00015	0
RF00015	0
RF00015	1.473228871
RF00015	0
RF00016	0
RF00017	0.777933234
RF00017	0
RF00017	0
RF00017	0.249717896
RF00017	0
RF00017	0
RF00017	0.260295648
RF00017	0
RF00017	0
RF00017	0.118262626
RF00017	0
RF00017	0
RF00017	0
RF00017	0.055764406
RF00017	0.056981084
RF00017	1.978779951
RF00017	0
RF00017	0
RF00017	0.125358384
RF00017	0
RF00017	0
RF00017	0
RF00017	0.452557343
RF00017	0.31090869
RF00017	0.119616779
RF00017	0
RF00017	0
RF00017	0
RF00017	0.116504074
RF00017	0
RF00017	0
RF00017	0
RF00017	0
RF00017	0
RF00017	0
RF00017	0
RF00017	0.061692118
RF00017	0.053298633
RF00017	0
RF00017	0
RF00017	0
RF00017	0
RF00017	0.333399957
RF00017	0.054789503
RF00017	0.121471302
RF00017	0
RF00017	0.061692118
RF00017	0.055764406
RF00017	0
RF00017	0
RF00017	0.052583215
RF00017	0
RF00017	0.095839743
RF00017	0.29344191
RF00017	0
RF00017	0
RF00017	0
RF00017	0
RF00017	0
RF00017	0
RF00017	0.060268454
RF00017	0
RF00017	0
RF00017	0.111133319
RF00017	0
RF00017	0
RF00017	0
RF00017	0
RF00017	0.100770405
RF00017	0
RF00017	0
RF00017	0
RF00017	0.105520525
RF00017	0
RF00017	0.060268454
RF00017	0
RF00017	0
RF00017	0.059808389
RF00017	0.166699979
RF00017	0
RF00017	0.105877013
RF00017	0
RF00017	0.060735651
RF00017	0
RF00017	0
RF00017	0
RF00017	0
RF00017	0
RF00017	0
RF00017	0
RF00017	0.055963564
RF00017	0
RF00017	0.058252037
RF00017	0
RF00017	0
RF00017	0.593899049
RF00017	0
RF00017	0.925381771
RF00017	0
RF00017	0
RF00017	0
RF00017	0.057822133
RF00017	0
RF00017	0
RF00017	0
RF00017	0
RF00017	0
RF00017	0
RF00017	0.215392412
RF00017	0.05556666
RF00017	0
RF00017	0.054789503
RF00017	0.047198187
RF00017	0
RF00017	0
RF00017	0
RF00017	0
RF00017	0
RF00017	0
RF00017	0
RF00017	0.171567131
RF00017	0
RF00017	0
RF00017	0
RF00017	0.055370311
RF00017	0.332221866
RF00017	0
RF00017	0
RF00017	0
RF00017	0
RF00017	0
RF00017	0
RF00017	0
RF00017	0
RF00017	0
RF00017	0
RF00017	0
RF00017	0.050223712
RF00017	0
RF00017	0
RF00017	0
RF00017	0
RF00017	0
RF00017	0.057398527
RF00017	0.049587968
RF00017	0
RF00017	0
RF00017	0
RF00017	0.105166429
RF00017	0.060268454
RF00017	2.046428842
RF00017	0
RF00017	0
RF00017	0
RF00017	0
RF00017	0.109963495
RF00017	0
RF00017	0.366851458
RF00017	0.061210148
RF00017	0
RF00017	0
RF00017	0
RF00017	0.054981747
RF00017	0
RF00017	0.205505547
RF00017	0
RF00019	0
RF00019	0
RF00019	0
RF00019	0
RF00019	0
RF00019	0.768127353
RF00019	0
RF00019	0
RF00019	0
RF00019	0
RF00019	0.139908911
RF00019	0
RF00019	0.431278844
RF00019	0
RF00019	0
RF00019	0
RF00019	0.277341557
RF00019	0
RF00019	0
RF00019	0
RF00019	0.153625471
RF00019	1.160725777
RF00019	0.277341557
RF00019	0
RF00019	0
RF00019	0
RF00019	0
RF00019	1.706611663
RF00019	0
RF00019	0
RF00019	0.316561576
RF00019	0
RF00019	0
RF00019	0
RF00019	0
RF00019	0
RF00019	0
RF00019	0
RF00019	0.153625471
RF00019	0
RF00019	0
RF00019	0
RF00019	0
RF00019	0.174108867
RF00019	0
RF00019	0
RF00019	0
RF00019	0
RF00019	0
RF00019	0
RF00019	0
RF00019	0
RF00019	1.025126972
RF00019	0
RF00019	0
RF00019	0
RF00019	0
RF00019	0
RF00019	0
RF00019	0
RF00019	0
RF00019	0
RF00019	0
RF00019	0
RF00019	0
RF00019	0
RF00019	0
RF00019	0.29289342
RF00019	0
RF00019	0
RF00019	0
RF00019	0
RF00019	0
RF00019	0.153625471
RF00019	0.307250941
RF00019	0
RF00019	0
RF00019	0.153625471
RF00019	0
RF00019	0
RF00019	0
RF00019	0
RF00019	0
RF00019	0
RF00019	0
RF00019	0.178065886
RF00019	0
RF00019	0.31029303
RF00019	0
RF00019	0
RF00019	0
RF00019	0
RF00019	0
RF00019	0
RF00019	0
RF00019	0.614501882
RF00019	0
RF00019	0
RF00019	0
RF00019	0
RF00019	0
RF00019	0
RF00019	0
RF00019	0.164945242
RF00019	0
RF00019	0.31339596
RF00019	0
RF00019	0
RF00019	0.153625471
RF00019	1.086025604
RF00019	0
RF00019	0
RF00019	1.552862864
RF00019	0
RF00019	0.554683115
RF00019	0
RF00019	1.192267239
RF00019	0.494835726
RF00019	0
RF00019	0
RF00019	0.65290825
RF00019	0
RF00019	0
RF00019	0
RF00019	0
RF00019	0
RF00019	0
RF00019	0
RF00019	0.620586059
RF00019	0
RF00019	0
RF00019	0
RF00019	0
RF00019	6.4895123
RF00019	0
RF00019	1.551465148
RF00019	0
RF00019	0
RF00019	0
RF00019	0
RF00019	0
RF00019	0
RF00019	0
RF00019	0
RF00019	0
RF00019	0
RF00019	0.484632928
RF00019	0.153625471
RF00019	0.549817473
RF00019	0
RF00019	0.614501882
RF00019	0
RF00019	0.307250941
RF00019	0.323088618
RF00019	0
RF00019	0
RF00019	0
RF00019	0.439340131
RF00019	0.153625471
RF00019	0
RF00019	0
RF00019	0
RF00019	0
RF00019	0
RF00019	0
RF00019	3.723516355
RF00019	0
RF00019	0
RF00019	0
RF00019	0.15669798
RF00019	0.673969806
RF00019	0
RF00019	0
RF00019	0
RF00019	0.147828283
RF00019	0
RF00019	0
RF00019	7.208107077
RF00019	0
RF00019	0
RF00019	0.153625471
RF00019	0
RF00019	1.915197533
RF00019	0
RF00019	0
RF00019	0
RF00019	0.153625471
RF00019	0
RF00019	0
RF00019	0
RF00019	0
RF00019	0
RF00019	0
RF00019	0
RF00019	0
RF00019	0
RF00019	0
RF00019	0
RF00019	0
RF00019	0
RF00019	0.163227062
RF00019	0.168492452
RF00019	0
RF00019	0
RF00019	0
RF00019	0
RF00019	0
RF00019	0
RF00019	0
RF00019	3.466769468
RF00019	0
RF00019	0
RF00019	3.221827625
RF00019	0
RF00019	4.411884872
RF00019	0.153625471
RF00019	0
RF00019	0
RF00019	0
RF00019	0.435272166
RF00019	0.307250941
RF00019	0
RF00019	0
RF00019	0.979362375
RF00019	0
RF00019	0
RF00019	0
RF00019	0
RF00019	0
RF00019	0
RF00019	0
RF00019	0
RF00019	1.248037008
RF00019	0
RF00019	0
RF00019	0.164945242
RF00019	0
RF00019	0.159895898
RF00019	0
RF00019	1.205369076
RF00019	0
RF00019	0
RF00019	0
RF00019	0
RF00019	0
RF00019	0
RF00019	0.153625471
RF00019	0
RF00019	0
RF00019	0
RF00019	1.130810165
RF00019	0
RF00019	6.172950725
RF00019	0
RF00019	0
RF00019	0.768127353
RF00019	0
RF00019	0.139908911
RF00019	0
RF00019	0
RF00019	0
RF00019	0
RF00019	0
RF00019	1.835201567
RF00019	0
RF00019	0
RF00019	0
RF00019	0
RF00019	0
RF00019	1.386707787
RF00019	0.282338703
RF00019	0
RF00019	0
RF00019	0
RF00019	0.791403939
RF00019	0
RF00019	0
RF00019	0
RF00019	0
RF00019	0
RF00019	0
RF00019	0.163227062
RF00019	0
RF00019	0
RF00019	0
RF00019	0
RF00019	0
RF00019	0
RF00019	0
RF00019	0.277341557
RF00019	0
RF00019	0.141169351
RF00019	0
RF00019	0
RF00019	0
RF00019	0
RF00019	0.340647782
RF00019	0
RF00019	0
RF00019	0.336984903
RF00019	0.166699979
RF00019	0
RF00019	0
RF00019	0
RF00019	0
RF00019	0.145090722
RF00019	0
RF00019	0
RF00019	0
RF00019	0
RF00019	0
RF00019	0
RF00019	0
RF00019	0
RF00019	0
RF00019	0.138670779
RF00019	0
RF00019	0
RF00019	0
RF00019	0.139908911
RF00019	0
RF00019	0
RF00019	0.304267922
RF00019	0
RF00019	0
RF00019	0
RF00019	0
RF00019	0
RF00019	0
RF00019	0
RF00019	0
RF00019	0
RF00019	0.155146515
RF00019	0
RF00019	0
RF00019	0
RF00019	0
RF00019	0.693353894
RF00019	0
RF00019	0
RF00019	0.172195582
RF00019	0
RF00019	0.13058165
RF00019	0
RF00019	0
RF00019	0
RF00019	0
RF00019	0
RF00019	0
RF00019	0
RF00019	0
RF00019	0
RF00019	0.5223266
RF00019	0
RF00019	0
RF00019	0
RF00019	0
RF00019	0
RF00019	0
RF00019	0
RF00019	0
RF00019	0
RF00019	0
RF00019	0
RF00019	0
RF00019	0
RF00019	0.460876412
RF00019	0
RF00019	0
RF00019	0
RF00019	0
RF00019	0
RF00019	1.343125542
RF00019	0
RF00019	0
RF00019	0
RF00019	0
RF00019	0
RF00019	0
RF00019	0
RF00019	0
RF00019	0
RF00019	3.56836984
RF00019	0
RF00019	0
RF00019	1.142589437
RF00019	0
RF00019	0
RF00019	0
RF00019	0
RF00019	0
RF00019	0
RF00019	0
RF00019	0
RF00019	0
RF00019	0
RF00019	0
RF00019	0
RF00019	0
RF00019	0.138670779
RF00019	0
RF00019	0
RF00019	0
RF00019	0.277341557
RF00019	0.138670779
RF00019	0
RF00019	0.153625471
RF00019	0
RF00019	0
RF00019	0
RF00019	0.143759615
RF00019	0
RF00019	0
RF00019	0
RF00019	0
RF00019	0.166699979
RF00019	0
RF00019	0
RF00019	0
RF00019	0
RF00019	0
RF00019	0
RF00019	0
RF00019	0
RF00019	0
RF00019	0
RF00019	0
RF00019	0
RF00019	0
RF00019	0.31339596
RF00019	0
RF00019	0
RF00019	0
RF00019	3.881509595
RF00019	0
RF00019	0
RF00019	0
RF00019	0
RF00019	0
RF00019	0
RF00019	0
RF00019	1.034797981
RF00019	0
RF00019	0.851619456
RF00019	0.368701129
RF00019	0.326454125
RF00019	0.267859795
RF00019	0.31339596
RF00019	0
RF00019	0
RF00019	0
RF00019	0
RF00019	0
RF00019	0
RF00019	0
RF00019	0
RF00019	0
RF00019	0
RF00019	0
RF00019	0
RF00019	0
RF00019	0.832024672
RF00019	0
RF00019	0.153625471
RF00019	0
RF00019	0.145090722
RF00019	0
RF00019	0
RF00019	0.139908911
RF00019	0
RF00019	0
RF00019	0.693353894
RF00019	0.138670779
RF00019	0
RF00019	0
RF00019	0
RF00019	0.153625471
RF00019	0
RF00019	0
RF00019	0
RF00019	0
RF00019	0.153625471
RF00019	0
RF00019	0
RF00019	0
RF00019	0.614501882
RF00019	0
RF00019	0
RF00019	0
RF00019	0.307250941
RF00019	0
RF00019	0
RF00019	0
RF00019	0
RF00019	0
RF00019	0
RF00019	0
RF00019	0.155146515
RF00019	0.159895898
RF00019	0
RF00019	0
RF00019	0
RF00019	0
RF00019	0
RF00019	0
RF00019	0
RF00019	0
RF00019	0
RF00019	0
RF00019	0
RF00019	0
RF00019	0.138670779
RF00019	0
RF00019	0
RF00019	0
RF00019	0
RF00019	0
RF00019	0
RF00019	1.709432508
RF00019	0
RF00019	0
RF00019	0
RF00019	0
RF00019	0
RF00019	0
RF00019	0.620586059
RF00019	0.14644671
RF00019	0
RF00019	0
RF00019	0
RF00019	0
RF00019	4.582676772
RF00019	1.056390876
RF00019	1.075378294
RF00019	0
RF00019	0
RF00019	0
RF00019	0
RF00019	0
RF00019	0.360225241
RF00019	0
RF00019	0.141169351
RF00019	0
RF00019	0
RF00019	0
RF00019	0
RF00019	0
RF00019	0
RF00019	0
RF00019	0
RF00019	0
RF00019	0
RF00019	0
RF00019	0
RF00019	1.843505646
RF00019	0
RF00019	0
RF00019	0
RF00019	0
RF00019	1.075378294
RF00019	0
RF00019	0
RF00019	0
RF00019	0
RF00019	0
RF00019	0
RF00019	0.15669798
RF00019	1.075378294
RF00019	0
RF00019	0
RF00019	0
RF00019	0
RF00019	0
RF00019	0
RF00019	0.153625471
RF00019	0
RF00019	0
RF00019	0
RF00019	0
RF00019	0
RF00019	0
RF00019	0
RF00019	0
RF00019	0
RF00019	0
RF00019	0
RF00019	0
RF00019	0
RF00019	0
RF00019	0
RF00019	0
RF00019	0
RF00019	0
RF00019	0
RF00019	0
RF00019	0
RF00019	0
RF00019	0
RF00019	0
RF00019	0
RF00019	0
RF00019	0
RF00019	0
RF00019	0
RF00019	0
RF00019	0
RF00019	0
RF00019	0
RF00019	0
RF00019	0
RF00019	0
RF00019	0
RF00019	0
RF00019	0
RF00019	0
RF00019	0
RF00019	0
RF00019	0.143759615
RF00019	0
RF00019	0
RF00019	0
RF00019	0
RF00019	0
RF00019	0.153625471
RF00019	0
RF00019	0
RF00019	0
RF00019	3.050757132
RF00019	1.835201567
RF00019	0.307250941
RF00019	0
RF00019	0.138670779
RF00019	0
RF00019	0
RF00019	0.141169351
RF00019	0
RF00019	0
RF00019	0
RF00019	1.377564659
RF00019	0
RF00019	0
RF00019	0
RF00019	0
RF00019	0.419726732
RF00019	0
RF00019	0.693353894
RF00019	0
RF00019	0
RF00019	0
RF00019	0.153625471
RF00019	0
RF00019	0.153625471
RF00019	0
RF00019	0.137454368
RF00019	0
RF00019	0
RF00019	0
RF00019	0
RF00019	0
RF00019	0
RF00019	0
RF00019	0
RF00019	0.284905418
RF00019	0.152133961
RF00019	0
RF00019	0
RF00019	0
RF00019	0
RF00019	0
RF00019	0
RF00019	0
RF00019	0
RF00019	0
RF00019	0
RF00019	0
RF00019	0
RF00019	0
RF00019	0
RF00019	0
RF00019	0
RF00019	0
RF00019	0
RF00019	0
RF00019	0
RF00019	0
RF00019	0
RF00019	0
RF00019	0
RF00019	0
RF00019	0
RF00019	1.538998017
RF00019	0
RF00019	0
RF00019	0
RF00019	1.192267239
RF00019	0
RF00019	0.329890484
RF00019	0
RF00019	0.474842363
RF00019	0.307250941
RF00019	0
RF00019	0.760669806
RF00019	0.153625471
RF00019	0.669649487
RF00019	0
RF00019	0
RF00019	0
RF00019	0
RF00019	0.153625471
RF00019	0
RF00019	0
RF00019	0
RF00019	0.277341557
RF00019	0.301342269
RF00019	0.168492452
RF00019	0.138670779
RF00019	0
RF00019	0
RF00019	0
RF00019	0
RF00019	0
RF00019	0
RF00019	0
RF00019	0
RF00019	0.614501882
RF00019	0
RF00019	0
RF00019	0
RF00019	0
RF00019	0.139908911
RF00019	0
RF00019	0
RF00019	0
RF00019	0
RF00019	0
RF00019	0
RF00019	0
RF00019	0
RF00019	0
RF00019	0
RF00019	0
RF00019	0
RF00019	0
RF00019	0
RF00019	0
RF00019	0
RF00019	0
RF00019	0.319791796
RF00019	0
RF00019	0
RF00019	0
RF00019	0.153625471
RF00019	0
RF00019	0
RF00024	0
RF00026	0
RF00026	0
RF00026	0
RF00026	0
RF00026	0
RF00026	0
RF00026	0
RF00026	0
RF00026	0
RF00045	0
RF00045	0
RF00045	0.082908984
RF00045	0
RF00049	0
RF00056	0
RF00056	0
RF00056	0
RF00066	0
RF00066	0
RF00066	0
RF00066	0
RF00066	0
RF00066	0
RF00066	0
RF00070	0
RF00072	0
RF00072	0
RF00072	0
RF00072	0
RF00072	0
RF00072	0
RF00086	0
RF00088	0
RF00090	0
RF00090	0
RF00090	0
RF00090	0
RF00091	0.103090776
RF00091	0
RF00091	0
RF00091	0.103773497
RF00091	0
RF00091	0
RF00092	0
RF00092	0
RF00092	0
RF00092	0
RF00092	0
RF00092	0.124363476
RF00092	0
RF00092	0.967271481
RF00093	0
RF00093	0
RF00096	0
RF00096	0
RF00096	0
RF00096	0
RF00096	0.116938791
RF00096	0
RF00096	0
RF00096	0
RF00096	0
RF00096	0
RF00096	0
RF00096	0
RF00096	0
RF00096	0.11781803
RF00096	0
RF00096	0
RF00096	0
RF00096	0
RF00096	0
RF00096	0
RF00096	0
RF00096	0
RF00099	0
RF00100	0
RF00100	0
RF00100	0
RF00100	34.74813211
RF00100	0
RF00100	0
RF00100	0
RF00105	0.206181553
RF00105	0
RF00108	0
RF00108	0
RF00108	0.602684538
RF00133	0
RF00134	0.88032573
RF00136	0
RF00136	0
RF00136	0
RF00137	0
RF00139	0
RF00139	0
RF00139	0
RF00139	0
RF00139	0
RF00139	0
RF00139	0.118710591
RF00150	0
RF00150	0
RF00151	0
RF00152	0
RF00153	0
RF00154	0
RF00154	1.224202968
RF00156	0
RF00156	0
RF00156	0
RF00156	0.222266638
RF00156	0
RF00156	0
RF00156	0
RF00156	0
RF00156	0
RF00156	0
RF00156	0
RF00156	0.207546993
RF00156	0
RF00156	0
RF00156	0
RF00156	0
RF00156	0
RF00156	0
RF00156	0
RF00156	0
RF00156	0
RF00156	0
RF00156	0
RF00156	0.124363476
RF00156	0
RF00156	0
RF00157	0.198351873
RF00157	0
RF00157	0
RF00157	0
RF00181	0
RF00181	0
RF00181	0
RF00181	0
RF00181	0
RF00181	0
RF00189	0
RF00190	2.344300487
RF00190	0
RF00191	0
RF00191	0
RF00191	0
RF00201	0
RF00212	0.214654767
RF00212	0
RF00212	0
RF00218	0
RF00218	0
RF00263	0.607356511
RF00263	0
RF00263	0
RF00263	0
RF00264	0
RF00264	0
RF00264	0.467755164
RF00264	0
RF00265	0.45751235
RF00271	0
RF00271	0
RF00272	0
RF00272	0.14644671
RF00272	0.464290311
RF00272	0
RF00272	0
RF00272	0
RF00272	0
RF00273	0
RF00273	0.230438206
RF00275	0
RF00275	0.22070138
RF00275	0
RF00275	0
RF00275	2.393996916
RF00275	0
RF00278	0
RF00278	0
RF00279	0
RF00279	0
RF00279	0
RF00279	0
RF00279	0.214654767
RF00280	0
RF00283	0
RF00283	0
RF00284	0
RF00284	0.195872475
RF00284	0
RF00284	0
RF00284	0
RF00284	0
RF00285	0
RF00285	0.20893064
RF00285	0
RF00285	0
RF00287	0
RF00322	0
RF00322	0
RF00322	0
RF00322	0
RF00322	0
RF00322	0
RF00322	0.688782329
RF00322	0.120536908
RF00322	0
RF00322	0
RF00322	0
RF00322	0
RF00322	0
RF00322	0.116072578
RF00322	0
RF00322	0
RF00322	0
RF00322	0
RF00322	0
RF00322	0
RF00322	0
RF00322	0
RF00322	0
RF00322	0
RF00322	0
RF00322	0
RF00324	0
RF00324	0
RF00334	0.125358384
RF00334	0
RF00334	0
RF00334	0
RF00340	0.123384236
RF00340	0
RF00342	0
RF00345	0
RF00392	0
RF00393	0
RF00393	0.111927129
RF00393	0
RF00393	0
RF00394	0
RF00394	0
RF00394	0
RF00394	0
RF00397	0.333399957
RF00398	0
RF00399	0
RF00401	0
RF00401	0
RF00401	0
RF00402	0
RF00402	0
RF00402	0
RF00402	0
RF00402	0
RF00402	0
RF00402	0
RF00402	0
RF00402	0
RF00402	0
RF00402	0
RF00402	0
RF00402	0
RF00402	0
RF00402	0
RF00402	0
RF00402	0
RF00402	0
RF00404	1.433837725
RF00405	0.145090722
RF00406	0.114378088
RF00406	0
RF00407	0
RF00408	0
RF00408	0
RF00408	0
RF00409	0
RF00409	0.142452709
RF00409	0
RF00409	1.240055956
RF00409	0
RF00410	0
RF00410	0.232145155
RF00410	3.017887021
RF00411	0
RF00411	0.242942605
RF00411	0
RF00413	0
RF00413	0
RF00413	0
RF00414	0
RF00415	0.121471302
RF00416	0
RF00416	0
RF00416	0
RF00416	0
RF00416	0
RF00418	0
RF00421	0
RF00421	0
RF00421	0
RF00422	0
RF00422	0.686268525
RF00423	0
RF00424	0
RF00424	0
RF00424	0
RF00424	0
RF00424	0
RF00425	0.119616779
RF00425	0
RF00425	0
RF00425	0
RF00425	0
RF00425	0
RF00425	0
RF00426	0
RF00426	0
RF00426	0
RF00428	0
RF00432	0.119616779
RF00432	0
RF00432	0
RF00432	0
RF00432	0
RF00432	0
RF00432	0.116938791
RF00432	0
RF00432	0
RF00432	0
RF00432	0
RF00432	0
RF00438	0
RF00438	0
RF00438	0
RF00440	0
RF00440	0
RF00443	0
RF00443	0
RF00443	0
RF00443	0
RF00477	0
RF00478	0
RF00492	0
RF00492	0
RF00492	0
RF00492	0
RF00493	0
RF00493	0
RF00494	0
RF00494	0
RF00494	0
RF00494	0
RF00537	0
RF00554	0
RF00554	0
RF00554	0
RF00554	0.467755164
RF00554	0
RF00554	0
RF00554	0
RF00554	0
RF00554	0
RF00554	0
RF00554	0
RF00560	0
RF00560	0
RF00560	0
RF00560	0.121471302
RF00560	0
RF00561	0
RF00561	0
RF00561	0
RF00561	0
RF00561	0
RF00561	0
RF00561	0
RF00561	3.367064032
RF00561	0.122420297
RF00561	0
RF00561	0
RF00561	0.36726089
RF00561	0
RF00561	0
RF00561	0
RF00561	0
RF00561	0
RF00561	0
RF00561	0
RF00564	0
RF00564	0
RF00564	0
RF00566	0
RF00568	0
RF00568	0
RF00568	0
RF00568	0
RF00568	3.889666169
RF00568	0
RF00568	0.128440967
RF00568	0
RF00568	0
RF00568	0
RF00569	2.474178631
RF00569	0
RF00570	0
RF00571	0
RF00571	0
RF00572	0
RF00573	0
RF00575	0
RF00586	0.423508054
RF00586	0.100447423
RF00588	0
RF00591	0
RF00591	0
RF00591	0
RF00591	0.241073815
RF00592	0
RF00592	0
RF00593	0
RF00598	0
RF00598	0
RF00599	0.501433536
RF00599	0
RF00601	0
RF00601	0
RF00601	0
RF00601	0
RF00601	0
RF00601	0
RF00602	0
RF00602	0
RF00603	0
RF00604	1.205369076
RF00611	0
RF00612	0
RF00612	0
RF00614	0
RF00614	0
RF00614	0
RF00614	0
RF00614	0
RF00614	0
RF00618	0
RF00619	0
RF00619	0
RF00621	0
RF00622	0.200894846
RF00635	0
RF01159	0
RF01161	2.298237039
RF01161	0
RF01169	0
RF01169	0
RF01182	0
RF01183	0.195872475
RF01210	0
RF01210	0
RF01210	0
RF01210	0
RF01210	0.150671135
RF01210	0
RF01210	0
RF01210	0
RF01210	0
RF01210	0
RF01210	0
RF01210	0
RF01210	0
RF01210	0
RF01210	0
RF01210	0
RF01210	0
RF01210	0.150671135
RF01210	0
RF01210	0
RF01210	0
RF01210	0
RF01210	0
RF01210	0
RF01210	0
RF01210	0
RF01210	0.150671135
RF01210	0
RF01210	0
RF01210	0
RF01210	0
RF01225	0
RF01225	0
RF01225	0.123384236
RF01225	0
RF01225	0
RF01225	0.364413907
RF01233	0
RF01233	0
RF01233	0
RF01233	0
RF01233	0
RF01233	1.296810868
RF01241	0.316561576
RF01241	0
RF01241	0.79676939
RF01293	0
RF01293	0.219158014
RF01299	0
RF01518	0
RF01518	0
RF01518	0
RF01518	0.352130292
RF01518	0
RF01518	0
RF01518	0
RF01518	0
RF01518	0
RF01684	0
RF01684	0
RF01778	0
RF01848	0
RF01871	0
RF01872	0
RF01873	0
RF01874	0
RF01875	0
RF01876	0
RF01877	0
RF01879	0
RF01880	0
RF01881	0
RF01882	0
RF01883	0
RF01884	0
RF01887	0
RF01888	0
RF01891	0
RF01892	0
RF01894	0
RF01905	0
RF01906	0
RF01909	0.10446532
RF01928	0
RF01946	0
RF01947	0
RF01948	0
RF01950	0
RF01951	0
RF01953	0
RF01954	0
RF01955	0
RF01956	0
RF01957	0
RF01963	0
RF01964	0
RF01965	0
RF01966	0
RF01967	0
RF01968	0
RF01969	0
RF01970	0
RF01971	0
RF01972	0
RF01973	0
RF01974	0
RF01975	0
RF01976	0
RF01977	0
RF01978	0
RF01979	0
RF01981	0
RF01983	0
RF01984	0
RF01986	0
RF01987	0
RF01992	0
RF02038	0
RF02039	0
RF02040	0
RF02041	0
RF02042	0
RF02043	0
RF02045	0
RF02089	0
RF02090	0
RF02091	0
RF02091	0
RF02101	0
RF02102	0
RF02103	0
RF02104	0
RF02105	0
RF02105	0
RF02106	0
RF02106	0
RF02107	0
RF02107	0
RF02108	0
RF02108	0
RF02109	0
RF02109	0
RF02110	0
RF02110	0
RF02110	0
RF02112	0
RF02113	0
RF02114	0
RF02115	0
RF02116	0
RF02116	0.276525847
RF02118	0
RF02119	0.44140276
RF02120	0
RF02121	0
RF02122	0
RF02123	0
RF02124	0
RF02125	0
RF02126	1.119271285
RF02127	0
RF02128	0
RF02130	0
RF02131	0
RF02132	0
RF02133	0
RF02134	0
RF02135	0
RF02137	0
RF02138	0
RF02139	0
RF02140	0
RF02141	0
RF02142	0
RF02143	0
RF02145	0
RF02146	0
RF02148	0
RF02149	0
RF02150	0
RF02154	0
RF02155	0
RF02156	0
RF02157	0
RF02158	0
RF02159	0
RF02160	0
RF02161	0
RF02164	0
RF02166	0
RF02171	0
RF02171	0
RF02172	0
RF02173	0
RF02174	0
RF02175	0
RF02176	0
RF02177	0
RF02178	0
RF02179	0
RF02180	0
RF02181	0
RF02183	0
RF02184	0
RF02185	0
RF02187	0
RF02188	0
RF02189	0
RF02190	0
RF02192	0
RF02193	0
RF02195	0
RF02196	0
RF02197	0
RF02198	0
RF02199	0
RF02200	0
RF02201	0
RF02202	0
RF02203	0
RF02204	0
RF02205	0
RF02208	0
RF02209	0
RF02210	0
RF02211	0
RF02212	0
RF02213	0
RF02215	0
RF02216	0
RF02217	0
RF02218	0
RF02219	0
RF02219	0.206181553
RF02220	0
RF02246	0
RF02247	0
RF02248	0
RF02249	0
RF02250	0
RF02251	0
RF02252	0
RF02266	0
RF02271	0
RF02271	2.250910209
RF02271	0
RF02271	0
RF02271	0
RF02271	0
RF02271	0
RF02271	0
RF02271	0
RF02271	0
RF02271	0
RF02271	0.126369339
RF02271	0
RF02271	0
RF02271	0
RF02271	0
RF02271	0.692587757
RF02271	0
RF02271	0.27331043
RF02271	0.094396373
RF02271	0.083795711
RF02271	0
RF02271	0
RF02271	0
RF02271	0
RF02271	0
RF02271	0
RF02271	0
RF02271	0
RF02271	0
RF02271	0
RF02271	0
RF02271	0
RF02271	0
RF02271	0
RF02271	5.377800495
RF02272	0.079542122
RF02275	0
RF02277	0
RFC1	5.996679733
RFC2	13.64994615
RFC3	2.715225957
RFC3P1	0
RFC4	2.541048323
RFC5	2.869661375
RFC5P1	0
RFESD	0.331226469
RFESDP1	0
RFFL	2.021315578
RFK	13.87931037
RFKP1	0
RFKP2	0
RFLNA	0.372576176
RFLNB	13.51904141
RFNG	6.721998725
RFPL1	0
RFPL1S	0.024987718
RFPL2	0.011530389
RFPL3	0.062637434
RFPL3S	0.192589696
RFPL4A	0
RFPL4AL1	0
RFPL4AP1	0
RFPL4AP3	0
RFPL4AP5	0
RFPL4AP6	0
RFPL4AP7	0
RFPL4B	0
RFT1	2.62686118
RFTN1	17.06748098
RFTN1P1	0.102083375
RFTN2	0.756490997
RFWD2P1	0.043207164
RFWD3	2.198376919
RFX1	3.521045185
RFX2	9.065186634
RFX3	1.064856001
RFX3-AS1	0.722295426
RFX4	0.025411732
RFX5	9.826938297
RFX6	0.02297063
RFX7	1.035970778
RFX8	0.098281759
RFXANK	13.89184249
RFXAP	2.473463343
RGCC	629.0391388
RGL1	10.52431484
RGL2	20.78379064
RGL3	3.958799355
RGL4	0.471921806
RGMA	0.15382421
RGMB	0.763406438
RGMB-AS1	0.300828033
RGN	6.349306266
RGP1	3.736881281
RGPD1	0.038769694
RGPD2	0.073967005
RGPD3	0.002693331
RGPD4	0.008603476
RGPD4-AS1	0
RGPD5	0.001105453
RGPD6	0
RGPD8	0.22983584
RGR	0.022090881
RGS1	12.92177901
RGS10	16.85880024
RGS11	1.254106384
RGS12	2.664884381
RGS13	1.211677778
RGS14	2.798030824
RGS16	24.80567115
RGS17	0.091253413
RGS17P1	0.510047674
RGS18	2.976479804
RGS19	12.18504509
RGS2	86.99877827
RGS20	0.05399993
RGS21	0
RGS22	0.401410824
RGS3	7.346957415
RGS4	0.401789692
RGS5	28.78960687
RGS6	0.271771141
RGS7	0.024313108
RGS7BP	0.350682851
RGS8	0.018752189
RGS9	2.424884133
RGS9BP	0.146193692
RGSL1	0.003654763
RHAG	0.016391002
RHBDD1	2.443456805
RHBDD2	52.21554153
RHBDD3	3.296168523
RHBDF1	7.184382352
RHBDF1P1	0
RHBDF2	3.607402947
RHBDL1	0.316057497
RHBDL2	0.616700458
RHBDL3	0.055093664
RHBG	0.004631924
RHCE	0.083726829
RHCG	0.08414928
RHD	0.472979112
RHEB	33.21465244
RHEBL1	0.886740507
RHEBP1	0.11273236
RHEBP2	0.39174495
RHEBP3	0
RHEX	1.55949072
RHNO1	5.573064742
RHO	0.030227234
RHOA	292.6040436
RHOA-IT1	0.575872654
RHOB	248.4574631
RHOBTB1	5.878197306
RHOBTB2	13.38362686
RHOBTB3	6.446739036
RHOC	72.68094238
RHOD	12.77119504
RHOF	0.623648327
RHOG	32.64980918
RHOH	1.69550629
RHOJ	13.1456096
RHOQ	17.50512181
RHOQP1	0.297699098
RHOQP2	0.216508435
RHOQP3	0.075699507
RHOT1	8.540679289
RHOT1P1	0.338545018
RHOT1P2	0
RHOT1P3	0
RHOT2	9.334038929
RHOU	10.62334887
RHOV	0.634144318
RHOXF1	0.264899056
RHOXF1-AS1	0.39567025
RHOXF1P1	0.020297666
RHOXF2	0.011970816
RHOXF2B	0
RHPN1	1.256118441
RHPN1-AS1	0.098038361
RHPN2	1.8103118
RIBC1	0.900502925
RIBC2	0.284905418
RIC1	2.900125574
RIC3	1.495967394
RIC8A	11.49274788
RIC8B	2.082605609
RICTOR	2.850631148
RIDA	10.45986516
RIF1	1.726041274
RIIAD1	0.450480703
RILP	15.41645842
RILPL1	2.127445478
RILPL2	11.32940939
RIMBP2	0.008973656
RIMBP3	0.033367301
RIMBP3B	0.002566715
RIMBP3C	0.002566715
RIMKLA	1.32951632
RIMKLB	10.94467849
RIMKLBP1	0.228854438
RIMKLBP2	0.359399037
RIMS1	0.12008447
RIMS2	0.013903991
RIMS3	1.407791112
RIMS4	0.297985018
RIN1	1.421140941
RIN2	16.42646348
RIN3	3.338607197
RING1	28.85725175
RINL	2.652041508
RINT1	6.486567542
RIOK1	7.764706822
RIOK2	4.864415662
RIOK3	17.53426832
RIOK3P1	0
RIOX1	2.825595521
RIOX2	2.279864505
RIPK1	16.4549545
RIPK2	10.19014454
RIPK3	3.662382148
RIPK4	2.502194373
RIPOR1	20.44362559
RIPOR2	2.530664064
RIPOR3	1.752388792
RIPPLY1	0.039503692
RIPPLY2	0.122579906
RIPPLY3	0.331099656
RIT1	13.37870479
RIT2	0.021992699
RITA1	4.628324916
RLBP1	0.047364629
RLF	6.98442485
RLIM	6.977445556
RLIMP1	0.009327261
RLIMP2	0
RLN1	0.184852426
RLN2	0.416880385
RLN3	0.158509517
RMC1	8.909978989
RMDN1	8.731346881
RMDN2	4.565895465
RMDN2-AS1	0.038195729
RMDN3	19.21189547
RMI1	1.550447649
RMI2	0.719383544
RMND1	6.735437823
RMND5A	4.829448323
RMND5B	4.393078025
RMRP	0
RMRP	0.116938791
RMRPP5	0
RMST	0.075831388
RN7SKP1	0
RN7SKP10	0
RN7SKP100	0
RN7SKP101	0
RN7SKP102	0
RN7SKP103	0
RN7SKP104	0
RN7SKP105	0
RN7SKP106	0
RN7SKP107	0
RN7SKP108	0
RN7SKP109	0
RN7SKP11	0
RN7SKP110	0
RN7SKP111	0
RN7SKP112	0
RN7SKP113	0
RN7SKP114	0
RN7SKP115	0
RN7SKP116	0
RN7SKP117	0
RN7SKP118	0
RN7SKP119	0
RN7SKP12	0
RN7SKP120	0
RN7SKP121	0
RN7SKP122	0
RN7SKP123	0
RN7SKP124	0
RN7SKP125	0
RN7SKP126	0
RN7SKP127	0.044264966
RN7SKP128	0
RN7SKP129	0
RN7SKP13	0
RN7SKP130	0.05205913
RN7SKP131	0
RN7SKP132	0
RN7SKP133	0
RN7SKP134	0
RN7SKP135	0
RN7SKP136	0
RN7SKP137	0
RN7SKP139	0
RN7SKP14	0
RN7SKP140	0
RN7SKP141	0
RN7SKP142	0
RN7SKP143	0
RN7SKP144	0
RN7SKP145	0
RN7SKP146	0
RN7SKP147	0
RN7SKP148	0
RN7SKP149	0
RN7SKP15	0
RN7SKP150	0.09763114
RN7SKP151	0
RN7SKP152	0
RN7SKP153	0
RN7SKP154	0
RN7SKP155	0
RN7SKP156	0
RN7SKP157	0
RN7SKP158	0
RN7SKP159	0
RN7SKP16	2.096294046
RN7SKP160	0.322613488
RN7SKP161	0.462387482
RN7SKP162	0
RN7SKP163	0
RN7SKP164	0
RN7SKP165	0
RN7SKP166	0
RN7SKP167	0
RN7SKP168	0
RN7SKP169	0
RN7SKP17	0
RN7SKP170	0
RN7SKP171	0
RN7SKP172	0
RN7SKP173	0.149236171
RN7SKP174	0
RN7SKP175	0
RN7SKP176	0
RN7SKP177	0
RN7SKP178	0
RN7SKP179	0
RN7SKP18	1.082640589
RN7SKP180	0.142452709
RN7SKP181	0
RN7SKP182	0
RN7SKP183	0
RN7SKP184	0
RN7SKP185	0
RN7SKP186	0
RN7SKP187	0
RN7SKP188	0
RN7SKP189	0
RN7SKP19	0
RN7SKP190	0
RN7SKP191	0
RN7SKP192	0
RN7SKP193	0
RN7SKP194	0
RN7SKP195	0
RN7SKP196	0.045419704
RN7SKP197	0.105520525
RN7SKP198	0
RN7SKP199	0
RN7SKP2	0
RN7SKP20	0
RN7SKP200	0
RN7SKP202	0
RN7SKP203	0
RN7SKP204	0
RN7SKP205	0
RN7SKP206	0
RN7SKP207	0
RN7SKP208	0
RN7SKP209	0
RN7SKP21	0
RN7SKP210	0
RN7SKP211	0
RN7SKP212	0
RN7SKP213	0
RN7SKP214	0
RN7SKP216	0
RN7SKP217	0
RN7SKP218	0
RN7SKP219	0
RN7SKP22	0
RN7SKP220	0
RN7SKP221	0
RN7SKP222	0
RN7SKP223	0
RN7SKP224	0
RN7SKP225	0.089032943
RN7SKP226	0
RN7SKP227	0
RN7SKP228	0
RN7SKP229	0
RN7SKP23	0.072865836
RN7SKP230	0.093551033
RN7SKP231	0
RN7SKP232	0
RN7SKP233	0
RN7SKP234	0
RN7SKP235	0
RN7SKP236	0
RN7SKP237	0
RN7SKP238	0
RN7SKP239	0.265589797
RN7SKP24	0
RN7SKP240	0.041786128
RN7SKP241	0
RN7SKP242	0
RN7SKP243	0
RN7SKP244	0
RN7SKP245	0
RN7SKP246	0
RN7SKP247	0
RN7SKP248	0
RN7SKP249	0
RN7SKP25	0
RN7SKP250	0
RN7SKP251	0
RN7SKP252	0
RN7SKP253	0
RN7SKP254	0
RN7SKP255	0
RN7SKP256	0
RN7SKP257	0.101422641
RN7SKP258	0
RN7SKP259	0
RN7SKP26	0.160441618
RN7SKP260	0
RN7SKP260	0
RN7SKP261	0.05636618
RN7SKP262	0
RN7SKP263	0
RN7SKP264	0
RN7SKP265	0
RN7SKP266	0
RN7SKP267	0
RN7SKP268	0.099175937
RN7SKP269	0.098243248
RN7SKP27	0
RN7SKP270	0
RN7SKP271	0.146904356
RN7SKP272	0.067542233
RN7SKP273	0.399230522
RN7SKP275	0.260295648
RN7SKP276	0
RN7SKP277	0
RN7SKP278	0
RN7SKP279	0
RN7SKP28	0
RN7SKP280	0
RN7SKP281	0
RN7SKP282	0
RN7SKP283	0
RN7SKP284	0
RN7SKP285	0
RN7SKP286	0
RN7SKP287	0.294545075
RN7SKP288	0
RN7SKP289	0
RN7SKP29	0
RN7SKP290	0
RN7SKP291	0
RN7SKP292	0.098863079
RN7SKP293	0
RN7SKP294	0
RN7SKP295	0
RN7SKP296	1.516432064
RN7SKP297	0
RN7SKP298	0
RN7SKP299	0.05205913
RN7SKP3	0
RN7SKP30	0.046915563
RN7SKP31	0
RN7SKP32	0
RN7SKP33	0
RN7SKP34	0
RN7SKP35	0
RN7SKP36	0
RN7SKP37	0
RN7SKP38	0
RN7SKP39	0
RN7SKP4	0
RN7SKP40	0.064751231
RN7SKP42	0
RN7SKP43	0
RN7SKP44	0
RN7SKP45	0
RN7SKP46	0
RN7SKP47	0
RN7SKP48	0
RN7SKP49	0
RN7SKP5	0
RN7SKP50	0
RN7SKP51	3.401995617
RN7SKP52	0
RN7SKP53	0
RN7SKP54	0
RN7SKP55	0
RN7SKP56	0.047340779
RN7SKP57	0.213922157
RN7SKP58	0
RN7SKP59	0
RN7SKP6	0
RN7SKP60	0
RN7SKP61	0
RN7SKP62	0
RN7SKP63	0
RN7SKP64	0
RN7SKP65	0
RN7SKP66	0.20350387
RN7SKP67	0
RN7SKP68	0
RN7SKP69	0.102752774
RN7SKP7	0
RN7SKP70	1.329909055
RN7SKP71	0
RN7SKP72	0
RN7SKP73	0
RN7SKP74	0.101422641
RN7SKP75	0
RN7SKP76	0
RN7SKP77	0
RN7SKP78	0.147828283
RN7SKP79	0
RN7SKP8	0
RN7SKP80	1.16277653
RN7SKP81	0
RN7SKP82	0
RN7SKP83	0
RN7SKP85	0
RN7SKP86	0
RN7SKP87	0
RN7SKP88	0
RN7SKP89	0
RN7SKP9	0
RN7SKP90	0.046775516
RN7SKP91	0
RN7SKP92	0
RN7SKP93	0
RN7SKP94	0
RN7SKP95	0
RN7SKP96	0.052760263
RN7SKP97	0.188225802
RN7SKP98	0
RN7SKP99	0
RN7SL1	0
RN7SL100P	0
RN7SL101P	0.056164151
RN7SL104P	0
RN7SL105P	0.104814702
RN7SL106P	0
RN7SL107P	0
RN7SL108P	0
RN7SL110P	0.055370311
RN7SL111P	0
RN7SL113P	0.157222053
RN7SL116P	0.051376387
RN7SL117P	0
RN7SL118P	0.051886748
RN7SL11P	0.106961078
RN7SL120P	0
RN7SL121P	0
RN7SL122P	0
RN7SL123P	0
RN7SL124P	0.219926989
RN7SL125P	0
RN7SL126P	0
RN7SL127P	0
RN7SL128P	0.256881934
RN7SL12P	0
RN7SL130P	0.411011095
RN7SL131P	0
RN7SL132P	0
RN7SL134P	0
RN7SL135P	0
RN7SL138P	1.310366383
RN7SL140P	0
RN7SL141P	0
RN7SL143P	0
RN7SL144P	0.053117959
RN7SL145P	0.476446561
RN7SL146P	0.105520525
RN7SL147P	0
RN7SL148P	0
RN7SL149P	0
RN7SL14P	0
RN7SL150P	0
RN7SL151P	0.055370311
RN7SL152P	0
RN7SL153P	0
RN7SL154P	0.145090722
RN7SL155P	0
RN7SL156P	0
RN7SL159P	0
RN7SL15P	0
RN7SL160P	0
RN7SL162P	0
RN7SL163P	0
RN7SL164P	0
RN7SL165P	0.107696206
RN7SL166P	0
RN7SL167P	0
RN7SL168P	0
RN7SL169P	0
RN7SL16P	0
RN7SL170P	0
RN7SL172P	0.413724039
RN7SL173P	0
RN7SL174P	0
RN7SL176P	0
RN7SL177P	0
RN7SL178P	0
RN7SL180P	0.159895898
RN7SL181P	0.113139336
RN7SL182P	0
RN7SL183P	0.052583215
RN7SL184P	0
RN7SL185P	0
RN7SL186P	0
RN7SL187P	0
RN7SL188P	0
RN7SL189P	0
RN7SL18P	0
RN7SL190P	0
RN7SL191P	0
RN7SL192P	0.262036756
RN7SL193P	0
RN7SL196P	0
RN7SL197P	0
RN7SL198P	0
RN7SL199P	0.055764406
RN7SL19P	0.05120849
RN7SL2	241.1581911
RN7SL200P	0.163227062
RN7SL201P	0
RN7SL202P	0
RN7SL203P	0
RN7SL204P	0
RN7SL205P	0
RN7SL208P	0
RN7SL209P	0
RN7SL20P	0
RN7SL210P	0
RN7SL211P	0
RN7SL213P	0
RN7SL214P	0
RN7SL215P	0
RN7SL216P	0
RN7SL217P	0
RN7SL218P	0
RN7SL219P	0
RN7SL220P	0.10446532
RN7SL221P	0.111528811
RN7SL222P	0
RN7SL223P	0
RN7SL225P	0.052583215
RN7SL228P	0
RN7SL229P	0
RN7SL22P	0
RN7SL230P	0
RN7SL231P	0
RN7SL233P	0.452557343
RN7SL234P	0
RN7SL236P	0.275876725
RN7SL237P	0.054598599
RN7SL238P	0
RN7SL239P	0.05223266
RN7SL23P	0.569810836
RN7SL240P	0
RN7SL241P	0
RN7SL242P	0
RN7SL244P	0
RN7SL246P	0
RN7SL248P	0
RN7SL250P	0.060735651
RN7SL251P	0
RN7SL252P	0
RN7SL253P	0.052938507
RN7SL254P	0
RN7SL255P	0
RN7SL258P	0.31339596
RN7SL259P	0
RN7SL25P	0
RN7SL260P	0
RN7SL261P	0.05556666
RN7SL262P	0.213194531
RN7SL263P	0.162101359
RN7SL265P	0.05223266
RN7SL266P	0
RN7SL267P	0.06003754
RN7SL268P	0.262916074
RN7SL269P	0
RN7SL26P	0
RN7SL270P	0
RN7SL271P	0
RN7SL272P	0
RN7SL273P	0
RN7SL274P	0
RN7SL275P	0
RN7SL277P	0
RN7SL278P	0
RN7SL279P	0
RN7SL280P	0.054409021
RN7SL282P	0
RN7SL283P	0
RN7SL284P	0
RN7SL285P	0
RN7SL286P	0
RN7SL288P	0
RN7SL28P	0.052583215
RN7SL290P	0
RN7SL291P	0
RN7SL292P	0
RN7SL293P	0
RN7SL294P	0
RN7SL296P	0
RN7SL297P	0
RN7SL299P	0
RN7SL3	1.048147023
RN7SL300P	0
RN7SL301P	0.052583215
RN7SL302P	0
RN7SL303P	0
RN7SL304P	0
RN7SL305P	0
RN7SL306P	0
RN7SL307P	0
RN7SL308P	0
RN7SL309P	0
RN7SL30P	0
RN7SL310P	0
RN7SL311P	0
RN7SL313P	0
RN7SL314P	0
RN7SL316P	0
RN7SL317P	0
RN7SL318P	0
RN7SL319P	0
RN7SL320P	0.106235919
RN7SL321P	0
RN7SL322P	0
RN7SL323P	0.159353878
RN7SL325P	0
RN7SL326P	0
RN7SL327P	0
RN7SL328P	0.15669798
RN7SL329P	0.157222053
RN7SL32P	0.334586434
RN7SL330P	0
RN7SL331P	0
RN7SL332P	0
RN7SL333P	0.316561576
RN7SL334P	0.056164151
RN7SL335P	0
RN7SL336P	0.474842363
RN7SL337P	0
RN7SL338P	0.160441618
RN7SL339P	0.052938507
RN7SL33P	0
RN7SL340P	0
RN7SL341P	0
RN7SL342P	0
RN7SL343P	0
RN7SL344P	0.052938507
RN7SL346P	0
RN7SL34P	0.348217733
RN7SL350P	0
RN7SL351P	0.126369339
RN7SL352P	0
RN7SL353P	0
RN7SL354P	0.053298633
RN7SL356P	0.063184669
RN7SL357P	0
RN7SL359P	0
RN7SL35P	0
RN7SL361P	0
RN7SL362P	0
RN7SL363P	0
RN7SL364P	0.633705066
RN7SL366P	0
RN7SL368P	3.224471067
RN7SL369P	0
RN7SL36P	0
RN7SL370P	0
RN7SL371P	0
RN7SL372P	0
RN7SL375P	0
RN7SL376P	0.059355295
RN7SL377P	0
RN7SL378P	0
RN7SL379P	0
RN7SL37P	0
RN7SL380P	0
RN7SL381P	1.99816216
RN7SL382P	0.222266638
RN7SL383P	0
RN7SL384P	0
RN7SL385P	0
RN7SL386P	0
RN7SL387P	0
RN7SL388P	0.046223593
RN7SL38P	0
RN7SL390P	0
RN7SL391P	0
RN7SL392P	0
RN7SL393P	0
RN7SL394P	0
RN7SL395P	0.053848103
RN7SL396P	0
RN7SL397P	0
RN7SL398P	0.052583215
RN7SL399P	0
RN7SL39P	0
RN7SL400P	0
RN7SL401P	0
RN7SL402P	0.178065886
RN7SL403P	0.256881934
RN7SL404P	0
RN7SL405P	0
RN7SL408P	0
RN7SL40P	0.229090614
RN7SL411P	0
RN7SL413P	0
RN7SL414P	0
RN7SL415P	0
RN7SL416P	0
RN7SL417P	0.473050505
RN7SL418P	0
RN7SL419P	0.054598599
RN7SL41P	0
RN7SL420P	0
RN7SL422P	0
RN7SL423P	0
RN7SL424P	0
RN7SL426P	0
RN7SL428P	0
RN7SL429P	0
RN7SL42P	0
RN7SL430P	0
RN7SL431P	0.667893029
RN7SL432P	0
RN7SL434P	0.115644266
RN7SL435P	0
RN7SL43P	0
RN7SL440P	0
RN7SL441P	0.105877013
RN7SL442P	0
RN7SL443P	0
RN7SL444P	0.31339596
RN7SL445P	0
RN7SL446P	0
RN7SL447P	0
RN7SL448P	0
RN7SL449P	0
RN7SL44P	0
RN7SL451P	0
RN7SL452P	0.538481031
RN7SL453P	0
RN7SL454P	0
RN7SL455P	0.111133319
RN7SL456P	0
RN7SL457P	0
RN7SL459P	0.051886748
RN7SL45P	0.262916074
RN7SL460P	0
RN7SL461P	0
RN7SL462P	0
RN7SL464P	0
RN7SL465P	0
RN7SL466P	0
RN7SL468P	0
RN7SL469P	0
RN7SL470P	0
RN7SL471P	0
RN7SL472P	0.106961078
RN7SL473P	1.729442588
RN7SL474P	0
RN7SL475P	0
RN7SL477P	0.054789503
RN7SL478P	0
RN7SL479P	0
RN7SL47P	0
RN7SL480P	0
RN7SL481P	0.524073511
RN7SL482P	0
RN7SL483P	0
RN7SL484P	0
RN7SL487P	0.136655215
RN7SL488P	0
RN7SL489P	0
RN7SL48P	0
RN7SL491P	0
RN7SL492P	0
RN7SL493P	0
RN7SL494P	0.412363105
RN7SL495P	0
RN7SL496P	0
RN7SL497P	0
RN7SL498P	0
RN7SL499P	0
RN7SL49P	0.052583215
RN7SL4P	1.062359186
RN7SL502P	0
RN7SL503P	0.051715505
RN7SL504P	0
RN7SL505P	0.053480539
RN7SL507P	0
RN7SL508P	0.051715505
RN7SL509P	0
RN7SL50P	0
RN7SL510P	0.059580981
RN7SL513P	0
RN7SL515P	0
RN7SL516P	0
RN7SL517P	0
RN7SL518P	0
RN7SL519P	0
RN7SL51P	0
RN7SL520P	0.16436851
RN7SL521P	0.263801313
RN7SL523P	0
RN7SL524P	0
RN7SL525P	0.111927129
RN7SL526P	0
RN7SL52P	0
RN7SL530P	0
RN7SL531P	0.05556666
RN7SL535P	0.105877013
RN7SL536P	0
RN7SL538P	0
RN7SL539P	0
RN7SL541P	0.110740622
RN7SL542P	0
RN7SL543P	0.052407351
RN7SL544P	0
RN7SL545P	0
RN7SL546P	0.108067572
RN7SL547P	0
RN7SL549P	0.05556666
RN7SL551P	0
RN7SL552P	0.05677463
RN7SL553P	0
RN7SL554P	0
RN7SL555P	0.046223593
RN7SL556P	0
RN7SL557P	0
RN7SL558P	0.576480863
RN7SL559P	0.052760263
RN7SL55P	0
RN7SL560P	0
RN7SL561P	0
RN7SL563P	0
RN7SL564P	0
RN7SL565P	0
RN7SL566P	0.476446561
RN7SL567P	0
RN7SL568P	0
RN7SL569P	0
RN7SL570P	0
RN7SL571P	0
RN7SL573P	0
RN7SL574P	0.263801313
RN7SL575P	0
RN7SL577P	0.051715505
RN7SL578P	0
RN7SL57P	0
RN7SL580P	0
RN7SL581P	0
RN7SL582P	0
RN7SL583P	0
RN7SL584P	0
RN7SL585P	0
RN7SL586P	0
RN7SL587P	0.557644057
RN7SL589P	0.050547735
RN7SL58P	0
RN7SL591P	0
RN7SL592P	0.111528811
RN7SL594P	0
RN7SL596P	0
RN7SL597P	0
RN7SL598P	0
RN7SL5P	0.29289342
RN7SL600P	2.410738153
RN7SL601P	0
RN7SL602P	0
RN7SL604P	0
RN7SL605P	0.334586434
RN7SL606P	0
RN7SL607P	0
RN7SL608P	1.741088666
RN7SL60P	0
RN7SL610P	0.107696206
RN7SL612P	0
RN7SL614P	0.335781386
RN7SL615P	0
RN7SL616P	0
RN7SL617P	0
RN7SL618P	0
RN7SL619P	0.182206953
RN7SL620P	0
RN7SL621P	0
RN7SL622P	0.227924334
RN7SL623P	0
RN7SL624P	0
RN7SL625P	0
RN7SL627P	0
RN7SL628P	0
RN7SL629P	0.219926989
RN7SL62P	0
RN7SL630P	0.052760263
RN7SL632P	0
RN7SL633P	0
RN7SL634P	0.053663692
RN7SL635P	0
RN7SL636P	0
RN7SL638P	0
RN7SL63P	0
RN7SL640P	0
RN7SL643P	0
RN7SL644P	0.060501151
RN7SL645P	0
RN7SL646P	0
RN7SL647P	0
RN7SL648P	0.312354777
RN7SL649P	0
RN7SL650P	0.262036756
RN7SL652P	0.15669798
RN7SL653P	0
RN7SL654P	0
RN7SL655P	0
RN7SL656P	0
RN7SL657P	0
RN7SL658P	0
RN7SL659P	0
RN7SL65P	0
RN7SL660P	0
RN7SL663P	0.209629405
RN7SL664P	0.051376387
RN7SL665P	0
RN7SL666P	0
RN7SL667P	0
RN7SL668P	0
RN7SL66P	0
RN7SL670P	0
RN7SL672P	0.049431539
RN7SL673P	0
RN7SL674P	0.056981084
RN7SL675P	0
RN7SL677P	0
RN7SL678P	0
RN7SL679P	0
RN7SL67P	0
RN7SL680P	0
RN7SL681P	0.053663692
RN7SL683P	0
RN7SL684P	0
RN7SL685P	0
RN7SL687P	0
RN7SL688P	0
RN7SL689P	1.160725777
RN7SL68P	0
RN7SL690P	0
RN7SL691P	0
RN7SL692P	0
RN7SL693P	0.112328301
RN7SL697P	0
RN7SL698P	0
RN7SL69P	0.288047757
RN7SL700P	0
RN7SL702P	0
RN7SL703P	0
RN7SL704P	0.343134263
RN7SL705P	0
RN7SL706P	0
RN7SL708P	0
RN7SL709P	0
RN7SL70P	0
RN7SL711P	0
RN7SL712P	0
RN7SL713P	0.051886748
RN7SL714P	0
RN7SL715P	0.054789503
RN7SL716P	0.058469395
RN7SL717P	0
RN7SL718P	0
RN7SL719P	0
RN7SL720P	0
RN7SL722P	0
RN7SL724P	0.057822133
RN7SL725P	0
RN7SL726P	0
RN7SL727P	0
RN7SL728P	0
RN7SL72P	0
RN7SL731P	0
RN7SL732P	0
RN7SL733P	0
RN7SL734P	0
RN7SL735P	0
RN7SL736P	0.116504074
RN7SL737P	0
RN7SL738P	0.158280788
RN7SL73P	0
RN7SL740P	0
RN7SL741P	0
RN7SL743P	0.052583215
RN7SL744P	0.058688382
RN7SL745P	0
RN7SL748P	0.100770405
RN7SL749P	0.108067572
RN7SL74P	0
RN7SL750P	0
RN7SL751P	0
RN7SL752P	0.218394397
RN7SL753P	0
RN7SL754P	0
RN7SL756P	0
RN7SL757P	0
RN7SL759P	0
RN7SL75P	0.055764406
RN7SL760P	0
RN7SL761P	0
RN7SL762P	0.054220754
RN7SL763P	0
RN7SL764P	0
RN7SL766P	0
RN7SL767P	0.265589797
RN7SL769P	0.053117959
RN7SL76P	0
RN7SL771P	0
RN7SL774P	0
RN7SL775P	0.326454125
RN7SL776P	0
RN7SL778P	0
RN7SL77P	0
RN7SL782P	0
RN7SL783P	0
RN7SL784P	0.137454368
RN7SL785P	0
RN7SL786P	0
RN7SL787P	0
RN7SL788P	0
RN7SL789P	0.106961078
RN7SL78P	0
RN7SL790P	0
RN7SL791P	0
RN7SL792P	0
RN7SL793P	0
RN7SL794P	0.055963564
RN7SL795P	0
RN7SL796P	0
RN7SL797P	0
RN7SL798P	0
RN7SL799P	0
RN7SL79P	0
RN7SL7P	0
RN7SL800P	0
RN7SL801P	0
RN7SL802P	0
RN7SL803P	0.051041687
RN7SL804P	0
RN7SL806P	0
RN7SL807P	0
RN7SL808P	0
RN7SL809P	0.527602626
RN7SL810P	0
RN7SL811P	0
RN7SL812P	0.280820753
RN7SL813P	0
RN7SL814P	0
RN7SL815P	0
RN7SL817P	0
RN7SL818P	0
RN7SL819P	0
RN7SL81P	0.960600643
RN7SL820P	0.104814702
RN7SL822P	0
RN7SL823P	0.159353878
RN7SL824P	0
RN7SL825P	0
RN7SL826P	0
RN7SL827P	0
RN7SL828P	0
RN7SL82P	0
RN7SL831P	0
RN7SL832P	0.312325131
RN7SL833P	0
RN7SL834P	1.643685104
RN7SL835P	0.239233557
RN7SL836P	0.105877013
RN7SL837P	0
RN7SL838P	0
RN7SL83P	0
RN7SL840P	0
RN7SL841P	0
RN7SL842P	0
RN7SL843P	0.105520525
RN7SL845P	0
RN7SL846P	0
RN7SL847P	0
RN7SL849P	0
RN7SL850P	0.215392412
RN7SL851P	0.155146515
RN7SL853P	0
RN7SL854P	0
RN7SL856P	0.052583215
RN7SL860P	0
RN7SL861P	0
RN7SL862P	0.157749644
RN7SL863P	0
RN7SL864P	0.109963495
RN7SL865P	0
RN7SL868P	0
RN7SL869P	0
RN7SL870P	0
RN7SL87P	0
RN7SL88P	0
RN7SL89P	0
RN7SL8P	6.597809682
RN7SL91P	0
RN7SL93P	0
RN7SL96P	0
RN7SL97P	0
RN7SL98P	0.05223266
RNA5-8S5	0
RNA5-8SN3	0
RNA5-8SN3	0
RNA5-8SN4	0
RNA5-8SP2	0
RNA5-8SP4	0
RNA5-8SP5	0
RNA5-8SP6	0
RNA5-8SP7	0
RNA5S1	0
RNA5S10	0
RNA5S11	0
RNA5S12	0
RNA5S13	0
RNA5S14	0
RNA5S15	0
RNA5S16	0
RNA5S17	0
RNA5S2	0
RNA5S3	0
RNA5S4	0
RNA5S5	0
RNA5S6	0
RNA5S7	0
RNA5S8	0
RNA5S9	0
RNA5SP100	0
RNA5SP101	0
RNA5SP102	0
RNA5SP103	0
RNA5SP104	0
RNA5SP105	0
RNA5SP106	0
RNA5SP107	0
RNA5SP108	0.401789692
RNA5SP109	0
RNA5SP110	0
RNA5SP111	0.31029303
RNA5SP112	0
RNA5SP113	0
RNA5SP114	0
RNA5SP115	0.14644671
RNA5SP116	0
RNA5SP117	0
RNA5SP118	0.575038458
RNA5SP119	0
RNA5SP120	0
RNA5SP121	0
RNA5SP122	0.725453611
RNA5SP123	0.131678975
RNA5SP124	0
RNA5SP125	0
RNA5SP126	0
RNA5SP127	0
RNA5SP128	0
RNA5SP129	0
RNA5SP130	0.137454368
RNA5SP131	0.526715899
RNA5SP132	0.265589797
RNA5SP133	0
RNA5SP134	0
RNA5SP135	0
RNA5SP136	0
RNA5SP137	0
RNA5SP138	0
RNA5SP139	0
RNA5SP140	0
RNA5SP141	0
RNA5SP142	0
RNA5SP143	0
RNA5SP144	0
RNA5SP145	0
RNA5SP146	0
RNA5SP147	0
RNA5SP148	0
RNA5SP149	0
RNA5SP150	0
RNA5SP151	0.267859795
RNA5SP152	0
RNA5SP153	0
RNA5SP154	0.282338703
RNA5SP155	0
RNA5SP156	0
RNA5SP157	0
RNA5SP158	0
RNA5SP159	0
RNA5SP160	0
RNA5SP161	0
RNA5SP162	0
RNA5SP163	0
RNA5SP164	0
RNA5SP165	0
RNA5SP166	0
RNA5SP167	0
RNA5SP168	0
RNA5SP169	0
RNA5SP170	0
RNA5SP171	0
RNA5SP172	0
RNA5SP173	0
RNA5SP174	0
RNA5SP175	0
RNA5SP176	0.142452709
RNA5SP177	0
RNA5SP178	0
RNA5SP179	0
RNA5SP18	0.129502463
RNA5SP180	0
RNA5SP181	0
RNA5SP182	0
RNA5SP183	0
RNA5SP184	0
RNA5SP185	0
RNA5SP186	0
RNA5SP187	0.658394874
RNA5SP188	0
RNA5SP189	0
RNA5SP19	0
RNA5SP190	0
RNA5SP191	0
RNA5SP192	0
RNA5SP193	0
RNA5SP194	0
RNA5SP195	0.133929897
RNA5SP196	0
RNA5SP197	0
RNA5SP198	0
RNA5SP199	0
RNA5SP20	0
RNA5SP200	0
RNA5SP201	0.252738677
RNA5SP202	0
RNA5SP203	0.921752823
RNA5SP204	0
RNA5SP205	0
RNA5SP206	0.129502463
RNA5SP207	0
RNA5SP208	0
RNA5SP209	0
RNA5SP21	0.163227062
RNA5SP210	0
RNA5SP211	0
RNA5SP212	0
RNA5SP213	0
RNA5SP214	0
RNA5SP215	0
RNA5SP216	0
RNA5SP217	0
RNA5SP218	0
RNA5SP219	0.554683115
RNA5SP22	0
RNA5SP220	0
RNA5SP221	0
RNA5SP222	0
RNA5SP223	0
RNA5SP224	0
RNA5SP225	0
RNA5SP226	0
RNA5SP227	0
RNA5SP228	0
RNA5SP229	0
RNA5SP23	0
RNA5SP230	0
RNA5SP231	0
RNA5SP232	0
RNA5SP233	0
RNA5SP234	0
RNA5SP235	0
RNA5SP236	0
RNA5SP237	0
RNA5SP238	0
RNA5SP239	0
RNA5SP24	0
RNA5SP240	0
RNA5SP241	0
RNA5SP242	0
RNA5SP243	0.447708514
RNA5SP244	0
RNA5SP245	0.129502463
RNA5SP246	0
RNA5SP247	0
RNA5SP248	0
RNA5SP249	0
RNA5SP25	0
RNA5SP250	0
RNA5SP251	0
RNA5SP252	0
RNA5SP253	0
RNA5SP254	0
RNA5SP255	0
RNA5SP256	0
RNA5SP257	0
RNA5SP258	0
RNA5SP259	0
RNA5SP26	0
RNA5SP260	0.141169351
RNA5SP261	0
RNA5SP262	0
RNA5SP263	0
RNA5SP264	0
RNA5SP265	0
RNA5SP266	0
RNA5SP267	0
RNA5SP268	0
RNA5SP269	0.114378088
RNA5SP27	0
RNA5SP270	0
RNA5SP271	0
RNA5SP272	0
RNA5SP273	0
RNA5SP274	0
RNA5SP275	0
RNA5SP276	0
RNA5SP277	0
RNA5SP278	0
RNA5SP279	0
RNA5SP28	0
RNA5SP280	0.272518226
RNA5SP281	0.116072578
RNA5SP282	0
RNA5SP283	0.131678975
RNA5SP284	0
RNA5SP285	0
RNA5SP286	0
RNA5SP287	0
RNA5SP288	0
RNA5SP289	0
RNA5SP29	0.295656566
RNA5SP290	0
RNA5SP291	0
RNA5SP292	0
RNA5SP293	0
RNA5SP294	0
RNA5SP295	0.129502463
RNA5SP296	1.552862864
RNA5SP297	0.277341557
RNA5SP298	0.141169351
RNA5SP299	0
RNA5SP30	0
RNA5SP300	0
RNA5SP301	0.129502463
RNA5SP302	0
RNA5SP303	0
RNA5SP304	0
RNA5SP305	0.131678975
RNA5SP306	0
RNA5SP307	0
RNA5SP308	0
RNA5SP309	0
RNA5SP31	0
RNA5SP310	0
RNA5SP311	0.675422327
RNA5SP312	0
RNA5SP315	0
RNA5SP317	1.756098051
RNA5SP318	0
RNA5SP319	0
RNA5SP320	0
RNA5SP321	0
RNA5SP322	0
RNA5SP323	0
RNA5SP324	0
RNA5SP325	0
RNA5SP326	0
RNA5SP327	0
RNA5SP328	0
RNA5SP329	0
RNA5SP33	0.319791796
RNA5SP330	0
RNA5SP331	0
RNA5SP332	0
RNA5SP333	0
RNA5SP334	0
RNA5SP335	0
RNA5SP336	0
RNA5SP337	0
RNA5SP338	0
RNA5SP339	0
RNA5SP34	0
RNA5SP340	0
RNA5SP341	0
RNA5SP342	0
RNA5SP344	0
RNA5SP345	0.435272166
RNA5SP346	0
RNA5SP347	0
RNA5SP349	0
RNA5SP35	0
RNA5SP350	0
RNA5SP351	0.143759615
RNA5SP352	0
RNA5SP353	0
RNA5SP354	0
RNA5SP355	0
RNA5SP356	0
RNA5SP357	0.131678975
RNA5SP358	0
RNA5SP359	0
RNA5SP36	0
RNA5SP360	0
RNA5SP361	0
RNA5SP362	0
RNA5SP363	0
RNA5SP364	0
RNA5SP365	0
RNA5SP366	0
RNA5SP367	0
RNA5SP368	0
RNA5SP369	0
RNA5SP37	1.205369076
RNA5SP370	0
RNA5SP371	0
RNA5SP372	0
RNA5SP373	0
RNA5SP374	0
RNA5SP375	0
RNA5SP376	0
RNA5SP377	0
RNA5SP378	0.13058165
RNA5SP379	0
RNA5SP38	0
RNA5SP380	0
RNA5SP382	0.139908911
RNA5SP383	1.436398149
RNA5SP384	0
RNA5SP385	0
RNA5SP386	0
RNA5SP387	0
RNA5SP388	0
RNA5SP389	0
RNA5SP39	0.13058165
RNA5SP390	0.138670779
RNA5SP391	0
RNA5SP392	0
RNA5SP393	0.267859795
RNA5SP394	0
RNA5SP395	0
RNA5SP396	0
RNA5SP397	0
RNA5SP399	0
RNA5SP40	0
RNA5SP400	0
RNA5SP401	0
RNA5SP402	0
RNA5SP403	0
RNA5SP404	0
RNA5SP405	0
RNA5SP406	0
RNA5SP407	0
RNA5SP408	0
RNA5SP409	0
RNA5SP41	0
RNA5SP410	0
RNA5SP411	0
RNA5SP412	0
RNA5SP413	0
RNA5SP414	0
RNA5SP415	0
RNA5SP416	0
RNA5SP417	0
RNA5SP418	0
RNA5SP419	0
RNA5SP42	0
RNA5SP420	0
RNA5SP421	0
RNA5SP422	0
RNA5SP423	0
RNA5SP424	0
RNA5SP425	0
RNA5SP426	0
RNA5SP427	0.131678975
RNA5SP428	0
RNA5SP429	0.143759615
RNA5SP43	0
RNA5SP430	0
RNA5SP431	0
RNA5SP432	0
RNA5SP433	0
RNA5SP434	0.129502463
RNA5SP435	0
RNA5SP436	0
RNA5SP437	0
RNA5SP438	0
RNA5SP439	0
RNA5SP44	0.11781803
RNA5SP440	0.131678975
RNA5SP441	0
RNA5SP442	0
RNA5SP443	0.118710591
RNA5SP444	0
RNA5SP445	0
RNA5SP446	0
RNA5SP447	0
RNA5SP448	0
RNA5SP449	1.808053615
RNA5SP45	0
RNA5SP450	0
RNA5SP451	0
RNA5SP452	0
RNA5SP453	0
RNA5SP454	0
RNA5SP455	0
RNA5SP456	0
RNA5SP457	0
RNA5SP458	0
RNA5SP459	0
RNA5SP46	0
RNA5SP460	0
RNA5SP461	0
RNA5SP462	0.279817821
RNA5SP463	0.13058165
RNA5SP464	0
RNA5SP465	0
RNA5SP466	0.145090722
RNA5SP467	0
RNA5SP468	0
RNA5SP469	0.143759615
RNA5SP47	0.143759615
RNA5SP470	0
RNA5SP471	0
RNA5SP472	0
RNA5SP473	0
RNA5SP474	0
RNA5SP475	0
RNA5SP476	0
RNA5SP477	0.263357949
RNA5SP478	0
RNA5SP479	0
RNA5SP48	0
RNA5SP480	0
RNA5SP481	0
RNA5SP482	0
RNA5SP483	0
RNA5SP484	0
RNA5SP485	0
RNA5SP486	0
RNA5SP487	0
RNA5SP488	0
RNA5SP489	0
RNA5SP49	0
RNA5SP490	0.115219103
RNA5SP491	0.132794898
RNA5SP492	0.137454368
RNA5SP493	0
RNA5SP494	0.242942605
RNA5SP495	0
RNA5SP496	0
RNA5SP497	0
RNA5SP498	3.264541249
RNA5SP499	0
RNA5SP50	0
RNA5SP500	0
RNA5SP501	0
RNA5SP502	0
RNA5SP503	0
RNA5SP504	0
RNA5SP505	0
RNA5SP506	0
RNA5SP507	0
RNA5SP508	0.131678975
RNA5SP509	0
RNA5SP51	0
RNA5SP510	0
RNA5SP511	0.136259113
RNA5SP512	0
RNA5SP513	0
RNA5SP514	0
RNA5SP515	0.398384695
RNA5SP516	0
RNA5SP517	0
RNA5SP518	0
RNA5SP519	0
RNA5SP52	0
RNA5SP520	0
RNA5SP521	0
RNA5SP522	0
RNA5SP523	0
RNA5SP524	0
RNA5SP525	0
RNA5SP526	0
RNA5SP527	0.123384236
RNA5SP528	0
RNA5SP529	0
RNA5SP53	0
RNA5SP530	0.265589797
RNA5SP531	0
RNA5SP533	0
RNA5SP534	0
RNA5SP535	0
RNA5SP536	0
RNA5SP54	0
RNA5SP55	0
RNA5SP56	0
RNA5SP57	0
RNA5SP59	0
RNA5SP60	0
RNA5SP61	0
RNA5SP62	0
RNA5SP63	0
RNA5SP64	0
RNA5SP65	0
RNA5SP66	0
RNA5SP67	0.239233557
RNA5SP68	0
RNA5SP69	0
RNA5SP70	0
RNA5SP71	0
RNA5SP72	0
RNA5SP73	0
RNA5SP74	0
RNA5SP75	0
RNA5SP76	0
RNA5SP77	0
RNA5SP78	0.132794898
RNA5SP79	0
RNA5SP80	0.282338703
RNA5SP82	3.236153933
RNA5SP84	0
RNA5SP85	0
RNA5SP86	0
RNA5SP87	0
RNA5SP88	0
RNA5SP89	0
RNA5SP90	0
RNA5SP91	0.131678975
RNA5SP92	0
RNA5SP93	0
RNA5SP94	0
RNA5SP95	0
RNA5SP96	0
RNA5SP97	0.373090428
RNA5SP98	0
RNA5SP99	0
RNASE1	607.1890649
RNASE10	0.013058165
RNASE11	0
RNASE12	0
RNASE13	0.136513486
RNASE2	0.581131581
RNASE3	0.13058165
RNASE4	1.367284326
RNASE6	12.71601892
RNASE7	0.031360503
RNASE8	0.02471577
RNASE9	0
RNASEH1	3.773878051
RNASEH1-AS1	2.032699576
RNASEH1P1	0
RNASEH1P2	0
RNASEH2A	5.02601662
RNASEH2B	4.208533608
RNASEH2B-AS1	0.087767072
RNASEH2C	9.913891671
RNASEH2CP1	0.156073685
RNASEK	4.773638852
RNASEK-C17orf49	0.225348918
RNASEL	1.969917462
RNASET2	4.489972211
RND1	61.23306025
RND2	0.356377211
RND3	23.45673712
RNF10	17.98408215
RNF103	3.641645382
RNF103-CHMP3	0.010425681
RNF10P1	0
RNF11	58.40789214
RNF111	3.709602644
RNF112	0.4848541
RNF113A	9.381032058
RNF113B	0
RNF114	24.54718585
RNF115	5.039711319
RNF11P2	0
RNF121	5.012402442
RNF122	38.72151367
RNF123	2.166205649
RNF125	1.51930586
RNF126	5.002143753
RNF126P1	0.189936945
RNF128	9.327912967
RNF13	47.66032644
RNF130	7.690690904
RNF133	0.206038866
RNF135	3.908695421
RNF138	9.777623623
RNF138P1	0.028699264
RNF138P2	0
RNF139	20.22564667
RNF139-AS1	0.173782867
RNF14	12.89529797
RNF141	7.201694884
RNF144A	2.541833446
RNF144A-AS1	0.114624168
RNF144B	11.48512923
RNF145	53.72017006
RNF146	11.23865785
RNF148	0.432601785
RNF149	26.59588543
RNF150	0.32173838
RNF151	0.048066865
RNF152	1.49446719
RNF152P1	0
RNF157	0.218919249
RNF157-AS1	0.185319556
RNF165	0.200349462
RNF166	6.030411563
RNF167	32.5959209
RNF168	2.074848883
RNF169	1.103676172
RNF17	0.002781292
RNF170	4.272640213
RNF175	0.55326166
RNF180	2.099303081
RNF181	77.07742439
RNF182	0.773911784
RNF183	0.030084637
RNF185	9.628265782
RNF185-AS1	0
RNF186	0
RNF187	14.92089136
RNF19A	18.76023757
RNF19B	21.91970593
RNF19BPX	0
RNF19BPY	0
RNF2	5.324576583
RNF20	6.576374531
RNF207	0.356943007
RNF208	1.171828372
RNF212	0.657736874
RNF212B	0.121766279
RNF213	5.634435939
RNF214	2.305220396
RNF215	1.056059428
RNF216	4.03725075
RNF216-IT1	0.697468753
RNF216P1	2.201165816
RNF217	1.388075071
RNF217-AS1	0.121686916
RNF219	2.086938242
RNF219-AS1	0.019609531
RNF220	3.495657424
RNF222	0.035729181
RNF223	0.609655653
RNF224	0.156872282
RNF225	0.031656158
RNF227	2.794416329
RNF24	3.083688729
RNF25	10.13848747
RNF26	4.812826366
RNF2P1	0.093087909
RNF31	2.258312918
RNF32	0.480382734
RNF34	4.515983317
RNF38	5.606203388
RNF39	0.831081761
RNF4	4.524196147
RNF40	4.581067726
RNF41	12.51522339
RNF43	0.601319363
RNF44	4.76184674
RNF5	39.22770313
RNF5P1	7.486681264
RNF6	8.62669684
RNF6P1	0
RNF7	27.89393338
RNF7P1	0.091636246
RNF8	3.002881441
RNFT1	7.901745737
RNFT1-DT	0.329967669
RNFT1P2	0.020699865
RNFT1P3	0
RNFT2	0.198076682
RNGTT	3.426572995
RNGTTP1	0.021524448
RNH1	27.14058313
RNLS	1.768977958
RNMT	3.914083028
RNMTL1P1	0
RNMTL1P2	0
RNPC3	1.912231064
RNPEP	15.37252675
RNPEPL1	10.24276611
RNPS1	8.410054714
RNPS1P1	0.068277987
RNU105B	0
RNU105C	0
RNU11	0.116938791
RNU1-1	0
RNU1-100P	0.094968473
RNU1-101P	0
RNU1-103P	1.128225456
RNU1-104P	0
RNU1-105P	0
RNU1-106P	0.095547549
RNU1-107P	0
RNU1-108P	0.097327938
RNU1-109P	0.106597265
RNU1-112P	0
RNU1-114P	0
RNU1-115P	0
RNU1-117P	0
RNU1-119P	0
RNU1-11P	0
RNU1-120P	0
RNU1-122P	0.200894846
RNU1-123P	0
RNU1-124P	0
RNU1-125P	0
RNU1-128P	0
RNU1-129P	0
RNU11-2P	0
RNU1-130P	0
RNU1-131P	0
RNU1-132P	0
RNU1-133P	0
RNU1-134P	0.284905418
RNU1-136P	0
RNU1-138P	0.095547549
RNU1-139P	0
RNU1-13P	0
RNU11-3P	0
RNU1-140P	0
RNU1-141P	0
RNU1-142P	0
RNU1-143P	0
RNU1-146P	0
RNU1-148P	0
RNU1-149P	0
RNU1-14P	0
RNU11-4P	0
RNU1-150P	0
RNU1-151P	0
RNU1-15P	0
RNU11-5P	0
RNU1-16P	0.477737744
RNU11-6P	0
RNU1-17P	0
RNU1-18P	0
RNU1-19P	0
RNU12	0
RNU1-2	0
RNU1-20P	0
RNU1-21P	0
RNU1-22P	0.198351873
RNU12-2P	0
RNU1-23P	0
RNU1-24P	0
RNU1-27P	0
RNU1-28P	0
RNU1-29P	0
RNU1-3	0
RNU1-30P	0
RNU1-31P	0
RNU1-32P	0
RNU1-33P	0
RNU1-34P	0
RNU1-35P	0
RNU1-36P	0
RNU1-38P	0.761726291
RNU1-39P	0
RNU1-4	0
RNU1-40P	0
RNU1-41P	0
RNU1-42P	0
RNU1-43P	0
RNU1-44P	0
RNU1-45P	0
RNU1-46P	0
RNU1-47P	0.28840119
RNU1-48P	0
RNU1-49P	0
RNU1-51P	0
RNU1-52P	0
RNU1-54P	0
RNU1-55P	0
RNU1-56P	0.095547549
RNU1-57P	0
RNU1-58P	0
RNU1-59P	0.096727148
RNU1-5P	0
RNU1-61P	1.764149443
RNU1-62P	0
RNU1-63P	0
RNU1-64P	0
RNU1-65P	0
RNU1-67P	0.668832841
RNU1-68P	0
RNU1-6P	0
RNU1-70P	0.095547549
RNU1-72P	0
RNU1-73P	0.095547549
RNU1-74P	0
RNU1-75P	0
RNU1-76P	0
RNU1-77P	0
RNU1-78P	0
RNU1-7P	0
RNU1-80P	0
RNU1-82P	0
RNU1-83P	0
RNU1-84P	0
RNU1-85P	0
RNU1-86P	0
RNU1-87P	0
RNU1-88P	0
RNU1-89P	0
RNU1-8P	0
RNU1-91P	0.09613373
RNU1-92P	0
RNU1-93P	0
RNU1-94P	0
RNU1-95P	0
RNU1-96P	0
RNU1-97P	0
RNU1-98P	0
RNU2-1	0
RNU2-10P	0
RNU2-11P	0.167591422
RNU2-12P	0
RNU2-13P	0
RNU2-14P	0
RNU2-15P	0
RNU2-16P	0
RNU2-17P	0
RNU2-18P	0
RNU2-19P	0
RNU2-20P	0
RNU2-21P	0
RNU2-22P	0.073914141
RNU2-23P	0
RNU2-24P	0
RNU2-25P	0.410204136
RNU2-26P	0
RNU2-27P	1.655260351
RNU2-28P	0.082908984
RNU2-29P	0
RNU2-2P	0
RNU2-30P	0.111133319
RNU2-31P	0
RNU2-32P	0
RNU2-33P	0.081613531
RNU2-34P	0
RNU2-35P	0
RNU2-36P	0
RNU2-37P	0.354119729
RNU2-38P	0.198351873
RNU2-39P	0
RNU2-3P	0
RNU2-40P	0
RNU2-41P	0
RNU2-42P	0
RNU2-43P	0
RNU2-44P	0
RNU2-45P	0
RNU2-46P	0.554683115
RNU2-47P	0
RNU2-48P	0
RNU2-49P	0
RNU2-4P	0
RNU2-50P	0
RNU2-51P	0.079542122
RNU2-52P	0
RNU2-53P	0
RNU2-54P	0
RNU2-55P	0
RNU2-56P	0
RNU2-57P	0
RNU2-58P	0.085627311
RNU2-59P	0
RNU2-5P	0.696435466
RNU2-60P	0
RNU2-61P	0
RNU2-62P	0
RNU2-63P	0
RNU2-64P	0
RNU2-65P	0
RNU2-66P	0
RNU2-68P	0.246122482
RNU2-69P	0
RNU2-6P	0
RNU2-70P	0
RNU2-71P	0
RNU2-72P	0
RNU2-7P	0.264097719
RNU2-8P	0
RNU2-9P	0
RNU4-1	0.444533276
RNU4-10P	0
RNU4-11P	0
RNU4-12P	0
RNU4-13P	0
RNU4-14P	0
RNU4-15P	0
RNU4-16P	0
RNU4-17P	0
RNU4-18P	0
RNU4-2	0.222266638
RNU4-20P	0
RNU4-21P	0.124363476
RNU4-22P	0.188792747
RNU4-23P	0.335781386
RNU4-24P	0.11273236
RNU4-25P	0.068129556
RNU4-26P	0
RNU4-27P	0
RNU4-28P	0
RNU4-29P	0.09005631
RNU4-30P	0
RNU4-31P	0
RNU4-32P	0
RNU4-33P	0
RNU4-34P	0
RNU4-35P	0.111133319
RNU4-36P	0
RNU4-37P	0
RNU4-38P	0
RNU4-39P	0.616921181
RNU4-40P	0.438316028
RNU4-41P	0
RNU4-42P	0
RNU4-43P	0
RNU4-44P	0
RNU4-45P	0
RNU4-46P	0
RNU4-47P	3.436359209
RNU4-48P	0
RNU4-49P	0
RNU4-4P	0
RNU4-50P	0
RNU4-51P	0.111927129
RNU4-52P	0.113549261
RNU4-53P	0
RNU4-54P	0
RNU4-55P	0
RNU4-56P	0
RNU4-57P	0
RNU4-58P	0
RNU4-59P	0
RNU4-5P	0
RNU4-60P	0
RNU4-61P	0
RNU4-62P	4.339328675
RNU4-63P	0.132794898
RNU4-64P	0
RNU4-65P	0
RNU4-66P	0
RNU4-67P	0
RNU4-68P	0
RNU4-69P	0
RNU4-6P	0
RNU4-70P	0
RNU4-71P	0
RNU4-72P	0
RNU4-73P	0
RNU4-74P	0
RNU4-75P	0
RNU4-76P	0
RNU4-77P	0
RNU4-78P	1.119271285
RNU4-79P	0
RNU4-7P	0
RNU4-80P	0
RNU4-81P	0
RNU4-82P	0.223854257
RNU4-83P	0
RNU4-84P	0.11273236
RNU4-85P	0
RNU4-86P	0
RNU4-87P	0
RNU4-88P	0
RNU4-89P	0.35345409
RNU4-8P	0.555666596
RNU4-90P	0
RNU4-91P	0
RNU4-92P	0
RNU4-9P	0
RNU4ATAC	0.863689653
RNU4ATAC10P	0
RNU4ATAC11P	0
RNU4ATAC12P	0
RNU4ATAC13P	0
RNU4ATAC14P	0.352130292
RNU4ATAC15P	0
RNU4ATAC16P	0
RNU4ATAC17P	0
RNU4ATAC18P	3.730904284
RNU4ATAC2P	0
RNU4ATAC3P	0
RNU4ATAC4P	0
RNU4ATAC5P	0
RNU4ATAC6P	0
RNU4ATAC7P	0
RNU4ATAC8P	0
RNU4ATAC9P	0
RNU5A-1	0
RNU5A-2P	0
RNU5A-3P	0
RNU5A-4P	0
RNU5A-5P	0
RNU5A-6P	0
RNU5A-7P	0
RNU5A-8P	0
RNU5B-1	0
RNU5B-2P	1.248037008
RNU5B-3P	2.043886695
RNU5B-4P	2.964556377
RNU5B-6P	0
RNU5D-1	0
RNU5D-2P	0
RNU5E-1	0.39174495
RNU5E-10P	0.265589797
RNU5E-3P	0
RNU5E-4P	0.13058165
RNU5E-5P	0
RNU5E-6P	0
RNU5E-7P	0
RNU5E-8P	0.675422327
RNU5E-9P	0
RNU5F-1	0.133929897
RNU5F-2P	0
RNU5F-3P	0
RNU5F-4P	0
RNU5F-6P	0
RNU5F-7P	0
RNU5F-8P	0
RNU6-1	0.14644671
RNU6-1000P	0
RNU6-1001P	0
RNU6-1003P	0
RNU6-1004P	0
RNU6-1005P	0.14644671
RNU6-1006P	0
RNU6-1007P	0
RNU6-1008P	0
RNU6-1009P	0
RNU6-100P	0.886969698
RNU6-1010P	3.368274335
RNU6-1011P	0.439340131
RNU6-1012P	0
RNU6-1013P	0
RNU6-1014P	0
RNU6-1015P	0
RNU6-1016P	3.834099509
RNU6-1017P	0
RNU6-1018P	0
RNU6-1019P	0
RNU6-101P	0
RNU6-1020P	0.14644671
RNU6-1021P	0
RNU6-1022P	0
RNU6-1023P	0
RNU6-1024P	1.171573682
RNU6-1025P	0.150671135
RNU6-1026P	0
RNU6-1027P	0
RNU6-1028P	0
RNU6-1029P	0
RNU6-102P	0
RNU6-1031P	0
RNU6-1032P	0
RNU6-1034P	0
RNU6-1035P	0.878680261
RNU6-1036P	0
RNU6-1037P	0
RNU6-1038P	0
RNU6-1039P	0.14644671
RNU6-103P	0
RNU6-1040P	0
RNU6-1041P	0
RNU6-1042P	0
RNU6-1043P	0
RNU6-1044P	0
RNU6-1045P	0.29289342
RNU6-1046P	0
RNU6-1047P	0
RNU6-1048P	0.585786841
RNU6-1049P	0
RNU6-104P	0
RNU6-1050P	0
RNU6-1051P	0
RNU6-1052P	0
RNU6-1053P	0.620586059
RNU6-1054P	0.150671135
RNU6-1055P	0
RNU6-1056P	0
RNU6-1057P	0
RNU6-1059P	0
RNU6-105P	0
RNU6-1060P	0
RNU6-1061P	0.316561576
RNU6-1062P	0
RNU6-1064P	0
RNU6-1065P	0.147828283
RNU6-1066P	0
RNU6-1067P	0
RNU6-1068P	0
RNU6-1069P	0
RNU6-106P	0
RNU6-1071P	0
RNU6-1072P	0
RNU6-1073P	0
RNU6-1074P	0
RNU6-1075P	0
RNU6-1076P	0
RNU6-1077P	0
RNU6-1078P	0
RNU6-1079P	0.142452709
RNU6-107P	0
RNU6-1080P	0
RNU6-1081P	0
RNU6-1082P	0
RNU6-1083P	0
RNU6-1084P	0
RNU6-1085P	0
RNU6-1086P	0
RNU6-1087P	0
RNU6-1088P	0
RNU6-1089P	0
RNU6-108P	0
RNU6-1090P	0
RNU6-1091P	0
RNU6-1092P	0
RNU6-1093P	0
RNU6-1094P	0
RNU6-1095P	0
RNU6-1096P	0
RNU6-1097P	0
RNU6-1098P	0.979362375
RNU6-1099P	0.29289342
RNU6-109P	0
RNU6-10P	0
RNU6-1100P	0
RNU6-1101P	0
RNU6-1102P	0
RNU6-1103P	0
RNU6-1104P	0
RNU6-1105P	0
RNU6-1106P	0
RNU6-1107P	0
RNU6-1108P	0
RNU6-1109P	0
RNU6-110P	0.452013404
RNU6-1110P	0
RNU6-1111P	0
RNU6-1112P	0
RNU6-1113P	0
RNU6-1114P	0
RNU6-1115P	0
RNU6-1116P	0
RNU6-1117P	0
RNU6-1118P	0
RNU6-1119P	0
RNU6-111P	0
RNU6-1120P	0
RNU6-1121P	0
RNU6-1122P	0.14644671
RNU6-1123P	0
RNU6-1124P	0
RNU6-1125P	0
RNU6-1126P	0
RNU6-1127P	0
RNU6-1128P	0.862557688
RNU6-1129P	0
RNU6-112P	0
RNU6-1130P	0
RNU6-1131P	0
RNU6-1132P	0
RNU6-1133P	0.31339596
RNU6-1134P	0
RNU6-1135P	0
RNU6-1136P	0
RNU6-1137P	0
RNU6-1138P	0
RNU6-113P	0
RNU6-1140P	0.147828283
RNU6-1141P	0
RNU6-1143P	0.150671135
RNU6-1144P	0
RNU6-1145P	0
RNU6-1146P	0
RNU6-1147P	0.585786841
RNU6-1148P	0
RNU6-1149P	0
RNU6-114P	0
RNU6-1150P	0
RNU6-1151P	0
RNU6-1152P	0
RNU6-1153P	0.596944685
RNU6-1154P	0
RNU6-1155P	0
RNU6-1156P	0
RNU6-1157P	1.034797981
RNU6-1158P	0
RNU6-1159P	0
RNU6-115P	0
RNU6-1160P	0.150671135
RNU6-1161P	0.460876412
RNU6-1162P	0
RNU6-1163P	0
RNU6-1164P	0
RNU6-1165P	0.585786841
RNU6-1167P	0
RNU6-1168P	0
RNU6-1169P	0
RNU6-116P	0
RNU6-1170P	0
RNU6-1171P	0
RNU6-1172P	0
RNU6-1174P	0
RNU6-1175P	0
RNU6-1176P	0.29289342
RNU6-1177P	0
RNU6-1178P	0
RNU6-1179P	0
RNU6-117P	0
RNU6-1180P	0
RNU6-1181P	0
RNU6-1183P	0
RNU6-1184P	0
RNU6-1186P	0
RNU6-1187P	0
RNU6-1188P	0
RNU6-1189P	3.661167756
RNU6-118P	0.614501882
RNU6-1190P	0
RNU6-1191P	0
RNU6-1192P	0
RNU6-1193P	0
RNU6-1194P	0
RNU6-1195P	0
RNU6-1196P	0.166699979
RNU6-1197P	0
RNU6-1198P	0
RNU6-1199P	0
RNU6-119P	0
RNU6-11P	0
RNU6-1200P	0
RNU6-1201P	0.29289342
RNU6-1203P	0
RNU6-1204P	0
RNU6-1205P	0
RNU6-1206P	0
RNU6-1207P	0
RNU6-1208P	0
RNU6-1209P	0
RNU6-120P	0
RNU6-1210P	0
RNU6-1211P	0
RNU6-1212P	0
RNU6-1213P	0
RNU6-1214P	0
RNU6-1215P	0.153625471
RNU6-1216P	0
RNU6-1217P	0
RNU6-1218P	0
RNU6-1219P	0
RNU6-121P	0
RNU6-1220P	0
RNU6-1222P	0
RNU6-1223P	0
RNU6-1224P	0
RNU6-1225P	0
RNU6-1226P	0
RNU6-1227P	0
RNU6-1228P	0
RNU6-1229P	0
RNU6-122P	0.14644671
RNU6-1230P	0
RNU6-1231P	0.304267922
RNU6-1232P	0
RNU6-1233P	0
RNU6-1234P	0
RNU6-1235P	0
RNU6-1236P	0
RNU6-1237P	0.14644671
RNU6-1238P	0.307250941
RNU6-1239P	0
RNU6-123P	0
RNU6-1240P	0
RNU6-1241P	0
RNU6-1242P	0
RNU6-1243P	0
RNU6-1244P	0
RNU6-1245P	0
RNU6-1246P	0
RNU6-1247P	0.159895898
RNU6-1248P	0
RNU6-1249P	0
RNU6-1250P	0
RNU6-1251P	0.29289342
RNU6-1252P	0
RNU6-1254P	0
RNU6-1255P	0
RNU6-1256P	0
RNU6-1257P	0.284905418
RNU6-1258P	0
RNU6-125P	0.29289342
RNU6-1260P	0
RNU6-1261P	0
RNU6-1262P	1.469043562
RNU6-1263P	0
RNU6-1264P	0
RNU6-1265P	0
RNU6-1266P	0
RNU6-1267P	0
RNU6-1268P	0
RNU6-1269P	0
RNU6-126P	0
RNU6-1270P	0
RNU6-1271P	0
RNU6-1272P	0.14644671
RNU6-1273P	0
RNU6-1274P	0
RNU6-1275P	0
RNU6-1276P	0
RNU6-1277P	0
RNU6-1278P	0
RNU6-1279P	0
RNU6-127P	0
RNU6-1280P	2.343147364
RNU6-1281P	0
RNU6-1282P	0
RNU6-1283P	0
RNU6-1284P	0
RNU6-1285P	0
RNU6-1286P	0
RNU6-1287P	0
RNU6-1288P	0
RNU6-1289P	0
RNU6-128P	0
RNU6-1290P	0
RNU6-1291P	0
RNU6-1292P	0
RNU6-1293P	0
RNU6-1294P	0.386908592
RNU6-1296P	0
RNU6-1297P	0
RNU6-1298P	0
RNU6-1299P	0
RNU6-129P	0
RNU6-12P	0
RNU6-1300P	0.145090722
RNU6-1301P	0.150671135
RNU6-1303P	0
RNU6-1304P	0
RNU6-1305P	0
RNU6-1306P	0
RNU6-1307P	0
RNU6-1308P	0
RNU6-1309P	0
RNU6-130P	0.912803767
RNU6-1310P	0
RNU6-1311P	0
RNU6-1312P	0
RNU6-1313P	0
RNU6-1314P	0
RNU6-1315P	0.158280788
RNU6-1316P	0
RNU6-1317P	0
RNU6-1318P	0.152133961
RNU6-1319P	0
RNU6-131P	0
RNU6-1320P	0
RNU6-1321P	0
RNU6-1322P	0
RNU6-1323P	0
RNU6-1324P	0
RNU6-1325P	0
RNU6-1326P	0
RNU6-1327P	0
RNU6-1328P	0
RNU6-1329P	0
RNU6-132P	0
RNU6-1330P	0
RNU6-1331P	0
RNU6-1332P	0
RNU6-1333P	0.505477355
RNU6-1334P	0
RNU6-1335P	0
RNU6-1336P	0
RNU6-1337P	0.164945242
RNU6-1338P	0
RNU6-1339P	0
RNU6-133P	0
RNU6-1340P	0
RNU6-135P	0.31029303
RNU6-136P	0.14644671
RNU6-137P	0.580362889
RNU6-138P	0
RNU6-139P	0
RNU6-13P	0
RNU6-140P	0.145090722
RNU6-141P	0.149236171
RNU6-142P	0.14644671
RNU6-143P	0
RNU6-144P	0
RNU6-145P	0
RNU6-146P	0
RNU6-147P	0
RNU6-148P	0
RNU6-14P	0
RNU6-150P	0
RNU6-151P	0.14644671
RNU6-152P	0
RNU6-153P	0
RNU6-154P	0
RNU6-155P	0
RNU6-156P	0
RNU6-157P	0
RNU6-158P	0
RNU6-159P	0
RNU6-15P	0
RNU6-160P	0
RNU6-161P	0
RNU6-162P	0
RNU6-163P	0
RNU6-164P	0
RNU6-165P	0
RNU6-166P	0
RNU6-167P	0
RNU6-168P	0
RNU6-169P	0
RNU6-16P	0
RNU6-170P	0
RNU6-171P	0
RNU6-172P	0
RNU6-173P	0
RNU6-174P	0
RNU6-175P	0
RNU6-176P	0.149236171
RNU6-177P	0
RNU6-178P	0
RNU6-179P	0
RNU6-17P	0
RNU6-180P	0
RNU6-181P	1.610913812
RNU6-182P	0
RNU6-183P	0
RNU6-184P	0
RNU6-185P	0
RNU6-187P	0
RNU6-188P	0.439340131
RNU6-189P	0.155146515
RNU6-18P	0
RNU6-190P	0.768127353
RNU6-191P	0
RNU6-192P	0
RNU6-193P	0
RNU6-194P	0.447708514
RNU6-195P	1.006317302
RNU6-196P	0.29289342
RNU6-197P	0
RNU6-198P	0
RNU6-199P	0
RNU6-19P	0
RNU6-2	0.29289342
RNU6-200P	0
RNU6-201P	0
RNU6-202P	0
RNU6-203P	0
RNU6-204P	0.29289342
RNU6-205P	0
RNU6-206P	0
RNU6-207P	0
RNU6-208P	0.29289342
RNU6-209P	0
RNU6-20P	0
RNU6-210P	0
RNU6-211P	0
RNU6-212P	0
RNU6-213P	0.301342269
RNU6-214P	0
RNU6-215P	0
RNU6-216P	1.054697942
RNU6-217P	0
RNU6-218P	0
RNU6-219P	0
RNU6-21P	0
RNU6-220P	0
RNU6-221P	0
RNU6-222P	0
RNU6-223P	0
RNU6-224P	0
RNU6-225P	0
RNU6-226P	0
RNU6-227P	0
RNU6-228P	0
RNU6-229P	0
RNU6-22P	0
RNU6-230P	0.150671135
RNU6-231P	0
RNU6-232P	0
RNU6-233P	0.111133319
RNU6-234P	0
RNU6-235P	0
RNU6-236P	0
RNU6-237P	0
RNU6-238P	0
RNU6-239P	0
RNU6-23P	0
RNU6-240P	0
RNU6-241P	0
RNU6-242P	0.585786841
RNU6-243P	0
RNU6-244P	0
RNU6-245P	0
RNU6-246P	0.14644671
RNU6-247P	0.29289342
RNU6-248P	0
RNU6-249P	0
RNU6-24P	0
RNU6-250P	0
RNU6-251P	0
RNU6-252P	0
RNU6-253P	0
RNU6-254P	0
RNU6-255P	0
RNU6-256P	0
RNU6-257P	0
RNU6-258P	0
RNU6-259P	0
RNU6-25P	0
RNU6-260P	0
RNU6-261P	0
RNU6-262P	0
RNU6-263P	0
RNU6-264P	0
RNU6-266P	0
RNU6-267P	0.152133961
RNU6-268P	0
RNU6-269P	0
RNU6-26P	0.29289342
RNU6-270P	0
RNU6-271P	0
RNU6-272P	0
RNU6-273P	0
RNU6-274P	0
RNU6-275P	0.14644671
RNU6-276P	0
RNU6-277P	0
RNU6-278P	0
RNU6-279P	0
RNU6-27P	0
RNU6-280P	0
RNU6-281P	0
RNU6-282P	0.304267922
RNU6-283P	0
RNU6-284P	0
RNU6-285P	0
RNU6-286P	0
RNU6-287P	0
RNU6-288P	0
RNU6-289P	0
RNU6-28P	0
RNU6-290P	0
RNU6-291P	0
RNU6-293P	0
RNU6-294P	0
RNU6-295P	0
RNU6-296P	0
RNU6-297P	0
RNU6-298P	0
RNU6-299P	0
RNU6-29P	0
RNU6-300P	0
RNU6-301P	0
RNU6-302P	0
RNU6-303P	0
RNU6-304P	0
RNU6-306P	0
RNU6-307P	0
RNU6-308P	0
RNU6-309P	0
RNU6-30P	1.757360523
RNU6-310P	0
RNU6-311P	0
RNU6-312P	1.903807233
RNU6-313P	0
RNU6-314P	0
RNU6-315P	0.14644671
RNU6-316P	0
RNU6-317P	0
RNU6-318P	0
RNU6-319P	0
RNU6-31P	0
RNU6-320P	0
RNU6-321P	0
RNU6-322P	0.912803767
RNU6-323P	0
RNU6-324P	0
RNU6-325P	0
RNU6-326P	0
RNU6-327P	0
RNU6-328P	0
RNU6-329P	0
RNU6-32P	0
RNU6-330P	0
RNU6-331P	0
RNU6-332P	0
RNU6-333P	0
RNU6-334P	0
RNU6-335P	0
RNU6-336P	0
RNU6-337P	0
RNU6-338P	0.149236171
RNU6-339P	0
RNU6-33P	0.14644671
RNU6-340P	0
RNU6-341P	0
RNU6-342P	0
RNU6-343P	2.862751557
RNU6-344P	0
RNU6-345P	0
RNU6-346P	0
RNU6-347P	0
RNU6-348P	0
RNU6-349P	0
RNU6-34P	0
RNU6-351P	0
RNU6-352P	0
RNU6-353P	0
RNU6-354P	0
RNU6-355P	0
RNU6-356P	0
RNU6-358P	0
RNU6-359P	0.145090722
RNU6-35P	0
RNU6-360P	0
RNU6-361P	0
RNU6-362P	0
RNU6-363P	0
RNU6-364P	0
RNU6-365P	0
RNU6-366P	0
RNU6-367P	0
RNU6-368P	0
RNU6-369P	0
RNU6-36P	0
RNU6-370P	0
RNU6-371P	0
RNU6-373P	0
RNU6-374P	0
RNU6-375P	0.15669798
RNU6-376P	0.295656566
RNU6-377P	0.153625471
RNU6-378P	0
RNU6-379P	0.150671135
RNU6-37P	2.928934204
RNU6-380P	0
RNU6-381P	0
RNU6-382P	0
RNU6-383P	0
RNU6-384P	0
RNU6-386P	0
RNU6-387P	0.895417028
RNU6-388P	0.447708514
RNU6-389P	0
RNU6-38P	0
RNU6-390P	0
RNU6-391P	0
RNU6-392P	0
RNU6-393P	0
RNU6-394P	0
RNU6-395P	0
RNU6-396P	0
RNU6-397P	0
RNU6-398P	0
RNU6-399P	0
RNU6-39P	0
RNU6-3P	0
RNU6-400P	0
RNU6-401P	0
RNU6-402P	0
RNU6-403P	1.205369076
RNU6-405P	0
RNU6-406P	0
RNU6-407P	0.753355673
RNU6-408P	0
RNU6-409P	0.150671135
RNU6-40P	0
RNU6-410P	0
RNU6-411P	0
RNU6-412P	0
RNU6-413P	0
RNU6-414P	0
RNU6-415P	3.230886184
RNU6-416P	0
RNU6-417P	0
RNU6-418P	2.343147364
RNU6-419P	0
RNU6-41P	0
RNU6-420P	0
RNU6-421P	0
RNU6-422P	0
RNU6-424P	0
RNU6-425P	0
RNU6-426P	0
RNU6-428P	0
RNU6-429P	0
RNU6-42P	0
RNU6-430P	0
RNU6-431P	0.14644671
RNU6-432P	0
RNU6-433P	0.150671135
RNU6-434P	0
RNU6-435P	0
RNU6-436P	0
RNU6-437P	0.82472621
RNU6-438P	0
RNU6-439P	0
RNU6-43P	0
RNU6-440P	0
RNU6-441P	0
RNU6-442P	0.301342269
RNU6-443P	0
RNU6-444P	0.435272166
RNU6-445P	0
RNU6-446P	0
RNU6-447P	0
RNU6-448P	0
RNU6-449P	0
RNU6-44P	0
RNU6-450P	0.29289342
RNU6-451P	0
RNU6-452P	0
RNU6-453P	0
RNU6-454P	0
RNU6-455P	0
RNU6-456P	0
RNU6-457P	0
RNU6-458P	0
RNU6-45P	0.14644671
RNU6-460P	0.290181444
RNU6-461P	0
RNU6-462P	0
RNU6-463P	0
RNU6-464P	0
RNU6-465P	0
RNU6-466P	0
RNU6-467P	0
RNU6-468P	0
RNU6-469P	0
RNU6-46P	0.14644671
RNU6-470P	0
RNU6-471P	0
RNU6-472P	0
RNU6-473P	0
RNU6-474P	0
RNU6-475P	0
RNU6-476P	0.14644671
RNU6-477P	0
RNU6-478P	0
RNU6-479P	0
RNU6-47P	0
RNU6-480P	0
RNU6-481P	0.878680261
RNU6-482P	0
RNU6-483P	0
RNU6-484P	0
RNU6-485P	0
RNU6-486P	0
RNU6-487P	0
RNU6-488P	0
RNU6-489P	0
RNU6-48P	0.29289342
RNU6-490P	0
RNU6-491P	0
RNU6-492P	0
RNU6-493P	0.145090722
RNU6-494P	0
RNU6-495P	0.14644671
RNU6-496P	0
RNU6-497P	0
RNU6-498P	0
RNU6-499P	0
RNU6-49P	0
RNU6-4P	0
RNU6-500P	0
RNU6-501P	0.31339596
RNU6-502P	0.290181444
RNU6-503P	0
RNU6-504P	0
RNU6-505P	0
RNU6-506P	0
RNU6-507P	0
RNU6-508P	0
RNU6-509P	0.878680261
RNU6-50P	0.304267922
RNU6-510P	1.160725777
RNU6-511P	0
RNU6-512P	0
RNU6-513P	0
RNU6-514P	0
RNU6-516P	3.465436095
RNU6-517P	0
RNU6-518P	0
RNU6-519P	0
RNU6-520P	0
RNU6-521P	0
RNU6-522P	0
RNU6-523P	0
RNU6-524P	0
RNU6-525P	0
RNU6-526P	0
RNU6-527P	0
RNU6-528P	0
RNU6-529P	5.574831979
RNU6-530P	0
RNU6-531P	1.054697942
RNU6-532P	0
RNU6-533P	0
RNU6-534P	0.443484849
RNU6-535P	0
RNU6-536P	0
RNU6-537P	0
RNU6-538P	0
RNU6-539P	0.152133961
RNU6-53P	0
RNU6-540P	0
RNU6-541P	0.142452709
RNU6-542P	0
RNU6-543P	0
RNU6-544P	0
RNU6-545P	0
RNU6-546P	0
RNU6-547P	0
RNU6-548P	0
RNU6-549P	0.14644671
RNU6-54P	0
RNU6-550P	0
RNU6-551P	0
RNU6-552P	0
RNU6-553P	0.163227062
RNU6-554P	0
RNU6-555P	0
RNU6-556P	0
RNU6-557P	0
RNU6-558P	0
RNU6-559P	0
RNU6-55P	0
RNU6-560P	0
RNU6-561P	0
RNU6-562P	0
RNU6-563P	0
RNU6-564P	0.150671135
RNU6-565P	0
RNU6-566P	0
RNU6-567P	0
RNU6-56P	0
RNU6-570P	0
RNU6-571P	0
RNU6-572P	0
RNU6-573P	0
RNU6-574P	1.025126972
RNU6-575P	0
RNU6-576P	0
RNU6-577P	0
RNU6-578P	0
RNU6-579P	0
RNU6-57P	0
RNU6-580P	0
RNU6-581P	0
RNU6-582P	0
RNU6-583P	0
RNU6-584P	0.659780968
RNU6-586P	0
RNU6-587P	0
RNU6-588P	0
RNU6-589P	0
RNU6-58P	0
RNU6-590P	0
RNU6-591P	0
RNU6-592P	0
RNU6-593P	0
RNU6-595P	0.29289342
RNU6-596P	0
RNU6-597P	0
RNU6-598P	0
RNU6-599P	0
RNU6-59P	0
RNU6-5P	0.29289342
RNU6-600P	0
RNU6-601P	0
RNU6-602P	0
RNU6-603P	0
RNU6-604P	0
RNU6-605P	0
RNU6-606P	0.988185459
RNU6-607P	0
RNU6-608P	0
RNU6-609P	0
RNU6-60P	0
RNU6-610P	0.585786841
RNU6-611P	0.301342269
RNU6-612P	0
RNU6-613P	0
RNU6-614P	0
RNU6-615P	0
RNU6-616P	0.14644671
RNU6-617P	0
RNU6-618P	0
RNU6-619P	0.290181444
RNU6-61P	0
RNU6-620P	0
RNU6-621P	0
RNU6-622P	0
RNU6-623P	0.447708514
RNU6-624P	0
RNU6-625P	0
RNU6-626P	0
RNU6-627P	0
RNU6-628P	0.14644671
RNU6-629P	0
RNU6-62P	0
RNU6-630P	0
RNU6-631P	0
RNU6-632P	0
RNU6-633P	0.304267922
RNU6-634P	0
RNU6-635P	0
RNU6-636P	0
RNU6-637P	0
RNU6-638P	1.054697942
RNU6-639P	0
RNU6-63P	0
RNU6-640P	0.298472343
RNU6-641P	0
RNU6-642P	0
RNU6-643P	0
RNU6-644P	0.159895898
RNU6-645P	0
RNU6-646P	0
RNU6-647P	0
RNU6-648P	0
RNU6-649P	0
RNU6-64P	0
RNU6-650P	0
RNU6-651P	0
RNU6-652P	0
RNU6-653P	0.147828283
RNU6-654P	0
RNU6-655P	0
RNU6-656P	0
RNU6-657P	0
RNU6-658P	0.443484849
RNU6-659P	0
RNU6-65P	0
RNU6-660P	0
RNU6-661P	0
RNU6-662P	0.301342269
RNU6-663P	0
RNU6-664P	0
RNU6-665P	0.29289342
RNU6-666P	0
RNU6-667P	0.153625471
RNU6-668P	0
RNU6-669P	0
RNU6-66P	0
RNU6-670P	0
RNU6-672P	0
RNU6-673P	0
RNU6-674P	0.439340131
RNU6-675P	0
RNU6-677P	0
RNU6-678P	0
RNU6-679P	0
RNU6-67P	0
RNU6-680P	0
RNU6-681P	0
RNU6-682P	0
RNU6-684P	0
RNU6-685P	0
RNU6-686P	0
RNU6-687P	0
RNU6-689P	0.29289342
RNU6-68P	0
RNU6-690P	0
RNU6-692P	0
RNU6-693P	0
RNU6-694P	0
RNU6-695P	0
RNU6-696P	0
RNU6-697P	0
RNU6-698P	0
RNU6-699P	0
RNU6-6P	0
RNU6-7	0
RNU6-700P	0
RNU6-701P	0
RNU6-702P	0.439340131
RNU6-703P	0.14644671
RNU6-704P	0
RNU6-705P	0.150671135
RNU6-706P	0
RNU6-707P	0
RNU6-708P	0
RNU6-709P	0
RNU6-70P	0
RNU6-710P	0
RNU6-711P	0
RNU6-712P	0
RNU6-713P	0
RNU6-714P	0
RNU6-715P	0
RNU6-716P	0
RNU6-717P	0
RNU6-718P	0
RNU6-719P	0
RNU6-71P	0
RNU6-720P	0.870544333
RNU6-721P	0
RNU6-722P	1.054697942
RNU6-723P	0
RNU6-724P	0.149236171
RNU6-725P	0
RNU6-726P	0
RNU6-727P	0
RNU6-728P	0
RNU6-729P	0
RNU6-72P	0
RNU6-730P	0
RNU6-731P	0
RNU6-732P	0
RNU6-733P	0
RNU6-735P	0
RNU6-737P	0
RNU6-738P	0
RNU6-739P	0.152133961
RNU6-73P	0
RNU6-740P	0
RNU6-741P	0
RNU6-742P	0
RNU6-743P	0
RNU6-744P	0
RNU6-745P	0
RNU6-746P	0
RNU6-747P	0
RNU6-748P	0
RNU6-749P	0
RNU6-74P	0
RNU6-750P	0
RNU6-751P	0
RNU6-752P	0
RNU6-753P	0
RNU6-754P	0
RNU6-755P	0
RNU6-756P	0
RNU6-757P	0.31339596
RNU6-758P	0.528195438
RNU6-759P	0.304267922
RNU6-75P	0
RNU6-760P	0.323088618
RNU6-761P	0
RNU6-762P	0.307250941
RNU6-763P	0
RNU6-764P	0
RNU6-765P	0
RNU6-766P	0
RNU6-767P	0.585786841
RNU6-768P	0
RNU6-769P	0
RNU6-76P	0
RNU6-770P	0
RNU6-771P	0
RNU6-772P	0
RNU6-774P	0
RNU6-775P	0
RNU6-776P	0
RNU6-777P	0
RNU6-778P	0
RNU6-77P	0
RNU6-780P	0.301342269
RNU6-781P	0
RNU6-782P	0
RNU6-783P	0
RNU6-784P	0.147828283
RNU6-785P	0
RNU6-786P	0
RNU6-787P	0
RNU6-788P	0
RNU6-789P	0
RNU6-78P	0
RNU6-790P	0.447708514
RNU6-791P	0
RNU6-792P	0
RNU6-793P	0
RNU6-794P	0
RNU6-795P	0
RNU6-796P	0
RNU6-797P	0
RNU6-798P	0
RNU6-799P	0.14644671
RNU6-79P	0
RNU6-8	8.347462483
RNU6-800P	0
RNU6-801P	0
RNU6-803P	0
RNU6-804P	0
RNU6-805P	0
RNU6-806P	0
RNU6-807P	0.439340131
RNU6-808P	0
RNU6-809P	0
RNU6-80P	0
RNU6-810P	0
RNU6-811P	0
RNU6-812P	0
RNU6-813P	0
RNU6-815P	0
RNU6-816P	0
RNU6-817P	0.150671135
RNU6-818P	0
RNU6-819P	0
RNU6-81P	0
RNU6-820P	0.14644671
RNU6-821P	0
RNU6-822P	0.147828283
RNU6-823P	0
RNU6-824P	0
RNU6-826P	0
RNU6-827P	0
RNU6-828P	0
RNU6-829P	0
RNU6-82P	0
RNU6-830P	0
RNU6-831P	0
RNU6-832P	0
RNU6-833P	0.29289342
RNU6-834P	0
RNU6-835P	0.150671135
RNU6-836P	0
RNU6-837P	0
RNU6-838P	0
RNU6-839P	0
RNU6-83P	0
RNU6-840P	0
RNU6-841P	0
RNU6-842P	0
RNU6-843P	0
RNU6-844P	0.153625471
RNU6-845P	0
RNU6-847P	0
RNU6-848P	0
RNU6-849P	0
RNU6-84P	0
RNU6-850P	0.912803767
RNU6-851P	0
RNU6-853P	0.14644671
RNU6-854P	0.14644671
RNU6-855P	0
RNU6-856P	0.479687694
RNU6-857P	0
RNU6-858P	0
RNU6-859P	0
RNU6-85P	0
RNU6-860P	0
RNU6-861P	0
RNU6-862P	0
RNU6-863P	0
RNU6-864P	0
RNU6-865P	0
RNU6-866P	0
RNU6-867P	0
RNU6-869P	0
RNU6-86P	0
RNU6-871P	0
RNU6-873P	0
RNU6-874P	0
RNU6-875P	0
RNU6-876P	0
RNU6-877P	0.14644671
RNU6-878P	0.284905418
RNU6-879P	0
RNU6-87P	0
RNU6-880P	0
RNU6-881P	0
RNU6-882P	0.912803767
RNU6-883P	0.439340131
RNU6-884P	0.14644671
RNU6-885P	0
RNU6-886P	0
RNU6-887P	0
RNU6-888P	0
RNU6-889P	0
RNU6-88P	0.62679192
RNU6-890P	0
RNU6-891P	0
RNU6-892P	0.949684727
RNU6-893P	0
RNU6-894P	0
RNU6-895P	0
RNU6-896P	0
RNU6-897P	0
RNU6-898P	0
RNU6-899P	0
RNU6-89P	0
RNU6-9	0.439340131
RNU6-900P	0
RNU6-901P	0
RNU6-902P	0.172195582
RNU6-903P	0.575038458
RNU6-904P	0
RNU6-905P	0
RNU6-906P	0
RNU6-907P	0
RNU6-908P	0
RNU6-909P	0
RNU6-90P	0.886969698
RNU6-910P	0
RNU6-911P	0
RNU6-912P	0
RNU6-913P	0
RNU6-914P	0
RNU6-915P	0
RNU6-916P	0
RNU6-917P	0.753355673
RNU6-918P	0
RNU6-919P	0
RNU6-91P	0
RNU6-920P	0.170323891
RNU6-921P	0.14644671
RNU6-922P	0
RNU6-923P	0
RNU6-924P	0
RNU6-925P	0.301342269
RNU6-926P	0
RNU6-927P	0
RNU6-928P	0
RNU6-929P	0
RNU6-92P	0
RNU6-930P	0.7834899
RNU6-931P	0
RNU6-932P	0
RNU6-933P	0
RNU6-934P	0
RNU6-935P	0
RNU6-936P	0
RNU6-937P	0
RNU6-938P	0
RNU6-939P	0
RNU6-940P	0
RNU6-941P	0
RNU6-942P	0.878680261
RNU6-943P	0
RNU6-944P	0
RNU6-945P	0.585786841
RNU6-946P	0
RNU6-947P	0
RNU6-948P	0
RNU6-949P	0
RNU6-94P	0.29289342
RNU6-950P	0
RNU6-951P	0.29289342
RNU6-952P	0
RNU6-953P	0
RNU6-954P	0
RNU6-955P	1.054697942
RNU6-956P	0
RNU6-957P	0
RNU6-958P	0
RNU6-959P	0
RNU6-95P	0
RNU6-960P	0
RNU6-961P	0
RNU6-964P	0.227098522
RNU6-965P	0
RNU6-966P	0
RNU6-967P	0.145090722
RNU6-968P	0.439340131
RNU6-969P	0.596944685
RNU6-970P	0
RNU6-971P	0
RNU6-972P	0
RNU6-973P	0
RNU6-974P	0
RNU6-975P	0.298472343
RNU6-976P	0
RNU6-977P	0
RNU6-978P	0
RNU6-979P	0
RNU6-97P	0.452013404
RNU6-980P	0
RNU6-982P	0
RNU6-983P	0
RNU6-984P	0
RNU6-985P	0
RNU6-986P	0
RNU6-987P	0
RNU6-988P	0
RNU6-989P	0
RNU6-98P	0
RNU6-990P	0
RNU6-991P	0
RNU6-992P	0
RNU6-993P	0
RNU6-994P	0
RNU6-995P	0
RNU6-996P	0
RNU6-997P	0
RNU6-998P	0
RNU6-999P	0
RNU6-99P	0
RNU6ATAC	0.124363476
RNU6ATAC10P	0
RNU6ATAC11P	0
RNU6ATAC12P	0
RNU6ATAC13P	0
RNU6ATAC14P	0
RNU6ATAC15P	0
RNU6ATAC16P	0.567746304
RNU6ATAC17P	0
RNU6ATAC18P	1.086025604
RNU6ATAC19P	0
RNU6ATAC20P	0
RNU6ATAC21P	0
RNU6ATAC22P	0
RNU6ATAC23P	0
RNU6ATAC24P	0.580362889
RNU6ATAC25P	0
RNU6ATAC26P	0
RNU6ATAC27P	0
RNU6ATAC28P	0
RNU6ATAC29P	0
RNU6ATAC2P	0
RNU6ATAC30P	0
RNU6ATAC31P	0
RNU6ATAC32P	0
RNU6ATAC33P	0
RNU6ATAC34P	0
RNU6ATAC35P	0.035292338
RNU6ATAC36P	0
RNU6ATAC37P	0
RNU6ATAC38P	0.621817381
RNU6ATAC39P	2.10332859
RNU6ATAC3P	0.124363476
RNU6ATAC40P	0.114378088
RNU6ATAC41P	0
RNU6ATAC42P	0
RNU6ATAC4P	0
RNU6ATAC5P	0
RNU6ATAC6P	0
RNU6ATAC7P	0
RNU6ATAC8P	0
RNU6ATAC9P	0.270168931
RNU6V	0.14644671
RNU7-1	0
RNU7-102P	0
RNU7-103P	0
RNU7-104P	0
RNU7-105P	0
RNU7-106P	0
RNU7-107P	0
RNU7-10P	0
RNU7-110P	0
RNU7-111P	0
RNU7-113P	0
RNU7-115P	0
RNU7-116P	0
RNU7-119P	0
RNU7-11P	0
RNU7-120P	0
RNU7-121P	0
RNU7-123P	0.5223266
RNU7-124P	0
RNU7-125P	0.252738677
RNU7-126P	0
RNU7-127P	0
RNU7-128P	0
RNU7-129P	0
RNU7-12P	0
RNU7-130P	0
RNU7-133P	0
RNU7-134P	0
RNU7-136P	0
RNU7-137P	0
RNU7-138P	0
RNU7-13P	0.252738677
RNU7-140P	0
RNU7-141P	0
RNU7-143P	0
RNU7-144P	0
RNU7-147P	0
RNU7-148P	0
RNU7-149P	0
RNU7-14P	0
RNU7-151P	0
RNU7-152P	0
RNU7-153P	0
RNU7-154P	0
RNU7-155P	0
RNU7-156P	0
RNU7-157P	0
RNU7-159P	0
RNU7-160P	0.758216032
RNU7-161P	0
RNU7-164P	0
RNU7-165P	0
RNU7-167P	0
RNU7-169P	0
RNU7-170P	0
RNU7-171P	1.010954709
RNU7-172P	0
RNU7-173P	0
RNU7-174P	0
RNU7-175P	0
RNU7-176P	0
RNU7-179P	0
RNU7-180P	0
RNU7-181P	0.211754027
RNU7-182P	0
RNU7-183P	0
RNU7-185P	0
RNU7-186P	0
RNU7-187P	0
RNU7-188P	0
RNU7-18P	0.758216032
RNU7-190P	0
RNU7-192P	0
RNU7-193P	0.964295261
RNU7-194P	0
RNU7-195P	0
RNU7-196P	0
RNU7-197P	0
RNU7-19P	0
RNU7-200P	0
RNU7-20P	0
RNU7-21P	0
RNU7-22P	0
RNU7-23P	0
RNU7-24P	0
RNU7-25P	0
RNU7-26P	0
RNU7-27P	0
RNU7-28P	0
RNU7-29P	0
RNU7-2P	0
RNU7-30P	0
RNU7-34P	0
RNU7-35P	0
RNU7-37P	0
RNU7-38P	0
RNU7-3P	2.021909419
RNU7-40P	1.469043562
RNU7-41P	1.027527737
RNU7-43P	0.244840594
RNU7-45P	5.969446855
RNU7-46P	0
RNU7-47P	0
RNU7-48P	0
RNU7-49P	2.274648096
RNU7-4P	0.252738677
RNU7-50P	0
RNU7-51P	0
RNU7-52P	0
RNU7-53P	0
RNU7-54P	0
RNU7-55P	0
RNU7-56P	0.252738677
RNU7-57P	0
RNU7-59P	0
RNU7-60P	0
RNU7-61P	0
RNU7-62P	0
RNU7-63P	0.252738677
RNU7-65P	0
RNU7-66P	0
RNU7-67P	0
RNU7-69P	0
RNU7-6P	0
RNU7-70P	0
RNU7-71P	0.2611633
RNU7-73P	0
RNU7-74P	0
RNU7-75P	0.252738677
RNU7-77P	0.5223266
RNU7-79P	0
RNU7-7P	0
RNU7-80P	0
RNU7-81P	0
RNU7-82P	0
RNU7-84P	0
RNU7-85P	0
RNU7-87P	0
RNU7-88P	0
RNU7-8P	0
RNU7-90P	0
RNU7-92P	0
RNU7-93P	0
RNU7-94P	0
RNU7-95P	0
RNU7-96P	0
RNU7-97P	0.505477355
RNU7-99P	0
RNU7-9P	0
RNVU1-1	0
RNVU1-14	0
RNVU1-15	0.474842363
RNVU1-17	0
RNVU1-18	0
RNVU1-19	0
RNVU1-2	0
RNVU1-3	0.486639689
RNVU1-4	0.573285292
RNVU1-6	0
RNVU1-7	0
RNY1	0.416012336
RNY1P1	0
RNY1P10	0.277341557
RNY1P11	0
RNY1P12	0
RNY1P13	0.447708514
RNY1P14	0
RNY1P15	0
RNY1P16	0.141169351
RNY1P2	0
RNY1P3	0
RNY1P4	0
RNY1P5	0
RNY1P6	0
RNY1P7	0
RNY1P8	0
RNY1P9	0.287519229
RNY3	0
RNY3P1	0
RNY3P10	0
RNY3P11	0
RNY3P12	0
RNY3P13	0.153625471
RNY3P14	0
RNY3P15	0
RNY3P16	1.396318633
RNY3P2	0
RNY3P3	0
RNY3P4	0
RNY3P5	0
RNY3P7	0.620586059
RNY3P8	1.492361714
RNY3P9	0
RNY4	0
RNY4P10	1.469043562
RNY4P13	0
RNY4P14	0
RNY4P16	0
RNY4P17	0
RNY4P18	0
RNY4P19	0
RNY4P20	0
RNY4P23	0
RNY4P24	0
RNY4P25	0.816135312
RNY4P27	0
RNY4P28	0
RNY4P29	0
RNY4P3	0
RNY4P30	0
RNY4P34	0.329890484
RNY4P36	0.163227062
RNY4P37	0.816135312
RNY4P6	0
RNY4P7	0
RNY4P9	0.323088618
ROBO1	1.716113049
ROBO2	0.693070943
ROBO2P1	0
ROBO3	1.594635008
ROBO4	17.86441637
ROCK1	6.095698713
ROCK1P1	0.260669607
ROCK2	6.182967114
ROCR	0.029018144
ROGDI	8.360345658
ROM1	1.771095405
ROMO1	119.1083221
ROPN1	0
ROPN1B	0.038709975
ROPN1L	1.000383361
ROPN1L-AS1	0
ROR1	3.019615578
ROR1-AS1	0.070744009
ROR2	0.436319573
RORA	2.050683658
RORA-AS1	0.146230924
RORA-AS2	0.023599093
RORB	0.292450614
RORB-AS1	0
RORC	3.480752313
ROS1	11.47908445
RP1	0.121385759
RP1L1	0.0582258
RP2	14.70974989
RP9	3.673898897
RP9P	2.908699418
RPA1	10.78511224
RPA2	23.15932502
RPA2P1	0
RPA2P2	0
RPA2P3	0
RPA3	7.398549424
RPA4	0.100447423
RPAIN	5.991641467
RPAP1	1.861427891
RPAP2	0.97262076
RPAP2P1	0
RPAP3	3.969138574
RPARP-AS1	2.945700542
RPE	8.502266884
RPE65	0.012007508
RPEL1	0
RPEP1	0
RPEP2	0
RPEP3	0.092720698
RPEP4	0.026029565
RPEP5	0
RPEP6	0
RPF1	23.04222031
RPF2	5.897149882
RPF2P1	0.017295583
RPF2P2	0
RPGR	3.21600502
RPGRIP1	0.249227134
RPGRIP1L	0.281537165
RPH3A	0.045336478
RPH3AL	2.676213439
RPIA	10.0819209
RPIAP1	0
RPL10	310.664706
RPL10A	505.3170567
RPL10AP1	0.048739652
RPL10AP2	0.45523878
RPL10AP3	0
RPL10AP5	0
RPL10AP6	2.090908628
RPL10L	0.038595562
RPL10P1	0.121659922
RPL10P10	0
RPL10P11	0
RPL10P12	0.197104377
RPL10P13	0.051715505
RPL10P14	0
RPL10P15	1.542107104
RPL10P16	3.765610371
RPL10P17	0
RPL10P18	0.101422641
RPL10P19	0.673736113
RPL10P2	0
RPL10P3	0.53571959
RPL10P4	0.050875968
RPL10P5	0.024522376
RPL10P6	71.1054041
RPL10P7	0.300860121
RPL10P8	0.150189757
RPL10P9	110.9275932
RPL11	762.2997904
RPL11P3	0.119845491
RPL11P4	0
RPL11P5	0.029344191
RPL12	268.2654079
RPL12P1	0
RPL12P10	0.157327289
RPL12P11	0.093831126
RPL12P12	0.406601545
RPL12P13	0.063057537
RPL12P14	0.863437849
RPL12P15	0.031402401
RPL12P16	0
RPL12P17	0.094396373
RPL12P18	0
RPL12P19	0.032242383
RPL12P2	0.03178458
RPL12P20	0.098140697
RPL12P21	0.030250575
RPL12P22	0
RPL12P23	0
RPL12P24	0
RPL12P25	0.139493751
RPL12P26	0.032176177
RPL12P27	0.189554008
RPL12P28	0
RPL12P29	0
RPL12P3	0
RPL12P30	0.094207202
RPL12P31	0
RPL12P32	0.063440478
RPL12P33	0.031849183
RPL12P34	0
RPL12P35	0.315923347
RPL12P36	0
RPL12P37	0
RPL12P38	0.040542815
RPL12P39	0
RPL12P4	0.756690446
RPL12P40	0
RPL12P41	0
RPL12P42	0.094207202
RPL12P43	0
RPL12P44	0.280932633
RPL12P45	0
RPL12P46	0
RPL12P47	0
RPL12P48	0
RPL12P49	0
RPL12P5	0
RPL12P50	0
RPL12P6	0.094396373
RPL12P7	0
RPL12P8	0.108067572
RPL12P9	0.256881934
RPL13	171.7102151
RPL13A	944.7651275
RPL13AP	0.060501151
RPL13AP17	5.704673002
RPL13AP19	0.053663692
RPL13AP2	0.147828283
RPL13AP20	3.113375299
RPL13AP23	0
RPL13AP25	12.16201642
RPL13AP3	0.091517315
RPL13AP5	21.30273191
RPL13AP6	0.358459431
RPL13AP7	1.154076775
RPL13P	0
RPL13P12	7.563880478
RPL13P2	0
RPL13P4	0.027882203
RPL13P5	1.573131711
RPL13P6	0
RPL14	72.94467174
RPL14P1	6.535156063
RPL14P3	0.20154081
RPL14P5	0.021465477
RPL15	164.2640344
RPL15P1	0
RPL15P13	0.02429426
RPL15P14	0.024638047
RPL15P18	0.10241698
RPL15P2	0.152876078
RPL15P20	0.104814702
RPL15P21	0.055272656
RPL15P3	5.299704037
RPL15P4	0
RPL17	19.25235618
RPL17-C18orf32	0.05199004
RPL17P1	0
RPL17P10	0.112935481
RPL17P11	0
RPL17P12	0
RPL17P17	0
RPL17P19	0
RPL17P2	0
RPL17P20	0
RPL17P22	0.198351873
RPL17P25	0.084701611
RPL17P26	0
RPL17P3	0
RPL17P33	0
RPL17P34	0.282338703
RPL17P35	0
RPL17P36	1.569834043
RPL17P37	0
RPL17P40	0
RPL17P41	0.057929013
RPL17P43	0.053480539
RPL17P44	0.056981084
RPL17P45	0
RPL17P46	0
RPL17P49	0
RPL17P50	2.496835944
RPL17P51	0
RPL18	191.5557415
RPL18A	143.5472564
RPL18AP14	0
RPL18AP15	0
RPL18AP16	0.11803991
RPL18AP17	0
RPL18AP2	0.032509954
RPL18AP3	12.28654615
RPL18AP7	0.328946141
RPL18AP8	0.029677648
RPL18P1	0
RPL18P10	0.087378056
RPL18P11	0.059131313
RPL18P13	0.027539188
RPL19	533.5142709
RPL19P1	0.036611678
RPL19P11	0.026604071
RPL19P13	0
RPL19P14	0
RPL19P16	0.213194531
RPL19P18	0
RPL19P20	0.053028081
RPL19P21	0.159084244
RPL21	306.0383313
RPL21P1	0.092720698
RPL21P10	0.479687694
RPL21P103	0
RPL21P104	0
RPL21P106	0
RPL21P107	0.034064778
RPL21P108	0
RPL21P109	0.032989048
RPL21P11	0.681295565
RPL21P110	0.105402229
RPL21P111	0
RPL21P112	0
RPL21P116	0.129770584
RPL21P119	1.371107324
RPL21P12	0
RPL21P120	0.561865267
RPL21P121	0
RPL21P122	0
RPL21P123	0.115502197
RPL21P126	0
RPL21P127	0.03285073
RPL21P129	0.032782004
RPL21P13	0.097732628
RPL21P131	0.16221323
RPL21P132	0
RPL21P133	0
RPL21P134	1.03816467
RPL21P135	0.297151669
RPL21P136	0
RPL21P16	9.181268804
RPL21P17	0.131956194
RPL21P18	0.13058165
RPL21P2	0.13031017
RPL21P23	0
RPL21P24	0
RPL21P28	10.83584375
RPL21P3	0.327820042
RPL21P32	0.098552189
RPL21P33	0.097126847
RPL21P38	0
RPL21P39	0.259541168
RPL21P4	0.163567829
RPL21P40	0.064885292
RPL21P41	0
RPL21P42	0.033771116
RPL21P43	0
RPL21P44	0.663974491
RPL21P47	0
RPL21P5	0.033198725
RPL21P50	0
RPL21P54	0.067542233
RPL21P6	0
RPL21P65	0.033626176
RPL21P66	0
RPL21P67	0.131128017
RPL21P7	0.227098522
RPL21P71	0.034138993
RPL21P75	2.303427862
RPL21P8	0
RPL21P88	0.035939904
RPL21P89	0.234879199
RPL21P9	0
RPL21P90	0.134504704
RPL21P91	0.032713566
RPL21P92	0
RPL21P93	0.38453492
RPL21P99	0
RPL22	50.84689553
RPL22L1	12.82686818
RPL22P1	1.872731955
RPL22P10	0
RPL22P11	0
RPL22P12	0
RPL22P13	0
RPL22P14	0
RPL22P16	0.210050911
RPL22P17	0
RPL22P18	0.083128902
RPL22P19	0.177662109
RPL22P2	0.041897856
RPL22P20	0
RPL22P21	0
RPL22P22	0
RPL22P23	0
RPL22P24	0.458424941
RPL22P3	0.246768472
RPL22P4	0
RPL22P5	0
RPL22P6	0
RPL22P7	0
RPL22P8	0
RPL23	146.2488271
RPL23A	174.8425406
RPL23AP1	0
RPL23AP10	0
RPL23AP11	0
RPL23AP12	0
RPL23AP14	0
RPL23AP15	0.034138993
RPL23AP16	0
RPL23AP17	0
RPL23AP18	0.267859795
RPL23AP19	0
RPL23AP2	0.739775871
RPL23AP20	0
RPL23AP22	0
RPL23AP23	0.03326921
RPL23AP24	0
RPL23AP25	0.135376225
RPL23AP26	0.033771116
RPL23AP27	0
RPL23AP28	0
RPL23AP29	0
RPL23AP3	0.066964949
RPL23AP30	0.062554084
RPL23AP31	0.134216685
RPL23AP32	1.502115712
RPL23AP33	0
RPL23AP34	0
RPL23AP35	0
RPL23AP36	0
RPL23AP37	0.085627311
RPL23AP38	0
RPL23AP39	0
RPL23AP4	0
RPL23AP40	0
RPL23AP41	0
RPL23AP42	3.459997858
RPL23AP43	0.199615261
RPL23AP44	0
RPL23AP45	0
RPL23AP46	0
RPL23AP47	0.068129556
RPL23AP48	0.128440967
RPL23AP49	1.707606192
RPL23AP50	0
RPL23AP52	0
RPL23AP53	2.266989348
RPL23AP54	0
RPL23AP55	0
RPL23AP56	0
RPL23AP57	0.033626176
RPL23AP58	0.133644333
RPL23AP59	0
RPL23AP6	0
RPL23AP60	0
RPL23AP61	0.029399246
RPL23AP62	0
RPL23AP63	0.06653842
RPL23AP64	3.818387557
RPL23AP65	0.401789692
RPL23AP66	0
RPL23AP67	0.099175937
RPL23AP68	0
RPL23AP69	0.034213533
RPL23AP7	2.893905363
RPL23AP70	0.034064778
RPL23AP71	0
RPL23AP72	0.072045048
RPL23AP73	0
RPL23AP74	0.365961312
RPL23AP75	0.10423369
RPL23AP76	0
RPL23AP77	0
RPL23AP78	0.033339996
RPL23AP8	0
RPL23AP80	0.110871212
RPL23AP81	0.738191768
RPL23AP82	1.943054951
RPL23AP83	0.033128537
RPL23AP84	0
RPL23AP85	0
RPL23AP86	0
RPL23AP87	0.048620827
RPL23AP88	0.069029947
RPL23AP89	0
RPL23AP90	0.132794898
RPL23AP91	0
RPL23AP92	0.122900376
RPL23AP93	0.064751231
RPL23AP94	0
RPL23AP95	0
RPL23AP96	0
RPL23AP97	0.399230522
RPL23P10	0
RPL23P11	0
RPL23P2	0.93051057
RPL23P4	0
RPL23P8	0.402728453
RPL24	362.7832837
RPL24P2	3.496839131
RPL24P4	5.880826801
RPL24P7	0
RPL24P8	2.049636025
RPL26	196.8676846
RPL26L1	16.00634864
RPL26P19	2.289650848
RPL26P20	0
RPL26P26	0
RPL26P27	0.466149597
RPL26P28	0.108067572
RPL26P29	0
RPL26P3	0
RPL26P30	2.453720306
RPL26P31	0
RPL26P34	0
RPL26P35	0
RPL26P37	0.286206356
RPL26P6	2.361202437
RPL26P9	0
RPL27	685.5807325
RPL27A	186.3601473
RPL27AP	0.036022524
RPL27AP5	0.069798655
RPL27AP8	0
RPL27P12	0.039771061
RPL28	100.3020764
RPL29	335.0402781
RPL29P11	0.573285292
RPL29P12	0.26843337
RPL29P14	0.256281743
RPL29P19	0.408777339
RPL29P2	0.02385053
RPL29P22	0
RPL29P23	0
RPL29P24	0.207546993
RPL29P25	0.018435056
RPL29P28	0
RPL29P29	0
RPL29P3	0.135376225
RPL29P30	0.049692805
RPL29P32	0
RPL29P33	0.198351873
RPL29P7	0.034288398
RPL3	410.8256376
RPL30	160.9393705
RPL30P1	0
RPL30P10	0
RPL30P11	0.023457781
RPL30P12	0
RPL30P13	0
RPL30P14	0
RPL30P15	0
RPL30P16	0
RPL30P2	0
RPL30P3	0
RPL30P4	0.141169351
RPL30P5	0
RPL30P6	0
RPL30P7	0.145539919
RPL30P9	0
RPL31	219.4448191
RPL31P1	0
RPL31P11	0.010057637
RPL31P12	0.043770385
RPL31P13	0
RPL31P15	0
RPL31P2	0.083128902
RPL31P20	0
RPL31P28	0
RPL31P3	0
RPL31P33	0
RPL31P35	0.041564451
RPL31P40	0.126030547
RPL31P41	0
RPL31P44	0
RPL31P45	0
RPL31P47	0
RPL31P49	0.668578048
RPL31P50	0.052938507
RPL31P52	0.213484986
RPL31P53	0
RPL31P54	0
RPL31P56	0.042580973
RPL31P57	0.041786128
RPL31P58	0.082690227
RPL31P59	0
RPL31P60	0
RPL31P61	0.166699979
RPL31P63	0.793936432
RPL31P7	0.082908984
RPL31P9	0
RPL32	311.0412779
RPL32P1	1.108351565
RPL32P14	0
RPL32P23	0
RPL32P26	0.077765747
RPL32P28	0
RPL32P29	0
RPL32P3	1.906538477
RPL32P31	0.038882873
RPL32P33	0.039771061
RPL32P34	0.039174495
RPL32P35	0
RPL32P9	0
RPL34	259.8701836
RPL34-AS1	0.072005636
RPL34P1	0.044264966
RPL34P17	0
RPL34P18	0.486914627
RPL34P19	0
RPL34P20	0
RPL34P21	0
RPL34P22	0.098552189
RPL34P23	0
RPL34P26	0.088529932
RPL34P27	0.224495673
RPL34P29	0
RPL34P3	0
RPL34P31	0.168946609
RPL34P33	0.093831126
RPL34P34	0.354119729
RPL34P6	0.136259113
RPL35	522.1870858
RPL35A	285.4356082
RPL35AP	0.048066865
RPL35AP12	0
RPL35AP15	0
RPL35AP18	0
RPL35AP19	0
RPL35AP21	0
RPL35AP22	0
RPL35AP24	0.047484236
RPL35AP25	0
RPL35AP26	0.04881557
RPL35AP28	0
RPL35AP3	0
RPL35AP30	0
RPL35AP31	0
RPL35AP32	0.339593145
RPL35AP33	0
RPL35AP35	0
RPL35AP4	0.153625471
RPL35P1	3.049257988
RPL35P2	0.733847289
RPL35P3	0.084473305
RPL35P4	0.048663969
RPL35P5	2.075189464
RPL35P6	0.210615564
RPL35P8	0
RPL35P9	0
RPL36	226.0326979
RPL36A	18.91127992
RPL36A-HNRNPH2	0.067639416
RPL36AL	337.8668911
RPL36AP10	0
RPL36AP13	0
RPL36AP15	0.647999165
RPL36AP21	0.194053226
RPL36AP26	0.098552189
RPL36AP29	0.14644671
RPL36AP33	0.050547735
RPL36AP35	0
RPL36AP36	0.05205913
RPL36AP39	0.098552189
RPL36AP40	0.04881557
RPL36AP41	0
RPL36AP43	0.255208436
RPL36AP45	0.098552189
RPL36AP48	0
RPL36AP51	0
RPL36AP53	0
RPL36AP55	0.051376387
RPL36AP6	0
RPL36P1	0
RPL36P16	0.05120849
RPL36P18	0
RPL36P19	0
RPL36P2	1.09439859
RPL36P20	0
RPL36P4	0
RPL37	95.93306722
RPL37A	151.5121266
RPL37AP1	0.842462258
RPL37AP8	0
RPL37P1	0
RPL37P10	0
RPL37P15	0
RPL37P18	0
RPL37P2	0.600584592
RPL37P21	0
RPL37P23	0.426389061
RPL37P25	0
RPL37P3	0
RPL37P4	0
RPL37P6	1.516432064
RPL38	133.0152636
RPL38P1	0
RPL38P3	0
RPL38P4	0
RPL39	116.0853181
RPL39L	5.218338388
RPL39P	0
RPL39P18	0.303286413
RPL39P25	0
RPL39P26	0
RPL39P28	0
RPL39P29	0.099807631
RPL39P3	35.25704549
RPL39P31	0
RPL39P33	0
RPL39P34	0
RPL39P36	0.602684538
RPL39P38	0.716918862
RPL39P39	0
RPL39P40	2.253875054
RPL39P5	0.348993274
RPL39P6	0
RPL3L	0
RPL3P1	0.064697762
RPL3P10	0
RPL3P11	0.041020414
RPL3P12	0
RPL3P13	1.233271138
RPL3P2	0.39076803
RPL3P3	0.077509306
RPL3P4	20.70784179
RPL3P5	0
RPL3P6	0.104118259
RPL3P7	0.155146515
RPL3P8	0
RPL3P9	0.039737442
RPL4	198.1616498
RPL41	421.716319
RPL41P1	293.2767131
RPL41P2	2.528622659
RPL41P5	276.4313082
RPL4P1	0.171656629
RPL4P2	0.048891725
RPL4P3	0.011952554
RPL4P4	1.50107878
RPL4P5	0.356131773
RPL4P6	0.204284176
RPL5	469.7198166
RPL5P1	0.175277382
RPL5P10	0
RPL5P11	0.017547366
RPL5P12	0.165720543
RPL5P13	0
RPL5P14	0
RPL5P15	0
RPL5P16	0
RPL5P17	0.125072504
RPL5P18	0.035173508
RPL5P19	0.017547366
RPL5P2	0
RPL5P20	0
RPL5P21	0
RPL5P22	0.088630079
RPL5P23	0.487424592
RPL5P24	0.141647891
RPL5P25	0.020219094
RPL5P26	0.035735001
RPL5P27	0
RPL5P28	0.045223082
RPL5P29	0.035055476
RPL5P3	0.193889514
RPL5P30	0.510015872
RPL5P31	0
RPL5P32	0.017826846
RPL5P33	0.051944082
RPL5P34	1.248659548
RPL5P35	0
RPL5P4	0.176860023
RPL5P5	0.105284197
RPL5P6	0.035372005
RPL5P7	0.019274044
RPL5P8	0.019226746
RPL5P9	0.265290034
RPL6	149.8796622
RPL6P12	0.01852222
RPL6P2	0.020012513
RPL6P21	0
RPL6P24	0
RPL6P25	0
RPL6P27	6.09181367
RPL6P29	0
RPL6P30	0
RPL6P5	0
RPL6P7	0
RPL6P8	0
RPL6P9	0.054725721
RPL7	189.0994783
RPL7A	561.9670418
RPL7AP10	0.574493226
RPL7AP11	0.372623482
RPL7AP14	0.117230409
RPL7AP15	0.098552189
RPL7AP2	0
RPL7AP23	0
RPL7AP25	0
RPL7AP26	0.077096177
RPL7AP28	1.783777355
RPL7AP3	0.033198725
RPL7AP30	0.767741359
RPL7AP31	0.098181692
RPL7AP33	0
RPL7AP34	0.039125588
RPL7AP38	0
RPL7AP4	0
RPL7AP49	0
RPL7AP50	1.162915826
RPL7AP51	0
RPL7AP52	0
RPL7AP53	0.059280446
RPL7AP56	0
RPL7AP57	0
RPL7AP58	0.019538401
RPL7AP6	1.721525872
RPL7AP60	0.118411572
RPL7AP61	0
RPL7AP64	0.803579384
RPL7AP65	0
RPL7AP66	0.410818674
RPL7AP69	0
RPL7AP7	0.019660976
RPL7AP71	0
RPL7AP72	0
RPL7AP73	0.088780725
RPL7AP8	0
RPL7AP9	0.019587247
RPL7L1	9.278671523
RPL7L1P1	0
RPL7L1P10	0.067688112
RPL7L1P11	0
RPL7L1P12	0
RPL7L1P13	0
RPL7L1P2	0
RPL7L1P3	0.25017094
RPL7L1P4	0
RPL7L1P5	0.021232789
RPL7L1P7	0
RPL7L1P8	0.021146826
RPL7L1P9	0
RPL7P1	1.426434088
RPL7P10	0
RPL7P11	0.023814283
RPL7P12	0.020893064
RPL7P13	0
RPL7P14	0.042293652
RPL7P15	0.022008143
RPL7P16	0.021232789
RPL7P17	0.021643367
RPL7P18	0.661803458
RPL7P19	0.076066981
RPL7P2	0
RPL7P20	0
RPL7P21	0
RPL7P22	0
RPL7P23	0.650286128
RPL7P24	0.041674995
RPL7P25	0.021733423
RPL7P26	0.187040029
RPL7P27	0
RPL7P28	0
RPL7P29	0
RPL7P3	0.065839487
RPL7P30	0
RPL7P31	0
RPL7P32	0.231677121
RPL7P33	0.021118326
RPL7P34	0
RPL7P35	0
RPL7P36	0.023009982
RPL7P37	0.042465577
RPL7P38	0.06361217
RPL7P39	0
RPL7P4	0.021465477
RPL7P40	0
RPL7P41	0.032747749
RPL7P42	0
RPL7P43	0
RPL7P44	0.021118326
RPL7P45	0
RPL7P46	0.021175403
RPL7P47	0.281830899
RPL7P48	0.021005091
RPL7P49	0.044264966
RPL7P5	0
RPL7P50	0
RPL7P51	0.020920959
RPL7P52	0.021118326
RPL7P53	0
RPL7P54	0
RPL7P55	0
RPL7P56	0.021854669
RPL7P57	0.021175403
RPL7P58	0
RPL7P59	0
RPL7P6	0.339724618
RPL7P60	0.021319453
RPL7P61	0
RPL7P7	0
RPL7P8	0
RPL7P9	9.083028824
RPL8	835.1588631
RPL8P2	0.062429474
RPL9	460.535315
RPL9P15	0
RPL9P16	0.027636328
RPL9P18	0.322182762
RPL9P2	0.198351873
RPL9P21	0.124117212
RPL9P25	0
RPL9P28	0.162381326
RPL9P29	0.502067727
RPL9P3	0.10900729
RPL9P30	0
RPL9P31	0
RPL9P32	0.22746481
RPL9P33	0
RPL9P5	0.03326921
RPL9P6	0
RPL9P7	1.13470951
RPL9P9	278.2317967
RPLP0	359.5358974
RPLP0P1	0
RPLP0P11	0
RPLP0P2	0.473020252
RPLP0P6	3.64643098
RPLP0P7	0
RPLP1	582.4029414
RPLP1P10	0
RPLP1P11	0
RPLP1P13	0.104814702
RPLP1P6	1.566979799
RPLP2	411.8632071
RPLP2P1	0
RPN1	97.48875325
RPN2	79.53297967
RPP14	2.20619678
RPP21	4.595563422
RPP25	2.281859728
RPP25L	15.44020388
RPP30	4.670967079
RPP38	6.649515314
RPP40	1.317796467
RPP40P1	0
RPP40P2	0
RPPH1	0
RPPH1-2P	0
RPPH1-3P	0
RPRD1A	7.842323682
RPRD1B	5.351217533
RPRD2	2.951760986
RPRM	0.181092159
RPRML	0
RPS10	200.5867747
RPS10-NUDT3	0.017887897
RPS10P14	0.031214737
RPS10P16	0.315923347
RPS10P18	0
RPS10P2	0.28548215
RPS10P20	0
RPS10P21	0
RPS10P27	0
RPS10P28	0.062930916
RPS10P3	0.729565494
RPS10P5	0.324609751
RPS10P7	0.544977947
RPS11	1427.63133
RPS11P1	0
RPS11P5	2.072039404
RPS11P6	0.146583704
RPS11P7	0.03369849
RPS12	1935.005537
RPS12P10	0
RPS12P15	0
RPS12P16	0.115502197
RPS12P17	0.083128902
RPS12P18	0
RPS12P2	0
RPS12P20	0.082472621
RPS12P21	0
RPS12P23	0.276293667
RPS12P24	0
RPS12P26	1.622378075
RPS12P27	0.185991668
RPS12P28	0
RPS12P31	0.078742703
RPS12P5	0
RPS13	319.1950754
RPS13P2	1.825273173
RPS14	326.1138769
RPS14P4	0
RPS14P7	0
RPS14P8	0.169862309
RPS15	140.3755792
RPS15A	153.2585543
RPS15AP1	5.169831052
RPS15AP10	0.738367445
RPS15AP11	0.651212384
RPS15AP12	1.171196242
RPS15AP16	0.564286354
RPS15AP17	0.120536908
RPS15AP18	0
RPS15AP24	0.197850985
RPS15AP25	0
RPS15AP27	0
RPS15AP28	0
RPS15AP29	0.23504697
RPS15AP3	0
RPS15AP30	0.040178969
RPS15AP32	0
RPS15AP34	0
RPS15AP36	0.164081654
RPS15AP38	0.168492452
RPS15AP40	0.120228629
RPS15AP5	0
RPS15AP6	0.162803096
RPS15AP7	0
RPS15AP9	0
RPS15P5	0.507817528
RPS15P9	0
RPS16	464.579712
RPS16P5	0.116359886
RPS16P8	0
RPS16P9	0
RPS17	316.8283527
RPS17P1	0.617528985
RPS17P11	0
RPS17P13	0
RPS17P14	0
RPS17P15	0.089798269
RPS17P17	0
RPS17P2	0.153625471
RPS17P5	0.076812735
RPS17P8	0
RPS18	1563.982889
RPS18P1	0.102640598
RPS18P12	1.741088666
RPS18P13	0.310634762
RPS18P6	0
RPS18P9	5.211911072
RPS19	274.4541439
RPS19BP1	15.83636507
RPS19P1	0.324949728
RPS19P3	0.639583592
RPS19P6	0
RPS19P7	0.039570197
RPS2	249.801127
RPS20	494.5799566
RPS20P1	0.044264966
RPS20P10	0.557423644
RPS20P14	2.655160216
RPS20P15	0.050385203
RPS20P2	0.120846771
RPS20P20	0
RPS20P21	0
RPS20P22	0.451784768
RPS20P23	0
RPS20P24	0.043406643
RPS20P25	0
RPS20P31	0.094396373
RPS20P32	0
RPS20P33	0.398384695
RPS20P35	0.175571966
RPS20P4	0.22070138
RPS20P5	0
RPS21	753.7892757
RPS21P1	0.317202389
RPS21P4	0
RPS21P8	0
RPS23	193.9156139
RPS23P1	0.036272681
RPS23P10	0
RPS23P2	0
RPS23P3	0
RPS23P4	0
RPS23P5	0
RPS23P6	0.399925239
RPS23P7	0
RPS23P8	3.086475362
RPS23P9	0
RPS24	254.3805465
RPS24P1	0
RPS24P12	0
RPS24P13	0
RPS24P14	0.128440967
RPS24P16	0.039973974
RPS24P17	0.074088879
RPS24P18	0
RPS24P6	0
RPS24P7	0.318491829
RPS24P8	1.715102268
RPS25	555.0206378
RPS25P9	0.124363476
RPS26	129.834317
RPS26P11	0.09005631
RPS26P13	0.189936945
RPS26P15	0.450281552
RPS26P2	0
RPS26P21	0.315197086
RPS26P24	0
RPS26P28	0.180112621
RPS26P3	0.495309707
RPS26P30	0
RPS26P31	0.405253396
RPS26P34	0.044899135
RPS26P35	0.045288434
RPS26P38	0
RPS26P39	0.13785746
RPS26P4	0
RPS26P40	0
RPS26P41	0.11035069
RPS26P42	0.048066865
RPS26P43	0.157222053
RPS26P45	0.184350565
RPS26P47	0.09005631
RPS26P48	0
RPS26P49	0
RPS26P5	0
RPS26P52	0.180112621
RPS26P54	0.045028155
RPS26P55	0
RPS26P56	0
RPS26P6	0.180112621
RPS26P8	0.180112621
RPS27	1466.915053
RPS27A	275.007458
RPS27AP1	0.099807631
RPS27AP10	0.452013404
RPS27AP11	0.630998577
RPS27AP12	0.101095471
RPS27AP13	0
RPS27AP14	0
RPS27AP15	0
RPS27AP16	7.44730682
RPS27AP17	0
RPS27AP18	0
RPS27AP19	0.034213533
RPS27AP2	0.067396981
RPS27AP3	0
RPS27AP6	0.279817821
RPS27AP7	0.068878233
RPS27AP8	0.035213029
RPS27AP9	0
RPS27L	14.52293429
RPS27P1	0
RPS27P12	0
RPS27P14	0.123384236
RPS27P15	0
RPS27P16	0.155918388
RPS27P18	0
RPS27P20	0
RPS27P21	0.497453905
RPS27P22	0
RPS27P23	0.062429474
RPS27P25	0
RPS27P26	0
RPS27P27	0.061450188
RPS27P29	0.31090869
RPS27P5	0
RPS28	141.8120416
RPS28P1	0
RPS28P7	633.3583113
RPS28P8	0
RPS29	74.4423522
RPS29P1	0
RPS29P10	0
RPS29P11	8.70544333
RPS29P12	0
RPS29P13	0
RPS29P14	0.183272491
RPS29P15	0.091636246
RPS29P16	0.641453719
RPS29P17	0.188792747
RPS29P19	0
RPS29P2	0
RPS29P20	0
RPS29P21	0
RPS29P22	0
RPS29P23	0
RPS29P24	0
RPS29P25	0
RPS29P26	0
RPS29P27	0
RPS29P28	0
RPS29P29	0
RPS29P3	0.274908737
RPS29P30	0
RPS29P31	0
RPS29P32	0
RPS29P33	0
RPS29P4	0
RPS29P5	0.82472621
RPS29P6	0
RPS29P7	0.091636246
RPS29P8	0
RPS29P9	0
RPS2P1	0.019086234
RPS2P2	0
RPS2P24	0
RPS2P25	0
RPS2P28	0.021146826
RPS2P32	1.106723401
RPS2P35	0.017469117
RPS2P36	0.09428278
RPS2P39	0
RPS2P4	0.073223355
RPS2P41	0.025986398
RPS2P44	0.03704444
RPS2P45	0.125728953
RPS2P46	6.903229241
RPS2P48	0.035532422
RPS2P5	27.15028708
RPS2P52	0.01910951
RPS2P55	0.372667902
RPS2P6	0
RPS2P7	0.49576762
RPS3	281.1870012
RPS3A	461.8808505
RPS3AP1	0
RPS3AP12	0.104049123
RPS3AP14	0.020089485
RPS3AP15	0.060191286
RPS3AP17	0
RPS3AP2	0.041564451
RPS3AP22	0.02037685
RPS3AP23	0
RPS3AP24	0.064045496
RPS3AP25	0.256881934
RPS3AP26	11.23268683
RPS3AP29	0.040753701
RPS3AP3	0
RPS3AP30	0.018478535
RPS3AP32	0
RPS3AP33	0
RPS3AP34	0.461466522
RPS3AP35	0
RPS3AP36	0.222410036
RPS3AP37	0.063099858
RPS3AP38	0.143759615
RPS3AP39	0.060657283
RPS3AP4	0.020510207
RPS3AP40	0.020063762
RPS3AP41	0
RPS3AP42	0
RPS3AP43	0.120382571
RPS3AP44	0.337198185
RPS3AP46	0
RPS3AP47	1.543237681
RPS3AP49	0.29752781
RPS3AP5	1.469640007
RPS3AP50	0.01951407
RPS3AP52	0
RPS3AP53	0.020141129
RPS3AP54	0.042696997
RPS3AP6	4.76992593
RPS3AP9	0
RPS3P1	0
RPS3P2	0.044706984
RPS3P6	0.20720394
RPS3P7	0.043167488
RPS4X	419.0698826
RPS4XP1	0.119464788
RPS4XP10	0
RPS4XP11	0.142083661
RPS4XP12	0
RPS4XP13	0.099301635
RPS4XP14	0.180573857
RPS4XP15	0
RPS4XP16	0.345772874
RPS4XP17	0.062346676
RPS4XP18	0.020537088
RPS4XP19	0
RPS4XP2	0.079040595
RPS4XP20	0.020297666
RPS4XP21	0
RPS4XP22	0.100447423
RPS4XP23	0.396703747
RPS4XP3	0.151765598
RPS4XP4	0
RPS4XP5	0
RPS4XP6	0.098304881
RPS4XP7	0
RPS4XP8	0
RPS4XP9	0
RPS4Y1	150.7606763
RPS4Y2	0.118710591
RPS5	262.7951192
RPS5P2	0.024484059
RPS5P3	0.076313951
RPS5P7	0
RPS6	1063.496603
RPS6KA1	17.02266295
RPS6KA2	12.04272356
RPS6KA2-AS1	0
RPS6KA2-IT1	0.270635544
RPS6KA3	9.789855689
RPS6KA4	6.783248514
RPS6KA5	0.531821392
RPS6KA6	0.352026749
RPS6KB1	3.946497843
RPS6KB2	6.176947165
RPS6KB2-AS1	0
RPS6KC1	2.896001439
RPS6KL1	0.267437802
RPS6P12	0
RPS6P14	0
RPS6P15	0
RPS6P16	0.263156913
RPS6P2	0
RPS6P20	0
RPS6P21	0
RPS6P22	0.021583744
RPS6P23	0
RPS6P25	0.3770807
RPS6P4	0
RPS6P7	0
RPS6P8	0.085861907
RPS7	168.1801837
RPS7P1	8.946517145
RPS7P10	2.104898238
RPS7P11	2.139221569
RPS7P12	0
RPS7P13	0
RPS7P14	0.134389348
RPS7P15	0.026831846
RPS7P2	0.025815153
RPS7P3	0.135084465
RPS7P4	0.35001267
RPS7P5	0
RPS7P6	0
RPS7P7	0.027442729
RPS7P8	0.080911177
RPS7P9	0
RPS8	576.1939384
RPS8P10	0.025192601
RPS8P3	0
RPS8P4	0.049983407
RPS8P6	0
RPS9	331.4031425
RPS9P1	0
RPSA	201.4858934
RPSAP1	0.035613177
RPSAP10	0.01784715
RPSAP11	0.035572754
RPSAP12	0.229400196
RPSAP13	0
RPSAP14	0.91661771
RPSAP15	0.218394397
RPSAP16	0
RPSAP17	0.177460906
RPSAP18	0.689754088
RPSAP19	2.795634415
RPSAP2	0.017646169
RPSAP20	0.105639088
RPSAP21	0
RPSAP22	0
RPSAP23	0
RPSAP24	0
RPSAP25	0
RPSAP26	0
RPSAP27	0
RPSAP28	0
RPSAP29	0.198351873
RPSAP3	0.105996379
RPSAP31	0
RPSAP32	0
RPSAP33	0.036230747
RPSAP34	0
RPSAP35	0
RPSAP36	0.024852971
RPSAP37	0
RPSAP38	0
RPSAP39	0.017746091
RPSAP4	0.105877013
RPSAP40	0
RPSAP41	0.018220695
RPSAP42	0
RPSAP43	0.150430061
RPSAP44	0.053178047
RPSAP45	0.035857661
RPSAP46	0.071064844
RPSAP47	0.352923378
RPSAP48	0
RPSAP49	0.088430011
RPSAP5	0.070904063
RPSAP50	0
RPSAP51	0.02429426
RPSAP52	0
RPSAP53	0.01817842
RPSAP54	0.565952072
RPSAP55	0
RPSAP57	0
RPSAP58	0.106116014
RPSAP59	0
RPSAP6	0.088831054
RPSAP60	0.017806589
RPSAP61	0.267707255
RPSAP62	0
RPSAP63	0.017646169
RPSAP64	0
RPSAP65	0
RPSAP66	0
RPSAP67	0
RPSAP68	0
RPSAP69	0.105431778
RPSAP7	1.363360955
RPSAP70	0.199499743
RPSAP71	0.017969952
RPSAP72	0.043770385
RPSAP73	0
RPSAP74	0.03987226
RPSAP75	0
RPSAP76	0
RPSAP8	0.123384236
RPSAP9	0.741139094
RPTN	0
RPTOR	1.77743475
RPUSD1	2.444692211
RPUSD2	2.689497963
RPUSD3	2.988630133
RPUSD4	5.023699626
RRAD	145.3100987
RRAGA	51.95982733
RRAGB	6.497934581
RRAGC	7.478560451
RRAGD	5.925605787
RRAS	153.6855964
RRAS2	10.48283619
RRBP1	19.66357602
RREB1	1.884480749
RRH	0.161544309
RRM1	7.480387168
RRM1-AS1	0
RRM2	0.879153147
RRM2B	14.58240213
RRM2P2	0
RRM2P3	0.229051217
RRM2P4	0
RRN3	7.47671064
RRN3P1	1.449747159
RRN3P2	0.742993412
RRN3P3	1.745743983
RRNAD1	6.175947521
RRP1	3.682457821
RRP12	4.797026915
RRP15	2.916097128
RRP1B	2.871799146
RRP36	15.45019413
RRP7A	11.30897229
RRP7BP	0.883195606
RRP8	2.614651356
RRP9	8.103013411
RRS1	6.512243129
RRS1-AS1	0.035890513
RS1	1.371388347
RSAD1	6.662836927
RSAD2	5.523652416
RSBN1	3.846787189
RSBN1L	3.853300312
RSC1A1	0
RSF1	1.85668191
RSF1-IT1	0.148763905
RSF1-IT2	0.332221866
RSG1	1.14607584
RSL1D1	25.51582803
RSL24D1	62.87708241
RSL24D1P1	0
RSL24D1P11	0.159570244
RSL24D1P2	0
RSL24D1P3	0
RSL24D1P4	0
RSL24D1P5	0
RSL24D1P6	0.234460818
RSL24D1P8	0.063698366
RSL24D1P9	0
RSPH1	1.195687397
RSPH10B	0.006276707
RSPH10B2	0.043945748
RSPH14	0.128651872
RSPH3	2.471916007
RSPH4A	1.263515402
RSPH6A	0.006152257
RSPH9	0.893375028
RSPO1	0.979045326
RSPO2	1.614579429
RSPO3	2.405429827
RSPO4	1.844526037
RSPRY1	6.274120965
RSRC1	3.13579698
RSRC2	9.158791666
RSRP1	8.687019111
RSU1	21.45764035
RSU1P1	0.071064844
RSU1P2	0
RSU1P3	0
RTBDN	0.005857868
RTCA	9.256377215
RTCA-AS1	1.815177545
RTCB	22.95189543
RTEL1	0.120235314
RTEL1P1	0.00425232
RTEL1-TNFRSF6B	0.29721052
RTF1	8.402487867
RTF2	21.15789116
RTKN	4.110778175
RTKN2	25.90407326
RTL1	0.022422797
RTL10	1.642299863
RTL3	0.112434351
RTL4	0
RTL5	1.560749915
RTL6	4.728030041
RTL8A	21.49177828
RTL8B	6.481387324
RTL8C	54.08136886
RTL9	0.005668221
RTN1	1.67322855
RTN2	2.497101842
RTN3	22.64166772
RTN3P1	0
RTN4	51.67920133
RTN4IP1	2.413180643
RTN4R	0.614777939
RTN4RL1	0.644082731
RTN4RL2	0.295408844
RTP1	0
RTP2	0
RTP3	0.023724145
RTP4	5.324101249
RTP5	0.114246417
RTRAF	11.19271285
RTTN	1.055397808
RUBCN	3.176531673
RUBCNL	1.283357739
RUFY1	6.643294497
RUFY2	2.312821358
RUFY3	6.850439569
RUFY4	0.039561115
RUNDC1	4.005565348
RUNDC3A	0.140164894
RUNDC3A-AS1	0.00870061
RUNDC3B	0.349326707
RUNX1	3.890786493
RUNX1T1	0.534868613
RUNX2	0.418906953
RUNX2-AS1	0
RUNX3	4.171221929
RUSC1	3.903734455
RUSC1-AS1	1.934212835
RUSC2	4.051202614
RUVBL1	3.894607227
RUVBL1-AS1	0
RUVBL2	11.97295937
RWDD1	14.66739765
RWDD2A	2.879492794
RWDD2B	5.090953516
RWDD3	2.269037348
RWDD4	5.012529041
RWDD4P1	0.19413909
RWDD4P2	2.003952852
RXFP1	3.553548489
RXFP2	0.278553203
RXFP3	0.008461014
RXFP4	0.037910802
RXRA	6.413401694
RXRB	14.66645123
RXRG	2.789875014
RXYLT1	1.728818051
RYBP	9.161575185
RYK	9.89609959
RYKP1	0.027047983
RYR1	0.585961128
RYR2	0.489212909
RYR3	0.211806787
S100A1	1.298059174
S100A10	541.9739335
S100A11	617.8509174
S100A11P1	0
S100A11P2	0.100447423
S100A12	1.905786242
S100A13	38.03509607
S100A14	105.7005794
S100A16	72.03869507
S100A2	4.13994663
S100A3	17.09730839
S100A4	756.9964754
S100A5	0.35976577
S100A6	2179.635012
S100A7	0
S100A7A	0
S100A7L2	0
S100A8	57.05613325
S100A9	347.5327642
S100B	1.515035718
S100G	0
S100P	3.4644944
S100PBP	1.995794371
S100Z	0.088212783
S1PR1	73.56283871
S1PR2	3.762151389
S1PR3	1.380102154
S1PR4	9.275691721
S1PR5	1.273240892
SAA1	1.065136596
SAA2	0.112580497
SAA2-SAA4	0
SAA3P	0
SAA4	0.021554055
SAAL1	2.174375878
SAC3D1	1.989675253
SACM1L	12.08910422
SACS	1.104145047
SACS-AS1	0.014028467
SAE1	18.5905819
SAFB	7.389481203
SAFB2	6.333902596
SAG	0.014502968
SAGE1	0
SAGE2P	0
SAGE3P	0
SAGE4P	0
SALL1	0
SALL1P1	0
SALL2	0.885101931
SALL3	0
SALL4	0.057879086
SALL4P1	0
SALL4P2	0
SALL4P5	0
SALL4P6	0
SALL4P7	0
SALRNA1	0
SALRNA2	0.045507642
SALRNA3	0
SAMD1	6.695843862
SAMD10	1.047634273
SAMD11	0.628937132
SAMD11P1	0.118530998
SAMD12	1.17421506
SAMD12-AS1	0.231485652
SAMD13	0.408185765
SAMD14	1.016214095
SAMD15	0.149749599
SAMD3	0.238349817
SAMD4A	3.123658992
SAMD4B	8.644936339
SAMD5	1.438051082
SAMD7	0.012475954
SAMD8	4.343678285
SAMD9	2.976232967
SAMD9L	6.50510745
SAMHD1	38.77015323
SAMM50	4.414816436
SAMM50P1	0.011200713
SAMMSON	0.007504693
SAMSN1	14.58196096
SAMSN1-AS1	0.018654521
SAP130	3.579722889
SAP18	47.0001656
SAP18P1	0
SAP18P2	0
SAP18P3	0.079140394
SAP25	0.270947516
SAP30	3.561317726
SAP30BP	8.901915962
SAP30L	4.532758739
SAP30L-AS1	0.317845801
SAPCD1	0.060384578
SAPCD1-AS1	0.06798177
SAPCD2	0.118093592
SAPCD2P1	0
SAPCD2P2	0
SAPCD2P3	0.018435056
SAPCD2P4	0
SAR1A	28.19385118
SAR1AP1	0
SAR1AP2	0
SAR1AP3	0
SAR1AP4	0
SAR1B	6.32337739
SARAF	136.515909
SARDH	0.29686922
SARM1	0.39396098
SARNP	1.1812333
SARS	39.68102651
SARS2	0.708075056
SART1	9.253988961
SART3	4.747705265
SASH1	8.570764352
SASH3	13.84907266
SASS6	0.45368247
SAT1	496.4528234
SAT2	47.53394595
SATB1	2.017008825
SATB1-AS1	0.020885329
SATB2	0.141568717
SATB2-AS1	0
SATL1	0.006896918
SAV1	6.649226893
SAXO1	0.053005659
SAXO2	0.734521781
SAYSD1	5.608984102
SBDS	103.527424
SBDSP1	26.63486245
SBF1	4.883015115
SBF1P1	0
SBF2	1.183155261
SBF2-AS1	0.665877762
SBK1	0.348426999
SBK2	0
SBK3	0.17525432
SBNO1	2.707421049
SBNO2	20.37357527
SBSN	0.00789013
SBSPON	2.606270303
SC5D	15.41360834
SCAANT1	0.122900376
SCAF1	6.281011817
SCAF11	7.835457237
SCAF4	4.599235744
SCAF8	4.928796158
SCAI	2.461123951
SCAMP1	8.421058695
SCAMP1-AS1	4.223500241
SCAMP2	17.03307042
SCAMP3	18.21084632
SCAMP4	6.481567529
SCAMP5	0.50807061
SCAND1	16.31354721
SCAND2P	0.453264662
SCAND3P1	0
SCAP	6.048079467
SCAPER	1.491397656
SCARA3	2.798872378
SCARA5	4.727438493
SCARB1	2.141667262
SCARB2	36.4829281
SCARF1	8.840912031
SCARF2	1.956550804
SCARNA1	0.094396373
SCARNA10	0.047484236
SCARNA11	0
SCARNA12	0.638399178
SCARNA13	1.310564923
SCARNA14	0
SCARNA15	0
SCARNA16	0
SCARNA17	0
SCARNA18	0.233877582
SCARNA18B	0.232145155
SCARNA2	0
SCARNA20	0.83731745
SCARNA21	0.11273236
SCARNA21B	0
SCARNA22	0.501433536
SCARNA23	0
SCARNA3	0
SCARNA4	0
SCARNA4	0.121471302
SCARNA5	0
SCARNA6	0.354787879
SCARNA7	0.142452709
SCARNA8	0.717700671
SCARNA9	1.02097834
SCART1	0.271753203
SCCPDH	19.86427049
SCD	74.1875218
SCD5	9.386544884
SCDP1	0.028991301
SCEL	48.20186375
SCEL-AS1	0.027490874
SCFD1	8.227180502
SCFD2	3.596427734
SCG2	0.2651014
SCG3	0.075631001
SCG5	0.349644855
SCGB1A1	835.7494837
SCGB1B2P	0.61051161
SCGB1C1	0
SCGB1C2	0.032782004
SCGB1D1	0
SCGB1D2	0
SCGB1D4	0
SCGB1D5P	0
SCGB2A1	1.985041588
SCGB2A2	0
SCGB2B2	0.151981318
SCGB2B3P	0
SCGB3A1	34.41428448
SCGB3A2	64.19515383
SCGN	0.031720239
SCHIP1	0.58825795
SCHLAP1	0
SCIMP	5.027145269
SCIN	0.541964965
SCLT1	1.014795167
SCLY	0.150915126
SCMH1	6.7478442
SCML1	4.860288444
SCML2	0.216237993
SCML2P1	0
SCML2P2	0.377235878
SCML4	0.402975412
SCN10A	0.012207696
SCN11A	0.105780799
SCN1A	1.433705744
SCN1B	1.473808028
SCN2A	0.083209161
SCN2B	0.164067573
SCN3A	0.11024942
SCN3B	0.25498192
SCN4A	0.013300423
SCN4B	3.631043649
SCN5A	0.012514564
SCN7A	7.616944266
SCN8A	0.052730672
SCN9A	0.700030536
SCNM1	7.976479101
SCNN1A	16.63515995
SCNN1B	12.090301
SCNN1D	0.661829977
SCNN1G	5.183052658
SCO1	2.406378558
SCO2	22.07127315
SCOC	16.70548849
SCOC-AS1	0.390119452
SCOCP1	0.493890481
SCP2	17.51696623
SCP2D1	0
SCPEP1	42.71880564
SCRG1	0.130678449
SCRIB	3.750426458
SCRN1	4.908798776
SCRN2	5.705598481
SCRN3	3.633850355
SCRT1	0.004146546
SCRT2	0
SCT	0.984714082
SCTR	8.841132377
SCUBE1	2.023450635
SCUBE2	1.728335234
SCUBE3	0.528291178
SCX	0.941129009
SCYL1	12.89592904
SCYL2	9.156448225
SCYL3	1.604998923
SDAD1	4.582888499
SDAD1P1	0.572683229
SDAD1P2	0
SDAD1P3	0
SDAD1P4	0
SDC1	54.98159441
SDC2	30.2963246
SDC3	9.292786669
SDC4	434.6345003
SDC4P	0
SDCBP	96.20298333
SDCBP2	4.140417789
SDCBP2-AS1	2.239645844
SDCBP2P1	0
SDCBPP1	0.017606515
SDCBPP2	0.017705986
SDCBPP3	0.017586754
SDCCAG3	7.112177704
SDCCAG3P1	0
SDCCAG3P2	0
SDCCAG8	6.807322992
SDE2	11.38080674
SDF2	19.64368134
SDF2L1	13.26015663
SDF4	21.86584044
SDHA	7.175993618
SDHAF1	7.463144613
SDHAF2	9.035914814
SDHAF3	6.014807393
SDHAF4	13.27580108
SDHAP1	2.271256136
SDHAP2	0
SDHAP3	5.650745568
SDHB	35.27295714
SDHC	5.310689306
SDHCP1	0
SDHCP2	0
SDHCP3	0
SDHCP4	0.061450188
SDHD	46.94693962
SDHDP1	0
SDHDP2	0.067396981
SDHDP6	0.228517887
SDK1	0.414414323
SDK2	0.203854527
SDR16C5	40.17088196
SDR16C6P	0.043286735
SDR39U1	2.598991987
SDR42E1	0.624897494
SDR42E1P1	0
SDR42E1P2	0
SDR42E1P3	0
SDR42E1P4	0
SDR42E1P5	0
SDR42E2	0.113203864
SDR9C7	0.079902653
SDS	3.153768392
SDSL	4.419505301
SEBOX	0
SEC11A	26.94779979
SEC11B	0.031402401
SEC11C	20.32801105
SEC13	19.30958765
SEC13P1	0.099175937
SEC14L1	9.033602438
SEC14L1P1	0.366418935
SEC14L2	0.507926618
SEC14L3	0.945406868
SEC14L4	1.749714486
SEC14L5	0.089514054
SEC14L6	4.702787252
SEC16A	7.604761112
SEC16B	0.014868996
SEC1P	0.095184802
SEC22A	4.893059527
SEC22B	5.099535765
SEC22C	8.264142759
SEC23A	6.439595017
SEC23A-AS1	0
SEC23B	18.48252479
SEC23IP	5.065246765
SEC24A	5.988513273
SEC24AP1	0.05175821
SEC24B	7.980517928
SEC24B-AS1	0.424491432
SEC24C	5.082578636
SEC24D	4.144914308
SEC31A	12.65406869
SEC31B	1.237712691
SEC61A1	38.18533273
SEC61A2	1.088402721
SEC61B	81.98332967
SEC61G	28.42171286
SEC62	28.91441408
SEC62-AS1	0.588749636
SEC63	9.03837306
SEC63P1	0.186841788
SEC63P2	0
SECISBP2	5.84763072
SECISBP2L	15.83552065
SECTM1	10.08667172
SEH1L	3.963422811
SEL1L	10.02086778
SEL1L2	0.068585625
SEL1L3	9.306884961
SELE	9.258338662
SELENBP1	80.37926631
SELENOF	174.9011737
SELENOH	37.70268966
SELENOI	2.653165049
SELENOK	61.5862869
SELENOKP1	0.054981747
SELENOKP2	0
SELENOKP3	0
SELENOM	37.34790887
SELENON	20.65338881
SELENOO	7.500017576
SELENOOLP	0
SELENOP	56.66802826
SELENOS	33.61974716
SELENOT	60.28040549
SELENOTP1	0.193057059
SELENOTP2	0
SELENOV	0
SELENOW	97.75380539
SELENOWP1	0.186545214
SELL	4.416295361
SELP	7.920207353
SELPLG	31.32702999
SEM1	5.76741303
SEM1P1	0.22492533
SEMA3A	0.645453209
SEMA3B	12.89063653
SEMA3B-AS1	5.563241891
SEMA3C	5.792425327
SEMA3D	0.761915258
SEMA3E	1.490813621
SEMA3F	10.36102888
SEMA3F-AS1	1.493120799
SEMA3G	7.942783258
SEMA4A	6.480574035
SEMA4B	8.519306389
SEMA4C	5.823046583
SEMA4D	1.74846616
SEMA4F	1.278345492
SEMA4G	0.832262258
SEMA5A	4.506507995
SEMA5A-AS1	0
SEMA5B	0.513598777
SEMA6A	4.352244916
SEMA6A-AS1	0.448658055
SEMA6A-AS2	0.130039817
SEMA6B	2.724101328
SEMA6C	0.995378802
SEMA6D	1.594438558
SEMA7A	2.345560387
SEMG1	0
SEMG2	0
SENCR	1.158937294
SENP1	2.17924343
SENP2	5.53000264
SENP3	5.246050146
SENP3-EIF4A1	0.066793683
SENP5	5.840257333
SENP6	6.393398393
SENP7	3.97624799
SENP8	0.98581713
SEPHS1	8.89083703
SEPHS1P1	0
SEPHS1P4	0.026649316
SEPHS1P6	0.026581506
SEPHS1P7	0
SEPHS2	24.96356685
SEPHS2P1	0
SEPSECS	1.858148382
SEPSECS-AS1	0.190656404
SEPT1	2.14405346
SEPT10	39.62399173
SEPT10P1	0.121366766
SEPT11	11.83520453
SEPT12	0.044770851
SEPT14	0
SEPT14P1	0
SEPT14P12	0
SEPT14P17	0
SEPT14P19	0
SEPT14P2	0
SEPT14P24	0
SEPT14P3	0
SEPT14P4	0.421231129
SEPT14P8	0
SEPT2	59.97552528
SEPT2P1	0
SEPT3	0.571700756
SEPT4	3.491087047
SEPT4-AS1	0.238777874
SEPT5	1.428140196
SEPT6	4.398583808
SEPT7	21.27713513
SEPT7-AS1	0.611164671
SEPT7P1	0.052407351
SEPT7P2	3.077498138
SEPT7P3	0.126165845
SEPT7P4	0
SEPT7P5	0
SEPT7P6	0.027418719
SEPT7P7	0
SEPT7P8	0
SEPT7P9	0.130147824
SEPT8	3.824479292
SEPT9	9.863774274
SERAC1	1.229142275
SERBP1	19.98736219
SERBP1P1	0.094559126
SERBP1P2	0
SERBP1P3	0.48423356
SERBP1P4	0
SERBP1P5	0.013268246
SERBP1P6	0.067252352
SERF1A	0.028620636
SERF1AP1	0
SERF1B	0.529003341
SERF2	89.37138224
SERGEF	3.588571671
SERHL	0.134929374
SERHL2	0.788766861
SERINC1	103.104973
SERINC2	7.033527248
SERINC3	37.93476401
SERINC4	0
SERINC5	4.480355474
SERP1	52.47623668
SERP2	2.146770457
SERPINA1	281.4010582
SERPINA10	0.11740894
SERPINA11	0
SERPINA12	0
SERPINA13P	0
SERPINA15P	0
SERPINA2	0.110796551
SERPINA3	0.695739031
SERPINA4	0
SERPINA5	0.099622557
SERPINA6	0.033844056
SERPINA7	0
SERPINA7P1	0
SERPINA9	0.067304872
SERPINB1	196.7283883
SERPINB10	0.005803629
SERPINB11	0.038156976
SERPINB12	0.012261188
SERPINB13	0
SERPINB2	0.165365408
SERPINB3	0.078995315
SERPINB4	0.007784301
SERPINB5	0.007956232
SERPINB6	69.55150347
SERPINB7	0.059422821
SERPINB8	9.041956265
SERPINB8P1	0
SERPINB9	12.84634241
SERPINB9P1	3.080295907
SERPINC1	0.053178047
SERPIND1	1.252110768
SERPINE1	123.9240325
SERPINE2	0.690874009
SERPINE3	0.144200595
SERPINE4P	0
SERPINF1	18.80477876
SERPINF2	5.025280191
SERPING1	142.1719946
SERPINH1	25.43711408
SERPINH1P1	0
SERPINI1	3.784599681
SERPINI2	0.187927031
SERTAD1	174.2875876
SERTAD2	4.101021407
SERTAD3	30.71082591
SERTAD4	1.232488227
SERTAD4-AS1	3.90184213
SERTM1	3.693909349
SERTM2	0.981420723
SESN1	11.35838511
SESN2	4.814843809
SESN3	2.747095852
SESTD1	6.660596134
SET	42.88955042
SETBP1	1.090463926
SETD1A	2.313128228
SETD1B	2.636762977
SETD2	4.665436412
SETD3	17.9411334
SETD4	2.14302489
SETD5	6.949050868
SETD6	1.814462627
SETD6P1	0
SETD7	4.149411153
SETD8P1	0.020012513
SETD9	2.444974014
SETDB1	3.258558021
SETDB2	2.381677892
SETMAR	4.779573932
SETP1	0
SETP10	0.019250366
SETP11	0
SETP12	0.116793525
SETP14	0.071797471
SETP15	0
SETP16	0
SETP17	0.460312303
SETP2	0
SETP20	0.018391782
SETP21	0
SETP22	0.049121624
SETP3	0.019274044
SETP4	0.018052763
SETP5	0.055764406
SETP6	0
SETP7	0
SETP8	0
SETP9	0.018833892
SETSIP	0.034477003
SETX	6.616423766
SEZ6	0.009190497
SEZ6L	0.017535094
SEZ6L2	2.035929958
SF1	32.79060039
SF3A1	12.76559938
SF3A2	8.994884043
SF3A3	14.02347745
SF3A3P1	0.010609206
SF3A3P2	0
SF3B1	32.79816623
SF3B2	12.84619478
SF3B3	4.643276964
SF3B4	20.75811993
SF3B5	152.8314064
SF3B6	44.63994249
SFI1	1.287152784
SFMBT1	1.623298312
SFMBT2	1.04538791
SFN	151.7596194
SFPQ	43.03180588
SFPQP1	0
SFR1	10.3427585
SFR1P1	0.045551738
SFR1P2	0
SFRP1	1.326387018
SFRP2	20.99845469
SFRP4	5.401430645
SFRP5	2.842071205
SFSWAP	3.51748936
SFT2D1	22.66668589
SFT2D2	3.632220353
SFT2D3	0
SFTA1P	233.4218052
SFTA2	506.7853047
SFTA3	38.24176891
SFTPA1	7456.388026
SFTPA2	5843.124689
SFTPA3P	0.042696997
SFTPB	1950.80216
SFTPC	8526.901459
SFTPD	827.0355684
SFTPD-AS1	0.144133315
SFXN1	1.701079497
SFXN2	1.195616899
SFXN3	12.56358453
SFXN4	7.66712814
SFXN5	0.846595923
SGCA	4.614026979
SGCB	9.986433692
SGCD	0.752102927
SGCE	31.20424634
SGCG	3.049049363
SGCZ	0
SGF29	6.38153261
SGIP1	1.102285112
SGK1	40.23148496
SGK2	0.20061927
SGK3	2.436422728
SGK494	0.453661319
SGMS1	12.59141024
SGMS1-AS1	0.267471592
SGMS2	38.98670369
SGO1	0.102336716
SGO1-AS1	0.00767751
SGO1P1	0
SGO1P2	0
SGO2	0.476182835
SGPL1	4.098512486
SGPP1	10.04910958
SGPP2	12.75284819
SGSH	4.087265945
SGSM1	0.895729129
SGSM2	5.269773432
SGSM3	7.785622903
SGTA	14.38768613
SGTB	2.881519916
SH2B1	4.5660629
SH2B2	2.24793243
SH2B3	10.50168792
SH2D1A	2.244938406
SH2D1B	1.030834048
SH2D2A	2.900659262
SH2D3A	3.826983555
SH2D3C	20.75516708
SH2D4A	6.369160901
SH2D4B	0.29091305
SH2D5	0.038970784
SH2D6	0.044678014
SH2D7	0.032634081
SH3BGR	5.198809234
SH3BGRL	100.7451032
SH3BGRL2	8.873827147
SH3BGRL3	115.6283694
SH3BP1	2.191739979
SH3BP2	4.936076115
SH3BP4	5.892934271
SH3BP5	5.579940089
SH3BP5-AS1	4.857008728
SH3BP5L	2.473794561
SH3D19	16.25120403
SH3D21	0.98067578
SH3GL1	12.74845438
SH3GL1P1	0.340289834
SH3GL1P2	0.072411266
SH3GL1P3	0
SH3GL2	0.736165006
SH3GL3	2.884212001
SH3GLB1	21.42897822
SH3GLB2	10.59677563
SH3KBP1	7.55837315
SH3PXD2A	6.334031989
SH3PXD2A-AS1	0.254448682
SH3PXD2B	1.785614439
SH3RF1	9.32274966
SH3RF2	1.313038936
SH3RF3	1.722786683
SH3RF3-AS1	0.79130526
SH3TC1	2.640478563
SH3TC2	0.089559555
SH3TC2-DT	0.003633155
SH3YL1	6.471423068
SHANK1	0.018637265
SHANK2	1.312273988
SHANK2-AS1	0.00695817
SHANK2-AS2	0
SHANK2-AS3	0
SHANK3	12.39921373
SHARPIN	12.75317731
SHB	4.127187183
SHBG	0.158922901
SHC1	20.68615433
SHC1P1	0
SHC1P2	0.042667932
SHC2	4.024608798
SHC3	1.859101827
SHC4	0.126640294
SHCBP1	0.344391165
SHCBP1L	0
SHD	0.027872284
SHE	5.610014161
SHF	0.970157089
SHH	1.132156901
SHISA2	1.408090239
SHISA3	1.96369361
SHISA4	6.668190097
SHISA5	31.79316004
SHISA6	0.02205202
SHISA7	0.010303993
SHISA8	0.044611525
SHISA9	0.004629187
SHISAL1	0.197294153
SHISAL2A	0.281156663
SHISAL2B	0.023248958
SHKBP1	9.725944232
SHMT1	3.329374742
SHMT1P1	0
SHMT2	6.205732318
SHOC2	11.81691698
SHOX	0
SHOX2	0.02795405
SHPK	0.955375907
SHPRH	0.476215441
SHQ1	2.883929609
SHQ1P1	0
SHROOM1	2.545455873
SHROOM2	1.377396479
SHROOM2P1	0
SHROOM3	5.009715036
SHROOM4	6.031044868
SHTN1	7.106225839
SI	0
SIAE	5.689182095
SIAH1	2.416294501
SIAH1P1	0
SIAH2	6.275104432
SIAH2-AS1	0.071064844
SIAH3	0.011102308
SIDT1	0.699891722
SIDT1-AS1	0.03369849
SIDT2	6.965891879
SIGIRR	10.78419164
SIGLEC1	4.174771188
SIGLEC10	1.209313562
SIGLEC11	1.214866154
SIGLEC12	0.291895374
SIGLEC14	1.25689542
SIGLEC15	0.056616835
SIGLEC16	0.64926653
SIGLEC17P	1.642579702
SIGLEC18P	0.137908013
SIGLEC20P	0.011952554
SIGLEC21P	0
SIGLEC22P	0.484415798
SIGLEC26P	0
SIGLEC27P	0
SIGLEC28P	0
SIGLEC29P	0
SIGLEC30P	0.033304565
SIGLEC31P	0
SIGLEC5	0.590994536
SIGLEC6	0.706450279
SIGLEC7	3.044987667
SIGLEC8	0.835129568
SIGLEC9	3.005589454
SIGLECL1	0
SIGMAR1	13.45062351
SIK1	0.327122267
SIK1B	4.157093725
SIK2	12.95685624
SIK3	2.486791202
SIKE1	4.389351287
SIL1	10.49341247
SIM1	0
SIM2	0.100342407
SIMC1	1.30487299
SIN3A	3.827794547
SIN3B	5.68090432
SINHCAF	8.685451706
SIPA1	10.05244927
SIPA1L1	2.428995435
SIPA1L2	4.847978335
SIPA1L3	2.33947734
SIRPA	16.57263561
SIRPAP1	0.035411973
SIRPB1	5.68033393
SIRPB2	1.699584765
SIRPB3P	0.025772694
SIRPD	0.19976795
SIRPG	0.398384695
SIRPG-AS1	0.010569847
SIRT1	6.703822609
SIRT2	10.32736365
SIRT3	3.081546203
SIRT4	0.666799915
SIRT5	2.601659969
SIRT6	4.469856263
SIRT7	3.273031603
SIT1	1.948392365
SIVA1	19.61349506
SIX1	0.129860204
SIX2	0.014212969
SIX3	0.01863234
SIX3-AS1	0
SIX4	0.171807638
SIX5	0.63014092
SIX6	0
SKA1	0.138106694
SKA2	9.477539828
SKA2P1	0.200894846
SKA3	0.123384236
SKAP1	5.615799961
SKAP1-AS1	0.25089924
SKAP2	14.47469202
SKI	12.32192503
SKIDA1	0.06389075
SKIL	18.48681771
SKINT1L	0.038979597
SKIV2L	5.609027422
SKOR1	0.185420695
SKOR2	0
SKP1	28.52980526
SKP1P1	1.025426454
SKP1P3	0
SKP2	1.494695352
SLA	8.578686056
SLA2	1.767612324
SLAIN1	4.959132779
SLAIN2	10.83003053
SLAMF1	0.99840362
SLAMF6	2.196967308
SLAMF6P1	0
SLAMF7	4.805015648
SLAMF8	3.504260566
SLAMF9	0.542207543
SLBP	19.23533446
SLC10A1	0.107065482
SLC10A2	0.107810201
SLC10A3	11.84823622
SLC10A4	0.726588399
SLC10A5	0.19526228
SLC10A5P1	0
SLC10A6	0.146056706
SLC10A7	1.598145989
SLC11A1	15.45848329
SLC11A2	7.976075534
SLC12A1	0.017583935
SLC12A2	3.265031052
SLC12A3	0.035497924
SLC12A4	8.877286137
SLC12A5	0.112462665
SLC12A5-AS1	0.03491488
SLC12A6	2.991846872
SLC12A7	11.17930171
SLC12A8	1.161349153
SLC12A9	2.90174919
SLC12A9-AS1	0.679449236
SLC13A1	0
SLC13A2	0.330299524
SLC13A3	0.258791049
SLC13A4	0.19746096
SLC13A5	0.0157012
SLC14A1	2.467452507
SLC14A2	0.05214575
SLC14A2-AS1	0.135181579
SLC15A1	0.052332341
SLC15A2	9.798039551
SLC15A3	11.03467226
SLC15A4	4.661593835
SLC15A5	0.032165169
SLC16A1	1.507392089
SLC16A10	2.77780881
SLC16A11	1.79653735
SLC16A12	0.865322867
SLC16A12-AS1	0.136259113
SLC16A13	1.486641113
SLC16A14	0.858575668
SLC16A14P1	0
SLC16A1-AS1	0.263065978
SLC16A1P1	0
SLC16A2	2.184206401
SLC16A3	6.273145367
SLC16A4	13.71045477
SLC16A5	13.2754488
SLC16A6	1.956313121
SLC16A6P1	0.147967875
SLC16A7	0.707520334
SLC16A8	0.206275144
SLC16A9	0.771283803
SLC17A1	0.007666242
SLC17A2	0
SLC17A3	0.082839778
SLC17A4	0
SLC17A5	9.600142611
SLC17A6	0
SLC17A7	0.072967627
SLC17A8	0.022008143
SLC17A9	1.061493289
SLC18A1	0.04007621
SLC18A2	0.683773003
SLC18A3	0
SLC18B1	4.141853316
SLC19A1	2.760003427
SLC19A2	23.31047857
SLC19A3	8.224512101
SLC1A1	18.80532536
SLC1A2	0.153762514
SLC1A3	1.918393465
SLC1A4	1.391064356
SLC1A5	25.08954751
SLC1A6	0.002049411
SLC1A7	0.321684405
SLC20A1	14.75102017
SLC20A1P1	0
SLC20A1P2	0.032442646
SLC20A1P3	0
SLC20A2	6.543043192
SLC22A1	0.182995046
SLC22A10	0.181182039
SLC22A11	0.003000727
SLC22A12	0.004636035
SLC22A13	0.01839898
SLC22A14	0.017130143
SLC22A15	1.752932807
SLC22A16	0.012032095
SLC22A17	3.065830042
SLC22A18	1.633007541
SLC22A18AS	0.553982757
SLC22A2	0.007617792
SLC22A20P	0.13769594
SLC22A23	3.555554299
SLC22A24	0
SLC22A25	0.025058312
SLC22A3	10.82095967
SLC22A31	11.98349303
SLC22A4	1.562316169
SLC22A5	1.296422136
SLC22A6	0
SLC22A7	0
SLC22A8	0.01102084
SLC22A9	0.013268246
SLC23A1	0.244611271
SLC23A2	4.476787264
SLC23A3	0.234981697
SLC24A1	1.323066387
SLC24A2	0.004373374
SLC24A3	3.135553273
SLC24A4	0.289214978
SLC24A5	0.019677436
SLC25A1	16.73887295
SLC25A10	0.801126643
SLC25A11	26.5136035
SLC25A12	3.619605108
SLC25A13	4.092731605
SLC25A14	3.192285201
SLC25A14P1	0
SLC25A15	1.961923538
SLC25A15P1	0
SLC25A15P2	0.046360349
SLC25A15P3	0
SLC25A15P4	0
SLC25A15P5	0.247743842
SLC25A16	5.449841452
SLC25A17	5.821669748
SLC25A18	0.31399089
SLC25A18P1	0
SLC25A19	3.241701274
SLC25A1P1	0.016903773
SLC25A1P2	0
SLC25A1P3	0
SLC25A1P4	0
SLC25A1P5	0.06003754
SLC25A2	0.033175296
SLC25A20	15.57492535
SLC25A20P1	0
SLC25A21	0.084246226
SLC25A21-AS1	1.164647148
SLC25A22	2.512158275
SLC25A23	7.813937135
SLC25A24	10.11309809
SLC25A24P1	0.008326141
SLC25A24P2	0
SLC25A25	21.62216251
SLC25A25-AS1	1.113141651
SLC25A26	3.849145251
SLC25A27	2.854686435
SLC25A28	23.38416008
SLC25A29	6.136689108
SLC25A3	35.84712893
SLC25A30	2.550897348
SLC25A30-AS1	0.134120953
SLC25A31	0
SLC25A32	9.773253866
SLC25A33	5.692194393
SLC25A34	0.814142869
SLC25A34-AS1	0.490447512
SLC25A35	1.150003137
SLC25A36	6.817015814
SLC25A36P1	0.067396981
SLC25A37	10.26316952
SLC25A38	12.50815581
SLC25A38P1	0.016616965
SLC25A39	21.81150555
SLC25A39P1	0.058853701
SLC25A39P2	0
SLC25A3P1	0
SLC25A3P2	0
SLC25A4	17.48133533
SLC25A40	3.259786751
SLC25A41	0.038010426
SLC25A42	2.101327193
SLC25A43	6.464106074
SLC25A44	13.42665126
SLC25A45	1.58792606
SLC25A46	8.987952465
SLC25A47	0.095813106
SLC25A47P1	0.075699507
SLC25A48	0
SLC25A5	234.6500017
SLC25A51	1.921992455
SLC25A51P1	0
SLC25A51P2	0
SLC25A51P3	0
SLC25A52	0.011880059
SLC25A53	0.547126621
SLC25A5-AS1	0.449899584
SLC25A5P1	0.226845628
SLC25A5P2	0
SLC25A5P3	0.035411973
SLC25A5P4	0.018031988
SLC25A5P5	0.017469117
SLC25A5P6	0.053058007
SLC25A5P7	0.052465841
SLC25A5P8	0
SLC25A5P9	0
SLC25A6	205.0904291
SLC25A6P1	0
SLC25A6P2	0
SLC25A6P3	0
SLC25A6P4	0
SLC25A6P5	0.011581521
SLC25A6P6	0
SLC26A1	0.324857214
SLC26A10	0.120931556
SLC26A11	3.026575301
SLC26A2	7.649177478
SLC26A3	0.023166467
SLC26A4	0.240450349
SLC26A4-AS1	0.037390649
SLC26A5	0.269128897
SLC26A6	1.160543646
SLC26A7	0.127396732
SLC26A8	0.044132963
SLC26A9	11.62984119
SLC27A1	2.089559679
SLC27A2	0.570420912
SLC27A3	9.768557799
SLC27A4	4.454051906
SLC27A5	0.818148954
SLC27A6	0.444119668
SLC28A1	0.004548563
SLC28A2	0.030180659
SLC28A3	0.179507858
SLC29A1	12.31299158
SLC29A2	3.836796126
SLC29A3	3.356979824
SLC29A4	0.202243134
SLC29A4P1	0
SLC29A4P2	0
SLC2A1	1.838267351
SLC2A10	2.234513194
SLC2A11	0.673325403
SLC2A12	1.416875199
SLC2A13	1.204888227
SLC2A13P1	0
SLC2A14	0.028107261
SLC2A1-AS1	0.02794851
SLC2A2	0
SLC2A3	29.83087863
SLC2A3P1	0
SLC2A3P2	0.084701611
SLC2A3P4	0.159787199
SLC2A4	0.406655657
SLC2A4RG	18.33031182
SLC2A5	0.18729775
SLC2A6	3.585462253
SLC2A7	0.04072722
SLC2A8	4.244568499
SLC2A9	1.265145469
SLC2AXP1	0
SLC30A1	11.53049805
SLC30A10	0.008147209
SLC30A2	0.022398225
SLC30A3	0.041939908
SLC30A4	0.791933306
SLC30A5	9.612109834
SLC30A6	5.778419038
SLC30A7	4.532941803
SLC30A8	0.217116169
SLC30A9	10.32796928
SLC31A1	17.9589883
SLC31A1P1	0.027636328
SLC31A2	2.909926544
SLC32A1	0
SLC33A1	3.945527198
SLC34A1	0
SLC34A2	252.0806639
SLC34A3	0.047628565
SLC35A1	22.0587377
SLC35A2	7.100529196
SLC35A3	6.851927371
SLC35A4	14.78562098
SLC35A5	9.341175684
SLC35B1	6.684615633
SLC35B2	18.1034907
SLC35B3	10.48563928
SLC35B4	1.761171557
SLC35C1	5.572256689
SLC35C2	5.667799274
SLC35D1	1.97080387
SLC35D2	14.38235658
SLC35D3	0.00664256
SLC35E1	6.449729448
SLC35E1P1	0.217636083
SLC35E2	0.283246961
SLC35E2B	3.897383944
SLC35E3	0.902373373
SLC35E4	0.254977729
SLC35F1	0.08068897
SLC35F2	2.773937875
SLC35F3	0.161847679
SLC35F4	0.003695707
SLC35F5	6.752009666
SLC35F6	7.887104885
SLC35G1	0.720503232
SLC35G2	2.185803406
SLC35G3	0
SLC35G4	0
SLC35G5	0.130482799
SLC35G6	0.036935293
SLC36A1	1.003495659
SLC36A2	0.003675768
SLC36A3	0.006850185
SLC36A4	1.706932048
SLC37A1	4.951141045
SLC37A2	2.085699058
SLC37A3	2.450810869
SLC37A4	2.429249317
SLC38A1	4.224508695
SLC38A10	11.57363644
SLC38A11	0.101605318
SLC38A2	44.57656409
SLC38A3	0.055286586
SLC38A4	0.10585147
SLC38A5	4.571333695
SLC38A6	2.755229684
SLC38A7	0.950363946
SLC38A8	0.008614512
SLC38A9	1.179275288
SLC39A1	45.89937287
SLC39A10	3.067356727
SLC39A11	3.151922469
SLC39A12	0.011160825
SLC39A12-AS1	0
SLC39A13	9.540664529
SLC39A14	4.054012849
SLC39A2	0.039796312
SLC39A3	2.175595855
SLC39A4	3.076050153
SLC39A5	0.026988973
SLC39A6	7.149717716
SLC39A7	24.27304034
SLC39A8	94.71280525
SLC39A9	8.280662589
SLC3A1	0.059890682
SLC3A2	21.97040043
SLC40A1	72.47552989
SLC41A1	6.155023689
SLC41A2	2.159882853
SLC41A3	5.09886479
SLC43A1	2.524381387
SLC43A2	3.833973769
SLC43A3	11.30917455
SLC44A1	8.701295156
SLC44A2	41.26239943
SLC44A3	7.214988898
SLC44A3-AS1	0.618282229
SLC44A4	6.223267948
SLC44A5	0.196525487
SLC45A1	0.428640596
SLC45A2	0.033574713
SLC45A3	1.299467311
SLC45A4	2.424741046
SLC46A1	0.417834624
SLC46A2	6.626157585
SLC46A3	5.917672653
SLC47A1	4.545583996
SLC47A1P1	0.036697419
SLC47A2	0.098360711
SLC48A1	6.486360194
SLC49A3	4.427132792
SLC4A1	0.231179165
SLC4A10	0.047735808
SLC4A11	0.372450479
SLC4A1AP	4.128857854
SLC4A1APP1	0.104118259
SLC4A1APP2	0
SLC4A2	7.219668456
SLC4A3	0.329339695
SLC4A4	3.448442568
SLC4A5	0.263604078
SLC4A7	1.81695349
SLC4A8	0.317230616
SLC4A9	0.056040543
SLC50A1	25.58730689
SLC51A	0.500320397
SLC51B	8.084948965
SLC52A1	0.191192248
SLC52A2	6.613875777
SLC52A3	0.600410257
SLC5A1	1.620097759
SLC5A10	0.13116867
SLC5A11	0.027531124
SLC5A12	0.006231362
SLC5A2	0.315640515
SLC5A3	1.475728341
SLC5A4	1.289091756
SLC5A4-AS1	0.017887897
SLC5A4P1	0
SLC5A5	0.064361164
SLC5A6	1.992965746
SLC5A7	0.051545388
SLC5A8	2.284084964
SLC5A9	0.850004478
SLC6A1	0.399413693
SLC6A10P	0
SLC6A11	0.009355103
SLC6A12	0.887361667
SLC6A13	0.324992275
SLC6A14	45.77869082
SLC6A15	0.001784512
SLC6A16	1.415027604
SLC6A17	0.007075466
SLC6A18	0.029551717
SLC6A19	0
SLC6A1-AS1	0
SLC6A2	0.00286835
SLC6A20	3.416209155
SLC6A21P	0.127396732
SLC6A3	0.108891221
SLC6A4	20.32832594
SLC6A5	0
SLC6A6	6.505984701
SLC6A6P1	0
SLC6A7	0.003568617
SLC6A8	1.114385416
SLC6A9	1.719152096
SLC7A1	2.271428076
SLC7A10	0.055405907
SLC7A11	0.279440669
SLC7A11-AS1	0.002543385
SLC7A13	0
SLC7A14	0.004494636
SLC7A15P	0
SLC7A2	11.37621388
SLC7A3	0
SLC7A4	0.74282655
SLC7A5	3.992578667
SLC7A5P1	0.320982827
SLC7A5P2	0
SLC7A6	2.418204198
SLC7A6OS	1.005932771
SLC7A7	14.02677493
SLC7A8	4.940785914
SLC7A9	0.217217069
SLC8A1	0.67476915
SLC8A1-AS1	0.011093662
SLC8A2	0.062159314
SLC8A3	0.10206524
SLC8B1	4.107302252
SLC9A1	5.537151584
SLC9A2	0.054990935
SLC9A3	0.016891626
SLC9A3-AS1	0.353317156
SLC9A3P1	0
SLC9A3P2	0
SLC9A3P3	0.007029968
SLC9A3R1	9.53048621
SLC9A3R2	56.20822751
SLC9A4	0
SLC9A5	0.610136072
SLC9A6	3.200254898
SLC9A7	0.6059884
SLC9A7P1	0.184573277
SLC9A8	5.195442669
SLC9A9	3.47749126
SLC9A9-AS1	0
SLC9A9-AS2	0.143759615
SLC9B1	0.236862919
SLC9B1P1	0
SLC9B1P2	0
SLC9B1P3	0
SLC9B1P4	0
SLC9B2	0.979726856
SLC9C1	0.232281711
SLC9C2	0.063750195
SLCO1A2	1.16299282
SLCO1B1	0.014059935
SLCO1B3	0.013271992
SLCO1B7	0
SLCO1C1	0.286957206
SLCO2A1	35.48320905
SLCO2B1	15.07182966
SLCO3A1	4.504132714
SLCO4A1	22.8219719
SLCO4A1-AS1	1.869343568
SLCO4C1	5.011750164
SLCO5A1	0.017250578
SLCO6A1	0
SLF1	0.543045191
SLF2	3.059823658
SLFN11	17.95923354
SLFN12	1.474545598
SLFN12L	0.553703109
SLFN13	1.022929251
SLFN14	0.141022758
SLFN5	8.204366173
SLFNL1	0.381746819
SLFNL1-AS1	0.23504697
SLIRP	12.72761623
SLIT1	0.087790805
SLIT1-AS1	0
SLIT2	6.097216497
SLIT2-IT1	0
SLIT3	3.546033529
SLITRK1	0
SLITRK2	0.10755931
SLITRK3	0.025625181
SLITRK4	0.195125373
SLITRK5	0.018563472
SLITRK6	0.457247463
SLK	12.01272575
SLMAP	3.710597532
SLN	9.270432367
SLPI	1958.751041
SLTM	7.895411273
SLU7	11.60897077
SLURP1	0
SLX1A	0.006359496
SLX1A-SULT1A3	0.006796703
SLX1B	0.006364662
SLX1B-SULT1A4	0
SLX4	0.851797889
SLX4IP	0.946173878
SMAD1	1.094144033
SMAD1-AS1	0
SMAD1-AS2	0
SMAD2	1.9372879
SMAD3	4.295309491
SMAD4	5.356603963
SMAD5	5.16376872
SMAD5-AS1	0.017257487
SMAD6	6.060769702
SMAD7	12.56300164
SMAD9	3.214457949
SMAD9-IT1	0.404181297
SMAGP	7.02454407
SMAP1	2.801809591
SMAP2	13.10203985
SMARCA1	9.140416203
SMARCA2	10.2291059
SMARCA4	4.240629348
SMARCA5	19.21676002
SMARCA5-AS1	0.04974539
SMARCAD1	4.202275939
SMARCAL1	3.02809922
SMARCB1	17.46351933
SMARCC1	6.895121053
SMARCC2	5.77337268
SMARCD1	6.257545889
SMARCD2	14.3143227
SMARCD3	9.113081827
SMARCE1	7.896031397
SMARCE1P1	0
SMARCE1P2	0
SMARCE1P3	0
SMARCE1P4	0
SMARCE1P5	0.166291734
SMARCE1P6	0.231954247
SMARCE1P7	0
SMC1A	3.857663928
SMC1B	0.128954369
SMC2	1.841225491
SMC2-AS1	0.05347352
SMC3	5.982014111
SMC4	3.094307987
SMC4P1	0
SMC5	8.745055261
SMC5-AS1	0.672301564
SMC6	1.896517693
SMCHD1	4.255614263
SMCO1	0.016777086
SMCO2	0.015844083
SMCO3	0.774552753
SMCO4	18.65513154
SMCO4P1	0
SMCP	0
SMCR2	0.05556666
SMCR5	0.011019549
SMCR8	2.674408089
SMDT1	45.34374243
SMG1	2.292464675
SMG1P1	0.060046061
SMG1P2	0.356384887
SMG1P3	0.233713042
SMG1P4	0.002491224
SMG1P5	0.153721667
SMG1P6	0.048132485
SMG1P7	0.485188699
SMG5	11.41555419
SMG6	1.349615916
SMG6-IT1	0
SMG7	5.337566156
SMG7-AS1	0.194540797
SMG8	2.576829787
SMG9	3.255728182
SMILR	0.028335982
SMIM1	2.628058364
SMIM10	5.60072858
SMIM10L1	5.374352204
SMIM10L2A	0.844910714
SMIM10L2B	0.430105731
SMIM10L2B-AS1	0.05819795
SMIM11A	0
SMIM11B	0.003623913
SMIM11P1	0
SMIM12	8.542760963
SMIM12P1	0
SMIM13	2.941429658
SMIM14	19.83380026
SMIM15	11.90015119
SMIM15-AS1	0.157485407
SMIM17	0.174756111
SMIM18	0.032816331
SMIM19	9.469101302
SMIM2	0.076066981
SMIM20	19.33450881
SMIM21	0
SMIM22	9.951477841
SMIM23	0.100447423
SMIM24	0.073223355
SMIM25	27.2543243
SMIM26	38.10415359
SMIM27	3.931997056
SMIM28	0
SMIM29	14.59421294
SMIM2-AS1	0.666578313
SMIM2-IT1	0.032782004
SMIM3	17.5848462
SMIM30	29.54616447
SMIM31	0.147364871
SMIM32	0.018799998
SMIM34A	0
SMIM34B	0
SMIM35	0
SMIM36	0
SMIM37	9.007650821
SMIM4	7.336142332
SMIM5	0.955438142
SMIM6	3.765945927
SMIM7	8.89690524
SMIM8	1.34327906
SMIM9	0.012791672
SMKR1	0.287658127
SMLR1	0.024951908
SMN1	1.37117057
SMN2	0.731501073
SMNDC1	6.317673771
SMO	0.639731952
SMOC1	0.258234254
SMOC2	5.887833324
SMOX	1.366985093
SMPD1	11.80648052
SMPD2	6.7534184
SMPD3	0.693179733
SMPD4	4.614888304
SMPD4P1	0.080959948
SMPD4P2	0
SMPD5	0.043096254
SMPDL3A	7.451325823
SMPDL3B	2.306453413
SMPX	0.04520134
SMR3A	0
SMR3B	0
SMS	24.12133256
SMTN	6.182547715
SMTNL1	0.513140747
SMTNL2	1.103864312
SMU1	10.87557027
SMUG1	4.243838083
SMUG1P1	0
SMURF1	10.29173157
SMURF2	12.40347464
SMURF2P1	0.027490874
SMYD1	0
SMYD2	13.07365637
SMYD3	1.291287248
SMYD3-IT1	0
SMYD4	2.737648048
SMYD5	4.784388026
SNAI1	11.09711673
SNAI1P1	0
SNAI2	3.007612411
SNAI3	2.035626183
SNAI3-AS1	0.416865779
SNAP23	16.11864475
SNAP23P1	0.318491829
SNAP25	0.812196858
SNAP25-AS1	0.002880478
SNAP29	5.25806668
SNAP47	2.398098264
SNAP47-AS1	0.036697419
SNAP91	0.030628082
SNAPC1	7.669705343
SNAPC2	5.821329955
SNAPC3	3.457952131
SNAPC4	1.764025163
SNAPC5	10.71716754
SNAPC5P1	0
SNAPIN	30.2029267
SNCA	1.838683322
SNCA-AS1	0.01048147
SNCAIP	0.949814377
SNCB	0.007811465
SNCG	13.44561656
SND1	14.98996983
SND1-IT1	0.044211441
SNED1	2.35531175
SNF8	8.973709743
SNHG1	7.06726246
SNHG10	2.312201555
SNHG11	2.127928487
SNHG12	4.139016823
SNHG14	1.030428572
SNHG15	13.69334966
SNHG16	3.813705032
SNHG17	3.821993252
SNHG18	4.49773802
SNHG19	27.17014681
SNHG20	1.507677806
SNHG21	0.788698285
SNHG22	0.169207229
SNHG25	1.352788316
SNHG26	0.596490217
SNHG27	0.013079965
SNHG28	0.363393956
SNHG3	3.518804931
SNHG4	0.504427557
SNHG5	49.97622402
SNHG6	52.29967863
SNHG7	5.752204327
SNHG8	46.05868034
SNHG9	9.043549477
SNIP1	4.516928268
SNN	15.27237558
SNORA1	0
SNORA10	0
SNORA108	0
SNORA10B	0.11781803
SNORA11	0.36726089
SNORA11B	0
SNORA11C	0
SNORA11D	0
SNORA11E	0
SNORA11F	1.346623265
SNORA12	0.319791796
SNORA13	0.82472621
SNORA14A	0
SNORA14B	0.464290311
SNORA15	0.47127212
SNORA15B-1	0
SNORA15B-2	0
SNORA16A	0
SNORA16A	0
SNORA16B	0.464290311
SNORA17A	0
SNORA17B	0
SNORA17B	0
SNORA18	0
SNORA19	0
SNORA1B	0
SNORA20	0.830974136
SNORA20B	0
SNORA21	0
SNORA21B	0
SNORA22	1.16938791
SNORA22B	1.021943347
SNORA22C	0.116938791
SNORA23	0.172195582
SNORA24	0
SNORA24B	0
SNORA25	0
SNORA25B	0
SNORA26	1.412850639
SNORA27	0
SNORA28	0.746180857
SNORA29	0
SNORA2A	0.464290311
SNORA2B	0.800646613
SNORA2C	0.114378088
SNORA30	0.364413907
SNORA30B	0
SNORA31	2.169664338
SNORA32	0
SNORA33	9.040268073
SNORA35	0
SNORA35B	0
SNORA36A	0
SNORA36B	0
SNORA36C	0
SNORA37	0
SNORA38	0.237421182
SNORA38B	0
SNORA3A	0
SNORA3B	0.83731745
SNORA3C	0
SNORA4	0
SNORA40	0
SNORA40B	0
SNORA40C	0
SNORA41	0
SNORA41B	0.122420297
SNORA44	0
SNORA46	0
SNORA47	0.227098522
SNORA48	0
SNORA48B	0
SNORA49	0.230438206
SNORA50A	0
SNORA50A	0
SNORA50B	0
SNORA50B	0
SNORA50C	0
SNORA50D	0
SNORA50D	0
SNORA51	0.237421182
SNORA52	0
SNORA53	0
SNORA54	0
SNORA55	0.928580622
SNORA56	0
SNORA57	0
SNORA58	0.114378088
SNORA58B	0.115219103
SNORA59A	1.855633973
SNORA59B	0.022353492
SNORA5A	0.935510328
SNORA5B	0
SNORA5C	2.630696014
SNORA6	0
SNORA60	0.350816373
SNORA61	0
SNORA62	0
SNORA63	0
SNORA63C	0.242942605
SNORA63D	0
SNORA64	0
SNORA65	2.169664338
SNORA66	1.41381636
SNORA67	0
SNORA68	0
SNORA68B	0.23563606
SNORA69	0.118710591
SNORA70	0
SNORA70B	0.464290311
SNORA70C	0
SNORA70D	0
SNORA70E	0
SNORA70F	0.348217733
SNORA70G	0.33105207
SNORA70H	0
SNORA70I	0
SNORA70J	0
SNORA71A	0.584693955
SNORA71B	1.901115198
SNORA71C	0.818571537
SNORA71D	0.233877582
SNORA71E	0
SNORA72	0
SNORA73A	0
SNORA73B	0.921752823
SNORA74A	0
SNORA74B	0.155918388
SNORA74C-1	0
SNORA74C-2	0
SNORA74D	0
SNORA75	1.830049401
SNORA75B	0
SNORA77	2.005734143
SNORA77B	0
SNORA78	0
SNORA79	0
SNORA79B	0.211754027
SNORA7A	0
SNORA7B	0.563661798
SNORA8	0
SNORA80A	0
SNORA80B	0.230438206
SNORA80C	0
SNORA80D	0.696435466
SNORA80E	0.343134263
SNORA81	0
SNORA84	0
SNORA9	0
SNORA9B	0.47127212
SNORC	0.076272678
SNORD10	0
SNORD100	3.298904841
SNORD101	3.863785807
SNORD102	0
SNORD104	22.16157145
SNORD105	0
SNORD105B	0
SNORD107	0
SNORD108	0
SNORD109A	0
SNORD109B	0
SNORD11	1.492361714
SNORD110	0
SNORD111	0
SNORD111B	0
SNORD112	0.40700774
SNORD113-1	0
SNORD113-2	0
SNORD113-3	0
SNORD113-4	0
SNORD113-5	0
SNORD113-6	0
SNORD113-7	0
SNORD113-8	0
SNORD113-9	0
SNORD114-1	0
SNORD114-10	0
SNORD114-11	0
SNORD114-12	0
SNORD114-13	0
SNORD114-14	0
SNORD114-15	0
SNORD114-16	0
SNORD114-17	0
SNORD114-18	0
SNORD114-19	0
SNORD114-2	0
SNORD114-20	0
SNORD114-21	0
SNORD114-22	0
SNORD114-23	0
SNORD114-24	0
SNORD114-25	0
SNORD114-26	0
SNORD114-27	0
SNORD114-28	0
SNORD114-29	0
SNORD114-3	0.20893064
SNORD114-30	0
SNORD114-31	0
SNORD114-4	0
SNORD114-5	0
SNORD114-6	0
SNORD114-7	0
SNORD114-9	0
SNORD115-1	0
SNORD115-10	0
SNORD115-11	0
SNORD115-12	0
SNORD115-13	0
SNORD115-14	0
SNORD115-15	0
SNORD115-16	0
SNORD115-17	0
SNORD115-18	0
SNORD115-19	0
SNORD115-2	0
SNORD115-20	0
SNORD115-21	0
SNORD115-22	0
SNORD115-23	0
SNORD115-24	0
SNORD115-25	0
SNORD115-26	0
SNORD115-27	0
SNORD115-28	0
SNORD115-29	0
SNORD115-3	0
SNORD115-30	0
SNORD115-31	0
SNORD115-32	0
SNORD115-33	0
SNORD115-34	0
SNORD115-35	0
SNORD115-36	0
SNORD115-37	0
SNORD115-38	0
SNORD115-39	0
SNORD115-4	0
SNORD115-40	0
SNORD115-41	0
SNORD115-42	0
SNORD115-43	0
SNORD115-44	0
SNORD115-45	0
SNORD115-46	0
SNORD115-47	0
SNORD115-48	0
SNORD115-5	0
SNORD115-6	0
SNORD115-7	0
SNORD115-8	0
SNORD115-9	0
SNORD116-1	0
SNORD116-10	0
SNORD116-11	0
SNORD116-12	0
SNORD116-13	0
SNORD116-14	0.170323891
SNORD116-15	0
SNORD116-16	0
SNORD116-17	0
SNORD116-18	0
SNORD116-19	0
SNORD116-2	0.164945242
SNORD116-20	0
SNORD116-21	0
SNORD116-22	0
SNORD116-23	0.340647782
SNORD116-24	0.340647782
SNORD116-25	0
SNORD116-26	0
SNORD116-27	0.170323891
SNORD116-28	0
SNORD116-29	0
SNORD116-3	0
SNORD116-30	0
SNORD116-4	0.163227062
SNORD116-5	0
SNORD116-6	0
SNORD116-7	0
SNORD116-8	0
SNORD116-9	0
SNORD117	1.030907763
SNORD118	0
SNORD11B	0.174108867
SNORD12	0
SNORD121A	0.191095097
SNORD121B	0
SNORD123	0.671562771
SNORD124	0.150671135
SNORD125	0
SNORD126	0
SNORD127	0
SNORD12B	2.066346988
SNORD12C	0
SNORD13	0
SNORD13E	0.452013404
SNORD13P1	0
SNORD13P3	0.301342269
SNORD14A	16.70297149
SNORD14B	0
SNORD14C	0
SNORD14D	0
SNORD14E	2.212206776
SNORD15A	0
SNORD15B	0.643964301
SNORD16	0
SNORD17	1.123993949
SNORD18A	0
SNORD18B	0
SNORD18C	0
SNORD19	0.921752823
SNORD19B	0
SNORD1A	0
SNORD1B	0
SNORD1C	0
SNORD2	0
SNORD20	0
SNORD21	0
SNORD22	0
SNORD23	0
SNORD24	0
SNORD25	0
SNORD26	0
SNORD27	0
SNORD28	0
SNORD28B	0
SNORD30	0
SNORD31B	0
SNORD32A	0
SNORD32B	0
SNORD33	0
SNORD34	0
SNORD35A	0
SNORD35B	0
SNORD36A	0
SNORD36B	0
SNORD36C	0.949684727
SNORD37	0
SNORD38A	0
SNORD38B	0
SNORD38B	0
SNORD38C	0.454197043
SNORD3A	0
SNORD3B-1	0.020672557
SNORD3B-2	0.099050556
SNORD3C	0
SNORD3D	0
SNORD3D	0
SNORD3E	0
SNORD3E	0
SNORD3G	0
SNORD3H	0
SNORD3J	0
SNORD41	0
SNORD42A	0
SNORD42B	0.467755164
SNORD43	0
SNORD45A	0
SNORD45B	0
SNORD45C	0
SNORD46	0.602684538
SNORD48	0
SNORD49A	0
SNORD49B	0
SNORD4A	0
SNORD4B	0
SNORD5	0
SNORD50B	0
SNORD51	0.39174495
SNORD52	0
SNORD53	0
SNORD53B	0.200894846
SNORD54	0
SNORD55	0
SNORD56	0
SNORD56B	0
SNORD57	0
SNORD58A	0
SNORD58B	0
SNORD58C	0
SNORD59A	0.41786128
SNORD6	4.293095341
SNORD60	0.755170988
SNORD61	0
SNORD62A	0.364413907
SNORD62B	2.368690394
SNORD63	1.152191029
SNORD63B	6.715627712
SNORD64	0
SNORD65	0
SNORD65B	0
SNORD65C	0
SNORD66	0.206181553
SNORD67	0
SNORD68	0
SNORD69	0.61051161
SNORD7	0.161544309
SNORD70	0.178065886
SNORD71	0
SNORD72	0
SNORD73A	0
SNORD73B	0.435272166
SNORD74B	0
SNORD77B	0
SNORD8	0
SNORD82	0.447708514
SNORD83A	2.804069115
SNORD83B	0
SNORD84	0
SNORD86	0
SNORD87	0
SNORD88A	0.344391165
SNORD88B	0
SNORD88C	0
SNORD89	1.786906789
SNORD9	0.301342269
SNORD90	0
SNORD91A	0
SNORD91B	0.282338703
SNORD92	0
SNORD93	0.211754027
SNORD94	0.45751235
SNORD95	0
SNORD96A	0
SNORD96B	0
SNORD97	0
SNORD99	4.446834566
SNPH	0.730919892
SNRK	13.10193538
SNRK-AS1	0.167144512
SNRNP200	9.415360043
SNRNP25	7.056529946
SNRNP27	15.31851901
SNRNP35	3.36565311
SNRNP40	12.23382837
SNRNP48	2.013767734
SNRNP70	26.81997663
SNRPA	9.948762047
SNRPA1	7.149425413
SNRPB	134.6033195
SNRPB2	24.34318446
SNRPBP1	0
SNRPC	47.26708056
SNRPCP1	0
SNRPCP10	0
SNRPCP11	0
SNRPCP13	0.082472621
SNRPCP14	0.076438039
SNRPCP15	0
SNRPCP16	0
SNRPCP17	0
SNRPCP18	0
SNRPCP19	0
SNRPCP2	0
SNRPCP20	0
SNRPCP3	0.427956668
SNRPCP4	0
SNRPCP5	0.082908984
SNRPCP6	0.074618086
SNRPCP8	0
SNRPCP9	0
SNRPD1	8.854760569
SNRPD2	126.8201188
SNRPD2P1	0.044264966
SNRPD2P2	0
SNRPD3	28.99898151
SNRPE	23.78109777
SNRPEP10	0
SNRPEP2	1.291775462
SNRPEP3	0
SNRPEP4	0.393149054
SNRPEP5	0
SNRPEP6	0
SNRPEP7	0
SNRPEP8	0
SNRPEP9	0
SNRPF	12.54922698
SNRPFP1	0
SNRPFP2	0
SNRPFP3	0
SNRPFP4	0
SNRPG	45.20234764
SNRPGP1	0
SNRPGP10	1.25358384
SNRPGP11	0
SNRPGP12	0
SNRPGP13	0
SNRPGP14	0.286206356
SNRPGP15	4.729173268
SNRPGP16	0
SNRPGP17	0
SNRPGP18	0
SNRPGP19	0.082908984
SNRPGP2	10.95499152
SNRPGP20	0
SNRPGP3	0
SNRPGP4	0.478989458
SNRPGP5	0
SNRPGP6	0
SNRPGP7	0
SNRPGP8	0
SNRPGP9	0.487504826
SNRPN	23.867051
SNTA1	6.316092787
SNTB1	7.640971602
SNTB2	3.424346741
SNTG1	0
SNTG2	0.262974905
SNTN	0.919770985
SNU13	46.80647573
SNUPN	5.241092844
SNURF	0.440087944
SNURFL	0
SNW1	24.18123021
SNX1	16.43726561
SNX10	18.06614573
SNX11	11.43730125
SNX12	18.06706574
SNX13	2.995949318
SNX14	12.24471759
SNX15	0.251864505
SNX16	2.239999323
SNX17	49.79791049
SNX18	5.685551817
SNX18P10	0
SNX18P12	0.309679802
SNX18P13	0.029621546
SNX18P14	0.0272993
SNX18P1Y	0.061329933
SNX18P2	0.019393314
SNX18P23	0
SNX18P24	0
SNX18P25	0
SNX18P26	0.042350805
SNX18P27	0
SNX18P3	0.080275604
SNX18P4	0
SNX18P5	0.018052763
SNX18P7	0
SNX18P8	0
SNX18P9	0.03753245
SNX19	6.36249158
SNX19P1	0
SNX19P2	0.015822751
SNX19P3	0.005267159
SNX2	24.70553247
SNX20	1.737457616
SNX21	4.466624662
SNX22	4.116480659
SNX24	7.291973602
SNX25	17.61179617
SNX25P1	0.338197079
SNX27	2.952645745
SNX29	1.753108928
SNX29P1	0.019660976
SNX29P2	0.014831801
SNX2P2	0
SNX3	139.6500564
SNX30	6.635776435
SNX31	0.114450732
SNX32	0.110628932
SNX33	5.58265905
SNX33P1	0
SNX3P1X	0
SNX3P1Y	0
SNX4	16.94235449
SNX5	13.97928037
SNX5P1	0.01505264
SNX6	18.97171645
SNX6P1	0
SNX7	10.446532
SNX8	4.478636184
SNX9	8.060873268
SOAT1	10.34139559
SOAT2	0.084328658
SOBP	1.31867796
SOCS1	8.596003471
SOCS2	28.30322574
SOCS2-AS1	1.289391135
SOCS2P1	0
SOCS2P2	0
SOCS3	264.6728608
SOCS4	5.284079261
SOCS5	6.399901604
SOCS5P1	0
SOCS5P2	0.057651943
SOCS5P3	0
SOCS5P4	0.130081337
SOCS5P5	0
SOCS6	4.839202322
SOCS7	1.495910422
SOD1	81.51554647
SOD1P1	0
SOD1P2	0
SOD1P3	0.034514974
SOD2	47.14888283
SOD2P1	0
SOD3	23.070243
SOGA1	1.870680538
SOGA3	0.007246149
SOHLH1	0.015772318
SOHLH2	0
SON	16.42878153
SORBS1	7.401115422
SORBS2	2.278817604
SORBS3	14.47470925
SORCS1	0.003145283
SORCS2	2.009266483
SORCS3	0.002718563
SORCS3-AS1	0
SORD	1.106731958
SORD2P	0.17024987
SORL1	1.322937339
SORT1	15.43909679
SOS1	3.34440145
SOS1-IT1	0.549817473
SOS2	5.422770969
SOST	0.040877734
SOSTDC1	9.30810079
SOWAHA	0.053680404
SOWAHB	0.875951441
SOWAHC	5.888371589
SOWAHD	0.838011104
SOX1	0.011027303
SOX10	0
SOX11	0.012580409
SOX12	0.951751827
SOX13	4.561558446
SOX14	0
SOX15	0.681295565
SOX17	9.761842559
SOX18	9.902908818
SOX1-OT	0.057503846
SOX2	0.193300333
SOX21	0.716365855
SOX21-AS1	0.266963398
SOX2-OT	0.042229538
SOX3	0
SOX30	0.045144909
SOX4	4.368046578
SOX5	0.624322846
SOX5-AS1	0
SOX5P1	0
SOX6	0.196311382
SOX7	26.59383005
SOX8	0.169709004
SOX9	1.716310784
SOX9-AS1	0.048327414
SP1	7.294995651
SP100	8.35648048
SP110	1.561273391
SP140	1.249204605
SP140L	2.981421742
SP2	6.466744524
SP2-AS1	0.687217534
SP3	5.646338832
SP3P	0
SP4	1.759521751
SP5	0.228200942
SP6	2.045725775
SP7	0.004589865
SP8	0
SP9	0
SPA17	1.664821958
SPA17P1	0.138670779
SPAAR	4.811755587
SPACA1	0
SPACA3	0.038219019
SPACA4	0.59648408
SPACA5	0
SPACA5B	0
SPACA6	1.842747626
SPACA6P-AS	0.067235378
SPACA7	0
SPACA9	1.881707942
SPAG1	3.313751544
SPAG11A	0
SPAG11B	0
SPAG16	1.279089724
SPAG17	0.131237839
SPAG4	1.944733858
SPAG5	0.575590168
SPAG5-AS1	0.412685684
SPAG6	0.765953594
SPAG7	20.4078224
SPAG8	0.725347005
SPAG9	13.1483267
SPAM1	0
SPANXA1	0
SPANXA2	0
SPANXA2-OT1	0.046470338
SPANXB1	0
SPANXC	0
SPANXD	0
SPANXN1	0
SPANXN2	0
SPANXN3	0
SPANXN4	0
SPANXN5	0
SPARC	241.3492712
SPARCL1	233.3930108
SPART	12.5024723
SPART-AS1	0.286911794
SPAST	4.06398751
SPATA1	0.31025095
SPATA12	0.142865958
SPATA13	4.58532187
SPATA13-AS1	0.10856673
SPATA16	0.00744055
SPATA17	0.259760274
SPATA17-AS1	0
SPATA18	3.339465146
SPATA19	0.174496637
SPATA2	2.752306439
SPATA20	3.719998887
SPATA20P1	1.82456552
SPATA21	0.020865244
SPATA22	0.010957901
SPATA24	1.730966057
SPATA25	0.310497979
SPATA2L	9.438496374
SPATA2P1	0
SPATA3	0
SPATA31A1	0
SPATA31A3	0
SPATA31A5	0
SPATA31A6	0
SPATA31A7	0
SPATA31B1P	0
SPATA31C1	0.010094351
SPATA31C2	0
SPATA31D1	0
SPATA31D2P	0
SPATA31D3	0
SPATA31D4	0
SPATA31D5P	0
SPATA31E1	0
SPATA31E2P	0
SPATA31E3P	0
SPATA32	0.34624939
SPATA33	1.251729426
SPATA3-AS1	0
SPATA4	0.108111431
SPATA41	0.239576462
SPATA42	0.025772694
SPATA45	0.06193596
SPATA46	0.050439264
SPATA48	0
SPATA5	0.602319142
SPATA5L1	1.269778111
SPATA6	2.575134339
SPATA6L	1.172946433
SPATA7	1.637211141
SPATA8	0.01050959
SPATA8-AS1	0
SPATA9	0.178382617
SPATC1	0.15615145
SPATC1L	0.664942135
SPATS1	0.089884119
SPATS2	2.519996753
SPATS2L	7.353709933
SPC24	0.287012855
SPC25	1.038411383
SPCS1	19.6578852
SPCS2	16.79957887
SPCS2P1	0.023077758
SPCS2P2	0
SPCS2P3	0.047773774
SPCS2P4	0.644279506
SPCS3	30.52754673
SPDEF	0.614020298
SPDL1	0.849587122
SPDYA	0.287931976
SPDYC	0.047436321
SPDYE1	0.147884088
SPDYE10P	0
SPDYE11	0
SPDYE12P	0.36583186
SPDYE13P	0
SPDYE14P	0
SPDYE15P	0
SPDYE16	0.091636246
SPDYE17	0
SPDYE18	0.329890484
SPDYE19P	0.109886381
SPDYE2	0.09831437
SPDYE20P	0.024793984
SPDYE21P	0.075791042
SPDYE22P	0
SPDYE2B	0.090751726
SPDYE3	0.705539198
SPDYE4	0.044223325
SPDYE5	0.11781803
SPDYE6	0.500395678
SPDYE7P	0.012416639
SPDYE8P	0
SPDYE9P	0
SPECC1	1.455150881
SPECC1L	3.958100258
SPECC1L-ADORA2A	0.002525757
SPEF1	0.350026656
SPEF2	0.59049887
SPEG	0.839047252
SPEM1	0
SPEM2	0
SPEN	5.493976865
SPERT	0.007374023
SPESP1	0.897954419
SPG11	4.628360987
SPG21	24.4093289
SPG7	4.566634353
SPHAR	0
SPHK1	6.000368752
SPHK2	1.134358816
SPHKAP	0.017885345
SPI1	45.54011374
SPIB	0.347729692
SPIC	0
SPICE1	1.598354914
SPIDR	14.38720921
SPIN1	13.45995469
SPIN2A	0.032543713
SPIN2B	1.516090063
SPIN3	0.987296003
SPIN4	1.899254117
SPIN4-AS1	0.036783563
SPINDOC	4.19796512
SPINK1	0.434095755
SPINK13	0.213557724
SPINK14	0.479687694
SPINK2	0.811906632
SPINK4	0.095839743
SPINK5	6.892421989
SPINK6	0.299286728
SPINK7	0.070995849
SPINK8	0.035292338
SPINK9	0.03726468
SPINT1	23.74359284
SPINT1-AS1	9.573879807
SPINT2	43.85071956
SPINT3	0
SPINT4	0
SPINT5P	0
SPIRE1	4.034781421
SPIRE2	0.556056781
SPN	8.707330178
SPNS1	0.425630062
SPNS2	15.1399751
SPNS3	0.542954998
SPO11	0
SPOCD1	2.028116409
SPOCK1	0.093907115
SPOCK2	44.50709255
SPOCK3	0.045450106
SPON1	9.643897628
SPON1-AS1	0.848780725
SPON2	3.228817514
SPOP	16.22241626
SPOPL	5.000380807
SPOUT1	2.985210809
SPP1	11.51774036
SPP2	0
SPPL2A	12.17949672
SPPL2B	2.993305031
SPPL2C	0
SPPL3	5.96776929
SPR	16.09330605
SPRED1	9.327893067
SPRED2	9.41282394
SPRED3	0.117576929
SPRN	0.751428932
SPRR1A	0.058036289
SPRR1B	0.126369339
SPRR2A	0.022101267
SPRR2B	0
SPRR2C	0
SPRR2D	0.014824785
SPRR2E	0
SPRR2F	0.115049912
SPRR2G	0
SPRR3	0
SPRR4	0
SPRTN	1.833361059
SPRY1	6.108967424
SPRY2	8.252691504
SPRY3	0.331847369
SPRY4	25.3676325
SPRY4-AS1	0.441280893
SPRY4-IT1	4.435689617
SPRYD3	11.92237864
SPRYD4	1.490077275
SPRYD7	8.660612903
SPRYD7P1	0
SPSB1	11.94459477
SPSB2	5.451198079
SPSB3	0.41727219
SPSB4	0.138262923
SPTA1	0.014067649
SPTAN1	16.12665558
SPTB	0.132597126
SPTBN1	48.38803812
SPTBN2	0.272682268
SPTBN4	0.116685655
SPTBN5	0.350532035
SPTLC1	14.21333782
SPTLC1P1	0.240150161
SPTLC1P2	0
SPTLC1P3	0
SPTLC1P4	0.060268454
SPTLC1P5	0.124363476
SPTLC2	5.288963864
SPTLC3	4.952906807
SPTSSA	59.49670509
SPTSSB	0.066947068
SPTY2D1	6.654119048
SPTY2D1OS	0.403860773
SPX	0.737072963
SPZ1	0
SQLE	12.79063186
SQOR	31.45630757
SQSTM1	29.15106528
SQSTM1P1	0
SRA1	14.82596984
SRARP	0.02062494
SRBD1	2.966235299
SRC	4.823526253
SRCAP	9.793238549
SRCIN1	0.155918388
SRD5A1	0.570734055
SRD5A1P1	0
SRD5A2	0.21239184
SRD5A3	4.559131271
SRD5A3-AS1	0.225245737
SRD5A3P1	0
SREBF1	6.226939651
SREBF2	19.32338858
SREK1	3.852158673
SREK1IP1	6.528216227
SRF	14.94261793
SRFBP1	3.374723451
SRGAP1	0.451724968
SRGAP2	2.314231729
SRGAP2-AS1	0
SRGAP2B	0.485481985
SRGAP2C	1.144531819
SRGAP2D	0.506467516
SRGAP3	0.094396373
SRGAP3-AS1	0
SRGAP3-AS2	1.099825988
SRGAP3-AS3	0
SRGAP3-AS4	0.083128902
SRGN	595.1825977
SRGNP1	0
SRI	31.28412113
SRIP1	0
SRIP2	0
SRIP3	0
SRL	0.37099662
SRM	12.68939911
SRMP1	0
SRMP2	0.017106766
SRMS	0.093026505
SRP14	156.0024128
SRP14-AS1	1.298833524
SRP14P1	0.044140276
SRP14P2	0.359193077
SRP14P3	0.095839743
SRP19	7.56309358
SRP54	11.75937441
SRP54-AS1	0.900818763
SRP68	9.12379679
SRP68P1	0.174756111
SRP68P2	0.123384236
SRP68P3	0
SRP72	22.45882054
SRP72P1	0
SRP72P2	0.015836077
SRP9	99.27832664
SRP9P1	0.480300322
SRPK1	4.071993232
SRPK2	5.060991372
SRPK2P	0
SRPK3	0.251033863
SRPRA	28.48917437
SRPRB	15.41863138
SRPX	13.80866446
SRPX2	1.746970722
SRR	1.764980106
SRRD	2.539675526
SRRM1	10.2099247
SRRM1P2	0
SRRM1P3	0.005851306
SRRM2	32.64718429
SRRM2-AS1	0.141771815
SRRM3	0.054717758
SRRM4	0.042566514
SRRM5	0.249741035
SRRT	14.83985882
SRSF1	35.02715923
SRSF10	12.46631005
SRSF10P1	0.020510207
SRSF11	19.00792916
SRSF12	0.199834715
SRSF1P1	0
SRSF2	55.30914115
SRSF3	74.08481482
SRSF4	31.41243642
SRSF5	48.86976201
SRSF6	45.53896443
SRSF7	70.44629827
SRSF8	11.54227672
SRSF9	14.89970108
SRSF9P1	0.206959596
SRXN1	0.853765865
SRY	0.111264838
SS18	8.972387588
SS18L1	3.094585155
SS18L2	16.32019699
SS18L2P1	0
SS18L2P2	0
SSB	16.64743648
SSBP1	11.02980368
SSBP2	2.86900059
SSBP3	6.466377324
SSBP3-AS1	0.447879135
SSBP4	9.462998385
SSC4D	0.300166404
SSC5D	1.161201875
SSFA2	31.95284732
SSH1	7.060409772
SSH2	2.843630854
SSH3	6.326449616
SSMEM1	0.202801527
SSNA1	48.99626609
SSPN	3.080662529
SSPO	0.137103321
SSR1	9.876294392
SSR1P1	0
SSR1P2	0
SSR2	56.02111813
SSR3	50.73126733
SSR4	53.34217727
SSR4P1	0.225892384
SSRP1	13.1296204
SSSCA1	10.45693691
SSSCA1-AS1	0.645511761
SST	0.02535566
SSTR1	3.637436228
SSTR2	0.439041717
SSTR3	0.010398008
SSTR4	0
SSTR5	0
SSTR5-AS1	0.003896021
SSU72	16.79892856
SSU72P1	0
SSU72P6	0
SSU72P8	0
SSUH2	0.057398527
SSX1	0
SSX2	0
SSX2B	0
SSX2IP	1.149977072
SSX3	0
SSX4	0
SSX4B	0
SSX5	0
SSX6	0.033536218
SSX7	0
SSX8	0
SSX9	0
SSXP1	0
SSXP10	0
SSXP3	0
SSXP4	0
SSXP5	0
SSXP9	0
ST13	46.31791266
ST13P10	0
ST13P11	0.108818042
ST13P12	0
ST13P13	0
ST13P14	0
ST13P15	0.028310385
ST13P16	0
ST13P18	0.045773509
ST13P19	0
ST13P2	0.042388994
ST13P20	0.088280552
ST13P21	0.042813656
ST13P3	0.056467741
ST13P4	0.04300951
ST13P5	0.155286286
ST13P6	0.142194174
ST14	13.20225509
ST18	0.008707862
ST20	3.398035501
ST20-AS1	1.265309286
ST20-MTHFS	0.108191931
ST3GAL1	7.780147154
ST3GAL1P1	0.030906899
ST3GAL2	3.071563441
ST3GAL3	4.122888556
ST3GAL4	5.323870897
ST3GAL5	7.285651257
ST3GAL5-AS1	0.460287808
ST3GAL6	3.603455455
ST3GAL6-AS1	0.371762704
ST5	3.097275555
ST6GAL1	6.786079057
ST6GAL2	0.260214601
ST6GAL2-IT1	0.242316464
ST6GALNAC1	1.963269354
ST6GALNAC2	5.353191111
ST6GALNAC2P1	0
ST6GALNAC3	2.671898677
ST6GALNAC4	15.24677303
ST6GALNAC4P1	0.125609603
ST6GALNAC5	7.667651563
ST6GALNAC6	29.82192571
ST7	7.358436732
ST7-AS1	1.177930818
ST7-AS2	0.065609761
ST7L	1.143696266
ST7-OT4	0.029410282
ST8SIA1	0.256420778
ST8SIA2	0.005309096
ST8SIA3	0.007790751
ST8SIA4	2.951406653
ST8SIA5	0.008932053
ST8SIA6	3.877186409
ST8SIA6-AS1	0.162742709
STAB1	5.205013179
STAB2	0.195703765
STAC	9.474595784
STAC2	0.125843113
STAC3	3.670739893
STAG1	2.342680735
STAG2	12.92131504
STAG3	0.399823577
STAG3L1	0.059865513
STAG3L2	1.017897049
STAG3L3	0.361213785
STAG3L4	4.529893622
STAG3L5P	1.458565362
STAG3L5P-PVRIG2P-PILRB	0.447356726
STAM	10.78927866
STAM2	7.198488215
STAM-AS1	0.096615325
STAMBP	4.286904985
STAMBPL1	0.711249727
STAP1	1.155115018
STAP2	5.863427666
STAR	0.103993881
STARD10	19.73939052
STARD13	5.464253592
STARD13-AS	0.207365616
STARD13-IT1	0.034667695
STARD3	9.599269662
STARD3NL	24.75164964
STARD4	13.65731514
STARD4-AS1	0.668748241
STARD5	0.341131428
STARD6	0.033662294
STARD7	42.5186159
STARD7-AS1	0.847196401
STARD8	10.11855074
STARD9	2.004698874
STARP1	0
STAT1	25.25081937
STAT2	12.36859812
STAT3	34.67022827
STAT4	2.529289747
STAT5A	8.308751074
STAT5B	11.66667138
STAT6	28.24557312
STATH	0.014402388
STAU1	20.39676441
STAU2	4.181283061
STAU2-AS1	0.020627202
STBD1	1.319561936
STC1	5.041981278
STC2	4.234527656
STEAP1	4.445401154
STEAP1B	0.142083661
STEAP2	1.305366993
STEAP2-AS1	0
STEAP3	5.038928903
STEAP3-AS1	0.087649585
STEAP4	51.64135561
STH	0
STIL	0.251456092
STIM1	6.801967011
STIM2	5.867385643
STIMATE	0.579755179
STIP1	19.34750665
STIP1P3	0
STK10	5.23419213
STK11	3.185109999
STK11IP	2.732720303
STK16	7.942521236
STK17A	20.33301322
STK17B	20.29929454
STK19	3.7054277
STK19B	0
STK24	3.306006896
STK24-AS1	0.183917817
STK24P1	0.060688606
STK25	7.440261416
STK25P1	0
STK26	6.223068255
STK3	2.473001044
STK31	0.347203999
STK32A	0.646862803
STK32A-AS1	0.12710149
STK32B	0.238402261
STK32C	3.418784603
STK33	0.993925863
STK33P1	0
STK35	4.024617146
STK36	1.68878591
STK38	13.33860881
STK38L	6.823980805
STK39	4.46443503
STK4	5.086856737
STK40	15.47918149
STK4-AS1	0.083471079
STKLD1	0.24528495
STMN1	13.24712359
STMN1P1	0.071226355
STMN1P2	0
STMN2	0.106145964
STMN3	5.655697889
STMN4	0.009514146
STMND1	0.239233557
STMP1	10.28866858
STN1	23.68397421
STOM	275.0887426
STOML1	2.455099791
STOML2	50.21970697
STOML3	0.497453905
STON1	2.38024821
STON1-GTF2A1L	0.065564008
STON2	0.943709183
STOX1	0.285464369
STOX2	0.715385226
STPG1	0.834028726
STPG2	0.034905307
STPG2-AS1	0
STPG3	0.058360514
STPG3-AS1	0.036848437
STPG4	0.00957519
STRA6	0.01222611
STRA8	0
STRADA	1.299401144
STRADB	3.620197007
STRADBP1	0.146789677
STRAP	53.00516472
STRBP	1.819144142
STRC	0.007581855
STRCP1	0.020587197
STRIP1	3.162946167
STRIP2	0.429346065
STRN	3.372433457
STRN3	7.675518373
STRN4	7.04228325
STS	3.188747422
STSP1	0
STT3A	9.583217507
STT3A-AS1	0.036526336
STT3B	30.94253606
STUB1	15.27061057
STUM	0.245374837
STX10	19.49999917
STX11	28.36998214
STX12	45.22077169
STX16	9.898493692
STX16-NPEPL1	0.284240959
STX17	3.401734628
STX17-AS1	1.51550966
STX18	6.365488082
STX18-AS1	0.13599137
STX18-IT1	0
STX19	3.098776978
STX1A	0.806190528
STX1B	0.133286004
STX2	9.423765165
STX3	19.80121473
STX4	12.56504155
STX5	30.51340814
STX6	4.095872781
STX7	7.39168478
STX8	11.06298519
STX8P1	0
STXBP1	10.65546264
STXBP2	8.200700573
STXBP3	8.110017588
STXBP4	0.467794025
STXBP5	1.958724749
STXBP5-AS1	0.247651108
STXBP5L	0
STXBP6	9.927896064
STYK1	0.521716405
STYX	4.504516056
STYXL1	11.87597609
SUB1	20.87289694
SUB1P1	0.164081654
SUB1P2	0
SUB1P3	0.149236171
SUB1P4	0.092447186
SUCLA2	10.76270251
SUCLA2-AS1	0.227098522
SUCLA2P1	0.011437809
SUCLA2P2	0
SUCLA2P3	0
SUCLG1	24.21762527
SUCLG2	25.50779415
SUCLG2-AS1	0.289415794
SUCLG2P2	0.132999829
SUCLG2P4	0
SUCNR1	1.903912313
SUCO	6.209162418
SUDS3	5.520384252
SUDS3P1	0.129770584
SUFU	1.298778596
SUGCT	0.82270553
SUGP1	3.165556652
SUGP2	4.597337428
SUGT1	2.785949385
SUGT1P1	1.316789747
SUGT1P2	0.110573171
SUGT1P3	0.5062369
SULF1	1.846250125
SULF2	3.537885892
SULT1A1	7.425961065
SULT1A2	4.394431262
SULT1A3	0.030593124
SULT1A4	0
SULT1B1	0.236452906
SULT1C2	1.550375299
SULT1C2P1	0.039096302
SULT1C2P2	0.213194531
SULT1C3	0
SULT1C4	3.444327578
SULT1D1P	0
SULT1E1	0.210834956
SULT2A1	0
SULT2B1	6.274582471
SULT4A1	0.027500523
SULT6B1	0
SUMF1	8.060298853
SUMF2	50.75776556
SUMO1	59.5582664
SUMO1P1	0.153625471
SUMO1P2	0
SUMO1P3	0.82472621
SUMO1P4	0
SUMO2	44.10964489
SUMO2P1	0.055175345
SUMO2P10	0
SUMO2P12	0
SUMO2P13	0
SUMO2P14	0
SUMO2P15	0.281830899
SUMO2P16	0
SUMO2P17	0.139752936
SUMO2P18	0
SUMO2P19	0.159353878
SUMO2P2	0
SUMO2P20	0
SUMO2P3	0.054409021
SUMO2P4	0
SUMO2P5	0
SUMO2P6	0.217636083
SUMO2P7	0
SUMO2P8	0
SUMO3	48.88495179
SUMO4	0.029399246
SUN1	10.33774159
SUN2	16.74439502
SUN3	0.03618891
SUN5	0
SUOX	4.314826564
SUPT16H	8.38381305
SUPT16HP1	0.040012252
SUPT20H	3.174664096
SUPT20HL1	0
SUPT20HL2	0
SUPT3H	1.971895809
SUPT4H1	41.52986385
SUPT4H1P1	0
SUPT4H1P2	0
SUPT5H	11.25855234
SUPT6H	9.148092991
SUPT7L	8.190561204
SUPV3L1	4.068366885
SURF1	37.42599112
SURF2	13.57116433
SURF4	62.27448738
SURF6	3.353458715
SURF6P1	0
SUSD1	4.558963461
SUSD2	55.24650128
SUSD2P2	0
SUSD3	3.101701899
SUSD4	0.858345623
SUSD5	0.885493776
SUSD6	15.42520938
SUV39H1	1.330630115
SUV39H2	1.226332017
SUZ12	4.609749647
SUZ12P1	1.386046751
SV2A	0.412534068
SV2B	0.103173554
SV2C	0.016936097
SVBP	17.56366431
SVEP1	2.522185949
SVIL	9.562408678
SVIL-AS1	3.742556358
SVILP1	0.201411285
SVIP	8.500336932
SVOP	0.002155406
SVOPL	0.104432167
SWAP70	16.5415531
SWI5	7.06993918
SWSAP1	1.023561627
SWT1	2.168415559
SYAP1	11.3751307
SYBU	1.608474424
SYCE1	0.003850073
SYCE1L	0.680200234
SYCE2	0.257939062
SYCE3	1.517496227
SYCN	0.027346942
SYCP1	0
SYCP2	0.608277033
SYCP2L	1.044125863
SYCP3	0.09821759
SYDE1	3.916461491
SYDE2	0.833163961
SYF2	15.13042216
SYF2P1	0
SYF2P2	0.053755739
SYK	9.36879477
SYMPK	5.045356486
SYN1	0.146492346
SYN2	0.603851093
SYN3	0.146796418
SYNC	1.721116327
SYNCRIP	12.94644249
SYNDIG1	0.13759921
SYNDIG1L	2.681623164
SYNE1	2.715272829
SYNE1-AS1	0.198351873
SYNE2	2.953757421
SYNE3	1.202581942
SYNE4	2.64675781
SYNGAP1	1.171959628
SYNGR1	1.284594399
SYNGR2	89.73401748
SYNGR3	0.064145372
SYNGR4	0
SYNJ1	2.293188529
SYNJ2	0.792887672
SYNJ2BP	8.23271708
SYNJ2BP-COX16	0.345985568
SYNJ2-IT1	0
SYNM	7.356929075
SYNPO	23.20682113
SYNPO2	5.983643113
SYNPO2L	0.103511391
SYNPR	0
SYNPR-AS1	0.308902828
SYNRG	2.305963829
SYP	1.271011419
SYP-AS1	0
SYPL1	48.54608856
SYPL1P1	0
SYPL1P2	0.237094605
SYPL2	0.379586325
SYS1	10.35174983
SYS1-DBNDD2	0.190004683
SYT1	0.916926892
SYT10	0.021583744
SYT11	4.285271093
SYT12	0.021703321
SYT13	0.034667695
SYT14	0
SYT14P1	0
SYT15	0.332747876
SYT16	0.00111394
SYT17	1.983150343
SYT2	0.143112382
SYT3	0.077694719
SYT4	0.07416402
SYT5	0.002930578
SYT6	0.009210304
SYT7	0.658063077
SYT8	0.562966807
SYT9	0.023204693
SYTL1	4.966966771
SYTL2	3.434114259
SYTL3	6.920466724
SYTL4	2.111667716
SYTL5	0.271465922
SYVN1	7.230459919
SZRD1	24.27877907
SZT2	2.29653724
SZT2-AS1	0.044834901
TAAR1	0
TAAR2	0
TAAR3P	0.014535991
TAAR4P	0
TAAR5	0
TAAR6	0
TAAR7P	0
TAAR8	0
TAAR9	0
TAB1	4.705159272
TAB2	14.24965169
TAB2-AS1	0
TAB3	2.434729843
TAB3-AS1	0
TAB3-AS2	0
TAB3P1	0.017116109
TAC1	0.464782144
TAC3	0.059732394
TAC4	0.328737021
TACC1	24.85991269
TACC1P1	0
TACC2	5.97590438
TACC3	1.809900075
TACO1	6.626666193
TACR1	0.540236065
TACR2	0.338393408
TACR3	0.045288434
TACSTD2	95.21185212
TADA1	4.257235027
TADA2A	3.250914936
TADA2B	4.139908542
TADA3	14.10799952
TAF1	3.11087334
TAF10	9.525635025
TAF11	28.76102163
TAF12	8.435004654
TAF13	35.38016533
TAF13P2	0.16436851
TAF15	11.14043347
TAF1A	1.347765009
TAF1A-AS1	0.561951376
TAF1B	3.022913786
TAF1C	6.470780846
TAF1D	7.161209344
TAF1L	0
TAF2	3.716999585
TAF3	2.553739657
TAF4	1.103979447
TAF4B	0.615754805
TAF5	1.452860708
TAF5L	4.694585456
TAF6	3.854172047
TAF6L	1.89590125
TAF7	62.88060326
TAF7L	0.040415839
TAF8	2.063769432
TAF9	18.91077678
TAF9B	12.01482182
TAF9BP1	0.042010182
TAF9BP2	0
TAF9P1	0
TAF9P2	0
TAF9P3	0.370152709
TAGAP	3.609916779
TAGLN	163.5307639
TAGLN2	493.267851
TAGLN2P1	1.041093904
TAGLN3	0.034996757
TAL1	6.968936476
TAL2	0.191095097
TALDO1	48.91271387
TAMM41	1.126638641
TANC1	4.578802979
TANC2	1.728981909
TANGO2	5.515097004
TANGO6	1.812371723
TANK	12.30777107
TAOK1	3.601838726
TAOK2	7.750131929
TAOK3	4.853634686
TAP1	36.07339473
TAP2	6.299798286
TAPBP	32.5792952
TAPBPL	18.1814877
TAPT1	9.764598188
TAPT1-AS1	0.697569726
TARBP1	4.363177641
TARBP2	5.777519651
TARDBP	13.52491212
TARDBPP1	0
TARDBPP2	0.025458648
TARID	0.536145467
TARM1	0.012270789
TARS	10.12590129
TARS2	3.708941639
TARS2P1	0
TARSL2	2.044183944
TAS1R1	0.070438234
TAS1R2	0
TAS1R3	0.159756169
TAS2R1	0
TAS2R10	0.135343745
TAS2R13	0.009572265
TAS2R14	0.593451924
TAS2R15P	0.422138955
TAS2R16	0
TAS2R19	0.297131898
TAS2R20	0.453868153
TAS2R2P	0
TAS2R3	0.071161662
TAS2R30	0.017116109
TAS2R31	0.153475005
TAS2R38	0
TAS2R39	0
TAS2R4	0.250400473
TAS2R40	0
TAS2R41	0
TAS2R42	0
TAS2R43	0.168794951
TAS2R46	0.067396981
TAS2R5	0.353965897
TAS2R50	0.015669798
TAS2R60	0
TAS2R62P	0
TAS2R63P	0
TAS2R64P	0.058688382
TAS2R6P	0.094853499
TAS2R7	0
TAS2R8	0.012606434
TAS2R9	0
TASP1	3.425239837
TAT	0.049266981
TAT-AS1	0.197443045
TATDN1	3.65016433
TATDN1P1	0.246214559
TATDN2	2.71943551
TATDN2P1	0
TATDN2P2	0.563155364
TATDN2P3	0.038479722
TATDN3	5.369429196
TAX1BP1	20.04161179
TAX1BP3	20.13393423
TAZ	4.836029586
TBATA	0
TBC1D1	4.724187327
TBC1D10A	3.775694195
TBC1D10B	5.620917238
TBC1D10C	6.79453488
TBC1D12	1.507886933
TBC1D13	5.560377842
TBC1D14	2.453035193
TBC1D15	11.52712015
TBC1D16	1.57715059
TBC1D17	7.81343352
TBC1D19	1.683795999
TBC1D2	13.09009205
TBC1D20	7.062292768
TBC1D21	0
TBC1D22A	5.53381201
TBC1D22A-AS1	0.026970392
TBC1D22B	4.88379897
TBC1D23	11.22173421
TBC1D24	1.671942519
TBC1D25	4.092774612
TBC1D26	0.08170472
TBC1D27P	0.176098682
TBC1D28	0.012545875
TBC1D29	0.008157105
TBC1D2B	3.935505959
TBC1D3	0
TBC1D30	0.761021642
TBC1D31	0.33483252
TBC1D32	0.462476677
TBC1D3B	0.02599502
TBC1D3C	0
TBC1D3D	0
TBC1D3E	0.006090089
TBC1D3F	0
TBC1D3G	0
TBC1D3H	0
TBC1D3I	0.004452912
TBC1D3J	0
TBC1D3K	0
TBC1D3L	0.340178247
TBC1D3P1	0
TBC1D3P1-DHX40P1	0
TBC1D3P2	0
TBC1D3P3	0
TBC1D3P4	0
TBC1D3P5	0.003363339
TBC1D3P6	0
TBC1D3P7	0
TBC1D4	5.490783827
TBC1D5	3.220450098
TBC1D7	1.438600731
TBC1D8	3.541946047
TBC1D8-AS1	0.126471332
TBC1D8B	1.386751564
TBC1D9	9.623375852
TBC1D9B	6.353691298
TBCA	32.78974407
TBCAP1	3.066871779
TBCAP2	0
TBCAP3	0.050223712
TBCB	18.82166055
TBCC	13.79834316
TBCCD1	3.364059422
TBCD	4.68034864
TBCE	10.08041522
TBCEL	4.529062696
TBCK	1.444013062
TBK1	8.657546939
TBKBP1	2.474949403
TBL1X	1.640980415
TBL1XR1	8.323473143
TBL1XR1-AS1	0
TBL1Y	0.195302842
TBL1YP1	0
TBL2	9.676494557
TBL3	2.884173493
TBP	8.042496909
TBPL1	4.533948298
TBPL2	0
TBR1	0.001632271
TBRG1	6.083958086
TBRG4	6.596814837
TBX1	0.528900504
TBX10	0
TBX15	0.164685213
TBX18	0.033304565
TBX18-AS1	0
TBX19	0.726129932
TBX2	8.592528142
TBX20	0.033428902
TBX21	1.348777563
TBX22	0
TBX2-AS1	4.352721665
TBX3	7.205473498
TBX4	6.462419193
TBX5	3.095889496
TBX5-AS1	2.232655894
TBX6	0.389622009
TBXA2R	1.683114715
TBXAS1	5.477307798
TBXT	0
TC2N	13.64829973
TCAF1	1.566979799
TCAF1P1	0.161471933
TCAF2	1.172932606
TCAF2P1	0.077669383
TCAIM	3.842266596
TCAM1P	0.017676027
TCAP	1.601670355
TCEA1	12.04051433
TCEA1P1	0
TCEA1P2	1.279873125
TCEA1P3	0
TCEA1P4	0.334190005
TCEA2	5.60288279
TCEA3	11.23856636
TCEAL1	26.49780447
TCEAL2	5.643384632
TCEAL3	11.57049726
TCEAL3-AS1	0
TCEAL4	36.49855649
TCEAL4P1	0
TCEAL5	0.026831846
TCEAL6	0.022792433
TCEAL7	5.777988385
TCEAL8	51.02301654
TCEAL9	79.24971741
TCEANC	0.739904436
TCEANC2	0.658221683
TCERG1	4.463213062
TCERG1L	0.008940547
TCERG1L-AS1	0
TCF12	6.215830307
TCF15	0.352696418
TCF19	2.62196733
TCF20	2.393650912
TCF21	5.240481772
TCF23	0.00611743
TCF24	0.012104904
TCF25	12.22853766
TCF3	3.396841078
TCF3P1	0.024269176
TCF4	4.207063905
TCF4-AS1	0.079140394
TCF4-AS2	0.070426058
TCF7	1.502668694
TCF7L1	6.106038185
TCF7L1-IT1	0.171067664
TCF7L2	7.036326718
TCFL5	2.645076495
TCHH	0.246415694
TCHHL1	0
TCHP	1.284182694
TCIM	346.4766445
TCIRG1	16.33462063
TCL1A	0.224254712
TCL1B	0
TCL6	0.005932159
TCN1	0.039520298
TCN2	16.89447151
TCOF1	2.068835717
TCP1	25.50276314
TCP10	0
TCP10L	0.088032573
TCP10L2	0
TCP11	0.033178641
TCP11L1	1.187636459
TCP11L2	3.254386226
TCP11X1	0
TCP11X2	0
TCP11X3P	0
TCP1P1	0
TCP1P3	0
TCTA	21.61941551
TCTE1	0.178820649
TCTE3	0.632520406
TCTEX1D1	1.784335062
TCTEX1D2	2.125357834
TCTEX1D4	0.698260985
TCTN1	2.20241825
TCTN2	2.234158429
TCTN3	12.17411548
TDG	4.841881289
TDGF1	0.015629162
TDGF1P1	0
TDGF1P2	0
TDGF1P3	0
TDGF1P4	0
TDGF1P5	0.103773497
TDGF1P6	0.034977228
TDGF1P7	0.028031839
TDGP1	0.012750039
TDH	0.041366943
TDO2	0.666799915
TDP1	1.210401933
TDP2	19.15762454
TDRD1	0.035775795
TDRD10	4.893192648
TDRD12	0.006705091
TDRD15	0.002554164
TDRD3	2.957346672
TDRD5	0.077318082
TDRD6	0.211449547
TDRD7	8.698188794
TDRD9	0.477528516
TDRG1	0.00969066
TDRKH	1.520204283
TDRKH-AS1	0.17853407
TDRP	6.56197187
TEAD1	5.341530523
TEAD2	20.99647765
TEAD3	11.27649284
TEAD4	9.641891547
TEC	2.142446326
TECPR1	3.733373447
TECPR2	1.295797447
TECR	10.20758279
TECRL	0
TECRP1	0.915538759
TECRP2	0.033771116
TECTA	0.376677836
TECTB	0.010674249
TEDC1	2.77695584
TEDC2	0.087847501
TEDDM1	0.037607515
TEDDM2P	0
TEF	5.121348613
TEFM	2.527386773
TEK	21.40288954
TEKT1	1.07533836
TEKT2	1.140773969
TEKT3	0.15015138
TEKT4	0.113037316
TEKT4P2	0.726144818
TEKT5	0.079452497
TELO2	3.404549175
TEMN3-AS1	0
TEN1	0.204440956
TEN1-CDK3	0.422095636
TENM1	0.272180114
TENM2	0.05520525
TENM3	0.163444989
TENM4	0.073877936
TEP1	3.098547626
TEPP	1.227122434
TEPSIN	1.747304228
TERB1	0.020251758
TERB2	0
TERC	0.057929013
TERF1	2.191394012
TERF1P1	0
TERF1P2	0
TERF1P3	0
TERF1P4	0.01405363
TERF1P5	0.012982434
TERF2	3.398235857
TERF2IP	19.17104022
TERT	0.00339467
TES	36.7764301
TESC	4.491032447
TESC-AS1	0.029762199
TESK1	7.169716547
TESK2	2.259432041
TESMIN	0.021491237
TESPA1	0.767118469
TET1	0.043864637
TET1P1	0
TET2	2.648095035
TET2-AS1	0.058360514
TET3	1.067553673
TEX10	2.406255993
TEX101	0
TEX11	0
TEX12	0.135669247
TEX13A	0
TEX13B	0
TEX14	0.935773852
TEX15	0.005374191
TEX19	0.008093904
TEX2	4.741948986
TEX21P	0.307875435
TEX22	0.099420643
TEX26	0.037758549
TEX261	11.7266
TEX264	9.435488419
TEX26-AS1	0.02407035
TEX28	0
TEX28P1	0
TEX28P2	0
TEX29	0.303286413
TEX30	5.019573173
TEX33	0.013578681
TEX35	0.007761168
TEX36	0
TEX36-AS1	0
TEX37	0
TEX38	0.021033286
TEX41	0.093656649
TEX43	0.032919744
TEX44	0.02266059
TEX45	0.021524448
TEX46	0.071442848
TEX47	0
TEX48	0
TEX49	0.547728501
TEX50	0
TEX51	0
TEX53	0
TEX9	0.550049604
TF	0.142702188
TFAM	7.071813936
TFAMP1	0.106452432
TFAMP2	0
TFAP2A	0.019005213
TFAP2A-AS1	0.00926111
TFAP2B	0.017838443
TFAP2C	2.002396815
TFAP2D	0
TFAP2E	0.672892193
TFAP4	0.348571838
TFB1M	3.316086637
TFB2M	4.80777893
TFCP2	6.727326392
TFCP2L1	2.72867161
TFDP1	12.83407139
TFDP2	2.146908526
TFDP3	0.018654521
TFE3	14.49538633
TFEB	3.834217569
TFEC	2.83883661
TFF1	0
TFF2	0
TFF3	9.67288044
TFG	13.90639662
TFIP11	3.810793405
TFP1	0.101400764
TFPI	20.57781309
TFPI2	7.225877558
TFPT	16.08681681
TFR2	0.058781078
TFRC	32.65087615
TG	0.04645197
TGDS	5.719567054
TGFA	2.52901636
TGFA-IT1	0.035939904
TGFB1	18.73310316
TGFB1I1	7.1170987
TGFB2	2.750048027
TGFB2-AS1	0.815842265
TGFB2-OT1	0
TGFB3	4.633336688
TGFB3-AS1	0.243152038
TGFBI	18.15770446
TGFBR1	8.146280138
TGFBR2	73.59208701
TGFBR3	10.86355323
TGFBR3L	0.072353949
TGFBRAP1	2.387654482
TGIF1	13.59052901
TGIF1P1	0.019538401
TGIF2	6.600860994
TGIF2-C20orf24	0.068277987
TGIF2LX	0
TGIF2LY	0
TGIF2P1	0.09150247
TGM1	4.153440432
TGM2	88.12603914
TGM3	0.093099431
TGM4	0.02303112
TGM5	0.008688549
TGM6	0
TGM7	0
TGOLN2	30.41237591
TGS1	4.685954065
TH	0.038655068
TH2LCRR	0.130460853
THA1P	0.670585242
THADA	2.143302187
THAP1	4.913519111
THAP10	1.077747674
THAP11	13.87599898
THAP12	9.490702033
THAP12P1	0.007112936
THAP12P2	0
THAP12P3	0
THAP12P4	0
THAP12P5	0.048214763
THAP12P6	0
THAP12P7	0.075269772
THAP12P8	0
THAP12P9	0
THAP2	1.577303092
THAP3	3.263258521
THAP4	9.44071719
THAP5	8.007042514
THAP5P1	0.119616779
THAP6	2.203050034
THAP7	7.527381252
THAP7-AS1	0.668929192
THAP8	1.863203378
THAP9	1.070697185
THAP9-AS1	8.203746869
THBD	72.57530436
THBS1	113.9730557
THBS2	2.322177348
THBS3	5.006336067
THBS4	0.27902789
THEG	0
THEGL	0
THEM4	3.776457011
THEM5	2.102046072
THEM6	5.247202405
THEM7P	0.039503692
THEMIS	0.843674434
THEMIS2	18.23339187
THEMIS3P	0.059280446
THG1L	3.86878553
THNSL1	0.976259854
THNSL2	3.798665071
THOC1	2.835339899
THOC2	4.441580379
THOC3	1.955888484
THOC5	2.571851841
THOC6	15.36651158
THOC7	34.02735282
THOC7-AS1	0.023283504
THOP1	1.895743246
THPO	0.147287918
THRA	5.323092751
THRAP3	19.31593765
THRAP3P1	0.005624479
THRB	1.696706799
THRB-AS1	0.06870566
THRB-IT1	0.080403753
THRIL	0
THRSP	0
THSD1	3.674071513
THSD4	1.270443937
THSD4-AS1	0
THSD7A	0.757036631
THSD7B	0.013906048
THTPA	2.517780258
THUMPD1	8.807337364
THUMPD1P1	0
THUMPD2	2.38551463
THUMPD3	4.971108329
THUMPD3-AS1	3.081518841
THUMPD3P1	0
THY1	3.784553743
THYN1	19.07145306
TIA1	12.62691154
TIAF1	0.584277647
TIAL1	11.06579616
TIAM1	1.255231219
TIAM2	0.383184446
TICAM1	14.48695076
TICAM2	0.028982364
TICRR	0.035435154
TIE1	11.32982108
TIFA	7.455136834
TIFAB	0.03968377
TIGAR	5.888485121
TIGD1	0.871539241
TIGD2	1.061863837
TIGD3	0.272585949
TIGD4	0.171150706
TIGD5	0.834365867
TIGD6	0.894934584
TIGD7	0.586170666
TIGIT	0.596846681
TIMD4	0.433312742
TIMELESS	1.62407841
TIMM10	27.42718825
TIMM10B	17.25687388
TIMM13	18.08420174
TIMM17A	18.89921267
TIMM17B	15.33952122
TIMM17BP1	0
TIMM21	2.473228485
TIMM22	5.597758144
TIMM23	40.64914864
TIMM23B	2.543265643
TIMM29	3.616754234
TIMM44	5.170905107
TIMM50	6.781705368
TIMM8A	1.943078793
TIMM8AP1	1.434184901
TIMM8B	38.77132694
TIMM8BP1	0
TIMM8BP2	0.437006319
TIMM9	14.62514479
TIMM9P1	0
TIMM9P2	0.176727045
TIMM9P3	0
TIMMDC1	24.86504209
TIMP1	126.6396264
TIMP2	41.16764433
TIMP3	3.421278945
TIMP4	0.664779309
TINAG	0
TINAGL1	21.57453157
TINCR	1.473160627
TINF2	48.09564841
TIPARP	31.71209515
TIPARP-AS1	0.687271842
TIPIN	1.552760382
TIPRL	20.43400055
TIRAP	1.2916347
TJAP1	4.316691125
TJP1	15.90348872
TJP2	14.7775675
TJP3	2.062304455
TK1	4.176367439
TK2	3.76389903
TKFC	2.275601827
TKT	20.93097346
TKTL1	0.094448097
TKTL2	0.005904219
TLCD1	3.729196777
TLCD2	2.968102752
TLDC1	1.073589543
TLDC2	1.749272396
TLE1	5.464945856
TLE1P1	0.665101782
TLE2	10.12832411
TLE3	2.820414804
TLE4	3.058548576
TLE6	1.102721272
TLE7	0
TLK1	4.060318736
TLK1P1	0
TLK2	2.393564846
TLK2P1	0.044181761
TLK2P2	0
TLL1	1.035348259
TLL2	0.021146826
TLN1	27.12044534
TLN2	0.271769734
TLNRD1	8.415441564
TLR1	1.534154423
TLR10	0.390165708
TLR12P	0
TLR2	12.02843541
TLR3	2.157976345
TLR4	9.865175335
TLR5	1.652674007
TLR6	0.366104642
TLR7	1.492075217
TLR8	1.900678461
TLR8-AS1	0.696951727
TLR9	0.056686608
TLX1	0.004580473
TLX1NB	0
TLX2	0.005646774
TLX3	0
TM2D1	7.244014664
TM2D2	11.25948257
TM2D3	3.661204694
TM4SF1	339.1605596
TM4SF18	3.230453669
TM4SF19	0.272302967
TM4SF19-AS1	0.168729098
TM4SF19-TCTEX1D2	0
TM4SF1-AS1	0.420778679
TM4SF20	0.022734564
TM4SF4	0.71758888
TM4SF5	0
TM6SF1	3.874756513
TM6SF2	0.107425489
TM7SF2	8.078590104
TM7SF3	24.50824115
TM9SF1	1.590909921
TM9SF2	55.78206081
TM9SF3	24.99658544
TM9SF4	7.306784845
TMA16	4.001084202
TMA16P1	0
TMA16P2	0.026072875
TMA7	137.2998981
TMBIM1	83.58045254
TMBIM4	19.81735149
TMBIM6	162.5266584
TMBIM7P	0.036526336
TMC1	0.010186218
TMC2	0.104782844
TMC3	0.009696657
TMC3-AS1	0.336860001
TMC4	9.272917689
TMC5	9.225890763
TMC6	8.150319432
TMC7	0.992216723
TMC8	4.294196336
TMCC1	3.270636952
TMCC1-AS1	0.169476509
TMCC1P1	0
TMCC2	0.525297982
TMCC3	2.989648336
TMCO1	17.48821295
TMCO2	0.299647431
TMCO3	5.149486801
TMCO4	4.943678252
TMCO5A	0.005898663
TMCO5B	0
TMCO6	1.879301872
TMED1	8.140423809
TMED10	56.45096708
TMED10P1	0
TMED10P2	1.433837725
TMED11P	0.020727246
TMED2	73.6521419
TMED3	3.581438165
TMED4	22.33850481
TMED5	15.78786609
TMED6	0.732960076
TMED7	27.27526728
TMED7-TICAM2	0.046235992
TMED8	1.763456198
TMED9	52.32042797
TMEFF1	0
TMEFF2	0.021264804
TMEM100	87.96332232
TMEM101	13.21767378
TMEM102	1.957804728
TMEM104	3.342764453
TMEM105	0.173466398
TMEM106A	2.448816628
TMEM106B	5.049998358
TMEM106C	21.72578036
TMEM107	2.937777493
TMEM108	0.753266254
TMEM108-AS1	0.017112994
TMEM109	44.69225739
TMEM11	7.046436813
TMEM110-MUSTN1	0.134933678
TMEM114	0.033128537
TMEM115	13.70839861
TMEM116	3.16573463
TMEM117	0.692386423
TMEM119	7.026594898
TMEM120A	16.94880504
TMEM120B	1.745210074
TMEM121	1.02874199
TMEM121B	0.064917293
TMEM123	55.31806242
TMEM125	68.85281244
TMEM126A	28.51548203
TMEM126B	24.2959699
TMEM127	8.97315588
TMEM128	22.0748392
TMEM129	9.660462331
TMEM130	1.5558903
TMEM131	2.73934859
TMEM131L	2.73786397
TMEM132A	1.463319053
TMEM132B	0.044904853
TMEM132C	0.281910657
TMEM132D	0.066266414
TMEM132D-AS1	0
TMEM132D-AS2	0
TMEM132E	0.041029364
TMEM134	5.07433377
TMEM135	4.669786718
TMEM136	2.374318094
TMEM138	3.130010059
TMEM139	7.73100408
TMEM140	13.78644138
TMEM141	56.9889812
TMEM143	1.083887675
TMEM144	1.751260557
TMEM145	0.035613177
TMEM147	29.94456221
TMEM147-AS1	0.619181151
TMEM14A	28.08558552
TMEM14B	18.85582753
TMEM14C	140.3164576
TMEM14DP	0.136259113
TMEM14EP	0
TMEM150A	7.449991225
TMEM150B	5.881891483
TMEM150C	3.278236137
TMEM151A	0.079511075
TMEM151B	0.005740904
TMEM154	0.803301977
TMEM155	0.580362889
TMEM156	0.74006462
TMEM158	0.527224312
TMEM159	12.63140088
TMEM160	8.815738539
TMEM161A	4.561004902
TMEM161B	1.991785117
TMEM161B-AS1	1.383771303
TMEM161BP1	0.010754837
TMEM163	6.853809352
TMEM164	6.745892073
TMEM165	24.53340978
TMEM167A	17.58222852
TMEM167AP1	0
TMEM167B	13.68281005
TMEM168	4.833236004
TMEM169	0.159807752
TMEM17	1.655260351
TMEM170A	5.306695767
TMEM170B	1.619075038
TMEM171	0.071458362
TMEM173	29.58132255
TMEM174	0
TMEM175	4.627845391
TMEM176A	6.931824982
TMEM176B	23.67493482
TMEM177	0.938492538
TMEM178A	2.379017914
TMEM178B	0.101465471
TMEM179	0
TMEM179B	37.19482131
TMEM18	9.810710163
TMEM181	9.244890096
TMEM182	0.63912478
TMEM183A	9.769297805
TMEM183AP1	0
TMEM183B	0.277833298
TMEM184A	0.269026641
TMEM184B	14.36658584
TMEM184C	5.31748875
TMEM185A	1.127083183
TMEM185AP1	0
TMEM185B	7.706216939
TMEM186	3.390633742
TMEM187	4.235080539
TMEM189	5.050057202
TMEM189-UBE2V1	0
TMEM19	5.989688506
TMEM190	1.347655477
TMEM191A	1.777106754
TMEM191B	0.022742813
TMEM191C	0.069254748
TMEM192	2.648610519
TMEM196	0
TMEM198	0.887428436
TMEM198B	3.935036253
TMEM199	3.561317726
TMEM2	22.49938787
TMEM200A	0.635779648
TMEM200B	1.128177953
TMEM200C	0.023568036
TMEM201	1.023508195
TMEM202	0
TMEM202-AS1	0.28301515
TMEM203	21.26543556
TMEM204	25.04718077
TMEM205	35.30095214
TMEM206	2.575783541
TMEM207	0.021643367
TMEM208	25.55220557
TMEM209	3.312422102
TMEM210	0
TMEM211	0.19793429
TMEM212	0.213233735
TMEM212-AS1	0
TMEM212-IT1	0
TMEM213	8.461625802
TMEM214	11.48267478
TMEM215	0.043758163
TMEM216	6.131371888
TMEM217	1.379766648
TMEM218	4.388352351
TMEM219	71.22400768
TMEM220	3.421626358
TMEM220-AS1	0.685833214
TMEM221	0.128496401
TMEM222	9.550314774
TMEM223	6.680282303
TMEM225	0
TMEM225B	0.544553264
TMEM229A	0
TMEM229B	0.516019692
TMEM230	41.83235158
TMEM231	2.276875053
TMEM232	0.211377595
TMEM233	1.185445621
TMEM234	3.124305845
TMEM235	0.024088852
TMEM236	1.175808415
TMEM237	2.08602777
TMEM238	1.770687173
TMEM238L	0.03803349
TMEM239	0
TMEM240	0.374712561
TMEM241	1.481584983
TMEM242	3.937694715
TMEM243	22.03640195
TMEM244	0
TMEM245	13.06091872
TMEM246	1.378987252
TMEM246-AS1	0.091103477
TMEM248	18.35948216
TMEM248P1	0
TMEM249	0.049099636
TMEM25	2.462842188
TMEM250	5.587787212
TMEM251	16.34710062
TMEM251P1	0
TMEM252	0.176206564
TMEM253	0.071916462
TMEM254	4.994878867
TMEM254-AS1	0.454414155
TMEM255A	1.259107667
TMEM255B	2.627760827
TMEM256	62.6348644
TMEM256P1	0
TMEM256P2	0
TMEM256-PLSCR3	0.030640982
TMEM258	24.47001375
TMEM259	17.78061425
TMEM26	0.30400361
TMEM260	2.192258479
TMEM261P1	0
TMEM262	0.298899342
TMEM263	13.69464099
TMEM266	0.404765912
TMEM267	4.763459808
TMEM268	1.997964644
TMEM269	0.081613531
TMEM26-AS1	0
TMEM270	0.016038688
TMEM272	0.018874727
TMEM30A	50.08340276
TMEM30B	9.900957131
TMEM30CP	0
TMEM31	0.279817821
TMEM33	6.311657711
TMEM35A	2.011292625
TMEM35B	12.28770493
TMEM37	11.54724643
TMEM38A	2.424777393
TMEM38B	4.105896969
TMEM39A	7.939207609
TMEM39B	3.639616201
TMEM40	0.479508136
TMEM41A	3.44742787
TMEM41B	14.2452709
TMEM42	6.18518105
TMEM43	36.96352685
TMEM44	4.964450362
TMEM44-AS1	4.845174357
TMEM45A	1.393450812
TMEM45B	5.456216414
TMEM47	16.37327684
TMEM50A	45.07479429
TMEM50B	29.82664997
TMEM51	9.84958731
TMEM51-AS1	0.116971732
TMEM52	0.579998797
TMEM52B	0.754521657
TMEM53	4.418581277
TMEM54	24.8593549
TMEM56	2.034406359
TMEM56-RWDD3	0.15981436
TMEM59	53.47838808
TMEM59L	0.077573257
TMEM5-AS1	0.055665357
TMEM60	10.96732685
TMEM61	0.671358711
TMEM62	5.929112754
TMEM63A	5.29247844
TMEM63B	15.15278319
TMEM63C	0.059103434
TMEM64	7.850915826
TMEM65	2.027059924
TMEM67	1.381349177
TMEM68	2.375873267
TMEM69	5.422431122
TMEM70	20.8878092
TMEM71	1.796477441
TMEM72	0.039708072
TMEM72-AS1	0.047484236
TMEM74	0.021786302
TMEM74B	5.50924572
TMEM75	0
TMEM78	0
TMEM79	0.689736788
TMEM80	2.386459041
TMEM81	0.635262081
TMEM82	0
TMEM86A	1.026680142
TMEM86B	0.668323448
TMEM87A	26.21954202
TMEM87B	6.710942786
TMEM88	24.58815159
TMEM88B	0
TMEM89	0.118351949
TMEM8A	11.68804136
TMEM8B	2.754591602
TMEM9	28.36173399
TMEM91	3.682066267
TMEM92	3.239064984
TMEM92-AS1	1.086439328
TMEM94	5.944753949
TMEM95	0.012802123
TMEM97	16.59944982
TMEM97P1	0
TMEM97P2	0
TMEM98	15.3405117
TMEM99	3.748279368
TMEM9B	33.77905214
TMEM9B-AS1	1.56428276
TMF1	9.530837271
TMF1P1	0
TMIE	1.331589194
TMIGD1	0
TMIGD2	0.285582689
TMIGD3	0.509984509
TMLHE	1.622115754
TMLHE-AS1	0.042465577
TMOD1	5.003516943
TMOD2	1.255092105
TMOD3	9.945428599
TMOD4	0
TMPO	8.184109554
TMPO-AS1	0.168040729
TMPOP1	0
TMPOP2	0.039141877
TMPPE	0.300278529
TMPRSS11A	0
TMPRSS11B	0
TMPRSS11BNL	0.007224434
TMPRSS11CP	0.06882781
TMPRSS11D	0.004757073
TMPRSS11E	0.190558816
TMPRSS11F	0
TMPRSS11GP	0
TMPRSS12	0.009394363
TMPRSS13	1.611650548
TMPRSS15	0
TMPRSS2	21.55910085
TMPRSS3	1.259674574
TMPRSS4	0.097660583
TMPRSS5	0.270777877
TMPRSS6	0.495199398
TMPRSS7	0.071926942
TMPRSS9	0.078442374
TMSB10	4107.824907
TMSB10P1	2.136790636
TMSB10P2	0
TMSB15A	21.25144867
TMSB15B	0.010238352
TMSB15B	0.028361625
TMSB4X	3287.349
TMSB4XP1	2.321451555
TMSB4XP2	0.970035114
TMSB4XP3	0
TMSB4XP4	6.719249949
TMSB4XP6	0
TMSB4XP8	49.21477296
TMSB4Y	1.182980556
TMTC1	1.475333536
TMTC2	2.229129019
TMTC3	3.205817823
TMTC4	0.851945331
TMUB1	10.33972207
TMUB2	11.40757724
TMX1	10.81456385
TMX2	37.66053854
TMX2-CTNND1	0
TMX2P1	2.700162931
TMX3	7.017246188
TMX4	17.99442527
TNC	4.210160544
TNF	4.936547339
TNFAIP1	36.31573395
TNFAIP2	24.95825849
TNFAIP3	35.04996589
TNFAIP6	12.07735539
TNFAIP8	3.965238216
TNFAIP8L1	1.607640892
TNFAIP8L2	13.7676069
TNFAIP8L3	3.075769367
TNFRSF10A	4.263926733
TNFRSF10A-AS1	1.992548881
TNFRSF10B	22.54773957
TNFRSF10C	2.065428612
TNFRSF10D	15.2623301
TNFRSF11A	0.273563692
TNFRSF11B	2.499851042
TNFRSF12A	102.8203303
TNFRSF13B	0.22070138
TNFRSF13C	0.846264445
TNFRSF14	13.61123151
TNFRSF14-AS1	1.269005964
TNFRSF17	1.723958098
TNFRSF18	0.983651553
TNFRSF19	4.348805663
TNFRSF1A	51.28582075
TNFRSF1B	15.29115975
TNFRSF21	6.952246954
TNFRSF25	2.063709996
TNFRSF4	3.314239669
TNFRSF6B	0
TNFRSF8	0.486275165
TNFRSF9	1.022212379
TNFSF10	114.2997387
TNFSF11	0.005733552
TNFSF12	30.13871738
TNFSF12-TNFSF13	0.05177246
TNFSF13	21.91430888
TNFSF13B	5.240341075
TNFSF14	4.122422787
TNFSF15	0.989169654
TNFSF18	0.382380529
TNFSF4	0.465085329
TNFSF8	1.563744466
TNFSF9	2.823387026
TNIK	2.754119136
TNIP1	24.61237562
TNIP2	14.88805826
TNIP3	5.368818792
TNK1	1.319348277
TNK2	2.632670319
TNK2-AS1	0.104664681
TNKS	1.808223553
TNKS1BP1	17.46276131
TNKS2	11.50102601
TNKS2-AS1	0.535367606
TNMD	0.038931175
TNN	0.122029178
TNNC1	160.172704
TNNC2	2.057108184
TNNI1	0.222842688
TNNI2	10.48515134
TNNI3	0.10785505
TNNI3K	0.036526336
TNNT1	0.779520121
TNNT2	1.526180904
TNNT3	0.390676693
TNP1	0
TNP2	0.008773683
TNPO1	5.916241674
TNPO1P1	0.041308782
TNPO1P2	0
TNPO1P3	0
TNPO2	6.841742786
TNPO3	7.694152308
TNR	0.217636083
TNRC18	4.261457154
TNRC18P1	0.051517144
TNRC18P2	0.005773691
TNRC18P3	0
TNRC6A	3.491354129
TNRC6B	1.22236648
TNRC6C	1.078379117
TNRC6C-AS1	1.722894645
TNR-IT1	0
TNS1	39.00217242
TNS2	20.7388121
TNS3	15.878339
TNS4	0.122849664
TNXA	0.069199304
TNXB	3.412190538
TOB1	17.92609973
TOB1-AS1	0.641666926
TOB2	14.80821655
TOB2P1	0.23694251
TOE1	5.680444641
TOGARAM1	1.451980503
TOGARAM2	0.229321832
TOLLIP	9.226926012
TOLLIP-AS1	0.767636536
TOM1	11.98922374
TOM1L1	3.245963653
TOM1L2	9.204984984
TOMM20	60.15751359
TOMM20L	0.379108016
TOMM20P1	0
TOMM20P2	0.521085919
TOMM20P3	0
TOMM20P4	0.108067572
TOMM22	41.75990437
TOMM22P1	0
TOMM22P2	0
TOMM22P3	0
TOMM22P4	0
TOMM22P5	0.107082902
TOMM22P6	0
TOMM34	11.51296991
TOMM40	7.882646304
TOMM40L	4.654725643
TOMM5	6.893163058
TOMM6	0
TOMM7	128.1057443
TOMM70	8.740995539
TONSL	0.467163152
TONSL-AS1	0.439340131
TOP1	40.04224463
TOP1MT	1.807585765
TOP1P1	0
TOP2A	0.664572759
TOP2B	12.13864894
TOP3A	2.078498529
TOP3B	0.049550634
TOP3BP1	0.011354926
TOPAZ1	0
TOPBP1	3.073829906
TOPORS	6.12185129
TOPORSLP	0
TOR1A	11.20935629
TOR1AIP1	9.390470727
TOR1AIP2	3.127982562
TOR1B	10.25453974
TOR2A	3.50649934
TOR3A	17.70603164
TOR4A	5.243413601
TOX	3.030783974
TOX2	4.813248531
TOX3	0.155732439
TOX4	10.25796112
TOX4P1	0
TP53	6.091156232
TP53AIP1	0.068228438
TP53BP1	1.788800741
TP53BP2	15.11268449
TP53I11	8.08983989
TP53I13	3.922592758
TP53I3	16.74065789
TP53INP1	8.577530368
TP53INP2	18.00470167
TP53RK	8.106449473
TP53TG1	18.04400981
TP53TG3	0
TP53TG3B	0
TP53TG3C	0
TP53TG3D	0
TP53TG3E	0
TP53TG3F	0
TP53TG3GP	0
TP53TG3HP	0
TP53TG5	0.443290338
TP63	0.750485361
TP73	0.104264514
TP73-AS1	2.63809368
TPBG	1.386768044
TPBGL	0.056103824
TPCN1	5.366295395
TPCN2	2.292954127
TPD52	5.69480642
TPD52L1	2.49643918
TPD52L2	25.73465546
TPD52L3	0
TPGS1	0.452955098
TPGS2	5.665496919
TPH1	0.100268882
TPH2	0
TPI1	97.70409231
TPI1P1	0.459647408
TPI1P2	0.125024984
TPI1P3	0.042350805
TPI1P4	0
TPK1	1.197798022
TPM1	20.17555483
TPM1-AS	0.186878927
TPM2	71.18974695
TPM3	57.31645624
TPM3P1	0.020976972
TPM3P2	0
TPM3P3	0
TPM3P4	0
TPM3P6	0.760259741
TPM3P7	0.042813656
TPM3P8	0.097479303
TPM3P9	3.187623291
TPM4	98.85034424
TPM4P1	0
TPMT	11.48264669
TPMTP1	0.085046393
TPMTP2	0.107918719
TPMTP3	0
TPMTP4	0
TPO	0.029777426
TPP1	27.51246924
TPP2	5.349360838
TPPP	4.358504092
TPPP2	0.056981084
TPPP3	58.31582958
TPR	6.144844671
TPRA1	9.69557857
TPRG1	1.8652565
TPRG1-AS1	1.461315451
TPRG1-AS2	0.130854263
TPRG1L	28.80153012
TPRG1LP1	0.061854466
TPRKB	10.73997391
TPRKBP1	0
TPRKBP2	0.098967145
TPRN	3.393459438
TPRX1	0
TPRX1P1	0
TPRX2P	0
TPRXL	0.043096254
TPSAB1	20.13651951
TPSB2	30.14046875
TPSD1	4.623204108
TPSG1	0.224746107
TPSP2	0.025688193
TPST1	5.654444696
TPST2	9.158171431
TPST2P1	0
TPT1	1125.640769
TPT1-AS1	1.125296972
TPT1P1	0.030250575
TPT1P10	0.094777004
TPT1P11	0.062930916
TPT1P12	0.031849183
TPT1P13	0
TPT1P14	0.031029303
TPT1P2	0.03115268
TPT1P3	0
TPT1P4	1.569999028
TPT1P5	0.270687489
TPT1P6	0.518261801
TPT1P7	0
TPT1P8	0.056467741
TPT1P9	1.310897498
TPTE	0
TPTE2	0.068516826
TPTE2P1	0.284238583
TPTE2P2	0
TPTE2P3	0.079073833
TPTE2P4	0
TPTE2P5	0.36726089
TPTE2P6	0.008628743
TPTEP1	0.848278113
TPX2	0.465095253
TRA2A	33.11336721
TRA2B	13.83373279
TRABD	6.903060391
TRABD2A	1.043343066
TRABD2B	0.233910832
TRAC	9.817510633
TRADD	8.399548905
TRAF1	3.430881496
TRAF2	3.435120882
TRAF3	2.482363013
TRAF3IP1	3.326056321
TRAF3IP2	3.407517494
TRAF3IP2-AS1	0.861692565
TRAF3IP3	1.055436716
TRAF4	12.80586625
TRAF5	2.080737973
TRAF6	3.014288795
TRAF6P1	0
TRAF7	8.332325197
TRAFD1	9.298474038
TRAIP	0.292938301
TRAJ1	0.252738677
TRAJ10	0
TRAJ11	0
TRAJ12	0
TRAJ13	0
TRAJ14	0
TRAJ16	0
TRAJ17	0
TRAJ18	0.474842363
TRAJ19	0
TRAJ2	0.474842363
TRAJ20	0
TRAJ21	0
TRAJ22	0
TRAJ23	0
TRAJ24	0
TRAJ25	0
TRAJ26	0
TRAJ27	0
TRAJ28	0
TRAJ29	0
TRAJ3	0
TRAJ30	0
TRAJ31	0.82472621
TRAJ32	0
TRAJ33	0
TRAJ34	0.270168931
TRAJ35	0
TRAJ36	0
TRAJ37	0
TRAJ38	0
TRAJ39	0
TRAJ4	0
TRAJ40	0
TRAJ41	0
TRAJ42	0
TRAJ43	0
TRAJ44	0
TRAJ45	0
TRAJ46	0
TRAJ47	0
TRAJ48	0
TRAJ49	0
TRAJ5	0.2611633
TRAJ50	0
TRAJ51	0.248726952
TRAJ52	0
TRAJ53	0
TRAJ54	0
TRAJ55	0
TRAJ56	0
TRAJ57	0
TRAJ58	0
TRAJ59	0.290181444
TRAJ6	0.252738677
TRAJ60	0
TRAJ61	0
TRAJ7	0
TRAJ8	0
TRAJ9	0.513763869
TRAK1	4.933876534
TRAK2	13.96454923
TRAM1	119.95194
TRAM1L1	1.285806459
TRAM2	4.044477392
TRAM2-AS1	3.895908142
TRANK1	2.334276967
TRAP1	4.71263104
TRAPPC1	65.85061992
TRAPPC10	1.652146024
TRAPPC11	4.745740909
TRAPPC12	2.960778757
TRAPPC12-AS1	0.655784498
TRAPPC13	5.039499511
TRAPPC13P1	0.103284921
TRAPPC2	2.127110289
TRAPPC2B	5.254441215
TRAPPC2L	11.16512606
TRAPPC2P10	0
TRAPPC2P2	0
TRAPPC2P3	0
TRAPPC2P4	0
TRAPPC2P5	0
TRAPPC2P7	0
TRAPPC2P8	0
TRAPPC2P9	0
TRAPPC3	22.31624478
TRAPPC3L	0.244396559
TRAPPC4	9.481142366
TRAPPC5	0.099508331
TRAPPC6A	21.44730122
TRAPPC6B	7.846997892
TRAPPC8	5.370655748
TRAPPC9	2.168925171
TRAT1	1.171515752
TRAV10	0.165380454
TRAV11	0
TRAV1-1	0.239843847
TRAV1-2	0.116938791
TRAV12-1	0.553051694
TRAV12-2	0.246491204
TRAV12-3	0.314181413
TRAV13-1	0.304690517
TRAV13-2	0.420409214
TRAV14DV4	0.184350565
TRAV15	0
TRAV16	0.571542784
TRAV17	1.586405169
TRAV18	0
TRAV19	0.503312569
TRAV2	0.270168931
TRAV20	0.115786685
TRAV21	0.776637218
TRAV22	0.135084465
TRAV23DV6	0.153249858
TRAV24	1.187798099
TRAV25	0.11664862
TRAV26-1	0.087540771
TRAV26-2	0
TRAV27	1.216713727
TRAV28	0
TRAV29DV5	0.233877582
TRAV3	0.241538312
TRAV30	0
TRAV31	0
TRAV32	0
TRAV33	0.092720698
TRAV34	0.089798269
TRAV35	0
TRAV36DV7	0.220081432
TRAV37	0
TRAV38-1	0.133171088
TRAV38-2DV8	0
TRAV39	0.284044677
TRAV4	0.714066744
TRAV40	0.098863079
TRAV41	0.233181518
TRAV5	0.534197659
TRAV6	0.232719772
TRAV7	0
TRAV8-1	0.298156833
TRAV8-2	0.221481244
TRAV8-3	0.275714921
TRAV8-4	0.735043829
TRAV8-5	0.151399014
TRAV8-6	0.391046652
TRAV8-7	0
TRAV9-1	0
TRAV9-2	0.397710609
TRBC1	0.852864716
TRBC2	13.62837678
TRBJ2-1	1.25358384
TRBJ2-2	0.614501882
TRBJ2-2P	2.043886695
TRBJ2-3	3.837501549
TRBJ2-4	0.62679192
TRBJ2-5	0
TRBJ2-6	0
TRBJ2-7	1.666999787
TRBV1	0
TRBV10-1	0.152133961
TRBV10-2	0.158681499
TRBV10-3	0.681295565
TRBV11-1	0.043048896
TRBV11-2	0.307250941
TRBV11-3	0
TRBV12-1	0
TRBV12-2	0
TRBV12-3	0.076624929
TRBV12-4	0.5017423
TRBV12-5	0.038126029
TRBV13	0.293284989
TRBV14	0.347360054
TRBV15	0.223322537
TRBV16	0.090315839
TRBV17	0.045551738
TRBV18	0.256281743
TRBV19	3.065830042
TRBV2	0.223322537
TRBV20-1	0.720886591
TRBV20OR9-2	0
TRBV21-1	0.09005631
TRBV21OR9-2	0
TRBV22-1	0
TRBV22OR9-2	0
TRBV23-1	0.361263354
TRBV23OR9-2	0
TRBV24-1	0.246768472
TRBV24OR9-2	0
TRBV25OR9-2	0
TRBV26	0
TRBV26OR9-2	0.053480539
TRBV27	0.080980868
TRBV28	6.406355383
TRBV29-1	0.818571537
TRBV29OR9-2	0
TRBV30	0
TRBV3-1	0.681295565
TRBV4-1	0.378091641
TRBV4-2	0.413269398
TRBV5-1	1.658306843
TRBV5-2	0
TRBV5-3	0
TRBV5-4	0.345657309
TRBV5-5	0.044770851
TRBV5-6	0.326454125
TRBV5-7	0.045684542
TRBV6-1	0.39076803
TRBV6-4	0.042930953
TRBV6-5	0.382190195
TRBV6-6	0.484632928
TRBV6-7	0
TRBV6-8	0.045952487
TRBV7-1	0
TRBV7-3	0.157882096
TRBV7-4	0.090315839
TRBV7-5	0.045419704
TRBV7-6	0.279817821
TRBV7-7	0.090315839
TRBV7-9	1.174105902
TRBV8-1	0
TRBV8-2	0.232145155
TRBV9	0.803579384
TRBVA	0
TRBVB	0
TRDC	2.348409691
TRDD1	0
TRDD2	0
TRDD3	0
TRDJ1	0
TRDJ2	0
TRDJ3	0
TRDJ4	0
TRDMT1	1.146788254
TRDN	0.070163275
TRDN-AS1	0
TRDV1	0.686895255
TRDV2	0.030134227
TRDV3	0
TREH	0.359489395
TREHP1	0.471778864
TREM1	49.69161166
TREM2	42.11526529
TREML1	1.468713366
TREML2	0.194567449
TREML3P	0.496690938
TREML4	0.034667695
TREML5P	0
TRERF1	1.023441281
TRERNA1	0
TREX1	0
TREX2	0.213547892
TRG-AS1	0.614650672
TRGC1	1.244547521
TRGC2	3.776175333
TRGJ1	0
TRGJ2	0
TRGJP	0
TRGJP1	1.0446532
TRGJP2	9.663042096
TRGV1	0
TRGV10	1.009967449
TRGV11	0
TRGV2	0.921752823
TRGV3	0.350163084
TRGV4	0.432741514
TRGV5	0.237421182
TRGV5P	0
TRGV6	0.681295565
TRGV7	1.242930152
TRGV8	0
TRGV9	0.054189503
TRGVA	0.054981747
TRGVB	0
TRH	0.095064497
TRHDE	0.664819045
TRHDE-AS1	0.078518519
TRHR	0.009338378
TRIAP1	23.10262866
TRIAP1P1	0
TRIB1	48.47110061
TRIB2	8.548714991
TRIB3	3.116619694
TRIL	0.876365602
TRIM10	0.030933047
TRIM11	2.077498239
TRIM13	4.097807322
TRIM14	5.506921145
TRIM15	0.037383216
TRIM16	2.806116307
TRIM16L	0.814438565
TRIM17	0.229658821
TRIM2	3.183321225
TRIM21	20.45440713
TRIM22	25.66254791
TRIM23	2.920769503
TRIM24	2.451644639
TRIM25	9.414572602
TRIM26	10.29617067
TRIM26BP	0.145668773
TRIM27	6.194534469
TRIM28	29.81301428
TRIM29	0.424792919
TRIM3	2.120443603
TRIM31	0.124117212
TRIM31-AS1	0.371051683
TRIM32	2.230251672
TRIM33	3.818428945
TRIM34	0.209707334
TRIM35	3.336576804
TRIM36	1.048412789
TRIM36-IT1	0.017786377
TRIM37	2.86984261
TRIM38	7.609332479
TRIM39	3.174005462
TRIM39-RPP21	0.036826787
TRIM4	6.397993579
TRIM40	0.025101799
TRIM41	1.6938999
TRIM42	0
TRIM43	0
TRIM43B	0
TRIM43CP	0
TRIM44	6.68036429
TRIM45	0.556048235
TRIM46	0.840009025
TRIM47	8.04934881
TRIM48	0
TRIM49	0
TRIM49B	0.01449565
TRIM49C	0
TRIM49D1	0
TRIM49D2	0
TRIM5	4.488268534
TRIM50	0.056637824
TRIM51	0
TRIM51BP	0
TRIM51CP	0
TRIM51DP	0
TRIM51EP	0
TRIM51FP	0
TRIM51GP	0
TRIM51HP	0
TRIM51JP	0
TRIM52	2.053646186
TRIM52-AS1	6.382227754
TRIM53AP	0
TRIM53BP	0
TRIM53CP	0.011572967
TRIM54	0.062361714
TRIM55	0.167836201
TRIM56	6.945031743
TRIM58	0.62679192
TRIM59	0.334714058
TRIM6	0.690789169
TRIM60	0
TRIM60P10Y	0
TRIM60P11Y	0
TRIM60P13	0
TRIM60P14	0.110428457
TRIM60P15	0
TRIM60P16	0
TRIM60P17	0.152557143
TRIM60P18	1.551839898
TRIM60P19	0.010718056
TRIM60P3Y	0
TRIM60P5Y	0
TRIM60P8Y	0
TRIM60P9Y	0
TRIM61	0.326866836
TRIM62	1.0615579
TRIM63	0.115711684
TRIM64	0
TRIM64B	0
TRIM64C	0
TRIM64DP	0
TRIM64EP	0
TRIM64FP	0
TRIM65	3.606540808
TRIM66	0.779433369
TRIM67	0.008401136
TRIM68	2.298139454
TRIM69	8.808236152
TRIM6-TRIM34	0
TRIM7	0.363023393
TRIM71	0.055931346
TRIM72	0.009217528
TRIM73	0.059355295
TRIM74	0.181092159
TRIM75P	0
TRIM77	0.011581521
TRIM77BP	0
TRIM8	21.50566926
TRIM80P	0.110040716
TRIM9	0.028028705
TRIML1	0.037079503
TRIML2	0.035963471
TRIO	3.030986641
TRIOBP	2.906556745
TRIP10	21.37184151
TRIP11	2.696740206
TRIP12	9.239631563
TRIP13	0.396146578
TRIP4	7.342562441
TRIP6	17.35756927
TRIQK	8.200776196
TRIR	80.99787879
TRIT1	5.054583731
TRMO	4.04141352
TRMT1	6.237175836
TRMT10A	1.971696436
TRMT10B	3.335162867
TRMT10BP1	0
TRMT10C	17.05584474
TRMT11	4.549484102
TRMT112	96.31381068
TRMT112P1	0
TRMT112P2	0
TRMT112P3	0
TRMT112P4	0
TRMT112P5	0
TRMT112P6	0.252738677
TRMT112P7	0
TRMT12	6.130783256
TRMT13	3.336419607
TRMT1L	4.474369013
TRMT2A	5.393289039
TRMT2B	2.902100689
TRMT2B-AS1	0.076438039
TRMT44	1.166511373
TRMT5	2.130784197
TRMT6	5.191450554
TRMT61A	4.53254609
TRMT61B	4.100365428
TRMT9B	0.760628318
TRMU	1.947985615
TRNAU1AP	7.640435023
TRNP1	7.612857325
TRNT1	3.58945717
TRO	0.695294789
TROAP	0.225892384
TROVE2	3.314036601
TRPA1	0.009828947
TRPC1	1.939006044
TRPC2	0.379495414
TRPC3	0.55732416
TRPC4	0.290664505
TRPC4AP	28.76034529
TRPC5	0.010734576
TRPC5OS	0.010641629
TRPC6	9.806005066
TRPC6P	0
TRPC7	0.004919874
TRPC7-AS1	0
TRPC7-AS2	0
TRPM1	0.121927594
TRPM2	0.670728117
TRPM2-AS	0.102551034
TRPM3	0.048791054
TRPM4	4.600808345
TRPM5	0.031640178
TRPM6	0.105681222
TRPM7	3.481330293
TRPM8	0.007931063
TRPS1	0.578842791
TRPT1	8.260323377
TRPV1	0.03764516
TRPV2	20.74754778
TRPV3	0.100940417
TRPV4	0.808709979
TRPV5	0.008502332
TRPV6	0.040734905
TRRAP	2.214494073
TRUB1	5.822324275
TRUB2	4.796876937
TSACC	0.182697196
TSC1	3.57317561
TSC2	4.432801411
TSC22D1	97.26553507
TSC22D1-AS1	0.108786564
TSC22D2	5.376259915
TSC22D3	103.2312877
TSC22D4	7.081989457
TSEN15	16.95263041
TSEN15P1	0.060853584
TSEN15P2	0.131311156
TSEN15P3	0
TSEN2	1.191756297
TSEN2P1	0
TSEN34	11.34755275
TSEN54	6.768988319
TSFM	5.211448654
TSG101	24.27818663
TSGA10	0.554551495
TSGA10IP	0.053195241
TSGA13	0
TSHB	0.379343341
TSHR	0.022713967
TSHZ1	1.57435961
TSHZ2	0.175617321
TSHZ3	1.220288549
TSIX	0.002115996
TSKS	0.150734151
TSKU	3.421485788
TSLP	1.496718211
TSN	17.73919269
TSNARE1	2.517947884
TSNAX	8.370951212
TSNAX-DISC1	0.004405341
TSNAXIP1	0.366116776
TSPAN1	10.3913411
TSPAN10	0.313726198
TSPAN11	1.442952015
TSPAN12	31.17210408
TSPAN13	230.7913233
TSPAN14	6.709245463
TSPAN15	30.80660966
TSPAN16	0.030114922
TSPAN17	7.4998688
TSPAN18	6.627168867
TSPAN19	0.145765563
TSPAN2	5.914085049
TSPAN3	40.14902157
TSPAN31	14.7386308
TSPAN32	2.292838884
TSPAN33	1.709432508
TSPAN4	19.23513981
TSPAN5	1.611268596
TSPAN6	4.947993545
TSPAN7	34.46347855
TSPAN8	5.374634961
TSPAN9	11.27106576
TSPAN9-IT1	0.027882203
TSPEAR	0.150704834
TSPEAR-AS1	0.499038153
TSPEAR-AS2	0.398735772
TSPO	115.051857
TSPO2	0.126880955
TSPOAP1	1.099949709
TSPOAP1-AS1	0.369878597
TSPY1	0
TSPY10	0
TSPY11P	0
TSPY12P	0.036105525
TSPY13P	0
TSPY14P	0
TSPY15P	0
TSPY16P	0
TSPY17P	0
TSPY18P	0
TSPY19P	0
TSPY2	0
TSPY20P	0
TSPY21P	0
TSPY22P	0
TSPY23P	0
TSPY24P	0
TSPY25P	0
TSPY26P	0.939955792
TSPY3	0
TSPY4	0
TSPY5P	0
TSPY6P	0
TSPY7P	0
TSPY8	0
TSPY9P	0
TSPYL1	25.09240653
TSPYL2	13.66832016
TSPYL4	4.067399718
TSPYL5	2.885531717
TSPYL6	0.005072774
TSR1	5.041464314
TSR2	25.67027533
TSR3	20.40981734
TSSC2	0.478728144
TSSC4	12.97664354
TSSK1A	0.061210148
TSSK1B	0
TSSK2	0
TSSK3	0.135885971
TSSK4	1.205369076
TSSK5P	0.328253762
TSSK6	0.413848206
TST	23.14470421
TSTA3	15.91639614
TSTD1	53.09600973
TSTD2	2.512502078
TSTD3	2.508470781
TTBK1	0.02088471
TTBK2	0.860098071
TTC1	32.75456743
TTC12	1.864889199
TTC13	3.467296232
TTC14	4.143446521
TTC16	0.258293374
TTC17	6.460111686
TTC19	11.04975531
TTC21A	0.902181935
TTC21B	2.355250879
TTC21B-AS1	0.024503202
TTC22	0.641801801
TTC23	1.758646815
TTC23L	0.135178952
TTC24	0.06646786
TTC25	1.391478062
TTC26	1.128451146
TTC27	4.152373472
TTC28	2.782024239
TTC28-AS1	1.064642404
TTC29	0.333900257
TTC3	5.583037641
TTC30A	1.518462433
TTC30B	1.572050931
TTC31	3.368360582
TTC32	4.300120799
TTC33	7.76890827
TTC34	0.087644633
TTC36	0.046590083
TTC37	6.719500623
TTC38	7.423227389
TTC39A	2.550819498
TTC39A-AS1	0.936084496
TTC39B	2.773790421
TTC39C	1.233876692
TTC39C-AS1	0.517851341
TTC39CP1	0
TTC39DP	0
TTC3-AS1	0.014284228
TTC3P1	0.538560727
TTC4	0.755278043
TTC41P	0.042023437
TTC4P1	0
TTC5	1.83419789
TTC6	0.223024275
TTC7A	8.24192138
TTC7B	0.998334412
TTC8	2.241404699
TTC9	2.646174436
TTC9B	0.013381553
TTC9C	5.756011608
TTF1	3.757827139
TTF2	0.798804161
TTI1	3.246611417
TTI2	1.866866033
TTK	0.112929315
TTL	3.269023456
TTLL1	2.714664833
TTLL10	0.250367049
TTLL10-AS1	0.079857408
TTLL11	0.944177361
TTLL11-IT1	0.02979049
TTLL12	2.83087004
TTLL13P	0.076300913
TTLL2	0.035694301
TTLL3	2.642624881
TTLL4	1.941138281
TTLL5	1.134418769
TTLL6	0.135269985
TTLL7	2.45978523
TTLL7-IT1	0.010729064
TTLL8	0
TTLL9	0.16132619
TTN	0.159443211
TTN-AS1	0.239743205
TTPA	0.485376748
TTPAL	1.959837029
TTR	0.05047795
TTTY1	0
TTTY10	0.108944134
TTTY11	0
TTTY12	0
TTTY13	0
TTTY14	1.509409378
TTTY15	1.304827993
TTTY16	1.305816499
TTTY17A	0
TTTY17B	0
TTTY17C	0
TTTY18	0
TTTY19	0
TTTY1B	0
TTTY2	0
TTTY20	0
TTTY21	0
TTTY21B	0
TTTY22	0
TTTY23	0
TTTY23B	0
TTTY23B	0
TTTY25P	0
TTTY2B	0
TTTY3	0
TTTY3B	0
TTTY4	0
TTTY4B	0
TTTY4C	0
TTTY5	0
TTTY6	0
TTTY6B	0
TTTY7	0
TTTY7B	0
TTTY8	0
TTTY8B	0
TTTY9B	0
TTYH1	0.024387065
TTYH2	1.886206382
TTYH3	5.726928945
TUB	0.794912395
TUBA1A	128.816641
TUBA1B	66.34015485
TUBA1C	22.95146616
TUBA3C	0
TUBA3D	0.137282335
TUBA3E	0.030485988
TUBA3FP	0.195465256
TUBA3GP	0
TUBA4A	12.93459423
TUBA4B	0.612739755
TUBA8	0.034429658
TUBAL3	0.113296648
TUBAP	0
TUBAP2	0.31087014
TUBAP4	0
TUB-AS1	0.015506975
TUBB	72.26580551
TUBB1	1.819776312
TUBB1P1	0
TUBB1P2	0
TUBB2A	6.678037825
TUBB2B	0.521374318
TUBB2BP1	0.017990583
TUBB3	0.031834804
TUBB3P1	0
TUBB3P2	0.067542233
TUBB4A	0.094941073
TUBB4AP1	0
TUBB4B	128.9733492
TUBB4BP1	0
TUBB4BP2	0.019636338
TUBB4BP3	0
TUBB4BP4	0
TUBB4BP5	0
TUBB4BP6	0
TUBB4BP7	0
TUBB6	49.52904574
TUBB7P	0
TUBB8	0.015769673
TUBB8P1	0.150878385
TUBB8P10	0
TUBB8P11	0.118486185
TUBB8P12	0.026776825
TUBB8P2	0
TUBB8P3	0
TUBB8P4	0.011835195
TUBB8P5	0
TUBB8P6	0
TUBB8P7	0
TUBB8P8	0.044432319
TUBB8P9	0
TUBBP1	0.247518073
TUBBP10	0.024088852
TUBBP11	0
TUBBP2	0
TUBBP5	0.39290054
TUBBP6	0
TUBBP8	0
TUBBP9	0
TUBD1	4.573886982
TUBE1	2.716877352
TUBG1	6.830758064
TUBG1P	0.034616638
TUBG2	4.833216914
TUBGCP2	5.78787004
TUBGCP3	2.969084906
TUBGCP4	0.722401393
TUBGCP5	1.451355171
TUBGCP6	5.775550464
TUFM	53.30215302
TUFMP1	0
TUFT1	6.6348139
TUG1	13.72750889
TULP1	0.02648715
TULP2	0.20286792
TULP3	4.674831278
TULP3P1	0
TULP4	1.213022213
TUNAR	0
TUSC1	7.575262968
TUSC2	14.23046908
TUSC3	6.627207437
TUSC5	0.02614538
TUSC7	0.014142417
TUSC8	0
TUT1	2.084443976
TVP23A	0.406506784
TVP23B	4.239559812
TVP23BP1	0
TVP23BP2	0
TVP23C	0.720781876
TVP23C-CDRT4	0.02529835
TVP23CP1	0
TVP23CP2	0.050304327
TWF1	11.78024488
TWF1P1	0.104564906
TWF2	24.88783157
TWIST1	0.215816205
TWIST2	1.585336325
TWISTNB	5.845301178
TWNK	1.407065669
TWSG1	14.54623638
TXK	1.182455955
TXLNA	12.55303433
TXLNB	0.431657389
TXLNG	5.786582353
TXLNGY	3.91848249
TXN	166.1657213
TXN2	35.89530311
TXNDC11	24.19837398
TXNDC12	23.29749305
TXNDC12-AS1	0
TXNDC15	20.2382956
TXNDC16	2.050068528
TXNDC17	11.95526078
TXNDC2	0.036957071
TXNDC5	1.117995617
TXNDC8	0
TXNDC9	19.01409792
TXNIP	175.117017
TXNL1	7.907020567
TXNL1P1	0
TXNL4A	8.013135086
TXNL4B	4.928324479
TXNP1	0.042236652
TXNP2	0
TXNP3	0
TXNP4	0.050547735
TXNP5	0
TXNP6	0.151643206
TXNP7	0
TXNRD1	20.50295423
TXNRD2	3.680182607
TXNRD3	1.662010604
TXNRD3NB	0
TYK2	7.81060653
TYMP	20.37682002
TYMS	2.055471478
TYMSOS	0.032110242
TYMSP1	0
TYMSP2	0
TYR	0
TYRL	0
TYRO3	0.850421198
TYRO3P	0.017378704
TYROBP	379.9623674
TYRP1	0.448187219
TYSND1	3.125778717
TYW1	3.166185404
TYW1B	0.471344445
TYW3	4.579410202
TYW5	1.137613002
U2AF1	0.153708422
U2AF1L4	3.635393135
U2AF1L5	0.15102072
U2AF2	22.39467363
U2SURP	6.312738371
U40455.1	0.018115373
U47924.1	0.072211051
U47924.2	1.785528486
U47924.3	0.61183593
U51244.1	0.083795711
U52111.1	0.129740738
U52112.1	0
U62317.1	0.099807631
U62317.2	2.655015607
U62317.3	8.558825337
U62317.4	0.139908911
U62317.5	0.735874491
U62631.1	0.360225241
U73023.1	0
U73166.1	0.334289024
U73169.1	0.597757962
U73479.1	0
U82695.1	0
U85056.1	0
U91319.1	0
U91324.1	0
U91328.1	0.830916649
U91328.2	0
U91328.3	0.121236348
U95743.1	0
UACA	9.132547485
UAP1	25.3853463
UAP1L1	1.758885143
UBA1	26.41494144
UBA2	27.53849026
UBA3	19.58152302
UBA5	5.028933266
UBA52	118.9900267
UBA52P3	0.082040827
UBA52P5	0
UBA52P6	0.369183722
UBA52P7	0
UBA52P8	0.163227062
UBA52P9	0
UBA6	3.681689767
UBA6-AS1	0.854460734
UBA7	15.38019117
UBAC1	11.21450464
UBAC2	14.1174565
UBAC2-AS1	0.34507178
UBALD1	5.615840839
UBALD2	22.88121866
UBAP1	42.45882133
UBAP1L	0.758156815
UBAP2	1.905985597
UBAP2L	11.99408901
UBASH3A	0.471462702
UBASH3B	6.76108918
UBB	488.0257568
UBBP1	0.198771222
UBBP2	0
UBBP3	0
UBBP5	0
UBC	148.9274003
UBD	3.301180994
UBDP1	0
UBE2A	21.24451574
UBE2B	42.15751791
UBE2C	0.792019339
UBE2CP1	0.028284834
UBE2CP2	0.307250941
UBE2CP3	0
UBE2CP4	0
UBE2D1	6.819014216
UBE2D2	26.14864491
UBE2D3	50.1685647
UBE2D3P1	0.458800392
UBE2D3P2	0.070426058
UBE2D3P3	0.073740226
UBE2D3P4	0
UBE2D4	4.611502189
UBE2DNL	0
UBE2E1	32.77200107
UBE2E1-AS1	0.080564514
UBE2E2	10.31890179
UBE2E2-AS1	0.029454508
UBE2E3	12.88686717
UBE2F	7.394902309
UBE2FP1	3.049826455
UBE2FP2	0
UBE2FP3	0.568179698
UBE2F-SCLY	0.00980895
UBE2G1	6.441912989
UBE2G2	11.48722603
UBE2H	11.15664122
UBE2HP1	0
UBE2I	7.419638827
UBE2J1	19.62560014
UBE2J2	9.308099445
UBE2K	12.86745852
UBE2L2	0
UBE2L3	17.1641039
UBE2L4	0.101313349
UBE2L5	0.235889432
UBE2L6	50.60410413
UBE2M	28.63525073
UBE2MP1	0.883206796
UBE2N	24.35080109
UBE2NL	0.013223458
UBE2NP1	0.034213533
UBE2O	2.801291143
UBE2Q1	13.8207543
UBE2Q1-AS1	0.398999486
UBE2Q2	20.62051039
UBE2Q2L	0.188414405
UBE2Q2P1	0.677218663
UBE2Q2P10	0
UBE2Q2P11	0
UBE2Q2P12	0
UBE2Q2P2	0.794049063
UBE2Q2P4Y	0
UBE2Q2P5Y	0
UBE2Q2P6	0.137153593
UBE2Q2P8	0
UBE2Q2P9	0
UBE2QL1	0.159710705
UBE2R2	13.247228
UBE2R2-AS1	0.193753298
UBE2S	2.995696675
UBE2SP1	0.163959022
UBE2SP2	0.063057537
UBE2T	2.354148055
UBE2U	0.008525461
UBE2V1	1.941649938
UBE2V1P1	0
UBE2V1P10	0
UBE2V1P11	0
UBE2V1P12	0
UBE2V1P13	0
UBE2V1P14	0
UBE2V1P15	0
UBE2V1P2	0
UBE2V1P3	0
UBE2V1P4	0
UBE2V1P5	0
UBE2V1P6	0
UBE2V1P7	0
UBE2V1P8	0
UBE2V1P9	0
UBE2V2	9.312689513
UBE2V2P1	0
UBE2V2P2	0
UBE2V2P3	0.107572984
UBE2V2P4	0
UBE2W	6.107601132
UBE2WP1	0
UBE2Z	16.75113118
UBE3A	5.199293844
UBE3AP2	0
UBE3B	2.694052638
UBE3C	6.237327401
UBE3D	0.551408281
UBE4A	5.15416257
UBE4B	3.105462814
UBFD1	2.590725391
UBFD1P1	0
UBIAD1	2.512964456
UBL3	33.51277965
UBL4A	15.29443781
UBL4B	0.021204057
UBL5	103.5375208
UBL5P1	0
UBL5P2	0.286206356
UBL5P3	0
UBL5P4	0
UBL7	13.76614614
UBL7-AS1	1.383707308
UBLCP1	19.13636018
UBN1	4.071838515
UBN2	1.177195248
UBOX5	1.769384113
UBOX5-AS1	0.200993956
UBP1	7.648659594
UBQLN1	18.21941526
UBQLN1P1	0
UBQLN2	7.708947902
UBQLN3	0
UBQLN4	7.160103673
UBQLN4P1	0
UBQLN4P2	0
UBQLNL	0.447127829
UBR1	4.43514629
UBR2	5.686505878
UBR3	3.698277873
UBR4	3.717568286
UBR5	5.433234505
UBR5-AS1	3.766074592
UBR7	9.022647627
UBTD1	18.29673951
UBTD2	8.174308435
UBTF	8.884705998
UBTFL1	0
UBTFL10	0
UBTFL11	0
UBTFL2	0
UBTFL3	0
UBTFL5	0
UBTFL6	0.061210148
UBTFL7	0
UBTFL8	0
UBTFL9	0
UBXN1	33.91409676
UBXN10	1.890164109
UBXN10-AS1	0.798852447
UBXN11	5.839531438
UBXN2A	3.293753297
UBXN2B	4.532321906
UBXN4	28.78007304
UBXN6	15.14103514
UBXN7	1.79860581
UBXN7-AS1	0.081190663
UBXN8	4.661484824
UCA1	0.034079595
UCHL1	2.121808756
UCHL1-AS1	0
UCHL3	3.561691617
UCHL5	3.933328666
UCK1	11.20437193
UCK2	1.273345041
UCKL1	9.473471824
UCKL1-AS1	0.24361707
UCMA	0
UCN	0.788417509
UCN2	0.031741657
UCN3	1.723677779
UCP1	0.042872224
UCP2	15.23896326
UCP3	0.629514143
UEVLD	5.245049338
UFC1	49.18690329
UFD1	7.286025578
UFL1	8.661714732
UFL1-AS1	0
UFM1	28.92225609
UFSP1	0.86530009
UFSP2	8.958999932
UGCG	28.47047805
UGDH	13.86457528
UGDH-AS1	0.71405251
UGGT1	2.816670007
UGGT2	2.254193004
UGP2	23.39009878
UGT1A1	0
UGT1A10	0
UGT1A11P	0
UGT1A12P	0
UGT1A13P	0
UGT1A2P	0.018094455
UGT1A3	0
UGT1A4	0
UGT1A5	0
UGT1A6	0.006050115
UGT1A7	0
UGT1A8	0
UGT1A9	0
UGT2A1	0
UGT2A2	0
UGT2A3	0
UGT2A3P7	0
UGT2B10	0.008114862
UGT2B11	0
UGT2B15	0
UGT2B17	0.105622134
UGT2B24P	0
UGT2B25P	0
UGT2B26P	0
UGT2B27P	0
UGT2B28	0.018115373
UGT2B29P	0
UGT2B4	0.201459838
UGT2B7	0
UGT3A1	0.001846765
UGT3A2	0.058165546
UGT8	0.493536945
UHMK1	9.434757239
UHRF1	0.082232176
UHRF1BP1	1.591019053
UHRF1BP1L	3.024536281
UHRF2	3.382300384
UHRF2P1	0
UIMC1	5.631075329
ULBP1	0.802939999
ULBP2	2.485794493
ULBP3	0.444083344
ULK1	3.892733729
ULK2	3.338369033
ULK3	7.661087244
ULK4	0.812190472
ULK4P1	0
ULK4P2	0.030076388
ULK4P3	0.052689301
UMAD1	7.316104614
UMOD	0
UMODL1	0.019377326
UMODL1-AS1	0.234205295
UMPS	2.925552733
UNC119	3.593541818
UNC119B	4.527500826
UNC13A	0.02655898
UNC13B	24.02293123
UNC13C	0
UNC13D	11.44307617
UNC45A	7.281085117
UNC45B	0.275925304
UNC50	23.79982323
UNC5A	0.089932266
UNC5B	3.536642026
UNC5B-AS1	0.620586059
UNC5C	0.501550858
UNC5CL	0.714534794
UNC5D	0.030423979
UNC79	0.022541066
UNC80	0.008136773
UNC93A	0
UNC93B1	10.64380303
UNC93B2	0
UNC93B3	0
UNC93B4	0.041953944
UNC93B5	0
UNC93B6	0.013697376
UNC93B7	0
UNC93B8	0
UNCX	0
UNG	9.040502855
UNGP1	0
UNGP3	0.116072578
UNK	5.230761268
UNKL	0.878211257
UOX	0.120404595
UPB1	0.459044575
UPF1	7.967910073
UPF2	3.918776098
UPF3A	4.153636682
UPF3AP1	0.027832678
UPF3AP2	0.063871459
UPF3AP3	0.264899056
UPF3B	4.791949288
UPK1A	0.045885206
UPK1A-AS1	0.039420875
UPK1B	0.235116122
UPK2	0.127511919
UPK3A	0.19382243
UPK3B	35.81079023
UPK3BL1	0.59549903
UPK3BP1	0.092356373
UPP1	26.55683265
UPP2	0.021196886
UPP2-IT1	0
UPRT	4.548401542
UQCC1	4.986054861
UQCC2	7.836569907
UQCC3	6.802443583
UQCR10	105.6867606
UQCR11	49.60281476
UQCRB	21.54415767
UQCRBP1	0.139908911
UQCRBP2	0
UQCRBP3	0
UQCRC1	38.15276217
UQCRC2	30.94912757
UQCRC2P1	0
UQCRFS1	22.00535661
UQCRFS1P1	0.057328529
UQCRFS1P2	0
UQCRFS1P3	0.040700774
UQCRH	78.90544586
UQCRHL	0.646918266
UQCRHP1	0.114378088
UQCRHP2	0.054409021
UQCRHP3	0
UQCRHP4	0
UQCRQ	92.96490889
URAD	0.016831147
URAHP	0.308038764
URB1	1.43969089
URB1-AS1	4.619856208
URB2	1.6607218
URGCP	4.714948158
URGCP-MRPS24	0
URI1	7.909901712
URM1	12.3759425
UROC1	0.018828234
UROD	26.62464645
UROS	6.036280757
USB1	3.803220179
USE1	9.662290083
USF1	33.44589589
USF1P1	0.059580981
USF2	14.72366116
USF3	1.020852322
USH1C	0.060710881
USH1G	0
USH2A	0.006113254
USHBP1	2.955308762
USO1	22.6269424
USP1	9.049740244
USP10	7.935089521
USP11	11.86015456
USP12	13.59456777
USP12-AS1	0.116938791
USP12-AS2	0.112328301
USP12PX	0.014824785
USP12PY	0
USP13	4.966434791
USP14	9.786098998
USP15	4.064722036
USP16	10.38048438
USP17L1	0
USP17L10	0
USP17L11	0
USP17L12	0
USP17L13	0
USP17L14P	0
USP17L15	0
USP17L16P	0
USP17L17	0
USP17L18	0
USP17L19	0
USP17L2	0.008204083
USP17L20	0
USP17L21	0
USP17L22	0
USP17L23	0
USP17L24	0
USP17L25	0
USP17L26	0
USP17L27	0
USP17L28	0
USP17L29	0
USP17L3	0
USP17L30	0
USP17L4	0
USP17L5	0
USP17L6P	0
USP17L7	0
USP17L8	0
USP17L9P	0
USP18	2.163889436
USP19	5.966061634
USP2	1.149855163
USP20	4.075680116
USP21	3.946590993
USP22	14.32101691
USP24	3.796994953
USP24P1	0
USP25	7.757781878
USP26	0
USP27X	2.256498794
USP27X-AS1	0.684427958
USP28	2.498838218
USP29	0
USP2-AS1	0.14807663
USP3	4.593567779
USP30	2.41378972
USP30-AS1	5.398436504
USP31	0.710663219
USP32	3.437050469
USP32P1	0.224554166
USP32P2	0.021891987
USP32P3	0.185489117
USP33	10.91540279
USP34	2.148383339
USP35	1.054035714
USP36	6.300158089
USP37	0.922645802
USP38	3.877706528
USP39	13.77054869
USP3-AS1	0.332939968
USP4	10.18219191
USP40	4.180511762
USP41	0.088585541
USP42	2.25120401
USP43	0.562727552
USP44	1.184108389
USP45	1.056850119
USP46	1.093037384
USP46-AS1	1.943772652
USP47	6.075241631
USP48	4.388929416
USP49	0.89676987
USP5	13.14619757
USP50	0.024650967
USP51	0.568905759
USP53	4.428193123
USP54	8.783533851
USP6	0.075081552
USP6NL	1.909901445
USP7	9.257549122
USP8	2.894193999
USP8P1	0
USP9X	4.903405489
USP9Y	2.494728897
USP9YP1	0
USP9YP10	0
USP9YP11	0
USP9YP12	0
USP9YP13	0
USP9YP14	0.083498035
USP9YP15	0
USP9YP16	0
USP9YP17	0
USP9YP18	0
USP9YP19	0
USP9YP2	0
USP9YP20	0
USP9YP21	0
USP9YP22	0
USP9YP23	0
USP9YP24	0
USP9YP25	0
USP9YP26	0
USP9YP27	0
USP9YP28	0
USP9YP29	0
USP9YP3	0
USP9YP30	0
USP9YP31	0
USP9YP32	0
USP9YP33	0
USP9YP34	0
USP9YP35	0
USP9YP36	0
USP9YP4	0
USP9YP5	0
USP9YP6	0
USP9YP7	0
USP9YP8	0
USP9YP9	0
USPL1	4.577109775
UST	3.155937838
UST-AS1	0.021946496
UTF1	0.013543473
UTP11	10.23050327
UTP14A	3.393141968
UTP14C	4.605429868
UTP15	1.906355744
UTP18	13.85576405
UTP20	1.818034225
UTP23	4.681247725
UTP3	16.0099528
UTP4	6.421279657
UTP6	6.459843855
UTRN	10.31133653
UTS2	1.032404335
UTS2B	0.077331471
UTS2R	0.057736912
UTY	2.492573677
UVRAG	4.679723992
UVSSA	1.61300858
UXS1	11.45950199
UXT	61.82195443
UXT-AS1	0.182560753
VAC14	3.909875889
VAC14-AS1	0.012915556
VAMP1	1.50570126
VAMP2	25.50417856
VAMP3	65.09779123
VAMP4	7.247167671
VAMP5	177.820638
VAMP7	15.81668399
VAMP8	321.1358904
VANGL1	0.781587805
VANGL2	1.666750049
VAPA	19.95656933
VAPB	5.936314592
VARS	4.896006609
VARS2	1.960579602
VASH1	6.145491369
VASH1-AS1	0.552651584
VASH2	0.227648397
VASN	8.879179904
VASP	47.49676343
VAT1	58.53907111
VAT1L	0.053028081
VAV1	3.672665778
VAV2	5.159836685
VAV3	1.581850052
VAV3-AS1	0.227832281
VAX1	0
VAX2	0.409846504
VBP1	29.87200837
VCAM1	7.748118003
VCAN	1.691547879
VCAN-AS1	0.017867501
VCL	13.70636854
VCP	30.60480406
VCPIP1	1.954390416
VCPKMT	4.819130089
VCX	0.014852889
VCX2	0
VCX3A	0
VCX3B	0.013335998
VCY	0
VCY1B	0
VDAC1	30.07134803
VDAC1P1	0.073914141
VDAC1P10	0
VDAC1P11	0.018391782
VDAC1P12	0
VDAC1P13	0.036483814
VDAC1P2	0.092175282
VDAC1P3	0
VDAC1P4	0
VDAC1P5	0
VDAC1P6	0.018327249
VDAC1P7	0.018500352
VDAC1P8	0.427136238
VDAC1P9	0
VDAC2	17.69850194
VDAC2P1	0
VDAC2P2	0.017391563
VDAC2P3	0.037849754
VDAC2P4	0
VDAC3	29.67333921
VDAC3P1	0
VDR	3.239455948
VEGFA	18.74056154
VEGFB	52.29351356
VEGFC	4.506685704
VEGFD	17.6348911
VENTX	0.527530128
VENTXP1	0
VENTXP2	0
VENTXP3	0
VENTXP4	0
VENTXP5	0
VENTXP6	0
VENTXP7	0
VEPH1	11.2108152
VEZF1	18.31385713
VEZF1P1	0.010168591
VEZT	9.381837488
VGF	0.023180175
VGLL1	2.13540401
VGLL2	0.007023666
VGLL3	4.035913929
VGLL4	3.093953454
VHL	4.656678635
VHLL	0.069540524
VIL1	0.031701903
VILL	1.454223069
VIM	261.4946854
VIM2P	0
VIM-AS1	4.035444965
VIP	0.821081587
VIPAS39	4.181440006
VIPR1	24.61669241
VIPR1-AS1	1.031185475
VIPR2	0.063015273
VIRMA	3.586115686
VIT	0.092920635
VKORC1	16.40644299
VKORC1L1	11.45151706
VLDLR	2.164475791
VLDLR-AS1	0.096933477
VMA21	8.581737089
VMAC	1.529439023
VMO1	22.0508988
VMP1	31.81086811
VN1R1	0.532759813
VN1R104P	0
VN1R105P	0.017219558
VN1R107P	0.14995022
VN1R108P	0.226551296
VN1R10P	0
VN1R110P	0
VN1R11P	0
VN1R12P	0
VN1R13P	0.017705986
VN1R17P	0
VN1R2	0
VN1R20P	0.194655876
VN1R21P	0.081933584
VN1R25P	0
VN1R28P	0
VN1R3	0
VN1R31P	0
VN1R32P	0
VN1R33P	0
VN1R34P	0
VN1R35P	0
VN1R36P	0
VN1R37P	0
VN1R38P	0
VN1R4	0
VN1R40P	0
VN1R42P	0.136655215
VN1R46P	0
VN1R48P	0.015125288
VN1R5	0
VN1R51P	0.016581797
VN1R53P	0
VN1R54P	0
VN1R64P	0
VN1R65P	0
VN1R66P	0
VN1R67P	0
VN1R68P	0.021793878
VN1R69P	0
VN1R6P	0
VN1R70P	0
VN1R71P	0
VN1R74P	0
VN1R76P	0
VN1R78P	0
VN1R79P	0
VN1R7P	0
VN1R80P	0.046360349
VN1R81P	0.379108016
VN1R82P	0
VN1R83P	1.091603905
VN1R84P	0.133359983
VN1R85P	0.22070138
VN1R87P	0
VN1R88P	0
VN1R8P	0
VN1R90P	0
VN1R91P	0
VN1R92P	0
VN1R93P	0
VN1R96P	0
VN1R9P	0
VN2R10P	0
VN2R17P	0
VN2R19P	0.059580981
VN2R1P	0
VN2R3P	0
VN2R9P	0
VNN1	0.746661334
VNN2	4.528946553
VNN3	0.651889672
VOPP1	5.889320051
VPREB1	0
VPREB3	1.412850639
VPS11	6.456795043
VPS13A	1.987044596
VPS13A-AS1	0
VPS13B	1.756712218
VPS13C	3.651775796
VPS13D	2.595068179
VPS16	7.541439641
VPS18	5.348397339
VPS25	14.79635667
VPS25P1	0
VPS26A	28.71111374
VPS26AP1	0.016005922
VPS26B	4.379712165
VPS26BP1	0.041509399
VPS26C	6.578922822
VPS28	32.31246219
VPS29	43.10048455
VPS33A	1.861593609
VPS33B	2.788692863
VPS33B-DT	0.050267652
VPS35	8.713135389
VPS35L	3.497507897
VPS35P1	0.02064532
VPS36	9.802695147
VPS37A	5.855385895
VPS37B	16.09359062
VPS37C	6.88125725
VPS37D	0.346932797
VPS39	8.245682545
VPS41	7.665164613
VPS45	5.059778273
VPS4A	8.98180661
VPS4B	12.21626893
VPS50	2.562461149
VPS51	8.682956945
VPS52	7.178945872
VPS53	1.483078637
VPS54	7.162368873
VPS72	6.978145465
VPS8	2.805628504
VPS9D1	5.055658279
VPS9D1-AS1	0.607841565
VRK1	3.774685304
VRK2	5.872266846
VRK3	3.191225704
VRTN	0.004194271
VSIG1	0.424069885
VSIG10	4.243043505
VSIG10L	0.336582773
VSIG2	58.83834065
VSIG4	112.2049039
VSIG8	0.086192508
VSIR	27.27852705
VSNL1	1.242791179
VSTM1	0.394918401
VSTM2A	0
VSTM2A-OT1	0
VSTM2B	0
VSTM2L	2.191692011
VSTM4	1.989354639
VSTM5	0.162845394
VSX1	0.00814227
VSX2	0.083711776
VTA1	5.003891703
VTA1P1	0.054283365
VTA1P2	0
VTCN1	0.031060055
VTI1A	1.822676313
VTI1B	13.74795371
VTI1BP1	0.022385426
VTI1BP2	0.022514078
VTI1BP3	0
VTI1BP4	0
VTN	0.748947906
VTRNA1-1	2.690773393
VTRNA1-2	0.704260584
VTRNA1-3	5.105889234
VTRNA2-1	1.233842362
VTRNA2-2P	0
VTRNA3-1P	0
VWA1	12.82665005
VWA2	2.345010666
VWA3A	1.016873178
VWA3B	0.164111283
VWA5A	5.95662788
VWA5B1	0.024572366
VWA5B2	0.043755108
VWA7	1.434316309
VWA8	2.397789081
VWA8-AS1	0.029153113
VWA8P1	0
VWC2	0.029123441
VWC2L	0
VWC2L-IT1	0
VWCE	0.109309219
VWDE	0.113479277
VWF	22.07886752
VWFP1	0.048513306
WAC	9.607843814
WAC-AS1	5.723762434
WAPL	7.100915327
WARS	49.71303796
WARS2	3.111964041
WARS2-IT1	0.167347357
WARS2P1	0
WARSP1	0.172574868
WAS	7.00237928
WASF1	0.663322737
WASF1P1	0
WASF2	18.66793059
WASF3	5.47016195
WASF3-AS1	0
WASF4P	0.010488486
WASF5P	0.064617724
WASH2P	1.149542314
WASH3P	2.052870175
WASH4P	0.440162865
WASH6P	1.716959243
WASH7P	0.672722638
WASHC1	3.036184176
WASHC2A	7.875903508
WASHC2C	5.042805913
WASHC3	11.22206513
WASHC4	5.951999134
WASHC5	8.195199536
WASHC5-AS1	0.186863008
WASIR1	0
WASIR2	0.029733962
WASL	13.98445557
WBP1	5.43108257
WBP11	13.19624004
WBP11P1	0
WBP1L	18.25397865
WBP1LP1	0.017488614
WBP1LP10	0
WBP1LP11	0
WBP1LP12	0
WBP1LP2	0.99385611
WBP1LP3	0
WBP1LP4	0
WBP1LP5	0
WBP1LP6	0
WBP1LP7	0
WBP1LP8	0
WBP2	27.33435034
WBP2NL	0.21045198
WBP2P1	0
WBP4	10.72332726
WDCP	1.372685709
WDFY1	8.303629357
WDFY2	1.446338705
WDFY3	2.549967721
WDFY3-AS1	0
WDFY3-AS2	0.836160428
WDFY4	1.275288937
WDHD1	0.559547994
WDPCP	0.409841863
WDR1	33.11338429
WDR11	4.854065873
WDR11-AS1	0.167672936
WDR12	1.725779027
WDR13	10.30740391
WDR17	0.509750088
WDR18	7.991131603
WDR19	2.099784719
WDR20	2.796956301
WDR24	1.343125542
WDR25	2.440743784
WDR26	10.16944623
WDR27	1.219135982
WDR3	1.656194708
WDR31	0.552715356
WDR33	3.492924793
WDR34	13.1063057
WDR35	1.433798515
WDR36	3.154017595
WDR37	3.446469007
WDR38	1.118464312
WDR4	1.980186306
WDR41	4.573066911
WDR43	10.38456104
WDR44	4.10204136
WDR45	10.03496662
WDR45B	27.83579022
WDR45BP1	0.091369085
WDR45P1	0.057929013
WDR46	9.009505042
WDR47	4.198216284
WDR48	4.900997182
WDR49	0.330229616
WDR5	5.807626978
WDR53	4.18558878
WDR54	3.561317726
WDR55	3.899584908
WDR59	3.061780737
WDR5B	1.63437678
WDR6	15.23846494
WDR60	3.37275538
WDR61	10.04038162
WDR62	0.214808484
WDR63	0.247649114
WDR64	0.076143987
WDR66	0.181833833
WDR7	1.00844246
WDR70	4.392173809
WDR72	0.149897741
WDR73	0.600681016
WDR74	4.176645003
WDR75	4.819096975
WDR76	0.906834803
WDR77	6.167364344
WDR78	0.792371945
WDR7-OT1	0
WDR81	2.322845071
WDR82	14.61073201
WDR82P1	0
WDR82P2	0.033771116
WDR83	2.071600413
WDR83OS	41.71729729
WDR86	0.201490973
WDR86-AS1	1.89796667
WDR87	0
WDR88	0.119161962
WDR89	2.866366913
WDR90	1.015993168
WDR91	4.637034055
WDR92	0.242019435
WDR93	0.119410948
WDR95P	0
WDR97	0.101354777
WDSUB1	7.589026288
WDTC1	7.457720924
WDYHV1	4.292289882
WEE1	5.125460498
WEE2	0.035834233
WEE2-AS1	0.635020352
WFDC1	2.964508169
WFDC10A	0.066585544
WFDC10B	0.149236171
WFDC11	0
WFDC12	4.205571591
WFDC13	0.068526813
WFDC2	48.86890691
WFDC21P	9.111010844
WFDC3	0.430023562
WFDC5	0.135084465
WFDC6	0.059355295
WFDC8	0
WFDC9	0
WFIKKN1	0.141342991
WFIKKN2	0.220979272
WFS1	21.114124
WHAMM	2.68555195
WHAMMP2	0.207141689
WHAMMP3	0.297486879
WHRN	1.040506254
WIF1	75.58295299
WIPF1	6.640036098
WIPF2	6.250171796
WIPF3	0.235111561
WIPI1	5.12653885
WIPI2	5.53862861
WISP1	0.623693833
WISP2	12.70949285
WISP3	0.112556325
WIZ	2.982475048
WIZP1	0
WLS	13.34509984
WNK1	11.95026557
WNK2	0.087859149
WNK3	0.060100341
WNK4	0.08621622
WNT1	0.081431764
WNT10A	0.679698154
WNT10B	0.160929839
WNT11	1.938329864
WNT16	0.0384417
WNT2	4.912129687
WNT2B	1.01920428
WNT3	0.47363718
WNT3A	3.655573611
WNT4	0.751125727
WNT5A	1.520996194
WNT5A-AS1	0.250716768
WNT5B	0.480467674
WNT6	0.018402581
WNT7A	2.303073608
WNT7B	2.664889423
WNT8A	0
WNT8B	0.029677648
WNT9A	2.387365345
WNT9B	0.075676658
WRAP53	1.768127393
WRAP73	2.34717253
WRB	6.103834591
WRBP1	0.046915563
WRN	1.846777754
WRNIP1	10.16091621
WSB1	51.37041426
WSB2	20.15076276
WSCD1	1.014516761
WSCD2	0.13382777
WSPAR	0
WT1	0.102865195
WT1-AS	0.014089011
WTAP	32.89313685
WTAPP1	0.070563485
WTIP	1.427431536
WWC1	4.321791249
WWC2	13.90407623
WWC2-AS1	0
WWC2-AS2	0.13638395
WWC3	11.80411125
WWC3-AS1	0.027110377
WWOX	1.718995441
WWOX-AS1	0.106116014
WWP1	7.199302708
WWP1P1	0.011318019
WWP2	6.655535942
WWTR1	26.80051389
WWTR1-AS1	0.114378088
WWTR1-IT1	0.138978253
XAB2	8.379804234
XACT	0
XAF1	3.81144444
XAGE1A	0
XAGE1B	0.022163788
XAGE2	4.842931095
XAGE3	0.283873152
XAGE5	0
XBP1	0
XBP1P1	0.48066865
XCL1	1.593344492
XCL2	0.332809869
XCR1	0.07250508
XDH	0.075273172
XG	0.463202392
XGY1	0
XIAP	6.399875391
XIAP-AS1	0.097529863
XIAPP1	0
XIAPP2	0
XIAPP3	0
XIRP1	0.125998066
XIRP2	0.003607505
XIRP2-AS1	0
XIST	0.001572405
XK	0.496641696
XKR3	0.037088279
XKR4	0.011820315
XKR5	0.080980868
XKR6	0.300821616
XKR7	0.009988397
XKR8	2.536416445
XKR9	0.577836341
XKRX	0.613408462
XKRY	0
XKRY2	0
XKRYP1	0
XKRYP2	0
XKRYP3	0
XKRYP4	0
XKRYP5	0
XKRYP6	0
XPA	8.514521987
XPC	7.093539234
XPNPEP1	5.112415038
XPNPEP2	0.107450043
XPNPEP3	1.243894556
XPO1	10.33901516
XPO4	3.0130783
XPO5	2.210173338
XPO6	6.358855039
XPO7	6.452536589
XPOT	7.283774923
XPOTP1	0.013069056
XPR1	2.742170647
XRCC1	5.75782401
XRCC2	0.09040889
XRCC3	1.784691259
XRCC4	3.244046371
XRCC5	36.73209466
XRCC6	88.34754112
XRCC6P1	0.008681329
XRCC6P2	0.111804267
XRCC6P3	0
XRCC6P4	0
XRCC6P5	0
XRN1	3.426378797
XRN2	24.99325941
XRRA1	0.400109304
XXYLT1	1.645488124
XXYLT1-AS1	0
XXYLT1-AS2	0.459700706
XYLB	0.231688947
XYLT1	0.653620254
XYLT2	3.762813334
YAE1D1	5.35542337
YAF2	2.182986896
YAP1	18.08398225
YAP1P1	0.011248958
YAP1P2	0
YARS	7.764297131
YARS2	5.11161626
YBEY	5.142329945
YBX1	238.4975731
YBX1P1	0.816135312
YBX1P10	4.09825486
YBX1P2	0.31370967
YBX1P3	0
YBX1P4	0.038786629
YBX1P5	0
YBX1P6	0.140746689
YBX1P7	0
YBX1P8	0
YBX1P9	0
YBX2	0.037325201
YBX2P1	0
YBX3	40.1718294
YBX3P1	0
YDJC	4.288200135
YEATS2	2.794232486
YEATS2-AS1	0.134134621
YEATS4	8.739980678
YES1	13.71875452
YES1P1	0.404257688
YIF1A	25.37517604
YIF1B	6.74296976
YIPF1	14.85421333
YIPF2	12.44622557
YIPF3	29.24549917
YIPF4	5.189107469
YIPF5	16.13553098
YIPF6	9.021200088
YIPF7	0.043215108
YJEFN3	0.847302359
YKT6	16.35881258
YLPM1	2.904116232
YME1L1	18.2654087
YME1L1P1	0
YOD1	3.883207109
YPEL1	1.014065009
YPEL2	2.21297251
YPEL3	16.51215431
YPEL4	0.787003307
YPEL5	98.66338754
YPEL5P1	0
YPEL5P2	0
YPEL5P3	0
YRDC	13.4986814
YRDCP1	0
YRDCP2	0.04881557
YRDCP3	0
YTHDC1	10.53789458
YTHDC2	3.022115257
YTHDF1	13.34852225
YTHDF1P1	0
YTHDF2	19.49892977
YTHDF2P1	0.628764514
YTHDF3	14.73922099
YTHDF3-AS1	1.374926565
YWHAB	72.40796374
YWHABP1	0
YWHABP2	0.263727315
YWHAE	154.7346728
YWHAEP1	0.082148351
YWHAEP2	0
YWHAEP3	0
YWHAEP4	0
YWHAEP5	0.143383772
YWHAEP7	0.00523024
YWHAG	38.397273
YWHAH	58.11815008
YWHAQ	121.0149678
YWHAQP5	0
YWHAQP6	0.103090776
YWHAQP7	0
YWHAQP9	0
YWHAZ	72.01513124
YWHAZP1	0
YWHAZP2	0.279817821
YWHAZP3	0.254793463
YWHAZP4	1.062359186
YWHAZP5	0.880084545
YWHAZP6	0.233560675
YWHAZP7	0
YWHAZP8	0
YY1	10.76400114
YY1AP1	8.475665582
YY1P1	0.023457781
YY1P2	0
YY2	0.171504538
Z68323.1	0
Z68694.1	0
Z68868.1	0
Z68871.1	0.373419723
Z69666.1	0.09781397
Z69706.1	2.377684156
Z69720.1	0.066397449
Z69720.2	0.056164151
Z69733.1	0.768613509
Z69890.1	0.277341557
Z69908.1	0
Z70280.1	0
Z73361.1	0
Z73417.1	0.261834671
Z73429.1	0.090839409
Z73495.1	0.106597265
Z73965.1	0.10914966
Z74021.1	0.962518304
Z74696.1	0
Z74696.2	0
Z75741.1	0
Z75741.2	0
Z75746.1	0
Z77249.1	0
Z80107.1	0
Z80107.2	0
Z82170.1	0
Z82173.1	0
Z82180.1	0
Z82185.1	0.028542437
Z82186.1	0.021544177
Z82188.1	0
Z82188.2	0.174108867
Z82190.1	0.03197918
Z82195.1	0
Z82195.2	0
Z82196.1	0
Z82196.2	0
Z82198.1	0
Z82198.2	0
Z82198.3	0
Z82202.1	0
Z82205.1	0
Z82206.1	0.243508904
Z82209.1	0
Z82209.2	0
Z82210.1	0
Z82214.1	0.047580358
Z82214.2	0.059019955
Z82217.1	0.011537463
Z82243.1	0.563185129
Z82246.1	1.028651947
Z82249.1	0
Z83313.1	0
Z83818.1	0
Z83820.1	0
Z83836.1	0.009543117
Z83838.1	0
Z83839.1	0
Z83839.2	0
Z83841.1	0
Z83843.1	2.661952115
Z83844.1	0.003864315
Z83844.2	0.032225806
Z83846.1	0
Z83847.1	0
Z83851.1	0.632542304
Z83851.2	0.071334437
Z84468.1	0
Z84478.1	0.012854633
Z84480.1	0.20154081
Z84484.1	0.390659784
Z84485.1	0.1071073
Z84488.1	0.029565657
Z84492.1	0.508421066
Z84492.2	0
Z84721.1	0
Z84723.1	0.182442667
Z85994.1	0
Z85994.2	0
Z85995.1	0
Z85996.1	0
Z86062.1	0
Z86062.2	0
Z92544.1	0.012299684
Z92544.2	0.216043923
Z92544.3	0
Z92545.1	0
Z92846.1	0.116938791
Z93015.1	0
Z93019.1	0
Z93022.1	0.010083525
Z93241.1	0.188792747
Z93242.1	0.088780725
Z93242.2	0
Z93403.1	0.011979968
Z93929.1	0
Z93929.2	0
Z93930.1	0
Z93930.2	1.129931012
Z93930.3	0.502103006
Z94057.1	0
Z94160.1	0
Z94160.2	0
Z94721.1	0.244204644
Z94721.2	0.011803991
Z94722.1	0
Z95114.1	0.004300754
Z95114.2	0
Z95114.3	0.660725475
Z95114.4	0.00875897
Z95115.1	0.717170873
Z95118.1	0
Z95152.1	0.214981985
Z95327.1	0
Z95327.2	0
Z95331.1	0.03864566
Z95624.1	0.049903815
Z96811.1	0.145090722
Z97055.1	0
Z97055.2	0.031640178
Z97056.1	0
Z97180.1	0.031720239
Z97192.1	0
Z97192.2	0.131734325
Z97192.3	0.200152042
Z97198.1	0
Z97200.1	0.720274333
Z97205.1	0
Z97205.2	0
Z97206.1	0.018732574
Z97206.2	0
Z97353.1	0.243993394
Z97633.1	0.217636083
Z97634.1	0.129954676
Z97652.1	0
Z97653.1	0.421608915
Z97653.2	0.132607599
Z97832.1	0
Z97832.2	0.522204017
Z97985.1	0.115949879
Z97986.1	0
Z97987.1	0
Z97989.1	0.9061428
Z98043.1	0
Z98048.1	0.063828098
Z98200.1	0.166699979
Z98257.1	0.041564451
Z98259.1	0
Z98742.1	0
Z98742.2	0
Z98742.3	0
Z98747.1	0
Z98749.1	0.086893519
Z98749.2	0.809735082
Z98751.1	0
Z98751.2	0
Z98751.3	0
Z98752.1	0
Z98752.2	0.100447423
Z98752.3	0
Z98755.1	0
Z98884.1	0.28318912
Z98884.2	1.71450716
Z98885.1	0.134793961
Z98885.2	0.039999484
Z98885.3	0.222962407
Z98941.1	0
Z98949.1	0
Z98949.2	0
Z98949.3	0
Z99127.1	0.096826764
Z99127.2	0.093831126
Z99127.3	0
Z99129.1	0.122900376
Z99129.2	0
Z99129.3	0
Z99129.4	3.333451894
Z99289.1	0.280374119
Z99289.2	0
Z99289.3	0.026380131
Z99496.1	0.010609206
Z99497.1	0
Z99497.2	0
Z99714.1	0.077669383
Z99716.1	0
Z99755.1	0
Z99755.2	0
Z99756.1	0
Z99758.1	0
Z99774.1	0.011993722
Z99916.1	0.065019909
Z99916.2	0.063698366
Z99916.3	0
Z99943.1	0.021824231
Z99943.2	0.23563606
ZACN	0.105508275
ZACNP1	0
ZADH2	3.142796312
ZAN	0
ZAP70	2.133864098
ZAR1	0.150258337
ZAR1L	0.04007621
ZBBX	0.355055846
ZBED1	7.483935067
ZBED1P1	0
ZBED2	4.346317834
ZBED3	1.412061932
ZBED3-AS1	0.283845605
ZBED4	2.480160977
ZBED5	4.366509221
ZBED5-AS1	4.037231162
ZBED6	0.711593179
ZBED6CL	1.095229659
ZBED8	1.339298974
ZBED9	0.347081721
ZBP1	0.637808614
ZBTB1	7.949093058
ZBTB10	1.549187155
ZBTB11	4.234395251
ZBTB11-AS1	1.011138988
ZBTB12	0.551576889
ZBTB12BP	0.195523326
ZBTB14	3.445834219
ZBTB16	1.480417199
ZBTB17	5.284861116
ZBTB18	7.369538893
ZBTB2	6.795316929
ZBTB20	0.211984222
ZBTB20-AS1	0.046200879
ZBTB20-AS2	0
ZBTB20-AS3	0
ZBTB20-AS4	0.116072578
ZBTB20-AS5	0.00844733
ZBTB21	5.832927782
ZBTB22	10.17273176
ZBTB24	1.854027558
ZBTB25	0.963585583
ZBTB26	1.963363279
ZBTB3	0.809699837
ZBTB32	0.379016775
ZBTB33	3.860674868
ZBTB34	1.698391669
ZBTB37	0.761592114
ZBTB38	7.964089656
ZBTB39	1.003171833
ZBTB4	17.6096701
ZBTB40	3.59331889
ZBTB40-IT1	0.114797055
ZBTB41	2.02232268
ZBTB42	2.784850143
ZBTB43	3.10196228
ZBTB44	3.247679136
ZBTB45	2.250986195
ZBTB45P1	0
ZBTB45P2	0
ZBTB46	1.988343861
ZBTB46-AS1	0.029399246
ZBTB47	4.778438796
ZBTB48	4.53077437
ZBTB49	2.945206061
ZBTB5	4.808971937
ZBTB6	3.152277921
ZBTB7A	5.545329386
ZBTB7B	7.902268568
ZBTB7C	1.190396526
ZBTB8A	1.550368706
ZBTB8B	0.007325759
ZBTB8OS	8.289771354
ZBTB8OSP1	0
ZBTB8OSP2	0.217636083
ZBTB9	0.010398008
ZC2HC1A	5.010887328
ZC2HC1B	0
ZC2HC1C	2.002686153
ZC3H10	1.134875493
ZC3H11A	7.668508358
ZC3H11B	0.006432594
ZC3H12A	38.64412486
ZC3H12B	0.288217002
ZC3H12C	2.532899748
ZC3H12D	0.442189458
ZC3H13	4.631482427
ZC3H14	2.100561184
ZC3H15	22.6196668
ZC3H18	3.772492995
ZC3H3	2.456936968
ZC3H4	3.61740492
ZC3H6	0.973139196
ZC3H7A	9.106021672
ZC3H7B	6.479331199
ZC3H8	1.006665811
ZC3HAV1	5.28605936
ZC3HAV1L	0.697230031
ZC3HC1	4.99601663
ZC4H2	1.120785861
ZCCHC10	13.67969078
ZCCHC11	1.621247079
ZCCHC12	0.302017622
ZCCHC13	0
ZCCHC14	4.102984996
ZCCHC17	23.94110209
ZCCHC18	0.175701482
ZCCHC2	1.918344591
ZCCHC23	0.040158375
ZCCHC24	7.482786134
ZCCHC3	8.619790489
ZCCHC4	2.346908381
ZCCHC6	4.086249693
ZCCHC7	4.961579325
ZCCHC8	3.222316342
ZCCHC9	4.737309711
ZCRB1	18.61028748
ZCWPW1	1.903233451
ZCWPW2	0.568334642
ZDBF2	1.312383468
ZDHHC1	3.277154932
ZDHHC11	0.504823062
ZDHHC11B	3.736146051
ZDHHC12	7.892220168
ZDHHC13	1.330206992
ZDHHC14	1.156811811
ZDHHC15	0.680096804
ZDHHC16	10.4567138
ZDHHC17	3.730480318
ZDHHC18	4.159587657
ZDHHC19	0.547669749
ZDHHC2	8.82022334
ZDHHC20	15.90313011
ZDHHC20-IT1	0.284905418
ZDHHC20P1	0.481577716
ZDHHC20P2	0
ZDHHC20P3	0
ZDHHC20P4	0.015560872
ZDHHC21	3.278256062
ZDHHC22	0.012172293
ZDHHC23	1.139342275
ZDHHC24	2.12064933
ZDHHC3	15.54005726
ZDHHC4	8.484686797
ZDHHC4P1	0.015139901
ZDHHC5	12.91048194
ZDHHC6	13.53338743
ZDHHC7	12.04910993
ZDHHC8	4.475873371
ZDHHC8P1	0.431410774
ZDHHC9	12.06242699
ZEB1	8.545021634
ZEB1-AS1	0.633990783
ZEB2	3.853416153
ZEB2-AS1	0.256977679
ZEB2P1	0.016171102
ZER1	9.100674441
ZFAND1	13.33085567
ZFAND2A	13.78062901
ZFAND2B	8.670067853
ZFAND3	9.562614583
ZFAND4	1.25469018
ZFAND5	48.20245814
ZFAND6	21.79418634
ZFAND6P1	0
ZFAS1	58.215081
ZFAT	0.551083907
ZFAT-AS1	0
ZFC3H1	3.159886876
ZFHX2	0.303246486
ZFHX2-AS1	0.199830659
ZFHX3	1.450326958
ZFHX4	0.033962716
ZFHX4-AS1	0.013922522
ZFP1	3.278950019
ZFP14	0.839918813
ZFP2	0.622994619
ZFP28	1.197591387
ZFP3	1.46885544
ZFP30	0.841959295
ZFP36	402.6514411
ZFP36L1	59.0714943
ZFP36L2	59.02884131
ZFP37	0.564744057
ZFP41	0.322013215
ZFP42	0.589977334
ZFP57	0.656250265
ZFP62	2.479091224
ZFP64	0.875645422
ZFP64P1	0
ZFP69	0.911820142
ZFP69B	0.31523483
ZFP82	0.620027978
ZFP90	2.564351831
ZFP91	8.96660663
ZFP91-CNTF	0
ZFP92	0.762314497
ZFPL1	1.919325113
ZFPM1	0.284672271
ZFPM2	0.923056911
ZFPM2-AS1	0.042484766
ZFR	11.88616008
ZFR2	0.044816044
ZFRP1	0
ZFX	2.743124978
ZFX-AS1	0
ZFY	3.370976988
ZFY-AS1	0.649627304
ZFYVE1	2.341905354
ZFYVE16	4.971240337
ZFYVE19	4.360918881
ZFYVE21	6.831957218
ZFYVE26	1.92555139
ZFYVE27	7.989627702
ZFYVE28	0.587780245
ZFYVE9	5.465142148
ZFYVE9P1	0
ZFYVE9P2	0
ZG16	0
ZG16B	0.217554419
ZGLP1	0.767053049
ZGPAT	1.649205126
ZGRF1	0.449282355
ZHX1	4.744408501
ZHX1-C8orf76	0.57428579
ZHX2	5.864544839
ZHX3	2.232956327
ZIC1	0.002302351
ZIC2	0
ZIC3	0.003788636
ZIC4	0
ZIC4-AS1	0
ZIC5	0
ZIK1	0.640861055
ZIK1P1	0
ZIM2	0.02764608
ZIM2-AS1	0.046962432
ZIM3	0
ZKSCAN1	3.425822684
ZKSCAN2	0.489558306
ZKSCAN3	0.92879637
ZKSCAN4	1.141421075
ZKSCAN5	2.121736188
ZKSCAN7	0.425809728
ZKSCAN7P1	0
ZKSCAN8	3.051105412
ZMAT1	3.470128275
ZMAT2	38.12811223
ZMAT3	2.238542571
ZMAT4	0.012736222
ZMAT5	4.696042586
ZMIZ1	8.097291523
ZMIZ1-AS1	0.261930213
ZMIZ2	10.15259429
ZMPSTE24	19.31087647
ZMYM1	1.661751569
ZMYM2	4.341470688
ZMYM3	2.227213914
ZMYM4	5.39129574
ZMYM4-AS1	0.10241698
ZMYM5	4.587414603
ZMYM6	1.641971326
ZMYND10	2.399914185
ZMYND10-AS1	0
ZMYND11	18.47853537
ZMYND12	1.956047677
ZMYND15	4.032494185
ZMYND19	3.474837161
ZMYND19P1	0.059732394
ZMYND8	3.181225875
ZNF10	4.024205476
ZNF100	1.55939611
ZNF101	1.793905228
ZNF101P1	0
ZNF101P2	0.025500078
ZNF106	8.901543995
ZNF107	0.73513713
ZNF112	0.924387771
ZNF114	0.106597265
ZNF114P1	0
ZNF117	3.536733941
ZNF12	5.422454167
ZNF121	3.278317964
ZNF123P	0
ZNF124	1.287025693
ZNF131	4.084893324
ZNF132	1.353384433
ZNF133	2.662652737
ZNF134	3.107731443
ZNF135	0.612826316
ZNF136	2.995314381
ZNF137P	0.664170837
ZNF138	1.940855681
ZNF14	4.373090454
ZNF140	5.245620877
ZNF141	1.565888588
ZNF142	1.897672133
ZNF143	4.149738614
ZNF146	9.720868413
ZNF148	3.417302267
ZNF154	0.861249181
ZNF155	0.893731964
ZNF157	0.027040204
ZNF16	1.322522573
ZNF160	3.183301696
ZNF165	4.462211104
ZNF169	0.500982948
ZNF17	1.191271193
ZNF174	1.296735717
ZNF175	1.033918526
ZNF177	0.028438835
ZNF18	1.716810537
ZNF180	1.405465887
ZNF181	2.465754999
ZNF182	1.786715188
ZNF184	2.424251259
ZNF185	8.062847014
ZNF189	10.44348902
ZNF19	0.336327372
ZNF192P1	0.383245553
ZNF192P2	0
ZNF195	4.070469509
ZNF197	2.014589073
ZNF197-AS1	0.301825965
ZNF2	0.835251995
ZNF20	0.143551669
ZNF200	1.61128491
ZNF202	2.998380648
ZNF204P	9.276363518
ZNF205	1.755286385
ZNF207	8.678063573
ZNF208	0.120940628
ZNF209P	0
ZNF211	3.404619746
ZNF212	2.363765882
ZNF213	0.919320758
ZNF213-AS1	1.167103391
ZNF214	0.494164535
ZNF215	0.144045348
ZNF217	3.516261093
ZNF219	2.726202316
ZNF22	13.99900809
ZNF221	0.317202389
ZNF222	3.058857222
ZNF223	0.498948209
ZNF224	1.513158984
ZNF225	0.479245137
ZNF226	2.573903542
ZNF227	1.425089145
ZNF229	0.253335517
ZNF23	0.240842236
ZNF230	0.950438684
ZNF232	2.349908862
ZNF233	0.228219719
ZNF234	1.542918689
ZNF235	0.758764638
ZNF236	0.811739878
ZNF236-DT	1.10112094
ZNF239	0.886851859
ZNF24	12.69600927
ZNF248	1.984253471
ZNF25	5.985094851
ZNF250	1.471772518
ZNF251	2.214520956
ZNF252P	2.043514321
ZNF252P-AS1	0.019369342
ZNF253	1.015555027
ZNF254	1.640773376
ZNF256	1.807499677
ZNF257	0.208764459
ZNF259P1	0.01589874
ZNF26	0.935846633
ZNF260	2.990741015
ZNF263	4.40875238
ZNF264	1.681764946
ZNF266	11.10898533
ZNF267	4.248388308
ZNF268	1.375206819
ZNF271P	5.584123953
ZNF273	0.336868057
ZNF274	5.635711579
ZNF275	1.559471234
ZNF276	2.704817696
ZNF277	6.269480712
ZNF28	2.321354407
ZNF280A	0
ZNF280B	0.079403135
ZNF280C	0.794648798
ZNF280D	1.927769307
ZNF281	4.865800398
ZNF282	3.169126682
ZNF283	0.500722553
ZNF284	0.388953846
ZNF285	0.134651629
ZNF285B	0.035472095
ZNF286A	0.394413038
ZNF286B	0.165113439
ZNF287	0.812931191
ZNF292	1.66151423
ZNF295-AS1	0.091972402
ZNF296	0.601993386
ZNF299P	0
ZNF29P	0
ZNF3	5.194376252
ZNF30	0.82202219
ZNF300	1.083493173
ZNF300P1	0.841869544
ZNF302	5.885516337
ZNF304	3.461022859
ZNF30-AS1	0.125358384
ZNF311	0.498315364
ZNF316	4.314520184
ZNF317	4.622049003
ZNF317P1	0
ZNF318	1.685171288
ZNF319	1.444525131
ZNF32	38.66162555
ZNF320	1.628249965
ZNF321P	1.117836935
ZNF322	1.36905529
ZNF322P1	0
ZNF324	1.516075088
ZNF324B	0.57763481
ZNF326	2.721956898
ZNF329	2.971043156
ZNF32-AS1	0.830427083
ZNF32-AS2	0.952308165
ZNF32-AS3	0
ZNF330	11.90682206
ZNF331	12.13557725
ZNF333	1.299630994
ZNF334	0.582053676
ZNF335	3.6523276
ZNF337	1.266536118
ZNF337-AS1	0.188935017
ZNF33A	4.528265431
ZNF33B	3.348247435
ZNF33BP1	0
ZNF33CP	0.007719112
ZNF34	3.15934721
ZNF341	0.847093716
ZNF341-AS1	0.245188873
ZNF343	1.49171887
ZNF345	1.233607989
ZNF346	1.932809057
ZNF346-IT1	0.252399431
ZNF347	1.716109735
ZNF35	4.666222234
ZNF350	1.788269522
ZNF350-AS1	0.861992817
ZNF354A	3.971950832
ZNF354B	2.00155553
ZNF354C	0.813752215
ZNF355P	0.00487245
ZNF358	11.29102722
ZNF362	5.767388874
ZNF365	1.203774849
ZNF366	0.547950169
ZNF367	0.386802474
ZNF37A	1.832972423
ZNF37BP	1.867052764
ZNF37CP	0.195059726
ZNF382	0.215982372
ZNF383	1.299455744
ZNF384	2.540557868
ZNF385A	9.892823081
ZNF385B	9.08317104
ZNF385C	0.201678367
ZNF385D	0.205109684
ZNF385D-AS1	0
ZNF385D-AS2	0
ZNF391	0.411680667
ZNF394	8.780451715
ZNF395	6.31208223
ZNF396	0.556676565
ZNF397	2.964848116
ZNF398	1.636755924
ZNF402P	0
ZNF404	1.77620542
ZNF407	0.640160738
ZNF408	2.245088017
ZNF41	2.414013612
ZNF410	0.788219215
ZNF414	2.028324106
ZNF415	2.279997063
ZNF415P1	0.161267218
ZNF416	2.159874538
ZNF417	1.953133718
ZNF418	0.62317126
ZNF419	1.391262035
ZNF420	1.854045201
ZNF423	0.642675943
ZNF425	0.374001145
ZNF426	2.466947074
ZNF426-DT	1.086922404
ZNF428	6.970148636
ZNF429	1.900590853
ZNF43	1.106977289
ZNF430	1.330044212
ZNF431	1.600022538
ZNF432	2.825014542
ZNF433	2.224001859
ZNF433-AS1	0.569327126
ZNF436	2.322640823
ZNF436-AS1	0.590199548
ZNF438	3.800853275
ZNF439	1.745435536
ZNF44	2.978321612
ZNF440	3.31828148
ZNF441	1.617144275
ZNF442	0.424604056
ZNF443	1.064385116
ZNF444	3.01100829
ZNF444P1	0
ZNF445	1.532080795
ZNF446	0.929429416
ZNF449	1.637537989
ZNF45	2.557533613
ZNF451	2.978177981
ZNF454	0.317869681
ZNF460	0.867315495
ZNF460-AS1	0.636983658
ZNF461	1.628853883
ZNF462	1.112058427
ZNF467	3.347169725
ZNF468	3.130398955
ZNF469	0.130905967
ZNF470	0.494818593
ZNF471	1.238244394
ZNF473	1.465210163
ZNF474	0.291654447
ZNF479	0
ZNF48	1.573676294
ZNF480	2.4885039
ZNF483	0.357745475
ZNF484	1.636562877
ZNF485	0.555666596
ZNF486	1.070150485
ZNF487	2.087836831
ZNF488	0.031375454
ZNF490	0.178319181
ZNF491	0.615008562
ZNF492	0.066444373
ZNF493	1.021457315
ZNF496	2.54889032
ZNF497	0.257343359
ZNF500	0.89922584
ZNF501	0.669272702
ZNF502	2.345921484
ZNF503	2.406416543
ZNF503-AS1	1.245155097
ZNF503-AS2	0.594403926
ZNF506	2.188259168
ZNF507	1.028944828
ZNF510	1.482027846
ZNF511	6.02551983
ZNF512	5.152007253
ZNF512B	2.144123804
ZNF513	6.334176271
ZNF514	1.991787034
ZNF516	1.960393372
ZNF517	1.086376349
ZNF518A	2.553841836
ZNF518B	1.457054119
ZNF519	0.293802509
ZNF519P1	0
ZNF519P2	0
ZNF519P3	0
ZNF519P4	0
ZNF521	1.697162759
ZNF524	9.194484411
ZNF525	0.876464759
ZNF526	1.621646152
ZNF527	1.037186753
ZNF528	2.327506924
ZNF528-AS1	1.804286836
ZNF529	1.957526459
ZNF529-AS1	0.922739711
ZNF530	0.671250562
ZNF532	2.822949969
ZNF534	0.033451841
ZNF536	0.027232878
ZNF540	1.22329278
ZNF541	0.255833437
ZNF542P	3.073819649
ZNF543	0.800834169
ZNF544	2.059270788
ZNF546	0.523660397
ZNF547	0.953011817
ZNF548	3.897806739
ZNF549	0.901785982
ZNF550	1.142814047
ZNF551	1.211256417
ZNF552	2.972490954
ZNF554	0.802721776
ZNF555	0.745308845
ZNF556	0.007150805
ZNF557	1.314929875
ZNF558	1.646630776
ZNF559	3.100831062
ZNF559-ZNF177	0.087950223
ZNF560	0.022101267
ZNF561	4.233050424
ZNF561-AS1	1.163715412
ZNF562	2.493771188
ZNF563	0.869627005
ZNF564	0.242271863
ZNF565	0.971186569
ZNF566	0.988882484
ZNF567	1.612091834
ZNF568	0.670827423
ZNF569	1.12462665
ZNF57	1.427587956
ZNF570	1.367281445
ZNF571	0.936753957
ZNF571-AS1	0.17525432
ZNF572	0.373204349
ZNF573	0.437778532
ZNF574	1.820668541
ZNF575	0.466884112
ZNF576	3.263603432
ZNF577	1.264342058
ZNF578	0.052312582
ZNF579	1.316432894
ZNF580	5.279534465
ZNF581	5.659541096
ZNF582	1.281649149
ZNF582-AS1	1.369280335
ZNF583	0.86319979
ZNF584	2.132550972
ZNF585A	0.549127518
ZNF585B	1.20153134
ZNF586	3.017673456
ZNF587	1.266375511
ZNF587B	1.334437135
ZNF587P1	0.011305771
ZNF589	2.784291221
ZNF592	4.40965916
ZNF593	2.74782245
ZNF594	0.489496889
ZNF595	1.617578944
ZNF596	0.945716685
ZNF597	2.344927144
ZNF598	3.483288429
ZNF599	0.703250204
ZNF600	1.878791237
ZNF602P	0.237421182
ZNF603P	0
ZNF605	0.819392615
ZNF606	0.857888089
ZNF607	0.766960577
ZNF608	2.55805717
ZNF609	2.489158796
ZNF610	0.512604785
ZNF611	1.280240911
ZNF613	1.970308876
ZNF614	2.833125355
ZNF615	1.884342797
ZNF616	1.175795515
ZNF618	1.151392129
ZNF619	0.555420399
ZNF619P1	0
ZNF620	0.929218568
ZNF621	2.879236284
ZNF622	16.92411967
ZNF623	1.789330417
ZNF624	0.354032764
ZNF625	0.049767961
ZNF625-ZNF20	0.03444858
ZNF626	0.84266213
ZNF627	6.084483883
ZNF628	0.679526426
ZNF629	2.896093764
ZNF630	0.925012558
ZNF630-AS1	0
ZNF638	5.518472229
ZNF639	3.920305199
ZNF641	2.921675812
ZNF644	6.312018839
ZNF646	1.339236933
ZNF646P1	0
ZNF648	0.008588544
ZNF649	2.279569697
ZNF649-AS1	0.081190663
ZNF652	1.830218177
ZNF652P1	0
ZNF653	1.305420917
ZNF654	3.287943921
ZNF655	10.96755293
ZNF658	0.611520095
ZNF658B	0.19300752
ZNF66	0.333289156
ZNF660	0.48118526
ZNF662	1.857504654
ZNF663P	0.067230156
ZNF664	14.46861159
ZNF665	0.308155225
ZNF667	0.208100609
ZNF667-AS1	3.60116052
ZNF668	0.48980563
ZNF669	1.962681769
ZNF670	2.200372838
ZNF670-ZNF695	0.039211256
ZNF671	1.969816056
ZNF672	9.374233603
ZNF674	0.732587686
ZNF674-AS1	3.038945424
ZNF675	1.043883374
ZNF676	0.16500127
ZNF677	1.044317945
ZNF678	0.783929322
ZNF679	0
ZNF680	1.497972096
ZNF680P1	0.085335864
ZNF681	0.424485831
ZNF682	1.349974545
ZNF683	0.434723273
ZNF684	1.608745302
ZNF687	2.060841286
ZNF688	4.468199097
ZNF689	2.192792121
ZNF69	1.555752718
ZNF691	4.156036796
ZNF692	3.070945395
ZNF695	0.016687751
ZNF696	0.464782144
ZNF697	0.920107162
ZNF699	0.934219257
ZNF7	1.917632622
ZNF70	0.472990725
ZNF700	5.061170066
ZNF701	1.095441868
ZNF702P	2.017457741
ZNF703	3.050674318
ZNF704	2.493302079
ZNF705A	0.079077334
ZNF705B	0
ZNF705CP	0
ZNF705D	0
ZNF705E	0.03167444
ZNF705G	0
ZNF706	8.952959113
ZNF707	0.869306005
ZNF708	1.707362978
ZNF709	0.090592735
ZNF70P1	0
ZNF71	1.074282747
ZNF710	3.006340904
ZNF710-AS1	1.495704357
ZNF711	0.632553796
ZNF713	0.3691504
ZNF714	0.780271281
ZNF716	0
ZNF717	0.638559662
ZNF718	0.932273072
ZNF720	1.516535054
ZNF720P1	0
ZNF721	2.33943463
ZNF723	0
ZNF724	0.127358382
ZNF725P	0
ZNF726	0.166938538
ZNF727	0.401311086
ZNF728	0.042891783
ZNF729	0
ZNF72P	0
ZNF730	0.104751005
ZNF732	0.078599078
ZNF733P	0
ZNF734P	0
ZNF735	0
ZNF736	1.102498275
ZNF736P10Y	0
ZNF736P11Y	0
ZNF736P12Y	0
ZNF736P1Y	0
ZNF736P2Y	0
ZNF736P3Y	0
ZNF736P4Y	0
ZNF736P5Y	0
ZNF736P6Y	0
ZNF736P7Y	0
ZNF736P8Y	0.023422717
ZNF736P9Y	0
ZNF737	0.867838487
ZNF738	1.139621672
ZNF74	0.649252548
ZNF740	1.753191566
ZNF746	1.845849086
ZNF747	2.149819847
ZNF749	0.721942964
ZNF750	0.510650568
ZNF75A	2.10083736
ZNF75BP	0
ZNF75D	3.15050492
ZNF76	5.578715827
ZNF761	3.550136669
ZNF763	0.853714829
ZNF764	1.973196535
ZNF765	0.934297742
ZNF766	1.382189407
ZNF767P	2.476234279
ZNF768	6.444572453
ZNF77	1.613918464
ZNF770	2.489190194
ZNF771	0.408632305
ZNF772	0.557799568
ZNF773	0.57453985
ZNF774	0.364542357
ZNF775	0.975374279
ZNF776	1.934437134
ZNF777	2.336171554
ZNF778	0.79926673
ZNF780A	0.874693942
ZNF780B	1.521587198
ZNF781	1.191372532
ZNF782	0.739077448
ZNF783	1.507338582
ZNF784	2.550720276
ZNF785	1.196119475
ZNF786	1.144934797
ZNF787	3.892905413
ZNF788	0.90005431
ZNF789	1.52407133
ZNF79	1.994461691
ZNF790	0.944012759
ZNF791	4.199373747
ZNF792	1.158395553
ZNF793	0.494615927
ZNF793-AS1	0.53379327
ZNF799	1.382538062
ZNF8	0.683236153
ZNF80	0.106307992
ZNF800	5.21785609
ZNF804A	0.186942626
ZNF804B	0
ZNF805	0.788769063
ZNF806	0
ZNF807	0.036718917
ZNF808	2.004880266
ZNF81	0.376758142
ZNF812P	1.24909272
ZNF813	0.672566602
ZNF814	0.687730023
ZNF815P	0.636875786
ZNF816	1.514904942
ZNF816-ZNF321P	0.012515813
ZNF821	0.621817381
ZNF823	2.211232169
ZNF826P	0.48250876
ZNF827	1.36574191
ZNF829	0.305623805
ZNF83	6.045013003
ZNF830	8.302341769
ZNF831	0.326592982
ZNF833P	0
ZNF835	0.126332952
ZNF836	1.151973839
ZNF837	0.483076624
ZNF839	1.233400915
ZNF839P1	0.054598599
ZNF84	2.431123071
ZNF840P	0.0157012
ZNF841	2.723116283
ZNF843	0.099567078
ZNF844	1.126710551
ZNF845	2.063030282
ZNF846	2.839950608
ZNF847P	0.029098975
ZNF849P	0.03001877
ZNF85	0.654586677
ZNF850	0.197619108
ZNF852	0.629904388
ZNF853	1.982593057
ZNF859P	0
ZNF860	0.393785913
ZNF861P	0
ZNF862	1.646908781
ZNF863P	0
ZNF865	1.670662608
ZNF876P	0.352067501
ZNF877P	0
ZNF878	0.243993394
ZNF879	1.162220402
ZNF880	1.883409439
ZNF883	0.576330944
ZNF885P	0
ZNF886P	0
ZNF887P	0.022274055
ZNF888	1.109114559
ZNF890P	0.027063554
ZNF891	0.365003383
ZNF90	0.44592659
ZNF90P1	0.01606335
ZNF90P2	0.014576556
ZNF90P3	0
ZNF91	1.160502496
ZNF92	1.842718272
ZNF92P1Y	0
ZNF92P2	0
ZNF92P3	0.049276094
ZNF93	0.375074952
ZNF962P	0
ZNF965P	0
ZNF969P	0.006693634
ZNF970P	0
ZNF971P	0
ZNF98	0.009522819
ZNF99	0.019877963
ZNFX1	10.14007056
ZNHIT1	20.20863603
ZNHIT1P1	0.035292338
ZNHIT2	4.691340747
ZNHIT3	4.848334387
ZNHIT6	2.440108934
ZNRD1	6.132216699
ZNRD1ASP	0.219215962
ZNRF1	2.159391927
ZNRF2	5.884653576
ZNRF2P1	0.106116014
ZNRF2P2	0.370987326
ZNRF2P3	0.083795711
ZNRF3	0.011244115
ZNRF3-AS1	0
ZNRF3-IT1	0
ZNRF4	0
ZP1	0.025730374
ZP2	0.027228146
ZP3	0.14423599
ZP4	0
ZPBP	0.035572754
ZPBP2	0
ZPLD1	0.003054542
ZPR1	7.760639804
ZRANB1	2.666977132
ZRANB2	18.94937719
ZRANB2-AS1	0.631977375
ZRANB2-AS2	0.092256685
ZRANB3	0.311161101
ZRSR2	5.907295055
ZRSR2P1	0.103029156
ZSCAN1	0.065591452
ZSCAN10	0.018884963
ZSCAN12	1.323164016
ZSCAN12P1	1.985912842
ZSCAN16	3.563463098
ZSCAN16-AS1	6.549004802
ZSCAN18	5.466603417
ZSCAN2	0.475426425
ZSCAN20	0.194839237
ZSCAN21	1.676814832
ZSCAN22	1.029081571
ZSCAN23	0.143190356
ZSCAN25	1.650033705
ZSCAN26	5.03805643
ZSCAN29	2.295906489
ZSCAN30	2.550988338
ZSCAN31	3.812341412
ZSCAN32	0.538856746
ZSCAN4	0.083609416
ZSCAN5A	0.557477575
ZSCAN5B	0.015220785
ZSCAN5C	0.033128537
ZSCAN5DP	0.042038358
ZSCAN9	3.362345318
ZSWIM1	2.846481904
ZSWIM2	0
ZSWIM3	2.209481073
ZSWIM4	2.330687119
ZSWIM5	0.933034614
ZSWIM5P1	0
ZSWIM5P2	0
ZSWIM5P3	0
ZSWIM6	5.409370367
ZSWIM7	10.10362122
ZSWIM8	5.38680092
ZSWIM8-AS1	0.096594645
ZSWIM9	1.249072141
ZUFSP	5.587085354
ZW10	4.132176008
ZWILCH	1.237684601
ZWINT	1.245412877
ZXDA	0.697197431
ZXDB	2.055099058
ZXDC	3.870058849
ZYG11A	0.030044351
ZYG11AP1	0
ZYG11B	4.656212236
ZYX	57.52642957
ZYXP1	0
ZZEF1	2.772166681
