	4f49b63a-11d8-46f2-b359-fddc8b911a60
	normal
A1BG	0.074725214
A1BG-AS1	1.144665069
A1CF	0.003740696
A2M	840.3497512
A2M-AS1	0.671896944
A2ML1	0.014756362
A2ML1-AS1	0
A2ML1-AS2	0
A2MP1	0.107989407
A3GALT2	0.117047589
A4GALT	8.332547431
A4GNT	0.13522268
AAAS	7.619008832
AACS	1.515532089
AACSP1	0.152331549
AADAC	2.038733213
AADACL2	0.021251373
AADACL2-AS1	0.414846146
AADACL3	0
AADACL4	0.015205039
AADACP1	0.79747105
AADAT	2.225286294
AAED1	12.23798576
AAGAB	10.03401675
AAK1	2.321452598
AAMDC	9.083700094
AAMP	26.6401728
AANAT	0.082013482
AAR2	16.7929017
AARD	1.677944149
AARS	25.41473442
AARS2	3.819523161
AARSD1	0.888996027
AARSP1	0
AASDH	2.413318064
AASDHPPT	4.707863004
AASS	4.668569651
AATBC	0.380788898
AATF	10.94269314
AATK	6.709269309
AB015752.1	0
ABALON	0.38382137
ABAT	2.069392716
ABBA01006766.1	0
ABCA1	7.260339196
ABCA10	0.551329653
ABCA11P	0.467800195
ABCA12	0.011444957
ABCA13	1.944184746
ABCA17P	0.072856515
ABCA2	3.975723539
ABCA3	120.0404132
ABCA4	0.248210537
ABCA5	1.634385703
ABCA6	1.603467595
ABCA7	3.637842409
ABCA8	7.776742557
ABCA9	1.429434229
ABCA9-AS1	0.008009343
ABCB1	2.384069473
ABCB10	5.441178267
ABCB10P1	0
ABCB10P3	0
ABCB10P4	0
ABCB11	0.020921319
ABCB4	0.055923257
ABCB5	0.016815554
ABCB6	0.391080617
ABCB7	6.628014779
ABCB8	3.316696876
ABCB9	0.249551518
ABCC1	12.21107659
ABCC10	2.906461192
ABCC11	0.089246969
ABCC12	0.008029753
ABCC13	0.113910163
ABCC2	0.194058215
ABCC3	6.256006116
ABCC4	5.418071347
ABCC5	3.507103207
ABCC5-AS1	0.33190104
ABCC6	3.988682656
ABCC6P1	0.520000372
ABCC6P2	0.822723913
ABCC8	0.049464608
ABCC9	2.444907984
ABCD1	4.274194687
ABCD1P2	0.007479056
ABCD1P3	0
ABCD1P4	0
ABCD1P5	0
ABCD2	0.23418149
ABCD3	9.293799579
ABCD4	4.678163464
ABCE1	10.76032587
ABCF1	18.80678108
ABCF2	11.05869195
ABCF2P1	0
ABCF2P2	0
ABCF3	8.906314432
ABCG1	20.6047718
ABCG2	7.772705911
ABCG4	0.032460128
ABCG5	0.090126643
ABCG8	0
ABHD1	0.093102129
ABHD10	6.016710986
ABHD11	8.165733737
ABHD11-AS1	2.145872456
ABHD12	17.0792298
ABHD12B	0.665519841
ABHD13	5.746966429
ABHD14A	5.785571734
ABHD14A-ACY1	0.088532113
ABHD14B	20.94023942
ABHD15	5.853643748
ABHD15-AS1	0.064031916
ABHD16A	1.52810094
ABHD16B	0
ABHD17A	5.285788257
ABHD17AP1	0.077003012
ABHD17AP3	0.021062389
ABHD17AP4	0.05269073
ABHD17AP5	0.02594576
ABHD17AP6	0.080285228
ABHD17AP7	0
ABHD17AP8	0
ABHD17AP9	0
ABHD17B	5.847375533
ABHD17C	9.59370055
ABHD18	1.864994909
ABHD2	36.6846739
ABHD3	3.7161537
ABHD4	8.305285633
ABHD5	12.27973484
ABHD6	5.528243378
ABHD8	6.458357566
ABI1	16.73460009
ABI1P1	0
ABI2	3.261008727
ABI3	6.33801254
ABI3BP	20.19039236
ABL1	19.96615333
ABL2	3.847711019
ABLIM1	32.41013932
ABLIM2	1.072886563
ABLIM3	6.461799643
ABO	4.718730978
ABR	14.74018099
ABRA	0.008692536
ABRACL	17.35227574
ABRAXAS1	0.852973954
ABRAXAS2	7.615796018
ABT1	9.139844915
ABT1P1	0
ABTB1	7.621745316
ABTB2	0.753640072
AC000032.1	0
AC000036.1	0.129767144
AC000041.1	0
AC000041.2	0
AC000058.1	0
AC000061.1	0
AC000067.1	0
AC000068.1	0.239821969
AC000068.2	0.312364391
AC000068.3	0
AC000077.1	0
AC000078.1	0.50915701
AC000081.1	0.040316392
AC000089.1	0.612899751
AC000095.1	0
AC000099.1	0
AC000111.1	0
AC000111.2	0
AC000120.1	0.173317351
AC000123.1	1.972456019
AC000123.2	1.19479944
AC000123.3	0.917001392
AC000124.1	0.012511984
AC000362.1	0
AC000367.1	0
AC000372.1	0
AC000374.1	0
AC000403.1	0.734804192
AC001226.1	0.022215155
AC002044.1	0.151569219
AC002044.2	0.111098675
AC002044.3	0.066399085
AC002056.1	0.031510443
AC002056.2	0.295133022
AC002059.1	0.376539884
AC002064.1	0.196026766
AC002064.2	0.745783493
AC002064.3	0
AC002066.1	0.839066204
AC002069.1	0
AC002069.2	0
AC002070.1	0.874702522
AC002075.1	0
AC002075.2	0.712736209
AC002076.1	0
AC002076.2	0
AC002090.1	0
AC002091.1	1.246840506
AC002091.2	1.45951355
AC002094.1	0.011403779
AC002094.2	0
AC002094.3	0
AC002094.4	0.078006308
AC002094.5	0.133255609
AC002101.1	0
AC002115.1	0.02108093
AC002116.1	0
AC002116.2	0.27933052
AC002127.1	0
AC002127.2	0
AC002128.1	0.436059869
AC002128.2	0.484383831
AC002306.1	0.012779048
AC002310.1	0.412895459
AC002310.2	0.01248589
AC002310.3	0.016561505
AC002310.4	0
AC002310.5	0.007903609
AC002310.6	0.939134769
AC002347.1	0.110665141
AC002347.2	0.280092826
AC002350.1	0.43887083
AC002351.1	0
AC002366.1	0
AC002367.1	0.059130708
AC002368.1	0
AC002375.1	0
AC002378.1	0.040181102
AC002381.1	0
AC002383.1	0
AC002386.1	0
AC002398.1	1.402104017
AC002398.2	0.14513901
AC002400.1	0.329861386
AC002401.1	0
AC002401.2	0.167078628
AC002401.3	0.217708515
AC002401.4	0.534002017
AC002428.1	0
AC002428.2	0
AC002429.1	0.080905191
AC002429.2	0.00932189
AC002451.1	0.367370073
AC002451.2	0.004993315
AC002454.1	0.035903953
AC002456.1	0.097191301
AC002456.2	0
AC002460.1	0
AC002463.1	0
AC002464.1	0
AC002465.1	0
AC002467.1	0.717951352
AC002470.1	0.575963032
AC002472.1	0.02126815
AC002480.1	0.056040413
AC002480.2	0.216634295
AC002480.3	0.085989
AC002480.4	0.004619587
AC002486.1	0
AC002486.2	0
AC002487.1	0
AC002504.1	0
AC002511.1	0.095791746
AC002511.2	0.026608818
AC002519.1	0.034309365
AC002519.2	0.041062991
AC002524.1	0.481585563
AC002525.1	0.376493455
AC002540.1	0
AC002542.1	0.062041287
AC002543.1	0.049023412
AC002545.1	0.066154521
AC002546.1	0.123020222
AC002550.1	0
AC002550.2	0.85094191
AC002551.1	0.060678893
AC002553.1	0.880877968
AC002553.2	1.121429056
AC002558.1	0.07455771
AC002558.2	0.071167717
AC002558.3	0.08958081
AC002563.1	0.026549819
AC002984.1	0.213820863
AC002985.1	0.052440737
AC002996.1	0
AC003001.1	0
AC003001.2	0
AC003002.1	0
AC003002.2	0.114913323
AC003002.3	0.089062574
AC003005.1	0
AC003005.2	0
AC003006.1	0
AC003009.1	0
AC003035.1	0.19809874
AC003035.2	0.034407955
AC003043.1	0
AC003045.1	0
AC003070.1	2.331910677
AC003070.2	0.403268363
AC003071.1	0.030352264
AC003071.2	0
AC003072.1	3.38479823
AC003080.1	0.015611432
AC003084.1	0
AC003087.1	0
AC003092.1	0
AC003092.2	0
AC003098.1	0
AC003101.1	0.078261231
AC003101.2	0
AC003101.3	0
AC003102.1	1.208109128
AC003659.1	0
AC003666.1	0
AC003669.1	0
AC003681.1	0.126330747
AC003682.1	0.129588402
AC003684.1	0
AC003685.1	0
AC003685.2	0
AC003686.1	0
AC003687.1	0
AC003688.1	0
AC003688.2	0
AC003956.1	0.235443197
AC003957.1	0.044795991
AC003958.1	0
AC003958.2	0
AC003965.1	0.143615812
AC003965.2	0.587402219
AC003973.1	0
AC003973.2	0
AC003973.3	0.24185549
AC003975.1	0.014305816
AC003976.1	0
AC003982.1	0
AC003984.1	0.002800273
AC003985.1	0
AC003985.2	0.150661075
AC003986.1	0
AC003986.2	0
AC003986.3	0.017303422
AC003988.1	0
AC003989.1	0
AC003989.2	0
AC003991.1	0.430647062
AC003991.2	0.291033952
AC004000.1	0.110614026
AC004004.1	0
AC004006.1	0
AC004009.1	0
AC004009.2	0
AC004009.3	0
AC004012.1	0.13453897
AC004014.1	0
AC004014.2	0.002337753
AC004022.1	0.011232616
AC004022.2	0.124082573
AC004023.1	0
AC004024.1	0.242388022
AC004034.1	0.140870215
AC004039.1	0.060237962
AC004052.1	0
AC004053.1	0
AC004054.1	0
AC004057.1	0.072132339
AC004062.1	0
AC004063.1	0.043780506
AC004066.1	0.02986027
AC004066.2	0.146534577
AC004067.1	0.718438098
AC004069.1	0.523452166
AC004069.2	0
AC004074.1	0
AC004076.1	0.069886975
AC004076.2	0.140531076
AC004080.1	0
AC004080.2	0
AC004080.3	0
AC004080.4	0.018916222
AC004080.5	0
AC004080.6	0
AC004112.1	0.643579626
AC004129.1	0
AC004129.2	0
AC004130.1	1.135923333
AC004134.1	0.266088185
AC004147.1	0
AC004147.2	0
AC004147.3	0
AC004147.4	0
AC004147.5	0
AC004148.1	0
AC004148.2	1.396345117
AC004149.1	0
AC004156.1	0.019087091
AC004158.1	0
AC004160.1	0.071928432
AC004160.2	0.170145198
AC004217.1	0
AC004217.2	0
AC004221.1	0
AC004223.1	0
AC004223.2	0.022010971
AC004223.3	0.005981003
AC004223.4	0.86558807
AC004224.1	0.06324279
AC004224.2	0.022635101
AC004231.1	0.161611842
AC004231.3	0.04641073
AC004232.1	0
AC004232.2	0
AC004232.3	0.433343615
AC004233.1	0.295410402
AC004233.2	0.195095207
AC004233.3	0.632195332
AC004233.4	0.114858209
AC004241.1	0.14658678
AC004241.2	0.64724153
AC004241.3	0.671653928
AC004241.4	0.032073129
AC004241.5	0.420654115
AC004253.1	0.515273226
AC004253.2	0
AC004257.1	0
AC004263.1	0.105964321
AC004264.1	0.180966775
AC004264.2	0.193017336
AC004381.1	0.06822774
AC004383.1	0.414324163
AC004386.1	0.047203554
AC004386.2	0
AC004408.1	0
AC004408.2	0.004311836
AC004415.1	0
AC004448.1	0
AC004448.2	0.005711409
AC004448.3	0
AC004449.1	0.165921039
AC004453.1	2.142401192
AC004453.2	0.022246109
AC004461.1	0.118848321
AC004466.1	0.299349208
AC004466.2	0.580134123
AC004466.3	0.372815863
AC004467.1	0
AC004470.1	0
AC004471.1	0.16459063
AC004471.2	0.055361809
AC004477.1	0.048989983
AC004477.2	0
AC004477.3	0.446486954
AC004485.1	0
AC004486.1	0.102780844
AC004490.1	0.371726554
AC004491.1	0.025449454
AC004492.1	0.710046638
AC004494.1	0.113458921
AC004494.2	0
AC004520.1	0.406759008
AC004522.1	0
AC004522.2	0.070435108
AC004528.1	0.018680138
AC004528.2	0
AC004540.1	1.280412592
AC004540.2	1.615535406
AC004542.1	0
AC004542.2	0
AC004543.1	0
AC004551.1	0.104121464
AC004552.1	0.275263639
AC004554.1	0.008156654
AC004584.1	0.152673549
AC004584.2	0.029204801
AC004584.3	0.025411648
AC004585.1	0.179909374
AC004585.2	0
AC004590.1	0
AC004593.1	0
AC004594.1	0.124656697
AC004596.1	0.408203465
AC004597.1	0.064031916
AC004623.1	0.084442654
AC004637.1	0.074526774
AC004656.1	4.239621579
AC004672.1	0.017203977
AC004672.2	0
AC004674.1	0
AC004674.2	0.016202934
AC004678.1	0.077334564
AC004678.2	0.119500682
AC004687.1	0.523170308
AC004690.1	0
AC004690.2	0.005801341
AC004691.1	0.175122023
AC004691.2	0.140778203
AC004692.1	0.028240491
AC004692.2	0
AC004696.1	0.216991188
AC004696.2	0.072350262
AC004702.1	0
AC004704.1	0
AC004706.1	0.20433393
AC004706.2	0
AC004706.3	0.073012002
AC004707.1	0.066987235
AC004754.1	0.090792802
AC004771.1	0.4723864
AC004771.2	0.109102217
AC004771.3	0.586746178
AC004771.4	0
AC004771.5	0.596489196
AC004775.1	0.031803369
AC004777.1	0.041721144
AC004790.1	0
AC004790.2	0.020933511
AC004792.1	0
AC004797.1	0.009329153
AC004801.1	0
AC004801.2	0.27667706
AC004801.3	0
AC004801.4	0
AC004801.5	0
AC004801.6	0.526462819
AC004801.7	0
AC004803.1	0.554803655
AC004805.1	0.029638535
AC004805.2	0.024842258
AC004805.3	0.193128521
AC004808.1	0
AC004808.2	0.015490257
AC004812.1	0
AC004812.2	1.240855359
AC004816.1	1.120469101
AC004816.2	0
AC004817.1	0
AC004817.2	0.018393192
AC004817.3	0.028121109
AC004817.4	0.003303164
AC004824.1	0
AC004825.1	0
AC004825.2	0.868441657
AC004828.1	0.03661764
AC004830.1	0.354881607
AC004832.1	1.8094436
AC004832.2	0
AC004832.3	0
AC004832.4	0.108525392
AC004832.5	0.11944108
AC004832.6	0
AC004835.1	0
AC004835.2	0
AC004836.1	4.438300555
AC004837.1	0
AC004837.2	0.278464379
AC004837.3	0.021192864
AC004839.1	0.047800273
AC004840.1	0.078776107
AC004840.2	0.084027848
AC004846.1	0.404366799
AC004846.2	0.339031278
AC004847.1	0.827087293
AC004852.1	0
AC004852.2	0
AC004852.3	0
AC004853.1	0
AC004854.1	0.102928094
AC004854.2	0.224356103
AC004858.1	0.098958416
AC004862.1	0
AC004865.1	0.011938154
AC004865.2	0.685887505
AC004866.1	0
AC004866.2	0
AC004869.1	0
AC004869.2	0
AC004870.1	0.081455567
AC004870.2	0.023371441
AC004870.3	0
AC004870.4	0
AC004872.1	0
AC004875.1	0
AC004877.1	0.049733071
AC004877.2	0.99949652
AC004882.1	0.015490257
AC004882.2	0
AC004884.1	0.075071902
AC004884.2	0.175442759
AC004888.1	0
AC004889.1	0.095834339
AC004890.1	0.595390689
AC004890.2	0.448568234
AC004890.3	0.142156701
AC004893.1	0.197703712
AC004895.1	0.0146024
AC004898.1	0.046895437
AC004899.1	0
AC004899.2	0
AC004906.1	0
AC004908.1	1.438646839
AC004908.2	0.375490295
AC004908.3	0.708858924
AC004910.1	0
AC004911.1	0
AC004917.1	0.017253557
AC004918.1	2.861311907
AC004918.3	1.7346073
AC004920.1	0
AC004921.1	1.698898641
AC004923.1	0.34211338
AC004923.2	0.032449779
AC004923.3	0
AC004923.4	1.782322752
AC004925.1	0.044249698
AC004930.1	0
AC004936.1	0
AC004938.1	0
AC004941.1	0.00383781
AC004941.2	0
AC004943.1	0.141119249
AC004943.2	0.625653445
AC004943.3	0.039913228
AC004944.1	0
AC004945.1	0
AC004946.1	0
AC004947.1	0.155002826
AC004947.2	0.555886211
AC004948.1	0.106910431
AC004951.1	0.147589106
AC004951.2	0.591119954
AC004951.3	0.245619863
AC004951.4	0.126891764
AC004965.1	0
AC004967.1	3.723448757
AC004969.1	0
AC004972.1	0
AC004973.1	0
AC004975.1	0.287835777
AC004975.2	0.211928643
AC004980.1	0.700727406
AC004980.2	0.240924916
AC004980.3	0.098416178
AC004980.4	0
AC004982.1	1.237189474
AC004982.2	2.33250134
AC004986.1	0
AC004987.1	0.023570804
AC004987.2	0.323338865
AC004987.3	0
AC004987.4	0
AC004988.1	0.567935256
AC004990.1	0.203213561
AC004994.1	0.03825549
AC004997.1	0.05238975
AC005000.1	0.332610231
AC005000.2	0.038625704
AC005002.1	0
AC005002.2	0.044512893
AC005005.1	0
AC005005.2	0.031510443
AC005005.3	0.178335698
AC005005.4	0.00286836
AC005006.1	0.096176452
AC005008.1	0
AC005008.2	0
AC005009.1	0.13353868
AC005009.2	0.129588402
AC005011.1	0
AC005013.1	0.101819458
AC005014.1	0.008047022
AC005014.2	0.219889234
AC005014.3	0.504167087
AC005019.1	0
AC005019.2	0
AC005020.1	0.13658519
AC005020.2	0.077322674
AC005021.1	0.573401299
AC005033.1	0
AC005034.1	0
AC005034.2	0.086767886
AC005034.3	3.098015841
AC005034.4	0.106553667
AC005034.5	1.207674915
AC005037.1	0.098449894
AC005040.1	0
AC005041.1	3.726123025
AC005041.2	0.078261231
AC005041.3	0.202948615
AC005042.1	0.044902381
AC005042.2	0
AC005042.3	0
AC005046.1	1.456034546
AC005050.1	0.021770851
AC005052.1	0.009609926
AC005062.1	0.056040413
AC005064.1	0.026364701
AC005066.1	0
AC005070.1	0
AC005070.2	0.046053724
AC005070.3	0.407277834
AC005072.1	0.020192189
AC005076.1	0.593304736
AC005077.1	0
AC005077.2	0.018976178
AC005077.3	0
AC005077.4	0.119910984
AC005082.1	0.300379923
AC005083.1	1.966867158
AC005084.1	0
AC005086.1	0.13453897
AC005086.2	0.10503481
AC005086.3	0.054675654
AC005086.4	0.168647441
AC005088.1	0.043700614
AC005089.1	0.026715681
AC005090.1	0
AC005091.1	0.020124316
AC005094.1	0
AC005096.1	0.038501506
AC005099.1	0.117776737
AC005102.1	0.024997846
AC005104.1	1.219069171
AC005104.2	0.211928643
AC005105.1	0.015118647
AC005150.1	0
AC005154.1	1.099112789
AC005154.2	0.347529423
AC005154.3	0.72204834
AC005154.4	0
AC005154.5	0.357917531
AC005154.6	0.139434857
AC005156.1	0.020896978
AC005160.1	0
AC005162.1	0
AC005162.2	0
AC005162.3	0.163192815
AC005165.1	0.165408592
AC005165.2	0.031510443
AC005176.1	0
AC005176.2	0
AC005178.1	0
AC005180.1	0.305978747
AC005180.2	0.468731855
AC005181.1	0
AC005183.1	0.006050515
AC005185.1	0
AC005186.1	0
AC005189.1	0
AC005191.1	0
AC005197.1	0
AC005208.1	0
AC005209.1	0.041432416
AC005220.1	0
AC005224.1	0.109066725
AC005224.2	0
AC005224.3	0.011190625
AC005224.4	0.108722473
AC005225.1	0.15334858
AC005225.2	0.130293453
AC005225.3	0.06921369
AC005225.4	0.478958732
AC005229.1	0.029276206
AC005229.2	0
AC005229.3	0
AC005229.4	0.877074112
AC005230.1	0.042013924
AC005234.1	0
AC005237.1	0.235623705
AC005237.2	0
AC005244.1	0.03532144
AC005244.2	0.016676836
AC005252.1	0
AC005252.2	0
AC005252.3	0.010605818
AC005253.1	0.634303169
AC005253.2	0
AC005255.1	1.77392123
AC005256.1	0
AC005258.1	0
AC005261.1	5.939178267
AC005261.2	0.217708515
AC005261.3	1.902002186
AC005261.4	0
AC005261.5	0.345319922
AC005262.1	0.066154521
AC005262.2	0
AC005264.1	0.082614702
AC005274.1	0.298602701
AC005277.1	0
AC005277.2	0.184214897
AC005280.1	0.052826331
AC005281.1	0.197156448
AC005288.1	12.02966118
AC005291.1	0.037360276
AC005291.2	0.091579107
AC005294.1	0
AC005296.1	0
AC005297.1	0
AC005297.2	0
AC005297.3	0
AC005300.1	0
AC005301.1	0
AC005303.1	0
AC005304.1	0.088696062
AC005304.2	0.006041356
AC005304.3	0.046864847
AC005306.1	0.166482982
AC005307.1	0
AC005323.1	0.008123452
AC005323.2	0
AC005324.1	0.083257681
AC005324.2	0
AC005324.3	0.013029345
AC005324.4	0.002660882
AC005324.5	0.041940344
AC005324.6	0
AC005326.1	0
AC005329.1	0.013412454
AC005329.2	0
AC005329.3	0.043828581
AC005330.1	0.019344052
AC005332.1	0.210229978
AC005332.2	0.206804289
AC005332.3	0.11075613
AC005332.4	5.74535699
AC005332.5	1.343712154
AC005332.6	1.449134738
AC005332.7	12.44128511
AC005332.8	0.270816731
AC005336.1	0.03853248
AC005336.2	0
AC005336.3	0
AC005339.1	0
AC005341.1	0
AC005342.1	0
AC005342.2	0.038012598
AC005344.1	0
AC005345.1	0
AC005351.1	0.015234056
AC005355.1	0.016770264
AC005355.2	0
AC005357.1	0
AC005357.2	0.015263185
AC005358.1	0
AC005358.2	0.039056162
AC005363.1	0
AC005363.2	0
AC005377.1	0.026258702
AC005379.1	0.036506001
AC005381.1	0
AC005383.1	0.13453897
AC005387.1	0.238118688
AC005387.2	0.244922079
AC005391.1	0.10534283
AC005392.1	0
AC005392.2	0.238683754
AC005392.3	0
AC005393.1	0.184530333
AC005394.1	0
AC005410.1	0.10344681
AC005412.1	0
AC005476.1	0
AC005476.2	0.861436569
AC005479.1	4.431791325
AC005479.2	4.417310813
AC005480.1	0.033319922
AC005480.2	0.146381031
AC005481.1	0.048505659
AC005482.1	0
AC005486.1	0.110870077
AC005487.1	0.036011935
AC005495.1	0.00584096
AC005498.1	0.128752347
AC005498.2	0.151706386
AC005498.3	0.199078202
AC005514.1	0
AC005515.1	0.032613921
AC005515.2	0
AC005518.1	0
AC005518.2	0
AC005519.1	0.656947786
AC005520.1	0.016202934
AC005520.2	2.018866749
AC005520.3	0.161810383
AC005520.4	0
AC005520.5	0
AC005521.1	0
AC005522.1	0.052865202
AC005523.1	0.343750286
AC005523.2	0
AC005529.1	0
AC005531.1	0.008804388
AC005532.1	0.05807907
AC005532.2	0.353119709
AC005534.1	0.129099389
AC005534.2	0.165921039
AC005537.1	0.015894648
AC005538.1	0
AC005538.2	0
AC005539.1	0
AC005540.1	0.234528215
AC005544.1	0.286334025
AC005544.2	0
AC005546.1	0.244991679
AC005549.1	0
AC005550.1	0.038378104
AC005550.2	0.025592238
AC005552.1	0
AC005559.1	0
AC005562.1	0.35707659
AC005562.2	0
AC005578.1	0.023478369
AC005580.1	0
AC005586.1	1.016853461
AC005586.2	0.228893062
AC005587.1	0
AC005588.1	0
AC005592.1	0.036506001
AC005593.1	0.046500848
AC005597.1	0
AC005606.1	0
AC005606.2	0
AC005609.1	0
AC005609.2	0
AC005609.3	0
AC005609.4	0
AC005609.5	0
AC005614.1	0.003277845
AC005614.2	0
AC005616.1	0
AC005618.1	0.11030657
AC005618.2	0
AC005618.3	0
AC005625.1	0.076105731
AC005632.1	0.062364418
AC005632.2	0.433839431
AC005632.3	0
AC005632.4	0
AC005670.1	0.030313844
AC005670.2	0
AC005674.1	0.443480308
AC005674.2	1.023416094
AC005682.1	0.799896997
AC005691.1	0
AC005692.1	0
AC005692.2	0
AC005695.1	0.014777464
AC005695.2	0
AC005695.3	0.154835797
AC005696.1	0.324351286
AC005696.2	0
AC005696.3	0.908915086
AC005696.4	0.026634184
AC005697.1	0
AC005697.2	0.010568374
AC005699.1	0.077213089
AC005702.1	0.024893905
AC005702.2	0.00827503
AC005702.3	0.028783578
AC005702.4	0
AC005703.1	0.006753507
AC005703.2	0
AC005703.3	0.064203583
AC005703.4	0.022256447
AC005703.5	0.021574718
AC005703.6	0.432468381
AC005722.1	0
AC005722.2	0.074615233
AC005722.3	0.053694925
AC005725.1	0.064302093
AC005726.1	0.409302832
AC005726.2	0.063228876
AC005726.3	0.601312819
AC005726.4	0
AC005726.5	0.033168887
AC005730.1	0
AC005730.2	0.010113149
AC005730.3	0.098147281
AC005736.1	0.97921979
AC005736.2	0.262994136
AC005736.3	0
AC005740.1	0.045877273
AC005740.2	0.02857749
AC005740.3	0.174040237
AC005740.4	0.763231
AC005741.1	0
AC005746.1	0.117126853
AC005746.2	0.254765283
AC005746.3	0.121872451
AC005753.1	0.290630299
AC005757.1	0.050737154
AC005758.1	0
AC005759.1	0.069156583
AC005771.1	0
AC005772.1	0
AC005774.1	0
AC005775.1	0.084522129
AC005776.1	0.330316367
AC005776.2	0.399357903
AC005777.1	0
AC005779.1	0.066522046
AC005779.2	0
AC005785.1	0.426075272
AC005785.2	0.588261517
AC005786.1	0
AC005786.2	0
AC005786.3	0
AC005786.4	0
AC005789.1	0
AC005790.1	0.399132277
AC005796.1	0.027653506
AC005798.1	0.030940487
AC005808.1	0.031427738
AC005821.1	0.07383742
AC005822.1	0.069481441
AC005823.1	0
AC005823.2	0
AC005828.1	0.045702169
AC005828.2	0.021305993
AC005828.3	0.040521043
AC005828.4	0.173535773
AC005828.5	0
AC005828.6	0.464507391
AC005828.7	0.107679571
AC005829.1	0.035531063
AC005829.2	0
AC005831.1	0.642092584
AC005832.1	0.041867022
AC005832.2	0.008373404
AC005832.3	0.037952356
AC005832.4	0
AC005833.1	0.115042129
AC005833.2	0.010096095
AC005833.3	0
AC005837.1	0.132501688
AC005837.2	0
AC005837.3	0.125601066
AC005838.1	0
AC005838.2	0.52881879
AC005839.1	0.365219077
AC005840.1	0.889313296
AC005840.2	1.075864041
AC005840.3	0.08161887
AC005840.4	0.719637494
AC005841.1	0.083442288
AC005842.1	0.061404966
AC005845.1	0.09168429
AC005856.1	1.590946838
AC005858.1	0
AC005858.2	0
AC005858.3	0
AC005863.1	0
AC005865.1	0.01993004
AC005865.2	0.010398583
AC005868.1	0
AC005871.1	0
AC005871.2	0
AC005884.1	1.283922009
AC005884.2	0.048477604
AC005899.1	0.063804449
AC005899.2	0
AC005899.3	0.044184385
AC005899.4	0
AC005899.5	0.130151829
AC005899.6	1.209491748
AC005899.7	0.4887334
AC005899.8	0.041660661
AC005901.1	0.130151829
AC005906.1	0
AC005906.2	0.264253094
AC005908.1	0.069014227
AC005908.2	0.271108716
AC005909.1	0
AC005911.1	0.367621834
AC005912.1	12.67831938
AC005912.2	0.01496746
AC005915.1	0
AC005920.1	0.029147927
AC005920.2	0.108198509
AC005920.3	0.009742855
AC005920.4	0.048674668
AC005921.1	0
AC005921.2	0
AC005921.3	0.027833492
AC005943.1	0
AC005943.2	0
AC005944.1	0
AC005951.1	0
AC005954.1	0.071062126
AC005954.2	0.043071828
AC005962.1	1.010074014
AC005972.1	0.065646756
AC005972.2	0
AC005972.3	0
AC005993.1	0.090483388
AC005996.1	0.02123044
AC005999.1	0.040727783
AC006001.1	0.050523073
AC006001.2	0.510616985
AC006001.3	1.566657315
AC006001.4	17.85485401
AC006003.1	0
AC006004.1	0.00558227
AC006006.1	0
AC006007.1	0
AC006011.1	0
AC006011.2	0.031020643
AC006012.1	0
AC006013.1	0
AC006015.1	0
AC006017.1	0.160127362
AC006019.1	0
AC006019.2	0.007867259
AC006019.3	0
AC006020.1	0.019375353
AC006022.1	0.092582229
AC006023.1	0.046231538
AC006023.2	0
AC006026.1	0
AC006026.2	0
AC006026.3	0.586138309
AC006027.1	0
AC006028.1	0
AC006030.1	0.042603564
AC006033.1	0.140539534
AC006033.2	0.699698351
AC006037.1	0
AC006037.2	0
AC006041.1	0.109518003
AC006042.1	1.233958566
AC006042.2	0.231890231
AC006042.3	0.163022033
AC006042.4	0.346068448
AC006055.1	0.058267486
AC006058.1	0.560061277
AC006058.2	0.021850307
AC006058.3	0.067206557
AC006058.4	0.444542536
AC006059.1	0.259308868
AC006063.1	0
AC006064.1	0.085528345
AC006064.2	0.327157604
AC006064.3	0.100410636
AC006064.4	0
AC006064.5	0
AC006065.1	0
AC006065.2	0
AC006065.3	0
AC006065.4	0
AC006065.5	0
AC006065.6	0
AC006070.1	0
AC006076.1	0
AC006077.1	0
AC006077.2	0.44542114
AC006111.1	0
AC006111.2	0.179385293
AC006111.3	0.06252725
AC006115.1	0.02316048
AC006115.2	0
AC006116.1	0.005515416
AC006116.10	0.226701637
AC006116.2	0.036358203
AC006116.3	0
AC006116.4	0.105964321
AC006116.5	0.107101684
AC006116.6	0.021711638
AC006116.7	0
AC006116.8	0.061356558
AC006116.9	0.011513431
AC006122.1	0.081640693
AC006128.1	1.196675941
AC006130.1	0
AC006130.2	0
AC006133.1	0
AC006141.1	0.011035915
AC006144.1	0
AC006145.1	0
AC006146.1	0
AC006148.1	0
AC006148.2	0
AC006150.1	0
AC006153.1	0
AC006157.1	0.490736406
AC006158.1	0
AC006159.1	0.992660585
AC006159.2	0.086517112
AC006160.1	0.223514075
AC006195.1	0.02594576
AC006197.1	0
AC006199.1	0
AC006205.1	0
AC006205.2	0.064203583
AC006206.1	0
AC006206.2	0.02986027
AC006210.1	0.107873588
AC006210.2	0.054391809
AC006213.1	0.086439785
AC006213.2	0.245703864
AC006213.3	0.115802401
AC006213.4	0.547705175
AC006213.5	0.291033952
AC006213.6	0.077362322
AC006236.1	0
AC006237.1	0.573752648
AC006238.1	0.538155879
AC006249.1	0.025422438
AC006252.1	0.108755389
AC006254.1	0.309066799
AC006254.2	0
AC006254.3	0.013545213
AC006262.1	0.006077128
AC006262.2	0.028207228
AC006262.3	0
AC006262.4	0
AC006270.1	0.450902572
AC006270.2	0.055094946
AC006270.3	0.023115769
AC006272.1	0.216919716
AC006272.2	0.679374088
AC006273.1	0.667538303
AC006277.1	0.141307701
AC006288.1	0
AC006296.1	0
AC006296.2	0
AC006299.1	0.069242279
AC006305.1	0.051697638
AC006305.2	0
AC006305.3	0
AC006326.1	0
AC006328.1	0
AC006329.1	0.30571834
AC006329.2	0.030390783
AC006330.1	0.132575391
AC006333.1	0
AC006333.2	2.407343795
AC006335.1	0
AC006335.2	0
AC006335.3	0
AC006338.1	0
AC006338.2	0
AC006349.1	0.050953057
AC006355.1	0
AC006355.2	0
AC006357.1	0
AC006362.1	0
AC006363.1	0
AC006366.1	0
AC006369.1	0.196652764
AC006369.2	0
AC006372.1	0.04386069
AC006372.2	0.123020222
AC006372.3	0
AC006372.4	0
AC006378.1	0.545982832
AC006378.2	0.154752418
AC006380.1	0
AC006386.1	0
AC006386.2	0.029492533
AC006387.1	0.027337827
AC006390.1	0
AC006427.1	0
AC006435.1	0
AC006435.2	0.863600631
AC006435.3	0
AC006435.4	0
AC006435.5	0.106910431
AC006441.1	0.246603466
AC006441.2	0
AC006441.3	0
AC006441.4	0.012181046
AC006441.5	0
AC006445.1	0
AC006445.2	0.076105731
AC006449.1	0
AC006449.2	0.739133846
AC006449.3	0.063804449
AC006449.5	0.14268313
AC006449.6	0.787486592
AC006449.7	0
AC006450.1	0
AC006450.2	0.432794035
AC006450.3	0
AC006455.1	0
AC006455.2	0
AC006455.3	0
AC006455.4	0
AC006455.5	0
AC006455.6	0
AC006455.7	0
AC006455.8	0
AC006457.1	0
AC006458.1	0
AC006460.1	0.191583493
AC006461.1	0.110189892
AC006463.1	0
AC006466.1	0
AC006480.1	0.253417319
AC006480.2	0.259719582
AC006482.1	0
AC006483.1	0.153021959
AC006483.2	0.023250424
AC006484.1	0
AC006486.1	0.018886385
AC006486.2	0.108903759
AC006487.1	0.01961338
AC006487.2	0
AC006499.1	0
AC006499.2	0
AC006499.3	0
AC006499.4	0
AC006499.5	0
AC006499.6	0
AC006499.7	0
AC006499.8	0
AC006504.1	0.104519091
AC006504.2	0
AC006504.3	0.160263438
AC006504.4	0
AC006504.5	0.367999804
AC006504.6	0
AC006504.7	0.01295884
AC006504.8	0.905118864
AC006509.1	0
AC006509.2	0
AC006511.1	0
AC006511.2	0
AC006511.3	0.517103511
AC006512.1	0.041147657
AC006512.2	0
AC006517.1	0
AC006518.1	0.025395479
AC006518.2	0.077970026
AC006529.1	0.037594877
AC006530.1	0
AC006538.1	0.173754745
AC006538.2	0
AC006538.3	0.020716208
AC006539.1	0.119500682
AC006539.2	0.293069154
AC006539.3	0
AC006547.1	1.320464083
AC006547.2	0
AC006547.3	0
AC006548.1	0
AC006548.2	0
AC006557.1	0.044143662
AC006557.2	0.019312852
AC006557.3	0
AC006557.4	0
AC006557.5	0.073822246
AC006557.6	0
AC006566.1	0.233410688
AC006581.1	0
AC006600.1	0
AC006600.2	0.00477812
AC006840.1	0
AC006924.1	0.021420337
AC006927.1	0
AC006942.1	0.276322346
AC006946.1	0.365060009
AC006946.2	0.004194034
AC006946.3	0.031677165
AC006947.1	0.074218812
AC006960.1	0.078261231
AC006960.2	0
AC006960.3	0.050953057
AC006963.1	0.011382099
AC006965.1	0
AC006967.1	0
AC006967.2	0
AC006967.3	0
AC006970.1	0.061562819
AC006970.2	0.030741896
AC006971.1	0.024022674
AC006978.1	6.763254383
AC006978.2	0.035957863
AC006986.1	0
AC006987.1	0
AC006987.2	0
AC006987.3	0
AC006987.4	0
AC006989.1	0
AC006994.1	0.099902
AC006994.2	0.186365265
AC007000.1	0.19604734
AC007000.2	0.098348816
AC007000.3	0.058220267
AC007001.1	0.071486378
AC007003.1	0
AC007009.1	0
AC007012.1	0
AC007012.2	0
AC007014.1	0.117776737
AC007014.2	0.099991385
AC007016.1	0.049073641
AC007029.1	0.03825549
AC007032.1	0.141369165
AC007036.1	0.266482974
AC007036.2	0.082201155
AC007036.3	0
AC007038.1	0.560854359
AC007038.2	0.760508798
AC007040.1	0.050205318
AC007040.2	0.018831224
AC007041.1	0.051835361
AC007064.1	0
AC007064.2	0.023947937
AC007064.3	0
AC007066.1	0.031427738
AC007066.2	0.568696326
AC007068.1	0
AC007068.2	0
AC007091.1	0.021155421
AC007098.1	0
AC007099.1	0.090941531
AC007099.2	0
AC007100.1	0
AC007106.1	0
AC007114.1	1.372454847
AC007114.2	0.069925066
AC007115.1	0
AC007126.1	0
AC007128.1	0.019385809
AC007128.2	0
AC007136.1	0
AC007151.1	0
AC007159.1	0
AC007160.1	0.112607852
AC007161.1	0.00800399
AC007161.2	0.010797086
AC007163.1	0.040959983
AC007179.1	0
AC007179.2	0
AC007179.3	0
AC007182.1	0.366040717
AC007182.2	0.595719816
AC007191.1	0.235881179
AC007192.1	0.004657319
AC007192.2	0
AC007193.1	0
AC007193.2	0.253685769
AC007193.3	0
AC007204.1	0
AC007204.2	0
AC007207.1	0
AC007207.2	0.916375125
AC007215.1	0.086767886
AC007216.1	0
AC007216.2	0.311822091
AC007216.3	0.648756811
AC007216.4	0.575261823
AC007216.5	0
AC007218.1	0
AC007220.1	0.147546529
AC007221.1	0.195554759
AC007223.1	0
AC007224.1	0
AC007224.2	0.023478369
AC007225.1	0.006521769
AC007225.2	0
AC007228.1	0
AC007228.2	1.172150512
AC007229.1	0.348756358
AC007237.1	0.023995928
AC007238.1	0.261350256
AC007249.1	0.290865627
AC007249.2	0.416664043
AC007250.1	0
AC007253.1	0
AC007255.1	0.37418651
AC007255.2	0
AC007256.1	0.051966589
AC007262.1	0
AC007271.1	0.188072801
AC007272.1	0.160407771
AC007274.1	0
AC007274.2	0
AC007274.3	0
AC007275.1	0
AC007277.1	0.361751308
AC007278.1	0.162420067
AC007278.2	0.049891535
AC007279.1	0.128752347
AC007283.1	0
AC007283.2	0.668597215
AC007285.1	0.037693499
AC007285.2	0.092463076
AC007292.1	0.818595688
AC007292.2	0.23789341
AC007292.3	0.167702637
AC007298.1	0.109518003
AC007298.2	0.027781829
AC007308.1	0
AC007312.1	0
AC007314.1	0.127157186
AC007318.1	1.495047121
AC007318.2	0.098551179
AC007319.1	0.349783042
AC007322.1	0
AC007322.2	0
AC007322.3	0
AC007322.4	0
AC007326.1	0
AC007326.2	0.001579888
AC007327.1	0
AC007327.2	0
AC007333.1	0
AC007333.2	0
AC007336.1	0.159527791
AC007336.2	0.666414753
AC007336.3	0.033261023
AC007342.1	0
AC007342.2	0
AC007342.3	0.024934224
AC007342.4	0.281485693
AC007342.5	0.223603516
AC007342.6	0.11540062
AC007342.7	0.952998761
AC007342.8	0.158946482
AC007342.9	0.285300328
AC007344.1	0
AC007346.1	0
AC007346.2	0
AC007347.1	0.255671921
AC007347.2	0
AC007349.1	0
AC007349.2	0
AC007349.3	0
AC007349.4	0.022507459
AC007359.1	0
AC007362.1	0.125420494
AC007363.1	0
AC007364.1	0.269472868
AC007365.1	0.190972381
AC007365.2	0.313728427
AC007368.1	0.009140434
AC007368.2	0
AC007370.1	0
AC007370.2	0.00888936
AC007375.1	0
AC007375.2	0
AC007375.3	0
AC007376.1	0
AC007376.2	0.088696062
AC007378.1	0.075150429
AC007381.1	0.017916162
AC007382.1	1.504750028
AC007383.1	0
AC007383.2	2.512912111
AC007383.3	0
AC007383.4	0
AC007384.1	1.134863534
AC007386.1	0.041147657
AC007387.1	1.197396831
AC007388.1	1.147483092
AC007389.1	0.032573363
AC007389.2	0.039130615
AC007389.3	0.007230657
AC007389.4	0.060398327
AC007389.5	0.032188087
AC007390.1	0.033634742
AC007390.2	0.305410183
AC007391.1	0
AC007394.1	0
AC007395.1	0.017686807
AC007402.1	0.00303985
AC007403.1	0.06335433
AC007405.1	0.605886904
AC007405.2	0.014391789
AC007405.3	7.206669652
AC007406.1	0.114037793
AC007406.2	0
AC007406.3	1.11244638
AC007406.4	0.031304492
AC007406.5	2.85939874
AC007422.1	0
AC007422.2	0
AC007423.1	0
AC007424.1	0.029638535
AC007431.1	0.016960295
AC007431.2	0
AC007431.3	0
AC007435.1	0.028852936
AC007448.1	0
AC007448.2	0.031510443
AC007448.3	0.139030111
AC007450.1	0
AC007450.2	0
AC007450.3	0
AC007450.4	0
AC007458.1	0
AC007463.1	0
AC007485.1	0.697512717
AC007485.2	1.917846153
AC007490.1	0.102196031
AC007493.1	0
AC007493.2	0
AC007494.1	0.047265664
AC007494.2	0.0470182
AC007494.3	0.016115704
AC007495.1	0.005955717
AC007495.2	0.014357276
AC007496.1	0.113420539
AC007496.2	0.065670759
AC007496.3	0.031299946
AC007497.1	0.277471636
AC007513.1	0.031593584
AC007527.1	0
AC007527.2	0
AC007529.1	0
AC007533.1	0.041289546
AC007536.1	0
AC007537.1	0.805588082
AC007537.2	0.14059454
AC007540.1	0
AC007541.1	0.407555082
AC007546.1	0.321305053
AC007546.2	0
AC007547.1	0
AC007547.2	0.099783069
AC007551.1	0.02307123
AC007551.2	0
AC007552.1	0.012916902
AC007552.2	0.675149125
AC007556.1	0
AC007557.1	0
AC007557.2	0
AC007557.3	0.003819448
AC007557.4	0.027846438
AC007559.1	0
AC007560.1	0.101046146
AC007562.1	0
AC007563.1	0.086893819
AC007563.2	0.02649108
AC007563.3	0
AC007566.1	1.622720384
AC007566.2	0
AC007568.1	0
AC007569.1	0.139394276
AC007570.1	0.258145254
AC007595.1	0.024790825
AC007598.1	0.053455216
AC007598.2	0.066645464
AC007598.3	0.042815143
AC007599.1	0
AC007599.2	0
AC007601.1	0.02426336
AC007601.2	0
AC007603.1	0
AC007603.2	0
AC007608.1	0.135792269
AC007608.2	0
AC007608.3	0.079448131
AC007608.4	0.010675157
AC007610.1	0.024044113
AC007610.2	0.017978931
AC007610.3	0
AC007610.4	0.107061364
AC007611.1	0.280493792
AC007613.1	0.059939002
AC007614.1	0
AC007614.2	0
AC007618.1	0.01635788
AC007619.1	0.581260597
AC007619.2	0.031593584
AC007620.1	0
AC007620.2	0
AC007620.3	0.168647441
AC007621.1	0
AC007622.1	0.089524997
AC007622.2	0.1676635
AC007631.1	0
AC007637.1	0.565802898
AC007638.1	0
AC007638.2	0.013763182
AC007639.1	0.014374512
AC007652.1	0
AC007655.1	0.033540527
AC007656.1	0
AC007656.2	0
AC007663.1	0.405569894
AC007663.2	0.048368813
AC007663.3	0.077251408
AC007663.4	0.360547382
AC007666.1	0.042764173
AC007671.1	0.432794035
AC007673.1	0.032656277
AC007677.1	0
AC007679.1	0.015331586
AC007679.2	0
AC007681.1	0.863741751
AC007683.1	0.202605217
AC007683.2	0
AC007684.1	0.175718612
AC007685.1	0
AC007686.1	0.025861703
AC007686.2	0.153185096
AC007686.3	0.309049942
AC007687.1	0.078776107
AC007688.1	0.205087731
AC007688.2	0.194698672
AC007690.1	0.025585402
AC007718.1	0
AC007728.1	0.044130104
AC007728.2	0.385249415
AC007728.3	0.160508959
AC007731.1	0
AC007731.2	0.154684265
AC007731.3	0
AC007731.4	0.073459928
AC007731.5	0
AC007738.1	0
AC007741.1	0.003426028
AC007742.1	0
AC007742.2	0
AC007743.1	1.006161624
AC007744.1	0
AC007749.1	0
AC007750.1	0.256358715
AC007751.1	0
AC007751.2	0
AC007773.1	0.38188582
AC007780.1	0.109263264
AC007785.1	0.03606617
AC007785.2	0
AC007785.3	0.09270169
AC007786.1	0.219840299
AC007786.2	0.119292337
AC007786.3	0
AC007787.1	0.037820494
AC007787.2	0.219889234
AC007790.1	0.04593594
AC007792.1	0.029785991
AC007795.1	0
AC007823.1	0.107046971
AC007834.1	0.016447759
AC007834.2	0.209457172
AC007842.1	0.534394858
AC007848.1	0.017044795
AC007848.2	0.006933392
AC007849.1	0.280092826
AC007849.2	0.025422438
AC007861.1	0.035531063
AC007861.2	0
AC007876.1	0.012181046
AC007878.1	0.600551971
AC007879.1	0.021613661
AC007879.2	0.06519402
AC007879.3	0.087481047
AC007879.4	0.066337775
AC007881.1	0
AC007881.2	0.042013924
AC007881.3	0.059179415
AC007899.1	0.046350845
AC007906.1	0
AC007906.2	24.40567302
AC007907.1	0
AC007919.1	0.165538732
AC007919.2	0.023432423
AC007920.1	0
AC007922.1	0.026087077
AC007922.2	0
AC007922.3	0
AC007923.1	0
AC007923.2	0
AC007923.3	0
AC007923.4	0.04216186
AC007938.1	0.066017744
AC007938.2	0.022729629
AC007938.3	0.980212494
AC007948.1	0
AC007950.1	0
AC007950.2	0.066323642
AC007952.1	0
AC007952.2	0.011598936
AC007952.3	0
AC007952.4	0.075189754
AC007952.5	0
AC007952.6	0.040316392
AC007952.7	0
AC007952.8	0
AC007952.9	0
AC007953.1	0.021382086
AC007953.2	0
AC007954.1	0.024238802
AC007956.1	0.243014117
AC007966.1	0.105748361
AC007967.1	0
AC007967.2	0
AC007967.3	0
AC007967.4	0
AC007969.1	3.32163774
AC007969.2	0.125381867
AC007991.1	0
AC007991.2	0.117391846
AC007991.3	0
AC007991.4	0.019791683
AC007992.1	0
AC007992.2	0
AC007993.1	0.011831984
AC007993.2	0.068947994
AC007996.1	0.534817443
AC007998.1	0.017818405
AC007998.2	0
AC007998.3	2.418323293
AC007998.4	0.028363131
AC007998.5	0.151569219
AC008011.1	0
AC008011.2	0.393084818
AC008013.1	0.012125538
AC008013.2	0.103223865
AC008013.3	0.017739212
AC008014.1	0.553802755
AC008015.1	0
AC008026.1	0.562535424
AC008026.2	0.06881591
AC008026.3	0.028058508
AC008033.1	0
AC008033.2	0.067649538
AC008033.3	0.085102831
AC008035.1	1.683839293
AC008040.1	0.004503185
AC008040.2	0
AC008040.3	0
AC008040.4	0
AC008040.5	0
AC008050.1	0.416815352
AC008055.1	0.058985066
AC008056.1	0
AC008056.2	0.04346268
AC008060.1	0
AC008060.2	0
AC008060.3	0
AC008060.4	0
AC008063.1	0.149674604
AC008063.2	0.019344052
AC008065.1	0.06881591
AC008066.1	0
AC008067.1	0
AC008069.1	0
AC008072.1	0
AC008073.1	0.110257535
AC008073.2	0.140870215
AC008073.3	0.031496629
AC008074.1	0.778390747
AC008074.2	0
AC008074.3	0.282553001
AC008079.1	0.012882161
AC008079.2	0.037572758
AC008080.1	0.113175504
AC008080.2	0
AC008080.3	0
AC008080.4	0.030123191
AC008083.1	0.036120568
AC008083.2	0.140870215
AC008083.3	0
AC008088.1	0
AC008103.1	0
AC008105.1	0.355093696
AC008105.2	0.479851479
AC008105.3	0.920826818
AC008109.1	0.01449633
AC008114.1	0.056084161
AC008115.1	0
AC008115.2	0
AC008115.3	0.348968111
AC008115.4	0.556210141
AC008121.1	0
AC008121.2	0.183158215
AC008121.3	0.082960519
AC008124.1	1.390604747
AC008125.1	0
AC008126.1	0
AC008127.1	0
AC008127.2	0
AC008132.1	0
AC008132.2	0
AC008133.1	0
AC008133.2	0
AC008134.1	0
AC008147.1	0.110528938
AC008147.2	0.088921895
AC008147.3	0.033824769
AC008147.4	0.009945156
AC008149.1	0.022807559
AC008154.1	0
AC008154.2	0.115690515
AC008155.1	0.327555364
AC008155.2	0
AC008162.1	0
AC008162.2	0
AC008163.1	0.00508233
AC008164.1	0
AC008171.1	0
AC008175.1	0
AC008175.2	0
AC008243.1	0.043488989
AC008250.1	0.13763182
AC008250.2	0.116819203
AC008264.1	0.163133083
AC008264.2	0.048139781
AC008267.1	0.033603279
AC008267.2	0.66085836
AC008267.3	1.479928667
AC008267.4	0
AC008267.5	0.842612584
AC008267.6	0.079297803
AC008267.7	0
AC008267.8	0.010028449
AC008268.1	7.008891189
AC008269.1	0.037071109
AC008269.2	0
AC008277.1	0.023757874
AC008277.2	0
AC008278.1	0
AC008278.2	0.409866886
AC008280.1	0.05812606
AC008280.2	0
AC008280.3	0.474378526
AC008378.1	0
AC008379.1	0.051611932
AC008385.1	0
AC008392.1	0
AC008393.1	0.864695098
AC008395.1	0
AC008403.1	0
AC008403.2	0
AC008403.3	0
AC008406.1	0
AC008406.2	0
AC008406.3	0
AC008410.1	0
AC008413.1	0
AC008413.2	0
AC008415.1	0
AC008417.1	0.021192864
AC008427.1	0.036561735
AC008429.1	0.288581251
AC008429.2	0.318751471
AC008429.3	0.024486643
AC008429.4	0.197373104
AC008432.1	0
AC008434.1	0.043621014
AC008438.1	0.78517825
AC008438.2	0.063020886
AC008440.1	0.627337747
AC008440.2	0
AC008440.3	0.625666812
AC008443.1	0.357917531
AC008443.2	0
AC008443.3	0.065431521
AC008443.4	0.10503481
AC008443.5	0.936236205
AC008443.6	0.016137424
AC008443.7	0.24337334
AC008446.1	0
AC008448.1	0
AC008453.1	0
AC008456.1	0
AC008464.1	0.018060284
AC008467.1	0.06347013
AC008474.1	0
AC008481.1	0.332610231
AC008481.2	0.202948615
AC008481.3	0.016470383
AC008489.1	0
AC008494.1	0.150426738
AC008494.2	0.09708623
AC008494.3	0.355160077
AC008496.1	0
AC008496.2	0.104121464
AC008498.1	0.744144923
AC008498.2	0
AC008507.1	0.766725491
AC008507.2	0.030545838
AC008507.3	0
AC008514.1	0.070375968
AC008514.2	0.071646781
AC008517.1	0
AC008521.1	0
AC008521.2	0
AC008522.1	0
AC008525.1	0
AC008525.2	0
AC008526.1	0
AC008534.1	0
AC008537.1	0
AC008537.2	1.763800311
AC008537.3	1.069445335
AC008539.1	0
AC008543.1	0.123880843
AC008543.2	0
AC008543.3	0.097547603
AC008543.4	0.189632982
AC008543.5	0.033327148
AC008549.1	0.018622035
AC008549.2	0
AC008549.3	0.029638535
AC008550.1	0.027090426
AC008551.1	0.029565354
AC008554.1	0
AC008555.1	0.547232501
AC008555.2	0.0648853
AC008555.3	0
AC008555.4	0.08432372
AC008555.5	1.123448333
AC008555.6	0.026144036
AC008555.7	0
AC008555.8	0.392136416
AC008556.1	1.226744792
AC008560.1	1.127894163
AC008562.1	0
AC008565.1	0
AC008567.1	0
AC008567.2	0.036506001
AC008568.1	0.004413553
AC008568.2	0
AC008569.1	0
AC008569.2	0.269380614
AC008571.1	0
AC008572.1	0
AC008574.1	0
AC008575.1	0
AC008581.1	0
AC008588.1	0.051835361
AC008591.1	0
AC008592.1	0
AC008592.2	0
AC008592.3	0.658854715
AC008592.4	0.079826455
AC008592.5	0.065670759
AC008601.1	0
AC008608.1	0
AC008608.2	0.748373019
AC008609.1	0.385321471
AC008610.1	0.639830367
AC008619.1	0.06335433
AC008620.1	0
AC008620.2	0.015263185
AC008622.1	0.04216186
AC008622.2	0.282542783
AC008622.3	0
AC008626.1	0
AC008626.2	0
AC008627.1	0
AC008628.1	0
AC008628.2	0
AC008629.1	0.053815588
AC008629.2	0
AC008629.3	0.061300179
AC008632.1	0
AC008635.1	0.085223974
AC008637.1	0.190440848
AC008638.1	0
AC008638.2	0
AC008638.3	0
AC008641.1	0.04828213
AC008649.1	0.023205365
AC008649.2	0.197916831
AC008652.1	0
AC008655.1	0
AC008655.2	0.236328322
AC008659.1	0
AC008662.1	0
AC008662.2	0
AC008663.1	0
AC008663.2	0.190693589
AC008663.3	0.052402487
AC008667.1	0
AC008667.2	0.051061699
AC008667.3	0
AC008667.4	0
AC008669.1	1.847223761
AC008676.1	0.051860305
AC008676.2	0.036106953
AC008676.3	0
AC008677.1	0
AC008677.2	0.078261231
AC008677.3	0
AC008680.1	0
AC008686.1	0.033230254
AC008687.1	0
AC008687.2	0.115134311
AC008687.3	0.340397092
AC008687.4	0.097151873
AC008687.5	0
AC008687.6	0.019006299
AC008691.1	0.048136556
AC008694.1	0
AC008694.2	0.078261231
AC008695.1	0
AC008696.1	0
AC008696.2	0.014513901
AC008700.1	0.010895331
AC008705.1	0
AC008708.1	0
AC008708.2	0.010652997
AC008716.1	0
AC008723.1	0
AC008725.1	0
AC008728.1	0
AC008731.1	0.413608577
AC008734.1	0.111489463
AC008734.2	0.025102659
AC008735.1	0.298602701
AC008735.2	1.68617379
AC008735.3	0.023947937
AC008735.4	0.748373019
AC008735.5	0.024092492
AC008736.1	1.517826968
AC008736.2	0
AC008737.1	0.290473625
AC008737.2	0
AC008737.3	0.054180852
AC008738.1	0.063861164
AC008738.2	0.207469748
AC008738.3	0
AC008738.4	0
AC008738.5	0
AC008738.6	0.021043881
AC008738.7	0
AC008739.1	0
AC008739.2	0.075545541
AC008739.3	0
AC008739.5	0.012357036
AC008740.1	0.093913477
AC008740.2	0
AC008741.1	0
AC008741.2	0.311361616
AC008742.1	0.061562819
AC008743.1	0.014728128
AC008745.1	0
AC008747.1	0.081271278
AC008749.1	0
AC008750.1	0.048674668
AC008750.2	0.059571982
AC008750.3	0
AC008750.4	0
AC008750.5	0.202519549
AC008750.6	0
AC008750.7	0.042840674
AC008750.8	0.08692536
AC008751.1	0
AC008751.2	0.012218335
AC008752.1	0
AC008752.2	0.047895873
AC008752.3	1.025859644
AC008753.1	0.252971161
AC008753.2	0
AC008753.3	0.026847463
AC008758.1	0
AC008758.2	0.017228731
AC008758.3	0
AC008758.4	0.060031465
AC008758.5	0.019406756
AC008758.6	0.183275025
AC008759.1	0.036543138
AC008759.2	0.459002118
AC008759.3	0.282849645
AC008760.1	1.797840722
AC008760.2	0.176477057
AC008761.1	0
AC008761.2	0
AC008761.3	0
AC008763.1	0.923259715
AC008763.2	0.017531432
AC008763.3	0.570188967
AC008764.1	0
AC008764.10	0
AC008764.2	4.171781511
AC008764.3	0
AC008764.4	0.030339447
AC008764.5	0
AC008764.6	0.208343576
AC008764.7	0
AC008764.8	0.198317473
AC008764.9	0.071700409
AC008770.1	0.022092192
AC008770.2	0.02158444
AC008770.3	0.281439426
AC008771.1	2.459363831
AC008780.1	0
AC008780.2	0
AC008781.1	0.15425402
AC008781.2	0.043453917
AC008781.3	0.142972756
AC008782.1	0
AC008785.1	0
AC008794.1	0
AC008794.2	0
AC008798.1	0
AC008799.1	0.026201244
AC008799.2	0.037013812
AC008802.1	0.03027552
AC008805.1	0
AC008805.2	0
AC008806.1	0.009802676
AC008808.1	0.027717519
AC008808.2	0
AC008813.1	0.013529908
AC008814.1	0
AC008817.1	0
AC008825.1	0.105964321
AC008825.2	0.150091525
AC008833.1	0
AC008834.1	0
AC008837.1	0
AC008837.2	0
AC008840.1	0.05269073
AC008850.1	0.033077261
AC008852.1	0
AC008868.1	0
AC008869.1	0
AC008870.1	0
AC008870.2	0.514506451
AC008870.3	0.018680138
AC008870.4	0.095486191
AC008870.5	0.073685959
AC008871.1	0.060170695
AC008873.1	0
AC008875.1	0.221466738
AC008878.1	0.018886385
AC008878.2	0.050844876
AC008878.3	0.033247829
AC008878.4	0
AC008883.1	0.062041287
AC008883.2	0
AC008885.1	0
AC008885.2	0.012875235
AC008892.1	0
AC008894.1	0.065253233
AC008894.2	0.033540527
AC008894.3	0.181365295
AC008895.1	0.141568657
AC008897.1	1.104227625
AC008897.2	0.045442005
AC008897.3	0.396653194
AC008906.1	1.232086649
AC008906.2	0.484009264
AC008914.1	0
AC008915.1	0.057223265
AC008915.2	1.331762115
AC008937.1	0.013100622
AC008937.2	0.096720261
AC008937.3	0.331045006
AC008938.1	0.003678638
AC008940.1	0.015253463
AC008945.1	0
AC008946.1	0.711043249
AC008948.1	0
AC008953.1	0.037653988
AC008957.1	1.343068058
AC008957.2	0.030237294
AC008957.3	0.106815061
AC008958.1	0
AC008962.1	0.039388054
AC008966.1	0.408629476
AC008966.2	1.929579881
AC008967.1	0
AC008969.1	0.519185379
AC008972.1	0.318058533
AC008972.2	0.848358078
AC008982.1	0.012434027
AC008982.2	1.092958567
AC008985.1	0.032087454
AC008991.1	0.379064174
AC008991.2	0.024587204
AC008992.1	0
AC009005.1	0.610492011
AC009019.1	0.155640836
AC009021.1	0.031930582
AC009021.2	0
AC009022.1	0.95768245
AC009022.2	0
AC009027.1	0
AC009032.1	0.138909145
AC009033.1	0
AC009034.1	0.067081055
AC009035.1	0
AC009039.1	0
AC009039.2	0
AC009041.1	0.043289835
AC009041.2	0.2330401
AC009041.3	0
AC009041.4	0.525503311
AC009044.1	0.006659604
AC009052.1	0
AC009053.1	1.104182553
AC009053.2	0.081007819
AC009053.3	0
AC009053.4	0.221740154
AC009054.1	0.02804208
AC009054.2	0.032015958
AC009055.1	0
AC009055.2	0
AC009060.1	0.009609926
AC009060.2	0.22592393
AC009061.1	0
AC009061.2	0.299349208
AC009063.1	0
AC009063.2	0
AC009063.3	0
AC009065.1	0
AC009065.2	0.155956172
AC009065.3	0
AC009065.4	2.492540341
AC009065.5	0.341539364
AC009065.6	0.026258702
AC009065.7	0
AC009065.8	0.638206433
AC009075.1	0.03062396
AC009075.2	0
AC009078.1	0
AC009078.2	0.108023309
AC009078.3	0.25507719
AC009081.1	0
AC009084.1	0.037772771
AC009084.2	0.19601514
AC009084.3	0
AC009086.1	0.038750706
AC009086.2	0
AC009086.3	0.427641725
AC009087.1	0.292048007
AC009088.1	0.273115724
AC009088.2	0.077585108
AC009088.3	0
AC009088.4	0
AC009090.1	0.30102155
AC009090.2	0
AC009090.3	0.826521706
AC009090.4	0.227086909
AC009090.5	0.136246466
AC009093.1	0.131205941
AC009093.2	0.409800089
AC009093.3	25.82642155
AC009093.4	0.576287245
AC009093.5	0.233475705
AC009093.6	1.212553752
AC009093.7	0.117487833
AC009094.1	0
AC009095.1	0.216723408
AC009097.1	0.117970131
AC009097.2	0.025750469
AC009097.3	0.011762248
AC009097.4	0.046231538
AC009101.1	0
AC009102.1	0
AC009102.2	0
AC009102.3	0
AC009107.1	0
AC009107.2	0.43579434
AC009108.1	0.225640106
AC009108.2	0
AC009108.3	0.074943756
AC009108.4	0.00488534
AC009108.5	0
AC009110.1	0
AC009113.1	1.215531781
AC009113.2	0
AC009117.1	0
AC009117.2	0
AC009117.3	0
AC009118.1	0
AC009118.2	0
AC009118.3	1.303009151
AC009119.1	0.61998713
AC009119.2	0.172456499
AC009119.3	0.148877048
AC009120.1	1.999880542
AC009120.2	1.234804132
AC009120.3	1.073689166
AC009120.4	0
AC009120.5	0.032805393
AC009120.6	0
AC009121.1	0.010935131
AC009121.2	0.031677165
AC009123.1	0.025032686
AC009126.1	0.368284514
AC009127.1	0.028107907
AC009127.2	0.05942416
AC009132.1	0
AC009133.1	2.665164027
AC009133.2	0
AC009133.3	0.065075915
AC009133.4	0
AC009133.5	0
AC009133.6	0
AC009134.1	0
AC009135.1	0
AC009135.2	0
AC009137.1	0
AC009137.2	0.037360276
AC009139.1	0
AC009139.2	0.021155421
AC009142.1	0
AC009145.1	0.055307013
AC009145.2	0
AC009145.3	0
AC009145.4	0.018506906
AC009148.1	0.053355967
AC009152.1	0.021535914
AC009153.1	0
AC009154.1	0.023570804
AC009154.2	0
AC009158.1	0
AC009159.1	0
AC009159.2	0.039518047
AC009159.3	0.372324885
AC009159.4	0.005895602
AC009161.1	0
AC009161.2	0
AC009163.1	0.020896978
AC009163.2	0.005634809
AC009163.3	0.056215814
AC009163.4	0
AC009163.5	0.317382292
AC009163.6	0.070023206
AC009163.7	0.252872229
AC009166.1	0
AC009166.2	0
AC009167.1	0
AC009169.1	0
AC009171.1	0
AC009171.2	0.451847861
AC009185.1	0
AC009220.1	0.174166812
AC009220.2	0.01367672
AC009220.3	0.326934288
AC009226.1	0.093255205
AC009227.1	0.055763612
AC009227.2	0
AC009228.1	0.133680667
AC009229.1	0
AC009229.2	0
AC009229.3	0.127382642
AC009229.4	0.006149958
AC009233.1	0
AC009237.1	0
AC009237.10	0
AC009237.11	0
AC009237.12	0
AC009237.13	0
AC009237.14	1.074201674
AC009237.15	0.956005454
AC009237.16	0
AC009237.17	0
AC009237.2	0
AC009237.3	0.449805559
AC009237.4	0
AC009237.5	0
AC009237.6	0
AC009237.7	0
AC009237.8	0.947807518
AC009237.9	0.241549793
AC009238.1	0
AC009238.2	0.033729488
AC009238.3	0
AC009244.1	0.232053649
AC009245.1	0.263927376
AC009248.1	0
AC009248.2	0
AC009262.1	0
AC009263.1	0
AC009264.1	0.001732094
AC009268.1	0.009953423
AC009268.2	0.052402487
AC009269.1	0
AC009269.2	0.126842885
AC009269.3	0
AC009269.4	0.174455167
AC009269.5	0.162911133
AC009271.1	0.025234917
AC009275.1	0.109305935
AC009276.1	0
AC009283.1	3.805679849
AC009292.1	0
AC009292.2	0.08958081
AC009296.1	0.231754225
AC009299.1	0
AC009299.2	1.616837208
AC009299.3	0.168924094
AC009302.1	0.030702483
AC009303.1	0.136067822
AC009303.2	0.013981747
AC009303.3	0
AC009303.4	0.423080213
AC009305.1	0
AC009309.1	0.572668049
AC009310.1	0
AC009312.1	0
AC009313.1	0
AC009313.2	0
AC009314.1	0
AC009318.1	0.523568468
AC009318.2	1.121984741
AC009318.3	0.547517437
AC009318.4	0.615944872
AC009319.1	0.047641784
AC009320.1	0.034309365
AC009336.1	0.077102178
AC009336.2	0.027205835
AC009336.3	0.018280868
AC009362.1	0.029492533
AC009365.1	0
AC009365.2	0
AC009365.3	0.029972386
AC009387.1	0
AC009396.1	0.011097283
AC009396.2	0
AC009396.3	0
AC009403.1	1.622141874
AC009404.1	0.283267855
AC009407.1	0.060070075
AC009411.1	0
AC009411.2	0
AC009413.1	0.090029837
AC009414.1	0
AC009414.2	4.97279558
AC009432.1	0
AC009435.1	0
AC009446.1	0
AC009464.1	0.025530849
AC009468.1	0
AC009468.2	0
AC009474.1	0
AC009474.2	0
AC009477.1	0
AC009478.1	0
AC009480.1	0
AC009480.2	0
AC009486.1	0.103096898
AC009487.1	0
AC009487.2	0.052663693
AC009487.3	0
AC009487.4	0
AC009494.1	0
AC009495.1	0.321880868
AC009495.2	0.709919069
AC009495.3	0.27667706
AC009498.1	0
AC009500.1	0
AC009501.1	0.262767807
AC009501.2	0
AC009501.3	0
AC009502.1	0.121727906
AC009502.2	0
AC009505.1	0
AC009506.1	1.731176141
AC009506.2	0
AC009509.1	0.173421529
AC009509.2	0.027911348
AC009509.3	0
AC009509.4	0.423440922
AC009511.1	0
AC009511.2	0.035269421
AC009517.1	0.021006962
AC009518.1	0
AC009518.2	0
AC009518.3	0
AC009531.1	0
AC009533.1	0.731784637
AC009533.2	0.061300179
AC009541.1	0
AC009542.1	0.071757701
AC009542.2	0
AC009549.1	0.880647728
AC009554.1	0
AC009558.1	0
AC009558.2	0
AC009560.1	0.248308099
AC009562.1	0
AC009563.1	0.031593584
AC009567.1	0
AC009567.2	0
AC009570.1	0.900056678
AC009597.1	0
AC009597.2	0
AC009623.1	0
AC009623.2	0
AC009630.1	0.042840674
AC009630.2	0
AC009630.3	0
AC009643.1	0
AC009643.2	0
AC009646.1	0
AC009646.2	0
AC009652.1	1.2010925
AC009652.2	0.835393138
AC009654.1	0
AC009656.1	0.025050143
AC009686.1	0
AC009686.2	0.29052956
AC009690.1	0.095813647
AC009690.2	0.323312359
AC009690.3	0
AC009704.1	0
AC009704.2	0.173535773
AC009712.1	0
AC009716.1	0.421194865
AC009716.2	0.012721347
AC009720.1	0.576716989
AC009720.2	0
AC009729.1	0.042273498
AC009743.1	0
AC009754.1	0.088696062
AC009779.1	0
AC009779.2	3.841959339
AC009779.3	0.443480308
AC009779.4	0
AC009779.5	0
AC009779.6	0
AC009779.7	0
AC009784.1	0
AC009800.1	0
AC009803.1	0
AC009803.2	0
AC009803.3	0
AC009804.1	0
AC009806.1	1.015134115
AC009812.1	1.560347145
AC009812.2	0.026201244
AC009812.3	0.171692589
AC009812.4	0.922095066
AC009831.1	0.749319129
AC009831.2	0
AC009831.3	0.036842979
AC009831.4	0.003754772
AC009852.1	0
AC009869.1	0.02267797
AC009878.1	0.035217554
AC009879.1	0
AC009884.1	0.021970584
AC009884.2	0
AC009901.1	0
AC009901.2	0
AC009902.1	0
AC009902.2	0.324544077
AC009902.3	0.170899179
AC009908.1	0.02906303
AC009927.1	0.080768758
AC009930.1	0
AC009945.1	0.040181102
AC009947.1	0
AC009947.2	0
AC009948.1	2.325362003
AC009948.2	0.117556491
AC009948.3	0.259724563
AC009948.4	0.727307704
AC009948.5	0.002717651
AC009949.1	0.045802065
AC009950.1	0.234092042
AC009951.1	0.100775556
AC009955.1	0
AC009955.2	0.022092192
AC009955.3	0.026727608
AC009955.4	0.110054856
AC009961.1	0.145059087
AC009961.2	0.286230318
AC009961.3	0.015652246
AC009962.1	0.398818247
AC009963.1	0
AC009963.2	0
AC009963.3	0
AC009965.1	0
AC009965.2	0
AC009967.1	0.075497909
AC009969.1	0
AC009970.1	0.027717519
AC009974.1	1.473719176
AC009977.1	0.189062657
AC009987.1	0.01485604
AC009988.1	0
AC009994.1	0.189311752
AC009996.1	0.385074019
AC009997.1	0.09282146
AC010082.1	0
AC010086.1	0.011382099
AC010086.2	0
AC010087.1	0
AC010095.1	0
AC010096.1	0
AC010099.1	0
AC010099.2	0
AC010099.3	0
AC010099.4	0
AC010105.1	0
AC010127.1	0.13614268
AC010132.1	0
AC010132.2	0
AC010132.3	0.011708574
AC010132.4	0.131293512
AC010133.1	0
AC010136.1	0.758913484
AC010139.1	0
AC010141.1	0
AC010141.2	0
AC010141.3	0
AC010145.1	0
AC010148.1	0.028192996
AC010149.1	0.155730802
AC010153.1	0
AC010154.1	0
AC010157.1	0
AC010163.1	0.023026862
AC010163.2	0
AC010168.1	0.109351309
AC010168.2	0.36398393
AC010173.1	0.173058042
AC010175.1	0.641462588
AC010177.1	0
AC010181.1	0
AC010181.2	0
AC010182.1	0.009838922
AC010183.1	0
AC010183.2	0
AC010185.1	0.735243668
AC010186.1	0
AC010186.2	1.327889742
AC010186.3	0.71137212
AC010186.4	0.019469867
AC010196.1	0
AC010197.1	0.642202452
AC010198.1	0.046291115
AC010200.1	0.032940766
AC010200.2	0
AC010201.1	0.221740154
AC010201.2	0.432504541
AC010202.1	0
AC010203.1	0.477254253
AC010203.2	0.286458572
AC010205.1	0.026668081
AC010207.1	0.627618072
AC010210.1	0.145398187
AC010223.1	0
AC010226.1	0.639004877
AC010230.1	0
AC010235.1	0
AC010240.1	0
AC010240.2	0.168927354
AC010240.3	0.030313844
AC010245.1	0
AC010245.2	1.015786514
AC010247.1	0.080093433
AC010247.2	0.079622296
AC010255.1	0.556928758
AC010255.2	1.34287495
AC010255.3	0.278464379
AC010260.1	0.180330848
AC010261.1	0.052402487
AC010261.2	0.153907048
AC010265.1	0.056748665
AC010266.1	0
AC010266.2	0.011035915
AC010267.1	0
AC010271.1	0.386257042
AC010271.2	0.040727783
AC010273.1	0.050629887
AC010273.2	0.492080889
AC010275.1	0.021192864
AC010280.1	0.105652662
AC010280.2	0.37966241
AC010280.3	0.020398583
AC010285.1	0.021043881
AC010285.2	0
AC010287.1	0
AC010297.1	0
AC010300.1	0.205241373
AC010301.1	0
AC010306.1	0.064318541
AC010307.1	0
AC010307.2	0.029347962
AC010307.3	0.003651713
AC010307.4	0.057567155
AC010319.1	0.228438187
AC010319.2	0
AC010319.3	0
AC010319.4	0.155956172
AC010319.5	0.015775979
AC010320.1	0.124297249
AC010320.2	0.074770542
AC010320.3	0.187511808
AC010320.4	0.018856643
AC010320.5	0.017712971
AC010323.1	0.082579092
AC010323.2	0.100790979
AC010325.1	0.039583366
AC010325.2	0.184214897
AC010326.1	0.019890313
AC010326.2	0.046956738
AC010326.3	1.851644583
AC010326.4	1.0873796
AC010327.1	0
AC010327.2	0.02453682
AC010327.3	0.007287869
AC010327.4	0.0683359
AC010327.5	0.348148703
AC010328.1	0
AC010328.2	0.021555298
AC010328.3	0
AC010329.1	0.864115628
AC010329.2	0
AC010329.5	0
AC010331.1	0.123442972
AC010332.1	3.086074306
AC010332.2	0.006288849
AC010333.1	0.02126815
AC010333.2	0.06861873
AC010333.3	0
AC010335.1	0.079959722
AC010335.2	0
AC010335.3	0.022549846
AC010336.1	0.012633434
AC010336.2	0.118319845
AC010336.3	0
AC010336.4	0
AC010336.5	0
AC010336.6	0
AC010338.1	0
AC010342.1	0.068266638
AC010343.1	1.503884732
AC010343.2	0
AC010343.3	0
AC010350.1	0
AC010359.1	0.283407534
AC010368.1	0
AC010374.1	0
AC010374.2	0
AC010376.1	0
AC010378.1	0.165386303
AC010385.1	0
AC010385.2	0.09774668
AC010385.3	0
AC010387.1	0
AC010395.1	0.051537884
AC010395.2	0
AC010401.1	0.026560527
AC010401.2	0
AC010406.1	0
AC010409.1	0.025155396
AC010409.2	0.025050143
AC010420.1	0
AC010422.1	0.110257535
AC010422.2	0.18856643
AC010422.3	0.500106075
AC010422.4	0.022465231
AC010422.5	0
AC010422.6	0.104263682
AC010424.1	0
AC010424.2	0
AC010425.1	0.151295628
AC010435.1	0.04069318
AC010442.1	2.199123608
AC010442.2	0
AC010442.3	0
AC010445.1	0
AC010451.1	0
AC010451.2	0
AC010451.3	0
AC010457.1	0.115451485
AC010460.1	0
AC010460.2	0
AC010460.3	0.015166521
AC010463.1	0
AC010463.2	0.072459717
AC010463.3	0.407114922
AC010468.1	0.674176918
AC010468.2	0
AC010468.3	0
AC010469.1	0.041576279
AC010469.2	0.024945767
AC010476.1	0.014070468
AC010478.1	0.025113189
AC010480.1	0
AC010485.1	0
AC010486.1	0
AC010486.2	0
AC010486.3	0
AC010487.1	1.061842472
AC010487.2	0.517393692
AC010491.1	0.02140502
AC010493.1	0
AC010501.1	0.0305147
AC010503.1	0
AC010503.2	0
AC010503.3	0
AC010503.4	22.08570608
AC010504.1	0.266088185
AC010511.1	0
AC010519.1	0.661352901
AC010522.1	0.154969391
AC010524.1	0.096955209
AC010525.1	0.162911133
AC010525.2	0
AC010528.1	0
AC010530.1	0.126263286
AC010531.1	0.050257999
AC010531.2	0.078261231
AC010531.3	0.210069619
AC010531.4	0
AC010531.5	0.133044092
AC010531.6	0.597205402
AC010531.7	0
AC010531.8	0
AC010533.1	0.045506768
AC010536.1	0.243056423
AC010536.2	0.81479666
AC010536.3	0.067395694
AC010538.1	0.866893633
AC010542.1	0.043149435
AC010542.2	0
AC010542.3	0.028407991
AC010542.4	0.01880728
AC010542.5	1.441891471
AC010546.1	0
AC010547.1	0.060019891
AC010547.2	0.175657237
AC010547.3	0.054427129
AC010547.4	0.061872559
AC010547.5	0
AC010547.6	0
AC010551.1	0
AC010551.2	0.028783578
AC010551.3	0
AC010587.1	0
AC010587.2	0
AC010591.1	0
AC010595.1	0
AC010598.1	0.581260597
AC010601.1	0.032362077
AC010601.2	0
AC010605.1	0
AC010608.1	0
AC010608.2	0.025476528
AC010608.3	0
AC010609.1	0
AC010615.1	0.264730592
AC010615.2	0.207089619
AC010615.3	0.060781565
AC010615.4	0
AC010616.1	0.135490448
AC010618.1	0.025102659
AC010618.2	0.104121464
AC010618.3	0.301231907
AC010619.1	0
AC010619.2	0.025279314
AC010620.1	0
AC010620.2	0
AC010624.1	0.879399639
AC010624.2	0.041648585
AC010624.3	0.488389706
AC010624.4	0.044315205
AC010625.1	0
AC010627.1	0.259096687
AC010631.1	0
AC010632.1	0.041867022
AC010632.2	0.019565308
AC010632.3	0
AC010634.1	0
AC010636.1	0
AC010636.2	0.022938637
AC010638.1	0
AC010641.1	0
AC010642.1	0.06909957
AC010643.1	0.154124017
AC010646.1	0
AC010649.1	0
AC010653.1	0.027182675
AC010653.2	0
AC010654.1	0.918794598
AC010655.1	0.041006741
AC010655.2	0.19896322
AC010655.3	0
AC010655.4	0.033872612
AC010677.1	0.145315149
AC010678.1	0
AC010680.1	0.016676836
AC010680.2	0.367646641
AC010680.3	0.138161173
AC010680.4	0.242566577
AC010680.5	0.155170216
AC010683.1	0.095031494
AC010719.1	0.080147044
AC010722.1	0
AC010723.1	0
AC010729.1	0
AC010731.1	0
AC010731.2	0.081640693
AC010731.3	0
AC010733.1	1.731895665
AC010733.2	0
AC010735.1	0.011670534
AC010735.2	0.328053926
AC010737.1	0.107101684
AC010738.1	0
AC010740.1	0
AC010745.1	0
AC010745.2	0
AC010745.3	0
AC010745.4	0
AC010746.1	0.02649108
AC010754.1	1.444550371
AC010760.1	0
AC010761.1	1.491751335
AC010761.2	0
AC010761.3	1.223792352
AC010761.4	0.091930659
AC010761.5	0
AC010761.6	0.060781565
AC010768.1	0.022051507
AC010768.2	0.147826769
AC010768.3	0
AC010768.4	0
AC010776.1	0
AC010776.2	0.719988844
AC010776.3	0.056480983
AC010789.1	0
AC010809.1	0.617873809
AC010809.2	0.4720029
AC010809.3	0.037360276
AC010834.1	0
AC010834.2	0.045184786
AC010834.3	0.879876265
AC010857.1	0
AC010864.1	0.126792517
AC010867.1	0
AC010872.1	0
AC010878.1	0
AC010880.1	0
AC010881.1	0
AC010883.1	0.992816468
AC010884.1	0.050737154
AC010886.1	0.008347137
AC010889.1	0.812936333
AC010890.1	0.221740154
AC010891.1	0
AC010894.1	0
AC010894.2	0.363306244
AC010894.3	0.029117999
AC010894.4	0.052402487
AC010894.5	0.012590924
AC010900.1	0.092391731
AC010900.2	0
AC010904.1	0
AC010904.2	0.018886385
AC010907.1	0
AC010907.2	0.034556907
AC010913.1	0.02485945
AC010928.1	0
AC010928.2	0
AC010928.3	0
AC010931.1	0
AC010931.2	0.099844702
AC010931.3	0
AC010947.1	0
AC010967.1	0
AC010967.2	0
AC010967.3	0
AC010969.1	0.004964332
AC010969.2	1.734390952
AC010970.1	0.090711881
AC010973.1	0.304621503
AC010973.2	0.564626148
AC010974.1	0
AC010975.1	0
AC010975.2	0
AC010975.3	0
AC010976.1	0.221659667
AC010976.2	2.136200918
AC010978.1	0.027640739
AC010980.1	0.093291533
AC010980.2	0.152642655
AC010982.1	0
AC010983.1	0
AC010997.1	0.034211338
AC010997.2	0.138161173
AC010997.3	0.106152201
AC010997.4	0.253417319
AC010997.5	0.067649538
AC010997.6	0.029116032
AC010998.1	0.977725938
AC010998.2	0.153266794
AC010998.3	2.372022248
AC010999.1	0.073913385
AC010999.2	0.200905508
AC011005.1	0.142229765
AC011005.2	0
AC011005.3	0
AC011005.4	0.022381249
AC011008.1	0
AC011008.2	0.164320567
AC011037.1	0.021458725
AC011092.1	0
AC011092.2	0
AC011095.1	0
AC011120.1	0.115134311
AC011124.1	0
AC011124.2	0
AC011131.1	0
AC011155.1	0
AC011193.1	0
AC011193.2	0
AC011195.1	0
AC011195.2	0.023478369
AC011196.1	0
AC011199.1	0.03205405
AC011225.1	0
AC011228.1	0
AC011233.1	0
AC011239.1	0.041006741
AC011239.2	0.498580279
AC011242.1	0.010340214
AC011243.1	0
AC011247.1	0.169315163
AC011247.2	0.102780844
AC011247.3	0.054427129
AC011257.1	0
AC011266.1	0
AC011270.1	0
AC011270.2	0
AC011284.1	0
AC011287.1	0
AC011287.2	0
AC011290.1	0.028922629
AC011290.2	0.407376807
AC011294.1	0.055772694
AC011297.1	0.56748665
AC011298.1	0
AC011298.2	0
AC011298.3	0
AC011306.1	0.103304825
AC011313.1	0.021810507
AC011330.1	0.022208287
AC011330.2	0.131996501
AC011333.1	0
AC011337.1	0.122735883
AC011352.1	0
AC011352.2	0
AC011352.3	0
AC011362.1	0
AC011363.1	0
AC011365.1	0.010328322
AC011365.2	0.325218892
AC011369.1	0
AC011369.2	0
AC011373.1	0.151569219
AC011374.1	0.19867465
AC011374.2	1.365851898
AC011377.1	0.130625109
AC011379.1	0.067291723
AC011379.2	0.604548888
AC011383.1	0.038813512
AC011389.1	0.015331586
AC011389.2	0.164026963
AC011389.3	0
AC011396.1	0
AC011396.2	0
AC011396.3	0
AC011405.1	0.045279712
AC011406.1	0
AC011410.1	0
AC011411.1	0.027337827
AC011416.1	0
AC011416.2	0.247737275
AC011431.1	0
AC011442.1	0.294441844
AC011443.1	0
AC011444.1	1.405395341
AC011444.2	0.359007868
AC011444.3	0.442115753
AC011444.4	0.315104429
AC011445.1	0.05461331
AC011445.2	0.968991655
AC011446.1	0.052288071
AC011446.2	0
AC011447.1	0
AC011447.2	0.084621684
AC011447.3	0.120259725
AC011447.4	0
AC011447.5	0
AC011447.6	0.073742684
AC011447.7	0.51962504
AC011448.1	0.278916922
AC011450.1	1.479709904
AC011451.1	1.271310215
AC011451.2	0.100116792
AC011452.1	0
AC011453.1	0
AC011453.2	0
AC011455.1	0.071273621
AC011455.2	0.012174853
AC011456.1	0
AC011458.1	0.077627023
AC011458.2	0.23138103
AC011461.1	0.436026857
AC011462.1	0.020381223
AC011462.2	0
AC011462.3	0.022174015
AC011462.4	0.746706264
AC011465.1	0.182530005
AC011466.1	0.169243368
AC011466.2	0.033353672
AC011466.3	0.035601491
AC011466.4	0.029675262
AC011467.1	0
AC011467.2	0
AC011467.3	0
AC011467.4	0.019726472
AC011467.5	0
AC011467.6	0
AC011468.1	0.798264554
AC011468.2	0.039979861
AC011468.3	0.108198509
AC011468.4	0.058552412
AC011468.5	0.400199475
AC011471.1	0
AC011471.2	0.045789554
AC011471.3	0
AC011472.1	1.073237932
AC011472.2	0.454486388
AC011472.3	0
AC011472.4	0.487738017
AC011472.5	0.141424823
AC011473.1	0
AC011473.2	0
AC011473.3	0.098754378
AC011473.4	0
AC011474.1	0
AC011474.2	0
AC011474.3	0
AC011474.4	0
AC011475.1	0
AC011476.1	0
AC011476.2	0.037683614
AC011476.3	0.610027497
AC011476.5	0
AC011477.1	0.902356629
AC011477.2	2.249181886
AC011477.3	0.772514084
AC011477.4	0.216278574
AC011477.5	0
AC011477.6	0.037282724
AC011477.7	0.141359348
AC011478.1	0
AC011479.1	0.372815863
AC011479.2	0.194022635
AC011479.3	0.088696062
AC011481.1	0.298519985
AC011481.2	0.477834416
AC011481.3	0.145554137
AC011483.1	0.022339493
AC011483.2	0
AC011483.3	0
AC011484.1	0.006001989
AC011487.1	0.042072974
AC011487.2	0
AC011487.3	0.079297803
AC011487.4	0
AC011491.1	0
AC011491.2	0.160724407
AC011491.3	0
AC011492.1	0
AC011494.1	0
AC011495.1	0.902148297
AC011495.2	0
AC011495.3	0
AC011497.1	0
AC011497.2	1.817644641
AC011498.1	0.143058164
AC011498.2	0
AC011498.3	0.063131643
AC011498.4	0.378544755
AC011498.5	0
AC011498.6	0.375653908
AC011498.7	0.419413789
AC011499.1	0.04121848
AC011500.1	0
AC011500.2	0
AC011500.3	0
AC011503.1	0.010724557
AC011503.2	0.111757038
AC011504.1	0
AC011506.1	0.039258912
AC011507.1	0
AC011509.1	0
AC011509.2	0
AC011510.1	0.460537243
AC011511.1	0.131770943
AC011511.2	0.234783692
AC011511.3	0.067458976
AC011511.4	0.019417246
AC011511.5	4.247987513
AC011516.1	0
AC011518.1	0
AC011523.1	0
AC011524.1	0.099783069
AC011524.2	0.030009946
AC011525.1	0
AC011525.2	0
AC011530.1	0.111515421
AC011551.1	0.035062865
AC011558.1	0
AC011586.1	0.078432107
AC011591.1	0.046231538
AC011592.1	0
AC011595.1	0.015901684
AC011595.2	0.037892305
AC011601.1	0.020752111
AC011602.1	0
AC011603.1	0.014271714
AC011603.2	0.058695923
AC011603.3	0
AC011603.4	0.043227322
AC011604.1	0
AC011604.2	0
AC011611.1	0
AC011611.2	0
AC011611.3	0.021043881
AC011611.4	0
AC011611.5	0.186445873
AC011611.6	0
AC011625.1	0.045528397
AC011626.1	0
AC011632.1	0.013263881
AC011632.2	0
AC011676.1	0.060322258
AC011676.2	0.041006741
AC011676.3	0.12218335
AC011676.4	0
AC011676.5	0.094531329
AC011700.1	0.013674117
AC011712.1	0
AC011718.1	0
AC011726.1	0.017898308
AC011726.2	0.023570804
AC011726.3	0.08432372
AC011731.1	0.246251276
AC011742.1	0.110359155
AC011742.2	0.408203465
AC011742.3	0.087614402
AC011747.1	0
AC011747.2	0.046231538
AC011752.1	0.011128223
AC011753.1	0
AC011753.2	0.019629456
AC011753.3	0
AC011753.4	0.924036139
AC011754.1	0
AC011755.1	0.058438108
AC011767.1	0.13279817
AC011773.1	0.025585402
AC011773.2	0
AC011773.3	0.047667071
AC011773.4	0.062202433
AC011815.1	0.254125754
AC011815.2	0.065172514
AC011815.3	0.835393138
AC011816.1	0
AC011816.2	0.129215485
AC011824.1	0
AC011824.2	0.027131348
AC011824.3	0
AC011824.4	0
AC011825.1	0
AC011825.2	0.281485693
AC011825.3	0
AC011825.4	0.126574718
AC011840.1	0
AC011840.2	0
AC011840.3	0
AC011840.4	0.038194476
AC011840.5	0
AC011840.6	0.019629456
AC011853.1	0.02637438
AC011853.2	0.015470243
AC011890.1	0.039518047
AC011890.2	0
AC011891.1	0
AC011891.2	0
AC011893.1	0.006430703
AC011894.1	0
AC011897.1	0
AC011899.1	0.292697003
AC011899.2	3.554691578
AC011899.3	1.397286415
AC011900.1	0
AC011904.1	0
AC011912.1	0.096713612
AC011921.1	0.183445197
AC011921.2	0
AC011921.3	0.066337775
AC011933.1	0.111906246
AC011933.2	0.034333959
AC011933.3	0.032188087
AC011933.4	0
AC011939.1	0.062105645
AC011939.2	0.055953123
AC011939.3	0
AC011944.1	0.674323478
AC011944.2	0.210377188
AC011978.1	0
AC011978.2	0.355604706
AC011979.1	0.272699071
AC011979.2	0
AC011990.1	0
AC011995.1	0
AC011995.2	0
AC011997.1	0.04641073
AC011998.1	0
AC011998.2	0
AC011998.3	0
AC011999.1	0
AC012005.1	0
AC012020.1	0.235598913
AC012038.1	0
AC012038.2	0
AC012044.1	0
AC012048.1	0
AC012050.1	0
AC012055.1	0
AC012055.2	0
AC012065.1	0
AC012065.2	0.063861164
AC012065.3	0.70916441
AC012065.4	0
AC012065.5	0.118086472
AC012066.1	0.05176067
AC012070.1	0
AC012073.1	0.421466393
AC012074.1	0.291240799
AC012075.1	0
AC012078.1	0
AC012081.1	0
AC012085.1	0.062608985
AC012085.2	0.079867413
AC012087.1	0
AC012100.1	0
AC012100.2	0.039388054
AC012100.3	0.020824293
AC012103.1	0.307024828
AC012119.1	0
AC012123.1	0.007208891
AC012123.2	0
AC012146.1	0.340237385
AC012146.2	0
AC012146.3	0.09774668
AC012146.4	0.044184385
AC012150.1	0
AC012150.2	0.044021942
AC012157.1	0.143400818
AC012158.1	0
AC012170.1	0.033353672
AC012170.2	0.753983012
AC012170.3	0.362847524
AC012173.1	0.250617941
AC012174.1	0.016770264
AC012175.1	0
AC012181.1	0.325472672
AC012181.2	0.677395878
AC012182.1	0
AC012183.1	0
AC012184.1	0
AC012184.2	0.013499401
AC012184.3	0.333492486
AC012186.1	0.030085348
AC012186.2	0.373020819
AC012186.3	0.049377189
AC012213.1	0
AC012213.2	0.010418941
AC012213.3	0.123284101
AC012213.4	0
AC012229.1	0.071987785
AC012236.1	0.383044412
AC012254.1	0.718438098
AC012254.2	0
AC012254.3	0.2601807
AC012254.4	0.04386069
AC012254.5	1.077156145
AC012291.1	0.027911348
AC012301.1	0
AC012306.1	0
AC012306.2	1.615535406
AC012307.1	0
AC012308.1	0
AC012309.1	0.014478801
AC012309.2	0
AC012312.1	0
AC012313.1	0.921613598
AC012313.10	0.206893621
AC012313.2	0.778204179
AC012313.3	0.173075909
AC012313.4	0.532176369
AC012313.5	0.82775943
AC012313.6	0.71237533
AC012313.7	0
AC012313.8	0.057631095
AC012313.9	0.22699466
AC012314.10	0
AC012317.1	0.022423162
AC012317.2	0
AC012321.1	0
AC012322.1	0.013907048
AC012339.1	0
AC012339.2	0
AC012349.1	0.202289263
AC012354.1	0.004459579
AC012354.2	0
AC012354.3	0
AC012355.1	0
AC012358.1	0.130720178
AC012358.2	0.659653763
AC012358.3	0.21720339
AC012360.1	0.017765532
AC012360.2	0.122495839
AC012360.3	0.482569323
AC012361.1	0
AC012362.1	0.016202934
AC012363.1	0
AC012363.2	0
AC012366.1	0
AC012368.1	0.688271313
AC012368.2	0.192438776
AC012368.3	0.054675654
AC012370.1	0.045184786
AC012370.2	0.01424342
AC012377.1	0.004948943
AC012378.1	0
AC012379.1	0
AC012379.2	0
AC012400.1	0
AC012404.1	0
AC012404.2	0.04978781
AC012409.1	0.143496291
AC012409.2	0
AC012409.3	0.500441081
AC012409.4	0.240441131
AC012409.5	0.020982421
AC012413.1	0.04614246
AC012414.1	0
AC012414.2	0
AC012414.3	0
AC012414.4	0
AC012414.5	0.022423162
AC012414.6	0
AC012414.7	0.007945566
AC012417.1	0.023049025
AC012433.1	0
AC012435.1	0.060135144
AC012435.2	0.165844436
AC012441.1	0
AC012441.2	0
AC012442.1	0.316891411
AC012442.2	0.281740431
AC012443.1	0
AC012445.1	0.019726472
AC012447.1	0.10534283
AC012451.1	0
AC012454.1	0
AC012456.1	0
AC012456.2	0
AC012462.1	0.014513901
AC012462.2	0
AC012462.3	0
AC012464.1	0.399132277
AC012464.2	0.092225687
AC012464.3	0.047498612
AC012467.1	0.514506451
AC012467.2	1.196006126
AC012468.1	0
AC012485.1	0.027703269
AC012485.2	0.276485947
AC012486.1	0.332610231
AC012488.1	0
AC012491.1	0
AC012493.1	0
AC012493.2	0
AC012493.3	0
AC012494.1	0
AC012497.1	0
AC012498.1	0
AC012498.2	0.064376174
AC012499.1	0
AC012501.1	0
AC012501.2	0
AC012506.1	0
AC012506.2	0
AC012506.3	0.013423731
AC012506.4	0
AC012507.1	0
AC012507.2	0.00528652
AC012507.3	0
AC012508.1	0
AC012508.2	0.008134489
AC012510.1	1.088542573
AC012511.1	1.040055153
AC012512.1	0.066707344
AC012513.1	0
AC012513.2	0
AC012513.3	1.386399922
AC012519.1	0
AC012531.1	0.004467899
AC012531.2	0
AC012531.3	0
AC012531.4	0
AC012531.5	0
AC012555.1	0.053296595
AC012555.2	0.028992659
AC012557.1	0.979866473
AC012557.2	0.315104429
AC012558.1	0
AC012568.1	0
AC012569.1	0.078569346
AC012572.1	0
AC012574.1	0
AC012574.2	0
AC012588.1	0
AC012593.1	0
AC012594.1	0
AC012603.1	0.249457673
AC012613.1	0.048674668
AC012613.2	0.005283022
AC012615.1	0.709773333
AC012615.2	0
AC012615.3	0
AC012615.4	0.276170603
AC012615.5	0
AC012615.6	0.814854404
AC012616.1	0
AC012617.1	0.062690934
AC012618.1	0.290630299
AC012618.2	0.380797579
AC012618.3	0.276261629
AC012625.1	0.038316699
AC012629.1	0
AC012629.2	0
AC012629.3	0
AC012629.4	0
AC012636.1	0.218516588
AC012640.1	0.017404024
AC012640.2	0.744220006
AC012640.3	0
AC012640.4	0.028174043
AC012640.5	0.112607852
AC012645.1	0.529757386
AC012645.2	0.043305491
AC012645.3	0.413404578
AC012645.4	0.056427749
AC012651.1	1.756352953
AC012653.1	0
AC012653.2	0.057018897
AC012668.1	0.052517405
AC012668.2	0
AC012668.3	0.029521618
AC012669.1	0
AC012671.1	0
AC012676.1	0.221171298
AC012676.2	0.193128521
AC012676.3	0.224980615
AC012676.4	0.041147657
AC012676.5	1.188209643
AC013244.1	0
AC013244.2	0
AC013244.3	0.030860743
AC013248.1	0
AC013262.1	0
AC013264.1	10.42129989
AC013267.1	0
AC013268.1	0.010717358
AC013268.2	0
AC013268.3	0.01030462
AC013269.1	0
AC013269.2	0
AC013270.1	0.054427129
AC013275.1	0.745148817
AC013286.1	0.031427738
AC013290.1	0
AC013355.1	0.016561505
AC013356.1	0.106152201
AC013356.2	0.542031487
AC013356.3	0.143523593
AC013356.4	0
AC013391.1	0
AC013391.2	0
AC013391.3	0
AC013394.1	0.116350347
AC013399.1	0
AC013400.1	0.021970584
AC013401.1	0
AC013402.1	0
AC013402.2	0
AC013402.3	0
AC013403.1	0
AC013403.2	0.598698415
AC013404.1	0.096176452
AC013410.1	0
AC013410.2	0
AC013412.1	0
AC013417.1	0
AC013429.1	0
AC013429.2	0
AC013436.1	0
AC013437.1	0
AC013439.1	0.01932844
AC013442.1	0
AC013444.1	0.031444244
AC013444.2	0.015214699
AC013448.1	0
AC013448.2	0
AC013451.1	0.046231538
AC013451.2	0.083500476
AC013452.1	0.040046717
AC013452.2	0.080578522
AC013457.1	0.509278573
AC013460.1	0.011090431
AC013467.1	0
AC013467.2	0
AC013468.1	0.200233584
AC013470.1	0.02591768
AC013470.2	0.626656956
AC013470.3	0
AC013470.4	0
AC013472.1	0.01401557
AC013472.2	0.078261231
AC013472.3	0.236208783
AC013474.1	0.044958579
AC013476.1	0.156085248
AC013476.2	0
AC013480.1	0.207641069
AC013488.1	0
AC013489.1	0.253900939
AC013489.2	0
AC013489.3	0.115802401
AC013509.1	0
AC013546.1	0.297226164
AC013549.1	0.148087947
AC013549.2	0.024486643
AC013549.3	0
AC013553.1	0
AC013553.2	0
AC013553.3	0.40886721
AC013553.4	0.038501506
AC013562.1	0
AC013562.2	0
AC013564.1	0
AC013565.1	0.12034139
AC013565.2	0
AC013565.3	0.092965592
AC013640.1	0
AC013643.1	0
AC013643.2	0.061510111
AC013643.3	0.129149119
AC013644.1	0.06953524
AC013652.1	0.147735574
AC013652.2	0
AC013701.1	0
AC013714.1	0.016029409
AC013724.1	0
AC013726.1	0.036681741
AC013727.1	0
AC013727.2	0
AC013731.1	0.081363318
AC013733.1	0
AC013733.2	0
AC013734.1	0
AC013762.1	0
AC013791.1	0
AC013799.1	0
AC013828.1	0
AC015468.1	0
AC015468.2	0
AC015468.3	0.028714552
AC015468.4	0.02108093
AC015522.1	0
AC015540.1	0
AC015563.1	0.051170805
AC015563.2	0.015510322
AC015574.1	0
AC015656.1	0.023425874
AC015660.1	0.030313844
AC015660.2	0.111213328
AC015660.3	0.423322112
AC015660.4	0.096408763
AC015660.5	0
AC015674.1	0
AC015688.1	0
AC015688.2	0
AC015688.3	0
AC015688.4	0
AC015688.5	0.049208089
AC015688.6	0
AC015688.7	0
AC015689.1	0.051835361
AC015689.2	0
AC015712.1	0.170015777
AC015712.2	0.461893359
AC015712.3	0
AC015712.4	0
AC015712.5	0
AC015712.6	0.018901292
AC015712.7	0.131996501
AC015720.1	0
AC015720.2	0
AC015722.1	0
AC015722.2	0.1086567
AC015726.1	2.59035704
AC015726.2	0.294441844
AC015726.3	0
AC015727.1	0.350799853
AC015743.1	0.015061595
AC015771.1	0
AC015795.1	0.041648585
AC015799.1	0.115060554
AC015802.1	0.214853814
AC015802.2	0.06335433
AC015802.3	0.462153163
AC015802.4	0.240441131
AC015802.5	0.270089511
AC015804.1	0
AC015813.1	1.262911661
AC015813.2	0
AC015813.3	0.003917542
AC015813.4	0.133787355
AC015813.5	0.482438617
AC015813.6	1.206055692
AC015813.7	0.185483158
AC015818.1	0
AC015818.2	0.014254724
AC015818.3	0.518493891
AC015818.4	0
AC015818.5	0
AC015818.6	0
AC015818.7	0
AC015818.8	0
AC015818.9	0
AC015819.1	0.595989373
AC015819.2	0.172597741
AC015819.3	0
AC015845.1	0.026087077
AC015845.2	0
AC015849.1	0.031719121
AC015849.2	0
AC015849.3	1.594893319
AC015849.4	0.05688346
AC015849.5	0.002082791
AC015849.6	0.050523073
AC015853.1	0.060678893
AC015853.2	0.048575936
AC015853.3	0.150300857
AC015871.1	0
AC015871.2	0
AC015871.3	3.039830963
AC015871.4	0.005298216
AC015871.5	0
AC015878.1	0
AC015878.2	0
AC015883.1	0.011546739
AC015908.1	0.025155396
AC015908.2	0.04641073
AC015908.3	0.636236361
AC015908.4	0
AC015908.5	0.069819057
AC015909.1	0.028543429
AC015909.2	0
AC015909.3	0
AC015909.4	0
AC015909.5	0.147957243
AC015910.1	0.027760359
AC015911.1	0.153512414
AC015911.2	0
AC015911.3	0.465419263
AC015911.4	0
AC015911.5	0
AC015911.6	0.052402487
AC015911.7	0.824928923
AC015911.8	0.705608847
AC015911.9	0
AC015912.1	0
AC015912.2	0.066154521
AC015912.3	0.206447729
AC015914.1	0.513808341
AC015914.2	0.083152558
AC015917.1	0
AC015917.2	0.048575936
AC015920.1	0.004887334
AC015921.1	0.023515256
AC015922.1	0.008752901
AC015922.2	0.065075915
AC015922.3	10.35213398
AC015922.4	9.093274481
AC015923.1	0.018253
AC015936.1	0
AC015936.2	0
AC015959.1	0
AC015961.1	0.152211462
AC015961.2	0.563681818
AC015967.1	0.125776978
AC015967.2	0
AC015969.1	0.025368577
AC015971.1	0.083734044
AC015977.1	0.041006741
AC015977.2	0.06335433
AC015982.1	0.437757981
AC015983.1	0
AC015983.2	0.050737154
AC015987.1	0.253180922
AC016026.1	0.030432914
AC016027.1	0.107149605
AC016027.2	0
AC016027.3	0
AC016027.4	0
AC016027.5	0.114037793
AC016044.1	0
AC016065.1	0.559111676
AC016065.2	0.080905191
AC016074.1	0
AC016134.1	0.016888531
AC016144.1	0
AC016152.1	0
AC016168.1	0
AC016168.2	0.012357036
AC016168.3	0
AC016180.1	0
AC016182.1	0
AC016205.1	0.012912259
AC016229.1	0
AC016229.2	0.287145523
AC016245.1	0.007474387
AC016251.1	0.005704606
AC016251.2	0
AC016252.1	0.176830756
AC016256.1	0
AC016257.1	0.112080827
AC016266.1	0
AC016292.1	0.101906113
AC016292.2	0
AC016304.1	0
AC016355.1	0.257756656
AC016382.1	0
AC016383.1	0
AC016394.1	0.929893283
AC016394.2	0.573752648
AC016395.1	0.042687944
AC016396.1	0.146024004
AC016396.2	0
AC016397.1	0
AC016397.2	0.024128903
AC016405.1	0.105860231
AC016405.2	0.153512414
AC016405.3	0.153155409
AC016493.1	0.017404024
AC016526.1	0
AC016526.2	0.092107449
AC016526.3	0.012184145
AC016542.1	0.364319522
AC016542.2	0.077376209
AC016542.3	0.038688104
AC016546.1	0.051723405
AC016550.1	0
AC016550.2	0
AC016550.3	0
AC016553.1	0
AC016556.1	0
AC016559.1	0.060170695
AC016559.2	0
AC016573.1	0
AC016575.1	0
AC016576.1	0
AC016582.1	0.120396391
AC016582.2	0.133787355
AC016582.3	0.549102097
AC016583.1	0.083734044
AC016586.1	0.385127636
AC016588.1	0
AC016590.1	0.081807047
AC016590.2	0.44702815
AC016590.3	0.763280848
AC016595.1	0
AC016596.1	0.21970584
AC016596.2	4.451860011
AC016597.1	0.041119397
AC016597.2	0
AC016598.1	0
AC016598.2	0
AC016612.1	0
AC016629.1	0
AC016629.2	0.021382086
AC016632.1	0
AC016642.1	0.017179295
AC016644.1	0.027589789
AC016650.1	0
AC016651.1	0
AC016683.1	0.08919157
AC016687.1	0.03392059
AC016687.2	0
AC016687.3	0
AC016691.1	0
AC016694.1	0
AC016696.1	0
AC016700.1	0
AC016700.2	0.383781035
AC016700.3	0.053455216
AC016705.1	0.018996248
AC016705.2	0.389719559
AC016708.1	0.079523509
AC016710.1	0
AC016712.1	0.380125978
AC016716.1	0
AC016716.2	0
AC016717.1	0.460537243
AC016717.2	1.467340991
AC016717.3	0
AC016722.1	0.036729964
AC016722.2	0.208810346
AC016722.3	0.106953838
AC016723.1	0.01298695
AC016724.1	0
AC016727.1	0.689280906
AC016727.2	0
AC016730.1	0
AC016734.1	0.256323481
AC016734.2	0
AC016735.1	0.101046146
AC016735.2	0
AC016737.1	0.078481066
AC016737.2	0.066893678
AC016738.1	0.027486871
AC016738.2	0.02550366
AC016739.1	4.442515777
AC016745.1	0.424274468
AC016745.2	0.03825549
AC016746.1	0
AC016747.1	1.652245868
AC016747.2	0.121906917
AC016747.3	0.121102081
AC016747.4	0.11255357
AC016751.1	0
AC016751.2	0
AC016757.1	0.107131169
AC016766.1	0
AC016769.1	0
AC016769.2	0
AC016769.3	0
AC016769.4	0
AC016772.1	0.009495613
AC016773.1	0.298602701
AC016813.1	0.04887334
AC016820.1	0.041360858
AC016822.1	0
AC016825.1	0
AC016831.1	0.589743718
AC016831.2	0
AC016831.3	0.027797953
AC016831.4	0
AC016831.5	0.047943817
AC016831.6	0.007893189
AC016866.1	0.781305974
AC016866.2	0.023852527
AC016866.3	0.167702637
AC016868.1	0
AC016876.1	4.153540991
AC016876.2	0.372479313
AC016876.3	0.224863255
AC016877.1	0.025805966
AC016877.2	0
AC016877.3	0.023757874
AC016885.1	0
AC016885.2	0.458772732
AC016885.3	0.13923219
AC016888.1	0.99606462
AC016894.1	0.077003012
AC016903.1	0
AC016903.2	0
AC016907.1	0
AC016907.2	0.031226565
AC016908.1	0
AC016909.1	0
AC016909.2	0.055985825
AC016910.1	0.080131719
AC016911.1	0
AC016912.1	0.007118887
AC016924.1	0.316293502
AC016925.1	0
AC016925.2	0
AC016930.1	0
AC016933.1	0
AC016949.1	0.288120964
AC016954.1	0
AC016956.1	0
AC016957.1	0
AC016957.2	1.002537441
AC016968.1	0
AC016987.1	0.071987785
AC016987.2	0.102341609
AC016991.1	0
AC016993.1	0
AC016994.1	0
AC016999.1	0.079473241
AC016999.2	0.021535914
AC017002.1	0.16309605
AC017002.2	0.030237294
AC017002.3	0.094283215
AC017002.4	0
AC017002.5	0
AC017006.1	0.065791035
AC017006.2	0.051611932
AC017007.1	0
AC017007.2	0
AC017007.3	0
AC017007.4	0
AC017007.5	0.013700193
AC017013.1	0
AC017015.1	0.042310842
AC017015.2	0.063691321
AC017019.1	0
AC017033.1	0.084561923
AC017035.1	0.02147797
AC017037.1	0
AC017037.2	0.013453897
AC017037.3	0
AC017037.4	0
AC017048.1	0
AC017048.2	0
AC017048.3	0.014728128
AC017053.1	0
AC017067.1	0.053574802
AC017071.1	0.038029845
AC017074.1	0.469567385
AC017074.2	0
AC017076.1	0.124297249
AC017078.1	0.032537957
AC017079.1	0
AC017079.2	0
AC017081.1	0
AC017083.1	0.036692446
AC017083.2	0
AC017083.3	0.010580826
AC017091.1	0
AC017099.1	0
AC017100.1	0.174129565
AC017100.2	0
AC017101.1	0.041940344
AC017104.1	1.252130687
AC017104.2	0
AC017104.3	0.02108093
AC017116.1	0
AC018358.1	0.017081267
AC018359.1	0
AC018362.1	0
AC018362.2	0
AC018371.1	0
AC018371.2	0.026229942
AC018410.1	0.067018479
AC018410.2	0.176665106
AC018413.1	0.343832543
AC018437.1	0
AC018437.2	0.03078141
AC018442.1	0.029048928
AC018442.2	0.018478346
AC018442.3	0
AC018445.1	0.02108093
AC018445.2	0.138161173
AC018445.3	0.049250255
AC018445.4	0.057491773
AC018448.1	0
AC018448.2	0
AC018450.1	0.112356271
AC018450.2	0
AC018462.1	0.182609538
AC018462.2	0
AC018463.1	0.039173288
AC018464.1	0
AC018467.1	0.023386657
AC018470.1	0
AC018475.1	0.309005634
AC018495.1	0
AC018511.1	0.031510443
AC018511.2	0.06335433
AC018512.1	0
AC018521.1	0
AC018521.2	0
AC018521.3	0.014673981
AC018521.4	0
AC018521.5	0.692847443
AC018521.6	1.75141626
AC018521.7	0.004090867
AC018523.1	0.070159971
AC018523.2	0
AC018529.1	0.36485776
AC018529.2	0.505780421
AC018529.3	0.015936959
AC018541.1	0
AC018552.1	0.044293348
AC018552.2	0.104250968
AC018552.3	0.107679571
AC018553.1	0.558456684
AC018554.1	0
AC018554.2	0
AC018554.3	0
AC018557.1	0
AC018557.2	0.044678986
AC018558.1	0
AC018558.2	0
AC018558.3	0
AC018558.4	0
AC018563.1	0
AC018607.1	0.035583858
AC018616.1	0.021930345
AC018618.1	0
AC018618.2	0
AC018620.1	0.094780752
AC018628.1	0.438951444
AC018629.1	0.26900044
AC018630.1	0.124728837
AC018630.2	0.081405223
AC018634.1	0
AC018635.1	0
AC018635.2	0
AC018638.1	3.084203957
AC018638.2	11.20145422
AC018638.3	0.090711881
AC018638.4	5.060303127
AC018638.5	7.178028745
AC018638.6	0.179562271
AC018638.7	0.816895504
AC018638.8	4.048138751
AC018639.1	0
AC018641.1	0
AC018643.1	0
AC018644.1	0.434626799
AC018645.1	0
AC018645.2	5.251295422
AC018647.1	0.706081669
AC018647.2	2.893709007
AC018648.1	0.197176125
AC018653.1	0.110359155
AC018653.2	0
AC018653.3	0.822639044
AC018659.1	0
AC018659.2	0.150721279
AC018665.1	1.731917589
AC018680.1	0
AC018682.1	0.189187123
AC018682.2	0.030009946
AC018685.1	0
AC018685.2	0
AC018690.1	1.721497041
AC018692.1	0
AC018692.2	0
AC018692.3	0
AC018693.1	0
AC018693.2	0
AC018695.1	0
AC018695.2	0.024044113
AC018695.3	0
AC018695.4	0.53874168
AC018695.5	0
AC018695.6	0.067269485
AC018695.7	0
AC018697.1	0.079123139
AC018709.1	0
AC018710.1	0
AC018712.1	0
AC018714.1	0
AC018716.1	0
AC018716.2	0.004610692
AC018717.1	0
AC018730.1	0
AC018730.2	0
AC018731.1	0
AC018735.1	0.007972016
AC018737.1	0
AC018737.2	0.015838582
AC018738.1	18.64517922
AC018742.1	0.271518556
AC018752.1	0.523134538
AC018755.1	0.010130261
AC018755.2	0.005183536
AC018755.3	0.162689787
AC018755.4	3.37592058
AC018761.1	0
AC018761.2	0
AC018761.3	0.216025201
AC018761.4	0
AC018765.1	0
AC018766.1	0.420573267
AC018767.1	0
AC018767.2	0
AC018767.3	0
AC018781.1	0.043027607
AC018797.1	0.187826954
AC018797.2	1.057723135
AC018797.3	0.01929729
AC018804.1	0.251879592
AC018809.1	0.108263728
AC018809.2	1.061777467
AC018814.1	0
AC018816.1	0.641291668
AC018816.2	0.03392059
AC018832.1	0.042310842
AC018845.1	0
AC018845.2	0
AC018845.3	0.185642919
AC018846.1	0
AC018861.1	0
AC018861.2	0
AC018865.1	0
AC018865.2	0
AC018866.1	0
AC018868.1	0.380125978
AC018868.2	0.028532093
AC018878.1	0
AC018880.1	0
AC018880.2	0
AC018889.1	0.030161129
AC018892.1	0
AC018892.2	0
AC018892.3	0.004791504
AC018904.1	2.518509939
AC018904.2	0
AC018926.1	0.385369095
AC018926.2	0.5530146
AC018926.3	0.85528345
AC018943.1	0
AC018946.1	0.078432107
AC018946.2	0.019406756
AC018953.1	0
AC018980.1	0
AC018992.1	0.005571879
AC019055.1	0
AC019064.1	0
AC019068.1	0
AC019069.1	1.446218227
AC019070.1	0
AC019072.1	0.00772016
AC019077.1	0.060322258
AC019080.1	0.365681085
AC019080.2	0.091172348
AC019080.3	0.215747177
AC019080.4	0.106152201
AC019080.5	0.427076809
AC019084.1	0.110870077
AC019097.1	0.276948927
AC019103.1	0
AC019109.1	0
AC019117.1	2.08475341
AC019117.2	0.572232655
AC019118.1	0.027526364
AC019118.2	0
AC019129.1	0.091754546
AC019129.2	0
AC019130.1	0
AC019131.1	0.038501506
AC019131.2	1.486423652
AC019133.1	0
AC019155.1	0.041721144
AC019155.2	0
AC019155.3	0
AC019159.1	0
AC019163.1	0.019629456
AC019171.1	0.136067822
AC019176.1	0
AC019176.2	0.038012598
AC019178.1	0
AC019178.2	0
AC019181.1	0.347631338
AC019183.1	0
AC019185.1	0
AC019185.2	0
AC019185.3	0
AC019186.1	0.10985292
AC019193.1	0
AC019193.2	0.623250716
AC019193.3	0.151295628
AC019197.1	0.059750341
AC019205.1	0.282269223
AC019206.1	0.028174043
AC019209.1	0
AC019209.2	0
AC019209.3	0.015510322
AC019211.1	0
AC019226.1	0.186003391
AC019226.2	0.028240491
AC019227.1	0.070435108
AC019235.1	0
AC019254.1	0.267135776
AC019254.2	0
AC019257.1	0.134036959
AC019257.2	0.048184983
AC019270.1	0
AC019278.1	0
AC019288.1	0
AC019294.1	0
AC019294.2	0.009621509
AC019294.3	0.004121848
AC019322.1	0
AC019322.2	0
AC019322.3	0
AC019322.4	0.003046811
AC019330.1	0
AC019349.1	0
AC020549.1	0
AC020549.2	0
AC020550.1	0
AC020551.1	0
AC020558.1	0.028174043
AC020558.2	0.497032647
AC020558.3	0.021093309
AC020559.1	0.164308313
AC020571.1	0.566285993
AC020593.1	0
AC020594.1	0.247981592
AC020595.1	0
AC020604.1	0.144264678
AC020611.1	0
AC020611.2	0.01784496
AC020612.1	0.154931198
AC020612.2	0
AC020612.3	0.147048734
AC020629.1	0.00725695
AC020633.1	0.04795982
AC020634.1	0.152673549
AC020636.1	0
AC020636.2	0
AC020637.1	0
AC020651.1	0
AC020656.1	0
AC020656.2	0.029320322
AC020658.1	0.012765425
AC020658.2	0.002978599
AC020658.3	0
AC020658.4	0.017505802
AC020658.5	1.056526615
AC020658.6	0.051225533
AC020658.7	0
AC020659.1	0.111446735
AC020659.2	0
AC020661.1	0.294813614
AC020661.2	0
AC020661.3	0.21553143
AC020661.4	0.012916902
AC020663.1	0.129215485
AC020663.2	0.116413581
AC020663.3	0.065851338
AC020687.1	0
AC020688.1	0.028783578
AC020699.1	0
AC020703.1	0
AC020704.1	0
AC020718.1	0
AC020719.1	0
AC020728.1	0.009847013
AC020741.1	0
AC020743.1	0
AC020743.2	0
AC020743.3	0.033261023
AC020763.1	0.239044739
AC020763.2	0
AC020763.3	0.090711881
AC020763.4	0.169415859
AC020763.5	0
AC020765.1	0.036506001
AC020765.2	0.221740154
AC020765.3	0
AC020765.4	0.059869842
AC020779.1	0.030085348
AC020779.2	0.030468113
AC020891.1	0.756975008
AC020891.2	0
AC020891.3	0
AC020891.4	0.386257042
AC020892.1	0
AC020892.2	0
AC020893.1	0
AC020893.2	0.099369032
AC020895.1	0
AC020895.2	0
AC020897.1	0.042687944
AC020898.1	1.141102443
AC020899.1	0.039780626
AC020900.1	0.021192864
AC020904.1	0.032850393
AC020904.2	0.179333627
AC020904.3	0
AC020905.1	0
AC020907.1	0.008869606
AC020907.2	0.016291113
AC020907.3	0.127157186
AC020907.4	1.798371666
AC020907.5	0.037109406
AC020908.1	0
AC020908.2	0.059130708
AC020908.3	0.019629456
AC020909.1	0
AC020909.2	0
AC020909.3	0
AC020910.1	0
AC020910.2	0.039258912
AC020910.3	0.027400385
AC020910.4	1.840443277
AC020910.5	1.187766293
AC020910.6	0.032827877
AC020911.1	0.103581041
AC020911.2	0.551727058
AC020913.1	0.14513901
AC020913.2	0.038073031
AC020913.3	0.383166986
AC020914.1	0
AC020914.2	0
AC020914.3	0
AC020915.1	0.110476642
AC020915.2	0.348333623
AC020915.3	1.154064154
AC020915.4	0
AC020916.1	24.82539765
AC020916.2	0.166305115
AC020917.1	0.093860894
AC020917.2	0.02986027
AC020917.3	0.049822337
AC020917.4	0.563058039
AC020922.1	0.003915621
AC020922.2	0
AC020922.3	0.809939355
AC020922.4	0
AC020923.1	0.026115525
AC020928.1	1.02565864
AC020928.2	0.01752288
AC020928.3	0.01090029
AC020931.1	0.088959646
AC020934.1	0
AC020934.2	0.026258702
AC020937.1	0
AC020951.1	0.210902128
AC020978.1	0.055953123
AC020978.2	0.19549336
AC020978.3	0.468546586
AC020978.4	0.741352634
AC020978.5	0
AC020978.6	0.010087589
AC020978.7	0.170377444
AC020978.8	0
AC020978.9	0.898933271
AC020980.1	0.026144036
AC020983.1	0.022051507
AC021001.1	0.145580162
AC021006.1	0
AC021006.2	0
AC021006.3	0
AC021016.1	0.144264678
AC021016.2	2.37374567
AC021016.3	0.125513295
AC021028.1	0.380443809
AC021035.1	0
AC021054.1	7.238653927
AC021066.1	0.018506906
AC021074.1	0.283743325
AC021074.2	0
AC021074.3	0
AC021078.1	2.757784039
AC021086.1	0.041940344
AC021087.1	0.573465915
AC021087.2	0.129394504
AC021087.3	0.070655141
AC021087.4	0
AC021088.1	0.044623484
AC021092.1	0.020597423
AC021097.1	0
AC021106.1	0.701688124
AC021106.2	0.033729488
AC021106.3	0.496096615
AC021127.1	0
AC021146.1	0
AC021146.10	0
AC021146.11	0.024386901
AC021146.12	0.376539884
AC021146.2	0.021535914
AC021146.3	0.046053724
AC021146.4	0.042917449
AC021146.5	0
AC021146.6	0
AC021146.7	0
AC021146.8	0
AC021146.9	0
AC021148.1	0.137798545
AC021151.1	0
AC021171.1	0.050880885
AC021171.2	0.011087008
AC021180.1	0.021458725
AC021188.1	0.145629344
AC021192.1	0.01513776
AC021193.1	0
AC021205.1	0
AC021205.2	0
AC021205.3	0.245224629
AC021218.1	0.05193756
AC021220.1	0
AC021224.1	0.139719583
AC021231.1	0.02676744
AC021231.2	0.114818874
AC021231.3	0.064724153
AC021237.1	0
AC021242.1	0
AC021242.2	0
AC021242.3	0.052174154
AC021269.1	0
AC021269.2	0
AC021321.1	0.129099389
AC021351.1	0
AC021355.1	0
AC021382.1	0.090908653
AC021393.1	0
AC021422.1	0.126574718
AC021439.1	0
AC021443.1	0.056748665
AC021451.1	0
AC021483.1	0.155506082
AC021483.2	0.149160258
AC021491.1	0.171546824
AC021491.2	0.027029274
AC021491.3	0
AC021491.4	0.414179238
AC021504.1	0.002311577
AC021506.1	0
AC021506.2	0
AC021517.1	0.01377902
AC021534.1	0
AC021546.1	0.09291149
AC021549.1	0.248881558
AC021594.1	0
AC021594.2	0.022721002
AC021613.1	0
AC021646.1	0
AC021660.1	0
AC021660.2	0.030860743
AC021678.1	0.012792701
AC021678.2	0.026998801
AC021678.3	0
AC021683.1	0.074540833
AC021683.2	0.014145267
AC021683.3	0.005191402
AC021683.4	0
AC021698.1	0
AC021713.1	0
AC021723.1	0.046500848
AC021733.1	0.036842979
AC021733.2	0
AC021736.1	0
AC021739.1	0.06881591
AC021739.2	1.192428379
AC021739.3	0.098032489
AC021739.4	0.231482691
AC021739.5	0.242388022
AC021744.1	0.021810507
AC021749.1	0
AC021752.1	0.053835751
AC021755.1	0
AC021755.2	0.235598913
AC021755.3	0.052517405
AC021766.1	0.048477604
AC021785.1	0
AC021818.1	0.021890253
AC021818.2	0
AC021820.1	0
AC021851.1	0.254529825
AC021860.1	0
AC021876.1	0
AC021915.1	0
AC021915.2	0
AC021945.1	0.029027802
AC021979.1	0
AC021979.2	0
AC022001.1	0.044678986
AC022001.2	0.082579092
AC022001.3	0.321448814
AC022007.1	0.661806381
AC022017.1	0
AC022018.1	0.347791611
AC022022.1	0.067269485
AC022022.2	0
AC022028.1	0
AC022028.2	0
AC022031.1	0
AC022031.2	0
AC022034.1	0
AC022034.2	0.506648847
AC022034.3	0.050100286
AC022034.4	0.204246794
AC022035.1	0
AC022039.1	0
AC022069.1	0
AC022075.1	0.275020473
AC022075.2	0
AC022075.3	0.073799496
AC022079.1	0.099451564
AC022079.2	0.190398789
AC022080.1	0
AC022080.2	0
AC022080.3	0.024842258
AC022081.1	0
AC022087.1	0
AC022092.1	0.071273621
AC022098.1	0.928302
AC022098.2	0.254273458
AC022098.3	0.114037793
AC022098.4	0.102050866
AC022101.1	0.95157364
AC022106.1	0.015631812
AC022106.2	0
AC022107.1	1.006215824
AC022113.1	0.042917449
AC022113.2	0.017008478
AC022118.1	0
AC022121.1	0.103402144
AC022126.1	0.121153136
AC022133.1	0
AC022137.1	0
AC022137.2	0
AC022140.1	0
AC022140.2	0
AC022144.1	0.227353829
AC022145.1	0
AC022145.2	0
AC022146.1	0
AC022146.2	0.344079549
AC022148.1	0.025655886
AC022148.2	0
AC022149.1	0
AC022150.1	0
AC022150.2	1.078400872
AC022150.3	0.081640693
AC022150.4	0.407821252
AC022154.1	0.153050723
AC022164.1	0.465878303
AC022165.1	0.060271653
AC022166.1	0
AC022166.2	0
AC022167.1	0
AC022167.2	0.457748221
AC022167.3	0
AC022167.4	0.024044113
AC022173.1	0.020752111
AC022182.1	0.043925049
AC022182.2	0.125454848
AC022182.3	0.055255968
AC022188.1	0.014391789
AC022196.1	0
AC022201.1	0
AC022201.2	0
AC022202.1	0
AC022206.1	0
AC022210.1	0.105697072
AC022211.1	0.484302763
AC022211.2	0.440672359
AC022211.3	0.568763495
AC022211.4	0.188391912
AC022215.1	0
AC022217.1	0.146024004
AC022217.2	0.177580038
AC022217.3	0.170084777
AC022217.4	0
AC022239.1	0
AC022240.1	0
AC022254.1	0
AC022272.1	0.385262815
AC022274.1	0
AC022294.1	0
AC022296.1	0
AC022296.2	0.118554142
AC022296.3	0.05942416
AC022306.1	0.038328964
AC022306.2	1.70263537
AC022306.3	0.174166812
AC022325.1	0.021780752
AC022335.1	0
AC022336.1	0.10659319
AC022336.2	0
AC022336.3	0.030145942
AC022360.1	0
AC022364.1	0.548660571
AC022364.2	0.021613661
AC022367.1	0
AC022382.1	0.178184052
AC022384.1	0
AC022387.1	0.015080565
AC022387.2	0
AC022390.1	0.993232394
AC022392.1	0.032188087
AC022395.1	0.051686194
AC022398.1	0.070435108
AC022400.1	0.726510437
AC022400.2	0
AC022400.3	0.018856643
AC022400.4	0.20933511
AC022400.5	0.602716525
AC022400.6	0.041161802
AC022400.7	2.693174101
AC022400.8	0.232891854
AC022400.9	0.04386069
AC022404.1	0.08772138
AC022405.1	0.023205365
AC022413.1	0.365060009
AC022415.1	0.536736879
AC022417.1	0.266496608
AC022418.1	0
AC022424.1	0
AC022424.2	0
AC022431.1	0.134036959
AC022432.1	0.463508451
AC022441.1	0
AC022441.2	0
AC022441.3	0
AC022445.1	0.176087769
AC022447.1	0
AC022447.2	0.022051507
AC022447.3	0
AC022447.4	0
AC022447.5	0
AC022447.6	0
AC022447.7	0.027526364
AC022467.1	0.079933033
AC022469.1	0
AC022469.2	0
AC022483.1	0
AC022486.1	0
AC022493.1	0
AC022493.2	0.024893905
AC022494.1	0
AC022497.1	2.183278426
AC022498.1	0
AC022498.2	0.052748759
AC022507.1	0
AC022509.1	0.01061522
AC022509.2	0.993548157
AC022509.3	0.478378879
AC022509.4	0.20933511
AC022511.1	0
AC022513.1	0
AC022517.1	0
AC022523.1	0
AC022523.2	0
AC022523.3	0
AC022532.1	0.256387053
AC022535.1	0
AC022537.1	0
AC022540.1	0.038939734
AC022558.1	0.58023635
AC022558.2	0.015880595
AC022558.3	0.452504616
AC022559.1	0
AC022568.1	0
AC022596.1	0
AC022601.1	0
AC022613.1	0.468280193
AC022613.2	0.767456273
AC022613.3	0.275774902
AC022616.1	0
AC022616.2	0
AC022616.3	0
AC022616.4	0
AC022616.5	0
AC022616.6	0
AC022616.7	0
AC022616.8	0
AC022634.1	0
AC022634.2	0
AC022639.1	0
AC022655.1	0
AC022655.2	0
AC022662.1	0
AC022679.1	0
AC022679.2	0
AC022690.1	0
AC022690.2	0
AC022695.1	0
AC022695.2	0
AC022695.3	0
AC022706.1	1.073296879
AC022709.1	0.13763182
AC022710.1	0.006723171
AC022726.1	0
AC022730.1	0.02108093
AC022730.2	0
AC022730.3	0.016268979
AC022730.4	0.13658519
AC022733.1	0.064811736
AC022733.2	0.135299077
AC022743.1	0
AC022748.1	0
AC022748.2	0.004837967
AC022748.3	0.043541703
AC022762.1	0
AC022762.2	0.265498189
AC022778.1	0.043941168
AC022784.1	0.054738141
AC022784.2	0
AC022784.3	0.223186734
AC022784.4	0
AC022784.5	0
AC022784.6	0.011831984
AC022784.7	0.202325117
AC022784.8	0.064261011
AC022790.1	0
AC022795.1	0.099783069
AC022796.1	0
AC022809.1	0
AC022816.1	0.014892995
AC022819.1	0.033686356
AC022826.1	0.014874495
AC022826.2	0.015430372
AC022832.1	0
AC022858.1	0.036767559
AC022861.1	0
AC022868.1	0.459359398
AC022872.1	0.015331586
AC022874.1	0
AC022878.1	0
AC022880.1	0
AC022880.2	0
AC022882.1	0
AC022884.1	0
AC022893.1	0.421737402
AC022893.2	0.061758938
AC022893.3	0.05480077
AC022898.1	0.01219345
AC022898.2	0.036506001
AC022903.1	0.025530849
AC022905.1	0.003928467
AC022915.1	0
AC022915.2	0.045432426
AC022915.3	0
AC022916.1	0.927620857
AC022916.2	0
AC022916.3	0.032274847
AC022916.4	0
AC022919.1	0.03825549
AC022929.1	0
AC022929.2	0.016888531
AC022960.1	0.06881591
AC022960.2	0
AC022960.3	0.027151856
AC022966.1	0
AC022968.1	0.189632982
AC022973.1	0.083297171
AC022973.2	0.109052535
AC022973.3	0
AC022973.4	0.30032854
AC023024.1	0.203418767
AC023024.2	0.276368561
AC023034.1	0.01101561
AC023034.2	0.150932374
AC023043.1	1.022407803
AC023043.2	0.011670534
AC023043.3	0.217708515
AC023043.4	0.560029698
AC023050.1	0
AC023050.2	0
AC023050.3	0
AC023050.4	0
AC023051.1	0.013668914
AC023051.2	0.026030366
AC023055.1	0.118133073
AC023078.1	0.012577698
AC023078.2	0
AC023078.3	0
AC023078.4	0
AC023078.5	0
AC023078.6	0
AC023078.7	0
AC023090.1	0.047705053
AC023090.2	0.062423531
AC023115.1	0.041721144
AC023128.1	0
AC023128.2	0.009790653
AC023136.1	0
AC023137.1	0.077753041
AC023141.1	0
AC023141.10	0
AC023141.11	0
AC023141.12	0
AC023141.13	0
AC023141.2	0
AC023141.3	0
AC023141.4	0
AC023141.5	0
AC023141.6	0
AC023141.7	0
AC023141.8	0
AC023141.9	0
AC023154.1	0.017317723
AC023157.1	0.089357972
AC023157.2	0
AC023157.3	0.682424439
AC023158.1	0
AC023158.2	0.022051507
AC023161.1	0
AC023161.2	0.046053724
AC023162.1	0
AC023194.1	0
AC023194.2	0
AC023194.3	0
AC023200.1	0
AC023202.1	0
AC023206.1	0
AC023232.1	0.252083543
AC023245.1	0
AC023245.2	0
AC023271.1	0.10985292
AC023274.1	0
AC023274.2	0
AC023300.1	0
AC023300.2	1.369571538
AC023300.3	0.002382879
AC023301.1	0
AC023302.1	0.170361338
AC023310.1	0
AC023310.2	0
AC023310.3	0
AC023310.4	0
AC023347.1	0
AC023347.2	0
AC023355.1	0.038133657
AC023389.1	0.103940697
AC023389.2	0.050152747
AC023394.1	0
AC023394.2	0
AC023403.1	0
AC023421.1	0.140870215
AC023421.2	0.131042061
AC023424.1	0.026087077
AC023424.2	0.092463076
AC023442.1	0
AC023442.2	0
AC023442.3	0
AC023449.1	0.077753041
AC023449.2	1.31214736
AC023469.1	0
AC023469.2	0
AC023481.1	0
AC023490.1	0
AC023490.2	0
AC023490.3	0
AC023509.1	0.06859689
AC023509.2	0.145960432
AC023509.3	0.881355288
AC023509.4	1.668630422
AC023509.5	0.044512893
AC023510.1	0.02443667
AC023510.2	0.529679563
AC023511.1	0
AC023511.2	0
AC023512.1	0.023995928
AC023513.1	0
AC023538.1	0.016268979
AC023575.1	0
AC023590.1	0.029620206
AC023595.1	0
AC023632.1	0.063861164
AC023632.2	0.167327673
AC023632.3	0
AC023632.4	0
AC023632.5	0.073160702
AC023632.6	0.599523448
AC023644.1	0.090320882
AC023669.1	0.388468437
AC023669.2	0.551103144
AC023762.1	0
AC023790.1	0
AC023790.2	0.084709722
AC023794.1	0.048600582
AC023794.2	0.237696641
AC023794.3	0
AC023794.4	0.03195899
AC023794.5	0.094758023
AC023794.6	0.111164162
AC023794.7	0.083268208
AC023796.1	0.786350157
AC023796.2	0
AC023813.1	0
AC023813.2	0
AC023813.3	0.088860618
AC023813.4	0
AC023818.1	0.311822091
AC023824.1	0
AC023824.2	0
AC023824.3	0.009488089
AC023824.4	0
AC023824.5	0
AC023824.6	0
AC023825.1	0.023250424
AC023825.2	0.071273621
AC023827.1	0
AC023830.1	0.077601868
AC023830.2	0.007204554
AC023830.3	0.172820161
AC023855.1	0
AC023866.1	0
AC023866.2	0
AC023886.1	0
AC023886.2	0.291337428
AC023905.1	0.016170112
AC023906.1	0.132163006
AC023906.2	0.02591768
AC023906.3	0
AC023906.4	0.054497905
AC023906.5	0.358276217
AC023908.1	0
AC023908.2	0
AC023908.3	0.062876105
AC023932.1	0
AC023932.2	0
AC023934.1	0.020048503
AC023946.1	0
AC023968.1	0
AC023968.2	0
AC023983.1	0
AC023983.2	0.170447947
AC024022.1	0
AC024023.1	0
AC024028.1	0.027400385
AC024060.1	2.617790642
AC024067.1	0
AC024075.1	2.521989661
AC024075.2	3.958806901
AC024075.3	1.976940358
AC024082.1	0
AC024082.2	0.050310791
AC024084.1	0.052632828
AC024085.1	0
AC024132.1	0
AC024132.2	0
AC024132.3	0.073799496
AC024145.1	0.37080676
AC024153.1	0
AC024224.1	0
AC024224.2	0
AC024230.1	0
AC024243.1	0.015390705
AC024255.1	0
AC024257.1	0.465419263
AC024257.2	0.081455567
AC024257.3	0.118261415
AC024257.4	0.209152285
AC024257.5	0.045099692
AC024267.1	0
AC024267.2	0
AC024267.3	0.404813875
AC024267.4	0.084154396
AC024267.5	0.079959722
AC024267.6	0.009473076
AC024270.1	0.148192677
AC024270.2	0.215963356
AC024270.3	0
AC024270.4	0.11376692
AC024288.1	0
AC024293.1	5.866763587
AC024337.1	0.041940344
AC024337.2	0.415257392
AC024341.1	0
AC024361.1	0.223812492
AC024361.2	0.160008485
AC024361.3	0.359578628
AC024382.1	0
AC024405.1	0.011491332
AC024405.2	0
AC024451.1	0.092225687
AC024451.2	0.529534699
AC024451.3	0.077585108
AC024451.4	0.095536981
AC024475.1	0
AC024475.2	0
AC024475.3	0
AC024475.4	0
AC024558.1	0.294813614
AC024559.1	0.148087947
AC024559.2	0
AC024560.1	0.016280038
AC024560.2	0.231960642
AC024560.3	0.377403012
AC024563.1	0
AC024563.2	0
AC024568.1	0.031789296
AC024575.1	0.298471351
AC024579.1	0
AC024580.1	0.710621264
AC024580.2	0
AC024581.1	0
AC024581.2	0
AC024587.1	0
AC024587.2	0
AC024589.1	0
AC024589.2	0.009253453
AC024592.1	0.067269485
AC024592.2	0.070553685
AC024592.3	0.010920172
AC024595.1	0
AC024597.1	0
AC024600.1	0.037244069
AC024601.1	0
AC024603.1	0.080905191
AC024610.1	0
AC024610.2	0
AC024614.1	0.039003154
AC024614.2	0
AC024619.1	0
AC024619.2	0
AC024619.3	0.074142219
AC024619.4	0.037892305
AC024651.1	0
AC024651.2	0
AC024681.1	0
AC024681.2	0
AC024884.1	0
AC024884.2	0.02880666
AC024896.1	4.861929069
AC024901.1	0.100061016
AC024908.1	0
AC024909.1	0.059969791
AC024909.2	1.628714342
AC024933.1	0.378487504
AC024937.1	0.313272427
AC024937.2	0.048204381
AC024940.1	0.063270638
AC024940.2	0.030702483
AC024940.3	0.355662425
AC024940.4	0.265246133
AC024940.5	0
AC024940.6	0.227353829
AC024941.1	0.143400818
AC024941.2	0.582911236
AC024958.1	0
AC024995.1	0
AC025030.1	0
AC025030.2	0
AC025031.1	0.255671921
AC025031.2	0.057291714
AC025031.3	0.032537957
AC025031.4	0.025624512
AC025031.5	0.00949185
AC025033.1	0
AC025034.1	0.503872424
AC025034.2	0
AC025035.1	0.080362203
AC025038.1	0
AC025040.1	0.008929134
AC025040.2	0
AC025043.1	0.172425144
AC025048.1	0.066276577
AC025048.2	0.481711369
AC025048.3	0
AC025048.4	0.890767313
AC025048.5	0
AC025048.6	0.124728837
AC025062.1	0.223117422
AC025062.2	0.017871594
AC025125.1	0
AC025154.1	0
AC025154.2	0.235827838
AC025161.1	0
AC025162.1	0
AC025162.2	0.021382086
AC025164.1	0.041022951
AC025165.1	0.184214897
AC025165.2	0
AC025165.3	0.01763471
AC025165.4	0.387149091
AC025165.5	1.657296651
AC025166.1	0
AC025171.1	1.238686376
AC025171.2	1.00178891
AC025171.3	0.216527456
AC025171.4	0.583259201
AC025171.5	0.338394756
AC025174.1	0.771204738
AC025175.1	0.69414309
AC025176.1	0.065610785
AC025178.1	0.545576494
AC025180.1	0.293959942
AC025181.1	0.057567155
AC025181.2	3.135328359
AC025183.1	0
AC025183.2	0
AC025183.3	0
AC025183.4	0
AC025186.1	0
AC025187.1	0
AC025188.1	0.119739683
AC025198.1	0.02857749
AC025211.1	0.128407167
AC025219.1	0.091056793
AC025244.1	0
AC025244.2	0
AC025252.1	0
AC025252.2	0
AC025253.1	0
AC025254.1	0
AC025257.1	0
AC025259.1	0.055520719
AC025259.2	0
AC025259.3	0.654315208
AC025260.1	0
AC025262.1	0
AC025262.2	0.068033911
AC025262.3	0
AC025263.1	0.085896473
AC025263.2	0
AC025263.3	0
AC025265.1	0.12390748
AC025265.2	0.050100286
AC025265.3	0
AC025271.1	0.027911348
AC025271.2	0.179609525
AC025271.3	0.046956738
AC025271.4	0.589679783
AC025272.1	0
AC025277.1	0.014470052
AC025278.1	0.046500848
AC025278.2	0
AC025279.1	0.119292337
AC025279.2	0.018336858
AC025279.3	0.115134311
AC025280.1	0.368429794
AC025280.2	0.056414456
AC025281.1	0
AC025283.1	0
AC025283.2	0.027771916
AC025284.1	0.020680429
AC025287.1	0
AC025287.2	0.035850205
AC025287.3	0.334601909
AC025300.1	0
AC025366.1	0
AC025370.1	0
AC025419.1	0.016735106
AC025423.1	0.064031916
AC025423.2	0
AC025423.3	0.025530849
AC025423.4	0
AC025423.5	0.164026963
AC025428.1	0
AC025428.2	0
AC025430.1	0.096176452
AC025431.1	0.068500963
AC025434.1	0
AC025437.1	0
AC025437.2	0
AC025437.3	0
AC025437.4	0
AC025437.5	0
AC025437.6	0
AC025442.1	0.024893905
AC025445.1	0
AC025449.1	2.150334573
AC025458.1	0.288529357
AC025459.1	0.153512414
AC025465.1	0.0150238
AC025465.2	0
AC025465.3	0
AC025465.4	0
AC025470.1	0
AC025470.2	0.093442339
AC025475.1	0
AC025518.1	0.034507113
AC025521.1	0
AC025524.1	0
AC025524.2	0
AC025538.1	0
AC025539.1	0.14300833
AC025554.1	0
AC025566.1	0
AC025569.1	0.688202324
AC025572.1	0
AC025574.1	0.00724378
AC025574.2	0
AC025575.1	0
AC025575.2	0.042385729
AC025576.1	0
AC025576.2	0.030702483
AC025578.1	0
AC025580.1	0.328503932
AC025580.2	0.181797254
AC025580.3	0
AC025588.1	0.046231538
AC025588.2	0
AC025588.3	0
AC025588.4	0
AC025594.1	0
AC025594.2	0.362747594
AC025594.3	0.515335345
AC025627.1	0.180429659
AC025627.2	0
AC025627.3	0
AC025627.4	0
AC025647.1	0.047327938
AC025674.1	0.036956692
AC025674.2	0
AC025678.1	0
AC025678.2	0.012344297
AC025678.3	0.002482166
AC025682.1	0.202458401
AC025741.1	0
AC025750.1	0
AC025750.2	0.026608818
AC025752.1	0
AC025754.1	0.117680278
AC025754.2	0.221740154
AC025755.1	0
AC025766.1	0.175657237
AC025768.1	0
AC025773.1	0
AC025809.1	0.064146259
AC025809.2	0.073093036
AC025810.1	0
AC025811.1	0
AC025822.1	0
AC025822.2	0.089006323
AC025857.1	0
AC025857.2	2.968336681
AC025871.1	0
AC025871.2	0.046864847
AC025881.1	0
AC025884.1	0.158385824
AC025884.2	0
AC025884.3	0
AC025887.1	0
AC025917.1	0.306517768
AC025918.1	0.218845374
AC025918.2	0
AC025946.1	0
AC025946.2	0
AC025947.1	0
AC026111.1	0.040080229
AC026116.1	0
AC026117.1	0
AC026120.1	0
AC026120.2	0
AC026124.1	0.010391063
AC026124.2	0.529337014
AC026150.1	0.102487603
AC026150.2	0.05179052
AC026150.3	0.023995928
AC026167.1	0
AC026185.1	0
AC026191.1	0.087136216
AC026202.1	0
AC026202.2	0.267276078
AC026202.3	0.021249278
AC026250.1	0.081888841
AC026254.1	0
AC026254.2	0.079123139
AC026271.1	0.950455941
AC026271.2	0
AC026271.3	0.418076362
AC026271.4	0
AC026304.1	0.170751776
AC026310.1	0
AC026310.2	0
AC026310.3	0.04036736
AC026316.1	0
AC026316.2	0
AC026316.3	0.003866312
AC026320.1	0
AC026320.2	0
AC026333.1	0
AC026333.2	0
AC026333.3	0.005729171
AC026333.4	0.264131654
AC026336.1	0
AC026336.2	0
AC026336.3	0
AC026336.4	0
AC026336.5	0
AC026347.1	0
AC026348.1	0.181940639
AC026353.1	0
AC026355.1	0.367174497
AC026355.2	0.016561505
AC026355.3	0.065881531
AC026356.1	0.450016495
AC026356.2	0.286681869
AC026358.1	0.02653805
AC026362.1	0.057546661
AC026362.2	0.019361429
AC026367.1	0.078389318
AC026367.2	0.368096675
AC026367.3	0.385602369
AC026368.1	0.104121464
AC026369.1	0.171717141
AC026369.2	1.468197749
AC026369.3	10.46189722
AC026371.1	0
AC026391.1	0.022297893
AC026396.1	0
AC026401.1	0.067777179
AC026401.2	0.071415318
AC026401.3	2.891672618
AC026402.1	0
AC026403.1	2.719511446
AC026407.1	0.058695923
AC026410.1	0.076128772
AC026410.2	0
AC026410.3	0.409366438
AC026412.1	1.477169098
AC026412.2	0.122524327
AC026412.3	0.324400105
AC026414.1	0
AC026415.1	0
AC026421.1	0
AC026422.1	0
AC026427.1	0.021574718
AC026427.2	0
AC026434.1	0
AC026434.2	0
AC026436.1	0.709568492
AC026444.1	0
AC026458.1	0.027337827
AC026458.2	0
AC026461.1	0
AC026461.2	0
AC026461.3	0.107873588
AC026461.4	0.098958416
AC026462.1	0.210638143
AC026462.2	0
AC026462.3	0
AC026462.4	0
AC026464.1	0.016029409
AC026464.2	0
AC026464.3	0
AC026464.4	0.00932552
AC026464.5	0.082922218
AC026468.1	0
AC026469.1	0.06519402
AC026470.1	0
AC026470.2	0.437405235
AC026470.3	0
AC026471.1	1.764834721
AC026471.2	0.420459956
AC026471.3	1.180823864
AC026471.4	2.666808086
AC026471.5	0
AC026471.6	0.276564097
AC026474.1	0.083929684
AC026477.1	0.01943826
AC026495.1	0.007592878
AC026523.1	0.006726948
AC026523.2	0.009283345
AC026583.1	0
AC026585.1	0.045702169
AC026616.1	0
AC026620.1	0
AC026688.1	0
AC026688.2	0.006420358
AC026691.1	0.415556659
AC026700.1	0.022010971
AC026704.1	1.197396831
AC026719.1	0
AC026719.2	0
AC026725.1	0.007540282
AC026726.1	0
AC026740.1	0.711474729
AC026741.1	0.049684516
AC026746.1	0.006895461
AC026748.1	0.10312861
AC026765.1	0
AC026765.2	0.009002984
AC026770.1	0.02060924
AC026771.1	0.144264678
AC026774.1	0
AC026774.2	0
AC026780.1	0.035088552
AC026780.2	0.147624267
AC026782.1	0
AC026782.2	0.112961965
AC026784.1	0.034016955
AC026785.1	0
AC026785.2	0
AC026785.3	0
AC026786.1	0
AC026786.2	0.030545838
AC026787.1	0
AC026790.1	0.027846438
AC026797.1	0
AC026798.1	0
AC026801.1	0.028174043
AC026801.2	0.895178461
AC026803.1	0.393305528
AC026803.2	0.620216117
AC026826.1	0
AC026826.2	0
AC026826.3	0
AC026877.1	0.424307878
AC026884.1	0
AC026887.1	0
AC026888.1	0
AC026894.1	0.028623032
AC026898.1	0
AC026904.1	0.020243395
AC026904.2	0.111489463
AC026904.3	0.109709134
AC026904.4	0.021420337
AC026951.1	0
AC026951.2	0
AC026954.1	0.027781829
AC026954.2	0.009314639
AC026954.3	0
AC026956.1	0
AC026979.1	0.020538539
AC026979.2	0.891362405
AC026979.3	0.371285839
AC026991.1	0
AC026992.1	0.339013825
AC026992.2	0.56640348
AC027013.1	0
AC027018.1	0.08468153
AC027020.1	0.151569219
AC027020.2	1.237995049
AC027026.1	0
AC027031.1	0
AC027031.2	0.472545613
AC027045.1	0
AC027088.1	0
AC027088.2	0
AC027088.3	0
AC027088.4	0
AC027097.1	1.004074939
AC027097.2	0.577484692
AC027104.1	0.123080438
AC027117.1	1.432782532
AC027117.2	0.422610646
AC027119.1	0
AC027124.1	0
AC027124.2	0
AC027130.1	0.060231229
AC027139.1	0
AC027139.2	0
AC027176.1	0
AC027176.2	0.080254479
AC027176.3	0
AC027216.1	0
AC027228.1	0.036842979
AC027228.2	0.066707344
AC027228.3	0.075664887
AC027229.1	0
AC027237.1	0
AC027237.2	0.275615639
AC027237.3	0.798264554
AC027237.4	0.310564019
AC027243.1	0
AC027243.2	0
AC027250.1	0
AC027271.1	0.569254231
AC027277.1	0
AC027277.2	1.018475465
AC027279.1	0.103416626
AC027279.2	0.030199163
AC027279.3	0.392589125
AC027279.4	0.011557884
AC027281.1	2.290534834
AC027281.2	0.050381353
AC027287.1	0.008240859
AC027287.2	0
AC027288.1	1.563315805
AC027288.2	3.005810974
AC027288.3	5.739851651
AC027290.1	0
AC027290.2	0.517789756
AC027306.1	0
AC027307.1	0.026201244
AC027307.2	5.599243137
AC027307.3	0.566042138
AC027308.1	0
AC027309.1	0.02267797
AC027309.2	0.935466274
AC027309.3	0
AC027312.1	0
AC027313.1	0
AC027315.1	0
AC027319.1	0.14059454
AC027328.1	0
AC027334.1	0
AC027335.1	0.022051507
AC027335.2	0
AC027338.1	0.029027802
AC027338.2	0.022764198
AC027343.1	0
AC027343.2	0
AC027343.3	0
AC027345.1	0
AC027348.1	0.467276812
AC027348.2	0.018651041
AC027369.1	0
AC027369.2	0
AC027369.3	0
AC027369.4	0
AC027369.5	0
AC027369.6	0
AC027373.1	0.346007841
AC027419.1	0
AC027419.2	0.024092492
AC027449.1	0.264780626
AC027451.1	0
AC027455.1	0
AC027458.1	0
AC027506.1	0
AC027514.1	0.007469724
AC027514.2	0.281961577
AC027541.1	0
AC027544.1	0.138267532
AC027544.2	0.076025196
AC027544.3	0.01581766
AC027559.1	0.421025608
AC027575.1	0.008717851
AC027575.2	1.062536437
AC027601.1	0.233845808
AC027601.2	0.282615401
AC027601.3	0.117622478
AC027601.4	0
AC027601.5	0.043418902
AC027607.1	1.076311758
AC027612.1	0.004999569
AC027612.2	0
AC027612.3	0.011436455
AC027612.4	0
AC027613.1	0
AC027627.1	0
AC027644.1	1.245614153
AC027644.2	0.299349208
AC027644.3	1.461813007
AC027667.1	0.039388054
AC027673.1	0
AC027682.1	0.07991525
AC027682.2	0
AC027682.3	0
AC027682.4	0.192149829
AC027682.5	0.203331537
AC027682.6	0.393256037
AC027682.7	0.112908706
AC027688.1	0
AC027688.2	0
AC027698.1	0
AC027701.1	0
AC027702.1	0.202948615
AC027763.1	0.166305115
AC027763.2	0.399872782
AC027779.1	0
AC027796.1	0.116933284
AC027796.2	0.104424142
AC027796.3	0.027507765
AC027796.4	0.822011554
AC027796.5	0.021382086
AC027801.1	0.427641725
AC027801.2	0.046155164
AC027801.3	0
AC027801.4	0.030313844
AC027801.5	0.057567155
AC027804.1	0
AC027807.1	0.072132339
AC027807.2	0.176087769
AC027808.1	0.035062865
AC027808.2	0.225316608
AC032011.1	0.03865064
AC032019.1	0.06921369
AC032019.2	0
AC032044.1	0.381226198
AC032044.2	0.321880868
AC034102.1	0.634382427
AC034102.2	0
AC034102.3	0.039913228
AC034102.4	0
AC034102.5	0.022174015
AC034102.6	0.259096687
AC034102.7	0.025476528
AC034102.8	0.296875247
AC034105.1	0.262751656
AC034105.2	0
AC034105.3	0.027090426
AC034105.4	0
AC034105.5	0.038133657
AC034111.1	0
AC034114.1	0
AC034114.2	0
AC034154.1	0
AC034159.1	0
AC034187.1	0
AC034195.1	0.044779238
AC034198.1	0
AC034198.2	0.187826954
AC034199.1	0.142677899
AC034205.1	0
AC034205.2	0
AC034205.3	0
AC034206.1	0
AC034207.1	0.012630768
AC034213.1	0.831938245
AC034222.1	0
AC034223.1	0
AC034223.2	0.056348086
AC034226.1	0
AC034228.1	0
AC034228.2	0
AC034228.3	0.042611987
AC034229.1	0.012697739
AC034229.2	0
AC034229.3	0
AC034229.4	0.162911133
AC034229.5	0
AC034229.6	0.053455216
AC034231.1	0.86961781
AC034232.1	0
AC034232.2	0
AC034234.1	0.033400191
AC034236.1	8.250160468
AC034236.2	0.54291906
AC034236.3	0.025973901
AC034238.1	0.014461314
AC034238.2	0
AC034238.3	0
AC034243.1	0.101992916
AC034244.1	0
AC034244.2	0
AC034245.1	0.009758735
AC034268.1	0
AC035139.1	0.307024828
AC035140.1	0.242879682
AC036101.1	0
AC036103.1	0.254507423
AC036108.1	0.142547242
AC036108.2	0.03738944
AC036108.3	0.259428525
AC036108.4	0.019036516
AC036111.1	0
AC036111.2	0
AC036111.3	0
AC036164.1	0.071915726
AC036176.1	1.571106669
AC036176.2	0.010385055
AC036176.3	0
AC036214.1	0.024386901
AC036214.2	0.848754569
AC036214.3	0.030066462
AC036222.1	0
AC036222.2	0
AC037198.1	1.078147214
AC037198.2	2.572354408
AC037441.1	0.181559052
AC037441.2	0.080004243
AC037450.1	0
AC037459.1	0.159919443
AC037459.2	0.7784842
AC037459.3	1.689418074
AC037459.4	0.020468322
AC037471.1	0
AC037471.2	0
AC037479.1	0.019158349
AC037486.1	0.015156922
AC037487.1	0.043559303
AC037487.2	0
AC037487.3	0.748373019
AC037487.4	0.076633397
AC039056.1	0
AC039056.2	0.562378159
AC040160.1	0.451763466
AC040160.2	0.114378205
AC040162.1	0.37280429
AC040162.2	0
AC040162.3	0.459712118
AC040168.1	0
AC040169.1	0.712462606
AC040169.2	0.047188052
AC040169.3	0.156522462
AC040170.1	0.127382642
AC040173.1	0.061934319
AC040174.1	0
AC040174.2	0
AC040896.1	0.024997846
AC040904.1	0.053694925
AC040914.1	0.112961965
AC040918.1	0.018946152
AC040926.1	0
AC040934.1	0.070023206
AC040936.1	0
AC040958.1	0
AC040963.1	0
AC040970.1	1.572788898
AC040975.1	0.037892305
AC040977.1	4.154233902
AC040977.2	0
AC040978.1	0.009340069
AC041039.1	0
AC041040.1	0.094998714
AC044781.1	0.021006962
AC044784.1	0
AC044784.2	0
AC044787.1	0.423322112
AC044792.1	0
AC044797.1	0
AC044798.1	0
AC044798.2	0
AC044802.1	0.099300359
AC044802.2	0.055179577
AC044810.1	0.016841024
AC044810.2	0.390363247
AC044810.3	0.081317272
AC044836.1	0
AC044839.1	0.276748112
AC044839.2	0
AC044839.3	0.020056898
AC044839.4	0
AC044839.5	0.025530849
AC044840.1	0.025368577
AC044849.1	0.337294882
AC044860.1	0.116393374
AC044860.2	0
AC044860.3	0
AC044873.1	0
AC044913.1	0.027846438
AC046130.1	0
AC046130.2	0.045241694
AC046134.1	0.197768245
AC046136.1	0
AC046143.1	0.603625974
AC046143.2	0.898047623
AC046144.1	0
AC046158.1	0.049960925
AC046158.2	0.067745224
AC046158.3	0.014042965
AC046158.4	0.00888936
AC046168.1	0.025115822
AC046168.2	0.058695923
AC046176.1	0.184214897
AC046185.1	0
AC046185.2	1.623588923
AC046185.3	0.577691453
AC046195.1	2.244939634
AC046195.2	0
AC048334.1	0
AC048337.1	0
AC048338.1	0
AC048341.1	0.621219338
AC048341.2	0.829154628
AC048344.1	0
AC048344.2	0
AC048344.3	0
AC048344.4	0.431699047
AC048346.1	0
AC048347.1	0
AC048351.1	0.077753041
AC048380.1	0
AC048380.2	0.104620354
AC048380.3	0
AC048382.1	0.023524496
AC048382.2	0.584096015
AC048382.3	0
AC048382.4	0
AC048382.5	0.280327017
AC048382.6	0
AC048383.1	0
AC048387.1	0
AC051618.1	0
AC051619.1	0
AC051619.2	0.120644517
AC051619.3	0.004935684
AC051619.4	0.164026963
AC051619.5	0.139902035
AC051619.6	0
AC051619.7	0.13453897
AC051619.8	0
AC051619.9	0
AC051649.1	0
AC053481.1	0
AC053481.2	0.006597228
AC053481.3	0
AC053481.4	0
AC053503.1	0.02307123
AC053503.2	0.007493097
AC053503.3	0
AC053503.4	0.106910431
AC053503.5	0.018826994
AC053503.6	0.077963982
AC053513.1	0.4542969
AC053527.1	0.454486388
AC055713.1	0.161986285
AC055716.1	0
AC055716.2	0.004905354
AC055716.3	0
AC055717.1	0.030145942
AC055717.2	0
AC055717.3	0.020124316
AC055720.1	0
AC055720.2	2.784643792
AC055731.1	0
AC055733.1	0.041867022
AC055733.2	0
AC055733.3	0
AC055736.1	0
AC055748.1	0.062429449
AC055753.1	0
AC055758.1	0
AC055758.2	0
AC055764.1	0
AC055764.2	0.125101161
AC055811.1	0.145905381
AC055811.2	0.099016867
AC055811.3	0.087273821
AC055811.4	1.679359295
AC055813.1	0.022560468
AC055822.1	0.591971467
AC055854.1	0.158487029
AC055855.1	0.167635556
AC055855.2	0.020716208
AC055860.1	0
AC055872.1	0
AC055874.1	0
AC055876.1	0
AC055876.2	0.109651724
AC055876.3	0.083152558
AC055876.4	0.050452114
AC055876.5	0
AC055878.1	0
AC058791.1	0.048674668
AC058823.1	0.025261537
AC060234.1	0.050523073
AC060234.2	0.16006333
AC060234.3	0.149942358
AC060764.1	0.158246277
AC060765.1	0
AC060766.1	1.795140384
AC060766.2	0.035850205
AC060766.3	0.091056793
AC060766.4	1.248681983
AC060766.5	0.591137356
AC060766.6	0.182344695
AC060766.7	0.948433133
AC060771.1	0
AC060773.1	0.038625704
AC060780.1	1.56837872
AC060780.2	0.423322112
AC060780.3	0.898047623
AC060788.1	0
AC060809.1	0
AC060814.1	0
AC060814.2	0
AC060814.3	0
AC060814.4	0
AC060814.5	0
AC060834.1	0.18856643
AC060834.2	0
AC061709.1	0
AC061709.2	0
AC061961.1	0
AC061965.1	0.016346714
AC061975.1	0.00437645
AC061975.2	0
AC061975.3	0
AC061975.4	0
AC061975.5	0
AC061975.6	0
AC061975.7	0
AC061979.1	0
AC061992.1	0.977672496
AC061999.1	0.338247692
AC062004.1	0
AC062015.1	0
AC062016.1	0
AC062016.2	0
AC062017.1	0.722735444
AC062020.1	0
AC062021.1	0
AC062022.1	0
AC062028.1	0.013279817
AC062028.2	0.041964842
AC062029.1	0.287956744
AC062031.1	0
AC062032.1	0
AC062037.1	0.187093255
AC062037.2	1.640269631
AC062039.1	0
AC063919.1	0.094283215
AC063923.1	0
AC063923.2	0.012902983
AC063924.1	0.017791929
AC063926.1	0
AC063926.2	0
AC063926.3	0.00634887
AC063943.1	0.13453897
AC063944.1	0.126612958
AC063944.2	0.087529008
AC063944.3	0.134791388
AC063947.1	0
AC063947.2	0.019066829
AC063948.1	0.15796792
AC063949.1	0
AC063949.2	0
AC063950.1	0.57818227
AC063952.1	0
AC063952.2	0.019517471
AC063952.3	0.03887652
AC063955.1	0
AC063961.1	0.136067822
AC063962.1	0.022982665
AC063965.1	0.167971499
AC063976.1	0.031427738
AC063976.2	0.0875487
AC063976.3	0
AC063976.4	0
AC063977.1	0.032274847
AC063977.2	0.398184219
AC063977.3	0
AC063977.4	0
AC063977.5	0
AC063977.6	0.054334513
AC063977.7	0
AC063979.1	0
AC063979.2	0.166151272
AC063980.1	0
AC064799.1	0.992437013
AC064799.2	0.017154682
AC064801.1	0.264780626
AC064801.2	0.165411688
AC064802.1	0.050226377
AC064805.1	0.076457876
AC064805.2	0.068684331
AC064807.1	0.675902834
AC064807.2	0.071273621
AC064807.3	0
AC064807.4	0.323620765
AC064834.1	0
AC064836.1	0.204101732
AC064836.2	0.103670721
AC064836.3	1.512313976
AC064847.1	0.047327938
AC064850.1	0.00856507
AC064852.1	0.042211404
AC064853.1	0
AC064859.1	0
AC064862.1	0
AC064862.2	0
AC064862.3	0
AC064862.4	0
AC064862.5	0
AC064862.6	0
AC064862.7	0
AC064871.1	0
AC064872.1	0
AC064874.1	0.039913228
AC064875.1	0.042072974
AC066595.1	0
AC066612.1	0.014409107
AC066612.2	0
AC066613.1	0.872213052
AC066613.2	0.085528345
AC066616.1	0
AC066616.2	0.016170112
AC066692.1	0
AC067735.1	1.06991732
AC067747.1	0.431062859
AC067750.1	0.265275081
AC067773.1	0
AC067805.1	0
AC067817.1	0.067269485
AC067817.2	1.732667248
AC067819.1	0
AC067838.1	1.245126687
AC067852.1	0.020158196
AC067852.2	1.542690253
AC067852.3	0.779411531
AC067852.4	0.089524997
AC067863.1	0
AC067863.2	0
AC067904.1	0
AC067904.2	0.018665578
AC067904.3	0
AC067930.1	0
AC067930.2	0
AC067930.3	0.085406336
AC067930.4	0.480882261
AC067930.5	0.06124792
AC067930.6	0.183954233
AC067931.1	0.410434085
AC067931.2	0.039439948
AC067940.1	0.039913228
AC067942.1	0.008020073
AC067942.2	0.047215963
AC067942.3	0
AC067945.1	0.465008478
AC067945.2	0
AC067945.3	0.138161173
AC067956.1	0.023227873
AC067959.1	0
AC067960.1	0
AC067968.1	0.003179492
AC067968.2	0
AC067969.1	0
AC067969.2	0
AC068014.1	0.028992659
AC068020.1	0
AC068025.1	0.062855477
AC068025.2	0.05715498
AC068042.1	0.010430286
AC068044.1	0
AC068050.1	0
AC068051.1	0.049411148
AC068057.1	0
AC068057.2	0
AC068058.1	0.03078141
AC068075.1	0
AC068112.1	0
AC068134.1	0.035217554
AC068134.2	0.083152558
AC068134.3	0.653401824
AC068134.4	0
AC068135.1	0
AC068135.2	0
AC068137.1	0.061510111
AC068137.2	0
AC068138.1	0
AC068152.1	1.387664188
AC068189.1	0.030161129
AC068196.1	0.014374512
AC068213.1	0
AC068228.1	0
AC068228.2	0
AC068234.1	0
AC068234.2	0.436638395
AC068234.3	0.06881591
AC068254.1	0
AC068254.2	0
AC068276.1	0
AC068279.1	0
AC068282.1	0.293785096
AC068286.1	0
AC068287.1	0
AC068295.1	0
AC068298.1	0
AC068299.1	0.00684618
AC068305.1	0.009936903
AC068305.2	0.086298871
AC068313.1	0
AC068338.1	0
AC068338.2	0.845713845
AC068338.3	0.630208858
AC068385.1	0
AC068389.1	0.003162696
AC068389.2	0
AC068389.3	0
AC068389.4	0
AC068397.1	0.045099692
AC068397.2	0
AC068408.1	0.027275554
AC068413.1	0
AC068418.1	0
AC068418.2	0
AC068446.1	0.007730128
AC068446.2	0
AC068446.3	0
AC068448.1	0
AC068472.1	0
AC068473.1	0.053888246
AC068473.2	0.025261537
AC068473.3	0.155556587
AC068473.4	0.061404966
AC068473.5	1.196241042
AC068481.1	0.048347113
AC068483.1	0
AC068489.1	0
AC068490.1	0
AC068491.1	0.009648645
AC068491.2	0
AC068491.3	0.039518047
AC068491.4	0.035425942
AC068492.1	0
AC068506.1	0
AC068512.1	0.006611799
AC068522.1	0.3817787
AC068531.1	0
AC068533.1	0
AC068533.2	1.173918461
AC068533.3	0.059277071
AC068533.4	0.103895604
AC068535.1	0
AC068538.1	0.03563681
AC068580.1	1.472988165
AC068580.2	0
AC068580.3	1.990709371
AC068580.4	0.684569903
AC068587.1	0
AC068587.2	8.497654927
AC068587.3	0
AC068594.1	0.319779569
AC068594.2	0.080227593
AC068599.1	0
AC068620.1	0.430066915
AC068620.2	0.256585035
AC068631.1	0.002157666
AC068633.1	0
AC068643.1	0.014513901
AC068643.2	0
AC068647.1	0.026432601
AC068647.2	0.491239725
AC068657.1	0
AC068658.1	0
AC068669.1	0.0429945
AC068672.1	0
AC068672.2	0
AC068672.3	0
AC068675.1	0.085375888
AC068700.1	0.22646557
AC068707.1	0.122495839
AC068714.1	0
AC068721.1	0
AC068722.1	0.009428322
AC068722.2	1.826910605
AC068724.1	0.067522378
AC068724.2	0.13763182
AC068726.1	0
AC068733.1	0.004849724
AC068733.2	0
AC068756.1	0.08913624
AC068759.1	0
AC068760.1	0
AC068768.1	1.097841058
AC068768.2	0.453823872
AC068769.1	0.019742734
AC068775.1	0
AC068781.1	0
AC068787.1	0
AC068789.1	0
AC068790.1	0.168647441
AC068790.2	0.279464251
AC068790.3	0.259832947
AC068790.4	0.227641983
AC068790.5	0.404753858
AC068790.6	0.185642919
AC068790.7	0.226779703
AC068790.8	0.047515747
AC068790.9	0.050629887
AC068792.1	0.172287314
AC068802.1	0
AC068831.1	0.012889094
AC068831.2	0
AC068831.3	0
AC068831.4	0
AC068831.5	0
AC068831.6	0
AC068858.1	0.00966422
AC068860.1	0.019230142
AC068867.1	0
AC068870.1	0.097547603
AC068870.2	6.802691505
AC068870.3	0.028329578
AC068875.1	0.129308513
AC068880.1	0
AC068880.2	0
AC068880.3	0
AC068880.4	0.09675934
AC068880.5	0
AC068888.1	2.042517895
AC068888.2	0.268073917
AC068896.1	0.136465448
AC068898.1	0
AC068898.2	0
AC068944.1	0
AC068944.2	0
AC068946.1	0.072101315
AC068985.1	0
AC068987.1	0.084126241
AC068987.2	0
AC068987.3	0.011659171
AC068987.4	0.325938965
AC068992.1	0.058912513
AC068993.1	0
AC068993.2	0.030313844
AC069023.1	0.541808521
AC069029.1	0
AC069061.1	0
AC069061.2	0
AC069079.1	0.089804762
AC069113.1	0
AC069113.2	0
AC069113.3	0
AC069114.1	0
AC069114.2	0
AC069120.1	0.031593584
AC069133.1	0
AC069148.1	0.17150215
AC069152.1	0
AC069154.1	0.08836877
AC069155.1	0
AC069157.1	0
AC069185.1	0.142677899
AC069200.1	0.444853312
AC069209.1	0.459829812
AC069213.1	0.253052164
AC069213.2	0.03271576
AC069213.3	0.07578461
AC069218.1	0.109997084
AC069218.2	0
AC069222.1	0.021382086
AC069224.1	0.279276229
AC069228.1	0.005183536
AC069234.1	0.041077078
AC069234.2	0
AC069234.3	0
AC069234.4	0.319693329
AC069234.5	0.690805864
AC069235.1	0
AC069236.1	0.03887652
AC069240.1	0
AC069257.1	0.027911348
AC069257.2	0.695262676
AC069257.3	0
AC069262.1	0
AC069271.1	0.076756207
AC069272.1	0.035217554
AC069277.1	0.019804777
AC069277.2	0
AC069280.1	0
AC069281.1	0
AC069281.2	0.889681353
AC069282.1	4.598368057
AC069285.1	0
AC069285.2	0
AC069287.1	0
AC069287.2	0
AC069287.3	0
AC069294.1	0.034211338
AC069304.1	0
AC069304.2	0
AC069304.3	0
AC069306.1	0
AC069307.1	0.375023616
AC069335.1	0
AC069360.1	0.859799203
AC069366.1	1.428874499
AC069366.2	0.055692876
AC069368.1	0.037506557
AC069421.1	0
AC069431.1	0
AC069431.2	0.032685992
AC069437.1	0.023386657
AC069439.1	0
AC069439.2	0.075880661
AC069444.1	0.090029837
AC069454.1	0
AC069499.1	0.494014409
AC069499.2	0
AC069503.1	0.020951826
AC069503.2	0.032697893
AC069503.3	0.165158184
AC069528.1	0.026201244
AC069528.2	0.517208073
AC069540.1	0
AC069540.2	0
AC069542.1	0.085989
AC069542.2	0.055435038
AC069544.1	0.263690994
AC069545.1	0
AC069547.1	0.566234315
AC069549.1	0.839857496
AC072022.1	0.417502382
AC072026.1	0
AC072039.1	0.02060924
AC072039.2	0
AC072046.1	0
AC072046.2	0
AC072052.1	1.213049077
AC072061.1	0.444869906
AC072062.1	0.012561205
AC073023.1	0
AC073046.1	1.166694348
AC073046.2	0
AC073050.1	0.051835361
AC073052.1	0.201243165
AC073052.2	0.047141608
AC073055.1	0
AC073062.1	0
AC073063.1	0.59179415
AC073065.1	0
AC073071.1	0
AC073072.1	0.245799936
AC073072.2	0.06881591
AC073073.1	0.59481916
AC073073.2	0.506269412
AC073082.1	0
AC073089.1	0
AC073091.1	0.01385876
AC073091.2	0
AC073094.1	0
AC073107.1	0
AC073107.2	0.201243165
AC073109.1	0.012243321
AC073111.1	0.057018897
AC073111.2	0.033415726
AC073114.1	0
AC073115.1	0.067522378
AC073115.2	0
AC073127.1	0.035957863
AC073130.1	0.079514633
AC073130.2	0.613714842
AC073130.3	0.178715945
AC073133.1	0.304892711
AC073133.2	0.057695177
AC073135.1	0
AC073136.1	0.004151861
AC073136.2	0.014103614
AC073137.1	0
AC073143.1	0
AC073150.1	0.055230481
AC073167.1	0
AC073172.1	0
AC073172.2	0.041940344
AC073174.1	0.028852936
AC073176.1	0
AC073176.2	0
AC073188.1	0
AC073188.2	0
AC073188.3	0
AC073188.4	0
AC073188.5	0
AC073188.6	0
AC073195.1	0.259413224
AC073210.1	0.258059662
AC073210.2	0
AC073218.1	0
AC073218.2	0
AC073254.1	0.311805349
AC073255.1	0
AC073257.1	0
AC073257.2	0.680339108
AC073261.1	0
AC073263.1	0.037892305
AC073263.2	0
AC073263.3	0
AC073264.1	0.028783578
AC073264.2	0.072132339
AC073283.1	0.250617941
AC073283.2	0.017686807
AC073283.3	0.024362092
AC073284.1	0
AC073288.1	0
AC073288.2	0.162297763
AC073308.1	0
AC073310.1	0
AC073311.1	0
AC073314.1	0.048630738
AC073316.1	0
AC073316.2	0.028645857
AC073316.3	0.109741054
AC073320.1	0.015621616
AC073321.1	0
AC073323.1	0
AC073324.1	0
AC073325.1	0
AC073325.2	0.22592393
AC073326.1	0.06449175
AC073332.1	0.193729419
AC073333.1	0.129348423
AC073333.2	0
AC073335.1	0.164930693
AC073335.2	2.30362308
AC073336.1	0
AC073342.1	0.077251408
AC073342.2	0
AC073342.3	0
AC073343.1	0.533402582
AC073343.2	0.209152285
AC073346.1	0
AC073346.2	0.034909529
AC073347.1	0
AC073348.1	0
AC073349.1	0.124024154
AC073349.2	0.283849529
AC073349.3	0
AC073352.1	0.023757874
AC073352.2	0
AC073358.1	0
AC073359.1	0
AC073359.2	0
AC073365.1	0
AC073367.1	0.154613651
AC073370.1	0.045615117
AC073387.1	0
AC073387.2	0
AC073389.1	0.557279028
AC073389.2	0.089246969
AC073389.3	0.422610646
AC073409.1	0
AC073410.1	0.386257042
AC073410.2	0
AC073413.1	0.049073641
AC073413.2	0
AC073415.1	0.626089846
AC073429.1	0
AC073429.2	0.016584444
AC073439.1	0.519726922
AC073464.1	0.022423162
AC073464.2	0.069819057
AC073464.3	0
AC073465.1	0
AC073465.2	0
AC073476.1	0.294200695
AC073476.2	0
AC073476.3	0.038209711
AC073476.4	0
AC073486.1	0.050152747
AC073487.1	0.58851262
AC073488.1	0
AC073508.1	0
AC073508.2	0.004785759
AC073508.3	2.193961776
AC073517.1	0.221330283
AC073521.1	0
AC073522.1	0
AC073525.1	0
AC073529.1	0.050539477
AC073530.1	0
AC073530.2	0
AC073534.1	0.219994168
AC073539.1	0
AC073539.2	0
AC073539.3	0
AC073544.1	0
AC073548.1	0.553525634
AC073551.1	0
AC073569.1	0.107711859
AC073569.2	0.845619231
AC073569.3	0.122899968
AC073571.1	0
AC073573.1	0
AC073575.1	0.080362203
AC073575.2	0.381944763
AC073578.1	0.024287968
AC073578.2	0
AC073578.3	0
AC073578.4	0.023295658
AC073581.1	0
AC073583.1	0
AC073585.1	0.045082712
AC073587.1	0
AC073591.1	0.020056898
AC073592.1	0.130760964
AC073592.10	0.040113797
AC073592.2	0.030702483
AC073592.3	0.026115525
AC073592.4	0
AC073592.5	0.045355941
AC073592.6	0
AC073592.7	0.141703767
AC073592.8	0.023432423
AC073592.9	0.032274847
AC073593.1	0.029133743
AC073594.1	0.032895517
AC073610.1	0.332610231
AC073610.2	0
AC073610.3	0.165773789
AC073611.1	0.888331497
AC073612.1	0
AC073614.1	0
AC073621.1	0.046773314
AC073626.1	0
AC073626.2	0
AC073636.1	0
AC073641.1	0.027911348
AC073648.1	0
AC073648.2	0
AC073648.3	0
AC073648.4	0.015331586
AC073648.5	0
AC073651.1	0.025750469
AC073651.2	0
AC073655.1	0.097151873
AC073655.2	0.718867273
AC073657.1	0
AC073657.2	0
AC073834.1	0
AC073842.1	0.035011603
AC073842.2	0.251202132
AC073848.1	0
AC073850.1	0.234783692
AC073857.1	1.624551677
AC073861.1	4.591325538
AC073862.1	0
AC073862.2	0.529519283
AC073862.3	0.072657575
AC073862.4	0.056084161
AC073862.5	0.28354735
AC073863.1	0
AC073864.1	0
AC073869.1	3.839379209
AC073869.2	0
AC073869.3	0.061934319
AC073869.4	0
AC073873.1	0
AC073878.1	0.018976178
AC073878.2	0.062202433
AC073896.1	0.01137129
AC073896.2	1.288864644
AC073896.3	0.657609243
AC073896.4	4.605372425
AC073896.5	0
AC073900.1	0.015430372
AC073901.1	0
AC073909.1	0
AC073910.1	0.054675654
AC073911.1	0.046018326
AC073911.2	0
AC073911.3	0.037952356
AC073912.1	0.101992916
AC073912.2	0.113318312
AC073912.3	0
AC073913.1	0
AC073913.2	0
AC073916.1	0.184214897
AC073934.1	0.04837967
AC073941.1	0
AC073941.2	0
AC073957.1	0.022381249
AC073957.2	0
AC073957.3	0.467760822
AC073964.1	0
AC073968.1	0
AC073987.1	0
AC074011.1	0.185483158
AC074019.1	0.021850307
AC074029.1	0.011469318
AC074029.2	0.018886385
AC074029.3	0.191890518
AC074029.4	0.019323241
AC074031.1	0.016313308
AC074032.1	0.718223703
AC074033.1	1.051918711
AC074035.1	0
AC074043.1	0.013484199
AC074044.1	0.016936306
AC074050.1	0
AC074050.2	0
AC074050.3	0
AC074050.4	0.134791388
AC074051.1	0.015331586
AC074051.2	0
AC074051.3	0
AC074051.4	0.013423731
AC074052.1	0
AC074052.2	0
AC074085.1	0
AC074085.2	0.055953123
AC074087.1	0
AC074091.1	0.006877638
AC074117.1	0.719420722
AC074117.2	0.241289034
AC074121.1	0
AC074124.1	0
AC074131.1	0.094655876
AC074133.1	0
AC074134.1	0.010806831
AC074135.1	0.247651878
AC074135.2	0
AC074138.1	0.202169841
AC074140.1	0
AC074143.1	0
AC074183.1	0
AC074183.2	0.01298695
AC074194.1	0.211758282
AC074198.1	0
AC074198.2	0
AC074212.1	0.257900856
AC074237.1	0
AC074250.1	0
AC074254.1	0
AC074255.1	0
AC074257.1	0
AC074276.1	0
AC074276.2	0
AC074281.1	0
AC074286.1	0.012657472
AC074290.1	0
AC074327.1	0.055264469
AC074338.1	0
AC074344.1	0
AC074344.2	0
AC074348.1	0
AC074351.1	0.09957562
AC074366.1	0
AC074367.1	0.021287055
AC074375.1	0
AC074389.1	0
AC074389.2	0
AC074389.3	0
AC074397.1	0
AC076966.1	0
AC076968.1	0
AC078776.1	0
AC078777.1	0.06164205
AC078778.1	0.14662002
AC078778.2	0.168944879
AC078785.1	0.149525079
AC078785.2	0.00955624
AC078785.3	0
AC078788.1	0.094431927
AC078788.2	0
AC078789.1	0
AC078795.1	0.160008485
AC078795.2	0
AC078795.3	0
AC078802.1	0.127835961
AC078809.1	0
AC078814.1	0
AC078814.2	0
AC078817.1	0.385369095
AC078819.1	0.125217969
AC078820.1	0.032274847
AC078828.1	0.052288071
AC078841.1	0
AC078842.1	0
AC078842.2	0
AC078845.1	0.121137423
AC078846.1	0.33979495
AC078850.1	0.044266057
AC078850.2	0
AC078851.1	0
AC078852.1	0
AC078852.2	0.045442005
AC078857.1	0
AC078860.1	0
AC078864.1	0.257253225
AC078865.1	0
AC078867.1	0
AC078878.1	0
AC078878.2	0
AC078880.1	0
AC078880.2	0
AC078880.3	0
AC078880.4	0
AC078880.5	0
AC078881.1	0.249342237
AC078882.1	0
AC078883.1	0.288706224
AC078883.2	0
AC078883.3	0.15565047
AC078883.4	0.163133083
AC078886.1	0
AC078889.1	0.114473884
AC078899.1	0.323347667
AC078899.2	0
AC078899.3	0.564809826
AC078899.4	0
AC078899.5	0
AC078905.1	0.235244957
AC078906.1	0.045014918
AC078909.1	0.025805966
AC078909.2	0.090256043
AC078918.1	0
AC078922.1	0.027589789
AC078923.1	0.043227322
AC078925.1	0.147566511
AC078925.2	0.036413487
AC078925.3	0.014368762
AC078925.4	1.541203841
AC078927.1	0.036506001
AC078929.1	0
AC078942.1	0.365927724
AC078950.1	0
AC078955.1	0
AC078960.1	0.067649538
AC078962.1	0
AC078962.2	0
AC078962.3	0
AC078962.4	0
AC078974.1	0
AC078980.1	0
AC078991.1	0.019629456
AC078993.1	0.108050575
AC079015.1	0.160724407
AC079031.1	0
AC079031.2	0
AC079035.1	0.028240491
AC079054.1	0
AC079061.1	0.038939734
AC079062.1	0.001746495
AC079064.1	0
AC079070.1	0
AC079075.1	0.186676566
AC079080.1	0
AC079089.1	0
AC079089.2	0
AC079089.3	0
AC079097.1	0
AC079098.1	0
AC079112.1	0
AC079117.1	0
AC079140.1	0.024587204
AC079140.2	1.180532086
AC079140.3	0.413646178
AC079140.4	0.090540403
AC079140.5	0.077251408
AC079145.1	0.486926622
AC079148.1	0.409366438
AC079150.1	0
AC079150.2	0
AC079154.1	0
AC079160.1	0
AC079163.1	0
AC079168.1	0
AC079168.2	0
AC079171.1	0
AC079174.1	0
AC079174.2	0.19484268
AC079178.1	0
AC079178.2	0
AC079193.1	0
AC079193.2	0.109709134
AC079203.1	0.296385354
AC079203.2	0.061880973
AC079209.1	0.569185113
AC079209.2	0.083345487
AC079210.1	0.873101856
AC079226.1	0
AC079226.2	0
AC079228.1	0.045658602
AC079238.1	0
AC079248.1	0.007745128
AC079248.2	0
AC079250.1	0.653945538
AC079296.1	0
AC079298.1	0.007395904
AC079298.2	0
AC079298.3	0.034808047
AC079305.1	0.167971499
AC079305.2	0
AC079305.3	0.05492646
AC079310.1	0
AC079313.1	0.482467587
AC079313.2	0.064794201
AC079315.1	1.326169844
AC079316.1	0
AC079316.2	0.017416681
AC079322.1	0.189895533
AC079325.1	0
AC079328.1	0.088043885
AC079328.2	0
AC079329.1	0
AC079331.1	0.089804762
AC079331.2	0.164606791
AC079336.1	0.028509448
AC079336.2	0.116252119
AC079336.3	0
AC079336.4	0.117391846
AC079336.5	0.164159243
AC079336.6	0.058600171
AC079336.7	0.077753041
AC079340.1	0.021691972
AC079340.2	0.030429398
AC079341.1	0.010738985
AC079341.2	0.005284187
AC079349.1	0
AC079354.1	0.011613936
AC079354.2	0.077753041
AC079354.3	0.077003012
AC079355.1	0
AC079355.2	0
AC079360.1	0
AC079362.1	0.033353672
AC079363.1	0
AC079380.1	0.077376209
AC079382.1	0
AC079384.1	0.139696297
AC079385.1	0.067269485
AC079385.2	0.013874818
AC079385.3	0.059203799
AC079395.1	0
AC079395.2	0
AC079395.3	0
AC079411.1	0
AC079411.2	0
AC079414.1	0
AC079414.2	0
AC079414.3	0.823896902
AC079416.1	0.038157961
AC079416.2	0.02007371
AC079416.3	0.021810507
AC079447.1	0.186248378
AC079448.1	0
AC079456.1	0
AC079465.1	0.017130141
AC079466.1	0
AC079466.2	0
AC079467.1	6.208724307
AC079584.1	0
AC079584.2	0.069751272
AC079587.1	0
AC079594.1	0.108525392
AC079594.2	0.003563681
AC079597.1	0
AC079598.1	0.021613661
AC079598.2	0
AC079598.3	0
AC079598.4	0
AC079600.1	0
AC079600.2	0
AC079600.3	0
AC079601.1	0.042902072
AC079601.2	0.123602253
AC079602.1	0.044184385
AC079602.2	0
AC079602.3	0
AC079610.1	0.173334805
AC079610.2	0.468546586
AC079610.3	0.4887334
AC079612.1	0
AC079612.2	0
AC079630.1	9.894279074
AC079684.1	0.05480077
AC079741.1	0.056480983
AC079742.1	0
AC079753.1	0
AC079760.1	0.296385354
AC079760.2	0.350357076
AC079763.1	0
AC079766.1	0.196294562
AC079768.1	0
AC079776.1	0.031182209
AC079776.2	0
AC079777.1	0.128752347
AC079779.1	0.002507637
AC079779.2	0.194804257
AC079779.3	0
AC079779.4	0
AC079780.1	0.057845258
AC079781.1	0.030390783
AC079781.2	0.21255565
AC079781.3	0.100904227
AC079790.1	0
AC079791.1	0
AC079793.1	0
AC079799.1	0.036175131
AC079801.1	0
AC079804.1	0
AC079804.2	0
AC079807.1	0.867273405
AC079809.1	0
AC079834.1	0.05688346
AC079834.2	0.122872943
AC079841.1	0
AC079848.1	0.259900087
AC079858.1	0.026727608
AC079866.1	0.019629456
AC079866.2	0.023250424
AC079880.1	0.052671415
AC079880.2	0.019742734
AC079896.1	0
AC079905.1	0
AC079905.2	0
AC079906.1	0.073459928
AC079907.1	0.32015958
AC079907.2	0.00909876
AC079910.1	0
AC079915.1	0.008614366
AC079917.1	0
AC079921.1	0.316436795
AC079921.2	0.657910346
AC079922.1	2.301403379
AC079922.2	0.455981978
AC079942.1	0
AC079943.1	0
AC079943.2	0
AC079944.1	0.09675934
AC079944.2	0.179446392
AC079949.1	0.058314781
AC079949.2	0.130639954
AC079950.1	0
AC079953.1	0
AC079987.1	0
AC079988.1	0
AC080011.1	0.012107147
AC080013.1	0.223598163
AC080013.2	0.111213328
AC080013.3	0.269310706
AC080013.4	1.217691692
AC080013.5	0.070538841
AC080013.6	0.724007386
AC080014.1	0
AC080023.1	0.07455771
AC080023.2	0.115134311
AC080037.1	0.053876123
AC080038.1	1.587536526
AC080038.2	0.169843522
AC080038.3	0.355783894
AC080075.1	0.02804208
AC080078.1	0.029204801
AC080078.2	0
AC080079.1	0
AC080080.1	0.138541782
AC080080.2	0
AC080100.1	0.031298648
AC080112.1	3.265107881
AC080112.2	0
AC080112.3	1.403612503
AC080125.1	0
AC080128.1	0.006246202
AC080129.1	0
AC080129.2	0.167078628
AC080162.1	0.999862934
AC080188.1	0.173535773
AC080188.2	0.192095748
AC082650.1	0
AC082651.1	0.028783578
AC082651.2	0
AC082651.3	0.141449035
AC082651.4	0
AC083760.1	0
AC083795.1	0
AC083795.2	0
AC083798.1	0
AC083798.2	0.51772606
AC083799.1	6.51331243
AC083800.1	0
AC083801.1	0
AC083801.2	0
AC083805.1	0.190062989
AC083805.2	0.255182931
AC083805.3	0.036422717
AC083806.1	0
AC083806.2	0.040136207
AC083806.3	0
AC083809.1	0.076105731
AC083822.1	0.119143963
AC083829.1	0.018225218
AC083836.1	0.005634809
AC083837.1	0.675885319
AC083841.1	0.089357972
AC083841.2	0
AC083841.3	0
AC083843.1	0
AC083843.2	0.014103614
AC083843.3	1.577890594
AC083843.4	1.139334587
AC083849.1	0
AC083855.1	0.04641073
AC083862.1	0.057845258
AC083862.2	0.930727667
AC083863.1	0
AC083864.1	0.023995928
AC083864.2	0
AC083864.3	0
AC083867.1	0
AC083873.1	0.119848636
AC083875.1	0
AC083880.1	0.179049993
AC083899.1	0.235152559
AC083899.2	0
AC083899.3	0
AC083900.1	0.382962739
AC083902.1	0
AC083902.2	0.009497496
AC083904.1	0.051835361
AC083906.1	0.058985066
AC083906.2	0
AC083906.3	0.077085633
AC083906.4	0
AC083923.1	0
AC083939.1	0
AC083949.1	0.998884368
AC083964.1	1.881623591
AC083964.2	0.084957204
AC083967.1	0
AC083973.1	0.013591337
AC083982.1	0.034808047
AC084017.1	0.013923219
AC084018.1	2.281752702
AC084018.2	0.243429352
AC084024.1	0.115690515
AC084024.2	0.01513776
AC084024.3	0.06391798
AC084026.1	0
AC084026.2	0.055953123
AC084026.3	0
AC084030.1	0.926962035
AC084032.1	0
AC084033.1	0.018916222
AC084033.2	0
AC084033.3	4.809665623
AC084036.1	3.39419574
AC084048.1	0
AC084064.1	0.05715498
AC084082.1	0.020141242
AC084083.1	0.099506662
AC084116.1	0
AC084116.2	0
AC084116.3	0
AC084117.1	1.020004708
AC084121.1	0
AC084121.2	0
AC084125.1	0
AC084125.2	0.239772966
AC084125.3	0
AC084125.4	0.283407534
AC084128.1	0
AC084149.1	0
AC084149.2	0
AC084198.1	0.029785991
AC084200.1	0.052671415
AC084211.1	0
AC084262.1	0.031888065
AC084290.1	0.128063832
AC084291.1	0
AC084337.1	1.605838315
AC084346.1	0.090711881
AC084346.2	0.012617459
AC084357.1	0
AC084357.2	0.087083406
AC084357.3	0
AC084361.1	0.019726472
AC084364.1	0
AC084364.2	0
AC084365.1	0
AC084368.1	0.184214897
AC084373.1	0
AC084398.1	0
AC084398.2	0.488300126
AC084706.1	0
AC084752.1	0
AC084754.1	0.025805966
AC084756.1	0
AC084757.1	0
AC084757.2	0.022174015
AC084757.3	0.055463569
AC084757.4	0
AC084759.1	0
AC084759.2	0
AC084759.3	0.091079881
AC084768.1	0
AC084768.2	0
AC084781.1	0
AC084781.2	0
AC084782.1	0
AC084782.2	0.185532286
AC084782.3	0.372891747
AC084783.1	0
AC084809.1	0.445731477
AC084809.2	0.233866568
AC084816.1	0.006602078
AC084819.1	0
AC084824.1	1.441641955
AC084824.2	0
AC084824.3	0.405660141
AC084824.4	1.031956229
AC084824.5	1.159706373
AC084838.1	0
AC084851.1	0
AC084851.2	0
AC084851.3	0
AC084855.1	0.125601066
AC084855.2	0.06504872
AC084859.1	0.393175079
AC084864.1	0.196294562
AC084866.1	0.021613661
AC084866.2	0
AC084871.1	0.143496291
AC084871.2	0.190668285
AC084871.3	0
AC084876.1	0.242841791
AC084876.2	0.042038508
AC084878.1	0
AC084879.1	0
AC084879.2	0
AC084880.1	4.020616881
AC084880.2	0
AC084880.3	0.199197255
AC084880.4	0.062256334
AC084882.1	0
AC087045.1	0
AC087045.2	0.023876308
AC087045.3	0
AC087071.1	0.452297014
AC087071.2	0.104121464
AC087072.1	0
AC087072.2	0
AC087163.1	0.062855477
AC087163.2	0.631686487
AC087163.3	0.188162359
AC087164.1	0.026270224
AC087164.2	0.003825549
AC087190.1	0
AC087190.2	0
AC087190.3	0
AC087203.1	0.020277677
AC087203.2	0.052815235
AC087203.3	0.015480243
AC087222.1	0.427641725
AC087235.1	0
AC087239.1	0.293069154
AC087241.1	0.027911348
AC087241.2	0
AC087241.3	0
AC087241.4	0.024945767
AC087242.1	0.041867022
AC087257.1	0.013611938
AC087257.2	0.064514915
AC087258.1	0.006869747
AC087258.2	0
AC087260.1	0
AC087269.1	0.051779322
AC087272.1	0
AC087273.1	0
AC087273.2	0.302182165
AC087276.1	1.112335854
AC087276.2	0.030429398
AC087276.3	0
AC087277.1	0.044762498
AC087277.2	0.158595607
AC087280.1	0.011938154
AC087283.1	0
AC087284.1	0.068487903
AC087286.1	0.105404651
AC087286.2	0.798264554
AC087286.3	0
AC087286.4	0.160508959
AC087289.1	0.094177279
AC087289.2	0.388162468
AC087289.3	0.028385543
AC087289.4	0
AC087289.5	0.290392302
AC087292.1	0
AC087294.1	0.157655936
AC087301.1	0.335718738
AC087311.1	0.009711248
AC087311.2	0
AC087312.1	0
AC087318.1	0
AC087321.1	0
AC087341.1	0
AC087343.1	0.93270911
AC087354.1	0
AC087359.1	0.035546132
AC087360.1	0
AC087362.1	0.027589789
AC087362.2	0.187093255
AC087369.1	0
AC087373.1	0
AC087379.1	0.012058377
AC087379.2	0.025422438
AC087385.1	0.959452589
AC087385.2	0.192352905
AC087385.3	0
AC087386.1	0
AC087386.2	0
AC087388.1	0.236895056
AC087392.1	0.37966241
AC087392.2	0.245619863
AC087392.3	0.115987157
AC087392.4	0.615944872
AC087392.5	0.563192783
AC087393.1	0.247737275
AC087393.2	0
AC087393.3	0
AC087399.1	0
AC087430.1	0
AC087439.1	0
AC087439.2	0.01943826
AC087441.1	0
AC087441.2	0
AC087442.1	0.240441131
AC087457.1	0
AC087463.1	0
AC087463.2	0
AC087463.3	0
AC087463.4	0
AC087465.1	0
AC087468.1	0
AC087473.1	0
AC087477.1	0
AC087477.2	0.27998719
AC087477.3	0
AC087477.4	0
AC087477.5	0.16220893
AC087477.6	0
AC087481.1	0
AC087481.2	0
AC087481.3	2.105243636
AC087482.1	0.011797013
AC087491.1	0.738653889
AC087498.1	0
AC087499.1	0
AC087499.2	0.015965291
AC087499.3	0
AC087499.4	0
AC087499.5	0
AC087499.6	0
AC087499.7	0
AC087500.1	0.776394292
AC087500.2	0.264485244
AC087501.1	0.083734044
AC087501.2	0.046682138
AC087501.3	0
AC087501.4	0.534642224
AC087516.1	0
AC087516.2	0
AC087518.1	0
AC087521.1	1.57505989
AC087521.2	0.152580907
AC087521.3	0.167614604
AC087565.1	0
AC087575.1	0
AC087588.1	0
AC087588.2	0.056215814
AC087612.1	0
AC087620.1	0.133937006
AC087623.1	0.635223783
AC087623.2	0.69511801
AC087623.3	0.381683871
AC087623.4	0.137829851
AC087627.1	0.060291885
AC087632.1	0.017531432
AC087633.1	0
AC087633.2	0
AC087636.1	0
AC087639.1	0.039045549
AC087641.1	0.011727687
AC087645.1	0
AC087645.2	0.386931727
AC087645.3	0.020398583
AC087650.1	0.076756207
AC087664.1	0.033446839
AC087664.2	0.011773813
AC087664.3	0
AC087667.1	0
AC087672.1	0.055822696
AC087672.2	0.535421347
AC087683.1	0.190062989
AC087683.2	0.146919857
AC087685.1	0.086767886
AC087699.1	0
AC087721.1	0
AC087741.1	0.666259463
AC087741.2	1.113857517
AC087741.3	0.222234007
AC087742.1	0.113267268
AC087749.1	0.093987192
AC087749.2	0.136067822
AC087752.1	0.021458725
AC087752.2	0.042611987
AC087752.3	0.776872415
AC087752.4	0.85528345
AC087761.1	0
AC087762.1	0.018622035
AC087762.2	0.006780277
AC087763.1	0.20933511
AC087783.1	0
AC087783.2	0.106529967
AC087808.1	0
AC087821.1	0.02111811
AC087854.1	0.144613144
AC087855.1	0
AC087855.2	0
AC087857.1	0
AC087863.1	0
AC087878.1	0.020860572
AC087879.1	0
AC087883.1	0
AC087884.1	0
AC087885.1	0
AC087888.1	0
AC087893.1	0.072132339
AC087893.2	0
AC087894.1	0
AC087894.2	0
AC087894.3	0
AC087897.1	0
AC087897.2	0
AC089983.1	0
AC089984.1	0
AC089984.2	0.049849993
AC089984.3	0
AC089987.1	0.023197872
AC089987.2	0.020363892
AC089998.1	0.011436455
AC089998.2	0
AC089998.3	0.072863904
AC089998.4	0.026087077
AC089999.1	0
AC089999.2	0.062256334
AC090001.1	0.090711881
AC090004.1	1.040434699
AC090013.1	0.299349208
AC090017.1	0
AC090018.1	0.032626617
AC090022.1	0
AC090023.1	0
AC090023.2	0
AC090044.1	0.722774747
AC090049.1	0
AC090049.2	0
AC090058.1	0.055052728
AC090061.1	0.092593077
AC090071.1	0.037186237
AC090079.1	0
AC090079.2	0
AC090092.1	0.154502817
AC090093.1	0
AC090095.1	0
AC090099.1	0
AC090099.2	0
AC090099.3	0
AC090099.4	0
AC090103.1	0
AC090109.1	0
AC090114.1	0.534552156
AC090114.2	1.359675165
AC090114.3	0.866632205
AC090115.1	0.170447947
AC090116.1	0
AC090124.1	0
AC090124.2	0
AC090124.3	0
AC090125.1	0
AC090132.1	0
AC090132.2	0
AC090136.1	0
AC090136.2	0
AC090136.3	0.066637737
AC090138.1	0
AC090142.1	0.02591768
AC090142.2	0
AC090142.3	0
AC090150.1	0
AC090150.2	0
AC090151.1	0.082013482
AC090152.1	1.14724768
AC090155.1	0
AC090155.2	0
AC090159.1	0
AC090164.1	0.018033085
AC090164.2	0.069616095
AC090164.3	0
AC090181.1	0
AC090181.2	5.488068807
AC090181.3	1.115145001
AC090186.1	0.146534577
AC090192.1	0.02443667
AC090192.2	0.021652746
AC090193.1	0.012738264
AC090193.2	0
AC090197.1	0.067381647
AC090198.1	1.255868438
AC090200.1	0
AC090204.1	1.878269538
AC090206.1	0.035679286
AC090213.1	0
AC090220.1	0.007047656
AC090227.1	0.012792701
AC090227.2	0.035217554
AC090229.1	0.312558526
AC090236.1	0
AC090236.2	0.1957597
AC090241.1	0
AC090241.2	0.004680074
AC090241.3	0.036857155
AC090246.1	0.562158136
AC090260.1	0.04340641
AC090281.1	0.043383943
AC090282.1	0
AC090283.1	0
AC090286.1	0
AC090286.2	0.061195749
AC090286.3	0
AC090287.1	0
AC090311.1	0
AC090312.1	0
AC090312.2	0
AC090337.1	0.11546739
AC090340.1	0
AC090358.1	0
AC090360.1	0.11967831
AC090371.1	1.244606025
AC090371.2	0.006850096
AC090373.1	0
AC090376.1	0
AC090377.1	0
AC090386.1	0
AC090386.2	0
AC090398.1	0
AC090403.1	0.004682819
AC090409.1	0.379491906
AC090409.2	0.078517825
AC090415.1	0
AC090415.2	0
AC090424.1	0
AC090425.1	1.02634014
AC090425.2	0.525802999
AC090453.1	0
AC090457.1	0
AC090458.1	0
AC090498.1	9.590942672
AC090502.1	0.005112711
AC090502.2	0
AC090502.3	0
AC090502.4	0
AC090503.1	0
AC090503.2	0
AC090505.1	0.006528881
AC090505.2	0
AC090506.1	0
AC090506.2	0
AC090510.1	0
AC090510.2	0.304584249
AC090510.3	0
AC090515.1	0.301864747
AC090515.2	0.162969483
AC090515.3	0
AC090515.4	0.079826455
AC090515.5	0.068292595
AC090517.1	0
AC090517.2	0.4578282
AC090517.3	0
AC090518.1	0.023789341
AC090519.1	0.119500682
AC090519.2	0.091404338
AC090525.1	0
AC090525.2	0
AC090525.3	0
AC090527.1	0
AC090527.2	0
AC090527.3	0.109251536
AC090531.1	0
AC090539.1	0
AC090539.2	0
AC090541.1	0.153841135
AC090543.1	0.098754378
AC090543.2	0.275263639
AC090559.1	5.551273716
AC090559.2	0
AC090568.1	0
AC090568.2	0
AC090572.1	0
AC090572.2	0.015734518
AC090572.3	0
AC090574.1	0
AC090578.1	0
AC090579.1	0.475157472
AC090587.1	0.702925265
AC090587.2	0.522583057
AC090589.1	0.132309042
AC090589.2	0.03606617
AC090589.3	1.731427473
AC090592.1	0
AC090602.1	0
AC090607.1	0.346685051
AC090607.2	0.930351494
AC090607.3	0
AC090607.4	0
AC090607.5	0
AC090615.1	0
AC090616.1	0
AC090616.2	0
AC090616.3	0
AC090616.4	0
AC090616.5	0
AC090616.6	0.247282503
AC090617.1	0
AC090617.2	0.029638535
AC090617.3	0
AC090617.4	0.068033911
AC090617.5	2.648868835
AC090617.6	0
AC090617.7	0.071700409
AC090617.8	0.081455567
AC090617.9	0.178715945
AC090618.1	0.040936644
AC090621.1	0
AC090625.1	0
AC090625.2	0.023115769
AC090627.1	0
AC090630.1	0.119979642
AC090643.1	0.00386257
AC090643.2	0
AC090651.1	0.018886385
AC090666.1	0.188354558
AC090673.1	0.027786434
AC090673.2	0
AC090679.1	0
AC090680.1	0
AC090686.1	0.031973213
AC090692.1	0
AC090695.1	0.107785312
AC090696.1	0
AC090699.1	0
AC090707.1	0
AC090709.1	0.016723419
AC090735.1	0
AC090739.1	0.524283923
AC090740.1	0
AC090751.1	0.044846323
AC090753.1	0
AC090771.1	0.007400475
AC090771.2	0
AC090772.1	0.047234589
AC090772.2	0.02123044
AC090772.3	0.309531153
AC090772.4	1.95155837
AC090774.1	0
AC090774.2	0
AC090774.3	0
AC090791.1	0
AC090796.1	1.239962715
AC090802.1	0
AC090809.1	0
AC090819.1	0
AC090820.1	0
AC090821.1	0
AC090821.2	0
AC090825.1	0.862570916
AC090825.2	0
AC090826.1	0.007262819
AC090826.2	0
AC090833.1	0.007919291
AC090844.1	0
AC090844.2	0.248165146
AC090844.3	0.329223161
AC090857.1	0.030702483
AC090857.2	0
AC090877.1	0.104424142
AC090877.2	0.06200559
AC090888.1	0
AC090888.2	0
AC090888.3	0
AC090897.1	0
AC090907.1	0.317029711
AC090907.2	0.099783069
AC090912.1	0.147048734
AC090912.2	0.038971418
AC090912.3	0.022465231
AC090921.1	0.010020057
AC090922.1	0.341105187
AC090948.1	0.806988756
AC090948.2	0.509530566
AC090948.3	0.543283498
AC090950.1	0.147341694
AC090950.2	0.126996634
AC090952.1	0.026847463
AC090953.1	0.032895517
AC090954.1	0.033168887
AC090955.1	0
AC090957.1	0
AC090958.1	0
AC090960.1	0
AC090970.1	0.094283215
AC090970.2	0.124584641
AC090970.3	0.193574545
AC090971.1	0
AC090971.2	0.070435108
AC090971.3	0.874180203
AC090971.4	0.013304409
AC090971.5	0
AC090983.1	0
AC090984.1	0
AC090985.1	0
AC090987.1	0
AC090993.1	0
AC091013.1	0.006413481
AC091027.1	0
AC091027.2	0
AC091042.1	0.346068448
AC091043.1	0.026432601
AC091044.1	0.031930582
AC091045.1	0.067066604
AC091046.1	0
AC091046.2	0.036011935
AC091047.1	0
AC091053.1	0
AC091053.2	0.066893678
AC091057.1	0.111098675
AC091057.2	0.090711881
AC091057.3	0.065342255
AC091059.1	0
AC091059.2	0.039003154
AC091060.1	0.101704148
AC091062.1	0
AC091073.1	0
AC091076.1	0
AC091078.1	0.009769351
AC091078.2	0.021420337
AC091078.3	0
AC091096.1	0
AC091096.2	0
AC091100.1	0.025433238
AC091114.1	0.016924337
AC091117.1	0
AC091117.2	0
AC091132.1	0
AC091132.2	0.12456664
AC091132.3	0
AC091132.4	0
AC091132.5	0.031538108
AC091132.6	0.101474308
AC091133.1	0
AC091133.2	0
AC091133.3	0
AC091133.4	0
AC091133.5	0.35802563
AC091135.1	0
AC091138.1	0
AC091144.1	0
AC091144.2	0.055307013
AC091151.1	0
AC091152.1	0
AC091152.2	0.032626617
AC091152.3	0
AC091152.4	0.027502655
AC091153.1	0.863793733
AC091153.2	0.027976561
AC091153.3	0.025368577
AC091153.4	0.074837302
AC091163.1	0.019791683
AC091163.2	0
AC091163.3	0
AC091167.1	0
AC091167.2	0.043677842
AC091167.3	0
AC091167.4	0.053574802
AC091167.5	0.115970637
AC091167.6	0.092463076
AC091170.1	0.005467565
AC091173.1	0
AC091175.1	0.020933511
AC091178.1	0.045932269
AC091178.2	0
AC091179.1	0
AC091179.2	0
AC091180.1	0
AC091180.2	0.05436535
AC091180.3	0
AC091180.4	0.14662002
AC091180.5	0.062690934
AC091181.1	0.045658602
AC091182.1	0.259873811
AC091182.2	0.020716208
AC091185.1	0.498915346
AC091193.1	0
AC091198.1	0
AC091212.1	0.090941531
AC091230.1	0.001762692
AC091231.1	0.06124792
AC091271.1	1.133508187
AC091286.1	1.376616747
AC091304.1	0.00386257
AC091304.2	0.015755221
AC091304.3	0
AC091304.4	0
AC091304.5	0
AC091304.6	0
AC091304.9	0
AC091305.1	0.24312626
AC091390.1	0.108525392
AC091390.2	0.16007979
AC091390.3	0.531389126
AC091390.4	0.27507765
AC091393.1	0
AC091429.1	0.110359155
AC091435.1	0.061510111
AC091435.2	0.211928643
AC091488.1	0.072569505
AC091489.1	0
AC091489.2	0
AC091492.1	0.396197481
AC091493.1	0
AC091515.1	0
AC091516.1	0.051098016
AC091534.1	0.00508233
AC091544.1	0
AC091544.2	0.409319792
AC091544.3	0.140046413
AC091544.4	0.621944355
AC091544.5	0.536949251
AC091544.6	0
AC091544.7	0.199013324
AC091551.1	0.100930001
AC091563.1	3.104951888
AC091564.1	0.124989231
AC091564.2	0
AC091564.3	0
AC091564.4	0
AC091564.5	0.024587204
AC091564.6	0
AC091588.1	0.233475705
AC091588.2	0.229010323
AC091588.3	0.85528345
AC091607.1	0
AC091614.1	0
AC091675.1	0
AC091685.1	0
AC091685.2	0.041576279
AC091691.1	0
AC091691.2	0
AC091705.1	0
AC091729.1	0.01377902
AC091729.2	0
AC091729.3	0.861264454
AC091730.1	0
AC091736.1	0
AC091769.1	0
AC091770.1	0
AC091799.1	0.029528898
AC091804.1	0.02111811
AC091805.1	0
AC091805.2	0.050953057
AC091806.1	0.161188035
AC091807.1	0.015510322
AC091808.1	0.060936225
AC091810.1	0
AC091812.1	0
AC091812.2	0.031101216
AC091812.3	0
AC091814.1	0.066614566
AC091819.1	0
AC091819.2	0
AC091820.1	0
AC091820.2	0
AC091825.1	0.584764572
AC091826.1	0
AC091826.2	0
AC091834.1	0
AC091839.1	0
AC091849.1	0.69270891
AC091849.2	4.343159024
AC091860.1	0
AC091860.2	0
AC091862.1	0
AC091868.1	0.315104429
AC091868.2	0.021535914
AC091874.1	0
AC091874.2	0
AC091874.3	0
AC091885.1	0
AC091885.2	0
AC091887.1	0.218204434
AC091891.1	0.052212071
AC091891.2	0.081424794
AC091893.1	0
AC091895.1	0
AC091903.1	0
AC091905.1	0
AC091905.2	0
AC091905.3	0
AC091905.4	0.059277071
AC091906.1	0.06124792
AC091912.1	0
AC091912.2	0
AC091917.1	0
AC091917.2	0
AC091917.3	0
AC091925.1	0.051835361
AC091925.2	0
AC091931.1	0
AC091932.1	0
AC091932.2	0
AC091932.3	0
AC091932.4	0
AC091939.1	0
AC091941.1	0
AC091944.1	0
AC091946.1	0.014053953
AC091946.2	0.123442972
AC091948.1	0.4888536
AC091951.1	0.004857594
AC091951.2	0.058985066
AC091951.3	0
AC091951.4	0
AC091953.1	0
AC091953.2	0
AC091953.3	0
AC091953.4	0
AC091953.5	0
AC091959.1	0
AC091959.2	0.074604164
AC091959.3	0.025314944
AC091962.1	0
AC091965.1	0.086143657
AC091965.2	0
AC091965.3	0
AC091965.4	0.081594333
AC091965.5	0.245081223
AC091979.1	0
AC091979.2	0
AC091980.1	0
AC091980.2	0
AC091982.1	0.210069619
AC091982.2	0.010738985
AC091982.3	1.915834929
AC091987.1	0
AC092001.1	0
AC092013.1	0
AC092017.1	0.236208783
AC092017.2	0.066154521
AC092028.1	0
AC092032.1	0.507986534
AC092035.1	0
AC092042.1	0.235244957
AC092042.2	0.036175131
AC092042.3	0.101351606
AC092045.1	0.097270254
AC092047.1	0.149674604
AC092053.1	0
AC092059.1	0
AC092066.1	0.037772771
AC092067.1	0.02453682
AC092068.1	0.131871898
AC092068.2	0.02804208
AC092068.3	0.03563681
AC092069.1	0
AC092070.1	0
AC092070.2	2.72268717
AC092070.3	0.071062126
AC092070.4	0
AC092071.1	7.611866919
AC092073.1	0
AC092078.1	0.036842979
AC092078.2	0.144264678
AC092079.1	0
AC092098.1	0.013700193
AC092100.1	0
AC092104.1	0.008309485
AC092106.1	0.049174408
AC092106.2	0
AC092111.1	0.374409372
AC092111.2	0.101617836
AC092112.1	0.018709325
AC092114.1	0
AC092115.1	0.102487603
AC092115.2	0
AC092115.3	0.060678893
AC092117.1	0.228426472
AC092117.2	0.028870327
AC092118.1	0.90626061
AC092118.2	0.484703365
AC092119.1	0
AC092119.2	0.224863255
AC092119.3	0.102692696
AC092120.1	0
AC092120.2	0.04216186
AC092121.1	0
AC092123.1	0.343750286
AC092125.1	0
AC092127.1	0.020794156
AC092127.2	0.139463857
AC092130.1	0
AC092131.1	0.021850307
AC092132.1	0
AC092132.2	0
AC092134.1	0.254446826
AC092134.2	0
AC092135.1	0.040708003
AC092135.2	0.023663969
AC092135.3	0.168647441
AC092138.1	0
AC092138.2	0
AC092139.1	0
AC092139.2	0
AC092139.3	0.034284805
AC092140.1	0.043621014
AC092140.2	0.597549282
AC092142.1	0.441758054
AC092142.2	0.033824769
AC092143.1	0
AC092143.2	0
AC092143.3	0.085681347
AC092145.1	0.054114072
AC092155.1	0.02804208
AC092155.2	0.301231907
AC092159.1	0
AC092159.2	0.083369666
AC092159.3	0
AC092159.4	0.087083406
AC092162.1	0
AC092162.2	0.00905404
AC092162.3	0.110596998
AC092164.1	0.616184739
AC092167.1	0.024189835
AC092168.1	0
AC092168.2	0.016700095
AC092170.1	0
AC092171.1	0.159016843
AC092171.2	2.489819309
AC092171.3	0.442643868
AC092171.4	0.265246133
AC092171.5	0.966052645
AC092175.1	0
AC092183.1	0
AC092184.1	0
AC092185.1	0
AC092198.1	0.017798541
AC092265.1	0
AC092266.1	0
AC092268.1	0
AC092278.1	0
AC092279.1	0.699528956
AC092279.2	0.634527329
AC092284.1	0
AC092287.1	0.258617026
AC092295.1	0.055179577
AC092295.2	0.584935233
AC092296.1	0.021155421
AC092296.2	0.011985954
AC092296.3	0
AC092301.1	0.156727334
AC092316.1	0
AC092324.1	0
AC092325.1	0
AC092326.1	0
AC092326.2	0
AC092327.1	0.04828213
AC092327.2	0
AC092329.1	0
AC092329.2	0
AC092332.1	0.02888774
AC092335.1	0
AC092336.1	0
AC092337.1	0
AC092338.1	0.141536268
AC092338.2	0.008229531
AC092343.1	0.197102359
AC092349.1	0
AC092354.1	0.350302264
AC092354.2	0.931826327
AC092364.1	0.013001051
AC092364.2	0.05782377
AC092368.1	0
AC092368.2	0
AC092368.3	1.490160732
AC092375.1	0.014728128
AC092375.2	0.266088185
AC092375.3	0
AC092376.1	0.071486378
AC092376.2	0.194911535
AC092378.1	0.004493046
AC092378.2	0
AC092384.1	0.085905954
AC092384.2	0.113590147
AC092384.3	0.029174305
AC092393.1	0
AC092418.1	0.038439706
AC092421.1	0
AC092422.1	0.041006741
AC092423.1	0
AC092427.1	0.016793784
AC092431.1	0.313603932
AC092431.2	0.075307977
AC092435.1	0.029897549
AC092435.2	0
AC092435.3	0
AC092435.4	0
AC092436.1	0.071415318
AC092436.2	0.029133743
AC092436.3	0
AC092436.4	0.148744948
AC092437.1	0.182808676
AC092440.1	0
AC092447.1	0
AC092447.10	0.01449633
AC092447.2	0.017898308
AC092447.3	0
AC092447.4	0
AC092447.5	0.004368467
AC092447.6	0
AC092447.7	0
AC092447.8	0
AC092447.9	0.083152558
AC092451.1	0
AC092451.2	0.01819752
AC092451.3	0.008915836
AC092468.1	0
AC092470.1	0
AC092471.1	0.195937663
AC092471.2	0
AC092473.1	0
AC092474.1	0
AC092474.2	0
AC092484.1	0
AC092490.1	0.173383481
AC092490.2	0
AC092490.3	0
AC092506.1	0
AC092535.1	0.027653506
AC092535.2	0.059670938
AC092535.3	0.046500848
AC092535.4	1.206445169
AC092542.1	0
AC092546.1	0
AC092552.1	0
AC092567.1	0
AC092568.1	0
AC092569.1	0.696160948
AC092570.1	0
AC092570.2	0
AC092570.3	0
AC092573.1	0
AC092573.2	0
AC092574.1	0.34211338
AC092574.2	0.159016843
AC092580.1	0.01819752
AC092580.2	0
AC092580.3	0.086143657
AC092587.1	0.143186467
AC092590.1	0
AC092593.1	0
AC092593.2	0
AC092597.1	0.272135643
AC092598.1	0.0150238
AC092601.1	0
AC092608.1	0
AC092608.2	0
AC092608.3	0
AC092611.1	0.065354993
AC092611.2	1.339193824
AC092611.3	4.419361561
AC092612.1	0
AC092614.1	0.645461438
AC092620.1	0
AC092620.2	0.011392929
AC092620.3	0.012996348
AC092625.1	0.030468113
AC092628.1	0
AC092628.2	0
AC092634.1	0
AC092634.2	0
AC092634.3	0.093987192
AC092634.4	0.123020222
AC092634.5	0.006451492
AC092634.6	0
AC092634.7	0
AC092637.1	0
AC092638.1	0
AC092638.2	0
AC092639.1	0
AC092641.1	0.232654825
AC092642.1	0
AC092645.1	0.569185113
AC092646.1	0
AC092646.2	0
AC092647.1	0
AC092647.2	0.047327938
AC092647.3	0
AC092647.4	0
AC092647.5	0.04148026
AC092648.1	0
AC092650.1	0.020780924
AC092650.2	0
AC092651.1	0
AC092651.2	1.507212794
AC092652.1	0.016291113
AC092652.2	0.067726065
AC092653.1	0.360797538
AC092653.2	0.116705344
AC092656.1	0.048635127
AC092658.1	0.040316392
AC092660.1	0
AC092666.1	0.034707155
AC092666.2	0
AC092667.1	0.078715182
AC092669.1	0
AC092673.1	0
AC092674.1	0
AC092675.1	0.061721486
AC092675.2	0.022133028
AC092681.1	0.617214861
AC092681.2	0.055070813
AC092681.3	0
AC092683.1	0.04991044
AC092683.2	0.027738923
AC092685.1	0
AC092687.1	0
AC092687.2	0
AC092687.3	1.188256397
AC092691.1	1.318433333
AC092691.2	0.029823084
AC092691.3	0
AC092692.1	0.02307123
AC092701.1	0
AC092709.1	0
AC092718.1	0.033016457
AC092718.2	0.111107486
AC092718.3	0.387256414
AC092718.4	2.659023688
AC092718.5	0.424035977
AC092718.6	0.04828213
AC092718.7	0.249457673
AC092720.1	0.061812521
AC092720.2	0
AC092723.1	0.025261537
AC092723.2	0
AC092724.1	0
AC092725.1	0
AC092745.1	0.014070468
AC092745.2	0.386257042
AC092745.3	0.055435038
AC092746.1	0
AC092747.1	0.019469867
AC092747.2	0.121810461
AC092747.3	0
AC092747.4	3.513050346
AC092754.1	0.049995692
AC092754.2	0
AC092755.1	0
AC092755.2	0.178715945
AC092756.1	0.106910431
AC092757.1	0
AC092757.2	0.22699466
AC092757.3	0.242566577
AC092783.1	0
AC092794.1	0.925822292
AC092794.2	0.042536299
AC092798.1	0.234209649
AC092800.1	0.020680429
AC092801.1	0.061827719
AC092802.1	0.492342809
AC092802.2	0.168885308
AC092802.3	0
AC092803.1	0
AC092803.2	0.788175902
AC092807.1	0
AC092807.2	0.492755897
AC092809.1	0
AC092809.2	0.385855528
AC092809.3	0.362847524
AC092809.4	0.108607422
AC092810.1	0
AC092810.2	0
AC092810.3	0
AC092811.1	0.024141065
AC092813.1	0.032449779
AC092813.2	0
AC092814.1	0.031020643
AC092818.1	0.037477209
AC092819.1	0.013882862
AC092821.1	0.087665719
AC092821.2	0.023455374
AC092824.1	0
AC092828.1	0.017768827
AC092832.1	0
AC092832.2	0
AC092834.1	0.297994686
AC092835.1	0.207881394
AC092839.1	0.089357972
AC092839.2	0.222328324
AC092849.1	0.355662425
AC092849.2	0.035957863
AC092850.1	0
AC092851.1	0.050100286
AC092862.1	0.044930463
AC092865.1	0.038939734
AC092865.2	0
AC092868.1	0.05972054
AC092868.2	0.120462458
AC092868.3	0.015272919
AC092881.1	0.059915931
AC092892.1	0.124404866
AC092894.1	0.114913323
AC092896.1	0.031510443
AC092902.1	0.462315379
AC092902.2	0.272135643
AC092902.3	0.128407167
AC092903.1	0
AC092903.2	0.308462884
AC092905.1	0
AC092910.1	0.021211636
AC092910.2	0.06881591
AC092910.3	0.218303889
AC092916.1	0
AC092916.2	0
AC092919.1	0.156864214
AC092919.2	0.225649251
AC092920.1	0
AC092924.1	0
AC092925.1	0
AC092933.1	0
AC092941.1	0
AC092941.2	0
AC092943.1	0.013637777
AC092944.1	0.333471915
AC092944.2	0.228973522
AC092952.1	0
AC092953.1	0.154360549
AC092953.2	1.850055189
AC092954.1	0.188354558
AC092954.2	0.13923219
AC092957.1	0
AC092958.1	0.004223622
AC092958.2	0
AC092960.1	0
AC092964.1	0.025676844
AC092966.1	0
AC092967.1	0
AC092978.1	0.282173433
AC092979.1	0.016936306
AC092989.1	0.043227322
AC092991.1	0
AC092994.1	0
AC092999.1	0.09957562
AC093001.1	0.02173134
AC093004.1	0
AC093010.1	0
AC093010.2	0.015445299
AC093010.3	13.80679133
AC093012.1	0.061404966
AC093014.1	0.01653863
AC093019.1	0.047515747
AC093019.2	0.062364418
AC093023.1	0
AC093025.1	0
AC093027.1	0
AC093028.1	0
AC093063.1	0
AC093072.1	0
AC093074.1	0
AC093083.1	0
AC093084.1	0
AC093106.1	0.034016955
AC093106.2	0
AC093107.1	0.019661689
AC093107.2	0.188354558
AC093110.1	10.21081116
AC093117.1	0.011030832
AC093142.1	0
AC093151.1	0
AC093151.2	0.182344695
AC093151.3	0.008156654
AC093152.1	0.02123044
AC093155.1	0
AC093155.2	0
AC093155.3	0.01189664
AC093156.1	0
AC093157.1	1.129937854
AC093157.2	0.499658886
AC093158.1	0.034016955
AC093159.1	1.299062599
AC093159.2	0
AC093162.1	0.772514084
AC093162.2	2.602297089
AC093166.1	0
AC093166.2	0
AC093166.3	0.039518047
AC093166.4	0
AC093206.1	0.072277475
AC093214.1	0
AC093225.1	0.085042389
AC093227.1	1.100548557
AC093227.2	0.015253463
AC093248.1	0
AC093249.1	0
AC093249.2	0.024842258
AC093249.3	0.056480983
AC093249.4	0.046231538
AC093249.5	0
AC093249.6	0.344199437
AC093259.1	0
AC093270.1	0.073913385
AC093270.2	0
AC093274.1	0.004390894
AC093278.1	0.039913228
AC093278.2	2.534530112
AC093281.1	0
AC093281.2	0
AC093283.1	0.011138575
AC093286.1	0
AC093292.1	0
AC093297.1	0.020260522
AC093297.2	1.950467622
AC093300.1	0
AC093303.1	0
AC093305.1	0
AC093311.1	0.02962387
AC093323.1	6.435166004
AC093323.2	0.029347962
AC093325.1	0
AC093326.1	0.141424823
AC093330.1	0.01449633
AC093330.2	0.098834656
AC093331.1	0
AC093331.2	0
AC093334.1	0.028307254
AC093367.1	0.199566138
AC093382.1	0.537090927
AC093388.1	0.389850131
AC093390.1	0.024630555
AC093392.1	0
AC093392.2	0
AC093414.1	0
AC093422.1	0.021691972
AC093422.2	0.017454764
AC093422.3	0.039258912
AC093423.1	0
AC093423.2	0.356205007
AC093423.3	0
AC093424.1	0.070851883
AC093425.1	0.018135507
AC093426.1	0
AC093433.1	0.020970172
AC093458.1	0.269683971
AC093458.2	0.361693796
AC093459.1	0
AC093462.1	0.071146573
AC093484.1	0.351437225
AC093484.2	0.027640739
AC093484.3	0
AC093484.4	0.748373019
AC093495.1	1.291339546
AC093496.1	0
AC093503.1	0.08502226
AC093503.2	0
AC093503.3	0.061091675
AC093510.1	0
AC093510.2	0.267276078
AC093512.1	0
AC093515.1	0
AC093519.1	0
AC093520.1	0
AC093520.2	0.179789314
AC093523.1	0.023995928
AC093524.1	0
AC093525.1	0.020090551
AC093525.10	0.022894777
AC093525.2	0.018478346
AC093525.3	0
AC093525.4	0.026087077
AC093525.5	0
AC093525.6	0.095743875
AC093525.7	0.023115769
AC093525.8	1.035007693
AC093525.9	0.075437372
AC093534.1	0
AC093534.2	0
AC093535.1	0.28357533
AC093535.2	1.024428071
AC093536.1	0.259363934
AC093536.2	0
AC093567.1	0.409599828
AC093578.1	0
AC093579.1	0
AC093580.1	0
AC093581.1	0
AC093582.1	0.279910947
AC093583.1	0.025050143
AC093585.1	0.111906246
AC093591.1	0.19915124
AC093591.2	0.015578934
AC093599.1	0
AC093607.1	0.068130687
AC093616.1	0.217188924
AC093620.1	0.328616626
AC093627.1	0
AC093627.2	0
AC093627.3	0.020860572
AC093627.4	0.927872083
AC093627.5	0.388389586
AC093627.6	0
AC093627.7	0.003732534
AC093635.1	0.345195483
AC093639.1	0
AC093642.1	0.021192864
AC093642.2	0.044855657
AC093648.1	0.21734926
AC093655.1	0
AC093655.2	0
AC093663.1	0.12156313
AC093663.2	0.114766469
AC093664.1	0.041432416
AC093668.1	0
AC093668.2	0
AC093671.1	0
AC093673.1	16.75985996
AC093673.2	0.036175131
AC093677.1	0
AC093677.2	0.186390274
AC093689.1	0
AC093690.1	0.119172196
AC093698.1	0
AC093698.2	0
AC093700.1	0.200401143
AC093702.1	0.032626617
AC093714.1	0
AC093714.2	0
AC093716.1	0.031761189
AC093720.1	0.016770264
AC093722.1	0
AC093724.1	0.209865073
AC093725.1	0
AC093725.2	0
AC093726.1	3.730208195
AC093726.2	1.058082619
AC093729.1	0
AC093730.1	0
AC093732.1	0.26133661
AC093732.2	0.174802457
AC093734.1	0
AC093752.1	1.273186876
AC093752.2	0.041793956
AC093752.3	0.890406078
AC093755.1	0
AC093763.1	0
AC093763.2	0
AC093765.1	0
AC093766.1	0.011232616
AC093767.1	0
AC093770.1	0
AC093772.1	0.211239924
AC093775.1	0
AC093783.1	0
AC093787.1	0.983369378
AC093788.1	0.167919728
AC093789.1	0.092249371
AC093797.1	0.267724277
AC093799.1	0.870080742
AC093801.1	0.093790874
AC093801.2	0
AC093802.1	0.003697952
AC093802.2	0
AC093809.1	0.035217554
AC093810.1	0
AC093813.1	0
AC093815.1	0
AC093816.1	0.013114971
AC093817.1	0.014746266
AC093821.1	0
AC093824.1	0
AC093826.1	0
AC093826.2	0
AC093827.1	0.055628192
AC093827.2	0
AC093827.3	0.3667702
AC093829.1	0
AC093831.1	0
AC093831.2	0
AC093833.1	0
AC093835.1	0
AC093838.1	0
AC093840.1	0.03563681
AC093843.1	0
AC093844.1	0.008797919
AC093849.1	0.005420538
AC093850.1	0.047705053
AC093852.1	0
AC093853.1	0.074372474
AC093857.1	0.015755221
AC093864.1	0.176796847
AC093865.1	0.193574545
AC093870.1	0
AC093871.1	0
AC093875.1	0
AC093878.1	0
AC093879.1	0
AC093879.2	0
AC093890.1	2.527837753
AC093893.1	0
AC093895.1	0.059049707
AC093899.1	0
AC093899.2	0
AC093901.1	1.198619912
AC093903.1	0.088696062
AC093904.1	0
AC093904.2	0
AC093904.3	0
AC093904.4	0.010975223
AC093908.1	0.322580955
AC093909.1	0.480239371
AC093909.2	0
AC093909.3	0
AC093909.4	0
AC093909.5	0.006655902
AC093909.6	2.332992534
AC093911.1	0.195227744
AC093913.1	0
AC093915.1	0.015520374
AC094019.1	0.482002961
AC094085.1	0
AC094103.1	0.008528467
AC094104.1	0
AC094104.2	0
AC094105.1	0
AC094108.1	0
AC095030.1	0
AC095031.1	0.089092026
AC095032.1	0.037535951
AC095032.2	0
AC095033.1	0
AC095038.1	0
AC095038.2	0
AC095040.1	0
AC095041.1	0
AC095050.1	1.018779624
AC095050.2	0
AC095052.1	0.013874818
AC095055.1	0.344265037
AC095056.1	0
AC095057.1	0
AC095057.2	0
AC095057.3	1.241898182
AC095059.1	0
AC095059.2	0
AC095060.1	0
AC095350.1	0
AC096531.1	0.335718738
AC096531.2	1.385138615
AC096533.1	0.440967671
AC096536.1	0.281740431
AC096536.2	0.069819057
AC096536.3	0.749674537
AC096537.1	0.02971208
AC096537.2	0
AC096540.1	0.235494082
AC096541.1	0.033132176
AC096543.1	0
AC096543.2	0
AC096553.1	0
AC096554.1	0
AC096558.1	0.051556376
AC096558.2	0
AC096559.1	0
AC096564.1	0.289786261
AC096564.2	0.015219534
AC096570.1	0
AC096576.1	0
AC096576.2	0
AC096576.3	0
AC096577.1	0.011535615
AC096577.2	0
AC096582.1	0
AC096582.2	0
AC096586.1	0
AC096586.2	0.380125978
AC096588.1	0
AC096631.1	0
AC096631.2	0
AC096632.1	0
AC096632.2	0.00966422
AC096633.1	0.015986607
AC096636.1	0
AC096637.1	0.275263639
AC096637.2	1.084103166
AC096638.1	0.055435038
AC096638.2	0
AC096639.1	0
AC096642.1	0.087033435
AC096644.1	0
AC096644.2	0
AC096644.3	0
AC096644.4	0
AC096649.1	0.048184983
AC096649.2	0
AC096656.1	0.008778569
AC096659.1	0
AC096661.1	0
AC096664.1	0
AC096664.2	0.029492533
AC096666.1	0
AC096669.1	0
AC096677.1	1.091744169
AC096677.2	0
AC096677.3	0.030940487
AC096708.1	0.01819752
AC096708.2	0.042840674
AC096708.3	0.021691972
AC096711.1	0.034507113
AC096711.2	0.02637438
AC096711.3	0.041147657
AC096713.1	0.024486643
AC096719.1	0.025558097
AC096720.1	0.654315208
AC096720.2	0.185114237
AC096721.1	0
AC096725.1	0
AC096732.1	0
AC096733.1	0
AC096733.2	1.099474852
AC096734.1	0
AC096734.2	0.082960519
AC096736.1	0
AC096736.2	0
AC096736.3	0
AC096741.1	0.037594877
AC096743.1	0
AC096745.1	0
AC096745.2	0.056303926
AC096746.1	0.022982665
AC096751.1	0.048939925
AC096751.2	0.090711881
AC096754.1	0
AC096759.1	0
AC096759.2	0
AC096772.1	0
AC096773.1	0.073913385
AC096775.1	0.026727608
AC096861.1	0.049891535
AC096887.1	0.258528861
AC096887.2	0.226385706
AC096888.1	0.063578593
AC096915.1	0.046773314
AC096920.1	0.671107368
AC096921.1	0.127722329
AC096921.2	2.949745846
AC096922.1	0
AC096947.1	0.025476528
AC096949.1	0
AC096992.1	0
AC096992.2	0.810589303
AC096996.1	0
AC096996.2	0.028107907
AC097059.1	0.049891535
AC097059.2	0.080905191
AC097063.1	0.00666331
AC097065.1	0
AC097065.2	0
AC097066.1	0
AC097103.1	0.04386069
AC097103.2	0.61564271
AC097110.1	0
AC097173.1	0
AC097173.2	0.025261537
AC097262.1	0.021850307
AC097263.1	0.197590236
AC097347.1	0.115802401
AC097358.1	0
AC097358.2	0.010331293
AC097359.1	0.025861703
AC097359.2	0.71172185
AC097359.3	0.019791683
AC097372.1	0
AC097372.2	0
AC097372.3	0.128476055
AC097372.4	0.03184566
AC097374.1	0.008389832
AC097374.2	0
AC097375.1	0.02453682
AC097375.2	0
AC097375.3	0
AC097376.1	0.077251408
AC097376.2	0.612698655
AC097381.1	0.046195865
AC097381.2	0.013939428
AC097381.3	0.051835361
AC097382.1	0
AC097382.2	0.030631082
AC097451.1	0
AC097460.1	0.027943917
AC097460.2	0.016159201
AC097460.3	0
AC097461.1	0.640932015
AC097462.1	0.036956692
AC097462.2	0
AC097463.1	0
AC097463.2	0
AC097467.1	0
AC097467.2	0
AC097467.3	0.006678175
AC097467.4	0
AC097468.1	0.096176452
AC097468.2	0
AC097468.3	1.339193824
AC097473.1	0
AC097474.1	0.017467496
AC097478.1	0.011837833
AC097478.2	0.023295658
AC097478.3	0.013731615
AC097478.4	0.022938637
AC097480.1	0
AC097484.1	0
AC097484.2	0
AC097486.1	0
AC097487.1	0
AC097488.1	0.015838582
AC097491.1	0
AC097493.1	0.354068955
AC097493.2	0.030702483
AC097493.3	0
AC097494.1	0
AC097499.1	0
AC097501.1	0
AC097501.2	0
AC097504.1	0
AC097504.2	0.290118175
AC097505.1	0.169542914
AC097510.1	0
AC097512.1	0
AC097515.1	0.147624267
AC097518.1	0
AC097520.1	0
AC097521.1	0
AC097522.1	0
AC097523.1	0.2443667
AC097523.2	0
AC097527.1	0
AC097532.1	0
AC097532.2	0.021356662
AC097533.1	0.024997846
AC097534.1	0.229826647
AC097534.2	0.561504726
AC097535.1	0
AC097535.2	0
AC097537.1	0.029614101
AC097625.1	0.083442288
AC097634.1	0.092219456
AC097634.2	0
AC097634.3	0.073012002
AC097636.1	0
AC097637.1	0
AC097637.2	0.041971847
AC097638.1	0.139502543
AC097639.1	1.203095705
AC097639.2	0
AC097641.1	0
AC097641.2	0.361283526
AC097652.1	0.226565152
AC097658.1	0.113631965
AC097658.2	0
AC097662.1	0.229511988
AC097713.1	0.021305993
AC097713.2	0.033634742
AC097714.1	0
AC097716.1	0
AC097717.1	0.003597947
AC097721.1	0.019112479
AC097724.1	0.056215814
AC098476.1	0.922871704
AC098479.1	0.388765205
AC098483.1	0
AC098483.2	0
AC098484.1	1.855470295
AC098484.2	0.159387265
AC098487.1	0.917360475
AC098583.1	1.925226277
AC098583.2	0
AC098587.1	0
AC098590.1	0.040046717
AC098590.2	0.255671921
AC098591.1	0.05938732
AC098591.2	0.380125978
AC098592.1	0
AC098592.2	0
AC098613.1	1.277710033
AC098614.1	1.896548
AC098614.2	0.093913477
AC098614.3	0
AC098614.4	0.777530409
AC098617.1	0.104525427
AC098649.1	0
AC098657.1	0
AC098657.2	0
AC098657.3	0
AC098679.1	0
AC098679.2	0.102652936
AC098679.3	0
AC098679.4	0
AC098680.1	0
AC098798.1	0.00827503
AC098799.1	0
AC098799.2	0
AC098799.3	0
AC098818.1	0.047515747
AC098818.2	0.041289546
AC098820.1	0.333769151
AC098820.2	0
AC098820.3	0.061342051
AC098824.1	0.07331001
AC098826.1	0
AC098826.2	0
AC098826.3	0
AC098827.1	0.215423718
AC098828.1	0.544271287
AC098828.2	0
AC098828.3	0
AC098829.1	0.184824208
AC098831.1	0
AC098847.1	0.010748625
AC098848.1	0.126708659
AC098850.1	0.069819057
AC098850.2	0
AC098850.3	0.07208318
AC098850.4	0
AC098851.1	0.840278478
AC098859.1	0.038688104
AC098859.2	0.042536299
AC098862.1	0.028992659
AC098864.1	0.004314166
AC098868.1	0
AC098869.1	0.123020222
AC098869.2	0.583418409
AC098872.1	0.022051507
AC098934.1	0.26716765
AC098934.2	0.056748665
AC098934.3	0.945313287
AC098934.4	0
AC098935.1	0.156778636
AC098935.2	0
AC098936.1	0.008300845
AC098965.1	0
AC098976.1	0
AC099063.1	0
AC099063.2	0.036175131
AC099066.1	0
AC099066.2	0.007826123
AC099066.3	0.079561251
AC099313.1	0
AC099314.1	0.042611987
AC099328.1	0
AC099328.2	0
AC099329.1	0.030608303
AC099329.2	0.079156668
AC099329.3	0
AC099335.1	0.062784853
AC099336.1	0.015331586
AC099336.2	4.949868788
AC099340.1	0.039979861
AC099342.1	0.008106952
AC099343.1	0
AC099343.2	0.174547643
AC099343.3	1.425586318
AC099344.1	0
AC099344.2	0.019127745
AC099398.1	0
AC099482.1	0.074681715
AC099487.1	0
AC099489.1	0.131658794
AC099489.2	0.046053724
AC099489.3	0
AC099494.1	0
AC099494.2	0.208136463
AC099494.3	0.027814096
AC099499.1	0
AC099506.1	0
AC099506.2	0
AC099508.1	0
AC099508.2	0.023478369
AC099509.1	0.018364982
AC099509.2	0
AC099511.1	0
AC099513.1	0.318245005
AC099518.1	0.185091068
AC099518.2	0.119059344
AC099518.3	0.02637438
AC099518.4	0.223651707
AC099518.5	0
AC099518.6	0.558785188
AC099520.1	0
AC099520.2	0
AC099521.1	0.176433718
AC099521.2	0.093737669
AC099522.1	0.040774012
AC099522.2	0.515009389
AC099524.1	0.055721673
AC099535.1	0.096824542
AC099541.1	0.017871594
AC099542.1	0.018991226
AC099542.2	0
AC099548.1	0
AC099548.2	0.112307565
AC099550.1	0.041242141
AC099552.1	0
AC099552.2	0.026258702
AC099552.3	0
AC099552.4	0
AC099554.1	0
AC099560.1	0
AC099560.2	1.596529107
AC099563.1	0
AC099566.1	0
AC099567.1	0
AC099568.1	0.235244957
AC099568.2	0.361803359
AC099654.1	0
AC099654.2	0.006047459
AC099654.3	0
AC099654.4	0
AC099667.1	0.153185096
AC099668.1	0
AC099669.1	0.393880536
AC099669.2	0
AC099670.1	0
AC099670.2	0
AC099673.1	0
AC099676.1	2.606206191
AC099677.1	3.421133802
AC099677.2	0
AC099677.3	0
AC099677.4	0
AC099681.1	0
AC099681.2	0.022051507
AC099681.3	0.01275183
AC099684.1	0.023239143
AC099684.2	0.06881591
AC099684.3	0
AC099687.1	0.070435108
AC099689.1	0.009196596
AC099730.1	0
AC099754.1	0
AC099778.1	0.344619705
AC099778.2	0.11349733
AC099782.1	0
AC099785.1	0
AC099786.1	0
AC099786.2	0
AC099786.3	0
AC099788.1	0
AC099789.1	0
AC099791.1	0.033493618
AC099791.2	0.112168321
AC099792.1	0.045975134
AC099793.1	0
AC099794.1	0.026787401
AC099794.2	0
AC099796.1	0.035062865
AC099796.2	0
AC099799.1	0
AC099804.1	0.100621582
AC099811.1	0.048023937
AC099811.2	0
AC099811.3	0.253566388
AC099811.4	0.04828213
AC099811.5	0.04386069
AC099811.6	0.02924046
AC099842.1	0
AC099849.1	0
AC099850.1	0.689084873
AC099850.2	0
AC099850.3	1.193666622
AC100756.1	0
AC100756.2	0
AC100756.3	0
AC100757.1	0.006525323
AC100757.2	0
AC100757.3	0
AC100763.1	0
AC100767.1	0
AC100767.2	0.017278454
AC100768.1	0
AC100768.2	0
AC100770.1	0
AC100771.1	0.042917449
AC100771.2	0.015195391
AC100773.1	0
AC100774.1	0
AC100775.1	0
AC100778.1	0
AC100778.2	0.198326597
AC100778.3	0.123442972
AC100781.1	0.013129351
AC100782.1	0.020294862
AC100784.1	0
AC100786.1	0.242138138
AC100786.2	0
AC100788.1	0.088696062
AC100788.2	0.062170137
AC100791.1	0
AC100791.2	0
AC100791.3	0.108854257
AC100793.1	0
AC100793.2	0
AC100793.3	0.049960925
AC100793.4	0.502404265
AC100797.1	0.189461524
AC100800.1	0
AC100801.1	0
AC100802.1	0.011670534
AC100803.1	0.034707155
AC100803.2	0.975972964
AC100803.3	0.642979048
AC100807.1	0
AC100810.1	5.778662465
AC100810.2	0
AC100812.1	0.165158184
AC100814.1	0.922552935
AC100818.1	0
AC100821.1	0.111093695
AC100821.2	0.272135643
AC100823.1	0
AC100823.2	0
AC100826.1	0
AC100827.1	0
AC100827.2	0.080227593
AC100827.3	0
AC100827.4	0.019621415
AC100827.5	0.028107907
AC100830.1	0.253023569
AC100830.2	0.399132277
AC100830.3	0
AC100832.1	0.031263625
AC100832.2	0
AC100835.1	0.048088226
AC100835.2	0
AC100836.1	0
AC100839.1	0
AC100839.2	0
AC100843.1	0
AC100843.2	0
AC100844.1	0
AC100847.1	0.323620765
AC100848.1	0.036786385
AC100849.1	0.073812133
AC100849.2	0
AC100850.1	0.055349622
AC100854.1	1.228999679
AC100858.1	0
AC100858.2	0
AC100858.3	0.03062396
AC100860.1	0.031733132
AC100861.1	0.401580941
AC100861.2	0
AC100863.1	0.021382086
AC100868.1	0
AC100870.1	0
AC100871.1	0
AC100871.2	0
AC100872.1	0
AC102797.1	0
AC102797.2	0
AC102941.1	0
AC102945.1	0.088260209
AC102945.2	2.197753676
AC102953.1	0.048088226
AC102953.2	0.557941022
AC103409.1	0
AC103563.1	0.486746679
AC103563.2	0.060170695
AC103563.3	0
AC103563.4	0
AC103563.5	0
AC103563.6	0
AC103563.7	0.125250714
AC103563.8	0.075307977
AC103564.1	0
AC103564.2	0
AC103564.3	0
AC103591.1	0.064607743
AC103591.2	0.531481622
AC103591.3	0.401042001
AC103592.1	0
AC103681.1	0
AC103681.2	0.168944879
AC103691.1	1.243450555
AC103691.2	0.165921039
AC103702.1	0.036422717
AC103702.2	0.015004973
AC103705.1	0
AC103706.1	0.264520655
AC103710.1	0
AC103719.1	0
AC103724.1	0
AC103724.2	0
AC103724.3	0.012070533
AC103724.4	0.574094371
AC103726.1	0
AC103726.2	0.029133743
AC103736.1	0.590021627
AC103739.1	0.202092292
AC103739.2	0.148376311
AC103740.1	0.040684837
AC103740.2	0
AC103746.1	0.116252119
AC103760.1	0.243344245
AC103764.1	0.005712771
AC103769.1	0.042310842
AC103770.1	0.028749024
AC103778.1	0
AC103792.1	0.052117381
AC103794.1	0
AC103796.1	0.100340517
AC103798.1	0
AC103798.2	0
AC103808.1	0
AC103808.2	0.020158196
AC103808.3	0.020023358
AC103808.4	0
AC103808.5	0
AC103808.6	0.051611932
AC103809.1	0.091965962
AC103810.1	0.296875247
AC103810.10	0
AC103810.2	0.06176697
AC103810.3	4.490238115
AC103810.4	0
AC103810.5	0.17105669
AC103810.6	0
AC103810.7	0
AC103810.8	0
AC103810.9	0
AC103831.1	0
AC103833.1	0
AC103834.1	0
AC103843.1	0
AC103843.2	0
AC103851.1	0
AC103853.1	0
AC103853.2	0.033446839
AC103855.1	0
AC103855.2	0
AC103855.3	0
AC103855.4	0
AC103858.1	0.276709352
AC103858.2	0.044103014
AC103876.1	0.012697739
AC103879.1	0.046956738
AC103881.1	0
AC103923.1	0.029252366
AC103925.1	0.031060878
AC103949.1	0.078603731
AC103952.1	0
AC103957.1	0.01043938
AC103957.2	1.713920954
AC103968.1	0
AC103974.1	0.42470597
AC103974.2	0
AC103982.1	0.020970172
AC103987.1	0.034407955
AC103987.2	0
AC103987.3	0
AC103988.1	0
AC103993.1	0
AC103996.1	0
AC103996.2	0.013086304
AC103996.3	0
AC104002.1	0
AC104002.2	0
AC104002.3	0
AC104009.1	0
AC104010.1	0
AC104012.1	0
AC104024.1	0.01632072
AC104024.2	0.038914424
AC104027.1	0
AC104031.1	0.257504695
AC104035.1	0.078021258
AC104036.1	0
AC104041.1	0.202948615
AC104042.1	0
AC104046.1	0.294925328
AC104051.1	0.042013924
AC104051.2	0.029192934
AC104057.1	0
AC104058.1	0.080632783
AC104063.1	0
AC104066.1	0.095664194
AC104066.2	0.013755277
AC104071.1	0.019890313
AC104072.1	0.017925102
AC104073.1	0
AC104073.2	0
AC104073.3	0
AC104076.1	0.045184786
AC104076.2	0
AC104078.1	0.093913477
AC104078.2	0
AC104083.1	12.6104431
AC104088.1	0.023478369
AC104090.1	0.030676264
AC104108.1	0
AC104109.1	0
AC104109.2	0.540432984
AC104109.3	0.024790825
AC104109.4	0.150961205
AC104113.1	1.149900923
AC104115.1	0.057659558
AC104115.2	0.052288071
AC104116.1	0
AC104117.1	0.039913228
AC104117.2	0
AC104117.3	0.55073148
AC104117.4	0
AC104117.5	0.021890253
AC104118.1	0.399383461
AC104119.1	0
AC104123.1	0.072423195
AC104126.1	0.202092292
AC104129.1	0.01005371
AC104131.1	0
AC104134.1	0.006854017
AC104135.1	0.015693274
AC104136.1	0
AC104137.1	0
AC104151.1	0
AC104162.1	0.546578273
AC104164.1	0
AC104164.2	0
AC104170.1	0.176087769
AC104170.2	0.052982161
AC104184.1	0.730727608
AC104187.1	0.019565308
AC104211.1	0.089014756
AC104211.2	1.028366478
AC104211.3	0
AC104211.4	0
AC104212.1	0.01953339
AC104212.2	0.114400971
AC104229.1	0
AC104232.1	0.081919966
AC104232.2	0
AC104233.1	0
AC104233.2	0
AC104237.1	0.088860618
AC104237.2	1.027112405
AC104237.3	1.121683214
AC104241.1	0.019066829
AC104241.2	0
AC104248.1	0.053815588
AC104257.1	0.498915346
AC104260.1	0.155506082
AC104260.2	0.143810886
AC104297.1	0.055052728
AC104306.1	0.096824542
AC104306.2	0
AC104308.1	0
AC104316.1	0.019158349
AC104316.2	0
AC104332.1	0.030047599
AC104332.2	0
AC104333.1	0
AC104333.2	0.124728837
AC104333.3	0.049995692
AC104339.1	0.13763182
AC104350.1	0
AC104365.1	0.053614783
AC104365.2	0.09708623
AC104365.3	0
AC104383.1	0.064724153
AC104389.1	0
AC104389.2	0
AC104389.3	0
AC104389.4	0.044762498
AC104390.1	0
AC104393.1	0
AC104394.1	0
AC104407.1	0.01465602
AC104408.1	0
AC104411.1	0.486442462
AC104417.1	0
AC104417.2	0
AC104423.1	0
AC104435.1	0
AC104435.2	0.013826753
AC104440.1	0
AC104445.1	0
AC104446.1	0.099707533
AC104447.1	0.947093538
AC104451.1	0
AC104454.1	0
AC104455.1	0
AC104457.1	0
AC104457.2	0
AC104458.1	0.077585108
AC104461.1	0.094469178
AC104462.1	0.133937006
AC104462.2	0
AC104463.1	0
AC104463.2	0.38133657
AC104465.1	0
AC104472.1	0.015109108
AC104472.2	0.179310673
AC104506.1	0
AC104521.1	0.085834898
AC104532.1	0.041289546
AC104532.2	0.386257042
AC104534.1	0.317331316
AC104561.1	0.019006299
AC104561.2	0.02307123
AC104561.3	0.033493618
AC104563.1	0.159228302
AC104564.1	0.266088185
AC104564.2	0
AC104564.3	0.540759859
AC104564.4	0
AC104564.5	0.182113586
AC104574.1	0
AC104574.2	0.006032226
AC104576.1	0
AC104581.1	0.250617941
AC104581.2	0
AC104581.3	0.05492646
AC104581.4	0.26325627
AC104590.1	0.21072201
AC104596.1	0.294635047
AC104596.2	0
AC104619.1	0.056928534
AC104619.2	0
AC104619.3	0.198558955
AC104619.4	0
AC104623.1	0
AC104623.2	0.026927965
AC104629.1	0.020023358
AC104634.1	0.129588402
AC104640.1	0
AC104640.2	0
AC104651.1	0
AC104651.2	0
AC104653.1	0.178449602
AC104653.2	0.201485044
AC104655.1	0.275263639
AC104662.1	0.046864847
AC104662.2	0.017253557
AC104663.1	0
AC104667.1	0.081495166
AC104667.2	0.491684689
AC104685.1	0.064549694
AC104687.1	0
AC104687.2	0.035011603
AC104688.1	0
AC104689.1	0
AC104692.1	0
AC104692.2	0
AC104695.1	0.028207228
AC104695.2	0.247379552
AC104695.3	1.00426831
AC104695.4	0.768599317
AC104698.1	0.043383943
AC104699.1	0.144613144
AC104758.1	0.027337827
AC104758.2	0.446234844
AC104758.3	0.022627972
AC104758.4	0
AC104758.5	0.020970172
AC104759.1	0
AC104763.1	0.099783069
AC104763.2	0.031345467
AC104763.3	0
AC104770.1	0
AC104771.1	0
AC104772.1	0.027781829
AC104772.2	0.01953339
AC104777.1	0.008843403
AC104777.2	0
AC104777.3	0
AC104779.1	0.325822267
AC104781.1	0
AC104784.1	0
AC104785.1	0.061091675
AC104791.1	0.045241694
AC104791.2	0.009484331
AC104793.1	0
AC104794.1	0
AC104794.2	4.372174178
AC104794.3	0
AC104794.4	0.375864476
AC104803.1	0
AC104806.1	0.077753041
AC104806.2	0.062855477
AC104809.1	0.148078926
AC104809.2	0.139756407
AC104819.1	0.098551179
AC104819.2	0
AC104819.3	0.465654323
AC104820.1	0
AC104823.1	0.012107147
AC104825.1	2.038043851
AC104827.1	0.021770851
AC104831.1	0.107873588
AC104836.1	0.26855768
AC104837.1	0.271621209
AC104837.2	0.084721474
AC104843.1	0.187679754
AC104843.2	0.040316392
AC104849.1	0.029565354
AC104850.1	0
AC104852.1	0
AC104938.1	0.681554
AC104958.1	0.072826974
AC104958.2	1.406232912
AC104961.1	0
AC104964.1	0.423940656
AC104964.2	0.024486643
AC104964.3	0.020640325
AC104964.4	0.422856923
AC104966.1	0.0408947
AC104971.1	0.148560401
AC104971.2	0
AC104971.3	0.240441131
AC104978.1	0.06124792
AC104982.1	0.013408699
AC104982.2	0
AC104984.1	0.103075767
AC104984.2	0.093303649
AC104984.3	0.021930345
AC104984.4	1.603656469
AC104984.5	0
AC104984.6	0
AC104985.1	0
AC104985.2	0
AC104985.3	0
AC104986.1	0.10985292
AC104986.2	1.480990817
AC104989.1	0
AC104996.1	0.020260522
AC104996.2	0.059869842
AC104996.3	0
AC104997.1	0
AC105001.1	0.470028196
AC105001.2	0.006830558
AC105020.1	0.847137894
AC105020.2	0.041867022
AC105020.3	0.021382086
AC105020.4	0
AC105020.5	0.31137979
AC105020.6	0.255811977
AC105021.1	0
AC105029.1	0
AC105031.1	0
AC105031.2	0
AC105031.3	0
AC105036.1	0.044184385
AC105036.2	0.068033911
AC105036.3	0.273378272
AC105046.1	0.098245487
AC105052.1	0.003354993
AC105052.2	0.165886211
AC105052.3	0.022215155
AC105052.4	0.049581649
AC105053.1	0.25893444
AC105074.1	0.042556915
AC105081.1	0
AC105094.1	0
AC105094.2	0.020716208
AC105101.1	0.012503274
AC105105.1	0.004690156
AC105105.2	0
AC105105.3	0
AC105105.4	0
AC105105.5	0
AC105109.1	0
AC105114.1	0
AC105118.1	0.176087769
AC105129.1	0.080632783
AC105129.2	0
AC105129.3	0.098754378
AC105133.1	0
AC105133.2	0
AC105137.1	0.051390422
AC105137.2	0.048674668
AC105148.1	0
AC105150.1	0.02173134
AC105177.1	0
AC105180.1	0
AC105185.1	0
AC105206.1	0.777071689
AC105206.2	0.813764836
AC105219.1	0.231793579
AC105219.2	0.280327017
AC105219.3	0
AC105219.4	0.125763072
AC105224.1	0
AC105227.1	0
AC105227.2	0
AC105233.1	0
AC105233.2	0
AC105233.3	0.016094043
AC105235.1	0.052748759
AC105245.1	0
AC105250.1	0.023284333
AC105252.1	0
AC105254.1	0.134972268
AC105254.2	0.10985292
AC105265.1	0
AC105265.2	0
AC105265.3	0
AC105265.4	0
AC105271.1	0.013230904
AC105272.1	0
AC105275.1	0
AC105275.2	0.016841024
AC105277.1	0.671079088
AC105285.1	0.238270234
AC105313.1	0
AC105339.1	0.01275183
AC105339.2	0.066445142
AC105339.3	0.164628345
AC105339.4	0.094134971
AC105339.5	0.097481424
AC105342.1	0
AC105343.1	0
AC105345.1	0.330047141
AC105345.2	0.03606617
AC105362.1	0
AC105383.1	0.00365729
AC105384.1	0.40152229
AC105384.2	0.243221231
AC105389.1	0
AC105389.2	1.128580921
AC105389.3	0
AC105390.1	0
AC105391.1	0
AC105393.1	0
AC105393.2	0
AC105398.1	0.148929954
AC105399.1	0.028645857
AC105402.1	0
AC105402.2	0
AC105402.3	0.005762256
AC105411.1	0.028032702
AC105415.1	0
AC105416.1	0
AC105417.1	0
AC105420.1	0
AC105424.1	0
AC105429.1	0.074818597
AC105429.2	0
AC105430.1	0
AC105443.1	0
AC105446.1	0.411880974
AC105460.1	0
AC105460.2	0
AC105749.1	0.345861634
AC105758.1	0
AC105760.1	0
AC105760.2	0.225055363
AC105910.1	0
AC105914.1	0
AC105914.2	1.438931814
AC105917.1	0
AC105918.1	0
AC105919.1	0
AC105924.1	0.03532144
AC105935.1	0.182014719
AC105935.2	0
AC105940.1	0
AC105940.2	0
AC105942.1	7.075526726
AC105999.1	0
AC105999.2	0
AC106017.1	0
AC106017.2	0
AC106028.1	0.091056793
AC106028.2	0.387089493
AC106028.3	0.931155369
AC106028.4	0.47343532
AC106028.5	0.060627688
AC106037.1	0.106910431
AC106037.2	0.053574802
AC106038.1	0.034588669
AC106038.2	0
AC106047.1	0.365927724
AC106047.2	0
AC106052.1	0.048184983
AC106053.1	0
AC106706.1	0
AC106707.1	0.014120246
AC106707.2	0
AC106712.1	0.016653642
AC106729.1	0
AC106730.1	0
AC106730.2	0
AC106732.1	0.021770851
AC106733.1	0
AC106734.1	0
AC106736.1	0
AC106738.1	0.567012427
AC106738.2	0.200079162
AC106739.1	0.076991223
AC106739.2	0.85408725
AC106744.1	0
AC106744.2	0
AC106745.1	0
AC106748.1	0
AC106754.1	0
AC106754.2	0
AC106760.1	0
AC106760.2	0.038688104
AC106771.1	0
AC106772.1	0
AC106772.2	0
AC106774.1	0
AC106774.2	0
AC106774.3	0
AC106774.4	0
AC106779.1	0.009969999
AC106782.1	0.039810017
AC106782.2	3.065915272
AC106782.3	0
AC106782.4	0
AC106782.5	0.461903822
AC106782.6	0.958852931
AC106782.7	0
AC106785.1	0
AC106785.2	0
AC106786.1	0.117391846
AC106786.2	0.042687944
AC106788.1	0.035998402
AC106788.2	0
AC106789.1	0.063020886
AC106791.1	0.221607772
AC106791.2	0.03062396
AC106794.1	0
AC106794.2	0
AC106795.1	1.339766443
AC106795.2	0.101117255
AC106795.3	0.021890253
AC106795.5	0
AC106796.1	0
AC106798.1	0.032493808
AC106799.1	0.007144372
AC106799.2	0
AC106799.3	0
AC106800.1	0.02637438
AC106800.2	0.043423276
AC106800.3	0
AC106800.4	0.156522462
AC106801.1	0.032449779
AC106806.1	0
AC106806.2	0
AC106818.1	0.003693389
AC106820.1	0.313603932
AC106820.2	0.025679466
AC106820.3	0.663544843
AC106820.4	0.095945259
AC106820.5	0.313312026
AC106821.1	0
AC106822.1	0
AC106827.1	0.083345487
AC106864.1	0.161157043
AC106864.2	0
AC106865.1	0.047501247
AC106868.1	0
AC106869.1	0.080905191
AC106870.1	0
AC106870.2	0
AC106871.1	0
AC106872.1	0
AC106872.10	0
AC106872.11	0
AC106872.12	0
AC106872.2	0.074837302
AC106872.3	0.026847463
AC106872.4	0.022894777
AC106872.5	0.608845846
AC106872.6	0
AC106872.7	0.038378104
AC106872.8	0
AC106872.9	0
AC106873.1	0.026087077
AC106874.1	0
AC106875.1	0.010225421
AC106875.2	0
AC106876.1	0.073640641
AC106881.1	0.323717978
AC106882.1	0.005050176
AC106883.1	0
AC106886.1	0.099783069
AC106886.2	0.515301014
AC106886.3	0.109451264
AC106886.4	0.33500311
AC106892.1	0
AC106894.1	0.026549819
AC106895.1	0
AC106895.2	0
AC106897.1	0.48625252
AC106900.1	0.052517405
AC106900.2	0.037772771
AC106901.1	0
AC107015.1	0
AC107016.1	0
AC107016.2	0
AC107021.1	0.118701049
AC107021.2	0.251481912
AC107023.1	0
AC107027.1	0.062472878
AC107027.2	0
AC107027.3	0.661964271
AC107029.1	0.051500939
AC107029.2	0
AC107031.1	0.10352134
AC107032.1	0.174620371
AC107032.2	0.403268363
AC107057.1	0.112607852
AC107058.1	0
AC107067.1	0.014478801
AC107068.1	0.474076033
AC107072.1	0.326562772
AC107072.2	0.237321894
AC107074.1	0.015672733
AC107075.1	0.38133657
AC107079.1	0.053694925
AC107081.1	0.099506662
AC107081.2	0.343393106
AC107081.3	0.041208347
AC107083.1	0
AC107208.1	0
AC107214.1	0.149942358
AC107214.2	0.415500477
AC107220.1	0
AC107222.1	0.056392315
AC107241.1	0.110359155
AC107294.1	0.384602836
AC107294.2	1.639801651
AC107294.3	1.229266708
AC107297.1	0
AC107302.1	0
AC107304.1	0
AC107308.1	0
AC107373.1	0
AC107373.2	0
AC107375.1	1.427644809
AC107385.1	0
AC107391.1	0
AC107393.1	0
AC107396.1	0
AC107398.1	0.023710828
AC107398.2	0.199234082
AC107398.3	0.010263401
AC107399.1	0
AC107401.1	0
AC107419.1	0
AC107421.1	0
AC107463.1	0
AC107464.1	0.030532856
AC107464.2	0.021043881
AC107464.3	1.267258518
AC107613.1	0
AC107626.1	0
AC107871.1	0.016676836
AC107871.2	0.081344893
AC107882.1	0.025102659
AC107884.1	0.14301692
AC107884.2	0.217708515
AC107886.1	0.023205365
AC107890.1	0
AC107892.1	0
AC107896.1	0
AC107905.1	0
AC107909.1	0.040248633
AC107909.2	0.048575936
AC107918.1	0
AC107918.2	0
AC107926.1	0.019281753
AC107934.1	0
AC107934.2	0
AC107952.1	0
AC107952.2	0.985511795
AC107953.1	0
AC107953.2	0
AC107954.1	0.065881531
AC107956.1	2.002519327
AC107956.2	0.052748759
AC107958.1	0
AC107958.2	0
AC107958.3	0
AC107959.1	1.309322813
AC107959.2	0.022712383
AC107959.3	0.081548025
AC107973.1	0
AC107976.1	0
AC107980.1	0.003568992
AC107982.1	0
AC107982.2	0.077585108
AC107982.3	0.328220451
AC107983.1	1.710566901
AC107983.2	0.194306898
AC107990.1	0
AC107993.1	0.087529008
AC108002.1	0.050558628
AC108002.2	0
AC108002.3	0
AC108010.1	1.860453973
AC108019.1	0
AC108022.1	0.025050143
AC108025.1	0
AC108025.2	0
AC108032.1	0
AC108037.1	0
AC108039.1	0
AC108039.2	0.033353672
AC108043.1	0
AC108047.1	0.266746819
AC108051.1	0
AC108058.1	0.078021258
AC108059.1	0.033031637
AC108059.2	0
AC108059.3	0
AC108062.1	0.868048875
AC108063.1	0.318148916
AC108064.1	0
AC108066.1	0
AC108067.1	0
AC108073.1	0.10659319
AC108073.2	0
AC108078.1	0
AC108078.2	0
AC108078.3	0
AC108081.1	0
AC108082.1	0
AC108097.1	0.381193748
AC108099.1	0
AC108102.1	0.021850307
AC108103.1	0
AC108112.1	0
AC108114.1	0
AC108120.1	0
AC108120.2	0
AC108120.3	0
AC108125.1	0
AC108134.1	0.774533069
AC108134.2	0.304151601
AC108134.3	1.66154613
AC108134.4	1.744551674
AC108136.1	0
AC108142.1	0
AC108145.1	0
AC108156.1	0.24893905
AC108157.1	0
AC108159.1	0
AC108161.1	0.148929954
AC108174.1	0
AC108199.1	0
AC108206.1	0.00863715
AC108210.1	0
AC108210.2	0
AC108215.1	0.263531231
AC108359.1	0
AC108448.1	0
AC108448.2	0.147624267
AC108449.1	0.034507113
AC108449.2	3.015184048
AC108449.3	0
AC108451.1	0.009503149
AC108451.2	0.044512893
AC108462.1	0
AC108463.1	0.690142265
AC108463.2	0.348756358
AC108463.3	0.072716407
AC108467.1	0
AC108467.2	0
AC108471.1	0.125163432
AC108471.2	0.114483834
AC108472.1	0.213128886
AC108474.1	0.05688346
AC108475.1	0.138645949
AC108479.1	0.112168321
AC108479.2	0
AC108482.1	0
AC108488.1	1.399047211
AC108488.2	0
AC108515.1	0
AC108516.1	0
AC108516.2	0.06861873
AC108517.1	0
AC108667.1	0
AC108673.1	0.11364422
AC108673.2	1.313957584
AC108673.3	3.002427874
AC108676.1	0.056461959
AC108676.2	0
AC108681.1	0.9696144
AC108688.1	0.016793784
AC108693.1	0.055435038
AC108693.2	0.118554142
AC108704.1	0.112658304
AC108704.2	0.267788429
AC108706.1	0
AC108718.1	0.345818579
AC108721.1	0
AC108724.1	0
AC108725.1	0
AC108727.1	0.304681127
AC108727.2	0
AC108729.1	0.025288212
AC108729.2	0.299349208
AC108729.3	0
AC108733.1	0
AC108734.1	0
AC108734.2	0.022402186
AC108734.3	0.051390422
AC108738.1	0
AC108740.1	0
AC108747.1	0
AC108748.1	0
AC108751.1	0
AC108751.2	0
AC108751.3	0
AC108751.4	0.131582069
AC108751.5	0.062737858
AC108752.1	0
AC108860.1	0.06252725
AC108860.2	0.471718403
AC108861.1	0.040936644
AC108863.1	0
AC108865.1	0.024141065
AC108865.2	0
AC108866.1	0.037632472
AC108868.1	0.237750273
AC108868.2	0
AC108879.1	0
AC108935.1	0.023115769
AC108938.1	0
AC108941.1	0
AC109309.1	0.13763182
AC109309.2	0
AC109315.1	0
AC109322.1	0.416815352
AC109326.1	0.290058278
AC109329.1	0
AC109347.1	0.376391931
AC109347.2	0.78911539
AC109349.1	0
AC109361.1	0.016979535
AC109361.2	0.922651667
AC109439.1	0
AC109439.2	0
AC109445.1	0
AC109446.1	0
AC109446.2	0
AC109446.3	0.112080827
AC109446.4	0.004346268
AC109449.1	0.191753941
AC109454.1	0.048088226
AC109454.2	0.43751038
AC109454.3	0.017898308
AC109454.4	0.332097734
AC109458.1	0
AC109460.1	0.364566017
AC109460.2	0.745631726
AC109460.3	0.243217712
AC109460.4	0
AC109462.1	0.031386549
AC109462.2	0.117200342
AC109464.1	0
AC109464.2	0
AC109466.1	0.001902442
AC109471.1	0
AC109479.1	0.019189052
AC109479.2	0
AC109479.3	0
AC109481.1	0
AC109486.1	0
AC109492.1	0
AC109495.1	0
AC109583.1	0
AC109583.2	2.227715034
AC109587.1	0.789527542
AC109588.1	0
AC109597.1	0.015234056
AC109597.2	0.038750706
AC109630.1	0.017951976
AC109631.1	0.076657928
AC109635.1	0
AC109635.2	0
AC109635.3	0
AC109635.4	0
AC109635.5	0
AC109635.6	0
AC109638.1	0
AC109779.1	0.154835797
AC109780.1	0
AC109780.2	0
AC109809.1	0.10985292
AC109810.1	0
AC109811.1	0
AC109811.2	0
AC109826.1	0.393243129
AC109830.1	0
AC109925.1	0
AC109927.1	0.198363933
AC109927.2	0.039518047
AC109992.1	0
AC109992.2	0.062608985
AC110011.1	0
AC110015.1	0
AC110023.1	0.026201244
AC110027.1	0
AC110048.1	0.07216578
AC110048.2	0.037413084
AC110053.1	0
AC110056.1	0.03943129
AC110058.1	0.489167444
AC110079.1	1.397644082
AC110079.2	0.010521941
AC110275.1	0
AC110285.1	0.055537886
AC110285.2	0.856922971
AC110285.3	0.108035804
AC110285.4	0
AC110285.5	0
AC110285.6	0.024386901
AC110285.7	0.132524389
AC110288.1	0
AC110296.1	0
AC110373.1	0.054660055
AC110491.1	0.005957198
AC110491.2	0
AC110588.1	0
AC110597.1	0.101793811
AC110597.3	0
AC110602.1	0
AC110603.1	0
AC110609.1	0.118554142
AC110615.1	0.006124792
AC110619.1	0.151756631
AC110620.1	0
AC110716.1	0
AC110716.2	0
AC110741.1	0.061721486
AC110741.2	0
AC110741.3	0
AC110751.1	0
AC110753.1	0
AC110754.1	0
AC110760.1	0.081179446
AC110760.2	0.089598685
AC110760.3	0
AC110767.1	0
AC110768.1	0
AC110768.2	0
AC110769.1	0
AC110769.2	0.04641073
AC110769.3	0.020415973
AC110771.1	0.092519479
AC110772.1	0.025261537
AC110774.1	0.047468655
AC110775.1	0
AC110792.1	0
AC110792.2	0.029675262
AC110792.3	1.165251949
AC110794.1	0
AC110799.1	0.160008485
AC110800.1	0
AC110801.1	0.056480983
AC110813.1	0.005420538
AC110921.1	0.039130615
AC110926.1	0.012715719
AC110994.1	0
AC110995.1	0.171757742
AC110998.1	0.064156674
AC111000.1	0
AC111000.2	0.065312554
AC111000.3	0
AC111000.4	0
AC111000.5	0.010164659
AC111000.6	0
AC111149.1	0
AC111149.2	0.122652684
AC111152.1	0
AC111152.2	0.271574539
AC111152.3	0.106751575
AC111170.1	0.063466263
AC111170.2	0.015591105
AC111170.3	0.150646517
AC111182.1	0.063039318
AC111186.1	0.184214897
AC111188.1	0.071856875
AC111188.2	0.025898994
AC111188.3	0.039003154
AC111193.1	0
AC111194.1	0
AC111194.2	0.026316414
AC111198.1	0
AC111200.1	0
AC111200.2	0.023710828
AC112173.1	0.07323528
AC112176.1	0.003959646
AC112178.1	0
AC112184.1	0.153512414
AC112187.1	0.049995692
AC112187.2	0
AC112187.3	0.176087769
AC112191.1	0.102487603
AC112191.2	0.251705039
AC112191.3	0
AC112192.1	0
AC112196.1	0.028783578
AC112198.1	0
AC112198.2	0.005134635
AC112198.3	0
AC112198.4	0
AC112200.1	0
AC112200.2	0.027542193
AC112203.1	0
AC112204.1	1.395025434
AC112204.2	0.032015958
AC112204.3	0.721323392
AC112206.1	0
AC112206.2	0.910021591
AC112206.3	0.03078141
AC112206.4	0.029565354
AC112211.1	0
AC112219.1	0
AC112219.2	0
AC112220.1	0.033729488
AC112220.2	2.583501604
AC112220.3	1.288036431
AC112220.4	2.123649169
AC112225.1	0
AC112229.1	0
AC112229.2	0
AC112229.3	0.254287897
AC112229.4	0
AC112230.1	0
AC112236.1	0
AC112236.2	0.25506678
AC112240.1	0
AC112242.1	0
AC112243.1	0
AC112247.1	0.054675654
AC112249.1	0
AC112250.1	0
AC112250.2	0.243869008
AC112255.1	0.004803036
AC112481.1	0
AC112482.1	0
AC112484.1	0.534552156
AC112484.2	0.181975202
AC112484.3	0.56104907
AC112484.4	0.525174048
AC112487.1	0.037952356
AC112491.1	0.675949824
AC112492.1	0
AC112492.2	0
AC112492.3	0
AC112492.4	0
AC112492.5	0
AC112493.1	0
AC112495.1	0
AC112496.1	0.80962775
AC112497.1	1.199270691
AC112498.1	0
AC112503.1	0
AC112503.2	0.151843801
AC112504.1	0.013008113
AC112512.1	0.016770264
AC112518.1	0.020824293
AC112518.2	0
AC112653.1	0
AC112656.1	0.008462168
AC112673.1	0
AC112693.1	0.017557138
AC112693.2	0
AC112693.3	0
AC112694.1	0.122720027
AC112694.2	0.218275464
AC112695.1	0
AC112698.1	0
AC112702.1	0
AC112715.1	0.136845352
AC112719.1	0
AC112719.2	0.021318638
AC112721.1	0.020363892
AC112721.2	0.022133028
AC112722.1	2.590620059
AC112771.1	0.234783692
AC112777.1	0.042072974
AC112778.1	0
AC112907.1	0
AC112907.2	0.036284752
AC112907.3	0.224511906
AC113133.1	0
AC113137.1	0.021458725
AC113139.1	0.400802286
AC113143.1	0.079561251
AC113143.2	0.060781565
AC113145.1	0
AC113146.1	0.009766695
AC113155.1	0.01557083
AC113167.1	0
AC113174.1	0
AC113189.1	0
AC113189.2	0
AC113189.3	0
AC113189.4	0
AC113191.1	1.990709371
AC113192.1	0
AC113192.2	0.03887652
AC113192.3	0
AC113192.4	0
AC113192.5	0
AC113194.1	0.023947937
AC113208.1	0.019694027
AC113208.2	0.110021148
AC113208.3	0
AC113331.1	0
AC113340.1	0
AC113346.1	0.041721144
AC113346.2	0
AC113347.1	0
AC113347.2	0
AC113347.3	0
AC113347.4	0
AC113349.1	2.259239303
AC113349.2	0.031761189
AC113352.1	0
AC113355.1	0
AC113361.1	0.176412056
AC113367.1	0.157552215
AC113367.2	0
AC113367.3	0
AC113368.1	0.031345467
AC113378.1	0
AC113382.1	0.00955624
AC113382.2	0
AC113383.1	0.454486388
AC113385.1	0.02126815
AC113385.2	0
AC113385.3	0.032058817
AC113386.1	0
AC113391.1	0
AC113391.2	0
AC113398.1	0.294925328
AC113398.2	0
AC113403.1	0
AC113404.1	0.015838582
AC113404.2	0
AC113404.3	0.911062806
AC113410.1	0.484776045
AC113410.2	0
AC113410.3	0.117970131
AC113414.1	0
AC113418.1	0
AC113420.1	0
AC113423.1	0
AC113423.2	0
AC113430.1	0
AC113554.1	0.009838922
AC113607.1	0
AC113608.1	0.039258912
AC113608.2	0
AC113615.1	0
AC113618.1	0
AC113935.1	20.17236102
AC114271.1	0.217089365
AC114284.1	0.214972501
AC114291.1	0.08839386
AC114296.1	0
AC114300.1	0
AC114316.1	0
AC114316.2	0
AC114321.1	0
AC114322.1	0
AC114324.1	0
AC114324.2	0
AC114341.1	0.411712377
AC114400.1	0.01758292
AC114401.1	0
AC114402.1	0.365060009
AC114402.2	0.037244069
AC114477.1	0
AC114482.1	0
AC114485.1	0
AC114488.1	0.222865738
AC114488.2	0.18371612
AC114488.3	0.099783069
AC114489.1	0
AC114490.1	1.12725643
AC114490.2	0.069548703
AC114491.1	0.535421347
AC114492.1	0
AC114495.1	0.02746323
AC114495.2	0.602808473
AC114498.1	0
AC114501.1	0
AC114501.2	0.067143748
AC114501.3	0
AC114546.1	0
AC114546.2	0
AC114546.3	0
AC114546.4	0
AC114550.1	0
AC114550.2	0
AC114550.3	0
AC114684.1	0.068033911
AC114689.1	0.009640876
AC114689.2	0
AC114689.3	0.004003333
AC114728.1	0.396653194
AC114730.1	0.076105731
AC114730.2	0.035850205
AC114730.3	0.328053926
AC114737.1	0.026432601
AC114737.2	0
AC114741.1	0
AC114744.1	0.179789314
AC114752.1	0
AC114752.2	0
AC114755.1	0
AC114755.2	0
AC114755.3	0
AC114755.4	0
AC114755.5	0.014409107
AC114760.1	0
AC114760.2	0.202948615
AC114763.1	0.182390987
AC114763.2	0.01449633
AC114774.1	0
AC114776.1	0.013622262
AC114781.1	0.104830462
AC114781.2	0.48625252
AC114781.3	0.505942323
AC114781.4	0
AC114781.5	0
AC114786.1	0.016924337
AC114786.2	0
AC114786.3	0
AC114786.4	0
AC114797.1	0
AC114801.1	0
AC114801.2	0
AC114801.3	0.067649538
AC114803.1	0
AC114808.1	0.027717519
AC114808.2	0.067018479
AC114810.1	1.265747178
AC114811.1	0
AC114811.2	0.016963298
AC114812.1	0
AC114812.2	0.018060284
AC114812.3	0.016402696
AC114812.4	0
AC114814.1	0.034656927
AC114814.2	0
AC114814.3	0.018060284
AC114877.1	0
AC114878.1	0.066893678
AC114878.2	0.03828607
AC114912.1	0
AC114928.1	0
AC114939.1	0.442617505
AC114940.1	0
AC114947.1	0.062041287
AC114947.2	0.465148148
AC114954.1	0
AC114956.1	0.070159971
AC114956.2	0.146534577
AC114956.3	0.451024323
AC114964.1	0.010777649
AC114967.1	0
AC114973.1	0
AC114980.1	0.276876682
AC114981.1	0
AC114982.1	0.111906246
AC114982.2	0.033446839
AC115099.1	1.058472336
AC115102.1	0.147523223
AC115115.1	0.289692782
AC115220.1	0
AC115223.1	3.096715941
AC115283.1	0
AC115284.1	0
AC115284.2	0.058295853
AC115285.1	0.016268979
AC115286.1	0
AC115522.1	0.323038713
AC115618.1	0.697936222
AC115618.2	10.74996266
AC115618.3	9.579174644
AC115619.1	0.007460416
AC115621.1	0
AC115622.1	0
AC115676.1	0
AC115837.1	4.043158129
AC115837.2	0
AC115989.1	0.088815679
AC115989.2	0.404094845
AC115990.1	0
AC116003.1	0
AC116003.2	0
AC116003.3	0
AC116021.1	0.055010574
AC116025.1	0.028645857
AC116025.2	0.027029274
AC116035.1	0.02316048
AC116036.1	0
AC116036.2	0.362847524
AC116038.1	0
AC116049.1	0.093303649
AC116049.2	0
AC116050.1	0.171893835
AC116050.2	0.00673073
AC116096.1	0
AC116158.1	0.202471986
AC116158.2	0.043305491
AC116165.1	0
AC116165.2	0
AC116165.3	0
AC116312.1	0.457603884
AC116337.1	0
AC116337.2	0
AC116337.3	0.084921761
AC116345.1	0.024044113
AC116345.2	0
AC116345.3	0
AC116347.1	0.715111996
AC116347.2	0
AC116348.1	0.090711881
AC116348.2	0.103760557
AC116348.3	0.017130141
AC116348.4	0.06881591
AC116351.1	0.134113947
AC116351.2	0.324845828
AC116353.1	0.037892305
AC116353.2	0
AC116353.3	0
AC116359.1	0
AC116366.1	1.101091455
AC116366.2	0.275676948
AC116407.1	2.268988366
AC116407.2	0.348080474
AC116407.3	0.09545236
AC116407.4	0.259567645
AC116424.1	0.016676836
AC116447.1	0.185028208
AC116456.1	0
AC116456.2	0
AC116533.1	9.027103832
AC116535.1	0.287170118
AC116552.1	0.196026766
AC116553.1	0
AC116553.2	0
AC116562.1	0.030663171
AC116562.2	0
AC116562.3	0.270598154
AC116563.1	0.060474587
AC116563.2	0
AC116565.1	0
AC116609.1	0
AC116609.2	0
AC116612.1	0
AC116614.1	0.247582051
AC116616.1	0.098147281
AC116634.1	0
AC116651.1	0.279966885
AC116655.1	0
AC116666.1	0
AC116667.1	0.363043977
AC116903.1	0.022215155
AC116903.2	0.055094946
AC116913.1	0.872641602
AC116914.1	0.030085348
AC116914.2	0.246885944
AC116917.1	0
AC117372.1	0
AC117373.1	0.030545838
AC117377.1	0
AC117382.1	0.098416178
AC117382.2	0
AC117383.1	0.085122997
AC117383.2	0.037186237
AC117386.1	0
AC117386.2	0
AC117392.1	0
AC117394.1	0
AC117394.2	0
AC117395.1	0.365363804
AC117402.1	0.043925049
AC117409.1	0.42960039
AC117422.1	0.063187168
AC117430.1	0
AC117434.1	0
AC117440.1	0
AC117454.1	0
AC117457.1	0
AC117460.1	0
AC117462.1	0
AC117465.1	0
AC117470.1	0
AC117473.1	0
AC117482.1	0
AC117489.1	0.115384836
AC117490.1	0.199566138
AC117490.2	0.342689329
AC117498.1	0
AC117498.2	0.280977596
AC117498.3	0.023432423
AC117500.1	0
AC117500.2	0.287662902
AC117500.3	0
AC117500.4	0
AC117500.5	0
AC117503.1	0.149208328
AC117503.2	0.358621347
AC117503.3	0.075998388
AC117503.4	0.479831152
AC117505.1	0
AC117513.1	0.046895437
AC117522.1	0
AC117522.2	0
AC117522.3	0
AC117525.1	0
AC117529.1	0
AC117529.2	0
AC117532.1	0
AC117569.1	0
AC117834.1	0
AC117944.1	0.037360276
AC117945.1	0
AC117947.1	0
AC118273.1	0
AC118273.2	0
AC118282.1	0
AC118282.2	0
AC118282.3	0
AC118282.4	0
AC118344.1	0.34398541
AC118344.2	0.665918489
AC118345.1	0
AC118465.1	0.037683614
AC118469.1	0
AC118470.1	0
AC118549.1	3.184905424
AC118553.1	0.6215495
AC118555.1	0
AC118653.1	0
AC118658.1	0.107550614
AC118658.2	0.182609538
AC118754.1	0.161810383
AC118754.2	0
AC118755.1	0.122809931
AC118755.2	0.169442948
AC118757.1	0.049140773
AC118758.1	0
AC118758.2	0
AC118758.3	0.003968668
AC118942.1	0
AC119044.1	0.734721107
AC119150.1	0.191413348
AC119396.1	0.899200444
AC119396.2	0.032986139
AC119403.1	0.308607431
AC119403.2	0
AC119424.1	0.718438098
AC119428.1	0
AC119428.2	0.126783194
AC119501.1	0
AC119618.1	0
AC119619.1	0
AC119674.1	0.09749345
AC119677.1	0.025422438
AC119744.1	0.006981906
AC119749.1	0
AC119751.1	0.015652246
AC119751.2	0
AC119751.3	0.142972756
AC119751.4	0
AC119751.5	0
AC119751.6	0.064376174
AC119751.7	0
AC119751.8	0
AC119800.1	0.056614507
AC119868.1	0
AC119868.2	0.055435038
AC120024.1	0.060170695
AC120024.2	0
AC120024.3	0
AC120024.4	0.011174959
AC120036.1	0
AC120036.2	0
AC120036.3	0.046773314
AC120036.4	0.062489598
AC120042.1	0
AC120042.2	0.017951976
AC120042.3	0
AC120045.1	0
AC120045.2	0
AC120049.1	1.525013881
AC120053.1	1.399132166
AC120057.1	0
AC120057.2	0
AC120057.3	0.155698659
AC120057.4	0.233259123
AC120114.1	0.149504712
AC120114.2	0.711481391
AC120114.3	0
AC120114.4	0.627623681
AC120114.5	0.086143657
AC120193.1	0
AC120338.1	0
AC120349.1	0.084921761
AC120349.2	0
AC120349.3	0.045270202
AC120498.1	0
AC120498.10	0.094843313
AC120498.2	2.212058402
AC120498.3	0.022092192
AC120498.4	0.074837302
AC120498.5	0
AC120498.6	0.035425942
AC120498.7	0
AC120498.8	0
AC120498.9	0.024771592
AC121154.1	0
AC121161.1	0
AC121161.2	0
AC121247.1	0.097191301
AC121247.2	0
AC121251.1	0.096176452
AC121320.1	0.014271714
AC121333.1	0
AC121334.1	0
AC121334.2	0
AC121338.1	0.065126479
AC121338.2	0.562996216
AC121342.1	0
AC121493.1	0.532176369
AC121757.1	0.594860605
AC121758.1	0.015187682
AC121758.2	0
AC121758.3	0
AC121761.1	0.533253649
AC121761.2	0.608256735
AC121764.1	0
AC121764.2	0
AC121764.3	0
AC122108.1	0
AC122108.2	0.022764198
AC122129.1	0.646528316
AC122129.2	0
AC122133.1	0
AC122134.1	0
AC122136.1	0
AC122138.1	0
AC122683.1	0.016700095
AC122685.1	0
AC122688.1	0
AC122688.2	0
AC122688.3	0.272842081
AC122688.4	0
AC122694.1	0
AC122707.1	0
AC122710.1	0.021652746
AC122710.2	0.020090551
AC122710.3	0.265596339
AC122713.1	0
AC122713.2	0.086169487
AC122714.1	0
AC122714.2	0
AC122718.1	0.675949824
AC122718.2	0.081042087
AC122719.1	0.085681347
AC122719.2	0
AC123023.1	0.517793224
AC123567.1	0
AC123567.2	0
AC123595.1	0.400658595
AC123595.2	0
AC123767.1	0
AC123768.1	0.031930582
AC123768.2	0.098147281
AC123768.3	0.106910431
AC123768.4	0.085406336
AC123769.1	0.004001995
AC123777.1	0
AC123786.1	0.018114929
AC123786.2	0
AC123788.1	0
AC123788.2	0
AC123900.1	0
AC123904.1	0
AC123904.2	0
AC123904.3	0
AC123905.1	0
AC123912.1	0.48217322
AC123912.2	0.004584215
AC123912.3	0.008759304
AC123912.4	0.416751019
AC123912.5	0
AC123912.6	0
AC124016.1	0.145379306
AC124016.2	2.016668346
AC124017.1	0
AC124045.1	1.262999217
AC124057.1	0
AC124066.1	0
AC124067.1	0
AC124067.2	0.986091508
AC124067.3	0.028273833
AC124067.4	0.261726083
AC124068.1	0
AC124068.2	0.075579602
AC124069.1	0.04887334
AC124076.1	0
AC124242.1	0.404790641
AC124242.2	0.010700597
AC124248.1	0.387217881
AC124254.1	0.021305993
AC124276.1	0.013319208
AC124276.2	0.087083406
AC124283.1	0
AC124283.2	0.979003698
AC124283.3	0.645062266
AC124283.4	0.76150237
AC124283.5	0.006619109
AC124290.1	0
AC124290.2	0
AC124293.1	0
AC124301.1	0
AC124301.2	0
AC124303.1	0.066522046
AC124303.2	0.033054433
AC124312.1	0
AC124312.2	1.009514892
AC124312.3	0.552197567
AC124312.4	0.115877113
AC124312.5	0.625505807
AC124312.6	0.085937572
AC124319.1	0.421747735
AC124319.2	0.541128369
AC124319.3	0.660161751
AC124319.4	0.149605342
AC124657.1	0
AC124784.1	0
AC124798.1	0.294884408
AC124804.1	0.00526097
AC124854.1	0.236017772
AC124856.1	0.040091412
AC124861.1	0.390758872
AC124864.1	0
AC124864.2	0
AC124891.1	0.02307123
AC124893.1	0.021970584
AC124916.1	0.218902528
AC124916.2	0.053455216
AC124944.1	0.048477604
AC124944.2	0.221740154
AC124944.3	0.221866574
AC124945.1	0
AC124947.1	0.124584641
AC124947.2	0.401598231
AC125232.1	0.875936602
AC125238.1	0
AC125238.2	0
AC125257.1	3.044575559
AC125257.2	0
AC125336.1	0
AC125388.1	0
AC125421.1	0.084027848
AC125421.2	0
AC125437.1	0.737891604
AC125437.2	0.01657679
AC125494.1	0.074868497
AC125494.2	0.656107852
AC125494.3	0
AC125603.1	0
AC125603.2	0.041006741
AC125603.3	0.073913385
AC125603.4	0.008872892
AC125604.1	0.016936306
AC125611.1	0.052288071
AC125611.2	0.074027625
AC125611.3	0
AC125611.4	0.408138142
AC125612.1	0
AC125613.1	0
AC125616.1	0
AC125618.1	0.148877048
AC125634.1	0
AC125793.1	0
AC125807.1	0.273022079
AC125807.2	4.031076979
AC126118.1	0.457603884
AC126120.1	0
AC126121.1	0
AC126121.2	0
AC126124.1	0
AC126124.2	0.037302082
AC126175.1	0.015796792
AC126177.1	0
AC126177.2	0.052982161
AC126177.3	0
AC126177.4	0
AC126177.5	0
AC126177.6	0.037852376
AC126177.7	0
AC126177.8	0.023594026
AC126178.1	0.051723405
AC126182.1	0
AC126182.2	0
AC126283.1	0.065791035
AC126323.1	0.024587204
AC126323.2	0
AC126323.3	0
AC126323.4	0.051170805
AC126323.5	0
AC126323.6	0.009912225
AC126335.1	0
AC126335.2	0.002582266
AC126365.1	0.031635319
AC126365.2	0
AC126389.1	0.206447729
AC126471.1	0
AC126474.1	0.175951584
AC126474.2	4.009568815
AC126544.1	0.223812492
AC126564.1	0.041638241
AC126603.1	0.042900364
AC126614.1	0.043700614
AC126615.1	0.133044092
AC126615.2	0.116252119
AC126696.1	0
AC126696.2	0.022938637
AC126696.3	0
AC126755.1	0.385405505
AC126755.2	0.011855414
AC126755.3	0
AC126755.4	0
AC126755.5	0
AC126755.6	0
AC126763.1	0
AC126768.1	0.02443667
AC126768.2	0.121357787
AC126768.3	0
AC126773.1	0.175122023
AC126773.2	0.106783308
AC126773.3	0
AC126773.4	0.051153989
AC126915.1	0.011535615
AC126915.2	0.126041772
AC126915.3	0
AC127002.1	0.105265655
AC127024.1	0
AC127024.2	0.107149605
AC127024.3	0.052060732
AC127024.4	0.777530409
AC127024.5	1.114460254
AC127024.6	0.423607369
AC127024.7	0
AC127024.8	0.062900502
AC127029.1	0
AC127029.2	0
AC127070.1	0.323620765
AC127070.2	0.370631566
AC127070.3	0
AC127070.4	0.239024082
AC127071.1	0
AC127071.2	0
AC127164.1	0.031390289
AC127381.1	0
AC127381.2	0
AC127383.1	0
AC127391.1	0
AC127455.1	0.082579092
AC127459.1	0
AC127459.2	0.012847605
AC127459.3	0
AC127496.1	0.017077207
AC127496.2	0.195227744
AC127496.3	0.048477604
AC127496.4	0.021810507
AC127496.5	0.332965964
AC127496.6	0
AC127496.7	0.486151105
AC127502.1	0.164378801
AC127502.2	1.008441397
AC127521.1	1.24375497
AC127522.1	0
AC127526.1	0.079826455
AC127526.2	0.104348308
AC127537.1	0.559531229
AC127540.1	0.017378764
AC127894.1	0.014070468
AC128657.1	0
AC128676.1	0
AC128677.1	0
AC128685.1	0.006528881
AC128687.1	0.019344052
AC128687.2	0.063466263
AC128688.1	0.138427379
AC128688.2	1.854512386
AC128689.1	0.061449984
AC128707.1	0.067458976
AC128709.1	0.319305821
AC128709.2	0.557926839
AC128709.3	0.803365286
AC128713.1	0
AC128716.1	0
AC129102.1	0
AC129492.1	0.12611164
AC129492.2	0.162123362
AC129492.3	0
AC129492.4	0.051500939
AC129492.5	0.266088185
AC129492.6	0.100930001
AC129492.7	0
AC129502.1	0.014478801
AC129507.1	0.141548662
AC129507.2	0.640319161
AC129507.3	0.34098924
AC129507.4	0.554350385
AC129510.1	1.402356648
AC129510.2	0.069414309
AC129778.1	0
AC129807.1	0
AC129850.1	0
AC129908.1	0
AC129926.1	0.273022079
AC130289.1	0
AC130289.2	0
AC130304.1	0
AC130324.1	0.144091075
AC130324.2	0.018767975
AC130324.3	0
AC130343.1	0
AC130343.2	0.140539534
AC130352.1	0.108689576
AC130360.1	0
AC130364.1	0
AC130364.2	0
AC130365.1	0
AC130366.1	0
AC130371.1	0.038133657
AC130371.2	2.528055501
AC130404.1	0.064811736
AC130415.1	0.023710828
AC130448.1	0
AC130448.2	0.032015958
AC130454.1	0
AC130456.1	0.342615381
AC130456.2	1.224729857
AC130456.3	1.116057077
AC130456.4	0.180059674
AC130456.5	0
AC130456.6	0
AC130456.7	0.123934385
AC130462.1	0.087242028
AC130464.1	0
AC130469.1	0.092582229
AC130472.1	0.038750706
AC130509.1	0
AC130650.1	0.173117614
AC130650.2	0.244163315
AC130651.1	0
AC130686.1	0.004855624
AC130689.1	0.616307192
AC130709.1	0
AC130710.1	0
AC130895.1	0.072863904
AC131009.1	0.140539534
AC131009.2	0.015550608
AC131009.3	1.084749742
AC131009.4	0.082579092
AC131011.1	0.142547242
AC131025.1	0.020363892
AC131025.2	0
AC131055.1	0
AC131055.2	0
AC131094.1	0
AC131097.1	0.032405868
AC131097.2	0.071062126
AC131097.3	0.058539401
AC131097.4	0.209701722
AC131157.1	0
AC131159.1	0.168647441
AC131159.2	0.477594177
AC131182.1	0
AC131206.1	0.06921369
AC131210.1	0
AC131211.1	0
AC131212.1	0.143400818
AC131212.2	0.318127571
AC131212.3	0.212857934
AC131212.4	0.024561986
AC131235.1	0.83425189
AC131235.2	0.022656515
AC131235.3	0.18612386
AC131235.4	0.057938556
AC131238.1	0.109518003
AC131254.1	0
AC131254.2	0
AC131254.3	0
AC131274.1	0
AC131274.2	0
AC131274.3	0
AC131274.4	0
AC131280.1	0
AC131281.1	0.292048007
AC131281.2	0
AC131391.1	0.023026862
AC131392.1	0.189162217
AC131392.2	0.002764074
AC131532.1	0.115356149
AC131571.1	0.012697739
AC131649.1	0
AC131649.2	6.360580596
AC131888.1	0.033138289
AC131902.1	0.040316392
AC131902.2	0
AC131902.3	0.02060924
AC131934.1	0.131293512
AC131935.1	0
AC131935.2	0
AC131953.1	0.351437225
AC131956.1	0
AC131956.2	0.116933284
AC131971.1	0.040398004
AC132008.1	0.711739375
AC132008.2	2.574642528
AC132068.1	0.104348308
AC132154.1	0.033666265
AC132186.1	0.067649538
AC132192.1	0.160455187
AC132192.2	0.240105729
AC132216.1	0
AC132217.1	0
AC132219.1	0.050100286
AC132219.2	0.607188767
AC132479.1	0
AC132803.1	0
AC132807.1	0.026144036
AC132807.2	0.03532144
AC132812.1	10.06779846
AC132825.1	0
AC132825.2	0
AC132825.3	0
AC132825.4	0
AC132872.1	3.476959834
AC132872.2	0.09101834
AC132872.3	1.370629122
AC132872.4	0.383615255
AC132938.1	0.266088185
AC132938.2	0.070435108
AC132938.3	1.943143979
AC132938.4	0
AC132938.5	0.296636073
AC132942.1	1.140377934
AC133041.1	0.119143963
AC133065.1	0.096824542
AC133065.2	0.082507964
AC133065.3	2.512619926
AC133104.1	0
AC133104.2	0
AC133106.1	0.030161129
AC133134.1	0.333536722
AC133141.1	0
AC133435.1	0.083152558
AC133473.1	0.040046717
AC133480.1	0
AC133485.1	0
AC133485.2	0
AC133485.3	0
AC133485.4	0
AC133485.5	0
AC133485.6	0
AC133528.1	0.416485854
AC133539.1	0
AC133539.2	0
AC133540.1	0
AC133548.1	0
AC133548.2	0
AC133550.1	0
AC133550.2	0.418208452
AC133552.1	0.017929576
AC133552.2	0.563605968
AC133552.3	0.02562647
AC133552.4	0.159416738
AC133552.5	1.39023602
AC133555.1	0
AC133555.2	0
AC133555.3	0
AC133555.4	0
AC133555.5	0
AC133561.1	0
AC133561.2	0
AC133561.3	0.03411387
AC133561.4	0
AC133565.1	0.02453682
AC133569.1	0
AC133634.1	0
AC133637.1	0
AC133644.1	0
AC133644.2	0.110870077
AC133681.1	0
AC133785.1	0.007018739
AC133794.1	2.253306946
AC133865.1	0
AC133919.1	0
AC133919.2	0.654040286
AC133919.3	0.013274909
AC133961.1	0.062855477
AC133963.1	1.148188742
AC133963.2	0.041432416
AC133965.1	0
AC134026.1	0.048131181
AC134043.1	0.056303926
AC134043.2	0.203311347
AC134050.1	0
AC134312.1	0.036425235
AC134312.2	0
AC134312.3	0.056215814
AC134312.4	0.042840674
AC134312.5	0.023836699
AC134312.6	0
AC134349.1	0
AC134349.2	0.026316414
AC134407.1	0.151996777
AC134407.2	0.006053573
AC134407.3	0.184731629
AC134508.1	0
AC134669.1	0.07712701
AC134682.1	0.063823343
AC134684.1	0
AC134698.1	0
AC134698.2	0
AC134698.3	0
AC134698.4	0
AC134698.5	0
AC134772.1	0
AC134775.1	0.206447729
AC134878.1	0
AC134878.2	0.056793526
AC134879.1	0
AC134879.2	0.892660876
AC134879.3	0
AC134915.1	0
AC134978.1	0
AC134981.1	0
AC135001.1	0
AC135012.1	0
AC135012.2	0
AC135012.3	0.097831383
AC135048.1	0.110189892
AC135048.2	0
AC135048.3	0.292048007
AC135048.4	0.20718484
AC135050.1	0.153298787
AC135050.2	0.022043388
AC135050.3	0.880046668
AC135050.4	0.071273621
AC135050.5	1.367193435
AC135050.6	13.13018482
AC135050.7	0.102572316
AC135068.1	0
AC135068.2	0.169602951
AC135068.3	0
AC135068.4	0
AC135068.5	0
AC135068.6	0
AC135068.7	0
AC135068.8	0.03392059
AC135068.9	0.101188465
AC135178.1	0.423659959
AC135178.2	0.062061384
AC135178.3	0.44222042
AC135178.4	0
AC135178.5	0.426372759
AC135178.6	0.030085348
AC135279.1	0.285094483
AC135279.2	0.077251408
AC135279.3	0.109601541
AC135352.1	0.287105023
AC135371.1	0.040866786
AC135388.1	0
AC135457.1	0
AC135506.1	0.71218155
AC135507.1	0.469567385
AC135507.2	0.038750706
AC135584.1	0.071915726
AC135586.1	0.187745148
AC135586.2	0
AC135626.1	0.055052728
AC135628.1	0
AC135721.1	1.836008474
AC135731.1	0
AC135731.2	0
AC135776.1	0
AC135776.2	0
AC135776.3	0
AC135776.4	0
AC135782.1	0
AC135782.2	0
AC135782.3	0.039818422
AC135803.1	0.678171656
AC135895.1	0.033952651
AC135977.1	0.299661355
AC135983.1	0.054575972
AC135983.2	0.698411363
AC135983.3	0.146500428
AC135983.4	0.018976178
AC135983.5	0
AC135999.1	0
AC136188.1	0
AC136285.1	0.01655006
AC136285.2	0.095031494
AC136424.1	0
AC136424.2	0
AC136428.1	0.240165553
AC136428.2	0
AC136428.3	0
AC136443.1	0
AC136443.2	0
AC136443.3	0.035425942
AC136443.4	0
AC136443.5	0
AC136469.1	0.023432423
AC136469.2	0.011647829
AC136475.1	0.406112333
AC136475.10	0.435417029
AC136475.2	2.168754464
AC136475.3	9.523481769
AC136475.4	0
AC136475.5	0.234415981
AC136475.6	0.041432416
AC136475.7	0.343847063
AC136475.8	0
AC136475.9	0.144554949
AC136489.1	0.048590016
AC136601.1	0
AC136601.2	0
AC136603.1	0
AC136604.1	0
AC136604.2	0.414155567
AC136604.3	0.087507686
AC136618.1	0
AC136618.2	0
AC136619.1	0
AC136619.2	0
AC136621.1	0.01039407
AC136624.1	0.022092192
AC136624.2	0
AC136624.3	0
AC136628.1	0
AC136628.2	0
AC136628.3	3.674769583
AC136628.4	0
AC136632.1	2.329959992
AC136632.2	0.166884576
AC136698.1	0
AC136759.1	0
AC136777.1	0
AC136777.2	0.033446839
AC136896.1	0
AC136932.1	0
AC136944.1	0
AC136944.2	0
AC136944.3	0
AC136944.4	0
AC136944.5	0
AC137055.1	0.151569219
AC137056.1	0
AC137056.2	0
AC137499.1	0
AC137499.2	0
AC137527.1	0
AC137549.1	0
AC137579.1	0
AC137579.2	0
AC137590.1	0
AC137590.2	0
AC137627.1	0
AC137630.1	0.413423458
AC137630.2	0.163281386
AC137630.3	0.183743759
AC137630.4	0
AC137675.1	0
AC137695.1	0.048973286
AC137695.2	0.031761189
AC137723.1	0.084442654
AC137723.2	0.24068278
AC137735.1	0
AC137761.1	0
AC137761.2	0
AC137767.1	0.159937244
AC137768.1	0
AC137770.1	0.022592393
AC137800.1	0
AC137800.2	0
AC137803.1	0
AC137810.1	0.044348031
AC137834.1	0
AC137834.2	0.017081267
AC137894.1	0.350244046
AC137932.1	1.62123362
AC137932.2	0.105652662
AC137932.3	0.464563798
AC138024.1	0
AC138028.1	0.096305375
AC138028.2	0.207179356
AC138028.3	0
AC138028.4	1.21362172
AC138028.5	0.021458725
AC138028.6	0.54133325
AC138035.1	0.24755756
AC138035.2	0
AC138035.3	0
AC138057.1	0
AC138058.1	0.026668081
AC138089.1	0
AC138123.1	0.075071902
AC138123.2	0
AC138150.1	0.258059662
AC138150.2	0.306766933
AC138207.1	0.175764672
AC138207.2	0.632770683
AC138207.3	1.659043801
AC138207.4	0.562293515
AC138207.5	1.844400986
AC138207.6	0.090531396
AC138207.7	0.071700409
AC138207.8	1.321765481
AC138230.1	0.252463187
AC138304.1	0.028240491
AC138305.1	0
AC138305.2	0
AC138305.3	0.049891535
AC138331.1	0.03184566
AC138356.1	0.183685036
AC138356.2	1.364350212
AC138356.3	0
AC138360.1	0
AC138392.1	0.390031541
AC138393.1	0.630498676
AC138393.2	0
AC138393.3	0.125381867
AC138409.1	0.019967707
AC138409.2	0.204091379
AC138430.1	0
AC138430.2	0
AC138466.1	0.03062396
AC138466.2	0
AC138466.3	0
AC138466.4	0
AC138466.5	0.118554142
AC138470.1	0.10099288
AC138473.1	0.091056793
AC138474.1	0.137368661
AC138512.1	0
AC138517.1	0
AC138623.1	0
AC138625.1	0
AC138625.2	0
AC138627.1	0.047381446
AC138627.2	0.039846816
AC138645.1	0
AC138646.1	0
AC138647.1	0
AC138649.1	0.591397215
AC138649.2	0.050953057
AC138649.3	0
AC138649.4	0.041721144
AC138655.1	0
AC138696.1	0.049598764
AC138696.2	0.322169551
AC138701.1	0
AC138701.2	0
AC138749.1	0.014531515
AC138749.2	0
AC138749.3	0
AC138749.4	0
AC138749.5	0
AC138761.1	2.993492076
AC138761.2	0
AC138761.3	0
AC138761.4	0
AC138761.5	0
AC138761.6	0
AC138781.1	0
AC138811.1	0.033168887
AC138811.2	0.078363667
AC138819.1	0.027781829
AC138832.1	0.021535914
AC138853.1	0
AC138866.1	0.144554949
AC138866.2	0
AC138869.1	0
AC138869.2	0
AC138869.3	0
AC138894.1	0.034787822
AC138894.2	0
AC138894.3	0
AC138894.4	0
AC138904.1	0.033783869
AC138904.2	0
AC138907.1	0
AC138907.10	0
AC138907.2	0
AC138907.3	0
AC138907.4	0
AC138907.5	0
AC138907.6	0
AC138907.7	0
AC138907.8	0
AC138907.9	0
AC138915.1	0
AC138915.2	0
AC138915.3	0
AC138932.1	0.54172126
AC138932.2	0.024620908
AC138932.3	0.169977468
AC138932.4	0
AC138932.5	0.361558546
AC138938.1	0
AC138951.1	0.040136207
AC138951.2	0.020626991
AC138956.1	0.403883852
AC138956.2	0.544271287
AC138965.1	0
AC138965.2	0
AC138965.3	0
AC138969.1	0.051553112
AC138969.2	0.010850354
AC138969.3	0
AC138969.4	0
AC139085.1	0
AC139099.1	0.013684535
AC139099.2	0.037360276
AC139099.3	0.027589789
AC139099.4	0
AC139100.1	0.214587246
AC139100.2	0.361751308
AC139103.1	0.011625212
AC139143.1	0.039681751
AC139149.1	0.563039262
AC139256.1	0.032262424
AC139256.2	0.401362066
AC139272.1	0.018709325
AC139365.1	0
AC139365.2	0
AC139426.1	0
AC139426.2	0
AC139426.3	0
AC139451.1	0.036284752
AC139453.1	0
AC139453.2	0.356947565
AC139491.1	0.031593584
AC139491.2	0.022596269
AC139491.3	0.017505802
AC139491.4	0
AC139491.5	0
AC139493.1	0
AC139495.1	0.011159337
AC139495.2	0
AC139495.3	0.045877273
AC139497.1	0
AC139530.1	1.526272136
AC139530.2	0.006229952
AC139530.3	0
AC139697.1	0
AC139700.1	0
AC139712.1	0.006386116
AC139712.2	0
AC139712.3	0
AC139713.1	0
AC139713.2	0.087264735
AC139718.1	0
AC139718.2	0
AC139720.1	0
AC139720.2	0
AC139722.1	0
AC139749.1	0.104333154
AC139768.1	2.013440105
AC139769.1	1.901615136
AC139769.2	0.026132624
AC139769.3	0.068422676
AC139783.1	0
AC139783.2	0
AC139792.1	0.018506906
AC139792.2	0.020398583
AC139792.3	0
AC139795.1	0.701018842
AC139795.2	1.504439193
AC139795.3	0.110665141
AC139887.1	1.004808529
AC139887.2	0.669021721
AC139887.3	0
AC139887.4	0.632838381
AC140059.1	0
AC140063.1	0
AC140076.1	0
AC140113.1	0
AC140113.2	0
AC140113.3	0
AC140113.4	0
AC140118.1	0.045014918
AC140125.1	0
AC140125.2	0.015786379
AC140125.3	0
AC140134.1	0.185826258
AC140172.1	0
AC140479.1	0.035531063
AC140479.2	0.061208784
AC140479.3	0.010634075
AC140479.4	0.005921844
AC140481.1	0
AC140481.2	0
AC140504.1	0
AC140658.1	0
AC140658.2	0.06881591
AC140658.3	0
AC140658.4	0
AC140658.5	0
AC140658.6	0
AC140725.1	0.013172682
AC140725.2	0
AC140725.3	0
AC140847.1	0
AC140847.2	0.177272747
AC140847.3	0
AC140878.1	0
AC140912.1	0.041977102
AC141002.1	0.429174491
AC141257.1	0
AC141257.2	0
AC141273.1	0.018651041
AC141273.2	0.092107449
AC141273.3	0
AC141424.1	0.009050619
AC141557.1	2.005639691
AC141557.2	0.099369032
AC141586.1	0.287270777
AC141586.2	0.062800533
AC141586.3	0
AC141586.4	0.015224372
AC141586.5	0.128501123
AC141846.1	0.08432372
AC141928.1	0.148186127
AC141930.1	0.091404338
AC141930.2	0.021574718
AC142086.1	0
AC142086.2	0
AC142086.3	0
AC142086.4	0
AC142086.5	0
AC142086.6	0.013568236
AC142381.1	0.208242927
AC142381.2	0
AC142381.3	0.322603547
AC142381.4	0
AC142384.1	0.008420512
AC142391.1	0.083650477
AC142472.1	0.722152023
AC143336.1	0
AC144450.1	0.065670759
AC144521.1	0
AC144522.1	0
AC144530.1	1.984874025
AC144548.1	0.240491964
AC144568.1	0.262203686
AC144568.2	0
AC144652.1	0.442387992
AC144831.1	1.870932548
AC144833.1	0
AC144836.1	0
AC145098.1	2.455491196
AC145098.2	0.178066283
AC145124.1	1.143729522
AC145138.1	0.092398212
AC145141.1	0
AC145141.2	0
AC145146.1	0
AC145207.1	0
AC145207.2	0
AC145207.3	0
AC145207.4	0
AC145207.5	1.000062976
AC145207.6	0
AC145207.7	0.012498923
AC145207.8	0.319022246
AC145207.9	0.184214897
AC145285.1	0.138028453
AC145285.2	0.170795269
AC145285.3	0.110870077
AC145285.4	0.563871084
AC145285.5	0.056392315
AC145285.6	0.225630332
AC145285.7	0
AC145343.1	0.202636387
AC145350.1	0
AC145350.2	0
AC145350.3	0
AC145350.4	0
AC145422.1	0.308153596
AC145423.1	0.03563681
AC145423.2	0.050100286
AC145423.3	0.589724349
AC145543.1	0
AC145625.1	0.020226298
AC145676.1	0.059750341
AC146507.1	0
AC146507.2	0.125776978
AC146944.1	0
AC146944.2	0.032537957
AC146944.3	0
AC146944.4	0.016676836
AC146949.1	0.028307254
AC147055.1	0
AC147055.2	0
AC147055.3	0
AC147055.4	0
AC147067.1	2.006001599
AC147067.2	3.273160886
AC147651.1	0.221993137
AC147651.2	0.083734044
AC147651.3	0.17105669
AC147651.4	1.539744214
AC147876.1	0
AC148476.1	0.118890465
AC148477.1	0
AC148477.2	0
AC148477.3	0
AC148477.4	0.006678175
AC148477.5	0
AC148477.6	0
AC148477.7	0
AC148477.8	0
AC148477.9	0
AC152007.1	0
AC152010.1	0
AC156455.1	0.366216398
AC159540.1	0
AC159540.2	0.003904131
AC174048.1	0
AC174065.1	0.00953911
AC174071.1	0
AC187653.1	0.045184786
AC190387.1	0
AC209005.1	0
AC209007.1	0.115992241
AC209154.1	0
AC209154.2	0
AC211429.1	0
AC211433.1	0.050469835
AC211433.2	0.123761946
AC211433.3	0
AC211469.1	0.030390783
AC211469.2	0
AC211476.1	0.051170805
AC211476.2	0.084561923
AC211476.3	0
AC211476.4	0
AC211485.1	0
AC211486.1	0.032015958
AC211486.2	0.042764173
AC211486.3	0
AC211486.4	0
AC211486.5	0.015450282
AC215217.1	0
AC215219.1	2.958894755
AC215522.1	0
AC217774.1	0.162123362
AC217774.2	0
AC226101.1	0.112205861
AC226118.1	0.267824081
AC226119.1	0
AC226119.2	0
AC226150.1	0
AC231532.1	0
AC231532.2	0.133044092
AC231533.1	0
AC231533.2	0.110189892
AC231657.1	0.150805646
AC231657.2	0.047515747
AC231759.1	0
AC231760.1	0
AC231981.1	0.049174408
AC232271.1	0.357234414
AC232323.1	0
AC233263.1	0
AC233263.2	0
AC233263.6	0
AC233266.1	0
AC233266.2	0.068033911
AC233279.1	0.028307254
AC233280.1	0.02844173
AC233280.2	0.100715621
AC233289.1	0
AC233290.1	0
AC233290.2	0
AC233296.1	0.059017368
AC233300.1	0.337088459
AC233309.1	0
AC233699.1	0.112768537
AC233701.1	0
AC233702.1	0
AC233702.10	0
AC233702.2	0
AC233702.3	0
AC233702.4	0
AC233702.5	0
AC233702.6	0.025612766
AC233702.7	0.012408257
AC233702.8	0
AC233702.9	0.015997286
AC233723.1	0.532649836
AC233723.2	1.489638982
AC233724.1	0.051390422
AC233724.10	0
AC233724.11	0
AC233724.12	0
AC233724.13	0
AC233724.14	0
AC233724.2	0
AC233724.3	0
AC233724.4	0
AC233724.5	0
AC233724.6	0
AC233724.7	0
AC233724.8	0
AC233724.9	0
AC233728.1	0.659117521
AC233728.2	0
AC233964.1	0.032986139
AC233968.1	0
AC233976.1	0.106199275
AC233981.1	0
AC233981.2	0
AC233982.1	0.02746323
AC233992.1	0
AC233992.2	0.037512432
AC233992.3	0.296263133
AC234064.1	0
AC234582.1	1.965017831
AC234582.2	0
AC234644.1	0
AC234771.1	0
AC234771.2	0
AC234771.3	0
AC234771.4	0.049208089
AC234771.5	0
AC234772.1	0
AC234772.2	0.415097568
AC234772.3	0.136067822
AC234775.1	0.017871594
AC234775.2	0.046773314
AC234775.3	0.748373019
AC234778.1	0
AC234778.2	0.067649538
AC234779.1	0
AC234781.1	0.013915129
AC234781.2	0.120462458
AC234781.3	0.061531183
AC234781.4	0.049073641
AC234781.5	0
AC234782.1	0.013029345
AC234782.2	0.109601541
AC234782.3	0.082960519
AC234782.4	0.045702169
AC234782.5	0
AC234783.1	0.072423195
AC234791.1	0
AC234917.1	0.037892305
AC235097.1	0
AC235565.1	0
AC236430.1	0
AC236972.1	0
AC236972.2	0
AC236972.3	1.700847771
AC236972.4	0
AC237221.1	0
AC237221.2	0
AC239367.1	0
AC239367.2	0
AC239367.3	0.102970243
AC239584.1	0.03271576
AC239585.1	0.00505444
AC239585.2	0.551432751
AC239600.1	0.103670721
AC239600.2	0
AC239727.1	0
AC239798.1	0
AC239798.2	0.040589723
AC239798.3	0
AC239798.4	0.102634014
AC239799.1	0.003510398
AC239799.2	0.011962006
AC239800.1	0.016653642
AC239800.2	0
AC239800.3	0
AC239800.4	0
AC239801.1	0
AC239802.1	0
AC239802.2	0
AC239803.1	0.063038348
AC239803.2	0
AC239803.3	0
AC239803.4	0.101819458
AC239804.1	0
AC239804.2	0.022938637
AC239809.1	0
AC239809.2	0
AC239809.3	0.031444244
AC239859.1	0.00923205
AC239859.2	0
AC239859.3	0
AC239859.4	0
AC239859.5	0
AC239859.6	0.224863255
AC239860.1	0
AC239860.2	0
AC239868.1	1.089744851
AC239868.2	0
AC239868.3	0
AC240442.1	0
AC240504.1	0
AC240565.1	0.011056296
AC240565.2	0.159957592
AC241377.1	0
AC241377.2	0.021652746
AC241377.3	0.044021942
AC241520.1	0
AC241584.1	0.009648645
AC241585.1	2.514764056
AC241585.2	0.397418697
AC241585.3	0.121060341
AC241644.1	0.026847463
AC241644.2	0
AC241644.3	0
AC241952.1	1.284760548
AC242376.1	0
AC242376.2	1.328934195
AC242426.1	0
AC242426.2	0.556005162
AC242426.3	0
AC242498.1	0
AC242842.1	1.339370057
AC242843.1	0
AC242852.1	0
AC242852.2	0
AC242988.1	0
AC243312.1	0
AC243312.2	0
AC243428.1	0
AC243547.1	0
AC243547.2	0
AC243547.3	0
AC243562.1	0.554065371
AC243562.2	0.728313536
AC243562.3	0.009879512
AC243571.1	0
AC243571.2	0.054675654
AC243585.1	0
AC243585.2	0
AC243591.1	0
AC243654.1	0.040866786
AC243654.2	0.108117095
AC243654.3	0
AC243732.1	0.194022635
AC243756.1	0
AC243772.1	0
AC243772.2	0.064212644
AC243772.3	0.052555823
AC243773.1	0
AC243773.2	0.187093255
AC243829.1	0.521350512
AC243829.2	0.019629456
AC243829.3	0
AC243829.4	0.315843244
AC243829.5	0
AC243829.6	0
AC243830.1	0
AC243830.2	0.095031494
AC243830.3	0.03184566
AC243836.1	0.628770025
AC243919.1	0.10677424
AC243960.1	0.482284835
AC243960.2	0.176323496
AC243960.3	0.815564405
AC243960.4	0
AC243960.5	0
AC243960.7	0.067745224
AC243961.1	0
AC243962.1	0.082721715
AC243964.1	0.045877273
AC243964.2	1.663520279
AC243964.3	6.571512191
AC243965.1	0
AC243965.2	0.049312486
AC243967.1	0
AC243967.2	0.316771648
AC243967.3	0
AC243972.1	0.042013924
AC243972.2	0
AC243972.3	0
AC243994.1	0
AC244015.1	0
AC244015.2	0
AC244021.1	0.058856207
AC244021.2	0.022635101
AC244023.1	0
AC244033.1	0.041289546
AC244034.1	0.120949175
AC244034.2	0.070573487
AC244034.3	0.007638895
AC244035.1	0
AC244035.2	0
AC244090.1	11.29317412
AC244090.2	0
AC244090.3	0.196542409
AC244093.1	0
AC244093.2	0.022851085
AC244093.3	0.029133743
AC244093.4	0.101188465
AC244093.5	0.133414689
AC244097.1	0
AC244098.1	0
AC244098.2	0
AC244098.3	0
AC244100.1	0
AC244100.2	0.012119401
AC244100.3	0.062396917
AC244100.4	0
AC244102.1	0
AC244102.2	0
AC244107.1	0
AC244107.2	0
AC244131.1	0
AC244131.2	0
AC244153.1	3.079842809
AC244154.1	0.292611444
AC244157.1	0
AC244157.2	0.011902553
AC244197.1	0
AC244197.2	0.255932147
AC244197.3	0.350792789
AC244205.1	0.07667429
AC244230.1	0
AC244250.1	0
AC244250.2	0
AC244250.3	0
AC244255.1	0
AC244394.1	0.122256733
AC244394.2	0
AC244452.1	0.084921761
AC244453.1	0.072716407
AC244453.2	0.077731095
AC244453.3	0.130435385
AC244502.1	0.065630764
AC244502.2	0
AC244502.3	0
AC244505.1	0
AC244505.2	0
AC244505.3	0
AC244505.4	0
AC244505.5	0
AC244505.6	0
AC244505.7	0
AC244517.1	0.166464564
AC244517.10	0.043700614
AC244517.11	0.015672733
AC244517.12	0
AC244517.2	0.022613727
AC244517.3	0.067868646
AC244517.4	0
AC244517.5	0.021155421
AC244517.6	0.170785602
AC244517.7	0.36102417
AC244517.8	0
AC244517.9	0
AC244636.1	0
AC244636.2	0
AC244669.1	1.849637381
AC244669.2	0.11229982
AC244670.1	0
AC245008.1	0
AC245014.1	0.031427738
AC245014.2	0
AC245014.3	0.20704268
AC245028.1	0
AC245028.2	0.047327938
AC245028.3	0
AC245033.1	0
AC245033.2	0
AC245033.3	0.213820863
AC245036.1	0
AC245036.2	0
AC245036.3	0
AC245036.4	0.112607852
AC245036.5	0
AC245041.1	3.087718219
AC245041.2	5.008972554
AC245047.1	0.013715886
AC245047.2	0
AC245047.3	0
AC245047.4	0
AC245047.5	0
AC245047.6	0
AC245047.7	0
AC245047.8	0
AC245052.1	0.058409601
AC245052.2	0.1830882
AC245052.3	0.22592393
AC245052.4	0.164145309
AC245052.5	0.018449874
AC245052.6	0
AC245052.7	0
AC245054.1	0
AC245054.2	0
AC245056.1	0
AC245060.1	0
AC245060.2	0.182808676
AC245060.3	0
AC245060.4	3.770571643
AC245060.5	0.152719912
AC245060.6	0.079636844
AC245088.1	0
AC245088.2	0
AC245096.1	0
AC245100.1	0.044981098
AC245100.2	0.106974106
AC245100.3	0
AC245100.4	0.445697709
AC245100.5	0
AC245100.6	0
AC245100.7	0.108361704
AC245100.8	0.939356682
AC245102.1	0
AC245102.2	0
AC245123.1	0.03476762
AC245128.1	0
AC245128.2	0
AC245128.3	1.008502678
AC245140.1	0.070228553
AC245140.2	0.401396565
AC245164.1	0
AC245177.1	0.00505444
AC245187.1	0
AC245291.1	0
AC245291.2	0
AC245291.3	0
AC245297.1	3.914319757
AC245297.2	0.021192864
AC245297.3	2.051138072
AC245389.1	0
AC245389.2	0
AC245407.1	0.129308513
AC245407.2	0.113229015
AC245407.3	0
AC245427.1	0
AC245452.1	0.131595974
AC245452.2	0.030545838
AC245452.3	0
AC245452.4	0
AC245452.5	0
AC245505.1	0
AC245505.2	0
AC245505.3	0
AC245517.1	0
AC245517.2	0.034606845
AC245517.3	0
AC245517.4	0
AC245517.5	0
AC245519.1	0
AC245595.1	0.071358572
AC245595.2	0
AC245748.1	0
AC245748.2	0
AC245748.3	0
AC245884.1	0.022635101
AC245884.10	0.035531063
AC245884.11	0.07595943
AC245884.12	0.405897231
AC245884.2	0.059277071
AC245884.3	0.659117521
AC245884.4	0.076105731
AC245884.5	0
AC245884.6	0.011222088
AC245884.7	0
AC245884.8	0.108854257
AC245884.9	0
AC246680.1	0
AC246785.1	0
AC246785.2	0.023341069
AC246785.3	0.076267314
AC246785.4	0
AC246787.1	1.909723813
AC246787.2	0.074065783
AC246793.1	0.007697826
AC246817.1	0.215924019
AC246817.2	0.050070357
AC247036.1	0.061562819
AC253536.1	0.114037793
AC253536.2	0.282849645
AC253536.3	0.579385563
AC253536.4	0
AC253536.5	2.346483703
AC253536.6	0.288964544
AC253576.1	0.010358104
AC253576.2	0.103223865
AC254562.1	0.393880536
AC254562.2	0.071807906
AC254562.3	0.550309161
AC254629.1	0.009372969
AC254633.1	0.971800326
ACAA1	7.281102878
ACAA2	14.23797375
ACACA	8.304823344
ACACB	3.294595485
ACAD10	3.017960212
ACAD11	0.139281267
ACAD8	3.55680603
ACAD9	8.163440375
ACADL	5.985618197
ACADM	10.69470889
ACADS	10.75757953
ACADSB	6.058770533
ACADVL	49.29386171
ACAN	0.100990565
ACAP1	1.310182221
ACAP2	5.552957419
ACAP2-IT1	0.329717968
ACAP3	3.449873034
ACAT1	10.4793666
ACAT2	5.208495169
ACBD3	22.4453341
ACBD3-AS1	5.102924811
ACBD4	3.504034687
ACBD5	7.549818497
ACBD6	3.615143786
ACBD7	0.327725434
ACCS	2.643069557
ACCSL	0.012826961
ACD	4.588225522
ACE	14.59063466
ACE2	0.439187834
ACE3P	0
ACER1	0.016572967
ACER2	0.995155543
ACER3	6.968503469
ACHE	1.043028598
ACIN1	16.36792835
ACKR1	74.10101089
ACKR2	0.418180279
ACKR3	14.19588714
ACKR4	1.543498774
ACLY	26.54378828
ACMSD	0.09028845
ACO1	10.10377868
ACO2	19.73141672
ACOD1	0.033001291
ACOT1	2.816993127
ACOT11	0.330975782
ACOT12	0
ACOT13	5.278465318
ACOT2	9.752304316
ACOT4	2.595542664
ACOT6	0.010121698
ACOT7	5.539847606
ACOT8	3.561211082
ACOT9	10.40069423
ACOX1	9.746516222
ACOX2	4.716359633
ACOX3	5.326952619
ACOXL	4.094109574
ACOXL-AS1	0.530315613
ACP1	14.69113804
ACP2	14.44162308
ACP4	0.097782963
ACP5	108.3827103
ACP6	0.936092004
ACP7	0.065515758
ACPP	1.550647458
ACR	0.40708003
ACRBP	1.234038943
ACRV1	0.021652746
ACSBG1	0.304077688
ACSBG2	0.066000986
ACSF2	8.85912542
ACSF3	2.255994888
ACSL1	30.74093423
ACSL3	11.39842397
ACSL4	30.40062694
ACSL5	24.89771313
ACSL6	0.06047046
ACSM1	0.287775623
ACSM2A	0.017537852
ACSM2B	0.016145336
ACSM3	2.035972622
ACSM4	0.029004364
ACSM5	0.471344702
ACSM5P1	0.00491139
ACSM6	0.042657529
ACSS1	7.21662018
ACSS2	15.12033138
ACSS3	2.744610035
ACTA1	0.21625227
ACTA2	91.36529434
ACTA2-AS1	0.552991939
ACTB	1701.039001
ACTBL2	0.012856802
ACTBP1	0.086066259
ACTBP11	0.127608898
ACTBP12	0.028009283
ACTBP13	0.010335752
ACTBP14	0.01099538
ACTBP2	0.277224556
ACTBP6	0
ACTBP7	0.085223974
ACTBP8	0.118875137
ACTBP9	0.108953306
ACTC1	0.154869174
ACTG1	942.8011342
ACTG1P1	0.593925797
ACTG1P10	0.088532113
ACTG1P11	0.021287055
ACTG1P12	0.01026927
ACTG1P13	0
ACTG1P14	0.192095748
ACTG1P15	0.067585898
ACTG1P16	0
ACTG1P17	0.114255423
ACTG1P18	0
ACTG1P19	0.010729362
ACTG1P2	0.010643527
ACTG1P20	0.588464254
ACTG1P21	0.023947937
ACTG1P22	0
ACTG1P23	0.234127872
ACTG1P24	0.05461331
ACTG1P3	0.333207377
ACTG1P4	0
ACTG1P9	0.022524395
ACTG2	9.171349642
ACTL10	0.371972388
ACTL6A	8.464862492
ACTL6B	0.005012126
ACTL7A	0
ACTL7B	0.010066388
ACTL8	0
ACTL9	0
ACTN1	21.66267332
ACTN1-AS1	0.051170805
ACTN2	1.312156382
ACTN3	0.006809194
ACTN4	126.6848988
ACTN4P1	0.08252218
ACTN4P2	0.006328736
ACTP1	0.031263625
ACTR10	13.71121649
ACTR1A	33.99311917
ACTR1B	24.36197424
ACTR2	72.93736065
ACTR3	18.37187751
ACTR3B	0.767256269
ACTR3BP1	0
ACTR3BP2	0
ACTR3BP3	0
ACTR3BP4	0
ACTR3BP5	0
ACTR3BP6	0
ACTR3C	0.494899309
ACTR3P2	0.00952583
ACTR3P3	0
ACTR5	3.085689298
ACTR6	4.704171131
ACTR6P1	0
ACTR8	4.535147858
ACTRT1	0
ACTRT2	0
ACTRT3	1.057053561
ACVR1	10.83058938
ACVR1B	10.860747
ACVR1C	0.032555651
ACVR2A	1.823509797
ACVR2B	0.465451512
ACVR2B-AS1	0.480481048
ACVRL1	23.47753071
ACY1	0.787329423
ACY3	0.221057876
ACYP1	1.918696714
ACYP2	1.961087073
AD000091.1	0
AD000671.1	0.057733695
AD000671.2	0.055982189
AD000671.3	0.046956738
AD000813.1	0
AD000864.1	0.213914031
AD001527.1	0.537090927
AD001527.2	0
ADA	2.132810624
ADA2	30.77516302
ADAD1	0
ADAD1P2	0.018535555
ADAD2	0.075729306
ADAL	1.258544063
ADAM10	7.33338905
ADAM11	0.09790037
ADAM12	0.367962718
ADAM15	17.71179789
ADAM17	15.33871664
ADAM18	0
ADAM19	1.910177446
ADAM1A	0
ADAM1B	0.514880637
ADAM2	0
ADAM20	0.038556606
ADAM20P1	0.090771678
ADAM20P2	0
ADAM20P3	0.01137129
ADAM21	0.049553669
ADAM21P1	0.005181293
ADAM22	0.411270819
ADAM23	0.589281106
ADAM24P	0
ADAM28	0.879704441
ADAM29	0.07035234
ADAM30	0
ADAM32	0.051262509
ADAM33	1.217100309
ADAM3A	0
ADAM3B	0
ADAM5	0
ADAM6	0
ADAM7	0
ADAM8	2.264532918
ADAM9	24.62172132
ADAMDEC1	1.227847447
ADAMTS1	24.97698925
ADAMTS10	1.908528352
ADAMTS12	1.486643232
ADAMTS13	0.480385204
ADAMTS14	0.393147944
ADAMTS15	1.764540367
ADAMTS16	0.061268813
ADAMTS17	1.018412009
ADAMTS18	0.066342741
ADAMTS19	0
ADAMTS19-AS1	0.015234056
ADAMTS2	6.277493466
ADAMTS20	0.003306813
ADAMTS3	0.669160264
ADAMTS4	4.090198192
ADAMTS5	0.493185753
ADAMTS6	0.169119898
ADAMTS7	2.765010792
ADAMTS7P1	0.081054555
ADAMTS7P3	5.129879982
ADAMTS7P4	0.075976956
ADAMTS8	14.24274806
ADAMTS9	7.009480323
ADAMTS9-AS1	1.361265644
ADAMTS9-AS2	0.465249598
ADAMTSL1	1.03176845
ADAMTSL2	14.35749717
ADAMTSL3	4.452489547
ADAMTSL4	19.70529455
ADAMTSL4-AS1	1.187350023
ADAMTSL5	0.356741676
ADAP1	1.691305282
ADAP2	4.97159164
ADAR	36.81751648
ADARB1	8.591788684
ADARB2	0.416862209
ADARB2-AS1	0
ADAT1	4.193291174
ADAT2	1.330070068
ADAT3	1.006305785
ADCK1	1.725044146
ADCK2	8.981503861
ADCK5	1.838453923
ADCY1	0.471701782
ADCY10	0.037059032
ADCY10P1	0.383767666
ADCY2	0.115383775
ADCY3	5.791305239
ADCY4	2.860274814
ADCY5	1.155157993
ADCY6	7.150210325
ADCY7	4.137470856
ADCY8	1.169073906
ADCY9	9.703561494
ADCYAP1	0.88427992
ADCYAP1R1	0.550325827
ADD1	25.42983624
ADD2	0.371322461
ADD3	11.7909081
ADD3-AS1	0.059823312
ADGB	0.85187244
ADGRA1	0.044191179
ADGRA1-AS1	0.002209627
ADGRA2	8.985987544
ADGRA3	2.489290924
ADGRB1	0.343462114
ADGRB2	0.34118708
ADGRB3	0.942788568
ADGRD1	6.501153739
ADGRD1-AS1	1.125196708
ADGRD2	0.006477083
ADGRE1	1.747482291
ADGRE2	0.770766923
ADGRE3	2.11454287
ADGRE4P	0.725950845
ADGRE5	66.1126797
ADGRF1	1.202128098
ADGRF2	0.074895814
ADGRF3	0.170433154
ADGRF4	0.165961814
ADGRF5	66.32858203
ADGRF5P1	0.5548716
ADGRF5P2	0.259832947
ADGRG1	13.38860852
ADGRG2	0.410333921
ADGRG3	0.402728063
ADGRG4	0.008320208
ADGRG5	0.196428735
ADGRG6	8.744826611
ADGRG7	0.002926905
ADGRL1	4.705217898
ADGRL2	18.88440268
ADGRL3	0.458497429
ADGRL3-AS1	0
ADGRL4	15.45378614
ADGRV1	1.199485995
ADH1A	0.174995994
ADH1B	47.24248071
ADH1C	5.28528386
ADH4	0.09274578
ADH5	28.57166995
ADH5P2	0.010652997
ADH5P3	0.010531195
ADH5P4	0.215747177
ADH6	0.302001927
ADH7	0.924630757
ADHFE1	1.982889151
ADI1	15.14620847
ADI1P1	0
ADI1P2	0.027911348
ADI1P3	0
ADIG	0
ADIPOQ	0.002595701
ADIPOQ-AS1	0.006955544
ADIPOR1	44.58456285
ADIPOR1P1	0
ADIPOR1P2	0
ADIPOR2	22.48938586
ADIRF	0
ADIRF-AS1	2.501867769
ADK	9.883036654
ADM	13.52908634
ADM2	0.18201776
ADM5	1.637882743
ADNP	14.2145428
ADNP2	5.837639732
ADNP-AS1	1.459609944
ADO	9.309785118
ADORA1	0.999973492
ADORA2A	0.165630852
ADORA2A-AS1	0.175519039
ADORA2B	2.243652234
ADORA2BP1	0.042662595
ADPGK	14.22098006
ADPGK-AS1	0.255658342
ADPRH	10.51841116
ADPRHL1	0.807582817
ADPRHL2	24.65144314
ADPRM	4.213062922
ADRA1A	0.583546677
ADRA1B	2.397549465
ADRA1D	0.755347105
ADRA2A	0.824908898
ADRA2B	0.163394406
ADRA2C	1.115518846
ADRB1	2.904306368
ADRB2	11.12886976
ADRB3	0.069002529
ADRM1	33.73618054
ADSL	6.809769262
ADSS	14.87763929
ADSSL1	0.978651609
ADTRP	2.487123055
AEBP1	174.9141824
AEBP2	5.074178596
AEN	3.645116307
AES	66.92358918
AF001548.1	0.174166812
AF001548.2	0.973959144
AF001548.3	0.027478986
AF001550.1	0
AF003529.1	0
AF013593.1	0
AF015262.1	0
AF015720.1	0
AF038458.1	0
AF038458.2	0.019956614
AF038458.3	0.07184381
AF064858.1	0.737772835
AF064858.2	0.328053926
AF064858.3	0.635161384
AF064860.1	0.022010971
AF064860.2	0.013408699
AF067845.1	0.010045275
AF067845.2	0
AF096876.1	0
AF099810.1	0
AF106564.1	0
AF107885.1	0.037496769
AF107885.2	0.019661689
AF111167.1	0.041100578
AF111167.2	1.448440118
AF111169.1	0
AF111169.2	0
AF111169.3	0.602463814
AF117829.1	0.835504806
AF117829.2	0
AF121897.1	0.003008535
AF121898.1	0
AF123462.1	0.026847463
AF124730.1	0
AF127577.1	0
AF127577.2	0
AF127577.3	0
AF127577.4	0.276679652
AF127577.5	0.080542388
AF127577.6	0.02732535
AF127936.1	0.172287314
AF127936.2	0.006427251
AF129075.1	0.78418936
AF129075.2	0.112961965
AF129408.1	0
AF130359.1	0
AF130417.1	0.025050143
AF131215.1	0.023026862
AF131215.2	0.007002321
AF131215.3	0.018738605
AF131215.4	0.027510553
AF131215.5	1.679690242
AF131215.6	1.23663625
AF131215.7	0.389535037
AF131216.1	0.096102546
AF131216.2	0
AF131216.3	0
AF131216.4	0.061052738
AF146191.1	0
AF165147.1	0.076991223
AF178030.1	0
AF181450.1	0
AF186190.1	0
AF186192.1	0.376803198
AF186192.2	0.491787984
AF186192.3	0.088508741
AF186996.1	0
AF186996.2	0.160724407
AF186996.3	0
AF196972.1	0.256716013
AF201337.1	1.376686196
AF212831.1	0.031761189
AF213884.1	0.025861703
AF213884.2	0
AF213884.3	0.099991385
AF228730.1	0
AF228730.2	0
AF228730.3	0
AF230666.1	0.145334747
AF230666.2	0.049547455
AF233439.1	0.016711749
AF233439.2	0
AF235103.1	0
AF235103.2	0
AF238378.1	0
AF240627.1	0
AF241725.1	0
AF241726.1	0
AF241726.2	0
AF241728.1	0.091326877
AF246928.1	0
AF250324.1	0.019629456
AF254982.1	0
AF254983.1	0
AF254983.2	0
AF274573.1	0
AF274854.1	0
AF274855.1	0
AF274858.1	0.562943872
AF279873.1	0
AF279873.2	0.032188087
AF279873.3	0
AF279873.4	0
AF287957.1	0.172665374
AF305872.1	0
AFAP1	4.968075331
AFAP1-AS1	0.047578682
AFAP1L1	12.53195878
AFAP1L2	4.703541877
AFDN	15.00498813
AFDN-DT	0.324442833
AFF1	11.07477717
AFF2	0.408650353
AFF2-IT1	0
AFF3	2.539191991
AFF4	14.42663385
AFG1L	0.725523287
AFG3L1P	1.458432354
AFG3L2	7.951915244
AFG3L2P1	0.006784118
AFM	0
AFMID	4.306842355
AFP	0.003674123
AFTPH	6.978412949
AGA	7.484289722
AGAP1	3.005123144
AGAP10P	0.0742802
AGAP11	0.1244857
AGAP12P	0.369197356
AGAP13P	0.164930693
AGAP14P	0.005818255
AGAP1-IT1	0.144264678
AGAP2	0.85782591
AGAP2-AS1	3.217006151
AGAP3	9.263761737
AGAP4	0.548031365
AGAP5	0.073035441
AGAP6	2.292484438
AGAP7P	0.029034841
AGAP9	0.861890275
AGBL1	0.237661951
AGBL1-AS1	0.073610461
AGBL2	1.522133122
AGBL3	0.340849241
AGBL4	0.131582069
AGBL4-IT1	0
AGBL5	5.174440591
AGBL5-AS1	0.117680278
AGBL5-IT1	1.059643213
AGER	876.3480482
AGFG1	12.7203341
AGFG2	5.346536414
AGGF1	6.182559759
AGGF1P1	0.011552309
AGGF1P2	0.059203799
AGGF1P3	0
AGGF1P4	0
AGGF1P5	0
AGGF1P6	0
AGGF1P7	0
AGGF1P8	0
AGGF1P9	0
AGK	3.60481007
AGKP1	0.009480577
AGL	3.369009579
AGMAT	0.134108445
AGMO	0.043396038
AGO1	3.361929018
AGO2	4.387102264
AGO3	1.554362683
AGO4	6.546384488
AGPAT1	14.29555291
AGPAT2	53.64977123
AGPAT3	7.990419006
AGPAT4	3.275806815
AGPAT4-IT1	0.599336007
AGPAT5	3.880547371
AGPAT5P1	0
AGPS	7.115432428
AGR2	31.5742391
AGR3	68.94321924
AGRN	28.08061409
AGRP	6.974366356
AGT	2.916400836
AGTPBP1	7.501003834
AGTR1	2.526996186
AGTR2	6.772230513
AGTRAP	16.76847307
AGXT	0.024168135
AGXT2	0.00302985
AHCTF1	4.49600142
AHCY	19.10791963
AHCYL1	31.58242452
AHCYL2	30.42554268
AHCYP2	0.046053724
AHCYP3	0
AHCYP4	0
AHCYP5	0
AHCYP7	0
AHCYP8	0
AHDC1	4.48208203
AHI1	2.255865367
AHNAK	140.8616032
AHNAK2	1.023187106
AHR	47.37096724
AHRR	0.141916009
AHSA1	24.64249176
AHSA2P	4.802729831
AHSG	0
AHSP	0.149141954
AICDA	0.026907794
AIDA	5.443741734
AIF1	40.78281055
AIF1L	5.97003666
AIFM1	8.746864325
AIFM1P1	0
AIFM2	3.015061542
AIFM3	0.416794305
AIG1	4.452421393
AIG1P1	0.080905191
AIM2	0.280127681
AIMP1	12.85186742
AIMP1P1	0
AIMP1P2	0.038378104
AIMP2	6.195453677
AIP	31.5265824
AIPL1	0.00300476
AIRE	0.007678902
AIRN	0
AJ003147.1	0
AJ003147.2	0
AJ003147.3	0.152465263
AJ006995.1	0
AJ009632.1	0
AJ009632.2	0.059869842
AJ011931.1	0
AJ011932.1	0.463508451
AJ239318.1	0
AJ239321.1	0
AJ239322.1	0.021682152
AJ239322.2	0
AJ239328.1	0.004981888
AJ271736.1	0
AJAP1	0.216216759
AJM1	0.47764861
AJUBA	6.839120549
AK1	14.56900156
AK2	16.58207484
AK2P2	0.059130708
AK3	15.24056729
AK3P2	0
AK3P3	0.48689329
AK3P4	0
AK3P5	0.09228492
AK4	0.46296816
AK4P1	0.035903953
AK4P2	0.017871594
AK4P3	0
AK4P4	0.074142219
AK4P5	0
AK4P6	0
AK5	0.05191777
AK6	7.183273308
AK6P1	0
AK6P2	0
AK7	3.292182847
AK8	3.064739599
AK9	1.033996867
AKAIN1	0
AKAP1	9.827126053
AKAP10	5.470779661
AKAP11	7.162654025
AKAP12	10.26301002
AKAP13	22.55333537
AKAP14	4.861226449
AKAP17A	12.32363756
AKAP17BP	0.022019066
AKAP2	0.731048688
AKAP3	0.577805995
AKAP4	0.011808647
AKAP5	1.330972249
AKAP6	0.713660153
AKAP7	2.381713313
AKAP8	9.055731617
AKAP8L	7.402132346
AKAP8P1	0
AKAP9	5.722649432
AKIP1	5.513231494
AKIRIN1	32.89455722
AKIRIN1P1	0
AKIRIN1P2	0
AKIRIN2	26.63743725
AKIRIN2P1	0
AKNA	6.652832121
AKNAD1	0.06090523
AKR1A1	29.16184976
AKR1B1	23.32960874
AKR1B10	0.185376803
AKR1B10P1	0
AKR1B10P2	0
AKR1B15	0.01080358
AKR1B1P1	0.025050143
AKR1B1P2	0
AKR1B1P3	0
AKR1B1P4	0
AKR1B1P6	0
AKR1B1P7	0.012617459
AKR1B1P8	0
AKR1C1	2.590248294
AKR1C2	1.652382617
AKR1C3	6.117107409
AKR1C4	0.050047934
AKR1C5P	0
AKR1C6P	0.024362092
AKR1C7P	0.24081724
AKR1C8P	0.026944123
AKR1D1	0.011613936
AKR1D1P1	0
AKR1E2	0.485498094
AKR7A2	17.97776039
AKR7A2P1	0.078517825
AKR7A3	0.231076581
AKR7L	0.129775668
AKT1	14.13125645
AKT1S1	6.603736399
AKT2	6.145070798
AKT3	6.035638272
AKT3-IT1	0.046320961
AKTIP	5.947853537
AL008582.1	0.27090426
AL008626.1	0
AL008627.1	0.098551179
AL008628.1	0.108497496
AL008629.1	0
AL008635.1	0.124404866
AL008636.1	0.023524496
AL008638.1	0
AL008638.2	0
AL008638.3	0
AL008638.4	0
AL008638.5	0
AL008638.6	0
AL008707.1	0.044846323
AL008718.1	0.073761612
AL008718.2	0.036478197
AL008718.3	0.447624983
AL008719.1	0
AL008721.1	0
AL008721.2	0.38275871
AL008723.1	0.081179446
AL008723.2	0
AL008723.3	0.133340404
AL008726.1	0.147307167
AL008727.1	0.010130261
AL008729.1	0.403616909
AL008729.2	0.025314944
AL008733.1	0.561678684
AL008987.1	0
AL009028.1	0
AL009048.1	0
AL009050.1	0
AL009172.1	0
AL009174.1	1.525529616
AL009176.1	0.442115753
AL009178.1	0.080578522
AL009178.2	0.53726522
AL009181.1	0.066215493
AL009183.1	0
AL020989.1	0
AL020991.1	0
AL020993.1	0.161265566
AL020994.1	0
AL020994.2	0
AL020994.3	0
AL020995.1	0.014254724
AL020996.1	0.334396537
AL020996.2	0
AL020996.3	0
AL020997.1	0.06861873
AL020997.2	0.325379574
AL020997.3	0.333536722
AL020998.1	0.156864214
AL021026.1	0.556578929
AL021068.1	0.40745666
AL021068.2	0.838177781
AL021153.1	0
AL021154.1	0.131293512
AL021155.1	0.004540754
AL021328.1	0.143723551
AL021331.1	0.102869144
AL021368.1	0.044348031
AL021368.2	0.349017013
AL021368.3	0.124297249
AL021391.1	0.065911752
AL021392.1	0.828311134
AL021393.1	0
AL021395.1	0.005364681
AL021396.1	0.00521969
AL021397.1	0.04828213
AL021407.1	0.155103216
AL021407.2	0
AL021407.3	0.344929128
AL021408.1	0.096305375
AL021408.2	0.046530965
AL021453.1	0.652979871
AL021546.1	0
AL021578.1	3.428371743
AL021707.1	0.431062859
AL021707.2	0.199684999
AL021707.3	1.817680198
AL021707.4	0.175228804
AL021707.5	0.103895604
AL021707.6	3.097136405
AL021707.7	0.460537243
AL021707.8	1.439493458
AL021807.1	0.317892964
AL021808.1	0
AL021877.1	0
AL021877.2	0
AL021878.2	0.270089511
AL021879.1	0
AL021918.1	0.050737154
AL021918.2	0
AL021920.1	0
AL021920.2	0
AL021921.1	0
AL021937.1	0.146024004
AL021937.2	0.536147835
AL021937.3	0.066337775
AL021937.4	0.215747177
AL021939.1	0.013514637
AL021940.1	0
AL021997.1	0.372247719
AL021997.2	0.08836877
AL021997.3	0.193475251
AL022067.1	0.052748759
AL022068.1	0.608845846
AL022069.1	0.021957155
AL022069.2	0.020124316
AL022097.1	0
AL022099.1	0
AL022100.1	0
AL022154.1	0
AL022157.1	0.234077576
AL022161.1	0
AL022163.1	0
AL022237.1	0.033446839
AL022238.1	0.236106417
AL022238.2	0.026817398
AL022238.3	0.35138056
AL022310.1	0.017353577
AL022311.1	0.111623829
AL022313.1	0
AL022313.2	0.128752347
AL022313.3	0
AL022313.4	0
AL022314.1	0
AL022315.1	0.120220565
AL022316.1	0.083734044
AL022318.1	0
AL022318.2	0
AL022319.1	0
AL022322.1	0.434505479
AL022322.2	0.009392729
AL022323.1	1.288734311
AL022323.2	0.011973968
AL022323.3	0.00444468
AL022323.4	0.01186445
AL022323.5	0
AL022324.1	0.144482272
AL022324.2	0.291673587
AL022324.3	0
AL022326.1	0
AL022326.2	0.176955197
AL022328.1	1.202406859
AL022328.2	2.058025803
AL022328.3	1.040447909
AL022328.4	1.256010661
AL022329.1	0.114766469
AL022329.2	0.036284752
AL022329.3	0
AL022331.1	0.025102659
AL022332.1	0
AL022334.1	0.006937409
AL022334.2	0.074218812
AL022337.1	0
AL022341.1	0.338595505
AL022341.2	0.067601797
AL022342.1	0.013874818
AL022344.1	0
AL022344.2	0.18554703
AL022345.1	0.065431521
AL022345.2	0
AL022345.3	0.052517405
AL022393.1	0.15708247
AL022394.1	0.082013482
AL022396.1	0
AL022400.1	0
AL022401.1	0
AL022476.1	0.114968491
AL022578.1	0
AL022718.1	0
AL022721.1	0.047421657
AL022722.1	0.144016801
AL022722.2	0
AL022724.1	0.043227322
AL022725.1	0
AL023280.1	0
AL023284.1	0
AL023284.2	0
AL023284.3	0
AL023284.4	4.162074545
AL023495.1	0.006226713
AL023581.1	0
AL023581.2	0.28199563
AL023583.1	0.209518256
AL023584.1	0
AL023584.2	0.431494353
AL023653.1	0.771329247
AL023693.1	0
AL023754.1	0.011201093
AL023755.1	0.019554657
AL023773.1	0
AL023773.2	0
AL023775.1	0
AL023802.1	0.006343824
AL023803.1	0.064031916
AL023803.2	0.056303926
AL023803.3	0.022938637
AL023806.1	0.159749729
AL023806.2	0
AL023806.3	0.057761545
AL023807.1	0.266829377
AL023881.1	0.238683754
AL023973.1	0.038625704
AL024474.1	0.020260522
AL024474.2	0.023900136
AL024493.1	0.014374512
AL024497.1	0.151809424
AL024497.2	0.151091083
AL024498.1	0.089540212
AL024498.2	0
AL024507.1	0
AL024507.2	0.204683219
AL024508.1	0.260819112
AL024508.2	0.23391596
AL024509.1	0.012916902
AL024509.2	0
AL030996.1	0.101906113
AL031003.1	0
AL031005.1	0.380914621
AL031008.1	0.13279817
AL031009.1	0.153653122
AL031055.1	0.28464267
AL031056.1	0
AL031058.1	0.444978552
AL031073.1	0
AL031118.1	0.206657321
AL031119.1	0.006372522
AL031121.1	0
AL031123.1	0.484861393
AL031123.2	0.100833417
AL031123.3	0.084736847
AL031133.1	0.016561505
AL031183.1	0
AL031186.1	0.466518246
AL031229.1	0.106910431
AL031258.1	0
AL031274.1	0.929014782
AL031275.1	0.057291714
AL031280.1	0.064607743
AL031281.1	0.147220922
AL031281.2	0.128063832
AL031282.1	0.742134317
AL031282.2	0.264044979
AL031283.1	0.168810291
AL031283.2	0.003856351
AL031283.3	0.065881531
AL031284.1	0.100200572
AL031289.1	0.152534628
AL031313.1	0
AL031316.1	0.878593062
AL031320.1	0
AL031320.2	0.195822473
AL031386.1	0
AL031428.1	0.035957863
AL031429.1	0
AL031429.2	0.036899748
AL031432.1	0.028509448
AL031432.2	0.234783692
AL031432.3	0.296263133
AL031575.1	0
AL031577.1	0.300099456
AL031577.2	0
AL031584.1	0
AL031584.2	0
AL031587.1	0.011349733
AL031587.2	0
AL031587.3	0
AL031587.4	0
AL031587.5	1.515364296
AL031593.1	0.013842738
AL031594.1	0.072335693
AL031595.1	0.068655159
AL031595.2	0.016324429
AL031595.3	0.101588148
AL031597.1	0
AL031598.1	0
AL031599.1	0.222289016
AL031600.1	0.336111391
AL031600.2	0.039003154
AL031600.3	0
AL031601.1	0
AL031601.2	0
AL031602.1	0.223514075
AL031651.1	0.008326821
AL031651.2	0.021810507
AL031656.1	0.01122735
AL031658.1	0.172501282
AL031658.2	0
AL031659.1	0
AL031663.1	0.437405235
AL031663.2	0
AL031663.3	0.013348906
AL031665.1	0.293069154
AL031665.2	0.286458572
AL031666.1	0.536147835
AL031666.2	0.217901776
AL031666.3	0.035707659
AL031667.1	0
AL031667.2	0.037071109
AL031667.3	0.146246941
AL031668.1	0.039714654
AL031670.1	1.252881587
AL031673.1	0.847941962
AL031674.1	0
AL031676.1	0
AL031679.1	0
AL031681.1	0.269414287
AL031687.1	0
AL031705.1	0.228242798
AL031708.1	0.042715997
AL031709.1	0.467948187
AL031710.1	0.051170805
AL031710.2	0.033168887
AL031713.1	0
AL031714.1	0.920253746
AL031716.1	0.429255468
AL031717.1	0.190735778
AL031719.1	0.08331327
AL031719.2	1.433857549
AL031722.1	0.272135643
AL031726.1	0
AL031727.1	0.868441657
AL031727.2	0.057845258
AL031728.1	0.096603213
AL031729.1	0.498915346
AL031733.1	0
AL031733.2	0.042713323
AL031736.1	0.019375353
AL031736.2	0
AL031737.1	0
AL031767.1	0
AL031768.1	0.136650138
AL031770.1	0.014070468
AL031772.1	0.043448764
AL031773.1	0
AL031775.1	1.444435861
AL031775.2	0.916525969
AL031777.1	0.119979642
AL031777.2	0
AL031779.1	0
AL031846.1	0.336767859
AL031846.2	0.273988923
AL031847.1	1.235409428
AL031848.1	0.06822774
AL031848.2	0
AL031864.1	0.056614507
AL031864.2	0.034211338
AL031963.1	0
AL031963.2	0.030085348
AL031963.3	0.436697668
AL031985.1	0
AL031985.2	0.149674604
AL031985.3	0.591608887
AL032819.1	0
AL032819.2	0.127382642
AL032821.1	0.02060924
AL032822.1	0
AL033379.1	0
AL033380.1	0
AL033381.1	0.0244011
AL033381.2	0.03271576
AL033384.1	0.051947802
AL033384.2	0.315104429
AL033397.1	0
AL033397.2	0.109451264
AL033504.1	0.018901292
AL033519.1	0.19501577
AL033519.2	0.183275025
AL033519.3	1.287956255
AL033523.1	0
AL033527.1	0
AL033527.2	0.015253463
AL033527.3	0.080093433
AL033528.1	0.256585035
AL033528.2	0
AL033529.1	0.003473736
AL033539.1	0
AL033543.1	0.012459905
AL034345.1	0
AL034345.2	0
AL034346.1	0.262545899
AL034347.1	0.028680164
AL034349.1	0
AL034351.1	0
AL034369.1	0
AL034370.1	0.052715584
AL034372.1	0.031761189
AL034374.1	0.349604914
AL034376.1	0
AL034376.2	0
AL034379.1	0.946558759
AL034380.1	0
AL034397.1	0.039561569
AL034397.2	0.111775667
AL034397.3	3.292016631
AL034399.1	0
AL034399.2	0.011458343
AL034403.1	0
AL034405.1	0.091056793
AL034417.1	0.01496746
AL034417.2	0.123020222
AL034418.1	0.055692876
AL034428.1	0.028174043
AL034546.1	0
AL034548.1	0
AL034550.1	0.170015777
AL034550.2	0.020283402
AL034555.1	0.11349733
AL035045.1	0
AL035071.1	3.8096436
AL035071.2	0.391306154
AL035078.1	0
AL035078.2	0
AL035078.3	0
AL035079.1	0
AL035090.1	0.03606617
AL035246.1	0
AL035250.1	0
AL035250.2	0
AL035252.1	0
AL035252.2	0
AL035252.3	0.270962645
AL035252.4	0.249457673
AL035258.1	0.027275554
AL035398.1	0
AL035401.1	0.027494761
AL035404.1	0.04216186
AL035404.2	0
AL035405.1	0.033729488
AL035407.1	0
AL035407.2	0
AL035409.1	1.469641985
AL035410.1	0.02804208
AL035410.2	0
AL035411.1	0.242950082
AL035411.2	0.02844173
AL035413.1	0.802988013
AL035413.2	1.824604694
AL035414.1	0.013971958
AL035415.1	0
AL035416.1	0.031222864
AL035417.1	0
AL035417.2	0
AL035419.1	0
AL035420.1	0.087785691
AL035420.2	0
AL035420.3	0.671437475
AL035423.1	0
AL035425.1	0.055953123
AL035425.2	0
AL035425.3	0.035950665
AL035425.4	0
AL035427.1	0
AL035443.1	0
AL035446.1	3.621266353
AL035448.1	0.196187356
AL035454.1	0.138267532
AL035456.1	0.078718564
AL035458.1	0.347961472
AL035458.2	0.075150429
AL035460.1	0
AL035461.1	0
AL035461.2	0.662681452
AL035467.1	0
AL035530.1	0.325576177
AL035530.2	0.638284318
AL035541.1	0
AL035551.1	0
AL035555.1	0
AL035563.1	0.39679817
AL035587.1	1.398302339
AL035588.1	0.088043885
AL035604.1	0
AL035633.1	0
AL035634.1	0.032188087
AL035658.1	0.26832422
AL035660.1	0
AL035660.2	0
AL035661.1	19.96010276
AL035665.1	0.09326638
AL035666.1	0
AL035681.1	0.579540066
AL035690.1	0
AL035691.1	0
AL035696.1	0
AL035696.2	0
AL035696.3	0
AL035698.1	0
AL035701.1	1.199017124
AL035706.1	0.035062865
AL049536.1	0
AL049539.1	0.052174154
AL049541.1	0
AL049541.2	0
AL049542.1	0.086143657
AL049543.1	0
AL049544.1	0.444798228
AL049545.1	0
AL049548.1	0
AL049552.1	0.933845015
AL049555.1	0.105306498
AL049564.1	0
AL049569.1	0.527155837
AL049594.1	0
AL049597.1	0.086298871
AL049597.2	0.809893798
AL049610.1	0.064376174
AL049612.1	0.05176067
AL049629.1	0.461958654
AL049634.1	0.222771503
AL049634.2	0.111993468
AL049634.3	0
AL049636.1	0.008823853
AL049637.1	0.142830636
AL049641.1	0.006146801
AL049646.1	0.018797438
AL049646.2	0.13923219
AL049647.1	0
AL049648.1	0
AL049649.1	0
AL049650.1	0.08729503
AL049651.1	0
AL049651.2	0
AL049693.1	0
AL049697.1	0.189955305
AL049697.2	0.040727783
AL049697.3	0.073160702
AL049712.1	0.068658075
AL049714.1	0.034507113
AL049732.1	0
AL049733.1	0
AL049734.1	0
AL049734.2	0
AL049737.1	0.025603639
AL049745.1	0
AL049747.1	0
AL049748.1	0
AL049749.1	0
AL049757.1	0.142547242
AL049758.1	0.150805646
AL049765.1	0
AL049775.1	0.083152558
AL049775.2	0.021458725
AL049775.3	0.037244069
AL049776.1	0.372523458
AL049777.1	0
AL049779.1	0.014892995
AL049779.2	0
AL049779.3	0.307024828
AL049780.1	0.26935307
AL049780.2	0.3915194
AL049780.3	0.196666567
AL049781.1	0
AL049792.1	0
AL049794.1	0.04641073
AL049794.2	0
AL049795.1	0.176477057
AL049795.2	0
AL049796.1	0.244089954
AL049812.1	0
AL049812.2	0
AL049812.3	0.028714552
AL049820.1	0.056614507
AL049829.1	0
AL049829.2	0
AL049830.1	0.028174043
AL049830.2	0
AL049830.3	0.00520155
AL049830.4	0
AL049833.1	0
AL049833.2	0.009398719
AL049833.3	0
AL049835.1	0
AL049836.1	0.111075773
AL049836.2	0
AL049838.1	1.306029163
AL049839.1	0
AL049839.2	0.093699132
AL049840.1	2.140645331
AL049840.2	2.260506166
AL049840.3	2.430068854
AL049840.4	9.345896347
AL049840.5	0.911062806
AL049840.6	0.252083543
AL049844.1	0.078569346
AL049844.2	0.51480437
AL049844.3	0
AL049861.1	0
AL049869.1	0.008540634
AL049869.2	0.083152558
AL049869.3	0.429174491
AL049869.4	0
AL049870.1	0
AL049870.2	0.017278454
AL049870.3	0.166305115
AL049870.4	0
AL049871.1	0.50345094
AL049872.1	0.706538503
AL049873.1	0.764295849
AL049873.2	0.384705809
AL049874.1	0
AL049874.2	0.083152558
AL049874.3	0.027589789
AL049874.4	0
AL049875.1	0.079232214
AL050303.1	0
AL050303.2	0
AL050303.3	0
AL050303.4	0
AL050305.1	0
AL050320.1	0
AL050321.1	0.029934921
AL050327.1	0
AL050331.1	0.249858087
AL050331.2	0
AL050335.1	0
AL050338.1	0
AL050341.1	0.153021959
AL050341.2	3.077022355
AL050343.1	0.520034907
AL050343.2	0.256585035
AL050344.1	0.013874818
AL050349.1	0
AL050402.1	0
AL050403.1	0
AL050403.2	0.037447907
AL050404.1	0
AL078459.1	0.289226288
AL078581.1	1.162179277
AL078581.2	0
AL078581.3	0.273598738
AL078587.1	0.044184385
AL078590.1	0
AL078590.2	0.055338964
AL078590.3	0.213211686
AL078595.1	0
AL078595.2	0
AL078595.3	0
AL078596.1	0
AL078599.1	0.040866786
AL078599.2	0
AL078601.1	0
AL078601.2	0.101046146
AL078601.3	0
AL078603.1	0
AL078604.1	0.25695211
AL078604.2	0.047848025
AL078604.3	0
AL078605.1	0.167635556
AL078612.1	0
AL078612.2	0
AL078621.1	0.109137732
AL078621.2	0
AL078621.3	0.422196728
AL078623.1	0
AL078624.1	0.087561011
AL078624.2	0.064840984
AL078639.1	0
AL078644.1	0
AL078644.2	0.366225094
AL078645.1	0.905832118
AL078645.2	0.045184786
AL079301.1	0
AL079303.1	0.105396583
AL079304.1	0
AL079305.1	0
AL079307.1	0.010008332
AL079307.2	0
AL079307.3	0
AL079341.1	0.019840875
AL079342.1	0.044846323
AL079342.2	0
AL079342.3	0.005809786
AL079343.1	0.020283402
AL079352.1	0.022982665
AL080243.1	0.079073376
AL080243.2	1.27557738
AL080248.1	0
AL080250.1	0.599092555
AL080251.1	0
AL080273.1	0
AL080274.1	0
AL080276.1	0
AL080276.2	0.072241136
AL080284.1	0
AL080285.1	0
AL080285.2	0
AL080312.1	0
AL080312.2	0.019006299
AL080313.1	0
AL080313.2	0.024486643
AL080315.1	0
AL080316.1	0
AL080317.1	1.483310257
AL080317.2	0.25071847
AL080317.3	0.366295207
AL096677.1	0.044130104
AL096678.1	0.101474308
AL096700.1	0
AL096701.1	0.157207461
AL096701.2	0
AL096701.3	0.319103216
AL096711.1	0.021613661
AL096711.2	0.133742073
AL096712.1	0.451847861
AL096772.1	0.183979026
AL096799.1	0
AL096800.1	0
AL096803.1	0.058638434
AL096803.2	0.053060421
AL096803.3	0.135044755
AL096814.1	0
AL096816.1	0.102516852
AL096817.1	0
AL096828.1	0.08836877
AL096828.2	0.006093623
AL096828.3	0.285094483
AL096829.1	0
AL096829.2	0.016137424
AL096840.1	0
AL096855.1	0.443480308
AL096855.2	0
AL096861.1	0
AL096865.1	0.116252119
AL096869.1	0.042840674
AL096869.2	0.104424142
AL096869.3	0.004559775
AL096870.1	0.038625704
AL096870.2	0.326384029
AL109610.1	0
AL109613.1	0.39831522
AL109614.1	0.25719741
AL109615.1	0.105265655
AL109615.2	0.059571982
AL109615.3	0.140808861
AL109618.1	0.035573287
AL109618.2	0
AL109618.3	0
AL109620.1	0
AL109628.1	0
AL109653.1	0
AL109653.2	0
AL109659.1	0
AL109659.2	0.300422144
AL109659.3	0.063020886
AL109741.1	2.436390573
AL109741.2	0.174547643
AL109741.3	0.586562637
AL109755.1	0
AL109761.1	0.052748759
AL109763.1	0
AL109766.1	0.021691972
AL109767.1	0
AL109797.1	0.071700409
AL109804.1	0.085223974
AL109806.1	0.086350733
AL109807.1	0
AL109809.1	0.06890391
AL109809.2	0
AL109809.3	0
AL109809.4	0.016440231
AL109810.1	0.024189835
AL109810.2	0
AL109811.1	0.089291337
AL109811.2	0.178715945
AL109811.3	3.44079549
AL109811.4	0.038012598
AL109827.1	0
AL109837.1	0
AL109838.1	0
AL109910.1	0
AL109910.2	0
AL109913.1	0
AL109914.1	0
AL109917.1	0.251109711
AL109918.1	1.394795913
AL109918.2	0
AL109918.3	0.035425942
AL109923.1	0.061615617
AL109924.1	0
AL109924.2	0
AL109924.3	0
AL109924.4	0
AL109930.1	0
AL109933.1	0
AL109933.2	0
AL109933.3	0
AL109933.4	0.076267314
AL109935.1	0.050629887
AL109935.2	0
AL109936.1	0
AL109936.2	0.442115753
AL109941.1	0
AL109945.1	0
AL109947.1	0.407491068
AL109954.1	0
AL109954.2	0.022592393
AL109954.3	0
AL109955.1	0.202157906
AL109976.1	0.354284374
AL109983.1	0
AL110115.1	0.065791035
AL110115.2	0.221057876
AL110118.1	0
AL110118.2	0.078091098
AL110292.1	0
AL110503.1	0
AL110504.1	0
AL110505.1	0.045877273
AL117187.1	0.198463563
AL117190.1	0.021603912
AL117190.2	0
AL117190.3	0
AL117192.1	0
AL117209.1	0.59291389
AL117328.1	0.517393692
AL117328.2	0
AL117329.1	0
AL117329.2	0
AL117332.1	0.663854506
AL117335.1	0.238436208
AL117336.1	0.063020886
AL117336.2	0.536147835
AL117336.3	1.102419178
AL117337.1	0
AL117338.1	0
AL117339.1	0.010475913
AL117339.2	0.066522046
AL117339.3	0
AL117339.4	0.084765456
AL117341.1	0
AL117342.1	0
AL117344.1	0.077753041
AL117348.1	0.070023206
AL117348.2	0
AL117350.1	0.149674604
AL117351.1	0
AL117351.2	0
AL117372.1	0
AL117378.1	0
AL117378.2	0
AL117379.1	0.442170174
AL117381.1	0.352175538
AL117382.1	0.290758612
AL117382.2	0
AL117692.1	0
AL118496.1	0
AL118496.2	0.052060732
AL118505.1	0.099163299
AL118506.1	1.791044578
AL118508.1	0.158156377
AL118508.2	0.231295079
AL118508.3	0.167919728
AL118508.4	0.386913942
AL118511.1	0.39209468
AL118511.2	0
AL118516.1	1.519085531
AL118520.1	0.041147657
AL118522.1	0.449023811
AL118523.1	0.049891535
AL118556.1	0.047705053
AL118556.2	0.014531515
AL118557.1	0
AL118558.1	0.337974912
AL118558.2	0
AL118558.3	0.9765609
AL118558.4	0.369566923
AL121574.1	0.22861992
AL121576.1	0
AL121578.1	0
AL121578.2	0
AL121578.3	0
AL121579.1	0
AL121579.2	0
AL121580.1	0
AL121583.1	0.245799936
AL121584.1	0.02307123
AL121590.1	0
AL121594.1	0.046567157
AL121601.1	0.293839713
AL121601.2	0.118554142
AL121603.1	0
AL121603.2	1.866513718
AL121612.1	0
AL121652.1	0.026727608
AL121655.1	0.388765205
AL121656.1	0.049684516
AL121657.1	0
AL121658.1	0.168173712
AL121672.1	0.182499094
AL121672.2	0.220972887
AL121672.3	0.102341609
AL121694.1	0.01784496
AL121718.1	0
AL121721.1	0.210809301
AL121723.1	0
AL121748.1	0.065075915
AL121748.2	0.122652684
AL121749.1	0.016684582
AL121753.1	0.339526511
AL121753.2	1.565385316
AL121757.1	0
AL121757.2	0
AL121758.1	0
AL121759.1	0.021574718
AL121760.1	0.484495827
AL121761.1	0.758681187
AL121761.2	0.210706967
AL121768.1	0.009413497
AL121769.1	0.02986027
AL121772.1	0.102560756
AL121772.2	0
AL121772.3	1.136994023
AL121776.1	0
AL121781.1	0
AL121782.1	0.115970637
AL121785.1	0
AL121787.1	0
AL121790.1	0.146024004
AL121790.2	4.118865037
AL121796.1	0
AL121809.1	0
AL121809.2	0.035114277
AL121820.1	0.415582414
AL121820.2	0.815431533
AL121821.1	0.338885895
AL121821.2	0
AL121823.1	0
AL121827.1	0
AL121827.2	0.018812205
AL121829.1	0
AL121829.2	0.146024004
AL121830.1	0
AL121832.1	0.043196134
AL121832.2	0.573603272
AL121832.3	0.067960361
AL121834.1	0
AL121835.1	0
AL121835.2	0.00341918
AL121839.1	0.080836917
AL121839.2	1.626307376
AL121845.1	0
AL121845.2	0
AL121845.3	0.239175651
AL121845.4	0.273914308
AL121852.1	0.194925065
AL121871.1	0.02746323
AL121872.1	0
AL121873.1	0
AL121877.1	0.019250753
AL121878.1	0
AL121882.1	0
AL121885.1	0
AL121885.2	0
AL121885.3	0
AL121890.1	0
AL121890.2	0
AL121890.3	0.09282146
AL121890.4	0.039323377
AL121890.5	0.078776107
AL121892.1	0.028749024
AL121894.1	0.08238969
AL121894.2	0.463351116
AL121895.1	0.02942007
AL121895.2	0.93755904
AL121899.1	4.013253113
AL121900.1	0
AL121901.1	0
AL121902.1	0
AL121904.1	0.017712971
AL121906.1	0.054427129
AL121906.2	0.331230105
AL121908.1	0
AL121910.1	0
AL121912.1	0
AL121916.1	0
AL121917.1	0.299152397
AL121917.2	0.21491738
AL121928.1	0
AL121929.1	0
AL121929.2	0.108702226
AL121932.1	0
AL121944.1	1.448745436
AL121949.1	0.049479208
AL121949.2	0.007735122
AL121949.3	0
AL121950.1	0.00576503
AL121952.1	0.043780506
AL121955.1	0
AL121956.1	0.015470243
AL121956.4	0
AL121956.5	0
AL121957.1	0.079297803
AL121970.1	0
AL121972.1	0.089357972
AL121974.1	0
AL121977.1	0
AL121978.1	0
AL121983.1	0.178715945
AL121983.2	0.062041287
AL121985.1	0.110412714
AL121985.2	0
AL121985.3	0.137368661
AL121987.1	0.055692876
AL121987.2	0.515988495
AL121988.1	0
AL121989.1	0.016050896
AL121990.1	0
AL121992.1	0.071549195
AL121992.2	0.046773314
AL121992.3	0.173034224
AL121994.1	0.059571982
AL121999.1	0
AL122001.1	0.194172459
AL122003.1	0.015272919
AL122008.1	0
AL122008.2	0
AL122008.3	0
AL122008.4	0
AL122010.1	3.126536169
AL122013.1	0.029897549
AL122016.1	0.032626617
AL122017.1	0.030468113
AL122018.1	0.015550608
AL122019.1	0
AL122020.1	0.365219077
AL122023.1	0.655179398
AL122034.1	0
AL122035.1	1.981147483
AL122035.2	0.704351077
AL122058.1	0.018521219
AL122125.1	0.099783069
AL122126.1	0
AL122127.1	0
AL132639.1	0
AL132639.2	0.264326011
AL132639.3	0.248516323
AL132640.1	0.270816731
AL132640.2	0.028207228
AL132640.3	0.067649538
AL132642.1	0.043305491
AL132642.2	0.023971909
AL132655.1	0.031155165
AL132655.2	0.060474587
AL132655.3	0
AL132656.1	0
AL132656.2	0.501902863
AL132656.3	0.01501438
AL132656.4	0.50784974
AL132657.1	0.168173712
AL132657.2	0.100340517
AL132671.1	0
AL132708.1	0
AL132709.1	0.009332789
AL132711.1	0
AL132712.1	0.699510176
AL132712.2	0.659982505
AL132719.1	0
AL132765.1	0.281485693
AL132765.2	0.102341609
AL132777.1	0.019375353
AL132780.1	0.375321555
AL132780.2	0.466837342
AL132780.3	0
AL132780.4	0.527487591
AL132780.5	0.095791746
AL132796.1	0
AL132796.2	0
AL132796.3	0
AL132800.1	0.343093648
AL132801.1	0.380881696
AL132819.1	0
AL132821.1	0.334298608
AL132822.1	0.070023206
AL132838.1	0.154645347
AL132838.2	0.190668285
AL132855.1	0
AL132857.1	0.590114925
AL132875.1	0
AL132875.2	0
AL132989.1	2.286695336
AL132989.2	0.106340749
AL132994.1	0.029934921
AL132994.2	0
AL132996.1	0.008367553
AL133153.1	0.039518047
AL133153.2	0.039518047
AL133163.1	0.012617459
AL133163.2	0
AL133163.3	0.023757874
AL133166.1	0
AL133167.1	0
AL133173.1	0
AL133173.2	0
AL133215.1	0
AL133215.2	0.049023412
AL133215.3	0.133638039
AL133216.1	0.016470383
AL133216.2	1.124539351
AL133217.1	0.028174043
AL133227.1	0.201581958
AL133230.1	0.284535109
AL133232.1	0
AL133240.1	0
AL133241.1	0
AL133243.1	0.098147281
AL133243.2	0.376725715
AL133243.3	0.286992583
AL133243.4	0.015405556
AL133244.1	0
AL133245.1	0.070177104
AL133247.1	0
AL133247.2	0
AL133255.1	0
AL133260.1	0.680003138
AL133260.2	0.060474587
AL133264.1	0
AL133264.2	0.193475251
AL133268.1	0.162387864
AL133268.2	0.027846438
AL133268.3	0.062256334
AL133270.1	0
AL133271.1	0
AL133279.1	0.098470134
AL133279.2	0.027976561
AL133279.3	0
AL133284.1	0
AL133297.1	0.38530096
AL133297.2	0.567837672
AL133299.1	0.047234589
AL133304.1	0
AL133304.2	0.70276112
AL133304.3	0
AL133319.1	0.015410513
AL133320.1	0
AL133325.1	0
AL133325.2	0
AL133325.3	0
AL133329.1	0
AL133330.1	0.901449318
AL133330.2	0.015430372
AL133338.1	0.631455151
AL133338.2	0.032537957
AL133342.1	0.719746729
AL133343.1	0
AL133343.2	0.102123397
AL133346.1	0.19351868
AL133351.1	0.022215155
AL133351.2	0
AL133351.3	0
AL133351.4	0
AL133352.1	0.050381353
AL133353.1	0.118554142
AL133355.1	4.171834854
AL133367.1	0.668986169
AL133368.1	0.02942007
AL133368.2	0
AL133370.1	0.022297893
AL133370.2	0
AL133371.1	0
AL133371.2	1.018194584
AL133371.3	0
AL133372.1	0
AL133372.2	0
AL133372.3	0
AL133373.1	0
AL133373.2	0.016936306
AL133375.1	0
AL133380.1	0
AL133383.1	0
AL133383.2	0
AL133384.1	0
AL133384.2	0.008106952
AL133387.1	0
AL133387.2	0
AL133387.3	0
AL133393.1	0
AL133396.1	0
AL133396.2	0.030161129
AL133399.1	0
AL133406.1	0.016029409
AL133406.2	0.659667703
AL133406.3	0.464793594
AL133410.1	0.389908632
AL133410.2	0
AL133412.1	0.004001995
AL133415.1	0.831054457
AL133417.1	0.052212071
AL133419.1	0
AL133445.1	0
AL133445.2	0.36353604
AL133453.1	0
AL133456.1	0
AL133457.1	0
AL133464.1	0.007187256
AL133465.1	0
AL133466.1	0.399132277
AL133467.1	0.168817277
AL133467.2	0
AL133467.3	0
AL133467.4	0.016515818
AL133477.1	0.186365265
AL133480.1	0
AL133481.1	0.046864847
AL133481.2	0
AL133481.3	0
AL133485.1	0
AL133492.1	0
AL133499.1	0
AL133517.1	0.592295224
AL133520.1	0.906600457
AL133523.1	0.361751308
AL133547.1	0
AL133551.1	0.058791988
AL133553.1	0.271364721
AL135744.1	0.133255609
AL135746.1	0
AL135785.1	0
AL135786.1	0.783343721
AL135786.2	0.13628907
AL135787.1	0.039648902
AL135790.1	0
AL135790.2	0
AL135791.1	0.289926593
AL135818.1	0.556202077
AL135818.2	0.560483623
AL135838.1	0
AL135901.1	0.035957863
AL135902.1	0.008823853
AL135902.2	0.062364418
AL135903.1	0.015061595
AL135905.1	1.697165023
AL135908.1	0
AL135923.1	0
AL135923.2	0
AL135924.1	0
AL135924.2	0
AL135925.1	0.851763765
AL135929.1	0
AL135929.2	0
AL135934.1	0
AL135936.1	0
AL135937.1	0.016425197
AL135938.1	0
AL135960.1	0.18690783
AL135978.1	0.018916222
AL135999.1	1.085521641
AL135999.2	0.049713985
AL135999.3	3.804536728
AL136018.1	0
AL136038.1	0
AL136038.2	0
AL136038.3	0.065550921
AL136038.4	0.142434199
AL136038.5	0.237750273
AL136040.1	0.307296532
AL136084.1	0
AL136084.2	0.015036377
AL136084.3	1.254675494
AL136087.1	0
AL136088.1	0
AL136090.1	0.03271576
AL136097.1	0.013114971
AL136097.2	0
AL136097.3	0
AL136099.1	0
AL136100.1	0
AL136115.1	0.162123362
AL136115.2	0.061195749
AL136116.1	0
AL136116.2	0
AL136116.3	0.652360312
AL136126.1	0.238287926
AL136131.1	0
AL136131.2	0
AL136131.3	0
AL136139.1	0
AL136140.1	0
AL136140.2	0
AL136141.1	0.064899557
AL136146.1	0.007182944
AL136146.2	0
AL136162.1	0.099968196
AL136164.1	0
AL136164.2	0
AL136164.3	0.093311467
AL136164.4	1.598398579
AL136172.1	0.025768942
AL136181.1	0
AL136221.1	0.070573487
AL136226.1	0
AL136228.1	0
AL136231.1	0.13122157
AL136234.1	0
AL136295.1	0.008740123
AL136295.2	0.62514694
AL136295.3	0.042261065
AL136295.4	0.02201603
AL136295.5	0.209631792
AL136295.6	0.400345445
AL136295.7	2.185249216
AL136298.1	0
AL136298.2	0.007626731
AL136298.3	0
AL136301.1	0.056748665
AL136304.1	1.03507781
AL136307.1	0.029133743
AL136309.1	0
AL136309.2	0.073621237
AL136309.3	0.045014918
AL136309.4	0.037418651
AL136310.1	0.07323528
AL136311.1	0.090084755
AL136313.1	0
AL136317.1	0
AL136317.2	0.015936959
AL136317.3	0
AL136320.1	0.027846438
AL136322.1	0
AL136359.1	0
AL136360.1	0.006302089
AL136360.2	0.02060924
AL136361.1	0
AL136363.1	0
AL136363.2	0
AL136366.1	0.261291528
AL136368.1	0.209021891
AL136369.1	0.932399171
AL136369.2	0.222978926
AL136372.1	0
AL136376.1	0
AL136379.1	0.07251457
AL136380.1	0.147826769
AL136418.1	0.294743835
AL136439.1	0
AL136452.1	1.691084362
AL136454.1	0.873637173
AL136455.1	0
AL136460.1	0
AL136501.1	0
AL136520.1	0
AL136526.1	0.038047108
AL136528.1	0.015880595
AL136528.2	0.03411387
AL136529.1	0
AL136531.1	0.972884925
AL136531.2	0.383166986
AL136531.3	0.042553742
AL136537.1	0
AL136537.2	0
AL136964.1	0.008009343
AL136967.1	0
AL136967.2	0
AL136968.1	0.063287359
AL136968.2	0.202948615
AL136972.1	0
AL136979.1	0.019840875
AL136980.1	0.132309042
AL136981.1	0
AL136981.2	0.995111807
AL136982.1	0.065646756
AL136982.2	0
AL136982.3	0.017404024
AL136982.4	0
AL136982.5	0
AL136982.6	0.04836013
AL136982.7	0
AL136984.1	0.037952356
AL136985.1	0
AL136985.2	0.223812492
AL136987.1	0
AL136988.1	0
AL136988.2	0.194698672
AL137000.1	0
AL137001.1	0
AL137002.1	0.131582069
AL137003.1	1.852705698
AL137003.2	2.448577443
AL137005.1	0
AL137013.1	0.243769713
AL137014.1	0
AL137022.1	0
AL137024.1	0.049343276
AL137025.1	0.020141242
AL137026.1	0.280382178
AL137026.2	0
AL137027.1	0
AL137028.1	0
AL137028.2	0.046773314
AL137058.1	0
AL137058.2	0.474096207
AL137058.3	0.003863817
AL137060.1	0.06782837
AL137067.1	0
AL137067.2	0
AL137071.1	0
AL137072.1	0
AL137074.1	0
AL137076.1	0.02173134
AL137077.1	0.068033911
AL137078.1	0.029638535
AL137078.2	0
AL137100.1	0.007391338
AL137100.2	0
AL137127.1	0.214700784
AL137129.1	0
AL137141.1	0.012380033
AL137145.1	0.406146044
AL137145.2	0.298767194
AL137159.1	0.37418651
AL137161.1	0
AL137186.1	0.099783069
AL137186.2	0.685625997
AL137190.1	0
AL137191.1	0
AL137220.1	0.018114929
AL137222.1	0.051523099
AL137224.1	0
AL137230.1	0.010671986
AL137230.2	0
AL137244.1	0.373753924
AL137246.1	0.012255853
AL137246.2	0.090437827
AL137247.1	0.031345467
AL137779.1	0.099949652
AL137779.2	0.748373019
AL137779.3	0.082125983
AL137782.1	0.607582882
AL137783.1	0
AL137784.1	0.867911797
AL137784.2	0.191583493
AL137784.3	0.183168221
AL137786.1	0.082987899
AL137789.1	0.015901684
AL137792.1	0
AL137792.2	0
AL137793.1	0.099949652
AL137796.1	0
AL137798.1	0
AL137802.1	0.07323528
AL137802.2	0.053936794
AL137804.1	0
AL137843.1	0
AL137845.1	0
AL137845.2	0.096955209
AL137847.1	0.431494353
AL137847.2	0.295373032
AL137847.3	0
AL137849.1	0
AL137856.1	0.022174015
AL137918.1	0.037379714
AL138478.1	0
AL138479.1	0
AL138686.1	0
AL138688.1	0
AL138688.2	0.023742171
AL138689.1	0.304726738
AL138690.1	0.005338372
AL138693.1	0.09282146
AL138709.1	0
AL138713.1	0
AL138720.1	0
AL138721.1	0.802724132
AL138724.1	0.693345591
AL138725.1	0.018225218
AL138726.1	0
AL138729.1	0
AL138731.1	0.016202934
AL138733.1	0.014037477
AL138733.2	0.014892995
AL138737.1	0.087273821
AL138749.1	0
AL138752.1	0.170569349
AL138752.2	0.009242739
AL138756.1	0.913646465
AL138759.1	0
AL138760.1	0.13763182
AL138762.1	0.321841543
AL138767.1	0
AL138767.2	0
AL138767.3	0.266088185
AL138775.1	0
AL138781.1	0.287231624
AL138781.2	0.04547899
AL138785.1	0.108525392
AL138787.1	0.667376069
AL138787.2	0.308888408
AL138789.1	0.012472884
AL138799.1	0.035743189
AL138799.2	0.034909529
AL138799.3	0.034211338
AL138799.4	0
AL138807.1	0.026087077
AL138808.1	0
AL138812.1	0
AL138820.1	0.083513068
AL138825.1	0
AL138826.1	0.06921369
AL138827.1	0
AL138828.1	0.045459257
AL138828.2	0
AL138830.1	0
AL138830.2	0
AL138831.1	0.286458572
AL138831.2	0.17105669
AL138831.3	0.156039367
AL138847.1	0
AL138847.2	0.013165441
AL138878.1	0.069014227
AL138878.2	0.009648645
AL138880.1	0
AL138880.2	0
AL138881.1	0.804335007
AL138885.1	0
AL138885.2	0
AL138889.1	0.004620478
AL138889.2	0
AL138895.1	0
AL138895.2	0
AL138899.1	0.005989979
AL138899.2	0.071987785
AL138900.1	0.030009946
AL138900.2	5.910227946
AL138900.3	3.083915525
AL138902.1	0.027976561
AL138916.1	0
AL138916.2	0
AL138918.1	0
AL138921.1	0.198150776
AL138921.2	1.305121113
AL138930.1	0.037713286
AL138955.1	0.207241759
AL138957.1	0
AL138960.1	0.070023206
AL138960.2	0
AL138962.1	0.029133743
AL138963.1	0.270379929
AL138963.2	0.105964321
AL138963.3	0
AL138966.1	0
AL138966.2	0.129029831
AL138974.1	0
AL138976.1	0
AL138976.2	0.862677832
AL138995.1	0.443480308
AL138999.1	0.047800273
AL139002.1	0
AL139005.1	0.227029368
AL139008.1	0
AL139008.2	0
AL139010.1	0
AL139011.1	0.967376254
AL139011.2	0.045813444
AL139020.1	0
AL139021.1	0.05492646
AL139021.2	0.030009946
AL139022.1	0.156522462
AL139022.2	0.378409834
AL139023.1	0
AL139035.1	0.067745224
AL139039.1	0
AL139039.2	0.024997846
AL139039.3	0.008117945
AL139041.1	1.059990637
AL139042.1	0.039258912
AL139081.1	0.031345467
AL139082.1	0.059294338
AL139089.1	0.19649589
AL139093.1	0
AL139094.1	0.100790979
AL139095.1	0
AL139095.2	0.213235052
AL139095.3	0
AL139095.4	0.07184381
AL139098.1	0
AL139098.2	0
AL139099.1	0
AL139099.2	0.268742431
AL139099.3	1.050348097
AL139100.1	0.432794035
AL139109.1	0
AL139118.1	0
AL139120.1	0.033446839
AL139121.1	0
AL139123.1	0.13923219
AL139124.1	0.19909211
AL139125.1	0.0429945
AL139125.2	0.038439706
AL139128.1	0.038174182
AL139130.1	0.002143568
AL139132.1	0.104424142
AL139135.1	0
AL139135.2	0
AL139142.1	0.035373614
AL139147.1	0.093222937
AL139148.1	0
AL139156.1	0
AL139156.2	0.669133523
AL139156.3	0
AL139158.1	0
AL139158.2	0.087529008
AL139161.1	0.693229744
AL139161.2	0.032362077
AL139174.1	0.067573185
AL139184.1	0
AL139193.1	0.022215155
AL139193.2	0
AL139220.1	0
AL139220.2	0.363754757
AL139230.1	0
AL139231.1	0.076756207
AL139237.1	0
AL139237.2	0
AL139240.1	0
AL139241.1	0.092265167
AL139246.1	0.026316414
AL139246.2	0.083088446
AL139246.3	0.765109796
AL139246.4	0.093182633
AL139246.5	1.033896862
AL139247.1	0
AL139254.1	0
AL139260.1	0.576615277
AL139260.2	0.016546248
AL139260.3	0.047881141
AL139274.1	0.038378104
AL139274.2	0.069632963
AL139275.1	0
AL139275.2	0
AL139276.1	0
AL139280.1	0.077585108
AL139281.1	0.178715945
AL139286.1	0
AL139286.2	0.211661056
AL139287.1	5.49065386
AL139288.1	0.038501506
AL139289.1	0.573309016
AL139289.2	1.213700267
AL139294.1	0
AL139300.1	0
AL139300.2	0.259832947
AL139316.1	0
AL139317.1	0
AL139317.2	0
AL139317.3	0
AL139317.4	0.157552215
AL139327.1	0
AL139327.2	0
AL139327.3	0
AL139327.4	0
AL139339.1	0.236927836
AL139339.2	0.145801745
AL139344.1	0
AL139348.1	0
AL139349.1	0.975349238
AL139350.1	0
AL139351.1	0.037418651
AL139352.1	0.160667654
AL139353.1	0.194962849
AL139353.2	0.106970124
AL139354.1	0
AL139383.1	0.210617032
AL139384.1	0.774162047
AL139384.2	0.206792767
AL139385.1	0.091488144
AL139390.1	0
AL139393.1	0
AL139393.2	0.721394634
AL139395.1	0
AL139396.1	2.222712679
AL139397.1	0.037186237
AL139397.2	0.015510322
AL139400.1	0.164348585
AL139407.1	0.947726853
AL139412.1	0.084664422
AL139413.1	0
AL139415.1	0
AL139415.2	0.073459928
AL139418.1	0
AL139420.1	0
AL139420.2	0
AL139421.1	0.425111301
AL139423.1	0.246340633
AL139424.1	0.0150238
AL139805.1	0.019685932
AL139806.1	0
AL139807.1	0.323161076
AL139811.1	0.06770839
AL139811.2	0
AL139819.1	0
AL139824.1	0
AL139824.2	0
AL157359.1	0
AL157359.2	0
AL157359.3	0
AL157366.1	0
AL157371.1	0
AL157373.1	0
AL157373.2	0.140046413
AL157378.1	0
AL157384.1	0.014525639
AL157385.1	0.044678986
AL157387.1	0
AL157392.1	0
AL157392.2	0.101046146
AL157392.3	0.864823495
AL157392.4	0.555314472
AL157394.1	0.988048038
AL157395.1	0.109351309
AL157396.1	0
AL157398.1	0
AL157400.1	0
AL157400.2	0
AL157400.3	0.055349622
AL157400.4	0.125663835
AL157400.5	0
AL157401.1	0
AL157402.1	0
AL157402.2	0
AL157407.1	0.01324554
AL157413.1	0
AL157414.1	0
AL157414.2	0
AL157414.3	0
AL157687.1	0
AL157688.1	0
AL157698.1	0
AL157700.1	0.418085486
AL157702.1	0
AL157702.2	0.10769718
AL157709.1	0
AL157712.1	0
AL157713.1	0.031284045
AL157714.1	0.019158349
AL157714.2	0.290745514
AL157756.1	0.03416795
AL157762.1	0.259676421
AL157770.1	0.163653325
AL157777.1	0.039388054
AL157777.2	0
AL157778.1	0
AL157786.1	0.69162321
AL157788.1	0
AL157791.1	0.077524221
AL157791.2	0.225451286
AL157813.1	0.305978747
AL157817.1	0
AL157823.1	0
AL157823.2	0.178983084
AL157827.1	0
AL157831.1	0.025314944
AL157831.2	0.007737621
AL157832.1	0.24189835
AL157832.2	0
AL157834.1	0.142547242
AL157834.2	0.144482272
AL157834.3	0.348756358
AL157838.1	0.205787625
AL157871.1	0
AL157871.2	0.954446749
AL157871.3	1.144270009
AL157871.4	0
AL157871.5	0.157256619
AL157871.6	0.174378179
AL157882.1	0
AL157884.1	0
AL157884.2	0.08692536
AL157884.3	0.040452596
AL157895.1	0.512136255
AL157896.1	0.060627688
AL157899.1	0
AL157902.1	0.010975223
AL157902.2	0.008025448
AL157904.1	0.031263625
AL157911.1	0.104667555
AL157912.1	0.109251536
AL157931.1	0.143278253
AL157932.1	0.46180594
AL157935.1	0.318355507
AL157935.2	1.259331149
AL157937.1	0.027029274
AL157938.1	0.064261011
AL157938.2	0.023726489
AL157938.3	0.034943487
AL157955.1	0.108525392
AL157955.2	0.128752347
AL157996.1	0.078125065
AL158013.1	0
AL158032.1	0
AL158032.2	0
AL158042.1	0
AL158047.1	0
AL158050.1	0.104804974
AL158050.2	0
AL158053.1	0
AL158055.1	0.170853293
AL158058.1	0
AL158062.1	0.016072441
AL158063.1	0.067018479
AL158066.1	0.006308729
AL158068.1	0.03887652
AL158068.2	0.02126815
AL158069.1	0
AL158070.1	0.056928534
AL158070.2	0
AL158071.1	0.051947802
AL158071.2	0.837443182
AL158071.3	0.189311752
AL158071.4	0.116111208
AL158073.1	0
AL158077.1	0
AL158090.1	0
AL158147.1	0
AL158151.1	0.099434177
AL158151.2	0.049684516
AL158151.3	0
AL158151.4	0.118086472
AL158152.1	0.27535955
AL158152.2	1.171920302
AL158154.1	0
AL158154.2	0.021691972
AL158156.1	0.050629887
AL158163.1	0.428419727
AL158163.2	0.273690704
AL158166.1	0.613222097
AL158166.2	0.224111706
AL158168.1	0.368945802
AL158196.1	0.331077465
AL158198.1	0.094531329
AL158201.1	0.067161681
AL158206.1	1.657465333
AL158207.1	0.140457106
AL158207.2	0.045014918
AL158209.1	0
AL158209.2	0
AL158210.1	0.335271113
AL158211.1	0.251092389
AL158211.2	0
AL158211.3	0.100200572
AL158211.4	0.061510111
AL158211.5	0.389938602
AL158212.1	0.190062989
AL158212.2	0.104121464
AL158212.3	1.336721031
AL158212.4	0.065177121
AL158214.1	0
AL158801.1	0
AL158801.2	0.064031916
AL158801.3	0.197916831
AL158801.4	0
AL158801.5	0.849765493
AL158817.1	0.012833835
AL158819.1	0
AL158823.1	0.450902572
AL158824.1	0.053217637
AL158825.1	0
AL158825.2	0.196587539
AL158827.1	0.03062396
AL158827.2	0.29027802
AL158828.1	0.060781565
AL158829.1	0.025050143
AL158832.1	0.029492533
AL158834.1	0.025695211
AL158834.2	0.118767945
AL158835.1	0.076756207
AL158835.2	0.007881067
AL158835.3	0.199566138
AL158835.4	0
AL158837.1	0.052982161
AL158839.1	0.041648585
AL158840.1	0
AL158847.1	0.474216567
AL158850.1	0.052402487
AL158850.2	0.006322053
AL159153.1	0.188863853
AL159163.1	0.299349208
AL159166.1	0.03639504
AL159169.1	0
AL159169.2	1.085111391
AL159169.3	0.298815608
AL159174.1	0
AL159972.1	0.080182823
AL159987.1	0
AL159987.2	0
AL159990.1	0
AL159990.2	0
AL160004.1	0
AL160004.2	0
AL160006.1	1.411542279
AL160153.1	0.307024828
AL160162.1	0
AL160163.1	0.02971208
AL160175.1	0
AL160191.1	0
AL160191.2	0
AL160191.3	0.027176505
AL160236.1	0
AL160236.2	0.119739683
AL160237.1	0
AL160237.2	0
AL160237.3	0
AL160262.1	0
AL160270.1	0.075904712
AL160270.2	0
AL160271.1	0
AL160274.1	0.039518047
AL160275.1	0.060781565
AL160275.2	0.025422438
AL160279.1	0
AL160281.1	0
AL160286.1	0.053303784
AL160286.2	0.025640189
AL160286.3	0
AL160287.1	0.138587596
AL160290.1	0
AL160290.2	0.009617645
AL160290.3	0
AL160291.1	0.011950068
AL160313.1	0.161343173
AL160313.2	0.024287968
AL160314.1	0.027337827
AL160314.2	0.078204437
AL160314.3	0.015611432
AL160394.1	0
AL160408.1	0.03808168
AL160408.2	0
AL160408.3	0.087352182
AL160408.4	0
AL160408.5	0
AL160411.1	0.029934921
AL160412.1	0
AL160413.1	0
AL161420.1	0
AL161421.1	1.152807121
AL161423.1	0
AL161431.1	0.056951098
AL161447.1	0
AL161449.1	0
AL161452.1	0.182235865
AL161454.1	0
AL161457.1	0.052923617
AL161457.2	0.062753515
AL161616.1	0
AL161616.2	0
AL161618.1	1.667858923
AL161621.1	0.035217554
AL161629.1	0
AL161629.2	0
AL161630.1	0.073742684
AL161631.1	0
AL161636.1	0
AL161636.2	0.025833804
AL161637.1	0
AL161638.1	0
AL161638.2	0
AL161640.1	0.092107449
AL161644.1	0.010777649
AL161645.1	0.009541011
AL161646.1	0
AL161646.2	0
AL161651.1	0
AL161658.1	0
AL161668.1	0
AL161668.2	0
AL161668.3	0.060576568
AL161669.1	0.248165146
AL161669.2	0
AL161669.3	0.154105126
AL161670.1	0
AL161670.2	0
AL161672.1	0
AL161713.1	0
AL161716.1	0
AL161719.1	0
AL161722.1	0
AL161722.2	0
AL161722.3	0
AL161725.1	0.351824766
AL161725.2	0.08913624
AL161727.1	0
AL161729.1	0.111028237
AL161729.2	0
AL161729.3	0.142335433
AL161729.4	0.22639856
AL161733.1	0
AL161734.1	0
AL161740.1	0.098147281
AL161742.1	0.041006741
AL161747.1	0
AL161747.2	0
AL161751.1	0.034407955
AL161752.1	0.491468848
AL161756.1	0.025314944
AL161756.2	0.097349336
AL161757.1	0.037302082
AL161757.2	0.103895604
AL161757.3	0
AL161757.4	0
AL161757.5	0
AL161772.1	0.610639816
AL161773.1	0.124873366
AL161781.1	0
AL161781.2	0.016202934
AL161782.1	0
AL161785.1	4.621171301
AL161785.2	0.012395412
AL161785.3	0
AL161787.1	3.57842731
AL161788.1	0
AL161793.1	0
AL161798.1	0
AL161804.1	0.016912385
AL161891.1	0.255699496
AL161896.1	0
AL161901.1	0.003496049
AL161908.1	0
AL161908.2	0
AL161909.1	0.151356341
AL161909.2	0.322038267
AL161911.1	0.451847861
AL161912.1	0
AL161912.2	0
AL161912.3	0
AL161912.4	0
AL161931.1	0.048674668
AL161932.1	0
AL161932.2	0
AL161935.1	0.11376692
AL161935.2	0
AL161935.3	0.724649379
AL161937.1	0.03887652
AL161937.2	0.022507459
AL161938.1	0.005492646
AL162151.1	0
AL162151.2	3.486092038
AL162171.1	0.416920902
AL162171.2	0.119078138
AL162171.3	0.184620657
AL162231.1	0.24823284
AL162231.2	1.800596738
AL162231.3	0.013274909
AL162231.4	0.051358933
AL162233.1	0
AL162253.1	0.031593584
AL162254.1	0.094134971
AL162258.1	0
AL162258.2	0.806595588
AL162274.1	0.141768295
AL162274.2	1.262315936
AL162274.3	0.11169028
AL162293.1	0
AL162311.1	0.059770224
AL162311.2	0.185773838
AL162311.3	0.079353121
AL162373.1	0
AL162376.1	0.068422676
AL162377.1	0.790504995
AL162377.2	0.10659319
AL162384.1	0
AL162385.1	0
AL162385.2	0.252083543
AL162386.1	0
AL162386.2	0.209609948
AL162388.1	0
AL162389.1	0
AL162390.1	0.10570919
AL162391.1	0
AL162393.1	0
AL162394.1	0
AL162395.1	0
AL162399.1	0
AL162400.1	0
AL162400.2	0
AL162408.1	0.082960519
AL162411.1	0.022764198
AL162412.1	0.049633029
AL162413.1	0.217708515
AL162414.1	0
AL162419.1	0.041147657
AL162424.1	0.054180852
AL162425.1	0.007851782
AL162426.1	0.306198382
AL162427.1	0
AL162430.1	0.178921365
AL162430.2	0.275263639
AL162431.1	0.016007979
AL162431.2	0.528553881
AL162431.3	0.17838314
AL162431.4	0.029133743
AL162457.1	0.023947937
AL162457.2	0.008843403
AL162464.1	0
AL162464.2	0.13658519
AL162497.1	0
AL162511.1	6.007417546
AL162574.1	0.050416709
AL162574.2	0.036450436
AL162574.3	0
AL162578.1	0
AL162582.1	0
AL162584.1	0.056748665
AL162586.1	2.163520753
AL162591.1	0
AL162591.2	0
AL162595.1	0.228075587
AL162595.2	0
AL162615.1	0.0724378
AL162632.1	0.043700614
AL162632.2	0
AL162632.3	0.014737192
AL162713.1	0.045702169
AL162724.1	0.288916125
AL162724.2	0.777530409
AL162725.1	0
AL162725.2	0
AL162726.1	0
AL162726.2	0
AL162726.3	0
AL162726.4	0
AL162727.1	0.066893678
AL162727.2	0.39407997
AL162730.1	0.082013482
AL162731.1	0
AL162734.1	0
AL162739.1	0
AL162741.1	0.176765899
AL162742.1	0.125513295
AL162742.2	0
AL162872.1	0
AL163051.1	0.997830692
AL163051.2	0.912302347
AL163153.1	0
AL163192.1	0.016912385
AL163193.1	0
AL163195.1	0
AL163195.2	0
AL163195.3	0
AL163540.1	0.527350936
AL163636.1	0.052345217
AL163636.2	0.247792402
AL163642.1	0
AL163642.2	0
AL163932.1	0
AL163952.1	0.023695188
AL163953.1	0
AL163973.1	0.020752111
AL163973.2	0
AL163973.3	0.027846438
AL163974.1	0
AL352955.1	0
AL352977.1	0
AL352977.2	0
AL352979.1	0
AL352979.2	0
AL352979.3	0.048477604
AL352984.1	0.130151829
AL352984.2	0
AL353052.1	0
AL353052.2	0
AL353072.1	0
AL353093.1	0
AL353132.1	0
AL353133.1	0
AL353133.2	0
AL353135.1	0.023757874
AL353148.1	0.012670866
AL353149.1	0.147220922
AL353150.1	3.137687263
AL353151.1	0.019824451
AL353152.1	0.30571834
AL353193.1	0
AL353194.1	1.792022467
AL353572.1	0.028714552
AL353572.2	0.016007979
AL353581.1	0
AL353583.1	0.032274847
AL353588.1	0.098845739
AL353593.1	0.151377602
AL353593.2	0.161483052
AL353593.3	0.203745534
AL353596.1	0.015156922
AL353597.1	0
AL353597.2	0
AL353597.3	0.012789285
AL353600.1	0.095410106
AL353604.1	0
AL353608.1	0.028783578
AL353608.2	0
AL353608.3	0.022669383
AL353608.4	0
AL353611.1	0
AL353611.2	0
AL353612.1	0
AL353613.1	0
AL353614.1	0
AL353615.1	0
AL353616.1	0.004186702
AL353616.2	0.027542193
AL353621.1	0.197102359
AL353621.2	0
AL353622.1	1.046567924
AL353622.2	0.169044258
AL353625.1	0.65778427
AL353626.1	0
AL353626.2	0.092107449
AL353626.3	0
AL353633.1	0
AL353637.1	0
AL353649.1	0
AL353651.1	0
AL353653.1	0.037263387
AL353658.1	0
AL353658.2	0
AL353662.1	0.07323528
AL353662.2	0.315592963
AL353662.3	0
AL353678.1	0
AL353680.1	0
AL353681.1	0.032760515
AL353684.1	0
AL353689.1	0
AL353689.2	0
AL353691.1	0.030940487
AL353691.2	0.202948615
AL353692.1	0.015859561
AL353692.2	0
AL353693.1	0.027090426
AL353699.1	0
AL353705.1	0.049891535
AL353705.2	0
AL353705.3	0
AL353705.4	0.050310791
AL353706.1	0
AL353708.1	0.07620664
AL353708.2	0
AL353708.3	0.145285763
AL353718.1	0
AL353719.1	0.097011317
AL353726.1	0
AL353726.2	0
AL353729.1	0
AL353729.2	0
AL353732.1	0
AL353740.1	0
AL353742.1	0
AL353743.1	2.574113959
AL353743.2	0.036729964
AL353743.3	0.089723196
AL353743.4	0.038700609
AL353746.1	0.006960598
AL353747.1	0
AL353747.2	1.57705924
AL353747.3	0.434289006
AL353747.4	0
AL353748.1	0.07578461
AL353748.2	0.203379504
AL353751.1	0.082823891
AL353752.1	0
AL353753.1	0
AL353754.1	0.070435108
AL353763.1	0.382460904
AL353763.2	0.893485812
AL353764.1	0.227353829
AL353765.1	0
AL353768.1	0.024587204
AL353770.1	0
AL353770.2	0
AL353770.3	0
AL353770.4	0.724954544
AL353771.1	0.078603731
AL353778.1	0
AL353779.1	0
AL353779.2	0
AL353780.1	0
AL353784.1	0
AL353795.1	0
AL353795.2	0.084522129
AL353795.3	0.088198293
AL353796.1	0.387925539
AL353801.1	0.084522129
AL353801.2	0.033168887
AL353801.3	0.044184385
AL353803.1	0.01496746
AL353803.2	0
AL353803.3	0.107229567
AL353803.4	0
AL353803.5	0.084921761
AL353804.1	0.982343298
AL353804.2	0.138028453
AL353807.1	0.108525392
AL353807.2	0.108854257
AL353807.3	0.205541173
AL353807.4	0.465913164
AL353811.1	0
AL353813.1	0
AL353898.1	0.050310791
AL353898.2	0
AL353898.3	0.163746575
AL353996.1	0
AL353997.1	0
AL353997.2	0.072496276
AL353997.3	0
AL353997.4	0
AL353997.5	0
AL354674.1	0
AL354676.1	0
AL354685.1	0
AL354685.2	0
AL354692.1	0
AL354694.1	0.02050337
AL354695.1	0
AL354696.1	0.337294882
AL354696.2	0.127149425
AL354702.1	0.061091675
AL354707.1	0.050612053
AL354707.2	0.028374332
AL354707.3	0
AL354710.1	0.097349336
AL354710.2	0
AL354712.1	0
AL354714.1	0.639060106
AL354714.2	0.818639583
AL354714.3	0.603904488
AL354714.4	0.040589723
AL354718.1	1.077453854
AL354718.2	0
AL354718.3	0.226701637
AL354719.1	0
AL354719.2	0.090587105
AL354726.1	0.089357972
AL354732.1	0.075189754
AL354733.1	0.049023412
AL354733.2	0.063187168
AL354733.3	1.258801796
AL354740.1	0.041902387
AL354751.1	0
AL354751.2	0
AL354751.3	0.034977512
AL354754.1	0.996234163
AL354760.1	0.335196624
AL354761.1	0
AL354766.1	0
AL354766.2	1.358748177
AL354771.1	0
AL354793.1	0.016793784
AL354794.1	0
AL354794.2	0.047972629
AL354796.1	0
AL354798.1	0.291160324
AL354809.1	0.130743967
AL354810.1	0
AL354811.1	0.152642655
AL354813.1	0.029480431
AL354821.1	0
AL354824.1	0
AL354824.2	0
AL354836.1	5.01113211
AL354854.1	0
AL354861.1	0
AL354861.2	0.046773314
AL354861.3	0.034750323
AL354863.1	0.045442005
AL354864.1	0
AL354868.1	0
AL354872.1	0
AL354872.2	0.205561688
AL354877.1	0.057985319
AL354890.1	0.034606845
AL354892.1	0
AL354892.2	1.604452329
AL354892.3	0.411375598
AL354893.1	1.032238647
AL354893.2	0.203715907
AL354896.1	0
AL354919.1	0.010610517
AL354919.2	0.668936777
AL354920.1	1.224850373
AL354928.1	0.174660802
AL354936.1	0
AL354941.1	0
AL354943.1	0.030663171
AL354949.1	0
AL354950.1	0.189728371
AL354950.2	0
AL354956.1	0
AL354976.1	0
AL354977.1	0.070538841
AL354977.2	0
AL354979.1	0.045014918
AL354980.1	0
AL354983.1	0.013216301
AL354984.1	0
AL354984.2	0
AL354984.3	0.073685959
AL354989.1	0.414846146
AL354989.2	0.007775304
AL354993.1	0.043807201
AL354993.2	0.08836877
AL354994.1	0
AL355001.1	0.215747177
AL355001.2	1.930312271
AL355032.1	0.300716099
AL355073.1	0.162123362
AL355073.2	0.279464251
AL355075.1	0.076756207
AL355075.2	0.651303715
AL355075.3	0
AL355075.4	0.018767975
AL355075.5	0.072423195
AL355076.1	0
AL355076.2	0.032130505
AL355076.3	0
AL355095.1	0
AL355096.1	0
AL355097.1	0
AL355102.1	0.078091098
AL355102.2	0.014004641
AL355102.3	0
AL355102.4	0.081124447
AL355102.5	0.104667555
AL355103.1	0.016137424
AL355112.1	0
AL355140.1	0
AL355143.1	0
AL355149.1	0
AL355297.1	0
AL355297.2	0
AL355297.3	0.080542388
AL355297.4	0.300183049
AL355298.1	0
AL355300.1	0.064031916
AL355301.1	0
AL355303.1	0.035217554
AL355304.1	0.475500546
AL355306.1	0
AL355306.2	0
AL355309.1	0.307024828
AL355310.1	0
AL355310.2	0
AL355310.3	0
AL355312.1	0.115557599
AL355312.2	0.28429813
AL355312.3	1.343233624
AL355314.1	0
AL355314.2	0
AL355315.1	0
AL355333.1	0
AL355334.1	0
AL355336.1	0.042866235
AL355338.1	1.455761755
AL355339.1	0
AL355340.1	0.069616095
AL355353.1	1.197396831
AL355355.1	0.226493726
AL355355.2	0.885648543
AL355357.1	0
AL355365.1	0
AL355375.1	0
AL355375.2	0
AL355376.1	0
AL355376.2	0
AL355377.1	0.02173134
AL355377.2	0.02051508
AL355379.1	0
AL355385.1	0.175657237
AL355388.1	4.628341864
AL355388.2	0.188741271
AL355390.1	0.005143457
AL355390.2	0
AL355432.1	0.084921761
AL355433.1	0.039913228
AL355472.1	1.270281855
AL355472.2	0.628770025
AL355472.3	0.029204801
AL355472.4	0.03825549
AL355478.1	0
AL355480.1	0.483796699
AL355480.2	0
AL355480.3	0
AL355480.4	0
AL355482.1	0.014584614
AL355482.2	0.052288071
AL355483.1	0
AL355483.2	0
AL355483.3	0
AL355483.4	0
AL355488.1	0.886493794
AL355490.1	0.208242927
AL355490.2	0.043700614
AL355493.1	0
AL355493.2	0.00858349
AL355493.4	0
AL355497.1	0.02173134
AL355497.2	0
AL355499.1	0.329284128
AL355500.1	0
AL355512.1	0.019066829
AL355516.1	0
AL355526.1	0
AL355537.1	0
AL355537.2	0
AL355574.1	1.501558726
AL355578.1	0
AL355581.1	0.045324725
AL355592.1	0
AL355596.1	0.008989466
AL355598.1	0
AL355601.1	1.598398579
AL355607.1	0.202948615
AL355607.2	0
AL355613.1	0.099783069
AL355615.1	0
AL355674.1	0
AL355773.1	0.026087077
AL355796.1	0.185355547
AL355802.1	0.36655005
AL355802.2	0.790941026
AL355803.1	5.73221887
AL355810.1	0
AL355812.1	0
AL355816.1	0
AL355816.2	0
AL355834.1	0
AL355836.1	0
AL355838.1	0
AL355852.1	0
AL355862.1	0
AL355863.1	0
AL355864.1	0.159349388
AL355864.2	0.18037264
AL355870.1	0.02637438
AL355877.1	0.116324982
AL355877.2	0.066893678
AL355877.3	0.013319208
AL355916.1	0.225668457
AL355916.2	0.767303197
AL355916.3	0
AL355922.1	0.071062126
AL355922.2	0.102780844
AL355922.3	0
AL355922.4	0
AL355922.5	0
AL355974.1	0
AL355974.2	0.188920612
AL355974.3	0
AL355987.1	0.004516774
AL355987.2	0
AL355987.3	0.04887334
AL355987.4	0.245832337
AL355987.5	0
AL355989.1	0
AL355989.2	0
AL355990.1	0
AL355990.2	0
AL355994.1	0
AL355994.2	0
AL355994.3	0
AL355994.4	0.085072599
AL355994.5	0
AL355997.1	0
AL356000.1	0.04836013
AL356010.1	0
AL356010.2	0
AL356017.1	0
AL356019.1	0.032015958
AL356019.2	0.403406088
AL356020.1	0.011128223
AL356022.1	0
AL356052.1	0
AL356055.1	0.053694925
AL356056.1	0.004346268
AL356056.2	0.253736967
AL356056.3	0.369432779
AL356057.1	0
AL356057.2	0
AL356094.1	0
AL356095.1	0.661877645
AL356095.2	0
AL356102.1	0
AL356108.1	0.070956849
AL356121.1	0
AL356121.2	0
AL356124.1	0.180163875
AL356124.2	0.153119799
AL356130.1	0.006093623
AL356130.2	0
AL356131.1	0
AL356133.1	0.032188087
AL356133.2	0
AL356134.1	0
AL356157.1	0
AL356157.2	0.107873588
AL356215.1	0.039452943
AL356218.1	0.03392059
AL356218.2	0.128063832
AL356234.1	0.020192189
AL356234.2	0
AL356235.1	0.250995636
AL356258.1	0.03731869
AL356259.1	0
AL356266.1	0
AL356270.1	0.091754546
AL356272.1	0.043175366
AL356273.1	0.031182209
AL356273.2	0.098449894
AL356273.3	0.969235242
AL356274.1	0
AL356274.2	0
AL356276.1	0
AL356276.2	0.042917449
AL356277.1	0
AL356277.2	0
AL356277.3	0
AL356280.1	0
AL356289.1	0
AL356289.2	0
AL356289.3	0
AL356292.1	0.064203583
AL356299.1	0
AL356299.2	0.061300179
AL356309.1	0
AL356309.2	0
AL356309.3	0.037147782
AL356310.1	0.204683219
AL356311.1	0
AL356317.1	0.100061016
AL356320.1	0.293839713
AL356320.2	0.023617294
AL356321.1	0
AL356356.1	4.285420236
AL356361.1	0
AL356361.2	0.081087821
AL356364.1	0
AL356379.1	0
AL356387.1	0.025155396
AL356387.2	0
AL356390.1	0.060322258
AL356414.1	0
AL356417.1	0.113363014
AL356417.2	0.1019681
AL356421.1	0
AL356421.2	0.97250504
AL356423.1	0.089025787
AL356432.1	0
AL356432.2	0
AL356432.3	0
AL356441.1	0.048674668
AL356441.2	0.01385876
AL356458.1	0
AL356473.1	0
AL356475.1	0
AL356476.1	0
AL356479.1	0.005487612
AL356481.1	0.780910976
AL356481.2	0.090711881
AL356481.3	0.583080196
AL356488.1	0.196616885
AL356488.2	0
AL356488.3	0.398026647
AL356489.1	0
AL356489.2	0.132365296
AL356490.1	0
AL356498.1	0
AL356512.1	0.123939867
AL356515.1	0.057705871
AL356535.1	0.451280213
AL356575.1	0
AL356580.1	0
AL356583.1	0
AL356583.2	0.042764173
AL356583.3	0
AL356585.1	0.013304409
AL356585.2	0.004997483
AL356585.3	0
AL356585.4	0
AL356596.1	0
AL356599.1	0.415055801
AL356608.1	0.058409601
AL356652.1	0
AL356653.1	0.099783069
AL356740.1	0.480066578
AL356740.2	0.055520719
AL356740.3	0.092249371
AL356750.1	0.043175366
AL356752.1	0.080768758
AL356753.1	0.005933582
AL356756.1	0
AL356776.1	0.053574802
AL356800.1	0
AL356801.1	1.384744634
AL356804.1	0.026727608
AL356805.1	0.070228553
AL356806.1	0
AL356859.1	0
AL356863.1	0
AL356867.1	0
AL356961.1	0
AL356966.1	0.036234842
AL356967.1	0
AL356968.1	0
AL356968.2	0.0952583
AL356981.1	0.070023206
AL356986.1	0
AL357033.1	0.0185835
AL357033.2	0
AL357033.3	1.462618278
AL357033.4	1.888534016
AL357037.1	0
AL357052.1	0.031427738
AL357054.1	0
AL357054.2	0.113229015
AL357054.3	0.075747731
AL357054.4	0.808476893
AL357055.1	0.029204801
AL357055.2	0.110359155
AL357055.3	0.146083387
AL357060.1	0.500868048
AL357075.1	0
AL357075.2	0
AL357078.1	0.154502817
AL357078.2	0
AL357078.3	0.135627473
AL357079.1	0.386950502
AL357080.1	0
AL357084.1	0
AL357093.1	1.124193531
AL357093.2	8.343492799
AL357094.1	0
AL357127.1	0
AL357134.1	0.056215814
AL357137.1	0.294925328
AL357139.1	0
AL357140.1	0
AL357140.2	0.217708515
AL357140.3	0
AL357143.1	0
AL357153.1	0.097713444
AL357153.2	0.021192864
AL357153.3	0
AL357153.4	0.011785402
AL357172.1	0
AL357312.1	0
AL357314.1	0.01485604
AL357315.1	0
AL357315.2	0
AL357373.1	0
AL357375.1	0
AL357497.1	0.053936794
AL357500.1	0.042917449
AL357507.1	0.053694925
AL357514.1	0
AL357515.1	0.022092192
AL357518.1	0.278464379
AL357520.1	0
AL357552.1	0
AL357552.2	0.06784118
AL357556.1	0.025880335
AL357558.1	0
AL357558.2	0
AL357559.1	0
AL357562.1	0
AL357563.1	0
AL357568.1	0
AL357568.2	0.023679568
AL357632.1	0
AL357673.1	0.01784496
AL357673.2	0.038977761
AL357752.1	0
AL357793.1	0
AL357793.2	0
AL357832.1	0
AL357833.1	0.057567155
AL357833.2	0.016561505
AL357873.1	0.127382642
AL357874.1	0.062581716
AL357874.2	0.123442972
AL357936.1	0.018087565
AL357992.1	0.092107449
AL358072.1	0.312364391
AL358074.1	0.015030086
AL358075.1	0.055349622
AL358075.2	0.388535845
AL358075.3	0
AL358075.4	0
AL358115.1	0.228801942
AL358154.1	0
AL358176.1	0
AL358176.2	0
AL358176.3	0.02637438
AL358176.4	0
AL358176.5	0
AL358178.1	0.030161129
AL358215.1	0
AL358216.1	0.007226293
AL358232.1	0.071700409
AL358234.1	0
AL358292.1	0
AL358332.1	0.029456257
AL358333.1	0
AL358333.2	0.045270202
AL358333.3	0
AL358334.1	0
AL358334.2	0.010160346
AL358334.3	0.022381249
AL358335.1	0
AL358335.2	0
AL358335.3	0
AL358393.1	0
AL358394.1	0.022381249
AL358394.2	0
AL358394.3	0
AL358452.1	0
AL358453.1	0
AL358472.1	0.181975202
AL358472.2	0.759983884
AL358472.3	1.500352655
AL358473.1	0.01706666
AL358473.2	0.112168321
AL358612.1	0
AL358613.1	0.027090426
AL358613.2	0
AL358779.1	0
AL358781.1	0
AL358781.2	0.202519549
AL358852.1	0.236079817
AL358876.1	0.011138575
AL358876.2	0
AL358913.1	0
AL358913.2	0
AL358933.1	0.038079758
AL358934.1	0
AL358937.1	0.106910431
AL358942.1	0.071152613
AL358944.1	0
AL358972.1	0
AL358975.1	0
AL358976.1	0
AL359073.1	0.05942416
AL359075.1	0
AL359076.1	3.79175663
AL359081.1	0
AL359091.1	0.01592283
AL359091.2	0.062148624
AL359091.3	0
AL359091.4	0.271660712
AL359091.5	0.497695504
AL359092.1	0.271108716
AL359092.2	0.040936644
AL359094.1	0.025470507
AL359094.2	0
AL359095.1	0
AL359182.1	0.587209533
AL359182.2	0.138313165
AL359183.1	0.707654787
AL359195.1	0.141285762
AL359195.2	0.002713955
AL359198.1	0.041940344
AL359198.2	0
AL359212.1	0
AL359219.1	0
AL359220.1	0.651510229
AL359232.1	0.073296411
AL359233.1	0.164477587
AL359237.1	0.006489956
AL359238.1	0
AL359258.1	0.004826267
AL359258.2	0
AL359258.3	0.071915726
AL359263.1	0.021412676
AL359265.1	0.045184786
AL359265.2	0.018976178
AL359265.3	0.124082573
AL359273.1	0
AL359313.1	0
AL359314.1	0
AL359317.1	0.248594498
AL359317.2	0.030390783
AL359378.1	0.256814334
AL359382.1	0
AL359385.1	0
AL359396.1	0
AL359397.1	0.382402181
AL359397.2	0
AL359399.1	0.051835361
AL359458.1	0
AL359475.1	0
AL359502.1	0.086517112
AL359504.1	0.024287968
AL359504.2	0.127143948
AL359510.1	0
AL359510.2	0.06921369
AL359511.1	0
AL359513.1	0.236469751
AL359532.1	0.391456656
AL359535.1	0
AL359538.1	0
AL359541.1	0.062472878
AL359547.1	0
AL359547.2	0.028645857
AL359551.1	0.004128955
AL359555.1	0.103992281
AL359633.1	0
AL359633.2	0.057752259
AL359636.1	0.252325003
AL359636.2	0.046231538
AL359636.3	0
AL359641.1	0
AL359643.1	0.056614507
AL359643.2	0.212187645
AL359643.3	0.353831166
AL359644.1	0.136067822
AL359649.1	0
AL359672.1	0
AL359682.1	0
AL359692.1	0
AL359693.1	0.004974644
AL359694.1	0.019824451
AL359694.2	0.096384884
AL359697.1	0.163188665
AL359704.1	0.076657928
AL359704.2	0
AL359706.1	0
AL359710.1	0.069796447
AL359711.1	0
AL359711.2	0.411948451
AL359715.1	0.345772347
AL359715.2	0.152283158
AL359715.3	0.34187514
AL359715.4	0.270292738
AL359736.1	0.014402175
AL359736.2	0
AL359740.1	0.060678893
AL359741.1	0
AL359742.1	0
AL359745.1	0
AL359752.1	2.246771095
AL359757.1	0
AL359757.2	0
AL359764.1	0
AL359771.1	0
AL359792.1	0.062202433
AL359815.1	0.058338457
AL359821.1	0
AL359837.1	0.041721144
AL359839.1	0
AL359845.1	0
AL359851.1	0.002396231
AL359852.1	0
AL359853.1	0.039846816
AL359853.2	0.10176177
AL359853.3	0
AL359854.1	0
AL359878.1	0.147141835
AL359878.2	0.411880974
AL359880.1	0
AL359881.1	0.269077939
AL359881.2	0.10503481
AL359881.3	0.048702951
AL359885.1	0.026520417
AL359893.1	0.022735383
AL359915.1	0.040002121
AL359915.2	0.778242173
AL359918.1	0.026413165
AL359918.2	0
AL359920.1	0
AL359921.1	0.557492451
AL359921.2	1.962584124
AL359922.1	0
AL359922.2	0.150815643
AL359922.3	0.014340082
AL359924.1	0
AL359955.1	0.007312347
AL359955.2	0
AL359962.1	0.355662425
AL359962.2	0.395180472
AL359976.1	0.003393982
AL359979.1	0.024587204
AL359979.2	0.078133562
AL359999.1	0
AL360004.1	0.022051507
AL360007.1	0.034309365
AL360012.1	0
AL360013.1	0
AL360013.2	0
AL360014.1	0.028728331
AL360081.1	0.064724153
AL360085.1	0
AL360089.1	0
AL360091.1	0.193128521
AL360091.2	0
AL360091.3	0.09282146
AL360093.1	0.02126815
AL360157.1	0
AL360169.1	0
AL360169.2	0
AL360175.1	0
AL360181.1	0.650759147
AL360181.2	1.778880275
AL360181.3	0.022381249
AL360181.4	0.089357972
AL360182.1	0
AL360182.2	0.025476528
AL360219.1	0.654315208
AL360221.1	0
AL360227.1	0
AL360267.1	0
AL360268.1	0.172174708
AL360268.2	0
AL360270.1	0.17257945
AL360270.2	0.04601525
AL360270.3	0.088827658
AL360271.1	0
AL360271.2	0
AL360294.1	0.024577111
AL360295.1	0.006564676
AL365181.1	0
AL365181.2	0.133787355
AL365181.3	0.490553636
AL365181.4	0.043780506
AL365184.1	0
AL365184.2	0
AL365194.1	0.099506662
AL365199.1	0.027943917
AL365203.1	0
AL365203.2	3.24816447
AL365204.1	0
AL365204.2	0
AL365204.3	0
AL365205.1	3.218722447
AL365205.2	0
AL365205.3	0
AL365209.1	0.014798663
AL365214.1	0
AL365214.2	0.069548703
AL365214.3	0
AL365217.1	0.014746266
AL365220.1	0.060019891
AL365222.1	0
AL365223.1	0.00923205
AL365226.1	0
AL365226.2	0.754028231
AL365232.1	0
AL365255.1	0
AL365258.1	0
AL365258.2	0.101474308
AL365259.1	0.023190384
AL365265.1	0
AL365271.1	0
AL365273.1	0
AL365273.2	0.024337334
AL365275.1	0.279646818
AL365277.1	0.217313399
AL365295.1	0.334312749
AL365318.1	0.033968704
AL365330.1	2.097135692
AL365338.1	0
AL365356.1	0.03392059
AL365356.2	0
AL365356.3	0.036450436
AL365356.4	0
AL365356.5	0
AL365357.1	7.647240262
AL365361.1	5.964625407
AL365366.1	0.042112432
AL365396.1	0
AL365400.1	0
AL365400.2	0.013274909
AL365434.1	0
AL365434.2	0.051170805
AL365436.1	0.266088185
AL365436.2	0.045528397
AL365440.1	0.033153581
AL365440.2	0
AL365475.1	0.067580119
AL365496.1	0
AL365500.1	0
AL365503.1	0
AL389885.1	0
AL389889.1	0
AL389895.1	0
AL389915.1	0.054303711
AL389925.1	0.049343276
AL390023.1	0.045702169
AL390026.1	0.052402487
AL390036.1	1.472209218
AL390037.1	0.055563658
AL390038.1	0
AL390039.1	0.039194659
AL390058.1	0
AL390061.1	0
AL390066.1	0.338100756
AL390067.1	0.028509448
AL390115.1	0
AL390119.1	0
AL390123.1	0
AL390195.1	0.292048007
AL390195.2	0.414324163
AL390198.1	0.78579167
AL390198.2	0
AL390205.1	0.007549791
AL390208.1	0.948249043
AL390237.1	0.025386505
AL390240.1	0
AL390243.1	0
AL390254.1	0
AL390294.1	0
AL390318.1	0
AL390334.1	0
AL390718.1	0.023663969
AL390719.1	0.584634104
AL390719.2	1.164641294
AL390726.1	0
AL390726.2	0
AL390726.3	0.018856643
AL390726.4	0
AL390726.5	0.405750909
AL390728.1	0.012337937
AL390728.2	0.179251023
AL390728.3	0.798264554
AL390728.4	8.315255768
AL390728.5	0.03392059
AL390728.6	2.873367996
AL390729.1	0.020398583
AL390729.2	0.076756207
AL390730.1	0
AL390730.2	0
AL390754.1	0
AL390755.1	0.927436124
AL390760.1	0.146024004
AL390763.1	0
AL390763.2	0
AL390774.1	0
AL390774.2	0
AL390778.1	0.113605012
AL390778.2	0.608158661
AL390783.1	0.009687677
AL390786.1	0
AL390816.1	0
AL390816.2	0
AL390816.3	0
AL390835.1	0
AL390838.1	0
AL390838.2	0
AL390840.1	0.024238802
AL390856.1	0
AL390860.1	0.031811818
AL390866.1	0.051061699
AL390877.1	0
AL390879.1	0.643039903
AL390882.1	0
AL390955.1	0.025640189
AL390955.2	0.279547898
AL390961.1	0
AL390961.2	0
AL390961.3	0.004723459
AL390962.1	0
AL390964.1	0
AL391001.1	0.452163838
AL391005.1	0.009834882
AL391056.1	0.044003967
AL391058.1	0.162911133
AL391069.1	0
AL391069.2	0.481268823
AL391069.3	0.949392309
AL391069.4	0
AL391094.1	0.235512834
AL391095.1	0.185226057
AL391095.2	0
AL391095.3	0.083152558
AL391097.1	0
AL391097.2	0
AL391099.1	0
AL391119.1	0
AL391121.1	2.343311811
AL391152.1	0.045557267
AL391156.1	0
AL391219.1	0.049581649
AL391244.1	5.510396503
AL391244.2	0.595390689
AL391244.3	0.628967475
AL391256.1	0
AL391261.1	0
AL391261.2	0.030980513
AL391261.3	0.023026862
AL391261.4	0.04978781
AL391262.1	0
AL391280.1	0.552471231
AL391335.1	0.022381249
AL391336.1	0
AL391358.1	0
AL391361.1	0
AL391361.2	0
AL391361.3	0
AL391380.1	0
AL391415.1	0
AL391416.1	0.012046246
AL391417.1	0
AL391419.1	0
AL391421.1	0.012459905
AL391422.1	0.741507212
AL391422.2	0.019036516
AL391422.3	3.530173923
AL391425.1	0.10828434
AL391427.1	0.049684516
AL391497.1	0.021890253
AL391516.1	0.00488933
AL391645.1	0
AL391646.1	0
AL391647.1	0
AL391650.1	0.04641073
AL391666.1	0
AL391669.1	0.378125315
AL391684.1	0.187717315
AL391704.1	0
AL391704.2	0.01220588
AL391704.3	0
AL391730.1	0
AL391807.1	0.414296054
AL391811.1	0
AL391813.1	0
AL391822.1	0.106529967
AL391825.1	0.245799936
AL391832.1	0.056614507
AL391832.2	0.186868653
AL391832.3	0.382147925
AL391834.1	1.347071434
AL391834.2	2.894805524
AL391839.1	0.045184786
AL391839.2	0.031263625
AL391840.1	0.1957597
AL391845.1	0.111282233
AL391845.2	0.055151338
AL391863.1	0.011750705
AL391863.2	0
AL391869.1	0
AL391883.1	0
AL391903.1	0.787329423
AL391903.2	0.096955209
AL391903.3	0.146919857
AL391987.1	0
AL391987.2	0
AL391987.3	0
AL391987.4	0
AL391987.5	0
AL391987.6	0
AL391988.1	1.17966333
AL391994.1	0.254765283
AL392003.1	0
AL392003.2	0.282155365
AL392023.1	0
AL392023.2	0.124620659
AL392046.1	0.042102561
AL392048.1	0.112115808
AL392086.1	0
AL392088.1	0
AL392089.1	0.106435274
AL392103.1	0
AL392112.1	0
AL392172.1	3.629154098
AL392183.1	0.014746266
AL392185.1	0
AL441883.1	0
AL441943.1	0
AL441943.2	0
AL441943.3	0
AL441963.1	0.030237294
AL441964.1	0.01819752
AL441985.1	0
AL441989.1	0
AL441992.1	1.276636327
AL442067.1	0.10738985
AL442067.2	0
AL442071.1	0.064376174
AL442125.1	0.281363324
AL442125.2	0.343750286
AL442128.1	0
AL442128.2	0.177246241
AL442163.1	0.023250424
AL442163.2	0.016864744
AL442163.3	0
AL442224.1	0
AL442638.1	0
AL442639.1	0
AL442644.1	0
AL442647.1	0.024893905
AL442647.2	0
AL442663.1	0.032895517
AL442663.2	0.07029727
AL442663.3	0.718438098
AL442663.4	0.745783493
AL445070.1	0
AL445072.1	0
AL445074.1	0
AL445123.1	0.026847463
AL445183.1	0
AL445183.2	0.070397462
AL445183.3	0.07155758
AL445187.1	0.552644691
AL445189.1	0
AL445189.2	0.092463076
AL445190.1	0
AL445193.1	0
AL445193.2	0.019312852
AL445209.1	0
AL445213.1	0.064117635
AL445218.1	0
AL445220.1	0.021420337
AL445222.1	0.228801942
AL445223.1	0.022785858
AL445224.1	0
AL445228.1	0
AL445228.2	0.062888489
AL445231.1	0.092296775
AL445235.1	0
AL445237.1	0
AL445238.1	0
AL445248.1	0.287835777
AL445250.1	0.517148133
AL445264.1	0
AL445288.1	0
AL445305.1	0.312364391
AL445307.1	0.716051261
AL445309.1	0.343145396
AL445363.1	0.009043783
AL445363.2	0
AL445363.3	0
AL445383.1	0
AL445423.1	0.580826821
AL445426.1	0.394024551
AL445430.1	0.017130141
AL445430.2	0.2443667
AL445433.1	0.232956582
AL445433.2	0
AL445435.1	0.036011935
AL445437.1	0.108607422
AL445465.1	0.026763452
AL445465.2	0.025973901
AL445466.1	0
AL445470.1	0.035866725
AL445471.1	0.116819203
AL445471.2	0
AL445472.1	1.117728918
AL445483.1	0.146420808
AL445487.1	0.015156922
AL445488.1	0.044054335
AL445489.1	0.265351098
AL445490.1	0.11604088
AL445493.1	0.114037793
AL445493.2	0
AL445493.3	0.92879838
AL445523.1	0
AL445524.1	1.172768688
AL445528.1	0
AL445528.2	0
AL445529.1	0
AL445531.1	0.00692938
AL445567.1	0
AL445567.2	0
AL445584.1	0
AL445584.2	0.116629561
AL445584.3	0
AL445623.1	0
AL445644.1	0
AL445645.1	0.248048308
AL445646.1	0.110870077
AL445647.1	0
AL445647.2	0
AL445649.1	0.086642318
AL445665.1	0
AL445669.1	0
AL445669.2	0
AL445670.1	0.089692646
AL445673.1	0.259052199
AL445675.1	0
AL445675.2	0
AL445685.1	0.015713869
AL445685.2	0
AL445686.1	0.06881591
AL445686.2	0.140870215
AL445687.1	0
AL445687.2	0
AL445928.1	0.107873588
AL445931.1	0.107720359
AL445933.1	1.094854372
AL445933.2	0
AL445985.1	0.271345011
AL445989.1	0
AL445991.1	0.453750378
AL449043.1	0.015510322
AL449106.1	0.187471221
AL449212.1	1.296986896
AL449266.1	0.06449175
AL449283.1	0.017593253
AL449363.1	0
AL449403.1	0.015185756
AL449403.2	0
AL449423.1	0.055052728
AL449983.1	0
AL450003.1	0
AL450023.1	0
AL450023.2	0
AL450023.3	0
AL450063.1	0.049073641
AL450124.1	0.644491212
AL450226.1	0.033729488
AL450226.2	0
AL450263.1	0.645745594
AL450263.2	0.020329318
AL450267.1	0
AL450270.1	0.183743759
AL450304.1	0
AL450306.1	0.091533733
AL450309.1	0.018253
AL450311.1	0
AL450311.2	0
AL450313.1	0
AL450322.1	0
AL450322.2	0.015775979
AL450326.1	1.213152052
AL450326.2	0.2136029
AL450327.1	0
AL450332.1	0.043753843
AL450336.1	0.020433393
AL450338.1	0.046773314
AL450344.1	0.018738605
AL450344.2	0
AL450344.3	0.253417319
AL450345.1	0
AL450346.1	0
AL450346.2	0
AL450384.1	0.086977978
AL450384.2	0.897097308
AL450405.1	4.572338108
AL450423.1	0
AL450442.1	0
AL450468.1	0.026608818
AL450468.2	0.01901636
AL450469.1	0.025973901
AL450469.2	0.023995928
AL450471.1	0
AL450472.1	0
AL450472.2	0
AL450472.3	0
AL450487.1	0
AL450487.2	0
AL450992.1	0.023312666
AL450992.2	3.194635813
AL450992.3	0
AL450996.1	0.089655337
AL450998.1	0.109351309
AL450998.2	1.683536062
AL450998.3	0.437405235
AL451000.1	0
AL451007.1	0.911513158
AL451042.1	1.034515644
AL451042.2	1.046397673
AL451044.1	0.050310791
AL451046.1	0
AL451046.2	0
AL451047.1	0
AL451048.1	0
AL451049.1	0
AL451050.1	0
AL451050.2	0.087785691
AL451054.1	0
AL451054.2	0
AL451054.3	0
AL451060.1	2.155782943
AL451061.1	0
AL451062.1	0.025530849
AL451062.2	0.044184385
AL451063.1	0.021136749
AL451064.1	0.101689752
AL451064.2	0.072394004
AL451065.1	0
AL451067.1	0
AL451069.1	0.094431927
AL451069.2	0.645062266
AL451069.3	0.18912487
AL451070.1	0
AL451074.1	0
AL451074.2	0.072400739
AL451074.3	0.101474308
AL451074.4	0.025476528
AL451074.5	0
AL451074.6	0.032850393
AL451081.1	0
AL451081.2	0.012833835
AL451085.1	0.052060732
AL451085.2	0.569475339
AL451086.1	0.053694925
AL451105.1	0
AL451105.2	0
AL451107.1	0
AL451124.1	0
AL451127.1	0
AL451129.1	0
AL451137.1	0
AL451139.1	0.103820534
AL451140.1	0
AL451142.1	0.09270169
AL451142.2	0
AL451164.1	0
AL451164.2	0
AL451164.3	0
AL451165.1	0
AL451165.2	2.68676591
AL499605.1	0
AL499616.1	0
AL499627.1	0
AL499627.2	0
AL500522.1	0
AL500522.2	0
AL500527.1	0.093913477
AL500527.2	0
AL512271.1	0
AL512274.1	2.309729456
AL512283.1	0.025955134
AL512286.1	0.029934921
AL512288.1	0.048773802
AL512288.2	0.326266166
AL512303.1	0.643761737
AL512306.1	0.042360737
AL512306.2	0.151091083
AL512306.3	0.140251459
AL512310.1	0
AL512310.10	0
AL512310.11	0
AL512310.2	0
AL512310.3	0
AL512310.4	0
AL512310.5	0
AL512310.6	0
AL512310.7	0.005279527
AL512310.8	0
AL512310.9	0
AL512324.1	0
AL512324.3	0
AL512326.1	0
AL512326.2	0
AL512326.3	0
AL512328.1	0.160246416
AL512329.1	0.015042674
AL512329.2	2.35983317
AL512330.1	0
AL512343.1	0
AL512343.2	0.19549336
AL512347.1	0
AL512353.1	0.251771752
AL512353.2	0
AL512353.3	0
AL512356.1	0
AL512356.2	0
AL512356.3	0
AL512357.1	0
AL512360.1	0
AL512361.1	0.028645857
AL512363.1	0.040866786
AL512366.1	0
AL512378.1	0.00570189
AL512380.1	0.022051507
AL512383.1	0
AL512408.1	0.383166986
AL512413.1	0.282109201
AL512422.1	0.325970099
AL512427.1	0
AL512430.1	0
AL512430.2	0
AL512430.3	0
AL512430.4	0
AL512444.1	0
AL512488.1	0.243635501
AL512504.1	0.015390705
AL512504.2	0
AL512506.1	0.186676566
AL512506.2	0.026144036
AL512506.3	0.060137118
AL512590.1	0
AL512590.2	0.008929134
AL512590.3	0.097595582
AL512593.1	0.015370948
AL512594.1	0
AL512598.1	0.394746208
AL512599.1	0
AL512604.1	0.046591316
AL512604.2	0.009112609
AL512604.3	0
AL512605.1	0
AL512605.2	0
AL512622.1	0.015004973
AL512624.1	0
AL512624.2	0
AL512625.1	0.27331372
AL512625.2	0.019158349
AL512625.3	0.347276138
AL512631.1	0
AL512631.2	0.01297288
AL512633.1	0
AL512634.1	0
AL512635.1	0.028783578
AL512637.1	0.009727025
AL512637.2	0
AL512638.1	0
AL512638.2	0
AL512638.3	0
AL512641.1	0
AL512646.1	0
AL512649.1	0
AL512649.2	0
AL512652.1	0.263427303
AL512652.2	0.090711881
AL512656.1	0.14930135
AL512658.1	0
AL512661.1	0
AL512662.1	0
AL512770.1	0.305312339
AL512782.1	0
AL512785.1	0
AL512785.2	0.010448489
AL512791.1	2.793925938
AL512791.2	0.090928377
AL512844.1	0.020192189
AL512844.2	0.020192189
AL512882.1	0
AL513008.1	0.148744948
AL513043.1	0
AL513122.1	0.032738123
AL513122.2	0.08573247
AL513123.1	0
AL513124.1	0
AL513128.1	0.178715945
AL513164.1	0
AL513165.1	3.480322968
AL513165.2	0.018610457
AL513174.1	0.038073031
AL513175.1	0.10745869
AL513175.2	0.081087821
AL513185.1	0.073913385
AL513185.2	0
AL513185.3	0
AL513188.1	0.019501577
AL513190.1	0.461170719
AL513210.1	0
AL513211.1	0.396653194
AL513217.1	0.071379841
AL513218.1	0.459359398
AL513283.1	0.014764449
AL513285.1	0
AL513302.1	0.027976561
AL513303.1	0.081042087
AL513303.2	0
AL513304.1	0
AL513314.1	0.112961965
AL513314.2	0.075402823
AL513318.1	0
AL513318.2	0.404686802
AL513320.1	0.288761294
AL513321.1	0
AL513323.1	0
AL513324.1	0
AL513325.1	0
AL513327.1	0.832064049
AL513327.2	0.07331001
AL513327.3	0.076592548
AL513328.1	0
AL513329.1	0.236927836
AL513331.1	0.030161129
AL513343.1	0.060474587
AL513348.1	0
AL513365.1	0.111906246
AL513365.2	0.339526511
AL513366.1	0.057567155
AL513412.1	0
AL513422.1	0
AL513423.1	0
AL513475.1	0.038012598
AL513475.2	0
AL513477.1	0.97503024
AL513477.2	0.569185113
AL513478.1	0
AL513478.2	0
AL513479.1	0
AL513480.1	0.023432423
AL513485.1	0.014170377
AL513497.1	0.109220066
AL513523.1	0.091474166
AL513523.2	0.064565515
AL513523.3	0.07578461
AL513523.4	0.050953057
AL513533.1	0
AL513534.1	0.333914585
AL513534.2	0
AL513542.1	0
AL513548.1	0.006945457
AL513548.2	0.009920438
AL513548.3	0.006095173
AL513550.1	1.447402762
AL583722.1	0
AL583722.2	0
AL583722.3	0.016561505
AL583722.4	0
AL583785.1	0.163706598
AL583803.1	0
AL583804.1	0
AL583805.1	0.045099692
AL583805.2	0.147826769
AL583808.1	0
AL583808.2	0
AL583810.1	0.137500115
AL583810.2	0.044157228
AL583810.3	0
AL583824.1	0.125710953
AL583832.1	0.183275025
AL583834.1	0.2443667
AL583835.1	0
AL583835.2	0
AL583836.1	0.019998277
AL583839.1	0.346569271
AL583839.2	0
AL583843.1	0
AL583844.1	0
AL583854.1	0
AL583856.1	0.010875539
AL583856.2	0.352824112
AL583859.1	0
AL583859.2	0
AL583859.3	0
AL589182.1	0
AL589182.2	0.022829301
AL589642.1	0
AL589642.2	0
AL589647.1	0.128476055
AL589655.1	0
AL589666.1	0.057360327
AL589666.2	0.096876766
AL589674.1	0.071062126
AL589678.1	0
AL589684.1	0
AL589739.1	0.097151873
AL589740.1	0.008879472
AL589743.1	0.001852122
AL589743.2	0
AL589743.3	0
AL589743.4	0
AL589743.5	0.020433393
AL589743.6	0.011403779
AL589743.7	0
AL589743.8	0
AL589745.1	0.007178638
AL589745.2	0
AL589763.1	0
AL589765.1	0.031020643
AL589765.2	0
AL589765.3	0.129588402
AL589765.4	0.658254802
AL589765.5	0.162752967
AL589765.6	0
AL589765.7	0.685314561
AL589794.1	0
AL589823.1	0
AL589826.1	0.043383943
AL589843.1	2.169401317
AL589843.2	0.273598738
AL589863.1	0.018976178
AL589872.1	0
AL589880.1	1.460240037
AL589923.1	0
AL589935.1	0.090343348
AL589935.2	0.097270254
AL589946.1	0
AL589986.1	0
AL589986.2	0.090483388
AL589987.1	0.01462023
AL589987.2	0
AL589990.1	0.020226298
AL589993.1	0.085392801
AL589994.1	0
AL589994.2	0
AL590002.1	0
AL590004.1	0
AL590004.2	0
AL590004.3	0.111906246
AL590004.4	0.13737839
AL590006.1	0.063691321
AL590032.1	0
AL590065.1	0
AL590068.1	0.088532113
AL590068.2	0
AL590079.1	0.186839397
AL590084.1	0
AL590084.2	0
AL590084.3	0
AL590093.1	0.019219853
AL590094.1	0.322541476
AL590095.1	0
AL590095.2	0
AL590096.1	0.076073496
AL590099.1	0
AL590103.1	0.039003154
AL590128.1	0
AL590133.1	0.130151829
AL590133.2	0
AL590135.1	0
AL590139.1	0.359219049
AL590143.1	0
AL590226.1	1.418818507
AL590227.1	0
AL590229.1	0
AL590233.1	0.078776107
AL590235.1	0.737073543
AL590235.2	0.077003012
AL590240.1	0
AL590240.2	0.013393701
AL590240.3	0
AL590240.4	0
AL590282.1	0.200268836
AL590286.1	0.041147657
AL590290.1	0.031510443
AL590302.1	0
AL590302.2	0.021343972
AL590326.1	0.274812387
AL590365.1	0.04927559
AL590369.1	0.101906113
AL590378.1	0
AL590383.1	0
AL590385.1	0
AL590385.2	0.324791184
AL590392.1	0
AL590396.1	0
AL590399.1	0
AL590399.2	0
AL590399.3	0
AL590399.4	0.119540449
AL590399.5	0.003601193
AL590399.6	0
AL590408.1	0
AL590410.1	0
AL590422.1	0.032895517
AL590426.1	0
AL590426.2	0
AL590428.1	0.024275658
AL590432.1	0
AL590438.1	0.058814638
AL590440.1	0
AL590483.1	0.025585402
AL590483.2	0
AL590483.3	0
AL590490.1	0.037892305
AL590491.1	0
AL590491.2	0.407361808
AL590491.3	0
AL590502.1	0
AL590552.1	0
AL590556.1	0.471025668
AL590559.1	0
AL590560.1	0.052748759
AL590560.2	1.210483135
AL590560.3	1.48051235
AL590609.1	0
AL590609.2	0.097613872
AL590609.3	0
AL590617.1	0
AL590617.2	0.814622434
AL590623.1	0
AL590627.1	0.09985872
AL590632.1	0.032274847
AL590635.1	0.020433393
AL590639.1	0.071062126
AL590640.1	0
AL590640.2	0.022721002
AL590644.1	0.007682187
AL590648.1	0.078091098
AL590648.2	0
AL590648.3	0.582243702
AL590652.1	0.338088517
AL590664.1	0
AL590666.1	0.359495584
AL590666.2	0.426513383
AL590666.3	0.002904893
AL590677.1	0
AL590682.1	0.278464379
AL590683.1	0.019427747
AL590704.1	0
AL590705.1	0.148560401
AL590705.2	0
AL590705.3	0.429446121
AL590705.4	0
AL590705.5	0.216767327
AL590714.1	0.031593584
AL590723.1	0.323620765
AL590727.1	0
AL590729.1	0.104484889
AL590730.1	0.090029837
AL590762.1	0.166305115
AL590762.2	0.104850861
AL590762.3	0.018709325
AL590762.4	0.047327938
AL590763.1	0
AL590764.1	0.92361188
AL590783.1	0
AL590787.1	0.063739755
AL590808.1	0
AL590822.1	0
AL590822.2	0.094170866
AL590824.1	0
AL590867.1	0
AL590867.2	6.696850283
AL590867.3	0
AL590999.1	0.34765388
AL591030.1	0
AL591034.1	0
AL591034.2	0
AL591043.1	0
AL591074.1	0
AL591122.1	0
AL591135.1	0.103258773
AL591167.1	0
AL591178.1	0.184620657
AL591178.2	0
AL591212.1	0
AL591212.2	0.046591316
AL591222.1	0.006229952
AL591222.2	0
AL591222.3	0
AL591242.1	0.062472878
AL591368.1	0.019056713
AL591379.1	0.007118887
AL591379.2	0
AL591416.1	0
AL591419.1	0
AL591424.1	0
AL591424.2	0
AL591424.3	0
AL591438.1	0
AL591438.2	0
AL591441.1	0.063946426
AL591441.2	0.022381249
AL591468.1	0.167175823
AL591471.1	0
AL591473.1	0
AL591479.1	0.037713286
AL591499.1	0
AL591501.1	0.023386657
AL591503.1	0.025102659
AL591503.2	0
AL591503.3	0
AL591504.1	0
AL591516.1	0.043700614
AL591623.1	0.02443667
AL591623.2	0.323620765
AL591643.1	0
AL591644.1	0
AL591684.1	0
AL591684.2	0.081054555
AL591684.3	0
AL591686.1	0.031263625
AL591686.2	0.050416709
AL591704.1	0
AL591704.2	0
AL591719.1	0
AL591719.2	0
AL591721.1	0.127552259
AL591742.1	0
AL591767.1	0.02108093
AL591767.2	0
AL591767.3	0
AL591770.1	0
AL591806.1	0.043188344
AL591806.2	0.553709517
AL591806.3	0.288870569
AL591845.1	1.856681701
AL591846.1	1.659210389
AL591846.2	0.167234194
AL591848.1	0.074372474
AL591848.2	0.045877273
AL591848.3	0.121030677
AL591848.4	0.206923415
AL591866.1	0.209021891
AL591885.1	0.006655902
AL591895.1	16.79108199
AL591896.1	0
AL591926.1	0
AL591926.2	0
AL591926.3	0
AL591926.4	0
AL591926.5	0
AL591926.6	0
AL591926.7	0
AL591926.8	0
AL592043.1	0
AL592043.2	0
AL592045.1	0
AL592049.1	0
AL592071.1	0.029347962
AL592076.1	0
AL592078.1	0
AL592114.1	0.32228072
AL592114.2	0
AL592114.3	0.080542388
AL592146.1	0
AL592148.1	0.026907794
AL592148.2	0
AL592148.3	0.746676028
AL592156.1	0.039388054
AL592161.1	0.027814096
AL592164.1	0
AL592166.1	0.2034792
AL592182.1	0
AL592182.2	0
AL592211.1	0.216832424
AL592221.1	0
AL592227.1	0
AL592291.1	0
AL592293.1	0.090711881
AL592293.2	0.048088226
AL592295.1	0.148997343
AL592295.2	0.05812606
AL592301.1	0.124728837
AL592309.1	0
AL592309.2	0
AL592310.1	0
AL592402.1	0
AL592424.1	0.124728837
AL592429.1	0.040644835
AL592430.1	0.156376452
AL592431.1	0.075545541
AL592431.2	0.210069619
AL592435.1	0.264180216
AL592435.2	0.076592548
AL592436.1	0
AL592437.1	0
AL592437.2	0.004919461
AL592447.1	0
AL592463.1	0
AL592464.1	0
AL592464.2	0
AL592466.1	0
AL592486.1	0
AL592490.1	0
AL592494.1	0
AL592494.2	0.038675608
AL592494.3	0.129029831
AL592504.1	0
AL592528.1	0
AL592546.1	0.311461603
AL593851.1	0
AL593856.1	0.059497979
AL596028.1	0
AL596087.1	0.152031086
AL596087.2	0.024739604
AL596092.1	0
AL596094.1	0.954446749
AL596188.1	0
AL596202.1	0.271430629
AL596211.1	0
AL596218.1	0.078346576
AL596220.1	0.252083543
AL596223.1	0.012389
AL596223.2	0
AL596244.1	0.934723644
AL596245.1	0
AL596247.1	0.027090426
AL596266.1	0
AL596268.1	0
AL596275.1	0.040959983
AL596276.1	0
AL596276.2	0
AL596325.1	0.011066514
AL596325.2	0.735035678
AL596327.1	0
AL596330.1	0
AL596442.1	0.027911348
AL596442.2	1.441763531
AL596448.1	0
AL596451.1	0
AL603650.1	0.099783069
AL603750.1	2.168843415
AL603755.1	0.073459928
AL603756.1	0.171610272
AL603758.1	0
AL603766.1	0.018033085
AL603825.1	0.748373019
AL603832.1	0.240012728
AL603832.2	0
AL603832.3	0.022215155
AL603839.1	0
AL603839.2	0.504397932
AL603839.3	0.31666693
AL603839.4	0.095315171
AL603840.1	0.005894151
AL603841.1	0
AL603865.1	0
AL603865.2	0
AL603882.1	0.070331679
AL603908.1	0
AL603910.1	0.388344918
AL603910.2	0
AL603914.1	0
AL603962.1	0
AL604028.1	2.562989871
AL604028.2	0.303907825
AL606462.1	0
AL606468.1	0.070435108
AL606469.1	1.973288499
AL606489.1	0.344929128
AL606489.2	0.051170805
AL606490.1	0
AL606490.2	0.036011935
AL606490.3	0
AL606490.4	0
AL606490.5	0
AL606490.6	0
AL606490.7	0
AL606490.8	0
AL606490.9	0
AL606491.1	0.644561441
AL606495.1	0
AL606495.2	0
AL606516.1	0.006434158
AL606517.1	0.030940487
AL606517.2	0
AL606519.1	0
AL606530.1	0
AL606534.1	0.500353142
AL606534.2	0.008201348
AL606534.3	0.049073641
AL606534.4	0
AL606534.5	0.057798721
AL606534.6	0
AL606537.1	0
AL606662.1	0
AL606748.1	0.036561735
AL606752.1	0
AL606753.1	0
AL606760.1	0.547497281
AL606760.2	0.195174708
AL606760.3	0.02000663
AL606760.4	0
AL606763.1	0.336929844
AL606804.1	0
AL606807.1	0.068985826
AL606834.1	1.021730828
AL606834.2	0.820796214
AL606845.1	0
AL606923.1	0
AL606970.1	0.009358318
AL606970.2	0
AL606970.3	0.005331241
AL606970.4	0
AL607023.1	0
AL607028.1	0.045241694
AL607033.1	0
AL607077.1	0
AL611929.1	0
AL626787.1	0.080632783
AL627082.1	0
AL627095.1	0
AL627171.1	0.06408087
AL627223.1	0.081271278
AL627224.1	0
AL627230.1	0
AL627230.2	0.237651279
AL627230.3	0
AL627230.4	0.09708623
AL627230.5	0
AL627230.6	0
AL627230.7	0
AL627230.8	0
AL627231.1	0
AL627308.1	0.029169229
AL627308.2	0
AL627309.1	0.080340635
AL627309.2	0
AL627309.3	0
AL627309.4	0
AL627309.5	0.063783851
AL627309.6	3.124333452
AL627309.7	5.312394389
AL627311.1	0
AL627313.1	0
AL627389.1	0.172214434
AL627390.1	0
AL627402.1	0.619062307
AL627422.1	0.123868638
AL627443.1	0
AL645465.1	0
AL645474.1	0
AL645504.1	0.059571982
AL645568.1	0.451253845
AL645568.2	0.008955848
AL645568.3	0
AL645608.1	0.894010158
AL645608.2	0.101689752
AL645608.3	0.011804767
AL645608.4	0.077753041
AL645608.5	0
AL645608.6	0
AL645608.7	0.06822774
AL645608.8	0.763440932
AL645608.9	0.02888774
AL645634.1	0
AL645634.2	0.087401229
AL645638.1	0
AL645728.1	0.353348898
AL645730.1	0
AL645733.1	0
AL645820.1	0
AL645922.1	0.02648457
AL645924.1	3.64661762
AL645924.2	0.186261729
AL645927.1	0
AL645929.1	0.088743015
AL645933.1	0.039323377
AL645933.2	0.525783198
AL645937.1	0
AL645939.1	0.798264554
AL645939.2	0.098551179
AL645940.1	0.302372937
AL645941.1	0.354259417
AL645941.2	0.097826538
AL645941.3	0
AL645944.1	0
AL645949.1	0.087561011
AL645949.2	0.030468113
AL645998.1	0.034707155
AL646090.1	0
AL662789.1	0
AL662791.1	0.226636624
AL662791.2	0
AL662795.1	2.345682944
AL662797.1	0.418236927
AL662799.1	0.076854739
AL662814.1	0
AL662844.1	0
AL662844.2	0
AL662844.3	0.440049125
AL662844.4	1.06322763
AL662860.1	0.300373207
AL662864.1	0
AL662874.1	0
AL662884.1	0.090437827
AL662889.1	0
AL662890.1	0.033777062
AL662899.1	0
AL662899.2	0.004360513
AL662907.1	0.220109711
AL662907.2	0.079872758
AL663023.1	0
AL663058.1	0.03392059
AL663061.1	0
AL663070.1	3.649995856
AL663074.1	0
AL663074.2	0
AL663109.1	0.014187166
AL669818.1	0.039452943
AL669831.1	0.336398502
AL669831.2	0
AL669831.3	0.006458451
AL669831.4	0.16477938
AL669831.5	0.095496575
AL669841.1	0
AL669918.1	0.022133028
AL669942.1	0.001511292
AL669942.2	0
AL669970.1	0
AL669970.2	0
AL669970.3	0.111906246
AL669983.1	0.075307977
AL670379.1	0
AL670379.10	0
AL670379.11	0
AL670379.12	0
AL670379.2	0
AL670379.3	0
AL670379.4	0
AL670379.5	0
AL670379.6	0
AL670379.7	0
AL670379.8	0
AL670379.9	0
AL670729.1	0.719284315
AL670729.2	0
AL670729.3	0.020860572
AL671309.1	0
AL671710.1	0.24467879
AL671862.1	0
AL671883.1	0.078261231
AL671883.2	2.416542544
AL671986.1	0.100305494
AL672032.1	0.025530849
AL672043.1	0
AL672138.1	0
AL672142.1	0.031677165
AL672207.1	0.388963302
AL672212.1	0
AL672277.1	0.36655005
AL672291.1	0
AL672296.1	0
AL683807.1	0.448823444
AL683807.2	0.021850307
AL683813.1	0.686380556
AL683813.2	0
AL683826.1	0
AL683842.1	0.091230235
AL683887.1	0.041721144
AL691403.1	0
AL691403.2	0.09774668
AL691420.1	0
AL691426.1	0
AL691432.1	0.261035877
AL691432.2	3.225568498
AL691432.3	0
AL691442.1	0
AL691447.1	0
AL691447.2	0.066460509
AL691449.1	0
AL691459.1	0
AL691477.1	0
AL691482.1	0
AL691482.2	0
AL691482.3	0.897744331
AL691497.1	0
AL691515.1	0
AL691515.2	0
AL691517.1	0
AL713851.1	0.011392929
AL713851.2	0
AL713866.1	0
AL713866.2	0
AL713922.1	0
AL713922.2	0.050170258
AL713923.1	0
AL713965.1	0.468546586
AL713998.1	0
AL713998.2	0
AL713999.1	0.015901684
AL714022.1	0
AL731532.1	0
AL731532.2	0.006131064
AL731533.1	0
AL731533.2	0.145013457
AL731534.1	0
AL731537.1	0.05688346
AL731537.2	0
AL731544.1	0.032362077
AL731547.1	0
AL731556.1	0.022586305
AL731556.2	0
AL731557.1	0.225316608
AL731563.1	0.223812492
AL731563.2	0.041147657
AL731563.3	0.175325992
AL731566.1	0.364720769
AL731566.2	0.037772771
AL731567.1	3.628475244
AL731568.1	0.275897887
AL731569.1	0.074396795
AL731571.1	0.494135759
AL731574.1	0
AL731575.1	0
AL731577.1	0.014426468
AL731577.2	0.906138142
AL731661.1	0
AL731661.2	0
AL731684.1	0
AL731684.2	0
AL731733.1	0.032449779
AL731768.1	0
AL731892.1	0.040181102
AL732292.1	0
AL732292.2	0.13923219
AL732314.4	0.093001696
AL732314.6	0.346354455
AL732323.1	0
AL732372.1	0
AL732372.2	0.132433289
AL732372.3	0
AL732414.1	0.29255769
AL732437.1	0
AL732618.1	0
AL772155.1	0
AL772155.2	0
AL772155.3	0
AL772161.1	0
AL772202.1	0
AL772284.1	0
AL772284.2	0
AL772337.1	0.499410793
AL772337.2	0.439411681
AL772337.3	0.132455402
AL772337.4	0
AL772363.1	0
AL773524.1	0
AL773545.1	0
AL773545.2	0
AL773545.3	0.084801475
AL773604.1	0
AL807752.1	0.172091829
AL807752.2	0
AL807752.3	0
AL807752.4	0
AL807752.5	0.350457609
AL807752.6	0
AL807757.1	0.028240491
AL807757.2	0.261306112
AL807761.1	0
AL807761.2	0.147826769
AL807761.3	0.03639504
AL807761.4	0
AL831737.1	0
AL831784.1	0
AL844175.1	0
AL844908.1	0.495854516
AL844908.2	0.234273293
AL845311.1	0
AL845321.1	0.068579429
AL845331.1	0
AL845331.2	0.022938637
AL845331.3	0
AL845472.1	0.007668247
AL845472.2	0.035217554
AL845552.1	0.111213328
AL845552.2	0
AL928654.1	0.441339771
AL928654.2	2.17953131
AL928654.3	0.467733137
AL928654.4	0.521856276
AL928711.1	0.026087077
AL928742.1	0.038625704
AL928921.1	0
AL928970.1	0.004096465
AL929236.1	0.20804192
AL929288.1	0
AL929288.2	0
AL929302.1	0
AL929325.1	0
AL929410.1	0.077753041
AL929410.2	0
AL929472.1	0
AL929472.2	0
AL929472.3	0
AL929472.4	0
AL929554.1	0
AL929601.1	0
AL929601.2	0
AL929601.3	0
AL929601.4	0
AL935212.1	0
AL935212.2	0
AL935212.3	0
AL935212.4	0
AL953862.1	0
AL953862.2	0
AL953897.1	0
AL954642.1	0
AL954650.1	0
AL954705.1	0.385566064
AL954722.1	0.046231538
ALAD	14.17027716
ALAS1	42.93347547
ALAS2	0.269330121
ALB	0.120555204
ALCAM	41.60783025
ALDH16A1	6.754215592
ALDH18A1	8.371603438
ALDH1A1	92.99263697
ALDH1A2	1.136013231
ALDH1A3	2.242525942
ALDH1B1	6.01432198
ALDH1L1	0.372003391
ALDH1L1-AS1	0
ALDH1L1-AS2	0.035230506
ALDH1L2	0.95712924
ALDH2	57.27424984
ALDH3A1	5.650808422
ALDH3A2	34.2826006
ALDH3B1	34.1003293
ALDH3B2	0.488582323
ALDH4A1	2.314296395
ALDH5A1	6.573220972
ALDH6A1	3.755308922
ALDH7A1	6.282391705
ALDH7A1P1	0.023432423
ALDH7A1P2	0
ALDH7A1P3	0
ALDH7A1P4	0
ALDH8A1	0.167000953
ALDH9A1	26.42743126
ALDOA	91.19131396
ALDOAP1	0
ALDOAP2	0.011128223
ALDOB	0.190528259
ALDOC	4.228512031
ALG1	3.17725627
ALG10	0.504712722
ALG10B	0.744647169
ALG11	0.938860916
ALG12	2.916276767
ALG13	3.499269476
ALG13-AS1	0.921074485
ALG14	0.907401315
ALG1L	1.363583579
ALG1L10P	0.6495313
ALG1L11P	0.079826455
ALG1L12P	0.165538732
ALG1L13P	0.711652574
ALG1L14P	0.027589789
ALG1L15P	0.015080565
ALG1L2	0.135795504
ALG1L3P	0.015652246
ALG1L5P	0.015530439
ALG1L6P	1.642866364
ALG1L7P	0.062364418
ALG1L8P	0.11028655
ALG1L9P	0.084713789
ALG1L9P	0.28353659
ALG2	12.76072586
ALG3	6.598817984
ALG3P1	0
ALG5	13.56758669
ALG6	2.031946137
ALG8	5.865438651
ALG9	0.933948607
ALG9-IT1	0
ALK	0.038001631
ALKAL1	0.137744911
ALKAL2	5.191816472
ALKBH1	3.898697135
ALKBH2	3.456241507
ALKBH3	7.445869836
ALKBH3-AS1	0.210339632
ALKBH4	3.267981834
ALKBH5	27.62270619
ALKBH6	0.449058676
ALKBH7	16.08050451
ALKBH8	2.141815014
ALLC	0.004710452
ALMS1	2.233936594
ALMS1-IT1	0.238683754
ALMS1P1	0.282336617
ALOX12	0.530955781
ALOX12-AS1	0.740696205
ALOX12B	0.07664061
ALOX12P1	0.009742855
ALOX12P2	0.232915387
ALOX15	16.27953153
ALOX15B	18.25753358
ALOX15P2	0.018936165
ALOX5	75.12140277
ALOX5AP	121.1639918
ALOXE3	0.022291962
ALPI	0.00454938
ALPK1	2.812546714
ALPK2	0.003808918
ALPK3	4.752373892
ALPL	59.67073996
ALPP	0.763296443
ALPPL2	0.283379114
ALS2	3.457045164
ALS2CL	7.252864097
ALS2CR12	1.213301532
ALX1	0.0497189
ALX3	0
ALX4	0.014577005
ALYREF	23.50671033
AMACR	0.717745103
AMBN	0
AMBP	0.228801942
AMBRA1	5.689702651
AMD1	16.92636976
AMD1P1	0.064934752
AMD1P2	0
AMD1P3	0.072277475
AMD1P4	0.026707736
AMDHD1	0.164942974
AMDHD2	2.937269825
AMELX	0.028680164
AMELY	0.014187166
AMER1	0.696342347
AMER2	0.001129087
AMER3	0.003660085
AMFR	15.60275863
AMH	0.40730932
AMHR2	0.098705253
AMIGO1	3.426454383
AMIGO2	9.933914049
AMIGO3	0.008367553
AMMECR1	1.620785765
AMMECR1-IT1	0
AMMECR1L	8.118456142
AMMECR1LP1	0
AMN	0.456175719
AMN1	1.678978967
AMOT	2.361837785
AMOTL1	14.01318224
AMOTL2	23.651789
AMPD1	0.187093255
AMPD2	5.194627903
AMPD3	1.887843376
AMPH	0.161465861
AMT	2.916702212
AMTN	0.023093478
AMY1A	0.009560055
AMY1B	0.005130235
AMY1C	0
AMY2A	0.006308729
AMY2B	1.104527046
AMYH02020865.1	0
AMYP1	0
AMZ1	0.674613818
AMZ2	9.982095552
AMZ2P1	2.144637662
AMZ2P2	0.056641288
ANAPC1	1.258762632
ANAPC10	2.988237263
ANAPC10P1	0.021535914
ANAPC11	8.343420677
ANAPC13	18.14622157
ANAPC15	4.48556565
ANAPC16	27.39003712
ANAPC1P1	0.009365638
ANAPC2	8.061050445
ANAPC4	3.638207343
ANAPC5	8.254486278
ANAPC7	6.308800741
ANG	8.725087395
ANGEL1	5.161836976
ANGEL2	3.819694244
ANGPT1	9.062788862
ANGPT2	7.394698655
ANGPT4	1.477540571
ANGPTL1	2.216749936
ANGPTL2	25.18566746
ANGPTL3	0.007368596
ANGPTL4	9.595577341
ANGPTL5	0.561279764
ANGPTL6	0.126272935
ANGPTL7	2.921263045
ANGPTL8	0.097906527
ANHX	0
ANK1	0.052113761
ANK2	1.284052279
ANK3	4.443373497
ANKAR	0.505327249
ANKDD1A	1.869002986
ANKDD1B	1.107419034
ANKEF1	1.943839395
ANKFN1	0.581143052
ANKFY1	6.426255795
ANKH	4.61325645
ANKHD1	0.686748632
ANKHD1-EIF4EBP3	0.421744514
ANKIB1	6.690643721
ANKK1	0.723600086
ANKLE1	0.127489716
ANKLE2	5.522503279
ANKMY1	2.126247923
ANKMY2	6.117044776
ANKRA2	3.697114697
ANKRD1	34.82676178
ANKRD10	15.81046659
ANKRD10-IT1	6.870064315
ANKRD11	7.410875422
ANKRD12	4.909991574
ANKRD13A	12.46433082
ANKRD13B	1.040296919
ANKRD13C	5.600012598
ANKRD13D	4.336800804
ANKRD16	1.561821953
ANKRD17	9.824998493
ANKRD18A	0.136412297
ANKRD18B	0.061331577
ANKRD18CP	0.052235432
ANKRD18DP	0.017358609
ANKRD18EP	1.551338599
ANKRD19P	0.223470735
ANKRD2	0.222809886
ANKRD20A1	0.024644133
ANKRD20A10P	0.047421657
ANKRD20A11P	0.081606971
ANKRD20A17P	0.036011935
ANKRD20A18P	0
ANKRD20A19P	0
ANKRD20A2	0
ANKRD20A21P	0.082579092
ANKRD20A3	0
ANKRD20A4	0
ANKRD20A5P	0.267245746
ANKRD20A6P	0
ANKRD20A7P	0.138886128
ANKRD20A8P	0.006801459
ANKRD20A9P	0.004020809
ANKRD22	0.642573025
ANKRD23	0.253094082
ANKRD24	0.417509847
ANKRD26	1.145978581
ANKRD26P1	0.001867722
ANKRD26P2	0
ANKRD26P3	0
ANKRD26P4	0.063020886
ANKRD27	5.207266166
ANKRD28	8.7678876
ANKRD29	11.24889778
ANKRD30A	0
ANKRD30B	0
ANKRD30BL	0
ANKRD30BP1	0
ANKRD30BP2	0
ANKRD30BP3	0
ANKRD31	0.078261231
ANKRD33	0.00323184
ANKRD33B	0.917967518
ANKRD33B-AS1	0
ANKRD34A	0.195387027
ANKRD34B	0.011902553
ANKRD34C	0.012092475
ANKRD34C-AS1	0
ANKRD35	1.417079805
ANKRD36	0.543595872
ANKRD36B	0.20513666
ANKRD36BP1	0
ANKRD36BP2	0.139959341
ANKRD36C	0.289084609
ANKRD36P1	0
ANKRD37	3.633960149
ANKRD39	1.134494183
ANKRD40	15.76938783
ANKRD42	2.918699294
ANKRD44	3.99611304
ANKRD44-IT1	0.089608743
ANKRD45	0.822670444
ANKRD46	2.96057395
ANKRD49	2.479012156
ANKRD50	7.194729193
ANKRD52	5.695101705
ANKRD53	0.730004402
ANKRD54	5.265130258
ANKRD54P1	0
ANKRD55	0.096467016
ANKRD6	2.87812277
ANKRD60	0
ANKRD61	0.42866235
ANKRD62	0.022395203
ANKRD62P1	0.007377676
ANKRD62P1-PARP4P3	0
ANKRD63	0
ANKRD65	10.11265931
ANKRD66	2.088633691
ANKRD7	0.036707444
ANKRD9	2.577348964
ANKS1A	16.1402096
ANKS1B	0.15924847
ANKS3	1.674042341
ANKS4B	0.008254114
ANKS6	4.150903143
ANKUB1	0.772750363
ANKZF1	4.081990176
ANLN	0.559661526
ANO1	6.385718689
ANO10	5.709546832
ANO1-AS1	0
ANO1-AS2	0
ANO2	0.913122763
ANO3	0.28457613
ANO4	0.117415339
ANO5	1.029067131
ANO6	22.39502852
ANO7	0.11774227
ANO7L1	0.643826437
ANO8	2.705505994
ANO9	2.110443262
ANOS1	24.54562768
ANOS2P	0.257776439
ANP32A	14.48970793
ANP32AP1	0.033446839
ANP32B	64.71120817
ANP32BP1	0.064624347
ANP32BP2	0
ANP32BP3	0.016960295
ANP32C	0.016984352
ANP32D	0.012472884
ANP32E	13.69117818
ANPEP	12.71143299
ANTXR1	26.60020351
ANTXR2	5.55604754
ANTXRL	0.003861325
ANTXRLP1	0.019640189
ANXA1	185.7553391
ANXA10	0.039648902
ANXA11	37.48317648
ANXA13	0.103820534
ANXA2	142.770303
ANXA2P1	0.362063836
ANXA2P2	10.89396332
ANXA2P3	0.047515747
ANXA2R	1.063906656
ANXA3	32.89744367
ANXA4	18.0500409
ANXA5	179.9923443
ANXA6	37.43768089
ANXA7	46.32277326
ANXA8	1.812406908
ANXA8L1	0.812275047
ANXA9	3.226282807
AOAH	3.60583604
AOAH-IT1	0.020896978
AOC1	0.118988179
AOC2	1.735031162
AOC3	100.8391288
AOC4P	0.358954556
AOX1	2.032298796
AOX2P	0
AOX3P	0.008085056
AP000146.1	0.019501577
AP000221.1	0.011447388
AP000223.1	0.279464251
AP000229.1	0.14059454
AP000233.1	0
AP000233.2	0
AP000235.1	0
AP000238.1	0.365402789
AP000240.1	0.79473241
AP000244.1	0
AP000251.1	0.029133743
AP000253.1	0.016086836
AP000254.1	3.384948733
AP000255.1	0.442824272
AP000265.1	0.020158196
AP000266.1	0.102869144
AP000275.1	0
AP000275.2	0.10503481
AP000280.1	0.014391789
AP000281.1	0.189461524
AP000281.2	0
AP000282.1	0.070228553
AP000289.1	0
AP000290.1	0
AP000295.1	0.251453334
AP000302.1	0.089894657
AP000311.1	0.022215155
AP000317.1	0.193368432
AP000317.2	0.056040413
AP000320.1	0
AP000322.1	0
AP000322.2	0
AP000343.1	0.062202433
AP000344.1	0.165677549
AP000344.2	0.152292125
AP000345.1	0
AP000345.2	0.365532797
AP000346.1	0.143202933
AP000346.2	0.634382427
AP000346.3	0.114037793
AP000346.4	0.094283215
AP000347.1	0.199793824
AP000347.2	0.157048209
AP000350.1	0.022507459
AP000350.2	0.020375442
AP000350.3	0.662918661
AP000350.4	0
AP000350.5	0.117200342
AP000350.6	0.469442433
AP000350.7	0.005964617
AP000354.1	0.10503481
AP000355.1	0.074837302
AP000356.1	0.032895517
AP000357.1	0.061668506
AP000358.1	0
AP000365.1	0.021930345
AP000402.1	0
AP000403.1	0
AP000424.1	0.016137424
AP000424.2	0
AP000426.1	0
AP000431.1	0
AP000431.2	0
AP000432.1	0
AP000432.2	0
AP000435.1	0
AP000436.1	0.029934921
AP000437.1	0.057429105
AP000438.1	0.399665164
AP000439.1	0.144264678
AP000439.2	0.016493069
AP000439.3	0.005039549
AP000439.4	0
AP000442.1	0.06228332
AP000442.2	0.598698415
AP000445.1	0
AP000445.2	0
AP000446.1	0.025252657
AP000457.1	0
AP000459.1	0
AP000459.2	0
AP000462.1	0.014638103
AP000462.2	0
AP000462.3	0.036284752
AP000470.1	0
AP000472.1	0
AP000474.1	0
AP000477.1	0
AP000477.2	0
AP000484.1	0
AP000487.1	0.147826769
AP000487.2	0.24312626
AP000522.1	0
AP000523.1	0.079902553
AP000525.1	0.05176067
AP000526.1	0
AP000529.1	0.010662483
AP000532.1	0
AP000532.2	0
AP000533.1	0
AP000533.2	0.005298216
AP000533.3	0
AP000534.1	0
AP000534.2	0
AP000542.1	0
AP000542.2	0
AP000542.3	0
AP000547.1	0
AP000547.2	0
AP000550.1	0.002477544
AP000550.2	0
AP000552.1	0
AP000552.2	0.017378764
AP000552.3	0
AP000553.1	0
AP000553.2	0.167078628
AP000553.3	0.135759278
AP000560.1	0.086543911
AP000561.1	0
AP000563.1	0
AP000567.1	0
AP000568.1	0
AP000569.1	0.081042087
AP000577.1	0.054551108
AP000580.1	0.334468388
AP000590.1	0
AP000593.1	0.016817371
AP000593.2	0.016711749
AP000593.3	0.041432416
AP000619.1	0
AP000619.2	0
AP000619.3	0
AP000640.1	0.326934288
AP000640.2	0.026201244
AP000641.1	0
AP000648.1	0
AP000648.2	0
AP000648.3	0.932518943
AP000654.1	0
AP000654.2	0.020433393
AP000662.1	0.241485554
AP000676.1	0
AP000676.2	0
AP000676.3	0
AP000676.4	0
AP000679.1	0.011507898
AP000688.1	0.259297071
AP000688.2	0.025629213
AP000688.3	0
AP000688.4	0
AP000692.1	0.48217322
AP000692.2	0.20433393
AP000695.1	0.362034876
AP000695.2	0.121975908
AP000695.3	0.025288212
AP000696.1	0
AP000697.1	0
AP000704.1	0.574094371
AP000705.1	0
AP000705.2	0
AP000708.1	0.010494275
AP000711.1	0.039173288
AP000720.1	0.024790825
AP000720.2	0
AP000721.1	0
AP000721.2	0
AP000722.1	0
AP000753.1	0.020896978
AP000753.2	0.141536268
AP000753.3	0
AP000755.1	0.047234589
AP000755.2	0.020970172
AP000756.1	0
AP000756.2	0
AP000757.1	0.188115622
AP000757.2	0
AP000759.1	4.041591317
AP000763.1	0.036842979
AP000763.2	0.587679426
AP000763.3	0.382888521
AP000763.4	0
AP000766.1	0.650759147
AP000769.1	0.469250109
AP000769.2	0
AP000769.3	0.044678986
AP000770.1	0
AP000770.2	0
AP000776.1	0
AP000777.1	0
AP000777.2	0.047800273
AP000777.3	0
AP000781.1	0.231009035
AP000781.2	0.138859579
AP000785.1	0.058600171
AP000785.2	0.40118966
AP000786.1	0.844978831
AP000787.1	0.204817879
AP000787.2	0.02108093
AP000790.1	0.016246904
AP000790.2	0
AP000793.1	0
AP000797.1	0
AP000797.2	0
AP000797.3	0
AP000802.1	0.006062769
AP000808.1	0.158327379
AP000808.2	0.336702096
AP000811.1	0.459829812
AP000812.1	0.301231907
AP000812.2	0.216658051
AP000812.3	0
AP000820.1	0
AP000821.1	0.068996151
AP000827.1	0
AP000842.1	0.017154682
AP000842.2	0.097053441
AP000842.3	0
AP000843.1	0
AP000844.1	0.020752111
AP000844.2	0
AP000845.1	0.073046264
AP000851.1	0.025658504
AP000851.2	0.083037228
AP000852.1	0
AP000855.1	0
AP000857.1	0
AP000857.2	0
AP000859.1	0
AP000860.1	0
AP000864.1	0
AP000866.1	0.145542672
AP000866.2	1.401374704
AP000866.3	0.663684156
AP000866.4	1.202742352
AP000866.5	0.645787055
AP000866.6	0.362408242
AP000867.1	0
AP000867.2	0.112255953
AP000867.3	0
AP000870.1	0
AP000873.1	0
AP000873.2	0.461154171
AP000873.3	0.06252725
AP000873.4	0.635083402
AP000873.5	0
AP000879.1	0
AP000879.2	0
AP000880.1	0.112490308
AP000889.1	0.036284752
AP000889.2	0
AP000892.1	0.073610461
AP000892.2	0.184783462
AP000892.3	1.474825987
AP000893.1	0
AP000893.2	0.027653506
AP000894.1	0
AP000894.2	0.098197587
AP000894.3	0
AP000894.4	0.942051337
AP000897.1	0
AP000897.2	0.020680429
AP000902.1	0.422993446
AP000904.1	0.037772771
AP000907.1	0
AP000907.2	0.260303659
AP000907.3	0
AP000911.1	0.059394684
AP000911.2	0.042385729
AP000911.3	0.023205365
AP000915.1	0.021850307
AP000915.2	0.02637438
AP000916.1	0
AP000919.1	0.080362203
AP000919.2	0.097803708
AP000919.3	0.04216186
AP000919.4	0.831525577
AP000920.1	0.069616095
AP000924.1	0.030663171
AP000925.1	0.256171855
AP000926.1	0
AP000936.1	0
AP000936.2	0.01758292
AP000936.3	0.798264554
AP000941.1	0.422712138
AP000942.1	0.016029409
AP000942.2	0
AP000942.3	0.074837302
AP000942.4	0
AP000943.1	0.050452114
AP000943.2	0.092310328
AP000943.3	0
AP000943.4	0.067081055
AP000944.1	0.02123044
AP000949.1	0
AP000959.1	0
AP000962.1	0.04927559
AP000962.2	0.032626617
AP000974.1	0.045146927
AP000977.1	0.008235191
AP000997.1	0
AP000997.2	0
AP000997.3	0
AP001000.1	5.535136292
AP001001.1	0.192044399
AP001001.2	0
AP001002.1	0.007914057
AP001002.2	0
AP001002.3	0
AP001005.1	0
AP001005.2	0
AP001007.1	0
AP001007.2	0
AP001007.3	0
AP001010.1	0.178051573
AP001011.1	0.01141465
AP001017.1	0.024842258
AP001020.1	0
AP001020.2	0.141747911
AP001020.3	0.132733604
AP001021.1	0.147220922
AP001021.2	0.044021942
AP001024.1	0.3817787
AP001025.1	0
AP001029.1	0.142547242
AP001029.2	0.103680271
AP001029.3	0.642897627
AP001033.1	0.179866477
AP001033.2	0.382020923
AP001042.1	0
AP001043.1	0.211753384
AP001043.2	0
AP001046.1	0.004252119
AP001048.1	0
AP001052.1	2.78183102
AP001056.1	0.072923071
AP001057.1	0.014986193
AP001059.1	0
AP001059.2	0
AP001059.3	0
AP001062.1	0.624274416
AP001062.2	0
AP001062.3	0
AP001063.1	0
AP001065.1	1.041214635
AP001065.2	0.037071109
AP001085.1	0.112431627
AP001086.1	0.037302082
AP001092.1	0.051061699
AP001094.1	0.496330292
AP001094.2	0.687921289
AP001094.3	0.408203465
AP001099.1	0.042013924
AP001102.1	0
AP001107.1	0.240165553
AP001107.2	0
AP001107.3	0.044021942
AP001107.4	0.955251646
AP001107.5	0.234077576
AP001107.6	0.116026825
AP001107.7	0
AP001107.8	0.274976308
AP001107.9	3.786573094
AP001109.1	0
AP001116.1	0
AP001117.1	0
AP001120.1	0
AP001120.2	0
AP001120.3	0
AP001120.4	0
AP001122.1	0
AP001124.1	0
AP001136.1	0.018856643
AP001148.1	0.675090201
AP001150.1	0.009210745
AP001157.1	3.563010663
AP001160.1	0.328697169
AP001160.2	0.024587204
AP001160.3	1.506554335
AP001160.4	0.344800134
AP001172.1	0.061827719
AP001172.2	0
AP001178.1	0.044678986
AP001178.2	0.330569677
AP001178.3	0.142141124
AP001180.1	0.010073445
AP001180.2	0
AP001180.3	0
AP001180.4	0.029098343
AP001180.5	0
AP001187.1	0
AP001189.1	2.199985762
AP001189.2	0
AP001189.3	3.586672534
AP001189.4	0
AP001189.5	0.214203369
AP001189.6	0.144091075
AP001198.1	0
AP001198.2	0
AP001205.1	0
AP001207.1	0
AP001207.2	0
AP001207.3	1.902178264
AP001208.1	0
AP001208.2	0.020716208
AP001257.1	0.124404866
AP001258.1	0
AP001264.1	0
AP001266.1	0
AP001266.2	0.154835797
AP001267.1	0.034996985
AP001267.2	0.017220472
AP001267.3	0.238570526
AP001267.4	0.021970584
AP001269.1	0.068033911
AP001269.2	0.031593584
AP001269.3	0.03639504
AP001269.4	0
AP001271.1	1.278773314
AP001271.2	0.03078141
AP001273.1	0.440666346
AP001282.1	0.015975942
AP001282.2	0
AP001284.1	0.022613727
AP001317.1	0
AP001318.1	0.097349336
AP001318.2	1.047008357
AP001318.3	0.098958416
AP001324.1	7.862605755
AP001324.2	0
AP001324.3	0.033540527
AP001328.1	0
AP001330.1	0.032760515
AP001330.2	0
AP001330.3	0
AP001330.4	0
AP001330.5	0.932279771
AP001331.1	0.011797013
AP001340.1	0
AP001341.1	0
AP001342.1	0
AP001347.1	0.121769169
AP001350.1	0.117854019
AP001350.2	0.45969531
AP001351.1	0.121986808
AP001357.1	0
AP001357.2	0
AP001360.1	0
AP001360.2	0.021305993
AP001362.1	0
AP001363.1	1.224610395
AP001363.2	0.581855237
AP001372.1	0.105497518
AP001372.2	1.613820036
AP001372.3	0
AP001372.4	0.304422923
AP001381.1	0.336347424
AP001412.1	0.100621582
AP001425.1	0
AP001429.1	0.158146751
AP001432.1	0.64475214
AP001434.1	0.542374871
AP001437.1	0.157552215
AP001439.1	0.030545838
AP001442.1	0.014962785
AP001453.1	0.091143431
AP001453.2	0.200568983
AP001453.3	0.061337562
AP001453.4	1.038773335
AP001458.1	1.041214635
AP001458.2	0
AP001462.1	0.476839446
AP001464.1	0
AP001468.1	0.0429945
AP001469.1	0.246554406
AP001469.2	0.368429794
AP001469.3	0.257674329
AP001471.1	0.089092026
AP001476.1	0.016342996
AP001476.2	0
AP001476.3	0
AP001485.1	0
AP001486.1	0
AP001486.2	1.297394571
AP001486.3	0.032188087
AP001496.1	0.025422438
AP001496.2	0
AP001496.3	0
AP001505.1	3.189454312
AP001506.1	0
AP001525.1	0
AP001527.1	0.036711196
AP001527.2	0.341571204
AP001528.1	0.300853475
AP001528.2	0.92409936
AP001528.3	1.356238946
AP001533.1	0.207162081
AP001541.1	0
AP001542.1	0.299349208
AP001542.2	0.032895517
AP001542.3	2.067611225
AP001547.1	0
AP001554.1	0.063691321
AP001574.1	0.197373104
AP001582.1	0
AP001595.1	0
AP001596.1	0.106577377
AP001596.2	0.230268621
AP001599.1	0.033168887
AP001604.1	0
AP001605.1	0.013800194
AP001610.1	0.096564261
AP001610.2	0.056748665
AP001615.1	0
AP001619.1	0.107149605
AP001619.2	0.040797166
AP001625.1	0
AP001625.2	0.874620294
AP001625.3	0.053336162
AP001626.1	0.025173024
AP001627.1	0.047786647
AP001628.1	0.336111391
AP001628.2	0.151953913
AP001630.1	0.027400385
AP001631.1	0
AP001636.1	0.010671986
AP001636.2	0.017203977
AP001636.3	0.064759158
AP001642.1	0
AP001646.1	0.013086304
AP001646.2	0.020716208
AP001646.3	0.10738985
AP001652.1	0
AP001767.1	0
AP001767.2	0.0940364
AP001767.3	0.19224261
AP001767.4	0.317892964
AP001775.1	0
AP001775.2	0.071700409
AP001781.1	0.040589723
AP001781.2	0
AP001782.1	0
AP001783.1	0.04927559
AP001784.1	0
AP001790.1	0
AP001793.1	0.475888484
AP001803.1	0
AP001803.2	0
AP001816.1	4.592547337
AP001823.1	0
AP001825.1	0.03411387
AP001830.1	0.778654008
AP001830.2	0
AP001831.1	0.029133743
AP001836.1	0
AP001858.1	0
AP001858.2	0.019923408
AP001877.1	0
AP001880.1	0
AP001880.2	0.053455216
AP001885.1	0.059907284
AP001888.1	0
AP001889.1	0.018916222
AP001893.1	0.330772605
AP001893.2	0.118554142
AP001893.3	0
AP001922.1	0
AP001922.2	0
AP001922.3	0.02844173
AP001922.4	0
AP001922.5	0.606975352
AP001922.6	0.592119312
AP001931.1	0.763856599
AP001960.1	0
AP001961.1	0
AP001962.1	0
AP001970.1	0.017081267
AP001972.1	0.425951442
AP001972.2	0
AP001972.3	0.069454573
AP001972.4	0
AP001972.5	22.55490009
AP001978.1	0
AP001979.1	0.031888065
AP001979.2	0
AP001981.1	0
AP001992.1	0.883197401
AP001993.1	0
AP001994.1	0.01449633
AP001999.1	0
AP001999.2	0
AP001999.3	0
AP002001.1	0
AP002001.2	0.008151102
AP002004.1	2.760657192
AP002004.2	0
AP002008.1	0.114037793
AP002008.2	0.102166965
AP002008.3	0.013885545
AP002026.1	0.366671868
AP002075.1	0.059571982
AP002336.1	0
AP002336.2	0.288797009
AP002336.3	0.032626617
AP002340.1	0.378125315
AP002353.1	0
AP002358.1	0.076838299
AP002358.2	0.011148946
AP002360.1	2.032716105
AP002360.2	0.050594232
AP002360.3	0.323620765
AP002364.1	0.017681583
AP002365.1	0
AP002370.1	0
AP002370.2	0.005669493
AP002371.1	0.071415318
AP002373.1	0.032850393
AP002373.2	0.022592393
AP002380.1	0.016578703
AP002381.1	0.077879469
AP002383.1	0
AP002383.2	0
AP002383.3	0.024561986
AP002383.4	0
AP002383.5	0.017179295
AP002387.1	0
AP002387.2	2.658925315
AP002392.1	0
AP002404.1	0
AP002409.1	0
AP002414.1	0
AP002414.2	0.041977102
AP002414.3	0
AP002414.4	0.093872574
AP002414.5	0
AP002428.1	0
AP002433.1	0.012421129
AP002439.1	0.024945767
AP002444.1	0.038625704
AP002449.1	0.353661511
AP002453.1	0
AP002469.1	0
AP002472.1	0
AP002478.1	0.024688594
AP002478.2	0
AP002490.1	0.198010343
AP002490.2	0
AP002495.1	0.354201199
AP002498.1	0.168647441
AP002505.1	0
AP002505.2	0.086019887
AP002512.1	0
AP002512.2	0
AP002518.1	0.043689225
AP002518.2	0.121872451
AP002530.1	0
AP002748.1	0
AP002748.2	0
AP002748.3	0.878983575
AP002748.4	0.003375802
AP002754.1	0.01019495
AP002754.2	0.02591768
AP002759.1	0
AP002761.1	0.182808676
AP002761.2	0.038750706
AP002761.3	0.741750249
AP002761.4	2.012880718
AP002765.1	0
AP002768.1	0.074837302
AP002770.1	0
AP002770.2	0.090029837
AP002782.1	0
AP002784.1	0
AP002784.2	0.676125715
AP002791.1	0
AP002795.1	0
AP002799.1	0
AP002800.1	0.866430965
AP002802.1	0
AP002802.2	0
AP002803.1	0.024044113
AP002807.1	0.921074485
AP002812.1	0.353661511
AP002812.2	0.122809931
AP002812.3	0.260776079
AP002812.4	0
AP002812.5	0.252260568
AP002815.1	0
AP002833.1	0
AP002833.2	0
AP002833.3	0
AP002840.1	0.091404338
AP002840.2	1.178687505
AP002847.1	0.06933701
AP002852.1	0.048635127
AP002856.1	0
AP002856.2	1.184348919
AP002856.3	0
AP002856.4	0.063131643
AP002884.1	0.486785479
AP002884.2	0.040316392
AP002884.3	0.050310791
AP002884.4	0.031733132
AP002892.1	0.021770851
AP002892.2	0.042764173
AP002893.1	0
AP002906.1	0.051390422
AP002907.1	0.552644691
AP002954.1	0.986091508
AP002957.1	0
AP002963.1	0
AP002967.1	0
AP002981.1	0
AP002982.1	0
AP002986.1	0.205033704
AP002989.1	0.170447947
AP002990.1	0.495363322
AP002991.1	0
AP002991.2	0
AP002992.1	0.046291115
AP002993.1	0
AP003025.1	0.080362203
AP003025.2	0.007618644
AP003027.1	0
AP003028.1	0
AP003031.1	0.031593584
AP003031.2	0.094159646
AP003032.1	0.259363934
AP003032.2	0
AP003035.1	0.016900449
AP003037.1	0
AP003038.1	0
AP003040.1	0.011693328
AP003041.1	0.010147431
AP003041.2	0
AP003043.1	0.043780506
AP003049.1	0
AP003049.2	0.010975223
AP003057.1	0.01923529
AP003059.1	0.083152558
AP003059.2	0.095220424
AP003062.1	0
AP003062.2	0
AP003063.1	0
AP003063.2	0.005792921
AP003064.1	0
AP003064.2	0.892178031
AP003065.1	0
AP003066.1	0
AP003066.2	0
AP003068.1	0.352175538
AP003068.2	1.042958713
AP003068.3	0
AP003068.4	0.08958081
AP003071.1	0
AP003071.2	0
AP003071.3	0.130863042
AP003071.4	0.410322901
AP003072.1	0
AP003072.2	0.584528039
AP003072.3	0.040316392
AP003072.4	0
AP003072.5	0.04647077
AP003080.1	0.171705998
AP003084.1	1.048932534
AP003086.1	0.211476907
AP003086.2	0.05480077
AP003086.3	0.065610785
AP003096.1	0.361189172
AP003097.1	0
AP003097.2	0
AP003100.1	0
AP003102.1	0
AP003108.1	0.021613661
AP003108.2	0.109838316
AP003108.3	0.042879027
AP003108.4	0.081826663
AP003108.5	0.066893678
AP003110.1	0.016700095
AP003115.1	0
AP003117.1	0.043227322
AP003117.2	0
AP003119.1	0
AP003119.2	0.236773385
AP003119.3	0.128537351
AP003121.1	0
AP003122.1	0
AP003122.2	0
AP003122.3	0
AP003122.4	0
AP003122.5	0
AP003122.6	0
AP003123.1	0
AP003128.1	0
AP003168.1	0
AP003168.2	0
AP003170.1	0.267379875
AP003170.2	0
AP003170.3	0.606276876
AP003170.4	0.040866786
AP003170.5	0
AP003171.1	0
AP003171.2	0
AP003174.1	0
AP003174.2	0
AP003174.3	0.023205365
AP003181.1	0
AP003181.2	0
AP003306.1	0
AP003306.2	0.024688594
AP003327.1	0
AP003351.1	0
AP003352.1	1.204018935
AP003354.1	0.112326157
AP003354.2	0.595508193
AP003355.1	0
AP003355.2	0.018266923
AP003355.3	0
AP003357.1	0
AP003385.1	0
AP003385.2	0.073913385
AP003385.3	0.086298871
AP003385.4	0.960478741
AP003386.1	0
AP003390.1	0.183158215
AP003390.2	0
AP003392.1	2.724478448
AP003392.2	4.375103804
AP003392.3	0.053855929
AP003392.4	0.850740112
AP003392.5	0.288529357
AP003392.6	0.257900856
AP003393.1	0.04012724
AP003396.1	0
AP003396.2	0.00923205
AP003396.3	0.013393701
AP003396.4	0
AP003396.5	0
AP003397.1	0.017265996
AP003398.1	0
AP003400.1	0
AP003400.2	0
AP003400.3	0
AP003400.4	0
AP003400.5	0
AP003400.6	0
AP003419.1	0.016841024
AP003419.2	0.318094035
AP003419.3	0.555851527
AP003438.1	0.027526364
AP003461.1	0
AP003465.1	0.0940364
AP003465.2	0
AP003467.1	0
AP003467.2	0.037535951
AP003469.1	0
AP003469.2	0.278464379
AP003469.3	0.025314944
AP003469.4	0.99606462
AP003471.1	0
AP003472.1	0.071443725
AP003472.2	0.032231409
AP003476.1	0.023205365
AP003478.1	0
AP003481.1	0.047610212
AP003484.1	0.14368762
AP003485.1	0
AP003485.2	0
AP003486.1	2.58426657
AP003497.1	0
AP003497.2	0
AP003498.1	0
AP003499.1	0
AP003499.2	0
AP003499.3	0
AP003500.1	0.068163007
AP003501.1	0
AP003501.2	0.025102659
AP003532.1	0
AP003548.1	0.137368661
AP003550.1	0
AP003555.1	0
AP003555.2	0.105808262
AP003555.3	1.025548211
AP003557.1	0.095600545
AP003559.1	0.04577705
AP003680.1	0.003271576
AP003692.1	0
AP003696.1	0.093303649
AP003715.1	0
AP003716.1	0.033244233
AP003716.2	0
AP003717.1	0.398566934
AP003717.2	0.080004243
AP003717.3	0.050737154
AP003718.1	0
AP003721.1	0.01385876
AP003721.2	0.052982161
AP003721.3	0
AP003721.4	0.413914954
AP003730.1	0
AP003730.2	0
AP003733.1	0.014053953
AP003733.2	0
AP003733.3	0
AP003733.4	0.232846761
AP003774.1	0.081873288
AP003774.2	0
AP003774.3	0.097250504
AP003774.4	0.302912889
AP003781.1	0
AP003784.1	0
AP003785.1	0
AP003789.1	0
AP003900.1	0
AP003969.1	0
AP003969.2	0
AP003972.1	0
AP003973.1	0
AP003973.2	0.167971499
AP004147.1	0.001896416
AP004245.1	0.184926151
AP004247.1	0
AP004247.2	0
AP004289.1	0.005430371
AP004289.2	0
AP004290.1	0
AP004371.1	0
AP004372.1	0.22699466
AP004550.1	0.163069607
AP004607.1	0
AP004607.2	0
AP004607.3	0
AP004607.4	0
AP004607.5	0
AP004607.6	0
AP004607.7	0
AP004607.8	0
AP004607.9	0
AP004608.1	0.258190958
AP004609.1	0.101844202
AP004609.2	0
AP004609.3	0.533871198
AP004782.1	0.006975804
AP004833.1	0
AP004833.2	0
AP004833.3	0
AP005018.1	0
AP005018.2	0.029133743
AP005019.1	0.360661696
AP005019.2	0.023432423
AP005019.3	0
AP005057.1	0
AP005059.1	0.026258702
AP005059.2	0.020716208
AP005060.1	0.018862584
AP005062.1	0
AP005117.1	0.023820892
AP005119.1	0
AP005119.2	0.021672341
AP005120.1	0
AP005121.1	0
AP005121.2	0
AP005131.1	0.040375868
AP005131.2	0.12293602
AP005131.3	0.036011935
AP005131.4	0.028207228
AP005131.5	0.096176452
AP005131.6	0.076701576
AP005131.7	0.470335907
AP005135.1	0
AP005136.1	0
AP005136.2	0.091317203
AP005137.1	0
AP005137.2	0
AP005139.1	0
AP005202.1	0.054592561
AP005202.2	0
AP005203.1	0.037952356
AP005205.1	0
AP005205.2	0.243869008
AP005205.3	0.037244069
AP005208.1	0
AP005209.1	0
AP005210.1	0
AP005212.1	0.023478369
AP005212.2	0.362847524
AP005212.3	0
AP005229.1	0
AP005229.2	0
AP005230.1	0.044277749
AP005233.1	0
AP005233.2	0.096824542
AP005242.1	0
AP005242.2	0.020381223
AP005242.3	0
AP005242.4	0
AP005262.1	0
AP005263.1	0
AP005264.1	0.179691202
AP005264.2	0
AP005264.3	0.024688594
AP005264.4	0.028374332
AP005264.5	0.070466993
AP005264.6	0
AP005264.7	0.014456949
AP005265.1	0
AP005271.1	0
AP005273.1	0
AP005328.1	0.00883036
AP005328.2	0
AP005329.1	0.461836971
AP005329.2	0.486801648
AP005329.3	0
AP005357.1	0
AP005380.1	0
AP005403.1	0.052288071
AP005431.1	0.150143803
AP005432.1	0.006871718
AP005432.2	0.040866786
AP005433.1	0.014136917
AP005435.1	0.010164659
AP005435.2	0
AP005435.3	0
AP005435.4	0
AP005436.1	0
AP005436.2	0.142547242
AP005436.3	0
AP005482.1	0.084654921
AP005482.2	0
AP005482.3	1.214027342
AP005530.1	0
AP005597.1	0
AP005597.2	0
AP005597.3	0
AP005597.4	0
AP005639.1	0
AP005660.1	0.040866786
AP005671.1	0.051723405
AP005717.1	0.018468846
AP005899.1	0.462230394
AP005901.1	0
AP005901.2	0
AP005901.3	0.025640189
AP005901.4	0
AP005902.1	0
AP005902.2	0
AP006193.1	0
AP006216.1	0
AP006216.2	0
AP006219.1	0
AP006222.1	0.033311495
AP006245.1	0
AP006245.2	0
AP006248.1	0
AP006248.2	0
AP006248.3	0
AP006248.4	0
AP006248.5	0
AP006259.1	0
AP006284.1	1.663876489
AP006285.1	0
AP006285.2	0
AP006287.1	0.036673716
AP006287.2	0.07155758
AP006288.1	0
AP006289.1	0.17290929
AP006294.1	0
AP006295.1	0
AP006296.1	0.239959285
AP006333.1	0
AP006333.2	0
AP006437.1	0
AP006437.2	0
AP006545.1	0.052575053
AP006545.2	0.155843405
AP006547.1	0
AP006565.1	0
AP006587.1	0
AP006587.2	0
AP006587.3	0
AP006587.4	0
AP006587.5	0
AP006587.6	0
AP006621.1	0.075593234
AP006621.2	1.138370226
AP006621.3	2.012621679
AP006621.4	0.382626807
AP006621.5	1.377164046
AP006623.1	0.621647069
AP006748.1	0.034606845
AP007216.1	0
AP007216.2	0.2402803
AP1AR	4.811838599
AP1B1	21.20965521
AP1B1P1	0
AP1B1P2	0
AP1G1	11.87254945
AP1G2	4.064239496
AP1M1	4.665939914
AP1M2	17.85278653
AP1S1	15.0005269
AP1S2	6.584145755
AP1S2P1	0
AP1S3	3.211505505
AP2A1	9.569864905
AP2A2	11.54907754
AP2B1	34.09432415
AP2M1	59.48212262
AP2S1	32.47165935
AP3B1	7.516900213
AP3B2	0.110745026
AP3D1	17.54817701
AP3M1	8.972374762
AP3M2	3.300663666
AP3S1	10.35647165
AP3S2	3.612801739
AP4B1	2.725309978
AP4B1-AS1	0.220972887
AP4E1	2.209627525
AP4M1	3.831568426
AP4S1	1.624600435
AP5B1	9.746426914
AP5M1	2.856150642
AP5S1	2.283560076
AP5Z1	4.493069149
APAF1	2.852675302
APBA1	0.55957055
APBA2	0.685073452
APBA3	1.840491169
APBB1	9.322981043
APBB1IP	6.629144975
APBB2	6.439843405
APBB3	2.300183293
APC	4.032070195
APC2	0.189912265
APCDD1	5.570927539
APCDD1L	0.0334129
APCDD1L-AS1	0.016967162
APCS	0
APEH	14.84371997
APELA	0.062021202
APEX1	46.1816784
APEX2	7.99248547
APH1A	48.81986502
APH1B	4.221619332
API5	19.64595832
API5P1	0.039648902
API5P2	0
APIP	5.216315591
APLF	0.495069467
APLN	26.42865891
APLNR	8.578460974
APLP1	1.100452229
APLP2	191.5143907
APMAP	46.79313612
APOA1	0.235443197
APOA1-AS	0.148877048
APOA2	0.038012598
APOA4	0.008128967
APOA5	0.018535555
APOB	0.040376208
APOBEC1	0
APOBEC2	0.457736408
APOBEC3A	0.472255747
APOBEC3AP1	0.375490295
APOBEC3B	1.319915283
APOBEC3B-AS1	0
APOBEC3C	14.14101012
APOBEC3D	1.068012104
APOBEC3F	1.307459833
APOBEC3G	2.625754693
APOBEC3H	0.478575872
APOBEC4	2.744128432
APOBR	21.03970222
APOC1	147.1212596
APOC1P1	0.217012219
APOC2	0.284417299
APOC3	0.055307013
APOC4	0
APOC4-APOC2	0.130934591
APOD	15.39120915
APOE	121.3409486
APOF	0
APOH	8.135466454
APOL1	32.96499146
APOL2	12.16299479
APOL3	9.597842753
APOL4	8.217911992
APOL5	0.024980462
APOL6	9.866900076
APOLD1	8.508907203
APOM	1.507565889
APOO	6.770620822
APOOL	3.189157105
APOOP1	0.020226298
APOOP2	0
APOOP3	0
APOOP4	0
APOOP5	0
APOPT1	3.279746659
APP	136.2636077
APPBP2	5.440177783
APPL1	7.819769149
APPL2	9.520286276
APRT	30.01129383
APTR	3.217521161
APTX	5.486093687
AQP1	292.4515582
AQP10	0.167175823
AQP11	0.219889234
AQP12A	0
AQP12B	0
AQP2	0.025032686
AQP3	120.2140616
AQP4	80.1407013
AQP4-AS1	0.381083957
AQP5	5.227891732
AQP6	0.039687553
AQP7	0.547068798
AQP7P1	0.275000229
AQP7P2	0.034507113
AQP7P3	0
AQP7P4	0
AQP7P5	0
AQP8	0.117970131
AQP9	20.93501228
AQR	4.179559309
AR	1.095700113
ARAF	23.63630858
ARAFP1	0
ARAFP2	0
ARAFP3	0
ARAP1	23.85405943
ARAP1-AS1	0
ARAP1-AS2	0.301975078
ARAP2	5.27305508
ARAP3	8.503337014
ARC	1.088906513
ARCN1	44.11190431
AREG	39.72189607
AREL1	5.914891295
ARF1	134.2317977
ARF1P1	0.022010971
ARF1P2	0.044512893
ARF1P3	0
ARF3	43.1105948
ARF4	76.12121585
ARF4-AS1	0.12034139
ARF4P1	0.044266057
ARF4P2	0.045528397
ARF4P3	0
ARF4P4	0
ARF5	48.36945615
ARF6	38.09673693
ARFGAP1	9.306849704
ARFGAP2	16.20269317
ARFGAP3	20.88449899
ARFGEF1	6.361375322
ARFGEF2	6.765392489
ARFGEF3	7.031295766
ARFIP1	8.917675696
ARFIP2	9.541755993
ARFRP1	4.667445624
ARG1	0.201089544
ARG2	1.17857918
ARGFX	0
ARGFXP1	0
ARGFXP2	0.151409504
ARGLU1	21.44086863
ARHGAP1	19.60352028
ARHGAP10	2.106768473
ARHGAP11A	0.612855565
ARHGAP11B	0.190352719
ARHGAP12	6.648395673
ARHGAP15	1.589724838
ARHGAP17	6.631195526
ARHGAP18	26.22144223
ARHGAP19	2.347418142
ARHGAP19-SLIT1	0.002928337
ARHGAP20	1.404945615
ARHGAP21	8.986478648
ARHGAP22	0.725534568
ARHGAP22-IT1	0.050953057
ARHGAP23	16.27610917
ARHGAP23P1	0.005756716
ARHGAP24	5.712921398
ARHGAP25	4.818577854
ARHGAP26	2.523621251
ARHGAP26-AS1	0.012094917
ARHGAP26-IT1	0.030860743
ARHGAP27	5.850315994
ARHGAP27P1-BPTFP1-KPNA2P3	2.487022383
ARHGAP27P2	0.017712971
ARHGAP28	1.297933928
ARHGAP29	6.976587434
ARHGAP30	21.06084828
ARHGAP31	17.22470142
ARHGAP31-AS1	0.422159139
ARHGAP32	3.047342763
ARHGAP33	1.119998556
ARHGAP35	9.936956179
ARHGAP36	0
ARHGAP39	2.569699827
ARHGAP4	6.84962488
ARHGAP40	0.089945302
ARHGAP42	2.412382151
ARHGAP42P1	0
ARHGAP42P2	0.011190625
ARHGAP42P3	0
ARHGAP42P4	0
ARHGAP42P5	0
ARHGAP44	6.974601084
ARHGAP45	10.62262594
ARHGAP5	8.813315761
ARHGAP5-AS1	1.049666053
ARHGAP6	2.517798282
ARHGAP8	0.506314091
ARHGAP9	2.933353656
ARHGDIA	83.99101502
ARHGDIB	138.2247102
ARHGDIG	0.10352134
ARHGEF1	17.89024005
ARHGEF10	4.456952435
ARHGEF10L	6.304829672
ARHGEF11	8.532957525
ARHGEF12	11.00197883
ARHGEF15	7.90272861
ARHGEF16	2.410721643
ARHGEF17	11.95388407
ARHGEF18	1.841705791
ARHGEF19	2.989495425
ARHGEF19-AS1	0
ARHGEF2	17.28000265
ARHGEF25	3.548095661
ARHGEF26	16.85386758
ARHGEF26-AS1	0.922614275
ARHGEF28	2.53173102
ARHGEF3	10.18713409
ARHGEF33	0.176665106
ARHGEF34P	1.360678217
ARHGEF35	0.684648949
ARHGEF37	3.528767143
ARHGEF38	1.560928973
ARHGEF38-IT1	0.315104429
ARHGEF39	0.210134296
ARHGEF3-AS1	0
ARHGEF4	1.698596524
ARHGEF40	8.116680677
ARHGEF5	3.774537276
ARHGEF6	12.02607759
ARHGEF7	6.173187093
ARHGEF7-AS1	0
ARHGEF7-AS2	0.00966422
ARHGEF7-IT1	0.044678986
ARHGEF9	3.292800891
ARHGEF9-IT1	0
ARID1A	12.59040881
ARID1B	5.954729065
ARID2	2.542505845
ARID3A	1.187432363
ARID3B	1.673117271
ARID3C	0.016972315
ARID4A	4.797181805
ARID4B	5.065119439
ARID5A	27.61569913
ARID5B	10.17288635
ARIH1	4.077847947
ARIH2	8.947991034
ARIH2OS	0.824240622
ARIH2P1	0.032427809
ARL1	13.54436423
ARL10	0.549638479
ARL11	2.666445634
ARL13A	0.210617032
ARL13B	7.191875523
ARL14	0.14805525
ARL14EP	3.766377222
ARL14EPL	0.080805921
ARL14EPL	0
ARL15	8.927654536
ARL16	6.109167503
ARL17A	0.06122555
ARL17B	0.028381058
ARL2	19.24798168
ARL2BP	3.861674233
ARL2BPP1	0
ARL2BPP10	0
ARL2BPP2	0
ARL2BPP3	0
ARL2BPP4	0
ARL2BPP5	0
ARL2BPP6	0
ARL2BPP7	0
ARL2BPP8	0
ARL2-SNX15	0
ARL3	8.151892574
ARL4A	10.05732637
ARL4AP1	0
ARL4AP2	0.099617041
ARL4AP3	0
ARL4AP4	0.231157689
ARL4AP5	0.139929513
ARL4C	11.17431131
ARL4D	5.169901948
ARL5A	8.789705739
ARL5AP1	0
ARL5AP2	0
ARL5AP3	0.031020643
ARL5AP4	0.023386657
ARL5B	4.554301175
ARL5C	0.003503209
ARL6	3.092789691
ARL6IP1	34.76566248
ARL6IP1P1	0
ARL6IP1P2	0
ARL6IP1P3	0
ARL6IP4	0.525287355
ARL6IP5	80.09549775
ARL6IP6	4.176051054
ARL8A	32.0053563
ARL8B	32.73420418
ARL9	0.17132864
ARMC1	8.25332279
ARMC10	4.836646586
ARMC10P1	0.098032489
ARMC12	0.160441042
ARMC2	2.248288637
ARMC2-AS1	0.748373019
ARMC3	2.764671065
ARMC4	2.706874461
ARMC4P1	0.014037477
ARMC5	3.122517253
ARMC6	5.984029077
ARMC7	10.68877086
ARMC8	4.919443112
ARMC8P1	0
ARMC9	2.898986841
ARMCX1	8.484124203
ARMCX2	5.951953039
ARMCX3	14.96251713
ARMCX3-AS1	0
ARMCX4	1.605378119
ARMCX5	2.252890799
ARMCX5-GPRASP2	0.936363438
ARMCX6	3.680227302
ARMCX7P	0.072132339
ARMS2	0.014638103
ARMT1	12.27129991
ARNT	12.10076447
ARNT2	3.299376617
ARNTL	1.872824064
ARNTL2	0.708184005
ARNTL2-AS1	0
ARPC1A	32.11009021
ARPC1B	55.65683433
ARPC2	51.75155671
ARPC3	64.72276224
ARPC3P1	0.247117545
ARPC3P2	0.067395694
ARPC3P5	0.067269485
ARPC4	30.57211642
ARPC4-TTLL3	0.173221965
ARPC5	24.070787
ARPC5L	13.78830644
ARPIN	7.972428048
ARPP19	27.72691201
ARPP21	0.027289068
ARPP21-AS1	0
ARR3	0.277014883
ARRB1	17.15556543
ARRB2	25.24064316
ARRDC1	12.81380696
ARRDC1-AS1	2.924517605
ARRDC2	15.59172323
ARRDC3	42.67819348
ARRDC3-AS1	0.266370058
ARRDC4	17.01997263
ARRDC5	0.226613564
ARSA	16.38048666
ARSB	3.949127675
ARSD	10.2093835
ARSD-AS1	0
ARSDP1	0.236522831
ARSE	2.533754933
ARSEP1	0.979966716
ARSF	0.038029845
ARSFP1	0.125513295
ARSG	1.19430654
ARSH	0.006386116
ARSI	2.798443495
ARSJ	2.528738131
ARSK	1.615403235
ART1	0.040811071
ART2BP	0
ART2P	0
ART3	0.021916965
ART4	1.547843237
ART5	0.155781965
ARTN	0.180195159
ARV1	8.34019735
ARVCF	7.17458197
ARX	0.474628785
AS3MT	0.109578745
ASAH1	101.049767
ASAH2	0.083997773
ASAH2B	0.40015118
ASAP1	9.336224563
ASAP1-IT2	0.224032888
ASAP2	3.560140963
ASAP3	6.635134001
ASB1	3.689145701
ASB10	0
ASB11	0.049573754
ASB12	0.306548452
ASB13	8.090303594
ASB14	0.737258568
ASB15	0.002454185
ASB16	0.461776356
ASB16-AS1	2.677106735
ASB17	0
ASB18	0
ASB2	0.6390868
ASB3	0.39729471
ASB4	0.226218294
ASB5	0.020624453
ASB6	4.541403384
ASB7	3.094994587
ASB8	6.518737333
ASB9	3.187315304
ASB9P1	0.468087033
ASCC1	3.809119527
ASCC2	13.01748992
ASCC3	3.098880554
ASCL1	0.048438383
ASCL2	0.478441498
ASCL3	0.170245995
ASCL4	0.005298216
ASCL5	0.147753804
ASF1A	8.04924687
ASF1B	0.997830692
ASGR1	1.718782003
ASGR2	0.288529357
ASH1L	6.320194763
ASH1L-AS1	1.366755687
ASH1L-IT1	0.026727608
ASH2L	8.132573397
ASH2LP1	0
ASH2LP2	0
ASH2LP3	0.014584614
ASIC1	0.32722594
ASIC2	0.07273806
ASIC3	0.440091266
ASIC4	0.043334361
ASIC5	0
ASIP	0.107734933
ASL	10.65477055
ASLP1	0.375948769
ASMT	0.08432372
ASMTL	9.5798577
ASMTL-AS1	2.242316162
ASNA1	33.90691509
ASNS	2.905467955
ASNSD1	15.96210312
ASNSP1	0.006626435
ASNSP3	0.009168429
ASNSP4	0.026787401
ASNSP6	0
ASPA	0.944990324
ASPDH	0.311482539
ASPG	0.965737199
ASPH	8.914027186
ASPHD1	0.673276765
ASPHD2	0.520762399
ASPM	0.136839097
ASPN	13.22953826
ASPRV1	1.100043023
ASPSCR1	2.653733077
ASRGL1	5.710219949
ASS1	18.31820856
ASS1P1	0.232316281
ASS1P10	0.009625376
ASS1P11	0.009847013
ASS1P12	0.595282858
ASS1P2	0.097906527
ASS1P4	0
ASS1P5	0.01932844
ASS1P6	0
ASS1P7	0
ASS1P8	0
ASS1P9	0.02906303
ASTE1	2.714844871
ASTL	0.050675803
ASTN1	0.010411015
ASTN2	0.81607866
ASTN2-AS1	0.006818889
ASXL1	10.80367566
ASXL2	4.355424085
ASXL3	0.079215636
ASZ1	0.050786815
ATAD1	9.443058486
ATAD2	1.818468634
ATAD2B	1.455090506
ATAD3A	4.537544848
ATAD3B	1.953056793
ATAD3C	1.927399325
ATAD5	0.429878155
ATAT1	2.204871983
ATCAY	0.00221617
ATE1	6.550095599
ATE1-AS1	0
ATF1	7.746599567
ATF1P1	0
ATF2	7.666171327
ATF3	38.55084301
ATF4	130.5610259
ATF4P1	0
ATF4P2	0
ATF4P3	0.226779703
ATF4P4	0.072875275
ATF5	9.116267677
ATF6	13.97266492
ATF6B	26.2707556
ATF7	6.46864378
ATF7IP	4.499430353
ATF7IP2	2.377556842
ATG10	1.46131197
ATG101	7.598360632
ATG10-AS1	0
ATG10-IT1	0.024587204
ATG12	4.068562588
ATG12P2	0.028783578
ATG13	9.591488967
ATG14	4.557787223
ATG16L1	4.279104599
ATG16L2	3.82966887
ATG2A	5.381439123
ATG2B	3.426574094
ATG3	7.177327099
ATG3P1	0
ATG4A	5.469489451
ATG4AP1	0
ATG4B	8.160625582
ATG4C	3.615291395
ATG4D	4.877894024
ATG5	8.317864145
ATG7	4.060006235
ATG9A	8.029740791
ATG9B	0.507736725
ATIC	10.92837993
ATL1	2.353598816
ATL2	12.78775694
ATL3	12.37415093
ATM	2.38277516
ATMIN	8.315999387
ATN1	48.01908289
ATOH1	0
ATOH7	0.032362077
ATOH8	9.526359906
ATOX1	5.000771646
ATP10A	8.260315155
ATP10B	0.00846965
ATP10D	4.476896122
ATP11A	26.56541661
ATP11A-AS1	0.049163191
ATP11AUN	0.021372545
ATP11B	7.191412239
ATP11C	3.006828817
ATP12A	0.90303453
ATP13A1	7.808239599
ATP13A2	8.743982947
ATP13A3	7.782473837
ATP13A4	16.04428116
ATP13A4-AS1	1.213423174
ATP13A5	0.215331479
ATP13A5-AS1	0
ATP1A1	161.0606752
ATP1A1-AS1	1.193499689
ATP1A2	1.625554605
ATP1A3	0.147278408
ATP1A4	0.030487507
ATP1B1	53.11881956
ATP1B1P1	0.091604129
ATP1B2	2.33558173
ATP1B3	45.88939943
ATP1B3-AS1	1.783356982
ATP1B3P1	0.058338457
ATP1B4	0.002508688
ATP23	2.38084002
ATP2A1	0.180118555
ATP2A1-AS1	0.205385391
ATP2A2	19.48503085
ATP2A3	5.689068069
ATP2B1	11.44798655
ATP2B1-AS1	1.038491194
ATP2B2	0.025915131
ATP2B2-IT1	0
ATP2B2-IT2	0
ATP2B3	0.017482566
ATP2B4	26.1466336
ATP2C1	20.51978654
ATP2C2	7.301319357
ATP2C2-AS1	0.23564514
ATP4A	0.003078932
ATP4B	0.072423195
ATP5F1A	30.56391635
ATP5F1AP1	0.027192964
ATP5F1AP10	0
ATP5F1AP2	0.023852527
ATP5F1AP3	0.079455662
ATP5F1AP4	0
ATP5F1AP7	0
ATP5F1AP8	0
ATP5F1B	165.2273551
ATP5F1BP1	0.00760735
ATP5F1C	45.52784854
ATP5F1CP1	0
ATP5F1D	15.0233389
ATP5F1E	31.25472024
ATP5F1EP1	0
ATP5F1EP2	0.466518246
ATP5IF1	29.30258761
ATP5MC1	11.0307035
ATP5MC1P1	0
ATP5MC1P3	0.029204801
ATP5MC1P4	0.135759278
ATP5MC1P5	0.058267486
ATP5MC1P6	0
ATP5MC1P7	0
ATP5MC1P8	0
ATP5MC2	35.81689642
ATP5MC2P1	0
ATP5MC2P3	0.028174043
ATP5MC2P4	0
ATP5MC3	14.29635301
ATP5MD	36.45526653
ATP5MDP1	0
ATP5ME	49.95947202
ATP5MF	24.8374314
ATP5MFP1	0
ATP5MFP3	0
ATP5MFP4	0.089692646
ATP5MFP5	0.04641073
ATP5MFP6	0
ATP5MF-PTCD1	0.025129
ATP5MG	32.33183872
ATP5MGL	0.044958579
ATP5MGP2	0
ATP5MGP3	0.039388054
ATP5MGP4	0
ATP5MGP5	0
ATP5MGP6	0
ATP5MGP7	0
ATP5MPL	10.05953589
ATP5PB	29.16862927
ATP5PBP1	0.042087762
ATP5PBP2	0
ATP5PBP3	0.036450436
ATP5PBP4	0
ATP5PBP5	1.969402682
ATP5PBP6	0
ATP5PBP7	0
ATP5PD	20.75339601
ATP5PDP1	0.024688594
ATP5PDP2	0
ATP5PDP3	0
ATP5PDP4	0.605000504
ATP5PF	25.40731894
ATP5PFP1	0
ATP5PO	14.37163342
ATP5S	2.946590412
ATP6AP1	41.9505675
ATP6AP1L	1.1698992
ATP6AP2	62.7365203
ATP6V0A1	9.25236346
ATP6V0A2	1.771369337
ATP6V0A4	0.409620135
ATP6V0B	27.93135577
ATP6V0C	24.62687296
ATP6V0CP1	0.135627473
ATP6V0CP2	0
ATP6V0CP3	0.230761702
ATP6V0D1	19.63631651
ATP6V0D2	1.197396831
ATP6V0E1	96.57378011
ATP6V0E1P1	0
ATP6V0E1P2	0.19549336
ATP6V0E1P3	0
ATP6V0E1P4	0
ATP6V0E2	5.55434152
ATP6V0E2-AS1	0.25468787
ATP6V1A	17.61083643
ATP6V1B1	0.767272752
ATP6V1B1-AS1	0
ATP6V1B2	23.01495981
ATP6V1C1	9.688047506
ATP6V1C2	0.428670947
ATP6V1D	11.46413809
ATP6V1E1	35.37763363
ATP6V1E1P1	0.035165839
ATP6V1E2	0.80461078
ATP6V1F	98.2199276
ATP6V1G1	69.55912163
ATP6V1G1P2	0.034606845
ATP6V1G1P3	0
ATP6V1G1P4	0
ATP6V1G1P6	0
ATP6V1G1P7	0
ATP6V1G2	0.223082782
ATP6V1G2-DDX39B	0.025240237
ATP6V1G3	0.016447759
ATP6V1H	9.645043232
ATP7A	3.620689912
ATP7B	1.510988242
ATP8A1	6.04632474
ATP8A2	0.31386398
ATP8A2P2	0.030545838
ATP8A2P3	0
ATP8B1	9.10828016
ATP8B2	6.572082974
ATP8B3	0.274851568
ATP8B4	0.292155566
ATP8B5P	1.046532985
ATP9A	11.53917951
ATP9B	2.288126696
ATPAF1	6.390897299
ATPAF2	2.339270947
ATR	2.068805824
ATRAID	42.70656056
ATRIP	0.035914722
ATRN	10.65523125
ATRNL1	0.029252366
ATRX	4.616197225
ATXN1	4.205813699
ATXN10	18.09483166
ATXN1L	9.19705058
ATXN2	3.454773027
ATXN2-AS	0.271574539
ATXN2L	16.16154542
ATXN3	0.970162314
ATXN3L	0
ATXN7	5.579670796
ATXN7L1	1.328035062
ATXN7L2	0.908575194
ATXN7L3	10.01557734
ATXN7L3B	14.13444759
ATXN8OS	0
AUH	4.921099463
AUNIP	0.13923219
AUP1	34.12626426
AURKA	0.936488641
AURKAIP1	25.50476772
AURKAPS1	0.029638535
AURKAPS2	0
AURKB	0.336617583
AURKC	0.405688865
AUTS2	6.006519418
AVEN	3.510068143
AVIL	1.651020931
AVL9	2.724197521
AVP	0
AVPI1	17.53771336
AVPR1A	0.068273507
AVPR1B	0
AVPR2	0.992910864
AWAT1	0.008350048
AWAT2	0.209898344
AXDND1	0.03343036
AXIN1	5.186533887
AXIN2	4.884902493
AXL	25.87390086
AZGP1	6.508266582
AZGP1P1	0.013802845
AZGP1P2	0.034707155
AZI2	4.284904078
AZIN1	21.77525578
AZIN1-AS1	0.667560885
AZIN2	1.049707543
AZU1	0.537250401
AZU1P1	0
B2M	968.2083964
B3GALNT1	5.075267943
B3GALNT1P1	0.036842979
B3GALNT2	1.432172288
B3GALNT2P1	0
B3GALT1	0.488925286
B3GALT2	1.587263972
B3GALT4	6.175030344
B3GALT5	0.035121633
B3GALT5-AS1	0.023795644
B3GALT6	7.998455602
B3GAT1	0.095372527
B3GAT2	0.226164824
B3GAT3	12.01835287
B3GAT3P1	0.01485604
B3GLCT	3.22033138
B3GNT10	1.051709239
B3GNT2	20.45744742
B3GNT2P1	0
B3GNT3	0.95750116
B3GNT4	0.089357972
B3GNT5	8.264097536
B3GNT6	0.009119549
B3GNT7	22.43467367
B3GNT8	12.21677022
B3GNT9	5.545708324
B3GNTL1	0.74196553
B3GNTL1P1	0.082864833
B3GNTL1P2	0
B4GALNT1	0.103236763
B4GALNT2	0.034742013
B4GALNT2P1	0
B4GALNT3	7.106777162
B4GALNT4	0.353392843
B4GALT1	59.92359123
B4GALT1-AS1	1.107911658
B4GALT2	7.148827313
B4GALT3	7.756915201
B4GALT4	2.580813323
B4GALT4-AS1	0.044021942
B4GALT5	42.89023717
B4GALT6	0.744705907
B4GALT7	3.749915384
B4GAT1	13.45915646
B9D1	3.270572831
B9D2	6.796773803
BAALC	3.226410774
BAALC-AS1	1.019192556
BAALC-AS2	0.233410688
BAAT	0.236723481
BAATP1	0
BABAM1	11.74431797
BABAM2	9.241700774
BACE1	8.959659177
BACE1-AS	3.022782606
BACE2	6.301302377
BACE2-IT1	0
BACH1	9.47738738
BACH1-AS1	0.245200716
BACH1-IT1	0.466707656
BACH1-IT2	0.296798595
BACH1-IT3	0.029492533
BACH2	0.491879753
BAD	18.52880459
BAG1	11.60009757
BAG2	1.406054615
BAG3	54.28605798
BAG4	3.762251218
BAG5	13.07345619
BAG6	45.29587596
BAGE2	0
BAHCC1	3.052815344
BAHD1	10.65120891
BAIAP2	8.513761485
BAIAP2-AS1	11.08589272
BAIAP2L1	8.81950896
BAIAP2L2	0.206447729
BAIAP3	3.625700458
BAK1	10.49616842
BAK1P1	0.35771289
BAK1P2	0
BAMBI	5.293591001
BANCR	1.177440217
BANF1	44.80957379
BANF1P1	0.045528397
BANF1P2	1.224610395
BANF1P3	0.458772732
BANF1P4	0
BANF1P5	0
BANF2	0.008817355
BANK1	2.560838925
BANP	0.949619253
BAP1	15.19545137
BARD1	1.357852348
BARHL1	0.005114895
BARHL2	0
BARX1	0.006738305
BARX1-AS1	0
BARX2	0.242096627
BASP1	16.56479964
BASP1-AS1	0.024428361
BASP1P1	0.018005967
BATF	4.484128947
BATF2	2.905076699
BATF3	3.389608426
BAX	18.28726277
BAZ1A	10.42628079
BAZ1B	15.06720101
BAZ2A	10.30586006
BAZ2B	2.689293323
BBC3	1.050546276
BBIP1	1.718616627
BBIP1P1	0.085834898
BBOF1	4.012056913
BBOX1	0.213820863
BBOX1-AS1	0.082138502
BBS1	0.436479886
BBS10	3.890290676
BBS12	1.713058985
BBS2	4.101913576
BBS4	6.369377693
BBS5	1.81081303
BBS7	2.67548391
BBS9	3.007505195
BBX	5.842312565
BCAM	75.51894103
BCAN	0.058279302
BCAP29	8.130736
BCAP31	76.14695469
BCAP31P1	0
BCAP31P2	0
BCAR1	10.31185939
BCAR1P1	0
BCAR1P2	0
BCAR3	3.906619965
BCAR4	0.009016542
BCAS1	2.198494303
BCAS2	24.32586787
BCAS2P1	0
BCAS2P2	0.177655316
BCAS2P3	0.015611432
BCAS3	2.76870954
BCAS4	1.084810263
BCAT1	4.740776241
BCAT2	7.574133257
BCCIP	8.665021528
BCDIN3D	1.312921007
BCDIN3D-AS1	0.190327996
BCHE	5.551849678
BCKDHA	1.817625203
BCKDHB	3.823669565
BCKDK	11.54113702
BCL10	8.248828113
BCL11A	0.346188685
BCL11B	0.429873846
BCL2	2.338555845
BCL2A1	17.54862573
BCL2L1	40.66235344
BCL2L10	0.018156131
BCL2L11	3.976335825
BCL2L12	4.306521994
BCL2L12P1	0
BCL2L13	8.378027158
BCL2L14	0.152251162
BCL2L15	0.253506739
BCL2L2	17.48216523
BCL2L2-PABPN1	0.162437555
BCL3	42.24868089
BCL6	22.28432532
BCL6B	13.83865443
BCL7A	3.179074906
BCL7B	21.14544657
BCL7C	7.519804561
BCL9	3.17254207
BCL9L	5.766260573
BCL9P1	0.05610606
BCLAF1	14.01406358
BCLAF1P1	0.017404024
BCLAF1P2	0.036786385
BCLAF3	1.655265839
BCO1	0.167553823
BCO2	0.663162776
BCOR	4.91347529
BCORL1	1.693666603
BCORP1	0.035571274
BCR	6.526774394
BCRP1	0.051985391
BCRP2	0.002198268
BCRP3	1.257897797
BCRP4	0.01449633
BCRP5	0
BCRP6	0
BCRP7	0
BCRP8	0
BCRP9	0
BCS1L	3.908637775
BCYRN1	0.080965308
BDH1	0.95513221
BDH2	12.2358878
BDH2P1	0.130151829
BDKRB1	0.130246211
BDKRB2	2.57672101
BDNF	1.024130106
BDNF-AS	0.84839711
BDP1	3.549054935
BDP1P	0
BEAN1	0.19147964
BEAN1-AS1	0.069280434
BECN1	8.710716575
BECN1P2	0
BECN2	0
BEGAIN	0.216692767
BEND2	0
BEND3	0.791377932
BEND3P1	0.359299791
BEND3P2	0.00531232
BEND3P3	0.667401512
BEND4	0.012295005
BEND5	2.2066153
BEND6	0.12642522
BEND7	2.036123597
BEND7P1	0
BEST1	1.137057685
BEST2	0.004525309
BEST3	0.001744713
BEST4	1.11140888
BET1	2.868549297
BET1L	16.90224068
BET1P1	0.233475705
BEX1	0.886960615
BEX2	8.501924775
BEX3	74.90382396
BEX4	41.88183944
BEX5	4.426876335
BFAR	14.65933679
BFSP1	0.991025895
BFSP2	0.028922629
BFSP2-AS1	0
BGLAP	0.51317007
BGLT3	0
BGN	324.7957208
BHLHA15	0.225074592
BHLHA9	0
BHLHB9	0.863653386
BHLHB9P1	0
BHLHE22	0.756173351
BHLHE23	0
BHLHE40	126.6800285
BHLHE40-AS1	0.42748433
BHLHE41	12.56842063
BHMG1	0
BHMT	0.017013311
BHMT2	0.406407472
BICC1	2.628476526
BICD1	1.074753916
BICD1P1	0
BICD2	8.937159789
BICDL1	0.628829845
BICDL2	4.547044254
BICRA	2.028891393
BICRA-AS1	0.15323177
BICRAL	4.565261334
BID	5.84424454
BIK	2.073142466
BIN1	4.861130444
BIN2	6.524469014
BIN2P1	0.023478369
BIN2P2	0
BIN3	3.734782701
BIRC2	13.92119131
BIRC3	8.490718946
BIRC5	0.436273026
BIRC6	5.63870335
BIRC6-AS1	0
BIRC6-AS2	0.081317272
BIRC7	0.27596854
BIRC8	0
BIVM	2.183862375
BIVM-ERCC5	0
BLACAT1	0.419928748
BLACE	0
BLCAP	8.089161966
BLID	0
BLK	0.027423205
BLM	0.294277041
BLMH	6.282421444
BLNK	2.214610828
BLOC1S1	15.05422827
BLOC1S2	12.70225248
BLOC1S2P1	0
BLOC1S3	4.365602848
BLOC1S4	5.983281627
BLOC1S5	2.784895796
BLOC1S5-TXNDC5	0.21757665
BLOC1S6	7.743002112
BLVRA	38.23647759
BLVRB	40.53170292
BLZF1	5.949369593
BLZF2P	0.042385729
BMF	2.719258086
BMF-AS1	0
BMI1	8.484939016
BMI1P1	0
BMP1	12.03968008
BMP10	0
BMP15	0.060936225
BMP2	20.16388331
BMP2K	1.66994567
BMP2KL	0
BMP3	3.222154359
BMP4	2.754556628
BMP5	6.492969149
BMP6	4.638835923
BMP6P1	0
BMP7	0.727101435
BMP7-AS1	0
BMP8A	0.212304403
BMP8B	0.721744152
BMPER	1.075786215
BMPR1A	3.473083237
BMPR1APS1	0.014986193
BMPR1APS2	0.023663969
BMPR1B	1.460702724
BMPR1B-AS1	0.234324233
BMPR2	16.69992536
BMS1	6.829470895
BMS1P1	0.485679486
BMS1P10	0.737681976
BMS1P11	0
BMS1P12	0
BMS1P13	0
BMS1P14	0
BMS1P15	0
BMS1P16	0
BMS1P17	0
BMS1P19	0.030468113
BMS1P2	0.038930691
BMS1P22	0.015234056
BMS1P3	0
BMS1P4	0.118925979
BMS1P4	0.235612898
BMS1P7	0.045528397
BMS1P8	0
BMS1P9	0.013529908
BMT2	2.578251755
BMX	1.715443784
BNC1	0.11731843
BNC2	0.693135149
BNC2-AS1	0.251789053
BNIP1	3.886632335
BNIP2	13.51560358
BNIP3	6.408185225
BNIP3L	34.02030419
BNIP3P1	0.037772771
BNIP3P10	0.103760557
BNIP3P11	0.404094845
BNIP3P13	0.021155421
BNIP3P15	0.795612512
BNIP3P16	0.179385293
BNIP3P17	0.221367481
BNIP3P18	0.104121464
BNIP3P19	0
BNIP3P2	0
BNIP3P20	0.020716208
BNIP3P22	0
BNIP3P23	0
BNIP3P24	0
BNIP3P25	0
BNIP3P26	0.064840984
BNIP3P27	0.05812606
BNIP3P28	0.02007371
BNIP3P29	0.062910516
BNIP3P3	0
BNIP3P30	0
BNIP3P31	0
BNIP3P32	0
BNIP3P33	0
BNIP3P34	0
BNIP3P35	0
BNIP3P36	0
BNIP3P37	0
BNIP3P38	0
BNIP3P39	0.064840984
BNIP3P4	0
BNIP3P40	0.107679571
BNIP3P41	0
BNIP3P42	0.021043881
BNIP3P5	0.985808636
BNIP3P6	0
BNIP3P7	0
BNIP3P8	0
BNIP3P9	0
BNIPL	5.722000069
BOC	0.64564379
BOD1	14.35333465
BOD1L1	4.328295101
BOD1L2	0
BOD1P1	0.02746323
BOD1P2	0
BOK	17.51705488
BOK-AS1	0.186220347
BOLA1	4.41750097
BOLA2	0
BOLA2B	0.201759173
BOLA2P1	0
BOLA2P2	0.274535429
BOLA2P3	0
BOLA2-SMG1P6	0.613536666
BOLA3	2.257449665
BOLA3-AS1	1.00544772
BOLA3P1	0
BOLA3P2	0.222426656
BOLA3P3	0
BOLA3P4	0
BOLL	0.005981003
BOP1	5.445642206
BORA	0.735935336
BORCS5	1.483521776
BORCS6	2.297141881
BORCS7	9.851551471
BORCS7-ASMT	0
BORCS8	2.906562671
BORCS8-MEF2B	0.217032051
BPESC1	0
BPGM	8.814236614
BPHL	1.698729068
BPI	0.057464832
BPIFA1	519.1562632
BPIFA2	0.081317272
BPIFA3	0
BPIFA4P	0
BPIFB1	188.6334407
BPIFB2	3.066042464
BPIFB3	0
BPIFB4	0
BPIFB5P	0
BPIFB6	0
BPIFB9P	0.052028416
BPIFC	0.005374313
BPNT1	8.80065515
BPTF	5.89340035
BPTFP1	0
BPY2	0
BPY2B	0
BPY2C	0
BPY2DP	0
BRAF	3.432999006
BRAFP1	0.017719524
BRAP	4.918883694
BRAT1	5.58208042
BRCA1	0.75228408
BRCA2	0.381473283
BRCC3	5.516605134
BRCC3P1	0.151091083
BRD1	8.353122163
BRD2	38.28830181
BRD3	3.989581354
BRD3OS	3.208240424
BRD4	8.830219908
BRD7	6.931703744
BRD7P1	0
BRD7P2	0.086232282
BRD7P4	0
BRD7P5	0.013143763
BRD7P6	0
BRD8	5.963192561
BRD9	4.235672449
BRD9P1	0
BRD9P2	1.402808002
BRDT	0
BRDTP1	0
BRF1	1.183755044
BRF2	2.498915125
BRI3	21.51306662
BRI3BP	1.648041667
BRI3BPP1	0.015214699
BRI3P1	0.665220461
BRICD5	1.373873464
BRINP1	0.058260025
BRINP2	0.009087251
BRINP3	0.362101801
BRIP1	0.149843177
BRIX1	4.470823129
BRIX1P1	0
BRK1	101.1523551
BRK1P2	0
BRMS1	14.5459424
BRMS1L	2.900545568
BROX	8.52123367
BRPF1	5.894069482
BRPF3	7.106884258
BRS3	0.012679811
BRSK1	0.44267209
BRSK2	0.08326097
BRWD1	2.490493458
BRWD1-AS1	0.017328464
BRWD1-AS2	0.232956582
BRWD1-IT1	0.024486643
BRWD1P1	0
BRWD1P2	0.035217554
BRWD1P3	0.030702483
BRWD3	1.428122579
BSCL2	2.328355502
BSDC1	15.1226007
BSG	117.04901
BSN	0.085607416
BSN-AS1	0
BSN-AS2	0.041400582
BSND	0.010346171
BSNDP1	0
BSNDP2	0.03271576
BSNDP3	0
BSNDP4	0
BSPH1	0
BSPRY	6.353011829
BST1	5.340068415
BST2	76.9907971
BSX	0
BTAF1	7.111419056
BTBD1	16.15293781
BTBD10	7.383090615
BTBD10P1	0
BTBD10P2	0.053138913
BTBD11	0.161687861
BTBD16	0.134371215
BTBD17	0
BTBD18	0.041315449
BTBD19	4.541263548
BTBD2	10.72701568
BTBD3	6.707960086
BTBD6	19.00717293
BTBD6P1	0.028351938
BTBD7	3.514110878
BTBD7P1	0.049445155
BTBD7P2	0
BTBD8	0.324613975
BTBD9	5.720184502
BTBD9-AS1	0.042764173
BTC	3.401695541
BTD	6.89860917
BTF3	116.1528316
BTF3L4	6.167925886
BTF3L4P1	0.025585402
BTF3L4P2	2.180231223
BTF3L4P3	0.075466187
BTF3L4P4	0
BTF3P1	0
BTF3P10	0.072569505
BTF3P11	0.025102659
BTF3P12	0.102123397
BTF3P13	0.02443667
BTF3P14	0
BTF3P15	0
BTF3P2	0.024587204
BTF3P4	0.04837967
BTF3P5	0.102560756
BTF3P6	0.047991857
BTF3P7	0.220831383
BTF3P8	0.022764198
BTF3P9	0.126932526
BTG1	27.09560525
BTG1P1	0.259278841
BTG2	50.3063021
BTG3	21.6009142
BTG3-AS1	0.167208246
BTG3P1	0
BTG4	0.505286836
BTG4P1	0
BTK	8.710244048
BTLA	0.093926178
BTN1A1	0.012408257
BTN2A1	8.94174343
BTN2A2	3.114204948
BTN2A3P	0.796926787
BTN3A1	9.282145973
BTN3A2	10.70379587
BTN3A3	8.230251456
BTNL10	0.248022358
BTNL2	0.048939925
BTNL3	0.15703565
BTNL8	0.14952203
BTNL9	9.103658563
BTRC	3.749899949
BUB1	0.349373081
BUB1B	0.259489483
BUB1B-PAK6	0.008591702
BUB1P1	0
BUB3	5.828293007
BUB3P1	0
BUD13	10.61081162
BUD13P1	0.048249704
BUD23	7.310391022
BUD31	15.21765145
BUD31P1	0
BUD31P2	0
BVES	0.678277475
BVES-AS1	0.051018186
BX005019.1	0
BX005040.1	0.297754096
BX005040.2	0
BX005040.3	0
BX005195.1	0
BX005214.1	0
BX005214.2	0.022235781
BX005214.3	0
BX005266.1	0
BX005266.2	0.026327987
BX005266.3	0.011138575
BX072579.1	0
BX072579.2	0
BX088651.1	0
BX088651.2	0
BX088651.3	0
BX088651.4	0.027857235
BX088702.1	0
BX119321.1	0.045071399
BX119904.1	0.034407955
BX119904.2	0
BX119904.3	0
BX119904.4	0
BX119917.1	0.364126846
BX248123.1	0.139434857
BX248123.2	0.096564261
BX248409.1	0.281740431
BX248415.1	0
BX255923.1	0.087914598
BX255923.2	0.046895437
BX255925.1	0.303547201
BX255925.2	0.116252119
BX276092.1	0
BX276092.2	0
BX276092.3	0
BX276092.4	0
BX276092.5	0
BX276092.6	0
BX276092.7	0.012168667
BX276092.8	0
BX284613.1	0.021890253
BX284632.1	0
BX284632.2	0
BX284656.1	0
BX284656.2	0
BX284668.1	0
BX284668.2	0.096987931
BX284668.3	0.013575928
BX284668.4	1.367106618
BX284668.5	3.512049759
BX284668.6	0
BX293535.1	0.973149368
BX293995.1	0
BX295541.1	0
BX322234.1	0.378768385
BX322234.2	0.032101792
BX322557.1	0.063187168
BX322559.1	0
BX322562.1	1.451390098
BX322635.1	0
BX322639.1	0.245479988
BX322650.1	0.173211861
BX322784.1	0.033353672
BX323014.1	0
BX323046.1	0.156668744
BX323845.1	0
BX323845.2	0
BX323845.3	0.204489022
BX324167.1	0.044623484
BX324167.2	0.039720643
BX470102.1	2.976579692
BX470209.1	0.013072018
BX470209.2	0
BX510359.1	0
BX510359.2	0
BX510359.3	0.117391846
BX510359.4	0
BX510359.5	0
BX510359.6	0
BX510359.7	0
BX510359.8	0
BX537318.1	1.111089023
BX537318.2	0.025892771
BX539320.1	0.505173121
BX546450.1	0
BX546450.2	0
BX547991.1	0.049194611
BX571673.1	0
BX571846.1	0
BX640514.1	0
BX640514.2	0.957917464
BX640515.1	0
BX649601.1	0.104667555
BX649632.1	0.110642418
BX664608.1	0
BX664615.1	0.23529632
BX664718.1	0
BX664725.1	0
BX664727.1	0
BX664727.2	0
BX664727.3	0.090550472
BX664730.1	0
BX679664.1	0.331295566
BX679664.2	0
BX679664.3	1.078735883
BX682237.1	0
BX842559.1	0.022507459
BX842559.2	0
BX842568.1	0
BX842568.2	0.116819203
BX842568.3	0.146791205
BX842568.4	0.105497518
BX890604.1	0.988028819
BX890604.2	0
BX927359.1	0
BYSL	7.675484132
BZW1	13.798573
BZW1P1	0.009656426
BZW1P2	0.463882549
BZW2	11.38213645
C10orf105	0.053390211
C10orf111	0.300397105
C10orf113	0.019501577
C10orf120	0
C10orf128	8.041697366
C10orf142	0.097803708
C10orf143	0.593854918
C10orf25	1.034787384
C10orf53	0.016645924
C10orf55	0.18099077
C10orf62	0
C10orf67	1.860311777
C10orf71	0.006638681
C10orf71-AS1	0
C10orf76	8.669586911
C10orf82	0.009932782
C10orf88	2.052895921
C10orf90	0.002278586
C10orf91	0.093913477
C10orf95	3.407160484
C10orf99	0.053936794
C11orf1	2.466056119
C11orf16	4.294461207
C11orf21	0.955293971
C11orf24	7.618200035
C11orf40	0.01830882
C11orf42	0.167761377
C11orf44	0
C11orf45	1.443262313
C11orf49	5.275845291
C11orf52	0.199566138
C11orf53	0.18880116
C11orf54	6.318374088
C11orf58	14.37152254
C11orf65	0.166493884
C11orf68	16.47525565
C11orf70	2.655353002
C11orf71	3.092686321
C11orf72	0.039355689
C11orf74	6.441897467
C11orf80	2.27394086
C11orf86	0
C11orf87	0.008140019
C11orf88	6.28633336
C11orf91	0.792889035
C11orf94	0.194698672
C11orf95	3.514887132
C11orf96	63.34143453
C11orf97	4.945769518
C11orf98	1.808919676
C11orf98P1	0
C12orf10	11.11970751
C12orf29	1.762514703
C12orf4	3.828081789
C12orf40	0.005376726
C12orf42	0.00488933
C12orf43	2.784825202
C12orf45	3.540056641
C12orf49	17.80340024
C12orf50	0.004269555
C12orf54	0.238576644
C12orf56	0.034808047
C12orf57	23.12580368
C12orf60	0.235811192
C12orf65	2.340750363
C12orf66	0.932129221
C12orf71	0.300287606
C12orf73	1.430997504
C12orf74	0.288103079
C12orf75	4.659754469
C12orf76	1.517970457
C12orf77	0
C12orf80	0.00750719
C13orf42	0.007617028
C14orf119	12.17918049
C14orf132	11.27952023
C14orf177	0
C14orf178	0.051025433
C14orf180	0.078879897
C14orf28	0.743724739
C14orf37	0.52865901
C14orf39	0.027653506
C14orf93	1.698875541
C15orf32	0
C15orf38-AP3S2	0.116469576
C15orf39	7.624854903
C15orf40	1.011836089
C15orf41	0.473163805
C15orf48	2.522629622
C15orf53	0.005860973
C15orf54	0.003890178
C15orf56	0.337514284
C15orf59	1.304330033
C15orf59-AS1	0.00760252
C15orf61	0.948260637
C15orf62	0.8993107
C15orf65	2.016967378
C16orf45	3.38310059
C16orf46	0.856723322
C16orf54	4.701577497
C16orf58	10.5456685
C16orf70	2.362675724
C16orf71	1.779636183
C16orf72	3.962157827
C16orf74	0.713716589
C16orf78	0.056057904
C16orf82	0
C16orf86	1.673276734
C16orf87	0.860684273
C16orf89	111.4615985
C16orf90	0.049736109
C16orf91	7.71454344
C16orf92	0
C16orf95	0.247962286
C16orf96	0.093962608
C16orf97	0
C17orf100	1.022833284
C17orf102	0.002995739
C17orf107	1.029452087
C17orf112	0
C17orf113	0.770991389
C17orf47	0.050761053
C17orf49	0.678889375
C17orf50	0.292872226
C17orf51	0.641072047
C17orf53	0.306820486
C17orf58	3.389890571
C17orf62	8.148720759
C17orf64	0.141584085
C17orf67	0.56640348
C17orf75	2.215392742
C17orf77	0.008620568
C17orf78	0.043677842
C17orf80	4.288339496
C17orf82	0.774786184
C17orf97	2.346190838
C17orf98	0.018946152
C17orf99	0.030335787
C18orf12	0
C18orf15	0.004725323
C18orf21	4.189224314
C18orf25	3.101027715
C18orf32	1.139296494
C18orf54	0.402951094
C18orf63	0.067728707
C18orf65	0.080749305
C19orf12	4.461850592
C19orf18	0.575797383
C19orf24	8.375771719
C19orf25	3.20492832
C19orf33	40.26901821
C19orf38	2.134656331
C19orf44	1.925693613
C19orf47	3.05796729
C19orf48	5.027154384
C19orf53	39.52225484
C19orf54	5.46367739
C19orf57	0.352358963
C19orf66	5.707012307
C19orf67	0.054427129
C19orf70	16.11383545
C19orf71	3.055671437
C19orf73	0.386257042
C19orf81	0.229231375
C19orf84	0.132400479
C1D	3.658062364
C1DP1	0.119143963
C1DP2	0.140539534
C1DP3	0
C1DP4	0
C1DP5	0.187581749
C1GALT1	3.09743011
C1GALT1C1	11.30315776
C1GALT1C1L	0.342838965
C1GALT1P1	0.329861386
C1GALT1P2	0
C1GALT1P3	0
C1orf100	0.135240302
C1orf105	0.006941431
C1orf109	2.400734737
C1orf112	0.642143432
C1orf115	15.51388451
C1orf116	41.81530844
C1orf122	8.367286682
C1orf123	7.445369194
C1orf127	0.241289034
C1orf131	1.210005665
C1orf137	0.310206433
C1orf141	0
C1orf143	0.011938154
C1orf146	0.078998848
C1orf147	0.062840483
C1orf158	1.706828411
C1orf159	1.306870948
C1orf162	27.60328459
C1orf167	0.012897027
C1orf174	3.681149326
C1orf185	0
C1orf189	6.033394883
C1orf194	9.831258188
C1orf195	0.085681347
C1orf198	50.94446736
C1orf21	6.938156642
C1orf210	7.274422697
C1orf216	4.945984704
C1orf220	0.077668984
C1orf226	2.639867095
C1orf228	1.777563204
C1orf229	0.106058178
C1orf35	2.062368729
C1orf43	65.66668908
C1orf50	2.696275998
C1orf52	4.404459687
C1orf53	2.136108912
C1orf54	8.286943276
C1orf56	1.951998265
C1orf61	0.003889546
C1orf68	0
C1orf74	0.669765093
C1orf87	2.82696131
C1orf94	0
C1QA	479.4105801
C1QB	333.2816837
C1QBP	20.0147316
C1QBPP1	0.015550608
C1QBPP2	0.043541703
C1QC	269.8672347
C1QL1	0.064724153
C1QL1P1	0
C1QL2	0.023443893
C1QL3	0.787697875
C1QL4	0.011563465
C1QTNF1	5.843908306
C1QTNF12	0.33372264
C1QTNF1-AS1	0.136349536
C1QTNF2	1.89976382
C1QTNF3	0.867242112
C1QTNF3-AMACR	0.010491211
C1QTNF4	0.115134311
C1QTNF5	0
C1QTNF6	0.744286984
C1QTNF7	3.849771289
C1QTNF8	0.033978344
C1QTNF9	0.227714136
C1QTNF9-AS1	0
C1QTNF9B	0.088206028
C1R	47.44410502
C1RL	13.77698906
C1RL-AS1	1.110156234
C1S	51.12747346
C2	25.13322105
C20orf141	0
C20orf144	0.063743484
C20orf173	0
C20orf181	0
C20orf187	0.026847463
C20orf194	7.050355533
C20orf196	2.216098717
C20orf197	0.105188594
C20orf202	0.806227292
C20orf203	0.047178756
C20orf204	0.104881474
C20orf24	7.687966466
C20orf27	9.331266398
C20orf78	0
C20orf85	73.90160264
C20orf96	13.11599418
C21orf140	0
C21orf2	4.43568082
C21orf33	0.038526282
C21orf58	1.604038652
C21orf59	6.620858109
C21orf62	0.029048928
C21orf62-AS1	0.331471155
C21orf91	2.246919474
C21orf91-OT1	0
C22orf15	2.956181053
C22orf23	1.354167794
C22orf24	0.109226621
C22orf31	0
C22orf34	0.834940618
C22orf39	3.218122549
C22orf42	0
C22orf46	3.761902044
C2-AS1	0.361418991
C2CD2	2.572412628
C2CD2L	2.705056642
C2CD3	2.573674518
C2CD4A	0.177263391
C2CD4B	2.34322749
C2CD4C	0.162332688
C2CD4D	0.204450227
C2CD5	6.397100096
C2CD6	0.103663115
C2orf15	0.724830303
C2orf16	0.189296482
C2orf27A	0.233319725
C2orf27AP1	0.020433393
C2orf27AP2	0
C2orf27AP3	0
C2orf27B	0
C2orf40	10.55717481
C2orf42	2.305731087
C2orf48	0.03787233
C2orf49	3.219510773
C2orf50	0.868092324
C2orf54	9.978306921
C2orf66	0.114789391
C2orf68	5.654600034
C2orf69	3.676365036
C2orf69P1	0
C2orf69P2	0
C2orf69P3	0
C2orf69P4	0
C2orf70	0.114629134
C2orf71	0.373723471
C2orf72	0.345133857
C2orf73	0.987543778
C2orf74	1.027469228
C2orf76	3.457599375
C2orf78	0
C2orf80	0.008344229
C2orf83	0
C2orf88	0.181696034
C2orf91	0.590098983
C2orf92	0.687015871
C3	118.7274744
C3AR1	26.78931184
C3orf14	1.494718843
C3orf18	2.208253391
C3orf20	0.044576629
C3orf22	0.010950131
C3orf30	0
C3orf33	2.423971091
C3orf35	0.229968792
C3orf36	1.127046177
C3orf38	4.554790129
C3orf49	0.204489022
C3orf52	2.959186985
C3orf56	0
C3orf58	10.58606165
C3orf62	2.930674146
C3orf67	0.163367733
C3orf67-AS1	0
C3orf70	0.860356306
C3orf79	0.103223865
C3orf80	0.269391064
C3orf84	0
C3orf85	0
C3P1	0
C4A	3.281976294
C4A-AS1	0
C4B	1.709605368
C4B-AS1	0
C4BPA	141.68133
C4BPAP1	0.031626963
C4BPAP2	0.025050143
C4BPB	0.350223827
C4orf17	0
C4orf19	4.257891257
C4orf22	0.641749083
C4orf3	50.28838468
C4orf33	1.532804496
C4orf36	0.9202006
C4orf45	0.016653642
C4orf46	1.181345935
C4orf47	2.848857759
C4orf48	2.439141692
C4orf50	0.022289591
C4orf51	0.057789422
C5	7.100436739
C5AR1	34.99677283
C5AR2	0.57387734
C5orf15	31.45762194
C5orf17	0.006035266
C5orf22	5.590913293
C5orf24	12.10119563
C5orf30	1.916237641
C5orf34	0.306209087
C5orf38	6.425511304
C5orf42	1.733719298
C5orf46	0.058314781
C5orf47	0.056440025
C5orf49	11.46187406
C5orf51	5.26923372
C5orf52	0
C5orf56	1.342239207
C5orf58	0.18386852
C5orf60	0.010938461
C5orf63	0.379703028
C5orf64	0.071079703
C5orf64-AS1	0
C5orf66	0.142247142
C5orf66-AS1	0.042611987
C5orf66-AS2	0
C5orf67	0.187337183
C6	1.965762258
C6orf10	0.004839923
C6orf106	34.38010192
C6orf118	3.474589017
C6orf120	7.021854679
C6orf132	4.674600878
C6orf136	3.510781075
C6orf141	0.737172879
C6orf15	0
C6orf163	0.278174714
C6orf201	0.12987733
C6orf203	3.999164267
C6orf222	0.006410047
C6orf223	2.139846263
C6orf226	7.158350617
C6orf229	0.350030742
C6orf47	14.20910906
C6orf47-AS1	0
C6orf48	34.25977717
C6orf52	1.070071828
C6orf58	0.133044092
C6orf62	45.10947808
C6orf89	17.42750728
C6orf99	0.585455959
C7	45.24110483
C7orf25	0.18432833
C7orf26	11.82912191
C7orf31	1.594656712
C7orf33	0
C7orf43	4.583583566
C7orf49	3.848052209
C7orf50	10.03341791
C7orf55-LUC7L2	0
C7orf57	2.71585391
C7orf61	0.191020485
C7orf65	0
C7orf66	0
C7orf69	0.029638535
C7orf71	0.011802827
C7orf77	0.035796617
C8A	0.040658636
C8B	7.665270293
C8G	0.315719867
C8orf17	0.004314944
C8orf31	0.249372505
C8orf33	12.23273079
C8orf34	0.606738845
C8orf34-AS1	4.778142669
C8orf37	1.01279516
C8orf37-AS1	0.298313397
C8orf44	0.726564145
C8orf44-SGK3	0.044348031
C8orf46	0.406141831
C8orf48	0.729210527
C8orf49	0
C8orf58	4.057503882
C8orf59	6.834783022
C8orf59P1	0
C8orf59P2	0
C8orf74	0
C8orf76	1.684218485
C8orf82	4.931631065
C8orf86	0
C8orf87	0.092249371
C8orf88	0.803622034
C8orf89	0.090987601
C9	0.040575969
C9orf106	0.18275055
C9orf116	6.873468931
C9orf129	0.010376056
C9orf131	0.071812587
C9orf135	5.729529791
C9orf135-AS1	0
C9orf139	0.110381271
C9orf147	0.2021217
C9orf152	3.262672735
C9orf153	0.173535773
C9orf16	16.66413279
C9orf163	0.074459189
C9orf170	0.018484051
C9orf24	20.84419083
C9orf3	4.602542835
C9orf40	0.977676828
C9orf41-AS1	0.166536416
C9orf43	0.371245306
C9orf47	0.054534905
C9orf50	0.073913385
C9orf57	0.007660888
C9orf62	0.012446953
C9orf64	7.397622046
C9orf66	0.414451953
C9orf72	4.971705415
C9orf78	10.06480254
C9orf84	0.072500127
C9orf85	1.211121266
C9orf92	0
CA1	0.091247054
CA10	0.008072338
CA11	4.3510227
CA12	0.63856798
CA13	2.746561471
CA14	0.243665413
CA15P1	0.185232659
CA15P2	0
CA2	25.6738124
CA3	2.026762601
CA3-AS1	0.40961069
CA4	10.01288521
CA5A	0.015003093
CA5AP1	0
CA5B	1.56561041
CA5BP1	1.794355566
CA6	0.013494329
CA7	0.019292108
CA8	1.246468774
CA9	0.143400818
CAAP1	5.399012252
CAB39	21.74749654
CAB39L	8.976888344
CAB39P1	0
CABCOCO1	5.287022207
CABIN1	10.36561999
CABLES1	9.798355489
CABLES2	2.053132214
CABP1	0.055188997
CABP2	0
CABP4	0.417475916
CABP5	0
CABP7	0.080830716
CABS1	0
CABYR	0.197410506
CABYRP1	0
CACFD1	12.7427515
CACHD1	5.706742341
CACNA1A	0.11952038
CACNA1B	0.009678867
CACNA1C	1.793932748
CACNA1C-AS1	0.090746255
CACNA1C-AS2	0.412895459
CACNA1C-AS3	0
CACNA1C-AS4	0.016291113
CACNA1C-IT1	0
CACNA1C-IT2	0.040658636
CACNA1C-IT3	0.057752259
CACNA1D	1.699973168
CACNA1E	0.012128267
CACNA1F	0.233326461
CACNA1G	0.028365565
CACNA1G-AS1	0.00758326
CACNA1H	1.990015949
CACNA1I	0.027738066
CACNA1S	0.269841374
CACNA2D1	1.374149082
CACNA2D2	47.44699146
CACNA2D3	0.656388841
CACNA2D3-AS1	0
CACNA2D4	0.510997993
CACNB1	1.812805464
CACNB2	0.388325116
CACNB3	2.204629702
CACNB4	0.807253622
CACNG1	0.104039219
CACNG2	0
CACNG3	0
CACNG4	10.0326267
CACNG5	0
CACNG6	3.243892115
CACNG7	0
CACNG8	0.134154441
CACTIN	3.144373733
CACTIN-AS1	0.087629669
CACUL1	4.822017222
CACYBP	7.851695466
CACYBPP1	0.017505802
CACYBPP2	0.141285762
CACYBPP3	0
CAD	4.400312504
CADM1	19.71351885
CADM2	0.143831451
CADM2-AS1	0
CADM2-AS2	0
CADM3	0.681647793
CADM3-AS1	0.852984301
CADM4	6.919951407
CADPS	0.064622455
CADPS2	8.553911857
CAGE1	0.013637777
CAHM	0.320731294
CALB1	0.018452459
CALB2	1.103883161
CALCA	0.225074592
CALCB	0.006082788
CALCOCO1	22.81620956
CALCOCO2	20.14724704
CALCP	0
CALCR	0.020736709
CALCRL	11.89991056
CALD1	35.85378115
CALHM1	0.019610168
CALHM2	8.294708418
CALHM3	0.036240824
CALHM4	0.018593118
CALHM5	0.826086325
CALHM6	1.514295824
CALM1	77.92947627
CALM1P1	0
CALM1P2	0
CALM2	91.79363361
CALM2P1	0
CALM2P2	2.177085146
CALM2P3	0.160008485
CALM2P4	0
CALM3	52.13100736
CALML3	0.138677881
CALML3-AS1	0.02517126
CALML4	0.848492792
CALML5	0.041818283
CALML6	0.046430726
CALN1	0.060872447
CALR	218.6638973
CALR3	0.049208089
CALR4P	0
CALU	31.45113077
CALY	0.035802563
CAMK1	2.302347582
CAMK1D	4.270560483
CAMK1G	0.536949251
CAMK2A	0.223903472
CAMK2B	0.036689448
CAMK2D	8.10515524
CAMK2G	6.338432485
CAMK2N1	26.50757267
CAMK2N2	0.070331679
CAMK4	0.288373787
CAMKK1	1.666097691
CAMKK2	13.11418171
CAMKMT	1.425115246
CAMKV	0
CAMLG	12.78265594
CAMP	8.213017187
CAMSAP1	6.23776965
CAMSAP2	9.27031801
CAMSAP3	4.085236245
CAMTA1	2.940681541
CAMTA1-DT	0.144264678
CAMTA1-IT1	0.032805393
CAMTA2	9.494943696
CAND1	7.069508054
CAND2	0.946463723
CANT1	12.04438748
CANX	95.09654572
CAP1	110.2929944
CAP1P2	0.101978438
CAP2	3.871703802
CAP2P1	0.06030056
CAPG	95.11657447
CAPN1	26.56213941
CAPN10	2.412736991
CAPN10-AS1	0.218524922
CAPN11	0.317146526
CAPN12	0.315104429
CAPN13	3.436951026
CAPN14	0.026847463
CAPN15	4.232766775
CAPN2	62.76799946
CAPN3	1.440670132
CAPN5	3.23720486
CAPN6	1.030271376
CAPN7	6.669316395
CAPN8	10.48183474
CAPN9	7.226864789
CAPNS1	111.7180194
CAPNS1P1	0
CAPNS2	0.353562056
CAPRIN1	23.6162348
CAPRIN2	2.973516438
CAPS	44.04787031
CAPS2	1.253068891
CAPSL	13.75687636
CAPZA1	33.90401583
CAPZA2	17.8053264
CAPZA3	0
CAPZB	66.69995872
CARD10	3.679897903
CARD11	1.228686359
CARD14	0.081693741
CARD16	9.994858615
CARD17	0.128476055
CARD18	0
CARD19	7.115980515
CARD6	6.39119745
CARD8	3.798657385
CARD8-AS1	2.560203482
CARD9	1.551485966
CARF	1.109214294
CARHSP1	10.82101493
CARM1	6.160344637
CARM1P1	0
CARMIL1	6.321814745
CARMIL2	0.239510471
CARMIL3	0.174264805
CARMN	0.329641616
CARNMT1	3.096088985
CARNS1	0.397020466
CARS	4.508281979
CARS2	3.563572021
CARS-AS1	0.03124032
CARSP1	0
CARSP2	0
CARTPT	0
CASC1	3.082728968
CASC10	0.847407912
CASC11	0.023036707
CASC15	0.492433604
CASC16	0
CASC17	0.017446287
CASC18	0.115757621
CASC19	0.032626617
CASC2	0.625434549
CASC20	0
CASC22	0
CASC23	0
CASC3	16.45013044
CASC4	15.71540256
CASC4P1	0.036506001
CASC6	0
CASC8	0.035788974
CASC9	0.357674545
CASD1	7.098966222
CASK	4.575104425
CASK-AS1	0.069751272
CASKIN1	0.026432601
CASKIN2	21.58522159
CASKP1	0.041147657
CASP1	12.62155989
CASP10	6.362057127
CASP12	0.677139305
CASP14	0
CASP16P	0.08383175
CASP1P1	0
CASP1P2	0.057109547
CASP2	4.256581501
CASP3	8.425972868
CASP3P1	0
CASP4	11.6158714
CASP5	1.068029836
CASP6	5.737398092
CASP7	15.44601184
CASP8	4.972759445
CASP8AP2	1.764368846
CASP9	3.94738716
CASQ1	0.291645368
CASQ2	1.85512185
CASR	0.079856032
CASS4	3.651954034
CAST	26.14111204
CASTOR1	0.64099539
CASTOR2	0.641305713
CASTOR3	2.865375543
CASZ1	2.872020097
CAT	87.35237052
CATIP	2.177939799
CATIP-AS1	0.262654789
CATIP-AS2	0.246193741
CATSPER1	0.904620605
CATSPER2	0.428914014
CATSPER2P1	0.494212195
CATSPER3	0.113605012
CATSPER4	0.011797013
CATSPERB	0.199743216
CATSPERD	1.690596766
CATSPERE	0.414515404
CATSPERG	0.259283971
CATSPERZ	0.011569052
CAV1	293.0424874
CAV2	50.27303268
CAV3	0.146919857
CAVIN1	215.5157895
CAVIN2	102.7929394
CAVIN3	14.78842377
CAVIN4	0.164842393
CBARP	0.247755453
CBFA2T2	3.150177979
CBFA2T3	1.800506286
CBFB	11.43457424
CBL	5.464265344
CBLB	2.382657882
CBLC	1.546985139
CBLL1	4.222893767
CBLL2	0
CBLN1	0.027696149
CBLN2	0.068508311
CBLN3	1.346019856
CBLN4	0.142547242
CBR1	11.49500957
CBR3	2.048583115
CBR3-AS1	0.426074531
CBR4	3.095423118
CBS	0.042348252
CBSL	0.062800533
CBWD1	0.623626578
CBWD2	1.186558079
CBWD3	0.04568362
CBWD4P	0.457021691
CBWD5	0.298689641
CBWD6	0.127885161
CBX1	15.90710853
CBX1P1	0.084126241
CBX1P2	0.026144036
CBX1P3	0.022721002
CBX1P4	0.052402487
CBX1P5	0
CBX2	0.713763892
CBX3	21.27243454
CBX3P1	0.021613661
CBX3P2	0.402204674
CBX3P3	0
CBX3P4	0.036673716
CBX3P5	0
CBX3P6	0
CBX3P7	0.023852527
CBX3P8	0
CBX3P9	0.151843801
CBX4	5.662689178
CBX5	6.282352653
CBX5P1	0
CBX6	9.950472043
CBX7	9.091613785
CBX8	1.115729996
CBY1	9.969807512
CBY3	0.091520777
CC2D1A	7.910565685
CC2D1B	8.309087279
CC2D2A	4.666744919
CC2D2B	0.151173305
CCAR1	9.557040886
CCAR2	12.55855598
CCAT2	0.02050337
CCBE1	3.298894719
CCDC102A	4.071705721
CCDC102B	4.373478005
CCDC103	0.015370948
CCDC105	0
CCDC106	4.318407912
CCDC107	3.947552265
CCDC110	0.233259123
CCDC112	2.027820111
CCDC113	4.202101244
CCDC114	4.579019282
CCDC115	12.19242516
CCDC116	0.09338802
CCDC117	0.595100135
CCDC11P1	0
CCDC12	6.490727035
CCDC120	3.127461823
CCDC121	1.507271678
CCDC122	0.684796633
CCDC124	24.12826746
CCDC125	2.712710671
CCDC126	2.701732004
CCDC127	2.026724663
CCDC129	0.026439897
CCDC13	0.978943039
CCDC130	6.282078927
CCDC134	2.00823248
CCDC136	0.203178195
CCDC137	6.377156907
CCDC138	0.836690332
CCDC13-AS1	0.354128453
CCDC14	3.792507864
CCDC140	0
CCDC141	0.662808682
CCDC142	0.919381679
CCDC144A	0.133078281
CCDC144B	0.29192834
CCDC144CP	0.020581407
CCDC144NL	0.010454571
CCDC144NL-AS1	0.37356439
CCDC146	6.939367317
CCDC148	0.584481303
CCDC148-AS1	0.060246381
CCDC149	2.268554538
CCDC15	0.491570749
CCDC150	0.065539639
CCDC150P1	0.23785761
CCDC151	2.849456091
CCDC152	1.130739065
CCDC153	2.773313473
CCDC154	0.254765283
CCDC155	0.155423131
CCDC157	0.792689065
CCDC158	0.181857198
CCDC159	3.553298665
CCDC160	0.474945112
CCDC162P	0.153626592
CCDC163	0.225841985
CCDC166	0.009071188
CCDC167	8.550071068
CCDC168	0.005578109
CCDC169	0.009484868
CCDC169-SOHLH2	0
CCDC17	9.426392142
CCDC170	6.259873078
CCDC171	0.324176374
CCDC172	0
CCDC173	3.850305551
CCDC174	5.55597517
CCDC175	0.018449874
CCDC177	0.005797128
CCDC178	0.668936777
CCDC179	0
CCDC18	0.737611753
CCDC180	0.247008036
CCDC181	1.23034716
CCDC182	0
CCDC183	0.549412851
CCDC183-AS1	0.943464393
CCDC184	0.572379193
CCDC185	0
CCDC186	4.474756257
CCDC187	1.122481751
CCDC188	0.899171587
CCDC189	0.598504096
CCDC18-AS1	2.682008781
CCDC190	1.176311993
CCDC191	3.030183946
CCDC192	0.100833417
CCDC194	0.013988281
CCDC196	0.008450225
CCDC197	0.004851689
CCDC198	0.008746507
CCDC22	9.499221279
CCDC24	2.958115974
CCDC25	7.336259177
CCDC26	0.011814473
CCDC27	0.005165646
CCDC28A	18.45755035
CCDC28B	1.410701731
CCDC3	14.45784335
CCDC30	0.593200888
CCDC32	1.640743807
CCDC33	2.303183876
CCDC34	1.276624534
CCDC34P1	0
CCDC36	0.058072364
CCDC37-AS1	0
CCDC38	0.01582662
CCDC39	1.426917341
CCDC39-AS1	0.550040947
CCDC40	2.175773781
CCDC42	0.115855129
CCDC43	7.213739224
CCDC47	32.80767027
CCDC50	14.69485156
CCDC51	3.343767913
CCDC54	0.140967771
CCDC57	2.929502773
CCDC58	3.717005052
CCDC58P1	0
CCDC58P2	0
CCDC58P3	0
CCDC58P5	0.110870077
CCDC59	4.860469164
CCDC6	12.26740796
CCDC60	1.93880824
CCDC61	3.544072536
CCDC62	0.082874083
CCDC63	0.005482586
CCDC65	5.328491585
CCDC66	1.5582827
CCDC68	4.514509672
CCDC69	21.76561914
CCDC7	0.170455436
CCDC70	0
CCDC71	12.53199153
CCDC71L	5.282466641
CCDC73	0.050176629
CCDC74A	2.576134878
CCDC74B	0.998053075
CCDC74BP1	0.010662483
CCDC75P1	0
CCDC77	1.981304108
CCDC78	6.300264973
CCDC8	6.003754417
CCDC80	9.741502483
CCDC81	0.772089065
CCDC82	3.842158005
CCDC83	0
CCDC84	4.569106809
CCDC85A	1.356167681
CCDC85B	13.24679171
CCDC85C	1.310692846
CCDC86	7.902584757
CCDC87	0.148233445
CCDC88A	5.58625941
CCDC88B	3.830347561
CCDC88C	4.187901678
CCDC89	1.975874373
CCDC9	11.04964965
CCDC90B	3.659168793
CCDC91	3.705812089
CCDC92	7.941873177
CCDC92B	0
CCDC93	5.129579727
CCDC94	13.57193056
CCDC96	5.588997162
CCDC97	12.91095248
CCDC9B	4.872496291
CCER1	0
CCER2	0.283206441
CCHCR1	3.498489363
CCIN	0.950021184
CCK	0.109115299
CCKAR	0
CCKBR	0.018039877
CCL1	0
CCL11	3.19601749
CCL13	2.814093609
CCL14	3.820388175
CCL15	0.32237607
CCL15-CCL14	0.194419734
CCL16	0.377619413
CCL17	4.789587322
CCL18	49.86724954
CCL19	1.510230237
CCL2	92.54804305
CCL20	1.676177246
CCL21	40.31495173
CCL22	0.993401945
CCL23	4.380720112
CCL24	4.094825466
CCL25	0
CCL26	0.169602951
CCL27	0
CCL28	1.169870467
CCL3	3.302058194
CCL3L1	1.230816347
CCL4	4.820229367
CCL4L2	3.317054928
CCL5	20.21795045
CCL7	0.097123729
CCL8	0.740657833
CCM2	4.77731532
CCM2L	5.48016176
CCNA1	0.548806881
CCNA2	0.616244259
CCNB1	1.7740946
CCNB1IP1	7.604120633
CCNB1IP1P1	0.028543429
CCNB1IP1P2	0
CCNB1IP1P3	0
CCNB2	0.769480291
CCNB2P1	0
CCNB3	0.214769772
CCNB3P1	0.008367553
CCNC	9.118078207
CCND1	50.33281129
CCND2	11.30475113
CCND2-AS1	0.560942659
CCND2-AS1	0.19351868
CCND2P1	0
CCND3	31.45385228
CCND3P1	0.020644773
CCND3P2	0
CCNDBP1	8.21298337
CCNE1	0.258262061
CCNE2	0.27504453
CCNF	0.713617385
CCNG1	16.69626007
CCNG1P1	0
CCNG2	3.812590897
CCNG2P1	0
CCNH	6.19254584
CCNHP1	0.01766072
CCNI	85.53337477
CCNI2	0.159047017
CCNJ	2.765443982
CCNJL	5.367553782
CCNJP1	0
CCNJP2	0
CCNK	1.485820885
CCNL1	15.60909444
CCNL2	13.07172774
CCNL2P1	0.012357036
CCNO	3.177172353
CCNQ	7.585820383
CCNT1	4.858789744
CCNT2	4.397443486
CCNT2-AS1	1.000023727
CCNT2P1	0
CCNY	17.17387723
CCNYL1	9.46826217
CCNYL2	0.015627732
CCNYL3	0
CCP110	3.633984859
CCPG1	3.026866618
CCR1	17.69569245
CCR10	0.388616764
CCR12P	0
CCR2	1.283039733
CCR3	0.073830522
CCR4	0.750549225
CCR5	2.0771835
CCR6	0.068001713
CCR7	1.088542573
CCR8	0.136274298
CCR9	0.149195048
CCRL1P1	0.02274258
CCRL2	5.672085607
CCS	10.51231171
CCSAP	1.87170924
CCSER1	0.150420967
CCSER2	8.197278635
CCT2	24.09477148
CCT3	34.02955303
CCT4	36.64118923
CCT4P1	0
CCT4P2	0.015470243
CCT5	20.52738872
CCT5P1	0.022201425
CCT5P2	0.007373133
CCT6A	31.15503161
CCT6B	0.864755902
CCT6P1	2.161189373
CCT6P2	0.030066462
CCT6P3	0.925538877
CCT6P4	0
CCT7	38.9595783
CCT7P1	0.022297893
CCT7P2	0.008235191
CCT8	34.25536937
CCT8L1P	0
CCT8L2	0.005812606
CCT8P1	3.591467862
CCZ1	0.824827859
CCZ1B	1.160407809
CD101	7.610414025
CD109	2.997561448
CD14	58.54927662
CD151	120.6457883
CD160	0.226151504
CD163	23.58746105
CD163L1	1.071133544
CD164	48.12176462
CD164L2	3.48482958
CD177	0.244171285
CD177P1	0
CD180	0.817559233
CD19	0.079502556
CD1A	0.394181209
CD1B	0.626594757
CD1C	7.117627153
CD1D	2.10992695
CD1E	1.771908156
CD2	5.576916745
CD200	5.172305935
CD200R1	0.285167491
CD200R1L	0.042013924
CD207	1.281323521
CD209	1.126035995
CD22	3.316705623
CD226	0.251981882
CD24	38.65925382
CD244	1.135787683
CD247	1.74830623
CD248	15.06342064
CD24P1	0
CD24P2	0
CD24P4	0.147826769
CD27	1.46065429
CD274	5.217478887
CD276	13.17525419
CD27-AS1	2.43621636
CD28	0.507392311
CD2AP	9.439410357
CD2BP2	19.32718446
CD300A	4.297433152
CD300C	8.761440224
CD300E	1.633974353
CD300LB	0.607502804
CD300LD	0
CD300LF	12.68874938
CD300LG	0.762094505
CD302	10.30202034
CD320	10.17550666
CD33	2.811628039
CD34	26.21830179
CD36	19.37143029
CD37	13.57395061
CD38	3.462057649
CD3D	4.382291953
CD3E	4.168153524
CD3EAP	0.801317191
CD3G	0.758517805
CD4	50.30216273
CD40	13.87881012
CD40LG	0.481067521
CD44	72.28671688
CD44-AS1	1.183117822
CD46	37.31620945
CD46P1	0
CD47	39.07350797
CD48	3.920615157
CD5	2.19330683
CD52	171.3750202
CD53	57.8204508
CD55	120.8762654
CD58	12.92087214
CD59	115.0222981
CD5L	0.409533118
CD6	1.760523034
CD63	278.1207671
CD68	1.816060976
CD69	4.008235153
CD7	1.562964053
CD70	0.554929341
CD72	1.403917725
CD74	1845.187012
CD79A	1.593342423
CD79B	0.765643166
CD80	1.125949535
CD81	119.487054
CD81-AS1	0.155304388
CD82	22.48884921
CD83	35.03635497
CD83P1	0
CD84	2.288703396
CD86	11.66703291
CD8A	3.634366274
CD8B	1.207674915
CD8B2	0
CD9	143.3246622
CD93	109.7667312
CD96	0.953844403
CD99	54.83450346
CD99L2	15.00590509
CD99P1	0.798803831
CDA	1.467215223
CDADC1	2.752493879
CDAN1	2.106694866
CDC123	17.04945653
CDC14A	2.701875136
CDC14B	2.406925573
CDC14C	0
CDC16	16.58429909
CDC20	1.139818376
CDC20B	0.524660088
CDC20P1	0.37518434
CDC23	6.49519069
CDC25A	0.142512618
CDC25B	11.13851062
CDC25C	0.078595132
CDC26	5.492739504
CDC27	9.306847581
CDC27P1	0
CDC27P2	0
CDC34	13.98810804
CDC37	56.76708355
CDC37L1	6.434226575
CDC37L1-AS1	1.152470033
CDC37P1	0.01248589
CDC37P2	0.01163651
CDC40	3.405311202
CDC42	86.53338629
CDC42BPA	6.284735979
CDC42BPB	22.42373079
CDC42BPG	7.460221091
CDC42EP1	46.62075961
CDC42EP2	10.33723882
CDC42EP3	7.23892318
CDC42EP3P1	0.031345467
CDC42EP4	22.04195444
CDC42EP5	9.971676817
CDC42-IT1	0.103820534
CDC42P1	0
CDC42P2	0.021043881
CDC42P3	0.018916222
CDC42P4	0.063804449
CDC42P5	0.043305491
CDC42P6	1.039406971
CDC42SE1	32.4218659
CDC42SE2	11.49890549
CDC45	0.315547303
CDC5L	7.827914201
CDC6	0.465394471
CDC7	1.979390881
CDC73	7.479255614
CDCA2	0.147070235
CDCA3	0.190634556
CDCA4	2.868415806
CDCA4P1	0.383781035
CDCA4P2	0
CDCA4P3	0
CDCA4P4	0.211305323
CDCA5	0.515567043
CDCA7	0.392639022
CDCA7L	6.439608384
CDCA8	0.557718248
CDCP1	6.819659834
CDCP2	0.019170618
CDH1	39.82405777
CDH10	0.199566138
CDH11	11.81736981
CDH12	0.020158196
CDH12P1	0
CDH12P2	0
CDH12P3	0
CDH12P4	0
CDH13	5.481530467
CDH15	0.155237273
CDH16	0.098254663
CDH17	0.104361682
CDH18	0.004934667
CDH18-AS1	0
CDH19	0.600093983
CDH2	0.374942442
CDH20	0.029070086
CDH22	0.063161529
CDH23	0.702829969
CDH23-AS1	0
CDH24	1.185256735
CDH26	1.670689384
CDH3	2.636346774
CDH4	0.22804456
CDH5	45.32945001
CDH6	1.45962664
CDH7	0.01318356
CDH8	0.010620713
CDH9	0
CDHR1	0.136477826
CDHR2	0.069407819
CDHR3	8.03896447
CDHR4	5.443745312
CDHR5	0.102024517
CDIP1	9.087086069
CDIPT	25.4424319
CDIPT-AS1	0.093130865
CDK1	1.486465666
CDK10	5.942022263
CDK11A	1.258272781
CDK11B	8.495830569
CDK12	4.822210363
CDK13	6.342002045
CDK14	4.108011053
CDK15	0.208632895
CDK16	11.19209974
CDK17	9.113530482
CDK18	4.862507404
CDK19	3.504926921
CDK2	7.386099607
CDK20	1.438465199
CDK2AP1	16.72590889
CDK2AP2	26.33205511
CDK2AP2P1	0
CDK2AP2P2	0.09787985
CDK2AP2P3	0
CDK3	0.325415667
CDK4	12.21208699
CDK4P1	0
CDK5	3.407160484
CDK5P1	0
CDK5R1	0.293466044
CDK5R2	0
CDK5RAP1	5.180766668
CDK5RAP2	6.446699007
CDK5RAP3	11.68990711
CDK6	3.075532316
CDK7	6.004309035
CDK7P1	0
CDK8	3.194863222
CDK8P2	0.021890253
CDK9	23.74038783
CDKAL1	3.421505502
CDKL1	1.043754596
CDKL2	4.604641607
CDKL3	0.270266213
CDKL4	0.202067932
CDKL5	2.501657616
CDKN1A	82.42016085
CDKN1B	12.41697532
CDKN1C	8.566063946
CDKN2A	0.279364934
CDKN2A-AS1	0
CDKN2AIP	7.605138654
CDKN2AIPNL	6.780932535
CDKN2AIPNLP1	0
CDKN2AIPNLP2	0
CDKN2AIPNLP3	0
CDKN2B	16.64788792
CDKN2B-AS1	0.229560102
CDKN2C	2.583894306
CDKN2D	5.576698479
CDKN3	0.600002769
CDNF	1.02258933
CDO1	4.8136556
CDON	1.774632472
CDPF1	2.830753604
CDR1	0.004853656
CDR2	6.035510873
CDR2L	8.611369174
CDRT1	0.061500954
CDRT15	0.13833853
CDRT15L2	0
CDRT15P1	0.254765283
CDRT15P2	0
CDRT4	0.276748112
CDRT7	0
CDRT8	0
CDS1	11.62502953
CDS2	7.165452992
CDSN	0.004691994
CDT1	0.570701727
CDV3	51.88262612
CDV3P1	0
CDX1	0.061300179
CDX2	0
CDX4	0
CDY1	0
CDY10P	0
CDY11P	0
CDY12P	0
CDY13P	0
CDY14P	0
CDY15P	0
CDY17P	0
CDY18P	0
CDY19P	0
CDY1B	0
CDY20P	0
CDY22P	0
CDY23P	0
CDY2A	0
CDY2B	0
CDY3P	0
CDY4P	0
CDY5P	0
CDY6P	0
CDY7P	0
CDY8P	0
CDY9P	0
CDYL	5.047512572
CDYL2	1.71276583
CDYLP1	0
CEACAM1	1.25722332
CEACAM16	0.056281872
CEACAM18	0
CEACAM19	2.220810958
CEACAM20	0.010920172
CEACAM21	3.594682473
CEACAM22P	0.075545541
CEACAM3	0.47429355
CEACAM4	0.763735515
CEACAM5	1.646158515
CEACAM6	185.4081894
CEACAM7	0.067802765
CEACAM8	0.357158519
CEACAMP1	0.011569052
CEACAMP10	0
CEACAMP11	0
CEACAMP2	0
CEACAMP3	0.006213787
CEACAMP4	0.02844173
CEACAMP5	0.024919809
CEACAMP6	0
CEACAMP7	0
CEACAMP8	0
CEACAMP9	0
CEBPA	7.677721221
CEBPA-AS1	1.045951736
CEBPB	47.03884073
CEBPB-AS1	0.592367767
CEBPD	56.30184087
CEBPE	0.254273458
CEBPG	10.00047591
CEBPZ	12.52168909
CEBPZOS	7.46015437
CECR2	0.893679389
CECR3	0.01250545
CECR7	0.046751828
CECR9	0
CEL	0.428758283
CELA1	0
CELA2A	0.007882797
CELA2B	0.156146464
CELA3A	0
CELA3B	0
CELF1	10.83861454
CELF2	17.44423501
CELF2-AS1	0.397838493
CELF2-AS2	0.098262342
CELF3	0.008092342
CELF4	0.15581557
CELF5	0.009938553
CELF6	0.013348906
CELP	0.026660659
CELSR1	12.2376462
CELSR2	1.750183237
CELSR3	0.197652904
CELSR3-AS1	0.61091675
CEMIP	4.004939668
CEMP1	0
CEND1	0.152488377
CEND1P1	0
CENPA	0.138881125
CENPB	32.29598494
CENPBD1	2.094571715
CENPBD1P1	6.202655347
CENPC	3.166922071
CENPCP1	0.004644674
CENPE	0.216809464
CENPF	0.368744961
CENPH	1.659493825
CENPI	0.232773279
CENPIP1	0
CENPJ	1.536920226
CENPK	0.286020115
CENPL	0.665220461
CENPM	1.414248225
CENPN	1.503457904
CENPO	1.178300977
CENPP	0.323984235
CENPQ	3.447784296
CENPS	1.328910801
CENPS-CORT	0.197744805
CENPT	4.684525965
CENPU	0.932615208
CENPUP1	0
CENPUP2	0.050480473
CENPV	3.599472662
CENPVL1	0
CENPVL3	0
CENPW	2.75627195
CENPX	13.82754798
CEP104	5.210105305
CEP112	3.211263
CEP120	4.46182045
CEP126	2.45882245
CEP128	0.538828574
CEP131	3.689407279
CEP135	1.171065187
CEP152	0.499892653
CEP162	2.526476689
CEP164	2.77348266
CEP164P1	0.02748214
CEP170	3.225823622
CEP170B	10.26910409
CEP170P1	0.027805288
CEP19	1.224054007
CEP192	2.964164864
CEP250	1.970064991
CEP290	2.279987419
CEP295	0.936983512
CEP295NL	0.082489267
CEP350	3.514072091
CEP41	0.97194395
CEP44	1.944174888
CEP55	0.439277345
CEP57	4.881655858
CEP57L1	0.923365715
CEP57L1P1	0.029909996
CEP63	2.398107927
CEP68	4.528251263
CEP70	4.711025087
CEP72	1.191504774
CEP76	0.805005339
CEP78	1.07603059
CEP83	1.419585268
CEP83-AS1	0.106135094
CEP85	1.718138573
CEP85L	1.026303984
CEP89	3.004839658
CEP95	3.366934676
CEP97	0.964186558
CEPT1	3.669189384
CER1	0
CERCAM	3.859574204
CERK	8.816798048
CERKL	2.751625455
CERNA1	0.285638557
CERNA3	0.02149725
CERS1	0.079762645
CERS2	42.51222856
CERS3	0.025675176
CERS3-AS1	0.108689576
CERS4	10.25708002
CERS5	5.689808321
CERS6	2.907089667
CERS6-AS1	0.011135985
CES1	78.1875261
CES1P1	1.333951321
CES1P2	0
CES2	10.61364662
CES3	0.856496618
CES4A	1.762987499
CES5A	0
CES5AP1	0.023026862
CETN1	0
CETN2	41.52383407
CETN3	3.731745435
CETN4P	0.229777643
CETP	2.188048885
CFAP100	1.825387173
CFAP126	0
CFAP157	4.104196664
CFAP161	1.827255396
CFAP20	15.15526262
CFAP206	0.321471056
CFAP221	3.27656388
CFAP36	10.25900908
CFAP43	5.168607421
CFAP44	2.224440329
CFAP44-AS1	0.023409518
CFAP45	8.247213218
CFAP46	1.162135926
CFAP47	0.520283499
CFAP52	5.578515448
CFAP53	7.523352317
CFAP54	0.515900199
CFAP57	2.985182591
CFAP58	1.933789132
CFAP58-AS1	0.316293502
CFAP61	0.941956534
CFAP65	2.11954834
CFAP69	1.053405243
CFAP70	2.579206959
CFAP73	8.297141421
CFAP74	0.944406251
CFAP77	3.100850665
CFAP97	6.41648897
CFAP97D1	0.025524046
CFAP99	0.087492462
CFB	1.085492824
CFC1	0
CFC1B	0
CFD	82.37737442
CFDP1	13.74280897
CFH	10.48622663
CFHR1	0.049051304
CFHR2	0
CFHR3	0.17132864
CFHR4	0
CFHR5	0
CFI	19.49825549
CFL1	120.7342801
CFL1P1	0.102189711
CFL1P2	0.087529008
CFL1P3	0.04887334
CFL1P4	0.048088226
CFL1P5	0.190820212
CFL1P6	0.024238802
CFL1P7	0
CFL1P8	0
CFL2	7.655734019
CFLAR	13.97822213
CFLAR-AS1	0.544271287
CFP	1.881399303
CFTR	2.533414452
CFTR-AS1	0
CFTRP1	0
CFTRP3	0
CGA	0.005242543
CGAS	1.850129399
CGB1	0
CGB2	0
CGB3	0
CGB5	0
CGB7	0.060117384
CGB8	0
CGGBP1	14.71008464
CGN	32.10312119
CGNL1	20.159336
CGREF1	0.047433398
CGRRF1	2.888549322
CH25H	12.91143202
CHAC1	0.605098496
CHAC2	0.942689405
CHAD	0.724285541
CHADL	1.658571985
CHAF1A	2.654382832
CHAF1B	0.858625707
CHAMP1	6.114733275
CHAT	0.003999321
CHCHD1	13.12049797
CHCHD10	10.41559155
CHCHD2	109.5427701
CHCHD2P1	0
CHCHD2P11	0.104804974
CHCHD2P2	1.007156213
CHCHD2P3	0
CHCHD2P4	0
CHCHD2P5	0.029934921
CHCHD2P6	0.48217322
CHCHD2P7	0.264910803
CHCHD2P8	0
CHCHD2P9	1.83810917
CHCHD3	10.58913604
CHCHD3P1	0
CHCHD3P2	0
CHCHD3P3	0.336767859
CHCHD4	7.500623487
CHCHD4P2	0
CHCHD4P3	0
CHCHD4P4	0.03661764
CHCHD4P5	0
CHCHD5	3.366981777
CHCHD6	5.144082656
CHCHD7	5.952282915
CHD1	6.095400365
CHD1L	11.98815547
CHD2	11.69143048
CHD3	20.30960744
CHD4	31.0339497
CHD5	0.050850017
CHD6	4.937587808
CHD7	1.559676004
CHD8	9.220726846
CHD9	3.570712522
CHDH	1.953988641
CHEK1	0.447334894
CHEK2	1.350034572
CHEK2P2	0
CHEK2P3	0
CHEK2P4	0
CHEK2P5	0
CHERP	6.250438878
CHFR	1.761803009
CHGA	0.084921761
CHGB	0.087131412
CHI3L1	19.59121105
CHI3L2	20.2049359
CHIA	5.36140118
CHIAP1	0.012034139
CHIAP2	2.671667937
CHIAP3	0.09511537
CHIC1	1.823963755
CHIC2	13.00056802
CHID1	9.076524103
CHIT1	4.582017885
CHKA	10.31855252
CHKB	1.264381294
CHKB-AS1	0.55933762
CHKB-CPT1B	0.152595375
CHL1	0.571390782
CHL1-AS1	0.010421208
CHL1-AS2	0.149166083
CHM	2.991760733
CHML	3.237945089
CHMP1A	27.96414294
CHMP1AP1	0
CHMP1B	18.52554035
CHMP1B2P	0.134252554
CHMP1B-AS1	0
CHMP2A	41.80484097
CHMP2B	19.07507894
CHMP3	16.72988249
CHMP4A	1.04207764
CHMP4B	92.68549829
CHMP4BP1	1.710566901
CHMP4C	6.076821
CHMP5	31.20245799
CHMP6	11.44254573
CHMP7	9.677555908
CHN1	5.547384632
CHN2	1.080577628
CHODL	0.286477095
CHODL-AS1	0
CHORDC1	1.843013423
CHORDC2P	0
CHP1	49.55100909
CHP2	0.030161129
CHPF	16.97561696
CHPF2	13.14716092
CHPT1	7.097826982
CHRAC1	11.8832839
CHRD	0.889908218
CHRDL1	34.70007142
CHRDL2	0.339930839
CHRFAM7A	0.042032359
CHRM1	0.117897534
CHRM2	0.194242456
CHRM3	1.274140424
CHRM3-AS1	0.098551179
CHRM3-AS2	0.113949801
CHRM4	0.293207695
CHRM5	0.043227322
CHRNA1	0.153567103
CHRNA10	0.819527982
CHRNA2	0.383525607
CHRNA3	0.075386999
CHRNA4	0.003372949
CHRNA5	0.155334394
CHRNA6	0
CHRNA7	0.093449284
CHRNA9	0.083152558
CHRNB1	1.006820158
CHRNB2	0.022449915
CHRNB3	0.00925703
CHRNB4	0.007219032
CHRND	0.007646212
CHRNE	0.253897094
CHRNG	0.022894777
CHST1	2.864388048
CHST10	3.39444789
CHST11	6.354023539
CHST12	1.760899508
CHST13	0.147248353
CHST14	8.600217303
CHST15	7.446734027
CHST2	1.967786585
CHST3	2.671380303
CHST4	0.237774567
CHST5	0.021626674
CHST6	1.529794982
CHST7	3.787310202
CHST8	0.043156504
CHST9	3.684058119
CHSY1	21.04443791
CHSY3	1.41997034
CHTF18	1.188086443
CHTF8	26.09638437
CHTF8P1	0
CHTOP	13.31292405
CHUK	4.977631166
CHURC1	10.0462569
CHURC1-FNTB	0.028839037
CIAO1	14.60580555
CIAPIN1	10.48959207
CIAPIN1P	0.064307026
CIART	0.803890305
CIB1	85.85869593
CIB2	1.266584718
CIB3	0
CIB4	0.091317203
CIC	11.43921345
CICP1	0
CICP10	0
CICP11	0.004235574
CICP12	0
CICP13	0.004293284
CICP14	1.875863263
CICP16	0.119186318
CICP17	0
CICP18	0
CICP2	0
CICP20	0.004274891
CICP22	0.009078065
CICP23	0.004368467
CICP24	0
CICP26	0
CICP27	0.034552374
CICP3	0.00487738
CICP4	0.004258168
CICP5	0.005405855
CICP6	0
CICP7	0
CICP8	0
CICP9	0.012518524
CIDEA	0.025861703
CIDEB	0.269582776
CIDEC	0.012434027
CIDECP	2.397174961
CIITA	5.403177049
CILP	0.332201403
CILP2	0.178510995
CINP	3.710496167
CIP2A	0.632823833
CIPC	6.809347259
CIR1	13.86736851
CIR1P1	0.010568374
CIR1P2	0
CIR1P3	0
CIRBP	51.43466222
CIRBP-AS1	1.397364511
CISD1	5.553205462
CISD1P1	0
CISD2	7.050265189
CISD3	7.207762371
CISH	13.55972272
CISTR	0
CIT	1.420042046
CITED1	0.449023811
CITED2	52.5532037
CITED4	9.708377038
CIZ1	16.65540994
CKAP2	2.54120946
CKAP2L	0.153718313
CKAP2P1	0
CKAP4	19.04051859
CKAP5	7.595574179
CKB	54.14082035
CKBP1	0
CKLF	5.558974088
CKLF-CMTM1	0.199982769
CKM	0.050584054
CKMT1A	0.127095836
CKMT1B	0.089718495
CKMT2	0.376374735
CKMT2-AS1	1.116008375
CKS1B	3.298218815
CKS1BP1	0.249457673
CKS1BP2	0.049891535
CKS1BP3	0
CKS1BP5	0
CKS1BP6	0.049891535
CKS1BP7	0.101906113
CKS2	10.46989725
CLASP1	5.74321444
CLASP2	3.748530686
CLASRP	7.039654049
CLBA1	2.603335501
CLC	0.263993002
CLCA1	0
CLCA2	0.535313085
CLCA3P	0.006967686
CLCA4	0.066000986
CLCC1	4.1054984
CLCF1	12.22254182
CLCN1	0.0724378
CLCN2	1.275548605
CLCN3	8.968315052
CLCN3P1	0.021359201
CLCN4	3.506296802
CLCN5	2.022911681
CLCN6	4.594220759
CLCN7	7.228035308
CLCNKA	0.082674119
CLCNKB	0.366674769
CLCP1	0.030860743
CLCP2	0
CLDN1	22.49981541
CLDN10	0.333003852
CLDN10-AS1	0
CLDN11	0.77616406
CLDN12	3.639617424
CLDN14	0.096530414
CLDN15	2.537173374
CLDN16	0.651667268
CLDN17	0
CLDN18	291.3809638
CLDN19	0.033242555
CLDN2	1.998002336
CLDN20	0.267408721
CLDN22	0
CLDN23	7.276021312
CLDN24	0.108361704
CLDN25	0.015880595
CLDN3	16.48535354
CLDN34	0.084238973
CLDN4	38.72567759
CLDN5	45.80767461
CLDN6	0.330506313
CLDN7	42.25484642
CLDN8	1.256456055
CLDN9	1.454399077
CLDND1	10.76211182
CLDND2	0.466114683
CLEC10A	2.8613371
CLEC11A	7.678337743
CLEC12A	3.046914397
CLEC12A-AS1	0
CLEC12B	0.097959926
CLEC14A	56.3045885
CLEC16A	4.319019164
CLEC17A	0.064203583
CLEC18A	0.015601262
CLEC18B	0.022858355
CLEC18C	0
CLEC19A	0.410067408
CLEC1A	4.575725976
CLEC1B	0.205547685
CLEC20A	0
CLEC2A	0
CLEC2B	9.931403583
CLEC2D	1.321835225
CLEC2L	0.01895365
CLEC3A	0
CLEC3B	60.20576281
CLEC4A	6.150562955
CLEC4C	0.02316048
CLEC4D	0.196294562
CLEC4E	1.78966826
CLEC4F	0.59506994
CLEC4G	0.095573293
CLEC4GP1	0.027526364
CLEC4M	0.017669407
CLEC5A	3.303063672
CLEC6A	0.185091068
CLEC7A	11.57959894
CLEC9A	0.406963884
CLECL1	0.243514753
CLGN	0.356117382
CLHC1	0.89028823
CLIC1	172.3647188
CLIC1P1	0.01653863
CLIC2	18.51748901
CLIC3	44.05036768
CLIC4	73.48207246
CLIC4P1	0.022381249
CLIC4P2	0
CLIC4P3	0.01592283
CLIC5	41.21217101
CLIC6	14.51766105
CLINT1	17.92898678
CLIP1	6.924368095
CLIP1-AS1	0.052952873
CLIP2	4.841968318
CLIP3	3.856938359
CLIP4	6.856348154
CLK1	14.29001633
CLK2	8.734145274
CLK2P1	0
CLK3	2.630489246
CLK3P2	0
CLK4	2.620250005
CLLU1	0.001758292
CLLU1OS	0
CLMAT3	0.131161679
CLMN	2.836963384
CLMP	2.69925242
CLN3	4.898804831
CLN5	4.675117772
CLN6	9.04070033
CLN8	3.876666351
CLNK	0.102259156
CLNS1A	8.401595357
CLNS1AP1	0
CLOCK	3.138560133
CLP1	3.734094663
CLPB	2.471175448
CLPP	11.53730777
CLPS	0
CLPSL1	0
CLPSL2	0
CLPTM1	21.84808407
CLPTM1L	19.4921668
CLPTM1LP1	0
CLPX	7.244459125
CLRN1	0
CLRN1-AS1	0
CLRN2	0.014549172
CLRN3	0.093546627
CLSPN	0.212437804
CLSTN1	32.90418058
CLSTN2	0.410695005
CLSTN2-AS1	0
CLSTN3	7.904737707
CLTA	43.28720471
CLTB	30.7071507
CLTC	35.10549799
CLTCL1	0.567181701
CLTRN	0.819511139
CLU	59.95490448
CLUAP1	3.342822391
CLUH	9.325812417
CLUHP1	0
CLUHP11	0
CLUHP2	0
CLUHP3	2.511940745
CLUHP4	0
CLUHP5	0
CLUHP6	0
CLUHP8	0
CLUL1	0.834379487
CLVS1	0.050208713
CLVS2	0
CLYBL	1.005700673
CLYBL-AS1	0
CLYBL-AS2	0
CMA1	0.332255257
CMAHP	17.02032781
CMAS	11.04832953
CMBL	5.306153825
CMC1	1.063746615
CMC2	1.370621675
CMC4	0
CMIP	8.424626069
CMKLR1	4.949520818
CMPK1	38.27059693
CMPK2	3.378985942
CMSS1	2.552647005
CMTM1	0.425014575
CMTM2	0.58257361
CMTM3	13.68507601
CMTM4	7.834636648
CMTM5	0.087462029
CMTM6	32.32672975
CMTM7	8.255047198
CMTM8	7.863653802
CMTR1	11.48356687
CMTR2	3.905516172
CMYA5	0.336105465
CNBD1	0.004633889
CNBD2	0.05741763
CNBP	169.9905817
CNDP1	0.02335733
CNDP2	18.23382311
CNEP1R1	3.017852711
CNFN	0.655291798
CNGA1	0.013375
CNGA2	0
CNGA3	0.087521011
CNGA4	1.840023741
CNGB1	0.024610787
CNGB3	0.004765759
CNIH1	13.51685908
CNIH2	0.636605371
CNIH3	0.459383375
CNIH4	7.97873094
CNKSR1	5.985503326
CNKSR2	1.250911773
CNKSR3	1.553817857
CNMD	0.02942007
CNN1	12.57536263
CNN2	69.79066026
CNN2P1	0.182609538
CNN2P10	0
CNN2P11	0
CNN2P12	0.033777062
CNN2P2	0
CNN2P3	0
CNN2P4	0
CNN2P6	0.013304409
CNN2P7	0.012847605
CNN2P8	0.013114971
CNN2P9	0.158072189
CNN3	93.04085591
CNN3P1	0
CNNM1	0.093356996
CNNM2	1.014457129
CNNM3	8.107374374
CNNM3-DT	1.413793848
CNNM4	7.221909581
CNOT1	14.93435874
CNOT10	5.586698791
CNOT10-AS1	0.077085633
CNOT11	12.48971712
CNOT2	3.792512508
CNOT3	6.143025981
CNOT4	3.151314419
CNOT4P1	0
CNOT6	6.694222791
CNOT6L	4.417853578
CNOT6LP1	0.024570386
CNOT7	5.909842166
CNOT7P1	0
CNOT7P2	0
CNOT8	21.05041909
CNOT9	8.924443763
CNP	8.865186876
CNPPD1	31.57483381
CNPY1	0.00484188
CNPY2	4.690749424
CNPY3	42.79015076
CNPY4	5.19597655
CNR1	1.778106981
CNR2	0.013674117
CNRIP1	5.716996141
CNST	6.88675043
CNTD1	1.006692421
CNTD2	0.076342123
CNTF	0.474153972
CNTFR	1.281912287
CNTFR-AS1	0.020260522
CNTLN	1.164496556
CNTN1	1.460785776
CNTN2	0.011886012
CNTN3	0.618737059
CNTN4	1.261730651
CNTN4-AS1	0.057622562
CNTN4-AS2	0
CNTN5	0.071030901
CNTN6	3.736375152
CNTNAP1	2.719645738
CNTNAP2	0.076049688
CNTNAP3	0.187388014
CNTNAP3B	0.242740053
CNTNAP3P1	0.039648902
CNTNAP3P2	0.145759262
CNTNAP3P5	0
CNTNAP4	0
CNTNAP5	0.002198672
CNTRL	4.552066107
CNTROB	10.42007989
COA1	2.850655399
COA3	19.34400187
COA4	10.64648918
COA5	6.485899499
COA6	7.801654767
COA7	4.024863296
COASY	12.54118754
COBL	5.441190855
COBLL1	4.028266552
COCH	0.132272503
COG1	6.533097998
COG2	2.352537748
COG3	5.391868374
COG4	13.4100439
COG5	3.95691075
COG6	2.824315714
COG7	6.335753895
COG8	2.21638957
COG8	0
COIL	5.852622792
COL10A1	3.432788608
COL11A1	0.046360192
COL11A2	0.190091188
COL11A2P1	0
COL12A1	13.53775072
COL13A1	3.429447614
COL14A1	9.755592311
COL15A1	13.34360454
COL16A1	7.261374026
COL17A1	0.504971275
COL18A1	21.6528675
COL18A1-AS1	0.034656927
COL18A1-AS2	0.086767886
COL19A1	0.015475696
COL1A1	52.83838199
COL1A2	93.06336464
COL20A1	0.005455608
COL21A1	4.946578599
COL22A1	0.025997121
COL23A1	0.390673255
COL24A1	0.12890037
COL25A1	0.064792253
COL26A1	0.345257008
COL27A1	1.578495679
COL28A1	0.843007891
COL2A1	0.012707365
COL3A1	77.00012301
COL4A1	126.6830638
COL4A2	138.4859716
COL4A2-AS1	0.753916523
COL4A2-AS2	0.070805332
COL4A3	13.55142445
COL4A3BP	8.556768198
COL4A4	9.354095503
COL4A5	5.886949856
COL4A6	0.825612984
COL5A1	15.37599219
COL5A1-AS1	0.178184052
COL5A2	9.58954896
COL5A3	3.265788985
COL6A1	56.74580787
COL6A2	92.78825012
COL6A3	24.97926042
COL6A4P1	0.007867259
COL6A4P2	0.0282553
COL6A5	1.854928326
COL6A6	11.76701083
COL7A1	0.514823314
COL8A1	20.6031674
COL8A2	6.730549636
COL9A1	0.008481349
COL9A2	2.601907832
COL9A3	0.076835648
COLCA1	2.62157648
COLCA2	1.742826141
COLEC10	0.308311759
COLEC11	0.314650715
COLEC12	15.93973356
COLGALT1	30.9172749
COLGALT2	2.295275861
COLQ	0.550659141
COMMD1	8.404804676
COMMD10	7.337943239
COMMD2	8.895576127
COMMD3	4.624254869
COMMD3-BMI1	0.006288849
COMMD4	4.543007299
COMMD5	7.479112188
COMMD6	15.80960606
COMMD7	16.73297196
COMMD8	7.187093094
COMMD9	5.812605974
COMP	1.432551513
COMT	29.04868577
COMTD1	3.539141265
COP1	10.35849922
COPA	38.15453508
COPB1	26.54762492
COPB2	16.22936171
COPE	28.21872115
COPG1	39.97817124
COPG2	8.363552155
COPRS	19.24029404
COPS2	7.831708697
COPS3	15.40553239
COPS4	9.976068378
COPS5	5.739931586
COPS5P1	0
COPS6	23.32087094
COPS7A	20.82847362
COPS7B	4.147264657
COPS8	9.242398897
COPS8P2	0.019097238
COPS8P3	0
COPS9	10.6409174
COPZ1	34.78620426
COPZ2	5.065163254
COQ10A	2.3113488
COQ10B	15.24679432
COQ10BP2	0.033077261
COQ2	4.437361001
COQ3	2.513055076
COQ4	8.94441006
COQ5	7.707381898
COQ6	1.336012617
COQ7	5.242970588
COQ8A	5.421073249
COQ8B	7.437911435
COQ9	7.166658181
CORIN	0.359682006
CORO1A	6.983790588
CORO1B	16.26724397
CORO1C	47.41559464
CORO2A	7.644741003
CORO2B	3.827596672
CORO6	0.47940211
CORO7	1.971830559
CORO7-PAM16	0.025109239
CORT	0.095367889
COTL1	34.80985935
COTL1P1	0
COTL1P2	0
COX10	3.136938103
COX10-AS1	0.376504889
COX11	5.138028323
COX11P1	0.014340082
COX14	29.04775349
COX15	8.341931475
COX16	9.994375048
COX17	10.86588008
COX17P1	0.37418651
COX18	1.956755142
COX19	2.339914774
COX20	1.058553941
COX20P1	2.347836923
COX20P2	0
COX4I1	38.79045993
COX4I1P1	0
COX4I1P2	0.021890253
COX4I2	31.70596225
COX5A	32.94326362
COX5AP2	0.030390783
COX5B	34.76688646
COX5BP1	0
COX5BP2	0
COX5BP3	0
COX5BP6	0.737732644
COX5BP7	0
COX5BP8	0
COX6A1	44.69746949
COX6A1P2	1.451390098
COX6A1P3	0
COX6A2	0.022133028
COX6B1	88.29522355
COX6B1P1	0
COX6B1P2	0
COX6B1P3	0
COX6B1P4	0.074218812
COX6B1P5	0.144264678
COX6B1P6	0
COX6B1P7	0
COX6B2	0.056495788
COX6C	18.66001975
COX6CP1	4.065579936
COX6CP10	0.053455216
COX6CP11	0
COX6CP12	0
COX6CP13	0
COX6CP14	0.06881591
COX6CP15	0
COX6CP16	0
COX6CP17	0
COX6CP18	0
COX6CP2	0.106435274
COX6CP3	0
COX6CP4	0.052517405
COX6CP5	0
COX6CP6	0
COX6CP7	0
COX6CP8	0
COX7A1	16.40171802
COX7A2	34.59492508
COX7A2L	12.77721756
COX7A2P1	0.152050391
COX7A2P2	0.047895873
COX7B	19.53689141
COX7B2	0
COX7BP2	0
COX7C	63.97932187
COX7CP1	0.498915346
COX8A	147.1829793
COX8C	0
CP	3.981475755
CPA1	0.024595621
CPA2	0.058920566
CPA3	36.1746023
CPA4	0.003025257
CPA5	0.004038438
CPA6	1.904835877
CPAMD8	5.986397136
CPB1	0.023095503
CPB2	38.27332937
CPB2-AS1	0.078736261
CPD	11.47998956
CPDP1	0
CPE	20.7540688
CPEB1	0.21426334
CPEB1-AS1	0.028657284
CPEB2	3.979087977
CPEB2-AS1	0.019381626
CPEB3	1.259622801
CPEB4	5.724703889
CPED1	6.295463414
CPHL1P	0.042611987
CPLX1	1.337043607
CPLX2	0.030360816
CPLX3	0
CPLX4	0.006755412
CPM	40.21409979
CPN1	0
CPN2	0.027680904
CPNE1	25.49778229
CPNE2	10.07807717
CPNE3	17.14747
CPNE4	0.050302963
CPNE5	1.01868528
CPNE6	0.005990978
CPNE7	0.125710953
CPNE8	2.948398916
CPNE9	0.128200945
CPO	0.148560401
CPOX	2.825281665
CPPED1	5.996217626
CPQ	14.74838214
CPS1	0.302674036
CPS1-IT1	0
CPSF1	9.406427671
CPSF1P1	0.176559854
CPSF2	4.192430242
CPSF3	7.897926561
CPSF4	3.637268961
CPSF4L	0.054854567
CPSF6	8.000409421
CPSF7	15.612182
CPT1A	17.64632801
CPT1B	0.227686379
CPT1C	0.471689406
CPT2	6.918214561
CPTP	7.893637165
CPVL	26.03083349
CPXCR1	0
CPXM1	2.644188735
CPXM2	5.749180502
CPZ	0.170213068
CR1	0.709142999
CR1L	0.073539545
CR2	0.029414047
CR381572.1	0
CR381572.2	0
CR381653.1	0.076429585
CR381653.2	0.37418651
CR381670.1	0.877006539
CR382285.1	0.012902983
CR382285.2	0
CR382287.1	0
CR382287.2	0
CR383656.1	0.010624639
CR383656.10	0
CR383656.11	0
CR383656.12	0
CR383656.13	0
CR383656.2	0
CR383656.3	0
CR383656.4	0
CR383656.5	0
CR383656.6	0
CR383656.7	0
CR383656.8	0
CR383656.9	0
CR383658.1	0
CR383658.2	0
CR391992.1	0
CR392000.1	0
CR392039.1	0.058695923
CR392039.2	0.376391931
CR392039.3	0
CR392039.4	0.2629015
CR392039.5	0
CR545473.1	0.086454645
CR559946.1	0.045099692
CR559946.2	0.072496276
CR589904.1	0.019661689
CR589904.2	0
CR769767.1	0
CR769767.2	0
CR769775.1	0.024688594
CR769775.2	0
CR769775.3	0
CR769776.1	0
CR769776.2	0
CR786580.1	0.033284137
CR788268.1	0.006619109
CR848007.1	0.028190626
CR848007.2	0
CR848007.3	0
CR936218.1	1.221029663
CR936218.2	0
CRABP1	0.036175131
CRABP2	1.186511405
CRACR2A	0.307369634
CRACR2B	4.862416468
CRADD	2.072202186
CRAMP1	1.986365935
CRAT	7.726562772
CRB1	0.034827201
CRB2	0.024517497
CRB3	13.16233953
CRB3P1	0.173535773
CRBN	5.075103696
CRCP	12.28853866
CRCT1	0.051317007
CREB1	5.748755332
CREB3	22.40210416
CREB3L1	14.07986811
CREB3L2	14.031398
CREB3L3	0.017884941
CREB3L4	3.282120789
CREB5	3.124268242
CREBBP	8.205680696
CREBL2	22.33288581
CREBRF	2.311685602
CREBZF	7.927637151
CREG1	49.58416712
CREG2	0.05693915
CRELD1	11.6887229
CRELD2	4.606442405
CREM	5.269470523
CRH	0.038800934
CRHBP	0.205048333
CRHR1	0.007290087
CRHR2	0.060110283
CRIM1	32.50725599
CRIP1	5.266618655
CRIP1P1	0.258896612
CRIP1P2	0.052517405
CRIP1P3	0
CRIP1P4	0.156864214
CRIP2	46.68040528
CRIP3	0.058576282
CRIPAK	2.886918902
CRIPT	4.41367672
CRISP1	0
CRISP2	1.569709943
CRISP3	0.106577377
CRISPLD1	1.705295508
CRISPLD2	16.14117987
CRK	26.2607569
CRKL	17.80692113
CRLF1	1.78141543
CRLF2	0.285945512
CRLF3	4.487560572
CRLS1	19.11821308
CRMP1	3.290116656
CRNDE	5.747504787
CRNKL1	6.087925204
CRNN	0
CROCC	5.276320833
CROCC2	0.867301485
CROCCP1	0.004219901
CROCCP2	3.517386348
CROCCP3	0.587010922
CROCCP4	0
CROCCP5	0.014426468
CROT	3.083074386
CRP	0.017827248
CRPP1	0
CRTAC1	45.36155739
CRTAM	1.056394961
CRTAP	30.03954767
CRTC1	3.620556676
CRTC2	14.45031225
CRTC3	6.657987
CRTC3-AS1	0.162655787
CRX	0
CRY1	10.48609275
CRY2	18.23905753
CRYAA	0.006575491
CRYAA2	0
CRYAB	11.85951706
CRYBA1	0.135725082
CRYBA2	0.008235191
CRYBA4	0.059057797
CRYBB1	0.521552158
CRYBB2	0.148661006
CRYBB2P1	1.458833124
CRYBB3	0.179540471
CRYBG1	8.994305572
CRYBG2	0.817843858
CRYBG3	2.734653206
CRYGA	0
CRYGB	0
CRYGC	0
CRYGD	0
CRYGEP	0
CRYGFP	0
CRYGGP	0
CRYGN	0.048495453
CRYGS	0.873971652
CRYL1	13.1353778
CRYM	4.508442852
CRYM-AS1	0.076176339
CRYZ	10.62561447
CRYZL1	3.128700801
CRYZL2P	3.961911512
CRYZL2P-SEC16B	0.117586476
CRYZP1	0.34139086
CRYZP2	0
CS	20.51958861
CSAD	3.054862073
CSAG1	0
CSAG2	0
CSAG3	0
CSAG4	0
CSDC2	3.349026828
CSDE1	96.53778808
CSE1L	15.63233073
CSE1L-AS1	0.021535914
CSF1	13.99615011
CSF1R	25.39615681
CSF2	0.471655677
CSF2RA	4.830230034
CSF2RB	8.15666721
CSF2RBP1	0
CSF3	2.30849479
CSF3R	13.97128702
CSGALNACT1	4.471130718
CSGALNACT2	16.31413054
CSH1	0
CSH2	0
CSHL1	0
CSK	12.51633405
CSKMT	0.43986006
CSMD1	0.165798332
CSMD2	0.057373754
CSMD2-AS1	0
CSMD3	0.006986319
CSN1S1	0
CSN1S2AP	0
CSN2	0
CSN3	0.014322929
CSNK1A1	14.98871823
CSNK1A1L	0.014930135
CSNK1A1P1	0.045545714
CSNK1A1P3	0
CSNK1D	18.36066403
CSNK1E	15.97184399
CSNK1G1	2.428317334
CSNK1G2	13.16381058
CSNK1G2-AS1	0.106751575
CSNK1G2P1	0.025076373
CSNK1G3	5.816953803
CSNK2A1	11.33834009
CSNK2A2	9.551429026
CSNK2A3	0.1099305
CSNK2B	11.30852104
CSPG4	6.772730686
CSPG4P10	0.780693392
CSPG4P11	0.031702971
CSPG4P12	0.062500052
CSPG4P13	0.057160911
CSPG4P1Y	0
CSPG4P2Y	0
CSPG4P3Y	0
CSPG4P4Y	0
CSPG4P5	0
CSPG5	0.688379763
CSPP1	3.588440103
CSRNP1	66.80684495
CSRNP2	5.897694523
CSRNP3	0.188686488
CSRP1	48.64090982
CSRP2	2.829877066
CSRP3	0.008167782
CST1	0.013731615
CST11	0
CST12P	0.033077261
CST13P	0
CST2	0.448223413
CST2P1	0
CST3	91.426676
CST4	0
CST5	7.950968372
CST6	30.87359153
CST7	12.02546924
CST8	0
CST9	0
CST9L	0
CST9LP1	0
CST9LP2	0
CSTA	16.4478545
CSTB	66.7753108
CSTF1	5.310953859
CSTF2	4.801632466
CSTF2T	9.430411579
CSTF3	4.798070098
CSTF3-AS1	0.058069681
CSTL1	0.011159337
CSTP1	0.20004243
CSTP2	0
CT45A1	0.22592393
CT45A10	0.212975721
CT45A11P	0.04223622
CT45A2	0
CT45A3	0
CT45A5	0
CT45A6	0
CT45A7	0
CT45A8	0
CT45A9	0
CT47A1	0
CT47A10	0
CT47A11	0
CT47A12	0
CT47A2	0
CT47A3	0
CT47A4	0
CT47A5	0
CT47A6	0
CT47A7	0
CT47A8	0
CT47A9	0
CT47B1	0
CT55	0.013826753
CT62	0.079854474
CT83	0.065550921
CTAG1A	0
CTAG1B	0
CTAG2	0.012058377
CTAGE1	0.019424746
CTAGE10P	0
CTAGE11P	0.020355237
CTAGE12P	0.00506513
CTAGE13P	0
CTAGE14P	0.004982925
CTAGE15	0.097198815
CTAGE16P	0
CTAGE3P	0.019923408
CTAGE4	0.069400898
CTAGE5	0.533980592
CTAGE6	0
CTAGE7P	0.122885553
CTAGE8	0.041640539
CTAGE9	0.035911644
CTBP1	13.32875529
CTBP1-AS	0.61009926
CTBP1-AS2	2.267704228
CTBP2	5.59973906
CTBP2P1	0
CTBP2P2	0
CTBP2P3	0
CTBP2P4	0.078091098
CTBP2P5	0
CTBP2P6	0
CTBP2P7	0.009625376
CTBP2P8	0.261086527
CTBS	4.077602984
CTC1	4.01994466
CTCF	13.79191792
CTCFL	0.022799895
CTDNEP1	33.39180171
CTDP1	4.392339014
CTDSP1	33.87009313
CTDSP2	57.71795968
CTDSPL	16.42598723
CTDSPL2	3.761300339
CTF1	7.757174179
CTF2P	0.039648902
CTGF	382.0509853
CTH	0.729152171
CTHRC1	4.463269717
CTHRC1P1	0.051061699
CTIF	8.681866155
CTLA4	0.304997306
CTNNA1	59.36267685
CTNNA1P1	0.030724992
CTNNA2	0.003178226
CTNNA3	0.01505348
CTNNAL1	33.23340293
CTNNB1	94.39230927
CTNNBIP1	20.50170015
CTNNBL1	12.44161123
CTNND1	47.31432308
CTNND2	1.0258915
CTNS	6.01165095
CTPS1	4.816332546
CTPS2	4.111569516
CTR9	12.93843033
CTRB1	0.011785402
CTRB2	0.04593594
CTRC	0.037783606
CTRL	0.017641206
CTSA	25.05413826
CTSB	159.1499654
CTSC	40.46888859
CTSD	594.0589517
CTSE	32.19657071
CTSF	22.01291687
CTSG	1.42920728
CTSH	165.6561528
CTSK	28.73244753
CTSL	62.9873244
CTSL3P	0
CTSLP1	0
CTSLP2	0
CTSLP4	0
CTSLP6	0.011950068
CTSLP8	0.272417066
CTSO	26.57053563
CTSS	107.4881724
CTSV	0.112096725
CTSW	9.50812492
CTSZ	213.1166596
CTTN	28.88295535
CTTNBP2	0.495298476
CTTNBP2NL	7.850032706
CTU1	0.946672147
CTU2	2.478191062
CTXN1	6.419325238
CTXN2	0.004234076
CTXN3	0.005688346
CTXND1	2.035053249
CU104787.1	0
CU633904.1	0
CU633904.2	0
CU633904.3	0
CU633906.1	0.020802586
CU633906.2	0.003516584
CU633906.3	0
CU633906.4	0
CU633967.1	0.006837579
CU633980.1	0
CU634019.1	0.003915621
CU634019.2	0
CU634019.3	0
CU634019.4	0
CU634019.5	0
CU634019.6	0.013393701
CU634019.7	0
CU638689.1	0
CU638689.2	0
CU638689.3	0
CU638689.4	0.027169976
CU638689.5	0.011602682
CU639417.1	0
CU639417.2	0
CU639417.3	0
CU639417.4	0.003013835
CUBN	0.330084333
CUBNP1	0
CUBNP2	0
CUBNP3	0.006711866
CUEDC1	9.260126466
CUEDC2	26.89902795
CUL1	23.18184563
CUL1P1	0
CUL2	6.472038047
CUL3	6.439195298
CUL4A	9.829944752
CUL4AP1	0
CUL4B	7.358770736
CUL5	6.2143155
CUL7	8.410287262
CUL9	2.998623358
CUTA	38.13032338
CUTALP	2.401129976
CUTC	8.247849708
CUX1	9.665068413
CUX2	0.017221973
CUX2P1	0
CUZD1	0.190117857
CWC15	14.42693861
CWC22	10.25928452
CWC25	9.142286612
CWC27	5.529155953
CWF19L1	5.150158513
CWF19L2	6.088968524
CWH43	0.244210953
CX3CL1	24.62238544
CX3CR1	1.975459067
CXADR	8.563842342
CXADRP1	0
CXADRP2	0
CXADRP3	0
CXCL1	6.476660326
CXCL10	5.722253561
CXCL11	1.035484681
CXCL12	9.733652037
CXCL13	0.066940424
CXCL14	0.527460882
CXCL16	120.0611031
CXCL17	118.8232565
CXCL1P1	0
CXCL2	25.61630953
CXCL3	2.676470608
CXCL5	8.534636984
CXCL6	1.952694786
CXCL8	2.627533063
CXCL9	4.29140032
CXCR1	0.59677334
CXCR2	1.108083108
CXCR2P1	0.076541547
CXCR3	1.089708036
CXCR4	17.95556848
CXCR5	0.01080927
CXCR6	0.590914859
CXorf21	2.846641522
CXorf36	14.43290823
CXorf38	5.082447245
CXorf40A	1.800179933
CXorf40B	4.328572839
CXorf49	0
CXorf49B	0
CXorf51A	0
CXorf51B	0
CXorf56	8.288956354
CXorf57	1.601299285
CXorf58	0.111964379
CXorf65	0.573221887
CXorf66	0
CXorf67	0.049658759
CXXC1	9.736646605
CXXC1P1	0
CXXC4	0.633782821
CXXC4-AS1	0.008068712
CXXC5	11.11912893
CXXC5-AS1	0.103760557
CYB561	17.22720929
CYB561A3	3.534450586
CYB561D1	2.615754412
CYB561D2	7.7721731
CYB5A	26.29952987
CYB5AP4	0
CYB5AP5	0
CYB5B	10.47527084
CYB5D1	0.703997132
CYB5D2	10.28378396
CYB5R1	16.09998936
CYB5R2	1.078158617
CYB5R3	62.72651403
CYB5R4	2.773834692
CYB5RL	0.587090899
CYBA	38.12622795
CYBB	79.17221413
CYBRD1	76.10502498
CYC1	27.41584034
CYCS	15.70290436
CYCSP1	0
CYCSP10	0.081455567
CYCSP11	0
CYCSP12	0
CYCSP17	0
CYCSP19	0
CYCSP2	0.079561251
CYCSP20	0
CYCSP22	0
CYCSP23	0.07651098
CYCSP24	0.189461524
CYCSP25	0
CYCSP26	0
CYCSP27	0
CYCSP28	0
CYCSP29	0.037653988
CYCSP30	0
CYCSP32	0
CYCSP33	0.03661764
CYCSP34	1.260417716
CYCSP35	0
CYCSP38	0.074372474
CYCSP39	0
CYCSP4	0.072350262
CYCSP40	0.325822267
CYCSP41	0
CYCSP42	0
CYCSP43	0
CYCSP44	0
CYCSP45	0
CYCSP46	0
CYCSP48	0
CYCSP49	0
CYCSP5	0
CYCSP51	0
CYCSP52	0.154502817
CYCSP53	0
CYCSP55	0
CYCSP6	0.039648902
CYCSP8	0
CYCTP	0
CYFIP1	15.25203472
CYFIP2	4.907493909
CYGB	11.66944215
CYHR1	3.572492843
CYLC1	0
CYLC2	0
CYLD	5.217928909
CYMP	0
CYMP-AS1	0.025465692
CYP11A1	0.459613793
CYP11B1	0
CYP11B2	0
CYP17A1	0.339486402
CYP17A1-AS1	0.146321405
CYP19A1	0.018449874
CYP1A1	0.020915228
CYP1A2	0.223853513
CYP1B1	5.051206783
CYP1B1-AS1	0.154357588
CYP1D1P	0
CYP20A1	2.501631915
CYP21A1P	0.164026963
CYP21A2	0.053510343
CYP24A1	0.617991818
CYP26A1	0.149070265
CYP26B1	0.510952985
CYP26C1	0.038413281
CYP27A1	63.87186848
CYP27B1	0.452504616
CYP27C1	0.045325643
CYP2A13	0.764295849
CYP2A6	0.517010721
CYP2A7	0.203970037
CYP2A7P1	0
CYP2A7P2	0.112080827
CYP2AB1P	0
CYP2AC1P	0.03062396
CYP2B6	0.016681483
CYP2B7P	44.34846726
CYP2C18	0.836890258
CYP2C19	0.012774504
CYP2C56P	0
CYP2C58P	0
CYP2C59P	0
CYP2C60P	0
CYP2C61P	0
CYP2C8	0.400529473
CYP2C9	0.193255747
CYP2D6	0.441120404
CYP2D7	0.190735778
CYP2D8P	0.184833068
CYP2E1	0.130679417
CYP2F1	2.079647134
CYP2F2P	0.498915346
CYP2G1P	0.376719831
CYP2G2P	0.024189835
CYP2J2	1.718004148
CYP2R1	2.553350637
CYP2S1	5.128724768
CYP2T1P	1.08091854
CYP2T3P	0.16121622
CYP2U1	2.15476431
CYP2W1	0.224538894
CYP39A1	2.116902143
CYP3A137P	0
CYP3A4	0.015248607
CYP3A43	0.027244524
CYP3A5	0.380690717
CYP3A52P	0
CYP3A54P	0
CYP3A7	0.151496854
CYP46A1	0.266315805
CYP46A4P	0
CYP4A11	0.153907048
CYP4A22	0.089983177
CYP4A22-AS1	0.09100736
CYP4A26P	0.549825075
CYP4A27P	0.063020886
CYP4A43P	0.197916831
CYP4A44P	0.077753041
CYP4B1	161.6312687
CYP4F10P	0
CYP4F11	0.187325553
CYP4F12	0.194680479
CYP4F2	0
CYP4F22	0.131333238
CYP4F23P	0.00758326
CYP4F24P	0.568384571
CYP4F25P	0.023026862
CYP4F26P	0.115843141
CYP4F27P	0
CYP4F29P	0.990275771
CYP4F3	0.136903733
CYP4F30P	0
CYP4F32P	0.308852357
CYP4F34P	0.024893905
CYP4F35P	0.524407371
CYP4F36P	0
CYP4F44P	0
CYP4F60P	0.261726083
CYP4F62P	0.027674811
CYP4F8	0.001698917
CYP4F9P	0
CYP4V2	3.231884787
CYP4X1	9.304732043
CYP4Z1	1.085815763
CYP4Z2P	1.123964484
CYP51A1	1.945696372
CYP51A1-AS1	0.105283455
CYP51A1P1	0.023836699
CYP51A1P2	0.09585565
CYP51A1P3	0
CYP7A1	0.048707668
CYP7B1	2.104102231
CYP8B1	0.053924649
CYR61	260.5496484
CYS1	8.815397811
CYSLTR1	2.078410941
CYSLTR2	0.933933864
CYSRT1	0.452370429
CYSTM1	44.55850631
CYTH1	18.86896037
CYTH2	8.698724688
CYTH3	10.51227004
CYTH4	4.987047991
CYTIP	7.254939373
CYTL1	3.641136922
CYTOR	3.793835444
CYYR1	20.71430524
CYYR1-AS1	0.009674631
D2HGDH	3.944446085
DAAM1	3.935804929
DAAM2	7.044456841
DAB1	0.039659407
DAB1-AS1	0
DAB2	22.26441249
DAB2IP	16.56531866
DACH1	5.050441633
DACH2	0.025516341
DACT1	4.352230796
DACT2	0.793916913
DACT3	2.648969672
DACT3-AS1	0.098416178
DAD1	118.465226
DAG1	23.2664772
DAGLA	1.464247644
DAGLB	5.897533034
DALRD3	5.004871598
DANCR	4.590457871
DAND5	0.017987934
DANT1	0
DANT2	0.046075876
DAO	0.1233476
DAOA	0
DAOA-AS1	0
DAP	27.1934841
DAP3	13.3284778
DAP3P1	0.086143657
DAP3P2	0.140870215
DAPK1	22.13039926
DAPK1-IT1	0.051170805
DAPK2	4.886526149
DAPK3	19.7103192
DAPL1	0.222771503
DAPP1	3.986057171
DARS	14.74522305
DARS2	4.200139601
DARS-AS1	0.116712454
DAW1	3.049626432
DAXX	14.73216406
DAZ1	0
DAZ2	0
DAZ3	0
DAZ4	0
DAZAP1	8.888403818
DAZAP2	59.36004424
DAZAP2P1	2.451925915
DAZL	0
DBET	0.003560502
DBF4	0.974534187
DBF4B	0.767433177
DBF4P1	0.025314944
DBH	0.472200631
DBH-AS1	0.940451929
DBI	50.41093153
DBIL5P	0.156551696
DBIL5P2	0.02123044
DBIP1	0.046053724
DBIP2	0
DBN1	11.87338604
DBNDD1	1.609525274
DBNDD2	1.585554414
DBNL	12.04055906
DBP	1.096027967
DBR1	5.858150317
DBT	2.075290092
DBX1	0.008676789
DBX2	0.008534546
DCAF1	5.811282034
DCAF10	4.06229424
DCAF11	13.55604065
DCAF12	12.00124386
DCAF12L1	0.007080998
DCAF12L2	0
DCAF13	2.592906279
DCAF13P1	0.018005967
DCAF13P2	0
DCAF13P3	0.071807906
DCAF15	7.36392985
DCAF16	5.760731845
DCAF17	1.684205807
DCAF4	1.392421686
DCAF4L1	0.077785628
DCAF4L2	0
DCAF5	10.18545152
DCAF6	12.20752335
DCAF7	20.01974655
DCAF8	9.61294859
DCAF8L1	0
DCAF8L2	0
DCAKD	7.592526833
DCANP1	0
DCBLD1	2.660296522
DCBLD2	5.587639459
DCC	0.356671396
DCD	0
DCDC1	0.259314663
DCDC2	2.895226924
DCDC2B	2.806098511
DCDC2C	0.020180845
DCHS1	7.534757204
DCHS2	0.036037372
DCK	6.144682837
DCLK1	0.807982557
DCLK2	2.586147738
DCLK3	0.077522917
DCLRE1A	1.973101734
DCLRE1B	3.023882859
DCLRE1C	1.476398242
DCLRE1CP1	0.203812226
DCN	71.67044966
DCP1A	7.60807224
DCP1B	2.473251861
DCP2	2.877073482
DCPS	3.682924022
DCST1	0.153752803
DCST1-AS1	1.092515356
DCST2	0.382106445
DCSTAMP	2.530136571
DCT	0.033335985
DCTD	19.66411644
DCTN1	16.87871861
DCTN1-AS1	0.075450336
DCTN2	23.29202324
DCTN3	10.69012839
DCTN4	11.23130984
DCTN5	4.782068347
DCTN6	12.86718772
DCTPP1	10.96667053
DCUN1D1	3.132989092
DCUN1D2	2.341894399
DCUN1D2-AS	0.288916125
DCUN1D3	8.572272764
DCUN1D4	3.415525386
DCUN1D5	8.466299943
DCX	0
DCXR	18.41422571
DDA1	8.910133073
DDAH1	18.75291385
DDAH2	31.23705443
DDB1	16.0725847
DDB2	4.885437753
DDC	1.072922543
DDC-AS1	0
DDHD1	1.693598504
DDHD2	4.142594126
DDI1	0
DDI2	3.781824367
DDIAS	0.928492766
DDIT3	10.20530158
DDIT4	27.86944032
DDIT4-AS1	0
DDIT4L	0.215963356
DDN	0.089429478
DDN-AS1	0.112356271
DDO	2.732088543
DDOST	62.17134297
DDR1	20.09925484
DDR1-AS1	0.002997989
DDR2	5.921144066
DDRGK1	29.95452879
DDT	8.531367036
DDTL	0.573510456
DDTP1	0.06252725
DDX1	24.99132441
DDX10	2.121377909
DDX10P1	0.086722999
DDX10P2	0
DDX11	2.19489388
DDX11-AS1	0.046392748
DDX11L1	0
DDX11L10	0
DDX11L16	0
DDX11L2	0.128476055
DDX11L5	0
DDX11L8	0.03271576
DDX11L9	0
DDX12P	0.345363864
DDX17	70.22292148
DDX18	9.332405052
DDX18P1	0.072132339
DDX18P3	0
DDX18P4	0
DDX18P5	0.036673716
DDX18P6	0
DDX19A	5.106609346
DDX19B	5.648048296
DDX20	3.395840488
DDX21	28.63972857
DDX23	20.812476
DDX24	23.09800116
DDX25	0.044098237
DDX27	10.48407927
DDX28	5.835170355
DDX31	2.279933381
DDX39A	9.794331887
DDX39AP1	0
DDX39B	11.53137407
DDX39B-AS1	0.113605012
DDX39BP1	0.436550928
DDX39BP2	0.04641073
DDX3P1	0.079826455
DDX3P2	0
DDX3P3	0.006004999
DDX3X	50.6584744
DDX3Y	19.41544111
DDX4	0
DDX41	11.08964745
DDX42	16.20792752
DDX43	0.622799919
DDX43P1	0
DDX43P2	0
DDX43P3	0.027029274
DDX46	7.415238885
DDX47	0.641462588
DDX49	10.57844106
DDX5	154.2022657
DDX50	13.93997647
DDX50P1	0.084815609
DDX50P2	0.021840343
DDX51	4.311757322
DDX52	2.923875982
DDX53	0
DDX54	11.10618664
DDX55	2.558665611
DDX55P1	0.025404459
DDX56	12.74515309
DDX58	6.373463029
DDX59	4.077042452
DDX6	13.04852838
DDX60	6.295646447
DDX60L	3.273239279
DDX6P1	0
DDX6P2	0.016459063
DEAF1	5.306522791
DEC1	0.015263185
DECR1	16.83252459
DECR2	3.679864088
DEDD	13.91374268
DEDD2	10.86349766
DEF6	8.111246113
DEF8	7.208091812
DEFA1	0
DEFA10P	0
DEFA11P	0
DEFA1B	0
DEFA3	0
DEFA4	0.058220267
DEFA5	0
DEFA6	0
DEFA7P	0
DEFA8P	0
DEFA9P	0
DEFB1	4.909828008
DEFB103A	0
DEFB103B	0
DEFB104A	0
DEFB104B	0
DEFB105A	0
DEFB105B	0
DEFB106A	0
DEFB106B	0
DEFB107A	0
DEFB107B	0
DEFB108A	0
DEFB108B	0
DEFB108C	0
DEFB108D	0
DEFB108E	0
DEFB108F	0
DEFB109A	0.045184786
DEFB109B	0
DEFB109C	0
DEFB109D	0.349240742
DEFB109F	0.077879469
DEFB110	0
DEFB112	0
DEFB113	0
DEFB114	0
DEFB115	0
DEFB116	0
DEFB117	0
DEFB118	0
DEFB119	0
DEFB121	0
DEFB122	0
DEFB123	0
DEFB124	0.180677162
DEFB125	0
DEFB126	0
DEFB127	0
DEFB128	0
DEFB129	0.017154682
DEFB130A	0
DEFB130B	0
DEFB130C	0.049891535
DEFB130D	0
DEFB131A	0
DEFB131B	0.224863255
DEFB131C	0
DEFB131D	0
DEFB131E	0
DEFB132	0
DEFB133	0
DEFB134	0
DEFB135	0
DEFB136	0
DEFB4A	0
DEFB4B	0
DEFT1P	0
DEFT1P2	0
DEGS1	34.46503243
DEGS2	2.423749966
DEK	23.82163472
DENND1A	2.240449023
DENND1B	1.685043786
DENND1C	7.854943778
DENND2A	6.922014312
DENND2C	1.411742655
DENND2D	5.723187752
DENND3	11.79439959
DENND4A	4.668412074
DENND4B	8.401039735
DENND4C	7.960737762
DENND5A	16.62343472
DENND5B	0.834260568
DENND5B-AS1	0.03661764
DENND6A	6.935741204
DENND6A-AS1	0.197373104
DENND6A-DT	0.016408316
DENND6B	3.823196283
DENR	12.16148011
DEPDC1	0.066927668
DEPDC1-AS1	0.00960222
DEPDC1B	0.072359766
DEPDC4	0.226576052
DEPDC5	1.832034682
DEPDC7	0.216006644
DEPP1	138.0282214
DEPTOR	6.740494744
DERA	12.26868623
DERL1	11.86067133
DERL2	5.236970479
DERL3	1.378457363
DES	25.79457133
DESI1	10.2135156
DESI2	18.19789815
DET1	2.621839561
DEUP1	0.249280627
DEXI	3.323784466
DFFA	6.404680722
DFFB	0.996283668
DFFBP1	0.207923862
DGAT1	7.936268511
DGAT2	1.016386177
DGAT2L6	0
DGAT2L7P	0
DGCR10	0.217708515
DGCR11	0.908593801
DGCR12	0.298230842
DGCR2	25.98113173
DGCR5	0.04823027
DGCR6	1.119572863
DGCR6L	22.83769865
DGCR8	4.881254065
DGCR9	0.178493937
DGKA	1.730159297
DGKB	0.007569678
DGKD	8.128475261
DGKE	0.60236738
DGKG	0.510458842
DGKH	2.082349736
DGKI	0.027722867
DGKK	0.025865194
DGKQ	4.028264589
DGKZ	4.83310077
DGKZP1	0.142341842
DGLUCY	8.31470234
DGUOK	18.55759349
DGUOK-AS1	1.162789986
DHCR24	214.9454094
DHCR7	12.67340924
DHDDS	5.65960439
DHDH	1.185212404
DHFR	1.292721459
DHFR2	2.39016753
DHFRP1	0.107101684
DHFRP2	0
DHFRP3	0
DHFRP5	0
DHFRP6	0
DHH	0.290690346
DHODH	1.889260712
DHPS	13.32034265
DHRS1	5.740419032
DHRS11	1.111461357
DHRS12	4.609553189
DHRS13	0.74023853
DHRS2	0.093497106
DHRS3	27.98264332
DHRS4	5.703868633
DHRS4-AS1	3.799143854
DHRS4L1	0.383725131
DHRS4L2	4.268938621
DHRS7	17.7028928
DHRS7B	5.544223781
DHRS7C	0.023805106
DHRS9	4.368103638
DHRSX	5.259284421
DHRSX-IT1	0.22071831
DHTKD1	3.79103863
DHX15	15.733988
DHX16	11.47804048
DHX29	9.555904575
DHX30	10.8096607
DHX32	9.204912312
DHX33	3.478812999
DHX34	3.037637676
DHX35	3.033567224
DHX36	6.043668343
DHX37	3.11562004
DHX38	11.01394255
DHX40	7.449707508
DHX40P1	0.06784118
DHX57	2.664714049
DHX58	6.001005193
DHX8	6.434945986
DHX9	32.35198664
DHX9P1	0.011678123
DIABLO	1.189972047
DIAPH1	37.98632391
DIAPH2	4.754480399
DIAPH2-AS1	0.10371562
DIAPH3	1.261893615
DIAPH3-AS1	0
DIAPH3-AS2	0
DICER1	6.182751814
DICER1-AS1	0.926518773
DIDO1	7.450709591
DIEXF	1.569448429
DIMT1	7.044641953
DIMT1P1	0
DIO1	0.304333988
DIO2	0.103857478
DIO2-AS1	0
DIO3	0.341787868
DIO3OS	0.448623255
DIP2A	3.186698949
DIP2A-IT1	0.139882807
DIP2B	4.591504302
DIP2C	3.946346199
DIRAS1	0.206151535
DIRAS2	0.046421314
DIRAS3	1.863156751
DIRC1	0.011546739
DIRC2	6.526412091
DIRC3	0.107804216
DIRC3-AS1	0
DIS3	5.08907467
DIS3L	5.555251668
DIS3L2	2.455629912
DIS3L2P1	0
DISC1	0.621614657
DISC1FP1	0.028645857
DISC1-IT1	0
DISP1	3.056899378
DISP2	0.106088946
DISP3	0.040939976
DIXDC1	4.28496104
DKC1	9.102267127
DKK1	0.797902693
DKK2	1.449961895
DKK3	39.90533814
DKK4	0.495566921
DKKL1	0.295046447
DKKL1P1	0
DLAT	7.668693425
DLC1	33.45475309
DLD	13.57381159
DLEC1	3.496835311
DLEC1P1	0
DLEU1	0.229432836
DLEU1-AS1	0.016380258
DLEU2	0.380125978
DLEU2L	0.127991785
DLEU7	0.363542254
DLEU7-AS1	0.006630104
DLG1	5.679498829
DLG1-AS1	0.127232249
DLG2	0.235921931
DLG3	5.061917249
DLG3-AS1	0.049684516
DLG4	3.217509061
DLG5	2.617228979
DLG5-AS1	0.860552137
DLGAP1	0.333324576
DLGAP1-AS1	2.713341036
DLGAP1-AS2	1.000662757
DLGAP1-AS3	0.12585252
DLGAP1-AS4	0.031635319
DLGAP1-AS5	0.024963103
DLGAP2	0.029921068
DLGAP2-AS1	0
DLGAP3	0.117421364
DLGAP4	9.321412123
DLGAP4-AS1	0.255497067
DLGAP5	0.215511838
DLGAP5P1	0
DLK1	0.009016542
DLK2	1.044241422
DLL1	3.270014283
DLL3	0
DLL4	8.031350927
DLST	22.30316074
DLSTP1	0.344892736
DLX1	0.006550311
DLX2	0
DLX2-AS1	0
DLX3	0.079385425
DLX4	0.302306554
DLX5	0.063187168
DLX6	0.003471722
DLX6-AS1	0
DM1-AS	0.792823607
DMAC1	8.393751782
DMAC2	9.205278533
DMAP1	5.639463194
DMBT1	37.79520133
DMBT1P1	0
DMBX1	0.004134658
DMC1	0.149504712
DMD	1.867096105
DMD-AS3	0
DMGDH	0.184600577
DMKN	6.356948246
DMP1	0.026787401
DMPK	6.841678464
DMRT1	0
DMRT2	0.683641951
DMRT3	0.351142766
DMRTA1	0.606331309
DMRTA2	0.033415726
DMRTB1	0
DMRTC1	0.006461936
DMRTC1B	0
DMRTC2	0
DMTF1	6.169448255
DMTN	9.893983201
DMWD	5.206073176
DMXL1	3.46877459
DMXL2	3.958078608
DNA2	0.430541289
DNAAF1	4.573892814
DNAAF2	3.697664867
DNAAF3	3.049699378
DNAAF4	0.983546817
DNAAF4-CCPG1	0.005218552
DNAAF5	3.702752984
DNAH1	2.30381498
DNAH10	1.427995981
DNAH10OS	0.598698415
DNAH11	1.169853261
DNAH12	1.776927877
DNAH14	0.22497173
DNAH17	0.46088033
DNAH17-AS1	0.039201788
DNAH2	1.47459583
DNAH3	1.784089262
DNAH5	4.259752852
DNAH6	1.128817199
DNAH7	0.648561874
DNAH8	0.017497662
DNAH9	3.028751111
DNAI1	4.756464312
DNAI2	5.098701341
DNAJA1	83.40548765
DNAJA1P1	0
DNAJA1P2	0.010003315
DNAJA1P3	0.110312941
DNAJA1P4	0
DNAJA1P5	0
DNAJA1P6	0
DNAJA2	15.24582855
DNAJA3	4.628037813
DNAJA4	8.424107272
DNAJB1	64.03725207
DNAJB11	9.196988242
DNAJB12	12.79215768
DNAJB13	0.899339778
DNAJB14	3.172488162
DNAJB1P1	0.011693328
DNAJB2	16.35994786
DNAJB3	0.018916222
DNAJB4	14.14213333
DNAJB5	3.15660716
DNAJB5-AS1	0.175852672
DNAJB5P1	0
DNAJB6	5.355954984
DNAJB7	0.074314776
DNAJB8	0
DNAJB8-AS1	0
DNAJB9	11.58144837
DNAJC1	13.78849609
DNAJC10	4.36529212
DNAJC11	5.606540344
DNAJC12	0.203235671
DNAJC13	6.360153213
DNAJC14	5.621192281
DNAJC15	4.785418321
DNAJC16	2.607900373
DNAJC17	2.671508371
DNAJC18	2.330677013
DNAJC19	4.948527894
DNAJC19P1	0
DNAJC19P2	0
DNAJC19P3	0
DNAJC19P4	0
DNAJC19P5	1.553584495
DNAJC19P6	0.042764173
DNAJC19P7	0
DNAJC19P8	0
DNAJC19P9	0.136455479
DNAJC2	3.956663202
DNAJC21	6.635022604
DNAJC22	0.253543875
DNAJC24	0.979430232
DNAJC25	3.268995214
DNAJC25-GNG10	0
DNAJC27	2.501673677
DNAJC27-AS1	0.190702026
DNAJC28	0.419378117
DNAJC3	20.10795715
DNAJC30	4.934142272
DNAJC3-AS1	0.731963511
DNAJC4	9.248152222
DNAJC5	19.29831359
DNAJC5B	1.590006006
DNAJC5G	0.025476528
DNAJC6	0.723190493
DNAJC7	6.598265902
DNAJC8	31.44410513
DNAJC8P1	0.096564261
DNAJC9	2.412958973
DNAJC9-AS1	0.132227871
DNAL1	3.763093146
DNAL4	10.90961557
DNALI1	14.86534844
DNASE1	0.812956185
DNASE1L1	5.975387089
DNASE1L2	0.09823675
DNASE1L3	19.18953942
DNASE2	36.38302048
DNASE2B	0.827469354
DND1	0
DND1P1	0.734946119
DNER	0.517299774
DNHD1	0.862560048
DNLZ	0.087595824
DNM1	0.593895841
DNM1L	8.39920765
DNM1P17	0
DNM1P24	0
DNM1P28	0
DNM1P30	0
DNM1P31	0
DNM1P32	0
DNM1P33	0.399132277
DNM1P34	0
DNM1P35	0.161505846
DNM1P38	0
DNM1P41	0
DNM1P46	0.123380925
DNM1P47	0.01018661
DNM1P48	0
DNM1P49	0
DNM1P50	0
DNM1P51	0.049006692
DNM2	15.48964583
DNM3	1.501898576
DNM3-IT1	0.030237294
DNM3OS	1.033091345
DNMBP	3.978906323
DNMBP-AS1	0.425444936
DNMT1	6.33045956
DNMT3A	2.523299644
DNMT3B	0.29999575
DNMT3L	0
DNPEP	10.31724054
DNPH1	12.02186418
DNTT	0.012143984
DNTTIP1	18.36474799
DNTTIP2	9.602743567
DOC2A	0.40993978
DOC2B	2.534811839
DOC2GP	0.227497815
DOCK1	12.16809307
DOCK10	2.918553323
DOCK11	12.29919163
DOCK11P1	0.002018538
DOCK2	6.482106349
DOCK3	0.113516775
DOCK4	8.131071534
DOCK4-AS1	0.01920444
DOCK5	2.829187624
DOCK6	8.953273607
DOCK7	2.564834297
DOCK8	9.835263288
DOCK9	13.24907357
DOCK9-AS1	0.030545838
DOCK9-AS2	2.908175698
DOHH	4.770525286
DOK1	7.677634647
DOK2	31.91433524
DOK3	4.915263073
DOK4	13.45195813
DOK5	0.216120012
DOK6	1.90062989
DOK7	1.084221888
DOLK	7.992194156
DOLPP1	5.084544123
DONSON	1.966689357
DOPEY1	2.61651174
DOPEY2	3.178471985
DOT1L	6.357718267
DPAGT1	5.993787544
DPCD	8.635475396
DPCR1	3.508368207
DPEP1	2.279297584
DPEP2	6.965987851
DPEP2NB	0
DPEP3	0.047468655
DPF1	0.107266799
DPF2	5.638551763
DPF3	0.097335205
DPH1	3.415191238
DPH2	5.345375612
DPH3	11.31173592
DPH3P1	0
DPH3P2	0
DPH5	3.88650015
DPH6	0.734198378
DPH6-AS1	0.218988316
DPH7	3.253708483
DPM1	23.54119867
DPM2	11.21341303
DPM3	20.67530862
DPP10	0.052659131
DPP10-AS1	0.12034139
DPP10-AS2	0
DPP10-AS3	0
DPP3	10.1042589
DPP3P1	0
DPP3P2	0
DPP4	11.10382966
DPP6	0.179071428
DPP7	38.37189772
DPP8	5.034202912
DPP9	7.796601179
DPP9-AS1	0.183255132
DPPA2	0.008657967
DPPA2P1	0
DPPA2P2	0
DPPA2P3	0.054842603
DPPA2P4	0.068188886
DPPA3	0.011097283
DPPA3P1	0
DPPA3P2	0.186632812
DPPA3P3	0
DPPA4	0.016776977
DPPA5	0
DPPA5P1	0
DPPA5P2	0
DPPA5P4	0
DPRX	0
DPRXP1	0
DPRXP2	0.150480751
DPRXP4	0.421618602
DPRXP5	0
DPRXP6	0.02108093
DPRXP7	0
DPT	77.34808082
DPY19L1	9.412943455
DPY19L1P1	0.683171669
DPY19L1P2	0.261726083
DPY19L2	0.38810418
DPY19L2P1	0.02460801
DPY19L2P2	0.407715767
DPY19L2P3	0.227513824
DPY19L2P4	0.065269401
DPY19L2P5	0.036175131
DPY19L3	2.944345606
DPY19L4	3.81905155
DPY30	8.645684948
DPYD	13.03885793
DPYD-AS1	0.080959894
DPYD-AS2	0.012293602
DPYD-IT1	0.02986027
DPYS	0.087813282
DPYSL2	59.04463611
DPYSL3	43.0989317
DPYSL4	0.94630543
DPYSL5	0.003382955
DQX1	0.138474463
DR1	5.202316854
DRAIC	0.23786528
DRAM1	65.57323169
DRAM2	14.27870918
DRAP1	29.42825026
DRAXIN	0.06193994
DRAXINP1	0
DRC1	6.364117013
DRC3	4.32611048
DRC7	1.887567902
DRD1	0.248103931
DRD2	0.049672392
DRD3	0.005699176
DRD4	0.137818186
DRD5	0.020556169
DRD5P1	0
DRD5P2	0
DRG1	16.57541756
DRG2	3.371970295
DRGX	0.033145933
DRICH1	0.229914906
DROSHA	4.966580427
DRP2	0.026326057
DSC1	0.016821309
DSC2	2.602699925
DSC3	0.29697342
DSCAM	0.0125645
DSCAM-AS1	0.006768778
DSCAM-IT1	0
DSCAML1	0.451045004
DSCAS	0.043305491
DSCC1	0.685409634
DSCR10	0
DSCR4	0
DSCR4-IT1	0
DSCR8	0
DSCR9	0.037792641
DSE	0.063293441
DSE	3.691229308
DSE	0.142547242
DSEL	1.38697524
DSG1	0.002279887
DSG1-AS1	0
DSG2	12.12678632
DSG2-AS1	0.195227744
DSG3	0.151706386
DSG4	0
DSN1	4.625213022
DSP	8.930945547
DSPP	0
DST	9.431425662
DSTN	142.3568333
DSTNP1	1.519277699
DSTNP2	6.100763942
DSTNP4	0.050523073
DSTNP5	0
DSTYK	3.991801402
DTD1	8.060577643
DTD2	5.259518222
DTHD1	2.68551087
DTL	1.191063975
DTNA	1.197965485
DTNB	2.516778673
DTNBP1	6.57548194
DTWD1	1.254430879
DTWD2	1.626094461
DTX1	0.559531229
DTX2	3.22503946
DTX2P1	0.623262282
DTX2P1-UPK3BP1-PMS2P11	0.392685206
DTX3	7.104691251
DTX3L	16.94475678
DTX4	14.12344549
DTYMK	4.206277728
DUBR	1.486070246
DUOX1	25.98858217
DUOX2	1.072713654
DUOXA1	16.47265352
DUOXA2	0.478208601
DUPD1	0.018060284
DUS1L	8.155631688
DUS2	2.200939613
DUS3L	5.428067455
DUS4L	0.951048779
DUSP1	317.7282704
DUSP10	3.385912795
DUSP11	5.916032309
DUSP12	7.271365543
DUSP12P1	0
DUSP13	0.015279415
DUSP14	14.37930328
DUSP15	0.527473676
DUSP16	18.98388581
DUSP18	2.402865999
DUSP19	0.812964738
DUSP2	1.493647185
DUSP21	0
DUSP22	9.545901922
DUSP23	33.29488884
DUSP26	0.472656644
DUSP27	0.222564467
DUSP28	1.023388502
DUSP3	32.8830207
DUSP4	3.382476922
DUSP5	7.701802941
DUSP5P1	0.042050811
DUSP5P2	0
DUSP6	94.46044384
DUSP7	7.596092146
DUSP8	4.767797605
DUSP8P3	0.020410173
DUSP8P4	0
DUSP8P5	0.672917227
DUSP9	0.030193724
DUT	8.506275797
DUTP1	0.076429585
DUTP2	0.051723405
DUTP3	0
DUTP4	0
DUTP5	0
DUTP6	2.254838187
DUTP7	0.024637795
DUTP8	0
DUX4	0
DUX4L1	0
DUX4L10	0
DUX4L11	0
DUX4L12	0
DUX4L13	0
DUX4L14	0
DUX4L15	0
DUX4L16	0
DUX4L17	0
DUX4L18	0
DUX4L19	0
DUX4L2	0
DUX4L20	0
DUX4L21	0
DUX4L22	0
DUX4L23	0
DUX4L24	0
DUX4L25	0
DUX4L26	0.047705053
DUX4L27	0.199407878
DUX4L28	0
DUX4L29	0
DUX4L3	0
DUX4L31	0
DUX4L4	0
DUX4L45	0
DUX4L46	0
DUX4L47	0
DUX4L5	0
DUX4L50	0.586138309
DUX4L51	0
DUX4L52	0
DUX4L6	0
DUX4L7	0
DUX4L8	0
DUX4L9	0
DUXA	0.059512765
DUXAP1	0.181031918
DUXAP11	0
DUXAP2	0
DUXAP3	0
DUXAP4	0
DUXAP5	0
DUXAP6	0
DUXAP7	0.052136292
DUXAP8	0.092854939
DUXAP8	0
DUXAP9	0.024980462
DVL1	14.45394682
DVL2	5.087257936
DVL3	14.07580281
DWORF	0.054863543
DXO	4.508924835
DYDC1	1.103502334
DYDC2	3.667483193
DYM	5.335148778
DYNAP	0
DYNC1H1	27.50093517
DYNC1I1	0.422024715
DYNC1I2	17.79135312
DYNC1I2P1	0.260586905
DYNC1LI1	7.088308048
DYNC1LI2	14.99566676
DYNC2H1	2.511482011
DYNC2LI1	5.206524114
DYNLL1	45.05726931
DYNLL1P1	0
DYNLL1P2	0
DYNLL1P3	0
DYNLL1P4	0.180059674
DYNLL1P5	0
DYNLL1P6	0
DYNLL1P7	0
DYNLL2	18.75716416
DYNLRB1	36.62282013
DYNLRB2	6.5676889
DYNLT1	23.53378104
DYNLT3	11.78229461
DYNLT3P1	0
DYNLT3P2	0.121769169
DYRK1A	9.828432028
DYRK1B	6.906038738
DYRK2	2.986555398
DYRK3	5.734332854
DYRK4	2.417200293
DYSF	13.45036745
DYTN	0.005595312
DZANK1	1.079990796
DZIP1	1.523959603
DZIP1L	3.401129154
DZIP3	4.207719786
E2F1	2.310597959
E2F2	0.131654407
E2F3	2.928567384
E2F3-IT1	0.029934921
E2F3P1	0.087614402
E2F3P2	0.07578461
E2F4	16.07894683
E2F4P1	0.010568374
E2F5	1.054387897
E2F6	3.20915305
E2F6P1	0
E2F6P2	0
E2F6P3	0
E2F6P4	0
E2F7	0.115883241
E2F8	0.222704241
E4F1	3.361015471
EAF1	5.947473776
EAF1-AS1	0.041566657
EAF2	1.366520677
EAPP	16.76355563
EARS2	2.908859316
EBAG9	8.229866833
EBAG9P1	0.330772605
EBF1	1.817996483
EBF2	0.118436877
EBF3	0.32376077
EBF4	3.682067736
EBI3	1.14703902
EBLN1	0
EBLN2	1.084004278
EBLN3P	6.529072645
EBNA1BP2	11.22748671
EBP	10.62198849
EBPL	11.63071455
ECD	9.031626216
ECE1	28.70126415
ECE2	0.316162472
ECEL1	0.024173556
ECEL1P1	0.068736902
ECEL1P2	4.024038529
ECEL1P3	0
ECH1	41.50846248
ECHDC1	16.17687758
ECHDC2	5.408566569
ECHDC3	7.896790997
ECHS1	43.04556448
ECI1	9.034162853
ECI2	7.617420763
ECM1	8.934148376
ECM1P1	0
ECM1P2	0
ECM2	8.953683379
ECPAS	14.54761329
ECSCR	10.79392505
ECSIT	10.29660228
ECT2	2.438778778
ECT2L	2.517019289
EDA	0.739070483
EDA2R	0.538644565
EDAR	0.284063866
EDARADD	0.408130428
EDC3	5.542330617
EDC4	7.772507857
EDDM13	0.264886884
EDDM3A	0
EDDM3B	0
EDDM3CP	0
EDDM3DP	0
EDEM1	22.48795586
EDEM2	25.6763312
EDEM3	6.122005835
EDF1	128.0915259
EDIL3	11.47105329
EDN1	50.85255403
EDN2	2.798065809
EDN3	0.456577483
EDNRA	12.66336148
EDNRB	16.27256084
EDNRB-AS1	0
EDRF1	1.836080659
EDRF1-AS1	0.126421988
EEA1	3.809255533
EED	1.851732556
EEF1A1	667.8506993
EEF1A1P1	0.226841078
EEF1A1P10	0.370417725
EEF1A1P11	1.551702156
EEF1A1P12	1.352186614
EEF1A1P13	2.948234097
EEF1A1P14	0.295868403
EEF1A1P15	0.008504239
EEF1A1P16	0.296385354
EEF1A1P17	0.150261563
EEF1A1P19	1.360284388
EEF1A1P2	0.00827503
EEF1A1P20	0
EEF1A1P21	0
EEF1A1P22	0.407809065
EEF1A1P24	0.165098257
EEF1A1P25	0.151210334
EEF1A1P26	0
EEF1A1P27	0.010549752
EEF1A1P28	0.034138185
EEF1A1P29	0.229428225
EEF1A1P3	0.103745574
EEF1A1P30	0.12747951
EEF1A1P31	0.021136749
EEF1A1P32	0.00888936
EEF1A1P33	0.096706058
EEF1A1P34	0.018901292
EEF1A1P36	0
EEF1A1P37	0
EEF1A1P38	0.155170216
EEF1A1P39	0
EEF1A1P4	0.332373497
EEF1A1P40	0
EEF1A1P41	0
EEF1A1P42	0
EEF1A1P5	126.179247
EEF1A1P6	43.95069291
EEF1A1P7	0.326406597
EEF1A1P8	0.310564019
EEF1A1P9	2.36362498
EEF1A2	0.101474308
EEF1AKMT1	5.141920669
EEF1AKMT2	1.864821573
EEF1AKMT3	2.954860293
EEF1B2	97.19860956
EEF1B2P1	0.106910431
EEF1B2P2	0.177129709
EEF1B2P3	1.359875457
EEF1B2P4	0.06881591
EEF1B2P5	0
EEF1B2P6	0.765052953
EEF1B2P7	0.017712971
EEF1B2P8	0
EEF1D	9.882668197
EEF1DP1	0.253912274
EEF1DP2	0
EEF1DP3	0.154396848
EEF1DP4	0.095247475
EEF1DP5	0
EEF1DP6	0
EEF1DP7	0.046682138
EEF1DP8	0
EEF1E1	2.830107364
EEF1E1-BLOC1S5	0.015591105
EEF1E1P1	0.13923219
EEF1G	0.079356196
EEF1GP1	0.571505801
EEF1GP2	0.01926624
EEF1GP3	0.018593118
EEF1GP4	0.009161414
EEF1GP5	0.100544772
EEF1GP6	0
EEF1GP7	0.017032672
EEF1GP8	0
EEF2	437.6430407
EEF2K	7.659159278
EEF2KMT	1.749393707
EEFSEC	8.32885693
EEPD1	3.359727026
EFCAB1	4.504934846
EFCAB10	1.709239851
EFCAB11	0.755764803
EFCAB12	1.225221818
EFCAB13	0.385851796
EFCAB14	33.35564632
EFCAB14-AS1	0.123020222
EFCAB14P1	0
EFCAB2	2.131302364
EFCAB3	0.006204129
EFCAB5	0.057035357
EFCAB6	0.966929076
EFCAB6-AS1	0.058607526
EFCAB7	1.15457268
EFCAB8	0.034316929
EFCAB9	0.051170805
EFCC1	7.786128796
EFEMP1	85.01457053
EFEMP2	15.00018524
EFHB	1.760285516
EFHC1	5.401827924
EFHC2	1.601820406
EFHD1	3.134731545
EFHD2	44.79711809
EFL1	4.639817848
EFL1P1	0.013319208
EFL1P2	0
EFNA1	52.66848288
EFNA2	0
EFNA3	0.213260829
EFNA4	2.607158578
EFNA5	1.96101813
EFNB1	9.260495102
EFNB2	16.97184524
EFNB3	1.545987218
EFR3A	14.71350871
EFR3B	1.775009937
EFS	4.831017179
EFTUD2	8.361580759
EGF	0.289235729
EGFEM1P	0.154237462
EGFL6	11.51466764
EGFL7	29.61833523
EGFL8	0.465984268
EGFLAM	0.608739479
EGFLAM-AS1	0
EGFLAM-AS2	0
EGFLAM-AS3	0
EGFLAM-AS4	0
EGFR	11.74485449
EGFR-AS1	0.166423651
EGLN1	7.037693691
EGLN1P1	0
EGLN2	5.121297376
EGLN3	1.610847754
EGLN3-AS1	0
EGLN3P1	0.016630512
EGOT	0.139041982
EGR1	68.1119612
EGR2	12.04537717
EGR3	2.394793661
EGR4	0.020149715
EHBP1	4.924201591
EHBP1L1	15.81170997
EHD1	19.11349539
EHD2	81.36071862
EHD3	1.699497659
EHD4	27.58769471
EHD4-AS1	0.481443602
EHF	7.548568711
EHHADH	2.616439457
EHHADH-AS1	0.00733699
EHMT1	3.776456274
EHMT2	5.57219104
EHMT2-AS1	0.064203583
EI24	23.92774442
EI24P1	0
EI24P2	0.022256447
EI24P3	0
EI24P4	0
EID1	72.97451093
EID2	7.313731272
EID2B	0.969474109
EID3	1.61943014
EIF1	193.4243707
EIF1AD	5.722455547
EIF1AX	10.83526475
EIF1AX-AS1	0.126708659
EIF1AXP1	0.330316367
EIF1AXP2	0
EIF1AY	5.169909241
EIF1B	24.35500143
EIF1B-AS1	0.193946109
EIF1P1	0
EIF1P2	0
EIF1P3	0.143400818
EIF1P4	0.035743189
EIF1P5	0.204683219
EIF1P6	0.681153886
EIF1P7	0.071062126
EIF2A	18.84356523
EIF2AK1	22.05583387
EIF2AK2	7.18905788
EIF2AK3	4.876406305
EIF2AK4	5.644999526
EIF2AP4	0
EIF2B1	11.45565757
EIF2B2	4.4303243
EIF2B3	5.778115459
EIF2B4	5.497129804
EIF2B5	7.797608481
EIF2D	6.08053078
EIF2S1	12.63718757
EIF2S2	30.88616599
EIF2S2P2	0.036580351
EIF2S2P3	0.227733131
EIF2S2P4	0.389397343
EIF2S2P5	0.024739604
EIF2S3	29.2382786
EIF2S3B	0.06424333
EIF3A	37.72617841
EIF3B	14.91489628
EIF3C	0.723720227
EIF3CL	0.042611987
EIF3D	36.68094271
EIF3E	32.90697734
EIF3EP1	0.80978965
EIF3EP2	0
EIF3F	13.77838675
EIF3FP1	0
EIF3FP3	0.551287675
EIF3G	28.60706825
EIF3H	24.11170864
EIF3I	72.22558853
EIF3IP1	0
EIF3J	15.76291414
EIF3J-AS1	2.427155738
EIF3K	42.04155276
EIF3KP1	0.547590014
EIF3KP2	0.07651098
EIF3KP3	0
EIF3L	37.22075716
EIF3LP1	0.021665805
EIF3LP2	0.074188156
EIF3LP3	0.072834357
EIF3M	11.80148384
EIF4A1	3.261532375
EIF4A1P1	0
EIF4A1P10	0.472656644
EIF4A1P11	0.053936794
EIF4A1P12	0
EIF4A1P13	0
EIF4A1P2	0.255182931
EIF4A1P3	0
EIF4A1P4	0.157941874
EIF4A1P5	0.021870262
EIF4A1P6	0
EIF4A1P7	0.029444184
EIF4A1P8	0.020124316
EIF4A1P9	0.009920438
EIF4A2	41.14062614
EIF4A2P1	0.101378847
EIF4A2P2	0.022381249
EIF4A2P3	0.045398932
EIF4A2P4	0.030035038
EIF4A2P5	0
EIF4A3	11.59066632
EIF4A3P1	0
EIF4B	46.05477331
EIF4BP1	0
EIF4BP2	0.053395622
EIF4BP3	0.278313858
EIF4BP4	0.006726948
EIF4BP5	0.013341469
EIF4BP6	0.753285752
EIF4BP7	1.618103825
EIF4BP8	0.019672456
EIF4BP9	0
EIF4E	1.920329317
EIF4E1B	0
EIF4E2	8.845754487
EIF4E2P1	0
EIF4E2P2	0
EIF4E3	3.882458412
EIF4EBP1	12.37570443
EIF4EBP1P1	0.140457106
EIF4EBP2	23.39024042
EIF4EBP2P1	0
EIF4EBP2P2	0.071915726
EIF4EBP2P3	0
EIF4EBP3	6.827414634
EIF4ENIF1	4.30425192
EIF4EP1	2.238124917
EIF4EP2	0.329558761
EIF4EP3	0
EIF4EP4	0
EIF4EP5	0
EIF4G1	53.01638698
EIF4G2	119.5321619
EIF4G3	8.390896829
EIF4H	72.93951612
EIF4HP1	0.575168783
EIF4HP2	0.382826695
EIF5	29.05711133
EIF5A	80.96784607
EIF5A2	0.777141158
EIF5A2P1	0.078091098
EIF5AL1	0.081073744
EIF5AP2	0.011436455
EIF5AP3	0.129588402
EIF5AP4	0.128752347
EIF5B	17.43159461
EIF5P1	0.019454051
EIF5P2	0
EIF6	45.74538655
EIPR1	3.205498701
EIPR1-IT1	0.200122033
ELAC1	1.957457287
ELAC2	8.286476726
ELANE	0.361082702
ELAVL1	8.951232147
ELAVL2	0.011647829
ELAVL3	0.022635101
ELAVL4	0.029234161
ELDR	0
ELF1	25.58037946
ELF2	4.739229512
ELF2P3	0
ELF3	25.48651911
ELF3-AS1	0.936700631
ELF4	14.41814488
ELF5	1.148371237
ELFN1	0.884423147
ELFN1-AS1	0.048428588
ELFN2	0.516754041
ELK1	8.027280695
ELK1P1	0
ELK2AP	0
ELK2BP	0
ELK3	21.49028477
ELK4	4.854871188
ELL	7.015788287
ELL2	13.27117575
ELL2P1	0.081669249
ELL2P2	0
ELL2P3	0
ELL2P4	0
ELL3	0.178777999
ELMO1	6.882842179
ELMO1-AS1	0
ELMO2	7.046820086
ELMO2P1	0
ELMO3	8.286451076
ELMOD1	0.302620784
ELMOD2	3.754625945
ELMOD3	2.287903849
ELMSAN1	6.094433735
ELN	72.98593093
ELN-AS1	10.84859534
ELOA	14.21728272
ELOA2	0.003925891
ELOA3	0
ELOA3B	0
ELOA3C	0
ELOA3D	0
ELOA-AS1	0.462246735
ELOB	75.96251524
ELOBP1	0
ELOBP2	0
ELOBP3	0
ELOBP4	0
ELOC	6.814532428
ELOCP10	0
ELOCP11	0
ELOCP12	0
ELOCP13	0
ELOCP14	0
ELOCP15	0
ELOCP16	0
ELOCP17	0
ELOCP18	0
ELOCP19	1.506159535
ELOCP2	0.144264678
ELOCP20	0
ELOCP21	0
ELOCP22	0
ELOCP23	0
ELOCP24	0
ELOCP26	0
ELOCP28	0.037772771
ELOCP29	0
ELOCP3	0
ELOCP30	0
ELOCP31	0.051280378
ELOCP32	0
ELOCP33	0.056838457
ELOCP34	0
ELOCP35	0
ELOCP4	0
ELOCP5	0
ELOCP6	0
ELOCP7	0
ELOCP8	0
ELOCP9	0
ELOF1	8.301147929
ELOVL1	30.60597882
ELOVL2	0.095863644
ELOVL2-AS1	0.007545034
ELOVL3	0.576427358
ELOVL4	0.236172945
ELOVL5	34.93271005
ELOVL6	0.833599548
ELOVL7	1.572630016
ELP1	7.960867486
ELP2	5.554242255
ELP3	5.715959267
ELP4	5.606558391
ELP5	9.335196388
ELP6	5.649052962
ELSPBP1	0
EMB	5.13625614
EMBP1	0.185150214
EMC1	6.71778973
EMC10	13.0211892
EMC2	10.75155313
EMC3	14.24537681
EMC3-AS1	0.228904618
EMC4	13.13135345
EMC6	2.569186958
EMC7	34.84751764
EMC8	4.603768963
EMC9	3.838003695
EMCN	10.47122729
EMD	25.71439332
EME1	0.2108349
EME2	1.629111334
EMG1	0.333639984
EMG1	2.501704092
EMID1	3.51226627
EMILIN1	29.81088522
EMILIN2	9.456364713
EMILIN3	0.113557128
EML1	3.533390355
EML2	4.857144731
EML2-AS1	0
EML3	10.842003
EML4	16.42856535
EML5	0.063135469
EML6	0.126164091
EMP1	130.5694179
EMP2	147.8245309
EMP3	42.02740765
EMSY	1.804783817
EMX1	0.010853851
EMX2	0
EMX2OS	0.002713955
EN1	0
EN2	0.007053884
ENAH	7.188582943
ENAM	0.134023258
ENC1	5.870474048
ENDOD1	10.08858563
ENDOG	2.227239838
ENDOU	0.45589577
ENDOV	2.4218684
ENG	98.86511569
ENGASE	4.09865463
ENHO	0.276662854
ENKD1	7.879845511
ENKUR	3.83954283
ENO1	212.739117
ENO1-AS1	0.315104429
ENO1P1	0
ENO1P2	0
ENO1P3	0.009782654
ENO1P4	0
ENO2	7.63581721
ENO3	0.789523073
ENO4	0.556312687
ENOPH1	15.50407155
ENOSF1	5.341815552
ENOX1	0.690439077
ENOX1-AS1	0
ENOX1-AS2	0
ENOX2	2.703167418
ENPEP	3.477699587
ENPP1	0.291625464
ENPP2	99.89695448
ENPP3	0.431494353
ENPP4	12.30350345
ENPP5	3.69833871
ENPP6	0.142577552
ENPP7	0.023617294
ENPP7P1	0.047943817
ENPP7P10	0.064169176
ENPP7P11	0.362847524
ENPP7P12	0.075904712
ENPP7P13	0
ENPP7P14	0.023026862
ENPP7P2	0.152372873
ENPP7P3	0
ENPP7P4	0.088206028
ENPP7P5	0.023640609
ENPP7P6	0.025778188
ENPP7P7	0.03259701
ENPP7P8	0
ENPP7P9	0.038194476
ENSA	33.06846881
ENSAP1	0
ENSAP2	0.306152599
ENSAP3	0
ENTHD1	0.01951429
ENTPD1	5.063920647
ENTPD1-AS1	0.113737406
ENTPD2	0.291049742
ENTPD3	3.159846614
ENTPD3-AS1	0.962446625
ENTPD4	6.503980236
ENTPD5	1.903559852
ENTPD6	10.13078189
ENTPD7	2.907542755
ENTPD8	0.059109858
ENY2	7.523669898
EOGT	10.38945913
EOMES	0.347166477
EP300	13.78036978
EP300-AS1	4.34940643
EP400	4.197450424
EP400P1	0.853051747
EPAS1	206.1270597
EPB41	6.205888002
EPB41L1	13.23855587
EPB41L2	11.71104815
EPB41L3	7.705243709
EPB41L4A	2.577012289
EPB41L4A-AS1	3.817060471
EPB41L4A-AS2	1.689736215
EPB41L4B	2.744635964
EPB41L5	10.17677642
EPB42	0.040815464
EPC1	3.644389609
EPC2	6.499663914
EPCAM	62.29410665
EPDR1	18.78458086
EPG5	3.283537927
EPGN	0.283837176
EPHA1	3.023218281
EPHA10	0.045533982
EPHA1-AS1	0.17343784
EPHA2	31.78183124
EPHA3	1.035208228
EPHA4	2.147832546
EPHA5	0.01217733
EPHA5-AS1	0
EPHA6	0.009516745
EPHA7	0.051390422
EPHA8	0
EPHB1	0.364934054
EPHB2	0.615153533
EPHB3	3.019913013
EPHB4	12.60290401
EPHB6	2.765818031
EPHX1	115.3043495
EPHX2	5.573396381
EPHX3	1.554143379
EPHX4	0.452148959
EPM2A	1.583981325
EPM2AIP1	5.033605185
EPN1	6.286741193
EPN2	5.80773313
EPN2-AS1	0.110683741
EPN3	0.650030162
EPO	0.018005967
EPOP	1.56798133
EPOR	4.456696225
EPPIN	0.381984561
EPPIN-WFDC6	0.207162081
EPPK1	0.651751431
EPRS	18.20482594
EPS15	12.91868865
EPS15L1	4.20246379
EPS15P1	0.057817326
EPS8	12.56687287
EPS8L1	3.887448238
EPS8L2	22.09494766
EPS8L3	0.003443764
EPSTI1	5.45442951
EPX	0.265302104
EPYC	0.006633777
EQTN	0.017154682
ERAL1	14.36049693
ERAP1	14.65812659
ERAP2	1.027676881
ERAS	0.009458111
ERBB2	14.97413128
ERBB3	15.65411726
ERBB4	1.011392547
ERBIN	8.674563374
ERC1	5.043914267
ERC2	0.083016294
ERC2-IT1	0
ERCC1	8.821567755
ERCC2	2.751228066
ERCC3	6.511987898
ERCC4	1.254011338
ERCC5	3.416261122
ERCC6	0.649580905
ERCC6L	0.057619921
ERCC6L2	1.736179137
ERCC8	1.287071898
EREG	0.397945422
ERF	21.31330019
ERFE	0.127382642
ERG	11.68203576
ERG28	17.15374419
ERGIC1	13.82523747
ERGIC2	5.372460204
ERGIC3	30.76744218
ERH	41.73499326
ERHP1	0.038625704
ERHP2	0
ERI1	2.888004885
ERI2	1.407972904
ERI3	13.95905465
ERI3-IT1	0.038688104
ERICD	0.585845678
ERICH1	2.246811861
ERICH2	9.463618877
ERICH3	3.889937078
ERICH3-AS1	0.011146871
ERICH4	0.278464379
ERICH5	2.488627144
ERICH6	0.08078822
ERICH6-AS1	2.765450963
ERICH6B	0.101819458
ERLEC1	30.81726179
ERLEC1P1	0
ERLIN1	8.304459717
ERLIN2	6.474090852
ERLNC1	0.010634075
ERMAP	4.910076833
ERMARD	4.298347597
ERMN	0.362517137
ERMP1	6.419866585
ERN1	6.059727333
ERN2	1.008611576
ERO1A	6.640571188
ERO1B	2.485921791
ERP27	8.449890247
ERP29	51.61661978
ERP29P1	0.084801475
ERP44	17.52679127
ERRFI1	60.93107952
ERV3-1	3.693762413
ERVE-1	0.591581644
ERVFRD-1	0.273310813
ERVFRD-3	0.081455567
ERVH-1	0
ERVH48-1	0.075837941
ERVK13-1	1.432976577
ERVK-28	0
ERVK3-1	3.265844431
ERVK9-11	0.143572761
ERVMER34-1	0.12922605
ERVMER61-1	0
ERVV-1	0
ERVV-2	0
ERVW-1	0.06055351
ESAM	60.56285545
ESCO1	3.754319109
ESCO2	0.073588918
ESD	26.68001524
ESF1	5.134360166
ESM1	20.57567615
ESPL1	0.156240756
ESPN	0.903640899
ESPNL	0.017864928
ESPNP	0.003767769
ESR1	0.49463234
ESR2	0.097464024
ESRG	0
ESRP1	9.574262247
ESRP2	8.672140626
ESRRA	11.33377594
ESRRAP1	0
ESRRAP2	0.015698418
ESRRB	0.051947802
ESRRG	0.154722281
ESS2	2.848380267
ESX1	0
ESYT1	33.9360529
ESYT2	21.16784366
ESYT3	4.897665316
ETAA1	3.561963607
ETDA	0.039648902
ETDB	0
ETF1	48.41116245
ETF1P1	0.036506001
ETF1P2	0.083047699
ETF1P3	0
ETFA	9.712932748
ETFB	6.319084714
ETFBKMT	0.589283822
ETFDH	4.192088169
ETFRF1	6.768739586
ETHE1	17.73700043
ETNK1	7.002235159
ETNK2	1.017466001
ETNPPL	0
ETS1	38.52807287
ETS2	104.0758042
ETV1	7.979324969
ETV2	0.255949137
ETV3	8.146297507
ETV3L	0
ETV4	1.82580609
ETV5	20.53034069
ETV5-AS1	0.726990933
ETV6	7.390857893
ETV7	1.815766045
EVA1A	13.70635366
EVA1B	6.535749835
EVA1C	10.00168821
EVC	5.330325566
EVC2	1.186746541
EVI2A	7.123094617
EVI2B	26.16127149
EVI5	4.462024922
EVI5L	3.602532691
EVL	15.34823505
EVPL	10.73192818
EVPLL	0.377657627
EVX1	0
EVX1-AS	0
EVX2	0
EWSAT1	0.077013778
EWSR1	22.9935907
EXD1	0.049060236
EXD2	5.674395327
EXD3	1.670640215
EXO1	0.118582778
EXO5	1.816232579
EXOC1	7.553430914
EXOC1L	0
EXOC2	8.295030823
EXOC3	7.484096054
EXOC3-AS1	1.497646066
EXOC3L1	4.591902048
EXOC3L4	0.667514325
EXOC4	7.176032347
EXOC5	5.429468571
EXOC5P1	0.01824373
EXOC6	4.959345827
EXOC6B	3.074317832
EXOC7	7.500647606
EXOC7P1	0
EXOC8	3.749495565
EXOG	1.336554379
EXOGP1	0
EXOSC1	4.70009578
EXOSC10	11.66280071
EXOSC2	3.623255032
EXOSC3	3.830243914
EXOSC3P1	0.263427303
EXOSC3P2	0
EXOSC4	7.386925721
EXOSC5	4.956965374
EXOSC6	5.500171352
EXOSC7	5.889941636
EXOSC8	4.819274847
EXOSC9	5.085950027
EXPH5	3.141744889
EXT1	11.02611904
EXT2	16.52480113
EXTL1	0.229608826
EXTL2	3.985543029
EXTL2P1	0
EXTL3	4.151036062
EXTL3-AS1	0.089924193
EYA1	0.917155019
EYA2	2.740311155
EYA3	4.179714681
EYA4	1.17363048
EYS	0.042789225
EZH1	6.499321949
EZH2	0.871171069
EZH2P1	0
EZR	330.0257835
EZR-AS1	0.110359155
F10	3.801582467
F10-AS1	0
F11	3.979457956
F11-AS1	0.785470899
F11R	44.01957871
F12	0.298376242
F13A1	7.756272007
F13B	0
F2	0
F2R	24.03039384
F2RL1	5.161193235
F2RL2	0.307293441
F2RL3	4.323454148
F3	55.84658818
F5	0.381400499
F7	0.03786235
F8	3.644901373
F8A1	2.062066929
F8A2	0
F8A3	0.006807259
F9	0
FA2H	1.212368856
FAAH	7.315508014
FAAH2	4.287854921
FAAHP1	0.200191738
FAAP100	6.698176144
FAAP20	2.606279653
FAAP24	0.949833773
FABP1	0.00484776
FABP12	0.156267123
FABP12P1	0
FABP2	0.048321099
FABP3	7.259072404
FABP3P2	0
FABP4	101.538565
FABP5	26.77856658
FABP5P1	0.145668714
FABP5P10	0.029347962
FABP5P11	0.090483388
FABP5P12	0.061562819
FABP5P13	0
FABP5P14	0.121872451
FABP5P15	0
FABP5P2	0.058695923
FABP5P3	0.081614195
FABP5P4	0
FABP5P5	0
FABP5P6	0
FABP5P7	1.1530488
FABP6	7.087683988
FABP7	0.008778569
FABP7P1	0.06124792
FABP7P2	0
FABP9	0
FADD	3.999994844
FADS1	4.521548345
FADS2	5.055216984
FADS2P1	0.008280753
FADS3	6.740717157
FADS6	0.008370478
FAF1	6.178218504
FAF2	12.02223422
FAF2P1	0
FAH	2.229331491
FAHD1	4.657199914
FAHD2A	2.369429562
FAHD2B	2.114111609
FAHD2CP	1.589068691
FAHD2P1	0
FAIM	3.264023777
FAIM2	0.110705337
FALEC	0.105777105
FAM102A	9.506545656
FAM102B	4.730709445
FAM103A1	4.375691224
FAM103A2P	0.169123846
FAM104A	4.343498307
FAM104B	4.599843767
FAM105A	19.44520724
FAM106A; FAM106B; FAM106CP	0.078741571
FAM107A	56.85215848
FAM107B	28.1957185
FAM109A	7.185806032
FAM109B	7.538079598
FAM110A	4.214203393
FAM110B	1.630281341
FAM110C	3.732812196
FAM110D	14.69246767
FAM111A	6.949577783
FAM111A-DT	1.457700489
FAM111B	0.34716139
FAM114A1	8.694708663
FAM114A2	3.793678175
FAM117A	4.938169411
FAM117B	2.33638406
FAM118A	3.359404191
FAM118B	7.303933865
FAM120A	24.45488557
FAM120AOS	10.90123991
FAM120B	8.037593255
FAM120C	1.168955424
FAM122A	5.716163174
FAM122B	6.239840432
FAM122C	0.583055464
FAM124A	0.727156834
FAM124B	0.929918465
FAM126A	2.183541775
FAM126B	1.78814999
FAM129A	14.55984202
FAM129B	130.4435674
FAM129C	0.065036641
FAM131A	4.123822342
FAM131B	0.458102053
FAM131C	0.01407874
FAM133A	0.031873917
FAM133B	1.934834412
FAM133CP	0.204101732
FAM133DP	0.086642318
FAM135A	1.85789309
FAM135B	0.009667057
FAM136A	7.112211246
FAM136BP	0.028714552
FAM138A	0
FAM138B	0.03887652
FAM138C	0
FAM138D	0
FAM138E	0
FAM13A	4.230530308
FAM13A-AS1	0.544271287
FAM13B	6.581461428
FAM13C	1.248285753
FAM149A	1.640741153
FAM149B1	3.308744086
FAM149B1P1	0
FAM151A	0.083608756
FAM151B	0.41209862
FAM153A	0.082840541
FAM153B	0.16344817
FAM153C	0.064271008
FAM155A	0.230945643
FAM155A-IT1	0
FAM155B	0.280476706
FAM156A	0.038052865
FAM156B	0.002687156
FAM157A	0.211581901
FAM157B	0.026811393
FAM157C	0.24051689
FAM160A1	1.315874051
FAM160A1-DT	0.535149421
FAM160A2	9.195380643
FAM160B1	4.415111866
FAM160B2	5.869819206
FAM161A	0.864077302
FAM161B	1.503850845
FAM162A	7.194482934
FAM162B	16.06545941
FAM163A	0.049394163
FAM163B	0.194698672
FAM166A	0.046539577
FAM166B	9.312116751
FAM167A	8.538559954
FAM167A-AS1	0.106630414
FAM167B	5.424105301
FAM168A	8.579073546
FAM168B	27.84085326
FAM169A	0.144874544
FAM170A	0.034757528
FAM170B	0
FAM170B-AS1	0.005267914
FAM171A1	6.899791092
FAM171A2	0.733372224
FAM171B	0.844713521
FAM172A	5.676477974
FAM172BP	0.054976898
FAM173A	3.206756983
FAM173B	2.864608989
FAM174A	20.75149592
FAM174B	10.45697425
FAM177A1	10.01043743
FAM177A1P1	0
FAM177B	0.059800841
FAM178B	0.108580065
FAM180A	1.905595906
FAM180B	0.086267783
FAM181A	3.110404119
FAM181A-AS1	0.736263423
FAM181B	0.02746323
FAM182A	0.074488139
FAM182B	0.127382642
FAM183A	20.96509753
FAM183BP	0.105100662
FAM183DP	0
FAM184A	4.567659325
FAM184B	0.113917246
FAM185A	1.14957116
FAM185BP	0.484979163
FAM186A	0.011546739
FAM186B	0.080564968
FAM187A	0
FAM187B	0.020226298
FAM187B2P	0.100762707
FAM189A1	1.017085495
FAM189A2	29.77834957
FAM189B	4.159265624
FAM192A	13.72034418
FAM192BP	0.109997084
FAM193A	5.855103711
FAM193B	5.696093469
FAM196A	0.203777541
FAM196B	0.019963268
FAM197Y1	0
FAM197Y10	0
FAM197Y2	0
FAM197Y3	0
FAM197Y4	0
FAM197Y5	0
FAM197Y6	0
FAM197Y7	0
FAM197Y8	0
FAM197Y9	0
FAM198A	1.004390903
FAM198B	11.14429994
FAM198B-AS1	0.346117545
FAM199X	5.791887311
FAM19A1	0.02857749
FAM19A2	0.103502697
FAM19A3	0.018680138
FAM19A4	0.015672733
FAM19A5	1.479292649
FAM200A	2.353367345
FAM200B	3.171846286
FAM201A	0.522907896
FAM201B	0
FAM204A	2.585669145
FAM204BP	0
FAM204CP	0.018651041
FAM205A	0.002834075
FAM205BP	0.002775607
FAM205C	0.010895331
FAM206A	7.028953839
FAM206BP	0
FAM207A	5.047514457
FAM207BP	0.094843313
FAM207CP	0
FAM208A	7.76528421
FAM208B	4.589657012
FAM209A	0.147436725
FAM209B	0.20704268
FAM20A	9.709666383
FAM20B	11.70431113
FAM20C	8.150782919
FAM210A	2.299636297
FAM210B	19.04721265
FAM210CP	0.041721144
FAM212A	2.832304042
FAM212B	2.611083219
FAM212B-AS1	0.061808377
FAM213A	6.578336575
FAM213AP1	0
FAM213AP2	0
FAM213B	7.128968967
FAM214A	4.722848768
FAM214B	5.145312641
FAM215A	0.031719121
FAM215B	0.065821173
FAM216A	1.213489705
FAM216B	12.72324625
FAM217A	0.026710573
FAM217B	1.844571484
FAM218A	0.456937641
FAM218BP	0
FAM219A	7.503517949
FAM219B	2.992353434
FAM21EP	0.126832932
FAM21FP	0.126222953
FAM220A	4.704594645
FAM220BP	0
FAM220CP	0.216136612
FAM221A	1.119047454
FAM221B	0.091149213
FAM222A	0.386049489
FAM222A-AS1	0.067269485
FAM222B	4.217164753
FAM223A	0
FAM223B	0
FAM224A	0
FAM224B	0.011785402
FAM225A	0.102073172
FAM225B	0.02101547
FAM226B	0
FAM227A	0.73747472
FAM227B	0.634500978
FAM228A	0.195601248
FAM228B	1.432199626
FAM229A	0.883843003
FAM229B	5.28775714
FAM230A	0
FAM230B	0
FAM230C	0
FAM231BP	0
FAM234A	9.644918075
FAM234B	2.300859489
FAM236A	0
FAM236B	0
FAM236D	0
FAM237A	0
FAM238A	0.087801784
FAM238B	0.009303783
FAM239A	0.199520586
FAM239B	0.003236208
FAM239C	0.005653432
FAM241A	3.332155881
FAM241B	4.180681299
FAM24A	0
FAM24B	0.590051114
FAM25A	0
FAM25BP	0
FAM25C	0
FAM25E	0.020363892
FAM25G	0
FAM27B	0
FAM27C	0.155506082
FAM27D1	0.035114277
FAM27E2	0.02971208
FAM27E3	0.030066462
FAM27E4	0
FAM27E5	0
FAM30A	0.062995382
FAM30B	0
FAM30C	0
FAM32A	35.35468414
FAM32BP	0.111906246
FAM35A	6.116829165
FAM35BP	0.013194455
FAM35CP	0.00484776
FAM35DP	0.079473241
FAM3A	7.577093322
FAM3B	1.952964544
FAM3C	8.26140829
FAM3C2	2.408859997
FAM3D	1.803396446
FAM3D-AS1	0.058338457
FAM41AY1	0
FAM41AY2	0
FAM41C	0.097201163
FAM43A	12.56450483
FAM43B	0.13966526
FAM45A	1.731667872
FAM45BP	0.073731332
FAM46A	4.998879549
FAM46B	18.20872461
FAM46C	10.14174919
FAM46D	0.003737194
FAM47A	0
FAM47B	0
FAM47C	0
FAM47DP	0
FAM47E	0.643531532
FAM47E-STBD1	0.029547115
FAM49A	9.934349622
FAM49B	7.468157869
FAM50A	21.28912791
FAM50B	4.865199337
FAM53A	0.175132351
FAM53B	7.942260111
FAM53B-AS1	0.081640693
FAM53C	5.955567557
FAM57A	6.808555701
FAM57B	0.0146024
FAM58BP	0
FAM58CP	0
FAM58DP	0.019344052
FAM60BP	0.054592561
FAM60CP	0.108198509
FAM60DP	0
FAM66A	0.293959942
FAM66B	0.236682213
FAM66C	0.423880019
FAM66D	0.286957846
FAM66E	0.02107351
FAM69A	2.614826466
FAM69B	4.220115309
FAM69C	0
FAM71A	0.015584341
FAM71B	0
FAM71BP1	0
FAM71C	0.00666702
FAM71D	0.032663701
FAM71E1	0.994007586
FAM71E2	0
FAM71F1	0.00949938
FAM71F2	0.269032139
FAM72A	0.161425425
FAM72B	0.102645294
FAM72C	0.060663129
FAM72D	0.099907954
FAM74A1	0
FAM74A3	0.025368577
FAM74A4	0.018364982
FAM74A6	0.006644821
FAM74A7	0.016470383
FAM76A	5.209299548
FAM76B	2.051151472
FAM78A	2.695721543
FAM78B	0.280132143
FAM81A	0.420741805
FAM81B	5.552657847
FAM83A	0.130790536
FAM83A-AS1	0.00888936
FAM83B	0.102083089
FAM83C	0.007614606
FAM83C-AS1	0
FAM83D	1.14176021
FAM83E	9.445657086
FAM83F	0.142468962
FAM83G	4.580696611
FAM83H	10.48516397
FAM84A	4.090344135
FAM84B	10.28334325
FAM85B	0.015118647
FAM86B1	0.58851262
FAM86B2	0.157782891
FAM86B3P	0.646643463
FAM86C1	1.164359637
FAM86C2P	0.98903148
FAM86DP	1.522338497
FAM86EP	0.637279671
FAM86FP	2.54175786
FAM86GP	0.369947527
FAM86HP	1.049217822
FAM86JP	0.480099563
FAM86KP	0.121316801
FAM86LP	0
FAM86MP	0
FAM87A	0.029069444
FAM87B	0.067649538
FAM89A	11.44879426
FAM89B	10.25753526
FAM8A1	13.748174
FAM8A2P	0
FAM8A3P	0
FAM8A4P	0.118456405
FAM8A6P	0
FAM90A1	0.245329532
FAM90A10P	0.00858349
FAM90A11P	0.005398543
FAM90A12P	0
FAM90A13P	0
FAM90A14P	0
FAM90A15P	0
FAM90A16P	0
FAM90A17P	0
FAM90A18P	0
FAM90A19P	0
FAM90A20P	0.137335837
FAM90A21P	0
FAM90A22P	0
FAM90A23P	0
FAM90A24P	0
FAM90A25P	0.103001878
FAM90A26	0
FAM90A27P	0
FAM90A28P	0
FAM90A2P	0.049417946
FAM90A3P	0
FAM90A4P	0
FAM90A5P	0
FAM90A6P	0
FAM90A7P	0
FAM90A8P	0
FAM90A9P	0
FAM91A1	7.143729642
FAM91A3P	0
FAM92A	1.542114199
FAM92A1P1	0.13453897
FAM92A1P2	0.00487738
FAM92B	11.36394996
FAM95B1	0.007556461
FAM96A	10.64188283
FAM96AP1	0
FAM96AP2	0.100410636
FAM96B	43.03914215
FAM98A	5.411523168
FAM98B	5.440806209
FAM98C	2.364585303
FAM99A	0.027743207
FAM99B	0
FAM9A	0
FAM9B	0.001749813
FAM9C	0.008176148
FAN1	2.29465618
FANCA	0.480877322
FANCB	0.100558987
FANCC	2.188366806
FANCD2	0.740333681
FANCD2OS	0
FANCD2P2	0
FANCE	2.030042395
FANCF	2.36450112
FANCG	2.044255242
FANCI	1.204180949
FANCL	5.937340835
FANCM	0.588234626
FANK1	3.644558911
FANK1-AS1	0
FAP	1.684186603
FAR1	8.562640447
FAR1-IT1	0.032537957
FAR1P1	0
FAR2	3.587100836
FAR2P1	0.002965689
FAR2P2	0.022322834
FAR2P3	0.006953524
FAR2P4	0.003050693
FARP1	3.383249011
FARP1-AS1	0.259497765
FARP2	2.905222172
FARS2	7.756849736
FARSA	16.40458245
FARSA-AS1	0.049684516
FARSB	8.291857541
FARSBP1	0
FAS	8.275934168
FASLG	0.501029394
FASN	55.76383324
FASTK	10.80017325
FASTKD1	2.679414161
FASTKD2	5.034621317
FASTKD3	2.217091086
FASTKD5	7.382697229
FAT1	5.293060973
FAT1P1	0
FAT2	0.304764963
FAT3	0.552119182
FAT4	2.974736089
FATE1	0.435620116
FAU	140.7492623
FAUP1	0.404916803
FAUP2	0
FAXC	0.533910437
FAXDC2	11.19471531
FBF1	0.798738935
FBL	33.13419827
FBLIM1	15.66314896
FBLL1	0.031531187
FBLN1	45.20475408
FBLN2	8.711733798
FBLN5	60.26712783
FBLN7	0.780910976
FBN1	10.86508801
FBN2	0.059887989
FBN3	0.423878241
FBP1	189.3222219
FBP2	0.302790003
FBP2P1	0.022592393
FBRS	13.30440923
FBRSL1	4.930533185
FBXL12	7.201645201
FBXL13	0.462949635
FBXL14	5.69116902
FBXL15	4.349972288
FBXL16	0.576335401
FBXL17	3.508925358
FBXL18	0.979003698
FBXL19	3.228005281
FBXL19-AS1	0.557633553
FBXL2	1.393629923
FBXL20	2.823721643
FBXL21	0
FBXL22	0.182226966
FBXL3	9.500385189
FBXL4	2.751873184
FBXL5	31.53607572
FBXL6	3.345615441
FBXL7	5.905578929
FBXL8	1.327465496
FBXO10	0.884520253
FBXO11	6.403381694
FBXO15	1.087664433
FBXO16	0.385868062
FBXO17	2.307885827
FBXO18	9.541868092
FBXO2	3.361744209
FBXO21	10.02856462
FBXO22	1.363597979
FBXO24	0.267834066
FBXO25	3.186637482
FBXO27	1.377872809
FBXO28	7.546135883
FBXO3	3.448071863
FBXO30	2.29005965
FBXO31	3.986047893
FBXO32	1.625674669
FBXO33	5.24890539
FBXO34	10.12847646
FBXO36	2.158045999
FBXO36-IT1	0.020573829
FBXO36P1	0.025422438
FBXO38	6.124268816
FBXO39	0.135414995
FBXO3-AS1	0.031020643
FBXO4	3.146444226
FBXO40	0.006058679
FBXO41	0.529120557
FBXO42	4.075734092
FBXO43	0.060627688
FBXO44	4.026403859
FBXO45	2.512609815
FBXO46	4.003742726
FBXO47	0.00520155
FBXO48	0.380394334
FBXO5	1.440125069
FBXO6	7.577121854
FBXO7	15.19616163
FBXO8	7.295172149
FBXO9	6.959392407
FBXW10	0.2263871
FBXW11	11.99543857
FBXW11P1	0.056864164
FBXW12	0.051493556
FBXW2	8.429512092
FBXW4	14.77851031
FBXW4P1	0.304830814
FBXW5	22.35729876
FBXW7	2.07539472
FBXW7-AS1	0.160940434
FBXW8	4.206756905
FBXW9	5.431899529
FCAMR	0.013526087
FCAR	0.688275439
FCER1A	11.47034217
FCER1G	120.3980029
FCER2	0.03419738
FCF1	8.001143346
FCF1P1	0.062910516
FCF1P10	0
FCF1P2	7.68141363
FCF1P3	0.020294862
FCF1P4	0
FCF1P5	0.099369032
FCF1P6	0
FCF1P7	0.085834898
FCF1P8	0.040113797
FCF1P9	0
FCGBP	0.62267222
FCGR1A	4.716896787
FCGR1B	0.84238973
FCGR1CP	0.994279693
FCGR2A	27.94076157
FCGR2B	1.741258595
FCGR2C	0.468255744
FCGR3A	84.06282293
FCGR3B	0.475373945
FCGRT	69.25561922
FCHO1	1.131365463
FCHO2	11.19615871
FCHSD1	2.624296363
FCHSD2	11.01383515
FCMR	2.320338833
FCN1	5.218928968
FCN2	0.04531303
FCN3	4.464682229
FCRL1	0.103459955
FCRL2	0.026040659
FCRL3	0.208784397
FCRL4	0
FCRL5	0.07520489
FCRL6	0.963834963
FCRLA	0.047530256
FCRLB	0.37418651
FDCSP	0.021155421
FDFT1	23.94333301
FDPS	22.06070008
FDPSP1	0
FDPSP2	0.026697811
FDPSP3	0
FDPSP4	0.01141465
FDPSP5	0
FDPSP6	0
FDPSP7	0.045442005
FDPSP8	0
FDX1	9.882445457
FDX1P1	0.08692536
FDX1P2	0
FDX2	1.196523456
FDXACB1	0.613703811
FDXR	3.636439944
FECH	4.229570741
FECHP1	0
FEM1A	0.360729369
FEM1AP1	0
FEM1AP2	0.011991956
FEM1AP3	0
FEM1AP4	0
FEM1B	10.80805278
FEM1C	10.32693002
FEN1	4.203935604
FEN1P1	0
FENDRR	3.011554354
FER	2.316691091
FER1L4	0.162434995
FER1L5	0.122311657
FER1L6	0.088944961
FER1L6-AS1	0
FER1L6-AS2	0
FERD3L	0
FERMT1	0.375373517
FERMT2	18.16778834
FERMT3	22.95986943
FERP1	0.317091216
FES	9.908126712
FETUB	0
FEV	0.011687622
FEZ1	5.259913987
FEZ2	6.297787537
FEZF1	0.013752644
FEZF1-AS1	0.021685424
FEZF2	0
FFAR1	0.119169741
FFAR2	0.473609728
FFAR3	0.012909939
FFAR4	3.736703902
FGA	3.256822522
FGB	0.02653021
FGD1	2.63847442
FGD2	3.377726084
FGD3	4.712335914
FGD4	6.557575455
FGD5	12.10195256
FGD5-AS1	28.0014901
FGD5P1	0.061896967
FGD6	3.600297121
FGF1	0.537977344
FGF10	0.469255483
FGF10-AS1	0.050576424
FGF11	0.040881473
FGF12	0.594221405
FGF12-AS1	0
FGF12-AS2	0.041289546
FGF12-AS3	0.041147657
FGF13	0.366875841
FGF13-AS1	0.094118528
FGF14	0.990360922
FGF14-AS1	0.044595785
FGF14-AS2	2.631151322
FGF14-IT1	0.02516597
FGF16	0
FGF17	0.06921369
FGF18	1.416859291
FGF19	0
FGF2	2.412467415
FGF20	0.021280749
FGF21	0
FGF22	0.062423531
FGF23	0.003967518
FGF3	0
FGF4	0
FGF5	0
FGF6	0
FGF7	2.624308211
FGF7P1	0
FGF7P2	0
FGF7P3	1.69927603
FGF7P4	0
FGF7P5	0
FGF7P6	0.032177275
FGF7P7	0
FGF7P8	0.369060667
FGF8	0
FGF9	0.195213407
FGFBP1	3.00450566
FGFBP2	3.09407341
FGFBP3	0.60222709
FGFR1	7.298670238
FGFR1OP	0.660349463
FGFR1OP2	7.297482945
FGFR1OP2P1	0
FGFR2	10.82711614
FGFR3	6.450188967
FGFR3P1	0
FGFR3P5	0
FGFR3P6	0
FGFR4	18.66391788
FGFRL1	6.765508751
FGG	20.49544242
FGGY	1.970351182
FGL1	0.043528512
FGL2	8.891254569
FGR	18.60893923
FH	20.13549666
FHAD1	1.60837372
FHDC1	10.0397538
FHIT	0.931235263
FHL1	69.56761776
FHL2	3.035959365
FHL3	12.27272001
FHL5	7.857390912
FHOD1	14.15085213
FHOD3	0.921537046
FHP1	0.017032672
FIBCD1	0.887655181
FIBIN	13.78427414
FIBP	11.42758681
FICD	2.068154357
FIG4	12.29398528
FIGLA	0.099506662
FIGN	0.416716258
FIGNL1	1.148873002
FIGNL2	0.116252119
FILIP1	6.241091497
FILIP1L	23.50573348
FILNC1	0.045571716
FIP1L1	4.284171949
FIRRE	0.102236751
FIS1	43.33976161
FITM1	0.512538865
FITM2	3.878450904
FIZ1	2.4106649
FJX1	1.730116237
FKBP10	12.02721085
FKBP11	2.782733808
FKBP14	2.517995588
FKBP15	8.982641504
FKBP1A	92.44163735
FKBP1AP1	0.112961965
FKBP1AP2	0.042310842
FKBP1AP3	0
FKBP1B	3.298731877
FKBP1BP1	0
FKBP1C	0.500495192
FKBP2	31.22316487
FKBP3	12.15924191
FKBP4	9.918976448
FKBP4P1	0
FKBP4P2	0
FKBP4P6	0
FKBP4P7	0
FKBP4P8	0
FKBP5	9.663222258
FKBP6	0.043647515
FKBP7	3.603853448
FKBP8	80.01350564
FKBP9	28.16777612
FKBP9P1	0.214686534
FKBPL	2.53723492
FKRP	4.322034614
FKTN	1.963361088
FLAD1	5.035084956
FLCN	5.509787378
FLG	0.028180674
FLG2	0.00131236
FLG-AS1	0.065388983
FLI1	9.48598517
FLII	32.21951317
FLNA	195.6830357
FLNB	27.89749238
FLNB-AS1	0.639214269
FLNC	2.103186243
FLNC-AS1	0.021420337
FLOT1	59.70071768
FLOT2	48.91523983
FLRT1	0.039417976
FLRT2	0.270022438
FLRT3	19.80895797
FLT1	9.868267266
FLT1P1	0.045355941
FLT3	0.351244081
FLT3LG	0.530119468
FLT4	6.867582138
FLVCR1	1.626392777
FLVCR1-AS1	0.441186938
FLVCR2	11.35248206
FLYWCH1	3.227097528
FLYWCH1P1	0
FLYWCH2	12.44766376
FMC1	3.551334432
FMN1	1.317589621
FMN2	0.086490329
FMNL1	11.64680206
FMNL2	16.8414351
FMNL3	6.903941797
FMO1	0.149591497
FMO10P	0
FMO11P	0
FMO2	57.95638642
FMO3	9.968510143
FMO4	2.692596766
FMO5	8.739436607
FMO6P	0.557588106
FMO7P	0
FMO8P	0
FMO9P	0.004768605
FMOD	35.07540686
FMR1	5.83166305
FMR1-AS1	0.005016325
FMR1-IT1	0.384004814
FMR1NB	0.010421208
FN1	250.4851822
FN3K	4.292321283
FN3KRP	13.69086851
FNBP1	9.987378109
FNBP1L	12.04418475
FNBP1P1	0.28223496
FNBP4	9.232692518
FNDC1	0.864767189
FNDC10	3.491689559
FNDC11	0.462442914
FNDC1-IT1	0
FNDC3A	10.56160623
FNDC3B	8.568560891
FNDC3CP	0
FNDC4	2.996512755
FNDC5	0.419603859
FNDC7	0.003593628
FNDC8	0.069014227
FNDC9	0
FNIP1	3.235474186
FNIP2	9.547884554
FNTA	5.414675857
FNTAP2	0.037772771
FNTB	2.116978186
FO082796.1	0
FO082842.1	0
FO393401.1	0.285434286
FO393401.2	0
FO393408.1	0
FO393409.1	0.061091675
FO393411.1	1.02634014
FO393412.1	0
FO393413.1	0
FO393414.1	0
FO393414.2	0
FO393415.1	0.28142808
FO393415.2	0
FO393415.3	0
FO393418.1	0.140870215
FO393419.1	0
FO393419.2	0.027976561
FO393419.3	0.424608805
FO393422.1	0
FO538757.1	1.135774996
FO538757.2	0
FO680682.1	0
FO681491.1	0
FO681492.1	0.65221941
FO681548.1	0.010577711
FO704657.1	0.089804762
FOCAD	4.122166251
FOCAD-AS1	0.084921761
FOLH1	0.701404001
FOLH1B	0
FOLR1	114.644862
FOLR2	15.88918534
FOLR3	3.422359136
FOPNL	12.50981716
FOS	99.59693897
FOSB	200.922455
FOSL1	13.01463116
FOSL1P1	0.044021942
FOSL2	51.39085992
FOXA1	7.132660176
FOXA2	14.12679857
FOXA3	0.562645409
FOXB1	0.003312301
FOXB2	0
FOXC1	4.864615244
FOXC2	0.550860527
FOXC2-AS1	0
FOXCUT	0.107873588
FOXD1	0.087685691
FOXD1-AS1	0
FOXD2	0.220269791
FOXD2-AS1	0.601323239
FOXD3	0
FOXD3-AS1	0
FOXD4	0.218370243
FOXD4L1	0.091330951
FOXD4L3	0.005872471
FOXD4L4	0.016108478
FOXD4L5	0.007702778
FOXD4L6	0
FOXE1	0.089925816
FOXE3	0.006044406
FOXF1	6.000606415
FOXF2	7.051884398
FOXG1	0
FOXG1-AS1	0
FOXH1	0.023919234
FOXI1	0.217520185
FOXI2	0.163772025
FOXI3	0.008540634
FOXJ1	28.15084029
FOXJ2	6.243732203
FOXJ3	8.838466667
FOXK1	3.435896962
FOXK2	5.152245996
FOXL1	0.659176235
FOXL2	0
FOXL2NB	0
FOXM1	0.574378965
FOXN1	0.144859666
FOXN2	5.271517154
FOXN3	8.341513677
FOXN3-AS1	1.767744624
FOXN3-AS2	0
FOXN3P1	0
FOXN4	0.196633879
FOXO1	14.06750673
FOXO1B	0
FOXO3	13.97298982
FOXO3B	0.29189653
FOXO4	8.34391409
FOXO6	0.484351512
FOXP1	7.643201518
FOXP1-AS1	0.153951021
FOXP1-IT1	0.013533731
FOXP2	0.521992789
FOXP3	0.339269975
FOXP4	12.50959476
FOXP4-AS1	0.320502364
FOXQ1	4.782605416
FOXR1	0.01935969
FOXR2	0
FOXRED1	3.217329295
FOXRED2	2.898486142
FOXS1	3.022995789
FP236240.1	0
FP236240.2	0
FP236240.3	0
FP236241.1	0.001539466
FP236241.2	0
FP236315.1	0
FP236315.2	0
FP236315.3	0
FP236383.1	0
FP236383.2	0
FP236383.3	0.01297288
FP325317.1	0.007123122
FP325318.1	0
FP325330.1	0
FP325330.2	0
FP325330.3	0
FP325331.1	0.034707155
FP325332.1	0.017565724
FP325335.1	0.03392059
FP475955.1	0
FP475955.2	0
FP475955.3	0
FP475955.4	0.00601707
FP565260.1	0.63382276
FP565260.2	0
FP565260.3	0.559997922
FP565260.4	0
FP565260.5	0.024997846
FP565260.6	0.478033506
FP565260.7	0.511178466
FP671120.1	0.076694753
FP671120.2	0
FP671120.3	0
FP671120.4	0.272430481
FP700107.1	0
FP700111.1	0
FP700111.2	0
FP885919.1	0
FPGS	14.37729087
FPGT	2.695575162
FPGT-TNNI3K	0.186813355
FPR1	27.49304365
FPR2	9.375293562
FPR3	17.67153836
FRA10AC1	2.079487986
FRAS1	4.590638126
FRAT1	2.264612352
FRAT2	3.414177135
FREM1	1.141543531
FREM2	2.209091237
FREM2-AS1	0
FREM3	0.678100695
FRG1	12.7525919
FRG1BP	6.946414698
FRG1-DT	0.077955523
FRG1HP	4.087268027
FRG1JP	0.475871995
FRG1KP	0.035114277
FRG2	0
FRG2B	0
FRG2C	0
FRG2DP	0
FRG2FP	0
FRG2GP	0
FRG2HP	0
FRG2IP	0
FRG2JP	0
FRG2KP	0
FRG2LP	0
FRG2MP	0
FRGCA	0
FRK	1.181105717
FRMD1	0.01655006
FRMD3	1.969815631
FRMD4A	2.994689569
FRMD4B	7.820883732
FRMD5	0.039755468
FRMD6	2.435232509
FRMD6-AS1	0.102066127
FRMD6-AS2	0.013057763
FRMD7	0
FRMD8	12.47739596
FRMD8P1	0.007856935
FRMPD1	0.04489983
FRMPD2	0.372665426
FRMPD2B	0.168897845
FRMPD3	0.039224618
FRMPD3-AS1	0
FRMPD4	0.073442599
FRMPD4-AS1	0
FRRS1	1.043233536
FRRS1L	0.027754715
FRS2	4.568361561
FRS3	1.671663175
FRY	5.42436598
FRY-AS1	0.010738985
FRYL	3.692061514
FRZB	21.09266397
FSBP	0
FSCB	0.004075551
FSCN1	22.81929604
FSCN1P1	0.016170112
FSCN2	0.62271752
FSCN3	0.05215792
FSD1	0.042338043
FSD1L	0.806184967
FSD2	0.012824017
FSHB	0
FSHR	0.015109108
FSIP1	0.251571005
FSIP2	0.030236021
FSIP2-AS1	0.122461039
FST	2.101191474
FSTL1	50.5809948
FSTL3	44.23301669
FSTL4	0.142250886
FSTL5	0.015652246
FTCD	0.025314944
FTCD-AS1	0
FTCDNL1	0.649990155
FTH1	373.8001574
FTH1P1	0.090029837
FTH1P10	0.566510328
FTH1P11	2.194865334
FTH1P12	0.804059578
FTH1P14	0
FTH1P15	0.726990933
FTH1P16	2.277657015
FTH1P18	0
FTH1P19	0.045355941
FTH1P2	2.731924808
FTH1P20	5.528127703
FTH1P21	0.093729693
FTH1P22	0.552644691
FTH1P23	3.374481977
FTH1P24	0
FTH1P25	0
FTH1P26	0
FTH1P27	0
FTH1P3	1.722283112
FTH1P4	0.519665894
FTH1P5	1.14247037
FTH1P6	0
FTH1P7	6.203903868
FTH1P8	4.286401105
FTH1P9	0
FTHL17	0
FTL	6352.094722
FTLP1	0
FTLP10	0
FTLP12	0.053336162
FTLP13	0
FTLP14	2.276043562
FTLP15	0.022507459
FTLP16	0
FTLP17	0.091230235
FTLP18	0
FTLP19	0
FTLP2	1.950305444
FTLP3	7.256950488
FTLP4	0
FTLP5	0.044846323
FTLP6	0
FTLP8	0
FTMT	0
FTO	5.412425664
FTOP1	0.403304391
FTSJ1	9.434920012
FTSJ3	12.70223921
FTX	0.667824064
FUBP1	13.64347677
FUBP3	9.760512752
FUCA1	37.74110577
FUCA1P1	0.017726082
FUCA2	21.21274442
FUK	2.80713153
FUNDC1	5.657464653
FUNDC2	5.86201199
FUNDC2P1	0.525174048
FUNDC2P2	0
FUNDC2P3	0
FUNDC2P4	0.02844173
FUOM	7.740182004
FURIN	45.47727345
FUS	28.60221565
FUT1	1.475034088
FUT10	1.193979358
FUT11	5.00663074
FUT2	0.726231806
FUT3	1.336431972
FUT4	1.671889286
FUT5	0
FUT6	0.118390581
FUT7	0.162186103
FUT8	2.889836828
FUT8-AS1	0.165321061
FUT9	0.001745604
FUZ	7.245265568
FXN	2.281531899
FXNP1	0
FXNP2	0.065670759
FXR1	6.686309994
FXR2	11.47355541
FXYD1	2.461937409
FXYD2	0.085604778
FXYD3	34.62538345
FXYD4	0.941122055
FXYD5	26.39233843
FXYD6	9.658901619
FXYD6-FXYD2	0
FXYD6P1	0
FXYD6P2	0
FXYD6P3	0
FXYD7	0.113402485
FYB1	3.637338241
FYB2	2.27694066
FYCO1	9.72051997
FYN	9.917179525
FYTTD1	8.618273013
FYTTD1P1	0
FZD1	6.484824714
FZD10	0.412266429
FZD10-AS1	0.196823796
FZD2	2.500246223
FZD3	0.396034638
FZD4	7.758833045
FZD5	7.552453772
FZD6	18.42194287
FZD7	4.958383351
FZD8	2.784021911
FZD9	0.09218624
FZR1	7.503851906
G0S2	29.2435831
G2E3	1.339082955
G2E3-AS1	0.028697348
G3BP1	11.29448469
G3BP2	22.31762323
G6PC	0.003632879
G6PC2	0.019158349
G6PC3	9.679681256
G6PD	17.03280043
GAA	39.23355713
GAB1	5.310719414
GAB2	13.99350335
GAB3	2.96169474
GAB4	0
GABARAP	26.16729526
GABARAPL1	34.71454443
GABARAPL2	27.59459011
GABARAPL3	0
GABBR1	2.995612614
GABBR2	0.287040359
GABPA	6.4909539
GABPAP	0.00883036
GABPB1	3.036890819
GABPB1-AS1	1.335474898
GABPB2	1.738303811
GABRA1	0.013076776
GABRA2	0.008029484
GABRA3	0.022845635
GABRA4	0.011844664
GABRA5	0.002882515
GABRA6	0
GABRB1	0.015253463
GABRB2	0.192742341
GABRB3	0.288767342
GABRD	1.695484101
GABRE	1.909705931
GABRG1	0
GABRG2	0
GABRG3	0.001901384
GABRG3-AS1	0
GABRP	0.878419229
GABRQ	0.019400467
GABRR1	0
GABRR2	0.198671223
GABRR3	0
GACAT1	0
GACAT2	0.014638103
GACAT3	0
GAD1	0.03922557
GAD2	0
GADD45A	21.19317155
GADD45B	181.3400934
GADD45G	9.58279763
GADD45GIP1	16.3281386
GADL1	0.027770459
GAGE1	0
GAGE10	0.022256447
GAGE12B	0
GAGE12C	0
GAGE12D	0
GAGE12E	0
GAGE12F	0
GAGE12G	0
GAGE12H	0
GAGE12J	0
GAGE13	0
GAGE2A	0
GAGE2E	0
GAK	6.74271498
GAL	0.036842979
GAL3ST1	0.480228759
GAL3ST2	0.148582088
GAL3ST3	0.009652534
GAL3ST4	2.495604816
GALC	10.72130701
GALE	9.749543324
GALK1	4.899759428
GALK2	2.125772889
GALM	11.45895892
GALNS	3.571383548
GALNT1	16.09220984
GALNT10	9.471025617
GALNT11	6.555007845
GALNT12	8.397427565
GALNT13	2.21114384
GALNT14	0.233344248
GALNT15	2.684074952
GALNT16	0.594153584
GALNT17	1.303121807
GALNT18	22.10578764
GALNT2	10.46311114
GALNT3	7.836995474
GALNT4	0.121979673
GALNT5	6.469947087
GALNT6	3.210659802
GALNT7	3.395967413
GALNT8	0.039011626
GALNT9	0.018899936
GALNTL5	0.003601193
GALNTL6	0.01813845
GALP	0
GALR1	0.008138439
GALR2	0.008778569
GALR3	0
GALT	4.692317509
GAMT	3.00207926
GAMTP2	0
GAN	0.697950379
GANAB	76.06459198
GANC	4.266423069
GAP43	0.017212221
GAPDH	208.3494586
GAPDHP1	3.193058215
GAPDHP14	0.140569532
GAPDHP15	0.073685959
GAPDHP16	0
GAPDHP17	0
GAPDHP19	0
GAPDHP2	0.179969464
GAPDHP20	0
GAPDHP21	0.011855414
GAPDHP22	0.028992659
GAPDHP23	0.048233508
GAPDHP24	0
GAPDHP25	0
GAPDHP26	0
GAPDHP27	0
GAPDHP28	0
GAPDHP29	0
GAPDHP31	0
GAPDHP32	0.047991857
GAPDHP33	0.023640609
GAPDHP34	0
GAPDHP35	0.699299378
GAPDHP36	0
GAPDHP37	0.012369802
GAPDHP38	0.047800273
GAPDHP39	0.012230815
GAPDHP40	0.130928083
GAPDHP41	0.012280993
GAPDHP42	0.15867644
GAPDHP44	0.011890733
GAPDHP45	0.034309365
GAPDHP46	0
GAPDHP47	0
GAPDHP48	0
GAPDHP49	0.024919809
GAPDHP50	0
GAPDHP51	0.011973968
GAPDHP52	0.114400971
GAPDHP53	0
GAPDHP54	0
GAPDHP55	0
GAPDHP56	0
GAPDHP57	0
GAPDHP58	0
GAPDHP59	0.13453897
GAPDHP60	0.168477946
GAPDHP61	0.095315171
GAPDHP62	0.060474587
GAPDHP63	0.071344399
GAPDHP64	0.011938154
GAPDHP65	0.178538295
GAPDHP66	0.012382594
GAPDHP67	0
GAPDHP68	0
GAPDHP69	0.011878937
GAPDHP70	0.011458343
GAPDHP71	0.059690769
GAPDHP72	0.047421657
GAPDHP73	0.0356722
GAPDHP74	0.057475048
GAPDHP75	0
GAPDHP76	0.073610461
GAPDHS	0.015765594
GAPLINC	1.230436324
GAPT	1.627991413
GAPVD1	5.553284824
GAR1	7.690026566
GAREM1	3.154874842
GAREM2	0.512104386
GARNL3	0.676816362
GARS	17.66391037
GARSP1	0
GART	5.297218078
GAS1	3.638358251
GAS1RR	0.191059444
GAS2	0.749857465
GAS2L1	9.43274004
GAS2L1P1	0
GAS2L1P2	0.015880595
GAS2L2	3.563586453
GAS2L3	0.959819492
GAS5	20.08302588
GAS5-AS1	1.259509634
GAS6	52.541119
GAS6-AS1	0.786684206
GAS6-AS2	1.104156913
GAS7	8.039156345
GAS8	5.10306432
GAS8-AS1	0.598698415
GASAL1	0.427490562
GAST	0.025476528
GATA1	0.343253758
GATA2	4.696674269
GATA2-AS1	1.279740809
GATA3	0.636795732
GATA3-AS1	0
GATA4	0.005390037
GATA5	1.093576296
GATA6	11.58242409
GATA6-AS1	1.274245667
GATAD1	9.66964796
GATAD2A	10.49035162
GATAD2B	5.184769908
GATB	1.120299833
GATC	4.045479115
GATD1	7.740703286
GATM	1.584153844
GBA	11.70481661
GBA2	13.05843139
GBA3	0.347130732
GBAP1	0.350441633
GBE1	4.422796261
GBF1	16.00375586
GBGT1	3.321623311
GBP1	20.35958393
GBP1P1	1.858205115
GBP2	12.8706804
GBP3	8.724806787
GBP4	12.09513462
GBP5	1.385174769
GBP6	1.158512501
GBP7	0.034155574
GBX1	0
GBX2	0.020689362
GC	0
GCA	11.71252795
GCAT	2.458533416
GCC1	5.877736999
GCC2	4.378675204
GCC2-AS1	0.164848124
GCDH	3.919911288
GCFC2	3.334744696
GCG	0
GCGR	0.014778116
GCH1	5.132860016
GCHFR	10.69132245
GCK	0.052288071
GCKR	0.045673115
GCLC	2.518452509
GCLM	4.891211407
GCM1	0.004330549
GCM2	0.004905354
GCN1	12.20590658
GCNA	0.449726509
GCNT1	2.145420903
GCNT1P1	0.046231538
GCNT1P2	0
GCNT1P3	0.083297171
GCNT1P4	0
GCNT1P5	0
GCNT2	3.019948038
GCNT2P	0.076920567
GCNT3	0.08506603
GCNT4	1.660056823
GCNT7	0.081218777
GCOM1	0.154245648
GCOM2	0.054229929
GCSAM	1.117317159
GCSAML	0.32749315
GCSH	1.140074642
GCSHP1	0
GCSHP2	0
GCSHP3	0
GCSHP4	0.081826663
GCSHP5	0.06881591
GDA	0.156037289
GDAP1	2.443847924
GDAP1L1	0.017686807
GDAP2	1.541237727
GDE1	21.09544235
GDF1	0
GDF10	9.289811863
GDF11	1.452312201
GDF15	5.685770288
GDF2	0
GDF3	0.241605494
GDF5	0.896011234
GDF5OS	0.048337819
GDF6	0.035588666
GDF7	0.196516046
GDF9	0.171630531
GDI1	22.88859581
GDI2	51.70212846
GDI2P1	0
GDI2P2	0.019694027
GDNF	0.025220153
GDNF-AS1	0.043907994
GDPD1	0.931308646
GDPD2	0.040851294
GDPD3	2.019934368
GDPD4	0.01126785
GDPD5	1.934377772
GDPGP1	0.963637117
GEM	12.92356549
GEMIN2	2.142262102
GEMIN2P1	0.01592283
GEMIN2P2	0
GEMIN4	5.265547878
GEMIN5	4.358804854
GEMIN6	1.781954926
GEMIN7	4.289369325
GEMIN7-AS1	0.669203817
GEMIN8	5.972164885
GEMIN8P2	0
GEMIN8P3	0
GEMIN8P4	0.525606291
GEN1	0.854487972
GET4	0.577379777
GFAP	0.007869844
GFER	4.643422022
GFI1	0.471558885
GFI1B	0.058368926
GFM1	4.939659644
GFM2	5.509109554
GFOD1	1.994540856
GFOD1-AS1	0.03606617
GFOD2	4.069547909
GFPT1	8.0128078
GFPT2	5.561131723
GFRA1	2.104538137
GFRA2	0.569789954
GFRA3	1.479862684
GFRA4	0
GFRAL	0
GFY	0.006382712
GGA1	7.257996158
GGA2	29.29701709
GGA3	7.768652931
GGACT	0.905709998
GGCT	13.33856582
GGCX	6.677941875
GGH	2.628152149
GGN	0.181053056
GGNBP1	0.027573905
GGNBP2	8.014645041
GGPS1	8.251947178
GGT1	11.75792918
GGT2	0.510929784
GGT3P	0.091637513
GGT4P	0.056084161
GGT5	6.958113726
GGT6	5.420673409
GGT7	8.372896246
GGT8P	0
GGTA1P	5.376447444
GGTA2P	0.010643527
GGTLC1	45.48984519
GGTLC2	3.04951349
GGTLC3	0.742188118
GGTLC4P	1.027885833
GGTLC5P	0.011997964
GH1	0.010011679
GH2	0
GHDC	9.91226488
GHET1	0.100515998
GHITM	62.42376422
GHR	1.717295303
GHRH	0
GHRHR	0.007815906
GHRL	0.382888521
GHRLOS	0.18184765
GHSR	0
GID4	2.307459535
GID8	11.83407339
GIF	0.014911542
GIGYF1	7.590592816
GIGYF2	5.648721333
GIMAP1	3.866954271
GIMAP1-GIMAP5	0.010587063
GIMAP2	5.487355051
GIMAP3P	0.143229286
GIMAP4	24.4557246
GIMAP5	1.223008535
GIMAP6	20.00659463
GIMAP7	42.91943098
GIMAP8	22.4225721
GIMD1	0
GIN1	1.165328814
GINM1	28.11325833
GINS1	0.403253112
GINS2	0.451224909
GINS3	0.633295092
GINS4	0.269004219
GIP	0
GIPC1	26.38048603
GIPC2	3.444813937
GIPC3	2.809117824
GIPR	1.026484614
GIT1	11.31524068
GIT2	2.582776652
GJA1	166.8903867
GJA10	0
GJA1P1	0.020951826
GJA3	0.006893476
GJA4	9.428541147
GJA5	19.3285746
GJA6P	0
GJA8	0
GJA9	0.0349265
GJB1	3.026976328
GJB2	0.463763091
GJB3	1.534995518
GJB4	0.092756093
GJB5	0.415333218
GJB6	0.042687944
GJB7	0.234018925
GJC1	1.587311272
GJC2	2.402267382
GJC3	0.257504695
GJD2	0
GJD3	0.027059815
GJD4	0.007578461
GJE1	0
GK	4.553638255
GK2	0
GK3P	0.050431876
GK5	2.209048438
GKAP1	1.792022467
GK-AS1	0.882873239
GK-IT1	0.452416938
GKN1	0.041684833
GKN2	24.70853351
GLA	11.7362285
GLB1	21.21236228
GLB1L	5.374419665
GLB1L2	2.8010533
GLB1L3	0.046851749
GLCCI1	5.674808799
GLCE	6.440297282
GLDC	0.079723586
GLDCP1	0
GLDN	4.617620756
GLE1	10.25273158
GLG1	14.43053682
GLI1	0.623762859
GLI2	0.669352266
GLI3	2.104743428
GLI4	2.451980425
GLIDR	0.404339682
GLIPR1	5.548912142
GLIPR1L1	0.224944491
GLIPR1L2	0.344370065
GLIPR2	58.73319642
GLIS1	0.034617962
GLIS2	11.7703385
GLIS2-AS1	1.056526615
GLIS3	1.54155259
GLIS3-AS1	0.326266166
GLMN	2.040923807
GLMP	8.458706507
GLO1	44.38310191
GLOD4	9.238526679
GLOD5	0.925415081
GLP1R	0.030850804
GLP2R	0.031656228
GLRA1	0.004919461
GLRA2	0.003224877
GLRA3	0
GLRA4	0.008797919
GLRB	1.311978603
GLRX	7.563765167
GLRX2	3.548866665
GLRX3	7.059849861
GLRX3P2	0.011535615
GLRX5	9.086747828
GLRXP1	0
GLRXP2	0
GLRXP3	0.522229147
GLS	15.75977471
GLS2	0.167710737
GLT1D1	0.939877328
GLT6D1	0
GLT8D1	11.54283206
GLT8D2	3.627698744
GLTP	25.40026882
GLTPD2	0.737399808
GLTPP1	0
GLUD1	42.15898474
GLUD1P2	0.286372934
GLUD1P3	1.129839422
GLUD1P4	0
GLUD1P8	0
GLUD1P9	0
GLUD2	0.730061445
GLUL	129.6826373
GLULP3	0.02296063
GLULP4	0.064031916
GLULP5	0
GLULP6	0
GLYAT	0.00769041
GLYATL1	0.008804388
GLYATL1B	0.013172682
GLYATL1P1	0.059609052
GLYATL1P2	0
GLYATL1P4	0.052865202
GLYATL2	0.052117381
GLYATL3	0
GLYCAM1	0
GLYCTK	1.60156297
GLYCTK-AS1	0.15494711
GLYR1	20.16311189
GM2A	30.05388517
GM2AP1	0
GM2AP2	0
GMCL1	3.841303526
GMCL1P2	0
GMCL2	0.007573667
GMDS	2.834914894
GMDS-AS1	0.329858883
GMEB1	3.450000777
GMEB2	5.136061612
GMFB	9.863567665
GMFBP1	0.02804208
GMFG	34.90130493
GMIP	10.99748159
GML	0
GMNC	0.075545541
GMNN	2.413170511
GMPPA	5.190741091
GMPPB	3.559156405
GMPR	5.26811688
GMPR2	15.40497076
GMPS	4.881228273
GMPSP1	0.062041287
GNA11	17.57729439
GNA12	13.1244084
GNA13	16.84191193
GNA14	3.291631126
GNA14-AS1	0.039583366
GNA15	9.004534145
GNAI1	5.938266666
GNAI2	68.03561834
GNAI2P1	0
GNAI2P2	0
GNAI3	3.553766629
GNAL	0.54162888
GNAO1	0.190353516
GNAQ	28.22525701
GNAQP1	0.269330121
GNAS	68.02508481
GNAS-AS1	0.032742599
GNAT1	0.017391385
GNAT2	0
GNAT3	0
GNAZ	1.406317632
GNB1	66.42128344
GNB1L	0.654558657
GNB2	74.51353955
GNB3	0.153289091
GNB4	7.560535496
GNB5	1.10810066
GNE	5.406540738
GNG10	7.805967266
GNG10P1	0
GNG11	31.93188864
GNG12	28.45971976
GNG12-AS1	0.314467854
GNG13	0.060843335
GNG2	5.295275841
GNG3	0.230790772
GNG4	0.037688847
GNG5	92.389072
GNG5P1	0
GNG5P2	0.347071545
GNG5P3	0
GNG5P5	0
GNG7	2.961332219
GNG8	0.166305115
GNGT1	0.005071566
GNGT2	2.140993741
GNL1	9.622383968
GNL2	11.27783159
GNL2P1	0
GNL3	15.22909772
GNL3L	3.612077731
GNL3LP1	0.072878687
GNLY	7.291915146
GNMT	0.871240231
GNPAT	15.57408358
GNPATP	0
GNPDA1	8.742417657
GNPDA2	2.589056643
GNPNAT1	4.778834944
GNPTAB	8.814931761
GNPTG	15.01854386
GNRH1	0.747523561
GNRH2	0.058196687
GNRHR	0.055332571
GNRHR2	0.210995036
GNRHR2P1	0
GNS	48.97817971
GOLGA1	4.838127749
GOLGA2	12.3782037
GOLGA2P1	0
GOLGA2P10	3.766555445
GOLGA2P11	0.006813715
GOLGA2P2Y	0
GOLGA2P3Y	0
GOLGA2P4	0.06164205
GOLGA2P5	1.350718703
GOLGA2P6	0
GOLGA2P7	0.475060797
GOLGA2P8	0.122967582
GOLGA2P9	0.009043783
GOLGA3	7.460179495
GOLGA4	10.05581375
GOLGA5	15.21184562
GOLGA5P1	0.012218335
GOLGA6A	0.006832507
GOLGA6B	0
GOLGA6C	0
GOLGA6D	0
GOLGA6L1	0
GOLGA6L10	0.177768352
GOLGA6L11P	0
GOLGA6L16P	0
GOLGA6L17P	0
GOLGA6L2	0
GOLGA6L22	0
GOLGA6L3	0.042789643
GOLGA6L4	0.051331109
GOLGA6L5P	0.138196608
GOLGA6L6	0
GOLGA6L7	0.00905404
GOLGA6L9	0.455214732
GOLGA7	18.53206332
GOLGA7B	0.70271508
GOLGA8A	4.464959737
GOLGA8B	1.879616407
GOLGA8CP	0
GOLGA8DP	0
GOLGA8EP	0
GOLGA8F	0
GOLGA8G	0
GOLGA8H	0.107191923
GOLGA8IP	0.032262424
GOLGA8J	0.004405434
GOLGA8K	0.014823854
GOLGA8M	0.087004311
GOLGA8M	0.02149725
GOLGA8N	0.177987164
GOLGA8O	0.005528148
GOLGA8Q	0.044825338
GOLGA8R	0.099940633
GOLGA8S	0.022026155
GOLGA8T	0.017420904
GOLGA8UP	0.006822774
GOLGA8VP	0.1598305
GOLGB1	14.2658252
GOLIM4	17.24333891
GOLM1	11.25830235
GOLPH3	41.15003614
GOLPH3L	9.412999416
GOLT1A	7.483730191
GOLT1B	9.107673966
GON4L	3.854242994
GON7	10.32417545
GOPC	7.519871933
GORAB	2.48809731
GORASP1	10.92318368
GORASP2	17.16717254
GOSR1	5.200897848
GOSR2	3.301054271
GOT1	11.27252297
GOT1L1	0
GOT2	15.92607733
GOT2P1	0
GOT2P2	0.067000622
GOT2P3	0.049643318
GOT2P5	0
GP1BA	0.411739814
GP1BB	0
GP2	0.008873988
GP5	0.162634544
GP6	0.053158572
GP9	0.121221276
GPA33	6.188344592
GPAA1	28.48397479
GPAA1P1	0
GPAA1P2	0.033502989
GPALPP1	2.163531075
GPAM	1.438145867
GPANK1	5.26745998
GPAT2	0.36655005
GPAT2P1	0.016000849
GPAT2P2	0.110998547
GPAT3	2.361647728
GPAT4	8.919769311
GPATCH1	1.910285496
GPATCH11	5.9010324
GPATCH2	1.773117915
GPATCH2L	1.714923646
GPATCH3	5.29007229
GPATCH4	6.036909421
GPATCH8	6.938104279
GPBAR1	0.889596457
GPBP1	13.8518388
GPBP1L1	15.48255205
GPC1	7.984483163
GPC2	0.150143803
GPC3	50.37370289
GPC4	23.82240307
GPC5	0.919749579
GPC5-AS1	0.155843405
GPC5-AS2	0
GPC5-IT1	0
GPC6	2.843539783
GPC6-AS1	0.017154682
GPC6-AS2	0
GPCPD1	22.39128857
GPD1	26.49814284
GPD1L	19.9582762
GPD2	6.8078411
GPER1	1.117925272
GPHA2	0.064654257
GPHB5	0
GPHN	3.063757164
GPI	16.39718794
GPIHBP1	36.55680858
GPKOW	14.02232798
GPLD1	0.501451
GPM6A	7.948061632
GPM6B	6.146285405
GPM6BP1	0
GPM6BP2	0
GPM6BP3	0
GPN1	8.170171647
GPN2	5.384558151
GPN3	6.893683487
GPN3P1	0
GPNMB	62.13556723
GPR1	0.097177583
GPR101	0
GPR107	14.25241572
GPR108	20.88084171
GPR119	0
GPR12	0.015820645
GPR132	1.094762817
GPR135	0.550942082
GPR137	5.029007279
GPR137B	9.152903447
GPR137C	0.280352883
GPR139	0
GPR141	0.362533642
GPR142	0.029785991
GPR143	0.761016489
GPR143P	0.233638406
GPR146	1.402015276
GPR148	0
GPR149	0.030927167
GPR15	0.086074852
GPR150	0.127567701
GPR151	0.00387758
GPR152	0.016758528
GPR153	9.137410895
GPR155	1.621394601
GPR156	0.22335068
GPR157	3.671095644
GPR158	0.488195705
GPR158-AS1	0
GPR160	5.165083233
GPR161	1.717577421
GPR162	4.764149453
GPR17	0.78451683
GPR171	1.100671181
GPR173	0.519703485
GPR174	0.266511218
GPR176	2.678264752
GPR179	0.020488335
GPR18	0.094134971
GPR180	1.490298934
GPR182	0.308804167
GPR183	7.649252694
GPR19	0.077604827
GPR20	0.655999584
GPR21	0.020468322
GPR22	0.016255727
GPR25	0.022051507
GPR26	0.003187109
GPR27	1.683304085
GPR3	3.442162047
GPR31	0
GPR32	0
GPR32P1	0
GPR33	0
GPR34	5.471507301
GPR35	0.279996508
GPR37	0.546973726
GPR37L1	0.065431521
GPR39	1.947935204
GPR4	6.780806853
GPR42	0
GPR45	0.045807071
GPR50	0
GPR50-AS1	0
GPR52	0.022010971
GPR53P	0
GPR55	0.075380914
GPR6	0
GPR61	0.026045808
GPR62	0.03279042
GPR63	0.11869357
GPR65	2.960392872
GPR68	3.693008529
GPR75	1.115305795
GPR75-ASB3	0.015351241
GPR78	0.015751453
GPR79	0.055179577
GPR82	0.114412358
GPR83	0.027963494
GPR84	0.140663357
GPR85	0.44683819
GPR87	0.324383123
GPR88	0.024009676
GPR89A	0.458962615
GPR89B	0.328277179
GPR89P	0.04805606
GPRASP1	1.977404545
GPRASP2	3.084614728
GPRC5A	171.2759831
GPRC5B	4.09309641
GPRC5C	5.263759459
GPRC5D	3.323734974
GPRC5D-AS1	2.260892727
GPRC6A	0
GPRIN1	0.466333603
GPRIN2	9.181259234
GPRIN3	4.920312659
GPS1	11.41563705
GPS2	1.24817669
GPS2P1	0.024287968
GPS2P2	0
GPSM1	6.44175305
GPSM2	1.098488511
GPSM3	28.02967769
GPT	0.347575277
GPT2	1.004426362
GPX1	132.2010129
GPX1P1	2.805781352
GPX1P2	0.079036094
GPX2	0.990508386
GPX3	227.149548
GPX4	94.59968719
GPX5	0.005981003
GPX6	0
GPX7	3.590066192
GPX8	3.454743699
GRAMD1A	18.49899513
GRAMD1B	0.862812046
GRAMD1C	1.823524736
GRAMD2A	9.409661478
GRAMD2B	4.022930947
GRAMD4	11.76806998
GRAMD4P1	0
GRAMD4P2	0
GRAMD4P3	0
GRAMD4P4	0
GRAMD4P5	0
GRAMD4P6	0
GRAMD4P7	0
GRAMD4P8	0.010738985
GRAP	0.712965606
GRAP2	0.57838716
GRAPL	0.088564854
GRASP	13.44690608
GRB10	7.611369033
GRB14	1.663725819
GRB2	45.64123288
GRB7	5.539250281
GREB1	0.118180093
GREB1L	0.031713121
GREM1	0.076241206
GREM2	0.585776867
GRHL1	0.444205313
GRHL2	4.971370339
GRHL3	0.075976956
GRHPR	7.80478698
GRIA1	3.416877546
GRIA2	0.002678441
GRIA3	0.033240504
GRIA4	0.009500322
GRID1	0.757334814
GRID1-AS1	0.00570189
GRID2	0.014353452
GRID2IP	0.237509773
GRIFIN	0.096342274
GRIK1	0.079017467
GRIK1-AS1	0.090029837
GRIK2	0.037342545
GRIK3	0.034343297
GRIK4	0.504065699
GRIK5	0.13373399
GRIN1	0.035589146
GRIN2A	0.035955613
GRIN2B	0.001171163
GRIN2C	0.131275137
GRIN2D	0.091691491
GRIN3A	0.132700055
GRIN3B	0.562021066
GRINA	86.97829925
GRIP1	0.199002923
GRIP2	0.031715056
GRIPAP1	8.543332744
GRK1	0.024233897
GRK2	17.0294442
GRK3	6.183268165
GRK4	0.884121433
GRK5	17.56239037
GRK5-IT1	0.269414287
GRK6	9.161254281
GRK6P1	0.062984053
GRK7	0.022180861
GRM1	0.014819268
GRM2	0.070871853
GRM3	0.107053807
GRM4	0.016895783
GRM5	0.015214699
GRM5-AS1	0.002475495
GRM6	0.059020307
GRM7	0.132655359
GRM7-AS1	0
GRM7-AS2	0
GRM7-AS3	0
GRM8	0.035233916
GRN	369.645246
GRP	1.195989784
GRPEL1	7.060542001
GRPEL2	3.273264022
GRPEL2-AS1	0.836087562
GRPEL2P1	0
GRPEL2P2	0
GRPEL2P3	0
GRPR	0.049658759
GRSF1	10.91884406
GRTP1	1.416673205
GRTP1-AS1	0.427278393
GRWD1	6.303838251
GRXCR1	0.012082713
GRXCR2	0
GSAP	7.991070727
GSC	0.056838457
GSC2	0.01159145
GSDMA	0.311430566
GSDMB	1.401187485
GSDMC	0.559111676
GSDMD	13.09272453
GSDME	1.060524562
GSE1	11.7185519
GSEC	0.376297151
GSG1	0.067739588
GSG1L	0.027563326
GSG1L2	0
GSK3A	12.50795041
GSK3B	10.53218646
GSKIP	3.985205129
GSN	69.39124561
GSN-AS1	0.309216482
GSPT1	25.20536756
GSPT2	4.299005038
GSR	16.2094313
GSS	18.92659506
GSTA1	46.82655908
GSTA10P	0
GSTA11P	0
GSTA12P	0.047141608
GSTA2	22.52528691
GSTA3	0.490640653
GSTA4	18.22795819
GSTA5	0.011750705
GSTA6P	0
GSTA7P	0.668190196
GSTA8P	0.093987192
GSTA9P	0
GSTCD	1.380953295
GSTK1	24.66728097
GSTM1	0.038133657
GSTM2	1.915099363
GSTM2P1	0
GSTM3	6.634838859
GSTM3P1	0
GSTM3P2	0.054303711
GSTM4	1.785130073
GSTM5	2.120784341
GSTM5P1	0.018142376
GSTO1	69.96026426
GSTO2	1.356591107
GSTO3P	0.050030508
GSTP1	240.8362074
GSTP1P1	0.187679754
GSTT2	0.04295594
GSTT2B	0.468499215
GSTT4	0.005904324
GSTZ1	1.453487482
GSX1	0
GSX2	0
GTDC1	1.634351132
GTF2A1	5.143239942
GTF2A1L	0.011659171
GTF2A2	8.943104293
GTF2B	15.20290358
GTF2E1	2.998821736
GTF2E2	8.319485493
GTF2F1	25.10559851
GTF2F2	5.340145025
GTF2F2P1	0.017739212
GTF2F2P2	0
GTF2H1	5.061197441
GTF2H2	0.060725519
GTF2H2B	0.096297307
GTF2H2C	0.481425825
GTF2H3	5.882107053
GTF2H4	1.190781378
GTF2H5	3.266791781
GTF2I	4.719381645
GTF2IP1	0.157446517
GTF2IP11	0
GTF2IP13	1.012903663
GTF2IP14	0.817335721
GTF2IP2	0
GTF2IP20	1.505498939
GTF2IP22	0
GTF2IP23	1.535124142
GTF2IP3	0
GTF2IP4	2.71396677
GTF2IP5	0.180182834
GTF2IP6	0
GTF2IP7	0.051131076
GTF2IP8	0.02050337
GTF2IP9	1.074076891
GTF2IRD1	3.221067497
GTF2IRD1P1	0.013274909
GTF2IRD2	0.59005381
GTF2IRD2B	1.410192318
GTF2IRD2P1	0.088243531
GTF3A	21.50606104
GTF3AP1	0
GTF3AP2	0
GTF3AP5	0
GTF3AP6	0
GTF3C1	9.277184577
GTF3C2	8.405770866
GTF3C2-AS1	0.066256203
GTF3C3	4.101989987
GTF3C4	4.501989632
GTF3C5	11.96396778
GTF3C6	22.61250809
GTPBP1	10.85663254
GTPBP10	1.311445551
GTPBP2	11.30587059
GTPBP3	2.33296867
GTPBP4	7.268601556
GTPBP6	15.39567922
GTPBP8	1.867413552
GTSCR1	0
GTSE1	0.22864013
GTSE1-AS1	0.212975721
GTSF1	0.113857068
GTSF1L	0
GUCA1A	0.005114895
GUCA1B	0.645496944
GUCA1C	0
GUCA2A	1.536203315
GUCA2B	0.260739678
GUCD1	24.43176002
GUCY1A1	7.941112522
GUCY1A2	4.236739962
GUCY1B1	6.237781556
GUCY1B2	0.536764096
GUCY2C	0.180598516
GUCY2D	0.160048091
GUCY2EP	0.01141465
GUCY2F	0.041912113
GUCY2GP	0
GUF1	4.962717892
GUK1	24.74366699
GULOP	0.176087769
GULP1	1.736270385
GUSB	28.56415335
GUSBP1	0.928712664
GUSBP10	0
GUSBP11	0.155387375
GUSBP12	0
GUSBP2	0.185015445
GUSBP3	0
GUSBP4	0.463278536
GUSBP5	0.283783472
GUSBP6	0.006945457
GUSBP8	0
GUSBP9	0.430570778
GVINP1	1.007527554
GVINP2	0
GVQW2	0.104017099
GVQW3	0.117862612
GXYLT1	2.959552257
GXYLT1P1	0
GXYLT1P2	0
GXYLT1P3	0
GXYLT1P4	0.005450145
GXYLT1P5	0.073459928
GXYLT1P6	0
GXYLT2	2.337976904
GYG1	10.96107495
GYG1P1	0
GYG1P2	0
GYG1P3	0
GYG2	0.890001484
GYG2-AS1	0
GYG2P1	0.460323932
GYPA	0.003409444
GYPB	0.114693183
GYPC	21.85009145
GYPE	1.631184305
GYS1	10.32141404
GYS2	0.026761743
GZF1	3.386377637
GZMA	6.87096839
GZMAP1	0.037952356
GZMB	3.929090946
GZMH	7.365690283
GZMK	2.318526347
GZMM	2.255414136
H19	3.454436874
H1F0	64.26812937
H1FNT	0.119739683
H1FOO	0.009473076
H1FX	55.5951269
H1FX-AS1	0.847280798
H2AFB1	0
H2AFB2	0
H2AFB3	0
H2AFJ	13.00866759
H2AFV	26.47182422
H2AFVP1	0.333452282
H2AFX	9.058373792
H2AFY	9.753415131
H2AFY2	5.249194186
H2AFZ	38.65153295
H2AFZP1	0.090941531
H2AFZP2	0.062690934
H2AFZP3	0.154702433
H2AFZP4	0.031761189
H2AFZP5	0
H2AFZP6	0.030390783
H2BFM	0
H2BFS	0
H2BFS	0
H2BFWT	0
H3.Y	0
H3F3A	6.694917435
H3F3AP1	0.035850205
H3F3AP2	0.018449874
H3F3AP3	0
H3F3AP4	3.962189026
H3F3AP5	0.083734044
H3F3AP6	0.437006143
H3F3B	113.2568743
H3F3BP1	0.326832882
H3F3BP2	0
H3F3C	0.181252122
H6PD	20.32786981
HAAO	2.011767235
HABP2	0.93971258
HABP4	3.350703656
HACD1	3.794458686
HACD2	12.05228804
HACD3	11.48974555
HACD4	6.259119796
HACE1	1.44911199
HACL1	5.557802637
HADH	15.61123266
HADHA	54.66991564
HADHAP1	0.015727629
HADHAP2	0.020960995
HADHB	25.85034279
HAGH	7.022056057
HAGHL	0.76153459
HAGLR	9.737642747
HAGLROS	0.096133555
HAL	0.528194871
HAMP	0.147188315
HAND1	0.551160797
HAND2	0.003325179
HAND2-AS1	0.003654686
HAO1	0
HAO2	0.006379312
HAO2-IT1	0
HAP1	0.140462749
HAPLN1	0.144596512
HAPLN2	0.144264678
HAPLN3	3.15998596
HAPLN4	0
HAR1A	0.146334363
HAR1B	0.080182823
HARBI1	0.823154095
HARS	5.880529954
HARS2	7.815218387
HAS1	0.261813676
HAS2	4.152309295
HAS2-AS1	0.426689294
HAS3	4.217716573
HASPIN	0.154116146
HAT1	6.401399845
HAUS1	5.480924984
HAUS1P1	0.028783578
HAUS1P2	0.015272919
HAUS1P3	0
HAUS2	6.481398528
HAUS3	1.56219029
HAUS4	8.337918852
HAUS4P1	0
HAUS5	2.581186468
HAUS6	1.456742236
HAUS6P1	0
HAUS6P2	0
HAUS6P3	0.162248893
HAUS7	0.600508995
HAUS8	0.976009345
HAUS8P1	0
HAVCR1	0.050100286
HAVCR1P1	0.283474628
HAVCR2	9.137862774
HAX1	24.65915143
HBA1	1.577408998
HBA2	58.98857984
HBB	259.2023911
HBBP1	0
HBD	0.124024154
HBE1	0.116126848
HBEGF	45.70183595
HBG1	0
HBG2	0.240441131
HBM	0.143792196
HBP1	10.08860091
HBQ1	0.134036959
HBS1L	3.203055401
HBZ	0.031719121
HBZP1	0
HCAR1	0.135611218
HCAR2	11.29090917
HCAR3	0.756427572
HCCAT5	0.044389132
HCCS	7.979226845
HCFC1	10.88216156
HCFC1-AS1	0.068422676
HCFC1R1	27.16494833
HCFC2	2.984210616
HCFC2P1	0
HCG11	2.739093069
HCG14	0.840787121
HCG15	0.290067062
HCG17	0.299743607
HCG18	1.657841423
HCG19P	0
HCG20	0.096071226
HCG21	0.257291881
HCG22	0.027078173
HCG23	0.47110695
HCG23	0.013850744
HCG24	0.016700095
HCG25	0.278869713
HCG27	0.824036901
HCG4	0.647890069
HCG4B	1.123692283
HCG4P11	0.108744414
HCG4P3	0.985808636
HCG4P5	11.3469327
HCG4P7	1.940396915
HCG4P8	0.07331001
HCG9	0.136845352
HCG9P5	0.053217637
HCK	31.69306488
HCLS1	18.67920247
HCN1	0.024368853
HCN2	0.066756279
HCN3	0.45036765
HCN4	0.074547395
HCP5	9.428832276
HCRT	0.020752111
HCRTR1	0.051490872
HCRTR2	0.018290176
HCST	11.09496574
HDAC1	19.61519108
HDAC10	1.475281896
HDAC11	4.847631933
HDAC11-AS1	0.069751272
HDAC1P1	0.033145933
HDAC1P2	0.011938154
HDAC2	4.32537436
HDAC2-AS2	0.07128246
HDAC3	10.22350911
HDAC4	1.887279415
HDAC5	9.952634197
HDAC6	5.413126087
HDAC7	14.25828498
HDAC8	3.136516331
HDAC9	0.587775469
HDC	2.248902541
HDDC2	6.253388679
HDDC3	2.136567637
HDGF	61.80741824
HDGFL1	0
HDGFL2	9.506200006
HDGFL3	2.902690895
HDGFP1	0
HDHD2	5.908074073
HDHD3	5.227589963
HDHD5	4.376223424
HDHD5-AS1	0.09488089
HDLBP	40.31065623
HDX	0.483380093
HEATR1	3.016979527
HEATR3	4.906378598
HEATR4	0.318623058
HEATR5A	3.017164131
HEATR5B	8.560964178
HEATR6	3.387048964
HEATR9	0.049040143
HEBP1	14.50304296
HEBP2	3.888417865
HECA	10.89899858
HECTD1	13.90494591
HECTD2	1.013924736
HECTD3	9.115498818
HECTD4	3.320428259
HECW1	0.048015913
HECW1-IT1	0.00651113
HECW2	2.383095173
HEG1	32.45699439
HEIH	15.53281724
HELB	0.355851479
HELLPAR	0.001518561
HELLS	0.345720606
HELQ	2.995910734
HELT	0.145315149
HELZ	3.725777725
HELZ2	5.772631662
HEMGN	0.040013261
HEMK1	1.272291922
HENMT1	2.759047108
HEPACAM	0.003127179
HEPACAM2	0.081980452
HEPH	4.422271157
HEPHL1	0.026882623
HEPN1	0
HERC1	6.612961561
HERC2	4.135015968
HERC2P10	0.050037477
HERC2P11	0
HERC2P2	4.567815332
HERC2P3	1.934814171
HERC2P4	0.005941433
HERC2P5	0.003940101
HERC2P7	0
HERC2P8	0.003982694
HERC2P9	1.355897013
HERC3	4.332485173
HERC4	2.44813891
HERC5	3.095243171
HERC6	3.088056042
HERPUD1	17.21649914
HERPUD2	14.10242786
HES1	25.09190933
HES2	0.498269441
HES3	0
HES4	4.209096193
HES5	0.110021148
HES6	1.681175717
HES7	0.051280378
HESX1	0.422159139
HEXA	9.109368958
HEXA-AS1	0.147661044
HEXB	33.3484588
HEXDC	4.627550958
HEXDC-IT1	0.15850813
HEXIM1	12.20679547
HEXIM2	0.804923286
HEY1	5.723942151
HEY2	1.048432103
HEYL	25.22350275
HFE	2.485521527
HFE2	0.005141249
HFM1	0.133569236
HGC6.3	0.202289263
HGD	0.401406916
HGF	4.205760476
HGFAC	0.071498933
HGH1	5.225313816
HGS	7.777131583
HGSNAT	13.27807712
HHAT	1.721900276
HHATL	0.260933934
HHATL-AS1	0.611742934
HHEX	3.817443361
HHIP	9.274519761
HHIP-AS1	4.683459665
HHIPL1	0.432444236
HHIPL2	0.029124885
HHLA1	0
HHLA2	1.667177831
HHLA3	2.479062178
HIBADH	15.82955517
HIBCH	2.957270742
HIC1	2.952141421
HIC2	1.084772859
HID1	5.828516528
HID1-AS1	0.896211125
HIF1A	50.13212978
HIF1A-AS1	0.183649821
HIF1A-AS2	0.426839396
HIF1AN	3.87201226
HIF1AP1	0
HIF3A	3.432985776
HIGD1A	23.82640977
HIGD1AP1	0.087083406
HIGD1AP10	0.042460881
HIGD1AP11	0
HIGD1AP12	0.085223974
HIGD1AP13	0
HIGD1AP14	0.297226164
HIGD1AP15	0
HIGD1AP16	0
HIGD1AP17	0
HIGD1AP18	0.043071828
HIGD1AP2	0
HIGD1AP3	0
HIGD1AP4	0.085528345
HIGD1AP5	0
HIGD1AP6	0
HIGD1AP8	0.043700614
HIGD1AP9	0
HIGD1B	31.44383547
HIGD1C	0.096824542
HIGD2A	50.63841387
HIGD2B	0.021458725
HIKESHI	5.015696165
HILPDA	4.488791983
HILS1	0.068759457
HINFP	1.420660941
HINT1	59.94406034
HINT1P1	0.06335433
HINT1P2	0
HINT2	7.669339199
HINT2P1	0
HINT3	17.60686408
HIP1	15.67863626
HIP1R	6.045994135
HIPK1	17.95579127
HIPK1-AS1	0.096970913
HIPK2	7.001529578
HIPK3	25.35026615
HIPK4	0.126967037
HIRA	3.33956455
HIRAP1	0
HIRIP3	6.171269343
HIST1H1A	0
HIST1H1B	0.035165839
HIST1H1C	45.90021184
HIST1H1D	0.035957863
HIST1H1E	0.072569505
HIST1H1PS1	0.05812606
HIST1H1PS2	0
HIST1H1T	0
HIST1H2AA	0
HIST1H2AB	0
HIST1H2AC	15.54175143
HIST1H2AD	0.060936225
HIST1H2AE	0.609362255
HIST1H2AG	0.122400565
HIST1H2AH	0
HIST1H2AI	0.047610212
HIST1H2AJ	0
HIST1H2AK	0
HIST1H2AL	0.060936225
HIST1H2AM	0.213276789
HIST1H2APS1	0
HIST1H2APS2	0
HIST1H2APS3	0.089357972
HIST1H2APS4	0
HIST1H2APS5	0
HIST1H2APS6	0
HIST1H2BA	0
HIST1H2BB	0
HIST1H2BC	3.015027991
HIST1H2BD	5.210257162
HIST1H2BE	0.062041287
HIST1H2BF	0.094283215
HIST1H2BG	0.30555581
HIST1H2BH	0.094283215
HIST1H2BI	0
HIST1H2BJ	0.93270911
HIST1H2BK	35.60762753
HIST1H2BL	0.098147281
HIST1H2BM	0
HIST1H2BN	0.168339522
HIST1H2BO	0
HIST1H2BPS1	0
HIST1H2BPS2	0.035217554
HIST1H2BPS3	0.035114277
HIST1H3A	0.058267486
HIST1H3B	0
HIST1H3C	0.029133743
HIST1H3D	0.058267486
HIST1H3E	0.553541114
HIST1H3F	0.029133743
HIST1H3G	0.014899173
HIST1H3H	0.406553491
HIST1H3I	0
HIST1H3J	0
HIST1H3PS1	0.172287314
HIST1H4A	0
HIST1H4B	0
HIST1H4C	0.027526364
HIST1H4D	0
HIST1H4E	0.076756207
HIST1H4F	0
HIST1H4G	0
HIST1H4H	2.262084692
HIST1H4I	4.561952376
HIST1H4J	0.160508959
HIST1H4K	0.191890518
HIST1H4L	0
HIST1H4PS1	0.045184786
HIST2H2AA3	0.021810507
HIST2H2AA4	0
HIST2H2AB	0
HIST2H2AC	0.368429794
HIST2H2BA	0.221740154
HIST2H2BB	0.105590549
HIST2H2BC	0.082579092
HIST2H2BD	0.121439841
HIST2H2BE	7.353923897
HIST2H2BF	0.221046349
HIST2H3A	0
HIST2H3C	0.072306572
HIST2H3D	0.2039362
HIST2H3DP1	0.028783578
HIST2H3PS2	0
HIST2H4A	0.089357972
HIST2H4B	0
HIST3H2A	1.73923562
HIST3H2BA	0
HIST3H2BB	0.557164346
HIST3H3	0.024893905
HIST4H4	0.315837799
HIVEP1	5.803213895
HIVEP2	6.854343428
HIVEP3	1.502638739
HJURP	0.150418864
HK1	32.50499613
HK2	12.58806859
HK2P1	0.008749703
HK3	15.4788107
HKDC1	1.580035264
HKR1	3.951426164
HLA-A	395.5695426
HLA-B	651.0030305
HLA-C	517.405674
HLA-DMA	86.88923804
HLA-DMB	25.94145443
HLA-DOA	27.58310446
HLA-DOB	2.036476849
HLA-DPA1	188.281694
HLA-DPA2	0
HLA-DPA3	0.052288071
HLA-DPB1	271.5272139
HLA-DPB2	3.554771841
HLA-DQA1	79.03303088
HLA-DQA2	0.628554767
HLA-DQB1	135.7228797
HLA-DQB1-AS1	7.548806106
HLA-DQB2	11.52523971
HLA-DQB3	0
HLA-DRA	2227.373262
HLA-DRB1	1364.095773
HLA-DRB5	777.61421
HLA-DRB6	14.24053395
HLA-DRB9	0.174547643
HLA-E	472.5350504
HLA-F	21.07440483
HLA-F-AS1	0.633224933
HLA-G	3.124234498
HLA-H	31.42074165
HLA-J	4.103685588
HLA-K	5.045924927
HLA-L	0.617730608
HLA-N	0
HLA-P	0.032058817
HLA-S	1.355543582
HLA-T	0.159652911
HLA-U	1.995661384
HLA-V	1.412682944
HLA-W	0.264017459
HLA-Z	0.159652911
HLCS	3.140339767
HLCS-IT1	0.112749231
HLF	6.605451767
HLFP1	0
HLTF	4.281528508
HLTF-AS1	0
HLX	1.419528751
HLX-AS1	0.276485947
HM13	10.12758239
HM13-AS1	0.342812999
HM13-IT1	0.941772788
HMBOX1	2.507060895
HMBOX1-IT1	0
HMBS	2.066616145
HMCES	20.05844062
HMCN1	6.785828747
HMCN2	1.338934628
HMG20A	4.57228682
HMG20B	11.42447585
HMGA1	24.73007807
HMGA1P1	0.011274923
HMGA1P2	0.332610231
HMGA1P3	0.147826769
HMGA1P4	1.039655931
HMGA1P5	0.397659464
HMGA1P6	0
HMGA1P7	0
HMGA1P8	0.746041639
HMGA2	0.019434474
HMGB1	25.92938572
HMGB1P1	0.35771289
HMGB1P10	1.65891568
HMGB1P11	0.018797438
HMGB1P12	0
HMGB1P13	0
HMGB1P14	0.202605217
HMGB1P15	0
HMGB1P16	0.066522046
HMGB1P17	0
HMGB1P18	0
HMGB1P19	0
HMGB1P20	0.106120842
HMGB1P21	0.02060924
HMGB1P22	0
HMGB1P23	0
HMGB1P24	0.013971958
HMGB1P25	0
HMGB1P26	0.019066829
HMGB1P27	0.079429309
HMGB1P28	0
HMGB1P29	0
HMGB1P3	0.03887652
HMGB1P30	0
HMGB1P31	0.673009928
HMGB1P32	0
HMGB1P33	0
HMGB1P35	0
HMGB1P36	0
HMGB1P37	0.117970131
HMGB1P38	0
HMGB1P39	0.136067822
HMGB1P4	0.04223622
HMGB1P40	0.025805966
HMGB1P41	0.108854257
HMGB1P42	0
HMGB1P44	0
HMGB1P45	0
HMGB1P46	0
HMGB1P47	0
HMGB1P48	0.040046717
HMGB1P49	0.147307167
HMGB1P5	8.50356525
HMGB1P50	0
HMGB1P51	0
HMGB1P6	9.860915075
HMGB1P7	0.019565308
HMGB1P8	0.214496798
HMGB1P9	0
HMGB2	12.91894094
HMGB2P1	0.113318312
HMGB3	8.632606341
HMGB3P1	0
HMGB3P10	0.690805864
HMGB3P11	0
HMGB3P12	0
HMGB3P13	0
HMGB3P14	0.119939582
HMGB3P15	0
HMGB3P16	0
HMGB3P17	0
HMGB3P18	0
HMGB3P19	0
HMGB3P2	0
HMGB3P20	0.019956614
HMGB3P21	0.021890253
HMGB3P22	0.29027802
HMGB3P23	0
HMGB3P24	0.750779363
HMGB3P26	0
HMGB3P27	0
HMGB3P3	0
HMGB3P30	0
HMGB3P31	0
HMGB3P32	0.021343972
HMGB3P4	0.163069607
HMGB3P5	0.352175538
HMGB3P6	0
HMGB3P7	0.529127896
HMGB3P8	0
HMGB3P9	0
HMGB4	0
HMGCL	6.659964344
HMGCLL1	0.838177781
HMGCR	12.73305817
HMGCS1	17.80815831
HMGCS2	0.125747625
HMGN1	20.36888885
HMGN1P10	0
HMGN1P11	0.039518047
HMGN1P12	0.122809931
HMGN1P13	0
HMGN1P14	0
HMGN1P15	0.081179446
HMGN1P16	0
HMGN1P17	0
HMGN1P18	0
HMGN1P19	0
HMGN1P2	0.077251408
HMGN1P20	0
HMGN1P24	0.080362203
HMGN1P26	0
HMGN1P28	0
HMGN1P3	0
HMGN1P30	0
HMGN1P31	0
HMGN1P32	0
HMGN1P33	0
HMGN1P34	0
HMGN1P35	0.080632783
HMGN1P36	0.24108661
HMGN1P37	0.908915086
HMGN1P38	0.158072189
HMGN1P4	0.041289546
HMGN1P5	0
HMGN1P6	0
HMGN1P7	0.153021959
HMGN1P8	0.207881394
HMGN1P9	0.040181102
HMGN2	62.29899652
HMGN2P10	0.090369572
HMGN2P11	0
HMGN2P13	0
HMGN2P15	2.439141692
HMGN2P16	0
HMGN2P17	1.321487754
HMGN2P18	0.088696062
HMGN2P19	0.135554358
HMGN2P20	0.08772138
HMGN2P21	0
HMGN2P22	0
HMGN2P23	0
HMGN2P24	0
HMGN2P25	0.089357972
HMGN2P26	0
HMGN2P27	0.044348031
HMGN2P28	0.457021691
HMGN2P3	0.964935175
HMGN2P30	0.093546627
HMGN2P31	0.131582069
HMGN2P32	0
HMGN2P34	0.044512893
HMGN2P35	0.088696062
HMGN2P36	0.029276206
HMGN2P38	0.090369572
HMGN2P39	0
HMGN2P4	0.345705122
HMGN2P40	0.153119799
HMGN2P41	0.494071508
HMGN2P46	0.329274444
HMGN2P47	0
HMGN2P5	2.324616557
HMGN2P6	0.175442759
HMGN2P7	0.04386069
HMGN2P8	0.044678986
HMGN2P9	0
HMGN3	77.70089887
HMGN3-AS1	0.524318368
HMGN3P1	0
HMGN4	35.32038689
HMGN5	2.864633146
HMGXB3	8.637775635
HMGXB4	3.512842517
HMHB1	0.155911046
HMMR	0.292048007
HMMR-AS1	0
HMOX1	35.40909047
HMOX2	12.76634005
HMSD	0.360859319
HMX1	0
HMX2	0.007355017
HMX3	0.010207987
HNF1A	0.042866235
HNF1A-AS1	0.071365968
HNF1B	3.705463187
HNF4A	0.137575344
HNF4A-AS1	0
HNF4G	0.166927981
HNF4GP1	0
HNMT	12.76199439
HNRNPA0	21.08137464
HNRNPA1	88.2260229
HNRNPA1L2	1.463440829
HNRNPA1P1	0
HNRNPA1P10	0.224045145
HNRNPA1P11	0
HNRNPA1P12	0.174438664
HNRNPA1P13	0
HNRNPA1P14	0.256127664
HNRNPA1P15	0.049891535
HNRNPA1P16	0.865134883
HNRNPA1P17	0.02591768
HNRNPA1P18	0
HNRNPA1P19	0.09708623
HNRNPA1P2	0.049891535
HNRNPA1P20	0.012538187
HNRNPA1P21	0.199358473
HNRNPA1P22	0.025314944
HNRNPA1P23	0.031705123
HNRNPA1P24	0
HNRNPA1P25	0.038337145
HNRNPA1P26	0.04386069
HNRNPA1P27	0.225687361
HNRNPA1P28	0.062299523
HNRNPA1P29	0
HNRNPA1P3	0.02173134
HNRNPA1P30	0.014746266
HNRNPA1P31	0
HNRNPA1P32	0
HNRNPA1P33	0.405535468
HNRNPA1P34	0.012604177
HNRNPA1P35	0.211378464
HNRNPA1P36	0.050152747
HNRNPA1P37	0.012357036
HNRNPA1P38	0.200191738
HNRNPA1P39	0.012472884
HNRNPA1P4	0.316771648
HNRNPA1P40	0.009369302
HNRNPA1P41	0.012902983
HNRNPA1P42	0.037535951
HNRNPA1P43	0
HNRNPA1P44	0.040866786
HNRNPA1P45	0.022215155
HNRNPA1P46	0
HNRNPA1P47	0.025722811
HNRNPA1P48	1.730442769
HNRNPA1P49	0.423857285
HNRNPA1P5	0.024790825
HNRNPA1P50	0.129029831
HNRNPA1P51	0.025288212
HNRNPA1P52	0.037932318
HNRNPA1P53	0.025314944
HNRNPA1P54	0.003697952
HNRNPA1P55	0
HNRNPA1P56	0.012551329
HNRNPA1P57	0.02826271
HNRNPA1P58	0.019726472
HNRNPA1P59	0.182609538
HNRNPA1P6	0
HNRNPA1P60	0.012590924
HNRNPA1P61	0
HNRNPA1P62	0.025155396
HNRNPA1P63	0.012434027
HNRNPA1P64	0.038960851
HNRNPA1P65	0
HNRNPA1P66	0.012820095
HNRNPA1P67	0.038792554
HNRNPA1P68	0.012230815
HNRNPA1P69	0
HNRNPA1P7	0.087038191
HNRNPA1P70	0
HNRNPA1P71	0.012604177
HNRNPA1P72	0
HNRNPA1P73	0
HNRNPA1P74	0
HNRNPA1P76	0
HNRNPA1P8	0.17627293
HNRNPA1P9	0.012604177
HNRNPA2B1	80.63572901
HNRNPA3	44.34119442
HNRNPA3P1	0
HNRNPA3P10	0.063131643
HNRNPA3P11	0.064100473
HNRNPA3P12	0.168964746
HNRNPA3P13	0.010671986
HNRNPA3P14	0
HNRNPA3P15	0.023341069
HNRNPA3P16	0
HNRNPA3P2	0.090437827
HNRNPA3P3	0.073718362
HNRNPA3P4	0.014911542
HNRNPA3P5	0.330613771
HNRNPA3P6	0.785568497
HNRNPA3P7	0.036580351
HNRNPA3P8	0.012293602
HNRNPA3P9	0.110077339
HNRNPAB	45.67395685
HNRNPABP1	0.048939925
HNRNPC	35.28298747
HNRNPCL1	0
HNRNPCL2	0.010430286
HNRNPCL3	0
HNRNPCL4	0
HNRNPCP1	0.891013307
HNRNPCP10	0
HNRNPCP2	5.558857023
HNRNPCP3	0.068422676
HNRNPCP4	0.106435274
HNRNPCP6	0.041242141
HNRNPCP7	0.727699731
HNRNPCP8	0.080905191
HNRNPCP9	0
HNRNPD	26.08681907
HNRNPDL	47.24644507
HNRNPDLP1	0
HNRNPDLP2	0
HNRNPDLP3	0
HNRNPDLP4	0
HNRNPDP1	0.063522378
HNRNPDP2	0
HNRNPF	70.79475328
HNRNPFP1	0
HNRNPH1	32.1945652
HNRNPH1P1	0.212196907
HNRNPH1P2	0
HNRNPH1P3	0.019549336
HNRNPH2	49.38251976
HNRNPH3	21.38065362
HNRNPH3P1	0
HNRNPK	99.26405677
HNRNPKP1	0.277858583
HNRNPKP2	0.198130411
HNRNPKP3	0
HNRNPKP4	0.285094483
HNRNPKP5	0
HNRNPL	22.0064018
HNRNPLL	8.100572514
HNRNPLP1	0.007977327
HNRNPLP2	0.411843496
HNRNPM	38.67544839
HNRNPMP1	0.013545213
HNRNPMP2	0
HNRNPR	15.61059884
HNRNPRP1	0.021192864
HNRNPRP2	0
HNRNPU	45.69519102
HNRNPUL1	42.55763915
HNRNPUL2	12.98065939
HNRNPUL2-BSCL2	0.410005913
HNRNPUP1	0.107873588
HOGA1	0.181861139
HOMER1	2.45160872
HOMER2	1.047773188
HOMER2P1	0.012421129
HOMER2P2	0
HOMER3	4.646823469
HOMER3-AS1	0.075071902
HOMEZ	2.228620772
HOOK1	3.391265957
HOOK2	5.310807119
HOOK3	4.668669872
HOPX	34.3929189
HORMAD1	0.089618058
HORMAD2	0.018600339
HORMAD2-AS1	0.324520336
HOTAIR	0
HOTAIRM1	2.353172916
HOTTIP	0
HOXA1	0.155628576
HOXA10	0.006460193
HOXA10-AS	0
HOXA11	0
HOXA11-AS	0
HOXA13	0
HOXA2	0.496885585
HOXA3	0.68406786
HOXA4	0.87731422
HOXA5	4.047439785
HOXA6	0.335457478
HOXA7	0.407244049
HOXA9	0.106733953
HOXA-AS2	0.89787757
HOXA-AS3	0.044147361
HOXB1	0.014531515
HOXB13	0
HOXB2	1.271208964
HOXB3	0.876849074
HOXB4	0.914700267
HOXB5	2.029883897
HOXB6	1.227745598
HOXB7	1.269491404
HOXB8	0.029190561
HOXB9	0.00927855
HOXB-AS1	0.66820734
HOXB-AS2	0.311748287
HOXB-AS3	1.032778239
HOXB-AS4	0
HOXC10	0
HOXC11	0
HOXC12	0
HOXC13	0
HOXC13-AS	0
HOXC4	0.079094103
HOXC5	0
HOXC6	0.067649538
HOXC8	0.006338787
HOXC9	0.04992125
HOXC-AS1	0.020226298
HOXC-AS2	0
HOXC-AS3	0
HOXD1	0.485021501
HOXD10	0.106751575
HOXD11	0
HOXD12	0
HOXD13	0.010691043
HOXD3	0.047247902
HOXD4	0.057252581
HOXD8	0.774277144
HOXD9	1.351073429
HOXD-AS2	0.108930432
HP	8.256610523
HP1BP3	25.69849795
HPCA	0.060140474
HPCAL1	20.18891305
HPCAL4	0.06274147
HPD	0.337974912
HPDL	0.198463563
HPF1	10.10616266
HPGD	8.123413839
HPGDS	4.271150229
HPN	9.256798575
HPN-AS1	0.266324918
HPR	0.304927143
HPRT1	10.7057894
HPRT1P1	0
HPRT1P2	0
HPRT1P3	0
HPS1	12.18855555
HPS3	3.548551349
HPS4	2.86078115
HPS5	11.10286351
HPS6	8.421103418
HPSE	1.481211076
HPSE2	0.617522003
HPVC1	0
HPX	0.369343005
HPYR1	0.036580351
HR	0.363962834
HRAS	11.78021477
HRASLS	0.153643734
HRASLS2	3.711607426
HRASLS5	0.718144978
HRC	0.918673174
HRCT1	5.734900609
HRG	0
HRH1	4.266238978
HRH2	0.611536003
HRH3	0.004482953
HRH4	0.013057763
HRK	0.104835561
HRNR	0.024886144
HS1BP3	4.385652593
HS1BP3-IT1	0.718438098
HS2ST1	5.257650372
HS3ST1	1.089475686
HS3ST2	3.658840219
HS3ST3A1	0.168583268
HS3ST3B1	0.789786618
HS3ST4	0.010630928
HS3ST5	0.148799314
HS3ST6	1.288636023
HS6ST1	6.231168217
HS6ST1P1	0.223177691
HS6ST2	0.232316281
HS6ST2-AS1	0
HS6ST3	0.033746772
hsa-mir-1253	0
HSBP1	11.58175013
HSBP1L1	7.972939013
HSBP1P1	0
HSBP1P2	0
HSCB	5.52833694
HSD11B1	5.563582101
HSD11B1L	1.773476416
HSD11B2	1.598618805
HSD17B1	0.268768818
HSD17B10	34.62248773
HSD17B11	44.11436126
HSD17B12	7.692578475
HSD17B13	1.658472039
HSD17B14	9.767991319
HSD17B1P1	0.789905763
HSD17B2	0.323485217
HSD17B3	0.168893522
HSD17B3-AS1	0.089357972
HSD17B4	25.8987435
HSD17B6	20.45377244
HSD17B7	1.573688366
HSD17B7P1	0
HSD17B7P2	1.558365065
HSD17B8	13.26237139
HSD3B1	0
HSD3B2	0.005125843
HSD3B7	4.640812566
HSD3BP1	0
HSD3BP2	0
HSD3BP3	0.024092492
HSD3BP4	0.032073129
HSD3BP5	0.497152394
HSDL1	4.938896623
HSDL2	25.06042397
HSF1	12.67115244
HSF2	4.564466082
HSF2BP	0.100410636
HSF4	1.669133079
HSF5	0.029247602
HSFX1	0.006099831
HSFX2	0
HSFY1	0
HSFY1P1	0
HSFY2	0
HSFY3P	0.070375968
HSFY4P	0
HSFY5P	0
HSFY6P	0
HSFY7P	0
HSFY8P	0
HSH2D	1.853533646
HSP90AA1	182.0394553
HSP90AA2P	0.261726083
HSP90AA4P	0.02149725
HSP90AA5P	0.081938652
HSP90AA6P	0.042112432
HSP90AB1	292.28537
HSP90AB2P	0.29166691
HSP90AB3P	0.490420239
HSP90AB6P	0.006047459
HSP90AB7P	0.004879368
HSP90B1	126.2170686
HSP90B2P	0.095430117
HSP90B3P	0.022923998
HSPA12A	0.920119862
HSPA12B	6.65769358
HSPA13	8.253872764
HSPA14	3.966470198
HSPA1A	20.28775057
HSPA1B	19.90120079
HSPA1L	1.162566891
HSPA2	2.930793004
HSPA4	21.12629745
HSPA4L	0.541976364
HSPA5	123.4348227
HSPA6	3.9845892
HSPA7	1.012847345
HSPA8	180.5478846
HSPA8P1	0.111051534
HSPA8P11	0.088322211
HSPA8P13	0
HSPA8P14	0.02653511
HSPA8P15	0.304681127
HSPA8P16	0.006420358
HSPA8P17	0
HSPA8P18	0
HSPA8P19	0
HSPA8P20	0
HSPA8P3	0.076756207
HSPA8P4	0.056127976
HSPA8P5	0.040511251
HSPA8P6	0
HSPA8P7	0.006146801
HSPA8P8	0.078776107
HSPA8P9	0.030813094
HSPA9	39.44025048
HSPA9P1	0.029507068
HSPB1	198.8089107
HSPB11	4.643797968
HSPB1P1	2.993492076
HSPB1P2	0.263164139
HSPB2	1.444051608
HSPB2-C11orf52	0.005818255
HSPB3	3.43640672
HSPB6	25.3664555
HSPB7	3.638126431
HSPB8	30.60060641
HSPB9	0.168208712
HSPBAP1	2.084536992
HSPBP1	16.32208834
HSPD1	32.73448815
HSPD1P1	0.055499274
HSPD1P10	0.02857749
HSPD1P11	0.03517617
HSPD1P12	0
HSPD1P14	0
HSPD1P15	0
HSPD1P16	0.030390783
HSPD1P18	0
HSPD1P2	0
HSPD1P21	1.417326861
HSPD1P3	0
HSPD1P4	0.077387574
HSPD1P5	0.013923219
HSPD1P6	0.065942001
HSPD1P7	0
HSPD1P8	0.007221935
HSPD1P9	0.007319052
HSPE1	15.82598846
HSPE1-MOB4	0
HSPE1P1	0
HSPE1P10	0
HSPE1P11	0.154502817
HSPE1P12	0
HSPE1P13	0
HSPE1P14	0
HSPE1P16	0
HSPE1P18	0.641462588
HSPE1P19	0
HSPE1P2	0.117391846
HSPE1P20	0
HSPE1P21	0.155506082
HSPE1P22	0
HSPE1P23	0.167468088
HSPE1P24	0
HSPE1P25	0
HSPE1P26	0.174166812
HSPE1P27	0.080905191
HSPE1P28	0
HSPE1P3	0.387507065
HSPE1P4	0
HSPE1P5	0.088043885
HSPE1P6	0.205738287
HSPE1P7	0
HSPE1P8	0.041576279
HSPE1P9	0
HSPG2	55.66953124
HSPH1	13.84356288
HTATIP2	11.40031376
HTATSF1	20.76353305
HTATSF1P1	0
HTATSF1P2	0
HTD2	0.04520611
HTN1	0
HTN3	0
HTR1A	0
HTR1B	0.104534644
HTR1D	0.118261415
HTR1DP1	0
HTR1E	0
HTR1F	0.148721262
HTR2A	0.074517939
HTR2A-AS1	0.039714654
HTR2B	0.165268485
HTR2C	0
HTR3A	0.008639227
HTR3B	0
HTR3C	0.0564477
HTR3D	0.01737036
HTR3E	0.018983699
HTR3E-AS1	0
HTR4	0.033992813
HTR5A	0
HTR5A-AS1	0
HTR5BP	0.042050811
HTR6	0.006035266
HTR7	0.195040685
HTR7P1	1.362714144
HTRA1	48.68660698
HTRA2	5.977009171
HTRA3	6.25920174
HTRA4	0.662997768
HTT	7.946757099
HTT-AS	0.023250424
HUNK	1.660243978
HUNK-AS1	0.01943826
HUS1	3.574703969
HUS1B	0.257002247
HUWE1	14.22890491
HVCN1	3.490242931
HYAL1	17.09310737
HYAL2	28.66902598
HYAL3	1.105651297
HYAL4	0.166183636
HYALP1	0.018723954
HYDIN	0.632254991
HYDIN2	0.064609214
HYI	3.876244484
HYI-AS1	0.571235185
HYKK	0.463684422
HYLS1	0.838457267
HYOU1	14.91221267
HYPK	0.397071998
HYPM	0
IAH1	3.802160552
IAPP	0
IARS	10.09883937
IARS2	20.62742439
IARS2P1	0
IBA57	1.372102641
IBA57-AS1	0.33624248
IBSP	0.015490257
IBTK	7.44220158
ICA1	4.186359804
ICA1L	0.781844317
ICAM1	252.2352287
ICAM2	8.362947336
ICAM3	0.925445686
ICAM4	0
ICAM5	5.594596046
ICE1	6.436801353
ICE2	2.177153138
ICE2P1	0
ICE2P2	0
ICK	3.902683391
ICMT	17.71708345
ICOS	1.376214127
ICOSLG	0.069392911
ID1	68.17295824
ID2	25.71280722
ID2-AS1	0.209253815
ID3	28.41901771
ID4	11.63681732
IDE	4.341291519
IDH1	14.59652353
IDH1-AS1	0.164527809
IDH2	21.8671724
IDH2-DT	0
IDH3A	3.414123281
IDH3B	23.58409963
IDH3G	16.30169627
IDI1	22.22974389
IDI2	0.008810867
IDI2-AS1	0.056303926
IDNK	3.623874642
IDO1	3.804057395
IDO2	0.086221194
IDS	18.80758367
IDSP1	0.159228302
IDUA	4.394446368
IER2	23.27362134
IER3	23.43577572
IER3-AS1	0.18176802
IER3IP1	11.24364116
IER5	13.04327684
IER5L	2.82234074
IFFO1	3.739707572
IFFO2	4.953677903
IFI16	25.20549732
IFI27	41.65046849
IFI27L1	3.300387903
IFI27L2	12.6439918
IFI30	1.153477801
IFI35	16.24648411
IFI44	13.47805853
IFI44L	2.026453816
IFI6	101.6610673
IFIH1	6.54760281
IFIT1	6.730652464
IFIT1B	0.006071992
IFIT1P1	0.024790825
IFIT2	6.218638742
IFIT3	24.58745537
IFIT5	11.58626821
IFIT6P	0.010028449
IFITM1	35.50059862
IFITM10	2.903386964
IFITM2	79.52639481
IFITM3	254.8287854
IFITM4P	0.51317007
IFITM5	0.048806936
IFITM8P	0
IFITM9P	0
IFNA1	0.010385055
IFNA10	0
IFNA11P	0
IFNA12P	0
IFNA13	0
IFNA14	0
IFNA16	0
IFNA17	0
IFNA2	0
IFNA20P	0.725695049
IFNA21	0.011693328
IFNA22P	0.063020886
IFNA4	0
IFNA5	0.01213168
IFNA6	0
IFNA7	0
IFNA8	0
IFNAR1	15.98176059
IFNAR2	6.137502177
IFNB1	0
IFNE	0.040589723
IFNG	0.029492533
IFNG-AS1	0.067617703
IFNGR1	74.66614542
IFNGR2	33.00931803
IFNK	0.010503481
IFNL1	0.013971958
IFNL2	0
IFNL3	0
IFNL3P1	0.047800273
IFNL4	0
IFNL4P1	0
IFNLR1	4.789100872
IFNNP1	0
IFNW1	0.012395412
IFNWP15	0
IFNWP18	0
IFNWP19	0.084621684
IFNWP2	0.103223865
IFNWP4	0
IFNWP5	0
IFNWP9	0
IFRD1	5.837489422
IFRD2	9.035313907
IFT122	4.013690082
IFT140	7.930848253
IFT172	5.838040017
IFT20	5.064910672
IFT22	5.5957727
IFT27	3.171030937
IFT43	5.212062906
IFT46	7.807881273
IFT52	12.20478044
IFT57	42.35083851
IFT74	4.343154416
IFT74-AS1	0.059130708
IFT80	2.711874355
IFT81	2.348641321
IFT88	3.546536186
IGBP1	24.75177444
IGBP1-AS1	0.265106309
IGBP1-AS2	0.070023206
IGBP1P1	0.083070147
IGBP1P3	0
IGBP1P4	0.013622262
IGBP1P5	0
IGDCC3	0.144498537
IGDCC4	0.121837132
IGF1	0.23838369
IGF1R	6.271065642
IGF2	28.6386988
IGF2-AS	0.037562117
IGF2BP1	0.005258082
IGF2BP2	3.702194213
IGF2BP2-AS1	0.021037719
IGF2BP3	0.080192245
IGF2R	21.28027363
IGFALS	2.037044121
IGFBP1	0.1086567
IGFBP2	21.6922992
IGFBP3	30.7640087
IGFBP4	205.5005097
IGFBP5	25.0966346
IGFBP6	7.040206541
IGFBP7	399.5458854
IGFBP7-AS1	0.199566138
IGFBPL1	0.361519629
IGFL1	0
IGFL1P1	0
IGFL1P2	0
IGFL2	0
IGFL2-AS1	0.00683836
IGFL3	0.018087565
IGFL4	0.022501417
IGFLR1	0.635930228
IGFN1	0.375545391
IGHA1	262.856601
IGHA2	32.73555481
IGHD	3.785680846
IGHD1-1	0
IGHD1-14	0
IGHD1-20	0
IGHD1-26	0
IGHD1-7	0
IGHD1OR15-1A	0
IGHD1OR15-1B	0
IGHD2-15	0
IGHD2-2	0
IGHD2-21	0
IGHD2-8	0
IGHD3-10	0
IGHD3-16	0
IGHD3-22	0
IGHD3-3	0
IGHD3-9	0.386257042
IGHD4-11	0
IGHD4-17	0
IGHD4-23	0
IGHD4-4	0
IGHD4OR15-4A	0
IGHD4OR15-4B	0
IGHD5-12	0
IGHD5-18	0
IGHD5-24	0
IGHD5-5	0
IGHD5OR15-5A	0
IGHD5OR15-5B	0
IGHD6-13	0
IGHD6-19	0
IGHD6-25	0
IGHD6-6	0
IGHD7-27	0
IGHE	0.016960295
IGHEP1	0
IGHEP2	0.057200486
IGHG1	41.06991893
IGHG2	44.33118478
IGHG3	182.1856415
IGHG4	4.109029338
IGHGP	5.91583154
IGHJ1	6.677790017
IGHJ1P	0
IGHJ2	1.611880349
IGHJ2P	0.199566138
IGHJ3	1.954933601
IGHJ3P	0.478958732
IGHJ4	0
IGHJ5	0
IGHJ6	0
IGHM	50.68343715
IGHMBP2	2.572597367
IGHV1-12	0.40886721
IGHV1-14	0.049684516
IGHV1-17	0.071700409
IGHV1-18	18.13618126
IGHV1-2	3.244744409
IGHV1-24	0.466139885
IGHV1-3	0.24251075
IGHV1-45	0.4078724
IGHV1-46	3.509926587
IGHV1-58	1.532899324
IGHV1-67	0.201243165
IGHV1-68	0
IGHV1-69	0.435945448
IGHV1-69D	2.709438084
IGHV1OR15-1	0
IGHV1OR15-2	0.271364721
IGHV1OR15-3	0
IGHV1OR15-4	0
IGHV1OR15-6	0
IGHV1OR15-9	0.271364721
IGHV1OR16-1	0
IGHV1OR16-2	0
IGHV1OR16-3	0.058409601
IGHV1OR16-4	0
IGHV1OR21-1	0.169602951
IGHV2-26	0.534271552
IGHV2-5	0.443480308
IGHV2-70	0.969958326
IGHV2-70D	0.303487676
IGHV2OR16-5	0.033446839
IGHV3-11	6.379365778
IGHV3-13	1.308782582
IGHV3-15	11.56296253
IGHV3-16	0
IGHV3-19	0.781805491
IGHV3-20	0.577058714
IGHV3-21	8.548856441
IGHV3-22	0.066707344
IGHV3-23	50.39044995
IGHV3-25	0.136455479
IGHV3-29	0
IGHV3-30	10.83491332
IGHV3-30-2	0
IGHV3-32	0.036729964
IGHV3-33	2.472582782
IGHV3-33-2	0.311461603
IGHV3-35	0.163578802
IGHV3-36	0
IGHV3-37	0
IGHV3-38	0.140539534
IGHV3-41	0.344079549
IGHV3-42	0.039780626
IGHV3-43	1.186360915
IGHV3-47	0.35743189
IGHV3-48	7.15111996
IGHV3-49	4.093664378
IGHV3-50	0.037772771
IGHV3-52	0.339205901
IGHV3-53	2.935824103
IGHV3-54	0.06784118
IGHV3-57	0.042764173
IGHV3-6	0
IGHV3-60	0.304422923
IGHV3-62	0.246522877
IGHV3-63	0.316028489
IGHV3-64	0.203331537
IGHV3-65	0
IGHV3-66	1.374061937
IGHV3-7	6.181909218
IGHV3-71	0.46695141
IGHV3-72	2.530861483
IGHV3-73	1.753624649
IGHV3-74	6.690735271
IGHV3-75	0.100340517
IGHV3-76	0.121769169
IGHV3-79	0.070228553
IGHV3OR15-7	0.300183049
IGHV3OR16-10	0.034211338
IGHV3OR16-11	0
IGHV3OR16-12	0.169602951
IGHV3OR16-13	0.440967671
IGHV3OR16-15	0.028922629
IGHV3OR16-16	0.034909529
IGHV3OR16-6	0.066522046
IGHV3OR16-7	0
IGHV3OR16-8	0.06861873
IGHV3OR16-9	0.081455567
IGHV4-28	2.507489833
IGHV4-31	3.916718605
IGHV4-34	5.178741292
IGHV4-39	9.889089118
IGHV4-4	0.344574627
IGHV4-55	0.780910976
IGHV4-59	8.829289761
IGHV4-61	1.414867152
IGHV4OR15-8	0
IGHV5-51	39.2220474
IGHV5-78	0.405897231
IGHV6-1	0.144264678
IGHV7-27	0.036284752
IGHV7-34-1	0.034211338
IGHV7-40	0
IGHV7-56	0.170569349
IGHV7-81	0.059130708
IGHVII-1-1	0
IGHVII-15-1	0.054427129
IGHVII-22-1	0
IGHVII-26-2	0
IGHVII-28-1	0
IGHVII-30-1	0
IGHVII-33-1	0
IGHVII-40-1	0.206447729
IGHVII-44-2	0
IGHVII-46-1	0
IGHVII-49-1	0
IGHVII-51-2	0
IGHVII-53-1	0.046956738
IGHVII-60-1	0
IGHVII-62-1	0
IGHVII-65-1	0
IGHVII-67-1	0
IGHVII-74-1	0
IGHVII-78-1	0
IGHVIII-11-1	0
IGHVIII-13-1	0.041147657
IGHVIII-2-1	0
IGHVIII-22-2	0
IGHVIII-25-1	0
IGHVIII-26-1	0
IGHVIII-38-1	0.221740154
IGHVIII-47-1	0
IGHVIII-5-1	0
IGHVIII-51-1	0.039648902
IGHVIII-5-2	0
IGHVIII-67-2	0
IGHVIII-67-3	0
IGHVIII-67-4	0
IGHVIII-76-1	0.041867022
IGHVIII-82	0
IGHVIV-44-1	0
IGIP	3.348417395
IGJP1	0
IGKC	112.678112
IGKJ1	0
IGKJ2	0
IGKJ3	0
IGKJ4	0
IGKJ5	1.890626575
IGKV1-12	0.691962993
IGKV1-13	0.966199172
IGKV1-16	2.059015714
IGKV1-17	6.462141625
IGKV1-22	0
IGKV1-27	3.479346811
IGKV1-32	0
IGKV1-33	0.682601519
IGKV1-35	0
IGKV1-37	0
IGKV1-39	0.661877645
IGKV1-5	23.81289186
IGKV1-6	5.923963267
IGKV1-8	1.137369021
IGKV1-9	21.72294495
IGKV1D-12	0.129099389
IGKV1D-13	3.439331322
IGKV1D-16	0.316771648
IGKV1D-17	0.29259697
IGKV1D-22	0
IGKV1D-27	0.250202323
IGKV1D-32	0
IGKV1D-33	0.299974154
IGKV1D-35	0.044184385
IGKV1D-37	0.03392059
IGKV1D-39	0.191073962
IGKV1D-42	0.642035834
IGKV1D-43	0.540179021
IGKV1D-8	0.381193748
IGKV1OR10-1	0.109185121
IGKV1OR1-1	0.034507113
IGKV1OR-2	0.034211338
IGKV1OR2-1	0
IGKV1OR2-108	2.001314816
IGKV1OR2-11	0.166884576
IGKV1OR2-118	0
IGKV1OR2-2	0.337294882
IGKV1OR22-1	0.033261023
IGKV1OR22-5	0
IGKV1OR2-3	0.083152558
IGKV1OR2-6	0.518727869
IGKV1OR2-9	0.125163432
IGKV1OR-3	0.172039775
IGKV1OR9-1	0
IGKV1OR9-2	0.043227322
IGKV2-10	0.06822774
IGKV2-14	0.034507113
IGKV2-18	0.034909529
IGKV2-19	0
IGKV2-23	0.111213328
IGKV2-24	2.916735869
IGKV2-26	0
IGKV2-28	0.245619863
IGKV2-29	0.064376174
IGKV2-30	0.460537243
IGKV2-36	0
IGKV2-38	0
IGKV2-4	0.140870215
IGKV2-40	0
IGKV2D-10	0
IGKV2D-14	0
IGKV2D-18	0
IGKV2D-19	0
IGKV2D-23	0
IGKV2D-24	0.153512414
IGKV2D-26	0
IGKV2D-28	0
IGKV2D-29	2.514533344
IGKV2D-30	0.060627688
IGKV2D-36	0
IGKV2D-38	0
IGKV2D-40	0.249457673
IGKV2OR2-1	0.118164161
IGKV2OR2-10	0
IGKV2OR2-2	0.079826455
IGKV2OR22-3	0.166305115
IGKV2OR22-4	0.326266166
IGKV2OR2-7	0
IGKV2OR2-7D	0
IGKV2OR2-8	0
IGKV3-11	17.73037804
IGKV3-15	9.07529272
IGKV3-20	64.3002098
IGKV3-25	0
IGKV3-31	0.03639504
IGKV3-34	0
IGKV3-7	0.672694849
IGKV3D-11	0.751504287
IGKV3D-15	0.423322112
IGKV3D-20	3.06748851
IGKV3D-25	0
IGKV3D-31	0
IGKV3D-34	0
IGKV3D-7	0.311822091
IGKV3OR22-2	0
IGKV3OR2-268	0.51317007
IGKV3OR2-5	0
IGKV4-1	15.91335937
IGKV5-2	0.557611269
IGKV6-21	1.356656508
IGKV6D-21	0.702628947
IGKV6D-41	0
IGKV7-3	0.040181102
IGLC1	0
IGLC2	78.27139455
IGLC3	32.44893575
IGLC4	0
IGLC5	0.040866786
IGLC6	0.075545541
IGLC7	2.742337412
IGLCOR22-1	0
IGLCOR22-2	0.03825549
IGLJ1	0
IGLJ2	0.205268028
IGLJ3	0.068033911
IGLJ4	0
IGLJ5	0
IGLJ6	0
IGLJ7	0
IGLJCOR18	0
IGLL1	0.01324554
IGLL3P	0.027589789
IGLL4P	0.090029837
IGLL5	9.314701073
IGLON5	0.013784307
IGLV10-54	2.624431409
IGLV10-67	0
IGLV11-55	0.028107907
IGLV1-36	1.858554877
IGLV1-40	29.50832976
IGLV1-41	0
IGLV1-44	4.948556495
IGLV1-47	7.355017387
IGLV1-50	0.798264554
IGLV1-51	8.112363527
IGLV1-62	0
IGLV2-11	4.460303194
IGLV2-14	9.412373096
IGLV2-18	0.928462783
IGLV2-23	12.2363461
IGLV2-28	0
IGLV2-33	0.02906303
IGLV2-34	0
IGLV2-5	0.043227322
IGLV2-8	2.895815751
IGLV3-1	8.574324038
IGLV3-10	74.88383287
IGLV3-12	0.399132277
IGLV3-13	0.053694925
IGLV3-15	0.049073641
IGLV3-16	0.606681061
IGLV3-17	0
IGLV3-19	16.51581835
IGLV3-2	0
IGLV3-21	89.52629791
IGLV3-22	0
IGLV3-24	0
IGLV3-25	14.30574108
IGLV3-26	0
IGLV3-27	0.444656648
IGLV3-29	0.883325531
IGLV3-30	0.160724407
IGLV3-31	0.120949175
IGLV3-32	0
IGLV3-4	0
IGLV3-6	0.047895873
IGLV3-7	0
IGLV3-9	3.558424421
IGLV4-3	0.178272481
IGLV4-60	16.43939847
IGLV4-69	12.25974321
IGLV5-37	0.128063832
IGLV5-45	1.115961782
IGLV5-48	0.032449779
IGLV5-52	0.094780752
IGLV6-57	7.553402157
IGLV7-35	0
IGLV7-43	2.643603392
IGLV7-46	0.528720678
IGLV8-61	3.991322769
IGLV8OR8-1	0
IGLV9-49	0.204933443
IGLVI-20	0
IGLVI-38	0
IGLVI-42	0
IGLVI-56	0
IGLVI-63	0
IGLVI-68	0
IGLVI-70	0.122809931
IGLVIV-53	0
IGLVIV-59	0
IGLVIV-64	0
IGLVIV-65	0
IGLVIV-66-1	0
IGLVIVOR22-1	0
IGLVIVOR22-2	0.036284752
IGLVV-58	0
IGLVV-66	0
IGLVVI-22-1	0
IGLVVI-25-1	0
IGLVVII-41-1	0
IGSF1	0.007024915
IGSF10	4.150608098
IGSF11	0.02932999
IGSF11-AS1	0
IGSF21	0.562795917
IGSF21-AS1	0
IGSF22	0.200349397
IGSF23	0.071114882
IGSF3	11.44970267
IGSF5	0.013555436
IGSF6	9.044888856
IGSF8	19.26367586
IGSF9	0.263759712
IGSF9B	0.193564932
IHH	1.337675154
IK	32.33585192
IKBIP	3.957766127
IKBKB	6.620239728
IKBKE	2.220443081
IKBKG	2.161353871
IKBKGP1	0.03347801
IKZF1	3.43407145
IKZF2	0.996852427
IKZF3	0.999027132
IKZF4	3.056809183
IKZF5	4.181424279
IL10	0.199767924
IL10RA	9.801537892
IL10RB	20.32516428
IL10RB-AS1	1.155477193
IL11	1.098323562
IL11RA	5.0716246
IL12A	0.293479615
IL12A-AS1	0.05193372
IL12B	0.073725991
IL12RB1	2.426553372
IL12RB2	0.115550961
IL13	0.091246035
IL13RA1	35.31115585
IL13RA2	0.662765773
IL15	0.860724185
IL15RA	5.391487333
IL16	3.452391887
IL17A	0.012882161
IL17B	0.118652039
IL17C	0.026049242
IL17D	1.723934721
IL17F	0.022444177
IL17RA	5.973732749
IL17RB	1.90763682
IL17RC	5.533344825
IL17RD	0.641216585
IL17RE	7.787176565
IL17REL	0.01619855
IL18	10.52050716
IL18BP	4.332011665
IL18R1	1.554167722
IL18RAP	0.516745766
IL19	0.023142575
IL1A	0.964005923
IL1B	2.378549906
IL1F10	0
IL1R1	34.51708102
IL1R2	1.083229154
IL1RAP	3.242647586
IL1RAPL1	0.016322203
IL1RAPL2	0
IL1RL1	2.07554341
IL1RL2	0.230965349
IL1RN	5.251482414
IL2	0.042802389
IL20	0.007641333
IL20RA	6.495814518
IL20RB	0.421243527
IL20RB-AS1	0
IL21	0
IL21-AS1	0.009584286
IL21R	0.324153523
IL21R-AS1	0.018315821
IL22	0
IL22RA1	0.534934252
IL22RA2	0.00413323
IL23A	0.554817403
IL23R	0.043729632
IL24	0.568748368
IL25	0.017518608
IL26	0.02227715
IL27	0.282849645
IL27RA	8.909731987
IL2RA	0.761568513
IL2RB	2.909419533
IL2RG	16.30368583
IL3	0
IL31	0
IL31RA	0.036633644
IL32	32.48531258
IL33	35.34400359
IL34	3.651711785
IL36A	0
IL36B	0.006406618
IL36G	0.043383943
IL36RN	0
IL37	0.085630286
IL3RA	21.39208958
IL4	0.117104825
IL4I1	1.149276708
IL4R	28.28123732
IL5	0.037725168
IL5RA	1.752553543
IL6	5.069693686
IL6R	19.02697521
IL6R-AS1	0.170472214
IL6RP1	0
IL6ST	42.6356775
IL6STP1	0
IL7	1.412024564
IL7R	7.04804372
IL9	0
IL9R	0.090856788
IL9RP2	0
IL9RP3	0.171669796
IL9RP4	0
ILDR1	3.64530901
ILDR2	0.051745758
ILF2	53.32379222
ILF2P1	0.010251685
ILF2P2	0.010719757
ILF3	21.33956264
ILF3-AS1	9.03331144
ILK	5.49895215
ILKAP	5.33319695
ILVBL	8.410566518
IMMP1L	2.097751981
IMMP1LP1	0.122684101
IMMP1LP2	0
IMMP1LP3	0
IMMP2L	2.341435608
IMMT	19.52003162
IMMTP1	0.00539611
IMP3	10.97497056
IMP3P1	0
IMP3P2	0
IMP4	8.847897326
IMPA1	4.702679488
IMPA1P1	0.747607028
IMPA2	9.80143654
IMPACT	6.814790014
IMPAD1	15.92534631
IMPDH1	16.46011918
IMPDH1P10	0.069886975
IMPDH1P11	0.007961415
IMPDH1P3	0
IMPDH1P4	0
IMPDH1P5	0.124404866
IMPDH1P6	0.01581766
IMPDH1P8	0.007851782
IMPDH2	29.59163534
IMPG1	0.16066098
IMPG2	0.045959816
INA	0.022235781
INAFM1	11.40150767
INAFM2	18.98902044
INAVA	1.831599068
INCA1	2.552082105
INCENP	2.229893941
INE1	1.533174778
INE2	0
INF2	15.672925
ING1	1.960671704
ING2	9.967111065
ING3	2.999233335
ING4	9.216804551
ING5	2.987651116
INGX	0.00960222
INHA	0.081966697
INHBA	11.25222354
INHBA-AS1	0.114943022
INHBB	14.99735793
INHBC	0.030055141
INHBE	0.047657585
INIP	6.318616782
INMT	72.6560251
INMT-MINDY4	0.307664463
INO80	9.921970886
INO80-AS1	0.151356341
INO80B	1.754398773
INO80B-WBP1	0.005869592
INO80C	3.40734162
INO80D	1.739486942
INO80E	6.383094691
INPP1	9.338783224
INPP4A	3.158069445
INPP4B	1.364658438
INPP5A	9.369807902
INPP5B	4.343077642
INPP5D	4.989038516
INPP5E	4.596959547
INPP5F	2.996338503
INPP5J	1.18696741
INPP5K	11.58045761
INPPL1	17.44757247
INS	0
INSC	0.352073013
INSIG1	17.21627005
INSIG2	9.212377134
INS-IGF2	0
INSL3	0.05189152
INSL4	0
INSL5	0.033493618
INSL6	0.03184566
INSM1	0.033860639
INSM2	0
INSR	15.10867094
INSRR	0.011736883
INTS1	11.20098536
INTS10	7.546267112
INTS11	8.422565054
INTS12	5.321763691
INTS13	4.034278709
INTS14	8.117269725
INTS2	2.096870325
INTS3	7.966985802
INTS4	3.199497952
INTS4P1	0.094061024
INTS4P2	0.096240871
INTS5	9.757781782
INTS6	1.599251637
INTS6-AS1	0.09709279
INTS6L	1.489863968
INTS6L-AS1	0.030085348
INTS6P1	0.023663969
INTS7	3.591514124
INTS8	2.916618774
INTS9	3.903440432
INTS9-AS1	0.065550921
INTU	0.927151536
INVS	2.079275667
IP6K1	13.24044572
IP6K2	10.24515211
IP6K3	0.704351077
IPCEF1	0.716403343
IPMK	2.309669738
IPMKP1	0.014004641
IPO11	4.179772491
IPO13	6.164838689
IPO4	0.662430442
IPO5	11.99130214
IPO5P1	2.496823318
IPO7	20.0524717
IPO7P1	0
IPO7P2	0.047895873
IPO8	9.655589516
IPO8P1	0.023108334
IPO9	7.30798972
IPO9-AS1	0.169176946
IPP	3.170435333
IPPK	0.982764723
IPPKP1	0
IQANK1	2.388118795
IQCA1	3.250506543
IQCA1-AS1	0.048973286
IQCA1L	0.004237073
IQCB1	7.402732127
IQCB2P	0.007332497
IQCC	1.381983428
IQCD	3.616527826
IQCE	4.847902103
IQCF1	0
IQCF2	0
IQCF3	0
IQCF5	0
IQCF5-AS1	0
IQCF6	0
IQCG	3.809753362
IQCH	0.658669331
IQCH-AS1	0.900004154
IQCJ	0
IQCJ-SCHIP1-AS1	0.020226298
IQCK	1.985669088
IQCM	0
IQCN	4.107303963
IQGAP1	45.07724257
IQGAP2	5.57946929
IQGAP3	0.497287322
IQSEC1	16.64037095
IQSEC2	3.606637681
IQSEC3	1.713682687
IQSEC3P1	0.089357972
IQUB	0.609569064
IRAK1	21.52979955
IRAK1BP1	1.103408641
IRAK2	2.320536493
IRAK3	8.014563352
IRAK4	3.750240917
IREB2	5.690017328
IRF1	18.74166318
IRF2	12.07003673
IRF2BP1	9.30737864
IRF2BP2	34.03861566
IRF2BPL	14.5577185
IRF3	12.71879079
IRF4	0.680108407
IRF5	6.196357541
IRF5P1	0
IRF6	10.39530473
IRF7	8.821005571
IRF8	11.23632361
IRF9	1.701098818
IRGC	0.013491795
IRGM	0.01581766
IRGQ	2.566110342
IRS1	3.378167688
IRS2	7.218516651
IRS3P	0.035707659
IRS4	0.027435263
IRX1	2.494039685
IRX1P1	0
IRX2	12.61795833
IRX3	9.008241357
IRX4	0.01276089
IRX5	2.891429253
IRX6	1.225931442
ISCA1	8.723330352
ISCA1P1	0.061880973
ISCA1P2	0
ISCA1P3	0.032101792
ISCA1P4	0.268073917
ISCA1P6	0
ISCA2	3.903959611
ISCA2P1	0
ISCU	19.65090316
ISCUP1	0
ISG15	25.13007998
ISG20	2.85892113
ISG20L2	6.503535047
ISL1	0.045702169
ISL2	0.010782502
ISLR	24.97453292
ISLR2	0.335608684
ISM1	1.366870273
ISM1-AS1	0.018364982
ISM2	0.014492821
ISOC1	12.30109218
ISOC2	3.688894954
ISPD	0.446010866
ISPD-AS1	0.008639227
IST1	18.26313946
ISX	0
ISX-AS1	0
ISY1	4.547889473
ISY1-RAB43	0.007379192
ISYNA1	8.477307037
ITCH	9.353203265
ITCH-AS1	0
ITCH-IT1	0.057567155
ITFG1	9.839612308
ITFG1-AS1	0.191277449
ITFG2	4.120960932
ITFG2-AS1	0.1730797
ITGA1	10.80598077
ITGA10	1.549795265
ITGA11	1.200262471
ITGA2	16.04905335
ITGA2B	0.099225823
ITGA3	38.79751412
ITGA4	2.024708474
ITGA5	33.34126743
ITGA6	25.1704434
ITGA7	1.659032483
ITGA8	13.17009266
ITGA9	11.89295559
ITGA9-AS1	0.450081503
ITGAD	0.13029936
ITGAE	2.647691354
ITGAL	11.89996356
ITGAM	8.169353486
ITGAV	13.27621574
ITGAX	7.476536331
ITGB1	77.75210962
ITGB1BP1	5.775404599
ITGB1BP2	0.288332722
ITGB1-DT	0.060221131
ITGB1P1	1.395979885
ITGB2	57.63077816
ITGB2-AS1	0.491138979
ITGB3	0.678543038
ITGB3BP	1.138393396
ITGB4	11.78800962
ITGB5	31.07808464
ITGB5-AS1	0.130151829
ITGB6	36.58492786
ITGB7	0.70545138
ITGB8	1.168481072
ITGBL1	10.66873982
ITIH1	0.02108093
ITIH2	0.925164514
ITIH3	1.211350619
ITIH4	0.142495046
ITIH4-AS1	0.090941531
ITIH5	4.037162407
ITIH6	0.010891366
ITK	0.908763517
ITLN1	1.404902552
ITLN2	17.07534722
ITM2A	17.31000294
ITM2B	77.83313952
ITM2BP1	0.180330848
ITM2C	21.17342461
ITPA	15.29268284
ITPK1	14.76489325
ITPK1-AS1	0.02801822
ITPKA	0.131644967
ITPKB	10.86098148
ITPKB-AS1	0.06676934
ITPKB-IT1	0.055052728
ITPKC	91.55045014
ITPR1	8.261527415
ITPR1-AS1	0.376803198
ITPR2	4.45243794
ITPR3	23.12055603
ITPRIP	17.86040248
ITPRIPL1	0.447865539
ITPRIPL2	10.48205048
ITSN1	2.098252401
ITSN2	7.27083419
IVD	13.87462729
IVL	0.088984437
IVNS1ABP	19.75425393
IWS1	14.85192209
IYD	0.532715633
IZUMO1	0.154276605
IZUMO1R	0
IZUMO2	0.039622662
IZUMO3	0
IZUMO4	0.46253235
JADE1	5.87483887
JADE2	5.707547108
JADE3	2.864708399
JADRR	0
JAG1	8.80158228
JAG2	4.55037001
JAGN1	17.41849642
JAK1	41.25588415
JAK2	5.662525571
JAK3	1.166991774
JAKMIP1	0.237979768
JAKMIP2	0.453138854
JAKMIP2-AS1	0.221740154
JAKMIP3	0.125909236
JAM2	7.921426867
JAM3	7.855239527
JAML	11.40922425
JARID2	3.921648805
JARID2-AS1	0.078949242
JAZF1	6.064427729
JAZF1-AS1	0.040966656
JCAD	13.03985913
JCHAIN	85.47132614
JDP2	16.75971474
JHDM1D-AS1	2.042618123
JHY	2.691584329
JKAMP	9.628722099
JKAMPP1	0
JMJD1C	20.36066918
JMJD1C-AS1	0.421555438
JMJD4	2.192221312
JMJD6	5.697113417
JMJD7	0.1336516
JMJD7-PLA2G4B	0.72191058
JMJD8	17.63505267
JMY	2.529338583
JOSD1	25.56162675
JOSD2	9.51432224
JPH1	4.57297282
JPH2	1.293502886
JPH3	0.044340566
JPH4	1.175511115
JPT1	14.92011165
JPT2	18.23970885
JPX	2.707463807
JRK	1.064210559
JRKL	3.195559186
JRKL-AS1	0
JSRP1	0.288603339
JTB	57.15648908
JTBP1	0.048477604
JUN	53.37548584
JUNB	176.5699788
JUND	223.5783475
JUP	47.13265994
KAAG1	0.043321159
KALRN	0.868833878
KANK1	4.571184071
KANK1P1	0
KANK2	32.0606999
KANK3	7.336304454
KANK4	1.77006488
KANSL1	3.913376201
KANSL1-AS1	0.8465203
KANSL1L	3.523751655
KANSL2	8.023902565
KANSL3	8.636133325
KANTR	0.208287102
KARS	24.61659364
KARSP1	0
KARSP2	0.043833929
KARSP3	0.01592283
KAT14	2.656187276
KAT2A	7.866156945
KAT2B	7.45982051
KAT5	10.44995037
KAT6A	7.973216155
KAT6B	3.232077863
KAT7	3.510964407
KAT8	9.111709154
KATNA1	7.890990378
KATNAL1	2.040228283
KATNAL2	0.813619005
KATNB1	4.984154527
KATNBL1	2.93002726
KATNBL1P1	0
KATNBL1P2	0.014340082
KATNBL1P3	0
KATNBL1P4	0
KATNBL1P5	0
KATNBL1P6	0.024503346
KAZALD1	1.388622397
KAZN	2.895950259
KAZN-AS1	0
KBTBD11	5.150055519
KBTBD11-OT1	0.117535885
KBTBD12	0.154356759
KBTBD13	0.008695692
KBTBD2	17.38350321
KBTBD3	0.716354159
KBTBD4	3.691550495
KBTBD6	1.114610414
KBTBD7	1.391145452
KBTBD8	0.978447157
KC877373.1	0
KC877392.1	0.505942323
KC877982.1	0
KCMF1	7.219244947
KCNA1	0.091655779
KCNA10	0.105563952
KCNA2	0.047752615
KCNA3	5.266868114
KCNA4	0.439568801
KCNA5	0.821072112
KCNA6	0
KCNA7	0.00547757
KCNAB1	1.796444749
KCNAB1-AS1	0
KCNAB1-AS2	0
KCNAB2	8.567905578
KCNAB3	0.585626397
KCNB1	0.362755664
KCNB2	0.050142246
KCNC1	0.024332388
KCNC2	0
KCNC3	2.888097501
KCNC4	0.823170486
KCNC4-AS1	0.400199475
KCND1	0.569108878
KCND2	0.021555298
KCND3	1.219782349
KCND3-AS1	0
KCND3-IT1	0
KCNE1	0.459005612
KCNE1B	0.223137803
KCNE2	0.170893934
KCNE3	5.85835436
KCNE4	0.992991552
KCNE5	0.138192438
KCNF1	0.193550383
KCNG1	0.019820805
KCNG2	0.094152387
KCNG3	0.106463107
KCNG4	0.00182725
KCNH1	0.010340214
KCNH1-IT1	0
KCNH2	0.761998323
KCNH3	0.8731311
KCNH4	0.11290439
KCNH5	0.002915739
KCNH6	0.045495961
KCNH7	0.009629247
KCNH8	0.079852424
KCNIP1	0.739275714
KCNIP2	0.516181997
KCNIP2-AS1	0.169044258
KCNIP3	0.275386056
KCNIP4	0.364425122
KCNIP4-IT1	0
KCNJ1	0.095543849
KCNJ10	0.022622272
KCNJ11	0.732489946
KCNJ12	0.364527075
KCNJ13	0.016088637
KCNJ14	0.383498063
KCNJ15	11.50746605
KCNJ16	0.632693909
KCNJ18	0
KCNJ2	2.769664535
KCNJ2-AS1	1.054219159
KCNJ3	0.016541894
KCNJ4	0.011597064
KCNJ5	4.48460296
KCNJ6	0.018895038
KCNJ6-AS1	0
KCNJ8	8.363460149
KCNJ9	0.00574291
KCNK1	4.58226303
KCNK10	0.004349952
KCNK12	0.012538187
KCNK13	0.270624978
KCNK15	0.640393072
KCNK15-AS1	0.126967037
KCNK16	0.019312852
KCNK17	3.836962219
KCNK18	0
KCNK2	0.003062396
KCNK3	13.57870711
KCNK4	0.00454938
KCNK5	6.06668309
KCNK6	4.122663103
KCNK7	0.436670629
KCNK9	0.024222458
KCNMA1	0.785076268
KCNMA1-AS1	0.005087368
KCNMA1-AS2	0
KCNMA1-AS3	0.017081267
KCNMB1	0.791830113
KCNMB2	0.37186237
KCNMB2-AS1	0.028323994
KCNMB3	0.200032882
KCNMB3P1	0.007066373
KCNMB4	2.459159268
KCNN1	0.042108906
KCNN2	0.524516759
KCNN3	1.47583254
KCNN4	0.800934335
KCNQ1	16.00851114
KCNQ1-AS1	0.110460962
KCNQ1DN	0
KCNQ1OT1	0.054209223
KCNQ2	0.002109021
KCNQ3	0.480762792
KCNQ4	0.483767785
KCNQ5	0.121795979
KCNQ5-AS1	0
KCNQ5-IT1	0
KCNRG	1.414770409
KCNS1	0.224281028
KCNS2	0.031345467
KCNS3	14.55538913
KCNT1	0.072936835
KCNT2	2.017023393
KCNU1	0.003016873
KCNV1	0.001715714
KCNV2	0.01643271
KCP	0.233419167
KCTD1	1.257185876
KCTD10	14.71469009
KCTD10P1	0
KCTD11	11.92695011
KCTD12	49.85402579
KCTD13	2.179996287
KCTD14	2.814015497
KCTD15	5.310308737
KCTD16	0.356019066
KCTD17	5.264935813
KCTD18	3.92473305
KCTD19	0.077847823
KCTD2	10.06185327
KCTD20	17.16735799
KCTD21	1.975532235
KCTD21-AS1	0.190062989
KCTD3	9.947940802
KCTD4	0.012840717
KCTD5	8.22772676
KCTD6	1.869468976
KCTD7	1.752597054
KCTD8	0.004428243
KCTD9	8.179343168
KCTD9P1	0.01026047
KCTD9P2	0
KCTD9P3	0
KCTD9P4	0.092423426
KCTD9P5	0
KCTD9P6	0.012604177
KDELC1	2.149952062
KDELC1P1	0
KDELC2	9.750882261
KDELR1	56.00795748
KDELR2	43.90154946
KDELR3	6.232174276
KDF1	6.264128428
KDM1A	12.45865516
KDM1B	6.053433814
KDM2A	16.41171937
KDM2B	2.588514766
KDM3A	3.865246567
KDM3B	13.73374006
KDM4A	10.06628271
KDM4A-AS1	0.266639377
KDM4B	3.036616588
KDM4C	1.58900718
KDM4D	0.390018444
KDM4E	0.020477073
KDM4F	0
KDM5A	5.998853277
KDM5B	5.44136254
KDM5C	11.23579998
KDM5C-IT1	0
KDM5D	5.456171545
KDM5DP1	0
KDM6A	3.404840406
KDM6B	21.3792581
KDM7A	4.00359725
KDM8	1.482293675
KDR	10.52959283
KDSR	9.084589284
KEAP1	14.82339708
KEL	0.195343862
KERA	0.099690763
KF455155.1	0
KF456478.1	0
KF459542.1	0
KHDC1	0.371729165
KHDC1L	0.025129
KHDC1P1	0
KHDC3L	0.023524496
KHDC4	4.311478561
KHDRBS1	43.31386138
KHDRBS2	3.594244346
KHDRBS3	1.112214754
KHK	1.185657646
KHNYN	8.206239289
KHSRP	30.61851023
KHSRPP1	0.033863033
KIAA0040	37.85205954
KIAA0087	0.069892414
KIAA0100	18.12237737
KIAA0141	13.58581057
KIAA0232	11.47945567
KIAA0319	0.422394587
KIAA0319L	14.19989034
KIAA0355	10.3253203
KIAA0391	0.761449718
KIAA0408	0.170607101
KIAA0513	3.684193711
KIAA0556	4.26382927
KIAA0586	1.927075221
KIAA0753	2.841892779
KIAA0825	0.293169651
KIAA0895	1.694295159
KIAA0895L	3.504514992
KIAA0930	6.552876357
KIAA1024	0.084522129
KIAA1024L	0
KIAA1107	0.982937697
KIAA1109	5.625483791
KIAA1143	4.774560094
KIAA1147	8.842114714
KIAA1191	27.57659451
KIAA1210	0.007652076
KIAA1211	0.907090118
KIAA1211L	9.054915883
KIAA1217	5.937438287
KIAA1257	0.196219171
KIAA1324	2.532558673
KIAA1324L	9.245703685
KIAA1328	1.186958483
KIAA1468	3.371871783
KIAA1522	17.69698317
KIAA1549	1.05122712
KIAA1549L	0.077765665
KIAA1551	7.514809179
KIAA1586	1.86792365
KIAA1614	0.763421226
KIAA1614-AS1	0.033261023
KIAA1671	4.990793592
KIAA1755	0.404415854
KIAA1841	1.974685964
KIAA1958	1.084310873
KIAA2012	0.84629466
KIAA2013	16.95916815
KIAA2026	4.487595688
KIDINS220	14.39642246
KIF11	0.689858256
KIF12	1.461025376
KIF13A	9.088727169
KIF13B	6.74990438
KIF14	0.093790874
KIF15	0.181252122
KIF16B	3.315721478
KIF17	1.293831475
KIF18A	0.954223695
KIF18B	0.14662002
KIF18BP1	0
KIF19	2.649558944
KIF1A	0.043605129
KIF1B	4.404373805
KIF1BP	9.217681561
KIF1C	32.62836585
KIF20A	0.326727786
KIF20B	0.894857944
KIF21A	2.914762702
KIF21B	0.868235891
KIF22	5.464928021
KIF23	0.640289038
KIF24	0.915452765
KIF25	0.171240162
KIF25-AS1	0.038775804
KIF26A	2.029335955
KIF26B	0.706649522
KIF26B-AS1	0.650437784
KIF27	1.446660373
KIF28P	0.071618722
KIF2A	3.902701023
KIF2B	0
KIF2C	0.581292482
KIF3A	2.759598235
KIF3AP1	0.019597329
KIF3B	12.37225039
KIF3C	1.851355399
KIF4A	0.327547335
KIF4B	0.008205095
KIF4CP	0
KIF5A	0.040161849
KIF5B	40.86063202
KIF5C	0.165023763
KIF6	0.535741251
KIF7	0.823644291
KIF9	2.087768833
KIF9-AS1	0.352031735
KIFAP3	9.063461747
KIFC1	0.959349329
KIFC2	2.016753376
KIFC3	8.824565184
KIN	1.747807472
KIR2DL1	0.286116327
KIR2DL3	0.02805303
KIR2DL4	0.104181859
KIR2DP1	0.00899622
KIR2DS4	0.312752904
KIR3DL1	0.126396569
KIR3DL2	0.089310366
KIR3DL3	0
KIR3DP1	0
KIR3DX1	0.035045761
KIRREL1	10.39508377
KIRREL1-IT1	0.020398583
KIRREL2	0
KIRREL3	0.036290251
KIRREL3-AS1	0
KIRREL3-AS2	0
KIRREL3-AS3	0
KISS1	0.489767392
KISS1R	0.014254724
KIT	9.375985249
KITLG	13.1654178
KIZ	2.936577209
KIZ-AS1	0.017573243
KL	3.085854569
KLB	1.919536188
KLC1	2.314432293
KLC2	4.593772838
KLC3	0.494819161
KLC4	5.918918455
KLF1	0.045128021
KLF10	71.19770013
KLF11	8.704545275
KLF12	1.469483396
KLF13	26.94620097
KLF14	0.021177871
KLF15	5.974371124
KLF16	11.1230264
KLF17	0.152973086
KLF17P1	0
KLF2	18.41190468
KLF2P1	0.011491332
KLF2P2	0.034573537
KLF2P3	0.01101561
KLF2P4	0.009774668
KLF3	13.24989855
KLF3-AS1	0.651998688
KLF3P1	0.011716212
KLF3P2	0
KLF4	26.15030903
KLF4P1	0.010104615
KLF5	27.30052471
KLF6	91.75231195
KLF7	4.669614934
KLF7-IT1	0.347336485
KLF7P1	0.011425542
KLF8	1.390902104
KLF8P1	0
KLF9	34.06854287
KLHDC1	1.481808453
KLHDC10	7.997713956
KLHDC2	5.075940372
KLHDC3	34.58157959
KLHDC4	2.199387754
KLHDC7A	1.691948486
KLHDC7B	0.340283285
KLHDC8A	0.157422755
KLHDC8B	10.50357831
KLHDC9	2.40871688
KLHL1	0.002885989
KLHL10	0.085889224
KLHL11	0.783860284
KLHL12	9.007444626
KLHL13	0.39781765
KLHL14	0.148715151
KLHL15	2.493303987
KLHL17	1.252064433
KLHL18	4.366498068
KLHL2	9.602058778
KLHL20	5.162260901
KLHL21	5.068245388
KLHL22	4.273103627
KLHL23	2.388707781
KLHL24	4.558413599
KLHL25	2.307215669
KLHL26	2.972898948
KLHL28	1.73471309
KLHL29	1.682909826
KLHL2P1	0.091930659
KLHL3	0.942442419
KLHL30	0.199244776
KLHL30-AS1	0.019275545
KLHL31	0.277300676
KLHL32	0.635863011
KLHL33	0.115690515
KLHL34	0.016443241
KLHL35	0.384801203
KLHL36	4.647025819
KLHL38	0.211447473
KLHL4	0.660646928
KLHL40	0.014271714
KLHL41	0.685532537
KLHL42	4.461567828
KLHL5	6.887825081
KLHL6	3.240442399
KLHL6-AS1	0.071415318
KLHL7	3.939920225
KLHL7-AS1	0.16812124
KLHL8	2.489556369
KLHL9	8.880867911
KLK1	0.080564968
KLK10	5.522382995
KLK11	13.43946202
KLK12	0.16921945
KLK13	0.340067859
KLK14	0.392589125
KLK15	0
KLK2	0
KLK3	0.002581153
KLK4	0.043316681
KLK5	6.331063702
KLK6	0.006059701
KLK7	2.681106297
KLK8	0.025681433
KLK9	0
KLKB1	0.364936386
KLKP1	0
KLLN	0.195973295
KLRA1P	0.979555405
KLRB1	2.90252961
KLRC1	0.128704626
KLRC2	0.063903767
KLRC3	0.041721144
KLRC4	0.025750469
KLRC4-KLRK1	0.060054625
KLRD1	0.343312468
KLRF1	1.805598395
KLRF2	0
KLRG1	0.640639567
KLRG2	3.869602866
KLRK1	0.102746923
KMO	1.490201235
KMT2A	3.831386334
KMT2B	5.624118978
KMT2C	5.157724043
KMT2D	7.043097982
KMT2E	13.30195959
KMT2E-AS1	1.903470505
KMT5A	6.419762435
KMT5B	6.561268546
KMT5C	1.717731579
KNCN	0.021305993
KNDC1	2.723196799
KNG1	0.006403192
KNL1	0.202097221
KNOP1	1.260498918
KNOP1P1	0.012107147
KNOP1P2	0.045459257
KNOP1P3	0
KNOP1P4	0.016653642
KNOP1P5	0.017378764
KNSTRN	2.034984761
KNTC1	0.808837594
KPNA1	6.186054387
KPNA2	9.655441958
KPNA2P1	0
KPNA2P2	0.008041617
KPNA2P3	0
KPNA3	14.90991896
KPNA4	11.44606043
KPNA5	2.560308558
KPNA6	11.8282957
KPNA7	1.450759058
KPNB1	23.12139282
KPRP	0
KPTN	3.11751623
KRAS	7.384111104
KRASP1	0
KRBA1	1.601913691
KRBA2	0.239993638
KRBOX1	0.21970584
KRBOX1-AS1	0.011222088
KRBOX4	3.310279102
KRCC1	19.9588907
KREMEN1	0
KREMEN2	0.082452727
KRI1	5.909814214
KRIT1	4.890721419
KRR1	3.624829553
KRR1P1	0.372788552
KRT1	0.033688818
KRT10	6.387243922
KRT12	0.006413481
KRT125P	0
KRT126P	0
KRT127P	0
KRT128P	0
KRT13	0.304179078
KRT14	0.1102382
KRT15	3.113333392
KRT16	0.314467854
KRT16P1	1.377536177
KRT16P2	28.19470404
KRT16P3	0.758877617
KRT16P4	0.015859561
KRT16P5	0
KRT16P6	0.094233748
KRT17	9.859526918
KRT17P1	0.01003265
KRT17P2	0
KRT17P3	0
KRT17P4	0.012119401
KRT17P5	0
KRT17P6	0.015420436
KRT17P7	0
KRT17P8	0.069374092
KRT18	116.2940974
KRT18P1	0.026988659
KRT18P10	0.186075654
KRT18P11	0.074662312
KRT18P12	0
KRT18P13	0.018564292
KRT18P14	0.009579175
KRT18P15	0.037099824
KRT18P16	0.018506906
KRT18P17	0.084257791
KRT18P18	0.009361977
KRT18P19	0.016984352
KRT18P2	0
KRT18P20	0.009361977
KRT18P21	0.009413497
KRT18P22	0
KRT18P23	0.018665578
KRT18P24	0
KRT18P25	0.065585116
KRT18P26	0
KRT18P27	0.009217835
KRT18P28	0.071915726
KRT18P29	0.028351938
KRT18P3	0.018593118
KRT18P31	0.046338887
KRT18P32	0
KRT18P33	0.011480315
KRT18P34	0.650554184
KRT18P35	0
KRT18P36	0.009383988
KRT18P37	0.009340069
KRT18P38	0.009340069
KRT18P39	0.009217835
KRT18P4	0.213820863
KRT18P40	0
KRT18P41	0
KRT18P42	0.009541011
KRT18P43	0
KRT18P44	0
KRT18P45	0
KRT18P46	0
KRT18P47	0
KRT18P48	0.056215814
KRT18P49	0.014391789
KRT18P5	0.120574429
KRT18P50	0
KRT18P51	0
KRT18P52	0.014153627
KRT18P53	0
KRT18P54	0
KRT18P55	0.005740157
KRT18P56	0.021770851
KRT18P57	0.057291714
KRT18P58	0
KRT18P59	0.010761505
KRT18P6	0
KRT18P60	0.00923205
KRT18P61	0.018449874
KRT18P62	0
KRT18P63	0.097846523
KRT18P64	0
KRT18P65	0
KRT18P66	0
KRT18P67	0
KRT18P68	0.035921905
KRT18P7	0.147341694
KRT18P8	0.10570919
KRT18P9	0
KRT19	143.610732
KRT19P1	0.090864852
KRT19P2	0.011831984
KRT19P3	0
KRT19P4	0
KRT19P6	0
KRT2	0
KRT20	0.00648644
KRT222	0.034006221
KRT223P	0.007022855
KRT23	1.605056399
KRT24	0.012731492
KRT25	0
KRT26	0
KRT27	0.26190957
KRT28	0.007106213
KRT3	0.005163419
KRT31	0.007502486
KRT32	0.006842268
KRT33A	0
KRT33B	0
KRT34	0
KRT35	0
KRT36	0.019261075
KRT37	0
KRT38	0.010247299
KRT39	0.037109406
KRT4	3.608097937
KRT40	0.166828322
KRT41P	0.00926061
KRT42P	0.207083555
KRT43P	0
KRT5	8.966527058
KRT6A	1.68486166
KRT6B	0.251862611
KRT6C	0.062019863
KRT7	103.6905284
KRT71	0.037005642
KRT72	0.022235781
KRT73	0.022575355
KRT73-AS1	0
KRT74	0.004007352
KRT75	0
KRT76	0
KRT77	0
KRT78	0.014691986
KRT79	0.235522587
KRT7-AS	6.57754904
KRT8	121.8687602
KRT80	3.462816581
KRT81	0.136561588
KRT82	0
KRT83	0
KRT84	0
KRT85	0.022067763
KRT86	0.590195597
KRT87P	3.084408034
KRT89P	0.035796617
KRT8P1	0.009920438
KRT8P10	0.03310012
KRT8P11	0.04169209
KRT8P12	2.755124119
KRT8P13	0.023710828
KRT8P14	0.008303723
KRT8P15	0.04126109
KRT8P17	0.008269315
KRT8P18	0
KRT8P19	0
KRT8P2	0
KRT8P20	0.016996406
KRT8P21	0
KRT8P22	0.008462168
KRT8P23	0.049602189
KRT8P24	0.015361088
KRT8P25	0
KRT8P26	0.075071902
KRT8P27	0
KRT8P28	0.025843097
KRT8P29	0.008733748
KRT8P3	0.297489896
KRT8P30	0.01842149
KRT8P31	0.017008478
KRT8P32	0.040978673
KRT8P33	0.387071358
KRT8P34	0
KRT8P35	0
KRT8P36	0.041576279
KRT8P37	0.008432372
KRT8P38	0
KRT8P39	0.133693994
KRT8P4	0
KRT8P40	0
KRT8P41	0.00790883
KRT8P42	0.04279474
KRT8P43	0.032850393
KRT8P44	0
KRT8P45	0.148950539
KRT8P46	0.310685012
KRT8P47	0
KRT8P48	0.019629456
KRT8P49	0.025085129
KRT8P5	0.024637795
KRT8P50	0.008326821
KRT8P51	0.131101843
KRT8P6	0
KRT8P7	0
KRT8P8	0.024807945
KRT8P9	0.008263608
KRT9	0.005228807
KRT90P	0
KRTAP10-1	0
KRTAP10-10	0
KRTAP10-11	0
KRTAP10-12	0
KRTAP10-13P	0.020970172
KRTAP10-2	0
KRTAP10-3	0
KRTAP10-4	0
KRTAP10-5	0
KRTAP10-6	0
KRTAP10-7	0
KRTAP10-8	0
KRTAP10-9	0
KRTAP1-1	0
KRTAP11-1	0
KRTAP12-1	0
KRTAP12-2	0
KRTAP12-3	0
KRTAP12-4	0
KRTAP1-3	0.012318897
KRTAP13-1	0
KRTAP13-2	0
KRTAP13-3	0.017008478
KRTAP13-4	0.0150238
KRTAP13-5P	0
KRTAP13-6P	0
KRTAP1-4	0
KRTAP1-5	0.010173295
KRTAP15-1	0
KRTAP16-1	0.007705256
KRTAP17-1	0
KRTAP19-1	0
KRTAP19-10P	0
KRTAP19-11P	0
KRTAP19-2	0
KRTAP19-3	0
KRTAP19-4	0
KRTAP19-5	0
KRTAP19-6	0
KRTAP19-7	0
KRTAP19-8	0
KRTAP19-9P	0
KRTAP20-1	0
KRTAP20-2	0
KRTAP20-3	0
KRTAP20-4	0
KRTAP2-1	0
KRTAP21-1	0
KRTAP21-2	0
KRTAP21-3	0
KRTAP21-4P	0
KRTAP2-2	0
KRTAP22-1	0
KRTAP22-2	0
KRTAP2-3	0
KRTAP23-1	0
KRTAP2-4	0
KRTAP24-1	0
KRTAP25-1	0
KRTAP2-5P	0
KRTAP26-1	0
KRTAP27-1	0
KRTAP29-1	0
KRTAP3-1	0.016515818
KRTAP3-2	0
KRTAP3-3	0
KRTAP3-4P	0
KRTAP4-1	0.009648645
KRTAP4-11	0
KRTAP4-12	0
KRTAP4-16	0
KRTAP4-2	0
KRTAP4-3	0
KRTAP4-4	0
KRTAP4-5	0
KRTAP4-6	0
KRTAP4-7	0
KRTAP4-8	0
KRTAP4-9	0
KRTAP5-1	0.12711219
KRTAP5-10	0.060080122
KRTAP5-11	0.007862093
KRTAP5-14P	0
KRTAP5-2	0
KRTAP5-3	0
KRTAP5-4	0
KRTAP5-5	0
KRTAP5-6	0.021343972
KRTAP5-7	0.042521194
KRTAP5-8	0.030584849
KRTAP5-9	0.221349766
KRTAP5-AS1	0.281884617
KRTAP6-1	0
KRTAP6-2	0
KRTAP6-3	0
KRTAP7-1	0
KRTAP8-1	0
KRTAP8-2P	0
KRTAP8-3P	0
KRTAP9-1	0
KRTAP9-10P	0
KRTAP9-11P	0
KRTAP9-12P	0
KRTAP9-2	0
KRTAP9-3	0
KRTAP9-4	0
KRTAP9-6	0
KRTAP9-7	0
KRTAP9-8	0
KRTAP9-9	0
KRTCAP2	3.132760657
KRTCAP3	10.46335363
KRTDAP	0.144919435
KSR1	5.158487452
KSR1P1	0
KSR2	0.054325974
KTI12	3.318340108
KTN1	14.41645345
KTN1-AS1	0.326411375
KXD1	12.98732944
KY	0.035181034
KYAT1	1.348062657
KYAT3	10.60833359
KYNU	1.25862735
KYNUP1	0
KYNUP2	0
KYNUP3	0
L1CAM	0.119368672
L1TD1	0.466639451
L29074.1	0
L2HGDH	0.781554262
L34079.1	0
L34079.2	0.021343972
L34079.3	0.021930345
L3HYPDH	1.623183489
L3MBTL1	0.570990244
L3MBTL2	5.846845475
L3MBTL3	1.498795172
L3MBTL4	1.456313773
L3MBTL4-AS1	0.082013482
LACC1	2.402688585
LACRT	0
LACTB	7.61486504
LACTB2	9.710634058
LACTB2-AS1	0.061517635
LACTBL1	0
LAD1	11.1305748
LAG3	1.026564037
LAGE3	9.400006731
LAGE3P1	0.049479208
LAIR1	14.23345954
LAIR2	0.410980359
LALBA	0
LAMA1	0.279885474
LAMA2	8.671459116
LAMA3	19.2750605
LAMA4	18.93180077
LAMA5	17.36648528
LAMA5-AS1	0.113631965
LAMB1	42.57966666
LAMB2	62.79138514
LAMB3	38.78513411
LAMB4	0.170666595
LAMC1	41.5727177
LAMC1-AS1	1.324885846
LAMC2	29.41427366
LAMC3	15.92376954
LAMP1	76.89712073
LAMP2	32.50262841
LAMP3	139.4233055
LAMP5	1.84124684
LAMP5-AS1	0.006210564
LAMTOR1	36.42620812
LAMTOR2	20.80872517
LAMTOR3	9.701577728
LAMTOR3P1	0
LAMTOR3P2	0.051611932
LAMTOR4	26.32293859
LAMTOR5	20.96447298
LAMTOR5-AS1	0.090180514
LAMTOR5P1	0.177392123
LANCL1	11.74834538
LANCL1-AS1	3.835692307
LANCL2	4.634051535
LANCL3	0.13836689
LAP3	37.10822939
LAP3P1	0.040727783
LAP3P2	0
LAPTM4A	184.7166128
LAPTM4B	25.34870738
LAPTM4BP1	0
LAPTM4BP2	0.026847463
LAPTM5	223.8444503
LARGE1	2.322638373
LARGE2	1.822042047
LARGE-AS1	0.008176148
LARGE-IT1	0
LARP1	18.54611459
LARP1B	2.117779881
LARP1BP1	0
LARP1BP2	0
LARP1BP3	0
LARP1P1	0.041006741
LARP4	6.766354871
LARP4B	8.387188301
LARP4P	0
LARP6	1.774320475
LARP7	11.36984451
LARP7P1	0
LARP7P2	0.095791746
LARP7P3	0
LARP7P4	0
LARS	12.1067174
LARS2	3.883269157
LARS2-AS1	0.041648585
LAS1L	6.652204614
LASP1	37.75166158
LAT	0.218937118
LAT2	9.273568413
LATS1	4.862736174
LATS2	15.17031804
LATS2-AS1	0
LAX1	0.647747504
LAYN	7.841730516
LBH	64.56701675
LBHD1	1.039975831
LBP	0.024424209
LBR	9.072154415
LBX1	0.140384456
LBX1-AS1	0.07640003
LBX2	0.10525464
LBX2-AS1	2.068439822
LCA5	2.055892613
LCA5L	0.62729572
LCAT	4.976609303
LCE1A	0
LCE1B	0
LCE1C	0
LCE1D	0
LCE1E	0
LCE1F	0
LCE2A	0
LCE2B	0
LCE2C	0
LCE2D	0
LCE3A	0
LCE3B	0
LCE3C	0
LCE3D	0
LCE3E	0
LCE4A	0
LCE5A	0
LCE6A	0
LCK	1.96159349
LCLAT1	1.675750254
LCMT1	8.137336097
LCMT1-AS1	0.082013482
LCMT1-AS2	0.016484812
LCMT2	1.640246054
LCN1	0.015331586
LCN10	0.19099926
LCN12	0.1486658
LCN15	0.020737735
LCN1P1	0.14226497
LCN1P2	0
LCN2	25.45404902
LCN6	0.527111038
LCN8	0.027589789
LCN9	0
LCNL1	0.39302512
LCOR	1.427267723
LCORL	0.883247263
LCP1	92.68528124
LCP2	8.669721668
LCT	0.012726659
LCTL	0.044247182
LDAH	3.26562772
LDB1	19.8664872
LDB2	20.23956476
LDB3	0.536281684
LDHA	60.18991862
LDHAL6A	0.087975792
LDHAL6B	0.091944234
LDHAL6CP	0
LDHAL6DP	0
LDHAL6EP	0.052379564
LDHAL6FP	0.033199542
LDHAP1	0.024141065
LDHAP2	0.36468939
LDHAP3	0.700857272
LDHAP4	1.943670206
LDHAP5	0.173256776
LDHAP7	1.091926643
LDHB	79.35413323
LDHBP1	0
LDHBP2	0.023828793
LDHBP3	0
LDHC	0
LDHD	4.284031051
LDLR	75.03976406
LDLRAD1	12.24621853
LDLRAD2	1.714757599
LDLRAD3	2.093808665
LDLRAD4	2.069133732
LDLRAD4-AS1	0.098416178
LDLRAP1	7.279338523
LDOC1	10.00576352
LEAP2	0.413238823
LECT2	0
LEF1	0.886712445
LEF1-AS1	0.014970579
LEFTY1	0.139305818
LEFTY2	7.228432372
LEKR1	0.287495387
LELP1	0
LEMD1	0.321266089
LEMD1-AS1	0.038750706
LEMD2	7.204137678
LEMD3	6.396019388
LENEP	0.016402696
LENG1	5.233757872
LENG8	24.48286888
LENG8-AS1	1.017019744
LENG9	2.549780307
LEO1	6.243984219
LEP	0.021006962
LEPR	6.820001649
LEPROT	36.0636628
LEPROTL1	9.522187302
LETM1	4.851622544
LETM1P2	0.043981518
LETM2	0.658039475
LETMD1	6.31650649
LEUTX	0
LEXM	0.208887461
LFNG	9.178407537
LGALS1	193.5228617
LGALS12	0.237369416
LGALS13	0
LGALS14	0
LGALS16	0
LGALS2	4.06362934
LGALS3	211.719941
LGALS3BP	195.6260436
LGALS4	0.823917668
LGALS7	0
LGALS7B	0.334676133
LGALS8	8.047591881
LGALS8-AS1	0.073964114
LGALS9	17.18350369
LGALS9B	0.13453897
LGALS9C	0.113342148
LGALS9DP	0.0470182
LGALSL	20.85498552
LGI1	0.001552239
LGI2	0.478735198
LGI3	16.87602711
LGI4	1.347467748
LGMN	51.8482962
LGMNP1	0.340797559
LGR4	2.449564179
LGR5	0.266797618
LGR6	1.719151461
LGSN	0.028788521
LHB	0.183158215
LHCGR	0.009581091
LHFPL1	0.034211338
LHFPL2	10.45939716
LHFPL3	5.426098269
LHFPL3-AS1	0.464931971
LHFPL3-AS2	21.88589323
LHFPL4	0.044938894
LHFPL5	0.004043893
LHFPL6	36.16375129
LHPP	4.310510736
LHX1	0.002452677
LHX1-DT	0
LHX2	0.004509969
LHX3	0
LHX4	0.161997261
LHX5	0.00383167
LHX5-AS1	0
LHX6	2.295635538
LHX8	0.003010804
LHX9	0.393322269
LIAS	2.342310358
LIF	5.35193242
LIF-AS1	0.029638535
LIFR	13.44346408
LIFR-AS1	0.504982971
LIG1	3.572525215
LIG3	1.996433759
LIG4	5.699030276
LILRA1	0.622109373
LILRA2	2.58327901
LILRA4	0.28128622
LILRA5	8.803588061
LILRA6	2.123563361
LILRB1	3.698731204
LILRB1-AS1	0
LILRB2	3.915280731
LILRB3	2.781960516
LILRB4	2.620724732
LILRB5	1.448752899
LILRP1	0.06118086
LILRP2	0.016888531
LIM2	0.072716407
LIMA1	16.79236746
LIMCH1	50.50408617
LIMD1	9.543837596
LIMD1-AS1	0.050767885
LIMD2	2.551250149
LIME1	0.601046252
LIMK1	5.341618142
LIMK2	14.3823467
LIMS1	14.91283461
LIMS1-AS1	0.753079768
LIMS2	9.229081708
LIMS3	0
LIMS4	0
LIN28A	0.005975034
LIN28AP1	0
LIN28AP2	0
LIN28B	0.002175108
LIN28B-AS1	0
LIN37	0.968108076
LIN52	2.837817516
LIN54	1.62412868
LIN7A	3.217728643
LIN7B	1.161194873
LIN7C	5.529786984
LIN9	1.083641436
LINC00028	0.081594333
LINC00029	0
LINC00051	0.011447388
LINC00052	0
LINC00092	0.332321757
LINC00102	0.116165364
LINC00106	2.305797951
LINC00111	0.166594342
LINC00112	0.022938637
LINC00113	0.117583977
LINC00114	0.03035996
LINC00115	0.372765908
LINC00158	0
LINC00159	0.020933511
LINC00160	0.034556907
LINC00161	0.027526364
LINC00163	0.388945606
LINC00165	1.220647254
LINC00167	0.075944831
LINC00173	0.098575042
LINC00174	1.749173973
LINC00184	0.047473883
LINC00189	0.143202933
LINC00200	0.004285601
LINC00205	2.212300399
LINC00207	0.013100622
LINC00208	0
LINC00210	0
LINC00211	0.119970395
LINC00221	0
LINC00222	0.043397046
LINC00226	0
LINC00229	0
LINC00235	0.393286132
LINC00237	0
LINC00239	1.798906037
LINC00240	0.188450049
LINC00242	0.133704361
LINC00243	0.022061664
LINC00244	0.039066781
LINC002481	0.552341207
LINC00251	0
LINC00254	0
LINC00261	5.38742306
LINC00265	1.049403964
LINC00265-2P	0.01531198
LINC00265-3P	0
LINC00266-1	0.016653642
LINC00266-2P	0
LINC00266-4P	0
LINC00269	0.01102068
LINC00271	0.222261895
LINC00272	0.016181038
LINC00273	0
LINC00276	0
LINC00278	0.849765493
LINC00279	0
LINC00280	0
LINC00283	0
LINC00284	0.213489357
LINC00290	0
LINC00293	0.006255992
LINC00294	2.966327901
LINC00297	0.013114971
LINC00298	0.004587727
LINC00299	0.040654035
LINC00301	0
LINC00302	0
LINC00303	0
LINC00304	0.036275592
LINC00305	0.011569052
LINC00307	0
LINC00308	0
LINC00309	0
LINC00310	0.251891406
LINC00311	0.007646212
LINC00313	0.025996457
LINC00314	0
LINC00315	0.159790365
LINC00316	0.184214897
LINC00317	0
LINC00319	0
LINC00320	0
LINC00322	0.137041125
LINC00323	0.166918787
LINC00324	0.925940873
LINC00326	0.561800501
LINC00327	0.161314943
LINC00328-2P	0
LINC00330	0
LINC00331	0
LINC00332	1.162939368
LINC00333	0.01953339
LINC00334	0.013319208
LINC00336	0.028414733
LINC00337	0.007106213
LINC00339	7.492138877
LINC00342	3.21074322
LINC00343	0
LINC00345	0.042013924
LINC00346	0.498835711
LINC00347	0
LINC00348	0.050523073
LINC00349	0
LINC00350	0
LINC00351	0
LINC00352	0
LINC00353	0
LINC00354	0
LINC00355	0
LINC00358	0
LINC00362	0.045355941
LINC00363	0
LINC00364	0
LINC00365	0.307536878
LINC00366	0
LINC00368	0
LINC00370	0
LINC00374	0
LINC00375	0
LINC00376	0
LINC00377	0.072900872
LINC00378	0
LINC00379	0
LINC00380	0
LINC00381	0.032940766
LINC00382	0
LINC00383	0
LINC00384	0.006990057
LINC00385	0
LINC00387	0
LINC00388	0
LINC00390	0
LINC00391	0.01298695
LINC00392	0
LINC00393	0
LINC00395	0
LINC00396	0
LINC00397	0
LINC00398	0.145379306
LINC00399	0.028922629
LINC00400	0
LINC00402	0.017925102
LINC00404	0.027976561
LINC00407	0.081179446
LINC00408	0
LINC00410	0
LINC00411	0
LINC00412	0.057018897
LINC00415	0
LINC00421	0
LINC00423	0.026520417
LINC00424	0
LINC00426	0.147715118
LINC00427	0
LINC00428	0
LINC00430	0
LINC00431	0
LINC00433	0
LINC00434	0.05715498
LINC00437	0.03027552
LINC00440	0.016313308
LINC00441	0.261897819
LINC00442	0
LINC00443	0.143278253
LINC00445	0
LINC00446	0
LINC00448	0
LINC00449	0.068658075
LINC00452	0.040158642
LINC00454	0.005359878
LINC00456	0
LINC00457	0
LINC00458	0
LINC00459	0
LINC00460	0.051970349
LINC00461	0
LINC00462	0
LINC00463	0
LINC00466	0
LINC00467	1.45098222
LINC00469	0.14164789
LINC00470	0.020629529
LINC00471	0.308222273
LINC00472	0.803365286
LINC00473	0.010945126
LINC00474	0
LINC00475	0.074488139
LINC00476	0.561133025
LINC00477	0
LINC00479	0.130274963
LINC00482	0.795721153
LINC00483	0
LINC00484	0.146024004
LINC00484	0.074493176
LINC00485	0.003217079
LINC00486	0.022796703
LINC00487	0.19032193
LINC00488	0
LINC00489	0
LINC00491	0
LINC00492	0
LINC00494	0.022785858
LINC00498	0
LINC00499	0.008869606
LINC00500	0
LINC00501	0.017557138
LINC00502	0
LINC00504	0.042302538
LINC00506	0.081244247
LINC00507	0
LINC00508	0
LINC00511	0.446157148
LINC00513	0.437168397
LINC00514	0.086646363
LINC00517	0.00580556
LINC00518	0
LINC00519	0
LINC00520	0.014590538
LINC00523	0
LINC00524	0
LINC00525	0.05039549
LINC00526	0.759947855
LINC00528	0.177392123
LINC00529	0
LINC00533	0
LINC00534	0.017686807
LINC00535	0.327611464
LINC00536	0
LINC00538	0
LINC00539	0.270525373
LINC00540	0.14521902
LINC00543	0.077879469
LINC00544	0.007972016
LINC00545	0
LINC00547	0
LINC00550	0
LINC00551	1.916696365
LINC00552	0.023214363
LINC00554	0
LINC00555	0.027090426
LINC00556	0
LINC00557	0
LINC00558	0
LINC00559	0
LINC00560	0
LINC00561	0
LINC00562	0.096955209
LINC00563	0.085528345
LINC00564	0
LINC00565	0.097599913
LINC00566	0.021006962
LINC00567	0.007024915
LINC00570	0.00725695
LINC00571	0.597180161
LINC00572	0.041648585
LINC00574	0.030993878
LINC00575	0
LINC00578	0.737456719
LINC00581	0
LINC00582	0.100284492
LINC00583	0
LINC00587	0
LINC00588	0
LINC00589	0.051960325
LINC00592	0.057346592
LINC00595	0.010622283
LINC00596	0
LINC00598	0.158754903
LINC00599	0
LINC00601	0
LINC00602	0
LINC00603	0.06391798
LINC00604	0
LINC00605	0.245935164
LINC00606	0
LINC00607	0.934003569
LINC00608	0.002976378
LINC00609	0
LINC00612	0.086571845
LINC00613	0
LINC00615	0
LINC00616	0
LINC00618	0.080182823
LINC00619	0.021363012
LINC00620	0.011727687
LINC00621	0.071213066
LINC00622	0.579631587
LINC00623	1.281070344
LINC00624	0.088233771
LINC00626	0.012538187
LINC00628	0.037157388
LINC00629	0
LINC00630	0.343623815
LINC00632	0.039807075
LINC00634	0
LINC00635	0
LINC00636	0.161042295
LINC00637	0.029119573
LINC00638	0.389938602
LINC00639	0.852467702
LINC00640	0.053455216
LINC00641	4.364265263
LINC00642	0.057901201
LINC00643	0.036151727
LINC00644	0
LINC00645	0
LINC00648	0.015739689
LINC00649	0.348294139
LINC00652	0.009308605
LINC00654	0.730537628
LINC00656	0.593646108
LINC00658	0
LINC00659	0.044348031
LINC00661	0
LINC00662	0.729753032
LINC00663	0.549796883
LINC00664	0.026432601
LINC00665	0.6418486
LINC00667	5.938382658
LINC00668	0.004921483
LINC00670	0.05969427
LINC00671	0.12156313
LINC00672	0.683503476
LINC00674	4.616666254
LINC00676	0
LINC00677	0.246040445
LINC00678	0.010278084
LINC00680	1.532538887
LINC00681	0
LINC00682	0
LINC00683	0.077753041
LINC00685	1.314898389
LINC00686	0
LINC00687	0
LINC00689	0.150361035
LINC00690	0
LINC00691	0
LINC00692	0
LINC00694	1.586714379
LINC00698	0.004362101
LINC00700	0
LINC00701	0
LINC00702	0.859443267
LINC00703	0.009727025
LINC00704	0.043655093
LINC00705	0
LINC00706	0
LINC00707	0.003900315
LINC00708	0.013072018
LINC00709	0
LINC00710	0.030956485
LINC00824	0.007882797
LINC00836	0
LINC00837	0
LINC00838	0
LINC00839	1.619073164
LINC00840	0.01819752
LINC00841	0
LINC00843	0.454707657
LINC00844	0.351437225
LINC00845	0
LINC00846	0.047141608
LINC00847	3.641492196
LINC00850	0
LINC00851	0
LINC00852	0.991819664
LINC00853	0.742712104
LINC00854	0.565028886
LINC00857	0.40814079
LINC00858	0
LINC00861	0.336794007
LINC00862	0.02726003
LINC00863	0.877921011
LINC00864	0
LINC00865	1.468717086
LINC00866	0.028645857
LINC00867	0.012331584
LINC00868	0
LINC00869	0.354951184
LINC00870	0
LINC00871	0.026628543
LINC00877	0.063821889
LINC00879	0
LINC00880	0.041535073
LINC00881	0.094357512
LINC00882	0.231336327
LINC00884	0.270459243
LINC00885	0.504373938
LINC00886	0.679840691
LINC00887	0.002883209
LINC00888	1.9048218
LINC00891	0.247456189
LINC00892	0.131101843
LINC00893	0.830602685
LINC00894	0.564327464
LINC00895	0.007314581
LINC00896	0.022507459
LINC00898	0
LINC00899	0.539760447
LINC00900	0.150742362
LINC00901	0
LINC00903	0
LINC00904	0
LINC00905	0
LINC00906	0.014312656
LINC00907	0.017083008
LINC00908	0.627095178
LINC00909	2.502309785
LINC00910	0.349059845
LINC00911	0
LINC00917	0
LINC00919	0
LINC00920	0.97598717
LINC00921	0.722901652
LINC00922	0.280863785
LINC00923	0.190594462
LINC00924	0.254480311
LINC00926	0.303510235
LINC00927	0
LINC00928	0
LINC00929	0.006004999
LINC00930	0.679271588
LINC00933	0.323297144
LINC00934	0
LINC00937	0.071890327
LINC00939	0.062913757
LINC00940	0.025476528
LINC00941	0.080978145
LINC00942	0.034678435
LINC00943	0.009227307
LINC00944	0.058157428
LINC00945	0
LINC00951	0
LINC00954	0.076707036
LINC00955	0
LINC00957	0.934704888
LINC00958	0.299077319
LINC00960	0.094105378
LINC00963	8.050357111
LINC00964	0.351756115
LINC00967	0.005978017
LINC00968	6.948274566
LINC00970	0.042423271
LINC00971	0
LINC00972	0
LINC00973	0.024893905
LINC00974	0
LINC00976	0
LINC00977	0
LINC00982	0.977161342
LINC00987	0.978455339
LINC00989	0.005367086
LINC00992	0.136067822
LINC00993	0
LINC00994	0.022496887
LINC00996	1.400915684
LINC00997	1.669839117
LINC01001	0.328869127
LINC01003	2.172148445
LINC01004	2.403263312
LINC01005	0.014070468
LINC01006	1.492215021
LINC01007	0
LINC01010	0.287412325
LINC01011	0.621913686
LINC01012	0.034309365
LINC01013	0.062631313
LINC01014	0.186445873
LINC01015	0
LINC01016	0.022080553
LINC01017	0
LINC01018	0.442471825
LINC01019	0.011229104
LINC01020	0
LINC01022	0
LINC01023	2.471690705
LINC01028	0
LINC01029	0
LINC01030	0
LINC01031	0.430386537
LINC01033	0.047478066
LINC01034	0
LINC01035	0
LINC01036	0
LINC01037	0
LINC01038	0
LINC01039	0
LINC01040	0
LINC01043	0
LINC01044	0
LINC01046	0
LINC01047	0
LINC01048	0
LINC01049	0.016137424
LINC01050	0.015755221
LINC01052	0
LINC01053	0
LINC01054	0
LINC01055	0.006957564
LINC01056	0
LINC01058	0.026727608
LINC01060	0
LINC01063	0.412895459
LINC01065	0
LINC01066	0
LINC01067	0.018033085
LINC01068	0.033077261
LINC01069	0
LINC01070	0.080419017
LINC01072	0
LINC01074	0
LINC01075	0
LINC01076	0
LINC01077	0
LINC01078	0
LINC01079	0
LINC01080	0.005340753
LINC01081	0.128752347
LINC01082	1.167529789
LINC01085	0.020450843
LINC01087	0
LINC01088	0.164848124
LINC01089	1.683658177
LINC01090	0.009406102
LINC01091	0.233968786
LINC01093	0.075307977
LINC01094	2.548170822
LINC01095	0
LINC01096	0.009473076
LINC01097	0
LINC01098	0
LINC01099	0.180285596
LINC01100	0.09708623
LINC01101	0.044489267
LINC01102	0.002348758
LINC01103	0
LINC01104	0
LINC01105	0.125580643
LINC01106	0.392801412
LINC01107	0.066690456
LINC01108	0.307706673
LINC01109	0
LINC01111	0
LINC01114	0.009576621
LINC01115	0
LINC01115	0
LINC01116	0.543966031
LINC01117	0.188431547
LINC01118	0.031691138
LINC01119	0.266558305
LINC01120	0
LINC01121	0.026087077
LINC01122	0.036769773
LINC01123	0.28345054
LINC01124	0.514705298
LINC01126	0.072745858
LINC01127	0.074817818
LINC01128	1.210040936
LINC01132	0.584019018
LINC01133	0.141871662
LINC01134	0.053034308
LINC01135	0.252463187
LINC01136	0.039547051
LINC01137	1.999953129
LINC01138	0.322305902
LINC01139	0.046742882
LINC01140	0.210351088
LINC01141	0
LINC01142	0
LINC01143	0
LINC01144	0.448148521
LINC01146	0.665457448
LINC01148	0
LINC01149	0.044741591
LINC01150	1.330440923
LINC01151	0.020970172
LINC01152	0.029793402
LINC01153	0
LINC01154	0.02637438
LINC01158	0
LINC01159	0
LINC01160	0.200000923
LINC01162	0
LINC01164	0
LINC01165	0.029510704
LINC01166	0.059435505
LINC01167	0.019824451
LINC01168	0.025069214
LINC01169	0.057498047
LINC01170	0.272404818
LINC01173	0
LINC01176	1.229600657
LINC01177	0
LINC01179	0
LINC01180	0
LINC01181	0.021535914
LINC01182	0.004366874
LINC01184	2.296986494
LINC01185	0.029507068
LINC01186	0.841620775
LINC01187	0.025872879
LINC01189	0
LINC01191	0.184433161
LINC01192	0
LINC01193	0
LINC01194	0
LINC01195	0
LINC01197	0.417855873
LINC01198	0.013726368
LINC01201	0
LINC01202	0
LINC01203	0
LINC01204	0
LINC01205	0
LINC01206	0.002539548
LINC01208	0.011513431
LINC01209	0
LINC01210	0
LINC01213	0
LINC01214	0
LINC01215	0.13396801
LINC01216	0
LINC01217	0
LINC01218	0
LINC01219	0.033168887
LINC01220	0.316859886
LINC01221	0
LINC01222	0
LINC01224	0.043594545
LINC01225	0.019107396
LINC01227	0
LINC01228	0
LINC01229	0.029823084
LINC01230	0.019844164
LINC01231	0
LINC01232	0.225996821
LINC01233	0
LINC01234	0
LINC01235	0.822745493
LINC01237	0.172018283
LINC01238	0.064899557
LINC01238	0.26431675
LINC01239	0.055953123
LINC01241	0
LINC01242	0
LINC01243	0
LINC01247	0
LINC01248	0
LINC01249	0
LINC01250	0.005108348
LINC01251	0.024637795
LINC01252	0.116803804
LINC01254	0
LINC01255	0
LINC01256	0
LINC01257	0
LINC01258	0.011630858
LINC01259	0.01581766
LINC01262	0
LINC01264	0
LINC01266	0.190995813
LINC01267	0.938415204
LINC01268	0.334662635
LINC01269	0.099451564
LINC01270	0.123156277
LINC01271	0.04257411
LINC01273	0.508960621
LINC01276	0.023971909
LINC01277	0.120510953
LINC01278	3.361871333
LINC01280	0
LINC01281	0.020260522
LINC01282	0
LINC01284	0.082013482
LINC01285	0.042645712
LINC01287	0.003433888
LINC01288	0
LINC01289	0
LINC01290	1.836644541
LINC01291	0.00286733
LINC01293	0.028374332
LINC01297	0
LINC01297	0
LINC01298	0
LINC01299	0
LINC01300	0.058985066
LINC01301	0.124390818
LINC01303	0.023259457
LINC01304	0
LINC01305	0
LINC01307	0
LINC01309	0
LINC01310	0
LINC01311	0.207162081
LINC01312	0
LINC01315	1.049021691
LINC01317	0.021990759
LINC01318	0
LINC01320	0
LINC01322	0.038625704
LINC01323	0
LINC01324	0.014187166
LINC01326	0
LINC01327	0
LINC01331	0.231890231
LINC01332	0.095410106
LINC01333	0
LINC01335	0
LINC01336	0.362389961
LINC01337	0.081640693
LINC01338	0.113676914
LINC01339	0
LINC01340	0.01653863
LINC01341	0.273501786
LINC01342	0.014782677
LINC01343	0
LINC01344	0.011364095
LINC01345	0
LINC01346	0
LINC01347	0.152753045
LINC01348	0.150500521
LINC01349	0
LINC01350	0
LINC01351	0
LINC01352	0.472984195
LINC01353	0.400562858
LINC01354	0.371318181
LINC01355	1.018359171
LINC01356	0.045977936
LINC01358	0.019219853
LINC01359	0.149467011
LINC01360	0
LINC01361	0.030199163
LINC01362	0
LINC01363	0
LINC01364	0.013469031
LINC01365	0
LINC01366	0.230969947
LINC01370	0
LINC01372	0.587679426
LINC01374	0.144264678
LINC01375	0
LINC01376	0.347540086
LINC01377	0
LINC01378	0
LINC01381	0
LINC01384	0.036339813
LINC01385	0
LINC01386	0
LINC01387	0
LINC01388	0
LINC01389	0.198326597
LINC01391	0
LINC01392	0.042385729
LINC01393	0.052345217
LINC01394	0.347911912
LINC01395	0.024386901
LINC01396	0.045442005
LINC01397	0
LINC01398	0.074240725
LINC01399	0.018478346
LINC01400	0
LINC01402	0.343339593
LINC01405	0
LINC01410	0.484792002
LINC01411	0
LINC01412	0.297695345
LINC01413	0.015510322
LINC01415	0.301231907
LINC01416	0.005183536
LINC01419	0
LINC01422	0.112658304
LINC01422	0.154553951
LINC01423	0.05575771
LINC01424	0.104525427
LINC01425	0
LINC01426	0.174829609
LINC01427	0
LINC01428	0
LINC01429	0
LINC01431	0.341706587
LINC01432	0
LINC01433	0.017179295
LINC01435	0.017528581
LINC01436	0.811213502
LINC01438	0
LINC01440	0
LINC01441	0
LINC01442	0
LINC01443	0.010526566
LINC01444	0.017925102
LINC01445	0
LINC01446	0.003436845
LINC01447	0.065052345
LINC01448	0
LINC01449	0.009814728
LINC01450	0.011008858
LINC01451	0.059764375
LINC01455	0
LINC01456	0
LINC01460	0.012560107
LINC01465	0.48759974
LINC01467	0
LINC01468	0
LINC01470	0
LINC01471	0.003940101
LINC01473	0.264253094
LINC01474	0.262340464
LINC01475	0
LINC01476	0.016493069
LINC01477	0
LINC01478	0.005281856
LINC01479	0.066987235
LINC01480	0.271187435
LINC01481	0.618788966
LINC01481	0.266511218
LINC01482	0.136436969
LINC01483	0.008608173
LINC01484	0.136116158
LINC01485	0.00651113
LINC01486	0
LINC01487	0
LINC01489	0.098958416
LINC01490	0
LINC01491	0
LINC01492	0
LINC01493	0
LINC01494	0
LINC01495	0
LINC01496	0
LINC01497	0.016630512
LINC01498	0.015238903
LINC01499	0
LINC01500	0.021136749
LINC01501	0
LINC01502	0.013081539
LINC01503	2.283617544
LINC01504	0.521242721
LINC01505	0
LINC01505	0.013614518
LINC01506	0.569104957
LINC01507	0
LINC01508	0.434871736
LINC01509	0.053336162
LINC01510	0
LINC01511	0
LINC01513	1.363495356
LINC01514	0
LINC01515	0.109667007
LINC01516	0.004001995
LINC01517	0
LINC01518	0
LINC01519	0
LINC01520	0
LINC01521	0.554635691
LINC01522	0.027911348
LINC01523	0
LINC01524	0.002452175
LINC01525	0
LINC01526	0.414483518
LINC01527	0.005995978
LINC01529	0.009625376
LINC01531	0
LINC01532	0.023722572
LINC01533	0
LINC01534	0.515575085
LINC01535	0.071175852
LINC01537	0.332338712
LINC01538	0
LINC01539	0
LINC01541	0
LINC01543	0.013304409
LINC01544	0
LINC01545	0.315104429
LINC01546	0.053296595
LINC01547	0.662715866
LINC01548	0
LINC01549	0
LINC01550	0.251760359
LINC01551	0
LINC01553	0
LINC01554	0.122005499
LINC01555	0.004151861
LINC01556	0.077085633
LINC01558	0.479851479
LINC01559	0.006058168
LINC01560	1.643673223
LINC01561	0
LINC01562	0.015182546
LINC01563	0.079826455
LINC01564	0.148087947
LINC01565	0.004439736
LINC01566	0
LINC01567	0
LINC01568	0
LINC01569	0.569686598
LINC01570	0
LINC01571	0.890211256
LINC01572	0.037796617
LINC01574	0.021382086
LINC01578	13.30786172
LINC01579	0.063438243
LINC01580	0
LINC01581	0
LINC01582	0
LINC01583	0.00466276
LINC01584	0.016782016
LINC01585	0
LINC01586	0
LINC01587	0.041147657
LINC01588	0.111922094
LINC01589	0.415155835
LINC01591	0.009656426
LINC01592	0
LINC01593	0
LINC01594	0.078389318
LINC01595	0
LINC01596	0
LINC01597	0.043175366
LINC01598	0.011569052
LINC01600	0.008272172
LINC01602	0.119228703
LINC01603	0
LINC01605	0.1730797
LINC01606	0.017032672
LINC01607	0.546340759
LINC01608	0
LINC01609	0
LINC01611	0
LINC01612	1.04676482
LINC01613	0
LINC01614	0.2402185
LINC01615	0.136326015
LINC01616	0.063020886
LINC01618	0
LINC01619	0.1742505
LINC01620	0
LINC01621	0
LINC01623	0.003865064
LINC01624	0.142586718
LINC01625	0.063766695
LINC01626	0
LINC01627	0.04927559
LINC01628	0
LINC01629	0.04121848
LINC01630	0
LINC01632	0
LINC01633	0
LINC01634	0
LINC01635	0.077879469
LINC01637	1.487993137
LINC01638	0.024561986
LINC01639	0
LINC01640	0
LINC01641	0
LINC01643	0
LINC01644	0.538279309
LINC01645	1.707083058
LINC01646	0
LINC01647	0
LINC01648	0.015765594
LINC01649	0.21443353
LINC01650	0
LINC01651	0
LINC01653	0
LINC01654	0
LINC01655	0.481223313
LINC01656	0.038012598
LINC01657	0
LINC01658	0.060704529
LINC01659	0.132675549
LINC01660	0
LINC01661	0.016912385
LINC01662	0.004004672
LINC01663	0
LINC01664	0.053060421
LINC01665	0
LINC01666	0.04251113
LINC01667	0
LINC01669	0
LINC01670	0
LINC01671	1.902343134
LINC01672	0
LINC01673	0
LINC01674	0
LINC01675	0
LINC01676	0
LINC01677	0
LINC01678	0.290026914
LINC01679	0.85161533
LINC01680	0
LINC01681	0.015755221
LINC01682	0
LINC01683	0
LINC01684	0.055412731
LINC01685	0
LINC01686	0.243656332
LINC01687	0
LINC01688	0
LINC01689	0
LINC01690	0.020788139
LINC01691	0
LINC01692	0
LINC01693	0
LINC01694	0.072089971
LINC01695	0
LINC01696	0
LINC01697	0
LINC01698	0
LINC01699	0
LINC01700	0.037465483
LINC01701	0.026549819
LINC01702	0
LINC01703	0.175015371
LINC01704	0.014357276
LINC01705	0
LINC01706	0
LINC01707	0
LINC01708	0.081271278
LINC01709	0
LINC01710	0
LINC01711	0.037147782
LINC01712	0
LINC01713	0.012847605
LINC01714	0
LINC01715	0.232623106
LINC01716	0.012022057
LINC01717	0
LINC01718	0
LINC01719	0.136399964
LINC01720	0
LINC01721	0
LINC01722	0.007895792
LINC01723	0
LINC01724	0
LINC01725	0.015450282
LINC01726	0.00955624
LINC01727	0
LINC01728	0
LINC01729	0
LINC01730	0.184651943
LINC01731	0
LINC01732	0.251327671
LINC01733	0
LINC01734	0
LINC01735	0
LINC01736	0
LINC01737	0
LINC01738	0
LINC01739	0
LINC01740	0
LINC01741	0
LINC01742	0
LINC01743	0
LINC01744	0
LINC01745	0
LINC01746	0
LINC01747	0.025833804
LINC01748	0.006659604
LINC01749	0
LINC01750	0.093390282
LINC01751	0
LINC01752	0.054675654
LINC01753	0
LINC01754	0.015965291
LINC01755	0
LINC01756	0.005574473
LINC01757	0
LINC01758	0.026144036
LINC01759	0.899567162
LINC01760	0
LINC01761	0
LINC01762	0.02815748
LINC01763	0
LINC01764	0
LINC01765	4.950540868
LINC01766	0
LINC01767	0.505323433
LINC01768	0.176087769
LINC01770	2.251274887
LINC01771	0.06335433
LINC01772	0.339477684
LINC01774	0
LINC01775	0.032274847
LINC01776	0
LINC01777	0
LINC01778	0.072241136
LINC01779	0.026201244
LINC01780	0.047832097
LINC01781	0
LINC01782	0
LINC01783	0.179493722
LINC01784	0
LINC01785	0.355342585
LINC01786	0.536844583
LINC01787	0
LINC01788	0
LINC01789	0
LINC01790	0
LINC01791	0
LINC01792	0
LINC01793	0
LINC01794	0
LINC01795	0
LINC01796	0.016888531
LINC01797	0.015652246
LINC01798	0.089413578
LINC01799	0.043594545
LINC01800	0.012113271
LINC01801	0.338187984
LINC01802	0
LINC01803	0
LINC01804	0
LINC01805	0
LINC01806	1.430629785
LINC01807	0
LINC01808	0
LINC01809	0
LINC01810	0
LINC01811	0.168796029
LINC01812	0
LINC01813	0
LINC01814	0.058826999
LINC01815	0
LINC01816	0.343663743
LINC01817	0.02123044
LINC01818	0
LINC01819	0.112839136
LINC01820	0.021006962
LINC01821	0
LINC01822	0.005707325
LINC01823	0
LINC01824	0
LINC01825	0.042261065
LINC01826	0.02050337
LINC01827	0.194172459
LINC01828	0.020326181
LINC01829	0.025768942
LINC01830	0
LINC01831	0
LINC01832	0
LINC01833	0.00309245
LINC01834	0
LINC01835	0.51250448
LINC01836	4.101428224
LINC01837	0
LINC01838	0
LINC01839	0.230585359
LINC01840	0
LINC01841	0.094283215
LINC01842	0
LINC01843	0.194698672
LINC01844	0.133817259
LINC01845	0
LINC01846	0
LINC01847	0.002135539
LINC01848	0
LINC01849	0
LINC01850	0.033540527
LINC01851	0
LINC01852	1.36234776
LINC01853	0
LINC01854	0
LINC01855	0
LINC01856	0.004993315
LINC01857	0.705782685
LINC01858	0
LINC01859	0
LINC01861	0.022297893
LINC01862	0
LINC01863	1.042268496
LINC01864	0.021626674
LINC01865	0
LINC01866	0
LINC01867	0
LINC01868	0
LINC01869	0.025585402
LINC01870	0
LINC01871	2.414503897
LINC01872	0
LINC01873	0
LINC01874	0
LINC01875	0
LINC01876	0.208917692
LINC01877	0
LINC01878	0.021305993
LINC01879	0
LINC01880	0
LINC01881	0.973543772
LINC01882	0.126263286
LINC01883	0
LINC01884	0
LINC01885	0
LINC01886	0
LINC01887	0.013923219
LINC01888	0.017531432
LINC01889	0
LINC01890	0.011773813
LINC01891	0.111282233
LINC01892	0
LINC01893	0
LINC01894	0.191073962
LINC01895	0
LINC01896	0
LINC01897	0
LINC01898	0
LINC01899	0
LINC01900	0
LINC01901	0.04295594
LINC01903	0.005571879
LINC01904	0
LINC01905	0.019189052
LINC01906	0
LINC01907	0.022947429
LINC01908	1.488655519
LINC01909	0.299349208
LINC01910	0.004540754
LINC01911	0
LINC01912	0
LINC01913	0.005405855
LINC01914	0.546695658
LINC01915	0.106607569
LINC01916	0
LINC01917	0.011546739
LINC01918	0
LINC01919	0
LINC01920	0
LINC01921	0
LINC01922	0
LINC01923	0
LINC01924	0
LINC01925	0
LINC01926	0
LINC01927	0.117721599
LINC01928	0
LINC01929	0.052881879
LINC01930	0
LINC01931	0
LINC01932	0.29255769
LINC01933	0.019183928
LINC01934	0.028278603
LINC01935	0
LINC01936	3.021885633
LINC01937	0
LINC01938	0
LINC01939	0
LINC01940	0.00343192
LINC01941	0
LINC01942	0.39679817
LINC01943	0.560138178
LINC01944	0
LINC01945	0.042764173
LINC01946	0
LINC01947	0
LINC01948	0.20933511
LINC01949	0.003560502
LINC01950	0.014391789
LINC01951	0
LINC01952	0.165386303
LINC01953	0
LINC01954	0.103895604
LINC01955	0
LINC01956	0
LINC01957	0
LINC01959	0
LINC01960	0.082622924
LINC01961	0
LINC01962	0.029133743
LINC01963	3.248338289
LINC01964	0
LINC01965	0
LINC01966	0.014584614
LINC01967	0
LINC01968	0.002863901
LINC01969	0.026316414
LINC01970	0.079385425
LINC01971	0.011425542
LINC01972	0
LINC01973	0.005119268
LINC01974	0
LINC01975	0.043621014
LINC01976	0.027589789
LINC01977	0.040181102
LINC01978	0.019137935
LINC01979	0.009086677
LINC01980	0
LINC01981	0
LINC01982	0.03887652
LINC01983	0.063488697
LINC01984	0.039780626
LINC01985	0.768970442
LINC01986	0
LINC01987	0.020997752
LINC01989	0.018651041
LINC01990	0.136891366
LINC01991	0.006990057
LINC01992	0
LINC01993	0.053054393
LINC01994	0
LINC01995	0
LINC01996	2.850049015
LINC01997	0
LINC01998	0
LINC01999	0.037071109
LINC02000	0
LINC02001	4.584793719
LINC02002	0
LINC02003	0.026129773
LINC02004	0.4887334
LINC02005	0
LINC02006	0.068033911
LINC02008	0
LINC02010	0
LINC02011	0
LINC02012	0.006941431
LINC02013	0
LINC02014	0.218319198
LINC02015	0.063754906
LINC02016	1.188354999
LINC02017	0
LINC02018	0.295812321
LINC02019	0.651011869
LINC02020	0
LINC02021	0.254765283
LINC02022	0
LINC02023	0
LINC02024	0.012357036
LINC02025	0
LINC02026	0.092304681
LINC02027	0
LINC02028	0.03096997
LINC02029	0
LINC02030	0.007474387
LINC02031	0.202262978
LINC02032	0
LINC02033	0.124728837
LINC02035	3.282126813
LINC02036	0.197508756
LINC02037	0
LINC02038	2.689275402
LINC02039	0
LINC02040	0
LINC02041	1.16819203
LINC02042	0.041452907
LINC02043	0.019608027
LINC02044	0.090929416
LINC02045	0
LINC02046	0
LINC02047	0
LINC02048	0
LINC02049	0
LINC02050	0.033634742
LINC02051	0
LINC02052	0
LINC02053	0
LINC02054	0
LINC02055	0.026549819
LINC02056	0.161019134
LINC02057	0.520104801
LINC02058	0.016936306
LINC02059	0.011436455
LINC02060	0.013915129
LINC02061	0
LINC02062	0.60120343
LINC02063	0
LINC02064	0
LINC02065	0.021305993
LINC02066	0.041289546
LINC02067	0.012626329
LINC02068	0.03591864
LINC02069	0
LINC02070	0
LINC02071	0.006949488
LINC02072	0
LINC02073	0.019219853
LINC02074	0
LINC02075	0
LINC02076	0.019199308
LINC02077	0
LINC02078	0
LINC02079	0
LINC02080	0.019406756
LINC02081	0.169576262
LINC02082	0.337294882
LINC02083	0.023250424
LINC02084	0.240353378
LINC02085	0.011676225
LINC02086	0.003103672
LINC02087	0
LINC02088	0.019312852
LINC02089	0
LINC02090	0
LINC02091	0.020209229
LINC02092	0
LINC02093	0
LINC02094	0
LINC02096	0
LINC02097	0.01741246
LINC02098	0
LINC02099	0.01080488
LINC02100	0.150932374
LINC02101	0.066063273
LINC02102	0.049832211
LINC02103	0
LINC02104	0.699647564
LINC02105	0.00955624
LINC02106	0.019759024
LINC02107	0
LINC02108	0
LINC02109	0.089294508
LINC02110	0
LINC02111	0
LINC02112	0
LINC02113	0
LINC02114	0
LINC02115	0.083152558
LINC02116	0
LINC02117	0
LINC02118	0
LINC02119	0
LINC02120	0.005963132
LINC02121	0
LINC02122	0
LINC02123	0
LINC02124	0
LINC02125	0
LINC02126	0.30943963
LINC02127	0
LINC02128	0.010138839
LINC02129	0.017303422
LINC02130	0
LINC02131	0
LINC02132	0.015965291
LINC02133	0.031729628
LINC02134	0
LINC02135	0
LINC02136	0
LINC02137	0.020226298
LINC02138	0
LINC02139	0.083608756
LINC02140	0.011676225
LINC02141	0
LINC02142	0
LINC02143	0
LINC02144	0
LINC02145	0.225305596
LINC02146	0
LINC02147	0.181561309
LINC02148	0.019581305
LINC02149	0
LINC02150	0.011296197
LINC02151	0
LINC02152	0
LINC02153	0
LINC02154	0.792112226
LINC02155	0
LINC02156	0
LINC02157	0.133937006
LINC02158	0.33372264
LINC02159	0.020618112
LINC02160	0.092641921
LINC02161	0
LINC02162	0
LINC02163	0
LINC02164	0
LINC02165	0
LINC02166	2.325042389
LINC02167	0
LINC02168	0
LINC02169	0.022174015
LINC02170	0.033025129
LINC02171	0
LINC02172	0.005288855
LINC02173	0
LINC02174	0
LINC02175	0.127722329
LINC02176	0
LINC02177	0.002260092
LINC02178	0
LINC02179	0
LINC02180	0
LINC02181	0
LINC02182	0
LINC02184	0
LINC02185	1.729210682
LINC02186	0.081179446
LINC02187	0.021305993
LINC02188	0.067701697
LINC02189	0
LINC02190	0
LINC02191	0
LINC02192	0.009036957
LINC02193	0.079725217
LINC02195	0.4887334
LINC02196	0
LINC02197	0.004327419
LINC02198	0.220256942
LINC02199	0.013518451
LINC02200	0
LINC02201	0.015112286
LINC02202	0.230985076
LINC02203	0
LINC02204	0.041083485
LINC02205	0
LINC02206	0.049960925
LINC02207	0.220893817
LINC02208	0.007074723
LINC02209	0
LINC02210	0.691712223
LINC02210-CRHR1	0
LINC02211	0.038337145
LINC02212	0.011243163
LINC02213	0.021711638
LINC02214	0
LINC02215	0.022051507
LINC02216	0
LINC02217	0.012230815
LINC02218	0
LINC02219	0
LINC02220	0
LINC02221	0
LINC02222	0
LINC02223	0
LINC02224	0
LINC02225	0
LINC02226	0
LINC02227	0.003194762
LINC02228	0
LINC02229	0
LINC02230	0
LINC02231	0.455385819
LINC02232	0
LINC02233	0
LINC02234	0.216658051
LINC02235	0
LINC02236	0.043383943
LINC02237	0
LINC02238	0
LINC02239	0
LINC02240	0.008962551
LINC02241	0.037302082
LINC02242	0.037360276
LINC02243	0.012459905
LINC02245	0.00408947
LINC02246	0.042822995
LINC02247	0
LINC02248	0
LINC02249	0.00560973
LINC02250	0.004806892
LINC02251	0
LINC02252	0
LINC02253	0.024214294
LINC02254	0.006937409
LINC02255	0
LINC02256	0.592770708
LINC02257	0.407930784
LINC02258	0
LINC02259	0.020158196
LINC02260	0
LINC02261	0
LINC02262	0
LINC02263	0
LINC02264	0
LINC02265	1.11356654
LINC02266	0.062418601
LINC02267	0
LINC02268	0.057740655
LINC02269	0
LINC02270	0
LINC02271	0
LINC02272	0
LINC02273	0.077405066
LINC02274	0.040797166
LINC02275	0.002743177
LINC02276	0
LINC02277	0.017739212
LINC02278	0
LINC02279	0.016246904
LINC02280	0.012551329
LINC02281	0.031930582
LINC02282	0
LINC02283	0
LINC02284	0.014153627
LINC02285	0.965028199
LINC02286	0
LINC02287	0.017303422
LINC02288	0.081901288
LINC02289	0.458723455
LINC02290	0
LINC02291	0
LINC02292	0.05631496
LINC02293	0
LINC02294	0
LINC02295	0
LINC02296	0.022010971
LINC02297	0
LINC02298	1.30218177
LINC02299	0.194925065
LINC02300	0.216071609
LINC02301	0
LINC02302	0.189670297
LINC02303	0
LINC02304	0
LINC02305	0
LINC02306	0
LINC02307	0
LINC02308	0.281961577
LINC02309	0
LINC02310	0
LINC02311	0
LINC02312	0
LINC02313	0
LINC02314	0
LINC02315	0.034407955
LINC02316	0
LINC02317	0
LINC02318	0.006075073
LINC02319	0
LINC02320	0.184620657
LINC02321	0.062364418
LINC02322	0.035425942
LINC02323	0.074697245
LINC02324	0
LINC02325	0.053508299
LINC02326	0
LINC02327	0
LINC02328	0.236730241
LINC02329	0
LINC02330	0
LINC02331	0.019890313
LINC02332	0.09306193
LINC02333	0
LINC02334	0.031389713
LINC02335	0
LINC02336	0
LINC02337	0
LINC02338	0
LINC02339	0
LINC02340	0.185389309
LINC02342	0
LINC02343	0
LINC02344	0.018593118
LINC02345	1.467398077
LINC02346	0.040675901
LINC02347	0
LINC02348	0.048973286
LINC02349	0
LINC02351	0.041432416
LINC02352	0.283444805
LINC02353	0
LINC02354	0.063421442
LINC02355	0.009503149
LINC02356	0.542729442
LINC02358	0
LINC02359	0
LINC02360	0.018225218
LINC02361	0.823008603
LINC02362	0.099530636
LINC02363	0.239174038
LINC02364	0
LINC02365	0.066102349
LINC02366	0
LINC02367	0.122795938
LINC02368	0
LINC02369	0
LINC02370	0.011920327
LINC02371	0.06335433
LINC02372	0
LINC02373	0.028307254
LINC02374	0
LINC02375	0
LINC02376	0
LINC02377	0
LINC02378	0
LINC02379	0
LINC02380	0
LINC02381	1.390694639
LINC02382	0.019501577
LINC02383	0
LINC02384	0.177721236
LINC02385	0.027976561
LINC02386	0
LINC02387	0.013794894
LINC02388	0.010121698
LINC02389	0.069370597
LINC02390	0.021382086
LINC02391	0.194576985
LINC02392	0
LINC02393	0
LINC02394	0
LINC02395	0.005094222
LINC02396	0
LINC02397	0.002253711
LINC02398	0.083345487
LINC02399	0
LINC02400	0
LINC02401	0
LINC02402	0
LINC02403	0
LINC02404	0
LINC02405	0.024520072
LINC02406	0
LINC02407	0.189429973
LINC02408	0.152033748
LINC02409	0
LINC02410	0.060936225
LINC02411	0
LINC02412	0
LINC02413	0.076572139
LINC02414	0
LINC02415	0
LINC02416	0
LINC02417	0
LINC02418	0
LINC02419	0
LINC02420	0
LINC02421	0.034375029
LINC02422	0.056215814
LINC02423	0
LINC02424	0
LINC02425	0
LINC02426	0
LINC02427	0.172149704
LINC02428	0
LINC02429	0
LINC02430	0
LINC02431	0
LINC02432	0.051088931
LINC02433	0.016040145
LINC02434	0
LINC02435	0.184530333
LINC02436	0
LINC02437	0
LINC02438	0
LINC02439	0
LINC02440	0
LINC02441	0
LINC02442	0
LINC02443	0
LINC02444	0.009533414
LINC02445	0
LINC02446	0.248308099
LINC02447	0.092278788
LINC02448	0
LINC02449	0.539985686
LINC02450	0.035814462
LINC02451	0
LINC02453	0.343361969
LINC02454	0.013378736
LINC02455	0
LINC02457	0
LINC02458	0.024428361
LINC02459	0
LINC02460	0
LINC02461	0
LINC02462	0
LINC02463	0
LINC02464	0
LINC02465	0
LINC02466	0
LINC02468	0
LINC02469	0.080796007
LINC02470	0.012230815
LINC02471	4.778767471
LINC02472	0
LINC02473	0
LINC02474	0.017531432
LINC02475	0.021207879
LINC02476	0
LINC02477	0.050701348
LINC02479	0
LINC02480	0
LINC02482	1.815957279
LINC02483	0
LINC02484	0
LINC02485	0.01220588
LINC02487	0.009365638
LINC02488	0
LINC02489	4.025147538
LINC02490	0
LINC02491	0
LINC02492	0
LINC02493	0
LINC02494	0
LINC02495	0.009402409
LINC02496	0
LINC02497	0
LINC02499	0
LINC02500	0
LINC02501	0
LINC02502	0.018651041
LINC02503	0
LINC02504	0
LINC02505	0
LINC02506	0
LINC02507	0.034943487
LINC02508	0
LINC02509	0
LINC02510	0
LINC02511	0
LINC02512	0.27911348
LINC02513	0
LINC02514	0.024044113
LINC02515	0
LINC02516	0.128461546
LINC02517	0
LINC02518	0.256444132
LINC02519	0.428119537
LINC02520	0.08919157
LINC02521	0.014357276
LINC02522	0
LINC02523	0
LINC02525	0
LINC02526	0.37150737
LINC02527	0
LINC02528	0.014691986
LINC02529	0
LINC02530	0
LINC02531	0.080768758
LINC02532	0.114124055
LINC02533	0
LINC02534	0
LINC02535	0.028588862
LINC02536	0
LINC02538	0.028827676
LINC02539	0.048740712
LINC02540	0
LINC02541	2.782020894
LINC02542	0.815744799
LINC02543	0
LINC02544	0.110054856
LINC02545	0
LINC02546	0
LINC02547	0
LINC02548	0
LINC02549	0
LINC02550	0.730694916
LINC02551	0.053099638
LINC02552	0.027868041
LINC02553	0
LINC02554	0
LINC02555	1.963951747
LINC02556	0.173034224
LINC02557	0
LINC02558	0
LINC02559	0
LINC02560	0.234783692
LINC02561	0.259551336
LINC02562	0.79981008
LINC02563	0
LINC02564	0
LINC02565	0
LINC02567	0
LINC02568	0.236257671
LINC02569	0.14070468
LINC02570	0.434599601
LINC02571	0.089357972
LINC02572	0.148877048
LINC02573	0
LINC02574	0.081455567
LINC02575	0.5383034
LINC02576	0.031705123
LINC02577	0.077753041
LINC02578	0
LINC02579	0.062073449
LINC02580	0.465374819
LINC02582	0
LINC2194	0
LINCMD1	0
LINC-PINT	2.572480455
LINC-ROR	0
LINGO1	0.280907049
LINGO1-AS1	0.004402194
LINGO1-AS2	0
LINGO2	0.058493523
LINGO3	0.106862725
LINGO4	0.20553127
LINP1	0.039173288
LINS1	1.686192969
LIPA	46.88381684
LIPC	0.073913385
LIPC-AS1	0.005367086
LIPE	0.897012608
LIPE-AS1	0.258942756
LIPF	0.005099646
LIPG	0.625546697
LIPH	11.31746252
LIPI	0.013731615
LIPJ	0.023799849
LIPK	0
LIPM	0.095094388
LIPN	0.570188967
LIPT1	1.681294365
LIPT1P1	0
LIPT2	0.968408557
LITAF	68.59947969
LIVAR	0.124728837
LIX1	0.008729503
LIX1-AS1	0.026712701
LIX1L	10.59733849
LIX1L-AS1	0.158522364
LKAAEAR1	0.744924296
LLCFC1	0.03891864
LLGL1	4.011766422
LLGL2	14.78389183
LLPH	2.24109303
LLPH-AS1	0.230638234
LLPHP1	0
LLPHP2	0.060474587
LMAN1	19.44287923
LMAN1L	0.002914793
LMAN2	54.94207349
LMAN2L	9.529669866
LMBR1	3.845772374
LMBR1L	4.19989859
LMBRD1	31.42543555
LMBRD2	2.36891476
LMCD1	17.56582955
LMCD1-AS1	0.100122993
LMF1	1.943061054
LMF1-AS1	0.181924933
LMF2	21.14460087
LMLN	1.551160643
LMLN-AS1	0
LMNA	184.9356691
LMNB1	4.291248757
LMNB1-DT	0
LMNB2	8.352239674
LMNTD1	0.349548215
LMNTD2	1.138628888
LMO1	0.007085188
LMO2	9.67854048
LMO3	8.793893162
LMO4	8.375414141
LMO7	42.68856801
LMO7-AS1	0.807687575
LMO7DN	1.077349333
LMO7DN-IT1	1.939708261
LMOD1	15.10993583
LMOD2	0.026306778
LMOD3	0.212820765
LMTK2	8.495372633
LMTK3	1.716199215
LMX1A	0.011444653
LMX1B	0.006161562
LNCPRESS1	0.015838582
LNCPRESS2	0
LNCSRLR	0.101331185
LNP1	1.996548739
LNPEP	4.182966918
LNPK	2.84581926
LNX1	1.309293303
LNX1-AS1	0
LNX1-AS2	0.080996403
LNX2	17.27387907
LOC101927550	1.213384962
LOC101929006	0
LOC644634	0
LOC644634	0
LOH12CR2	0.723103281
LONP1	13.37740687
LONP2	8.003089191
LONRF1	7.500316823
LONRF2	2.347870624
LONRF2P1	0
LONRF2P2	0
LONRF3	4.853590716
LOR	0.038939734
LOX	13.7959035
LOXHD1	0.373024955
LOXL1	9.047144598
LOXL1-AS1	0.561678684
LOXL2	7.414754511
LOXL3	1.910126505
LOXL4	3.949803397
LPA	0.037307893
LPAL2	0.8271731
LPAR1	4.099766979
LPAR2	3.290832229
LPAR3	2.416423183
LPAR4	0.034617962
LPAR5	0.694622471
LPAR6	4.973548013
LPCAT1	110.125844
LPCAT2	4.333098895
LPCAT2BP	0
LPCAT3	7.047535631
LPCAT4	4.086968136
LPGAT1	5.893767102
LPIN1	3.419258971
LPIN2	21.88418796
LPIN3	3.03218124
LPL	54.72721069
LPO	0.01861335
LPP	5.577848169
LPP-AS1	0
LPP-AS2	1.540829722
LPXN	21.33181626
LRAT	0.129842026
LRBA	5.535022793
LRCH1	5.225808803
LRCH2	2.157209141
LRCH3	2.929306907
LRCH4	3.108188614
LRCOL1	0.296548472
LRFN1	0.499358039
LRFN2	0.010985292
LRFN3	2.469408894
LRFN4	2.959619464
LRFN5	0.140411355
LRG1	13.31545023
LRGUK	0.777626135
LRIF1	2.546245677
LRIG1	18.8157494
LRIG2	1.558269318
LRIG3	3.094578946
LRIT1	0
LRIT2	0
LRIT3	0.079887908
LRMDA	2.195835956
LRMP	2.36276405
LRP1	54.63988522
LRP10	41.90720544
LRP11	14.24617779
LRP12	1.285943206
LRP1-AS	0.06811131
LRP1B	0.009133998
LRP2	1.022132104
LRP2BP	2.751084294
LRP3	4.166799962
LRP4	3.465305705
LRP4-AS1	0.126119864
LRP5	21.5216734
LRP5L	1.088303596
LRP6	5.231154191
LRP8	0.938493909
LRPAP1	22.41481848
LRPPRC	9.438087928
LRR1	2.578540017
LRRC1	3.97583673
LRRC10	0
LRRC10B	8.202087348
LRRC14	3.912615132
LRRC14B	0
LRRC15	0.43138539
LRRC17	0.958275698
LRRC18	1.798664767
LRRC19	0.139347927
LRRC2	0.445136851
LRRC20	2.774657483
LRRC23	12.8482954
LRRC24	0
LRRC25	9.266810254
LRRC26	0.168368454
LRRC27	1.208271272
LRRC28	1.539491776
LRRC29	1.023780689
LRRC2-AS1	0.026064363
LRRC3	1.548516262
LRRC30	0
LRRC31	1.173164257
LRRC32	33.88909621
LRRC34	0.967593398
LRRC34P1	0
LRRC34P2	0
LRRC36	8.930547434
LRRC37A	0.031287652
LRRC37A11P	0.044536545
LRRC37A12P	0.006648511
LRRC37A13P	0
LRRC37A14P	0.414682885
LRRC37A15P	0.247432555
LRRC37A16P	2.561142369
LRRC37A17P	0.89202996
LRRC37A2	0.326111629
LRRC37A3	0.584516448
LRRC37A4P	1.033033778
LRRC37A5P	0.089633404
LRRC37A6P	0.038316699
LRRC37A7P	0.121519069
LRRC37A9P	0
LRRC37B	1.216269986
LRRC37BP1	1.482359783
LRRC38	0.043364304
LRRC39	0.445039505
LRRC3-AS1	0.015272919
LRRC3B	0.014642578
LRRC3C	0.067193986
LRRC4	4.963441272
LRRC40	5.401571694
LRRC41	9.313704838
LRRC42	10.10163896
LRRC43	2.532871854
LRRC45	4.844708751
LRRC46	13.48982174
LRRC47	10.91868943
LRRC49	0.898856594
LRRC4B	1.246888721
LRRC4C	0.449359154
LRRC52	0.787185645
LRRC53	0.006205736
LRRC55	0.35191515
LRRC56	3.59348778
LRRC57	3.051782901
LRRC58	5.060490211
LRRC59	28.88949115
LRRC6	3.021508921
LRRC61	4.868392232
LRRC63	0.169970413
LRRC66	0.064782516
LRRC69	0.242927367
LRRC6P1	0
LRRC7	0.06292626
LRRC70	1.352329013
LRRC71	4.018629424
LRRC72	0
LRRC73	1.665403418
LRRC74A	0.067532142
LRRC74B	0.717314594
LRRC75A	1.986479722
LRRC75A-AS1	39.65839463
LRRC75B	2.470374525
LRRC77P	0.018721026
LRRC8A	24.6370694
LRRC8B	4.262738944
LRRC8C	4.768548108
LRRC8C-DT	0.544792619
LRRC8D	4.703706428
LRRC8E	0.315322797
LRRC9	0.018019516
LRRCC1	2.851057409
LRRD1	0.006566476
LRRFIP1	27.46637768
LRRFIP1P1	0.66107394
LRRFIP2	5.990359003
LRRIQ1	2.146127917
LRRIQ3	0.144907026
LRRIQ4	0.1704013
LRRK1	2.026730204
LRRK2	25.04351247
LRRN1	1.406885113
LRRN2	1.009598806
LRRN3	4.916279632
LRRN4	13.08151589
LRRN4CL	0.801352618
LRRTM1	0.04985197
LRRTM2	0.237711266
LRRTM3	0.002575047
LRRTM4	0.210263769
LRSAM1	6.059678348
LRTM1	0.007559323
LRTM2	0
LRTOMT	3.155249786
LRWD1	2.913679092
LSAMP	3.395135834
LSAMP-AS1	0
LSG1	8.544313623
LSM1	8.736037231
LSM10	12.73434731
LSM11	0.829302787
LSM12	2.342825531
LSM12P1	1.914205818
LSM14A	24.48510073
LSM14B	10.53610048
LSM1P1	0
LSM1P2	0
LSM2	18.15551555
LSM3	8.860422681
LSM3P2	0
LSM3P3	0
LSM3P4	0
LSM3P5	0
LSM4	14.85183193
LSM5	4.05245343
LSM6	5.423908868
LSM6P2	0
LSM7	12.8765996
LSM8	2.88647835
LSMEM1	0.49429576
LSMEM2	0.112205861
LSP1	19.03548249
LSP1P1	0
LSP1P2	0.270089511
LSP1P3	0
LSR	29.87332628
LSS	10.96814173
LST1	18.10006257
LTA	0.144763002
LTA4H	65.3566885
LTB	2.488401231
LTB4R	1.976442249
LTB4R2	0.751845211
LTBP1	13.76295661
LTBP2	94.23622378
LTBP3	20.87920263
LTBP4	67.1726626
LTBR	20.86483044
LTC4S	0.120543305
LTF	13.24833461
LTK	0.490623916
LTN1	3.614044738
LTV1	11.24788035
LTV1P1	0
LUADT1	0
LUARIS	0.008212598
LUC7L	6.235149299
LUC7L2	5.63436254
LUC7L3	11.44952877
LUCAT1	0.197916831
LUM	257.4721642
LURAP1	0.445633125
LURAP1L	11.29439506
LURAP1L-AS1	0.074930966
LUZP1	7.032133799
LUZP2	0.285448798
LUZP4	0
LUZP4P1	0
LUZP6	0
LVRN	0.021652746
LXN	18.12814218
LY6D	0.053971525
LY6E	99.31136743
LY6E-DT	0.208215904
LY6G5B	1.181199777
LY6G5C	0.959379376
LY6G6C	0.075990733
LY6G6D	0.019501577
LY6G6E	0
LY6G6F	0
LY6G6F-LY6G6D	0.028374332
LY6H	1.680556955
LY6K	0.07984617
LY6L	0.024238802
LY75	1.521584061
LY75-CD302	0.006357859
LY86	27.36634224
LY86-AS1	0.010685319
LY9	0.273150407
LY96	12.3290448
LYAR	8.793302296
LYARP1	0
LYG1	0.284833647
LYG2	0.129072627
LYL1	2.080760122
LYN	16.87003392
LYNX1	1.956997304
LYPD1	0.178715945
LYPD2	0.120949175
LYPD3	0.446825336
LYPD4	0
LYPD5	0.437469673
LYPD6	0.233150982
LYPD6B	0.679509206
LYPD8	0.010705381
LYPLA1	9.40265172
LYPLA1P1	0
LYPLA1P2	0
LYPLA1P3	0.034457463
LYPLA2	24.37869412
LYPLA2P1	0.034407955
LYPLA2P2	0.053138913
LYPLA2P3	0
LYPLAL1	5.385459784
LYPLAL1-AS1	0.198463563
LYRM1	7.338346287
LYRM2	4.156880574
LYRM4	2.096046766
LYRM7	2.203994481
LYRM9	1.715972038
LYSMD1	1.713977122
LYSMD2	6.23523904
LYSMD3	10.23923327
LYSMD4	1.467058079
LYST	2.44985902
LYST-AS1	0.160878653
LYVE1	11.68100635
LYZ	753.090654
LYZL1	0
LYZL2	0
LYZL4	0.011820304
LYZL6	0
LZIC	6.801248282
LZTFL1	5.809893801
LZTR1	5.947366735
LZTS1	4.228451829
LZTS1-AS1	0
LZTS2	9.124504029
LZTS3	5.64407811
M1AP	0.690498839
M6PR	24.21423614
MAATS1	2.739891988
MAB21L1	0.01581766
MAB21L2	0.017278454
MAB21L3	0.02942007
MACC1	6.039002807
MACC1-AS1	0.037477209
MACF1	19.76724316
MACO1	9.042919014
MACROD1	5.720450153
MACROD2	3.14443332
MACROD2-AS1	0.006723171
MACROD2-IT1	0
MAD1L1	4.05922494
MAD2L1	0.462460154
MAD2L1BP	9.897631248
MAD2L2	4.895494262
MADCAM1	0.126469677
MADD	6.277266516
MAEA	5.058294007
MAEL	0.083680846
MAF	4.742556541
MAF1	37.53891957
MAFA	0.153021959
MAFA-AS1	0.114858209
MAFB	20.94121071
MAFF	24.03110398
MAFG	7.023810527
MAFG-AS1	1.326930525
MAFK	21.72128347
MAFTRR	0.200930481
MAG	0.850366366
MAGEA1	0
MAGEA10	0
MAGEA10-MAGEA5	0
MAGEA11	0
MAGEA12	0.006162619
MAGEA13P	0
MAGEA2	0
MAGEA2B	0
MAGEA3	0.020090551
MAGEA4	0.00777278
MAGEA5	0
MAGEA6	0
MAGEA7P	0
MAGEA8	0.020269096
MAGEA8-AS1	0.050310791
MAGEA9	0
MAGEA9B	0
MAGEB1	0
MAGEB10	0
MAGEB16	0
MAGEB17	0.059461047
MAGEB18	0
MAGEB2	0
MAGEB3	0
MAGEB4	0
MAGEB5	0
MAGEB6	0
MAGEB6B	0
MAGEC1	0
MAGEC2	0.012028095
MAGEC3	0.004333684
MAGED1	22.27603944
MAGED2	63.85301874
MAGED4	0
MAGED4B	0
MAGEE1	1.095139801
MAGEE2	0.138427379
MAGEF1	20.63972532
MAGEH1	18.84548637
MAGEL2	0.06686255
MAGI1	6.640212486
MAGI1-AS1	0.020260522
MAGI1-IT1	0.05597492
MAGI2	1.450311158
MAGI2-AS1	0
MAGI2-AS2	0
MAGI2-AS3	3.276489736
MAGI3	9.07855152
MAGIX	1.294229588
MAGOH	16.64733529
MAGOH2P	1.009569877
MAGOH3P	0.026787401
MAGOHB	1.938125842
MAGT1	22.59587808
MAIP1	6.753790005
MAJIN	0.036426675
MAK	2.320558458
MAK16	4.403138985
MAL	7.667613198
MAL2	60.30970159
MAL2-AS1	0.27662633
MALAT1	26.8542396
MALINC1	0.905272393
MALL	8.431307017
MALRD1	0.243141883
MALSU1	4.300181295
MALT1	3.761039999
MAMDC2	27.06104409
MAMDC2-AS1	0.185765276
MAMDC4	0.807898026
MAML1	5.413488197
MAML2	7.520575114
MAML3	4.175178623
MAMLD1	1.515336036
MAMSTR	0.449354219
MAN1A1	20.99146019
MAN1A2	5.873648257
MAN1A2P1	0
MAN1B1	8.883819241
MAN1B1-AS1	1.049001497
MAN1C1	3.182533787
MAN2A1	4.527102532
MAN2A2	7.872507056
MAN2B1	30.61895654
MAN2B2	10.77495664
MAN2C1	8.081064271
MANBA	7.134424401
MANBAL	23.56149069
MANEA	2.922507013
MANEA-AS1	0.142547242
MANEAL	1.420371323
MANF	15.26950387
MANSC1	4.688062404
MANSC4	0.210685659
MAOA	34.73057305
MAOB	21.80247982
MAP10	0.538079349
MAP1A	2.061563835
MAP1B	3.128590294
MAP1LC3A	12.04872066
MAP1LC3B	21.16234941
MAP1LC3B2	0.643761737
MAP1LC3BP1	0
MAP1LC3C	7.233006235
MAP1LC3P	0.108854257
MAP1S	11.58671497
MAP2	5.518239395
MAP2K1	18.37346347
MAP2K1P1	0.030237294
MAP2K2	15.1412613
MAP2K3	34.03860829
MAP2K4	7.049427613
MAP2K4P1	0.127332471
MAP2K5	3.408213598
MAP2K6	0.615804084
MAP2K7	6.942341585
MAP3K1	3.310066666
MAP3K10	2.318219006
MAP3K11	9.946191961
MAP3K12	1.96636865
MAP3K13	2.937762801
MAP3K14	11.32943652
MAP3K14-AS1	0.850072452
MAP3K15	0.578142247
MAP3K19	2.000310179
MAP3K2	6.593590298
MAP3K20	7.653482169
MAP3K20-AS1	0.13745126
MAP3K21	1.340188974
MAP3K3	12.57198048
MAP3K4	4.863131238
MAP3K5	7.907380163
MAP3K6	13.7370511
MAP3K7	6.329121202
MAP3K7CL	1.813269383
MAP3K8	8.668740731
MAP3K9	1.628946924
MAP4	24.53473823
MAP4K1	1.993137148
MAP4K2	4.135864069
MAP4K3	6.75176291
MAP4K4	12.06907131
MAP4K5	6.628110015
MAP6	3.607267305
MAP6D1	0.929872123
MAP7	4.930716157
MAP7D1	30.8356376
MAP7D2	0.158704333
MAP7D3	2.312787143
MAP9	2.076551351
MAPK1	14.75197965
MAPK10	1.612631021
MAPK11	6.744266374
MAPK12	0.931336881
MAPK13	12.0039157
MAPK14	9.411608907
MAPK15	7.593439325
MAPK1IP1L	18.08603827
MAPK3	22.69146951
MAPK4	1.863597488
MAPK6	7.979521458
MAPK6PS2	0
MAPK6PS3	0.016615127
MAPK6PS4	0
MAPK6PS6	0
MAPK7	4.832450257
MAPK8	3.549039936
MAPK8IP1	4.097438554
MAPK8IP1P1	0
MAPK8IP1P2	0
MAPK8IP2	0.533664407
MAPK8IP3	4.024696979
MAPK9	5.910099376
MAPKAP1	10.7607625
MAPKAPK2	47.45059574
MAPKAPK3	17.77619727
MAPKAPK5	2.248431861
MAPKAPK5-AS1	5.098086942
MAPKAPK5P1	0
MAPKBP1	2.86256112
MAPRE1	49.78121402
MAPRE1P1	0.045071399
MAPRE1P3	0
MAPRE2	13.62862347
MAPRE3	7.266076749
MAPT	0.176559854
MAPT-AS1	0
MAPT-IT1	0
MARC1	1.683960546
MARC2	14.65739131
MARCH1	1.892440821
MARCH10	1.092746295
MARCH11	0.006434158
MARCH2	15.23222773
MARCH3	0.998794035
MARCH4	0.107703785
MARCH5	7.840467589
MARCH6	11.0296557
MARCH7	14.36190664
MARCH8	6.286373067
MARCH9	4.72082296
MARCKS	28.34819491
MARCKSL1	43.25146762
MARCKSL1P1	0.177064226
MARCKSL1P2	0.01226841
MARCO	311.9394408
MARCOL	0.105964321
MARF1	6.973391744
MARK1	1.133957124
MARK2	9.759737572
MARK2P10	0
MARK2P11	0
MARK2P12	0
MARK2P13	0
MARK2P14	0
MARK2P15	0
MARK2P16	0
MARK2P17	0.014237774
MARK2P4	0
MARK2P5	0
MARK2P6	0
MARK2P8	0.062888489
MARK2P9	0.013866784
MARK3	9.607725778
MARK3P1	0
MARK3P3	0.016470383
MARK4	4.668913856
MARS	10.96364343
MARS2	1.998966554
MARVELD1	21.05632426
MARVELD2	4.35883738
MARVELD3	0.936220916
MAS1	0.003650229
MAS1L	0.133044092
MAS1LP1	0.137237459
MASP1	0.765147583
MASP2	0.523913927
MAST1	0.027492656
MAST2	4.691083686
MAST3	3.329442162
MAST4	4.364480849
MAST4-AS1	0.431494353
MAST4-IT1	0
MASTL	2.344668539
MAT1A	0.580851037
MAT2A	45.45411236
MAT2B	14.7507764
MATK	1.176866723
MATN1	0.028596103
MATN1-AS1	0.258880527
MATN2	4.949861988
MATN3	22.08540466
MATN4	0.0873658
MATR3	0.393639631
MATR3	0.097378658
MAU2	5.667356017
MAVS	9.877430316
MAX	12.26858739
MAZ	10.22434737
MB	1.66796053
MB21D2	3.633431
MBD1	8.369686489
MBD2	13.52790498
MBD3	7.787276774
MBD3L1	0
MBD3L2	0
MBD3L2B	0
MBD3L3	0
MBD3L4	0
MBD3L5	0
MBD4	11.18188816
MBD5	1.389120487
MBD6	10.89660807
MBIP	28.63670505
MBL1P	2.046010639
MBL2	0
MBL3P	0.092965592
MBLAC1	0.685968904
MBLAC2	0.807968615
MBNL1	25.24974155
MBNL1-AS1	2.12749323
MBNL2	18.02438424
MBNL3	2.031815263
MBOAT1	5.28616661
MBOAT2	4.131958147
MBOAT4	0.110870077
MBOAT7	10.23172424
MBP	3.656836412
MBTD1	2.627255926
MBTPS1	15.04991445
MBTPS2	2.07770549
MC1R	0.748641928
MC2R	0
MC3R	0
MC4R	0.014374512
MC5R	0
MCAM	45.95345099
MCAT	5.29502116
MCC	2.060289168
MCCC1	8.715142402
MCCC1-AS1	0.845221292
MCCC2	8.507192928
MCCD1	0
MCCD1P1	0.073012002
MCCD1P2	0
MCEE	3.870894926
MCEMP1	98.62504115
MCF2	0.019173688
MCF2L	1.866858978
MCF2L2	0.073352781
MCF2L-AS1	1.631285008
MCFD2	22.49364083
MCFD2P1	0.359219049
MCHR1	0.056614507
MCHR2	0
MCHR2-AS1	0
MCIDAS	0.200425103
MCL1	254.6694037
MCM10	0.1119678
MCM2	2.699150342
MCM3	16.91446043
MCM3AP	9.906667795
MCM3AP-AS1	0.318046232
MCM4	2.984718653
MCM5	5.291847808
MCM6	5.135023805
MCM7	11.73377929
MCM8	1.055565013
MCM8-AS1	0.024362092
MCM9	1.718095804
MCMBP	11.83626767
MCMDC2	0.173371905
MCOLN1	13.49341524
MCOLN2	0.907962152
MCOLN3	1.616295888
MCPH1	2.208599985
MCPH1-AS1	0.137586635
MCRIP1	15.25507986
MCRIP2	2.421434194
MCRIP2P1	0.046864847
MCRIP2P2	0
MCRS1	15.31451866
MCTP1	1.845272806
MCTP2	2.534480732
MCTS1	6.06928672
MCTS2P	1.030726209
MCU	8.436985389
MCUB	3.948790445
MCUR1	5.501659864
MCUR1P1	0.050416709
MCUR1P2	0
MDC1	5.237126267
MDC1-AS1	0.032449779
MDFI	6.710737687
MDFIC	10.27802409
MDFIC2	0
MDGA1	2.804644864
MDGA2	0.005822499
MDH1	19.07676313
MDH1B	2.498747727
MDH2	31.64337353
MDK	27.33401781
MDM1	1.565081214
MDM2	6.117341903
MDM4	3.417715154
MDN1	3.354281735
MDP1	1.496746038
MDS2	0.083851319
ME1	5.214412777
ME2	3.675444292
ME2P1	0
ME3	4.018361432
MEA1	34.92132538
MEAF6	19.35339414
MEAF6P1	0
MECOM	8.415846338
MECP2	4.566876752
MECR	3.810176554
MED1	7.275860141
MED10	10.44537661
MED11	11.10652443
MED12	9.046998275
MED12L	0.057881929
MED13	7.364599738
MED13L	6.722458666
MED13P1	0
MED14	5.07306383
MED14OS	0.731742508
MED14P1	0.018478346
MED15	10.10411785
MED15P1	0
MED15P3	0
MED15P4	0
MED15P5	0
MED15P6	0
MED15P7	0
MED15P8	0
MED15P9	0
MED16	12.3398238
MED17	2.514166556
MED18	5.064769159
MED19	5.774488377
MED20	3.926789484
MED21	8.657357357
MED22	4.423937072
MED23	4.214798072
MED24	11.85701487
MED25	9.806132214
MED26	1.561333578
MED27	6.990024213
MED28	4.30679064
MED28P1	0.104850861
MED28P2	0
MED28P3	0.180398769
MED28P4	0
MED28P5	0
MED28P6	0
MED28P7	0.090369572
MED28P8	0
MED29	15.75193484
MED30	5.404916249
MED31	2.488171255
MED4	14.90906317
MED4-AS1	1.1708862
MED6	3.746299636
MED6P1	0
MED7	4.114638611
MED8	11.94739885
MED9	2.37163627
MEDAG	2.062911979
MEF2A	12.51517438
MEF2AP1	0
MEF2B	0.103670721
MEF2BNBP1	0.108854257
MEF2C	6.819005423
MEF2C-AS1	0.129905287
MEF2C-AS2	0.10344681
MEF2D	18.00211297
MEFV	0.571490498
MEG3	0.75402058
MEG8	0.024060218
MEG9	0.031737137
MEGF10	0.03057636
MEGF11	0.925947895
MEGF6	17.46338381
MEGF8	5.510004937
MEGF9	13.50256
MEI1	0.530646843
MEI4	0.009978307
MEIG1	0.706353496
MEIKIN	0.012022057
MEIOB	0.005963132
MEIOC	0.043116856
MEIS1	2.081810293
MEIS1-AS2	0.023273019
MEIS1-AS3	0.033872612
MEIS2	2.330920668
MEIS3	0.80418686
MEIS3P1	4.787087538
MEIS3P2	1.102718942
MELK	0.32194343
MELTF	0.275345631
MELTF-AS1	0.767427293
MEMO1	0.424364777
MEMO1P1	0.782083515
MEMO1P3	0
MEMO1P4	0
MEMO1P5	0
MEN1	5.837521053
MEOX1	0.645806935
MEOX2	3.228181855
MEOX2-AS1	0.584096015
MEP1A	0.068307873
MEP1AP4	0
MEP1B	0.023178413
MEPCE	18.66468568
MEPE	0.101515274
MERTK	4.226556047
MESD	7.587765002
MESP1	0.192068719
MESP2	0.05372504
MEST	5.641804976
MESTIT1	0.034892574
MESTP1	0
MESTP2	0
MESTP3	0
MESTP4	0.009945156
MET	12.20531646
METAP1	7.902179229
METAP1D	1.130737626
METAP2	24.20122697
METRN	4.439968204
METRNL	18.19806074
METTL1	4.445124442
METTL11B	0.009945156
METTL13	7.756328045
METTL14	3.324163454
METTL15	1.726742474
METTL15P1	0.721875601
METTL15P3	0
METTL16	4.819609361
METTL17	5.896822782
METTL18	2.071542045
METTL21A	1.488379408
METTL21AP1	0
METTL21C	0.088043885
METTL21EP	0.092225687
METTL22	1.341885229
METTL23	7.43837425
METTL24	0.47922872
METTL25	1.4837025
METTL26	11.84964842
METTL27	2.062228714
METTL2A	3.277807613
METTL2B	3.039177316
METTL3	5.997141913
METTL4	1.577283736
METTL5	5.374702702
METTL6	1.58004412
METTL7A	56.19524386
METTL7AP1	0
METTL7B	2.870254023
METTL8	0.875999071
METTL8P1	0
METTL9	9.429393662
MEX3A	0.578754836
MEX3B	0.644794352
MEX3C	5.55722737
MEX3D	5.508025421
MFAP1	14.13362209
MFAP1P1	0.009541011
MFAP2	10.63896326
MFAP3	5.46224848
MFAP3L	1.360273484
MFAP4	334.9483941
MFAP5	0.318193688
MFF	6.833923374
MFGE8	16.11765838
MFHAS1	12.35147101
MFN1	6.767895129
MFN2	29.27879642
MFNG	12.18652396
MFRP	0
MFSD1	18.41382569
MFSD10	23.15573675
MFSD11	3.544745437
MFSD12	6.825411534
MFSD13A	3.694746885
MFSD13B	0.129950044
MFSD14A	24.56636787
MFSD14B	23.85711888
MFSD14C	2.444039228
MFSD1P1	0.036093348
MFSD2A	36.355203
MFSD2B	0.064753321
MFSD3	4.591225368
MFSD4A	1.670978651
MFSD4B	1.020942581
MFSD4BP1	0
MFSD5	10.03011216
MFSD6	14.87067196
MFSD6L	0.705960654
MFSD8	2.812917101
MFSD9	1.902893063
MGA	2.515408446
MGAM	0.192393101
MGAM2	0.005868154
MGARP	0.259331651
MGAT1	39.04456435
MGAT2	1.301227668
MGAT2P1	0
MGAT2P2	0
MGAT3	9.740231869
MGAT3-AS1	0.841543957
MGAT4A	8.412862882
MGAT4B	16.04664288
MGAT4C	0.017682985
MGAT4D	0.010700597
MGAT4EP	0
MGAT5	10.07276233
MGAT5B	0.234379273
MGEA5	19.23237078
MGLL	38.64573972
MGME1	4.233945985
MGMT	8.186868406
MGP	255.1104085
MGRN1	11.81695571
MGST1	13.01525291
MGST2	11.19878368
MGST3	9.469711394
MHENCR	2.197469839
MIA	0.137737365
MIA2	0.126256128
MIA2	0.01635788
MIA3	7.70520328
MIA-RAB4B	0
MIAT	0.364266745
MIATNB	0.719195146
MIB1	5.840785497
MIB2	3.273822519
MICA	9.168667265
MICAL1	9.284237613
MICAL2	9.386639839
MICAL3	0.900431275
MICALCL	5.066711067
MICALL1	6.484561924
MICALL2	3.241623897
MICB	2.319474918
MICC	0
MICD	0.058912513
MICE	0.238030485
MICF	0.09282146
MICG	0
MICU1	16.12723902
MICU2	11.28082501
MICU3	1.060655464
MID1	4.463668658
MID1IP1	32.90155829
MID1IP1-AS1	3.31194868
MID2	2.915199258
MIDN	49.04475576
MIEF1	6.125663468
MIEF2	5.481657952
MIEN1	11.0806225
MIER1	5.607053453
MIER2	5.507390197
MIER3	3.432412917
MIF	12.03875082
MIF4GD	13.37434042
MIF-AS1	1.078955139
MIGA1	2.567276715
MIGA2	2.639137096
MIIP	9.796497288
MILR1	3.751755488
MIMT1	0.011962006
MINCR	0.920418916
MINDY1	6.198549521
MINDY2	4.03016365
MINDY3	5.565818682
MINDY4	0.863444552
MINDY4B	0.01462023
MINK1	23.8315209
MINOS1	4.125715883
MINOS1-NBL1	0
MINOS1P2	0.261440356
MINOS1P3	4.836775375
MINOS1P4	0
MINPP1	4.986506695
MIOS	4.515652033
MIOX	0.040002121
MIOXP1	0.028680164
MIP	0.042917449
MIPEP	5.637289452
MIPEPP1	0.005907236
MIPEPP2	0
MIPEPP3	2.018302599
MIPOL1	0.72612509
MIR100	0
MIR100HG	1.7110476
MIR101-1	0
MIR101-2	0.131582069
MIR103A1	0
MIR103A2	2.763223455
MIR105-1	0
MIR105-2	0
MIR106B	0
MIR107	0
MIR10B	0.108854257
MIR1-1	0
MIR1179	0
MIR1180	0.347071545
MIR1183	0
MIR1184-1	0
MIR1184-2	0
MIR1184-3	0
MIR1185-1	0
MIR1185-2	0
MIR1193	0
MIR1197	0
MIR1-1HG	0.009814728
MIR1-1HG-AS1	0.066972446
MIR1200	0.630208858
MIR1202	0
MIR1203	0
MIR1205	0
MIR1207	0
MIR1208	0
MIR1224	0
MIR1225	0
MIR1226	0.159652911
MIR1227	0
MIR1228	0
MIR1229	0
MIR1231	0
MIR1233-1	0
MIR1233-2	0
MIR1237	0
MIR1238	0
MIR124-2	0
MIR124-2HG	0
MIR124-3	0
MIR1245A	0
MIR1249	0.320731294
MIR1250	0.211928643
MIR1251	0
MIR1252	0
MIR1253	0
MIR1254-1	2.345416472
MIR1254-2	0
MIR1255A	0.105964321
MIR1255B2	0
MIR1256	0
MIR1258	0
MIR125A	0
MIR125B1	0.136067822
MIR125B2	0
MIR126	1.8313128
MIR1260A	0
MIR1260B	0
MIR1261	0
MIR1262	0.128752347
MIR1263	0
MIR1264	0
MIR1265	0
MIR1266	0
MIR1267	0
MIR1268A	0
MIR1268B	0
MIR1269A	0
MIR1269B	0.319305821
MIR127	0
MIR1270	0
MIR1271	0
MIR1272	0.185642919
MIR1273A	0
MIR1273C	0
MIR1273D	0
MIR1273E	0
MIR1273F	0
MIR1273G	0
MIR1273H	0
MIR1275	0
MIR1276	0
MIR1277	0
MIR1278	0
MIR128-1	0
MIR1282	0
MIR128-2	0
MIR1283-1	0
MIR1283-2	0
MIR1284	0.099783069
MIR1285-1	0.712736209
MIR1285-2	0
MIR1286	0
MIR1288	0
MIR1289-1	0
MIR1289-2	0
MIR1290	0
MIR1291	0.213820863
MIR129-1	0
MIR129-2	0
MIR1293	0.168647441
MIR1294	0
MIR1295A	0.151569219
MIR1296	0
MIR1298	0
MIR1299	0
MIR1301	0
MIR1302-2HG	0
MIR1302-3	0
MIR1302-4	0
MIR1302-5	0.239479366
MIR1302-6	0
MIR1302-7	0
MIR1302-8	0.561279764
MIR1303	0
MIR1305	0
MIR130A	0
MIR132	0
MIR1323	0
MIR133A1HG	0.021890253
MIR133B	0
MIR134	0
MIR1343	0
MIR135A1	1.197396831
MIR135A2	0
MIR135B	0.317892964
MIR136	0
MIR137HG	0.00252296
MIR138-1	0
MIR138-2	0
MIR139	0
MIR140	0
MIR141	0
MIR145	0
MIR1468	0
MIR146B	2.394793661
MIR1470	0
MIR1471	0
MIR147A	0.166305115
MIR148A	0
MIR148B	0.549264601
MIR149	0.13453897
MIR150	0
MIR151A	0
MIR151B	0
MIR152	0
MIR153-1	0
MIR153-2	0
MIR1537	0
MIR1538	0
MIR154	0
MIR155HG	0.725921829
MIR1587	0
MIR15B	0
MIR16-1	0
MIR16-2	0
MIR17HG	0.346326117
MIR181A1	0
MIR181A1HG	0.033158681
MIR181A2	0
MIR181A2HG	0.777765313
MIR181B1	0
MIR181B2	0.269077939
MIR181C	0
MIR181D	0
MIR182	0
MIR1827	0
MIR183	0
MIR184	0
MIR185	0
MIR186	6.404680722
MIR187	0
MIR188	0
MIR190A	0
MIR190B	0
MIR191	0
MIR1911	0
MIR1912	0
MIR1913	0
MIR1915	0
MIR193A	0.136067822
MIR193B	0
MIR193BHG	0.226228821
MIR194-1	0
MIR194-2HG	0.006566476
MIR196A1	0
MIR196A2	0
MIR1972-1	0.155506082
MIR1972-2	0
MIR1976	0
MIR199A1	1.517826968
MIR199A2	0.108854257
MIR199B	0
MIR200A	0.64724153
MIR200B	0.431494353
MIR200C	0
MIR200CHG	5.747504787
MIR202HG	0.043700614
MIR203A	0
MIR204	0
MIR2052HG	0.020602148
MIR2053	0
MIR205HG	1.041510603
MIR206	0
MIR208A	0
MIR208B	0
MIR210	0.761979801
MIR210HG	1.300060324
MIR211	0
MIR2113	0
MIR2114	0
MIR2115	0
MIR2116	0.598698415
MIR2117HG	0.070991907
MIR212	0.108854257
MIR215	0.217708515
MIR216A	0
MIR216B	0
MIR217	0
MIR217HG	0.013304409
MIR218-1	0
MIR218-2	0
MIR219A1	0
MIR221	1.959376632
MIR222	0.427641725
MIR222HG	3.706125917
MIR2276	0.13453897
MIR2278	0.124728837
MIR22HG	32.63367517
MIR2355	0
MIR2392	0
MIR23A	3.280539262
MIR23B	0.617214861
MIR23C	0
MIR2467	0
MIR25	1.425472417
MIR2681	0
MIR26A1	0.155506082
MIR26A2	0.142547242
MIR26B	0.653125544
MIR27A	4.605372425
MIR27B	1.219570846
MIR28	0
MIR2909	0.173535773
MIR297	0
MIR298	0
MIR299	0
MIR29B2CHG	0.494418889
MIR300	0
MIR301A	0
MIR301B	0
MIR302A	0
MIR302C	0
MIR302D	0
MIR302E	0
MIR3065	0.768970442
MIR3074	0
MIR30A	0
MIR30B	0
MIR30C1	0
MIR30C2	1.589464819
MIR30D	0
MIR30E	0
MIR31	0
MIR3115	0
MIR3116-1	0
MIR3117	0.107873588
MIR3118-1	0
MIR3118-2	0
MIR3118-3	0
MIR3118-4	0
MIR3119-2	0
MIR3121	0
MIR3122	0
MIR3123	0
MIR3124	0
MIR3125	0.307024828
MIR3126	0
MIR3127	0.107873588
MIR3128	0.181423762
MIR3129	0
MIR3130-2	0
MIR3131	1.330440923
MIR3132	0
MIR3133	0.307024828
MIR3134	0.323620765
MIR3135A	0
MIR3135B	0.176087769
MIR3136	0
MIR3137	0
MIR3138	1.022168026
MIR3139	0
MIR3140	0
MIR3141	0
MIR3142	0
MIR3142HG	0.291413396
MIR3143	0
MIR3144	0
MIR3145	1.606264041
MIR3146	0.303138438
MIR3147	0
MIR3148	0
MIR3149	0.320731294
MIR3150BHG	0.024893905
MIR3151	0
MIR3152	0
MIR3153	0.292048007
MIR3154	0
MIR3155A	0.584096015
MIR3156-1	0
MIR3156-2	0
MIR3156-3	0
MIR3157	0
MIR3158-1	0.147826769
MIR3159	0
MIR3160-1	0
MIR3161	0.155506082
MIR3162	0
MIR3163	0
MIR3164	0.144264678
MIR3165	0
MIR3166	0
MIR3167	0
MIR3168	0
MIR3169	0
MIR3170	0.155506082
MIR3171	0
MIR3173	0
MIR3174	0.412895459
MIR3176	0.931308646
MIR3177	0
MIR3178	0.570188967
MIR3179-2	0
MIR3179-3	0
MIR3179-4	0
MIR3180-1	0
MIR3180-2	0
MIR3180-3	0
MIR3180-4	0
MIR3180-5	0
MIR3181	0.164026963
MIR3182	0
MIR3183	0.285094483
MIR3185	0
MIR3186	0.281740431
MIR3187	0
MIR3188	0
MIR3189	0.328053926
MIR3190	0
MIR3192	0.213820863
MIR3193	0.217708515
MIR3194	0
MIR3195	0
MIR3196	0
MIR3197	0
MIR3198-1	0.149674604
MIR3199-1	0
MIR31HG	0.032144881
MIR32	0.17105669
MIR3200	0
MIR3201	0
MIR3202-1	0
MIR320A	0.292048007
MIR320B1	0
MIR320B2	0.173535773
MIR320C1	0
MIR320C2	0
MIR320D1	1.247288365
MIR320D2	0
MIR320E	1.817477332
MIR323A	0
MIR323B	0
MIR324	0.85528345
MIR325	0
MIR326	0
MIR328	0
MIR329-1	0
MIR329-2	0
MIR331	1.94172459
MIR335	0
MIR337	0
MIR339	0.539367942
MIR33A	0
MIR33B	0
MIR340	0
MIR342	0.120949175
MIR345	0
MIR346	0
MIR34AHG	0.212870548
MIR34B	1.197396831
MIR34C	6.319594383
MIR3591	0
MIR3609	0.149674604
MIR361	0
MIR3611	0
MIR3612	0
MIR3613	0
MIR3616	0.130151829
MIR3617	0.151569219
MIR3619	0
MIR362	0
MIR3621	0
MIR3622B	0
MIR3646	0
MIR3648-1	0
MIR3648-2	0
MIR3649	0.181423762
MIR3650	0
MIR3651	0
MIR3653	2.394793661
MIR3657	0.204683219
MIR3659	0
MIR365A	0
MIR3660	0
MIR3661	0
MIR3663	0
MIR3663HG	0
MIR3664	0
MIR3665	0
MIR3666	0
MIR3667	0
MIR3668	0
MIR367	0
MIR3670-1	0
MIR3670-2	0
MIR3670-3	0
MIR3670-4	0
MIR3671	1.088542573
MIR3672	0
MIR3675	0
MIR3677	15.36659266
MIR3678	0
MIR3679	0
MIR3680-1	0
MIR3680-2	0
MIR3681	0
MIR3681HG	0.012357036
MIR3682	5.986984153
MIR3683	0
MIR3684	0
MIR3685	4.828213026
MIR3686	0
MIR3687-1	0
MIR3687-2	0
MIR3688-1	0
MIR3689A	0
MIR3689B	0
MIR3689C	0
MIR3689D1	0
MIR3689D2	0
MIR3689E	0
MIR3689F	0
MIR369	0
MIR3690	0
MIR3691	0
MIR3692	0
MIR370	0
MIR3713	0
MIR371A	0
MIR372	0
MIR373	0.520607318
MIR374A	0
MIR374B	0.427641725
MIR375	0
MIR377	0
MIR378A	0.320731294
MIR378B	0
MIR378C	0
MIR378D1	0
MIR378E	0
MIR378F	0
MIR378G	0
MIR378H	1.154117427
MIR378J	0.988676282
MIR379	0
MIR380	0
MIR381	0
MIR381HG	0
MIR383	0
MIR3907	0
MIR3908	0
MIR3909	0.201243165
MIR3910-1	0
MIR3912	0
MIR3913-1	0
MIR3914-1	0
MIR3915	0
MIR3918	0
MIR3919	0
MIR3920	0
MIR3921	0
MIR3922	0
MIR3923	0
MIR3924	0
MIR3925	0
MIR3926-1	0.164026963
MIR3927	0
MIR3928	0
MIR3929	0
MIR3934	0
MIR3935	0
MIR3936	1.741668117
MIR3936HG	0.754397723
MIR3937	0
MIR3938	0
MIR3939	0
MIR3941	0
MIR3942	0
MIR3943	0
MIR3944	0.110870077
MIR3945	0.4887334
MIR3945HG	3.813211002
MIR3972	0
MIR3973	0
MIR3976	0
MIR3976HG	0
MIR3978	0
MIR409	0
MIR410	0
MIR411	0
MIR412	0
MIR421	1.389835607
MIR422A	0
MIR425	0.275263639
MIR4252	0
MIR4253	0
MIR4254	0
MIR4255	0
MIR4257	2.923875982
MIR4258	0.263164139
MIR4259	0.118554142
MIR4261	0.206447729
MIR4262	0
MIR4263	1.298382105
MIR4264	0
MIR4265	0
MIR4266	0
MIR4267	0
MIR4268	0
MIR4269	0.142547242
MIR4270	0
MIR4271	0
MIR4273	0
MIR4274	0
MIR4276	0
MIR4277	0
MIR4279	0
MIR4280	0
MIR4281	0
MIR4282	0
MIR4283-1	0
MIR4283-2	0
MIR4284	0
MIR4285	0.281740431
MIR4286	0
MIR4287	0
MIR4288	0
MIR4289	0
MIR429	1.298382105
MIR4290	0
MIR4290HG	0.039619748
MIR4291	0
MIR4292	3.753034842
MIR4293	0
MIR4294	0.157552215
MIR4295	0
MIR4296	0
MIR4297	0.157552215
MIR4298	0
MIR4299	0
MIR4300	0
MIR4300HG	0
MIR4301	0
MIR4303	0
MIR4304	0
MIR4305	0
MIR4306	0
MIR4307	0
MIR4307HG	0
MIR4308	0
MIR4309	0
MIR431	0
MIR4310	0
MIR4311	0.119739683
MIR4312	0.787761073
MIR4314	0.130151829
MIR4316	0
MIR4318	0
MIR4319	0
MIR432	0
MIR4322	1.312215705
MIR4323	0
MIR4324	0.498915346
MIR4325	0
MIR4326	0.405897231
MIR4327	0
MIR433	0
MIR4330	0
MIR4417	0
MIR4418	0
MIR4419A	0.155506082
MIR4419B	0
MIR4420	0.933036491
MIR4421	0.173535773
MIR4422	0
MIR4422HG	0
MIR4423	0.149674604
MIR4424	0
MIR4425	0
MIR4427	0
MIR4428	0
MIR4429	0
MIR4431	0
MIR4432	0
MIR4432HG	0
MIR4433B	0
MIR4435-1	0
MIR4435-2	0
MIR4435-2HG	1.760877692
MIR4436A	0
MIR4436B1	0
MIR4436B2	0
MIR4437	0
MIR4438	0
MIR4439	0
MIR4440	0
MIR4441	0
MIR4443	0
MIR4444-2	0
MIR4445	0
MIR4446	0
MIR4447	0
MIR4448	0
MIR4449	0
MIR4450	0
MIR4451	0.221740154
MIR4452	0.168647441
MIR4453HG	0.902038946
MIR4455	0
MIR4456	0
MIR4457	0
MIR4458HG	1.299778537
MIR4459	0
MIR4460	0
MIR4461	0
MIR4462	0
MIR4463	0
MIR4464	0
MIR4465	0
MIR4466	0
MIR4470	0.166305115
MIR4471	0
MIR4472-1	0
MIR4472-2	0
MIR4473	0
MIR4474	0
MIR4475	0
MIR4476	0
MIR4477A	0
MIR4477B	1.034787384
MIR4478	0
MIR4479	0
MIR448	0
MIR4480	0
MIR4482	0
MIR4484	0
MIR4486	0.190062989
MIR4487	0
MIR4488	0
MIR4489	0.193128521
MIR4490	0
MIR4491	0
MIR4492	0
MIR4493	0
MIR4494	0
MIR4495	0
MIR4497	0
MIR4498	0
MIR4499	0.347071545
MIR449A	0
MIR449B	0
MIR449C	0
MIR4500	0
MIR4500HG	0.021950446
MIR4502	0.147826769
MIR4503	0
MIR4504	0.105964321
MIR4505	0
MIR4506	0.155506082
MIR4507	0
MIR4508	0
MIR4509-1	0
MIR4509-2	0
MIR4509-3	0
MIR450A1	0
MIR450A2	0
MIR450B	0
MIR4510	0
MIR4511	0.275263639
MIR4512	0.311012164
MIR4513	0.556928758
MIR4514	0.420139239
MIR4515	0
MIR4516	0
MIR4518	0.288529357
MIR4519	0
MIR4520-1	0.51317007
MIR4522	0
MIR4524B	0.312364391
MIR4525	0
MIR4526	0
MIR4527	0
MIR4527HG	0
MIR4528	0
MIR4529	0
MIR4530	0.427641725
MIR4532	0
MIR4533	0
MIR4535	0
MIR4536-2	0
MIR4537	0
MIR4538	0
MIR4539	0
MIR454	0
MIR4540	0
MIR455	0
MIR4632	0
MIR4633	0
MIR4634	0
MIR4635	6.972184077
MIR4636	0
MIR4637	0
MIR4638	0
MIR4639	0.173535773
MIR4641	0.181423762
MIR4642	0
MIR4643	0
MIR4644	0
MIR4645	3.26562772
MIR4646	0
MIR4648	0.332610231
MIR4650-1	0
MIR4650-2	0
MIR4652	0
MIR4653	0.577058714
MIR4654	0
MIR4655	0
MIR4656	0
MIR4659A	0
MIR466	0
MIR4660	0
MIR4661	0
MIR4662B	0
MIR4663	0
MIR4664	4.553480905
MIR4665	0
MIR4666A	0
MIR4666B	0
MIR4667	0
MIR4668	0.34211338
MIR4669	0.193128521
MIR4670	0
MIR4671	0
MIR4672	0
MIR4673	0
MIR4674	0
MIR4675	0
MIR4676	0
MIR4677	0.299349208
MIR4679-2	0
MIR4681	0.166305115
MIR4682	0.149674604
MIR4684	0
MIR4685	0.69414309
MIR4686	0
MIR4688	0
MIR4689	0.17105669
MIR4690	0
MIR4692	0.190062989
MIR4693	0
MIR4694	0.149674604
MIR4695	0
MIR4696	0
MIR4697HG	0.649246926
MIR4698	0
MIR4699	0
MIR4701	0.950314945
MIR4703	0
MIR4704	0
MIR4705	0
MIR4706	0
MIR4708	0
MIR4710	0
MIR4711	0
MIR4713	0
MIR4713HG	0.064031916
MIR4714	0
MIR4715	0.606276876
MIR4716	0
MIR4717	2.993492076
MIR4718	0
MIR4719	0
MIR4725	0
MIR4726	0
MIR4727	0
MIR4728	0.178715945
MIR4729	0
MIR4730	0.315104429
MIR4731	0.68422676
MIR4733	0
MIR4734	0
MIR4735	0
MIR4736	0
MIR4737	0.886960615
MIR4739	0
MIR4740	1.520503912
MIR4742	0.140870215
MIR4743	0
MIR4744	0.146024004
MIR4746	0
MIR4747	0
MIR4748	0.146024004
MIR4749	0
MIR4752	0
MIR4753	0
MIR4754	0.269077939
MIR4755	0
MIR4756	0
MIR4757	0
MIR4759	0
MIR4760	0
MIR4762	0.159652911
MIR4764	0
MIR4765	0
MIR4766	0
MIR4767	0
MIR4768	0.485431148
MIR4769	0.155506082
MIR4770	0
MIR4771-1	0
MIR4771-2	0
MIR4772	0
MIR4773-1	0
MIR4774	0
MIR4776-1	0
MIR4777	0.556928758
MIR4778	0
MIR4779	0
MIR4780	0
MIR4782	0.332610231
MIR4783	0.146024004
MIR4786	0.449023811
MIR4787	0
MIR4789	0
MIR4790	0
MIR4791	0
MIR4792	0
MIR4794	0
MIR4795	0
MIR4796	0
MIR4797	0.168647441
MIR4798	0
MIR4799	0
MIR4801	0
MIR4802	0
MIR4803	0
MIR4804	0
MIR483	0.213820863
MIR485	0
MIR486-1	0
MIR487A	0
MIR487B	0
MIR488	0
MIR489	0
MIR490	0
MIR491	0.544271287
MIR493	0
MIR494	0
MIR495	0
MIR496	0
MIR497HG	0.567220779
MIR498	0
MIR4999	0
MIR499A	0.294441844
MIR5000	0
MIR5002	0
MIR5003	0.120949175
MIR5007	0
MIR5008	0.127382642
MIR5009	0.239479366
MIR500A	0
MIR500B	0
MIR501	0
MIR5011	0
MIR502	0
MIR503	0
MIR503HG	0.299706
MIR504	0
MIR505	0
MIR506	0
MIR507	0
MIR508	0
MIR5088	0
MIR5089	0
MIR5091	0.128752347
MIR509-1	0
MIR5092	0.136067822
MIR509-2	0
MIR5093	0
MIR509-3	0
MIR5094	0.140870215
MIR5095	0
MIR5096	0
MIR510	0
MIR5100	0
MIR511	0
MIR512-1	0
MIR512-2	0
MIR513A1	0
MIR513A2	0
MIR513B	0
MIR513C	0
MIR514A1	0
MIR514A2	0
MIR514A3	0
MIR514B	0
MIR515-1	0
MIR515-2	0
MIR516A1	0
MIR516A2	0
MIR516B1	0
MIR516B2	0
MIR517A	0
MIR517B	0
MIR517C	0
MIR5186	0
MIR5188	0.211928643
MIR5189	0.210069619
MIR518A1	0
MIR518A2	0
MIR518B	0
MIR518E	0
MIR518F	0
MIR5190	0.449023811
MIR5191	0
MIR5192	0.130151829
MIR5194	0.099783069
MIR5195	0.104121464
MIR5197	0
MIR519A1	0
MIR519B	0
MIR519C	0
MIR519D	0
MIR519E	0
MIR520A	0
MIR520B	0
MIR520C	0
MIR520D	0
MIR520E	0
MIR520G	0
MIR520H	0
MIR521-1	0
MIR521-2	0
MIR525	0
MIR526A1	0
MIR526A2	0
MIR526B	0
MIR527	0
MIR532	0
MIR539	0
MIR541	0
MIR542	0
MIR543	0
MIR544A	0
MIR544B	0.153512414
MIR545	0
MIR548A1	0
MIR548A2	0
MIR548A3	0
MIR548AA1	0.123442972
MIR548AA2	0.740657833
MIR548AB	0
MIR548AC	0
MIR548AD	0
MIR548AE1	0
MIR548AE2	0
MIR548AG1	0
MIR548AG2	0
MIR548AI	0
MIR548AJ1	0
MIR548AJ2	0
MIR548AK	0
MIR548AL	0
MIR548AM	0
MIR548AN	1.154117427
MIR548AO	0
MIR548AP	0
MIR548AQ	0
MIR548AR	1.050348097
MIR548AS	0
MIR548AT	0.825790918
MIR548AV	0
MIR548AW	0
MIR548AX	0
MIR548AY	0
MIR548AZ	0
MIR548B	0
MIR548BA	0
MIR548BB	0
MIR548C	0
MIR548D2	0
MIR548E	0.136067822
MIR548F1	0
MIR548F2	0
MIR548F3	0
MIR548F4	0
MIR548F5	0
MIR548G	0
MIR548H1	0.117391846
MIR548H2	0
MIR548H3	0
MIR548H4	0
MIR548H5	0
MIR548I1	0
MIR548I2	0
MIR548I3	0
MIR548I4	0
MIR548J	0.106910431
MIR548K	0
MIR548L	0
MIR548M	0
MIR548N	0.319305821
MIR548O	0.315104429
MIR548O2	0
MIR548P	0
MIR548Q	0
MIR548S	0
MIR548T	0
MIR548U	0
MIR548V	0.598698415
MIR548W	0
MIR548X	0
MIR548X2	0
MIR548XHG	0
MIR548Y	0
MIR548Z	0
MIR549A	0.124728837
MIR550A1	0.123442972
MIR550A2	0
MIR550A3	0.126041772
MIR551A	0
MIR551B	0
MIR552	0
MIR553	0.352175538
MIR554	0
MIR556	0
MIR557	0
MIR5571	0
MIR5579	0
MIR558	0
MIR5580	0.412895459
MIR5581	3.193058215
MIR5582	0.352175538
MIR5583-1	0
MIR5584	0
MIR5585	0
MIR5586	0
MIR5587	2.259239303
MIR5588	0
MIR5589	0
MIR559	0.623644183
MIR5590	0
MIR5591	0
MIR561	0
MIR562	0
MIR563	0
MIR566	0
MIR567	0
MIR5680	0
MIR5681A	0
MIR5682	0
MIR5684	0.184214897
MIR5685	1.970399848
MIR5687	0
MIR5688	0
MIR5689	0
MIR5689HG	0
MIR569	0
MIR5690	0.656107852
MIR5691	0
MIR5692A1	0.173535773
MIR5692A2	0
MIR5692B	0
MIR5692C1	0
MIR5692C2	0
MIR5693	0
MIR5694	0
MIR5695	0.281740431
MIR5696	0
MIR5697	0
MIR5698	0
MIR5699	0
MIR570	9.99888075
MIR5700	0
MIR5701-1	0
MIR5701-2	0
MIR5701-3	0
MIR5702	0
MIR5704	0
MIR5705	0
MIR5706	0
MIR5707	0.147826769
MIR5708	0
MIR571	0.37418651
MIR572	0
MIR573	3.144678545
MIR5739	0
MIR574	0
MIR575	0
MIR576	0.12218335
MIR577	0
MIR578	0
MIR5787	0
MIR579	0.4887334
MIR580	0
MIR581	0
MIR582	0
MIR583	0
MIR583HG	0.187093255
MIR584	0
MIR585	0
MIR586	0
MIR587	0
MIR588	0
MIR589	1.088542573
MIR590	2.715745389
MIR591	0.126041772
MIR592	0
MIR593	0
MIR595	0
MIR596	0.155506082
MIR597	0
MIR598	0.320731294
MIR599	0
MIR600HG	1.236616379
MIR601	0.151569219
MIR602	0
MIR603	0
MIR604	0.127382642
MIR605	0
MIR606	0
MIR6068	0
MIR6069	0
MIR607	0
MIR6070	0
MIR6071	1.535124142
MIR6072	0
MIR6074	0
MIR6075	0.126041772
MIR6076	0
MIR6077	0
MIR6078	0
MIR608	0
MIR6080	0
MIR6081	0
MIR6082	0
MIR6083	0
MIR6085	0
MIR6087	0
MIR6088	1.643485846
MIR6089	0
MIR609	0.126041772
MIR6090	0
MIR610	0
MIR6124	1.126961723
MIR6126	0
MIR6127	0
MIR6128	0
MIR6129	0
MIR613	0
MIR6130	0
MIR6131	0.21970584
MIR6133	0
MIR6134	0
MIR615	0
MIR616	0.370328917
MIR6165	0
MIR617	0
MIR618	0
MIR619	0.120949175
MIR620	0
MIR621	3.492407422
MIR623	0
MIR624	0
MIR625	0
MIR626	0
MIR627	0
MIR629	0
MIR633	0
MIR634	0
MIR635	6.597900903
MIR638	0
MIR640	0
MIR641	0.846644224
MIR642A	0
MIR643	0.370328917
MIR644A	0.127382642
MIR645	1.019061132
MIR646	0
MIR646HG	0.039625747
MIR647	4.490238115
MIR648	0.127382642
MIR649	0
MIR6499	0
MIR6500	0.278464379
MIR6503	0.278464379
MIR6504	0
MIR6505	0.168647441
MIR6507	0
MIR6508	0
MIR6509	0.140870215
MIR651	0
MIR6511A1	0
MIR6511A2	0
MIR6511A3	0
MIR6511A4	0
MIR6512	0.311012164
MIR6514	0.51317007
MIR6515	0
MIR652	0
MIR653	0
MIR654	0
MIR655	0
MIR656	0
MIR657	0.4887334
MIR659	0.493771889
MIR660	0
MIR661	0.538155879
MIR662	0
MIR663AHG	0.173271438
MIR663B	0
MIR664A	0
MIR668	0
MIR670	0
MIR670HG	0
MIR6715A	0
MIR6718	0
MIR6719	0.275263639
MIR6720	0
MIR6722	0
MIR6723	0
MIR6724-1	0
MIR6724-2	0
MIR6724-3	0
MIR6724-4	0
MIR6726	0
MIR6728	0.538155879
MIR6729	0
MIR6730	0.893579724
MIR6731	0
MIR6735	0
MIR6736	0
MIR6737	0
MIR6738	0.187093255
MIR6739	1.117570375
MIR6740	0.211928643
MIR6744	0
MIR6745	0.094283215
MIR6746	0.570188967
MIR6747	0
MIR6749	0
MIR6750	0
MIR6752	0
MIR6753	0.584096015
MIR6754	0
MIR6757	0.867678863
MIR676	0
MIR6760	0
MIR6761	0
MIR6762	0
MIR6763	0.736859588
MIR6765	0
MIR6766	0
MIR6768	0
MIR6769A	1.312215705
MIR6769B	0
MIR6770-1	0
MIR6770-2	0
MIR6770-3	0
MIR6771	0
MIR6772	4.677331369
MIR6774	1.539510211
MIR6775	0
MIR6776	0
MIR6777	0
MIR6779	0
MIR6780A	0
MIR6780B	0
MIR6781	0
MIR6782	0
MIR6783	0
MIR6784	0
MIR6786	0
MIR6788	0
MIR6790	0
MIR6792	0
MIR6793	1.140377934
MIR6794	0
MIR6795	0
MIR6796	0
MIR6797	0.166305115
MIR6798	0
MIR6799	0
MIR6801	0.151569219
MIR6802	0
MIR6803	0
MIR6804	0
MIR6806	0
MIR6807	0
MIR6809	0.206447729
MIR6810	0.17105669
MIR6811	0
MIR6812	0
MIR6813	0.213820863
MIR6814	0
MIR6815	0
MIR6816	0
MIR6817	0
MIR6818	0
MIR6819	0.981472812
MIR6821	0
MIR6823	0
MIR6825	0
MIR6826	0
MIR6827	0.202948615
MIR6829	0
MIR6832	0
MIR6833	0
MIR6835	0.187093255
MIR6839	0
MIR6842	0
MIR6846	0
MIR6851	0.178715945
MIR6853	0
MIR6854	0.173535773
MIR6855	0
MIR6856	0
MIR6857	0
MIR6858	0
MIR6859-1	0.528263308
MIR6859-2	0.352175538
MIR6859-3	0
MIR6859-4	0.176087769
MIR6862-1	0
MIR6862-2	0
MIR6864	0.51317007
MIR6865	0
MIR6867	0
MIR6868	0
MIR6870	0
MIR6871	0.213820863
MIR6876	0.164026963
MIR6877	0
MIR6879	0
MIR6880	0.193128521
MIR6881	0
MIR6882	0
MIR6885	0
MIR6888	0
MIR6889	0
MIR6891	0
MIR6892	0
MIR6893	0
MIR6894	0
MIR6895	0.307024828
MIR708	0
MIR7106	0
MIR7111	0.831525577
MIR7150	0
MIR7151	0
MIR7152	0.443480308
MIR7154	0
MIR7155	0
MIR7156	0
MIR7158	0.168647441
MIR7159	0
MIR7160	0
MIR7161	0
MIR7-2	0
MIR7-3	0
MIR7-3HG	0.021305993
MIR744	0.12218335
MIR7515HG	0.003359228
MIR758	0
MIR759	0
MIR760	0
MIR762	0
MIR762HG	0.455208712
MIR764	0
MIR7641-1	0
MIR7641-2	0
MIR765	0.315104429
MIR766	0.106910431
MIR767	0
MIR769	0
MIR770	0
MIR7702	0
MIR7843	0
MIR7845	0
MIR7848	1.659757983
MIR7849	0.112961965
MIR7850	0
MIR7851	0
MIR7852	0
MIR7853	0.090711881
MIR7854	0
MIR7856	1.069104313
MIR7973-1	0
MIR7974	0.151569219
MIR7975	0
MIR7976	0.181423762
MIR802	0
MIR8052	0
MIR8053	0
MIR8054	0
MIR8055	0.370328917
MIR8056	0
MIR8057	0.173535773
MIR8058	0
MIR8059	0
MIR8060	0
MIR8061	0
MIR8062	0
MIR8063	0
MIR8064	0.133044092
MIR8065	0
MIR8066	0.153512414
MIR8067	0
MIR8068	0
MIR8069-2	0
MIR8070	0
MIR8071-1	0
MIR8071-2	0.184214897
MIR8073	0
MIR8074	0
MIR8075	0
MIR8076	0
MIR8077	0
MIR8078	0.142547242
MIR8079	0
MIR8080	0
MIR8081	0
MIR8082	0
MIR8083	0.672694849
MIR8084	0
MIR8086	0
MIR8087	0
MIR8088	0.13923219
MIR8089	0.146024004
MIR8485	0
MIR873	0
MIR874	0
MIR875	0
MIR876	0
MIR877	0
MIR885	0
MIR887	0
MIR888	0
MIR889	0
MIR890	0
MIR891A	0
MIR891B	0
MIR892A	0
MIR892B	0
MIR892C	0
MIR9-1	0
MIR920	0.159652911
MIR921	0
MIR93	0.449023811
MIR933	0
MIR934	0
MIR938	0.144264678
MIR9-3HG	0.029667093
MIR941-2	0
MIR941-4	0
MIR941-5	0
MIR942	0
MIR944	0
MIR95	0.147826769
MIR96	0
MIR98	0.100621582
MIR99A	0
MIR99AHG	0.937812164
MIR99B	0
MIRLET7A1	0.780910976
MIRLET7A2	0
MIRLET7BHG	0.493340873
MIRLET7C	0.127382642
MIRLET7D	3.877284975
MIRLET7DHG	0.145249047
MIRLET7E	0
MIRLET7F1	0.108854257
MIRLET7F2	0
MIRLET7G	0
MIRLET7I	0.110870077
MIS12	5.510983829
MIS18A	3.002178937
MIS18A-AS1	0.06228332
MIS18BP1	3.793353159
MISP	22.05115026
MISP3	4.211744162
MITD1	2.603399381
MITF	4.353110958
MIXL1	0.141633928
MKI67	0.504875684
MKI67P1	0
MKKS	4.293269522
MKL1	10.16390766
MKL2	7.235807364
MKLN1	3.25058186
MKLN1-AS	0.542467072
MKNK1	6.36237622
MKNK1-AS1	0.190995813
MKNK2	40.94679757
MKNK2P1	0
MKRN1	16.69908512
MKRN2	11.02378683
MKRN2OS	0.41899069
MKRN3	0.031339997
MKRN3-AS1	0.021155421
MKRN4P	0.031489726
MKRN5P	0.040811071
MKRN7P	0.078325222
MKRN9P	0
MKS1	3.896384488
MKX	0.387856255
MKX-AS1	0
MLANA	0.167006369
MLC1	0.426347952
MLEC	26.42893287
MLECP1	0
MLF1	13.05763089
MLF2	35.35820051
MLH1	10.52298913
MLH3	2.146236816
MLIP	0.021343972
MLIP-AS1	0
MLIP-IT1	0.111732208
MLKL	6.136343209
MLLT1	19.90356462
MLLT10	5.491859514
MLLT10P1	0.182808676
MLLT10P2	0
MLLT11	1.263510766
MLLT3	2.560063589
MLLT6	13.14483625
MLN	0.021155421
MLNR	0.048321099
MLPH	30.14526995
MLST8	5.891425072
MLX	12.5840531
MLXIP	10.53674766
MLXIPL	0.579425673
MLYCD	0.866873518
MMAA	1.247775778
MMAB	4.55543818
MMACHC	0.739329236
MMADHC	30.00869921
MMD	6.120782036
MMD2	0
MME	9.124860878
MME-AS1	0.086767886
MMEL1	0.25854302
MMGT1	12.32312897
MMP1	0.632128276
MMP10	0.531268218
MMP11	0.372451487
MMP12	1.067050537
MMP13	0.169004493
MMP14	47.10190041
MMP15	11.5891972
MMP16	0.063254971
MMP17	0.664057198
MMP19	46.64773055
MMP2	103.6853903
MMP20	0
MMP21	0.068636608
MMP23A	0.047095254
MMP23B	0.18530091
MMP24	6.461711034
MMP24OS	8.200976024
MMP25	0.623946482
MMP25-AS1	0.820960946
MMP26	0
MMP27	0
MMP28	16.18035885
MMP2-AS1	0.735035678
MMP3	0.011693328
MMP7	2.592727532
MMP8	0.052242445
MMP9	16.77175698
MMRN1	8.551282265
MMRN2	20.10477318
MMS19	9.961588267
MMS22L	0.347246729
MN1	0.591460803
MNAT1	3.637112236
MND1	0.276991996
MNDA	24.91911325
MNS1	3.486031507
MNT	2.699904861
MNX1	0.002849588
MNX1-AS1	0.023004742
MNX1-AS2	0
MOAP1	18.17098068
MOB1A	23.67275846
MOB1AP1	0
MOB1AP2	0
MOB1B	4.955026993
MOB2	7.426086585
MOB3A	16.51651497
MOB3B	5.587401324
MOB3C	6.737887169
MOB4	7.115814964
MOBP	0.105000696
MOCOS	1.519384292
MOCS1	5.966155835
MOCS1P1	0.00742802
MOCS2	5.574569604
MOCS3	1.573547343
MOG	0.003746548
MOGAT1	0.50272386
MOGAT2	0.014464808
MOGAT3	0
MOGS	17.33892813
MOK	1.432438574
MON1A	1.952507188
MON1B	8.774355628
MON2	3.296692036
MORC1	0.003181182
MORC1-AS1	0
MORC2	4.781551102
MORC2-AS1	0.057759402
MORC3	6.32146298
MORC4	3.72765157
MORF4	0.08632109
MORF4L1	40.37395146
MORF4L1P1	9.807014372
MORF4L1P3	0.037812531
MORF4L1P4	0.01226841
MORF4L1P5	0
MORF4L1P6	0
MORF4L1P7	0.017032672
MORF4L2	61.97252101
MORF4L2-AS1	0.13202362
MORF4L2P1	0.013955674
MORN1	0.828048968
MORN2	13.54533218
MORN3	2.173697566
MORN4	2.130718086
MORN5	12.60853345
MOS	0
MOSMO	2.943616841
MOSPD1	4.189769844
MOSPD2	5.489480166
MOSPD3	7.915583915
MOV10	6.997845358
MOV10L1	0.069697138
MOXD1	5.522096473
MOXD2P	0
MPC1	20.59429607
MPC1L	0.040589723
MPC2	12.96397901
MPDU1	17.67481653
MPDZ	4.773442168
MPEG1	18.7696401
MPG	11.09448358
MPHOSPH10	6.77235143
MPHOSPH6	8.879326269
MPHOSPH8	13.84146795
MPHOSPH9	0.86341794
MPI	2.700399893
MPIG6B	0.179385293
MPL	0.208193998
MPLKIP	2.158062624
MPND	9.578005882
MPO	0.101877212
MPP1	9.311113975
MPP2	0.505280311
MPP3	2.604891346
MPP4	0.024317564
MPP5	5.789084299
MPP6	0.500992163
MPP7	7.461644268
MPPE1	2.981722121
MPPE1P1	0
MPPED1	0.016456235
MPPED2	0.075960272
MPRIP	14.93753373
MPRIP-AS1	0.056587752
MPRIPP1	0.197916831
MPST	5.687634945
MPTX1	0.058985066
MPV17	7.052401244
MPV17L	0.532043524
MPV17L2	4.531600183
MPZ	0.478069301
MPZL1	14.21834629
MPZL2	24.64828654
MPZL3	9.762043213
MR1	7.443381453
MRAP	0.026687894
MRAP2	1.045567135
MRAS	5.555244054
MRC1	129.9698472
MRC2	37.29734034
MRE11	3.09899817
MRE11P1	0
MREG	7.417121074
MREGP1	0
MRFAP1	104.2569587
MRFAP1L1	26.59539199
MRGBP	3.336866392
MRGPRD	0
MRGPRE	0.050989219
MRGPRF	3.139569257
MRGPRF-AS1	0.050428505
MRGPRG	0.013763182
MRGPRG-AS1	0
MRGPRX1	0
MRGPRX2	0.011762248
MRGPRX3	0.006877638
MRGPRX4	0
MRI1	4.171486643
MRLN	0.101784838
MRM1	1.85702901
MRM2	7.770654774
MRM3	5.131700702
MRNIP	1.966064711
MRO	0.071518725
MROH1	4.625731863
MROH2A	0.010448489
MROH2B	0.025581198
MROH3P	0.004561512
MROH4P	0
MROH5	0.110590807
MROH6	2.173133994
MROH7	0.081688604
MROH7-TTC4	0.013510825
MROH8	0.515640203
MROH9	0.768884417
MRPL1	6.957596612
MRPL10	10.40574236
MRPL11	9.87534054
MRPL12	8.013706415
MRPL13	4.583051304
MRPL14	70.4204184
MRPL15	20.49951417
MRPL15P1	0
MRPL16	11.91597022
MRPL17	10.8954694
MRPL18	21.65764304
MRPL19	5.86857173
MRPL2	7.078742192
MRPL20	18.52357436
MRPL20P1	0.082960519
MRPL21	5.794129088
MRPL22	2.971326481
MRPL22P1	0
MRPL23	6.785919517
MRPL23-AS1	0.038296274
MRPL24	18.28944185
MRPL27	7.883752505
MRPL28	15.17665617
MRPL2P1	0
MRPL3	14.92445994
MRPL30	5.65230802
MRPL30P1	0
MRPL32	7.609941374
MRPL32P1	0
MRPL33	19.13189608
MRPL34	15.2408873
MRPL35	5.644558055
MRPL35P1	0
MRPL35P2	0.328053926
MRPL35P3	0.065791035
MRPL35P4	0
MRPL36	6.648386993
MRPL37	14.13952319
MRPL37P1	0.026867543
MRPL38	1.287945267
MRPL39	12.22363403
MRPL3P1	0
MRPL4	6.996092538
MRPL40	11.23663998
MRPL40P1	0.23789341
MRPL41	13.96646699
MRPL42	2.516337511
MRPL42P2	0.112431627
MRPL42P3	0
MRPL42P4	0
MRPL42P6	0
MRPL43	11.06578319
MRPL44	10.49434751
MRPL45	13.91227637
MRPL45P1	0
MRPL45P2	0.639220424
MRPL46	1.304998722
MRPL47	16.32654949
MRPL48	3.666447659
MRPL48P1	0
MRPL49	17.03957892
MRPL49P1	0
MRPL49P2	0
MRPL50	6.364315087
MRPL50P1	0
MRPL50P2	0.198738063
MRPL50P4	0
MRPL51	30.60271461
MRPL51P2	0
MRPL52	6.31679934
MRPL53	1.211651555
MRPL53P1	0.075071902
MRPL54	28.1143523
MRPL55	10.76768306
MRPL57	13.24280377
MRPL57P1	0
MRPL57P3	0
MRPL57P6	0
MRPL57P7	0
MRPL58	11.98477514
MRPL9	14.78243217
MRPL9P1	0.01953339
MRPS10	15.86692672
MRPS10P1	0
MRPS10P2	0
MRPS11	2.986573784
MRPS11P1	0
MRPS12	5.875286687
MRPS14	8.641198407
MRPS15	13.86697221
MRPS15P1	0
MRPS16	15.75815371
MRPS16P1	0
MRPS16P2	0
MRPS16P3	0
MRPS17	3.377557526
MRPS17P1	0.007651098
MRPS17P3	0
MRPS17P5	0
MRPS17P9	0
MRPS18A	9.474728815
MRPS18AP1	0.365927724
MRPS18B	24.77875751
MRPS18BP1	0
MRPS18BP2	0
MRPS18C	2.042415473
MRPS18CP4	0.051835361
MRPS18CP6	0.214779701
MRPS2	10.05929967
MRPS21	27.20958428
MRPS21P1	0
MRPS21P2	0.045355941
MRPS21P3	0
MRPS21P5	0
MRPS21P6	0.045877273
MRPS21P7	0
MRPS21P8	0
MRPS21P9	0.139773949
MRPS22	4.803381191
MRPS23	4.803477801
MRPS24	1.929215712
MRPS25	5.614396434
MRPS26	18.56124457
MRPS27	6.535936624
MRPS28	5.324692565
MRPS30	3.594893419
MRPS30-DT	0.514485296
MRPS31	7.830434076
MRPS31P1	0
MRPS31P2	0
MRPS31P4	1.221344767
MRPS31P5	0.160765905
MRPS33	3.242665305
MRPS33P2	0
MRPS33P3	0
MRPS33P4	0
MRPS34	26.85137833
MRPS35	19.82148568
MRPS35P2	0
MRPS35P3	0
MRPS36	12.17744751
MRPS36P1	0
MRPS36P2	0
MRPS36P3	0
MRPS36P4	0
MRPS36P5	0
MRPS5	6.146482614
MRPS5P3	0
MRPS5P4	0
MRPS6	6.576073312
MRPS6P2	0
MRPS6P4	0
MRPS7	13.14831056
MRPS9	9.960590867
MRRF	2.804517891
MRRFP1	0.014297276
MRS2	5.547262153
MRTO4	9.966992045
MRVI1	2.942175069
MRVI1-AS1	0.213363655
MS4A1	0.06881591
MS4A10	0.020860572
MS4A12	0
MS4A13	0
MS4A14	2.388217842
MS4A15	31.75420023
MS4A18	0.033423498
MS4A2	2.890639104
MS4A3	0.011430996
MS4A4A	23.7426413
MS4A4E	0.407330116
MS4A5	0.013348906
MS4A6A	12.7596889
MS4A6E	0.079297803
MS4A7	67.0657889
MS4A8	16.23879635
MSANTD1	0.068169024
MSANTD2	2.693790278
MSANTD2P1	0
MSANTD3	4.74099944
MSANTD3-TMEFF1	0.028936608
MSANTD4	3.314244313
MSC	3.247081798
MSC-AS1	0.287725846
MSGN1	0.019759024
MSH2	4.306104156
MSH3	3.320875474
MSH4	0.051327482
MSH5	0.326527849
MSH5-SAPCD1	0.086767886
MSH6	4.376549136
MSI1	0.189878462
MSI2	1.649563398
MSL1	10.33740187
MSL2	7.426445505
MSL3	4.643230628
MSL3P1	0.063076216
MSLN	54.55361714
MSLNL	0.198210851
MSMB	11.8279443
MSMO1	39.62340134
MSMP	0
MSN	195.0306963
MSNP1	0.214314675
MSR1	21.48784712
MSRA	4.747008098
MSRB1	8.893044611
MSRB1P1	0
MSRB2	10.47430463
MSRB3	13.52886801
MSS51	0.617724324
MST1	0.838460408
MST1L	1.021716987
MST1P2	0.799658294
MST1R	4.901757779
MSTN	0.106076969
MSTO1	1.718696972
MSTO2P	1.036949859
MSX1	1.683133281
MSX2	0.284843299
MSX2P1	0.077451283
MT1A	15.89845074
MT1B	0
MT1CP	0.06881591
MT1DP	0.87767307
MT1E	42.7739286
MT1F	3.074311608
MT1G	4.981170815
MT1H	0.231861074
MT1HL1	0.113676914
MT1JP	0.502404265
MT1L	7.225168223
MT1M	29.08326909
MT1P1	0.327157604
MT1P3	0.135299077
MT1X	43.74921979
MT1XP1	0.708137911
MT2A	214.9783594
MT2P1	2.420966269
MT3	0.241174103
MT4	0
MTA1	6.062616453
MTA2	22.25473382
MTA3	2.571347447
MTAP	1.609690615
MTAPP1	0.160822529
MTAPP2	0.37418651
MT-ATP6	2372.973258
MTATP6P1	296.6238551
MTATP6P11	0.035743189
MTATP6P13	0
MTATP6P14	0.017791929
MTATP6P15	0
MTATP6P16	0.091056793
MTATP6P17	0
MTATP6P18	0
MTATP6P19	0
MTATP6P2	0
MTATP6P20	0.021305993
MTATP6P21	0
MTATP6P22	0
MTATP6P23	0
MTATP6P24	0
MTATP6P25	0
MTATP6P26	0.090437827
MTATP6P27	0.115690515
MTATP6P29	0
MTATP6P3	0
MTATP6P30	0
MTATP6P31	0
MTATP6P4	0
MTATP6P7	0
MTATP6P9	0
MT-ATP8	1145.972397
MTATP8P1	1.099059893
MTATP8P2	0.414939496
MTBP	0.336525172
MTCH1	65.15968485
MTCH2	17.01650932
MTCL1	0.60886187
MTCL1P1	0
MT-CO1	4691.621314
MTCO1P1	0
MTCO1P11	0.0235091
MTCO1P12	36.98505051
MTCO1P14	0.007680544
MTCO1P15	0
MTCO1P17	0
MTCO1P18	0
MTCO1P19	0.023947937
MTCO1P2	0.136261375
MTCO1P20	0
MTCO1P21	0
MTCO1P22	0.105652662
MTCO1P23	0
MTCO1P24	0.007685474
MTCO1P25	0.013311805
MTCO1P27	0.105964321
MTCO1P28	0.039181833
MTCO1P29	0
MTCO1P3	0
MTCO1P30	0.061934319
MTCO1P31	0.024337334
MTCO1P35	0
MTCO1P39	0
MTCO1P4	0
MTCO1P40	1.206976005
MTCO1P42	0
MTCO1P43	0
MTCO1P44	0
MTCO1P45	0
MTCO1P46	0
MTCO1P47	0
MTCO1P48	0
MTCO1P49	0
MTCO1P5	0.034808047
MTCO1P51	0
MTCO1P52	0
MTCO1P53	0.154171266
MTCO1P54	0
MTCO1P55	0
MTCO1P56	0
MTCO1P57	0
MTCO1P6	0
MTCO1P7	0
MTCO1P8	0
MTCO1P9	0
MT-CO2	3371.092217
MTCO2P1	0
MTCO2P11	0.105652662
MTCO2P12	1.597699583
MTCO2P15	0
MTCO2P16	0.088434035
MTCO2P17	0
MTCO2P18	0
MTCO2P19	0
MTCO2P2	0.585394006
MTCO2P20	0.035583858
MTCO2P21	0
MTCO2P22	0.052748759
MTCO2P23	0
MTCO2P24	0
MTCO2P25	0
MTCO2P27	0.027976561
MTCO2P29	0
MTCO2P3	0
MTCO2P30	0.032895517
MTCO2P31	0
MTCO2P32	0
MTCO2P33	0.025750469
MTCO2P34	0
MTCO2P4	0
MTCO2P5	0
MTCO2P6	0
MTCO2P7	0
MTCO2P8	0
MTCO2P9	0
MT-CO3	4030.233075
MTCO3P1	0
MTCO3P10	0
MTCO3P11	0.077351216
MTCO3P12	2.320366801
MTCO3P13	0.030663171
MTCO3P15	0
MTCO3P16	0.015880595
MTCO3P17	0
MTCO3P18	0
MTCO3P19	0
MTCO3P2	0
MTCO3P20	0
MTCO3P21	0
MTCO3P22	0.015272919
MTCO3P23	0.041432416
MTCO3P24	0.01531198
MTCO3P27	0
MTCO3P28	0
MTCO3P29	0.030741896
MTCO3P30	0
MTCO3P31	0
MTCO3P35	0
MTCO3P38	0
MTCO3P39	0
MTCO3P4	0
MTCO3P40	0
MTCO3P41	0
MTCO3P42	0
MTCO3P43	0.031060878
MTCO3P44	0.044266057
MTCO3P45	0
MTCO3P46	0
MTCO3P5	0.050310791
MTCO3P7	0
MTCO3P8	0
MTCO3P9	0
MTCP1	0.408476511
MT-CYB	2263.573241
MTCYBP1	0
MTCYBP10	0
MTCYBP11	0
MTCYBP12	0.010559055
MTCYBP13	0
MTCYBP14	0
MTCYBP15	0
MTCYBP16	0
MTCYBP17	0
MTCYBP18	0.144264678
MTCYBP19	0
MTCYBP2	0
MTCYBP20	0
MTCYBP21	0.075307977
MTCYBP22	0
MTCYBP23	0.17385072
MTCYBP24	0.010826373
MTCYBP27	0
MTCYBP28	0.010577711
MTCYBP29	0
MTCYBP3	0
MTCYBP31	0
MTCYBP32	0
MTCYBP33	0
MTCYBP34	0
MTCYBP35	0.073718362
MTCYBP36	0
MTCYBP37	0
MTCYBP38	0
MTCYBP39	0
MTCYBP4	0
MTCYBP40	0
MTCYBP41	0
MTCYBP42	0
MTCYBP43	0
MTCYBP44	0
MTCYBP45	0
MTCYBP5	0
MTCYBP6	0
MTCYBP7	0
MTCYBP8	0
MTCYBP9	0
MTDH	19.55254784
MTDHP1	0.076364594
MTDHP2	0.016770264
MTDHP3	0
MTDHP4	0.035743189
MTDHP5	0
MTERF1	1.256164773
MTERF2	3.031467982
MTERF3	6.655159508
MTERF4	2.51937691
MTF1	4.193276538
MTF2	3.631299916
MTFMT	2.232907843
MTFP1	1.348483459
MTFR1	3.075620721
MTFR1L	7.305417486
MTFR2	0.434972726
MTG1	0.932770669
MTG2	4.985896958
MTHFD1	5.479396182
MTHFD1L	5.301360594
MTHFD1P1	0.012996348
MTHFD2	4.892853579
MTHFD2L	1.056060348
MTHFD2P1	0.013260209
MTHFD2P2	0
MTHFD2P3	0
MTHFD2P4	0
MTHFD2P5	0
MTHFD2P6	0
MTHFD2P7	0.012181046
MTHFR	6.404326302
MTHFS	3.372948818
MTHFSD	2.189615361
MTIF2	6.494475993
MTIF3	16.17195345
MTM1	5.614288426
MTMR1	5.639487208
MTMR10	6.029762876
MTMR11	2.561192959
MTMR12	13.57409644
MTMR14	9.628900426
MTMR2	5.929257063
MTMR3	1.136577826
MTMR4	3.535324154
MTMR6	11.12652878
MTMR7	0.437558926
MTMR8	0.413192292
MTMR9	2.858846136
MTMR9LP	3.028876143
MT-ND1	1798.900862
MTND1P1	0
MTND1P10	0.014391789
MTND1P11	0.027337827
MTND1P12	0
MTND1P14	0.012604177
MTND1P15	0
MTND1P16	0
MTND1P17	0
MTND1P18	0
MTND1P19	0
MTND1P2	0
MTND1P20	0
MTND1P21	0
MTND1P22	0
MTND1P23	1.12658304
MTND1P24	0
MTND1P26	0
MTND1P27	0
MTND1P28	0
MTND1P29	0
MTND1P3	0
MTND1P30	0
MTND1P31	0
MTND1P32	0
MTND1P33	0
MTND1P34	0.03568992
MTND1P35	0
MTND1P36	0
MTND1P4	0
MTND1P5	0
MTND1P6	0
MTND1P8	0.037812531
MTND1P9	0.012684288
MT-ND2	1796.508934
MTND2P11	0.018478346
MTND2P12	0
MTND2P13	0
MTND2P14	0
MTND2P15	0.013423731
MTND2P16	0
MTND2P17	0
MTND2P18	0
MTND2P19	0
MTND2P2	0
MTND2P20	0
MTND2P21	0
MTND2P22	0
MTND2P23	0
MTND2P24	0
MTND2P25	0
MTND2P26	0
MTND2P28	81.12248834
MTND2P29	0
MTND2P3	0
MTND2P30	0
MTND2P31	0
MTND2P32	0
MTND2P33	0
MTND2P38	0
MTND2P39	0
MTND2P4	0
MTND2P40	0.071188872
MTND2P5	0
MTND2P6	0
MTND2P7	0
MTND2P8	0
MTND2P9	0.025722811
MT-ND3	2342.918001
MTND3P1	0
MTND3P10	0
MTND3P12	0.109518003
MTND3P13	0
MTND3P16	0
MTND3P17	0
MTND3P19	0
MTND3P2	0
MTND3P20	0
MTND3P21	0
MTND3P22	0
MTND3P23	0
MTND3P24	0
MTND3P25	0.177392123
MTND3P3	0
MTND3P4	0
MTND3P5	0.107873588
MTND3P6	0
MTND3P7	0
MTND3P8	0
MTND3P9	0
MT-ND4	3131.314363
MT-ND4L	1238.156702
MTND4LP1	0
MTND4LP10	0
MTND4LP11	0
MTND4LP12	0
MTND4LP13	0.040181102
MTND4LP14	0.041576279
MTND4LP16	0
MTND4LP17	0
MTND4LP18	0
MTND4LP19	0
MTND4LP2	0
MTND4LP20	0
MTND4LP21	0
MTND4LP22	0
MTND4LP24	0
MTND4LP25	0
MTND4LP26	0.042460881
MTND4LP3	0
MTND4LP30	0.282214741
MTND4LP31	0
MTND4LP5	0
MTND4LP7	0
MTND4LP9	0
MTND4P1	0.008167782
MTND4P10	0
MTND4P11	0.045270202
MTND4P12	0.634785538
MTND4P13	0
MTND4P14	0.008843403
MTND4P15	0.01159145
MTND4P16	0
MTND4P17	0
MTND4P18	0
MTND4P19	0.025050143
MTND4P2	0
MTND4P20	0.179127259
MTND4P21	0
MTND4P22	0
MTND4P23	0.035140039
MTND4P24	0.120644517
MTND4P25	0
MTND4P26	0.017621734
MTND4P27	0
MTND4P28	0
MTND4P29	0.008727382
MTND4P3	0
MTND4P30	0
MTND4P31	0
MTND4P32	0
MTND4P33	0
MTND4P34	0
MTND4P35	0.043541703
MTND4P4	0
MTND4P5	0
MTND4P6	0
MTND4P7	0
MTND4P8	0
MTND4P9	0.071167717
MT-ND5	1179.753069
MTND5P1	0.113208428
MTND5P10	0.013238218
MTND5P11	0.290758612
MTND5P12	0.024790825
MTND5P13	0
MTND5P14	0.018901292
MTND5P15	0.06861873
MTND5P16	0
MTND5P17	0
MTND5P18	0
MTND5P19	0
MTND5P2	0.010485086
MTND5P20	0.167468088
MTND5P21	0
MTND5P22	0
MTND5P23	0
MTND5P24	0
MTND5P25	0.074930966
MTND5P26	0
MTND5P27	0
MTND5P28	0.045071399
MTND5P29	0
MTND5P3	0
MTND5P30	0
MTND5P31	0.008714679
MTND5P32	0.079737858
MTND5P33	0
MTND5P34	0
MTND5P35	0
MTND5P4	0
MTND5P40	0
MTND5P41	0
MTND5P5	0
MTND5P6	0
MTND5P7	0
MTND5P8	0.011056296
MTND5P9	0
MT-ND6	1606.587241
MTND6P1	0
MTND6P10	0
MTND6P11	0
MTND6P12	0
MTND6P13	0
MTND6P14	0
MTND6P15	0
MTND6P16	0
MTND6P17	0
MTND6P18	0
MTND6P19	0.022851085
MTND6P2	0
MTND6P20	0
MTND6P21	0.024842258
MTND6P22	0.022982665
MTND6P24	0
MTND6P25	0
MTND6P3	0.066276577
MTND6P32	0
MTND6P33	0
MTND6P4	0.527588642
MTND6P5	0.093546627
MTND6P6	0
MTND6P7	0
MTND6P8	0
MTND6P9	0
MTNR1A	0
MTNR1B	0
MTO1	1.525636919
MTOR	5.777027204
MTOR-AS1	0.031386549
MTPAP	2.072802197
MTPN	49.32640559
MTR	5.809069554
MTREX	8.509927307
MTRF1	1.636639771
MTRF1L	2.306242901
MTRF1LP1	0.035269421
MTRF1LP2	0.010671986
MT-RNR1	412.7253667
MT-RNR2	1961.418958
MTRNR2L1	29.24485627
MTRNR2L10	0.023478369
MTRNR2L11	0
MTRNR2L12	0.319610212
MTRNR2L13	0.008286483
MTRNR2L2	0
MTRNR2L3	0.031121425
MTRNR2L4	0.05436535
MTRNR2L5	0
MTRNR2L6	0.00827503
MTRNR2L7	0
MTRNR2L8	0.266496608
MTRNR2L9	0.136326015
MTRR	10.34685011
MTSS1	9.03432577
MTSS1L	5.116302521
MT-TA	0
MT-TC	3.084203957
MT-TD	0
MT-TE	0
MT-TF	1.011884646
MT-TG	0
MT-TH	0
MT-TI	0
MT-TK	0
MT-TL1	0.638611643
MT-TL2	0
MT-TM	0.176087769
MT-TN	0
MTTP	0.210731195
MT-TP	550.2742787
MT-TQ	0
MT-TR	0
MT-TS1	0
MT-TS2	0.202948615
MT-TT	3.084203957
MT-TV	0
MT-TW	0
MT-TY	2.539932671
MTURN	9.944699641
MTUS1	18.08158944
MTUS2	0.158802185
MTUS2-AS1	0.004664577
MTUS2-AS2	0
MTX1	4.153264784
MTX1P1	1.686071909
MTX2	11.81357153
MTX3	2.321884961
MUC1	118.823295
MUC12	0.060114494
MUC13	0.379854382
MUC15	5.665870581
MUC16	0.955076276
MUC17	0
MUC19	0.001218105
MUC2	0.002835865
MUC20	3.593035912
MUC20-OT1	1.234885645
MUC20P1	0.898047623
MUC21	0.71660712
MUC22	0.053712767
MUC3A	0.170545355
MUC4	1.555914006
MUC5AC	0.059705138
MUC5B	5.666356332
MUC6	0.146335873
MUC7	0
MUCL1	0.095791746
MUL1	18.04935747
MUM1	4.079562188
MUM1L1	0.598284854
MUPP	0.148087947
MUS81	5.278517073
MUSK	0.334996244
MUSTN1	0.092924366
MUT	9.463555105
MUTYH	2.573070703
MVB12A	6.363663393
MVB12B	8.310699463
MVD	6.87164134
MVK	3.41664135
MVP	57.05817204
MX1	8.542709282
MX2	1.556514927
MXD1	2.44343614
MXD3	0.490203204
MXD4	15.61298248
MXI1	7.973981932
MXRA5	5.009430016
MXRA5Y	0.076334048
MXRA7	16.83883757
MXRA8	29.74648449
MYADM	244.5524188
MYADML	0
MYADML2	0.009742855
MYB	1.368951774
MYB-AS1	0.133340404
MYBBP1A	7.750359946
MYBL1	0.517730637
MYBL2	0.616592534
MYBPC1	0
MYBPC2	0.051667609
MYBPC3	0.265777334
MYBPH	0.358223983
MYBPHL	1.432324884
MYC	47.01408482
MYCBP	8.085088175
MYCBP2	5.5495532
MYCBP2-AS1	0.070809984
MYCBP2-AS2	0
MYCBPAP	0.70208072
MYCL	0.766258292
MYCLP1	0
MYCLP2	0
MYCN	0.211684297
MYCNOS	0.024811372
MYCNUT	0
MYCT1	10.53551139
MYD88	27.64909051
MYDGF	44.66332993
MYEF2	1.239361474
MYEOV	0.038214792
MYF5	0
MYF6	0
MYH1	0.115287211
MYH10	50.82857193
MYH11	24.45312665
MYH13	0.024517497
MYH14	29.13403697
MYH15	0.105826598
MYH16	0.062266145
MYH2	0.249495338
MYH3	0.535639815
MYH4	0.001990354
MYH6	0
MYH7	0.001967138
MYH7B	0.36838334
MYH8	0.003964234
MYH9	251.7246499
MYHAS	0
MYL1	0.01784496
MYL10	0
MYL12A	140.4810315
MYL12AP1	0.116252119
MYL12B	271.0291747
MYL12BP1	0.519580479
MYL12BP2	0.210479912
MYL2	0
MYL3	0.977287119
MYL4	0.292762061
MYL5	2.464328901
MYL6	215.3235932
MYL6B	5.709587833
MYL6BP1	0.019469867
MYL6P1	0
MYL6P2	0
MYL6P3	0.027717519
MYL6P4	0
MYL6P5	0.078261231
MYL7	0.008212598
MYL8P	0.115578845
MYL9	163.3824842
MYLIP	14.10977999
MYLK	11.41435125
MYLK2	0.168987456
MYLK3	0.114433009
MYLK4	0.348536108
MYLK-AS1	0.549825075
MYLK-AS2	0.072394004
MYLKP1	0.022735383
MYLPF	0.074904181
MYMK	0.225699799
MYMX	0.738607772
MYNN	2.902590223
MYO10	11.01522759
MYO15A	0.098306386
MYO15B	4.966047735
MYO16	0.079315025
MYO16-AS1	5.223127554
MYO16-AS2	0
MYO18A	6.823335548
MYO18B	0.016037666
MYO19	1.689634533
MYO1A	0.329162716
MYO1B	40.17129999
MYO1C	48.14998222
MYO1D	21.68709697
MYO1E	7.358480852
MYO1F	8.259937435
MYO1G	4.255166132
MYO1H	0.122438324
MYO3A	0.027785222
MYO3B	0.027623288
MYO5A	4.270358884
MYO5B	5.407009334
MYO5BP1	0
MYO5BP2	0.037506557
MYO5BP3	0.009361977
MYO5C	9.606591396
MYO6	14.98756465
MYO7A	0.298611531
MYO7B	1.046361549
MYO9A	3.549090591
MYO9B	15.06495651
MYOC	1.091660118
MYOCD	0.893156847
MYOD1	0
MYOF	27.23925871
MYOG	0
MYOM1	0.752243521
MYOM2	0.618875451
MYOM3	0.033642012
MYORG	3.81040942
MYOSLID	0.179012815
MYOT	0.149002025
MYOZ1	5.586815841
MYOZ2	0.078381772
MYOZ3	0.374868314
MYPN	0.006784118
MYPOP	1.7295732
MYRF	12.20829034
MYRFL	0.061161019
MYRIP	3.201486757
MYSM1	3.55548354
MYT1	0.034402463
MYT1L	0.033868728
MYT1L-AS1	0
MYZAP	2.39385856
MZB1	2.017611026
MZF1	3.661446593
MZF1-AS1	0.891592653
MZT1	3.947919955
MZT1P1	0
MZT1P2	0.241410651
MZT2A	2.717766078
MZT2B	13.49133068
N4BP1	15.74533299
N4BP2	1.771441168
N4BP2L1	4.658784618
N4BP2L2	5.746233965
N4BP2L2-IT2	0.494630184
N4BP3	1.983188501
N6AMT1	1.870547978
NAA10	4.179020992
NAA11	0.008866322
NAA15	4.974769575
NAA16	2.763380448
NAA20	17.40156252
NAA25	1.959011205
NAA30	3.015005478
NAA35	4.725787546
NAA38	14.31576345
NAA40	3.539757967
NAA50	16.5879275
NAA60	5.712001196
NAAA	5.760072217
NAALAD2	0.561228181
NAALADL1	1.317610261
NAALADL2	0.712327403
NAALADL2-AS1	0
NAALADL2-AS2	0.02307123
NAALADL2-AS3	0
NAB1	10.65087789
NAB2	41.20079393
NABP1	2.913266662
NABP2	7.822488762
NACA	40.70168143
NACA2	0.154105126
NACA3P	1.810877923
NACAD	1.142117375
NACAP1	0.084703313
NACAP2	0.019189052
NACAP3	0.04978781
NACAP5	0
NACAP6	0
NACAP7	0
NACC1	12.0034081
NACC2	7.149182962
NADK	9.078288717
NADK2	4.135124776
NADK2-AS1	0.199566138
NADSYN1	3.031962214
NAE1	6.407691147
NAF1	2.649813286
NAGA	18.07726732
NAGK	5.844276638
NAGLU	15.764662
NAGPA	2.744580263
NAGPA-AS1	0
NAGS	2.18518557
NAIF1	2.70497268
NAIP	0.202649942
NALCN	0.991253549
NALCN-AS1	0.265059734
NALT1	0.319159082
NAMA	0.01652233
NAMPT	34.33137448
NAMPTP1	0.261960325
NAMPTP2	0
NAMPTP3	0
NANOG	0.006660839
NANOGNB	0
NANOGNBP1	0
NANOGNBP2	0
NANOGNBP3	0.021192864
NANOGP1	0.018124069
NANOGP10	0
NANOGP11	0
NANOGP2	0
NANOGP3	0
NANOGP4	0.026229942
NANOGP5	0.027306655
NANOGP6	0
NANOGP7	0.013043538
NANOGP8	0
NANOGP9	0
NANOS1	0.315967299
NANOS2	0
NANOS3	0.460537243
NANP	1.815427586
NANS	9.580147742
NAP1L1	17.28584281
NAP1L1P1	0.326665175
NAP1L1P2	0.021990759
NAP1L1P3	0.108854257
NAP1L2	1.09878768
NAP1L3	1.079880431
NAP1L4	20.11626675
NAP1L4P1	0.496759273
NAP1L4P2	0
NAP1L4P3	0.041757518
NAP1L5	3.002520273
NAP1L6	0.093729693
NAPA	15.566774
NAPA-AS1	0.581628872
NAPB	2.605722182
NAPEPLD	2.183851646
NAPG	6.765099172
NAPGP1	0
NAPGP2	0
NAPRT	10.95896157
NAPSA	496.0921066
NAPSB	28.44364586
NARF	4.38985349
NARF-AS1	0.071443725
NARF-IT1	0.389270751
NARFL	2.101837172
NARS	29.24822583
NARS2	6.752209213
NARSP2	0
NASP	12.92421459
NAT1	2.687339478
NAT10	8.387716829
NAT14	6.76476619
NAT16	0
NAT2	0.226436617
NAT6	2.774589548
NAT8	0.151729271
NAT8B	0.6104376
NAT8L	0.030592663
NAT9	5.048052333
NATD1	5.26699194
NATP	0.013637777
NAV1	2.062767087
NAV2	5.833345
NAV2-AS1	0
NAV2-AS2	1.240270374
NAV2-AS3	0.060070075
NAV2-AS4	0.010138839
NAV2-AS5	0.003411387
NAV2-IT1	0.047327938
NAV3	0.883580733
NAXD	14.43857857
NAXE	24.4063296
NBAS	5.679204458
NBAT1	0.092582229
NBDY	16.90765047
NBEA	1.362841819
NBEAL1	1.622510727
NBEAL2	11.12887613
NBEAP1	0.003245857
NBEAP3	0
NBL1	25.775997
NBN	9.371439132
NBPF1	1.104052433
NBPF10	0.184700038
NBPF11	0.829540094
NBPF12	1.404537261
NBPF13P	0.106910431
NBPF14	0.706618301
NBPF15	1.949775465
NBPF17P	0.033904582
NBPF19	0.48826509
NBPF20	0.104642208
NBPF21P	0
NBPF22P	0.007469724
NBPF25P	0.416132162
NBPF26	0.474168167
NBPF2P	0.525332951
NBPF3	0.52733272
NBPF4	0
NBPF5P	0
NBPF6	0
NBPF7	0
NBPF8	0.819980944
NBPF9	1.090708588
NBR1	17.66534289
NBR2	1.576724834
NCALD	4.614191467
NCAM1	0.289548735
NCAM1-AS1	0.009994965
NCAM2	1.920407327
NCAN	0
NCAPD2	6.334925116
NCAPD2P1	0
NCAPD3	2.236086686
NCAPG	0.226291212
NCAPG2	1.52501886
NCAPGP1	0.066008646
NCAPGP2	0.682865566
NCAPH	0.379894052
NCAPH2	13.81232685
NCBP1	5.397782035
NCBP2	12.95736031
NCBP2-AS1	0.319589901
NCBP2-AS2	10.852224
NCBP2L	0.072569505
NCBP3	4.272000786
NCCRP1	0.048428588
NCDN	7.446897514
NCEH1	17.94850033
NCF1	2.116715368
NCF1B	1.523501751
NCF1C	2.055796941
NCF2	53.60886288
NCF4	15.48651387
NCF4-AS1	0.039323377
NCK1	8.147567379
NCK1-AS1	1.608818695
NCK2	16.99582658
NCKAP1	7.143439795
NCKAP1L	12.6237448
NCKAP5	7.20418717
NCKAP5-IT1	0
NCKAP5L	5.550356137
NCKIPSD	6.801884065
NCL	64.70159436
NCLN	15.21482679
NCLP1	0.067098141
NCLP2	0
NCMAP	3.145998951
NCOA1	10.34840467
NCOA2	5.172477232
NCOA3	7.198347288
NCOA4	64.83379848
NCOA4P2	0.013209011
NCOA4P3	0.025517247
NCOA4P4	0.012868316
NCOA5	17.54818523
NCOA6	5.400172572
NCOA7	23.38629422
NCOA7-AS1	0.023900136
NCOR1	8.73017645
NCOR1P1	0
NCOR1P2	0
NCOR1P3	0
NCOR2	24.00619993
NCR1	0.18976178
NCR2	0
NCR3	0.444578031
NCR3LG1	0.344079549
NCS1	2.915952198
NCSTN	34.77469837
NCSTNP1	0
NDC1	3.448782692
NDC80	0.256109878
NDE1	2.112089446
NDE1P2	0
NDEL1	8.748297145
NDFIP1	22.33391565
NDFIP1P1	0
NDFIP2	9.269849195
NDFIP2-AS1	0.055563658
NDN	17.07732196
NDNF	59.94055394
NDOR1	4.342715969
NDP	0.026129773
NDP-AS1	0
NDRG1	35.59765819
NDRG2	15.61215152
NDRG3	13.02463979
NDRG4	1.813410148
NDST1	36.09908296
NDST1-AS1	0.227765701
NDST2	0.532576588
NDST3	0.023917186
NDST4	0.006439348
NDUFA1	67.67011592
NDUFA10	7.584226221
NDUFA11	5.391873721
NDUFA12	13.29341385
NDUFA12P1	0
NDUFA13	6.433576028
NDUFA2	23.57777361
NDUFA3	13.77369203
NDUFA3P1	0.190062989
NDUFA3P2	0
NDUFA3P3	0
NDUFA3P4	0.095791746
NDUFA3P6	0
NDUFA4	36.48760421
NDUFA4L2	11.3722828
NDUFA4P2	0
NDUFA5	5.37254491
NDUFA5P1	0
NDUFA5P10	0.033540527
NDUFA5P11	0.139638114
NDUFA5P12	0
NDUFA5P2	0
NDUFA5P3	0
NDUFA5P4	0
NDUFA5P5	0
NDUFA5P6	0
NDUFA5P7	0
NDUFA5P8	0
NDUFA5P9	0
NDUFA6	26.99216584
NDUFA6-AS1	0.273703847
NDUFA7	1.033845813
NDUFA8	30.55915608
NDUFA8P1	0
NDUFA9	2.396867874
NDUFA9P1	0.073848263
NDUFAB1	18.74674413
NDUFAB1P1	0.026030366
NDUFAF1	7.692772934
NDUFAF2	7.676526387
NDUFAF3	19.65324708
NDUFAF4	4.162603942
NDUFAF4P1	0.02307123
NDUFAF4P2	0
NDUFAF4P3	0.34211338
NDUFAF4P4	0.023852527
NDUFAF5	1.100005679
NDUFAF6	1.616840865
NDUFAF7	2.846728154
NDUFAF8	6.430786757
NDUFB1	13.93700067
NDUFB10	38.09288609
NDUFB10P1	0
NDUFB10P2	0
NDUFB11	32.66241848
NDUFB11P1	0
NDUFB1P1	0.066522046
NDUFB1P2	0.068033911
NDUFB2	12.21630182
NDUFB2-AS1	0.348756358
NDUFB2P1	0
NDUFB3	20.98429804
NDUFB4	26.166512
NDUFB4P1	0
NDUFB4P10	0.033353672
NDUFB4P11	0.015720746
NDUFB4P12	0
NDUFB4P2	0
NDUFB4P3	0
NDUFB4P4	0
NDUFB4P5	0
NDUFB4P6	0.03271576
NDUFB4P7	0
NDUFB4P8	0.163133083
NDUFB4P9	0
NDUFB5	8.231465863
NDUFB5P1	0
NDUFB5P2	0.021155421
NDUFB6	19.1773282
NDUFB7	85.57666614
NDUFB8	11.22522091
NDUFB8P1	0
NDUFB8P2	0.13353868
NDUFB9	27.45495662
NDUFB9P1	0
NDUFB9P2	0
NDUFB9P3	0
NDUFC1	14.67597661
NDUFC2	9.47713404
NDUFC2-KCTD14	0
NDUFS1	6.148029537
NDUFS2	20.46180314
NDUFS3	11.53350898
NDUFS4	23.83593521
NDUFS5	152.886599
NDUFS5P1	0
NDUFS5P2	0
NDUFS5P3	0
NDUFS5P4	0
NDUFS5P5	0
NDUFS5P6	0
NDUFS6	21.6043067
NDUFS6P1	0
NDUFS7	4.155044889
NDUFS8	9.006287901
NDUFV1	21.97341367
NDUFV2	3.047597983
NDUFV2-AS1	1.137192521
NDUFV2P1	0.712893372
NDUFV3	5.272697785
NEAT1	33.22543478
NEB	0.064243491
NEBL	12.53522066
NEBL-AS1	0.879145984
NECAB1	3.326102307
NECAB2	0.128292518
NECAB3	6.703988243
NECAP1	9.120965027
NECAP1P1	0
NECAP1P2	0.032940766
NECAP2	17.47092227
NECTIN1	2.595059486
NECTIN2	35.91551369
NECTIN3	3.251017591
NECTIN3-AS1	0.071915726
NECTIN4	2.779793327
NEDD1	3.9546559
NEDD4	2.242897878
NEDD4L	12.3810238
NEDD8	12.22400477
NEDD8-MDP1	0
NEDD9	45.15985788
NEFH	0.360833303
NEFHP1	0
NEFL	0.022127916
NEFLP1	0
NEFM	0.032797905
NEFMP1	0
NEGR1	1.853613488
NEGR1-IT1	0
NEIL1	2.492131772
NEIL2	5.074800348
NEIL3	0.040466267
NEK1	2.709776193
NEK10	0.983459931
NEK11	3.553059876
NEK2	0.359799371
NEK2P2	0
NEK2P4	0
NEK3	1.715371864
NEK4	2.866557895
NEK4P1	0
NEK4P2	0.011831984
NEK4P3	0
NEK5	1.636568534
NEK6	12.54299599
NEK7	19.34390759
NEK8	2.096798975
NEK9	9.844917484
NELFA	3.855476568
NELFB	22.43454773
NELFCD	9.006142881
NELFE	20.92251689
NELL1	0.015787866
NELL2	1.80802448
NEMF	3.765207093
NEMP1	3.501148056
NEMP2	1.322075936
NENF	30.31805082
NENFP1	0.051390422
NENFP2	0
NENFP3	0
NEO1	10.16688303
NEPNP	0.096071226
NEPRO	5.350855562
NES	34.97829244
NET1	14.05041215
NETO1	0
NETO2	2.373665953
NEU1	14.12938193
NEU2	0
NEU3	1.828739998
NEU4	0.0434117
NEURL1	0.166539773
NEURL1-AS1	0
NEURL1B	6.326221736
NEURL2	0.239295293
NEURL3	0.244562428
NEURL4	3.070148762
NEUROD1	0
NEUROD2	0.007673161
NEUROD4	0
NEUROD6	0
NEUROG1	0
NEUROG2	0
NEUROG3	0.043510059
NEXMIF	0.151749705
NEXN	10.9428466
NEXN-AS1	0.188072801
NF1	2.769919668
NF1P1	0
NF1P10	0
NF1P11	0
NF1P12	0
NF1P2	0
NF1P3	0.026608818
NF1P4	0
NF1P5	0.026727608
NF1P6	0
NF1P7	0
NF1P8	0
NF1P9	0
NF2	4.958258284
NFAM1	8.871893312
NFASC	1.872287085
NFAT5	3.478079691
NFATC1	8.367780895
NFATC2	7.468195535
NFATC2IP	7.506163122
NFATC3	4.472221412
NFATC4	2.595755367
NFE2	0.935996712
NFE2L1	51.4377011
NFE2L2	34.10147722
NFE2L3	4.207374601
NFE2L3P1	0.006112286
NFE4	0.022339493
NFIA	4.895537998
NFIA-AS1	0
NFIA-AS2	0.201406955
NFIB	12.83836263
NFIC	19.92544164
NFIL3	27.46259781
NFIX	31.47964248
NFKB1	14.23403808
NFKB2	15.87805877
NFKBIA	129.1604158
NFKBIB	8.619814533
NFKBID	2.624687862
NFKBIE	6.448591997
NFKBIL1	8.837448221
NFKBIZ	8.30995835
NFRKB	5.186514448
NFS1	2.584023705
NFU1	9.537753543
NFU1P1	0
NFU1P2	0
NFX1	9.07890503
NFXL1	1.492740473
NFYA	9.055097522
NFYAP1	0
NFYB	7.076624933
NFYC	7.770844955
NFYC-AS1	0.48974737
NGB	0.012711219
NGDN	5.40295089
NGEF	0.276440482
NGF	0.263038463
NGFR	1.68212615
NGLY1	3.161035592
NGRN	5.787781145
NHEJ1	0.231083338
NHLH1	0.084093418
NHLH2	0.254055819
NHLRC1	1.229649944
NHLRC2	3.414122657
NHLRC3	5.900107959
NHLRC4	3.509709475
NHP2	16.56531112
NHP2P1	0.155506082
NHP2P2	0
NHS	0.473400399
NHS-AS1	0
NHSL1	11.18355763
NHSL2	1.035456284
NICN1	7.44438248
NID1	32.50777207
NID2	4.398447682
NIF3L1	6.997381982
NIFK	11.83206186
NIFK-AS1	1.734595935
NIFKP1	0
NIFKP2	0
NIFKP3	0
NIFKP4	0
NIFKP6	0.028340753
NIFKP7	0
NIFKP8	0.123301733
NIFKP9	0
NIM1K	1.856147063
NIN	3.447011705
NINJ1	15.88088244
NINJ2	10.42460229
NINL	3.210729517
NIP7	7.676652252
NIP7P1	0
NIP7P2	0.022010971
NIP7P3	0.046500848
NIPA1	2.452599025
NIPA2	10.98667106
NIPA2P1	0
NIPA2P2	0
NIPA2P4	0.008929134
NIPA2P5	0.025805966
NIPAL1	0.418278351
NIPAL2	5.78916453
NIPAL3	5.541334545
NIPAL4	0.230487508
NIPBL	7.140036492
NIPSNAP1	9.885258477
NIPSNAP2	12.47191248
NIPSNAP3A	10.38515936
NIPSNAP3B	0.967593398
NISCH	11.27991993
NIT1	6.544169865
NIT2	3.18220099
NKAIN1	0.016034775
NKAIN1P1	0
NKAIN2	0.023318341
NKAIN3	0
NKAIN4	0.044879941
NKAP	3.106496971
NKAPD1	4.793748562
NKAPL	0.686731556
NKAPP1	0.594610468
NKD1	2.238991045
NKD2	11.3763075
NKG7	13.98457047
NKILA	0.742035757
NKIRAS1	2.961600569
NKIRAS2	7.325074035
NKPD1	0.030161129
NKRF	1.979712043
NKTR	5.39435689
NKX1-1	0
NKX1-2	0.003559444
NKX2-1	42.79227662
NKX2-1-AS1	4.371341669
NKX2-2	0
NKX2-2-AS1	0
NKX2-3	0.011420094
NKX2-4	0
NKX2-5	0
NKX2-6	0
NKX2-8	0.807127126
NKX3-1	1.716842291
NKX3-2	0.017099562
NKX6-1	0.019400467
NKX6-2	0.0089525
NKX6-3	0
NLE1	2.128267111
NLGN1	0.060176624
NLGN1-AS1	0
NLGN2	3.49294679
NLGN3	0.454329302
NLGN4X	0.30574573
NLGN4Y	0.706239417
NLGN4Y-AS1	0.045014918
NLK	4.456851341
NLN	1.191053296
NLRC3	1.228558519
NLRC4	6.020024904
NLRC5	4.723462711
NLRP1	4.542591505
NLRP10	0
NLRP11	0.002776894
NLRP12	0.597757066
NLRP13	0
NLRP14	0.062708213
NLRP2	0.515906761
NLRP2B	0.029991154
NLRP3	2.021252165
NLRP3P1	0.006708105
NLRP4	0.027610995
NLRP5	0
NLRP6	0.108277231
NLRP7	0.015296332
NLRP8	0
NLRP9	0.019962159
NLRP9P1	0.009019938
NLRX1	4.8571097
NMB	4.534173908
NMBR	0.106367739
NMBR-AS1	0
NMD3	7.549821873
NMD3P1	0.096564261
NMD3P2	0
NME1	4.102773317
NME1-NME2	0.164026963
NME1P1	0
NME2	9.744772078
NME2P1	0.520607318
NME3	16.084064
NME4	8.544910897
NME5	3.398965083
NME6	2.76752024
NME7	2.21446407
NME8	0.250378181
NME9	1.319763227
NMI	6.826538252
NMNAT1	1.841549572
NMNAT1P1	0
NMNAT1P2	0
NMNAT1P3	0
NMNAT1P4	0
NMNAT1P5	0
NMNAT2	0.369329657
NMNAT3	1.391353605
NMRAL1	6.796858598
NMRAL2P	0.091126091
NMRK1	7.36716601
NMRK2	0.104942755
NMS	0.024688594
NMT1	15.91860894
NMT2	2.425365495
NMTRQ-TTG12-1	0
NMTRS-TGA3-1	0
NMU	0.171933904
NMUR1	1.08557202
NMUR2	0.051061699
NNAT	1.440199735
NNMT	129.7774701
NNT	5.952855802
NNT-AS1	1.843408798
NOA1	5.508376049
NOB1	12.95720119
NOBOX	0
NOC2L	10.73095842
NOC2LP1	0.087785691
NOC2LP2	0.04927559
NOC3L	3.43339593
NOC4L	7.004978008
NOCT	4.055081918
NOD1	6.278432648
NOD2	1.891832821
NODAL	0.099016867
NOG	0.310108059
NOL10	6.588187582
NOL11	7.61425483
NOL12	1.064278598
NOL3	6.999488826
NOL4	0.048426459
NOL4L	3.789390901
NOL4L-DT	0
NOL6	8.825378265
NOL7	19.82606656
NOL8	3.381427246
NOL8P1	0
NOL9	3.820570992
NOLC1	25.60378261
NOM1	3.214890566
NOMO1	5.872779781
NOMO2	1.952526224
NOMO3	0.913170655
NONO	45.20783952
NONOP2	1.439599764
NOP10	86.45464481
NOP14	11.144793
NOP14-AS1	2.171789943
NOP16	4.564500147
NOP2	6.614167686
NOP53	44.37161219
NOP53-AS1	0.310436215
NOP56	11.5414148
NOP56P1	0
NOP56P2	0
NOP56P3	0.031101216
NOP58	15.42206467
NOP9	6.908898338
NORAD	59.89451163
NOS1	0.267549204
NOS1AP	0.326660826
NOS2	0.653751143
NOS2P2	0
NOS2P3	0
NOS2P4	0
NOS3	4.421095638
NOSIP	7.743053422
NOSTRIN	8.432886215
NOTCH1	9.20710903
NOTCH2	11.06259569
NOTCH2NL	0.074337845
NOTCH2P1	0
NOTCH3	17.90614294
NOTCH4	13.01561019
NOTO	0.008711508
NOTUM	1.725298514
NOV	5.156018526
NOVA1	0.114423746
NOVA1-AS1	0.016148305
NOVA2	1.802162204
NOX1	0.231998595
NOX3	0
NOX4	0.591234327
NOX5	0.039240085
NOXA1	3.967536578
NOXO1	0
NOXRED1	0.398811946
NPAP1	0.006364054
NPAP1P2	0.009703378
NPAP1P3	0.015099582
NPAP1P4	0
NPAP1P6	0
NPAP1P7	0.014549172
NPAS1	0.42664798
NPAS2	0.558868267
NPAS3	0.151602023
NPAS4	0.027976561
NPAT	2.496828273
NPB	0.005540939
NPBWR1	0.062387628
NPBWR2	0
NPC1	8.88150312
NPC1L1	0.043317859
NPC2	221.6948217
NPDC1	16.458191
NPEPL1	1.717506774
NPEPPS	7.196444387
NPFF	0
NPFFR1	0.108720035
NPFFR2	0.005075866
NPHP1	1.339602337
NPHP3	1.076311758
NPHP3-ACAD11	0.010767957
NPHP3-AS1	0.020664567
NPHP4	1.751489554
NPHS1	0.004386872
NPHS2	0
NPIPA1	0.270800918
NPIPA2	0
NPIPA3	0.268155597
NPIPA5	1.370704267
NPIPA7	0.00854673
NPIPA8	0
NPIPB10P	0.008843403
NPIPB11	0.196026766
NPIPB12	0.016588273
NPIPB13	0.011509005
NPIPB14P	0.242528293
NPIPB15	0.049246638
NPIPB1P	0.021136749
NPIPB2	0.339093622
NPIPB3	0.258924055
NPIPB4	0.243392126
NPIPB5	0.372204312
NPIPB6	0.067300993
NPIPB7	0.016040145
NPIPB8	0.030728747
NPIPB9	0.039480819
NPIPP1	1.841508
NPL	4.031436565
NPLOC4	12.48299328
NPM1	69.01297354
NPM1P10	0
NPM1P11	0.014004641
NPM1P12	0.028714552
NPM1P13	0
NPM1P14	0
NPM1P17	0
NPM1P18	0.03271576
NPM1P19	0.050452114
NPM1P2	0
NPM1P21	0.031427738
NPM1P22	0
NPM1P23	0
NPM1P24	0.133937006
NPM1P25	0.84126241
NPM1P26	0.146024004
NPM1P27	1.760029076
NPM1P28	0
NPM1P29	0.044734626
NPM1P30	0
NPM1P31	0
NPM1P32	0.099122254
NPM1P33	0.02746323
NPM1P34	0.026817398
NPM1P35	0.027589789
NPM1P36	0
NPM1P37	0.068500963
NPM1P38	0.013842738
NPM1P39	0.317648525
NPM1P4	0.014746266
NPM1P40	0.016335564
NPM1P41	0
NPM1P42	0.027781829
NPM1P43	0
NPM1P45	0
NPM1P46	0.041528214
NPM1P47	0
NPM1P48	0.014037477
NPM1P49	0.050310791
NPM1P5	0.02857749
NPM1P50	0.027621611
NPM1P51	0
NPM1P52	0
NPM1P6	0.343684509
NPM1P8	0.014305816
NPM1P9	0.056748665
NPM2	1.027335138
NPM3	8.103073379
NPNT	51.00436786
NPPA	0.138983561
NPPA-AS1	0.855882808
NPPB	0
NPPC	0
NPR1	16.45194046
NPR2	4.411625063
NPR3	6.477302741
NPRL2	3.578839045
NPRL3	5.292171497
NPS	0
NPSR1	0
NPSR1-AS1	0
NPTN	32.93732204
NPTN-IT1	0.828684622
NPTX1	0.521616999
NPTX2	1.246626674
NPTXR	1.941836492
NPVF	0
NPW	0.160589684
NPY	0.013001051
NPY1R	0.910938259
NPY2R	0.003300432
NPY4R	0.079581589
NPY4R2	0.128554874
NPY5R	0.072767963
NPY6R	0.03606617
NQO1	8.360435154
NQO2	2.841719594
NR0B1	0.027176505
NR0B2	2.641316538
NR1D1	2.902780195
NR1D2	7.764562953
NR1H2	26.89596398
NR1H3	6.350191883
NR1H4	0.13150601
NR1H5P	0
NR1I2	0.06230647
NR1I3	0.112312562
NR2C1	3.627586048
NR2C2	4.477196507
NR2C2AP	4.95244397
NR2E1	0
NR2E3	0.14395338
NR2F1	13.55016551
NR2F1-AS1	1.133804512
NR2F2	10.19427957
NR2F2-AS1	0.541129361
NR2F6	10.52420533
NR3C1	12.25464898
NR3C2	5.05998479
NR4A1	39.42792223
NR4A2	3.88165446
NR4A3	11.83742638
NR5A1	0.003499114
NR5A2	3.049330465
NR6A1	0.726102514
NRADDP	0.693138542
NRAP	0.012551329
NRARP	2.5503876
NRAS	16.30440548
NRAV	5.870456844
NRBF2	12.3078033
NRBF2P1	0
NRBF2P2	0.055628192
NRBF2P3	0.013842738
NRBF2P4	0.028174043
NRBF2P5	0.303907825
NRBP1	19.36192248
NRBP2	8.049113544
NRCAM	0.873969614
NRDC	17.68781233
NRDE2	1.191602425
NREP	5.182264745
NREP-AS1	0
NRF1	5.361435021
NRG1	1.465035317
NRG1-IT1	0
NRG1-IT3	0
NRG2	0.394717097
NRG3	0.479242028
NRG3-AS1	0.014728128
NRG4	0.199923144
NRGN	41.52012386
NRIP1	8.181206304
NRIP2	1.512231459
NRIP3	0.493712009
NRIR	0.627618072
NRK	0.058787894
NRL	0.784673798
NRM	4.906692147
NRN1	8.913611286
NRN1L	0.034146297
NRON	0
NRP1	19.40651659
NRP2	6.550525839
NRROS	3.839076436
NRSN1	0
NRSN2	9.030486837
NRSN2-AS1	3.804300787
NRTN	0.356303836
NRXN1	0.030337219
NRXN2	0.129020074
NRXN3	0.53152891
NSA2	14.97831948
NSD1	5.323160296
NSD2	2.585398699
NSD3	5.194058111
NSDHL	10.6661902
NSF	6.502546624
NSFL1C	12.42131913
NSFP1	0
NSG1	0.250202323
NSG2	0.024275658
NSL1	4.964030859
NSMAF	5.339243937
NSMCE1	9.677634331
NSMCE2	4.936109301
NSMCE3	11.19042487
NSMCE4A	8.300060376
NSMF	5.488779368
NSRP1	10.26731656
NSRP1P1	0.056581067
NSUN2	12.39368786
NSUN3	1.508698757
NSUN4	3.492643093
NSUN5	4.30347367
NSUN5P1	1.273879249
NSUN5P2	0.302138175
NSUN6	2.252393123
NSUN7	2.4895116
NT5C	10.23618042
NT5C1A	0.010816593
NT5C1B	0.04504879
NT5C1B-RDH14	0
NT5C2	9.414753202
NT5C3A	5.649327159
NT5C3AP1	0.021600664
NT5C3B	8.127385813
NT5CP1	0.070573487
NT5CP2	0.021343972
NT5DC1	6.9740297
NT5DC2	6.817981106
NT5DC3	0.897841696
NT5DC4	0.011336301
NT5E	4.20264363
NT5M	0.616711269
NTAN1	5.963306814
NTAN1P1	0
NTAN1P2	0.15285917
NTAN1P3	0.033493618
NTF3	0.389697495
NTF4	0.744540824
NTF6A	0
NTF6B	0
NTF6G	0
NTHL1	4.745239291
NTM	9.162943256
NTM-AS1	0.051098016
NTM-IT	0
NTMT1	3.74754769
NTN1	2.905793029
NTN3	0.054262696
NTN4	26.83364573
NTN5	0.13453897
NTNG1	1.484625311
NTNG2	0.180105578
NTPCR	1.6547852
NTRK1	0.170428383
NTRK2	0.18111193
NTRK3	0.231869741
NTRK3-AS1	0.008992841
NTS	0.716128008
NTSR1	0.005652097
NTSR2	0
NUAK1	5.265948961
NUAK2	3.256356726
NUB1	14.12268818
NUBP1	11.80859892
NUBP2	6.156393096
NUBPL	1.552356365
NUCB1	122.8084496
NUCB1-AS1	0.110614026
NUCB2	8.080265438
NUCKS1	45.04597365
NUCKS1P1	0
NUDC	37.98045479
NUDCD1	4.027288732
NUDCD2	2.349588446
NUDCD3	9.633165839
NUDT1	3.541273952
NUDT10	0.08744378
NUDT11	0.261067653
NUDT12	3.302300274
NUDT13	1.144675272
NUDT14	12.66765854
NUDT15	7.830450198
NUDT16	7.386417211
NUDT16L1	7.996155817
NUDT16P1	2.294320052
NUDT17	1.206791012
NUDT18	4.58229311
NUDT19	5.032537404
NUDT19P3	0
NUDT19P4	0
NUDT19P5	0.042087762
NUDT2	7.117549532
NUDT21	13.40585702
NUDT22	4.247685612
NUDT3	2.317425264
NUDT4	3.245969578
NUDT4B	0
NUDT4P2	0
NUDT5	9.277475946
NUDT6	0.357892847
NUDT7	2.017591729
NUDT8	2.191845046
NUDT9	12.36131715
NUDT9P1	0.305376373
NUF2	0.288486446
NUFIP1	2.359132358
NUFIP1P	0.032383958
NUFIP2	11.38906478
NUGGC	0.205665533
NUMA1	16.16690216
NUMB	11.25508508
NUMBL	4.17639183
NUP107	3.785040462
NUP133	7.320269768
NUP153	14.06891633
NUP155	2.64560764
NUP160	7.654068826
NUP188	8.912349249
NUP205	6.899293984
NUP210	4.865979542
NUP210L	0.065064864
NUP210P1	0
NUP210P2	0
NUP210P3	0.339468174
NUP214	6.311496845
NUP35	2.616161142
NUP35P1	0
NUP35P2	0
NUP37	3.463261165
NUP43	4.465922746
NUP50	6.499455025
NUP50-AS1	2.465695639
NUP54	8.038653759
NUP58	8.228512858
NUP58P1	0
NUP62	8.284315281
NUP62CL	0.686242426
NUP85	5.464722681
NUP88	5.75854237
NUP93	3.6622967
NUP98	16.23648342
NUPL2	3.93281506
NUPR1	20.49755977
NUPR2	1.151724978
NUS1	9.049615909
NUS1P1	1.669839117
NUS1P2	0.068579429
NUS1P3	0
NUS1P4	0
NUSAP1	1.257787279
NUTF2	17.22775825
NUTF2P2	0
NUTF2P3	0
NUTF2P4	0
NUTF2P5	0.031593584
NUTF2P6	0.217708515
NUTF2P7	0
NUTF2P8	0
NUTM1	0.008560988
NUTM2A	0.124876096
NUTM2A-AS1	1.211204209
NUTM2B	0.082497813
NUTM2B-AS1	0.581859388
NUTM2D	0.157710105
NUTM2E	0.009909491
NUTM2F	0.01870202
NUTM2G	0.052114045
NUTM2HP	0.067107909
NVL	3.448144623
NWD1	3.217959934
NWD2	0.007191573
NXF1	15.72429096
NXF2	0
NXF2B	0.009286945
NXF3	0.502594245
NXF4	0.00331047
NXF5	0.027743207
NXN	18.4232128
NXNL1	0.025314944
NXNL2	0.112776933
NXNP1	0
NXPE1	0.011094712
NXPE2	0.025571742
NXPE2P1	0
NXPE3	3.099025785
NXPE4	0.01107163
NXPH1	0
NXPH2	0.102438892
NXPH3	2.109436697
NXPH4	0.306310817
NXT1	15.87643705
NXT1P1	0.037892305
NXT2	4.208865491
NYAP1	0.120207155
NYAP2	0.510902542
NYNRIN	6.601863606
NYX	0
OACYLP	0.022692296
OAF	4.863482089
OARD1	3.017814486
OAS1	6.271387079
OAS2	13.07119976
OAS3	9.728939949
OASL	12.11696139
OAT	19.13785076
OAZ1	147.1724766
OAZ2	13.60515027
OAZ3	0.437769823
OBP2A	0.023432423
OBP2B	0.010549752
OBSCN	1.147741705
OBSCN-AS1	0.223260171
OBSL1	7.639618526
OC90	0
Oca.02	0.225033657
OCEL1	9.087902029
OCIAD1	24.13590302
OCIAD1-AS1	0.361478288
OCIAD2	7.75920862
OCLM	0.311539899
OCLN	4.889827909
OCM	0.043175366
OCM2	0
OCRL	7.347238555
OCSTAMP	0
ODAM	2.322735209
ODAPH	0.046636683
ODC1	71.42020246
ODCP	0.036528274
ODF1	0.172369985
ODF2	7.240945013
ODF2-AS1	0.323620765
ODF2L	3.598343384
ODF3	0.007700301
ODF3B	16.96442272
ODF3L1	5.826797286
ODF3L2	0.137710964
ODF4	0
ODR4	7.265687486
OFCC1	0
OFD1	6.98944515
OFD1P10Y	0
OFD1P11Y	0
OFD1P12Y	0
OFD1P13Y	0
OFD1P15Y	0
OFD1P16Y	0
OFD1P17	0.007935035
OFD1P18Y	0
OFD1P1Y	0
OFD1P2Y	0
OFD1P3Y	0
OFD1P4Y	0
OFD1P5Y	0
OFD1P6Y	0
OFD1P7Y	0
OFD1P8Y	0
OFD1P9Y	0
OGDH	32.37108322
OGDHL	0.025102659
OGFOD1	5.84055774
OGFOD1P1	0.015042674
OGFOD2	0.322216161
OGFOD3	5.974805966
OGFR	12.62079688
OGFR-AS1	0.340576943
OGFRL1	6.821100495
OGFRP1	0.16504436
OGG1	1.539764847
OGN	8.123261244
OGT	13.76786694
OIP5	0.377819388
OIP5-AS1	7.331965127
OIT3	0.460731973
OLA1	6.373684441
OLA1P1	0.241694903
OLA1P2	0
OLA1P3	0.004686485
OLAH	0.106367739
OLFM1	3.047642838
OLFM2	7.265803968
OLFM3	0
OLFM4	0.049598764
OLFM5P	0.153927874
OLFML1	8.806233384
OLFML2A	9.503205797
OLFML2B	8.492225838
OLFML3	30.86089458
OLIG1	0.431210101
OLIG2	0.003572186
OLIG3	0
OLMALINC	2.919564205
OLR1	129.4457653
OMA1	3.571579035
OMD	1.80416264
OMG	6.771829873
OMP	0
ONECUT1	0
ONECUT2	0.005900687
ONECUT3	0.004318575
OOEP	0.024486643
OOEP-AS1	0
OOSP1	0
OOSP1P1	0
OOSP1P2	0
OOSP2	0
OPA1	6.264789289
OPA1-AS1	0.072277475
OPA3	3.623685178
OPALIN	0
OPCML	0.017369597
OPCML-IT1	0
OPCML-IT2	0
OPHN1	1.853460804
OPLAH	2.362079416
OPN1LW	0.009495613
OPN1MW	0
OPN1MW2	0
OPN1MW3	0
OPN1SW	2.982566923
OPN3	5.277312586
OPN4	0.004875394
OPN5	0
OPRD1	0.0217825
OPRK1	0.052169607
OPRL1	1.238221011
OPRM1	0
OPRPN	0
OPTC	0.008810867
OPTN	16.20843705
OR10A2	0
OR10A3	0.045142199
OR10A4	0
OR10A5	0
OR10A6	0
OR10A7	0
OR10AA1P	0
OR10AB1P	0.038296274
OR10AC1	0
OR10AD1	0.082579092
OR10AE1P	0
OR10AE3P	0
OR10AF1P	0
OR10AG1	0
OR10AK1P	0
OR10B1P	0
OR10C1	0
OR10D1P	0.063963506
OR10D3	0
OR10D4P	0.025181847
OR10D5P	0
OR10G1P	0.012916902
OR10G2	0
OR10G3	0
OR10G4	0
OR10G5P	0
OR10G6	0
OR10G7	0
OR10G8	0
OR10G9	0
OR10H1	0
OR10H2	0
OR10H3	0
OR10H4	0
OR10H5	0
OR10J1	0
OR10J2P	0
OR10J3	0
OR10J4	0
OR10J5	0
OR10J6P	0
OR10J7P	0
OR10J8P	0
OR10J9P	0
OR10K1	0
OR10K2	0
OR10N1P	0
OR10P1	0
OR10Q1	0.023093478
OR10Q2P	0
OR10R1P	0
OR10R2	0
OR10R3P	0
OR10S1	0
OR10T1P	0
OR10T2	0
OR10U1P	0
OR10V1	0
OR10V2P	0.062690934
OR10V3P	0.033031637
OR10W1	0
OR10X1	0
OR10Y1P	0.012293602
OR10Z1	0
OR11A1	0
OR11G1P	0
OR11G2	0
OR11H1	0
OR11H12	0
OR11H13P	0
OR11H2	0
OR11H3P	0
OR11H4	0
OR11H5P	0
OR11H6	0.030597875
OR11H7	0.012738264
OR11I1P	0
OR11J2P	0
OR11J5P	0
OR11K1P	0
OR11K2P	0
OR11L1	0
OR11M1P	0
OR11N1P	0
OR11Q1P	0
OR12D1	0
OR12D2	0
OR12D3	0
OR13A1	0.137695128
OR13C1P	0
OR13C2	0
OR13C3	0
OR13C4	0
OR13C5	0
OR13C6P	0
OR13C7	0.02497178
OR13C8	0
OR13C9	0
OR13D1	0
OR13D2P	0
OR13D3P	0
OR13E1P	0
OR13F1	0
OR13G1	0
OR13H1	0
OR13I1P	0
OR13J1	0.017884941
OR13K1P	0
OR13Z1P	0
OR13Z2P	0
OR13Z3P	0
OR14A16	0
OR14A2	0
OR14C36	0
OR14I1	0.012792701
OR14J1	0
OR14K1	0.025341732
OR14L1P	0.012902983
OR1A1	0
OR1A2	0
OR1AA1P	0
OR1AB1P	0
OR1AC1P	0
OR1B1	0
OR1C1	0
OR1D2	0
OR1D3P	0
OR1D4	0
OR1D5	0
OR1E1	0.009161414
OR1E2	0
OR1E3	0
OR1F1	0.012711219
OR1F12	0.026087077
OR1F2P	0
OR1G1	0
OR1H1P	0.015652246
OR1I1	0
OR1J1	0.024714073
OR1J2	0
OR1J4	0
OR1K1	0.012590924
OR1L1	0
OR1L3	0
OR1L4	0
OR1L6	0
OR1L8	0.167378052
OR1M1	0.011569052
OR1M4P	0
OR1N1	0
OR1N2	0.010738985
OR1P1	0
OR1Q1	0
OR1S1	0
OR1S2	0.012218335
OR1X1P	0
OR1X5P	0
OR2A1	0.077003012
OR2A12	0
OR2A13P	0.103001878
OR2A14	0.008420512
OR2A15P	0
OR2A1-AS1	1.028029045
OR2A2	0.011392929
OR2A20P	0.115094786
OR2A25	0.011808647
OR2A3P	0.037693499
OR2A4	0.012833835
OR2A41P	0
OR2A42	0.025667671
OR2A5	0.011820304
OR2A7	1.244606025
OR2A9P	0.093294329
OR2AD1P	0
OR2AE1	0.011180176
OR2AF1P	0
OR2AG1	0
OR2AG2	0.011201093
OR2AH1P	0
OR2AI1P	0
OR2AJ1	0
OR2AK2	0.010816593
OR2AL1P	0
OR2AM1P	0
OR2AO1P	0.02971208
OR2AP1	0
OR2AQ1P	0.059869842
OR2AS1P	0
OR2AS2P	0
OR2AT1P	0.064462817
OR2AT2P	0
OR2AT4	0
OR2B11	0.087859306
OR2B2	0
OR2B3	0
OR2B4P	0
OR2B6	0
OR2B7P	0.012820095
OR2B8P	0.051061699
OR2BH1P	0
OR2C1	0.051098016
OR2C3	0
OR2D2	0.010787359
OR2D3	0
OR2E1P	0
OR2F1	0
OR2F2	0
OR2G1P	0
OR2G2	0
OR2G3	0
OR2G6	0
OR2H1	0
OR2H2	0
OR2H4P	0
OR2H5P	0
OR2I1P	1.199922984
OR2J1	0
OR2J2	0
OR2J3	0
OR2J4P	0
OR2K2	0.011535615
OR2L13	0
OR2L1P	0.025530849
OR2L2	0.01275183
OR2L3	0
OR2L5	0
OR2L6P	0
OR2L8	0
OR2L9P	0
OR2M1P	0
OR2M2	0
OR2M3	0
OR2M4	0
OR2M5	0
OR2M7	0
OR2N1P	0
OR2P1P	0
OR2Q1P	0
OR2R1P	0.052402487
OR2S1P	0.390729492
OR2S2	0
OR2T1	0
OR2T10	0
OR2T11	0
OR2T12	0
OR2T2	0
OR2T27	0
OR2T29	0
OR2T3	0
OR2T32P	0
OR2T33	0
OR2T34	0
OR2T35	0
OR2T4	0
OR2T5	0
OR2T6	0
OR2T7	0
OR2T8	0.02550366
OR2U1P	0
OR2U2P	0
OR2V1	0
OR2V2	0
OR2W1	0.011647829
OR2W2P	0
OR2W3	0.430809442
OR2W4P	0
OR2W5	0
OR2W6P	0
OR2X1P	0
OR2Y1	0
OR2Z1	0
OR3A1	0
OR3A2	0.022256447
OR3A3	0
OR3A4P	0
OR3B1P	0
OR3D1P	0
OR4A11P	0
OR4A12P	0
OR4A13P	0
OR4A15	0
OR4A16	0
OR4A17P	0
OR4A18P	0
OR4A19P	0
OR4A1P	0
OR4A21P	0
OR4A2P	0
OR4A3P	0
OR4A40P	0
OR4A41P	0
OR4A42P	0
OR4A43P	0
OR4A44P	0
OR4A45P	0
OR4A46P	0
OR4A47	0
OR4A48P	0
OR4A49P	0
OR4A4P	0
OR4A5	0
OR4A50P	0
OR4A6P	0
OR4A7P	0
OR4A8	0
OR4A9P	0
OR4B1	0
OR4B2P	0
OR4C10P	0
OR4C11	0
OR4C12	0
OR4C13	0
OR4C14P	0
OR4C15	0
OR4C16	0
OR4C1P	0
OR4C2P	0
OR4C3	0
OR4C45	0
OR4C46	0
OR4C49P	0
OR4C4P	0
OR4C5	0
OR4C50P	0
OR4C6	0
OR4C7P	0
OR4C9P	0
OR4D1	0
OR4D10	0
OR4D11	0
OR4D12P	0
OR4D2	0
OR4D5	0
OR4D6	0
OR4D7P	0
OR4D8P	0
OR4D9	0
OR4E1	0
OR4E2	0
OR4F13P	0
OR4F14P	0
OR4F15	0
OR4F16	0
OR4F17	0
OR4F1P	0
OR4F21	0
OR4F28P	0
OR4F29	0
OR4F2P	0
OR4F3	0
OR4F4	0
OR4F5	0
OR4F6	0
OR4F7P	0
OR4F8P	0
OR4G11P	0
OR4G1P	0
OR4G2P	0
OR4G4P	0
OR4H12P	0
OR4K1	0
OR4K11P	0
OR4K12P	0
OR4K13	0
OR4K14	0
OR4K15	0
OR4K16P	0
OR4K17	0
OR4K2	0
OR4K3	0
OR4K4P	0
OR4K5	0
OR4K6P	0
OR4K7P	0
OR4K8P	0
OR4L1	0
OR4M1	0
OR4M2	0
OR4N1P	0
OR4N2	0
OR4N3P	0
OR4N4	0
OR4N5	0
OR4P1P	0
OR4P4	0
OR4Q2	0
OR4Q3	0
OR4R1P	0
OR4R2P	0
OR4R3P	0
OR4S1	0
OR4S2	0
OR4T1P	0
OR4U1P	0
OR4V1P	0
OR4X1	0
OR4X2	0
OR4X7P	0
OR51A10P	0.012779048
OR51A1P	0
OR51A2	0
OR51A3P	0
OR51A4	0
OR51A5P	0
OR51A6P	0
OR51A7	0
OR51A8P	0
OR51A9P	0
OR51AB1P	0.038625704
OR51B2	0
OR51B3P	0
OR51B4	0.097448369
OR51B5	0.012963517
OR51B5	0.02550366
OR51B6	0
OR51B8P	0
OR51C1P	0
OR51C4P	0
OR51D1	0
OR51E1	0.009939653
OR51E2	0.004169209
OR51F1	0
OR51F2	0
OR51F3P	0
OR51F4P	0
OR51G1	0
OR51G2	0
OR51H1	0
OR51H2P	0
OR51I1	0
OR51I2	0
OR51J1	0.025181847
OR51K1P	0
OR51L1	0
OR51M1	0
OR51N1P	0
OR51P1P	0
OR51Q1	0
OR51R1P	0
OR51S1	0
OR51T1	0
OR51V1	0
OR52A1	0
OR52A4P	0
OR52A5	0
OR52B1P	0
OR52B2	0
OR52B3P	0.038708949
OR52B4	0.010652997
OR52B5P	0.012590924
OR52B6	0.023757874
OR52D1	0.011243163
OR52E1	0
OR52E2	0
OR52E3P	0
OR52E4	0
OR52E5	0
OR52E6	0
OR52E7P	0
OR52E8	0
OR52H1	0.012434027
OR52H2P	0
OR52I1	0.022807559
OR52I2	0
OR52J1P	0
OR52J2P	0
OR52J3	0
OR52K1	0.011625212
OR52K2	0
OR52K3P	2.272895362
OR52L1	0.032835379
OR52L2P	0
OR52M1	0
OR52M2P	0.037457669
OR52N1	0
OR52N2	0.023138103
OR52N3P	0
OR52N4	0.323308691
OR52N5	0.01158024
OR52P1P	0.012434027
OR52P2P	0
OR52Q1P	0
OR52R1	0
OR52S1P	0
OR52T1P	0
OR52U1P	0
OR52V1P	0.080004243
OR52W1	0
OR52X1P	0
OR52Y1P	0
OR52Z1	0
OR55B1P	0.011808647
OR56A1	0
OR56A3	0.011716212
OR56A4	0
OR56A5	0
OR56A7P	0
OR56B1	0.012280993
OR56B2P	0.025102659
OR56B3P	0
OR56B4	0.020788139
OR5A1	0
OR5A2	0
OR5AC1	0
OR5AC2	0
OR5AC4P	0
OR5AH1P	0
OR5AK1P	0.015214699
OR5AK2	0.03606617
OR5AK3P	0.00923205
OR5AL1	0
OR5AL2P	0
OR5AM1P	0
OR5AN1	0
OR5AN2P	0
OR5AO1P	0
OR5AP1P	0
OR5AP2	0
OR5AQ1P	0
OR5AR1	0
OR5AS1	0
OR5AU1	0
OR5AW1P	0
OR5AZ1P	0.012697739
OR5B10P	0
OR5B12	0
OR5B15P	0
OR5B17	0
OR5B19P	0
OR5B1P	0
OR5B2	0
OR5B21	0.012861405
OR5B3	0
OR5BA1P	0.29264281
OR5BB1P	0
OR5BC1P	0
OR5BD1P	0
OR5BE1P	0
OR5BH1P	0
OR5BJ1P	0
OR5BK1P	0.072745858
OR5BL1P	0
OR5BM1P	0
OR5BN1P	0
OR5BN2P	0
OR5BP1P	0.021930345
OR5BQ1P	0
OR5BR1P	0
OR5BS1P	0
OR5BT1P	0.098725298
OR5C1	0
OR5D13	0
OR5D14	0
OR5D15P	0
OR5D16	0
OR5D17P	0
OR5D18	0
OR5D2P	0
OR5E1P	0.090418315
OR5F1	0
OR5F2P	0
OR5G1P	0
OR5G3	0
OR5G4P	0
OR5G5P	0
OR5H1	0
OR5H14	0
OR5H15	0
OR5H2	0
OR5H3P	0
OR5H4P	0
OR5H5P	0
OR5H6	0
OR5H7P	0
OR5H8	0
OR5I1	0
OR5J1P	0
OR5J2	0
OR5J7P	0
OR5K1	0.010915194
OR5K2	0.079073376
OR5K3	0
OR5K4	0
OR5L1	0
OR5L2	0
OR5M1	0
OR5M10	0
OR5M11	0
OR5M12P	0
OR5M13P	0
OR5M14P	0
OR5M2P	0
OR5M3	0
OR5M4P	0
OR5M5P	0
OR5M6P	0
OR5M7P	0
OR5M8	0
OR5M9	0
OR5P1P	0.025889661
OR5P2	0.044804372
OR5P3	0.012792701
OR5P4P	0.013057763
OR5R1	0
OR5S1P	0.012590924
OR5T1	0
OR5T2	0
OR5T3	0
OR5V1	0
OR5W1P	0
OR5W2	0
OR6A2	0
OR6B1	0
OR6B2	0
OR6B3	0
OR6C1	0
OR6C2	0
OR6C3	0
OR6C4	0
OR6C5P	0
OR6C6	0
OR6C64P	0
OR6C65	0
OR6C66P	0
OR6C68	0
OR6C69P	0
OR6C70	0
OR6C71P	0.013114971
OR6C72P	0
OR6C73P	0
OR6C74	0
OR6C75	0
OR6C76	0
OR6C7P	0
OR6D1P	0
OR6E1P	0.02594576
OR6F1	0
OR6J1	0
OR6K1P	0
OR6K2	0
OR6K3	0.012022057
OR6K4P	0.025076373
OR6K5P	0.012670866
OR6K6	0
OR6L1P	0
OR6L2P	0.012944831
OR6M1	0
OR6M2P	0
OR6M3P	0
OR6N1	0.01275183
OR6N2	0.012551329
OR6P1	0
OR6Q1	0
OR6R1P	0
OR6R2P	0
OR6S1	0
OR6T1	0
OR6V1	0
OR6W1P	0
OR6X1	0
OR6Y1	0
OR7A10	0
OR7A11P	0
OR7A15P	0
OR7A17	0
OR7A18P	0
OR7A19P	0.032671128
OR7A1P	0
OR7A2P	0
OR7A3P	0
OR7A5	0.018670429
OR7A8P	0
OR7C1	0.067395694
OR7C2	0
OR7D1P	0
OR7D2	0.02971208
OR7D4	0
OR7E100P	0.047188052
OR7E101P	0
OR7E102P	0.070782079
OR7E105P	0
OR7E106P	0
OR7E108P	0
OR7E109P	0.014004641
OR7E10P	0.012082713
OR7E110P	0.020860572
OR7E111P	0
OR7E115P	0.023386657
OR7E116P	0
OR7E117P	0
OR7E11P	0.025155396
OR7E121P	0
OR7E122P	0.164833389
OR7E125P	0
OR7E126P	0.067420993
OR7E128P	0.035079985
OR7E129P	0
OR7E12P	0.209206024
OR7E130P	0
OR7E136P	0.047188052
OR7E13P	0.052632828
OR7E140P	0.011670534
OR7E145P	0
OR7E148P	0
OR7E149P	0
OR7E14P	1.311018428
OR7E154P	0
OR7E155P	0.035425942
OR7E156P	0
OR7E157P	0
OR7E158P	0.026316414
OR7E159P	0
OR7E15P	0.012382594
OR7E160P	0
OR7E161P	0
OR7E162P	0.01163651
OR7E163P	0
OR7E16P	0
OR7E18P	0
OR7E19P	0
OR7E1P	0.012498923
OR7E21P	0
OR7E22P	0.290865627
OR7E23P	0.022851085
OR7E24	0
OR7E25P	0
OR7E26P	0
OR7E28P	0.012280993
OR7E29P	0.198025937
OR7E2P	0.040407092
OR7E31P	0
OR7E33P	0
OR7E35P	0.013591337
OR7E36P	0.414193872
OR7E37P	0
OR7E38P	1.276412865
OR7E39P	0
OR7E41P	0
OR7E43P	0
OR7E46P	0
OR7E47P	9.610488883
OR7E47P	0.346685051
OR7E4P	0
OR7E53P	0
OR7E55P	0
OR7E59P	0
OR7E5P	0
OR7E62P	0
OR7E66P	0
OR7E7P	0.449615411
OR7E83P	0
OR7E85P	0
OR7E86P	0
OR7E87P	0.012889094
OR7E89P	0
OR7E8P	0
OR7E90P	0
OR7E91P	0.096787273
OR7E93P	0
OR7E94P	0.129994831
OR7E96P	0
OR7E97P	0
OR7E99P	0
OR7G1	0
OR7G15P	0
OR7G2	0.011535615
OR7G3	0
OR7H1P	0
OR7H2P	0
OR7K1P	0
OR7L1P	0
OR7M1P	0.067395694
OR8A1	0
OR8A2P	0
OR8A3P	0
OR8B10P	0
OR8B12	0
OR8B1P	0
OR8B2	0
OR8B3	0
OR8B4	0
OR8B5P	0
OR8B6P	0
OR8B7P	0
OR8B8	0
OR8B9P	0
OR8C1P	0
OR8D1	0
OR8D2	0
OR8D4	0
OR8F1P	0
OR8G1	0
OR8G2P	0
OR8G3P	0
OR8G5	0
OR8G7P	0
OR8H1	0
OR8H2	0
OR8H3	0
OR8I1P	0
OR8I2	0
OR8I4P	0
OR8J1	0
OR8J2	0
OR8J3	0
OR8K1	0
OR8K2P	0
OR8K3	0
OR8K4P	0
OR8K5	0
OR8L1P	0
OR8Q1P	0
OR8R1P	0.015672733
OR8S21P	0.063691321
OR8T1P	0.365219077
OR8U1	0
OR8V1P	0
OR8X1P	0
OR9A1P	0
OR9A2	0.02307123
OR9A3P	0.013637777
OR9A4	0.021910281
OR9G1	0
OR9G2P	0.013606782
OR9G3P	0
OR9G4	0
OR9H1P	0.012916902
OR9I1	0
OR9I2P	0
OR9I3P	0
OR9K1P	0
OR9K2	0
OR9L1P	0
OR9M1P	0
OR9N1P	0
OR9P1P	0
OR9Q1	0
OR9Q2	0
OR9R1P	0
OR9S24P	0
ORAI1	14.51486344
ORAI2	4.292208759
ORAI3	3.193964304
ORAOV1	1.664065209
ORAOV1P1	0.303138438
ORC1	0.367904633
ORC2	3.248464752
ORC3	6.176866816
ORC4	2.752065178
ORC5	2.546558243
ORC6	0.202854418
ORM1	3.601493242
ORM2	1.575522145
ORMDL1	9.496282595
ORMDL2	9.510995465
ORMDL3	20.19809313
OS9	60.60648729
OSBP	13.4805255
OSBP2	0.918599957
OSBPL10	2.073648152
OSBPL10-AS1	0.01557083
OSBPL11	13.86820381
OSBPL1A	7.267670366
OSBPL2	4.328382919
OSBPL3	3.623234113
OSBPL5	4.947721969
OSBPL6	2.304931562
OSBPL7	1.636126527
OSBPL8	7.374704333
OSBPL9	12.04689597
OSBPL9P1	0
OSBPL9P2	0
OSBPL9P3	0
OSBPL9P4	0
OSBPL9P5	0
OSCAR	19.61570432
OSCP1	6.897486764
OSER1	15.32416154
OSER1-AS1	2.760695346
OSGEP	5.289275259
OSGEPL1	1.594078393
OSGEPL1-AS1	0.362003693
OSGIN1	3.156144247
OSGIN2	16.03606223
OSM	1.04786383
OSMR	20.31936021
OSMR-AS1	0.41759101
OSR1	1.881011408
OSR2	1.103403223
OST4	103.9187235
OSTC	27.74672804
OSTCP1	0.039066781
OSTCP2	0.107873588
OSTCP4	0.053336162
OSTCP5	0
OSTCP6	0
OSTCP8	0.053455216
OSTF1	47.03345701
OSTF1P1	0
OSTM1	9.196907112
OSTM1-AS1	0
OSTN	0.070675799
OSTN-AS1	0.046500848
OTC	0.377727707
OTOA	0.084709722
OTOF	0.044038691
OTOG	0.001118122
OTOGL	0.081445846
OTOL1	0
OTOP1	0
OTOP2	0
OTOP3	0
OTOR	0
OTOS	0
OTP	0
OTUB1	13.53579026
OTUB2	0.24781496
OTUD1	14.65616987
OTUD3	3.434531178
OTUD4	8.118838169
OTUD4P1	0.031233044
OTUD5	20.23440635
OTUD6A	0
OTUD6B	2.571226787
OTUD6B-AS1	3.307836144
OTUD7A	0.320007666
OTUD7B	4.148655028
OTULIN	2.780118018
OTX1	0.225456469
OTX2	0
OTX2-AS1	0
OTX2P1	0
OVAAL	0
OVCA2	0
OVCH1	0.765390091
OVCH1-AS1	0.130081133
OVCH2	1.588500585
OVGP1	1.00754856
OVOL1	0.19287764
OVOL1-AS1	0
OVOL2	2.180088023
OVOL3	0.154835797
OXA1L	17.29395689
OXCT1	4.393881073
OXCT1-AS1	0.086977978
OXCT2	0.118034737
OXCT2P1	0.039003154
OXER1	0.900904971
OXGR1	0.234165608
OXLD1	6.076788915
OXNAD1	1.402692924
OXR1	6.05040385
OXSM	2.191534827
OXSR1	10.04236519
OXT	0
OXTR	2.721597581
P2RX1	3.061354617
P2RX2	0.097299895
P2RX3	0.03206495
P2RX4	5.133587588
P2RX5	0.037150737
P2RX5-TAX1BP3	0.202776771
P2RX6	0.124043223
P2RX6P	0
P2RX7	3.504102156
P2RY1	2.832437145
P2RY10	0.577778837
P2RY10BP	0
P2RY11	2.718273415
P2RY12	1.900118693
P2RY13	5.722725084
P2RY14	3.806998804
P2RY2	2.264214209
P2RY4	0.060057521
P2RY6	0.406560795
P2RY8	2.290602145
P3H1	4.468558967
P3H2	21.06392997
P3H2-AS1	0.787329423
P3H3	3.77618518
P3H4	2.558075047
P4HA1	20.44052785
P4HA2	7.602385429
P4HA2-AS1	0.114173714
P4HA3	0.89304478
P4HA3-AS1	0.011102428
P4HB	98.03615989
P4HTM	5.895310662
PA2G4	24.26976659
PA2G4P1	0.02000663
PA2G4P2	0.009978307
PA2G4P3	0
PA2G4P4	0.060781565
PA2G4P6	0.040013261
PAAF1	1.80431726
PABPC1	143.6750208
PABPC1L	2.47455605
PABPC1L2A	0
PABPC1L2B	0
PABPC1L2B-AS1	0
PABPC1P1	0.12156313
PABPC1P10	0.125710953
PABPC1P11	0
PABPC1P12	0
PABPC1P13	0
PABPC1P2	0
PABPC1P3	1.226092615
PABPC1P4	0.510889314
PABPC1P5	0
PABPC1P6	0
PABPC1P7	0.047484342
PABPC1P8	0.005740157
PABPC1P9	0
PABPC3	0.120199268
PABPC4	18.13397648
PABPC4L	0.414148176
PABPC5	0.301952244
PABPC5-AS1	0.028107907
PABPN1	15.95293404
PABPN1L	0.027337827
PACERR	0.304791921
PACRG	3.231871231
PACRG-AS1	0.054625768
PACRG-AS2	0
PACRG-AS3	0.158187221
PACRGL	2.545062212
PACS1	9.570429686
PACS2	6.038800646
PACSIN1	0.047327938
PACSIN2	31.30924166
PACSIN3	8.118977056
PADI1	0.004884344
PADI2	1.604799897
PADI3	0.026283405
PADI4	0.197483826
PADI6	0
PAEP	0.049411148
PAEPP1	0
PAF1	27.66399574
PAFAH1B1	24.38552349
PAFAH1B2	13.15383568
PAFAH1B3	4.522936583
PAFAH2	5.929221855
PAG1	8.510935469
PAGE1	0
PAGE2	0
PAGE2B	0
PAGE3	0
PAGE4	0.012280993
PAGE5	0.026058691
PAGR1	3.123643906
PAH	0.005007933
PAICS	5.119640034
PAICSP1	0.245973055
PAICSP2	0
PAICSP3	0.02050337
PAICSP4	0
PAICSP5	0
PAICSP6	0
PAICSP7	0.012446953
PAIP1	12.3977006
PAIP1P1	0.258789007
PAIP2	20.23972223
PAIP2B	1.453123722
PAK1	5.579234319
PAK1IP1	8.587996157
PAK2	18.40782783
PAK3	0.188109277
PAK4	7.945060347
PAK5	0.087454425
PAK6	0.083448749
PALB2	1.874164409
PALD1	10.35728543
PALLD	23.81415587
PALM	7.385458986
PALM2	0.050870592
PALM2-AKAP2	0.10947795
PALM3	4.122108315
PALMD	9.677650512
PAM	22.89889462
PAM16	2.803807937
PAMR1	2.095366962
PAN2	5.214788063
PAN3	7.223590451
PAN3-AS1	0.815399766
PANCR	0.014391789
PANDAR	0
PANK1	0.556527723
PANK2	5.000177568
PANK3	6.441949678
PANK4	4.656150306
PANO1	0.149674604
PANX1	7.740485109
PANX2	0.930279291
PANX3	0
PAOX	2.192861126
PAPD4	7.508730306
PAPD5	2.693554756
PAPD7	8.208874358
PAPLN	3.001657206
PAPOLA	12.77404624
PAPOLB	0.002809472
PAPOLG	1.747993726
PAPPA	0.219345138
PAPPA2	0.086545608
PAPPA-AS1	0
PAPPA-AS2	0.012916902
PAPSS1	26.64362873
PAPSS2	45.70812393
PAQR3	0.980855583
PAQR4	2.026549818
PAQR5	5.506024629
PAQR6	0.697131406
PAQR7	4.699519256
PAQR8	6.177592112
PAQR9	0.002872144
PAQR9-AS1	0
PARAL1	6.333720687
PARD3	8.115015523
PARD3-AS1	0.23789341
PARD3B	4.313488871
PARD6A	2.856692707
PARD6B	9.28071221
PARD6G	1.638483352
PARD6G-AS1	0.19047716
PARG	3.020923179
PARGP1	0.692955229
PARK7	51.12789554
PARL	19.0500302
PARM1	33.26260882
PARN	12.56419586
PARP1	13.71937169
PARP10	11.74770734
PARP11	1.701462271
PARP12	9.276253251
PARP14	15.18680249
PARP15	1.719885406
PARP16	2.630082944
PARP1P1	0.007914057
PARP1P2	0
PARP2	3.607391819
PARP3	9.577538856
PARP4	20.4148282
PARP4P1	0.194698672
PARP4P2	0.057601772
PARP4P3	0.075545541
PARP6	5.49377366
PARP8	3.253070944
PARP9	9.929632253
PARPBP	0.262443141
PARS2	1.122400097
PART1	0.013506322
PARVA	13.11304004
PARVB	4.973652916
PARVG	5.530490444
PASD1	0.002703538
PASK	1.266197285
PATE1	0
PATE2	0
PATE3	0
PATE4	0
PATJ	6.579609726
PATL1	14.11237686
PATL2	0.614886237
PATZ1	6.490719514
PAUPAR	0
PAWR	4.091550534
PAWRP1	0.042385729
PAX1	0.069532865
PAX2	0
PAX3	0.005168991
PAX4	0
PAX5	0.008980797
PAX6	0.280272834
PAX7	0
PAX8	1.682827978
PAX8-AS1	3.046432234
PAX9	0.611098962
PAXBP1	3.597835457
PAXBP1-AS1	0.603729494
PAXBP1P1	0
PAXIP1	1.27525308
PAXIP1-AS1	2.850186605
PAXIP1-AS2	2.572752437
PAXX	10.75642508
PBDC1	18.69374735
PBK	0.370556987
PBLD	1.365939927
PBOV1	0.028668719
PBRM1	7.512567436
PBX1	4.260115789
PBX2	15.79990477
PBX2P1	0.04637478
PBX3	6.678349291
PBX4	0.886092408
PBXIP1	50.99274999
PC	1.612152304
PCA3	0.006106052
PCAT1	0.124136172
PCAT14	0.095089547
PCAT18	0.004608918
PCAT19	4.501028251
PCAT2	0
PCAT4	0
PCAT5	0
PCAT6	0.807233818
PCAT7	0.246885944
PCBD1	29.43786012
PCBD2	1.070326828
PCBP1	101.9497873
PCBP1-AS1	0.87337523
PCBP2	27.67488334
PCBP2P1	0
PCBP2P3	0.014203996
PCBP3	0.154321794
PCBP4	6.058451137
PCCA	3.418916246
PCCA-AS1	0.142039956
PCCB	3.376620908
PCDH1	12.85431766
PCDH10	0.110771875
PCDH11X	0.013367247
PCDH11Y	0.002051742
PCDH12	7.331860945
PCDH15	0.945005508
PCDH17	13.31431643
PCDH18	1.189158683
PCDH19	0.115370338
PCDH20	0.067663697
PCDH7	0.994164892
PCDH8	0
PCDH8P1	0
PCDH9	0.677947016
PCDH9-AS1	0
PCDH9-AS2	0
PCDH9-AS3	0
PCDH9-AS4	0
PCDHA1	0.034241911
PCDHA10	0.210787146
PCDHA11	0.224845363
PCDHA12	0.83866078
PCDHA13	0.114059093
PCDHA14	0
PCDHA2	0.06131368
PCDHA3	0.250393975
PCDHA4	0.10334675
PCDHA5	0.043762043
PCDHA6	0.066381041
PCDHA7	0.068268997
PCDHA8	0.013105401
PCDHA9	0.013073315
PCDHAC1	0.417355657
PCDHAC2	0.621630517
PCDHB1	0.053963073
PCDHB10	0.786425884
PCDHB11	0.524823766
PCDHB12	0.753973746
PCDHB13	0.669557999
PCDHB14	1.59719047
PCDHB15	1.570894025
PCDHB16	1.249832325
PCDHB17P	0.058581058
PCDHB18P	0.284648605
PCDHB19P	0.088496552
PCDHB2	1.126005745
PCDHB3	0.479256716
PCDHB4	1.192701157
PCDHB5	1.756744176
PCDHB6	0.634261028
PCDHB7	1.672857192
PCDHB8	0.559367862
PCDHB9	0.371559152
PCDHGA1	0.082354548
PCDHGA10	0.679540276
PCDHGA11	0.22036715
PCDHGA12	1.350335367
PCDHGA2	0.696285188
PCDHGA3	0.23574671
PCDHGA4	0.512084996
PCDHGA5	0.313290641
PCDHGA6	0.323948068
PCDHGA7	0.31238352
PCDHGA8	0.022120251
PCDHGA9	0.862307256
PCDHGB1	0.248360122
PCDHGB2	0.713065003
PCDHGB3	0.198852953
PCDHGB4	0.331165356
PCDHGB5	1.36499783
PCDHGB6	0.609115167
PCDHGB7	2.652308727
PCDHGB8P	0.045845336
PCDHGB9P	0.067767343
PCDHGC3	9.668229932
PCDHGC4	0.089070532
PCDHGC5	0.153573942
PCED1A	10.31162755
PCED1B	5.214027452
PCED1B-AS1	4.213349779
PCED1CP	0
PCF11	7.277515859
PCF11-AS1	0
PCGEM1	0
PCGF1	5.333403152
PCGF2	9.450260944
PCGF3	5.628168268
PCGF5	8.114792631
PCGF6	2.240823001
PCGF7P	0
PCID2	5.015525728
PCIF1	18.00372992
PCK1	0.012291799
PCK2	10.66194838
PCLAF	0.349534693
PCLO	0.504652011
PCM1	12.27652964
PCMT1	21.6563085
PCMTD1	9.143579239
PCMTD1P1	0
PCMTD1P2	0
PCMTD1P3	0.050737154
PCMTD2	8.709429673
PCNA	24.03747682
PCNAP1	0
PCNAP3	0
PCNAP4	0
PCNP	36.81358341
PCNPP1	0.468648466
PCNPP2	0
PCNPP3	0.025422438
PCNPP4	0
PCNPP5	0.074681715
PCNT	3.327243337
PCNX1	4.285269423
PCNX2	0.679521618
PCNX3	7.691757613
PCNX4	2.419021907
PCOLCE	20.91715301
PCOLCE2	9.54476669
PCOLCE-AS1	0.163784409
PCOTH	0.25943598
PCP2	0.794268236
PCP4	0.054131864
PCP4L1	2.926222592
PCSK1	0.038356409
PCSK1N	0.333830371
PCSK2	0.324809539
PCSK4	0.647326873
PCSK5	2.49657946
PCSK6	0.925199221
PCSK6-AS1	0.018738605
PCSK7	1.605799184
PCSK9	3.247707525
PCTP	2.962946239
PCYOX1	47.1186872
PCYOX1L	1.706620956
PCYT1A	8.831139322
PCYT1B	0.631570245
PCYT1B-AS1	0
PCYT2	3.932294942
PDAP1	29.31398618
PDC	0.062597295
PDCD1	0.696687844
PDCD10	8.31048243
PDCD11	5.441975571
PDCD1LG2	3.85293441
PDCD2	5.391613894
PDCD2L	1.882699419
PDCD4	15.02605304
PDCD4-AS1	1.246647086
PDCD5	11.39998314
PDCD5P1	0.193753532
PDCD5P2	0
PDCD6	6.401336685
PDCD6IP	20.91668639
PDCD6IPP1	0.27998367
PDCD6IPP2	0.111884906
PDCD7	5.757632936
PDCL	7.971230887
PDCL2	0.027814096
PDCL2P1	0
PDCL2P2	0
PDCL3	8.089458653
PDCL3P1	0.016313308
PDCL3P3	0
PDCL3P4	2.012291896
PDCL3P5	1.127742167
PDCL3P6	0.03392059
PDCL3P7	0
PDE10A	0.304488666
PDE11A	0.018203344
PDE12	4.507469012
PDE1A	1.363691424
PDE1B	2.6327641
PDE1C	0.470433745
PDE2A	4.594856119
PDE3A	1.538451036
PDE3B	1.884005263
PDE4A	7.140059644
PDE4B	2.748305544
PDE4C	1.438504162
PDE4D	3.883914996
PDE4DIP	3.037381744
PDE4DIPP1	0.036483755
PDE5A	5.933698463
PDE6A	0.913994074
PDE6B	1.617403898
PDE6C	0.122995445
PDE6D	5.150907068
PDE6G	1.043845626
PDE6H	0.096176452
PDE7A	3.965520278
PDE7B	1.093485501
PDE8A	5.618017085
PDE8B	1.488124229
PDE9A	2.091920023
PDF	0.651433509
PDGFA	19.19988751
PDGFB	25.98233325
PDGFC	4.495857937
PDGFD	4.350597954
PDGFRA	8.736862817
PDGFRB	37.37482022
PDGFRL	1.759561968
PDHA1	11.05719886
PDHA1P1	0.011190625
PDHA2	0
PDHB	10.32396207
PDHX	5.238611134
PDIA2	0.143815456
PDIA3	85.88780615
PDIA3P1	2.751633776
PDIA3P2	0
PDIA4	39.84989269
PDIA5	7.243805144
PDIA6	32.64300552
PDIK1L	2.270697407
PDILT	0
PDK1	0.559155276
PDK2	4.059046362
PDK3	2.297046981
PDK4	28.27753701
PDLIM1	167.1061133
PDLIM1P1	0.049428146
PDLIM1P2	0
PDLIM1P3	0
PDLIM1P4	0.404686802
PDLIM2	8.362832885
PDLIM3	9.046472928
PDLIM4	3.777501906
PDLIM5	8.079459408
PDLIM7	13.00644118
PDP1	5.269999258
PDP2	1.118085754
PDPK1	3.430214241
PDPK2P	0.148795359
PDPN	19.73912067
PDPR	7.04371424
PDRG1	6.688162477
PDS5A	10.88587171
PDS5B	3.563551573
PDSS1	2.388668869
PDSS1P1	0.010748625
PDSS1P2	0
PDSS2	5.422749783
PDX1	0
PDXDC1	10.85800973
PDXDC2P	0.048656687
PDXK	15.3454164
PDXP	0.152188431
PDYN	0.00420582
PDYN-AS1	0.013289643
PDZD11	13.18597802
PDZD2	7.808111285
PDZD3	0.081349144
PDZD4	2.143232751
PDZD7	0.187189678
PDZD8	5.136894206
PDZD9	0.170928173
PDZK1	0.096564261
PDZK1IP1	22.83214262
PDZPH1P	0
PDZRN3	3.653075076
PDZRN3-AS1	0.02247929
PDZRN4	0.287208136
PEA15	89.27562043
PEAK1	5.771607201
PEAK3	0.353543742
PEAR1	6.803292661
PEBP1	171.8668069
PEBP1P1	0
PEBP1P2	0.150211072
PEBP1P3	0.043700614
PEBP4	111.3155594
PECAM1	112.7318483
PECR	4.383932456
PEF1	40.37921059
PEG10	10.50429751
PEG3	0.822097199
PELI1	17.01900028
PELI2	4.12356156
PELI3	4.019788647
PELO	7.747699888
PELP1	7.828502921
PEMT	10.50506871
PENK	1.961582073
PEPD	13.01668578
PER1	36.38191598
PER2	12.56770441
PER3	5.529403811
PERM1	0.125894527
PERP	31.57052576
PES1	12.4705845
PES1P1	0
PES1P2	0
PET100	7.071113716
PET117	2.203797848
PEX1	2.74292203
PEX10	3.245517406
PEX11A	2.503544934
PEX11B	13.08797733
PEX11G	4.198239911
PEX12	2.205620866
PEX12P1	0
PEX13	7.261370966
PEX14	8.303817085
PEX16	6.744050519
PEX19	16.15854947
PEX2	8.434069042
PEX26	2.053704317
PEX3	7.517410345
PEX5	9.261934303
PEX5L	0.05381033
PEX5L-AS1	0.043436403
PEX5L-AS2	0
PEX6	10.06100795
PEX7	4.07832708
PF4	0.118946705
PF4V1	0.229386366
PFAS	2.777457337
PFDN1	26.33051194
PFDN2	46.21562656
PFDN4	4.89871716
PFDN5	68.04260629
PFDN6	6.520196761
PFKFB1	0.093092076
PFKFB2	8.010827869
PFKFB3	40.42880085
PFKFB4	1.456796864
PFKL	17.29960736
PFKM	6.184248869
PFKP	8.497654927
PFN1	248.6873297
PFN1P1	0.594452327
PFN1P10	0
PFN1P11	0.153907048
PFN1P12	0
PFN1P2	0.168373811
PFN1P3	0.059571982
PFN1P4	0.059571982
PFN1P6	0.330109402
PFN1P8	0
PFN1P9	0
PFN2	11.42400116
PFN3	0
PFN4	0.340169554
PGA3	0
PGA4	0
PGA5	0.008221056
PGAM1	10.31868842
PGAM1P1	0
PGAM1P10	0.031469036
PGAM1P11	0.052826331
PGAM1P12	0
PGAM1P13	0
PGAM1P2	0.049547455
PGAM1P3	0.042385729
PGAM1P4	0
PGAM1P5	0.101174215
PGAM1P6	0
PGAM1P7	0.129975233
PGAM1P8	0.137339484
PGAM1P9	0
PGAM2	0
PGAM3P	0
PGAM4	0.093913477
PGAM4P1	0
PGAM4P2	0
PGAM5	6.538416904
PGAM5P1	0
PGAP1	1.959223088
PGAP2	4.952998262
PGAP3	11.7618375
PGBD1	1.900384647
PGBD2	1.315135933
PGBD4	0.333213879
PGBD4P1	0.088260209
PGBD4P2	0
PGBD4P3	0.164873918
PGBD4P4	0
PGBD4P5	0
PGBD4P6	0
PGBD4P8	0
PGBD5	0.76704374
PGC	215.6615171
PGCP1	0
PGD	51.38390715
PGDP1	0.008309485
PGF	1.930054267
PGGHG	14.63965593
PGGT1B	3.274280681
PGGT1BP1	0.035114277
PGGT1BP2	0.011647829
PGK1	65.65670673
PGK1P2	0.098632358
PGK2	0.009548619
PGLS	12.28099313
PGLYRP1	0.232827161
PGLYRP2	0.0075119
PGLYRP3	0
PGLYRP4	0.079053488
PGM1	24.06504144
PGM2	8.324235526
PGM2L1	1.889769148
PGM3	5.824556089
PGM5	3.779555845
PGM5-AS1	0.376664566
PGM5P2	0.278183102
PGM5P3-AS1	0.227164651
PGM5P4	1.665733494
PGM5P4-AS1	0.200261491
PGP	5.093437196
PGPEP1	4.184519775
PGPEP1L	0.037988478
PGR	0.693122692
PGRMC1	56.98086429
PGRMC2	15.37254599
PGS1	10.74642553
PHACTR1	5.163773832
PHACTR2	7.957397505
PHACTR2-AS1	0.007047656
PHACTR2P1	0.050808918
PHACTR3	1.170875326
PHACTR4	6.704753781
PHAX	7.241492293
PHB	17.1466727
PHB2	46.83695086
PHB2P1	0
PHBP1	0.014819268
PHBP10	0.015272919
PHBP11	0
PHBP12	0.118115594
PHBP13	0
PHBP14	0
PHBP15	0
PHBP16	0
PHBP17	0
PHBP18	0
PHBP19	0.206447729
PHBP2	0.04456812
PHBP20	0
PHBP21	0.058196687
PHBP3	0.02924046
PHBP4	0.085834898
PHBP5	0
PHBP6	0
PHBP7	0.02942007
PHBP8	0.016515818
PHBP9	0.478958732
PHC1	2.335808596
PHC1P1	0.383354751
PHC2	33.39954938
PHC3	2.426782748
PHEX	0.607701399
PHEX-AS1	0.0125645
PHF1	16.44922231
PHF10	13.55563994
PHF11	6.942972327
PHF12	3.261087303
PHF13	9.970174642
PHF14	4.166946459
PHF19	2.905905868
PHF2	13.87681656
PHF20	7.432315251
PHF20L1	2.124010031
PHF21A	3.7912216
PHF21B	0.01873209
PHF23	11.09625018
PHF24	0.096813437
PHF2P2	0
PHF3	8.146867432
PHF5A	16.43390792
PHF5CP	0
PHF6	2.313831949
PHF7	1.293174746
PHF8	4.05994023
PHGDH	2.523862049
PHGR1	0.012724727
PHIP	4.941566002
PHKA1	1.474589483
PHKA1-AS1	0.020023358
PHKA1P1	0.173535773
PHKA2	3.641656547
PHKA2-AS1	0.218878991
PHKB	7.638950174
PHKBP1	0
PHKBP2	0.033824769
PHKG1	0.784680762
PHKG1P1	0
PHKG1P2	0
PHKG1P4	0
PHKG2	3.319989614
PHLDA1	6.330517882
PHLDA2	10.82045513
PHLDA3	21.98661739
PHLDB1	3.964495905
PHLDB2	9.354508231
PHLDB3	1.414890171
PHLPP1	2.022293488
PHLPP2	1.145352768
PHOSPHO1	0.332750277
PHOSPHO2	1.899097124
PHOX2A	0
PHOX2B	0
PHPT1	26.99342483
PHRF1	9.165720929
PHTF1	2.798935967
PHTF2	2.905550024
PHYH	9.363848625
PHYHD1	10.89774886
PHYHIP	0.422103919
PHYHIPL	0.046807597
PHYKPL	4.895332198
PI15	0.108762988
PI16	1.494178721
PI3	1.929946365
PI4K2A	11.21362561
PI4K2B	6.227140014
PI4KA	8.947672993
PI4KAP1	0.432973916
PI4KAP2	0.658456111
PI4KB	16.10209044
PIANP	0.17231369
PIAS1	5.27027948
PIAS2	1.298028173
PIAS3	6.511546136
PIAS4	5.083846115
PIBF1	5.056488849
PICALM	46.53486842
PICK1	6.812916764
PICSAR	2.630025781
PID1	12.8958642
PIDD1	1.646446145
PIEZO1	17.84457718
PIEZO1P1	0
PIEZO1P2	0
PIEZO2	2.188267795
PIF1	0.16459063
PIFO	13.04743836
PIGA	9.551045728
PIGB	2.264561597
PIGBOS1	6.401561467
PIGC	4.241878533
PIGCP1	1.966674124
PIGCP2	0
PIGF	1.804032991
PIGFP1	0.055010574
PIGFP2	0
PIGFP3	0
PIGG	4.114780848
PIGH	3.910537848
PIGHP1	0.2967001
PIGK	6.856850706
PIGL	1.290281557
PIGM	3.260334968
PIGN	3.24368388
PIGO	5.634026979
PIGP	1.922363711
PIGPP2	0
PIGPP3	0.028852936
PIGPP4	0
PIGQ	9.212756223
PIGQP1	0
PIGR	99.41731957
PIGS	11.43424018
PIGT	49.03014534
PIGU	7.007316757
PIGUP1	0.023710828
PIGV	3.798955645
PIGW	3.341075115
PIGX	3.344954709
PIGY	0
PIGZ	1.249230577
PIH1D1	10.97104511
PIH1D2	1.887569781
PIH1D3	2.170320511
PIK3AP1	7.948981244
PIK3C2A	9.945783105
PIK3C2B	5.026675456
PIK3C2G	0.109129838
PIK3C3	2.729673581
PIK3CA	3.55109399
PIK3CB	5.15567043
PIK3CD	3.846344209
PIK3CD-AS1	0.045977936
PIK3CD-AS2	0.777861626
PIK3CDP1	0
PIK3CG	2.015180501
PIK3IP1	22.09126347
PIK3IP1-AS1	0.154006023
PIK3R1	7.000662253
PIK3R2	0.124397991
PIK3R3	8.12484651
PIK3R4	7.289955034
PIK3R5	6.495869829
PIK3R6	0.984391895
PIKFYVE	3.940841674
PILRA	15.34649677
PILRB	1.327440275
PIM1	34.56241507
PIM2	8.192258649
PIM3	43.94509619
PIMREG	0.212078787
PIN1	8.242911223
PIN1P1	0
PIN4	3.651000558
PIN4P1	0.151186469
PINCR	0
PINK1	7.168039339
PINK1-AS	1.204673381
PINLYP	0.835159134
PINX1	2.234969816
PIP	2.92697003
PIP4K2A	10.59959773
PIP4K2B	12.56925116
PIP4K2C	15.81405878
PIP4P1	7.364478534
PIP4P2	2.288566675
PIP5K1A	16.17870315
PIP5K1B	6.096546693
PIP5K1C	11.69849906
PIP5K1P1	0
PIP5K1P2	0
PIP5KL1	0.680950008
PIPOX	0.548696256
PIPSL	0.196587539
PIR	4.371070436
PIRT	0
PISD	8.902676555
PISRT1	0
PITHD1	19.18792817
PITPNA	28.2329353
PITPNA-AS1	1.855744165
PITPNB	13.05720506
PITPNC1	3.096478311
PITPNM1	6.777017261
PITPNM2	3.029762966
PITPNM2-AS1	0.052310914
PITPNM3	2.078994214
PITRM1	10.4710028
PITRM1-AS1	0.282223967
PITX1	0.989020452
PITX2	0.002127193
PITX3	0.017216346
PIWIL1	0.018142376
PIWIL2	0.116595762
PIWIL3	0
PIWIL4	0.70929606
PJA1	7.736789274
PJA2	34.16149976
PJVK	0.341138698
PKD1	4.621078206
PKD1L1	0.273676357
PKD1L2	0.017989543
PKD1L3	0.080609519
PKD1P1	0.005278752
PKD1P5	0.067485197
PKD1P6	0.993351652
PKD2	11.34891758
PKD2L1	0.359414383
PKD2L2	0.036027414
PKDCC	6.946426963
PKDREJ	0.046694274
PKHD1	0.117311137
PKHD1L1	0.454431635
PKIA	2.490789897
PKIA-AS1	0.018033085
PKIB	1.604902512
PKIG	34.41556435
PKLR	0
PKM	77.22518026
PKMP1	0.031448374
PKMP2	0
PKMP3	0.98806172
PKMP4	0.039130615
PKMP5	0.022437167
PKMYT1	0.190289524
PKN1	29.91672324
PKN2	9.414938397
PKN2-AS1	0.059986482
PKN3	4.580264617
PKNOX1	2.671007233
PKNOX2	4.983353894
PKNOX2-AS1	0.102166965
PKP1	0.89452927
PKP2	1.377099862
PKP3	7.307061197
PKP4	7.872019898
PKP4-AS1	0.093769585
PKP4P1	0
PLA1A	5.677031295
PLA2G10	2.017120109
PLA2G12A	6.472539103
PLA2G12AP1	0.147566511
PLA2G12AP2	0
PLA2G12B	0.987215472
PLA2G15	11.71378127
PLA2G16	22.37403872
PLA2G1B	34.43923486
PLA2G2A	0.568497012
PLA2G2C	0.007261351
PLA2G2D	0.634204961
PLA2G2E	0
PLA2G2F	0
PLA2G3	1.207608224
PLA2G4A	3.715053819
PLA2G4B	0.080796007
PLA2G4C	1.517342423
PLA2G4C-AS1	0.041147657
PLA2G4D	0.020974254
PLA2G4E	0.322842697
PLA2G4E-AS1	0.043123535
PLA2G4F	24.22653787
PLA2G5	1.869353702
PLA2G6	1.881674214
PLA2G7	2.860513652
PLA2R1	1.663288611
PLAA	7.923913119
PLAC1	0
PLAC4	0.044263845
PLAC8	11.759537
PLAC8L1	0.164277004
PLAC9	14.85158327
PLAC9P1	0.190972381
PLAG1	0.675666283
PLAGL1	5.132093079
PLAGL2	7.066845098
PLAT	10.14114421
PLAU	11.05664056
PLAUR	19.45870595
PLB1	0.440411799
PLBD1	39.19251365
PLBD1-AS1	0.683078729
PLBD2	14.62372099
PLCB1	1.299618267
PLCB1-IT1	0
PLCB2	8.119490889
PLCB2-AS1	0
PLCB3	7.764746973
PLCB4	2.729717702
PLCD1	5.898164731
PLCD3	3.210231562
PLCD4	0.761256209
PLCE1	4.602193685
PLCE1-AS1	0.098189641
PLCE1-AS2	0.014093654
PLCE1P1	0
PLCG1	7.875912403
PLCG1-AS1	0.13923219
PLCG2	3.258568745
PLCH1	3.785997507
PLCH1-AS1	0.03661764
PLCH1-AS2	0.058695923
PLCH2	0.366516051
PLCL1	1.492823454
PLCL2	2.910888914
PLCL2-AS1	0.077003012
PLCXD1	4.02291295
PLCXD2	0.711810893
PLCXD2-AS1	0
PLCXD3	0.350034515
PLCZ1	0.003534229
PLD1	1.404210608
PLD2	7.513126185
PLD3	95.38060324
PLD4	0.437222293
PLD5	0.29605621
PLD6	1.136591523
PLEC	28.46239962
PLEK	19.66997087
PLEK2	2.188629266
PLEKHA1	3.977178583
PLEKHA2	8.189626386
PLEKHA3	1.300069412
PLEKHA3P1	0.22769291
PLEKHA4	7.154531569
PLEKHA5	2.927224295
PLEKHA6	2.132958804
PLEKHA7	3.854179668
PLEKHA8	0.834734643
PLEKHA8P1	1.553519164
PLEKHB1	6.051308126
PLEKHB2	27.06422949
PLEKHD1	0.159712063
PLEKHF1	3.282680606
PLEKHF2	10.98917907
PLEKHG1	14.63808723
PLEKHG2	5.575704372
PLEKHG3	1.799614044
PLEKHG4	1.578446149
PLEKHG4B	0.736904876
PLEKHG5	3.46760585
PLEKHG6	1.253612644
PLEKHG7	0.967381631
PLEKHH1	0.721736834
PLEKHH2	7.475359979
PLEKHH3	4.153368977
PLEKHJ1	6.055149601
PLEKHM1	4.871030538
PLEKHM1P1	2.773990532
PLEKHM2	27.37861506
PLEKHM3	1.40159208
PLEKHN1	0.37616773
PLEKHO1	7.09136158
PLEKHO2	44.20663124
PLEKHS1	7.179504506
PLET1	0.078840944
PLG	0.02252157
PLGLA	0.012082713
PLGLB1	0.048342108
PLGLB2	0.00531232
PLGRKT	6.760921153
PLIN1	0.075684814
PLIN2	27.08857242
PLIN3	19.12940404
PLIN4	0.732676187
PLIN5	1.34287495
PLK1	0.452797121
PLK2	22.73999224
PLK3	21.51803675
PLK4	0.488896966
PLK5	0.005088809
PLLP	6.45935171
PLN	6.588375365
PLOD1	20.58307146
PLOD2	4.65114908
PLOD3	11.96974543
PLP1	0.090622333
PLP2	64.93467097
PLPBP	13.88463361
PLPP1	13.46477488
PLPP2	2.765330876
PLPP3	27.65157607
PLPP4	0.006708105
PLPP5	6.491980866
PLPP6	3.184652576
PLPP7	0.985511795
PLPPR1	2.924141619
PLPPR2	8.05581369
PLPPR3	2.760871204
PLPPR4	0.951001093
PLPPR5	0.005239102
PLRG1	9.52652618
PLS1	7.206094262
PLS1-AS1	0
PLS3	36.22811496
PLS3-AS1	0.150035266
PLSCR1	16.5455963
PLSCR2	0.028096914
PLSCR3	0.29153275
PLSCR4	13.50931035
PLSCR5	0
PLSCR5-AS1	0
PLTP	36.49680619
PLUT	0
PLVAP	76.6749554
PLXDC1	1.533370092
PLXDC2	20.5845159
PLXNA1	9.590991061
PLXNA2	9.316948127
PLXNA3	3.579919986
PLXNA4	0.336429601
PLXNB1	11.78574092
PLXNB2	54.52057802
PLXNB3	0.312721022
PLXNC1	1.708836784
PLXND1	29.64104333
PM20D1	0.284003839
PM20D2	2.853609269
PMAIP1	1.971552723
PMCH	0
PMCHL1	0
PMCHL2	0
PMEL	0.386752117
PMEPA1	24.43593069
PMF1	9.773989208
PMF1-BGLAP	0.832351322
PMFBP1	0.115721008
PML	8.207801929
PMM1	11.39906703
PMM2	1.555284569
PMM2P1	0
PMP2	0.006637455
PMP22	76.24449904
PMPCA	6.510277457
PMPCAP1	0
PMPCB	9.809490891
PMS1	2.248415855
PMS2	1.83138438
PMS2CL	1.240921696
PMS2P1	4.484503455
PMS2P10	0.097826538
PMS2P11	0.020860572
PMS2P2	0
PMS2P3	1.393611829
PMS2P4	1.321654992
PMS2P5	0.487312664
PMS2P6	0.168647441
PMS2P7	0.008962551
PMS2P9	0.093001696
PMVK	32.62906363
PNCK	0.04703975
PNISR	8.770628855
PNKD	14.82887279
PNKDP1	0.027846438
PNKP	6.08069347
PNLDC1	0.179121013
PNLIP	0
PNLIPP1	0
PNLIPRP1	0.004803036
PNLIPRP2	0
PNLIPRP3	0
PNMA1	15.77420072
PNMA2	2.985443612
PNMA3	0.092648101
PNMA5	0.017409084
PNMA6A	0.292709049
PNMA6B	0
PNMA6E	0.019375353
PNMA6F	0.012218335
PNMA8A	1.082063153
PNMA8B	0.598046001
PNMA8C	0.199197255
PNMT	0.336947632
PNN	18.35856459
PNO1	8.485665647
PNOC	0.12390748
PNP	23.58053048
PNPLA1	0.09795611
PNPLA2	29.50026852
PNPLA3	0.229698649
PNPLA4	3.650303038
PNPLA4P1	0
PNPLA5	0
PNPLA6	37.00643585
PNPLA7	2.028468969
PNPLA8	8.619229126
PNPO	5.650072427
PNPT1	4.844162869
PNPT1P1	0.005172341
PNPT1P2	0
PNRC1	25.86889409
PNRC2	31.34060113
PNRC2P1	1.653548004
POC1A	1.401492508
POC1B	2.031713808
POC1B-AS1	0.230812721
POC1B-GALNT4	0.034833362
POC5	1.722473399
PODN	11.78091861
PODNL1	0.801520431
PODXL	22.17117669
PODXL2	3.418003762
POF1B	0.91238726
POFUT1	8.854699251
POFUT2	6.234143853
POGK	11.42969702
POGLUT1	2.274328488
POGZ	9.533013318
POLA1	2.853644593
POLA2	2.377646169
POLB	2.954123208
POLD1	4.808812714
POLD2	12.67393506
POLD2P1	0.012009998
POLD3	5.676113153
POLD4	6.373811269
POLDIP2	33.91777538
POLDIP3	27.35313636
POLE	1.493772192
POLE2	0.506513042
POLE3	17.45973796
POLE4	11.14453024
POLG	9.89338516
POLG2	1.685827297
POLH	4.376925138
POLH-AS1	0.24189835
POLHP1	0
POLI	2.15812099
POLK	3.147029781
POLL	3.832995389
POLM	3.712010232
POLN	0.170591441
POLQ	0.109549072
POLR1A	3.062799201
POLR1B	3.097074754
POLR1C	6.703250481
POLR1D	9.959359786
POLR1E	6.029884517
POLR2A	27.1273354
POLR2B	13.98078997
POLR2C	19.57774209
POLR2CP1	0.015652246
POLR2D	5.487495999
POLR2E	24.75522574
POLR2F	0.056112036
POLR2G	19.58301109
POLR2H	8.533260312
POLR2I	11.38895173
POLR2J	14.52782575
POLR2J2	0
POLR2J3	0.201060507
POLR2J4	1.782641349
POLR2J4	0.580991993
POLR2K	20.02892887
POLR2KP1	0.142547242
POLR2KP2	0
POLR2L	70.10328554
POLR2LP1	0
POLR2M	2.917903442
POLR3A	2.298915974
POLR3B	2.620075815
POLR3C	8.698597097
POLR3D	3.764405648
POLR3DP1	0
POLR3E	3.502082847
POLR3F	4.158991041
POLR3G	0.545219259
POLR3GL	15.21539274
POLR3GP1	0.045877273
POLR3GP2	0
POLR3H	13.09800324
POLR3K	4.006113271
POLR3KP1	0
POLR3KP2	0
POLRMT	5.412121506
POLRMTP1	0.336237387
POM121	4.104698767
POM121B	0.033702364
POM121C	4.590453687
POM121L10P	0
POM121L12	0
POM121L13P	0
POM121L14P	0.015370948
POM121L1P	0
POM121L2	0.010710168
POM121L3P	0.020591519
POM121L4P	0.012664165
POM121L6P	0
POM121L7P	0.009961704
POM121L8P	0.00934736
POM121L9P	0.258732817
POMC	0.272489526
POMGNT1	10.25650173
POMGNT2	7.809109764
POMK	0.618793248
POMP	44.00517204
POMT1	5.307071168
POMT2	1.895599257
POMZP3	4.162900319
PON1	0.224089096
PON2	30.53555671
PON3	4.976310095
POP1	1.19443542
POP4	3.812217168
POP5	6.849352326
POP7	12.19211753
POPDC2	1.111693581
POPDC3	0.292824318
POR	31.45909409
PORCN	2.484638178
POSTN	32.92841284
POT1	2.887397478
POT1-AS1	0.074077532
POTEA	0
POTEB	0
POTEB2	0
POTEB3	0
POTEC	0
POTED	0
POTEE	0.002856386
POTEF	0.01643647
POTEG	0.009544813
POTEH	0
POTEH-AS1	0
POTEI	0.005114895
POTEJ	0.010618358
POTEKP	0.008909203
POTEM	0.005367086
POU1F1	0.068684331
POU2AF1	1.340128599
POU2F1	1.710241141
POU2F2	0.700711837
POU2F3	0.893767988
POU3F1	0.108927609
POU3F2	0.002444166
POU3F3	0
POU3F4	0.003087666
POU4F1	0.002633378
POU4F2	0
POU4F3	0.070911826
POU5F1	0.847861692
POU5F1B	0.16084435
POU5F1P2	0
POU5F1P3	0.388765205
POU5F1P4	0.022071831
POU5F1P5	0
POU5F1P6	0
POU5F1P7	0
POU5F2	0.00525789
POU6F1	2.00858794
POU6F2	0.007273702
POU6F2-AS1	0
POU6F2-AS2	0
PP2D1	0.355944361
PPA1	25.58506591
PPA2	9.473173894
PPAN	1.835730333
PPAN-P2RY11	0.0089996
PPARA	1.648583275
PPARD	14.2145538
PPARG	20.09768136
PPARGC1A	1.321873226
PPARGC1B	1.347988829
PPAT	0.845376692
PPATP1	0.007740122
PPATP2	0
PPBP	0.535897882
PPBPP1	0
PPBPP2	0.01758292
PPCDC	2.812188272
PPCS	15.67711449
PPDPF	157.9710096
PPDPFL	0
PPEF1	0.030676264
PPEF1-AS1	0
PPEF2	0.007214683
PPFIA1	5.75761751
PPFIA2	0.11732338
PPFIA2-AS1	0.065075915
PPFIA3	0.877954892
PPFIA4	0.224504196
PPFIBP1	9.423482328
PPFIBP2	3.168737583
PPHLN1	3.289270273
PPIA	55.70651004
PPIAL4A	0
PPIAL4C	0
PPIAL4D	0
PPIAL4E	0
PPIAL4F	0
PPIAL4G	0.003105282
PPIAP1	0
PPIAP10	0
PPIAP11	0.510047331
PPIAP13	0.125250714
PPIAP14	0.04828213
PPIAP15	0.049479208
PPIAP16	0.098348816
PPIAP17	0
PPIAP19	0.048674668
PPIAP2	0.12168667
PPIAP20	0.088696062
PPIAP21	0.095600545
PPIAP22	40.6826393
PPIAP23	0.048184983
PPIAP24	0
PPIAP25	0
PPIAP26	0.06881591
PPIAP27	0
PPIAP28	0
PPIAP29	0.983833067
PPIAP3	0.094843313
PPIAP30	0
PPIAP31	0.387037359
PPIAP32	0.025368577
PPIAP33	0.021574718
PPIAP34	0.097349336
PPIAP35	0.194698672
PPIAP36	0.073685959
PPIAP37	0.024287968
PPIAP38	0
PPIAP39	8.968454173
PPIAP4	0.196294562
PPIAP40	0.09774668
PPIAP41	0.149674604
PPIAP42	0.098348816
PPIAP43	0.118789368
PPIAP44	0
PPIAP45	0
PPIAP46	0.064689186
PPIAP47	0.024189835
PPIAP48	0
PPIAP49	0.047991857
PPIAP5	0
PPIAP50	0
PPIAP51	0.144554949
PPIAP52	0.048674668
PPIAP53	1.322278709
PPIAP54	0.196697631
PPIAP55	0.17105669
PPIAP56	0
PPIAP57	0
PPIAP58	0
PPIAP59	0.048575936
PPIAP6	0.215963356
PPIAP60	0.024337334
PPIAP62	0
PPIAP63	0
PPIAP64	0.074372474
PPIAP65	0.048674668
PPIAP66	0
PPIAP67	0.054303711
PPIAP68	0.023852527
PPIAP69	0
PPIAP7	0.024486643
PPIAP70	0
PPIAP71	0
PPIAP72	0.213820863
PPIAP73	0.267408721
PPIAP74	0.26880337
PPIAP75	0.024739604
PPIAP76	0
PPIAP77	0.119979642
PPIAP78	0.04887334
PPIAP79	0.03184566
PPIAP8	0.048674668
PPIAP80	0.02443667
PPIAP81	0
PPIAP82	0.239959285
PPIAP83	0
PPIAP84	0.074526774
PPIAP85	0.024893905
PPIAP86	0
PPIAP87	0.07331001
PPIAP88	0
PPIAP89	0
PPIAP9	0.120220565
PPIAP90	0.090483388
PPIAP91	0.121194011
PPIB	84.51954917
PPIC	17.48724447
PPID	6.886582808
PPIE	4.311281365
PPIEL	0.927872083
PPIF	8.902112562
PPIG	11.31253982
PPIH	9.361918433
PPIHP1	0.093913477
PPIL1	10.32010528
PPIL1P1	0.023995928
PPIL2	5.234087366
PPIL3	3.603696021
PPIL4	13.57592778
PPIL6	4.045656776
PPIP5K1	1.08544208
PPIP5K2	2.177085146
PPL	19.74785613
PPM1A	4.723962707
PPM1AP1	0.052748759
PPM1B	6.490184144
PPM1D	7.121709936
PPM1E	0.221468995
PPM1F	8.712982789
PPM1G	22.33853227
PPM1H	3.400790092
PPM1J	0.249978461
PPM1K	2.17239439
PPM1L	1.725821414
PPM1M	11.88008113
PPM1N	0.307383084
PPME1	5.084815137
PPOX	3.945405663
PPP1CA	47.47185959
PPP1CB	51.76246715
PPP1CC	13.98523434
PPP1R10	28.25305465
PPP1R10P1	0
PPP1R11	30.51050159
PPP1R11P1	0
PPP1R11P2	0
PPP1R12A	5.407938768
PPP1R12A-AS1	0.162911133
PPP1R12B	5.154978757
PPP1R12BP1	0.0143315
PPP1R12BP2	0
PPP1R12C	12.41411935
PPP1R13B	6.877308559
PPP1R13L	9.594403857
PPP1R14A	23.11829457
PPP1R14B	12.54553537
PPP1R14BP2	0.053936794
PPP1R14BP3	6.430962753
PPP1R14BP5	0.110105456
PPP1R14C	14.0716384
PPP1R14D	0.16459063
PPP1R15A	78.83927079
PPP1R15B	21.83811744
PPP1R16A	3.076429611
PPP1R16B	5.938339907
PPP1R17	0.030135826
PPP1R18	22.56542364
PPP1R1A	0.273639155
PPP1R1AP1	0
PPP1R1AP2	0
PPP1R1B	8.129888011
PPP1R1C	1.036420829
PPP1R2	10.72424668
PPP1R21	8.392268149
PPP1R26	6.824435689
PPP1R26-AS1	0.364008636
PPP1R26P1	0.062968557
PPP1R26P2	0
PPP1R26P3	0
PPP1R26P4	0
PPP1R26P5	0
PPP1R27	0.008263608
PPP1R2B	0.078261231
PPP1R2C	0
PPP1R2P1	0.070642881
PPP1R2P10	0
PPP1R2P2	0
PPP1R2P4	0
PPP1R2P5	0
PPP1R2P6	0.061091675
PPP1R32	4.026246843
PPP1R35	6.183692141
PPP1R36	0.754905858
PPP1R37	4.060710458
PPP1R3A	0.010236348
PPP1R3B	6.822425501
PPP1R3C	1.726832196
PPP1R3D	2.714759205
PPP1R3E	1.536673654
PPP1R3F	1.24818505
PPP1R3G	0.239137741
PPP1R42	1.085639793
PPP1R7	14.9159986
PPP1R8	13.08259042
PPP1R8P1	0.045877273
PPP1R9A	2.509475736
PPP1R9B	19.6464459
PPP2CA	26.5792061
PPP2CB	34.41057588
PPP2R1A	29.7376892
PPP2R1B	5.559342428
PPP2R2A	7.487338638
PPP2R2B	0.104271267
PPP2R2B-IT1	0
PPP2R2C	0.026036026
PPP2R2D	4.321188407
PPP2R2DP1	0.056392315
PPP2R3A	2.40334977
PPP2R3B	1.026719634
PPP2R3C	6.803743316
PPP2R5A	31.54553689
PPP2R5B	9.00530377
PPP2R5C	9.289902207
PPP2R5D	12.26663319
PPP2R5E	5.16074385
PPP3CA	16.98819674
PPP3CB	11.21472375
PPP3CB-AS1	1.202239476
PPP3CC	7.785764145
PPP3R1	14.61586081
PPP3R2	0.010605818
PPP4C	25.4063607
PPP4R1	25.47358305
PPP4R1-AS1	0.442310175
PPP4R1L	0.961696946
PPP4R2	8.858006064
PPP4R3A	13.87376233
PPP4R3B	11.01511822
PPP4R3C	0
PPP4R4	1.413091957
PPP5C	7.867299193
PPP5D1	0.117577104
PPP6C	19.80030276
PPP6R1	13.47457955
PPP6R2	13.14472647
PPP6R2P1	0
PPP6R3	11.67552021
PPRC1	17.45311475
PPT1	72.06474512
PPT2	2.056753059
PPT2-EGFL8	0.112961965
PPTC7	10.4580096
PPWD1	6.219996244
PPY	0
PPY2P	0
PQBP1	21.21714195
PQLC1	12.01292667
PQLC1P1	0
PQLC2	5.27371724
PQLC2L	0.545982832
PQLC3	13.62137581
PRAC1	0
PRAC2	0
PRADC1	7.020983548
PRADC1P1	0.273690704
PRAF2	8.332116194
PRAG1	6.963653672
PRAL	0.05830295
PRAM1	8.508740699
PRAME	0.028547209
PRAMEF1	0
PRAMEF10	0
PRAMEF11	0
PRAMEF12	0
PRAMEF13	0
PRAMEF14	0
PRAMEF15	0
PRAMEF17	0
PRAMEF18	0
PRAMEF19	0
PRAMEF2	0
PRAMEF20	0
PRAMEF25	0
PRAMEF26	0
PRAMEF27	0
PRAMEF28P	0
PRAMEF29P	0
PRAMEF30P	0
PRAMEF31P	0
PRAMEF32P	0
PRAMEF33	0
PRAMEF34P	0
PRAMEF35P	0
PRAMEF36P	0
PRAMEF4	0
PRAMEF5	0
PRAMEF6	0
PRAMEF7	0
PRAMEF7	0
PRAMEF8	0
PRAMEF9	0
PRAMENP	0.003940101
PRAP1	0.226841078
PRB1	0
PRB2	0.006678175
PRB3	0.02591768
PRB4	0
PRC1	1.04027236
PRC1-AS1	0.08652673
PRCC	13.51589363
PRCD	0.318252504
PRCP	8.582373126
PRDM1	2.76365731
PRDM10	1.52159392
PRDM11	1.643267114
PRDM12	0.004836013
PRDM13	0
PRDM14	0
PRDM15	0.585623181
PRDM16	2.211634977
PRDM2	6.349283569
PRDM4	8.184008063
PRDM5	1.346237899
PRDM6	1.356195982
PRDM7	0
PRDM8	0.482821303
PRDM9	0
PRDX1	141.3825128
PRDX1P1	0.281267712
PRDX2	38.89108291
PRDX2P1	0.020329318
PRDX2P2	0
PRDX2P3	0.061300179
PRDX2P4	0.019956614
PRDX3	27.46268353
PRDX3P1	0.47079823
PRDX3P2	0.117583977
PRDX3P3	0
PRDX3P4	0.016029409
PRDX4	20.99846648
PRDX4P1	0
PRDX5	313.2272112
PRDX6	81.64759123
PREB	11.93307614
PRELID1	15.57573797
PRELID1P1	0.318245005
PRELID1P2	0
PRELID1P3	0
PRELID1P4	0.116933284
PRELID2	0.423265856
PRELID2P1	0.437586882
PRELID3A	0.530062161
PRELID3B	19.30234259
PRELID3BP1	0
PRELID3BP10	0.041006741
PRELID3BP11	0
PRELID3BP2	0
PRELID3BP3	0
PRELID3BP4	0
PRELID3BP5	0
PRELID3BP6	0
PRELID3BP7	0.076592548
PRELID3BP8	0.040589723
PRELP	47.47291941
PREP	10.26158262
PREPL	5.961282639
PREX1	11.44110809
PREX2	4.07837849
PRF1	8.240963191
PRG2	0.228013542
PRG3	0
PRG4	42.32906996
PRH1	0.093546627
PRH2	0.126541277
PRICKLE1	1.330637008
PRICKLE2	3.433287726
PRICKLE2-AS1	0.055221991
PRICKLE2-AS1	0
PRICKLE2-AS2	0.289692782
PRICKLE2-AS3	0.014391789
PRICKLE3	2.028151801
PRICKLE4	0.42614473
PRIM1	2.063630155
PRIM2	1.526571918
PRIMA1	0.344574627
PRIMPOL	4.02220884
PRKAA1	12.98654676
PRKAA2	0.567080175
PRKAB1	12.00272423
PRKAB2	3.280779594
PRKACA	14.58352943
PRKACB	5.554640275
PRKACG	0.00744187
PRKAG1	9.792582508
PRKAG2	4.132262653
PRKAG2-AS1	1.029575951
PRKAG3	0.053872083
PRKAR1A	59.42922196
PRKAR1AP1	0
PRKAR1B	4.415250838
PRKAR2A	9.760838703
PRKAR2A-AS1	0.204813857
PRKAR2B	3.724186993
PRKCA	3.589398856
PRKCA-AS1	0.0045236
PRKCB	1.9552988
PRKCD	31.99404841
PRKCE	4.018312941
PRKCG	0.007083093
PRKCH	9.937754828
PRKCI	11.30977284
PRKCQ	4.204516337
PRKCQ-AS1	0.750680438
PRKCSH	44.45619669
PRKCZ	9.75197864
PRKCZ-AS1	2.82430971
PRKD1	5.175561392
PRKD2	13.09089374
PRKD3	5.221370209
PRKDC	8.199337316
PRKG1	4.058323391
PRKG1-AS1	0.045845336
PRKG2	1.666431867
PRKN	0.833460541
PRKRA	10.6462281
PRKRIP1	6.093894584
PRKX	2.937816464
PRKX-AS1	0.023205365
PRKXP1	0.789726965
PRKY	1.633664949
PRL	0.008778569
PRLH	0.317491584
PRLHR	0
PRLR	0.143417228
PRM1	0
PRM2	0.01653863
PRM3	0
PRMT1	19.50388666
PRMT1P1	0.035601491
PRMT2	11.06298653
PRMT3	1.756561657
PRMT5	9.514935876
PRMT5-AS1	0.089973463
PRMT5P1	0
PRMT6	5.080697561
PRMT7	2.942218476
PRMT8	0.257717861
PRMT9	3.40240652
PRND	6.92865553
PRNP	53.62876229
PRNT	0
PROB1	0.656908453
PROC	0.259156027
PROCA1	0.684368452
PROCR	14.29237018
PRODH	4.525712497
PRODH2	0
PROK1	0.062644079
PROK2	0.118848321
PROKR1	0.022417914
PROKR2	0
PROM1	4.682314483
PROM2	2.318561569
PROP1	0.00817894
PRORSD1P	0.407462624
PRORY	0
PROS1	31.93148333
PROS2P	0.006137349
PROSER1	5.86339774
PROSER2	4.664715471
PROSER2-AS1	0.149948901
PROSER3	1.94172459
PROX1	0.486844813
PROX1-AS1	0.023273019
PROX2	0.068182912
PROZ	0.071872559
PRPF18	5.810424298
PRPF19	30.44859045
PRPF19P1	0
PRPF3	7.710763137
PRPF31	15.15000404
PRPF38A	9.830166628
PRPF38AP1	0
PRPF38AP2	0.028140936
PRPF38B	11.15882451
PRPF39	4.445323594
PRPF4	8.142828709
PRPF40A	9.638441769
PRPF40B	0.794968036
PRPF4B	10.5280724
PRPF6	41.527327
PRPF8	34.78092441
PRPH	0.272323194
PRPH2	0.551220987
PRPS1	17.97670768
PRPS1L1	0.010985292
PRPS1P1	0
PRPS1P2	0.690068611
PRPS2	11.24458953
PRPSAP1	5.118142383
PRPSAP2	4.65654323
PRR11	0.639785561
PRR12	4.628876511
PRR13	28.47795707
PRR13P1	0.029347962
PRR13P2	0.117970131
PRR13P3	0.063691321
PRR13P4	0
PRR13P5	2.925766011
PRR13P7	0
PRR14	7.550424574
PRR14L	3.232535436
PRR15	5.12911155
PRR15L	18.16196378
PRR16	1.66919435
PRR18	0.35743189
PRR19	0.144152628
PRR20A	0
PRR20B	0
PRR20C	0
PRR20D	0
PRR20E	0
PRR20FP	0
PRR22	0.90169418
PRR23A	0
PRR23B	0
PRR23C	0
PRR23D1	0
PRR23D2	0
PRR25	0.009904027
PRR26	0.213659
PRR27	0
PRR29	6.018783682
PRR29-AS1	0.118675694
PRR3	2.595618451
PRR30	0
PRR31	0.024486643
PRR32	0.029252366
PRR34	0.242284769
PRR34-AS1	1.884284125
PRR35	0
PRR36	0.870638629
PRR4	0.229507654
PRR5	1.195799389
PRR5-ARHGAP8	0.05016025
PRR5L	3.111132333
PRR7	0.628430616
PRR7-AS1	0.140787399
PRR9	0
PRRC1	6.873406564
PRRC2A	29.39697891
PRRC2B	13.6892663
PRRC2C	15.70094228
PRRC2CP1	0
PRRG1	1.937535325
PRRG2	5.004992043
PRRG3	0.54187663
PRRG4	6.606252676
PRRT1	0.418709523
PRRT2	1.32373845
PRRT3	1.535124142
PRRT3-AS1	0.604548888
PRRT4	0.741261139
PRRX1	3.40661286
PRRX2	0.630208858
PRRX2-AS1	0
PRSS1	0.028769746
PRSS12	4.959000673
PRSS16	1.76327435
PRSS2	0.11453361
PRSS21	0.602655243
PRSS22	5.151766003
PRSS23	18.5905432
PRSS27	0.376145601
PRSS29P	0
PRSS3	0.035979472
PRSS30P	0.125360695
PRSS33	0.045355941
PRSS35	1.491838674
PRSS36	0.692118114
PRSS37	0.016305903
PRSS38	0.018901292
PRSS3P1	0
PRSS3P3	0
PRSS3P4	0.147826769
PRSS40A	0
PRSS40B	0
PRSS41	0.037535951
PRSS42	0.02579207
PRSS44	0.031345467
PRSS45	0.048207367
PRSS46P	0.060967252
PRSS48	0.072642882
PRSS50	0.076885907
PRSS51	0.192352905
PRSS53	0.191548666
PRSS54	0.011338985
PRSS55	0.003819448
PRSS56	0
PRSS57	0.087882336
PRSS58	0
PRSS8	38.75428546
PRTFDC1	1.897120783
PRTG	0.364989834
PRTN3	0.041793956
PRUNE1	7.716817968
PRUNE2	1.034323408
PRUNEP1	0
PRX	10.33162238
PRY	0
PRY2	0
PRYP1	0
PRYP2	0
PRYP3	0
PRYP4	0
PRYP5	0
PRYP6	0
PSAP	836.17593
PSAPL1	0.3430043
PSAT1	1.067149826
PSAT1P1	0
PSAT1P2	0.012318897
PSAT1P3	0.021555298
PSAT1P4	0
PSCA	7.450620097
PSD	0.55732418
PSD2	0.061023991
PSD2-AS1	0
PSD3	1.745760974
PSD4	4.117220764
PSEN1	10.2429372
PSEN2	5.907200249
PSENEN	22.04637958
PSG1	0
PSG10P	0
PSG11	0
PSG2	0
PSG3	0
PSG4	0
PSG5	0
PSG6	0
PSG7	0
PSG8	0
PSG8-AS1	0
PSG9	0
PSIP1	9.383854594
PSKH1	11.57654215
PSKH2	0
PSMA1	14.20480457
PSMA2	2.138529197
PSMA2P1	0.037071109
PSMA2P2	0
PSMA2P3	0.070956849
PSMA3	21.4640772
PSMA3-AS1	7.990187516
PSMA3P	0
PSMA4	12.13656507
PSMA5	10.38204135
PSMA6	3.651452985
PSMA6P1	0.355502433
PSMA6P2	0.017454764
PSMA6P3	0
PSMA6P4	0.016676836
PSMA7	68.01898224
PSMA8	0.012644106
PSMB1	47.30672851
PSMB10	14.46181385
PSMB11	0
PSMB2	17.51962408
PSMB3	56.03085932
PSMB3P2	0
PSMB4	55.50306069
PSMB5	35.12137899
PSMB6	46.10143184
PSMB7	47.6412505
PSMB7P1	0
PSMB8	35.91593584
PSMB8-AS1	6.560826304
PSMB9	10.99562649
PSMC1	2.928870352
PSMC1P1	0.380989901
PSMC1P10	0
PSMC1P11	0.009091851
PSMC1P12	0
PSMC1P13	0
PSMC1P2	0
PSMC1P3	0.009084953
PSMC1P4	0.009023337
PSMC1P5	0
PSMC1P6	0
PSMC1P7	0
PSMC1P8	0
PSMC1P9	0.017938529
PSMC2	20.96290551
PSMC3	37.86320294
PSMC3IP	1.172732224
PSMC4	24.37934058
PSMC5	22.7905419
PSMC6	6.486299591
PSMD1	16.79171881
PSMD10	14.5742526
PSMD10P1	0.087914598
PSMD10P2	0
PSMD10P3	0
PSMD11	12.15524088
PSMD12	10.21269668
PSMD12P	0
PSMD13	20.24296425
PSMD14	5.543676675
PSMD2	31.5763184
PSMD3	20.91826212
PSMD4	28.93214542
PSMD4P1	0
PSMD5	8.577921789
PSMD6	6.348578833
PSMD6-AS1	0
PSMD6-AS2	0.433910089
PSMD7	18.75193358
PSMD7P1	0
PSMD8	35.790789
PSMD8P1	0.10899581
PSMD9	1.993841771
PSME1	80.58393268
PSME2	24.42595935
PSME2P2	0.975023133
PSME2P6	0
PSME3	18.4885322
PSME4	8.492035134
PSMF1	22.26579303
PSMG1	6.684473758
PSMG2	12.41282352
PSMG3	7.013324293
PSMG3-AS1	2.458855805
PSMG4	0.978100118
PSORS1C1	0.538528241
PSORS1C2	0.083297171
PSORS1C3	0.928840712
PSPC1	10.22412683
PSPC1-AS2	0.668758868
PSPC1P1	0.126041772
PSPC1P2	0
PSPH	2.271672481
PSPHP1	0.045877273
PSPN	0.817450662
PSRC1	0.880747231
PSTK	0.42666314
PSTPIP1	1.503445886
PSTPIP2	1.999536455
PTAFR	13.27415908
PTAR1	3.653041806
PTBP1	33.24285346
PTBP1P	0.014958112
PTBP2	1.09863959
PTBP3	13.99845403
PTCD1	0.845706633
PTCD2	0.543597406
PTCD2P1	0
PTCD2P2	0
PTCD3	4.348279911
PTCH1	1.17278636
PTCH2	0.386031994
PTCHD1	0.091643665
PTCHD1-AS	0.021099504
PTCHD3	0.042611987
PTCHD3P1	0
PTCHD3P2	0.009936903
PTCHD3P3	0.013216301
PTCHD4	0.346937463
PTCRA	1.271208964
PTCSC2	0.293479615
PTCSC3	0.608134993
PTDSS1	10.47127808
PTDSS2	3.674654759
PTEN	8.678098107
PTENP1	0.227733131
PTENP1-AS	0.096011201
PTER	3.652314589
PTF1A	0
PTGDR	0.303987985
PTGDR2	0.169579517
PTGDS	145.8679091
PTGER1	0.589850655
PTGER2	3.132696116
PTGER3	0.146371932
PTGER4	10.50178387
PTGER4P2	0
PTGER4P3	0
PTGES	1.5914768
PTGES2	8.557900349
PTGES2-AS1	0.017105669
PTGES3	61.39521025
PTGES3L	0.11319928
PTGES3L-AARSD1	0.015074236
PTGES3P1	6.966221726
PTGES3P2	0.322949353
PTGES3P3	1.093059347
PTGES3P4	0.100904227
PTGES3P5	0
PTGFR	1.252262701
PTGFRN	6.790024219
PTGIR	5.959970124
PTGIS	4.691717999
PTGR1	6.186443055
PTGR2	1.214900897
PTGS1	3.47638009
PTGS2	31.28821325
PTH	0
PTH1R	3.486256907
PTH2	0
PTH2R	0.027275554
PTHLH	0.269476337
PTK2	8.583580394
PTK2B	10.98531972
PTK6	2.933561288
PTK7	16.98435221
PTMA	153.1306782
PTMAP1	0.358770586
PTMAP2	2.306911325
PTMAP3	0.217708515
PTMAP4	1.142025879
PTMAP5	1.308686725
PTMAP6	0
PTMAP8	0.070023206
PTMS	171.4591082
PTN	14.11991592
PTOV1	13.81364542
PTOV1-AS1	3.253455105
PTOV1-AS2	2.270723217
PTP4A1	35.23189363
PTP4A1P1	0.023250424
PTP4A1P2	0.052748759
PTP4A1P3	0
PTP4A1P4	0
PTP4A1P5	0
PTP4A1P6	0.025050143
PTP4A1P7	0
PTP4A2	30.07735718
PTP4A2P1	0.501002858
PTP4A2P2	0.262377792
PTP4A3	18.72051075
PTPA	24.32478448
PTPDC1	1.820073391
PTPMT1	7.149420492
PTPN1	45.69723811
PTPN11	20.62753945
PTPN12	31.2959424
PTPN13	14.57026156
PTPN14	4.143902126
PTPN18	13.02329771
PTPN2	6.847705036
PTPN20	0.178041695
PTPN20CP	0.052060732
PTPN21	12.46289995
PTPN22	3.012770617
PTPN23	11.7737682
PTPN2P1	0.011169747
PTPN2P2	0.011693328
PTPN3	3.81681471
PTPN4	2.165402886
PTPN5	0.093665752
PTPN6	24.54555931
PTPN7	0.944779755
PTPN9	5.869075521
PTPRA	19.61544461
PTPRB	21.81284516
PTPRC	17.25790558
PTPRCAP	0
PTPRD	2.056552094
PTPRD-AS1	0.360083249
PTPRD-AS2	0
PTPRE	7.791872032
PTPRF	29.08762166
PTPRG	7.907908816
PTPRG-AS1	0.165121449
PTPRH	0.030320822
PTPRJ	5.933462257
PTPRJ-AS1	0.079561251
PTPRK	11.74513247
PTPRM	18.13390978
PTPRN	0.002898915
PTPRN2	5.22513949
PTPRO	2.848973174
PTPRQ	0.68243919
PTPRR	1.217889036
PTPRS	6.918857442
PTPRT	0.812264867
PTPRU	11.41128856
PTPRVP	0.027230067
PTPRZ1	0.487797035
PTRH1	0.279781179
PTRH2	3.243581288
PTRHD1	7.426733602
PTS	2.746744167
PTTG1	2.43881123
PTTG1IP	98.86902583
PTTG2	0
PTTG3P	0.039518047
PTTG4P	0.068033911
PTX3	3.419370331
PTX4	0.014187166
PUDP	4.051797356
PUDPP1	0.072569505
PUDPP2	0
PUDPP3	0
PUF60	21.12001379
PUM1	14.05914962
PUM2	17.87515446
PUM3	8.430876834
PURA	3.097410595
PURB	9.560426122
PURG	0.0952583
PURPL	0.004539033
PUS1	2.381424262
PUS10	1.431993334
PUS3	5.57593748
PUS7	2.694887687
PUS7L	1.071404445
PUSL1	2.674779581
PVALB	0.136845352
PVALEF	0
PVR	19.43260386
PVRIG	0.036211598
PVRIG2P	0
PVT1	0.388014993
PWAR1	0.08432372
PWAR5	0.3238243
PWAR6	1.742422413
PWP1	15.0132579
PWP2	0.091681641
PWRN1	0.014865262
PWRN2	0
PWRN3	0
PWRN4	0
PWWP2A	2.457330516
PWWP2AP1	0.005267914
PWWP2B	7.466227691
PXDC1	43.75773947
PXDN	12.02289809
PXDNL	0.683508309
PXK	4.459486889
PXMP2	4.031009216
PXMP4	9.168256005
PXN	20.31159049
PXN-AS1	1.001184745
PXT1	0.034081504
PXYLP1	1.506084783
PYCARD	15.68654728
PYCARD-AS1	0.054675654
PYCR1	2.277792308
PYCR2	14.9325557
PYCR3	2.731423103
PYDC1	0
PYDC2	0
PYGB	33.66842228
PYGL	9.727913392
PYGM	0.538480004
PYGO1	1.313876206
PYGO2	9.30209108
PYHIN1	0.609195858
PYHIN5P	0
PYM1	11.43081923
PYROXD1	2.568390058
PYROXD2	1.631828626
PYURF	1.31968791
PYY	0.060833031
PYY2	0.178051573
PYY3	0
PZP	1.180667503
QARS	32.69240032
QDPR	12.65114925
QKI	12.57790637
QPCT	1.220893267
QPCTL	3.393290684
QPRT	3.547477156
QRFP	0.310543207
QRFPR	1.125331281
QRICH1	12.9516573
QRICH2	0.649495074
QRSL1	2.665761512
QRSL1P1	0
QRSL1P2	0.012421129
QRSL1P3	0.00909876
QSER1	2.457976032
QSOX1	57.08821835
QSOX2	4.136702075
QTRT1	6.220877994
QTRT1P1	0
QTRT2	3.279683894
R3HCC1	11.16811569
R3HCC1L	4.895545709
R3HDM1	2.804740613
R3HDM2	6.089096981
R3HDM2P1	0
R3HDM2P2	0
R3HDM4	22.78981861
R3HDML	0.139131077
RAB10	37.13875821
RAB11A	30.9822742
RAB11AP1	0
RAB11AP2	0
RAB11B	44.18248872
RAB11B-AS1	1.812668212
RAB11FIP1	41.31405644
RAB11FIP1P1	1.23001604
RAB11FIP2	4.965052833
RAB11FIP3	8.979054593
RAB11FIP4	2.405224083
RAB11FIP5	9.059199217
RAB12	17.26930654
RAB13	28.76189842
RAB14	44.54349594
RAB15	4.957479913
RAB17	8.486672079
RAB18	11.88738168
RAB19	0.324269954
RAB1A	55.96643336
RAB1B	92.99961034
RAB1C	0.138313165
RAB20	25.08380712
RAB21	5.337361278
RAB22A	5.293822283
RAB23	2.491538269
RAB24	3.374745547
RAB25	32.41921966
RAB26	0.231009035
RAB27A	19.61765405
RAB27B	2.916157513
RAB28	8.415742695
RAB28P1	0
RAB28P2	0
RAB28P3	0
RAB28P4	0
RAB28P5	0.459829812
RAB29	6.43731887
RAB2A	22.3892453
RAB2B	7.526020522
RAB30	0.783286973
RAB30-AS1	2.10493391
RAB31	45.13281466
RAB32	27.25381447
RAB33A	0.418803343
RAB33B	2.783923816
RAB34	18.08688061
RAB35	15.79361061
RAB36	4.513197696
RAB37	1.481996866
RAB38	4.045811817
RAB39A	0.248639779
RAB39B	0.263051515
RAB3A	0.441284861
RAB3B	0.091361639
RAB3C	0.083083666
RAB3D	4.662718018
RAB3GAP1	11.5404561
RAB3GAP2	4.322389564
RAB3IL1	2.135078846
RAB3IP	2.941274485
RAB40A	1.117053547
RAB40AL	0.013980115
RAB40B	2.051078523
RAB40C	7.499485412
RAB41	0.418732523
RAB42	1.450058547
RAB42P1	0
RAB43	0.714935395
RAB43P1	1.687333395
RAB44	0.253745502
RAB4A	9.930073414
RAB4B	3.832156481
RAB4B-EGLN2	0.023124697
RAB5A	21.11973908
RAB5B	31.93785232
RAB5C	41.82432102
RAB5CP1	0.144513411
RAB5CP2	0.056392315
RAB6A	31.15775249
RAB6B	1.661001765
RAB6C	0.015575894
RAB6C-AS1	0.024257216
RAB6D	0.062608985
RAB7A	98.82380025
RAB7B	7.094722403
RAB8A	8.329416211
RAB8B	12.24568528
RAB9A	11.69264159
RAB9AP1	0
RAB9AP2	0
RAB9AP3	0
RAB9AP4	0
RAB9AP5	0
RAB9B	0.424903358
RAB9BP1	0
RABAC1	32.46568695
RABEP1	10.41374062
RABEP2	5.032423386
RABEPK	4.591018721
RABEPKP1	0
RABGAP1	8.445293952
RABGAP1L	4.686339361
RABGAP1L-IT1	0.016246904
RABGEF1	1.236419327
RABGGTA	10.67692914
RABGGTB	7.154410625
RABIF	5.440025107
RABL2A	2.584926247
RABL2B	4.752869873
RABL3	5.250753821
RABL6	8.645552188
RAC1	88.69734326
RAC1P1	0
RAC1P2	1.98532117
RAC1P3	0.020644773
RAC1P4	0
RAC1P5	0.020788139
RAC1P6	0.020824293
RAC1P7	0
RAC1P8	0
RAC1P9	0
RAC2	24.63364965
RAC3	2.328925073
RACGAP1	2.4310865
RACGAP1P	0
RACK1	116.6112589
RAD1	5.049029201
RAD17	5.441404207
RAD17P1	0.474971319
RAD17P2	0.006056635
RAD18	1.687295548
RAD1P1	0.014728128
RAD1P2	0.018060284
RAD21	24.25734148
RAD21-AS1	0.071486378
RAD21L1	0.004386069
RAD23A	31.79042136
RAD23B	35.1876399
RAD23BP1	0.009758735
RAD23BP2	0
RAD23BP3	0
RAD50	5.83809078
RAD51	0.361656298
RAD51AP1	0.739596166
RAD51AP1P1	0
RAD51AP2	0
RAD51-AS1	2.358081022
RAD51B	0.550895426
RAD51C	1.49575939
RAD51D	1.171550685
RAD52	1.531753463
RAD54B	0.128819371
RAD54L	0.212489475
RAD54L2	3.523704695
RAD9A	3.282860584
RAD9B	0.305189249
RADIL	2.017712891
RAE1	4.208783394
RAET1E	0.215244437
RAET1E-AS1	0.118750099
RAET1E-AS1	0.168229307
RAET1G	0.346487643
RAET1K	0.018946152
RAET1L	0
RAET1M	0
RAF1	15.16621269
RAF1P1	0
RAG1	0.21450487
RAG2	0
RAI1	5.148818725
RAI14	15.35727248
RAI1-AS1	0.049615891
RAI2	10.54914828
RALA	21.72303281
RALB	34.24185242
RALBP1	15.55004601
RALGAPA1	1.765630004
RALGAPA1P1	0.293969376
RALGAPA2	11.44195581
RALGAPB	6.181428347
RALGDS	24.02018248
RALGPS1	1.778943992
RALGPS2	1.402485937
RALY	21.821852
RALY-AS1	0.555544511
RALYL	0
RAMP1	9.014438052
RAMP2	43.60902568
RAMP2-AS1	0.597549282
RAMP3	26.42328395
RAN	33.36332226
RANBP1	7.559506602
RANBP10	5.603298171
RANBP17	0.879013229
RANBP2	11.6576344
RANBP20P	0.00569105
RANBP3	9.477850265
RANBP3L	1.56662089
RANBP6	5.635577053
RANBP9	17.03616285
RANGAP1	13.6554287
RANGRF	5.170749788
RANP1	0.183931925
RANP2	0.052288071
RANP3	0.130151829
RANP4	0.31077475
RANP5	0.018280868
RANP6	0.018593118
RANP7	0
RANP8	0.050381353
RANP9	0
RAP1A	19.53886694
RAP1AP	1.646088769
RAP1B	3.640533039
RAP1BP1	0.021652746
RAP1BP2	0
RAP1BP3	0
RAP1GAP	15.66706887
RAP1GAP2	3.022001525
RAP1GDS1	6.748602712
RAP2A	9.912382021
RAP2B	5.527949479
RAP2C	8.144508311
RAP2C-AS1	0.548581127
RAP2CP1	0
RAPGEF1	26.63104947
RAPGEF2	7.340975154
RAPGEF3	2.785796567
RAPGEF4	2.544615231
RAPGEF4-AS1	0
RAPGEF5	14.46226294
RAPGEF6	1.110034036
RAPGEFL1	1.362822518
RAPH1	1.095336077
RAPSN	0.230988961
RARA	35.02341438
RARA-AS1	4.79627669
RARB	2.889039689
RARG	3.953955206
RARRES1	6.677790017
RARRES2	67.87326438
RARRES2P1	0
RARRES2P10	0
RARRES2P2	0
RARRES2P3	0
RARRES2P4	0
RARRES2P5	0
RARRES2P6	0
RARRES2P7	0
RARRES2P8	0
RARRES2P9	0
RARRES3	35.57162717
RARS	13.02400937
RARS2	13.20665188
RARSP1	0
RASA1	8.813408246
RASA2	3.880101193
RASA2-IT1	0
RASA3	6.702204389
RASA3-IT1	0.031510443
RASA4	0.100808449
RASA4B	0.037109406
RASA4CP	0.829352993
RASA4DP	0.189745953
RASAL1	0.067171649
RASAL2	4.507030329
RASAL2-AS1	0.462491985
RASAL3	3.570959144
RASD1	11.29580877
RASD2	0.719420722
RASEF	6.193183487
RASGEF1A	0.530379956
RASGEF1B	6.470725115
RASGEF1C	0.016175574
RASGRF1	5.838048199
RASGRF2	1.162488607
RASGRF2-AS1	0.071884887
RASGRP1	1.889282846
RASGRP2	2.936416948
RASGRP3	2.26060078
RASGRP4	2.99707024
RASIP1	11.38811254
RASL10A	0.481096941
RASL10B	0.297468659
RASL11A	9.275401557
RASL11B	0.65876201
RASL12	11.79021362
RASSF1	11.01813157
RASSF10	1.012817872
RASSF1-AS1	0.485021501
RASSF2	18.09713841
RASSF3	19.02584384
RASSF4	4.247279339
RASSF5	10.32381367
RASSF6	1.243978312
RASSF7	17.00956974
RASSF8	8.371876777
RASSF8-AS1	1.597130663
RASSF9	1.902937941
RAVER1	4.310243961
RAVER2	3.890060214
RAX	0
RAX2	0
RB1	9.281814952
RB1CC1	10.52577069
RBAK	2.551349856
RBAKDN	0
RBAK-RBAKDN	0.068487903
RBBP4	12.27489803
RBBP4P1	0.24398368
RBBP4P2	0.12314999
RBBP4P3	0.018665578
RBBP4P4	0
RBBP4P5	0
RBBP4P6	0
RBBP5	4.758048259
RBBP6	7.352909577
RBBP7	11.55442586
RBBP8	5.066181051
RBBP8NL	0.278663781
RBBP8P1	0.032467376
RBBP9	7.666316926
RBCK1	19.49638179
RBFA	3.651384747
RBFADN	0.113900046
RBFOX1	0.014579287
RBFOX2	10.95640819
RBFOX3	0.013340793
RBKS	1.833255837
RBL1	1.238825072
RBL2	15.99309947
RBM10	13.31330392
RBM11	0.618993277
RBM11P1	0
RBM12	13.29964489
RBM12B	1.364321933
RBM12B-AS1	0.275052871
RBM14	12.1290794
RBM14-RBM4	0.469294062
RBM15	2.199928224
RBM15-AS1	0.142165078
RBM15B	12.28409066
RBM17	12.37875895
RBM17P1	0
RBM17P2	0
RBM17P3	0
RBM17P4	0.020090551
RBM18	5.72758276
RBM19	4.852778765
RBM20	0.435710437
RBM22	13.23926731
RBM22P1	0
RBM22P12	0
RBM22P13	0
RBM22P2	0.085811239
RBM22P3	0
RBM22P4	0
RBM22P5	0
RBM22P6	0
RBM22P7	0
RBM23	7.44722419
RBM24	0.615386873
RBM25	10.23224511
RBM26	4.287063934
RBM26-AS1	0.616753638
RBM27	3.467681609
RBM28	1.621836499
RBM3	75.31629274
RBM33	4.8417432
RBM34	0.557733827
RBM38	10.98876838
RBM39	20.97470778
RBM4	2.648112656
RBM41	1.601501088
RBM42	29.52782755
RBM43	2.718702577
RBM43P1	0.022153503
RBM44	0.253375425
RBM45	1.526781076
RBM46	0.005946843
RBM47	13.03346269
RBM48	1.820989437
RBM48P1	0
RBM4B	2.920817702
RBM5	9.921716986
RBM5-AS1	0.311012164
RBM6	11.49514076
RBM7	3.547392513
RBM8A	17.23556896
RBM8B	0.410536056
RBMS1	11.62691151
RBMS1P1	1.439776466
RBMS2	17.91811543
RBMS2P1	0.459034674
RBMS3	3.877946064
RBMS3-AS1	0.043227322
RBMS3-AS2	0.031195749
RBMS3-AS3	0.449267979
RBMX	28.13740053
RBMX2	7.053423228
RBMX2P1	0
RBMX2P2	0
RBMX2P3	0.025023967
RBMX2P4	0
RBMX2P5	0.012357036
RBMXL1	6.395374855
RBMXL2	0.038337145
RBMXL3	0
RBMXP1	0.01005371
RBMXP2	0.153775278
RBMXP4	0.221740154
RBMY1A1	0
RBMY1A3P	0
RBMY1B	0
RBMY1D	0
RBMY1E	0
RBMY1F	0
RBMY1HP	0
RBMY1J	0.005860973
RBMY1KP	0.276709352
RBMY2AP	0
RBMY2BP	0
RBMY2CP	0
RBMY2DP	0
RBMY2EP	0
RBMY2FP	0.004109117
RBMY2GP	0
RBMY2HP	0
RBMY2JP	0.011306863
RBMY2KP	0
RBMY2NP	0
RBMY2OP	0
RBMY2QP	0
RBMY2TP	0
RBMY2UP	0
RBMY2WP	0
RBMY2XP	0
RBMY2YP	0
RBMY3AP	0
RBP1	5.105417984
RBP2	2.975779106
RBP3	0.002800273
RBP4	11.47815181
RBP5	7.128403337
RBP7	9.373350334
RBPJ	10.90636603
RBPJL	0.013001051
RBPJP2	0
RBPJP5	0
RBPJP6	0
RBPJP7	0
RBPMS	12.24211226
RBPMS2	2.667214263
RBPMS2P1	0
RBPMS-AS1	3.476643231
RBPMSLP	0
RBSN	5.420862308
RBX1	15.90074834
RC3H1	3.760333807
RC3H1-IT1	0.026727608
RC3H2	5.004278655
RCAN1	13.24331173
RCAN2	9.709494774
RCAN3	4.392316196
RCBTB1	6.586474846
RCBTB2	6.052849423
RCBTB2P1	0
RCC1	4.499477288
RCC1L	8.94908594
RCC2	22.94962224
RCC2P1	0
RCC2P2	0
RCC2P3	0
RCC2P4	0.011491332
RCC2P5	0
RCC2P6	0.146117789
RCC2P7	0
RCC2P8	0
RCCD1	1.007268817
RCE1	6.032960993
RCHY1	3.427126648
RCL1	2.812391132
RCN1	9.463163879
RCN1P1	0
RCN1P2	2.48639779
RCN2	5.020724708
RCN3	7.608876181
RCOR1	10.67656316
RCOR2	0.266768468
RCOR3	3.135725752
RCSD1	4.590230592
RCVRN	0.016397081
RD3	0.072977772
RD3L	0
RDH10	6.048868033
RDH10-AS1	0.100806889
RDH11	10.8651068
RDH12	0.096564261
RDH13	1.584175234
RDH14	10.01980461
RDH16	0.086417208
RDH5	0.232816011
RDH8	0
RDM1	0.030313844
RDX	24.7871316
REC114	0.064584511
REC8	6.039938747
RECK	5.379867315
RECQL	7.207200616
RECQL4	0.814094162
RECQL5	2.428669364
REELD1	0.301611292
REEP1	1.671697867
REEP2	0.36826151
REEP3	13.607305
REEP4	8.396573538
REEP5	43.19120766
REEP6	1.652593421
REG1A	0
REG1B	0
REG1CP	0
REG3A	0
REG3G	0
REG4	0.013711959
REL	1.983072139
RELA	22.79086207
RELB	10.99553531
RELL1	6.820303467
RELL2	0.387447357
RELN	0.501046451
RELT	2.287971166
REM1	1.60372068
REM2	0.30129725
REN	0.463401676
RENBP	12.29412789
REP15	0.311012164
REPIN1	15.91463759
REPS1	4.703791757
REPS2	3.212889559
RER1	13.86127275
RERE	13.314703
REREP1Y	0
REREP2Y	0
RERG	5.17038083
RERG-AS1	0.071062126
RERG-IT1	0.238683754
RERGL	0.255094225
RESP18	0
REST	4.812165515
RET	0.22290528
RETN	26.18154224
RETNLB	0
RETREG1	6.841518668
RETREG2	16.52866463
RETREG3	11.85294861
RETSAT	21.13457727
REV1	6.541063392
REV3L	4.861864797
REV3L-IT1	0.062690934
REX1BD	4.739843834
REXO1	6.612283709
REXO1L10P	0
REXO1L11P	0
REXO1L12P	0
REXO1L1P	0
REXO1L2P	0
REXO1L3P	0
REXO1L4P	0
REXO1L5P	0
REXO1L6P	0
REXO1L8P	0
REXO1L9P	0
REXO2	11.05139978
REXO4	7.078807939
REXO5	0.8877152
RF00001	0
RF00001	0.451847861
RF00001	0
RF00002	0.078776107
RF00002	0
RF00003	0
RF00003	0.073913385
RF00003	0
RF00003	0.29027802
RF00003	0
RF00003	0.073012002
RF00003	0
RF00003	0.219036006
RF00003	0
RF00003	0.410067408
RF00003	0
RF00003	0
RF00003	0.073012002
RF00004	0
RF00004	0
RF00004	0
RF00004	0
RF00004	0
RF00004	0
RF00004	0
RF00004	0
RF00004	0.247737275
RF00004	0
RF00004	0
RF00004	0
RF00004	0
RF00004	0
RF00004	0
RF00004	0
RF00004	0
RF00006	0
RF00006	0
RF00006	0
RF00006	0
RF00012	0.880438846
RF00012	0
RF00012	0
RF00012	0
RF00012	0
RF00012	0
RF00012	0
RF00012	0.055435038
RF00012	0
RF00012	0
RF00012	0
RF00012	0
RF00012	0
RF00012	0
RF00012	0
RF00012	0
RF00012	0
RF00012	0
RF00012	0
RF00012	0
RF00012	0
RF00012	0
RF00012	0
RF00012	0
RF00012	0
RF00012	0
RF00012	0
RF00012	0
RF00012	0.057567155
RF00012	0
RF00012	0
RF00012	0
RF00012	0
RF00012	0
RF00012	0
RF00012	0.469567385
RF00012	0
RF00012	0
RF00012	0.114583429
RF00012	0
RF00012	0
RF00012	0.056480983
RF00012	0
RF00012	0.055692876
RF00012	0.062364418
RF00012	0.2443667
RF00012	0
RF00012	0
RF00012	0.765459161
RF00012	0
RF00012	0.114037793
RF00015	0
RF00015	0
RF00015	0.094283215
RF00015	0
RF00015	0.716391266
RF00015	0.140870215
RF00016	0
RF00017	0.042460881
RF00017	0
RF00017	0
RF00017	0
RF00017	0
RF00017	0
RF00017	0.278464379
RF00017	0
RF00017	0
RF00017	0
RF00017	0
RF00017	0
RF00017	0
RF00017	0
RF00017	0.043541703
RF00017	1.512071083
RF00017	0.080362203
RF00017	0
RF00017	0.095791746
RF00017	0.042310842
RF00017	0.593137749
RF00017	0
RF00017	0.216136612
RF00017	0.332610231
RF00017	0.045702169
RF00017	0
RF00017	0
RF00017	0.04216186
RF00017	0
RF00017	0
RF00017	0.039518047
RF00017	0
RF00017	0
RF00017	0
RF00017	0
RF00017	0
RF00017	0.094283215
RF00017	0
RF00017	0.042460881
RF00017	0
RF00017	0.131582069
RF00017	0.381640424
RF00017	0.297226164
RF00017	0
RF00017	0.04641073
RF00017	0
RF00017	0
RF00017	0.042611987
RF00017	0
RF00017	0
RF00017	0.080362203
RF00017	0.042460881
RF00017	0
RF00017	0.224231616
RF00017	0.041576279
RF00017	0
RF00017	0
RF00017	0
RF00017	0
RF00017	0
RF00017	0
RF00017	0
RF00017	0
RF00017	0.042460881
RF00017	0
RF00017	0
RF00017	0.041289546
RF00017	0
RF00017	0.269510541
RF00017	0
RF00017	0
RF00017	0
RF00017	0.645062266
RF00017	0
RF00017	0
RF00017	0
RF00017	0.251202132
RF00017	0.182808676
RF00017	0.084921761
RF00017	0
RF00017	0.161810383
RF00017	0
RF00017	0
RF00017	0
RF00017	0
RF00017	0
RF00017	0
RF00017	0
RF00017	0.076267314
RF00017	0
RF00017	0
RF00017	0
RF00017	0.044512893
RF00017	0
RF00017	0
RF00017	0.384004814
RF00017	0
RF00017	0.75426572
RF00017	0
RF00017	0
RF00017	0
RF00017	0
RF00017	0
RF00017	0
RF00017	0
RF00017	0.042310842
RF00017	0
RF00017	0.069414309
RF00017	0.082295315
RF00017	0
RF00017	0
RF00017	0
RF00017	0.03606617
RF00017	0
RF00017	0
RF00017	0
RF00017	0.042917449
RF00017	0.042460881
RF00017	0
RF00017	0
RF00017	0.262203686
RF00017	0.042611987
RF00017	0.041721144
RF00017	0
RF00017	0.042310842
RF00017	0.423108421
RF00017	0.044678986
RF00017	0
RF00017	0
RF00017	0
RF00017	0
RF00017	0
RF00017	0
RF00017	0
RF00017	0
RF00017	0
RF00017	0
RF00017	0
RF00017	0
RF00017	0
RF00017	0
RF00017	0
RF00017	0
RF00017	0
RF00017	0.189461524
RF00017	0.06881591
RF00017	0
RF00017	0
RF00017	0.080362203
RF00017	0
RF00017	0.580826821
RF00017	0
RF00017	0
RF00017	0
RF00017	0
RF00017	0.084027848
RF00017	0.046053724
RF00017	0.2402803
RF00017	0.093546627
RF00017	0.047327938
RF00017	0
RF00017	0
RF00017	0
RF00017	0.044184385
RF00017	0.078517825
RF00017	0
RF00019	0
RF00019	0
RF00019	0
RF00019	0.12218335
RF00019	0
RF00019	0.352175538
RF00019	0
RF00019	0
RF00019	0
RF00019	0
RF00019	0
RF00019	0
RF00019	0
RF00019	0
RF00019	0
RF00019	0
RF00019	0
RF00019	0
RF00019	0
RF00019	0
RF00019	0.117391846
RF00019	0.221740154
RF00019	1.165607534
RF00019	0.21970584
RF00019	0
RF00019	0
RF00019	0
RF00019	5.09782809
RF00019	0.423857285
RF00019	0
RF00019	0.483796699
RF00019	0
RF00019	0
RF00019	0
RF00019	0
RF00019	0
RF00019	0.269077939
RF00019	0.114037793
RF00019	0
RF00019	0
RF00019	0
RF00019	0.117391846
RF00019	0.107873588
RF00019	0
RF00019	0
RF00019	0
RF00019	0.115134311
RF00019	0
RF00019	0
RF00019	0
RF00019	0.252083543
RF00019	0
RF00019	1.454781196
RF00019	0
RF00019	0
RF00019	0
RF00019	0
RF00019	0
RF00019	0.117391846
RF00019	0.117391846
RF00019	0
RF00019	0
RF00019	0.126041772
RF00019	0
RF00019	0
RF00019	0
RF00019	0
RF00019	0.895249967
RF00019	0
RF00019	0
RF00019	0.119739683
RF00019	0
RF00019	0
RF00019	0
RF00019	0.117391846
RF00019	0
RF00019	0
RF00019	0
RF00019	0
RF00019	0
RF00019	0
RF00019	0
RF00019	0
RF00019	0
RF00019	0
RF00019	0.272135643
RF00019	0
RF00019	0.118554142
RF00019	0
RF00019	0.119739683
RF00019	0
RF00019	0
RF00019	0.117391846
RF00019	0
RF00019	0
RF00019	0.234783692
RF00019	0
RF00019	0
RF00019	0
RF00019	0
RF00019	0
RF00019	0
RF00019	0
RF00019	0
RF00019	0
RF00019	0
RF00019	0
RF00019	0
RF00019	0
RF00019	0.71132485
RF00019	0
RF00019	0
RF00019	0.755115118
RF00019	0
RF00019	0.317892964
RF00019	0.136067822
RF00019	0.260303659
RF00019	0.630208858
RF00019	0
RF00019	0
RF00019	1.122559529
RF00019	0
RF00019	0
RF00019	0
RF00019	0
RF00019	0
RF00019	0
RF00019	0
RF00019	0
RF00019	0
RF00019	0
RF00019	0
RF00019	0
RF00019	3.870373594
RF00019	0.117391846
RF00019	0.118554142
RF00019	0
RF00019	0
RF00019	0
RF00019	0
RF00019	0.110870077
RF00019	0.112961965
RF00019	0
RF00019	0.126041772
RF00019	0
RF00019	0
RF00019	0.246885944
RF00019	0.117391846
RF00019	0.315104429
RF00019	0.105964321
RF00019	0.586959231
RF00019	0.117391846
RF00019	0.117391846
RF00019	0.123442972
RF00019	0
RF00019	0
RF00019	0
RF00019	0.783343721
RF00019	0
RF00019	0
RF00019	0
RF00019	0.525174048
RF00019	0
RF00019	0
RF00019	0
RF00019	1.4226497
RF00019	0.124728837
RF00019	0
RF00019	0
RF00019	0
RF00019	0.128752347
RF00019	0
RF00019	0.117391846
RF00019	0
RF00019	0.22592393
RF00019	0.111906246
RF00019	0
RF00019	5.986984153
RF00019	0
RF00019	0
RF00019	0
RF00019	0
RF00019	2.92697003
RF00019	0
RF00019	0
RF00019	0
RF00019	0.234783692
RF00019	0
RF00019	0
RF00019	0
RF00019	0
RF00019	0
RF00019	0
RF00019	0
RF00019	0
RF00019	0
RF00019	0
RF00019	0.105964321
RF00019	0
RF00019	0
RF00019	0
RF00019	0.128752347
RF00019	0.117391846
RF00019	0.10985292
RF00019	0
RF00019	0
RF00019	0
RF00019	0
RF00019	0.105964321
RF00019	0.84771457
RF00019	0
RF00019	0
RF00019	2.350031163
RF00019	0.117391846
RF00019	1.976286031
RF00019	0.117391846
RF00019	0
RF00019	0
RF00019	0
RF00019	0.221740154
RF00019	0.352175538
RF00019	0
RF00019	0
RF00019	0.997830692
RF00019	0.111906246
RF00019	0
RF00019	0
RF00019	0
RF00019	0
RF00019	0
RF00019	0.105964321
RF00019	0
RF00019	0.635785928
RF00019	0
RF00019	0
RF00019	0
RF00019	0
RF00019	0
RF00019	0.105964321
RF00019	0.115134311
RF00019	0
RF00019	0.105964321
RF00019	0
RF00019	0
RF00019	0
RF00019	0
RF00019	0
RF00019	0
RF00019	0
RF00019	0
RF00019	0.617214861
RF00019	0
RF00019	0.967593398
RF00019	0
RF00019	0
RF00019	0.234783692
RF00019	0.12218335
RF00019	0.106910431
RF00019	0
RF00019	0
RF00019	0
RF00019	0
RF00019	0.127382642
RF00019	2.157471767
RF00019	0
RF00019	0
RF00019	0
RF00019	0
RF00019	0
RF00019	3.072965317
RF00019	0.215747177
RF00019	0
RF00019	0
RF00019	0.215747177
RF00019	7.015052139
RF00019	0.232504239
RF00019	0
RF00019	0
RF00019	0
RF00019	0
RF00019	0
RF00019	0
RF00019	0.118554142
RF00019	0
RF00019	0.108854257
RF00019	0
RF00019	0
RF00019	0
RF00019	0
RF00019	0
RF00019	0
RF00019	0.107873588
RF00019	0
RF00019	0
RF00019	0
RF00019	0
RF00019	0.130151829
RF00019	0
RF00019	0
RF00019	0
RF00019	0.254765283
RF00019	0
RF00019	0
RF00019	0.232504239
RF00019	0
RF00019	0.110870077
RF00019	0
RF00019	0
RF00019	0
RF00019	0
RF00019	0
RF00019	0
RF00019	0
RF00019	0
RF00019	0
RF00019	0.105964321
RF00019	0
RF00019	0
RF00019	0
RF00019	0.641462588
RF00019	0
RF00019	0
RF00019	0
RF00019	0
RF00019	0
RF00019	0
RF00019	0
RF00019	0
RF00019	0
RF00019	0
RF00019	0
RF00019	0
RF00019	0.592770708
RF00019	0
RF00019	0.108854257
RF00019	0
RF00019	0
RF00019	0.211928643
RF00019	0
RF00019	0
RF00019	0
RF00019	0
RF00019	0
RF00019	0
RF00019	0
RF00019	0
RF00019	0
RF00019	0
RF00019	0
RF00019	0
RF00019	0
RF00019	0
RF00019	0.532176369
RF00019	0
RF00019	0
RF00019	0
RF00019	0
RF00019	0
RF00019	0
RF00019	0
RF00019	0.355662425
RF00019	0.10503481
RF00019	0
RF00019	0
RF00019	0
RF00019	0
RF00019	0.469567385
RF00019	0
RF00019	0
RF00019	0
RF00019	0
RF00019	0.110870077
RF00019	0.68422676
RF00019	0
RF00019	0
RF00019	0.117391846
RF00019	0
RF00019	0
RF00019	0
RF00019	0
RF00019	0
RF00019	0
RF00019	0.474216567
RF00019	0
RF00019	0
RF00019	1.122559529
RF00019	0
RF00019	0
RF00019	0
RF00019	0
RF00019	0
RF00019	0
RF00019	0
RF00019	0
RF00019	0
RF00019	0.107873588
RF00019	0.107873588
RF00019	0
RF00019	0
RF00019	0
RF00019	0
RF00019	0.105964321
RF00019	0
RF00019	0.211928643
RF00019	0.635785928
RF00019	0
RF00019	0.234783692
RF00019	0
RF00019	0
RF00019	0
RF00019	0
RF00019	0
RF00019	0
RF00019	0
RF00019	0
RF00019	0.382147925
RF00019	0
RF00019	0
RF00019	0
RF00019	0
RF00019	0.118554142
RF00019	0
RF00019	0
RF00019	0
RF00019	0.114037793
RF00019	0
RF00019	0
RF00019	0
RF00019	0
RF00019	0
RF00019	0
RF00019	0
RF00019	0
RF00019	0.659117521
RF00019	0
RF00019	0
RF00019	0
RF00019	0
RF00019	0
RF00019	0
RF00019	0
RF00019	0.451847861
RF00019	0.106910431
RF00019	0.390455488
RF00019	0.422610646
RF00019	0.124728837
RF00019	0
RF00019	0
RF00019	0
RF00019	0
RF00019	0
RF00019	0
RF00019	0
RF00019	0
RF00019	0.116252119
RF00019	0.276322346
RF00019	0
RF00019	0
RF00019	0.329558761
RF00019	0
RF00019	0
RF00019	0.211928643
RF00019	0
RF00019	0
RF00019	0
RF00019	0.665220461
RF00019	0
RF00019	0
RF00019	0
RF00019	0
RF00019	0
RF00019	0.211928643
RF00019	0
RF00019	0
RF00019	0
RF00019	0
RF00019	0
RF00019	0
RF00019	0
RF00019	0
RF00019	0
RF00019	0
RF00019	0
RF00019	0
RF00019	0.355662425
RF00019	0
RF00019	0.117391846
RF00019	0.117391846
RF00019	0
RF00019	0.117391846
RF00019	0
RF00019	0.126041772
RF00019	0
RF00019	0
RF00019	0
RF00019	0
RF00019	0.117391846
RF00019	0.118554142
RF00019	0
RF00019	0.127382642
RF00019	0
RF00019	0
RF00019	0
RF00019	0
RF00019	0
RF00019	0
RF00019	0
RF00019	0
RF00019	0
RF00019	0
RF00019	0
RF00019	0
RF00019	0
RF00019	0
RF00019	0.10503481
RF00019	0
RF00019	0
RF00019	0
RF00019	1.523959603
RF00019	0
RF00019	0
RF00019	0
RF00019	0
RF00019	0
RF00019	0
RF00019	0.948433133
RF00019	0.111906246
RF00019	0
RF00019	0
RF00019	0
RF00019	0
RF00019	3.95366878
RF00019	0.269077939
RF00019	1.056526615
RF00019	0
RF00019	0
RF00019	0
RF00019	0
RF00019	0
RF00019	0.275263639
RF00019	0
RF00019	0
RF00019	0
RF00019	0
RF00019	0.114037793
RF00019	0.119739683
RF00019	0.126041772
RF00019	0
RF00019	0
RF00019	0
RF00019	0
RF00019	0
RF00019	0
RF00019	0
RF00019	0.469567385
RF00019	0
RF00019	0
RF00019	0
RF00019	0
RF00019	1.291310307
RF00019	0
RF00019	0
RF00019	0
RF00019	0
RF00019	0
RF00019	0
RF00019	0
RF00019	0.234783692
RF00019	0
RF00019	0
RF00019	0
RF00019	0
RF00019	0
RF00019	0.117391846
RF00019	0
RF00019	0
RF00019	0
RF00019	0
RF00019	0
RF00019	0
RF00019	0
RF00019	0
RF00019	0
RF00019	0.210069619
RF00019	0.118554142
RF00019	0
RF00019	0
RF00019	0
RF00019	0
RF00019	0
RF00019	0
RF00019	0
RF00019	0.116252119
RF00019	0.317892964
RF00019	0
RF00019	0
RF00019	0
RF00019	0
RF00019	0
RF00019	0
RF00019	0
RF00019	0
RF00019	0
RF00019	0
RF00019	0
RF00019	0.110870077
RF00019	0
RF00019	0
RF00019	0
RF00019	0
RF00019	0
RF00019	0
RF00019	0.102341609
RF00019	0
RF00019	0
RF00019	0
RF00019	0.228075587
RF00019	0
RF00019	0
RF00019	0
RF00019	0
RF00019	0
RF00019	0
RF00019	0.117391846
RF00019	0
RF00019	0
RF00019	0
RF00019	0.317892964
RF00019	5.501553005
RF00019	0
RF00019	0
RF00019	0.105964321
RF00019	0.128752347
RF00019	0
RF00019	0.323620765
RF00019	0
RF00019	0
RF00019	0
RF00019	0.263164139
RF00019	0.117391846
RF00019	0
RF00019	0.246885944
RF00019	0
RF00019	0.320731294
RF00019	0.123442972
RF00019	0.741750249
RF00019	0
RF00019	0
RF00019	0.221740154
RF00019	0.234783692
RF00019	0
RF00019	0.469567385
RF00019	0
RF00019	0
RF00019	0
RF00019	0
RF00019	0
RF00019	0
RF00019	0
RF00019	0
RF00019	0
RF00019	0
RF00019	0
RF00019	0
RF00019	0
RF00019	0
RF00019	0
RF00019	0
RF00019	0
RF00019	0
RF00019	0
RF00019	0
RF00019	0.12218335
RF00019	0
RF00019	0
RF00019	0
RF00019	0
RF00019	0
RF00019	0
RF00019	0
RF00019	0
RF00019	0
RF00019	0
RF00019	0
RF00019	0
RF00019	0
RF00019	0
RF00019	0
RF00019	0
RF00019	0
RF00019	0.641462588
RF00019	0.117391846
RF00019	0
RF00019	0
RF00019	1.041214635
RF00019	0
RF00019	0.378125315
RF00019	0.10985292
RF00019	0
RF00019	0.117391846
RF00019	0
RF00019	0.116252119
RF00019	0
RF00019	0.614049657
RF00019	0
RF00019	0
RF00019	0
RF00019	0
RF00019	0.234783692
RF00019	0
RF00019	0
RF00019	0
RF00019	0
RF00019	0.460537243
RF00019	0
RF00019	0.105964321
RF00019	1.408702154
RF00019	0
RF00019	0
RF00019	0.117391846
RF00019	0
RF00019	0
RF00019	0
RF00019	0
RF00019	0.352175538
RF00019	0
RF00019	0
RF00019	0
RF00019	0
RF00019	0
RF00019	0
RF00019	0
RF00019	0
RF00019	0
RF00019	0
RF00019	0
RF00019	0
RF00019	0.119739683
RF00019	0
RF00019	0
RF00019	0.120949175
RF00019	0
RF00019	0
RF00019	0
RF00019	0
RF00019	0
RF00019	0
RF00019	0.12218335
RF00019	0
RF00019	0
RF00019	0
RF00019	0
RF00019	0
RF00019	0
RF00024	0
RF00026	0
RF00026	0
RF00026	0
RF00026	0
RF00026	0
RF00026	0
RF00026	0
RF00026	0
RF00026	0
RF00045	0
RF00045	0
RF00045	0
RF00045	0.058409601
RF00049	0
RF00056	0
RF00056	0
RF00056	0
RF00066	0
RF00066	0
RF00066	0
RF00066	0
RF00066	0.190062989
RF00066	0
RF00066	0
RF00070	0
RF00072	0
RF00072	0
RF00072	0
RF00072	0
RF00072	0
RF00072	0
RF00086	0
RF00088	0
RF00090	0
RF00090	0
RF00090	0
RF00090	0.133044092
RF00091	0
RF00091	0
RF00091	0
RF00091	0
RF00091	0
RF00091	0
RF00092	0
RF00092	0
RF00092	0
RF00092	0
RF00092	0
RF00092	0
RF00092	0
RF00092	0.295653538
RF00093	0
RF00093	0
RF00096	0
RF00096	0
RF00096	0
RF00096	0
RF00096	0
RF00096	0
RF00096	0
RF00096	0
RF00096	0
RF00096	0
RF00096	0
RF00096	0
RF00096	0
RF00096	0.270089511
RF00096	0
RF00096	0
RF00096	0
RF00096	0.091404338
RF00096	0
RF00096	0
RF00096	0
RF00096	0
RF00099	0
RF00100	0
RF00100	0
RF00100	0
RF00100	28.8677544
RF00100	0
RF00100	0
RF00100	0
RF00105	0
RF00105	0
RF00108	0
RF00108	0
RF00108	0.307024828
RF00133	0
RF00134	0
RF00136	0
RF00136	0
RF00136	0
RF00137	0
RF00139	0
RF00139	0
RF00139	0
RF00139	0
RF00139	0
RF00139	0
RF00139	0.362847524
RF00150	0
RF00150	0
RF00151	0.181423762
RF00152	0.142547242
RF00153	0
RF00154	0
RF00154	0.187093255
RF00156	0.078261231
RF00156	0
RF00156	0
RF00156	0
RF00156	0
RF00156	0
RF00156	0
RF00156	0
RF00156	0
RF00156	0.096564261
RF00156	0
RF00156	0
RF00156	0
RF00156	0
RF00156	0
RF00156	0
RF00156	0
RF00156	0
RF00156	0
RF00156	0
RF00156	0
RF00156	0
RF00156	0
RF00156	0
RF00156	0
RF00156	0
RF00157	0
RF00157	0
RF00157	0
RF00157	0
RF00181	0
RF00181	0
RF00181	0
RF00181	0
RF00181	0
RF00181	0
RF00189	0
RF00190	0.56569929
RF00190	0
RF00191	0
RF00191	0
RF00191	0
RF00201	0
RF00212	0
RF00212	0
RF00212	0
RF00218	0
RF00218	0
RF00263	0
RF00263	0
RF00263	0
RF00263	0
RF00264	0
RF00264	0
RF00264	0
RF00264	0
RF00265	1.136215971
RF00271	0
RF00271	0
RF00272	0
RF00272	0.111906246
RF00272	1.241744861
RF00272	0.084921761
RF00272	0
RF00272	0.08432372
RF00272	0
RF00273	0
RF00273	0
RF00275	0
RF00275	0.337294882
RF00275	0
RF00275	0.168647441
RF00275	2.1619665
RF00275	0
RF00278	0
RF00278	0
RF00279	0
RF00279	0
RF00279	0
RF00279	0
RF00279	0.328053926
RF00280	0
RF00283	0
RF00283	0
RF00284	0
RF00284	0
RF00284	0
RF00284	0
RF00284	0
RF00284	0
RF00285	0
RF00285	0.159652911
RF00285	0
RF00285	0
RF00287	0
RF00322	0
RF00322	0
RF00322	0.103223865
RF00322	0
RF00322	0
RF00322	0
RF00322	0.263164139
RF00322	0.368429794
RF00322	0.09282146
RF00322	0.086143657
RF00322	0
RF00322	0
RF00322	0
RF00322	0.088696062
RF00322	0
RF00322	0
RF00322	0
RF00322	0
RF00322	0
RF00322	0
RF00322	0
RF00322	0
RF00322	0
RF00322	0
RF00322	0
RF00322	0
RF00324	0
RF00324	0
RF00334	0
RF00334	0
RF00334	0
RF00334	0
RF00340	0.094283215
RF00340	0
RF00342	0
RF00345	0
RF00392	0.274213015
RF00393	0
RF00393	0
RF00393	0
RF00393	0
RF00394	0.174802457
RF00394	0
RF00394	0
RF00394	0
RF00397	0.169843522
RF00398	0
RF00399	0
RF00401	0
RF00401	0
RF00401	0
RF00402	0
RF00402	0
RF00402	0.280639882
RF00402	0
RF00402	0
RF00402	0
RF00402	0
RF00402	0
RF00402	0
RF00402	0
RF00402	0.094283215
RF00402	0
RF00402	0
RF00402	0
RF00402	0.095031494
RF00402	0.094283215
RF00402	0
RF00402	0
RF00404	0.469567385
RF00405	0.665220461
RF00406	0.437006143
RF00406	0
RF00407	0
RF00408	0
RF00408	0
RF00408	0
RF00409	0
RF00409	0
RF00409	0.086143657
RF00409	0.689149255
RF00409	0
RF00410	0
RF00410	0
RF00410	3.193058215
RF00411	0
RF00411	0.09282146
RF00411	0
RF00413	0
RF00413	0
RF00413	0.09282146
RF00414	0.089357972
RF00415	0
RF00416	0
RF00416	0.187093255
RF00416	0
RF00416	0
RF00416	0.086767886
RF00418	0.264131654
RF00421	0
RF00421	0
RF00421	0
RF00422	0.184214897
RF00422	0.524407371
RF00423	0
RF00424	0
RF00424	0
RF00424	0
RF00424	0
RF00424	0
RF00425	0
RF00425	0
RF00425	0
RF00425	0
RF00425	0
RF00425	0
RF00425	0
RF00426	0
RF00426	0
RF00426	0.18856643
RF00428	0
RF00432	0.091404338
RF00432	0
RF00432	0
RF00432	0
RF00432	0.090711881
RF00432	0
RF00432	0
RF00432	0.085528345
RF00432	0
RF00432	0
RF00432	0
RF00432	0
RF00438	0
RF00438	0
RF00438	0
RF00440	0
RF00440	0
RF00443	0
RF00443	0
RF00443	0
RF00443	0
RF00477	0
RF00478	0
RF00492	0
RF00492	0
RF00492	0
RF00492	0
RF00493	0
RF00493	0
RF00494	0
RF00494	0
RF00494	0
RF00494	0
RF00537	0
RF00554	0
RF00554	0
RF00554	0
RF00554	1.251011614
RF00554	0
RF00554	0
RF00554	0
RF00554	0
RF00554	0
RF00554	0
RF00554	0
RF00560	0
RF00560	0
RF00560	0
RF00560	0
RF00560	0
RF00561	0
RF00561	0
RF00561	0
RF00561	0
RF00561	0
RF00561	0
RF00561	0
RF00561	2.177085146
RF00561	0.187093255
RF00561	0
RF00561	0
RF00561	0.093546627
RF00561	0
RF00561	0
RF00561	0
RF00561	0
RF00561	0
RF00561	0
RF00561	0
RF00564	0
RF00564	0.092107449
RF00564	0.155506082
RF00566	0
RF00568	0
RF00568	0
RF00568	0.098147281
RF00568	0
RF00568	1.61351346
RF00568	0
RF00568	0
RF00568	0
RF00568	0
RF00568	0.194698672
RF00569	1.890626575
RF00569	0
RF00570	0
RF00571	0
RF00571	0
RF00572	0
RF00573	0.110870077
RF00575	0
RF00586	0.889957104
RF00586	0.153512414
RF00588	0
RF00591	0
RF00591	0
RF00591	0
RF00591	0
RF00592	0
RF00592	0
RF00593	0
RF00598	0
RF00598	0
RF00599	0
RF00599	0
RF00601	0
RF00601	0
RF00601	0
RF00601	0
RF00601	0
RF00601	0
RF00602	0
RF00602	0.093546627
RF00603	0
RF00604	1.84214897
RF00611	0.278464379
RF00612	0
RF00612	0
RF00614	0
RF00614	0
RF00614	0
RF00614	0
RF00614	0
RF00614	0
RF00618	0
RF00619	0
RF00619	0
RF00621	0
RF00622	0
RF00635	0
RF01159	0
RF01161	0
RF01161	0
RF01169	0
RF01169	0
RF01182	0
RF01183	0.149674604
RF01210	0
RF01210	0
RF01210	0
RF01210	0.34211338
RF01210	0.115134311
RF01210	0
RF01210	0
RF01210	0
RF01210	0
RF01210	0
RF01210	0
RF01210	0
RF01210	0
RF01210	0
RF01210	0
RF01210	0
RF01210	0
RF01210	0.230268621
RF01210	0
RF01210	0
RF01210	0.115134311
RF01210	0
RF01210	0
RF01210	0
RF01210	0
RF01210	0.115134311
RF01210	0
RF01210	0
RF01210	0
RF01210	0
RF01210	0
RF01225	0
RF01225	0
RF01225	0.282849645
RF01225	0
RF01225	0
RF01225	0.742571678
RF01233	0
RF01233	0
RF01233	0
RF01233	0.088696062
RF01233	0.177392123
RF01233	1.156107285
RF01241	0.120949175
RF01241	0.070435108
RF01241	1.082392615
RF01293	0
RF01293	0.083734044
RF01299	0
RF01518	0
RF01518	0
RF01518	0
RF01518	0
RF01518	0
RF01518	0
RF01518	0
RF01518	0
RF01518	0
RF01684	0
RF01684	0
RF01778	0
RF01848	0
RF01871	0
RF01872	0
RF01873	0
RF01874	0
RF01875	0
RF01876	0
RF01877	0
RF01879	0
RF01880	0
RF01881	0
RF01882	0
RF01883	0
RF01884	0
RF01887	0
RF01888	0
RF01891	0
RF01892	0
RF01894	0
RF01905	0
RF01906	0
RF01909	0.159652911
RF01928	0
RF01946	0
RF01947	0
RF01948	0
RF01950	0
RF01951	0
RF01953	0
RF01954	0
RF01955	0
RF01956	0
RF01957	0
RF01963	0
RF01964	0
RF01965	0
RF01966	0
RF01967	0
RF01968	0
RF01969	0
RF01970	0
RF01971	0
RF01972	0
RF01973	0
RF01974	0
RF01975	0
RF01976	0
RF01977	0
RF01978	0
RF01979	0
RF01981	0
RF01983	0
RF01984	0
RF01986	0
RF01987	0
RF01992	0
RF02038	0
RF02039	0
RF02040	0
RF02041	0
RF02042	0
RF02043	0
RF02045	0
RF02089	0
RF02090	0
RF02091	0
RF02091	0
RF02101	0
RF02102	0
RF02103	0
RF02104	0
RF02105	0
RF02105	0
RF02106	0
RF02106	0
RF02107	0
RF02107	0
RF02108	0
RF02108	0
RF02109	0
RF02109	0
RF02110	0
RF02110	0
RF02110	0
RF02112	0
RF02113	0
RF02114	0
RF02115	0.110870077
RF02116	0
RF02116	0.070435108
RF02118	0
RF02119	0.337294882
RF02120	0
RF02121	0
RF02122	0
RF02123	0
RF02124	0
RF02125	0
RF02126	0.51317007
RF02127	0
RF02128	0
RF02130	0
RF02131	0
RF02132	0
RF02133	0
RF02134	0.052060732
RF02135	0
RF02137	0
RF02138	0
RF02139	0
RF02140	0
RF02141	0
RF02142	0
RF02143	0
RF02145	0
RF02146	0
RF02148	0
RF02149	0
RF02150	0
RF02154	0
RF02155	0
RF02156	0
RF02157	0
RF02158	0
RF02159	0
RF02160	0
RF02161	0
RF02164	0
RF02166	0
RF02171	0
RF02171	0.136067822
RF02172	0
RF02173	0
RF02174	0
RF02175	0
RF02176	0
RF02177	0
RF02178	0
RF02179	0
RF02180	0
RF02181	0
RF02183	0
RF02184	0
RF02185	0
RF02187	0
RF02188	0
RF02189	0
RF02190	0
RF02192	0
RF02193	0
RF02195	0
RF02196	0
RF02197	0
RF02198	0
RF02199	0
RF02200	0
RF02201	0
RF02202	0
RF02203	0
RF02204	0
RF02205	0
RF02208	0
RF02209	0
RF02210	0
RF02211	0
RF02212	0
RF02213	0
RF02215	0
RF02216	0
RF02217	0
RF02218	0
RF02219	0
RF02219	0.157552215
RF02220	0
RF02246	0
RF02247	0
RF02248	0
RF02249	0
RF02250	0
RF02251	0
RF02252	0
RF02266	0
RF02271	0
RF02271	1.323090421
RF02271	0
RF02271	0
RF02271	0.064376174
RF02271	0
RF02271	0
RF02271	0
RF02271	0
RF02271	0
RF02271	0
RF02271	0
RF02271	0
RF02271	0
RF02271	0
RF02271	0
RF02271	0.330772605
RF02271	0.066893678
RF02271	0.13923219
RF02271	0
RF02271	0.32015958
RF02271	0
RF02271	0
RF02271	0
RF02271	0
RF02271	0
RF02271	0
RF02271	0
RF02271	0
RF02271	0
RF02271	0
RF02271	0.307024828
RF02271	0.067269485
RF02271	0.13763182
RF02271	0
RF02271	2.834075339
RF02272	0.060781565
RF02275	0
RF02277	0.095791746
RFC1	9.717589651
RFC2	10.00809291
RFC3	2.858087076
RFC3P1	0
RFC4	2.12950454
RFC5	2.91886208
RFC5P1	0
RFESD	0.186871493
RFESDP1	0
RFFL	2.543342892
RFK	6.56298237
RFKP1	0
RFKP2	0
RFLNA	0.156792142
RFLNB	21.79520163
RFNG	7.95889381
RFPL1	0
RFPL1S	0.059191998
RFPL2	0.039648902
RFPL3	0.055841291
RFPL3S	0.160544826
RFPL4A	0
RFPL4AL1	0
RFPL4AP1	0
RFPL4AP3	0
RFPL4AP5	0
RFPL4AP6	0
RFPL4AP7	0
RFPL4B	0.006302089
RFT1	2.912763792
RFTN1	25.87339885
RFTN1P1	0.019501577
RFTN2	1.496995205
RFWD2P1	0.011005486
RFWD3	3.357897067
RFX1	5.900438545
RFX2	8.684879585
RFX3	2.090539726
RFX3-AS1	0.352626467
RFX4	0.017652909
RFX5	11.47004858
RFX6	0.00585095
RFX7	1.87729386
RFX8	0.103264329
RFXANK	11.983536
RFXAP	2.591071199
RGCC	542.3789946
RGL1	17.81762598
RGL2	19.73687575
RGL3	5.242389061
RGL4	0.24125705
RGMA	0.321650621
RGMB	1.148754267
RGMB-AS1	0.316717592
RGN	4.664352648
RGP1	6.663422497
RGPD1	0.003485364
RGPD2	0.071936299
RGPD3	0.026755172
RGPD4	0.004382858
RGPD4-AS1	0
RGPD5	0
RGPD6	0.00089969
RGPD8	0.166933046
RGR	0.002813432
RGS1	4.694191121
RGS10	10.67328165
RGS11	1.078106358
RGS12	3.571136972
RGS13	0.436666749
RGS14	2.453449392
RGS16	17.04082675
RGS17	0.080341856
RGS17P1	0.324791184
RGS18	0.917463715
RGS19	13.99324698
RGS2	27.57554628
RGS20	0.097532323
RGS21	0
RGS22	1.543085653
RGS3	9.947778062
RGS4	0.859174318
RGS5	28.65607075
RGS6	0.490373996
RGS7	0.060380756
RGS7BP	0.76836837
RGS8	0.019702865
RGS9	0.986937344
RGS9BP	0.161363084
RGSL1	0.001396381
RHAG	0.006262536
RHBDD1	4.05586625
RHBDD2	61.66520097
RHBDD3	4.195258968
RHBDF1	7.46119067
RHBDF1P1	0.012337937
RHBDF2	4.774714976
RHBDL1	0.324136085
RHBDL2	0.74971179
RHBDL3	0.084198889
RHBG	0
RHCE	0.078743729
RHCG	0.078081113
RHD	0.198783054
RHEB	17.48504226
RHEBL1	0.724007386
RHEBP1	0.021535914
RHEBP2	0.119739683
RHEBP3	0
RHEX	0.939200775
RHNO1	5.93035358
RHO	0
RHOA	277.73856
RHOA-IT1	0.486370086
RHOB	178.049678
RHOBTB1	8.592763043
RHOBTB2	32.73005987
RHOBTB3	5.606739829
RHOC	34.30476521
RHOD	6.928810118
RHOF	0.495928796
RHOG	39.73180392
RHOH	0.666831165
RHOJ	15.98002309
RHOQ	12.89683748
RHOQP1	0.475649864
RHOQP2	0.310206433
RHOQP3	0.07712701
RHOT1	7.681980922
RHOT1P1	0.258696846
RHOT1P2	0.107873588
RHOT1P3	0.144700523
RHOT2	10.3516738
RHOU	9.878797731
RHOV	2.064719461
RHOXF1	0.280274941
RHOXF1-AS1	4.060111097
RHOXF1P1	0.108572251
RHOXF2	0
RHOXF2B	0
RHPN1	3.229895352
RHPN1-AS1	0.437006143
RHPN2	3.609139489
RIBC1	2.788458373
RIBC2	2.88958574
RIC1	4.287268829
RIC3	1.39334018
RIC8A	14.56758178
RIC8B	1.892486075
RICTOR	2.97095804
RIDA	5.417704868
RIF1	2.817830811
RIIAD1	0.895002496
RILP	10.87507345
RILPL1	2.700347292
RILPL2	7.959247455
RIMBP2	0.039771513
RIMBP3	0.043149435
RIMBP3B	0.001961338
RIMBP3C	0.003922676
RIMKLA	1.433249742
RIMKLB	5.922383906
RIMKLBP1	0.16459063
RIMKLBP2	0.256323481
RIMS1	0.081461936
RIMS2	0.035737423
RIMS3	1.496125411
RIMS4	0.437006143
RIN1	1.674910542
RIN2	15.90999865
RIN3	8.344406566
RING1	32.14793141
RINL	1.943881548
RINT1	4.278523285
RIOK1	6.303256717
RIOK2	4.106666338
RIOK3	13.77906654
RIOK3P1	0
RIOX1	4.875362147
RIOX2	2.44526533
RIPK1	16.69450225
RIPK2	7.925022975
RIPK3	4.56011078
RIPK4	6.033003619
RIPOR1	18.3782352
RIPOR2	2.38406607
RIPOR3	0.691457314
RIPPLY1	0.010062158
RIPPLY2	0.015611432
RIPPLY3	0.072287864
RIT1	8.292255673
RIT2	0.008402785
RITA1	5.896232985
RLBP1	0.036193355
RLF	5.335183124
RLIM	8.544260234
RLIMP1	0.028509448
RLIMP2	0
RLN1	0.07605969
RLN2	0.243601859
RLN3	0.155730802
RMC1	9.447422242
RMDN1	8.385595232
RMDN2	2.508964521
RMDN2-AS1	0.018241877
RMDN3	22.91069219
RMI1	1.980297011
RMI2	0.523113017
RMND1	5.151884383
RMND5A	7.505728222
RMND5B	4.555736545
RMRP	0
RMRP	0
RMRPP5	0
RMST	0.236419816
RN7SKP1	0
RN7SKP10	0
RN7SKP100	0
RN7SKP101	0
RN7SKP102	0
RN7SKP103	0
RN7SKP104	0
RN7SKP105	0
RN7SKP106	0
RN7SKP107	0
RN7SKP108	0
RN7SKP109	0
RN7SKP11	0
RN7SKP110	0
RN7SKP111	0
RN7SKP112	0
RN7SKP113	0
RN7SKP114	0
RN7SKP115	0
RN7SKP116	0.075071902
RN7SKP117	0
RN7SKP118	0
RN7SKP119	0.04386069
RN7SKP12	0.083734044
RN7SKP120	0
RN7SKP121	0
RN7SKP122	0
RN7SKP123	0
RN7SKP124	0.035114277
RN7SKP125	0
RN7SKP126	0
RN7SKP127	0.033824769
RN7SKP128	0
RN7SKP129	0
RN7SKP13	0
RN7SKP130	0
RN7SKP131	0
RN7SKP132	0
RN7SKP133	0
RN7SKP134	0
RN7SKP135	0
RN7SKP136	0
RN7SKP137	0.078006308
RN7SKP139	0
RN7SKP14	0
RN7SKP140	0
RN7SKP141	0
RN7SKP142	0
RN7SKP143	0
RN7SKP144	0
RN7SKP145	0
RN7SKP146	0
RN7SKP147	0
RN7SKP148	0
RN7SKP149	0
RN7SKP15	0
RN7SKP150	0.484927065
RN7SKP151	0.037892305
RN7SKP152	0
RN7SKP153	0
RN7SKP154	0
RN7SKP155	0
RN7SKP156	0
RN7SKP157	0
RN7SKP158	0
RN7SKP159	0
RN7SKP16	1.201401502
RN7SKP160	0.316957985
RN7SKP161	0.353330212
RN7SKP162	0
RN7SKP163	0.072569505
RN7SKP164	0
RN7SKP165	0
RN7SKP166	0
RN7SKP167	0
RN7SKP168	0
RN7SKP169	0
RN7SKP17	0
RN7SKP170	0
RN7SKP171	0
RN7SKP172	0
RN7SKP173	0.266088185
RN7SKP174	0
RN7SKP175	0
RN7SKP176	0
RN7SKP177	0
RN7SKP178	0
RN7SKP179	0
RN7SKP18	1.306251088
RN7SKP180	0
RN7SKP181	0
RN7SKP182	0
RN7SKP183	0
RN7SKP184	0
RN7SKP185	0.036729964
RN7SKP186	0
RN7SKP187	0
RN7SKP188	0
RN7SKP189	0.036284752
RN7SKP19	0
RN7SKP190	0
RN7SKP191	0
RN7SKP192	0
RN7SKP193	0.039130615
RN7SKP194	0
RN7SKP195	0
RN7SKP196	0
RN7SKP197	0.080632783
RN7SKP198	0
RN7SKP199	0
RN7SKP2	0
RN7SKP20	0
RN7SKP200	0
RN7SKP202	0
RN7SKP203	0.03606617
RN7SKP204	0
RN7SKP205	0
RN7SKP206	0
RN7SKP207	0
RN7SKP208	0
RN7SKP209	0
RN7SKP21	0.272135643
RN7SKP210	0
RN7SKP211	0
RN7SKP212	0
RN7SKP213	0
RN7SKP214	0
RN7SKP216	0
RN7SKP217	0
RN7SKP218	0
RN7SKP219	0.040452596
RN7SKP22	0
RN7SKP220	0
RN7SKP221	0
RN7SKP222	0
RN7SKP223	0
RN7SKP224	0
RN7SKP225	0
RN7SKP226	0
RN7SKP227	0
RN7SKP228	0
RN7SKP229	0
RN7SKP23	0.108575858
RN7SKP230	0.071486378
RN7SKP231	0
RN7SKP232	0
RN7SKP233	0
RN7SKP234	0
RN7SKP235	0
RN7SKP236	0
RN7SKP237	0.039780626
RN7SKP238	0
RN7SKP239	0.5276664
RN7SKP24	0
RN7SKP240	0.031930582
RN7SKP241	0
RN7SKP242	0
RN7SKP243	0
RN7SKP244	0
RN7SKP245	0
RN7SKP246	0
RN7SKP247	0
RN7SKP248	0
RN7SKP249	0
RN7SKP25	0
RN7SKP250	0
RN7SKP251	0
RN7SKP252	0
RN7SKP253	0
RN7SKP254	0
RN7SKP255	0
RN7SKP256	0
RN7SKP257	0
RN7SKP258	0
RN7SKP259	0
RN7SKP26	0.040866786
RN7SKP260	0
RN7SKP260	0
RN7SKP261	0.043071828
RN7SKP262	0
RN7SKP263	0
RN7SKP264	0
RN7SKP265	0
RN7SKP266	0
RN7SKP267	0
RN7SKP268	0
RN7SKP269	0.037535951
RN7SKP27	0
RN7SKP270	0
RN7SKP271	0.074837302
RN7SKP272	0.103223865
RN7SKP273	0.152534628
RN7SKP275	0.159122502
RN7SKP276	0.044678986
RN7SKP277	0
RN7SKP278	0
RN7SKP279	0
RN7SKP28	0
RN7SKP280	0
RN7SKP281	0
RN7SKP282	0
RN7SKP283	0
RN7SKP284	0
RN7SKP285	0.075307977
RN7SKP286	0
RN7SKP287	0.180059674
RN7SKP288	0
RN7SKP289	0
RN7SKP29	0
RN7SKP290	0
RN7SKP291	0
RN7SKP292	0.037772771
RN7SKP293	0
RN7SKP294	0
RN7SKP295	0
RN7SKP296	1.193885403
RN7SKP297	0
RN7SKP298	0
RN7SKP299	0
RN7SKP3	0
RN7SKP30	0
RN7SKP31	0
RN7SKP32	0
RN7SKP33	0
RN7SKP34	0
RN7SKP35	0
RN7SKP36	0
RN7SKP37	0
RN7SKP38	0
RN7SKP39	0.037186237
RN7SKP4	0
RN7SKP40	0.049479208
RN7SKP42	0
RN7SKP43	0
RN7SKP44	0
RN7SKP45	0
RN7SKP46	0
RN7SKP47	0
RN7SKP48	0
RN7SKP49	0
RN7SKP5	0.044021942
RN7SKP50	0
RN7SKP51	4.884118651
RN7SKP52	0
RN7SKP53	0
RN7SKP54	0
RN7SKP55	0
RN7SKP56	0.036175131
RN7SKP57	0.040866786
RN7SKP58	0
RN7SKP59	0
RN7SKP6	0
RN7SKP60	0
RN7SKP61	0
RN7SKP62	0
RN7SKP63	0
RN7SKP64	0
RN7SKP65	0
RN7SKP66	0
RN7SKP67	0
RN7SKP68	0.117009462
RN7SKP69	0.117776737
RN7SKP7	0
RN7SKP70	0.574397004
RN7SKP71	0
RN7SKP72	0
RN7SKP73	0
RN7SKP74	0
RN7SKP75	0
RN7SKP76	0
RN7SKP77	0
RN7SKP78	0.075307977
RN7SKP79	0
RN7SKP8	0
RN7SKP80	0.719284315
RN7SKP81	0
RN7SKP82	0
RN7SKP83	0.067269485
RN7SKP85	0
RN7SKP86	0
RN7SKP87	0.039780626
RN7SKP88	0
RN7SKP89	0
RN7SKP9	0
RN7SKP90	0
RN7SKP91	0
RN7SKP92	0
RN7SKP93	0
RN7SKP94	0
RN7SKP95	0
RN7SKP96	0.040316392
RN7SKP97	0.611283667
RN7SKP98	0
RN7SKP99	0
RN7SL1	0
RN7SL100P	0
RN7SL101P	0
RN7SL104P	0
RN7SL105P	0.160186867
RN7SL106P	0
RN7SL107P	0
RN7SL108P	0
RN7SL110P	0.042310842
RN7SL111P	0.042013924
RN7SL113P	0.280327017
RN7SL116P	0.15703565
RN7SL117P	0
RN7SL118P	0
RN7SL11P	0.040866786
RN7SL120P	0
RN7SL121P	0
RN7SL122P	0
RN7SL123P	0
RN7SL124P	0.084027848
RN7SL125P	0.040727783
RN7SL126P	0
RN7SL127P	0.039913228
RN7SL128P	0.549624775
RN7SL12P	0
RN7SL130P	0.510365862
RN7SL131P	0.046773314
RN7SL132P	0
RN7SL134P	0
RN7SL135P	0
RN7SL138P	1.501961181
RN7SL140P	0
RN7SL141P	0.045014918
RN7SL143P	0
RN7SL144P	0.040589723
RN7SL145P	0.364073361
RN7SL146P	0.120949175
RN7SL147P	0
RN7SL148P	0
RN7SL149P	0
RN7SL14P	0
RN7SL150P	0
RN7SL151P	0.042310842
RN7SL152P	0
RN7SL153P	0
RN7SL154P	0
RN7SL155P	0.045528397
RN7SL156P	0
RN7SL159P	0
RN7SL15P	0.079561251
RN7SL160P	0.04216186
RN7SL162P	0
RN7SL163P	0
RN7SL164P	0
RN7SL165P	0.041147657
RN7SL166P	0.128292518
RN7SL167P	0
RN7SL168P	0
RN7SL169P	0
RN7SL16P	0.044512893
RN7SL170P	0
RN7SL172P	0.237108283
RN7SL173P	0
RN7SL174P	0
RN7SL176P	0
RN7SL177P	0
RN7SL178P	0
RN7SL180P	0
RN7SL181P	0.605182514
RN7SL182P	0
RN7SL183P	0
RN7SL184P	0
RN7SL185P	0.048088226
RN7SL186P	0
RN7SL187P	0
RN7SL188P	0
RN7SL189P	0.041432416
RN7SL18P	0.041147657
RN7SL190P	0
RN7SL191P	0
RN7SL192P	0.480560601
RN7SL193P	0
RN7SL196P	0
RN7SL197P	0
RN7SL198P	0
RN7SL199P	0
RN7SL19P	0.039130615
RN7SL2	228.8225343
RN7SL200P	0
RN7SL201P	0
RN7SL202P	0
RN7SL203P	0
RN7SL204P	0
RN7SL205P	0
RN7SL208P	0
RN7SL209P	0
RN7SL20P	0
RN7SL210P	0
RN7SL211P	0
RN7SL213P	0.113318312
RN7SL214P	0
RN7SL215P	0
RN7SL216P	0
RN7SL217P	0
RN7SL218P	0
RN7SL219P	0.040452596
RN7SL220P	0.079826455
RN7SL221P	0.170447947
RN7SL222P	0
RN7SL223P	0
RN7SL225P	0
RN7SL228P	0
RN7SL229P	0
RN7SL22P	0
RN7SL230P	0
RN7SL231P	0
RN7SL233P	0.259363934
RN7SL234P	0
RN7SL236P	0.337294882
RN7SL237P	0
RN7SL238P	0
RN7SL239P	0.039913228
RN7SL23P	0.304791921
RN7SL240P	0
RN7SL241P	0
RN7SL242P	0
RN7SL244P	0
RN7SL246P	0.040452596
RN7SL248P	0
RN7SL250P	0.04641073
RN7SL251P	0
RN7SL252P	0
RN7SL253P	0.040452596
RN7SL254P	0
RN7SL255P	0
RN7SL258P	0.119739683
RN7SL259P	0
RN7SL25P	0
RN7SL260P	0.042460881
RN7SL261P	0
RN7SL262P	0.12218335
RN7SL263P	0.247737275
RN7SL265P	0
RN7SL266P	0
RN7SL267P	0
RN7SL268P	0.401811017
RN7SL269P	0.117776737
RN7SL26P	0
RN7SL270P	0.042611987
RN7SL271P	0
RN7SL272P	0
RN7SL273P	0
RN7SL274P	0
RN7SL275P	0
RN7SL277P	0.083152558
RN7SL278P	0
RN7SL279P	0
RN7SL280P	0
RN7SL282P	0
RN7SL283P	0
RN7SL284P	0.087083406
RN7SL285P	0.090711881
RN7SL286P	0
RN7SL288P	0.041147657
RN7SL28P	0
RN7SL290P	0
RN7SL291P	0
RN7SL292P	0.045014918
RN7SL293P	0
RN7SL294P	0
RN7SL296P	0.040046717
RN7SL297P	0.040866786
RN7SL299P	0
RN7SL3	0.680794185
RN7SL300P	0
RN7SL301P	0
RN7SL302P	0
RN7SL303P	0
RN7SL304P	0
RN7SL305P	0
RN7SL306P	0.040452596
RN7SL307P	0
RN7SL308P	0
RN7SL309P	0
RN7SL30P	0
RN7SL310P	0.042611987
RN7SL311P	0
RN7SL313P	0
RN7SL314P	0
RN7SL316P	0.044021942
RN7SL317P	0.03639504
RN7SL318P	0
RN7SL319P	0
RN7SL320P	0
RN7SL321P	0
RN7SL322P	0
RN7SL323P	0
RN7SL325P	0
RN7SL326P	0
RN7SL327P	0
RN7SL328P	0.119739683
RN7SL329P	0.040046717
RN7SL32P	0.042611987
RN7SL330P	0.039003154
RN7SL331P	0
RN7SL332P	0
RN7SL333P	0.24189835
RN7SL334P	0.042917449
RN7SL335P	0
RN7SL336P	0.483796699
RN7SL337P	0
RN7SL338P	0.245200716
RN7SL339P	0
RN7SL33P	0
RN7SL340P	0
RN7SL341P	0
RN7SL342P	0
RN7SL343P	0
RN7SL344P	0
RN7SL346P	0
RN7SL34P	0.399132277
RN7SL350P	0
RN7SL351P	0
RN7SL352P	0
RN7SL353P	0
RN7SL354P	0
RN7SL356P	0.04828213
RN7SL357P	0
RN7SL359P	0.041576279
RN7SL35P	0
RN7SL361P	0
RN7SL362P	0
RN7SL363P	0.04386069
RN7SL364P	0.176087769
RN7SL366P	0
RN7SL368P	0.259363934
RN7SL369P	0
RN7SL36P	0
RN7SL370P	0
RN7SL371P	0
RN7SL372P	0
RN7SL375P	0
RN7SL376P	0
RN7SL377P	0.043071828
RN7SL378P	0
RN7SL379P	0
RN7SL37P	0.039003154
RN7SL380P	0
RN7SL381P	1.165251949
RN7SL382P	0.169843522
RN7SL383P	0
RN7SL384P	0
RN7SL385P	0.086767886
RN7SL386P	0
RN7SL387P	0
RN7SL388P	0.03532144
RN7SL38P	0
RN7SL390P	0
RN7SL391P	0.252971161
RN7SL392P	0
RN7SL393P	0.040452596
RN7SL394P	0.041147657
RN7SL395P	0.123442972
RN7SL396P	0.365307508
RN7SL397P	0.040181102
RN7SL398P	0
RN7SL399P	0.042917449
RN7SL39P	0
RN7SL400P	0
RN7SL401P	0
RN7SL402P	0.045355941
RN7SL403P	0.274812387
RN7SL404P	0
RN7SL405P	0.165729665
RN7SL408P	0
RN7SL40P	0.140046413
RN7SL411P	0
RN7SL413P	0
RN7SL414P	0
RN7SL415P	0
RN7SL416P	0
RN7SL417P	0.180739144
RN7SL418P	0.125163432
RN7SL419P	0
RN7SL41P	0
RN7SL420P	0
RN7SL422P	0
RN7SL423P	0
RN7SL424P	0
RN7SL426P	0
RN7SL428P	0
RN7SL429P	0
RN7SL42P	0.040727783
RN7SL430P	0
RN7SL431P	0.549624775
RN7SL432P	0
RN7SL434P	0.044184385
RN7SL435P	0.042460881
RN7SL43P	0.041147657
RN7SL440P	0
RN7SL441P	0.161810383
RN7SL442P	0
RN7SL443P	0
RN7SL444P	0.239479366
RN7SL445P	0
RN7SL446P	0
RN7SL447P	0
RN7SL448P	0
RN7SL449P	0
RN7SL44P	0
RN7SL451P	0
RN7SL452P	0.16459063
RN7SL453P	0
RN7SL454P	0
RN7SL455P	0
RN7SL456P	0
RN7SL457P	0
RN7SL459P	0.158595607
RN7SL45P	0.160724407
RN7SL460P	0
RN7SL461P	0
RN7SL462P	0
RN7SL464P	0
RN7SL465P	0
RN7SL466P	0
RN7SL468P	0
RN7SL469P	0
RN7SL470P	0
RN7SL471P	0
RN7SL472P	0
RN7SL473P	2.162522704
RN7SL474P	0
RN7SL475P	0.48217322
RN7SL477P	0.083734044
RN7SL478P	0
RN7SL479P	0
RN7SL47P	0.2402803
RN7SL480P	0.081455567
RN7SL481P	0.440513884
RN7SL482P	0
RN7SL483P	0.042013924
RN7SL484P	0
RN7SL487P	0.069616095
RN7SL488P	0
RN7SL489P	0
RN7SL48P	0.081733572
RN7SL491P	0
RN7SL492P	0
RN7SL493P	0.040046717
RN7SL494P	0.275716375
RN7SL495P	0
RN7SL496P	0
RN7SL497P	0
RN7SL498P	0
RN7SL499P	0
RN7SL49P	0.200905508
RN7SL4P	1.380050584
RN7SL502P	0.041289546
RN7SL503P	0.039518047
RN7SL504P	0
RN7SL505P	0
RN7SL507P	0.040452596
RN7SL508P	0
RN7SL509P	0
RN7SL50P	0
RN7SL510P	0.091056793
RN7SL513P	0.040181102
RN7SL515P	0.040316392
RN7SL516P	0
RN7SL517P	0.039258912
RN7SL518P	0
RN7SL519P	0
RN7SL51P	0
RN7SL520P	0.083734044
RN7SL521P	0.040316392
RN7SL523P	0.040181102
RN7SL524P	0
RN7SL525P	0.042764173
RN7SL526P	0.112607852
RN7SL52P	0
RN7SL530P	0
RN7SL531P	0
RN7SL535P	0.080905191
RN7SL536P	0
RN7SL538P	0
RN7SL539P	0
RN7SL541P	0
RN7SL542P	0
RN7SL543P	0
RN7SL544P	0
RN7SL545P	0
RN7SL546P	0.247737275
RN7SL547P	0
RN7SL549P	0
RN7SL551P	0.040181102
RN7SL552P	0.086767886
RN7SL553P	0
RN7SL554P	0
RN7SL555P	0
RN7SL556P	0.040181102
RN7SL557P	0
RN7SL558P	0.200233584
RN7SL559P	0.161265566
RN7SL55P	0
RN7SL560P	0
RN7SL561P	0
RN7SL563P	0
RN7SL564P	0
RN7SL565P	0
RN7SL566P	0.323620765
RN7SL567P	0
RN7SL568P	0
RN7SL569P	0
RN7SL570P	0
RN7SL571P	0
RN7SL573P	0
RN7SL574P	0.524113091
RN7SL575P	0
RN7SL577P	0
RN7SL578P	0
RN7SL57P	0
RN7SL580P	0
RN7SL581P	0
RN7SL582P	0
RN7SL583P	0
RN7SL584P	0
RN7SL585P	0
RN7SL586P	0
RN7SL587P	0.170447947
RN7SL589P	0.038625704
RN7SL58P	0.040727783
RN7SL591P	0
RN7SL592P	0.042611987
RN7SL594P	0
RN7SL596P	0
RN7SL597P	0.040452596
RN7SL598P	0
RN7SL5P	0.671437475
RN7SL600P	2.242616137
RN7SL601P	0
RN7SL602P	0
RN7SL604P	0
RN7SL605P	0.085223974
RN7SL606P	0.081733572
RN7SL607P	0
RN7SL608P	1.244606025
RN7SL60P	0
RN7SL610P	0.123442972
RN7SL612P	0
RN7SL614P	0.128292518
RN7SL615P	0
RN7SL616P	0
RN7SL617P	0
RN7SL618P	0
RN7SL619P	0.185642919
RN7SL620P	0
RN7SL621P	0
RN7SL622P	0
RN7SL623P	0
RN7SL624P	0
RN7SL625P	0.082295315
RN7SL627P	0
RN7SL628P	0
RN7SL629P	0
RN7SL62P	0
RN7SL630P	0
RN7SL632P	0
RN7SL633P	0
RN7SL634P	0
RN7SL635P	0
RN7SL636P	0.040727783
RN7SL638P	0
RN7SL63P	0
RN7SL640P	0
RN7SL643P	0
RN7SL644P	0
RN7SL645P	0
RN7SL646P	0
RN7SL647P	0
RN7SL648P	0.079561251
RN7SL649P	0
RN7SL650P	0.480560601
RN7SL652P	0.119739683
RN7SL653P	0
RN7SL654P	0
RN7SL655P	0.040181102
RN7SL656P	0
RN7SL657P	0
RN7SL658P	0
RN7SL659P	0
RN7SL65P	0
RN7SL660P	0
RN7SL663P	0.12014015
RN7SL664P	0.117776737
RN7SL665P	0.159652911
RN7SL666P	0
RN7SL667P	0
RN7SL668P	0.039518047
RN7SL66P	0
RN7SL670P	0
RN7SL672P	0
RN7SL673P	0
RN7SL674P	0.391875326
RN7SL675P	0
RN7SL677P	0
RN7SL678P	0
RN7SL679P	0
RN7SL67P	0.121357787
RN7SL680P	0
RN7SL681P	0.041006741
RN7SL683P	0
RN7SL684P	0.040727783
RN7SL685P	0
RN7SL687P	0
RN7SL688P	0
RN7SL689P	3.225311328
RN7SL68P	0.115877113
RN7SL690P	0
RN7SL691P	0
RN7SL692P	0
RN7SL693P	0.128752347
RN7SL697P	0
RN7SL698P	0.039648902
RN7SL69P	0
RN7SL700P	0
RN7SL702P	0
RN7SL703P	0
RN7SL704P	0.087401229
RN7SL705P	0
RN7SL706P	0.082013482
RN7SL708P	0
RN7SL709P	0
RN7SL70P	0
RN7SL711P	0
RN7SL712P	0
RN7SL713P	0
RN7SL714P	0
RN7SL715P	0
RN7SL716P	0
RN7SL717P	0
RN7SL718P	0
RN7SL719P	0
RN7SL720P	0.039388054
RN7SL722P	0
RN7SL724P	0.17673754
RN7SL725P	0
RN7SL726P	0
RN7SL727P	0
RN7SL728P	0.039913228
RN7SL72P	0
RN7SL731P	0
RN7SL732P	0
RN7SL733P	0
RN7SL734P	0
RN7SL735P	0.041006741
RN7SL736P	0
RN7SL737P	0
RN7SL738P	0.443480308
RN7SL73P	0.047515747
RN7SL740P	0
RN7SL741P	0
RN7SL743P	0
RN7SL744P	0.089692646
RN7SL745P	0
RN7SL748P	0.077003012
RN7SL749P	0.536764096
RN7SL74P	0
RN7SL750P	0.050310791
RN7SL751P	0.126485581
RN7SL752P	0.458932583
RN7SL753P	0.330316367
RN7SL754P	0
RN7SL756P	0.044678986
RN7SL757P	0
RN7SL759P	0
RN7SL75P	0.042611987
RN7SL760P	0.044348031
RN7SL761P	0
RN7SL762P	0
RN7SL763P	0
RN7SL764P	0.041867022
RN7SL766P	0
RN7SL767P	0.121769169
RN7SL769P	0.040589723
RN7SL76P	0.082864833
RN7SL771P	0.040181102
RN7SL774P	0
RN7SL775P	0.142547242
RN7SL776P	0
RN7SL778P	0.040316392
RN7SL77P	0
RN7SL782P	0
RN7SL783P	0
RN7SL784P	0
RN7SL785P	0
RN7SL786P	0
RN7SL787P	0
RN7SL788P	0
RN7SL789P	0
RN7SL78P	0
RN7SL790P	0
RN7SL791P	0
RN7SL792P	0.039258912
RN7SL793P	0
RN7SL794P	0.042764173
RN7SL795P	0
RN7SL796P	0
RN7SL797P	0
RN7SL798P	0.039780626
RN7SL799P	0
RN7SL79P	0
RN7SL7P	0
RN7SL800P	0
RN7SL801P	0.039648902
RN7SL802P	0
RN7SL803P	0.039003154
RN7SL804P	0
RN7SL806P	0.042460881
RN7SL807P	0
RN7SL808P	0
RN7SL809P	0.443480308
RN7SL810P	0
RN7SL811P	0
RN7SL812P	0.042917449
RN7SL813P	0
RN7SL814P	0
RN7SL815P	0
RN7SL817P	0
RN7SL818P	0
RN7SL819P	0
RN7SL81P	0.779913644
RN7SL820P	0
RN7SL822P	0
RN7SL823P	0.040589723
RN7SL824P	0
RN7SL825P	0.121769169
RN7SL826P	0
RN7SL827P	0.083152558
RN7SL828P	0
RN7SL82P	0
RN7SL831P	0
RN7SL832P	0.272755542
RN7SL833P	0.08432372
RN7SL834P	2.302686213
RN7SL835P	0.182808676
RN7SL836P	0
RN7SL837P	0
RN7SL838P	0.040589723
RN7SL83P	0
RN7SL840P	0.04216186
RN7SL841P	0
RN7SL842P	0
RN7SL843P	0.080632783
RN7SL845P	0
RN7SL846P	0
RN7SL847P	0
RN7SL849P	0
RN7SL850P	0.082295315
RN7SL851P	0.158072189
RN7SL853P	0
RN7SL854P	0
RN7SL856P	0
RN7SL860P	0
RN7SL861P	0
RN7SL862P	0.080362203
RN7SL863P	0
RN7SL864P	0
RN7SL865P	0
RN7SL868P	0
RN7SL869P	0
RN7SL870P	0
RN7SL87P	0
RN7SL88P	0
RN7SL89P	0
RN7SL8P	6.302088582
RN7SL91P	0
RN7SL93P	0
RN7SL96P	0
RN7SL97P	0
RN7SL98P	0
RNA5-8S5	0
RNA5-8SN3	0
RNA5-8SN3	0
RNA5-8SN4	0
RNA5-8SP2	0
RNA5-8SP4	0
RNA5-8SP5	0
RNA5-8SP6	0
RNA5-8SP7	0
RNA5S1	0
RNA5S10	0
RNA5S11	0
RNA5S12	0
RNA5S13	0
RNA5S14	0
RNA5S15	0
RNA5S16	0
RNA5S17	0
RNA5S2	0
RNA5S3	0
RNA5S4	0
RNA5S5	0
RNA5S6	0
RNA5S7	0
RNA5S8	0
RNA5S9	0
RNA5SP100	0
RNA5SP101	0.110870077
RNA5SP102	0
RNA5SP103	0
RNA5SP104	0
RNA5SP105	0
RNA5SP106	0
RNA5SP107	0
RNA5SP108	0.921074485
RNA5SP109	0
RNA5SP110	0
RNA5SP111	0
RNA5SP112	0
RNA5SP113	0
RNA5SP114	0
RNA5SP115	0
RNA5SP116	0
RNA5SP117	0
RNA5SP118	0.768970442
RNA5SP119	0
RNA5SP120	0
RNA5SP121	0
RNA5SP122	0.443480308
RNA5SP123	0
RNA5SP124	0.108854257
RNA5SP125	0
RNA5SP126	0
RNA5SP127	0
RNA5SP128	0
RNA5SP129	0
RNA5SP130	0
RNA5SP131	0.100621582
RNA5SP132	0.608845846
RNA5SP133	0
RNA5SP134	0
RNA5SP135	0
RNA5SP136	0
RNA5SP137	0
RNA5SP138	0
RNA5SP139	0
RNA5SP140	0
RNA5SP141	0
RNA5SP142	0
RNA5SP143	0
RNA5SP144	0
RNA5SP145	0.095791746
RNA5SP146	0
RNA5SP147	0
RNA5SP148	0
RNA5SP149	0
RNA5SP150	0
RNA5SP151	0.921074485
RNA5SP152	0
RNA5SP153	0
RNA5SP154	0.323620765
RNA5SP155	0.09282146
RNA5SP156	0
RNA5SP157	0
RNA5SP158	0
RNA5SP159	0.116252119
RNA5SP160	0
RNA5SP161	0
RNA5SP162	0
RNA5SP163	0
RNA5SP164	0
RNA5SP165	0.104121464
RNA5SP166	0
RNA5SP167	0
RNA5SP168	0
RNA5SP169	0
RNA5SP170	0
RNA5SP171	0
RNA5SP172	0
RNA5SP173	0
RNA5SP174	0
RNA5SP175	0
RNA5SP176	0
RNA5SP177	0
RNA5SP178	0
RNA5SP179	0.197916831
RNA5SP18	0.395833663
RNA5SP180	0
RNA5SP181	0
RNA5SP182	0
RNA5SP183	0
RNA5SP184	0
RNA5SP185	0
RNA5SP186	0
RNA5SP187	0.40248633
RNA5SP188	0
RNA5SP189	0
RNA5SP19	0
RNA5SP190	0
RNA5SP191	0
RNA5SP192	0
RNA5SP193	0
RNA5SP194	0
RNA5SP195	0
RNA5SP196	0
RNA5SP197	0
RNA5SP198	0
RNA5SP199	0
RNA5SP20	0
RNA5SP200	0
RNA5SP201	0.482821303
RNA5SP202	0
RNA5SP203	0.352175538
RNA5SP204	0
RNA5SP205	0
RNA5SP206	0
RNA5SP207	0.335718738
RNA5SP208	0
RNA5SP209	0
RNA5SP21	0.124728837
RNA5SP210	0
RNA5SP211	0
RNA5SP212	0
RNA5SP213	0
RNA5SP214	0
RNA5SP215	0
RNA5SP216	0
RNA5SP217	0.394746208
RNA5SP218	0
RNA5SP219	1.059643213
RNA5SP22	0
RNA5SP220	0
RNA5SP221	0
RNA5SP222	0
RNA5SP223	0
RNA5SP224	0
RNA5SP225	0
RNA5SP226	0
RNA5SP227	0
RNA5SP228	0
RNA5SP229	0
RNA5SP23	0
RNA5SP230	0
RNA5SP231	0
RNA5SP232	0
RNA5SP233	0
RNA5SP234	0
RNA5SP235	0
RNA5SP236	0
RNA5SP237	0
RNA5SP238	0
RNA5SP239	0
RNA5SP24	0
RNA5SP240	0
RNA5SP241	0
RNA5SP242	0
RNA5SP243	0
RNA5SP244	0
RNA5SP245	0.296875247
RNA5SP246	0.100621582
RNA5SP247	0.114037793
RNA5SP248	0
RNA5SP249	0
RNA5SP25	0.217708515
RNA5SP250	0
RNA5SP251	0
RNA5SP252	0
RNA5SP253	0
RNA5SP254	0
RNA5SP255	0
RNA5SP256	0
RNA5SP257	0
RNA5SP258	0
RNA5SP259	0
RNA5SP26	0
RNA5SP260	0
RNA5SP261	0
RNA5SP262	0
RNA5SP263	0
RNA5SP264	0
RNA5SP265	0
RNA5SP266	0
RNA5SP267	0
RNA5SP268	0
RNA5SP269	0.087401229
RNA5SP27	0
RNA5SP270	0
RNA5SP271	0
RNA5SP272	0
RNA5SP273	0
RNA5SP274	0
RNA5SP275	0
RNA5SP276	0
RNA5SP277	0
RNA5SP278	0
RNA5SP279	0
RNA5SP28	0
RNA5SP280	0
RNA5SP281	0
RNA5SP282	0.110870077
RNA5SP283	1.811188483
RNA5SP284	0
RNA5SP285	0.100621582
RNA5SP286	0
RNA5SP287	0
RNA5SP288	0.128752347
RNA5SP289	0.087401229
RNA5SP29	0.112961965
RNA5SP290	0.18856643
RNA5SP291	0
RNA5SP292	0
RNA5SP293	0
RNA5SP294	0
RNA5SP295	0
RNA5SP296	0.323620765
RNA5SP297	0
RNA5SP298	0.107873588
RNA5SP299	0
RNA5SP30	0
RNA5SP300	0
RNA5SP301	0.197916831
RNA5SP302	0
RNA5SP303	0
RNA5SP304	0.115134311
RNA5SP305	0.100621582
RNA5SP306	0
RNA5SP307	0.103223865
RNA5SP308	0
RNA5SP309	0
RNA5SP31	0
RNA5SP310	0
RNA5SP311	0.412895459
RNA5SP312	0
RNA5SP315	0
RNA5SP317	1.238686376
RNA5SP318	0
RNA5SP319	0
RNA5SP320	0
RNA5SP321	0
RNA5SP322	0
RNA5SP323	0
RNA5SP324	0.221740154
RNA5SP325	0
RNA5SP326	0
RNA5SP327	0
RNA5SP328	0
RNA5SP329	0
RNA5SP33	0
RNA5SP330	0
RNA5SP331	0
RNA5SP332	0
RNA5SP333	0
RNA5SP334	0
RNA5SP335	0
RNA5SP336	0
RNA5SP337	0
RNA5SP338	0
RNA5SP339	0
RNA5SP34	0
RNA5SP340	0
RNA5SP341	0
RNA5SP342	0
RNA5SP344	0
RNA5SP345	0
RNA5SP346	0
RNA5SP347	0
RNA5SP349	0
RNA5SP35	0
RNA5SP350	0
RNA5SP351	0
RNA5SP352	0
RNA5SP353	0
RNA5SP354	0
RNA5SP355	0.088696062
RNA5SP356	0
RNA5SP357	0.40248633
RNA5SP358	0
RNA5SP359	0
RNA5SP36	0
RNA5SP360	0
RNA5SP361	0
RNA5SP362	0
RNA5SP363	0
RNA5SP364	0
RNA5SP365	0
RNA5SP366	0
RNA5SP367	0
RNA5SP368	0
RNA5SP369	0
RNA5SP37	0.736859588
RNA5SP370	0.098958416
RNA5SP371	0
RNA5SP372	0.312364391
RNA5SP373	0
RNA5SP374	0
RNA5SP375	0
RNA5SP376	0
RNA5SP377	0
RNA5SP378	0.099783069
RNA5SP379	0.211928643
RNA5SP38	0
RNA5SP380	0
RNA5SP382	0
RNA5SP383	1.496746038
RNA5SP384	0
RNA5SP385	0
RNA5SP386	0
RNA5SP387	0
RNA5SP388	0
RNA5SP389	0
RNA5SP39	0.498915346
RNA5SP390	0.211928643
RNA5SP391	0.100621582
RNA5SP392	0
RNA5SP393	0.102341609
RNA5SP394	0
RNA5SP395	0.202948615
RNA5SP396	0
RNA5SP397	0
RNA5SP399	0
RNA5SP40	0
RNA5SP400	0
RNA5SP401	0
RNA5SP402	0.108854257
RNA5SP403	0
RNA5SP404	0
RNA5SP405	0
RNA5SP406	0
RNA5SP407	0
RNA5SP408	0
RNA5SP409	0
RNA5SP41	0
RNA5SP410	0
RNA5SP411	0
RNA5SP412	0
RNA5SP413	0
RNA5SP414	0
RNA5SP415	0
RNA5SP416	0
RNA5SP417	0
RNA5SP418	0
RNA5SP419	0
RNA5SP42	0
RNA5SP420	0
RNA5SP421	0
RNA5SP422	0
RNA5SP423	0
RNA5SP424	0
RNA5SP425	0
RNA5SP426	0
RNA5SP427	0
RNA5SP428	0
RNA5SP429	0
RNA5SP43	0
RNA5SP430	0
RNA5SP431	0
RNA5SP432	0
RNA5SP433	0
RNA5SP434	0
RNA5SP435	0
RNA5SP436	0
RNA5SP437	0
RNA5SP438	0
RNA5SP439	0
RNA5SP44	0.090029837
RNA5SP440	0
RNA5SP441	0
RNA5SP442	0
RNA5SP443	0
RNA5SP444	0
RNA5SP445	0.208242927
RNA5SP446	0
RNA5SP447	0
RNA5SP448	0
RNA5SP449	1.197396831
RNA5SP45	0
RNA5SP450	0.234783692
RNA5SP451	0
RNA5SP452	0.201243165
RNA5SP453	0
RNA5SP454	0
RNA5SP455	0
RNA5SP456	0
RNA5SP457	0
RNA5SP458	0
RNA5SP459	0
RNA5SP46	0
RNA5SP460	0
RNA5SP461	0
RNA5SP462	0
RNA5SP463	0
RNA5SP464	0
RNA5SP465	0.329558761
RNA5SP466	0
RNA5SP467	0.101474308
RNA5SP468	0.128752347
RNA5SP469	0
RNA5SP47	0
RNA5SP470	0
RNA5SP471	0
RNA5SP472	0
RNA5SP473	0
RNA5SP474	0
RNA5SP475	0
RNA5SP476	0
RNA5SP477	0.201243165
RNA5SP478	0
RNA5SP479	0
RNA5SP48	0
RNA5SP480	0
RNA5SP481	0
RNA5SP482	0
RNA5SP483	0.202948615
RNA5SP484	0
RNA5SP485	0
RNA5SP486	0
RNA5SP487	0
RNA5SP488	0
RNA5SP489	0
RNA5SP49	0
RNA5SP490	0.264131654
RNA5SP491	0.101474308
RNA5SP492	0.210069619
RNA5SP493	0.131582069
RNA5SP494	1.206678977
RNA5SP495	0
RNA5SP496	0.329558761
RNA5SP497	0
RNA5SP498	0.798264554
RNA5SP499	0
RNA5SP50	0
RNA5SP500	0
RNA5SP501	0
RNA5SP502	0
RNA5SP503	0
RNA5SP504	0
RNA5SP505	0
RNA5SP506	0
RNA5SP507	0.098958416
RNA5SP508	0
RNA5SP509	0
RNA5SP51	0
RNA5SP510	0
RNA5SP511	0
RNA5SP512	0
RNA5SP513	0
RNA5SP514	0.107873588
RNA5SP515	0.304422923
RNA5SP516	0
RNA5SP517	0
RNA5SP518	0
RNA5SP519	0
RNA5SP52	0
RNA5SP520	0
RNA5SP521	0
RNA5SP522	0
RNA5SP523	0
RNA5SP524	0
RNA5SP525	0
RNA5SP526	0
RNA5SP527	0
RNA5SP528	0.100621582
RNA5SP529	0
RNA5SP53	0.099783069
RNA5SP530	0.710320154
RNA5SP531	0
RNA5SP533	0
RNA5SP534	0
RNA5SP535	0
RNA5SP536	0
RNA5SP54	0
RNA5SP55	0
RNA5SP56	0
RNA5SP57	0
RNA5SP59	0
RNA5SP60	0
RNA5SP61	0
RNA5SP62	0
RNA5SP63	0
RNA5SP64	0
RNA5SP65	0
RNA5SP66	0
RNA5SP67	0.091404338
RNA5SP68	0
RNA5SP69	0
RNA5SP70	0
RNA5SP71	0
RNA5SP72	0
RNA5SP73	0
RNA5SP74	0
RNA5SP75	0
RNA5SP76	0
RNA5SP77	0
RNA5SP78	0.507371538
RNA5SP79	0
RNA5SP80	0
RNA5SP82	2.472884759
RNA5SP84	0
RNA5SP85	0
RNA5SP86	0
RNA5SP87	0
RNA5SP88	0
RNA5SP89	0
RNA5SP90	0
RNA5SP91	0
RNA5SP92	0
RNA5SP93	0
RNA5SP94	0
RNA5SP95	0.087401229
RNA5SP96	0
RNA5SP97	0
RNA5SP98	0
RNA5SP99	0
RNASE1	517.3851524
RNASE10	0.049891535
RNASE11	0
RNASE12	0
RNASE13	0.029804526
RNASE2	0.459927259
RNASE3	0.066522046
RNASE4	1.044800908
RNASE6	14.31007711
RNASE7	0.023963913
RNASE8	0
RNASE9	0
RNASEH1	4.597335126
RNASEH1-AS1	1.179701311
RNASEH1P1	0
RNASEH1P2	0
RNASEH2A	4.339756046
RNASEH2B	2.944648856
RNASEH2B-AS1	0.05416918
RNASEH2C	5.496300842
RNASEH2CP1	0.023852527
RNASEK	3.560732889
RNASEK-C17orf49	0.178348783
RNASEL	3.274513782
RNASET2	4.981972944
RND1	7.80877378
RND2	0.475877904
RND3	14.09956424
RNF10	30.88193991
RNF103	4.101623832
RNF103-CHMP3	0.031866848
RNF10P1	0
RNF11	37.83574546
RNF111	4.387064561
RNF112	0.265578158
RNF113A	6.265757251
RNF113B	0.026106036
RNF114	18.20351904
RNF115	3.992045769
RNF11P2	0.027213564
RNF121	5.381068459
RNF122	22.03774252
RNF123	4.97550654
RNF125	1.957637105
RNF126	6.795295514
RNF126P1	0.208637327
RNF128	10.85053655
RNF13	28.00623894
RNF130	8.925845349
RNF133	0.323172847
RNF135	7.177691616
RNF138	6.872016593
RNF138P1	0.04386069
RNF138P2	0
RNF139	14.20023945
RNF139-AS1	0.170736405
RNF14	9.186365097
RNF141	6.763301535
RNF144A	3.331549037
RNF144A-AS1	0.061827719
RNF144B	13.98466946
RNF145	58.81621536
RNF146	11.4278352
RNF148	0.486672025
RNF149	21.04605678
RNF150	0.659237285
RNF151	0
RNF152	1.514765554
RNF152P1	0.039648902
RNF157	0.455814994
RNF157-AS1	0.660849762
RNF165	0.285219317
RNF166	5.839830241
RNF167	30.77274945
RNF168	3.641232928
RNF169	2.395405905
RNF17	0.00425061
RNF170	3.545718443
RNF175	0.466411977
RNF180	1.85977719
RNF181	35.4606127
RNF182	1.083219627
RNF183	0.065682766
RNF185	12.11291775
RNF185-AS1	0
RNF186	0.019158349
RNF187	25.84700434
RNF19A	21.29541264
RNF19B	21.84216977
RNF19BPX	0
RNF19BPY	0.007725141
RNF2	4.847796154
RNF20	10.9051373
RNF207	1.011013877
RNF208	3.175704638
RNF212	0.57919255
RNF212B	0.127939438
RNF213	9.851176935
RNF214	2.779768449
RNF215	1.159752766
RNF216	7.537360808
RNF216-IT1	0.177655316
RNF216P1	2.362196651
RNF217	1.729708545
RNF217-AS1	0.079702474
RNF219	2.300467699
RNF219-AS1	0.012260036
RNF220	4.616782453
RNF222	0.007800631
RNF223	0.761750875
RNF224	0.233086146
RNF225	0.012094917
RNF227	4.024465425
RNF24	4.61750447
RNF25	8.716306674
RNF26	11.17484448
RNF2P1	0
RNF31	4.059420407
RNF32	0.701289381
RNF34	3.793405937
RNF38	9.75396571
RNF39	1.389544826
RNF4	8.029311622
RNF40	10.84137005
RNF41	10.6148304
RNF43	1.654497686
RNF44	8.191379025
RNF5	34.06177232
RNF5P1	1.219570846
RNF6	10.26377158
RNF6P1	0.013423731
RNF7	14.0932884
RNF7P1	0.455150842
RNF8	2.846435355
RNFT1	4.167462343
RNFT1-DT	0.14007918
RNFT1P2	0.063270638
RNFT1P3	0.125203091
RNFT2	0.195659109
RNGTT	3.366156265
RNGTTP1	0.016447759
RNH1	34.61961002
RNLS	1.613578236
RNMT	5.40732198
RNMTL1P1	0
RNMTL1P2	0
RNPC3	2.176134039
RNPEP	25.30399971
RNPEPL1	13.27203465
RNPS1	9.279755675
RNPS1P1	0.156522462
RNU105B	0
RNU105C	0
RNU11	0.089357972
RNU1-1	0.146024004
RNU1-100P	0.072569505
RNU1-101P	0
RNU1-103P	0.383166986
RNU1-104P	0
RNU1-105P	0
RNU1-106P	0.146024004
RNU1-107P	0
RNU1-108P	0
RNU1-109P	0
RNU1-112P	0
RNU1-114P	0
RNU1-115P	0
RNU1-117P	0.07578461
RNU1-119P	0
RNU1-11P	0
RNU1-120P	0.152534628
RNU1-122P	0.153512414
RNU1-123P	0
RNU1-124P	0.165158184
RNU1-125P	0
RNU1-128P	0
RNU1-129P	0.286801636
RNU11-2P	0.08432372
RNU1-130P	0
RNU1-131P	0
RNU1-132P	0.219036006
RNU1-133P	0
RNU1-134P	0.072569505
RNU1-136P	0
RNU1-138P	0.073012002
RNU1-139P	0
RNU1-13P	0
RNU11-3P	0
RNU1-140P	0
RNU1-141P	0
RNU1-142P	0
RNU1-143P	0
RNU1-146P	0
RNU1-148P	0
RNU1-149P	0
RNU1-14P	0
RNU11-4P	0
RNU1-150P	0
RNU1-151P	0
RNU1-15P	0
RNU11-5P	0
RNU1-16P	0.292048007
RNU11-6P	0
RNU1-17P	0
RNU1-18P	0
RNU1-19P	0
RNU12	0
RNU1-2	0
RNU1-20P	0
RNU1-21P	0
RNU1-22P	0.07578461
RNU12-2P	0
RNU1-23P	0
RNU1-24P	0.14513901
RNU1-27P	0
RNU1-28P	0
RNU1-29P	0
RNU1-3	0
RNU1-30P	0
RNU1-31P	0
RNU1-32P	0
RNU1-33P	0
RNU1-34P	0
RNU1-35P	0
RNU1-36P	0.798264554
RNU1-38P	0.748373019
RNU1-39P	0
RNU1-4	0
RNU1-40P	0
RNU1-41P	0
RNU1-42P	0
RNU1-43P	0
RNU1-44P	0
RNU1-45P	0
RNU1-46P	0
RNU1-47P	0
RNU1-48P	0
RNU1-49P	0
RNU1-51P	0
RNU1-52P	0
RNU1-54P	0
RNU1-55P	0
RNU1-56P	0
RNU1-57P	0
RNU1-58P	0
RNU1-59P	0.073913385
RNU1-5P	0
RNU1-61P	0
RNU1-62P	0
RNU1-63P	0.146024004
RNU1-64P	0
RNU1-65P	0
RNU1-67P	0.219036006
RNU1-68P	0
RNU1-6P	0
RNU1-70P	0
RNU1-72P	0
RNU1-73P	0
RNU1-74P	0
RNU1-75P	0.278464379
RNU1-76P	0
RNU1-77P	0
RNU1-78P	0
RNU1-7P	0
RNU1-80P	0
RNU1-82P	0
RNU1-83P	0
RNU1-84P	0
RNU1-85P	0
RNU1-86P	0
RNU1-87P	0
RNU1-88P	0
RNU1-89P	0
RNU1-8P	0
RNU1-91P	0
RNU1-92P	0
RNU1-93P	0.070851883
RNU1-94P	0.276854759
RNU1-95P	0
RNU1-96P	0
RNU1-97P	0
RNU1-98P	0
RNU2-1	0
RNU2-10P	0
RNU2-11P	0.064031916
RNU2-12P	0
RNU2-13P	0
RNU2-14P	0
RNU2-15P	0
RNU2-16P	0
RNU2-17P	0.252083543
RNU2-18P	0
RNU2-19P	0
RNU2-20P	0
RNU2-21P	0
RNU2-22P	0.22592393
RNU2-23P	0
RNU2-24P	0
RNU2-25P	0.125381867
RNU2-26P	0.062690934
RNU2-27P	2.192416732
RNU2-28P	0.126708659
RNU2-29P	0
RNU2-2P	0
RNU2-30P	0
RNU2-31P	0
RNU2-32P	0
RNU2-33P	0.124728837
RNU2-34P	0
RNU2-35P	0
RNU2-36P	0
RNU2-37P	0.067649538
RNU2-38P	0.303138438
RNU2-39P	0
RNU2-3P	0
RNU2-40P	0
RNU2-41P	0
RNU2-42P	0.105964321
RNU2-43P	0
RNU2-44P	0
RNU2-45P	0
RNU2-46P	0
RNU2-47P	0
RNU2-48P	0
RNU2-49P	0
RNU2-4P	0
RNU2-50P	0
RNU2-51P	0.24312626
RNU2-52P	0
RNU2-53P	0
RNU2-54P	0
RNU2-55P	0
RNU2-56P	0
RNU2-57P	0
RNU2-58P	0.130863042
RNU2-59P	0
RNU2-5P	0.133044092
RNU2-60P	0.280639882
RNU2-61P	0
RNU2-62P	0
RNU2-63P	0
RNU2-64P	0
RNU2-65P	0
RNU2-66P	0
RNU2-68P	0.062690934
RNU2-69P	0
RNU2-6P	0.126041772
RNU2-70P	0
RNU2-71P	0
RNU2-72P	0
RNU2-7P	0.269077939
RNU2-8P	0
RNU2-9P	0
RNU4-1	0.169843522
RNU4-10P	0
RNU4-11P	0
RNU4-12P	0
RNU4-13P	0
RNU4-14P	0
RNU4-15P	0
RNU4-16P	0
RNU4-17P	0
RNU4-18P	0
RNU4-2	1.358748177
RNU4-20P	0
RNU4-21P	0
RNU4-22P	0.144264678
RNU4-23P	0.427641725
RNU4-24P	0.086143657
RNU4-25P	0
RNU4-26P	0
RNU4-27P	0
RNU4-28P	0
RNU4-29P	0.06881591
RNU4-30P	0
RNU4-31P	0
RNU4-32P	0
RNU4-33P	0
RNU4-34P	0
RNU4-35P	0.169843522
RNU4-36P	0.083152558
RNU4-37P	0
RNU4-38P	0
RNU4-39P	0.37713286
RNU4-40P	0
RNU4-41P	0
RNU4-42P	0
RNU4-43P	0
RNU4-44P	0
RNU4-45P	0
RNU4-46P	0
RNU4-47P	4.201392388
RNU4-48P	0
RNU4-49P	0
RNU4-4P	0
RNU4-50P	0
RNU4-51P	0.17105669
RNU4-52P	0
RNU4-53P	0
RNU4-54P	0
RNU4-55P	0
RNU4-56P	0
RNU4-57P	0
RNU4-58P	0
RNU4-59P	0
RNU4-5P	0.177392123
RNU4-60P	0
RNU4-61P	0
RNU4-62P	0.184214897
RNU4-63P	0
RNU4-64P	0
RNU4-65P	0
RNU4-66P	0
RNU4-67P	0
RNU4-68P	0.084921761
RNU4-69P	0
RNU4-6P	0
RNU4-70P	0
RNU4-71P	0
RNU4-72P	0
RNU4-73P	0
RNU4-74P	0
RNU4-75P	0
RNU4-76P	0
RNU4-77P	0
RNU4-78P	0.475157472
RNU4-79P	0
RNU4-7P	0
RNU4-80P	0
RNU4-81P	0
RNU4-82P	0.085528345
RNU4-83P	0
RNU4-84P	0
RNU4-85P	0
RNU4-86P	0
RNU4-87P	0
RNU4-88P	0
RNU4-89P	0.360119348
RNU4-8P	0.084921761
RNU4-90P	0
RNU4-91P	0
RNU4-92P	0
RNU4-9P	0
RNU4ATAC	0.282849645
RNU4ATAC10P	0
RNU4ATAC11P	0
RNU4ATAC12P	0.317892964
RNU4ATAC13P	0
RNU4ATAC14P	0
RNU4ATAC15P	0
RNU4ATAC16P	0.190062989
RNU4ATAC17P	0
RNU4ATAC18P	1.330440923
RNU4ATAC2P	0
RNU4ATAC3P	0
RNU4ATAC4P	0
RNU4ATAC5P	0
RNU4ATAC6P	0
RNU4ATAC7P	0
RNU4ATAC8P	0
RNU4ATAC9P	0
RNU5A-1	0.103223865
RNU5A-2P	0
RNU5A-3P	0
RNU5A-4P	0
RNU5A-5P	0
RNU5A-6P	0
RNU5A-7P	0
RNU5A-8P	0
RNU5B-1	0
RNU5B-2P	2.013322104
RNU5B-3P	0.416485854
RNU5B-4P	1.618103825
RNU5B-6P	0
RNU5D-1	0.103223865
RNU5D-2P	0
RNU5E-1	0.399132277
RNU5E-10P	0.202948615
RNU5E-3P	0
RNU5E-4P	0.099783069
RNU5E-5P	0
RNU5E-6P	0
RNU5E-7P	0
RNU5E-8P	0.103223865
RNU5E-9P	0
RNU5F-1	1.228099313
RNU5F-2P	0
RNU5F-3P	0
RNU5F-4P	0
RNU5F-6P	0
RNU5F-7P	0
RNU5F-8P	0
RNU6-1	0.223812492
RNU6-1000P	0
RNU6-1001P	0
RNU6-1003P	0
RNU6-1004P	0
RNU6-1005P	0
RNU6-1006P	0
RNU6-1007P	0
RNU6-1008P	0
RNU6-1009P	0
RNU6-100P	0.338885895
RNU6-1010P	0.223812492
RNU6-1011P	0.559531229
RNU6-1012P	0
RNU6-1013P	0.111906246
RNU6-1014P	0
RNU6-1015P	0
RNU6-1016P	3.31194868
RNU6-1017P	0
RNU6-1018P	0
RNU6-1019P	0
RNU6-101P	0.115134311
RNU6-1020P	0
RNU6-1021P	0
RNU6-1022P	0
RNU6-1023P	0
RNU6-1024P	0.223812492
RNU6-1025P	0.115134311
RNU6-1026P	0.110870077
RNU6-1027P	0
RNU6-1028P	0
RNU6-1029P	0
RNU6-102P	0
RNU6-1031P	0
RNU6-1032P	0
RNU6-1034P	0.118554142
RNU6-1035P	0.447624983
RNU6-1036P	0
RNU6-1037P	0
RNU6-1038P	0
RNU6-1039P	0.559531229
RNU6-103P	0.111906246
RNU6-1040P	0
RNU6-1041P	0
RNU6-1042P	0
RNU6-1043P	0
RNU6-1044P	0
RNU6-1045P	0.111906246
RNU6-1046P	0.111906246
RNU6-1047P	0
RNU6-1048P	1.119062458
RNU6-1049P	0
RNU6-104P	0
RNU6-1050P	0
RNU6-1051P	0.234783692
RNU6-1052P	0
RNU6-1053P	1.066987275
RNU6-1054P	0.115134311
RNU6-1055P	0
RNU6-1056P	0
RNU6-1057P	0.117391846
RNU6-1059P	0
RNU6-105P	0
RNU6-1060P	0
RNU6-1061P	0.24189835
RNU6-1062P	0
RNU6-1064P	0
RNU6-1065P	0
RNU6-1066P	0
RNU6-1067P	0
RNU6-1068P	0
RNU6-1069P	0.090029837
RNU6-106P	0
RNU6-1071P	0
RNU6-1072P	0
RNU6-1073P	0
RNU6-1074P	0
RNU6-1075P	0
RNU6-1076P	0
RNU6-1077P	0
RNU6-1078P	0
RNU6-1079P	0
RNU6-107P	0.352175538
RNU6-1080P	0
RNU6-1081P	0
RNU6-1082P	0.223812492
RNU6-1083P	0
RNU6-1084P	0
RNU6-1085P	0
RNU6-1086P	0
RNU6-1087P	0
RNU6-1088P	0
RNU6-1089P	0
RNU6-108P	0
RNU6-1090P	0
RNU6-1091P	0.111906246
RNU6-1092P	0
RNU6-1093P	0
RNU6-1094P	0
RNU6-1095P	0.443480308
RNU6-1096P	0
RNU6-1097P	0
RNU6-1098P	1.247288365
RNU6-1099P	0.447624983
RNU6-109P	0
RNU6-10P	0
RNU6-1100P	0
RNU6-1101P	0
RNU6-1102P	0
RNU6-1103P	0
RNU6-1104P	0
RNU6-1105P	0
RNU6-1106P	0
RNU6-1107P	0
RNU6-1108P	0
RNU6-1109P	0
RNU6-110P	0.115134311
RNU6-1110P	0
RNU6-1111P	0.111906246
RNU6-1112P	0
RNU6-1113P	0
RNU6-1114P	0
RNU6-1115P	0
RNU6-1116P	0
RNU6-1117P	0
RNU6-1118P	0
RNU6-1119P	0.110870077
RNU6-111P	0
RNU6-1120P	0
RNU6-1121P	0.10985292
RNU6-1122P	0
RNU6-1123P	0
RNU6-1124P	0
RNU6-1125P	0
RNU6-1126P	0
RNU6-1127P	0
RNU6-1128P	0.10985292
RNU6-1129P	0
RNU6-112P	0
RNU6-1130P	0
RNU6-1131P	0
RNU6-1132P	0
RNU6-1133P	0
RNU6-1134P	0
RNU6-1135P	0
RNU6-1136P	0.115134311
RNU6-1137P	0
RNU6-1138P	0
RNU6-113P	0
RNU6-1140P	0.112961965
RNU6-1141P	0
RNU6-1143P	0
RNU6-1144P	0
RNU6-1145P	0
RNU6-1146P	0
RNU6-1147P	0
RNU6-1148P	0
RNU6-1149P	0
RNU6-114P	0
RNU6-1150P	0
RNU6-1151P	0
RNU6-1152P	0
RNU6-1153P	0
RNU6-1154P	0
RNU6-1155P	0
RNU6-1156P	0.119739683
RNU6-1157P	0.112961965
RNU6-1158P	0
RNU6-1159P	0
RNU6-115P	0
RNU6-1160P	0.115134311
RNU6-1161P	0.352175538
RNU6-1162P	0
RNU6-1163P	0
RNU6-1164P	0.111906246
RNU6-1165P	0.671437475
RNU6-1167P	0
RNU6-1168P	0
RNU6-1169P	0
RNU6-116P	0
RNU6-1170P	0.112961965
RNU6-1171P	0
RNU6-1172P	0
RNU6-1174P	0.118554142
RNU6-1175P	0
RNU6-1176P	0
RNU6-1177P	0.115134311
RNU6-1178P	0
RNU6-1179P	0
RNU6-117P	0
RNU6-1180P	0
RNU6-1181P	0.338885895
RNU6-1183P	0
RNU6-1184P	0
RNU6-1186P	0
RNU6-1187P	0
RNU6-1188P	0
RNU6-1189P	2.126218671
RNU6-118P	0.352175538
RNU6-1190P	0.115134311
RNU6-1191P	0
RNU6-1192P	0
RNU6-1193P	0
RNU6-1194P	0
RNU6-1195P	0
RNU6-1196P	0
RNU6-1197P	0
RNU6-1198P	0
RNU6-1199P	0
RNU6-119P	0
RNU6-11P	0
RNU6-1200P	0
RNU6-1201P	0.223812492
RNU6-1203P	0
RNU6-1204P	0
RNU6-1205P	0
RNU6-1206P	0.116252119
RNU6-1207P	0
RNU6-1208P	0
RNU6-1209P	0.111906246
RNU6-120P	0
RNU6-1210P	0
RNU6-1211P	0
RNU6-1212P	0
RNU6-1213P	0
RNU6-1214P	0
RNU6-1215P	0.117391846
RNU6-1216P	0
RNU6-1217P	0
RNU6-1218P	0
RNU6-1219P	0
RNU6-121P	0
RNU6-1220P	0
RNU6-1222P	0
RNU6-1223P	0.575671553
RNU6-1224P	0
RNU6-1225P	0
RNU6-1226P	0
RNU6-1227P	0
RNU6-1228P	0
RNU6-1229P	0
RNU6-122P	0.335718738
RNU6-1230P	0
RNU6-1231P	0.348756358
RNU6-1232P	0
RNU6-1233P	0
RNU6-1234P	0
RNU6-1235P	0
RNU6-1236P	0
RNU6-1237P	0.111906246
RNU6-1238P	0.117391846
RNU6-1239P	0
RNU6-123P	0.117391846
RNU6-1240P	0
RNU6-1241P	0
RNU6-1242P	0
RNU6-1243P	0
RNU6-1244P	0
RNU6-1245P	0
RNU6-1246P	0
RNU6-1247P	0
RNU6-1248P	0
RNU6-1249P	0
RNU6-1250P	0
RNU6-1251P	0
RNU6-1252P	0
RNU6-1254P	0.115134311
RNU6-1255P	0.213820863
RNU6-1256P	0
RNU6-1257P	0
RNU6-1258P	0
RNU6-125P	0.783343721
RNU6-1260P	0
RNU6-1261P	0
RNU6-1262P	1.372017202
RNU6-1263P	0
RNU6-1264P	0
RNU6-1265P	0
RNU6-1266P	0
RNU6-1267P	0
RNU6-1268P	0
RNU6-1269P	0
RNU6-126P	0
RNU6-1270P	0
RNU6-1271P	0
RNU6-1272P	0
RNU6-1273P	0
RNU6-1274P	0
RNU6-1275P	0.111906246
RNU6-1276P	0
RNU6-1277P	0
RNU6-1278P	0
RNU6-1279P	0
RNU6-127P	0
RNU6-1280P	1.34287495
RNU6-1281P	0
RNU6-1282P	0.498915346
RNU6-1283P	0.114037793
RNU6-1284P	0
RNU6-1285P	0
RNU6-1286P	0
RNU6-1287P	0
RNU6-1288P	0
RNU6-1289P	0
RNU6-128P	0
RNU6-1290P	0
RNU6-1291P	0
RNU6-1292P	0
RNU6-1293P	0
RNU6-1294P	0
RNU6-1296P	0
RNU6-1297P	0.115134311
RNU6-1298P	0
RNU6-1299P	0
RNU6-129P	0
RNU6-12P	0
RNU6-1300P	0
RNU6-1301P	0.115134311
RNU6-1303P	0
RNU6-1304P	0
RNU6-1305P	0
RNU6-1306P	0
RNU6-1307P	0
RNU6-1308P	0
RNU6-1309P	0
RNU6-130P	0.116252119
RNU6-1310P	0
RNU6-1311P	0
RNU6-1312P	0
RNU6-1313P	0
RNU6-1314P	0
RNU6-1315P	0
RNU6-1316P	0
RNU6-1317P	0
RNU6-1318P	0.348756358
RNU6-1319P	0
RNU6-131P	0
RNU6-1320P	0
RNU6-1321P	0
RNU6-1322P	0
RNU6-1323P	0
RNU6-1324P	0
RNU6-1325P	0
RNU6-1326P	0
RNU6-1327P	0
RNU6-1328P	0
RNU6-1329P	0
RNU6-132P	0.111906246
RNU6-1330P	0
RNU6-1331P	0
RNU6-1332P	0
RNU6-1333P	0
RNU6-1334P	0
RNU6-1335P	0
RNU6-1336P	0
RNU6-1337P	0
RNU6-1338P	0
RNU6-1339P	0
RNU6-133P	0
RNU6-1340P	0
RNU6-135P	0
RNU6-136P	0
RNU6-137P	0.665220461
RNU6-138P	0
RNU6-139P	0
RNU6-13P	0
RNU6-140P	0
RNU6-141P	0
RNU6-142P	0
RNU6-143P	0.128752347
RNU6-144P	0
RNU6-145P	0
RNU6-146P	0
RNU6-147P	0
RNU6-148P	0
RNU6-14P	0
RNU6-150P	0
RNU6-151P	0.111906246
RNU6-152P	0
RNU6-153P	0
RNU6-154P	0
RNU6-155P	0
RNU6-156P	0
RNU6-157P	0
RNU6-158P	0
RNU6-159P	0
RNU6-15P	0
RNU6-160P	0
RNU6-161P	0
RNU6-162P	0
RNU6-163P	0.112961965
RNU6-164P	0
RNU6-165P	0
RNU6-166P	0
RNU6-167P	0
RNU6-168P	0
RNU6-169P	0
RNU6-16P	0
RNU6-170P	0
RNU6-171P	0
RNU6-172P	0
RNU6-173P	0
RNU6-174P	0
RNU6-175P	0
RNU6-176P	0
RNU6-177P	0
RNU6-178P	0
RNU6-179P	0
RNU6-17P	0
RNU6-180P	0
RNU6-181P	0.111906246
RNU6-182P	0
RNU6-183P	0
RNU6-184P	0
RNU6-185P	0
RNU6-187P	0
RNU6-188P	0.111906246
RNU6-189P	0.118554142
RNU6-18P	0
RNU6-190P	0.352175538
RNU6-191P	0
RNU6-192P	0
RNU6-193P	0
RNU6-194P	0
RNU6-195P	0.878823362
RNU6-196P	0.223812492
RNU6-197P	0
RNU6-198P	0
RNU6-199P	0.335718738
RNU6-19P	0.111906246
RNU6-2	0
RNU6-200P	0
RNU6-201P	0
RNU6-202P	0
RNU6-203P	0
RNU6-204P	0.111906246
RNU6-205P	0
RNU6-206P	0
RNU6-207P	0
RNU6-208P	0
RNU6-209P	0
RNU6-20P	0
RNU6-210P	0
RNU6-211P	0
RNU6-212P	0
RNU6-213P	0
RNU6-214P	0
RNU6-215P	0
RNU6-216P	0.115134311
RNU6-217P	0
RNU6-218P	0
RNU6-219P	0
RNU6-21P	0
RNU6-220P	0
RNU6-221P	0
RNU6-222P	0
RNU6-223P	0.111906246
RNU6-224P	0
RNU6-225P	0
RNU6-226P	0
RNU6-227P	0
RNU6-228P	0.112961965
RNU6-229P	0
RNU6-22P	0
RNU6-230P	0.115134311
RNU6-231P	0
RNU6-232P	0
RNU6-233P	0
RNU6-234P	0
RNU6-235P	0
RNU6-236P	0
RNU6-237P	0
RNU6-238P	0
RNU6-239P	0
RNU6-23P	0
RNU6-240P	0
RNU6-241P	0
RNU6-242P	0.223812492
RNU6-243P	0
RNU6-244P	0
RNU6-245P	0
RNU6-246P	0.111906246
RNU6-247P	0.335718738
RNU6-248P	0
RNU6-249P	0
RNU6-24P	0
RNU6-250P	0
RNU6-251P	0.115134311
RNU6-252P	0
RNU6-253P	0
RNU6-254P	0
RNU6-255P	0
RNU6-256P	0
RNU6-257P	0
RNU6-258P	0
RNU6-259P	0
RNU6-25P	0.111906246
RNU6-260P	0
RNU6-261P	0
RNU6-262P	0.103223865
RNU6-263P	0
RNU6-264P	0
RNU6-266P	0
RNU6-267P	0
RNU6-268P	0
RNU6-269P	0
RNU6-26P	1.007156213
RNU6-270P	0
RNU6-271P	0
RNU6-272P	0
RNU6-273P	0
RNU6-274P	0
RNU6-275P	0
RNU6-276P	0
RNU6-277P	0.112961965
RNU6-278P	0
RNU6-279P	0
RNU6-27P	0
RNU6-280P	0
RNU6-281P	0
RNU6-282P	0.116252119
RNU6-283P	0
RNU6-284P	0
RNU6-285P	0
RNU6-286P	0
RNU6-287P	0
RNU6-288P	0
RNU6-289P	0
RNU6-28P	0.223812492
RNU6-290P	0
RNU6-291P	0.111906246
RNU6-293P	0.112961965
RNU6-294P	0
RNU6-295P	0
RNU6-296P	0
RNU6-297P	0
RNU6-298P	0.249457673
RNU6-299P	0
RNU6-29P	0
RNU6-300P	0
RNU6-301P	0
RNU6-302P	0
RNU6-303P	0
RNU6-304P	0
RNU6-306P	0
RNU6-307P	0
RNU6-308P	0
RNU6-309P	0
RNU6-30P	1.902406179
RNU6-310P	0
RNU6-311P	0
RNU6-312P	0.783343721
RNU6-313P	0.106910431
RNU6-314P	0
RNU6-315P	0.447624983
RNU6-316P	0
RNU6-317P	0
RNU6-318P	0
RNU6-319P	0
RNU6-31P	0
RNU6-320P	0
RNU6-321P	0
RNU6-322P	2.09253815
RNU6-323P	0
RNU6-324P	0
RNU6-325P	0
RNU6-326P	0
RNU6-327P	0
RNU6-328P	0
RNU6-329P	0
RNU6-32P	0.223812492
RNU6-330P	0
RNU6-331P	0
RNU6-332P	0
RNU6-333P	0
RNU6-334P	0
RNU6-335P	0.211928643
RNU6-336P	0
RNU6-337P	0
RNU6-338P	0
RNU6-339P	0
RNU6-33P	0
RNU6-340P	0
RNU6-341P	0.37418651
RNU6-342P	0
RNU6-343P	1.496746038
RNU6-344P	0
RNU6-345P	0
RNU6-346P	0
RNU6-347P	0
RNU6-348P	0
RNU6-349P	0
RNU6-34P	0
RNU6-351P	0
RNU6-352P	0
RNU6-353P	0
RNU6-354P	0.111906246
RNU6-355P	0
RNU6-356P	0
RNU6-358P	0
RNU6-359P	0
RNU6-35P	0.335718738
RNU6-360P	0
RNU6-361P	0
RNU6-362P	0
RNU6-363P	0
RNU6-364P	0
RNU6-365P	0
RNU6-366P	0
RNU6-367P	0
RNU6-368P	0
RNU6-369P	0
RNU6-36P	0
RNU6-370P	0
RNU6-371P	0
RNU6-373P	0
RNU6-374P	0
RNU6-375P	0.119739683
RNU6-376P	0
RNU6-377P	0.704351077
RNU6-378P	0
RNU6-379P	0
RNU6-37P	0.447624983
RNU6-380P	0
RNU6-381P	0
RNU6-382P	0
RNU6-383P	0
RNU6-384P	0
RNU6-386P	0
RNU6-387P	0.798264554
RNU6-388P	0.570188967
RNU6-389P	0
RNU6-38P	0
RNU6-390P	0
RNU6-391P	0
RNU6-392P	0
RNU6-393P	0
RNU6-394P	0
RNU6-395P	0
RNU6-396P	0
RNU6-397P	0
RNU6-398P	0
RNU6-399P	0
RNU6-39P	0
RNU6-3P	0
RNU6-400P	0
RNU6-401P	0
RNU6-402P	0
RNU6-403P	1.381611728
RNU6-405P	0
RNU6-406P	0
RNU6-407P	0.345402932
RNU6-408P	0
RNU6-409P	0
RNU6-40P	0
RNU6-410P	0.111906246
RNU6-411P	0.223812492
RNU6-412P	0
RNU6-413P	0
RNU6-414P	0
RNU6-415P	3.456403222
RNU6-416P	0
RNU6-417P	0
RNU6-418P	1.230968704
RNU6-419P	0
RNU6-41P	0
RNU6-420P	0
RNU6-421P	0
RNU6-422P	0.111906246
RNU6-424P	0
RNU6-425P	0
RNU6-426P	0
RNU6-428P	0
RNU6-429P	0.110870077
RNU6-42P	0.223812492
RNU6-430P	0
RNU6-431P	0.223812492
RNU6-432P	0.10985292
RNU6-433P	0
RNU6-434P	0
RNU6-435P	0
RNU6-436P	0
RNU6-437P	0
RNU6-438P	0
RNU6-439P	0
RNU6-43P	0.111906246
RNU6-440P	0
RNU6-441P	0
RNU6-442P	0
RNU6-443P	0
RNU6-444P	0
RNU6-445P	0
RNU6-446P	0.564809826
RNU6-447P	0
RNU6-448P	0
RNU6-449P	0
RNU6-44P	0
RNU6-450P	0
RNU6-451P	0
RNU6-452P	0
RNU6-453P	0
RNU6-454P	0
RNU6-455P	0.111906246
RNU6-456P	0
RNU6-457P	0
RNU6-458P	0
RNU6-45P	0.335718738
RNU6-460P	0.110870077
RNU6-461P	0
RNU6-462P	0
RNU6-463P	0
RNU6-464P	0
RNU6-465P	0
RNU6-466P	0
RNU6-467P	0
RNU6-468P	0
RNU6-469P	0.355662425
RNU6-46P	0
RNU6-470P	0
RNU6-471P	0
RNU6-472P	0
RNU6-473P	0
RNU6-474P	0
RNU6-475P	0
RNU6-476P	0.559531229
RNU6-477P	0
RNU6-478P	0
RNU6-479P	0
RNU6-47P	0
RNU6-480P	0
RNU6-481P	1.230968704
RNU6-482P	0
RNU6-483P	0.110870077
RNU6-484P	0
RNU6-485P	0.671437475
RNU6-486P	0
RNU6-487P	0
RNU6-488P	0
RNU6-489P	0
RNU6-48P	0.335718738
RNU6-490P	0
RNU6-491P	0
RNU6-492P	0
RNU6-493P	0
RNU6-494P	0
RNU6-495P	0
RNU6-496P	0
RNU6-497P	0
RNU6-498P	0
RNU6-499P	0
RNU6-49P	0
RNU6-4P	0
RNU6-500P	0
RNU6-501P	0.119739683
RNU6-502P	0
RNU6-503P	0
RNU6-504P	0.115134311
RNU6-505P	0
RNU6-506P	0
RNU6-507P	0
RNU6-508P	0
RNU6-509P	0.447624983
RNU6-50P	0.465008478
RNU6-510P	2.106531461
RNU6-511P	0
RNU6-512P	0
RNU6-513P	0
RNU6-514P	0.111906246
RNU6-516P	0.805940174
RNU6-517P	0
RNU6-518P	0
RNU6-519P	0
RNU6-520P	0.115134311
RNU6-521P	0
RNU6-522P	0
RNU6-523P	0
RNU6-524P	0
RNU6-525P	0
RNU6-526P	0
RNU6-527P	0
RNU6-528P	0
RNU6-529P	4.144835183
RNU6-530P	0
RNU6-531P	1.496746038
RNU6-532P	0
RNU6-533P	0
RNU6-534P	0.451847861
RNU6-535P	0
RNU6-536P	0
RNU6-537P	0
RNU6-538P	0
RNU6-539P	0
RNU6-53P	0
RNU6-540P	0
RNU6-541P	0.108854257
RNU6-542P	0.116252119
RNU6-543P	0
RNU6-544P	0
RNU6-545P	0
RNU6-546P	0
RNU6-547P	0.117391846
RNU6-548P	0
RNU6-549P	0.223812492
RNU6-54P	0
RNU6-550P	0
RNU6-551P	0
RNU6-552P	0
RNU6-553P	0.124728837
RNU6-554P	0
RNU6-555P	0
RNU6-556P	0
RNU6-557P	0
RNU6-558P	0
RNU6-559P	0
RNU6-55P	0
RNU6-560P	0
RNU6-561P	0
RNU6-562P	0
RNU6-563P	0
RNU6-564P	0
RNU6-565P	0
RNU6-566P	0
RNU6-567P	0
RNU6-56P	0
RNU6-570P	0.114037793
RNU6-571P	0
RNU6-572P	0
RNU6-573P	0
RNU6-574P	1.678593688
RNU6-575P	0
RNU6-576P	0
RNU6-577P	0
RNU6-578P	0
RNU6-579P	0
RNU6-57P	0.232504239
RNU6-580P	0
RNU6-581P	0
RNU6-582P	0
RNU6-583P	0
RNU6-584P	0.504167087
RNU6-586P	0
RNU6-587P	0
RNU6-588P	0
RNU6-589P	0
RNU6-58P	0
RNU6-590P	0
RNU6-591P	0
RNU6-592P	0
RNU6-593P	0.213820863
RNU6-595P	1.230968704
RNU6-596P	0
RNU6-597P	0
RNU6-598P	0
RNU6-599P	0
RNU6-59P	0
RNU6-5P	0.223812492
RNU6-600P	0
RNU6-601P	0
RNU6-602P	0
RNU6-603P	0
RNU6-604P	0
RNU6-605P	0
RNU6-606P	0.107873588
RNU6-607P	0
RNU6-608P	0
RNU6-609P	0
RNU6-60P	0
RNU6-610P	0.223812492
RNU6-611P	0.345402932
RNU6-612P	0
RNU6-613P	0.110870077
RNU6-614P	0
RNU6-615P	0
RNU6-616P	0
RNU6-617P	0
RNU6-618P	0
RNU6-619P	0
RNU6-61P	0
RNU6-620P	0
RNU6-621P	0
RNU6-622P	0
RNU6-623P	0.228075587
RNU6-624P	0
RNU6-625P	0.111906246
RNU6-626P	0
RNU6-627P	0
RNU6-628P	0.111906246
RNU6-629P	0
RNU6-62P	0.469567385
RNU6-630P	0
RNU6-631P	0
RNU6-632P	0
RNU6-633P	0.465008478
RNU6-634P	0
RNU6-635P	0
RNU6-636P	0
RNU6-637P	0
RNU6-638P	0.921074485
RNU6-639P	0
RNU6-63P	0
RNU6-640P	0
RNU6-641P	0
RNU6-642P	0
RNU6-643P	0
RNU6-644P	0.2443667
RNU6-645P	0
RNU6-646P	0
RNU6-647P	0
RNU6-648P	0
RNU6-649P	0
RNU6-64P	0
RNU6-650P	0
RNU6-651P	0
RNU6-652P	0.335718738
RNU6-653P	0.112961965
RNU6-654P	0
RNU6-655P	0
RNU6-656P	0
RNU6-657P	0
RNU6-658P	0.564809826
RNU6-659P	0
RNU6-65P	0
RNU6-660P	0
RNU6-661P	0
RNU6-662P	0.115134311
RNU6-663P	0
RNU6-664P	0
RNU6-665P	0.223812492
RNU6-666P	0
RNU6-667P	0
RNU6-668P	0
RNU6-669P	0
RNU6-66P	0
RNU6-670P	0
RNU6-672P	0
RNU6-673P	0
RNU6-674P	0
RNU6-675P	0
RNU6-677P	0
RNU6-678P	0.10985292
RNU6-679P	0
RNU6-67P	0
RNU6-680P	0
RNU6-681P	0
RNU6-682P	0
RNU6-684P	0
RNU6-685P	0
RNU6-686P	0
RNU6-687P	0
RNU6-689P	0.559531229
RNU6-68P	0
RNU6-690P	0
RNU6-692P	0
RNU6-693P	0
RNU6-694P	0
RNU6-695P	0
RNU6-696P	0
RNU6-697P	0
RNU6-698P	0
RNU6-699P	0
RNU6-6P	0
RNU6-7	0
RNU6-700P	0
RNU6-701P	0
RNU6-702P	0
RNU6-703P	0.335718738
RNU6-704P	0
RNU6-705P	0
RNU6-706P	0
RNU6-707P	0
RNU6-708P	0
RNU6-709P	0
RNU6-70P	0
RNU6-710P	0
RNU6-711P	0
RNU6-712P	0
RNU6-713P	0
RNU6-714P	0
RNU6-715P	0
RNU6-716P	0
RNU6-717P	0
RNU6-718P	0
RNU6-719P	0
RNU6-71P	0
RNU6-720P	0.554350385
RNU6-721P	0
RNU6-722P	1.611880349
RNU6-723P	0
RNU6-724P	0.114037793
RNU6-725P	0
RNU6-726P	0.111906246
RNU6-727P	0
RNU6-728P	0
RNU6-729P	0
RNU6-72P	0
RNU6-730P	0
RNU6-731P	0
RNU6-732P	0
RNU6-733P	0
RNU6-735P	0
RNU6-737P	0
RNU6-738P	0
RNU6-739P	0
RNU6-73P	0
RNU6-740P	0
RNU6-741P	0
RNU6-742P	0.111906246
RNU6-743P	0
RNU6-744P	0
RNU6-745P	0
RNU6-746P	0
RNU6-747P	0
RNU6-748P	0.223812492
RNU6-749P	0
RNU6-74P	0
RNU6-750P	0
RNU6-751P	0
RNU6-752P	0
RNU6-753P	0
RNU6-754P	0
RNU6-755P	0
RNU6-756P	0
RNU6-757P	0.119739683
RNU6-758P	0
RNU6-759P	0.116252119
RNU6-75P	0
RNU6-760P	0
RNU6-761P	0.335718738
RNU6-762P	0.352175538
RNU6-763P	0
RNU6-764P	0
RNU6-765P	0
RNU6-766P	0
RNU6-767P	0.559531229
RNU6-768P	0.111906246
RNU6-769P	0
RNU6-76P	0
RNU6-770P	0
RNU6-771P	0
RNU6-772P	0
RNU6-774P	0
RNU6-775P	0
RNU6-776P	0
RNU6-777P	0
RNU6-778P	0
RNU6-77P	0
RNU6-780P	0.230268621
RNU6-781P	0
RNU6-782P	0
RNU6-783P	0
RNU6-784P	0.112961965
RNU6-785P	0
RNU6-786P	0.133044092
RNU6-787P	0
RNU6-788P	0
RNU6-789P	0.117391846
RNU6-78P	0
RNU6-790P	0
RNU6-791P	0
RNU6-792P	0
RNU6-793P	0
RNU6-794P	0.37418651
RNU6-795P	0.116252119
RNU6-796P	0
RNU6-797P	0
RNU6-798P	0
RNU6-799P	0
RNU6-79P	0
RNU6-8	1.119062458
RNU6-800P	0
RNU6-801P	0
RNU6-803P	0
RNU6-804P	0
RNU6-805P	0
RNU6-806P	0
RNU6-807P	0.447624983
RNU6-808P	0.110870077
RNU6-809P	0
RNU6-80P	0
RNU6-810P	0
RNU6-811P	0
RNU6-812P	0
RNU6-813P	0
RNU6-815P	0
RNU6-816P	0
RNU6-817P	0.115134311
RNU6-818P	0
RNU6-819P	0
RNU6-81P	0
RNU6-820P	0
RNU6-821P	0
RNU6-822P	0
RNU6-823P	0
RNU6-824P	0
RNU6-826P	0
RNU6-827P	0
RNU6-828P	0.111906246
RNU6-829P	0
RNU6-82P	0
RNU6-830P	0
RNU6-831P	0
RNU6-832P	0
RNU6-833P	2.797656146
RNU6-834P	0
RNU6-835P	0
RNU6-836P	0
RNU6-837P	0
RNU6-838P	0
RNU6-839P	0
RNU6-83P	0.106910431
RNU6-840P	0.187093255
RNU6-841P	0
RNU6-842P	0
RNU6-843P	0
RNU6-844P	0.117391846
RNU6-845P	0
RNU6-847P	0
RNU6-848P	0
RNU6-849P	0
RNU6-84P	0
RNU6-850P	0.581260597
RNU6-851P	0.111906246
RNU6-853P	0
RNU6-854P	0.111906246
RNU6-855P	0
RNU6-856P	0.12218335
RNU6-857P	0
RNU6-858P	0
RNU6-859P	0
RNU6-85P	0
RNU6-860P	0
RNU6-861P	0.112961965
RNU6-862P	0.114037793
RNU6-863P	0
RNU6-864P	0
RNU6-865P	0
RNU6-866P	0
RNU6-867P	0
RNU6-869P	0
RNU6-86P	0
RNU6-871P	0
RNU6-873P	0
RNU6-874P	0
RNU6-875P	0.112961965
RNU6-876P	0
RNU6-877P	0.111906246
RNU6-878P	0
RNU6-879P	0
RNU6-87P	0
RNU6-880P	0
RNU6-881P	0
RNU6-882P	0.581260597
RNU6-883P	0
RNU6-884P	0.111906246
RNU6-885P	0
RNU6-886P	0.114037793
RNU6-887P	0
RNU6-888P	0
RNU6-889P	0
RNU6-88P	0
RNU6-890P	0
RNU6-891P	0
RNU6-892P	1.330440923
RNU6-893P	0
RNU6-894P	0
RNU6-895P	0
RNU6-896P	0
RNU6-897P	0
RNU6-898P	0
RNU6-899P	0
RNU6-89P	0
RNU6-9	0.111906246
RNU6-900P	0
RNU6-901P	0
RNU6-902P	0
RNU6-903P	0
RNU6-904P	0
RNU6-905P	0
RNU6-906P	0.111906246
RNU6-907P	0
RNU6-908P	0.127382642
RNU6-909P	0
RNU6-90P	0.564809826
RNU6-910P	0
RNU6-911P	0.115134311
RNU6-912P	0
RNU6-913P	0
RNU6-914P	0
RNU6-915P	0.116252119
RNU6-916P	0
RNU6-917P	1.84214897
RNU6-918P	0
RNU6-919P	0
RNU6-91P	0
RNU6-920P	0.390455488
RNU6-921P	0.111906246
RNU6-922P	0.120949175
RNU6-923P	0
RNU6-924P	0.221740154
RNU6-925P	0.115134311
RNU6-926P	0
RNU6-927P	0
RNU6-928P	0
RNU6-929P	0
RNU6-92P	0
RNU6-930P	0.239479366
RNU6-931P	0
RNU6-932P	0
RNU6-933P	0.111906246
RNU6-934P	0
RNU6-935P	0
RNU6-936P	0
RNU6-937P	0.112961965
RNU6-938P	0
RNU6-939P	0
RNU6-940P	0
RNU6-941P	0
RNU6-942P	0.111906246
RNU6-943P	0
RNU6-944P	0
RNU6-945P	0.335718738
RNU6-946P	0.111906246
RNU6-947P	0
RNU6-948P	0.111906246
RNU6-949P	0
RNU6-94P	0.335718738
RNU6-950P	0
RNU6-951P	0.111906246
RNU6-952P	0
RNU6-953P	0
RNU6-954P	0
RNU6-955P	1.266477417
RNU6-956P	0
RNU6-957P	0
RNU6-958P	0
RNU6-959P	0
RNU6-95P	0
RNU6-960P	0
RNU6-961P	0
RNU6-964P	0
RNU6-965P	0
RNU6-966P	0
RNU6-967P	0.110870077
RNU6-968P	0
RNU6-969P	0.114037793
RNU6-970P	0
RNU6-971P	0
RNU6-972P	0
RNU6-973P	0
RNU6-974P	0
RNU6-975P	0
RNU6-976P	0
RNU6-977P	0
RNU6-978P	0
RNU6-979P	0
RNU6-97P	0.345402932
RNU6-980P	0
RNU6-982P	0
RNU6-983P	0
RNU6-984P	0
RNU6-985P	0
RNU6-986P	0.117391846
RNU6-987P	0
RNU6-988P	0
RNU6-989P	0
RNU6-98P	0
RNU6-990P	0
RNU6-991P	0
RNU6-992P	0
RNU6-993P	0
RNU6-994P	0
RNU6-995P	0
RNU6-996P	0
RNU6-997P	0
RNU6-998P	0
RNU6-999P	0
RNU6-99P	0
RNU6ATAC	0
RNU6ATAC10P	0.107873588
RNU6ATAC11P	0
RNU6ATAC12P	0.312364391
RNU6ATAC13P	0
RNU6ATAC14P	0
RNU6ATAC15P	0
RNU6ATAC16P	0.520607318
RNU6ATAC17P	0.337294882
RNU6ATAC18P	1.541203841
RNU6ATAC19P	0
RNU6ATAC20P	0.094283215
RNU6ATAC21P	0
RNU6ATAC22P	0
RNU6ATAC23P	0
RNU6ATAC24P	0.532176369
RNU6ATAC25P	0
RNU6ATAC26P	0
RNU6ATAC27P	0.100621582
RNU6ATAC28P	0
RNU6ATAC29P	0.095791746
RNU6ATAC2P	0
RNU6ATAC30P	0
RNU6ATAC31P	0
RNU6ATAC32P	0
RNU6ATAC33P	0.095031494
RNU6ATAC34P	0
RNU6ATAC35P	0.18877878
RNU6ATAC36P	0
RNU6ATAC37P	0
RNU6ATAC38P	0.095031494
RNU6ATAC39P	0.48217322
RNU6ATAC3P	0.095031494
RNU6ATAC40P	0.349604914
RNU6ATAC41P	0
RNU6ATAC42P	0.126041772
RNU6ATAC4P	0
RNU6ATAC5P	0
RNU6ATAC6P	0
RNU6ATAC7P	0
RNU6ATAC8P	0.095031494
RNU6ATAC9P	0.103223865
RNU6V	0.335718738
RNU7-1	0
RNU7-102P	0
RNU7-103P	0
RNU7-104P	0
RNU7-105P	0
RNU7-106P	0
RNU7-107P	0
RNU7-10P	0
RNU7-110P	0
RNU7-111P	0
RNU7-113P	0
RNU7-115P	0.217708515
RNU7-116P	0
RNU7-119P	0
RNU7-11P	0
RNU7-120P	0
RNU7-121P	0
RNU7-123P	0
RNU7-124P	0
RNU7-125P	0.193128521
RNU7-126P	0
RNU7-127P	0
RNU7-128P	0
RNU7-129P	0
RNU7-12P	0
RNU7-130P	0
RNU7-133P	0
RNU7-134P	0.187093255
RNU7-136P	0
RNU7-137P	0
RNU7-138P	0
RNU7-13P	0
RNU7-140P	0.399132277
RNU7-141P	0
RNU7-143P	0
RNU7-144P	0
RNU7-147P	0
RNU7-148P	0
RNU7-149P	0
RNU7-14P	0
RNU7-151P	0
RNU7-152P	0
RNU7-153P	0
RNU7-154P	0.772514084
RNU7-155P	0
RNU7-156P	0
RNU7-157P	0
RNU7-159P	0
RNU7-160P	0.772514084
RNU7-161P	0
RNU7-164P	0
RNU7-165P	0
RNU7-167P	0
RNU7-169P	0.196294562
RNU7-170P	0
RNU7-171P	1.158771126
RNU7-172P	0
RNU7-173P	0
RNU7-174P	0
RNU7-175P	0
RNU7-176P	0
RNU7-179P	0
RNU7-180P	0
RNU7-181P	0
RNU7-182P	0
RNU7-183P	0
RNU7-185P	0
RNU7-186P	0.190062989
RNU7-187P	0
RNU7-188P	0
RNU7-18P	0.193128521
RNU7-190P	0
RNU7-192P	0
RNU7-193P	0.184214897
RNU7-194P	0
RNU7-195P	0.193128521
RNU7-196P	0
RNU7-197P	0
RNU7-19P	0
RNU7-200P	0
RNU7-20P	0
RNU7-21P	0
RNU7-22P	0
RNU7-23P	0
RNU7-24P	0
RNU7-25P	0
RNU7-26P	0
RNU7-27P	0
RNU7-28P	0
RNU7-29P	0
RNU7-2P	0
RNU7-30P	0
RNU7-34P	0
RNU7-35P	0
RNU7-37P	0
RNU7-38P	0.199566138
RNU7-3P	0.579385563
RNU7-40P	0.561279764
RNU7-41P	0
RNU7-43P	0.187093255
RNU7-45P	1.90062989
RNU7-46P	0
RNU7-47P	0.193128521
RNU7-48P	0.570188967
RNU7-49P	0.772514084
RNU7-4P	0.386257042
RNU7-50P	0
RNU7-51P	0
RNU7-52P	0
RNU7-53P	0
RNU7-54P	0
RNU7-55P	0
RNU7-56P	0
RNU7-57P	0
RNU7-59P	0.588883687
RNU7-60P	0
RNU7-61P	0.196294562
RNU7-62P	0
RNU7-63P	0.193128521
RNU7-65P	0
RNU7-66P	0
RNU7-67P	0
RNU7-69P	0
RNU7-6P	0
RNU7-70P	0
RNU7-71P	0.199566138
RNU7-73P	0
RNU7-74P	0
RNU7-75P	0
RNU7-77P	0
RNU7-79P	0
RNU7-7P	0
RNU7-80P	0
RNU7-81P	0
RNU7-82P	0
RNU7-84P	0
RNU7-85P	0
RNU7-87P	0
RNU7-88P	0
RNU7-8P	0
RNU7-90P	0
RNU7-92P	0
RNU7-93P	0
RNU7-94P	0
RNU7-95P	0
RNU7-96P	0
RNU7-97P	0
RNU7-99P	0
RNU7-9P	0
RNVU1-1	0.292048007
RNVU1-14	0
RNVU1-15	0.507986534
RNVU1-17	0
RNVU1-18	0
RNVU1-19	0.286801636
RNVU1-2	0.177392123
RNVU1-3	0.297489896
RNVU1-4	0.511084013
RNVU1-6	0.365060009
RNVU1-7	0
RNY1	0
RNY1P1	0
RNY1P10	0
RNY1P11	0.105964321
RNY1P12	0.34211338
RNY1P13	0.456151174
RNY1P14	0
RNY1P15	0.111906246
RNY1P16	0.431494353
RNY1P2	0
RNY1P3	0
RNY1P4	0.416485854
RNY1P5	0
RNY1P6	0
RNY1P7	0
RNY1P8	0
RNY1P9	0.329558761
RNY3	0
RNY3P1	0
RNY3P10	0
RNY3P11	0
RNY3P12	0
RNY3P13	0
RNY3P14	0
RNY3P15	0
RNY3P16	0.592770708
RNY3P2	0
RNY3P3	0
RNY3P4	0
RNY3P5	0
RNY3P7	0
RNY3P8	1.615535406
RNY3P9	0
RNY4	0
RNY4P10	1.496746038
RNY4P13	0
RNY4P14	0
RNY4P16	0
RNY4P17	0
RNY4P18	0
RNY4P19	0.37418651
RNY4P20	0.128752347
RNY4P23	0
RNY4P24	0
RNY4P25	0.37418651
RNY4P27	0
RNY4P28	0
RNY4P29	0
RNY4P3	0
RNY4P30	0
RNY4P34	0.126041772
RNY4P36	0.623644183
RNY4P37	0.498915346
RNY4P6	0
RNY4P7	0.124728837
RNY4P9	0
ROBO1	5.189270126
ROBO2	2.83629916
ROBO2P1	0
ROBO3	1.237275974
ROBO4	23.19030603
ROCK1	8.569222799
ROCK1P1	0.122229544
ROCK2	8.961886776
ROCR	0
ROGDI	8.726074106
ROM1	1.401362223
ROMO1	41.32895328
ROPN1	0.002650281
ROPN1B	0.133109826
ROPN1L	7.440071666
ROPN1L-AS1	0.06335433
ROR1	4.320614327
ROR1-AS1	0.037165252
ROR2	1.21633126
RORA	2.782682775
RORA-AS1	0.129384726
RORA-AS2	0
RORB	0.395761438
RORB-AS1	0.020329318
RORC	5.172581823
ROS1	20.51395614
RP1	0.398007961
RP1L1	0.091682226
RP2	10.10372451
RP9	3.097586111
RP9P	2.991403108
RPA1	13.2254355
RPA2	16.17879422
RPA2P1	0
RPA2P2	0.015042674
RPA2P3	0.015550608
RPA3	4.245720197
RPA4	0.061404966
RPAIN	3.252149131
RPAP1	3.796458302
RPAP2	0.980018524
RPAP2P1	0.030755056
RPAP3	4.227939004
RPARP-AS1	2.314403061
RPE	6.697534799
RPE65	0.013763182
RPEL1	0.011243163
RPEP1	0
RPEP2	0
RPEP3	0.035425942
RPEP4	0.019890313
RPEP5	0
RPEP6	0
RPF1	16.56121774
RPF2	5.571772605
RPF2P1	0.013216301
RPF2P2	0
RPGR	4.003057023
RPGRIP1	0.197012276
RPGRIP1L	0.624915045
RPH3A	0.051965336
RPH3AL	4.524288717
RPIA	10.56793415
RPIAP1	0
RPL10	228.9050492
RPL10A	239.3517289
RPL10AP1	0.111732208
RPL10AP2	0.384485221
RPL10AP3	0
RPL10AP5	0
RPL10AP6	1.359008673
RPL10L	0.014746266
RPL10P1	0.24171054
RPL10P10	0
RPL10P11	0.03887652
RPL10P12	0.150615954
RPL10P13	0.158072189
RPL10P14	0.120543305
RPL10P15	0.570188967
RPL10P16	3.712858389
RPL10P17	0
RPL10P18	0
RPL10P19	0.930016956
RPL10P2	0
RPL10P3	1.049001497
RPL10P4	0.194382602
RPL10P5	0.074954418
RPL10P6	0.338885895
RPL10P7	0.517275431
RPL10P8	0.267788429
RPL10P9	2.246279326
RPL11	327.4371122
RPL11P3	0.36631643
RPL11P4	0
RPL11P5	0
RPL12	135.1515281
RPL12P1	0.048088226
RPL12P10	0.072132339
RPL12P11	0.071700409
RPL12P12	0.286801636
RPL12P13	0.048184983
RPL12P14	0.53760674
RPL12P15	0
RPL12P16	0
RPL12P17	0.096176452
RPL12P18	0.036842979
RPL12P19	0.123188974
RPL12P2	0
RPL12P20	0.124989231
RPL12P21	0
RPL12P22	0
RPL12P23	0
RPL12P24	0
RPL12P25	0.088827658
RPL12P26	0
RPL12P27	0.265551716
RPL12P28	0
RPL12P29	0.052402487
RPL12P3	0
RPL12P30	0.047991857
RPL12P31	0
RPL12P32	0.145432813
RPL12P33	0.073012002
RPL12P34	0
RPL12P35	0.04828213
RPL12P36	0
RPL12P37	0.024189835
RPL12P38	0.056797607
RPL12P39	0
RPL12P4	0.481849831
RPL12P40	0
RPL12P41	0.024044113
RPL12P42	0.31194707
RPL12P43	0
RPL12P44	0.238525265
RPL12P45	0
RPL12P46	0
RPL12P47	0.094283215
RPL12P48	0.039388054
RPL12P49	0
RPL12P5	0
RPL12P50	0
RPL12P6	0.048088226
RPL12P7	0.145432813
RPL12P8	0.020644773
RPL12P9	0.098147281
RPL13	94.58697744
RPL13A	405.800768
RPL13AP	0
RPL13AP17	4.4529919
RPL13AP19	0.082013482
RPL13AP2	0.090369572
RPL13AP20	2.143124048
RPL13AP23	0.040866786
RPL13AP25	3.560885999
RPL13AP3	0.085472843
RPL13AP5	8.784823152
RPL13AP6	0.195653077
RPL13AP7	0.646711872
RPL13P	0
RPL13P12	4.744402536
RPL13P2	0.054509719
RPL13P4	0.085223974
RPL13P5	2.397479913
RPL13P6	0.019127745
RPL14	40.788672
RPL14P1	4.362608607
RPL14P3	0.115504517
RPL14P5	0
RPL15	92.24247735
RPL15P1	0
RPL15P13	0.018564292
RPL15P14	0.131788959
RPL15P18	0.097826538
RPL15P2	0.058409601
RPL15P20	0.020023358
RPL15P21	0.02111811
RPL15P3	3.504576089
RPL15P4	0
RPL17	8.231805646
RPL17-C18orf32	0.023836699
RPL17P1	0.022339493
RPL17P10	0.021574718
RPL17P11	0
RPL17P12	0
RPL17P17	0
RPL17P19	0
RPL17P2	0
RPL17P20	0
RPL17P22	0.108263728
RPL17P25	0.021574718
RPL17P26	0.043305491
RPL17P3	0
RPL17P33	0.021613661
RPL17P34	0.194172459
RPL17P35	0
RPL17P36	0.654315208
RPL17P37	0
RPL17P40	0
RPL17P41	0
RPL17P43	0.040866786
RPL17P44	0.065312554
RPL17P45	0
RPL17P46	0
RPL17P49	0
RPL17P50	1.491263452
RPL17P51	0.100621582
RPL18	96.1160592
RPL18A	62.71140985
RPL18AP14	0
RPL18AP15	0.02316048
RPL18AP16	0.045099692
RPL18AP17	0
RPL18AP2	0.024842258
RPL18AP3	6.57661138
RPL18AP7	0.594128198
RPL18AP8	0
RPL18P1	0
RPL18P10	0.111282233
RPL18P11	0.045184786
RPL18P13	0.021043881
RPL19	297.7209907
RPL19P1	0.027976561
RPL19P11	0
RPL19P13	0
RPL19P14	0.020860572
RPL19P16	0.305458375
RPL19P18	0.04121848
RPL19P20	0
RPL19P21	0.12156313
RPL21	103.9323412
RPL21P1	0.070851883
RPL21P10	0.34211338
RPL21P103	0
RPL21P104	0
RPL21P106	0.025050143
RPL21P107	0
RPL21P108	0.09957562
RPL21P109	0.025208354
RPL21P11	0.446234844
RPL21P110	0.053694925
RPL21P111	0.025102659
RPL21P112	0
RPL21P116	0.173535773
RPL21P119	0.623644183
RPL21P12	0.023250424
RPL21P120	0.286230318
RPL21P121	0.025750469
RPL21P122	0.011973968
RPL21P123	0.117680278
RPL21P126	0
RPL21P127	0
RPL21P129	0.025050143
RPL21P13	0.074681715
RPL21P131	0.074372474
RPL21P132	0.051835361
RPL21P133	0
RPL21P134	0.768515564
RPL21P135	0.166515362
RPL21P136	0.030237294
RPL21P16	5.230864001
RPL21P17	0.025208354
RPL21P18	0.099783069
RPL21P2	0.09957562
RPL21P23	0.156182195
RPL21P24	0
RPL21P28	2.379919166
RPL21P3	0.175351
RPL21P32	0.025102659
RPL21P33	0.024739604
RPL21P38	0
RPL21P39	0.148744948
RPL21P4	0.174984923
RPL21P40	0.024790825
RPL21P41	0
RPL21P42	0.154835797
RPL21P43	0.025368577
RPL21P44	0.355160077
RPL21P47	0
RPL21P5	0.177580038
RPL21P50	0
RPL21P54	0.180641763
RPL21P6	0
RPL21P65	0.051390422
RPL21P66	0
RPL21P67	0.025050143
RPL21P7	0.198326597
RPL21P71	0
RPL21P75	0.570188967
RPL21P8	0.067143748
RPL21P88	0
RPL21P89	0.256401891
RPL21P9	0
RPL21P90	0
RPL21P91	0
RPL21P92	0
RPL21P93	0.342812999
RPL21P99	0
RPL22	45.36423421
RPL22L1	5.235393709
RPL22P1	2.277974458
RPL22P10	0
RPL22P11	0.031101216
RPL22P12	0.030940487
RPL22P13	0
RPL22P14	0
RPL22P16	0.128407167
RPL22P17	0.076025196
RPL22P18	0
RPL22P19	0.108607422
RPL22P2	0.192095748
RPL22P20	0.031761189
RPL22P21	0
RPL22P22	0
RPL22P23	0
RPL22P24	0.891678491
RPL22P3	0.282849645
RPL22P4	0
RPL22P5	0
RPL22P6	0
RPL22P7	0
RPL22P8	0.03532144
RPL23	85.07745803
RPL23A	101.342003
RPL23AP1	0
RPL23AP10	0.128476055
RPL23AP11	0.025530849
RPL23AP12	0
RPL23AP14	0.051170805
RPL23AP15	0.026087077
RPL23AP16	0
RPL23AP17	0
RPL23AP18	0.179097817
RPL23AP19	0.064899557
RPL23AP2	0.565294641
RPL23AP20	0
RPL23AP22	0
RPL23AP23	0
RPL23AP24	0
RPL23AP25	0.051723405
RPL23AP26	0.077417899
RPL23AP27	0
RPL23AP28	0
RPL23AP29	0
RPL23AP3	0.051170805
RPL23AP30	0
RPL23AP31	0.102560756
RPL23AP32	0.469567385
RPL23AP33	0
RPL23AP34	0
RPL23AP35	0
RPL23AP36	0.052288071
RPL23AP37	0.065431521
RPL23AP38	0
RPL23AP39	0
RPL23AP4	0
RPL23AP40	0
RPL23AP41	0
RPL23AP42	3.915055454
RPL23AP43	0.203379504
RPL23AP44	0
RPL23AP45	0
RPL23AP46	0.02443667
RPL23AP47	0
RPL23AP48	0.073610461
RPL23AP49	0.844318278
RPL23AP50	0.052632828
RPL23AP52	0.025050143
RPL23AP53	1.673780516
RPL23AP54	0
RPL23AP55	0.052982161
RPL23AP56	0
RPL23AP57	0.077085633
RPL23AP58	0.025530849
RPL23AP59	0
RPL23AP6	0.076105731
RPL23AP60	0
RPL23AP61	0
RPL23AP62	0
RPL23AP63	0.076267314
RPL23AP64	2.642530936
RPL23AP65	0.486122645
RPL23AP66	0.074993538
RPL23AP67	0.050523073
RPL23AP68	0
RPL23AP69	0
RPL23AP7	1.575522145
RPL23AP70	0.026030366
RPL23AP71	0
RPL23AP72	0
RPL23AP73	0
RPL23AP74	0.305069256
RPL23AP75	0.053099638
RPL23AP76	0
RPL23AP77	0.077585108
RPL23AP78	0
RPL23AP8	0
RPL23AP80	0.056480983
RPL23AP81	0.435883215
RPL23AP82	1.546754965
RPL23AP83	0.025314944
RPL23AP84	0
RPL23AP85	0.055307013
RPL23AP86	0.022133028
RPL23AP87	0.01061522
RPL23AP88	0
RPL23AP89	0
RPL23AP90	0.050737154
RPL23AP91	0
RPL23AP92	0.046956738
RPL23AP93	0
RPL23AP94	0
RPL23AP95	0.271108716
RPL23AP96	0.020260522
RPL23AP97	0.203379504
RPL23P10	0
RPL23P11	0.029133743
RPL23P2	0.739484978
RPL23P4	0
RPL23P8	0.503578106
RPL24	132.8878324
RPL24P2	1.10916759
RPL24P4	3.043265104
RPL24P7	0
RPL24P8	1.364122972
RPL26	76.68280431
RPL26L1	9.145066859
RPL26P19	1.558256149
RPL26P20	0
RPL26P26	0
RPL26P27	0.274003851
RPL26P28	0
RPL26P29	0.027337827
RPL26P3	0
RPL26P30	0.965343181
RPL26P31	0
RPL26P34	0
RPL26P35	0.104121464
RPL26P37	0.027337827
RPL26P6	1.312215705
RPL26P9	0
RPL27	185.5492275
RPL27A	70.31231382
RPL27AP	0
RPL27AP5	0.133340404
RPL27AP8	0
RPL27P12	0.030390783
RPL28	51.70757783
RPL29	156.2126911
RPL29P11	0.219036006
RPL29P12	0.179481324
RPL29P14	0.083929684
RPL29P19	0.416485854
RPL29P2	0.018225218
RPL29P22	0
RPL29P23	0
RPL29P24	0.079297803
RPL29P25	0.028174043
RPL29P28	0.025368577
RPL29P29	0
RPL29P3	0.206893621
RPL29P30	0.012657472
RPL29P32	0
RPL29P33	0.07578461
RPL29P7	0.052402487
RPL3	319.2749715
RPL30	100.5313803
RPL30P1	0
RPL30P10	0
RPL30P11	0.16132592
RPL30P12	0
RPL30P13	0
RPL30P14	0.06881591
RPL30P15	0
RPL30P16	0
RPL30P2	0.082295315
RPL30P3	0
RPL30P4	0.071915726
RPL30P5	0
RPL30P6	0
RPL30P7	0.333639984
RPL30P9	0
RPL31	78.52036719
RPL31P1	0
RPL31P11	0.053798317
RPL31P12	0
RPL31P13	0
RPL31P15	0
RPL31P2	0.158805946
RPL31P20	0.099783069
RPL31P28	0
RPL31P3	0
RPL31P33	0
RPL31P35	0
RPL31P40	0.128407167
RPL31P41	0
RPL31P44	0
RPL31P45	0
RPL31P47	0
RPL31P49	0.255444657
RPL31P50	0
RPL31P52	0.456772633
RPL31P53	0
RPL31P54	0.032362077
RPL31P56	0
RPL31P57	0
RPL31P58	0.126374336
RPL31P59	0
RPL31P60	0.032626617
RPL31P61	0.127382642
RPL31P63	0.223514075
RPL31P7	0.095031494
RPL31P9	0
RPL32	133.805877
RPL32P1	1.022168026
RPL32P14	0
RPL32P23	0
RPL32P26	0
RPL32P28	0
RPL32P29	0
RPL32P3	2.148083124
RPL32P31	0.02971208
RPL32P33	0
RPL32P34	0.029934921
RPL32P35	0
RPL32P9	0
RPL34	91.87453312
RPL34-AS1	0.06026286
RPL34P1	0.033824769
RPL34P17	0
RPL34P18	0.169123846
RPL34P19	0
RPL34P20	0.102341609
RPL34P21	0.125163432
RPL34P22	0.075307977
RPL34P23	0.033446839
RPL34P26	0
RPL34P27	0.137237459
RPL34P29	0
RPL34P3	0
RPL34P31	0.22592393
RPL34P33	0
RPL34P34	0.270598154
RPL34P6	0.034707155
RPL35	152.6427438
RPL35A	108.9281188
RPL35AP	0
RPL35AP12	0
RPL35AP15	0.03532144
RPL35AP18	0
RPL35AP19	0
RPL35AP21	0.035957863
RPL35AP22	0
RPL35AP24	0.036284752
RPL35AP25	0
RPL35AP26	0.149208328
RPL35AP28	0.036175131
RPL35AP3	0
RPL35AP30	0
RPL35AP31	0
RPL35AP32	0.55606664
RPL35AP33	0
RPL35AP35	0
RPL35AP4	0.117391846
RPL35P1	0.938500219
RPL35P2	0.494792079
RPL35P3	0
RPL35P4	0
RPL35P5	25.53367836
RPL35P6	0
RPL35P8	0
RPL35P9	0
RPL36	93.19352181
RPL36A	9.512115589
RPL36A-HNRNPH2	0
RPL36AL	186.7200714
RPL36AP10	0.074372474
RPL36AP13	0.037772771
RPL36AP15	0.405134266
RPL36AP21	0.074142219
RPL36AP26	0.075307977
RPL36AP29	0
RPL36AP33	0
RPL36AP35	0
RPL36AP36	0
RPL36AP39	0
RPL36AP40	0
RPL36AP41	0.039130615
RPL36AP43	0.273022079
RPL36AP45	0.075307977
RPL36AP48	0.038133657
RPL36AP51	0.037653988
RPL36AP53	0
RPL36AP55	0
RPL36AP6	0
RPL36P1	0
RPL36P16	0.039130615
RPL36P18	0
RPL36P19	0
RPL36P2	0.152050391
RPL36P20	0
RPL36P4	0
RPL37	47.67116856
RPL37A	69.4826224
RPL37AP1	0.600844288
RPL37AP8	0.043383943
RPL37P1	0.08432372
RPL37P10	0
RPL37P15	0
RPL37P18	0.04927559
RPL37P2	0.625817159
RPL37P21	0
RPL37P23	0.12218335
RPL37P25	0
RPL37P3	0
RPL37P4	0
RPL37P6	0.713089924
RPL38	54.08456042
RPL38P1	0
RPL38P3	0
RPL38P4	0
RPL39	33.72956696
RPL39L	2.406089858
RPL39P	0
RPL39P18	0.077251408
RPL39P25	0.155506082
RPL39P26	0.07578461
RPL39P28	0
RPL39P29	0
RPL39P3	16.88636556
RPL39P31	0
RPL39P33	0
RPL39P34	0
RPL39P36	1.30485552
RPL39P38	0.391306154
RPL39P39	0
RPL39P40	1.148188742
RPL39P5	0.426689294
RPL39P6	0.079826455
RPL3L	0.017366161
RPL3P1	0.08898903
RPL3P10	0.030860743
RPL3P11	0
RPL3P12	0.029736676
RPL3P13	0.776090538
RPL3P2	0.467810898
RPL3P3	0.049356836
RPL3P4	15.20099522
RPL3P5	0.00971913
RPL3P6	0.228738597
RPL3P7	0.266746819
RPL3P8	0.01005371
RPL3P9	0.060730186
RPL4	156.7937727
RPL41	139.9347491
RPL41P1	64.3046446
RPL41P2	0.878286184
RPL41P5	48.81694771
RPL4P1	0.046846511
RPL4P2	0.028020207
RPL4P3	0.082201155
RPL4P4	1.314898389
RPL4P5	0.506735336
RPL4P6	0.220379785
RPL5	219.2147713
RPL5P1	0.080362203
RPL5P10	0
RPL5P11	0.013408699
RPL5P12	0.056281872
RPL5P13	0
RPL5P14	0.027275554
RPL5P15	0
RPL5P16	0.045470766
RPL5P17	0.068266638
RPL5P18	0.013438797
RPL5P19	0
RPL5P2	0.02804208
RPL5P20	0.013363804
RPL5P21	0
RPL5P22	0.094816491
RPL5P23	0.179333627
RPL5P24	0.094709354
RPL5P25	0.015450282
RPL5P26	0
RPL5P27	0.027182675
RPL5P28	0
RPL5P29	0.133937006
RPL5P3	0.026938061
RPL5P30	0.645062266
RPL5P31	0
RPL5P32	0
RPL5P33	0
RPL5P34	0.470357902
RPL5P35	0.058695923
RPL5P4	0.189204917
RPL5P5	0.053634796
RPL5P6	0.027029274
RPL5P7	0
RPL5P8	0.014691986
RPL5P9	0.229748828
RPL6	90.52772395
RPL6P12	0.028307254
RPL6P2	0
RPL6P21	0
RPL6P24	0
RPL6P25	0.027846438
RPL6P27	3.748730903
RPL6P29	0.013842738
RPL6P30	0.013890915
RPL6P5	0
RPL6P7	0.028074955
RPL6P8	0
RPL6P9	0.05575771
RPL7	130.564447
RPL7A	289.2872289
RPL7AP10	0.317892964
RPL7AP11	0.299723862
RPL7AP14	0.014930135
RPL7AP15	0.090369572
RPL7AP2	0.032362077
RPL7AP23	0
RPL7AP25	0
RPL7AP26	0.029456257
RPL7AP28	0.587164821
RPL7AP3	0.025368577
RPL7AP30	0.526493581
RPL7AP31	0.015004973
RPL7AP33	0
RPL7AP34	0.014948774
RPL7AP38	0
RPL7AP4	0.04671249
RPL7AP49	0
RPL7AP50	0.587402219
RPL7AP51	0
RPL7AP52	0
RPL7AP53	0.045298745
RPL7AP56	0
RPL7AP57	0.015272919
RPL7AP58	0
RPL7AP6	1.644365186
RPL7AP60	0.090483388
RPL7AP61	0
RPL7AP64	1.264219881
RPL7AP65	0.032015958
RPL7AP66	0.493309556
RPL7AP69	0
RPL7AP7	0.0150238
RPL7AP71	0
RPL7AP72	0
RPL7AP73	0
RPL7AP8	0.029785991
RPL7AP9	0
RPL7L1	10.44521348
RPL7L1P1	0.015253463
RPL7L1P10	0.051723405
RPL7L1P11	0.049822337
RPL7L1P12	0.082125983
RPL7L1P13	0
RPL7L1P2	0.016202934
RPL7L1P3	0.104272583
RPL7L1P4	0
RPL7L1P5	0.016224889
RPL7L1P7	0
RPL7L1P8	0
RPL7L1P9	0.048217322
RPL7P1	1.506764419
RPL7P10	0
RPL7P11	0
RPL7P12	0
RPL7P13	0.016159201
RPL7P14	0.048477604
RPL7P15	0.050452114
RPL7P16	0.048674668
RPL7P17	0.049615891
RPL7P18	0.146819775
RPL7P19	0.038750706
RPL7P2	0
RPL7P20	0
RPL7P21	0.075426572
RPL7P22	0.016335564
RPL7P23	0.561029305
RPL7P24	0.01592283
RPL7P25	0
RPL7P26	0.111164162
RPL7P27	0
RPL7P28	0.016181038
RPL7P29	0
RPL7P3	0
RPL7P30	0
RPL7P31	0
RPL7P32	0.193128521
RPL7P33	0
RPL7P34	0
RPL7P35	0
RPL7P36	0.035165839
RPL7P37	0.048674668
RPL7P38	0.016202934
RPL7P39	0.096564261
RPL7P4	0.016402696
RPL7P40	0
RPL7P41	0.037535951
RPL7P42	0
RPL7P43	0.015901684
RPL7P44	0.048412271
RPL7P45	0
RPL7P46	0.032362077
RPL7P47	0.344574627
RPL7P48	0
RPL7P49	0.016912385
RPL7P5	0
RPL7P50	0
RPL7P51	0.015986607
RPL7P52	0
RPL7P53	0
RPL7P54	0
RPL7P55	0
RPL7P56	0.033400191
RPL7P57	0.080905191
RPL7P58	0
RPL7P59	0.012697739
RPL7P6	0.340722675
RPL7P60	0.016291113
RPL7P61	0
RPL7P7	0.085163359
RPL7P8	0
RPL7P9	4.47220503
RPL8	381.1093933
RPL8P2	0.023852527
RPL9	140.9614201
RPL9P15	0
RPL9P16	0.04223622
RPL9P18	0.067143748
RPL9P2	0.216527456
RPL9P21	0.071132485
RPL9P25	0
RPL9P28	0.020680429
RPL9P29	0.383651598
RPL9P3	0.083297171
RPL9P30	0
RPL9P31	0
RPL9P32	0.193128521
RPL9P33	0.105777105
RPL9P5	0.050844876
RPL9P6	0
RPL9P7	0.392250686
RPL9P9	5.9953342
RPLP0	167.883954
RPLP0P1	0
RPLP0P11	0.013172682
RPLP0P2	0.631014958
RPLP0P6	8.308980103
RPLP0P7	0
RPLP1	229.3613446
RPLP1P10	0
RPLP1P11	0
RPLP1P13	0.040046717
RPLP1P6	0.921074485
RPLP2	212.4016608
RPLP2P1	0
RPN1	65.41590049
RPN2	101.3645902
RPP14	2.056193745
RPP21	2.505139073
RPP25	3.891834238
RPP25L	8.136157951
RPP30	3.85750666
RPP38	6.129679112
RPP40	1.415882083
RPP40P1	0
RPP40P2	0
RPPH1	0
RPPH1-2P	0
RPPH1-3P	0
RPRD1A	5.769971934
RPRD1B	6.831093513
RPRD2	6.041797466
RPRM	0.10582025
RPRML	0.306743927
RPS10	58.11239551
RPS10-NUDT3	0.013668914
RPS10P14	0
RPS10P16	0.04828213
RPS10P18	0.09675934
RPS10P2	0.290865627
RPS10P20	0
RPS10P21	0
RPS10P27	0
RPS10P28	0.024044113
RPS10P3	0.315104429
RPS10P5	0.112749231
RPS10P7	0.663221087
RPS11	601.6014565
RPS11P1	0
RPS11P5	1.682293068
RPS11P6	0.084008197
RPS11P7	0.051500939
RPS12	735.7355649
RPS12P10	0
RPS12P15	0.031101216
RPS12P16	0.02942007
RPS12P17	0
RPS12P18	0.044348031
RPS12P2	0.13353868
RPS12P20	0.283593986
RPS12P21	0
RPS12P23	0.090483388
RPS12P24	0
RPS12P26	1.028067986
RPS12P27	0.284248506
RPS12P28	0
RPS12P31	0.180512085
RPS12P5	0
RPS13	115.9382494
RPS13P2	1.078972968
RPS14	98.8300355
RPS14P4	0
RPS14P7	0
RPS14P8	1.687388488
RPS15	74.70702827
RPS15A	40.8592172
RPS15AP1	1.837437592
RPS15AP10	0.282109201
RPS15AP11	0.497619462
RPS15AP12	0.648075604
RPS15AP16	0.464364422
RPS15AP17	0.061404966
RPS15AP18	0
RPS15AP24	0.151186469
RPS15AP25	0.061404966
RPS15AP27	0.034909529
RPS15AP28	0
RPS15AP29	0
RPS15AP3	0
RPS15AP30	0.276322346
RPS15AP32	0
RPS15AP34	0
RPS15AP36	0.250763734
RPS15AP38	0.160940434
RPS15AP40	0.122495839
RPS15AP5	0
RPS15AP6	0.217708515
RPS15AP7	0
RPS15AP9	0
RPS15P5	0.194022635
RPS15P9	0.037535951
RPS16	172.3736229
RPS16P5	0.029638535
RPS16P8	0
RPS16P9	0
RPS17	109.4744867
RPS17P1	0.088477598
RPS17P11	0.040866786
RPS17P13	0
RPS17P14	0
RPS17P15	0
RPS17P17	0
RPS17P2	0.029347962
RPS17P5	0.029347962
RPS17P8	0
RPS18	408.4019032
RPS18P1	0.078432107
RPS18P12	0.756525231
RPS18P13	0
RPS18P6	0
RPS18P9	3.071583174
RPS19	108.8545434
RPS19BP1	9.482441018
RPS19P1	0.193128521
RPS19P3	0.407277834
RPS19P6	0
RPS19P7	0.030237294
RPS2	166.871366
RPS20	207.2669184
RPS20P1	0.033824769
RPS20P10	0.141983814
RPS20P14	1.330440923
RPS20P15	0
RPS20P2	0.061562819
RPS20P20	0
RPS20P21	0
RPS20P22	0.181699064
RPS20P23	0
RPS20P24	0.033168887
RPS20P25	0
RPS20P31	0.072132339
RPS20P32	0.033634742
RPS20P33	0.372072461
RPS20P35	0.13416211
RPS20P4	0.202376929
RPS20P5	0.033261023
RPS21	186.3280562
RPS21P1	0.193910418
RPS21P4	0
RPS21P8	0
RPS23	83.7437241
RPS23P1	0.027717519
RPS23P10	0
RPS23P2	0.057705871
RPS23P3	0
RPS23P4	0
RPS23P5	0
RPS23P6	0.055563658
RPS23P7	0
RPS23P8	1.923091879
RPS23P9	0
RPS24	122.3062345
RPS24P1	0
RPS24P12	0.060781565
RPS24P13	0.030161129
RPS24P14	0.03271576
RPS24P16	0.030545838
RPS24P17	0.084921761
RPS24P18	0
RPS24P6	0
RPS24P7	0.097349336
RPS24P8	0.506361844
RPS25	245.429869
RPS25P9	0.237578736
RPS26	51.33461451
RPS26P11	0.06881591
RPS26P13	0
RPS26P15	0.172039775
RPS26P2	0.06881591
RPS26P21	0.172039775
RPS26P24	0
RPS26P28	0.172039775
RPS26P3	0.206447729
RPS26P30	0
RPS26P31	0.13763182
RPS26P34	0
RPS26P35	0.034606845
RPS26P38	0.034407955
RPS26P39	0.10534283
RPS26P4	0
RPS26P40	0
RPS26P41	0.08432372
RPS26P42	0
RPS26P43	0
RPS26P45	0.035217554
RPS26P47	0.309671594
RPS26P48	0
RPS26P49	0.143400818
RPS26P5	0
RPS26P52	0.06881591
RPS26P54	0
RPS26P55	0.033634742
RPS26P56	0
RPS26P6	0.240855684
RPS26P8	0.103223865
RPS27	536.9172955
RPS27A	107.0771159
RPS27AP1	0
RPS27AP10	0.287835777
RPS27AP11	0.535748023
RPS27AP12	0.077251408
RPS27AP13	0
RPS27AP14	0
RPS27AP15	0
RPS27AP16	3.977219154
RPS27AP17	0
RPS27AP18	0
RPS27AP19	0.052288071
RPS27AP2	0.077251408
RPS27AP3	0.052748759
RPS27AP6	0.053455216
RPS27AP7	0.078949242
RPS27AP8	0.107631176
RPS27AP9	0.027337827
RPS27L	5.399896302
RPS27P1	0
RPS27P12	0.04641073
RPS27P14	0.094283215
RPS27P15	0.332610231
RPS27P16	0.35743189
RPS27P18	0
RPS27P20	0
RPS27P21	0.237578736
RPS27P22	0
RPS27P23	0.143115159
RPS27P25	0
RPS27P26	0
RPS27P27	0
RPS27P29	0.190062989
RPS27P5	0
RPS28	88.78479944
RPS28P1	0
RPS28P7	169.460161
RPS28P8	0
RPS29	20.58695154
RPS29P1	0
RPS29P10	0
RPS29P11	12.04399151
RPS29P12	0.078776107
RPS29P13	0
RPS29P14	0.140046413
RPS29P15	0
RPS29P16	0.980324891
RPS29P17	0.504926374
RPS29P19	0.140046413
RPS29P2	0
RPS29P20	0
RPS29P21	0.070435108
RPS29P22	0.071273621
RPS29P23	0
RPS29P24	0
RPS29P25	0
RPS29P26	0
RPS29P27	0
RPS29P28	0
RPS29P29	0.140046413
RPS29P3	0.140046413
RPS29P30	0
RPS29P31	0
RPS29P32	0
RPS29P33	0
RPS29P4	0
RPS29P5	0.420139239
RPS29P6	0.082579092
RPS29P7	0
RPS29P8	0.070023206
RPS29P9	0
RPS2P1	0.029169229
RPS2P2	0.039846816
RPS2P24	0.013763182
RPS2P25	0
RPS2P28	0
RPS2P32	0.617491639
RPS2P35	0.053395622
RPS2P36	0.028818215
RPS2P39	0
RPS2P4	0.125894527
RPS2P41	0.039714654
RPS2P44	0.042460881
RPS2P45	0.080905191
RPS2P46	1.600145255
RPS2P48	0.027151856
RPS2P5	13.62226201
RPS2P52	0
RPS2P55	0.27121106
RPS2P6	0.013378736
RPS2P7	0.405897231
RPS3	127.4819283
RPS3A	127.6217357
RPS3AP1	0
RPS3AP12	0.047705053
RPS3AP14	0.030702483
RPS3AP15	0.229973783
RPS3AP17	0
RPS3AP2	0.015880595
RPS3AP22	0.03114166
RPS3AP23	0
RPS3AP24	0.016313308
RPS3AP25	0.120796654
RPS3AP26	1.84802317
RPS3AP29	0
RPS3AP3	0
RPS3AP30	0
RPS3AP32	0.015631812
RPS3AP33	0
RPS3AP34	1.149868915
RPS3AP35	0.030663171
RPS3AP36	0.169953099
RPS3AP37	0.016072441
RPS3AP38	0.047079823
RPS3AP39	0.015450282
RPS3AP4	0.031345467
RPS3AP40	0.015331586
RPS3AP41	0
RPS3AP42	0
RPS3AP43	0.061326342
RPS3AP44	0.151569219
RPS3AP46	0.017557138
RPS3AP47	0.589627227
RPS3AP49	0.181883063
RPS3AP5	0.597969185
RPS3AP50	0
RPS3AP52	0
RPS3AP53	0.03078141
RPS3AP54	0
RPS3AP6	1.400728368
RPS3AP9	0
RPS3P1	0.062364418
RPS3P2	0.136650138
RPS3P6	0.098958416
RPS3P7	0.016493069
RPS4X	233.2675187
RPS4XP1	0.045644098
RPS4XP10	0
RPS4XP11	0.18612386
RPS4XP12	0
RPS4XP13	0.060704529
RPS4XP14	0.122652684
RPS4XP15	0
RPS4XP16	0.480399932
RPS4XP17	0.127044757
RPS4XP18	0
RPS4XP19	0.032537957
RPS4XP2	0.150995817
RPS4XP20	0.015510322
RPS4XP21	0.015965291
RPS4XP22	1.703987797
RPS4XP23	0.353661511
RPS4XP3	0.028992659
RPS4XP4	0
RPS4XP5	0.015118647
RPS4XP6	0.225356994
RPS4XP7	0.030702483
RPS4XP8	0.093182633
RPS4XP9	0
RPS4Y1	85.85993185
RPS4Y2	0.030237294
RPS5	89.91566302
RPS5P2	0.056127976
RPS5P3	0.01943826
RPS5P7	0
RPS6	366.785503
RPS6KA1	19.10055515
RPS6KA2	23.10396287
RPS6KA2-AS1	0
RPS6KA2-IT1	0.372247719
RPS6KA3	16.93861919
RPS6KA4	10.65296313
RPS6KA5	0.513922754
RPS6KA6	0.54785623
RPS6KB1	4.665283605
RPS6KB2	5.388491405
RPS6KB2-AS1	0
RPS6KC1	3.62120657
RPS6KL1	0.348985291
RPS6P12	0
RPS6P14	0
RPS6P15	0.015944032
RPS6P16	0.036561735
RPS6P2	0
RPS6P20	0
RPS6P21	0
RPS6P22	0.016493069
RPS6P23	0
RPS6P25	0.256127664
RPS6P4	0
RPS6P7	0
RPS6P8	0
RPS7	49.28994082
RPS7P1	3.500083043
RPS7P10	0.85386507
RPS7P11	1.185136795
RPS7P12	0
RPS7P13	0
RPS7P14	0.061615617
RPS7P15	0.041006741
RPS7P2	0
RPS7P3	0.103223865
RPS7P4	0.246885944
RPS7P5	0
RPS7P6	0.041360858
RPS7P7	0
RPS7P8	0.02060924
RPS7P9	0
RPS8	223.8379231
RPS8P10	0.019250753
RPS8P3	0.019250753
RPS8P4	0.019097238
RPS8P6	0
RPS9	140.6057816
RPS9P1	0
RPSA	83.6656698
RPSAP1	0
RPSAP10	0
RPSAP11	0.040774012
RPSAP12	0.18877878
RPSAP13	0.02736907
RPSAP14	0.46695141
RPSAP15	0.111256384
RPSAP16	0.014584614
RPSAP17	0.040681659
RPSAP18	0.229748828
RPSAP19	1.347071434
RPSAP2	0.013484199
RPSAP20	0.053815588
RPSAP21	0.027059815
RPSAP22	0
RPSAP23	0
RPSAP24	0
RPSAP25	0
RPSAP26	0
RPSAP27	0
RPSAP28	0.05480077
RPSAP29	0.137790199
RPSAP3	0.080996403
RPSAP31	0.050780188
RPSAP32	0
RPSAP33	0.013842738
RPSAP34	0
RPSAP35	0
RPSAP36	0.104451746
RPSAP37	0
RPSAP38	0.013591337
RPSAP39	0.027121106
RPSAP4	0.013484199
RPSAP40	0
RPSAP41	0
RPSAP42	0
RPSAP43	0.076633397
RPSAP44	0
RPSAP45	0.013700193
RPSAP46	0.027151856
RPSAP47	0.148326184
RPSAP48	0
RPSAP49	0.040543911
RPSAP5	0
RPSAP50	0.056215814
RPSAP51	0.018564292
RPSAP52	0.005884014
RPSAP53	0.027781829
RPSAP54	0.324351286
RPSAP55	0
RPSAP57	0
RPSAP58	0.013514637
RPSAP59	0.013453897
RPSAP6	0.054303711
RPSAP60	0
RPSAP61	0.163653325
RPSAP62	0
RPSAP63	0
RPSAP64	0
RPSAP65	0
RPSAP66	0
RPSAP67	0
RPSAP68	0
RPSAP69	0.040282484
RPSAP7	0.7035552
RPSAP70	0.318751471
RPSAP71	0
RPSAP72	0
RPSAP73	0
RPSAP74	0
RPSAP75	0.039780626
RPSAP76	0.042112432
RPSAP8	0.040407092
RPSAP9	0.809051913
RPTN	0.003354993
RPTOR	5.237734352
RPUSD1	4.216186023
RPUSD2	3.02002585
RPUSD3	2.9039336
RPUSD4	4.243529791
RRAD	58.28639107
RRAGA	50.94776571
RRAGB	5.369610741
RRAGC	5.78652968
RRAGD	6.317495896
RRAS	72.95862757
RRAS2	10.41350328
RRBP1	46.23529997
RREB1	3.710028664
RRH	0.148131567
RRM1	9.674920525
RRM1-AS1	0
RRM2	0.543722072
RRM2B	9.796294546
RRM2P2	0
RRM2P3	0.319168545
RRM2P4	0
RRN3	9.311805958
RRN3P1	0.585819504
RRN3P2	1.514008808
RRN3P3	1.259294349
RRNAD1	7.794981576
RRP1	5.551797584
RRP12	7.13047075
RRP15	3.188298804
RRP1B	6.095044957
RRP36	13.46259456
RRP7A	10.15821956
RRP7BP	0.787761073
RRP8	2.468484943
RRP9	9.621667815
RRS1	12.94255425
RRS1-AS1	0.041138233
RS1	0.800555126
RSAD1	7.766821271
RSAD2	2.865924975
RSBN1	3.980786941
RSBN1L	3.58089116
RSC1A1	0
RSF1	3.504705971
RSF1-IT1	0
RSF1-IT2	0.084621684
RSG1	1.666280379
RSL1D1	17.06877823
RSL24D1	21.88661538
RSL24D1P1	0
RSL24D1P11	0
RSL24D1P2	0
RSL24D1P3	0
RSL24D1P4	0
RSL24D1P5	0
RSL24D1P6	0.507624592
RSL24D1P8	0.024337334
RSL24D1P9	0
RSPH1	16.18569544
RSPH10B	0.213435445
RSPH10B2	0.153512414
RSPH14	1.995661384
RSPH3	4.312526613
RSPH4A	8.175184699
RSPH6A	0.004701205
RSPH9	3.672745125
RSPO1	1.693954079
RSPO2	3.800243647
RSPO3	0.783449326
RSPO4	2.699665917
RSPRY1	5.682895908
RSRC1	2.86654508
RSRC2	7.806846513
RSRP1	4.005401508
RSU1	28.78780831
RSU1P1	0
RSU1P2	0.00365729
RSU1P3	0
RTBDN	0
RTCA	7.502950835
RTCA-AS1	1.61351346
RTCB	26.45402157
RTEL1	0.179759324
RTEL1P1	0.019496285
RTEL1-TNFRSF6B	0.372134298
RTF1	11.32235201
RTF2	23.10802006
RTKN	4.796764526
RTKN2	28.72222414
RTL1	0
RTL10	3.483240229
RTL3	0.049740805
RTL4	0
RTL5	3.76081323
RTL6	11.18732544
RTL8A	20.99467328
RTL8B	8.138279544
RTL8C	58.98776258
RTL9	0.097454978
RTN1	2.615026739
RTN2	2.806745505
RTN3	33.2054349
RTN3P1	0.11788717
RTN4	48.75913794
RTN4IP1	2.869142355
RTN4R	1.000520263
RTN4RL1	2.454250607
RTN4RL2	0.45146927
RTP1	0
RTP2	0.008895965
RTP3	0
RTP4	4.137722638
RTP5	0.05054246
RTRAF	9.369993461
RTTN	1.336179387
RUBCN	4.375023599
RUBCNL	1.204261513
RUFY1	10.54786888
RUFY2	2.447180692
RUFY3	6.598294554
RUFY4	0.02748214
RUNDC1	5.507471653
RUNDC3A	0.114408723
RUNDC3A-AS1	0.011080852
RUNDC3B	0.480484079
RUNX1	9.49598578
RUNX1T1	0.555570897
RUNX2	0.572973093
RUNX2-AS1	0
RUNX3	4.757289641
RUSC1	4.778996748
RUSC1-AS1	1.195353491
RUSC2	5.472790512
RUVBL1	5.655343631
RUVBL1-AS1	0.061091675
RUVBL2	17.91185199
RWDD1	7.649641285
RWDD2A	2.043634014
RWDD2B	3.5551576
RWDD3	2.035937093
RWDD4	3.575799613
RWDD4P1	0.233121507
RWDD4P2	1.616379381
RXFP1	1.71267351
RXFP2	0.20924681
RXFP3	0
RXFP4	0.135189965
RXRA	12.37590565
RXRB	13.1774743
RXRG	1.154759555
RXYLT1	1.76295356
RYBP	11.06221247
RYK	6.807618367
RYKP1	0.04133706
RYR1	0.453758273
RYR2	0.610250058
RYR3	0.132762325
S100A1	0.893107867
S100A10	331.3599784
S100A11	547.9323114
S100A11P1	0
S100A11P2	0
S100A12	2.3809242
S100A13	18.61160984
S100A14	54.1032084
S100A16	64.99450286
S100A2	4.294428965
S100A3	1.893266193
S100A4	336.8715356
S100A5	0.305458375
S100A6	942.7619474
S100A7	0.111697466
S100A7A	0.002686553
S100A7L2	0
S100A8	31.13707862
S100A9	184.7560482
S100B	1.033664391
S100G	0.026316414
S100P	1.94576985
S100PBP	1.915782834
S100Z	0.067407191
S1PR1	47.35000687
S1PR2	9.520341076
S1PR3	1.315850755
S1PR4	7.00880116
S1PR5	0.674229149
SAA1	22.80532264
SAA2	2.424903325
SAA2-SAA4	0.570188967
SAA3P	0
SAA4	0.675285695
SAAL1	2.449398077
SAC3D1	1.932593079
SACM1L	8.977218893
SACS	1.147796949
SACS-AS1	0.026799392
SAE1	20.42908491
SAFB	13.35243822
SAFB2	10.0899254
SAG	0.0070524
SAGE1	0
SAGE2P	0
SAGE3P	0
SAGE4P	0
SALL1	0.002115542
SALL1P1	0
SALL2	2.718727103
SALL3	0
SALL4	0.047176433
SALL4P1	0
SALL4P2	0
SALL4P5	0.013606782
SALL4P6	0
SALL4P7	0.00383781
SALRNA1	0.051661416
SALRNA2	0.01159145
SALRNA3	0.011727687
SAMD1	9.629970091
SAMD10	1.60108504
SAMD11	2.578091496
SAMD11P1	0.018114929
SAMD12	2.003825116
SAMD12-AS1	0.272135643
SAMD13	0.363897734
SAMD14	1.390932749
SAMD15	0.869668952
SAMD3	0.169991148
SAMD4A	4.1854775
SAMD4B	12.81513326
SAMD5	2.536889804
SAMD7	0.004766707
SAMD8	4.967331029
SAMD9	4.300497442
SAMD9L	9.809088262
SAMHD1	78.09223434
SAMM50	6.782457572
SAMM50P1	0
SAMMSON	0
SAMSN1	7.228211224
SAMSN1-AS1	0.014254724
SAP130	5.821325547
SAP18	32.37132009
SAP18P1	0
SAP18P2	0
SAP18P3	0.030237294
SAP25	0.327817576
SAP30	3.447051482
SAP30BP	8.154984945
SAP30L	7.184380983
SAP30L-AS1	0.35824753
SAPCD1	0.215331479
SAPCD1-AS1	0.28571291
SAPCD2	0.270721217
SAPCD2P1	0
SAPCD2P2	0
SAPCD2P3	0.070435108
SAPCD2P4	0
SAR1A	22.31307603
SAR1AP1	0.020090551
SAR1AP2	0
SAR1AP3	0
SAR1AP4	0.040521043
SAR1B	4.953201338
SARAF	108.238266
SARDH	0.965868928
SARM1	0.781635535
SARNP	0.638188535
SARS	36.46816259
SARS2	0.904255112
SART1	17.57733122
SART3	7.660968307
SASH1	11.37248995
SASH3	16.74853848
SASS6	0.684312892
SAT1	283.9910834
SAT2	25.9302369
SATB1	3.140610525
SATB1-AS1	0.021279174
SATB2	0.224006525
SATB2-AS1	0
SATL1	0.010540465
SAV1	7.662914353
SAXO1	0.065818853
SAXO2	4.426914244
SAYSD1	4.924678247
SBDS	80.56849113
SBDSP1	18.77757903
SBF1	7.796206247
SBF1P1	0
SBF2	2.51733991
SBF2-AS1	0.48775028
SBK1	0.827527858
SBK2	0.010965172
SBK3	0.378125315
SBNO1	3.682393525
SBNO2	28.58681024
SBSN	0.006029188
SBSPON	3.305612971
SC5D	6.430145754
SCAANT1	0.469567385
SCAF1	16.02847824
SCAF11	10.01684089
SCAF4	7.386077721
SCAF8	8.683912427
SCAI	2.285487726
SCAMP1	8.913641506
SCAMP1-AS1	2.706170292
SCAMP2	26.86479529
SCAMP3	23.21733822
SCAMP4	12.53366048
SCAMP5	2.688184142
SCAND1	14.69750619
SCAND2P	0.414513599
SCAND3P1	0.011296197
SCAP	12.37493757
SCAPER	2.16686541
SCARA3	8.216322583
SCARA5	2.694480354
SCARB1	7.132407681
SCARB2	66.54872517
SCARF1	9.07279719
SCARF2	8.319316492
SCARNA1	0.144264678
SCARNA10	0.253993267
SCARNA11	0
SCARNA12	0.354784246
SCARNA13	0.870834059
SCARNA14	0.088043885
SCARNA15	0
SCARNA16	0
SCARNA17	0
SCARNA18	0
SCARNA18B	0
SCARNA2	0
SCARNA20	0.822639044
SCARNA21	0
SCARNA21B	0
SCARNA22	0
SCARNA23	0
SCARNA3	0
SCARNA4	0
SCARNA4	0
SCARNA5	0.260303659
SCARNA6	0.451847861
SCARNA7	0.326562772
SCARNA8	0.274213015
SCARNA9	0.848014753
SCART1	0.322692097
SCCPDH	22.47929567
SCD	82.64539221
SCD5	9.348734341
SCDP1	0.055383757
SCEL	35.09326644
SCEL-AS1	0
SCFD1	7.095819903
SCFD2	4.654245765
SCG2	0.444785141
SCG3	0.148094329
SCG5	0.359873364
SCGB1A1	1235.355545
SCGB1B2P	0.933036491
SCGB1C1	0.027781829
SCGB1C2	0
SCGB1D1	0
SCGB1D2	0
SCGB1D4	0
SCGB1D5P	0
SCGB2A1	1.884578505
SCGB2A2	0
SCGB2B2	0.260303659
SCGB2B3P	0
SCGB3A1	343.0556073
SCGB3A2	66.66437238
SCGN	0.064636806
SCHIP1	0.659390537
SCHLAP1	0
SCIMP	5.981293103
SCIN	1.095098366
SCLT1	0.866423177
SCLY	0.116341293
SCMH1	8.872099295
SCML1	2.302434873
SCML2	0.239308432
SCML2P1	0
SCML2P2	0.243914169
SCML4	0.148076055
SCN10A	0.005597056
SCN11A	0.132128691
SCN1A	1.251145958
SCN1B	1.700950741
SCN2A	0.04046236
SCN2B	1.07284783
SCN3A	0.100118834
SCN3B	0.368176752
SCN4A	0.047913296
SCN4B	14.49212627
SCN5A	0.026298024
SCN7A	10.95276237
SCN8A	0.085384439
SCN9A	0.984351698
SCNM1	4.657561944
SCNN1A	37.33612105
SCNN1B	21.80863651
SCNN1D	0.618778983
SCNN1G	9.385924971
SCO1	3.16028489
SCO2	8.903494434
SCOC	8.188109245
SCOC-AS1	0.427286836
SCOCP1	0.240165553
SCP2	17.14706864
SCP2D1	0
SCPEP1	35.1014721
SCRG1	0.053257087
SCRIB	9.07909903
SCRN1	10.78766215
SCRN2	9.734997564
SCRN3	4.363101385
SCRT1	0.003168555
SCRT2	0
SCT	0.261726083
SCTR	5.581560824
SCUBE1	3.92126494
SCUBE2	3.67365868
SCUBE3	0.581118364
SCX	0.934904432
SCYL1	17.76241165
SCYL2	8.586954245
SCYL3	2.176294399
SDAD1	6.688409681
SDAD1P1	0.656417922
SDAD1P2	0
SDAD1P3	0
SDAD1P4	0
SDC1	71.55070574
SDC2	20.31298195
SDC3	15.65917859
SDC4	372.0774323
SDC4P	0.019923408
SDCBP	90.89489963
SDCBP2	2.893069613
SDCBP2-AS1	1.628790169
SDCBP2P1	0
SDCBPP1	0
SDCBPP2	0.013529908
SDCBPP3	0.053755189
SDCCAG3	6.772381691
SDCCAG3P1	0
SDCCAG3P2	0.035114277
SDCCAG8	7.019688296
SDE2	8.220618744
SDF2	10.5329235
SDF2L1	10.85174926
SDF4	27.80025387
SDHA	9.885701377
SDHAF1	7.096478978
SDHAF2	5.23260493
SDHAF3	2.937599693
SDHAF4	5.122197553
SDHAP1	2.674769538
SDHAP2	0
SDHAP3	6.226871838
SDHB	22.2602977
SDHC	4.232324249
SDHCP1	0
SDHCP2	0
SDHCP3	0
SDHCP4	0
SDHD	21.92920859
SDHDP1	0.025261537
SDHDP2	0.025750469
SDHDP6	0.523861113
SDK1	2.212732163
SDK2	0.854178147
SDR16C5	28.24965502
SDR16C6P	0.066154521
SDR39U1	2.271924286
SDR42E1	0.745922633
SDR42E1P1	0
SDR42E1P2	0
SDR42E1P3	0
SDR42E1P4	0
SDR42E1P5	0.013826753
SDR42E2	0.150243709
SDR9C7	0.006784118
SDS	0.991855658
SDSL	3.560850683
SEBOX	0.017978931
SEC11A	18.62547854
SEC11B	0.023995928
SEC11C	8.945305518
SEC13	14.678335
SEC13P1	0.012630768
SEC14L1	20.39878619
SEC14L1P1	0.488621357
SEC14L2	0.89429638
SEC14L3	0.961055605
SEC14L4	2.642121817
SEC14L5	0.158987382
SEC14L6	4.045450377
SEC16A	14.78530001
SEC16B	0.022724082
SEC1P	0.181837028
SEC22A	2.818903564
SEC22B	4.860365483
SEC22C	6.926967815
SEC23A	6.478927512
SEC23A-AS1	0
SEC23B	19.24313649
SEC23IP	7.086665366
SEC24A	5.209615706
SEC24AP1	0.098876699
SEC24B	9.207038668
SEC24B-AS1	0.370711093
SEC24C	11.05865927
SEC24D	4.886151583
SEC31A	21.17343264
SEC31B	1.058922367
SEC61A1	59.29115496
SEC61A2	1.220023839
SEC61B	51.24657192
SEC61G	15.04871695
SEC62	24.42822444
SEC62-AS1	0.242247914
SEC63	13.76720497
SEC63P1	0.437839859
SEC63P2	0
SECISBP2	6.319492699
SECISBP2L	15.63677204
SECTM1	13.5632184
SEH1L	3.674103814
SEL1L	16.44463395
SEL1L2	0.01541448
SEL1L3	12.77340537
SELE	1.809805897
SELENBP1	112.0440847
SELENOF	74.53126254
SELENOH	18.08302979
SELENOI	2.825475683
SELENOK	16.2104855
SELENOKP1	0.084027848
SELENOKP2	0
SELENOKP3	0
SELENOM	11.78611188
SELENON	41.32697153
SELENOO	7.925216432
SELENOOLP	0
SELENOP	48.9673834
SELENOS	16.72730941
SELENOT	24.40257096
SELENOTP1	0.295046447
SELENOTP2	0
SELENOV	0.00691737
SELENOW	48.62874108
SELENOWP1	0
SELL	3.673481653
SELP	11.90878051
SELPLG	51.89519784
SEM1	4.317506587
SEM1P1	0.229166858
SEMA3A	0.696383815
SEMA3B	17.19493403
SEMA3B-AS1	1.806723028
SEMA3C	8.048233643
SEMA3D	0.891141278
SEMA3E	1.969636162
SEMA3F	9.229830521
SEMA3F-AS1	1.173440773
SEMA3G	2.552025175
SEMA4A	8.252281033
SEMA4B	15.25544406
SEMA4C	6.549995981
SEMA4D	2.157174657
SEMA4F	1.684470248
SEMA4G	1.839518832
SEMA5A	12.09175802
SEMA5A-AS1	0.007131607
SEMA5B	0.296271067
SEMA6A	2.200036345
SEMA6A-AS1	0.279350268
SEMA6A-AS2	0.099369032
SEMA6B	11.35518663
SEMA6C	1.601613595
SEMA6D	2.924949501
SEMA7A	2.32032108
SEMG1	0
SEMG2	0
SENCR	1.531339552
SENP1	2.95101111
SENP2	6.041267033
SENP3	4.886867654
SENP3-EIF4A1	0.149717137
SENP5	4.559809679
SENP6	7.792416031
SENP7	3.716123685
SENP8	0.705476463
SEPHS1	11.1640008
SEPHS1P1	0.037496769
SEPHS1P4	0.020363892
SEPHS1P6	0.010156038
SEPHS1P7	0
SEPHS2	23.44100263
SEPHS2P1	0
SEPSECS	1.773423098
SEPSECS-AS1	0.439815181
SEPT1	1.405528649
SEPT10	25.29287035
SEPT10P1	0.298833977
SEPT11	18.51578996
SEPT12	0
SEPT14	0
SEPT14P1	0
SEPT14P12	0
SEPT14P17	0
SEPT14P19	0
SEPT14P2	0
SEPT14P24	0
SEPT14P3	0
SEPT14P4	0.321880868
SEPT14P8	0.13453897
SEPT2	57.53282413
SEPT2P1	0
SEPT3	0.549386053
SEPT4	4.438677717
SEPT4-AS1	0.17485795
SEPT5	2.998553781
SEPT6	5.178813193
SEPT7	17.28112881
SEPT7-AS1	0.529089194
SEPT7P1	0.010011679
SEPT7P2	2.1066301
SEPT7P3	0.019281753
SEPT7P4	0
SEPT7P5	0
SEPT7P6	0.031427738
SEPT7P7	0.009203665
SEPT7P8	0.015450282
SEPT7P9	0.228738597
SEPT8	7.004872393
SEPT9	16.51221789
SERAC1	1.183497149
SERBP1	27.49676125
SERBP1P1	0.030967159
SERBP1P2	0
SERBP1P3	0.207213296
SERBP1P4	0
SERBP1P5	0.223054448
SERBP1P6	0.115628449
SERF1A	0.007290087
SERF1AP1	0
SERF1B	0.208004038
SERF2	40.87479585
SERGEF	3.357634745
SERHL	0.543021525
SERHL2	0.509349946
SERINC1	109.5940638
SERINC2	13.54620534
SERINC3	45.36198414
SERINC4	0
SERINC5	10.66449123
SERP1	32.996648
SERP2	1.416743526
SERPINA1	413.705246
SERPINA10	0.076587882
SERPINA11	0.146024004
SERPINA12	0.015782911
SERPINA13P	0
SERPINA15P	0
SERPINA2	0.060474587
SERPINA3	0.198767874
SERPINA4	0
SERPINA5	0.031719121
SERPINA6	0.672404268
SERPINA7	0
SERPINA7P1	0
SERPINA9	0.210397725
SERPINB1	122.0191489
SERPINB10	0.159652911
SERPINB11	0.223539993
SERPINB12	0.018738605
SERPINB13	0.121455908
SERPINB2	0.209152285
SERPINB3	8.077764136
SERPINB4	0.148708002
SERPINB5	0.343503026
SERPINB6	39.86933917
SERPINB7	0.054489048
SERPINB8	7.354958523
SERPINB8P1	0
SERPINB9	7.719981994
SERPINB9P1	3.059102862
SERPINC1	0.115134311
SERPIND1	3.04860141
SERPINE1	161.9263382
SERPINE2	0.439041015
SERPINE3	0.123963629
SERPINE4P	0
SERPINF1	26.92484695
SERPINF2	4.951756058
SERPING1	182.0189409
SERPINH1	37.00380193
SERPINH1P1	0
SERPINI1	2.332398293
SERPINI2	0.650437784
SERTAD1	44.83724366
SERTAD2	8.460408272
SERTAD3	16.55193274
SERTAD4	3.298481117
SERTAD4-AS1	4.186118402
SERTM1	3.117637523
SERTM2	0.080531103
SESN1	9.78306647
SESN2	4.68486278
SESN3	5.499489935
SESTD1	7.787457931
SET	51.70939654
SETBP1	3.98702756
SETD1A	5.167383975
SETD1B	4.144945969
SETD2	8.869030721
SETD3	18.35562258
SETD4	2.104287373
SETD5	9.45908044
SETD6	2.018455469
SETD6P1	0
SETD7	6.798384851
SETD8P1	0.038231061
SETD9	1.276457706
SETDB1	5.012084012
SETDB2	2.825842176
SETMAR	3.413940501
SETP1	0.014170377
SETP10	0.014710035
SETP11	0
SETP12	0.133870453
SETP14	0.288033602
SETP15	0
SETP16	0
SETP17	0.16121622
SETP2	0
SETP20	0.126485581
SETP21	0.026847463
SETP22	0.037535951
SETP3	0
SETP4	0.013794894
SETP5	0.276977915
SETP6	0
SETP7	0
SETP8	0.019066829
SETP9	0.028783578
SETSIP	0.092208777
SETX	10.2922866
SEZ6	0.03979618
SEZ6L	0.036848133
SEZ6L2	5.681079853
SF1	45.68433822
SF3A1	24.43037648
SF3A2	14.10207946
SF3A3	17.04901099
SF3A3P1	0.016213904
SF3A3P2	0.023836699
SF3B1	35.85526673
SF3B2	22.99197508
SF3B3	10.25293332
SF3B4	29.41489319
SF3B5	73.69260436
SF3B6	32.2306816
SFI1	1.846158905
SFMBT1	2.375385538
SFMBT2	1.041842314
SFN	65.25812727
SFPQ	43.41813151
SFPQP1	0
SFR1	4.242432479
SFR1P1	0.017404024
SFR1P2	0
SFRP1	0.734383269
SFRP2	5.792525022
SFRP4	6.106524602
SFRP5	3.482624769
SFSWAP	4.715553138
SFT2D1	11.73093995
SFT2D2	5.862666596
SFT2D3	0
SFTA1P	59.6858625
SFTA2	179.4535684
SFTA3	45.46486486
SFTPA1	4546.741957
SFTPA2	4755.872909
SFTPA3P	0
SFTPB	3277.082843
SFTPC	7233.884403
SFTPD	687.9547861
SFTPD-AS1	0.074223759
SFXN1	1.987754643
SFXN2	1.359255551
SFXN3	18.5621072
SFXN4	4.762665124
SFXN5	1.098360762
SGCA	10.37223029
SGCB	11.40440716
SGCD	2.230977466
SGCE	19.99892468
SGCG	2.95662641
SGCZ	0
SGF29	6.657842076
SGIP1	1.405744108
SGK1	16.2089567
SGK2	0.172464564
SGK3	2.284362856
SGK494	0.580338159
SGMS1	10.39829912
SGMS1-AS1	0.537960895
SGMS2	37.84777696
SGO1	0.081327893
SGO1-AS1	0
SGO1P1	0
SGO1P2	0
SGO2	0.622360027
SGPL1	7.258598473
SGPP1	8.944322943
SGPP2	7.476551553
SGSH	6.45520502
SGSM1	0.678900492
SGSM2	6.936102815
SGSM3	12.03672495
SGTA	16.71819253
SGTB	2.110234846
SH2B1	6.876024067
SH2B2	2.330503898
SH2B3	17.75653941
SH2D1A	1.168072827
SH2D1B	0.522282493
SH2D2A	1.534879695
SH2D3A	4.099554929
SH2D3C	15.41529553
SH2D4A	7.952816461
SH2D4B	0.246999117
SH2D5	0.021657641
SH2D6	0.080695484
SH2D7	0.070655141
SH3BGR	2.178541391
SH3BGRL	87.75193352
SH3BGRL2	11.8967667
SH3BGRL3	106.6527927
SH3BP1	3.184648621
SH3BP2	5.650087708
SH3BP4	10.01889759
SH3BP5	7.548868694
SH3BP5-AS1	3.362652882
SH3BP5L	4.630107893
SH3D19	15.90636154
SH3D21	1.150828425
SH3GL1	18.13479433
SH3GL1P1	0.155179274
SH3GL1P2	0.055332571
SH3GL1P3	0
SH3GL2	1.397409426
SH3GL3	1.637830931
SH3GLB1	23.40500999
SH3GLB2	9.383767354
SH3KBP1	12.53952079
SH3PXD2A	10.46143488
SH3PXD2A-AS1	0.097217605
SH3PXD2B	4.938492632
SH3RF1	10.73271235
SH3RF2	1.21527831
SH3RF3	3.445894722
SH3RF3-AS1	1.873731948
SH3TC1	4.150704391
SH3TC2	0.081964427
SH3TC2-DT	0
SH3YL1	5.234656453
SHANK1	0.052218971
SHANK2	2.651084468
SHANK2-AS1	0.053170374
SHANK2-AS2	0.067269485
SHANK2-AS3	0
SHANK3	9.913257194
SHARPIN	15.97963287
SHB	7.241174509
SHBG	0.151799801
SHC1	28.66361736
SHC1P1	0.006861873
SHC1P2	0.024453305
SHC2	4.343032564
SHC3	2.760440472
SHC4	0.104671008
SHCBP1	0.459194568
SHCBP1L	0
SHD	0.004259683
SHE	5.915347451
SHF	1.458211097
SHH	1.54012137
SHISA2	1.440225558
SHISA3	3.110437226
SHISA4	5.911546781
SHISA5	37.90644126
SHISA6	0.102509638
SHISA7	0.005905294
SHISA8	0.051134384
SHISA9	0.05070218
SHISAL1	0.134798043
SHISAL2A	0.181423762
SHISAL2B	0.026648297
SHKBP1	15.73104423
SHMT1	3.662412775
SHMT1P1	0
SHMT2	6.595829999
SHOC2	12.72555178
SHOX	0
SHOX2	0.045095223
SHPK	0.817399608
SHPRH	0.716252002
SHQ1	2.964279776
SHQ1P1	0.007755161
SHROOM1	3.294195805
SHROOM2	2.701488637
SHROOM2P1	0.005022638
SHROOM3	8.791890096
SHROOM4	7.98071419
SHTN1	8.842181033
SI	0
SIAE	5.669943955
SIAH1	1.922956992
SIAH1P1	0
SIAH2	5.394462603
SIAH2-AS1	0.298670411
SIAH3	0.20361006
SIDT1	0.69674828
SIDT1-AS1	0
SIDT2	14.82176675
SIGIRR	9.922364468
SIGLEC1	12.2776449
SIGLEC10	1.126539151
SIGLEC11	2.509514316
SIGLEC12	5.336875469
SIGLEC14	4.692967405
SIGLEC15	0.279547898
SIGLEC16	3.372747248
SIGLEC17P	1.344445564
SIGLEC18P	0.210762918
SIGLEC20P	0
SIGLEC21P	0
SIGLEC22P	0.788608128
SIGLEC26P	0
SIGLEC27P	0
SIGLEC28P	0
SIGLEC29P	0
SIGLEC30P	0
SIGLEC31P	0
SIGLEC5	1.28169632
SIGLEC6	0.837665874
SIGLEC7	3.100454838
SIGLEC8	0.472010734
SIGLEC9	4.626413118
SIGLECL1	0.010186277
SIGMAR1	13.2989566
SIK1	0.67638462
SIK1B	3.258832822
SIK2	18.91192707
SIK3	4.469404287
SIKE1	4.367837098
SIL1	11.77992494
SIM1	0
SIM2	0.150222289
SIMC1	1.235031774
SIN3A	7.030728037
SIN3B	6.383296992
SINHCAF	6.834827768
SIPA1	10.05231482
SIPA1L1	5.967689972
SIPA1L2	6.942112236
SIPA1L3	5.811458638
SIRPA	27.32654251
SIRPAP1	0.108239262
SIRPB1	5.32351111
SIRPB2	4.524133436
SIRPB3P	0
SIRPD	0.378575235
SIRPG	0.272378405
SIRPG-AS1	0.004038438
SIRT1	6.277716629
SIRT2	8.980476229
SIRT3	4.22380466
SIRT4	0.480134572
SIRT5	2.075514347
SIRT6	5.22867579
SIRT7	2.890335327
SIT1	0.992567079
SIVA1	8.378769279
SIX1	1.356167681
SIX2	0.352974122
SIX3	0.018983699
SIX3-AS1	0.0104031
SIX4	0.814690244
SIX5	1.761075766
SIX6	0
SKA1	0.133946086
SKA2	7.432380581
SKA2P1	0.122809931
SKA3	0.164995626
SKAP1	1.433439559
SKAP1-AS1	0.104576142
SKAP2	12.44902248
SKI	35.47288111
SKIDA1	0.133807559
SKIL	16.21455641
SKINT1L	0.077443576
SKIV2L	7.993403819
SKOR1	0.232582104
SKOR2	0
SKP1	16.11530555
SKP1P1	0.734599283
SKP1P3	0
SKP2	1.887998651
SLA	16.0520476
SLA2	0.885995479
SLAIN1	3.734441119
SLAIN2	11.91156565
SLAMF1	0.398290817
SLAMF6	1.491295397
SLAMF6P1	0
SLAMF7	1.865590344
SLAMF8	5.019794457
SLAMF9	0.22787829
SLBP	15.09452865
SLC10A1	0.070125729
SLC10A2	0.072876759
SLC10A3	16.96178955
SLC10A4	0.220749136
SLC10A5	0.428973942
SLC10A5P1	0.018336858
SLC10A6	0.199300405
SLC10A7	1.684986418
SLC11A1	23.88445084
SLC11A2	7.770950621
SLC12A1	0.016315923
SLC12A2	4.635084505
SLC12A3	0.025187959
SLC12A4	13.1817547
SLC12A5	0.065476245
SLC12A5-AS1	0.048023937
SLC12A6	5.828617229
SLC12A7	13.20942518
SLC12A8	1.42332885
SLC12A9	5.284216955
SLC12A9-AS1	0.292048007
SLC13A1	0
SLC13A2	0.222702448
SLC13A3	0.850339615
SLC13A4	0.391413562
SLC13A5	0.025329036
SLC14A1	0.112678497
SLC14A2	0.059770224
SLC14A2-AS1	0.103298073
SLC15A1	0.017138313
SLC15A2	12.27862
SLC15A3	19.22997002
SLC15A4	5.701578431
SLC15A5	0
SLC16A1	2.420941634
SLC16A10	2.313383037
SLC16A11	3.050692562
SLC16A12	1.171393383
SLC16A12-AS1	0.156182195
SLC16A13	1.698272457
SLC16A14	2.275683422
SLC16A14P1	0.010719757
SLC16A1-AS1	0.161827467
SLC16A1P1	0
SLC16A2	4.920808893
SLC16A3	9.524596245
SLC16A4	8.28763452
SLC16A5	15.05177045
SLC16A6	2.08166009
SLC16A6P1	0.180909814
SLC16A7	0.842953349
SLC16A8	0.179364936
SLC16A9	0.700216254
SLC17A1	0.046864847
SLC17A2	0
SLC17A3	0.046643171
SLC17A4	0
SLC17A5	10.72806428
SLC17A6	0
SLC17A7	0.039826936
SLC17A8	0.056057904
SLC17A9	0.930417026
SLC18A1	0.009187188
SLC18A2	1.004361948
SLC18A3	0.004947921
SLC18B1	5.89879617
SLC19A1	5.476791064
SLC19A2	13.84948772
SLC19A3	3.770373206
SLC1A1	21.60585477
SLC1A2	0.319474136
SLC1A3	2.012544074
SLC1A4	3.019807542
SLC1A5	28.13091954
SLC1A6	0.00469813
SLC1A7	0.425189923
SLC20A1	10.21340635
SLC20A1P1	0
SLC20A1P2	0
SLC20A1P3	0
SLC20A2	12.5202885
SLC22A1	0.139834405
SLC22A10	0.067353572
SLC22A11	0
SLC22A12	0.003542594
SLC22A13	0.014059454
SLC22A14	0.013089881
SLC22A15	2.142733935
SLC22A16	0.02451798
SLC22A17	4.156461649
SLC22A18	2.110535798
SLC22A18AS	0.62490407
SLC22A2	0.001940361
SLC22A20P	0.180376123
SLC22A23	5.99774969
SLC22A24	0
SLC22A25	0.012765425
SLC22A3	14.53828589
SLC22A31	23.6267957
SLC22A4	6.753175577
SLC22A5	1.366126037
SLC22A6	0.004974644
SLC22A7	0.003394944
SLC22A8	0.009825082
SLC22A9	0.025347096
SLC23A1	1.525251036
SLC23A2	6.805165487
SLC23A3	0.169584111
SLC24A1	1.961389788
SLC24A2	0.006683767
SLC24A3	7.51683899
SLC24A4	0.800092387
SLC24A5	0.002506063
SLC25A1	25.13048024
SLC25A10	1.539575475
SLC25A11	18.43425844
SLC25A12	3.437680202
SLC25A13	6.067671271
SLC25A14	2.869136307
SLC25A14P1	0.053158572
SLC25A15	1.460081056
SLC25A15P1	0
SLC25A15P2	0.035425942
SLC25A15P3	0
SLC25A15P4	0
SLC25A15P5	0
SLC25A16	3.490300678
SLC25A17	4.247471836
SLC25A18	0.255087703
SLC25A18P1	0
SLC25A19	2.856275311
SLC25A1P1	0.051667609
SLC25A1P2	0
SLC25A1P3	0
SLC25A1P4	0.015390705
SLC25A1P5	0.015292424
SLC25A2	0.050701348
SLC25A20	10.60862177
SLC25A20P1	0
SLC25A21	0.123983742
SLC25A21-AS1	0.721923245
SLC25A22	3.591932821
SLC25A23	12.86111146
SLC25A24	9.320604223
SLC25A24P1	0.006362364
SLC25A24P2	0
SLC25A25	19.58626825
SLC25A25-AS1	1.007979181
SLC25A26	2.714099483
SLC25A27	1.95196077
SLC25A28	18.5784135
SLC25A29	5.891365965
SLC25A3	33.03070843
SLC25A30	2.691234855
SLC25A30-AS1	0.11956887
SLC25A31	0
SLC25A32	8.369325411
SLC25A33	3.585355326
SLC25A34	0.861975809
SLC25A34-AS1	0.430987905
SLC25A35	1.871220605
SLC25A36	7.517301155
SLC25A36P1	0.025750469
SLC25A37	5.884837252
SLC25A38	12.6920724
SLC25A38P1	0.025395479
SLC25A39	20.0018926
SLC25A39P1	0.044972651
SLC25A39P2	0
SLC25A3P1	0
SLC25A3P2	0.054427129
SLC25A4	11.07419034
SLC25A40	2.832653002
SLC25A41	0
SLC25A42	2.914663673
SLC25A43	6.899927162
SLC25A44	7.972794473
SLC25A45	1.69815413
SLC25A46	5.953012373
SLC25A47	0.026623609
SLC25A47P1	0.057845258
SLC25A48	0.007233569
SLC25A5	162.6144722
SLC25A51	2.127154532
SLC25A51P1	0
SLC25A51P2	0
SLC25A51P3	0
SLC25A52	0.009078065
SLC25A53	0.447821167
SLC25A5-AS1	0.457081335
SLC25A5P1	0.226678687
SLC25A5P2	0
SLC25A5P3	0.054119631
SLC25A5P4	0
SLC25A5P5	0.013348906
SLC25A5P6	0
SLC25A5P7	0.013363804
SLC25A5P8	0.040002121
SLC25A5P9	0
SLC25A6	177.4404878
SLC25A6P1	0
SLC25A6P2	0.013653328
SLC25A6P3	0.013622262
SLC25A6P4	0.021652746
SLC25A6P5	0
SLC25A6P6	0
SLC26A1	0.627566473
SLC26A10	0.061606011
SLC26A11	4.202977657
SLC26A2	13.41262543
SLC26A3	0.014161997
SLC26A4	0.301413685
SLC26A4-AS1	0.026190823
SLC26A5	0.241110407
SLC26A6	1.600787854
SLC26A7	0.135525546
SLC26A8	0.095220424
SLC26A9	14.96533281
SLC27A1	4.502757872
SLC27A2	3.965682579
SLC27A3	17.98503174
SLC27A4	7.642548902
SLC27A5	0.514768731
SLC27A6	1.923102267
SLC28A1	0.010427258
SLC28A2	0.01614364
SLC28A3	0.262514415
SLC29A1	31.89465665
SLC29A2	6.198289476
SLC29A3	5.295491944
SLC29A4	0.267874011
SLC29A4P1	0
SLC29A4P2	0
SLC2A1	2.760793179
SLC2A10	4.744086243
SLC2A11	0.798713521
SLC2A12	0.889739811
SLC2A13	1.417482834
SLC2A13P1	0
SLC2A14	0.045103737
SLC2A1-AS1	0.021356662
SLC2A2	0
SLC2A3	15.6814464
SLC2A3P1	0
SLC2A3P2	0.064724153
SLC2A3P4	0.040700096
SLC2A4	0.281148539
SLC2A4RG	20.47954116
SLC2A5	0.119864915
SLC2A6	2.739806307
SLC2A7	0.007780356
SLC2A8	4.337819984
SLC2A9	1.651082415
SLC2AXP1	0
SLC30A1	10.72932308
SLC30A10	0
SLC30A2	0.058192527
SLC30A3	0.042063121
SLC30A4	0.866195651
SLC30A5	8.245559433
SLC30A6	5.550963495
SLC30A7	4.231488322
SLC30A8	0.226931395
SLC30A9	9.204625601
SLC31A1	19.80947907
SLC31A1P1	0.04223622
SLC31A2	3.089130801
SLC32A1	0.004651891
SLC33A1	3.191565667
SLC34A1	0
SLC34A2	478.8975755
SLC34A3	0.161178036
SLC35A1	13.84752804
SLC35A2	8.870844924
SLC35A3	5.550503174
SLC35A4	24.46582637
SLC35A5	6.824643794
SLC35B1	6.77290858
SLC35B2	20.11707752
SLC35B3	9.155575204
SLC35B4	2.683152555
SLC35C1	7.367778056
SLC35C2	7.582374066
SLC35D1	2.767109845
SLC35D2	10.18575425
SLC35D3	0.020303465
SLC35E1	10.5681779
SLC35E1P1	0.138587596
SLC35E2	0.66399763
SLC35E2B	5.693875101
SLC35E3	1.085584122
SLC35E4	0.547715419
SLC35F1	0.091253723
SLC35F2	4.864323955
SLC35F3	0.101188465
SLC35F4	0.005648098
SLC35F5	5.379842039
SLC35F6	12.86388394
SLC35G1	0.715387182
SLC35G2	1.214993285
SLC35G3	0.005975034
SLC35G4	0
SLC35G5	0.099707533
SLC35G6	0.007055962
SLC36A1	1.603962803
SLC36A2	0.030896939
SLC36A3	0.007851782
SLC36A4	2.078290214
SLC37A1	6.180282731
SLC37A2	3.80588382
SLC37A3	3.382521647
SLC37A4	2.878320542
SLC38A1	6.467018928
SLC38A10	19.65710945
SLC38A11	0.02372364
SLC38A2	41.2686572
SLC38A3	0.084493728
SLC38A4	0.176215215
SLC38A5	7.051933501
SLC38A6	1.807610914
SLC38A7	2.012503613
SLC38A8	0.013165441
SLC38A9	1.142704444
SLC39A1	42.38247577
SLC39A10	4.113076289
SLC39A11	3.993467488
SLC39A12	0.06822774
SLC39A12-AS1	0
SLC39A13	13.78939326
SLC39A14	7.45483881
SLC39A2	0.030410078
SLC39A3	3.06714566
SLC39A4	3.537709293
SLC39A5	0.041246877
SLC39A6	12.31543128
SLC39A7	47.94216976
SLC39A8	75.56534875
SLC39A9	11.75079877
SLC3A1	0.032950838
SLC3A2	29.99504498
SLC40A1	46.86992813
SLC41A1	11.36368582
SLC41A2	2.312968057
SLC41A3	7.164036862
SLC43A1	3.461331155
SLC43A2	9.850355786
SLC43A3	12.23905505
SLC44A1	6.718879685
SLC44A2	65.00744526
SLC44A3	6.731966147
SLC44A3-AS1	0.609620788
SLC44A4	29.08369921
SLC44A5	0.347870487
SLC45A1	0.505825531
SLC45A2	0.029321012
SLC45A3	2.131508675
SLC45A4	3.971384702
SLC46A1	1.136595103
SLC46A2	9.729447468
SLC46A3	7.211017989
SLC47A1	4.721332144
SLC47A1P1	0.046736801
SLC47A2	0.09663642
SLC48A1	6.956629828
SLC49A3	6.770454847
SLC4A1	0.077003012
SLC4A10	0.025375297
SLC4A11	1.399554737
SLC4A1AP	6.075518391
SLC4A1APP1	0.099451564
SLC4A1APP2	0
SLC4A2	14.65430719
SLC4A3	0.658556497
SLC4A4	5.033907259
SLC4A5	0.244701658
SLC4A7	1.903930693
SLC4A8	0.76652044
SLC4A9	0.059293378
SLC50A1	13.50909245
SLC51A	0.628899148
SLC51B	3.260995624
SLC52A1	0.383507882
SLC52A2	9.629100281
SLC52A3	1.049677338
SLC5A1	1.716043292
SLC5A10	0.033410546
SLC5A11	0.080644589
SLC5A12	0.009523305
SLC5A2	0.238514588
SLC5A3	2.122911955
SLC5A4	0.737313319
SLC5A4-AS1	0.164026963
SLC5A4P1	0
SLC5A5	0.039344912
SLC5A6	2.870676668
SLC5A7	0.046338887
SLC5A8	0.524470129
SLC5A9	1.262085303
SLC6A1	0.576235016
SLC6A10P	0.002673358
SLC6A11	0.046466146
SLC6A12	0.669000123
SLC6A13	0.251162663
SLC6A14	26.44869459
SLC6A15	0.019090714
SLC6A16	1.270924116
SLC6A17	0.027033342
SLC6A18	0
SLC6A19	0
SLC6A1-AS1	0.102516852
SLC6A2	0.015342811
SLC6A20	3.001143462
SLC6A21P	0.162248893
SLC6A3	0.115418211
SLC6A4	6.461107343
SLC6A5	0
SLC6A6	14.3690521
SLC6A6P1	0
SLC6A7	0.008180803
SLC6A8	2.504558667
SLC6A9	3.226170953
SLC7A1	5.580691156
SLC7A10	0.034640217
SLC7A11	0.556178103
SLC7A11-AS1	0.017491595
SLC7A13	0
SLC7A14	0.002289697
SLC7A15P	0
SLC7A2	8.447668721
SLC7A3	0.01057304
SLC7A4	0.831865391
SLC7A5	3.184646576
SLC7A5P1	0.044595785
SLC7A5P2	0
SLC7A6	3.583669217
SLC7A6OS	0.830445261
SLC7A7	19.68202079
SLC7A8	7.283114756
SLC7A9	0.152152851
SLC8A1	1.403754153
SLC8A1-AS1	0.016954291
SLC8A2	0.017272223
SLC8A3	0.144640546
SLC8B1	6.811432916
SLC9A1	14.81813654
SLC9A2	0.136067822
SLC9A3	0.339900645
SLC9A3-AS1	1.525275368
SLC9A3P1	0
SLC9A3P2	0.011849548
SLC9A3P3	0.005371901
SLC9A3R1	14.56013857
SLC9A3R2	34.43106154
SLC9A4	0.010695818
SLC9A5	0.718128751
SLC9A6	4.85175985
SLC9A7	1.550302485
SLC9A7P1	0.542463076
SLC9A8	5.440518856
SLC9A9	2.065487559
SLC9A9-AS1	0
SLC9A9-AS2	0
SLC9B1	0.249373878
SLC9B1P1	0
SLC9B1P2	0
SLC9B1P3	0
SLC9B1P4	0.009296559
SLC9B2	1.131889821
SLC9C1	0.194400897
SLC9C2	0.143707105
SLCO1A2	0.816973879
SLCO1B1	0
SLCO1B3	0.016902835
SLCO1B7	0
SLCO1C1	0.128116533
SLCO2A1	15.09268502
SLCO2B1	29.71686521
SLCO3A1	6.615823718
SLCO4A1	3.606082778
SLCO4A1-AS1	0.327840071
SLCO4C1	5.499854209
SLCO5A1	0.028760532
SLCO6A1	0
SLF1	0.926586831
SLF2	3.829152059
SLFN11	14.99848621
SLFN12	1.866728205
SLFN12L	0.278753783
SLFN13	1.719918269
SLFN14	0.02901273
SLFN5	10.25094233
SLFNL1	0.38338924
SLFNL1-AS1	0.269414287
SLIRP	6.794806036
SLIT1	0.326215988
SLIT1-AS1	0
SLIT2	15.10431278
SLIT2-IT1	0.039846816
SLIT3	18.26659934
SLITRK1	0
SLITRK2	0.041095353
SLITRK3	0.056296253
SLITRK4	0.063134004
SLITRK5	0.05503838
SLITRK6	1.893983407
SLK	17.5870475
SLMAP	3.959441842
SLN	0.46257052
SLPI	1145.121217
SLTM	13.37584887
SLU7	10.27753832
SLURP1	0
SLX1A	0.004859565
SLX1A-SULT1A3	0.023371441
SLX1B	0.004863513
SLX1B-SULT1A4	0.002953618
SLX4	1.342210625
SLX4IP	1.163828404
SMAD1	3.923461058
SMAD1-AS1	0
SMAD1-AS2	0.010985292
SMAD2	2.642333379
SMAD3	8.938758519
SMAD4	5.804039655
SMAD5	6.044951308
SMAD5-AS1	0.039561569
SMAD6	1.334014453
SMAD7	25.82900422
SMAD9	2.27218759
SMAD9-IT1	0.190062989
SMAGP	5.620159379
SMAP1	3.142411293
SMAP2	20.23472033
SMARCA1	15.21240117
SMARCA2	22.15225398
SMARCA4	11.29558409
SMARCA5	21.82732326
SMARCA5-AS1	0.101366927
SMARCAD1	4.939048545
SMARCAL1	4.26096437
SMARCB1	21.57823954
SMARCC1	11.85023469
SMARCC2	10.86824826
SMARCD1	11.29087393
SMARCD2	24.13072081
SMARCD3	5.222198182
SMARCE1	5.956565797
SMARCE1P1	0
SMARCE1P2	0
SMARCE1P3	0.019454051
SMARCE1P4	0
SMARCE1P5	0.09774668
SMARCE1P6	0.088623121
SMARCE1P7	0
SMC1A	9.055856037
SMC1B	0.053492922
SMC2	3.0471787
SMC2-AS1	0.260884465
SMC3	12.33248712
SMC4	3.484443183
SMC4P1	0
SMC5	9.078349934
SMC5-AS1	0.619116073
SMC6	2.866731826
SMCHD1	4.945513691
SMCO1	0
SMCO2	0.01816072
SMCO3	1.843900062
SMCO4	14.49995671
SMCO4P1	0
SMCP	0
SMCR2	0
SMCR5	0
SMCR8	6.197421692
SMDT1	20.19872181
SMG1	4.057363587
SMG1P1	0.091767569
SMG1P2	0.382962739
SMG1P3	0.205547226
SMG1P4	0.007614606
SMG1P5	0.229932182
SMG1P6	0.032693429
SMG1P7	0.25540804
SMG5	16.42582832
SMG6	3.259542443
SMG6-IT1	0.032015958
SMG7	8.995233134
SMG7-AS1	0.222985517
SMG8	3.823244678
SMG9	3.803513586
SMILR	0
SMIM1	1.506159535
SMIM10	5.261997791
SMIM10L1	4.2725296
SMIM10L2A	1.543107961
SMIM10L2B	1.030400833
SMIM10L2B-AS1	0.011117891
SMIM11A	0.002850945
SMIM11B	0
SMIM11P1	0
SMIM12	5.068698733
SMIM12P1	0
SMIM13	2.809591539
SMIM14	17.27237356
SMIM15	13.05572868
SMIM15-AS1	0.105298716
SMIM17	0.244820913
SMIM18	0.050152747
SMIM19	6.530181926
SMIM2	0.014531515
SMIM20	8.779919688
SMIM21	0
SMIM22	7.284956881
SMIM23	0.051170805
SMIM24	0.039966516
SMIM25	22.71194559
SMIM26	16.60870103
SMIM27	1.98825044
SMIM28	0
SMIM29	7.187604124
SMIM2-AS1	0.155196
SMIM2-IT1	0.050100286
SMIM3	14.63370912
SMIM30	15.04956038
SMIM31	0.367852318
SMIM32	0
SMIM34A	0
SMIM34B	0
SMIM35	0.026432601
SMIM36	0
SMIM37	4.553727586
SMIM4	2.836701597
SMIM5	0.844753285
SMIM6	4.300043867
SMIM7	6.307218189
SMIM8	0.763684343
SMIM9	0.019549336
SMKR1	0.740419296
SMLR1	0.014300121
SMN1	1.059369492
SMN2	0.954244223
SMNDC1	5.638839422
SMO	2.34702
SMOC1	0.353545871
SMOC2	9.277449649
SMOX	2.837009463
SMPD1	18.16559846
SMPD2	7.841938528
SMPD3	1.169659198
SMPD4	6.759000686
SMPD4P1	0.021652746
SMPD4P2	0
SMPD5	0.151485848
SMPDL3A	6.030312689
SMPDL3B	2.744594982
SMPX	0.057567155
SMR3A	0.018005967
SMR3B	0
SMS	21.65292602
SMTN	7.785066876
SMTNL1	0.319499458
SMTNL2	1.182853549
SMU1	10.54825571
SMUG1	2.247673231
SMUG1P1	0
SMURF1	15.72108012
SMURF2	9.91150774
SMURF2P1	0.189062657
SMYD1	0
SMYD2	9.610523958
SMYD3	1.109548871
SMYD3-IT1	0.033168887
SMYD4	2.650280723
SMYD5	6.004697124
SNAI1	8.728355307
SNAI1P1	0
SNAI2	4.239687288
SNAI3	2.557949349
SNAI3-AS1	0.389861188
SNAP23	12.32101044
SNAP23P1	0.048674668
SNAP25	0.16764269
SNAP25-AS1	0.01540768
SNAP29	7.65869808
SNAP47	3.188205543
SNAP47-AS1	0.00701052
SNAP91	0.01800326
SNAPC1	2.398400278
SNAPC2	8.746983847
SNAPC3	3.747687267
SNAPC4	3.489419905
SNAPC5	6.557286748
SNAPC5P1	0
SNAPIN	18.17809696
SNCA	1.100745965
SNCA-AS1	0
SNCAIP	1.283217081
SNCB	0.113412462
SNCG	6.740758421
SND1	26.8290576
SND1-IT1	0.033783869
SNED1	3.765210457
SNF8	8.306798506
SNHG1	4.428072944
SNHG10	1.465195093
SNHG11	2.2219735
SNHG12	3.191167153
SNHG14	1.234294712
SNHG15	4.980671763
SNHG16	3.98834528
SNHG17	4.067602229
SNHG18	3.903354097
SNHG19	11.16870143
SNHG20	1.232727334
SNHG21	0.761876426
SNHG22	0.230890249
SNHG25	0.430718284
SNHG26	0.674589764
SNHG27	0.009994965
SNHG28	1.034137207
SNHG3	2.381320018
SNHG4	0.503578106
SNHG5	10.23401443
SNHG6	23.57345003
SNHG7	5.539166006
SNHG8	24.12955693
SNHG9	3.34662635
SNIP1	3.912116895
SNN	15.97975239
SNORA1	0
SNORA10	0
SNORA108	0
SNORA10B	0
SNORA11	0.467733137
SNORA11B	0
SNORA11C	0
SNORA11D	0
SNORA11E	0
SNORA11F	0.841919646
SNORA12	0.407277834
SNORA13	1.080358043
SNORA14A	0.088696062
SNORA14B	0.443480308
SNORA15	0
SNORA15B-1	0.088696062
SNORA15B-2	0
SNORA16A	0
SNORA16A	0
SNORA16B	0.532176369
SNORA17A	0
SNORA17B	0
SNORA17B	0
SNORA18	0
SNORA19	0.093546627
SNORA1B	0.090029837
SNORA20	0.181423762
SNORA20B	0
SNORA21	0
SNORA21B	0
SNORA22	0.446789862
SNORA22B	0.086767886
SNORA22C	0
SNORA23	0.065791035
SNORA24	0
SNORA24B	0
SNORA25	0
SNORA25B	0
SNORA26	0.588883687
SNORA27	0
SNORA28	0.285094483
SNORA29	0
SNORA2A	1.507833046
SNORA2B	0.087401229
SNORA2C	0.437006143
SNORA30	0.09282146
SNORA30B	0
SNORA31	2.026363867
SNORA32	0
SNORA33	3.407975595
SNORA35	0
SNORA35B	0
SNORA36A	0.090711881
SNORA36B	0
SNORA36C	0
SNORA37	0.185642919
SNORA38	0.090711881
SNORA38B	0
SNORA3A	0
SNORA3B	0.274213015
SNORA3C	0
SNORA4	0
SNORA40	0
SNORA40B	0.093546627
SNORA40C	0
SNORA41	0
SNORA41B	0
SNORA44	0
SNORA46	0.088696062
SNORA47	0.086767886
SNORA48	0
SNORA48B	0
SNORA49	0
SNORA50A	0
SNORA50A	0
SNORA50B	0
SNORA50B	0
SNORA50C	0
SNORA50D	0
SNORA50D	0
SNORA51	0
SNORA52	0
SNORA53	0.192352905
SNORA54	0.097349336
SNORA55	1.1530488
SNORA56	0
SNORA57	0
SNORA58	0.087401229
SNORA58B	0.088043885
SNORA59A	0.551432751
SNORA59B	0
SNORA5A	0.804221752
SNORA5B	0
SNORA5C	2.709438084
SNORA6	0
SNORA60	0.446789862
SNORA61	0
SNORA62	0
SNORA63	0
SNORA63C	0.09282146
SNORA63D	0
SNORA64	0
SNORA65	1.84214897
SNORA66	0.900298369
SNORA67	0
SNORA68	0
SNORA68B	0.270089511
SNORA69	0.090711881
SNORA70	0
SNORA70B	0.177392123
SNORA70C	0
SNORA70D	0
SNORA70E	0
SNORA70F	0.266088185
SNORA70G	0.337294882
SNORA70H	0
SNORA70I	0
SNORA70J	0
SNORA71A	0.714863779
SNORA71B	0.528263308
SNORA71C	0.714863779
SNORA71D	0
SNORA71E	0
SNORA72	0
SNORA73A	0
SNORA73B	1.056526615
SNORA74A	0.120949175
SNORA74B	0.059571982
SNORA74C-1	0.059571982
SNORA74C-2	0
SNORA74D	0
SNORA75	0.699209828
SNORA75B	0.087401229
SNORA77	1.245292704
SNORA77B	0
SNORA78	0
SNORA79	0
SNORA79B	0.080905191
SNORA7A	0
SNORA7B	0.344574627
SNORA8	0
SNORA80A	0
SNORA80B	0.528263308
SNORA80C	0
SNORA80D	0.620872431
SNORA80E	0.262203686
SNORA81	0
SNORA84	0
SNORA9	0
SNORA9B	0.630208858
SNORC	0.084186905
SNORD10	0
SNORD100	3.308596505
SNORD101	2.624431409
SNORD102	0
SNORD104	4.960644012
SNORD105	0
SNORD105B	0
SNORD107	0
SNORD108	0
SNORD109A	0
SNORD109B	0
SNORD11	0.570188967
SNORD110	0
SNORD111	0.127382642
SNORD111B	0
SNORD112	0
SNORD113-1	0
SNORD113-2	0
SNORD113-3	0
SNORD113-4	0
SNORD113-5	0
SNORD113-6	0
SNORD113-7	0
SNORD113-8	0
SNORD113-9	0
SNORD114-1	0
SNORD114-10	0
SNORD114-11	0
SNORD114-12	0
SNORD114-13	0
SNORD114-14	0
SNORD114-15	0
SNORD114-16	0
SNORD114-17	0
SNORD114-18	0
SNORD114-19	0
SNORD114-2	0
SNORD114-20	0
SNORD114-21	0
SNORD114-22	0
SNORD114-23	0
SNORD114-24	0
SNORD114-25	0
SNORD114-26	0
SNORD114-27	0
SNORD114-28	0
SNORD114-29	0
SNORD114-3	0.159652911
SNORD114-30	0
SNORD114-31	0
SNORD114-4	0
SNORD114-5	0
SNORD114-6	0
SNORD114-7	0
SNORD114-9	0
SNORD115-1	0
SNORD115-10	0
SNORD115-11	0
SNORD115-12	0
SNORD115-13	0
SNORD115-14	0
SNORD115-15	0
SNORD115-16	0
SNORD115-17	0
SNORD115-18	0
SNORD115-19	0
SNORD115-2	0
SNORD115-20	0
SNORD115-21	0
SNORD115-22	0
SNORD115-23	0
SNORD115-24	0
SNORD115-25	0
SNORD115-26	0
SNORD115-27	0
SNORD115-28	0
SNORD115-29	0
SNORD115-3	0
SNORD115-30	0
SNORD115-31	0
SNORD115-32	0
SNORD115-33	0
SNORD115-34	0
SNORD115-35	0
SNORD115-36	0
SNORD115-37	0
SNORD115-38	0
SNORD115-39	0
SNORD115-4	0
SNORD115-40	0
SNORD115-41	0
SNORD115-42	0
SNORD115-43	0
SNORD115-44	0
SNORD115-45	0
SNORD115-46	0
SNORD115-47	0
SNORD115-48	0
SNORD115-5	0
SNORD115-6	0
SNORD115-7	0
SNORD115-8	0
SNORD115-9	0
SNORD116-1	0.378125315
SNORD116-10	0
SNORD116-11	0
SNORD116-12	0.130151829
SNORD116-13	0.130151829
SNORD116-14	0
SNORD116-15	0.130151829
SNORD116-16	0.130151829
SNORD116-17	0
SNORD116-18	0
SNORD116-19	0.260303659
SNORD116-2	0.252083543
SNORD116-20	0
SNORD116-21	0
SNORD116-22	0
SNORD116-23	0
SNORD116-24	1.171366465
SNORD116-25	0
SNORD116-26	0.124728837
SNORD116-27	0
SNORD116-28	0
SNORD116-29	0.144264678
SNORD116-3	0.126041772
SNORD116-30	0
SNORD116-4	1.122559529
SNORD116-5	0
SNORD116-6	0.124728837
SNORD116-7	0
SNORD116-8	0
SNORD116-9	0
SNORD117	1.73307436
SNORD118	0
SNORD11B	0
SNORD12	0
SNORD121A	0.146024004
SNORD121B	0.147826769
SNORD123	0.51317007
SNORD124	0.460537243
SNORD125	0
SNORD126	0
SNORD127	0.13923219
SNORD12B	1.973731039
SNORD12C	0.538155879
SNORD13	0
SNORD13E	0.345402932
SNORD13P1	0.115134311
SNORD13P3	0.575671553
SNORD14A	4.736954494
SNORD14B	0
SNORD14C	0
SNORD14D	0
SNORD14E	0.563480861
SNORD15A	0
SNORD15B	1.06617526
SNORD16	0
SNORD17	0.606276876
SNORD18A	0
SNORD18B	0
SNORD18C	0
SNORD19	1.056526615
SNORD19B	0
SNORD1A	0
SNORD1B	0.427641725
SNORD1C	0
SNORD2	0
SNORD20	0
SNORD21	0
SNORD22	0
SNORD23	0
SNORD24	0
SNORD25	0
SNORD26	0
SNORD27	0
SNORD28	0
SNORD28B	0
SNORD30	0
SNORD31B	0
SNORD32A	0
SNORD32B	0
SNORD33	0
SNORD34	0
SNORD35A	0
SNORD35B	0
SNORD36A	0
SNORD36B	0
SNORD36C	0.725695049
SNORD37	0.181423762
SNORD38A	0
SNORD38B	0
SNORD38B	0
SNORD38C	0
SNORD3A	0.034260281
SNORD3B-1	0.015796792
SNORD3B-2	0.01513776
SNORD3C	0
SNORD3D	0
SNORD3D	0
SNORD3E	0
SNORD3E	0
SNORD3G	0
SNORD3H	0
SNORD3J	0
SNORD41	0.17105669
SNORD42A	0
SNORD42B	0
SNORD43	0
SNORD45A	0
SNORD45B	0
SNORD45C	0
SNORD46	1.266477417
SNORD48	0
SNORD49A	0
SNORD49B	0
SNORD4A	0
SNORD4B	0
SNORD5	0
SNORD50B	0
SNORD51	0.299349208
SNORD52	0
SNORD53	0.153512414
SNORD53B	0.614049657
SNORD54	0
SNORD55	0
SNORD56	0
SNORD56B	0
SNORD57	0
SNORD58A	0
SNORD58B	0
SNORD58C	0
SNORD59A	0.638611643
SNORD6	1.640269631
SNORD60	0.432794035
SNORD61	0
SNORD62A	0.13923219
SNORD62B	2.923875982
SNORD63	1.056526615
SNORD63B	4.618530632
SNORD64	0
SNORD65	0
SNORD65B	0
SNORD65C	0
SNORD66	0.472656644
SNORD67	0.107873588
SNORD68	0
SNORD69	1.244048655
SNORD7	0.987543778
SNORD70	0.136067822
SNORD71	0.278464379
SNORD72	0.299349208
SNORD73A	0
SNORD73B	0.665220461
SNORD74B	0
SNORD77B	0
SNORD8	0
SNORD82	0
SNORD83A	1.638543031
SNORD83B	0
SNORD84	0
SNORD86	0
SNORD87	0
SNORD88A	0
SNORD88B	0
SNORD88C	0
SNORD89	1.995661384
SNORD9	0.460537243
SNORD90	0
SNORD91A	0.125381867
SNORD91B	0.539367942
SNORD92	0.140870215
SNORD93	0.161810383
SNORD94	2.010228256
SNORD95	0
SNORD96A	0
SNORD96B	0.151569219
SNORD97	0
SNORD99	2.912586885
SNPH	0.668084705
SNRK	11.42338188
SNRK-AS1	0.239479366
SNRNP200	21.64103534
SNRNP25	3.787843569
SNRNP27	10.07392323
SNRNP35	3.962591457
SNRNP40	8.111198834
SNRNP48	1.881447727
SNRNP70	31.65279154
SNRPA	12.98321002
SNRPA1	5.162937547
SNRPB	79.1237577
SNRPB2	15.65755963
SNRPBP1	0
SNRPC	34.21535658
SNRPCP1	0
SNRPCP10	0.057018897
SNRPCP11	0
SNRPCP13	0.063020886
SNRPCP14	0
SNRPCP15	0
SNRPCP16	0
SNRPCP17	0
SNRPCP18	0
SNRPCP19	0
SNRPCP2	0.025208354
SNRPCP20	0
SNRPCP3	0.930749637
SNRPCP4	0.056084161
SNRPCP5	0.06335433
SNRPCP6	0
SNRPCP8	0
SNRPCP9	0.057845258
SNRPD1	5.973568625
SNRPD2	42.00569354
SNRPD2P1	0.033824769
SNRPD2P2	0
SNRPD3	25.60941885
SNRPE	16.27127443
SNRPEP10	0
SNRPEP2	0.686679186
SNRPEP3	0
SNRPEP4	0.729596635
SNRPEP5	0
SNRPEP6	0
SNRPEP7	0
SNRPEP8	0
SNRPEP9	0
SNRPF	8.192508055
SNRPFP1	0
SNRPFP2	0.047705053
SNRPFP3	0
SNRPFP4	0.049479208
SNRPG	13.14801757
SNRPGP1	0
SNRPGP10	0.372523458
SNRPGP11	0
SNRPGP12	0
SNRPGP13	0
SNRPGP14	0.492080889
SNRPGP15	5.82517377
SNRPGP16	0
SNRPGP17	0
SNRPGP18	0
SNRPGP19	0
SNRPGP2	3.178929639
SNRPGP20	0
SNRPGP3	0
SNRPGP4	0.679744926
SNRPGP5	0.054427129
SNRPGP6	0
SNRPGP7	0
SNRPGP8	0
SNRPGP9	0.106435274
SNRPN	16.08835344
SNTA1	5.905180783
SNTB1	9.838992187
SNTB2	6.027604703
SNTG1	0.004696595
SNTG2	0.144684334
SNTN	6.513468031
SNU13	32.73028243
SNUPN	3.562221515
SNURF	0.214002838
SNURFL	0.034909529
SNW1	28.0492177
SNX1	20.57000424
SNX10	13.66897576
SNX11	7.424790108
SNX12	18.87688028
SNX13	2.90706771
SNX14	11.69421057
SNX15	0.172970854
SNX16	1.579213173
SNX17	35.28583754
SNX18	12.33583675
SNX18P10	0
SNX18P12	0.063103917
SNX18P13	0.045270202
SNX18P14	0
SNX18P1Y	0.023432423
SNX18P2	0.029638535
SNX18P23	0
SNX18P24	0
SNX18P25	0
SNX18P26	0.016181038
SNX18P27	0
SNX18P3	0.202428767
SNX18P4	0
SNX18P5	0.013794894
SNX18P7	0.075426572
SNX18P8	0
SNX18P9	0
SNX19	11.90933943
SNX19P1	0
SNX19P2	0.028211975
SNX19P3	0
SNX2	30.8046801
SNX20	2.848863853
SNX21	5.642430712
SNX22	3.407192993
SNX24	6.756016483
SNX25	22.08380448
SNX25P1	0.244073694
SNX27	6.366231977
SNX29	4.285955729
SNX29P1	0.030047599
SNX29P2	0.022667238
SNX2P2	0
SNX3	85.06587907
SNX30	12.90991936
SNX31	0.095061673
SNX32	0.123785351
SNX33	9.956874993
SNX33P1	0
SNX3P1X	0
SNX3P1Y	0
SNX4	16.28353608
SNX5	13.48407647
SNX5P1	0.034507113
SNX6	12.46984519
SNX6P1	0.009782654
SNX7	8.347599578
SNX8	6.110395051
SNX9	10.72141803
SOAT1	10.11419992
SOAT2	0.023432423
SOBP	1.788117225
SOCS1	4.046712554
SOCS2	21.8839468
SOCS2-AS1	1.10137916
SOCS2P1	0
SOCS2P2	0
SOCS3	129.5325847
SOCS4	4.422020668
SOCS5	8.118226823
SOCS5P1	0
SOCS5P2	0.026432601
SOCS5P3	0
SOCS5P4	0.06881591
SOCS5P5	0.007549791
SOCS6	6.755367146
SOCS7	2.666746218
SOD1	52.16593621
SOD1P1	0
SOD1P2	0
SOD1P3	0.079123139
SOD2	26.37741915
SOD2P1	0
SOD3	34.63897974
SOGA1	3.726430644
SOGA3	0.027685476
SOHLH1	0
SOHLH2	0.021136749
SON	26.38418282
SORBS1	5.74847873
SORBS2	3.078304703
SORBS3	22.51624514
SORCS1	0.038455137
SORCS2	4.141700292
SORCS3	0.002077371
SORCS3-AS1	0
SORD	1.730286052
SORD2P	0.879444
SORL1	4.879104264
SORT1	31.66910996
SOS1	6.145335779
SOS1-IT1	0.477430953
SOS2	7.669690855
SOST	0.031236439
SOSTDC1	1.128157952
SOWAHA	0.104413302
SOWAHB	1.491168103
SOWAHC	7.790664369
SOWAHD	1.890220512
SOX1	0.008426438
SOX10	0
SOX11	0.020599785
SOX12	2.385361431
SOX13	6.007962803
SOX14	0
SOX15	1.010133601
SOX17	3.149429751
SOX18	6.565126399
SOX1-OT	0.043941168
SOX2	3.640315076
SOX21	0.512923768
SOX21-AS1	0.320568668
SOX2-OT	0.070589336
SOX3	0
SOX30	0.04829604
SOX4	9.776046248
SOX5	0.796467672
SOX5-AS1	0
SOX5P1	0
SOX6	0.322582462
SOX7	20.79062159
SOX8	0.140488798
SOX9	4.22968639
SOX9-AS1	0.097358434
SP1	14.57082176
SP100	7.051716475
SP110	1.636064424
SP140	0.866621855
SP140L	3.450198301
SP2	11.56781611
SP2-AS1	0.667060265
SP3	6.861763975
SP3P	0
SP4	2.222310127
SP5	0.36038157
SP6	0.658200957
SP7	0.021043881
SP8	0.054749183
SP9	0
SPA17	3.818787202
SPA17P1	0.238419723
SPAAR	3.208904658
SPACA1	0
SPACA3	0.038939734
SPACA4	0.406523615
SPACA5	0
SPACA5B	0
SPACA6	1.408122918
SPACA6P-AS	0.021155421
SPACA7	0
SPACA9	6.061211728
SPAG1	4.690100345
SPAG11A	0
SPAG11B	0
SPAG16	1.799648137
SPAG17	1.412757776
SPAG4	0.780446148
SPAG5	0.805266874
SPAG5-AS1	0.334084644
SPAG6	8.613124616
SPAG7	17.69660311
SPAG8	3.176048904
SPAG9	13.57343344
SPAM1	0
SPANXA1	0
SPANXA2	0
SPANXA2-OT1	0
SPANXB1	0
SPANXC	0
SPANXD	0
SPANXN1	0
SPANXN2	0
SPANXN3	0
SPANXN4	0
SPANXN5	0
SPARC	449.6744359
SPARCL1	286.4109853
SPART	12.21206036
SPART-AS1	0.337294882
SPAST	3.923180101
SPATA1	0.279295165
SPATA12	0.243151449
SPATA13	6.967963663
SPATA13-AS1	0
SPATA16	0.005685645
SPATA17	1.073338065
SPATA17-AS1	0.057018897
SPATA18	7.791197754
SPATA19	0
SPATA2	3.334203353
SPATA20	7.827838752
SPATA20P1	0.847472643
SPATA21	0.007972016
SPATA22	0.008373404
SPATA24	1.979086124
SPATA25	0.39544149
SPATA2L	9.142091031
SPATA2P1	0
SPATA3	0
SPATA31A1	0
SPATA31A3	0
SPATA31A5	0
SPATA31A6	0
SPATA31A7	0
SPATA31B1P	0
SPATA31C1	0.010284705
SPATA31C2	0.003170233
SPATA31D1	0
SPATA31D2P	0.003703671
SPATA31D3	0
SPATA31D4	0
SPATA31D5P	0
SPATA31E1	0.016043727
SPATA31E2P	0
SPATA31E3P	0
SPATA32	0.319962154
SPATA33	1.35660518
SPATA3-AS1	0
SPATA4	0.84556432
SPATA41	0.24600126
SPATA42	0.05908208
SPATA45	0.118319845
SPATA46	0.083509436
SPATA48	0
SPATA5	1.14991911
SPATA5L1	2.003864338
SPATA6	3.614973088
SPATA6L	0.858885378
SPATA7	1.339927478
SPATA8	0.008030831
SPATA8-AS1	0
SPATA9	0.07667429
SPATC1	0.262508523
SPATC1L	0.903308368
SPATS1	0.183158215
SPATS2	2.571602257
SPATS2L	8.721481945
SPC24	0.278366294
SPC25	1.183738312
SPCS1	11.17330476
SPCS2	10.92996034
SPCS2P1	0
SPCS2P2	0
SPCS2P3	0.073012002
SPCS2P4	0.984643502
SPCS3	19.21163704
SPDEF	1.420110139
SPDL1	1.163056582
SPDYA	0.182205088
SPDYC	0.012082713
SPDYE1	0.162726636
SPDYE10P	0
SPDYE11	0
SPDYE12P	0.403791408
SPDYE13P	0
SPDYE14P	0
SPDYE15P	0
SPDYE16	0
SPDYE17	0
SPDYE18	0.154051054
SPDYE19P	0.033587569
SPDYE2	0.138694614
SPDYE20P	0
SPDYE21P	0.086872805
SPDYE22P	0
SPDYE2B	0
SPDYE3	1.25797682
SPDYE4	0.045057265
SPDYE5	0.169256093
SPDYE6	0.304482931
SPDYE7P	0.028464267
SPDYE8P	0
SPDYE9P	0
SPECC1	1.5444633
SPECC1L	7.610434525
SPECC1L-ADORA2A	0.01351028
SPEF1	4.099140319
SPEF2	1.208094337
SPEG	0.407155036
SPEM1	0
SPEM2	0.007252555
SPEN	8.420688257
SPERT	0.011269617
SPESP1	0.309151575
SPG11	7.342175116
SPG21	27.80701676
SPG7	5.007898351
SPHAR	0
SPHK1	3.061279488
SPHK2	2.072379271
SPHKAP	0.227213266
SPI1	66.55998525
SPIB	0.123068116
SPIC	0
SPICE1	1.972289453
SPIDR	10.89940194
SPIN1	19.5472474
SPIN2A	0.037302082
SPIN2B	0.810146705
SPIN3	0.905322536
SPIN4	1.369866182
SPIN4-AS1	0.056215814
SPINDOC	4.632607617
SPINK1	0.024271557
SPINK13	0.163188665
SPINK14	0.325822267
SPINK2	0.108572251
SPINK4	0.05492646
SPINK5	4.157134397
SPINK6	0.081677819
SPINK7	0.077501413
SPINK8	0.107873588
SPINK9	0.085426647
SPINT1	45.48214839
SPINT1-AS1	6.1077869
SPINT2	50.39476832
SPINT3	0.025155396
SPINT4	0
SPINT5P	0
SPIRE1	4.907424052
SPIRE2	1.486423652
SPN	19.11747365
SPNS1	0.950465311
SPNS2	12.20989422
SPNS3	0.557655007
SPO11	0
SPOCD1	1.894540363
SPOCK1	0.21139659
SPOCK2	99.60139689
SPOCK3	0.344632287
SPON1	26.89566381
SPON1-AS1	0.449023811
SPON2	5.619580668
SPOP	11.24014047
SPOPL	5.787047762
SPOUT1	4.053890859
SPP1	22.35897399
SPP2	0
SPPL2A	9.822947231
SPPL2B	4.950807653
SPPL2C	0
SPPL3	8.650258878
SPR	14.22313262
SPRED1	12.53062736
SPRED2	17.58923439
SPRED3	0.147020075
SPRN	0.662243132
SPRR1A	0.266088185
SPRR1B	0.347631338
SPRR2A	0.405324738
SPRR2B	0
SPRR2C	0
SPRR2D	0.056641288
SPRR2E	0.048939925
SPRR2F	0.035165839
SPRR2G	0
SPRR3	0.216046618
SPRR4	0
SPRTN	2.084192248
SPRY1	17.68449066
SPRY2	11.16598164
SPRY3	0.379704506
SPRY4	32.59221289
SPRY4-AS1	0.23802477
SPRY4-IT1	2.384574058
SPRYD3	20.5508953
SPRYD4	1.031989661
SPRYD7	6.557002404
SPRYD7P1	0
SPSB1	30.84449197
SPSB2	5.982100805
SPSB3	0.577691453
SPSB4	0.278538835
SPTA1	0.005972054
SPTAN1	31.82590391
SPTB	0.149147723
SPTBN1	64.34713761
SPTBN2	0.930449545
SPTBN4	0.127526028
SPTBN5	0.289207534
SPTLC1	15.51247562
SPTLC1P1	0
SPTLC1P2	0
SPTLC1P3	0
SPTLC1P4	0.046053724
SPTLC1P5	0.190062989
SPTLC2	10.6486204
SPTLC3	3.961809466
SPTSSA	36.71097089
SPTSSB	0.057551784
SPTY2D1	6.247201116
SPTY2D1OS	0.22219735
SPX	0.392121618
SPZ1	0
SQLE	11.10616851
SQOR	18.75585644
SQSTM1	30.55442579
SQSTM1P1	0
SRA1	8.718740674
SRARP	0.011820304
SRBD1	4.307780471
SRC	9.417374269
SRCAP	11.80285555
SRCIN1	0.469386131
SRD5A1	1.157819878
SRD5A1P1	0
SRD5A2	1.558573758
SRD5A3	4.19359795
SRD5A3-AS1	0.232594567
SRD5A3P1	0
SREBF1	12.12457488
SREBF2	30.17655503
SREK1	3.861342192
SREK1IP1	4.041631335
SRF	26.38718384
SRFBP1	4.253048852
SRGAP1	0.585641706
SRGAP2	3.55514185
SRGAP2-AS1	0.004520184
SRGAP2B	0.544873523
SRGAP2C	1.716416193
SRGAP2D	0.480835162
SRGAP3	0.6245142
SRGAP3-AS1	0
SRGAP3-AS2	17.36599851
SRGAP3-AS3	0.02111811
SRGAP3-AS4	0.095283567
SRGN	228.6831652
SRGNP1	0
SRI	20.4125497
SRIP1	0
SRIP2	0
SRIP3	0.109351309
SRL	0.39899228
SRM	14.05584899
SRMP1	0
SRMP2	0.026144036
SRMS	0.221155087
SRP14	84.60011722
SRP14-AS1	1.672833807
SRP14P1	0
SRP14P2	0.377403012
SRP14P3	0
SRP19	5.881486635
SRP54	13.63062803
SRP54-AS1	0.492895785
SRP68	12.4675948
SRP68P1	0.178051573
SRP68P2	0.18856643
SRP68P3	0
SRP72	20.91939193
SRP72P1	0
SRP72P2	0.024202058
SRP9	47.88894384
SRP9P1	0.504650005
SRPK1	4.560915303
SRPK2	6.112558809
SRPK2P	0
SRPK3	0.179205681
SRPRA	44.44477269
SRPRB	8.212767256
SRPX	14.70381614
SRPX2	3.392961458
SRR	2.242123854
SRRD	3.091218954
SRRM1	10.59889702
SRRM1P2	0
SRRM1P3	0.013413706
SRRM2	54.25382835
SRRM2-AS1	0.200315619
SRRM3	0.151569219
SRRM4	0.028461045
SRRM5	0.270723524
SRRT	17.26412388
SRSF1	40.86564812
SRSF10	9.117086892
SRSF10P1	0.109709134
SRSF11	15.63695967
SRSF12	0.129007134
SRSF1P1	0
SRSF2	39.30335039
SRSF3	35.64434032
SRSF4	31.76823898
SRSF5	50.72340167
SRSF6	40.41377241
SRSF7	37.39607951
SRSF8	12.58931375
SRSF9	14.72759723
SRSF9P1	0.203331537
SRXN1	0.408304331
SRY	0.12753339
SS18	12.96205456
SS18L1	3.039328822
SS18L2	6.368936255
SS18L2P1	0
SS18L2P2	0
SSB	16.14015051
SSBP1	8.536373555
SSBP2	2.363171519
SSBP3	11.03016212
SSBP3-AS1	0.246415506
SSBP4	14.22462341
SSC4D	0.38653108
SSC5D	5.494208044
SSFA2	27.04202402
SSH1	9.616570129
SSH2	3.862478514
SSH3	9.800171807
SSMEM1	0.041325171
SSNA1	30.79020421
SSPN	3.286214436
SSPO	0.12458726
SSR1	11.78300097
SSR1P1	0
SSR1P2	0
SSR2	29.74498637
SSR3	31.77617394
SSR4	20.32444163
SSR4P1	0.595064434
SSRP1	20.27602066
SSSCA1	6.953011476
SSSCA1-AS1	0.499429162
SST	0
SSTR1	1.580731089
SSTR2	0.155545691
SSTR3	0.010594088
SSTR4	0.016782016
SSTR5	0
SSTR5-AS1	0.002977118
SSU72	15.95606925
SSU72P1	0
SSU72P6	0
SSU72P8	0
SSUH2	0.167814813
SSX1	0
SSX2	0
SSX2B	0
SSX2IP	1.404054855
SSX3	0
SSX4	0
SSX4B	0
SSX5	0
SSX6	0.012813235
SSX7	0
SSX8	0
SSX9	0
SSXP1	0
SSXP10	0.211928643
SSXP3	0
SSXP4	0
SSXP5	0
SSXP9	0
ST13	47.54072538
ST13P10	0.044266057
ST13P11	0.133044092
ST13P12	0
ST13P13	0.010965172
ST13P14	0
ST13P15	0.1514323
ST13P16	0.030663171
ST13P18	0.046636683
ST13P19	0.042611987
ST13P2	0.075579602
ST13P20	0.078702139
ST13P21	0.010905253
ST13P3	0.075511512
ST13P4	0.131461683
ST13P5	0.204959818
ST13P6	0.184716389
ST14	22.48353405
ST18	0.017466889
ST20	1.179591673
ST20-AS1	1.315633742
ST20-MTHFS	0.02755804
ST3GAL1	11.54049666
ST3GAL1P1	0.070851883
ST3GAL2	4.578715713
ST3GAL3	3.638275312
ST3GAL4	6.913525261
ST3GAL5	9.065172257
ST3GAL5-AS1	0.51994243
ST3GAL6	3.115364527
ST3GAL6-AS1	1.150523645
ST5	4.61602479
ST6GAL1	14.41037187
ST6GAL2	0.466034054
ST6GAL2-IT1	0.030860743
ST6GALNAC1	4.757638219
ST6GALNAC2	5.145732873
ST6GALNAC2P1	0
ST6GALNAC3	0.797492431
ST6GALNAC4	17.14599416
ST6GALNAC4P1	0.359938927
ST6GALNAC5	7.727043586
ST6GALNAC6	26.75246697
ST7	7.690193231
ST7-AS1	1.65442336
ST7-AS2	0.020889687
ST7L	1.141151214
ST7-OT4	0.022473664
ST8SIA1	0.544008227
ST8SIA2	0.040569095
ST8SIA3	0.007937665
ST8SIA4	2.32443085
ST8SIA5	0.009100489
ST8SIA6	1.321831294
ST8SIA6-AS1	0.035531063
STAB1	7.690119426
STAB2	1.04939817
STAC	8.016239473
STAC2	0.078354343
STAC3	5.798462705
STAG1	4.288408226
STAG2	13.2712579
STAG3	0.521759775
STAG3L1	0.125801004
STAG3L2	1.200063639
STAG3L3	0.423886364
STAG3L4	2.853452663
STAG3L5P	1.870398758
STAG3L5P-PVRIG2P-PILRB	0.633510109
STAM	10.91158295
STAM2	6.589528596
STAM-AS1	0.050756706
STAMBP	3.952436148
STAMBPL1	0.649544699
STAP1	0.43410157
STAP2	6.58005489
STAR	0.034965132
STARD10	13.83981898
STARD13	6.70645006
STARD13-AS	0.080723382
STARD13-IT1	0.02649108
STARD3	8.815718138
STARD3NL	11.62422268
STARD4	4.859948079
STARD4-AS1	0.5513072
STARD5	0.334341756
STARD6	0.006430703
STARD7	42.53824128
STARD7-AS1	1.320245973
STARD8	6.89181803
STARD9	1.870751834
STARP1	0
STAT1	27.35833168
STAT2	17.72280593
STAT3	51.30108936
STAT4	1.245292704
STAT5A	9.387308138
STAT5B	13.57124033
STAT6	34.81934165
STATH	0
STAU1	35.3866738
STAU2	3.9549493
STAU2-AS1	0.115588988
STBD1	1.579023306
STC1	19.01000945
STC2	2.684763781
STEAP1	1.50319356
STEAP1B	0.206804289
STEAP2	1.130760289
STEAP2-AS1	0
STEAP3	10.01855261
STEAP3-AS1	0.070697762
STEAP4	42.00632065
STH	0
STIL	0.417142772
STIM1	12.65579595
STIM2	5.641231269
STIMATE	0.814982136
STIP1	24.10477837
STIP1P3	0
STK10	9.485049208
STK11	5.193478324
STK11IP	5.14161442
STK16	5.414053893
STK17A	15.90553832
STK17B	12.01764235
STK19	3.2281867
STK19B	0.510737985
STK24	5.061448058
STK24-AS1	0.187386045
STK24P1	0.092749561
STK25	9.678326175
STK25P1	0.071443725
STK26	4.626792762
STK3	2.389563976
STK31	0.280806308
STK32A	0.857703234
STK32A-AS1	0.208122276
STK32B	1.104285958
STK32C	3.139660332
STK33	2.147719279
STK33P1	0.009830844
STK35	7.084244324
STK36	3.580324063
STK38	15.3558777
STK38L	5.591658079
STK39	5.878437466
STK4	5.632713024
STK40	19.67886347
STK4-AS1	0.110172105
STKLD1	0.149402962
STMN1	11.83435807
STMN1P1	0.108854257
STMN1P2	0
STMN2	0.167290836
STMN3	7.735222592
STMN4	0.007270169
STMND1	2.592559411
STMP1	8.816532444
STN1	18.57927426
STOM	165.9356871
STOML1	1.468559539
STOML2	26.70605999
STOML3	5.832218576
STON1	2.155904528
STON1-GTF2A1L	0.033400191
STON2	1.474547108
STOX1	1.671254545
STOX2	1.222324376
STPG1	2.146901144
STPG2	0.02667265
STPG2-AS1	0.022297893
STPG3	0.066893678
STPG3-AS1	0.08447244
STPG4	0.043900892
STRA6	0.070068735
STRA8	0
STRADA	1.392238983
STRADB	3.098753673
STRADBP1	0.065431521
STRAP	40.42229735
STRBP	2.848198463
STRC	0.008690433
STRCP1	0.004494733
STRIP1	4.275253918
STRIP2	0.258797477
STRN	5.089474605
STRN3	6.557345382
STRN4	11.45056752
STS	5.056940456
STSP1	0
STT3A	14.13727068
STT3A-AS1	0.195379436
STT3B	37.50107352
STUB1	13.14241254
STUM	0.165984928
STX10	17.06090473
STX11	25.86277682
STX12	35.66972306
STX16	10.89140322
STX16-NPEPL1	0.387858522
STX17	4.125208912
STX17-AS1	0.808461364
STX18	5.306542968
STX18-AS1	0.278418782
STX18-IT1	0
STX19	2.305867817
STX1A	0.755465642
STX1B	0.163844981
STX2	8.564780445
STX3	19.96737938
STX4	12.22648456
STX5	23.59778955
STX6	7.285689222
STX7	5.025018615
STX8	5.747758271
STX8P1	0
STXBP1	16.27019212
STXBP2	13.85332624
STXBP3	7.37531449
STXBP4	0.699006513
STXBP5	2.349423903
STXBP5-AS1	0.223105049
STXBP5L	0.001080196
STXBP6	3.459938034
STYK1	0.618981422
STYX	4.142059747
STYXL1	9.978306921
SUB1	10.87083244
SUB1P1	0.125381867
SUB1P2	0
SUB1P3	0.152050391
SUB1P4	0.070642881
SUCLA2	9.200504368
SUCLA2-AS1	0.173535773
SUCLA2P1	0
SUCLA2P2	0
SUCLA2P3	0
SUCLG1	13.6138935
SUCLG2	18.18183149
SUCLG2-AS1	0.193510702
SUCLG2P2	0.110870077
SUCLG2P4	0.011659171
SUCNR1	1.830032468
SUCO	5.430302323
SUDS3	6.990908733
SUDS3P1	0.285094483
SUFU	3.031428538
SUGCT	0.469403028
SUGP1	4.757394428
SUGP2	6.791021281
SUGT1	2.855928608
SUGT1P1	1.836343879
SUGT1P2	0.072423195
SUGT1P3	0.431818541
SULF1	2.311011535
SULF2	6.419572312
SULT1A1	5.939271068
SULT1A2	2.615851538
SULT1A3	0.004675505
SULT1A4	0
SULT1B1	0.532284888
SULT1C2	0.804062165
SULT1C2P1	0.017925102
SULT1C2P2	0
SULT1C3	0
SULT1C4	4.156594933
SULT1D1P	0
SULT1E1	0.36379244
SULT2A1	0
SULT2B1	3.148364452
SULT4A1	0.016811468
SULT6B1	0.018073914
SUMF1	6.173000922
SUMF2	34.59633027
SUMO1	34.96465144
SUMO1P1	0.156522462
SUMO1P2	0
SUMO1P3	0.827149126
SUMO1P4	0.118946705
SUMO2	31.85246017
SUMO2P1	0.421618602
SUMO2P10	0.041576279
SUMO2P12	0
SUMO2P13	0
SUMO2P14	0
SUMO2P15	0.043071828
SUMO2P16	0
SUMO2P17	0.253629206
SUMO2P18	0
SUMO2P19	0.202948615
SUMO2P2	0
SUMO2P20	0.084621684
SUMO2P3	0.083152558
SUMO2P4	0
SUMO2P5	0
SUMO2P6	0.041576279
SUMO2P7	0
SUMO2P8	0
SUMO3	36.01394494
SUMO4	0.067395694
SUN1	11.5157316
SUN2	37.47377845
SUN3	0.103700649
SUN5	0
SUOX	5.594865382
SUPT16H	14.83392326
SUPT16HP1	0.145231662
SUPT20H	3.488254738
SUPT20HL1	0
SUPT20HL2	0.009941028
SUPT3H	1.867985065
SUPT4H1	24.31654362
SUPT4H1P1	0
SUPT4H1P2	0
SUPT5H	17.86592096
SUPT6H	15.21776367
SUPT7L	7.593963324
SUPV3L1	3.975480488
SURF1	18.66470358
SURF2	9.954549048
SURF4	65.91937107
SURF6	6.727268402
SURF6P1	0
SUSD1	5.278507663
SUSD2	129.7221484
SUSD2P2	0.015796792
SUSD3	2.038323979
SUSD4	1.436367748
SUSD5	0.590569124
SUSD6	33.27243337
SUV39H1	1.781163338
SUV39H2	1.36029654
SUZ12	5.527009656
SUZ12P1	1.528456759
SV2A	0.836489909
SV2B	0.179792201
SV2C	0.010950586
SVBP	7.949604786
SVEP1	11.78663772
SVIL	17.13854797
SVIL-AS1	3.166689115
SVILP1	0.241853932
SVIP	4.914264021
SVOP	0.001647038
SVOPL	0.226103178
SWAP70	19.38317345
SWI5	6.368205096
SWSAP1	1.37231347
SWT1	1.656979827
SYAP1	10.75940717
SYBU	2.76505931
SYCE1	0
SYCE1L	0.539021081
SYCE2	0.156039367
SYCE3	0.151250126
SYCN	0
SYCP1	0
SYCP2	0.603698371
SYCP2L	0.338486737
SYCP3	0.065670759
SYDE1	5.656303313
SYDE2	1.431085035
SYF2	13.34902045
SYF2P1	0
SYF2P2	0.020538539
SYK	17.17724359
SYMPK	8.672902523
SYN1	0.60448204
SYN2	0.423503014
SYN3	0.083580234
SYNC	1.988221293
SYNCRIP	20.51408562
SYNDIG1	0.201879339
SYNDIG1L	2.658844417
SYNE1	5.18220372
SYNE1-AS1	0.129916473
SYNE2	5.02369302
SYNE3	1.415992288
SYNE4	2.444053657
SYNGAP1	2.119710129
SYNGR1	1.937395994
SYNGR2	57.01595757
SYNGR3	0.10503481
SYNGR4	0
SYNJ1	2.779088307
SYNJ2	1.499009035
SYNJ2BP	7.52226113
SYNJ2BP-COX16	0.119398544
SYNJ2-IT1	0
SYNM	4.607964015
SYNPO	36.97946149
SYNPO2	2.790001166
SYNPO2L	0.283820504
SYNPR	0.002834746
SYNPR-AS1	0.772514084
SYNRG	3.899905626
SYP	1.618724383
SYP-AS1	0.022092192
SYPL1	41.17176575
SYPL1P1	0
SYPL1P2	0.049411148
SYPL2	0.426023096
SYS1	7.925878318
SYS1-DBNDD2	0.204975206
SYT1	0.641660143
SYT10	0
SYT11	5.239753688
SYT12	0.05307022
SYT13	0.077265651
SYT14	0.000962847
SYT14P1	0.008269315
SYT15	0.302778467
SYT16	0.004256049
SYT17	2.48756094
SYT2	0.109358342
SYT3	0.206232231
SYT4	0.037781284
SYT5	0.029111948
SYT6	0.004691994
SYT7	1.464311931
SYT8	2.318938165
SYT9	0.05319512
SYTL1	4.217907532
SYTL2	2.597583751
SYTL3	8.074986223
SYTL4	2.406722493
SYTL5	0.669802443
SYVN1	10.97178027
SZRD1	27.45915715
SZT2	3.312860079
SZT2-AS1	0.034260281
TAAR1	0.011739185
TAAR2	0
TAAR3P	0.011107577
TAAR4P	0
TAAR5	0
TAAR6	0
TAAR7P	0
TAAR8	0
TAAR9	0
TAB1	7.518663222
TAB2	15.30319936
TAB2-AS1	0
TAB3	3.310245034
TAB3-AS1	0
TAB3-AS2	0
TAB3P1	0
TAC1	0.012684288
TAC3	0.022822049
TAC4	0.275126145
TACC1	31.19936194
TACC1P1	0
TACC2	8.924373086
TACC3	2.446886293
TACO1	5.539576698
TACR1	0.997078747
TACR2	0.454602071
TACR3	0.002307123
TACSTD2	94.29436376
TADA1	3.689582539
TADA2A	2.797596769
TADA2B	6.849375222
TADA3	17.27090799
TAF1	4.636329349
TAF10	6.28030027
TAF11	18.39292473
TAF12	6.911802843
TAF13	17.11422184
TAF13P2	0
TAF15	23.38257239
TAF1A	1.0464297
TAF1A-AS1	0.495474551
TAF1B	3.951055979
TAF1C	9.163510261
TAF1D	5.359844008
TAF1L	0.001926314
TAF2	4.288827811
TAF3	3.273671138
TAF4	1.566333741
TAF4B	0.883343723
TAF5	1.000273362
TAF5L	5.785301592
TAF6	7.288120209
TAF6L	3.20167714
TAF7	38.48995394
TAF7L	0.052943117
TAF8	2.992847344
TAF9	10.53356079
TAF9B	7.99265602
TAF9BP1	0.048152688
TAF9BP2	0
TAF9P1	0
TAF9P2	0
TAF9P3	0.94283215
TAGAP	3.669205744
TAGLN	89.97442153
TAGLN2	440.4321161
TAGLN2P1	1.04032774
TAGLN3	0.24068278
TAL1	2.226737966
TAL2	0.036506001
TALDO1	38.3326373
TAMM41	1.014503306
TANC1	6.046769733
TANC2	4.406583718
TANGO2	4.57605123
TANGO6	2.510699013
TANK	8.514201876
TAOK1	5.640740429
TAOK2	12.04535209
TAOK3	6.167103449
TAP1	20.81974393
TAP2	5.981362571
TAPBP	51.26355181
TAPBPL	10.44529669
TAPT1	8.599597575
TAPT1-AS1	0.524375738
TARBP1	4.827938661
TARBP2	4.356299472
TARDBP	15.583318
TARDBPP1	0.009953423
TARDBPP2	0.058362153
TARID	0.505642009
TARM1	0.009376639
TARS	11.2096279
TARS2	5.339385425
TARS2P1	0
TARSL2	2.552043419
TAS1R1	0.144913171
TAS1R2	0
TAS1R3	0.289495884
TAS2R1	0.006933392
TAS2R10	0.068947994
TAS2R13	0.007314581
TAS2R14	0.499339955
TAS2R15P	0.16773878
TAS2R16	0
TAS2R19	0.047800273
TAS2R20	0.182080619
TAS2R2P	0
TAS2R3	0
TAS2R30	0.013079157
TAS2R31	0.129004556
TAS2R38	0
TAS2R39	0
TAS2R4	0.21651835
TAS2R40	0
TAS2R41	0
TAS2R42	0.012670866
TAS2R43	0.02149725
TAS2R46	0
TAS2R5	0.187255803
TAS2R50	0.023947937
TAS2R60	0.050047934
TAS2R62P	0
TAS2R63P	0.038834492
TAS2R64P	0.024914624
TAS2R6P	0.086977978
TAS2R7	0
TAS2R8	0
TAS2R9	0
TASP1	3.697297614
TAT	0.10408295
TAT-AS1	0.42519246
TATDN1	2.420856715
TATDN1P1	0.026877594
TATDN2	4.125990514
TATDN2P1	0.005136838
TATDN2P2	0.779975474
TATDN2P3	0.03593824
TATDN3	3.198958798
TAX1BP1	18.59525269
TAX1BP3	23.47174843
TAZ	4.824081279
TBATA	0
TBC1D1	6.488109044
TBC1D10A	2.579322249
TBC1D10B	8.225735504
TBC1D10C	4.796302145
TBC1D12	1.866769513
TBC1D13	9.267646991
TBC1D14	4.955737884
TBC1D15	7.136060119
TBC1D16	3.856954568
TBC1D17	11.61563248
TBC1D19	1.910813812
TBC1D2	30.0146171
TBC1D20	9.343432651
TBC1D21	0.009766695
TBC1D22A	8.738856643
TBC1D22A-AS1	0.103046199
TBC1D22B	6.52653905
TBC1D23	6.978636327
TBC1D24	2.487828065
TBC1D25	5.563089229
TBC1D26	0.049055364
TBC1D27P	0.009123023
TBC1D28	0.003195615
TBC1D29	0.024932781
TBC1D2B	9.668215933
TBC1D3	0
TBC1D30	1.568744923
TBC1D31	0.545092971
TBC1D32	0.512774106
TBC1D3B	0.039727831
TBC1D3C	0
TBC1D3D	0
TBC1D3E	0.013961098
TBC1D3F	0
TBC1D3G	0
TBC1D3H	0
TBC1D3I	0
TBC1D3J	0
TBC1D3K	0
TBC1D3L	0.202179341
TBC1D3P1	0
TBC1D3P1-DHX40P1	0
TBC1D3P2	0
TBC1D3P3	0
TBC1D3P4	0
TBC1D3P5	0.002570073
TBC1D3P6	0
TBC1D3P7	0
TBC1D4	8.152297736
TBC1D5	7.973436699
TBC1D7	1.175757129
TBC1D8	4.978231931
TBC1D8-AS1	0.41556145
TBC1D8B	1.283960192
TBC1D9	18.32318477
TBC1D9B	13.23575927
TBCA	17.3462
TBCAP1	1.721029084
TBCAP2	0
TBCAP3	0.038378104
TBCB	14.2852394
TBCC	8.150597238
TBCCD1	3.513067353
TBCD	6.800216903
TBCE	8.061912461
TBCEL	5.294472595
TBCK	2.112039046
TBK1	6.708640789
TBKBP1	2.996289733
TBL1X	3.939502199
TBL1XR1	8.303725948
TBL1XR1-AS1	0.028009283
TBL1Y	0.348225086
TBL1YP1	0
TBL2	6.912148667
TBL3	4.978111491
TBP	6.65089898
TBPL1	2.252693382
TBPL2	0.004974644
TBR1	0.001247288
TBRG1	5.613870458
TBRG4	5.692948226
TBX1	1.448795364
TBX10	0.007735122
TBX15	0.333484141
TBX18	0.035346464
TBX18-AS1	0
TBX19	0.837225642
TBX2	9.407976093
TBX20	0
TBX21	0.902399295
TBX22	0
TBX2-AS1	3.117600371
TBX3	3.592190492
TBX4	10.61056601
TBX5	5.099159549
TBX5-AS1	4.445511063
TBX6	0.393152291
TBXA2R	1.839180953
TBXAS1	7.853441499
TBXT	0
TC2N	9.638391927
TCAF1	2.937512351
TCAF1P1	0.445268535
TCAF2	0.61666122
TCAF2P1	0.024729385
TCAIM	3.014545364
TCAM1P	0.027014029
TCAP	0.654253567
TCEA1	10.93773329
TCEA1P1	0
TCEA1P2	1.519874564
TCEA1P3	0
TCEA1P4	0.255368992
TCEA2	6.169012409
TCEA3	10.30476646
TCEAL1	12.83352283
TCEAL2	4.111110367
TCEAL3	13.20513121
TCEAL3-AS1	0.099506662
TCEAL4	35.37979515
TCEAL4P1	0
TCEAL5	0.092265167
TCEAL6	0.087083406
TCEAL7	2.522977179
TCEAL8	32.23760698
TCEAL9	47.24036401
TCEANC	0.405160082
TCEANC2	0.824840562
TCERG1	5.272448518
TCERG1L	0.002277286
TCERG1L-AS1	0.228317192
TCF12	8.37772142
TCF15	0.169406626
TCF19	2.785352152
TCF20	5.725232063
TCF21	11.24516382
TCF23	0.011686481
TCF24	0.046249395
TCF25	15.26988233
TCF3	7.095757863
TCF3P1	0.012363416
TCF4	7.566842127
TCF4-AS1	0.120949175
TCF4-AS2	0
TCF7	0.742497886
TCF7L1	11.77593938
TCF7L1-IT1	0.130720178
TCF7L2	9.397199442
TCFL5	2.592733533
TCHH	0.265327389
TCHHL1	0
TCHP	2.112041902
TCIM	148.3958305
TCIRG1	24.86291822
TCL1A	0.053550842
TCL1B	0
TCL6	0.002266509
TCN1	0.045298745
TCN2	16.69528637
TCOF1	3.84551456
TCP1	23.33332635
TCP10	0
TCP10L	0.13453897
TCP10L2	0.002764074
TCP11	0.14125371
TCP11L1	1.493958802
TCP11L2	2.937803447
TCP11X1	0
TCP11X2	0.008447244
TCP11X3P	0
TCP1P1	0.014874495
TCP1P3	0.007993303
TCTA	15.40008374
TCTE1	1.858366128
TCTE3	0.300945129
TCTEX1D1	1.691805844
TCTEX1D2	2.892587849
TCTEX1D4	4.864915039
TCTN1	3.627719705
TCTN2	5.034882482
TCTN3	16.65878805
TDG	3.699890268
TDGF1	0.062103167
TDGF1P1	0
TDGF1P2	0
TDGF1P3	0
TDGF1P4	0
TDGF1P5	0
TDGF1P6	0.080182823
TDGF1P7	0.021420337
TDGP1	0
TDH	0.088508741
TDO2	0.232018383
TDP1	1.613322532
TDP2	12.1993058
TDRD1	0.107073156
TDRD10	3.827598886
TDRD12	0.015370948
TDRD15	0
TDRD3	3.930990182
TDRD5	0.030947756
TDRD6	0.164226531
TDRD7	5.590623628
TDRD9	0.150767119
TDRG1	0
TDRKH	1.944711663
TDRKH-AS1	0.178402683
TDRP	8.232310343
TEAD1	10.22384691
TEAD2	13.91471552
TEAD3	15.41363418
TEAD4	9.291419948
TEC	1.922371587
TECPR1	4.794342042
TECPR2	3.366083588
TECR	14.11299517
TECRL	0
TECRP1	0.941772788
TECRP2	0
TECTA	0.384299658
TECTB	0.004078327
TEDC1	2.450927224
TEDC2	0.247534734
TEDDM1	0
TEDDM2P	0
TEF	10.90481864
TEFM	1.329615587
TEK	15.78171515
TEKT1	9.057511767
TEKT2	9.697824684
TEKT3	1.115245036
TEKT4	1.468403688
TEKT4P2	0.772681367
TEKT5	0.040475386
TELO2	6.177652438
TEMN3-AS1	0
TEN1	0.10108492
TEN1-CDK3	0.531425479
TENM1	0.219126591
TENM2	0.09085938
TENM3	0.142880296
TENM4	0.433297531
TEP1	4.064257427
TEPP	0.486213344
TEPSIN	1.905978155
TERB1	0.011606431
TERB2	0.0241573
TERC	0.022133028
TERF1	2.404013793
TERF1P1	0.010138839
TERF1P2	0
TERF1P3	0
TERF1P4	0
TERF1P5	0.009920438
TERF2	5.89858001
TERF2IP	20.751571
TERT	0
TES	36.00863226
TESC	3.145808911
TESC-AS1	0.01137129
TESK1	9.563199672
TESK2	2.249174059
TESMIN	0.182698985
TESPA1	0.848305018
TET1	0.108291703
TET1P1	0
TET2	2.39566587
TET2-AS1	0.022297893
TET3	2.430702881
TEX10	3.250336253
TEX101	0.014995577
TEX11	0
TEX12	0.041468289
TEX13A	0
TEX13B	0
TEX14	0.227111887
TEX15	0.006159977
TEX19	0
TEX2	9.497276599
TEX21P	0.373172454
TEX22	0.160384489
TEX26	1.615764398
TEX261	19.26515933
TEX264	8.393145505
TEX26-AS1	0.033107746
TEX28	0
TEX28P1	0
TEX28P2	0
TEX29	0.218878991
TEX30	1.840010914
TEX33	0.020752111
TEX35	0
TEX36	0
TEX36-AS1	0
TEX37	0
TEX38	0.144651966
TEX41	0.036578732
TEX43	0
TEX44	0.034631868
TEX45	0.032895517
TEX46	0.054592561
TEX47	0
TEX48	0.016380258
TEX49	0.03639504
TEX50	0
TEX51	0
TEX53	0.067018479
TEX9	0.759747567
TF	0.483711971
TFAM	5.425237156
TFAMP1	0
TFAMP2	0
TFAP2A	0.226554161
TFAP2A-AS1	0.091998574
TFAP2B	0
TFAP2C	2.68567542
TFAP2D	0
TFAP2E	0.727518403
TFAP4	0.450526836
TFB1M	2.376412569
TFB2M	5.611177788
TFCP2	9.959012573
TFCP2L1	4.015597779
TFDP1	13.7343753
TFDP2	3.985619441
TFDP3	0
TFE3	22.7401957
TFEB	5.806781018
TFEC	2.413078758
TFF1	0.1086567
TFF2	0.014426468
TFF3	23.31233213
TFG	16.62305212
TFIP11	6.132363459
TFP1	0.118809867
TFPI	17.59807396
TFPI2	1.465833146
TFPT	10.85382288
TFR2	0.059101522
TFRC	49.50060056
TG	0.101109686
TGDS	2.969211144
TGFA	2.393346073
TGFA-IT1	0.02746323
TGFB1	32.44952807
TGFB1I1	7.86740468
TGFB2	5.844021805
TGFB2-AS1	2.020741509
TGFB2-OT1	0
TGFB3	6.530369365
TGFB3-AS1	0.103223865
TGFBI	22.20780165
TGFBR1	8.663806407
TGFBR2	121.9568018
TGFBR3	5.95603478
TGFBR3L	0.071085564
TGFBRAP1	6.085687139
TGIF1	7.380694645
TGIF1P1	0.02986027
TGIF2	6.474296816
TGIF2-C20orf24	0.052174154
TGIF2LX	0
TGIF2LY	0
TGIF2P1	0.139841966
TGM1	3.12894058
TGM2	108.0622329
TGM3	0.853695475
TGM4	0.057196983
TGM5	0.003319647
TGM6	0
TGM7	0
TGOLN2	64.12270557
TGS1	6.356818532
TH	0.00369225
TH2LCRR	0.121844266
THA1P	0.386931727
THADA	3.069276686
THAP1	3.253690007
THAP10	0.948334297
THAP11	13.1124582
THAP12	5.918025749
THAP12P1	0.005435301
THAP12P2	0.005281856
THAP12P3	0.010568374
THAP12P4	0
THAP12P5	0.021053131
THAP12P6	0
THAP12P7	0.135948985
THAP12P8	0
THAP12P9	0
THAP2	0.605394445
THAP3	2.223064843
THAP4	13.37797031
THAP5	4.079017625
THAP5P1	0.137106507
THAP6	1.508716646
THAP7	7.835691659
THAP7-AS1	0.213317755
THAP8	1.915834929
THAP9	1.033763653
THAP9-AS1	6.159908189
THBD	57.40452705
THBS1	185.7860944
THBS2	4.619626978
THBS3	6.532197289
THBS4	0.603248783
THEG	0.005784526
THEGL	0.020034526
THEM4	3.232153176
THEM5	2.226866057
THEM6	7.991790957
THEM7P	0.010062158
THEMIS	0.433497112
THEMIS2	29.92326033
THEMIS3P	0.015099582
THG1L	3.030678313
THNSL1	1.046299765
THNSL2	4.751604279
THOC1	2.413415236
THOC2	6.608577234
THOC3	1.556997327
THOC5	2.962333616
THOC6	14.21425915
THOC7	18.07505417
THOC7-AS1	0.071167717
THOP1	2.958199029
THPO	0.175076299
THRA	9.461826658
THRAP3	35.92696149
THRAP3P1	0.004297907
THRB	2.176460194
THRB-AS1	0.056251026
THRB-IT1	0.034133319
THRIL	0
THRSP	0.020398583
THSD1	3.662288992
THSD4	2.94718245
THSD4-AS1	0.019857327
THSD7A	1.22270552
THSD7B	0.292220791
THTPA	2.048069907
THUMPD1	11.52717844
THUMPD1P1	0
THUMPD2	2.577707537
THUMPD3	4.912340026
THUMPD3-AS1	1.627696409
THUMPD3P1	0
THY1	6.707443174
THYN1	11.35803506
TIA1	8.704551199
TIAF1	0.390382328
TIAL1	8.239327477
TIAM1	3.304437602
TIAM2	0.567963984
TICAM1	13.19105328
TICAM2	0.070131134
TICRR	0.089783385
TIE1	14.689308
TIFA	2.76669103
TIFAB	0.068734581
TIGAR	5.497806156
TIGD1	0.834756648
TIGD2	1.40322849
TIGD3	0.1011717
TIGD4	0.324537167
TIGD5	1.617263252
TIGD6	1.38836098
TIGD7	0.519242848
TIGIT	0.391203364
TIMD4	0.154006023
TIMELESS	2.652878162
TIMM10	18.90869898
TIMM10B	11.90309312
TIMM13	14.48042999
TIMM17A	10.35494327
TIMM17B	8.716413306
TIMM17BP1	0
TIMM21	2.368123532
TIMM22	5.792041651
TIMM23	26.62297208
TIMM23B	2.198100857
TIMM29	4.878283384
TIMM44	4.482889116
TIMM50	5.526980017
TIMM8A	1.320825716
TIMM8AP1	0.690025292
TIMM8B	13.80189829
TIMM8BP1	0
TIMM8BP2	0.190820212
TIMM9	9.020389457
TIMM9P1	0.046773314
TIMM9P2	0.135044755
TIMM9P3	0
TIMMDC1	15.74160156
TIMP1	151.5355807
TIMP2	104.8514043
TIMP3	9.453269785
TIMP4	0.253993267
TINAG	0
TINAGL1	14.6335905
TINCR	1.979899473
TINF2	28.37194702
TIPARP	28.92206726
TIPARP-AS1	0.343750286
TIPIN	1.525540064
TIPRL	11.86612822
TIRAP	1.940643151
TJAP1	4.44605291
TJP1	22.46407867
TJP2	19.73426668
TJP3	7.618249221
TK1	3.493747872
TK2	6.315186799
TKFC	3.878603732
TKT	37.56050098
TKTL1	0.091855099
TKTL2	0.009023337
TLCD1	3.351980449
TLCD2	5.396407421
TLDC1	1.76256109
TLDC2	2.293486291
TLE1	5.242577236
TLE1P1	0.91481931
TLE2	16.33595626
TLE3	4.729309945
TLE4	3.305382725
TLE6	0.996737778
TLE7	0
TLK1	4.398730515
TLK1P1	0
TLK2	3.490251651
TLK2P1	0.045014918
TLK2P2	0.021382086
TLL1	2.050315232
TLL2	0.019097238
TLN1	69.19375532
TLN2	0.934149854
TLNRD1	6.858155221
TLR1	3.556545823
TLR10	0.147651494
TLR12P	0
TLR2	11.32110194
TLR3	2.263372058
TLR4	15.50054801
TLR5	4.251174511
TLR6	0.837284942
TLR7	2.473409464
TLR8	5.363941694
TLR8-AS1	0.017752362
TLR9	0.012376195
TLX1	0
TLX1NB	0
TLX2	0.004314944
TLX3	0
TM2D1	4.701888207
TM2D2	8.528666369
TM2D3	2.855067607
TM4SF1	178.4408548
TM4SF18	9.510782501
TM4SF19	0.416156876
TM4SF19-AS1	0.252260568
TM4SF19-TCTEX1D2	0.012421129
TM4SF1-AS1	0.282950916
TM4SF20	0.013029345
TM4SF4	0.525959355
TM4SF5	0
TM6SF1	4.540298392
TM6SF2	0.120396391
TM7SF2	5.428339505
TM7SF3	16.07308143
TM9SF1	2.532954834
TM9SF2	59.65409435
TM9SF3	28.42361863
TM9SF4	15.3793074
TMA16	3.524361864
TMA16P1	0
TMA16P2	0.039846816
TMA7	41.47261191
TMBIM1	59.51517907
TMBIM4	12.32997461
TMBIM6	158.7218602
TMBIM7P	0.009303783
TMC1	0.046702368
TMC2	0.097053441
TMC3	0.022228902
TMC3-AS1	0.204152165
TMC4	23.56470706
TMC5	18.21099544
TMC6	9.751553378
TMC7	1.289144867
TMC8	4.555767022
TMCC1	5.813170954
TMCC1-AS1	0.126914222
TMCC1P1	0
TMCC2	0.890384478
TMCC3	3.74565578
TMCO1	13.26914683
TMCO2	0.067345154
TMCO3	5.462900117
TMCO4	6.932141986
TMCO5A	0.029298247
TMCO5B	0
TMCO6	2.348976649
TMED1	7.834916472
TMED10	62.29881901
TMED10P1	0
TMED10P2	0.489132692
TMED11P	0.015838582
TMED2	48.55553571
TMED3	2.590362327
TMED4	24.78347751
TMED5	11.96126113
TMED6	1.451132941
TMED7	21.2819298
TMED7-TICAM2	0.051390422
TMED8	3.65033746
TMED9	65.49368074
TMEFF1	0
TMEFF2	0.046942578
TMEM100	6.044670167
TMEM101	8.25804549
TMEM102	3.666992642
TMEM104	5.872843375
TMEM105	0.284042474
TMEM106A	2.838670708
TMEM106B	3.170722695
TMEM106C	8.710846583
TMEM107	3.918133796
TMEM108	1.181052541
TMEM108-AS1	0.004358925
TMEM109	68.81198721
TMEM11	6.60395653
TMEM110-MUSTN1	0.255862184
TMEM114	0.016876629
TMEM115	20.13283519
TMEM116	1.857021746
TMEM117	0.859758771
TMEM119	26.97803772
TMEM120A	14.25843597
TMEM120B	1.791347608
TMEM121	1.584789923
TMEM121B	0.141731722
TMEM123	50.68387273
TMEM125	48.14920118
TMEM126A	13.04681614
TMEM126B	10.47226615
TMEM127	21.00475138
TMEM128	12.40136384
TMEM129	13.62638985
TMEM130	13.08328727
TMEM131	5.784574754
TMEM131L	4.055004127
TMEM132A	2.608549828
TMEM132B	0.033551207
TMEM132C	0.229942791
TMEM132D	1.372263354
TMEM132D-AS1	0.005272553
TMEM132D-AS2	0
TMEM132E	0.06009192
TMEM134	3.932387758
TMEM135	4.018301889
TMEM136	1.5248854
TMEM138	3.404696407
TMEM139	7.126472556
TMEM140	12.53824091
TMEM141	20.66194115
TMEM143	1.617666618
TMEM144	1.505328483
TMEM145	0.086176287
TMEM147	19.91942761
TMEM147-AS1	0.998036049
TMEM14A	14.05009991
TMEM14B	7.072474737
TMEM14C	56.28943465
TMEM14DP	0.173535773
TMEM14EP	0.06335433
TMEM150A	7.697551054
TMEM150B	4.676348393
TMEM150C	4.618670422
TMEM151A	0.060757841
TMEM151B	0.006580309
TMEM154	0.940391055
TMEM155	0.26133661
TMEM156	0.186947202
TMEM158	0.416083841
TMEM159	7.269574972
TMEM160	7.422776732
TMEM161A	6.463242264
TMEM161B	1.676704876
TMEM161B-AS1	0.728310755
TMEM161BP1	0
TMEM163	6.968976262
TMEM164	14.66597394
TMEM165	13.75009277
TMEM167A	17.48765379
TMEM167AP1	0
TMEM167B	13.76194827
TMEM168	4.812052554
TMEM169	0.122115994
TMEM17	0.947638001
TMEM170A	4.201203883
TMEM170B	2.382765279
TMEM171	0.070205677
TMEM173	44.3285637
TMEM174	0
TMEM175	6.722343785
TMEM176A	10.91734046
TMEM176B	28.42531738
TMEM177	1.43428523
TMEM178A	5.211342481
TMEM178B	0.233726108
TMEM179	0.004914413
TMEM179B	24.50821588
TMEM18	5.13950067
TMEM181	9.790218613
TMEM182	0.512924652
TMEM183A	5.936423432
TMEM183AP1	0
TMEM183B	0.615682767
TMEM184A	1.047818111
TMEM184B	18.08513402
TMEM184C	7.173708091
TMEM185A	1.634291137
TMEM185AP1	0
TMEM185B	11.5581665
TMEM186	3.238661802
TMEM187	4.101270849
TMEM189	4.911274606
TMEM189-UBE2V1	0.00868623
TMEM19	4.669257061
TMEM190	37.6584332
TMEM191A	0.920053715
TMEM191B	0.028964606
TMEM191C	0.064061705
TMEM192	2.989692116
TMEM196	0
TMEM198	0.924290028
TMEM198B	6.705959803
TMEM199	2.848353067
TMEM2	23.28361463
TMEM200A	1.795022135
TMEM200B	1.901134036
TMEM200C	0.030390783
TMEM201	2.091920676
TMEM202	0
TMEM202-AS1	0.282467369
TMEM203	16.99580601
TMEM204	23.40978073
TMEM205	30.4419132
TMEM206	1.791575217
TMEM207	0
TMEM208	13.42129743
TMEM209	4.27479978
TMEM210	0
TMEM211	0.075625063
TMEM212	2.052176988
TMEM212-AS1	0
TMEM212-IT1	0
TMEM213	0.296052821
TMEM214	18.89253207
TMEM215	0.0066875
TMEM216	3.829238595
TMEM217	0.940593053
TMEM218	2.967000996
TMEM219	38.23976534
TMEM220	3.785385077
TMEM220-AS1	0.603825233
TMEM221	0.170539902
TMEM222	9.467353403
TMEM223	4.033336692
TMEM225	0
TMEM225B	0.543499271
TMEM229A	0.017040752
TMEM229B	0.698497132
TMEM230	23.31999989
TMEM231	4.64824871
TMEM232	0.945346238
TMEM233	1.214143639
TMEM234	2.622134756
TMEM235	0.009203665
TMEM236	1.051885942
TMEM237	2.550751193
TMEM238	2.394793661
TMEM238L	0.05812606
TMEM239	0
TMEM240	0.763557399
TMEM241	2.467195472
TMEM242	3.006383946
TMEM243	16.27522565
TMEM244	0
TMEM245	16.60498009
TMEM246	2.363396402
TMEM246-AS1	0.041769657
TMEM248	28.75777091
TMEM248P1	0
TMEM249	0.005359878
TMEM25	3.796412812
TMEM250	9.657449702
TMEM251	7.158064569
TMEM251P1	0
TMEM252	0.365470519
TMEM253	0.073272626
TMEM254	7.082066701
TMEM254-AS1	0.373948022
TMEM255A	1.011797218
TMEM255B	2.849301639
TMEM256	17.0717964
TMEM256P1	0.035217554
TMEM256P2	0
TMEM256-PLSCR3	0.032779733
TMEM258	14.51472886
TMEM259	25.31732371
TMEM26	0.065876762
TMEM260	2.079915505
TMEM261P1	0
TMEM262	0.148461219
TMEM263	7.812712961
TMEM266	0.325218892
TMEM267	2.574516935
TMEM268	4.860051827
TMEM269	0.017818405
TMEM26-AS1	0.013874818
TMEM270	0.134814382
TMEM272	0.005769197
TMEM30A	55.42196691
TMEM30B	13.11217822
TMEM30CP	0
TMEM31	0.148029828
TMEM33	6.388053965
TMEM35A	0.787086987
TMEM35B	7.246718345
TMEM37	6.796742044
TMEM38A	1.705443739
TMEM38B	1.550165704
TMEM39A	7.088283882
TMEM39B	5.341578769
TMEM40	0.685763485
TMEM41A	3.037696851
TMEM41B	13.34141607
TMEM42	3.014695175
TMEM43	50.36977821
TMEM44	3.087346355
TMEM44-AS1	3.32788574
TMEM45A	2.600175632
TMEM45B	4.359204847
TMEM47	14.80944181
TMEM50A	35.56022787
TMEM50B	13.39113207
TMEM51	8.365741249
TMEM51-AS1	0.104561413
TMEM52	0.443202089
TMEM52B	0.964369474
TMEM53	4.582060499
TMEM54	19.24116149
TMEM56	2.120760936
TMEM56-RWDD3	0.201499722
TMEM59	32.6002379
TMEM59L	0.373901524
TMEM5-AS1	0.127608898
TMEM60	10.73326387
TMEM61	0.916876333
TMEM62	4.881694771
TMEM63A	7.397014757
TMEM63B	28.76458375
TMEM63C	0.060217977
TMEM64	4.491768008
TMEM65	3.07140443
TMEM67	1.976622953
TMEM68	1.925834184
TMEM69	6.033623226
TMEM70	9.070823073
TMEM71	0.76903638
TMEM72	0.011378494
TMEM72-AS1	0.090711881
TMEM74	0.016647853
TMEM74B	4.654135192
TMEM75	0
TMEM78	0.005505273
TMEM79	1.522610903
TMEM80	4.717819986
TMEM81	1.069746418
TMEM82	0.015755221
TMEM86A	1.611391917
TMEM86B	0.720444399
TMEM87A	28.27867674
TMEM87B	8.123890977
TMEM88	10.40024676
TMEM88B	0.097349336
TMEM89	0.072350262
TMEM8A	15.42587462
TMEM8B	4.332975305
TMEM9	19.68440869
TMEM91	2.436762506
TMEM92	2.305210925
TMEM92-AS1	0.431062859
TMEM94	9.957570435
TMEM95	0
TMEM97	7.916868959
TMEM97P1	0
TMEM97P2	0
TMEM98	14.8110624
TMEM99	2.600612083
TMEM9B	26.18328579
TMEM9B-AS1	0.834674211
TMF1	9.404329729
TMF1P1	0
TMIE	0.649902885
TMIGD1	0.009750789
TMIGD2	0.18976178
TMIGD3	0.645943007
TMLHE	1.663899216
TMLHE-AS1	0
TMOD1	2.554317403
TMOD2	1.874920097
TMOD3	12.57536965
TMOD4	0
TMPO	6.90736191
TMPO-AS1	0.206878213
TMPOP1	0
TMPOP2	0.009969999
TMPPE	0.724597174
TMPRSS11A	0.015080565
TMPRSS11B	0
TMPRSS11BNL	0
TMPRSS11CP	0.122720027
TMPRSS11D	0.047256098
TMPRSS11E	0.033603279
TMPRSS11F	0.005734659
TMPRSS11GP	0
TMPRSS12	0.014357276
TMPRSS13	2.683935881
TMPRSS15	0.005657438
TMPRSS2	41.68279894
TMPRSS3	2.536534982
TMPRSS4	0.485073304
TMPRSS5	0.22490549
TMPRSS6	0.522137765
TMPRSS7	0.098147281
TMPRSS9	0.162697543
TMSB10	1567.262089
TMSB10P1	0.81640693
TMSB10P2	0.091404338
TMSB15A	0.646769091
TMSB15B	0.019558916
TMSB15B	0.023839575
TMSB4X	1613.297345
TMSB4XP1	2.217401538
TMSB4XP2	1.482491314
TMSB4XP3	0.10503481
TMSB4XP4	2.460669862
TMSB4XP6	0
TMSB4XP8	39.6471395
TMSB4Y	1.205288601
TMTC1	0.902383646
TMTC2	5.177737827
TMTC3	3.052732741
TMTC4	2.689942816
TMUB1	11.14982485
TMUB2	11.45899559
TMX1	10.45692853
TMX2	28.2928984
TMX2-CTNND1	0.122809931
TMX2P1	4.295745692
TMX3	8.44935383
TMX4	12.85668219
TNC	14.38218235
TNF	0.300063645
TNFAIP1	40.90053869
TNFAIP2	19.08120541
TNFAIP3	13.12845703
TNFAIP6	1.539401878
TNFAIP8	2.304654936
TNFAIP8L1	8.24186899
TNFAIP8L2	10.45943411
TNFAIP8L3	5.113551451
TNFRSF10A	5.08822645
TNFRSF10A-AS1	2.669236263
TNFRSF10B	15.98773162
TNFRSF10C	1.824604694
TNFRSF10D	5.401484855
TNFRSF11A	0.532590606
TNFRSF11B	4.900559367
TNFRSF12A	82.4830176
TNFRSF13B	0.070831925
TNFRSF13C	0.094115877
TNFRSF14	8.928009492
TNFRSF14-AS1	1.1335955
TNFRSF17	0.396276232
TNFRSF18	0.839051794
TNFRSF19	9.048975852
TNFRSF1A	60.7996553
TNFRSF1B	22.04342068
TNFRSF21	18.7719848
TNFRSF25	1.268299348
TNFRSF4	4.995531228
TNFRSF6B	0
TNFRSF8	0.259468013
TNFRSF9	0.406634526
TNFSF10	27.06813279
TNFSF11	0.017525018
TNFSF12	23.99891678
TNFSF12-TNFSF13	0.079123139
TNFSF13	22.8010451
TNFSF13B	3.910426393
TNFSF14	1.087631278
TNFSF15	0.708815211
TNFSF18	0.22063587
TNFSF4	0.407029871
TNFSF8	0.984782665
TNFSF9	0.762306691
TNIK	5.236064751
TNIP1	25.69659485
TNIP2	13.99786317
TNIP3	0.51480437
TNK1	2.233486316
TNK2	4.660488505
TNK2-AS1	0.154244821
TNKS	3.097734646
TNKS1BP1	35.45795342
TNKS2	15.47844953
TNKS2-AS1	0.110141627
TNMD	0.066935227
TNN	0.208014226
TNNC1	47.81385974
TNNC2	1.06617526
TNNI1	0.37876189
TNNI2	4.017144635
TNNI3	0.223702456
TNNI3K	0.058360091
TNNT1	1.693232736
TNNT2	0.588883687
TNNT3	0.732338537
TNP1	0
TNP2	0
TNPO1	8.102948411
TNPO1P1	0.042087762
TNPO1P2	0
TNPO1P3	0
TNPO2	10.72870286
TNPO3	12.55013231
TNR	0.018478346
TNRC18	12.06444929
TNRC18P1	0.085294021
TNRC18P2	0.004411926
TNRC18P3	0.00889927
TNRC6A	4.030528383
TNRC6B	1.823817755
TNRC6C	1.821325257
TNRC6C-AS1	2.586834134
TNR-IT1	0
TNS1	75.01332193
TNS2	26.50755173
TNS3	28.41495657
TNS4	0.98568462
TNXA	0.035252115
TNXB	11.00826389
TOB1	13.31813055
TOB1-AS1	0.384459662
TOB2	18.89080389
TOB2P1	0.156916923
TOE1	5.253349333
TOGARAM1	2.362393786
TOGARAM2	0.970437682
TOLLIP	10.46496411
TOLLIP-AS1	0.841620775
TOM1	16.7403052
TOM1L1	3.219392716
TOM1L2	15.43839383
TOMM20	50.61384909
TOMM20L	0.289692782
TOMM20P1	0.02804208
TOMM20P2	0.11376692
TOMM20P3	0
TOMM20P4	0.247737275
TOMM22	21.19900642
TOMM22P1	0
TOMM22P2	0
TOMM22P3	0
TOMM22P4	0
TOMM22P5	0
TOMM22P6	0
TOMM34	20.87605046
TOMM40	9.791455523
TOMM40L	3.618766949
TOMM5	3.13150159
TOMM6	0
TOMM7	72.21991963
TOMM70	10.06684657
TONSL	0.727429941
TONSL-AS1	0.39167186
TOP1	46.00271772
TOP1MT	2.827574258
TOP1P1	0
TOP2A	1.123547748
TOP2B	25.94689988
TOP3A	3.359589316
TOP3B	0.081136662
TOP3BP1	0.008676789
TOPAZ1	0
TOPBP1	4.962350641
TOPORS	7.144058689
TOPORSLP	0
TOR1A	11.69735247
TOR1AIP1	9.760994652
TOR1AIP2	4.048414162
TOR1B	11.90404132
TOR2A	3.414821747
TOR3A	9.574283567
TOR4A	8.426232759
TOX	3.391319999
TOX2	5.290391209
TOX3	0.642610106
TOX4	12.35221804
TOX4P1	0.012861405
TP53	10.22776459
TP53AIP1	0.361478288
TP53BP1	3.911748248
TP53BP2	14.89201099
TP53I11	18.28129075
TP53I13	5.688289976
TP53I3	11.70983665
TP53INP1	10.25255214
TP53INP2	24.04139474
TP53RK	5.517550168
TP53TG1	9.714949847
TP53TG3	0
TP53TG3B	0
TP53TG3C	0
TP53TG3D	0.008195735
TP53TG3E	0
TP53TG3F	0
TP53TG3GP	0
TP53TG3HP	0
TP53TG5	0.393880536
TP63	0.938126843
TP73	1.211029768
TP73-AS1	4.432279455
TPBG	2.192221312
TPBGL	0.321535132
TPCN1	8.907765377
TPCN2	2.988608729
TPD52	6.674278539
TPD52L1	2.52091841
TPD52L2	23.62652204
TPD52L3	0.003455691
TPGS1	0.779555228
TPGS2	6.787249843
TPH1	0.09577472
TPH2	0.005184284
TPI1	83.72908208
TPI1P1	0.718438098
TPI1P2	0.334379434
TPI1P3	0.016181038
TPI1P4	0
TPK1	1.287080973
TPM1	13.45873271
TPM1-AS	0.078541235
TPM2	31.65246181
TPM3	47.86161702
TPM3P1	0.064117635
TPM3P2	0
TPM3P3	0
TPM3P4	0
TPM3P6	0.710046638
TPM3P7	0.01635788
TPM3P8	0.093110173
TPM3P9	1.209698853
TPM4	90.77540634
TPM4P1	0.014837631
TPMT	8.093062514
TPMTP1	0.097481424
TPMTP2	0.032986139
TPMTP3	0
TPMTP4	0
TPO	0.040257458
TPP1	54.12595263
TPP2	7.542252252
TPPP	14.04187382
TPPP2	0.033865769
TPPP3	92.00471598
TPR	11.70249372
TPRA1	8.760709291
TPRG1	1.260814282
TPRG1-AS1	1.717929456
TPRG1-AS2	0.074993538
TPRG1L	31.62635539
TPRG1LP1	0.094531329
TPRKB	7.300201488
TPRKBP1	0
TPRKBP2	0.075625063
TPRN	3.873930922
TPRX1	0
TPRX1P1	0
TPRX2P	0
TPRXL	0.026345365
TPSAB1	23.47277914
TPSB2	13.20719059
TPSD1	3.102914763
TPSG1	0.228984254
TPSP2	0
TPST1	5.717976505
TPST2	6.488696351
TPST2P1	0
TPT1	391.9007841
TPT1-AS1	0.85528345
TPT1P1	0.231157689
TPT1P10	0.024141065
TPT1P11	0
TPT1P12	0.12168667
TPT1P13	0
TPT1P14	0
TPT1P2	0.023805106
TPT1P3	0
TPT1P4	1.153561494
TPT1P5	0.137895988
TPT1P6	0.419321847
TPT1P7	0.02316048
TPT1P8	0
TPT1P9	0.955121985
TPTE	0
TPTE2	0.010471332
TPTE2P1	0.189173285
TPTE2P2	0.011544883
TPTE2P3	0.11077683
TPTE2P4	0
TPTE2P5	0.402250498
TPTE2P6	0.006593595
TPTEP1	0.608560263
TPX2	0.853622706
TRA2A	19.86466357
TRA2B	11.17326195
TRABD	10.44351819
TRABD2A	0.707161736
TRABD2B	0.890302164
TRAC	6.412887497
TRADD	8.895347705
TRAF1	2.085093256
TRAF2	4.063238494
TRAF3	3.383664044
TRAF3IP1	7.137180155
TRAF3IP2	4.966465108
TRAF3IP2-AS1	0.683303856
TRAF3IP3	0.628826465
TRAF4	10.35607572
TRAF5	1.428063611
TRAF6	3.237469977
TRAF6P1	0
TRAF7	14.08388342
TRAFD1	12.30522783
TRAIP	0.532094822
TRAJ1	0.193128521
TRAJ10	0
TRAJ11	0
TRAJ12	0.199566138
TRAJ13	0
TRAJ14	0.230268621
TRAJ16	0
TRAJ17	0.380125978
TRAJ18	0
TRAJ19	0
TRAJ2	0.362847524
TRAJ20	0.210069619
TRAJ21	0
TRAJ22	0
TRAJ23	0
TRAJ24	0.190062989
TRAJ25	0
TRAJ26	0
TRAJ27	0
TRAJ28	0
TRAJ29	0.199566138
TRAJ3	0.579385563
TRAJ30	0
TRAJ31	0
TRAJ32	0
TRAJ33	0
TRAJ34	0
TRAJ35	0.202948615
TRAJ36	0
TRAJ37	0
TRAJ38	0
TRAJ39	0
TRAJ4	0.190062989
TRAJ40	0
TRAJ41	0
TRAJ42	0
TRAJ43	0
TRAJ44	0
TRAJ45	0
TRAJ46	0
TRAJ47	0
TRAJ48	0.190062989
TRAJ49	0
TRAJ5	0.199566138
TRAJ50	0
TRAJ51	0
TRAJ52	0
TRAJ53	0
TRAJ54	0
TRAJ55	0
TRAJ56	0
TRAJ57	0
TRAJ58	0
TRAJ59	0
TRAJ6	0
TRAJ60	0
TRAJ61	0
TRAJ7	0
TRAJ8	0
TRAJ9	0
TRAK1	10.43364887
TRAK2	12.52972873
TRAM1	99.48768251
TRAM1L1	0.799053743
TRAM2	8.703140542
TRAM2-AS1	2.487914074
TRANK1	4.369850292
TRAP1	6.542501144
TRAPPC1	55.27862738
TRAPPC10	2.891962532
TRAPPC11	7.025302069
TRAPPC12	4.728108882
TRAPPC12-AS1	0.843980145
TRAPPC13	2.926819037
TRAPPC13P1	0.056374615
TRAPPC2	1.513657038
TRAPPC2B	2.462362446
TRAPPC2L	5.406127299
TRAPPC2P10	0
TRAPPC2P2	0
TRAPPC2P3	0
TRAPPC2P4	0
TRAPPC2P5	0
TRAPPC2P7	0
TRAPPC2P8	0
TRAPPC2P9	0
TRAPPC3	13.56280221
TRAPPC3L	0.056460496
TRAPPC4	5.851869335
TRAPPC5	0.111945726
TRAPPC6A	18.15987691
TRAPPC6B	6.426795695
TRAPPC8	5.629610451
TRAPPC9	5.258825619
TRAT1	0.32208459
TRAV10	0.063187168
TRAV11	0
TRAV1-1	0.213820863
TRAV1-2	0.387217881
TRAV12-1	0.669133523
TRAV12-2	0.295985733
TRAV12-3	0.240079565
TRAV13-1	0.4323933
TRAV13-2	0.146024004
TRAV14DV4	0.281740431
TRAV15	0
TRAV16	0.254765283
TRAV17	0.173177228
TRAV18	0.027213564
TRAV19	0.487163593
TRAV2	0.619343188
TRAV20	0.176955197
TRAV21	0.698190572
TRAV22	0.206447729
TRAV23DV6	0.351314474
TRAV24	0.034909529
TRAV25	0.207984561
TRAV26-1	0.289872603
TRAV26-2	0.07323528
TRAV27	0.197218302
TRAV28	0
TRAV29DV5	0.153185096
TRAV3	0.276854759
TRAV30	0.071062126
TRAV31	0
TRAV32	0
TRAV33	0
TRAV34	0
TRAV35	0
TRAV36DV7	0.369982167
TRAV37	0
TRAV38-1	0.203523541
TRAV38-2DV8	0
TRAV39	1.591705757
TRAV4	0.24251075
TRAV40	0
TRAV41	0.997830692
TRAV5	0.680339108
TRAV6	0.177831212
TRAV7	0
TRAV8-1	0.253149436
TRAV8-2	0.148087947
TRAV8-3	0.561828425
TRAV8-4	0.408493588
TRAV8-5	0.144613144
TRAV8-6	0.21343972
TRAV8-7	0
TRAV9-1	0
TRAV9-2	0.273517043
TRBC1	0.359899941
TRBC2	5.4814487
TRBJ2-1	1.436876197
TRBJ2-2	0.469567385
TRBJ2-2P	1.561821953
TRBJ2-3	0.7331001
TRBJ2-4	0.478958732
TRBJ2-5	0
TRBJ2-6	0
TRBJ2-7	1.528591699
TRBV1	0
TRBV10-1	0.174378179
TRBV10-2	0.181883063
TRBV10-3	0.162689787
TRBV11-1	0.032895517
TRBV11-2	0.205435731
TRBV11-3	0.091637513
TRBV12-1	0.034808047
TRBV12-2	0
TRBV12-3	0.175657237
TRBV12-4	0.471880524
TRBV12-5	0.058267486
TRBV13	0.288143622
TRBV14	0.294925328
TRBV15	0.14220865
TRBV16	0.034507113
TRBV17	0
TRBV18	0.223812492
TRBV19	0.845986891
TRBV2	0.22753384
TRBV20-1	1.159706373
TRBV20OR9-2	0.028783578
TRBV21-1	0.206447729
TRBV21OR9-2	0
TRBV22-1	0
TRBV22OR9-2	0
TRBV23-1	0.069014227
TRBV23OR9-2	0
TRBV24-1	0.157138692
TRBV24OR9-2	0
TRBV25OR9-2	0
TRBV26	0
TRBV26OR9-2	0.040866786
TRBV27	0.247523893
TRBV28	3.409880072
TRBV29-1	0.565933825
TRBV29OR9-2	0
TRBV30	0.053574802
TRBV3-1	0.336863558
TRBV4-1	0.064203583
TRBV4-2	0.210531311
TRBV5-1	0.899884121
TRBV5-2	0
TRBV5-3	0
TRBV5-4	0.110054856
TRBV5-5	0.17105669
TRBV5-6	0.311822091
TRBV5-7	0
TRBV6-1	0.388183511
TRBV6-4	0
TRBV6-5	0.759324819
TRBV6-6	0.185164458
TRBV6-7	0
TRBV6-8	0.035114277
TRBV7-1	0
TRBV7-3	0.542900326
TRBV7-4	0.034507113
TRBV7-5	0
TRBV7-6	0.397095888
TRBV7-7	0.034507113
TRBV7-9	0.828170719
TRBV8-1	0
TRBV8-2	0.177392123
TRBV9	0.64475214
TRBVA	0
TRBVB	0
TRDC	2.014900889
TRDD1	0
TRDD2	0
TRDD3	0
TRDJ1	0
TRDJ2	0.221740154
TRDJ3	0
TRDJ4	0
TRDMT1	0.960417961
TRDN	0.001787159
TRDN-AS1	0
TRDV1	0.393664711
TRDV2	0
TRDV3	0.028174043
TREH	0.13923219
TREHP1	0.334756103
TREM1	32.01909381
TREM2	24.14476897
TREML1	0.565190682
TREML2	0.257465703
TREML3P	0.89376246
TREML4	0.220759003
TREML5P	0.062364418
TRERF1	1.246643105
TRERNA1	0.077753041
TREX1	0
TREX2	0.224925371
TRG-AS1	0.646536303
TRGC1	0.244815079
TRGC2	1.031275166
TRGJ1	0
TRGJ2	0
TRGJP	0
TRGJP1	0.399132277
TRGJP2	0.798264554
TRGV1	0.051500939
TRGV10	0.420959823
TRGV11	0
TRGV2	0.110054856
TRGV3	0.602043099
TRGV4	0.452504616
TRGV5	1.141902503
TRGV5P	0.169123846
TRGV6	0.800934335
TRGV7	1.662108915
TRGV8	0
TRGV9	0.062112804
TRGVA	0.042013924
TRGVB	0.025422438
TRH	0.090803602
TRHDE	0.831664744
TRHDE-AS1	0.100908058
TRHR	0.007135857
TRIAP1	12.61335496
TRIAP1P1	0
TRIB1	53.82498416
TRIB2	12.63425906
TRIB3	3.270699555
TRIL	1.914379127
TRIM10	0.006753507
TRIM11	2.18669785
TRIM13	3.232082286
TRIM14	11.61271309
TRIM15	0
TRIM16	3.25887258
TRIM16L	0.943202401
TRIM17	0.377983216
TRIM2	4.279991243
TRIM21	16.99571033
TRIM22	22.1478633
TRIM23	2.092393047
TRIM24	3.117152543
TRIM25	8.841264926
TRIM26	15.32788312
TRIM26BP	0.015901684
TRIM27	6.28086066
TRIM28	46.97274379
TRIM29	2.480807487
TRIM3	2.642838608
TRIM31	0.233721022
TRIM31-AS1	0.239915576
TRIM32	3.731570017
TRIM33	4.991446366
TRIM34	0.311590253
TRIM35	5.158146572
TRIM36	0.458352459
TRIM36-IT1	0
TRIM37	4.473310305
TRIM38	5.397381018
TRIM39	4.201939185
TRIM39-RPP21	0.014070468
TRIM4	6.815687541
TRIM40	0.004795342
TRIM41	2.832863391
TRIM42	0
TRIM43	0
TRIM43B	0
TRIM43CP	0
TRIM44	10.47962585
TRIM45	0.707253622
TRIM46	0.581132369
TRIM47	15.72774258
TRIM48	0
TRIM49	0
TRIM49B	0
TRIM49C	0
TRIM49D1	0
TRIM49D2	0
TRIM5	6.919179021
TRIM50	0.043279404
TRIM51	0.006536009
TRIM51BP	0
TRIM51CP	0
TRIM51DP	0
TRIM51EP	0
TRIM51FP	0
TRIM51GP	0
TRIM51HP	0
TRIM51JP	0
TRIM52	1.764527179
TRIM52-AS1	5.950589112
TRIM53AP	0
TRIM53BP	0
TRIM53CP	0
TRIM54	0.034656927
TRIM55	0.384752633
TRIM56	11.04910169
TRIM58	0.69059166
TRIM59	0.292307936
TRIM6	0.852466454
TRIM60	0
TRIM60P10Y	0
TRIM60P11Y	0
TRIM60P13	0
TRIM60P14	0
TRIM60P15	0.016817371
TRIM60P16	0
TRIM60P17	0.049960925
TRIM60P18	0.911062806
TRIM60P19	0
TRIM60P3Y	0
TRIM60P5Y	0
TRIM60P8Y	0
TRIM60P9Y	0
TRIM61	0.264910803
TRIM62	1.468009828
TRIM63	0.186147972
TRIM64	0
TRIM64B	0
TRIM64C	0
TRIM64DP	0
TRIM64EP	0
TRIM64FP	0.026887653
TRIM65	5.269649646
TRIM66	1.113703043
TRIM67	0.017975076
TRIM68	3.095558831
TRIM69	4.210597813
TRIM6-TRIM34	0
TRIM7	0.104433629
TRIM71	0.126839964
TRIM72	0.014087022
TRIM73	0.041036327
TRIM74	0.146520346
TRIM75P	0
TRIM77	0
TRIM77BP	0
TRIM8	47.14031418
TRIM80P	0.07567817
TRIM9	0.064253827
TRIML1	0.017000428
TRIML2	0
TRIO	6.653421017
TRIOBP	3.408833598
TRIP10	20.47783128
TRIP11	4.400768143
TRIP12	14.51822265
TRIP13	2.058446237
TRIP4	8.196534604
TRIP6	21.67621225
TRIQK	5.137551838
TRIR	53.08003782
TRIT1	5.611533025
TRMO	3.538346095
TRMT1	6.157837446
TRMT10A	1.616034544
TRMT10B	2.974691359
TRMT10BP1	0
TRMT10C	10.09035147
TRMT11	4.028416846
TRMT112	50.72541404
TRMT112P1	0
TRMT112P2	0.090711881
TRMT112P3	0.066893678
TRMT112P4	0.031593584
TRMT112P5	0
TRMT112P6	0.128752347
TRMT112P7	0
TRMT12	3.919407043
TRMT13	2.338009297
TRMT1L	4.772637317
TRMT2A	5.381185353
TRMT2B	4.08089376
TRMT2B-AS1	0.058409601
TRMT44	1.596735805
TRMT5	2.06157571
TRMT6	5.793548754
TRMT61A	5.384392066
TRMT61B	3.744777053
TRMT9B	0.601637213
TRMU	1.969496575
TRNAU1AP	4.310739692
TRNP1	6.847461632
TRNT1	2.041954363
TRO	1.030517225
TROAP	0.187755699
TROVE2	3.599294362
TRPA1	0.009388402
TRPC1	1.403827241
TRPC2	0.319354765
TRPC3	0.414885088
TRPC4	0.484084331
TRPC4AP	35.54331075
TRPC5	0
TRPC5OS	0
TRPC6	8.15060259
TRPC6P	0
TRPC7	0
TRPC7-AS1	0
TRPC7-AS2	0
TRPM1	0.019276579
TRPM2	0.742903925
TRPM2-AS	0.036569711
TRPM3	0.019844363
TRPM4	6.857290753
TRPM5	0.036266436
TRPM6	0.118528349
TRPM7	3.875787033
TRPM8	0.001515117
TRPS1	1.201506393
TRPT1	5.764842659
TRPV1	0.016780336
TRPV2	28.42500687
TRPV3	0.037954296
TRPV4	3.096221653
TRPV5	0.025987994
TRPV6	0.189776101
TRRAP	6.164537322
TRUB1	3.843906515
TRUB2	3.819940256
TSACC	0.118128835
TSC1	4.07750409
TSC2	7.529355306
TSC22D1	50.17184763
TSC22D1-AS1	0.187039135
TSC22D2	5.999290389
TSC22D3	90.00323974
TSC22D4	10.33016647
TSEN15	13.48358036
TSEN15P1	0.023250424
TSEN15P2	0.033446839
TSEN15P3	0
TSEN2	1.882619686
TSEN2P1	0
TSEN34	10.1721261
TSEN54	6.122735538
TSFM	4.349948408
TSG101	17.88765518
TSGA10	1.107287645
TSGA10IP	0.052262713
TSGA13	0.005300561
TSHB	0.111489463
TSHR	0.013017541
TSHZ1	3.499215469
TSHZ2	0.291235538
TSHZ3	2.426905386
TSIX	0.001616924
TSKS	0.225356994
TSKU	4.452194461
TSLP	0.522917345
TSN	14.88119456
TSNARE1	3.64220461
TSNAX	5.12649308
TSNAX-DISC1	0
TSNAXIP1	1.731438304
TSPAN1	48.10336802
TSPAN10	0.302819009
TSPAN11	0.944382992
TSPAN12	17.60187562
TSPAN13	153.3303253
TSPAN14	10.56290361
TSPAN15	24.14252491
TSPAN16	0.007670704
TSPAN17	6.96395894
TSPAN18	8.192715156
TSPAN19	2.623427572
TSPAN2	5.30225576
TSPAN3	53.20152647
TSPAN31	8.42291401
TSPAN32	1.262743823
TSPAN33	1.702480585
TSPAN4	19.66551583
TSPAN5	2.01768618
TSPAN6	8.821395393
TSPAN7	25.02982892
TSPAN8	11.04704341
TSPAN9	18.31929138
TSPAN9-IT1	0
TSPEAR	0.112481921
TSPEAR-AS1	0.36099862
TSPEAR-AS2	0.257206854
TSPO	101.8651407
TSPO2	0.21814922
TSPOAP1	1.988982229
TSPOAP1-AS1	0.289290542
TSPY1	0
TSPY10	0
TSPY11P	0
TSPY12P	0.027589789
TSPY13P	0
TSPY14P	0
TSPY15P	0
TSPY16P	0
TSPY17P	0
TSPY18P	0
TSPY19P	0
TSPY2	0
TSPY20P	0
TSPY21P	0
TSPY22P	0
TSPY23P	0
TSPY24P	0
TSPY25P	0
TSPY26P	1.185278028
TSPY3	0
TSPY4	0
TSPY5P	0
TSPY6P	0
TSPY7P	0
TSPY8	0
TSPY9P	0
TSPYL1	29.03849319
TSPYL2	9.701624684
TSPYL4	8.911726172
TSPYL5	5.38308662
TSPYL6	0.011628975
TSR1	6.318454691
TSR2	30.37204086
TSR3	23.89977101
TSSC2	0.49646568
TSSC4	12.92414029
TSSK1A	0.077955523
TSSK1B	0
TSSK2	0
TSSK3	0.191277449
TSSK4	1.176237011
TSSK5P	0.765700289
TSSK6	0.668414797
TST	15.71390162
TSTA3	12.0334745
TSTD1	23.82918651
TSTD2	2.941010428
TSTD3	1.468740395
TTBK1	0.025534252
TTBK2	1.552713239
TTC1	22.22413003
TTC12	2.743940304
TTC13	4.144835183
TTC14	3.256956303
TTC16	1.251909402
TTC17	7.628576582
TTC19	9.750173991
TTC21A	2.052591154
TTC21B	2.972047586
TTC21B-AS1	0.023404942
TTC22	1.854926882
TTC23	2.454001312
TTC23L	0.284762128
TTC24	0.050790958
TTC25	6.580892981
TTC26	2.783306896
TTC27	5.270801747
TTC28	5.238433584
TTC28-AS1	0.989529272
TTC29	1.883061042
TTC3	8.671194576
TTC30A	2.216436644
TTC30B	3.10899899
TTC31	4.792878165
TTC32	2.550346724
TTC33	5.331441478
TTC34	0.288187034
TTC36	0.15427313
TTC37	9.187638311
TTC38	7.114772671
TTC39A	2.733216222
TTC39A-AS1	1.195437098
TTC39B	2.525636336
TTC39C	1.575872846
TTC39C-AS1	0.542272738
TTC39CP1	0
TTC39DP	0.007093583
TTC3-AS1	0.054575972
TTC3P1	1.303530179
TTC4	0.746887731
TTC41P	0.12844768
TTC4P1	0.031020643
TTC5	1.320159308
TTC6	0.383808576
TTC7A	15.99056352
TTC7B	1.453676235
TTC8	2.30408468
TTC9	4.5054437
TTC9B	0.066465238
TTC9C	4.091969598
TTF1	5.042846994
TTF2	1.245499699
TTI1	5.082052634
TTI2	1.673292587
TTK	0.177818267
TTL	2.8686681
TTLL1	4.484247707
TTLL10	2.116625896
TTLL10-AS1	0.247480092
TTLL11	1.371840782
TTLL11-IT1	0
TTLL12	5.556936827
TTLL13P	0.076716865
TTLL2	0.097412694
TTLL3	2.040137774
TTLL4	2.762504334
TTLL5	2.643527325
TTLL6	0.413462512
TTLL7	2.031815356
TTLL7-IT1	0.00409927
TTLL8	0
TTLL9	1.038754381
TTN	0.246913069
TTN-AS1	0.259723918
TTPA	0.265642662
TTPAL	2.512425491
TTR	0
TTTY1	0
TTTY10	0.069374092
TTTY11	0
TTTY12	0
TTTY13	0
TTTY14	0.913112125
TTTY15	1.332455216
TTTY16	0.187093255
TTTY17A	0
TTTY17B	0
TTTY17C	0
TTTY18	0
TTTY19	0
TTTY1B	0
TTTY2	0
TTTY20	0
TTTY21	0
TTTY21B	0
TTTY22	0
TTTY23	0
TTTY23B	0
TTTY23B	0
TTTY25P	0
TTTY2B	0
TTTY3	0
TTTY3B	0
TTTY4	0
TTTY4B	0
TTTY4C	0
TTTY5	0
TTTY6	0
TTTY6B	0
TTTY7	0
TTTY7B	0
TTTY8	0
TTTY8B	0
TTTY9B	0
TTYH1	0.022023428
TTYH2	3.109890187
TTYH3	11.08505403
TUB	2.415456861
TUBA1A	117.3140882
TUBA1B	62.48307468
TUBA1C	15.64553708
TUBA3C	0
TUBA3D	0.052451676
TUBA3E	0.023295658
TUBA3FP	0.129448306
TUBA3GP	0
TUBA4A	7.602985514
TUBA4B	5.918311759
TUBA8	0.023020538
TUBAL3	0.026638417
TUBAP	0
TUBAP2	0.326630258
TUBAP4	0
TUB-AS1	0
TUBB	122.0852833
TUBB1	0.311679381
TUBB1P1	0
TUBB1P2	0
TUBB2A	6.766990774
TUBB2B	0.414777389
TUBB2BP1	0
TUBB3	0.108117095
TUBB3P1	0.008989466
TUBB3P2	0
TUBB4A	0.096731423
TUBB4AP1	0.009036957
TUBB4B	197.3804591
TUBB4BP1	0
TUBB4BP2	0.045014918
TUBB4BP3	0
TUBB4BP4	0
TUBB4BP5	0
TUBB4BP6	0
TUBB4BP7	0
TUBB6	36.66646063
TUBB7P	0
TUBB8	0.012050287
TUBB8P1	0.082351914
TUBB8P10	0
TUBB8P11	0.01131755
TUBB8P12	0.081845306
TUBB8P2	0.04837967
TUBB8P3	0
TUBB8P4	0
TUBB8P5	0
TUBB8P6	0
TUBB8P7	0.087401229
TUBB8P8	0.01131755
TUBB8P9	0
TUBBP1	0.378278464
TUBBP10	0
TUBBP11	0
TUBBP2	0
TUBBP5	0.78590205
TUBBP6	0.008989466
TUBBP8	0.00971913
TUBBP9	0.010895331
TUBD1	2.254557996
TUBE1	1.614158928
TUBG1	7.375090391
TUBG1P	0.026452065
TUBG2	4.92435926
TUBGCP2	9.778922277
TUBGCP3	3.830850425
TUBGCP4	1.322699569
TUBGCP5	2.25320583
TUBGCP6	7.323913765
TUFM	55.67816174
TUFMP1	0
TUFT1	7.592570413
TUG1	21.77453709
TULP1	0.036431952
TULP2	0.090873867
TULP3	7.21600039
TULP3P1	0.009274956
TULP4	2.498109953
TUNAR	0.003442774
TUSC1	8.029327675
TUSC2	10.19230552
TUSC3	6.743720493
TUSC5	0.043287427
TUSC7	0
TUSC8	0.008975988
TUT1	2.39068696
TVP23A	0.426265109
TVP23B	3.333591995
TVP23BP1	0
TVP23BP2	0
TVP23C	0.616874172
TVP23C-CDRT4	0.034796808
TVP23CP1	0.018738605
TVP23CP2	0.115319117
TWF1	7.978585188
TWF1P1	0.022829301
TWF2	26.17992632
TWIST1	0.088347036
TWIST2	2.174187003
TWISTNB	5.865656728
TWNK	2.372265671
TWSG1	11.350296
TXK	0.579385563
TXLNA	21.41845634
TXLNB	1.093834253
TXLNG	5.079539918
TXLNGY	2.506987123
TXN	90.97909193
TXN2	26.38945795
TXNDC11	29.87354441
TXNDC12	17.99063998
TXNDC12-AS1	0.183743759
TXNDC15	10.50934616
TXNDC16	3.249319105
TXNDC17	6.2686129
TXNDC2	0.014120246
TXNDC5	1.449322355
TXNDC8	0.016825248
TXNDC9	8.45746554
TXNIP	258.568349
TXNL1	4.841307065
TXNL1P1	0
TXNL4A	6.308594275
TXNL4B	2.953830667
TXNP1	0
TXNP2	0
TXNP3	0
TXNP4	0.193128521
TXNP5	0.114037793
TXNP6	0.077251408
TXNP7	0
TXNRD1	15.19058889
TXNRD2	4.637695029
TXNRD3	2.304258012
TXNRD3NB	0
TYK2	11.1289134
TYMP	31.62071535
TYMS	2.336620536
TYMSOS	0.049073641
TYMSP1	0
TYMSP2	0
TYR	0
TYRL	0
TYRO3	1.432062541
TYRO3P	0.013279817
TYROBP	228.0466687
TYRP1	1.776410695
TYSND1	3.550254253
TYW1	4.891165974
TYW1B	2.333784492
TYW3	4.801519786
TYW5	0.827089084
U2AF1	0.109912236
U2AF1L4	2.665509466
U2AF1L5	0.108990252
U2AF2	29.64830208
U2SURP	7.552926761
U40455.1	0.027685476
U47924.1	0
U47924.2	0.796809194
U47924.3	0.363634612
U51244.1	0.064031916
U52111.1	0.143202933
U52112.1	0
U62317.1	0.228801942
U62317.2	0.477367507
U62317.3	5.727898289
U62317.4	0.080182823
U62317.5	0.099231782
U62631.1	0.467948187
U73023.1	0
U73166.1	0.173337446
U73169.1	0.424146016
U73479.1	0
U82695.1	0.068422676
U85056.1	0
U91319.1	0
U91324.1	0
U91328.1	0.843686387
U91328.2	0
U91328.3	0.069481441
U95743.1	0
UACA	12.81955994
UAP1	18.29714331
UAP1L1	3.098318129
UBA1	49.59235592
UBA2	18.04426044
UBA3	12.65636202
UBA5	4.763629401
UBA52	76.39035841
UBA52P3	0.031345467
UBA52P5	0.22699466
UBA52P6	0.188072801
UBA52P7	0.063020886
UBA52P8	0.218275464
UBA52P9	0
UBA6	3.553855359
UBA6-AS1	0.788241501
UBA7	17.00593298
UBAC1	11.94181263
UBAC2	10.80076394
UBAC2-AS1	0.263684226
UBALD1	6.54118136
UBALD2	17.01809407
UBAP1	40.66916003
UBAP1L	0.423633836
UBAP2	4.09991741
UBAP2L	19.22569588
UBASH3A	0.344769712
UBASH3B	5.034886906
UBB	309.1366894
UBBP1	0.227834492
UBBP2	0
UBBP3	0.099369032
UBBP5	0
UBC	191.2640232
UBD	1.134607852
UBDP1	0
UBE2A	11.56091633
UBE2B	19.80016272
UBE2C	0.996278856
UBE2CP1	0
UBE2CP2	0.117391846
UBE2CP3	0.026608818
UBE2CP4	0
UBE2D1	5.03552425
UBE2D2	20.90056841
UBE2D3	27.98167387
UBE2D3P1	0.620273133
UBE2D3P2	0.161446764
UBE2D3P3	0.084522129
UBE2D3P4	0
UBE2D4	4.214897819
UBE2DNL	0
UBE2E1	20.92912547
UBE2E1-AS1	0.046172114
UBE2E2	10.84386562
UBE2E2-AS1	0.022507459
UBE2E3	11.92563745
UBE2F	5.325844798
UBE2FP1	2.491228305
UBE2FP2	0
UBE2FP3	0.708383621
UBE2F-SCLY	0.014990884
UBE2G1	8.747671051
UBE2G2	14.64817617
UBE2H	26.48247652
UBE2HP1	0.099783069
UBE2I	9.875833142
UBE2J1	22.19510395
UBE2J2	7.976716153
UBE2K	14.99428481
UBE2L2	0
UBE2L3	19.24944879
UBE2L4	0.129029831
UBE2L5	0.334756103
UBE2L6	33.49659044
UBE2M	23.17626634
UBE2MP1	0.653125544
UBE2N	13.40457961
UBE2NL	0.030313844
UBE2NP1	0
UBE2O	3.966654519
UBE2Q1	20.54078004
UBE2Q1-AS1	0.221740154
UBE2Q2	9.965872894
UBE2Q2L	0.143975571
UBE2Q2P1	0.557299057
UBE2Q2P10	0
UBE2Q2P11	0
UBE2Q2P12	0
UBE2Q2P2	0.813326149
UBE2Q2P4Y	0
UBE2Q2P5Y	0
UBE2Q2P6	0.026201244
UBE2Q2P8	0
UBE2Q2P9	0
UBE2QL1	0.052699884
UBE2R2	18.89977034
UBE2R2-AS1	0.037013812
UBE2S	1.954144756
UBE2SP1	0.214779701
UBE2SP2	0.072277475
UBE2T	1.371665853
UBE2U	0.006514673
UBE2V1	1.759561968
UBE2V1P1	0.13453897
UBE2V1P10	0
UBE2V1P11	0
UBE2V1P12	0
UBE2V1P13	0
UBE2V1P14	0
UBE2V1P15	0
UBE2V1P2	0.19049495
UBE2V1P3	0
UBE2V1P4	0
UBE2V1P5	0.029565354
UBE2V1P6	0
UBE2V1P7	0
UBE2V1P8	0
UBE2V1P9	0
UBE2V2	6.142866877
UBE2V2P1	0
UBE2V2P2	0
UBE2V2P3	0.05480077
UBE2V2P4	0.046231538
UBE2W	3.831933311
UBE2WP1	0
UBE2Z	18.21383568
UBE3A	6.589447967
UBE3AP2	0
UBE3B	4.744202973
UBE3C	9.476577736
UBE3D	0.647950115
UBE4A	6.795445516
UBE4B	5.744304033
UBFD1	4.128858778
UBFD1P1	0
UBIAD1	3.781625173
UBL3	32.89836867
UBL4A	13.84518541
UBL4B	0.016202934
UBL5	38.90454539
UBL5P1	0
UBL5P2	0.109351309
UBL5P3	0
UBL5P4	0
UBL7	18.67557921
UBL7-AS1	0.826273836
UBLCP1	14.4752569
UBN1	8.866701826
UBN2	1.38914401
UBOX5	3.083208386
UBOX5-AS1	0.159495384
UBP1	9.509244707
UBQLN1	20.11195969
UBQLN1P1	0
UBQLN2	12.70146473
UBQLN3	0
UBQLN4	9.229033333
UBQLN4P1	0.059836599
UBQLN4P2	0
UBQLNL	0.289901524
UBR1	5.030562228
UBR2	6.612772994
UBR3	5.439034992
UBR4	6.952423259
UBR5	7.717879151
UBR5-AS1	2.145653769
UBR7	9.948053257
UBTD1	22.8038822
UBTD2	8.959618817
UBTF	14.67765713
UBTFL1	0
UBTFL10	0
UBTFL11	0
UBTFL2	0
UBTFL3	0
UBTFL5	0
UBTFL6	0.105239956
UBTFL7	0
UBTFL8	0
UBTFL9	0
UBXN1	31.72250371
UBXN10	7.716127485
UBXN10-AS1	0.469567385
UBXN11	12.09615166
UBXN2A	3.019582943
UBXN2B	6.762293047
UBXN4	25.83585102
UBXN6	18.4523959
UBXN7	3.665046007
UBXN7-AS1	0.031020643
UBXN8	2.523578026
UCA1	0.005208338
UCHL1	1.028438996
UCHL1-AS1	0.027213564
UCHL3	2.325652637
UCHL5	4.082402345
UCK1	9.229933902
UCK2	3.090971096
UCKL1	8.822518475
UCKL1-AS1	1.309756666
UCMA	0
UCN	0.888634126
UCN2	0.032340225
UCN3	1.337093127
UCP1	0.008190129
UCP2	36.28071707
UCP3	0.552544683
UEVLD	5.093550253
UFC1	42.31960566
UFD1	4.684869925
UFL1	8.064424126
UFL1-AS1	0.065550921
UFM1	20.83284673
UFSP1	1.009852749
UFSP2	8.572517402
UGCG	24.2956098
UGDH	11.89404318
UGDH-AS1	0.889347484
UGGT1	7.238822499
UGGT2	2.372375282
UGP2	16.485177
UGT1A1	0.002680539
UGT1A10	0.037928313
UGT1A11P	0
UGT1A12P	0
UGT1A13P	0
UGT1A2P	0
UGT1A3	0
UGT1A4	0
UGT1A5	0
UGT1A6	0.046231538
UGT1A7	0.014367613
UGT1A8	0
UGT1A9	0
UGT2A1	0.065530991
UGT2A2	0
UGT2A3	0.003910506
UGT2A3P7	0.016313308
UGT2B10	0
UGT2B11	0.004836013
UGT2B15	0
UGT2B17	0.011530061
UGT2B24P	0
UGT2B25P	0
UGT2B26P	0
UGT2B27P	0
UGT2B28	0
UGT2B29P	0
UGT2B4	0.533993765
UGT2B7	0.249126388
UGT3A1	0.001411192
UGT3A2	0.017778721
UGT8	0.654886115
UHMK1	11.59970086
UHRF1	0.249021304
UHRF1BP1	2.891976802
UHRF1BP1L	3.675805567
UHRF2	2.909291624
UHRF2P1	0
UIMC1	5.306042085
ULBP1	0.32392976
ULBP2	0.701218307
ULBP3	0.860477479
ULK1	5.969671633
ULK2	3.986456785
ULK3	8.129084854
ULK4	1.437822612
ULK4P1	0.014195576
ULK4P2	0.061287106
ULK4P3	0
UMAD1	5.880706328
UMOD	0.003512458
UMODL1	0.024678418
UMODL1-AS1	0.794163241
UMPS	3.254568506
UNC119	3.04953249
UNC119B	8.486650876
UNC13A	0.13992773
UNC13B	34.22602874
UNC13C	0.006228563
UNC13D	16.20007477
UNC45A	9.864390801
UNC45B	0.375306631
UNC50	14.57280268
UNC5A	0.409577887
UNC5B	10.02235675
UNC5B-AS1	0.423407649
UNC5C	1.183388913
UNC5CL	1.145468907
UNC5D	0.009963546
UNC79	0.082295315
UNC80	0.03979302
UNC93A	0
UNC93B1	21.51804451
UNC93B2	0
UNC93B3	0.069717428
UNC93B4	0.016029409
UNC93B5	0.034260281
UNC93B6	0.031400267
UNC93B7	0
UNC93B8	0.016984352
UNCX	0
UNG	8.181667475
UNGP1	0
UNGP3	0.124174486
UNK	5.775426148
UNKL	1.441222233
UOX	0.026287526
UPB1	0.144540763
UPF1	16.09941808
UPF2	6.81214587
UPF3A	4.256857755
UPF3AP1	0.031902225
UPF3AP2	0.065075915
UPF3AP3	0.12456664
UPF3B	4.688345551
UPK1A	0.087657162
UPK1A-AS1	0.060246381
UPK1B	0.179662366
UPK2	0.162395592
UPK3A	0.193679792
UPK3B	42.58411285
UPK3BL1	0
UPK3BP1	0.188195966
UPP1	16.54170889
UPP2	0.040493636
UPP2-IT1	0.033540527
UPRT	4.937937372
UQCC1	4.127858729
UQCC2	3.306950087
UQCC3	3.670086199
UQCR10	55.21534513
UQCR11	18.67070651
UQCRB	12.73197042
UQCRBP1	0.534552156
UQCRBP2	0
UQCRBP3	0.076756207
UQCRC1	32.37337723
UQCRC2	24.59288296
UQCRC2P1	0
UQCRFS1	13.19031674
UQCRFS1P1	0.043807201
UQCRFS1P2	0
UQCRFS1P3	0.062202433
UQCRH	35.07148103
UQCRHL	0.466874911
UQCRHP1	0
UQCRHP2	0.041576279
UQCRHP3	0
UQCRHP4	0
UQCRQ	36.71095038
URAD	0
URAHP	0.317258989
URB1	2.204438803
URB1-AS1	3.775186157
URB2	2.669749974
URGCP	5.771360969
URGCP-MRPS24	0.015061595
URI1	9.688068981
URM1	11.70244975
UROC1	0.028774931
UROD	18.60329739
UROS	4.097069089
USB1	4.523016219
USE1	6.280053307
USF1	22.02061979
USF1P1	0
USF2	21.28571143
USF3	2.060449925
USH1C	0.124525364
USH1G	0.010096095
USH2A	0.007007101
USHBP1	1.765437259
USO1	21.27284561
USP1	8.457334874
USP10	10.92804229
USP11	21.32089023
USP12	12.27591053
USP12-AS1	0.044678986
USP12-AS2	0.085834898
USP12PX	0.011328258
USP12PY	0.01125373
USP13	6.235259562
USP14	9.655974441
USP15	2.955568549
USP16	10.60917986
USP17L1	0
USP17L10	0
USP17L11	0
USP17L12	0
USP17L13	0
USP17L14P	0
USP17L15	0
USP17L16P	0
USP17L17	0
USP17L18	0
USP17L19	0
USP17L2	0.006269093
USP17L20	0
USP17L21	0
USP17L22	0
USP17L23	0
USP17L24	0
USP17L25	0
USP17L26	0
USP17L27	0
USP17L28	0
USP17L29	0
USP17L3	0
USP17L30	0
USP17L4	0
USP17L5	0
USP17L6P	0
USP17L7	0
USP17L8	0.005052307
USP17L9P	0
USP18	2.564645161
USP19	12.57360692
USP2	1.981588849
USP20	5.539126074
USP21	4.997636612
USP22	31.48618987
USP24	5.975734268
USP24P1	0
USP25	8.805603945
USP26	0.002888774
USP27X	4.559987166
USP27X-AS1	0.726696008
USP28	3.479757881
USP29	0
USP2-AS1	0.339455212
USP3	5.49038217
USP30	3.262235961
USP30-AS1	4.417226113
USP31	1.312283953
USP32	5.433448674
USP32P1	0.304184969
USP32P2	0.013011142
USP32P3	0.20336642
USP33	9.644254322
USP34	4.731451642
USP35	1.256202675
USP36	7.253100022
USP37	0.953792954
USP38	5.933933953
USP39	10.62265508
USP3-AS1	0.307278988
USP4	10.262117
USP40	6.793613754
USP41	0.188033422
USP42	2.854653643
USP43	1.623148427
USP44	1.840780868
USP45	0.97564566
USP46	1.529477392
USP46-AS1	1.65670363
USP47	8.826482283
USP48	5.458071896
USP49	0.791612958
USP5	18.22362378
USP50	0.037673734
USP51	1.11398389
USP53	4.660328585
USP54	13.27499329
USP6	0.060560443
USP6NL	2.773859719
USP7	14.83185358
USP8	3.536088804
USP8P1	0.00376185
USP9X	10.79561044
USP9Y	2.937815308
USP9YP1	0
USP9YP10	0
USP9YP11	0
USP9YP12	0
USP9YP13	0
USP9YP14	0
USP9YP15	0
USP9YP16	0
USP9YP17	0
USP9YP18	0
USP9YP19	0
USP9YP2	0
USP9YP20	0
USP9YP21	0
USP9YP22	0
USP9YP23	0
USP9YP24	0
USP9YP25	0
USP9YP26	0
USP9YP27	0
USP9YP28	0.020329318
USP9YP29	0
USP9YP3	0
USP9YP30	0
USP9YP31	0
USP9YP32	0
USP9YP33	0
USP9YP34	0
USP9YP35	0
USP9YP36	0
USP9YP4	0
USP9YP5	0
USP9YP6	0
USP9YP7	0
USP9YP8	0
USP9YP9	0
USPL1	4.726504953
UST	3.238193489
UST-AS1	0.067081055
UTF1	0.062094909
UTP11	9.455366996
UTP14A	4.385865073
UTP14C	5.615572403
UTP15	2.409569322
UTP18	11.32708358
UTP20	2.869260961
UTP23	3.018570837
UTP3	20.52845314
UTP4	6.595061931
UTP6	5.845895534
UTRN	24.68421596
UTS2	0.040113797
UTS2B	0.059092311
UTS2R	0
UTY	2.712414537
UVRAG	7.057704241
UVSSA	1.955901081
UXS1	12.68323369
UXT	30.50809141
UXT-AS1	0.209253815
VAC14	6.769719394
VAC14-AS1	0.019738666
VAMP1	1.39473318
VAMP2	31.01946624
VAMP3	59.13231449
VAMP4	5.349873414
VAMP5	58.58326129
VAMP7	18.63664883
VAMP8	170.9858484
VANGL1	2.144532174
VANGL2	2.058446237
VAPA	19.48995161
VAPB	6.073522516
VARS	10.03048751
VARS2	3.889271902
VASH1	12.45093813
VASH1-AS1	0.480777892
VASH2	0.45597546
VASN	21.40890912
VASP	51.07474401
VAT1	78.72174478
VAT1L	0.717801339
VAV1	6.018970363
VAV2	10.61894162
VAV3	1.967940053
VAV3-AS1	0.116064313
VAX1	0
VAX2	0.42801456
VBP1	15.88419879
VCAM1	4.414274975
VCAN	7.063599805
VCAN-AS1	0.068266638
VCL	28.76772249
VCP	56.50312628
VCPIP1	2.79175805
VCPKMT	3.542663129
VCX	0
VCX2	0.014691986
VCX3A	0.012034139
VCX3B	0.010190611
VCY	0
VCY1B	0
VDAC1	37.50051534
VDAC1P1	0.070601228
VDAC1P10	0
VDAC1P11	0
VDAC1P12	0
VDAC1P13	0.013939428
VDAC1P2	0.070435108
VDAC1P3	0.014070468
VDAC1P4	0.014340082
VDAC1P5	0
VDAC1P6	0.014004641
VDAC1P7	0
VDAC1P8	0.57585089
VDAC1P9	0
VDAC2	17.55645512
VDAC2P1	0
VDAC2P2	0.013289643
VDAC2P3	0.028922629
VDAC2P4	0
VDAC3	20.28445888
VDAC3P1	0.028174043
VDR	4.860072085
VEGFA	12.73317979
VEGFB	44.80356684
VEGFC	4.393753659
VEGFD	38.82502217
VENTX	0.765083512
VENTXP1	0
VENTXP2	0
VENTXP3	0
VENTXP4	0
VENTXP5	0
VENTXP6	0.038133657
VENTXP7	0
VEPH1	13.1231331
VEZF1	19.79738338
VEZF1P1	0.031081034
VEZT	8.669060073
VGF	0.017712971
VGLL1	2.470942194
VGLL2	0.005367086
VGLL3	4.396869302
VGLL4	6.496214247
VHL	6.863786722
VHLL	0
VIL1	0.005191027
VILL	3.01013286
VIM	429.3457461
VIM2P	0
VIM-AS1	2.506598787
VIP	0.355288201
VIPAS39	4.815512017
VIPR1	2.956195046
VIPR1-AS1	0.108288726
VIPR2	0.082547464
VIRMA	5.011479818
VIT	0.164601721
VKORC1	10.23607605
VKORC1L1	12.9482868
VLDLR	4.065687279
VLDLR-AS1	0.143033751
VMA21	6.248306812
VMAC	1.869936488
VMO1	22.32257852
VMP1	20.76226546
VN1R1	0.381660698
VN1R104P	0
VN1R105P	0
VN1R107P	0.057291714
VN1R108P	0.245249953
VN1R10P	0
VN1R110P	0.012331584
VN1R11P	0.013794894
VN1R12P	0.054675654
VN1R13P	0.013529908
VN1R17P	0
VN1R2	0.008201348
VN1R20P	0.111558711
VN1R21P	0
VN1R25P	0
VN1R28P	0
VN1R3	0.013029345
VN1R31P	0
VN1R32P	0
VN1R33P	0
VN1R34P	0.013560553
VN1R35P	0
VN1R36P	0
VN1R37P	0.032015958
VN1R38P	0
VN1R4	0
VN1R40P	0
VN1R42P	0.174040237
VN1R46P	0
VN1R48P	0.023115769
VN1R5	0.067018479
VN1R51P	0.012670866
VN1R53P	0
VN1R54P	0
VN1R64P	0
VN1R65P	0
VN1R66P	0
VN1R67P	0.013114971
VN1R68P	0
VN1R69P	0
VN1R6P	0
VN1R70P	0
VN1R71P	0
VN1R74P	0
VN1R76P	0
VN1R78P	0
VN1R79P	0
VN1R7P	0
VN1R80P	0
VN1R81P	0.901266432
VN1R82P	0
VN1R83P	1.02249617
VN1R84P	0.15285917
VN1R85P	0.112431627
VN1R87P	0
VN1R88P	0
VN1R8P	0
VN1R90P	0
VN1R91P	0
VN1R92P	0
VN1R93P	0
VN1R96P	0
VN1R9P	0
VN2R10P	0.014037477
VN2R17P	0.057567155
VN2R19P	0.034146297
VN2R1P	0
VN2R3P	0
VN2R9P	0
VNN1	1.060154953
VNN2	2.583066463
VNN3	1.727912743
VOPP1	7.310728225
VPREB1	0
VPREB3	0.058888369
VPS11	10.34824923
VPS13A	2.626494335
VPS13A-AS1	0
VPS13B	2.982030992
VPS13C	5.995810793
VPS13D	6.075190731
VPS16	9.023189552
VPS18	10.61658341
VPS25	15.00232635
VPS25P1	0
VPS26A	20.4816995
VPS26AP1	0.012230815
VPS26B	8.119322022
VPS26BP1	0.031719121
VPS26C	6.639044678
VPS28	24.89784813
VPS29	18.09333361
VPS33A	1.868650318
VPS33B	3.775441153
VPS33B-DT	0.024443796
VPS35	12.1818796
VPS35L	5.656587464
VPS35P1	0
VPS36	10.54920685
VPS37A	4.823828918
VPS37B	16.92406674
VPS37C	11.10313425
VPS37D	0.596489196
VPS39	12.78952827
VPS41	8.492753062
VPS45	5.227855214
VPS4A	9.834703774
VPS4B	14.24111364
VPS50	2.438109688
VPS51	15.71982227
VPS52	11.2427133
VPS53	2.488298213
VPS54	7.956773675
VPS72	6.818180412
VPS8	4.215030904
VPS9D1	5.578304371
VPS9D1-AS1	0.607919669
VRK1	3.33385998
VRK2	6.111535262
VRK3	2.774694575
VRTN	0
VSIG1	0.088954925
VSIG10	5.39043675
VSIG10L	0.71443725
VSIG2	40.48739842
VSIG4	150.5540787
VSIG8	0.322730719
VSIR	25.62447898
VSNL1	0.618535279
VSTM1	0.107776492
VSTM2A	0.002006698
VSTM2A-OT1	0
VSTM2B	0
VSTM2L	10.68427596
VSTM4	4.158225064
VSTM5	0.052885804
VSX1	0
VSX2	0.015991944
VTA1	5.187290593
VTA1P1	0.110614026
VTA1P2	0
VTCN1	0.842568632
VTI1A	2.045030743
VTI1B	12.42901633
VTI1BP1	0.068422676
VTI1BP2	0.034407955
VTI1BP3	0
VTI1BP4	0
VTN	1.805715863
VTRNA1-1	0
VTRNA1-2	0
VTRNA1-3	0
VTRNA2-1	0
VTRNA2-2P	0
VTRNA3-1P	0
VWA1	29.93373873
VWA2	5.114600215
VWA3A	3.61191344
VWA3B	3.603577798
VWA5A	7.882285867
VWA5B1	0.022532166
VWA5B2	0.177624312
VWA7	1.431741675
VWA8	3.681763869
VWA8-AS1	0.412127281
VWA8P1	0
VWC2	0.025433688
VWC2L	0.016026344
VWC2L-IT1	0
VWCE	0.245670257
VWDE	0.295197986
VWF	155.062371
VWFP1	1.445773263
WAC	12.0692649
WAC-AS1	7.229949602
WAPL	12.01179815
WARS	45.72632124
WARS2	2.844867957
WARS2-IT1	0.075563878
WARS2P1	0
WARSP1	0.158246277
WAS	12.45172009
WASF1	1.432468601
WASF1P1	0
WASF2	38.91117784
WASF3	7.392684423
WASF3-AS1	0
WASF4P	0.032058817
WASF5P	0.041147657
WASH2P	1.469422074
WASH3P	2.251167159
WASH4P	0.394006983
WASH6P	1.402753758
WASH7P	0.389973801
WASHC1	2.254540283
WASHC2A	7.656933793
WASHC2C	5.867286469
WASHC3	8.164279199
WASHC4	8.159968528
WASHC5	11.21057777
WASHC5-AS1	0.061195749
WASIR1	0
WASIR2	0
WASL	15.86989531
WBP1	4.926123958
WBP11	16.14176536
WBP11P1	0.004028926
WBP1L	24.06820772
WBP1LP1	0
WBP1LP10	0
WBP1LP11	0
WBP1LP12	0
WBP1LP2	0.860708081
WBP1LP3	0
WBP1LP4	0
WBP1LP5	0
WBP1LP6	0
WBP1LP7	0
WBP1LP8	0
WBP2	32.98330369
WBP2NL	0.156940361
WBP2P1	0.015530439
WBP4	8.477186101
WDCP	1.721238491
WDFY1	10.88858322
WDFY2	1.794949376
WDFY3	4.635863619
WDFY3-AS1	0.048575936
WDFY3-AS2	0.752836956
WDFY4	4.306534627
WDHD1	0.962043186
WDPCP	0.523657751
WDR1	45.83672395
WDR11	5.92013677
WDR11-AS1	0.110654376
WDR12	1.51879088
WDR13	11.41506162
WDR17	0.694698725
WDR18	7.041120098
WDR19	3.810941789
WDR20	2.926497985
WDR24	2.7469692
WDR25	2.095018637
WDR26	14.48049311
WDR27	1.389793861
WDR3	2.757217422
WDR31	1.288906785
WDR33	5.092632199
WDR34	18.89900527
WDR35	3.403015239
WDR36	3.705111144
WDR37	4.693473786
WDR38	16.35089832
WDR4	2.623952149
WDR41	4.163562423
WDR43	9.947381418
WDR44	5.152054902
WDR45	7.232490677
WDR45B	30.00591267
WDR45BP1	0
WDR45P1	0.022133028
WDR46	11.55113154
WDR47	4.794460291
WDR48	5.740724655
WDR49	1.412503586
WDR5	9.195770093
WDR53	3.384961547
WDR54	7.628171417
WDR55	3.530565508
WDR59	3.39571676
WDR5B	2.082569219
WDR6	24.86223849
WDR60	4.881542801
WDR61	5.683481316
WDR62	0.347888184
WDR63	1.840505452
WDR64	0.014546226
WDR66	1.518758375
WDR7	1.903596975
WDR70	3.948228504
WDR72	1.124480225
WDR73	0.700326632
WDR74	3.775169193
WDR75	4.869004088
WDR76	1.062917245
WDR77	6.620900122
WDR78	2.997064263
WDR7-OT1	0.042385729
WDR81	6.201102251
WDR82	23.96466587
WDR82P1	0.01275183
WDR82P2	0
WDR83	2.496267969
WDR83OS	26.32379553
WDR86	0.544809636
WDR86-AS1	8.286269056
WDR87	0.010413278
WDR88	0.266666323
WDR89	2.798527962
WDR90	2.354099901
WDR91	4.92893954
WDR92	0.393359096
WDR93	1.292176029
WDR95P	0
WDR97	0.109497647
WDSUB1	6.029047273
WDTC1	17.29904485
WDYHV1	3.566355476
WEE1	4.567189556
WEE2	0.054764964
WEE2-AS1	0.70394905
WFDC1	1.461137624
WFDC10A	0.016960295
WFDC10B	0.361119679
WFDC11	0.01830882
WFDC12	0.664362112
WFDC13	0.034909529
WFDC2	81.270494
WFDC21P	6.330187066
WFDC3	0.577538596
WFDC5	0.06881591
WFDC6	3.341220954
WFDC8	0
WFDC9	0
WFIKKN1	0.208648484
WFIKKN2	0.093475955
WFS1	40.79055811
WHAMM	3.389079454
WHAMMP2	0.318370496
WHAMMP3	0.326158443
WHRN	1.920761065
WIF1	101.2073377
WIPF1	10.21614092
WIPF2	9.889616319
WIPF3	0.560693652
WIPI1	7.34206287
WIPI2	6.807968612
WISP1	1.19615084
WISP2	11.69270866
WISP3	0.05235339
WIZ	6.258333968
WIZP1	0
WLS	22.96729835
WNK1	20.04910587
WNK2	0.424595936
WNK3	0.075150429
WNK4	0.188232946
WNT1	0.026668081
WNT10A	0.512367929
WNT10B	0.059209429
WNT11	1.625786617
WNT16	0.025703091
WNT2	5.343458069
WNT2B	0.531922165
WNT3	0.505592109
WNT3A	5.586762838
WNT4	1.063294734
WNT5A	1.930208143
WNT5A-AS1	0.407114922
WNT5B	0.912302347
WNT6	0.021093309
WNT7A	3.205958756
WNT7B	4.667737793
WNT8A	0
WNT8B	0.045355941
WNT9A	4.767273707
WNT9B	0.046985085
WRAP53	2.699850923
WRAP73	2.116387875
WRB	4.815008845
WRBP1	0
WRN	2.531238241
WRNIP1	10.95477575
WSB1	35.88153697
WSB2	18.79103692
WSCD1	1.810202432
WSCD2	0.126003327
WSPAR	0
WT1	0
WT1-AS	0
WTAP	16.41850817
WTAPP1	0.028757654
WTIP	2.321901813
WWC1	9.10287785
WWC2	16.0097459
WWC2-AS1	0.029638535
WWC2-AS2	0.543024673
WWC3	20.64726865
WWC3-AS1	0.062148624
WWOX	2.029153859
WWOX-AS1	0.135146369
WWP1	9.728849248
WWP1P1	0.008648587
WWP2	12.51854146
WWTR1	23.65616631
WWTR1-AS1	0.179402522
WWTR1-IT1	0.451346921
XAB2	11.46661848
XACT	0
XAF1	2.367641806
XAGE1A	0
XAGE1B	0
XAGE2	1.569403613
XAGE3	0.173535773
XAGE5	0
XBP1	0
XBP1P1	0.165284839
XCL1	0.36789076
XCL2	0.233121507
XCR1	0.372316616
XDH	0.166608139
XG	0.302154932
XGY1	0
XIAP	7.55321901
XIAP-AS1	0.124211289
XIAPP1	0
XIAPP2	0.019396277
XIAPP3	0
XIRP1	0.588792627
XIRP2	0.09740163
XIRP2-AS1	0
XIST	0.001201542
XK	0.6118086
XKR3	0.007085188
XKR4	0.098754378
XKR5	0.095201497
XKR6	0.179299199
XKR7	0.01526513
XKR8	2.680283099
XKR9	0.527406543
XKRX	0.127835961
XKRY	0
XKRY2	0
XKRYP1	0
XKRYP2	0
XKRYP3	0
XKRYP4	0
XKRYP5	0
XKRYP6	0
XPA	7.956515764
XPC	11.08053757
XPNPEP1	7.618171137
XPNPEP2	0.283954106
XPNPEP3	1.555840461
XPO1	9.405926418
XPO4	5.93908828
XPO5	4.042373482
XPO6	9.979154336
XPO7	10.15941557
XPOT	7.108933926
XPOTP1	0.029959887
XPR1	4.502846893
XRCC1	9.578482307
XRCC2	0.185049994
XRCC3	1.403635555
XRCC4	2.393898746
XRCC5	44.12154164
XRCC6	88.01667882
XRCC6P1	0.013267555
XRCC6P2	0.111721987
XRCC6P3	0.007386779
XRCC6P4	0.005792921
XRCC6P5	0
XRN1	3.883395162
XRN2	30.99226711
XRRA1	0.674738254
XXYLT1	2.541341397
XXYLT1-AS1	0.083345487
XXYLT1-AS2	0.061091675
XYLB	0.358569143
XYLT1	1.780208301
XYLT2	5.048235541
YAE1D1	2.768601469
YAF2	1.173203648
YAP1	23.49910298
YAP1P1	0.051574881
YAP1P2	0
YARS	10.08134643
YARS2	5.797804356
YBEY	3.174062434
YBX1	180.1865085
YBX1P1	0.773318786
YBX1P10	4.236942631
YBX1P2	0.431494353
YBX1P3	0
YBX1P4	0.103734874
YBX1P5	0
YBX1P6	0.143400818
YBX1P7	0.022381249
YBX1P8	0.038093218
YBX1P9	0
YBX2	0.059636481
YBX2P1	0.031510443
YBX3	28.83070115
YBX3P1	0.087882336
YDJC	5.044904548
YEATS2	4.261006739
YEATS2-AS1	0.183032227
YEATS4	5.560839423
YES1	17.23781869
YES1P1	0.330975782
YIF1A	16.58709715
YIF1B	7.368884347
YIPF1	13.11654456
YIPF2	11.26066598
YIPF3	35.5453897
YIPF4	4.340110804
YIPF5	14.26458424
YIPF6	6.990903303
YIPF7	0.013209011
YJEFN3	0.88621124
YKT6	20.52403416
YLPM1	6.564110751
YME1L1	17.94381181
YME1L1P1	0
YOD1	2.539487527
YPEL1	1.186472141
YPEL2	3.355805817
YPEL3	12.843502
YPEL4	0.343647521
YPEL5	39.12453017
YPEL5P1	0
YPEL5P2	0.100061016
YPEL5P3	0
YRDC	7.416515966
YRDCP1	0.055866104
YRDCP2	0.074604164
YRDCP3	0
YTHDC1	12.18851893
YTHDC2	3.283541974
YTHDF1	17.77051522
YTHDF1P1	0.021823758
YTHDF2	25.35974163
YTHDF2P1	0.819618602
YTHDF3	13.110553
YTHDF3-AS1	0.733780788
YWHAB	89.27268528
YWHABP1	0.032940766
YWHABP2	0.184731629
YWHAE	109.4651654
YWHAEP1	0.047079823
YWHAEP2	0
YWHAEP3	0
YWHAEP4	0
YWHAEP5	0.187826954
YWHAEP7	0
YWHAG	58.4201931
YWHAH	99.28191658
YWHAQ	80.9886909
YWHAQP5	0
YWHAQP6	0.275716375
YWHAQP7	0.054592561
YWHAQP9	0
YWHAZ	71.82841373
YWHAZP1	0
YWHAZP2	0.460537243
YWHAZP3	0.551646236
YWHAZP4	1.183866923
YWHAZP5	0.820134815
YWHAZP6	0.259598229
YWHAZP7	0
YWHAZP8	0
YY1	12.42299212
YY1AP1	11.62200403
YY1P1	0.053775307
YY1P2	0
YY2	0.310161164
Z68323.1	0
Z68694.1	0
Z68868.1	0
Z68871.1	0.612965721
Z69666.1	0.044846323
Z69706.1	0.985061378
Z69720.1	0.101474308
Z69720.2	0
Z69733.1	1.174661448
Z69890.1	0.317892964
Z69908.1	0
Z70280.1	0
Z73361.1	0
Z73417.1	0.107734933
Z73429.1	0.069414309
Z73495.1	0
Z73965.1	0.119896069
Z74021.1	1.235642921
Z74696.1	0
Z74696.2	0
Z75741.1	0
Z75741.2	0
Z75746.1	0.017270147
Z77249.1	0
Z80107.1	0
Z80107.2	0
Z82170.1	0
Z82173.1	0.049479208
Z82180.1	0
Z82185.1	0
Z82186.1	0.016462835
Z82188.1	0.077753041
Z82188.2	0.038012598
Z82190.1	0.02443667
Z82195.1	0
Z82195.2	0.002002782
Z82196.1	0
Z82196.2	0
Z82198.1	0.05480077
Z82198.2	0
Z82198.3	0
Z82202.1	0
Z82205.1	0
Z82206.1	0.130252957
Z82209.1	0
Z82209.2	0
Z82210.1	0
Z82214.1	0
Z82214.2	0
Z82217.1	0.029387577
Z82243.1	0.253149436
Z82246.1	0.183408705
Z82249.1	0
Z83313.1	0.016676836
Z83818.1	0
Z83820.1	0
Z83836.1	0.021876921
Z83838.1	0.012944831
Z83839.1	0
Z83839.2	0
Z83841.1	0
Z83843.1	1.780660687
Z83844.1	0
Z83844.2	0.036937691
Z83846.1	0
Z83847.1	0.016369061
Z83851.1	1.054588034
Z83851.2	0.417907847
Z84468.1	0.009898568
Z84478.1	0.019645559
Z84480.1	0.115504517
Z84484.1	0.298519985
Z84485.1	0.171875143
Z84488.1	0.067777179
Z84492.1	1.075864041
Z84492.2	0.088043885
Z84721.1	0
Z84723.1	0.263334361
Z85994.1	0
Z85994.2	0
Z85995.1	0
Z85996.1	0.025558097
Z86062.1	0.015410513
Z86062.2	0
Z92544.1	0.018797438
Z92544.2	0.461573905
Z92544.3	0
Z92545.1	0
Z92846.1	0
Z93015.1	0
Z93019.1	0
Z93022.1	0.015410513
Z93241.1	0.144264678
Z93242.1	0
Z93242.2	0.030390783
Z93403.1	0.02746323
Z93929.1	0
Z93929.2	0
Z93930.1	0.09774668
Z93930.2	0.51317007
Z93930.3	0.271772311
Z94057.1	0
Z94160.1	0.012187245
Z94160.2	0
Z94721.1	0.248809731
Z94721.2	0.002254985
Z94722.1	0
Z95114.1	0.002464794
Z95114.2	0
Z95114.3	0.274260596
Z95114.4	0
Z95115.1	1.467282534
Z95118.1	0
Z95152.1	0.438072011
Z95327.1	0.006392936
Z95327.2	0
Z95331.1	0.031085068
Z95624.1	0
Z96811.1	0
Z97055.1	0.016817371
Z97055.2	0.114843714
Z97056.1	0
Z97180.1	0.012119401
Z97192.1	0.003074979
Z97192.2	0.130863042
Z97192.3	0.040248633
Z97198.1	0
Z97200.1	0.09368386
Z97205.1	0
Z97205.2	0
Z97206.1	0
Z97206.2	0
Z97353.1	0.269310706
Z97633.1	0.289226288
Z97634.1	0.203834467
Z97652.1	0
Z97653.1	0.456406864
Z97653.2	0.261772227
Z97832.1	0.109518003
Z97832.2	0.292253627
Z97985.1	0.025314944
Z97986.1	0
Z97987.1	0
Z97989.1	0.642964015
Z98043.1	0
Z98048.1	0.073160702
Z98200.1	0.15285917
Z98257.1	0.040835815
Z98259.1	0
Z98742.1	0
Z98742.2	0
Z98742.3	0.146919857
Z98747.1	0
Z98749.1	0.022133028
Z98749.2	0.643628003
Z98751.1	0
Z98751.2	0
Z98751.3	0
Z98752.1	0
Z98752.2	0.038378104
Z98752.3	0
Z98755.1	0
Z98884.1	0.216397018
Z98884.2	1.249192622
Z98885.1	0.154502817
Z98885.2	0.068771994
Z98885.3	0.163560182
Z98941.1	0
Z98949.1	0
Z98949.2	0
Z98949.3	0
Z99127.1	0.024663168
Z99127.2	0.035850205
Z99127.3	0
Z99129.1	0.422610646
Z99129.2	0
Z99129.3	0.003724407
Z99129.4	5.935351025
Z99289.1	0.174570777
Z99289.2	0.055808242
Z99289.3	0.040316392
Z99496.1	0
Z99497.1	0
Z99497.2	0
Z99714.1	0
Z99716.1	0
Z99755.1	0
Z99755.2	0
Z99756.1	0
Z99758.1	0.032537957
Z99774.1	0.00458246
Z99916.1	0.124211289
Z99916.2	0
Z99916.3	0
Z99943.1	0.050030508
Z99943.2	0.090029837
ZACN	0.083403541
ZACNP1	0
ZADH2	4.060315843
ZAN	0.002708736
ZAP70	1.054252737
ZAR1	0.049208089
ZAR1L	0
ZBBX	3.246717992
ZBED1	15.30804486
ZBED1P1	0
ZBED2	7.088008932
ZBED3	3.97416633
ZBED3-AS1	0.182039952
ZBED4	4.615527896
ZBED5	4.144274112
ZBED5-AS1	5.065678822
ZBED6	1.332632237
ZBED6CL	2.061661778
ZBED8	0.790077225
ZBED9	0.271388018
ZBP1	0.467438911
ZBTB1	7.329890876
ZBTB10	2.415656683
ZBTB11	3.802413074
ZBTB11-AS1	1.29648873
ZBTB12	1.647618039
ZBTB12BP	0.128063832
ZBTB14	3.603815704
ZBTB16	6.007654845
ZBTB17	5.96439176
ZBTB18	8.583489825
ZBTB2	7.300633103
ZBTB20	0.17500304
ZBTB20-AS1	0.017652042
ZBTB20-AS2	0
ZBTB20-AS3	0.025805966
ZBTB20-AS4	0.053217637
ZBTB20-AS5	0.025819878
ZBTB21	3.543771816
ZBTB22	14.53731049
ZBTB24	2.703309387
ZBTB25	0.80387832
ZBTB26	1.71167168
ZBTB3	0.962066151
ZBTB32	0.259363934
ZBTB33	6.470405233
ZBTB34	2.784137953
ZBTB37	0.901861772
ZBTB38	8.674269029
ZBTB39	1.22844764
ZBTB4	32.7664682
ZBTB40	4.823144262
ZBTB40-IT1	0.350885518
ZBTB41	2.134113015
ZBTB42	5.890395164
ZBTB43	4.377324205
ZBTB44	4.989984755
ZBTB45	4.23888287
ZBTB45P1	0.024671638
ZBTB45P2	0
ZBTB46	2.615615365
ZBTB46-AS1	0
ZBTB47	8.835591529
ZBTB48	4.985829574
ZBTB49	2.47022676
ZBTB5	4.401927834
ZBTB6	2.490445429
ZBTB7A	10.30911612
ZBTB7B	14.52014098
ZBTB7C	2.288956807
ZBTB8A	1.359024247
ZBTB8B	0.00466494
ZBTB8OS	4.764493194
ZBTB8OSP1	0.024044113
ZBTB8OSP2	0.071273621
ZBTB9	0.015891132
ZC2HC1A	4.736891552
ZC2HC1B	0
ZC2HC1C	1.779174426
ZC3H10	1.138828507
ZC3H11A	12.2936856
ZC3H11B	0.004915422
ZC3H12A	10.89066415
ZC3H12B	0.414477636
ZC3H12C	2.300174794
ZC3H12D	0.167169615
ZC3H13	9.176737327
ZC3H14	2.50130758
ZC3H15	18.16211513
ZC3H18	5.837448008
ZC3H3	6.348032514
ZC3H4	6.951973293
ZC3H6	1.247816743
ZC3H7A	10.13455288
ZC3H7B	14.08434467
ZC3H8	0.869019821
ZC3HAV1	8.455206521
ZC3HAV1L	1.154364315
ZC3HC1	4.175578453
ZC4H2	1.615664001
ZCCHC10	6.129698507
ZCCHC11	2.268541807
ZCCHC12	0.064405029
ZCCHC13	0
ZCCHC14	7.523022306
ZCCHC17	14.18051947
ZCCHC18	0.204924804
ZCCHC2	4.071266214
ZCCHC23	0.030686746
ZCCHC24	11.59941139
ZCCHC3	7.61849981
ZCCHC4	1.757996256
ZCCHC6	5.134506165
ZCCHC7	3.806354153
ZCCHC8	3.101657383
ZCCHC9	2.564348976
ZCRB1	13.26633447
ZCWPW1	2.230232795
ZCWPW2	0.434289006
ZDBF2	1.016745084
ZDHHC1	7.038974928
ZDHHC11	0.9833361
ZDHHC11B	3.572398809
ZDHHC12	8.866361591
ZDHHC13	1.886405158
ZDHHC14	1.259737696
ZDHHC15	0.786559795
ZDHHC16	10.92362021
ZDHHC17	3.950048863
ZDHHC18	5.233655021
ZDHHC19	0.167399228
ZDHHC2	8.053760419
ZDHHC20	14.63986258
ZDHHC20-IT1	0.326562772
ZDHHC20P1	0.198150776
ZDHHC20P2	0
ZDHHC20P3	0
ZDHHC20P4	0.059453666
ZDHHC21	3.451439835
ZDHHC22	0.009301374
ZDHHC23	1.434259303
ZDHHC24	3.302109357
ZDHHC3	19.08533153
ZDHHC4	8.988050429
ZDHHC4P1	0.023138103
ZDHHC5	22.13717441
ZDHHC6	9.833477707
ZDHHC7	23.52625392
ZDHHC8	6.494721892
ZDHHC8P1	0.553095508
ZDHHC9	17.31806249
ZEB1	6.609907359
ZEB1-AS1	0.756382232
ZEB2	4.993923857
ZEB2-AS1	0.339180615
ZEB2P1	0
ZER1	16.82109644
ZFAND1	6.714401307
ZFAND2A	4.456772947
ZFAND2B	6.480610644
ZFAND3	19.42061361
ZFAND4	1.550544355
ZFAND5	47.38486167
ZFAND6	13.76553236
ZFAND6P1	0
ZFAS1	24.75403078
ZFAT	1.270047874
ZFAT-AS1	0
ZFC3H1	3.249192641
ZFHX2	0.443348945
ZFHX2-AS1	0.187937505
ZFHX3	2.882837367
ZFHX4	0.070987381
ZFHX4-AS1	0
ZFP1	2.461015023
ZFP14	0.844013885
ZFP2	0.707284762
ZFP28	1.184691444
ZFP3	2.157430325
ZFP30	0.714863779
ZFP36	333.2635368
ZFP36L1	53.57422602
ZFP36L2	69.72179976
ZFP37	0.356166196
ZFP41	0.828300557
ZFP42	0.103690238
ZFP57	0.027859396
ZFP62	3.280930081
ZFP64	1.381019354
ZFP64P1	0
ZFP69	1.157581911
ZFP69B	0.541990183
ZFP82	0.446670813
ZFP90	3.437715206
ZFP91	13.10713695
ZFP91-CNTF	0.009908124
ZFP92	1.441583408
ZFPL1	2.133293204
ZFPM1	0.638872941
ZFPM2	2.008238543
ZFPM2-AS1	0.027053702
ZFR	12.01980505
ZFR2	0.04633265
ZFRP1	0
ZFX	3.305859347
ZFX-AS1	0.028714552
ZFY	3.024363987
ZFY-AS1	0.737091014
ZFYVE1	4.614919937
ZFYVE16	5.164237443
ZFYVE19	4.154182768
ZFYVE21	5.330485295
ZFYVE26	3.262231655
ZFYVE27	7.907917001
ZFYVE28	0.851017698
ZFYVE9	9.900321875
ZFYVE9P1	0.020836372
ZFYVE9P2	0
ZG16	0.015292424
ZG16B	0.750338727
ZGLP1	0.463000009
ZGPAT	2.305033779
ZGRF1	0.368308374
ZHX1	6.318262166
ZHX1-C8orf76	0.258600101
ZHX2	8.645326989
ZHX3	5.503223881
ZIC1	0
ZIC2	0.014470052
ZIC3	0
ZIC4	0
ZIC4-AS1	0
ZIC5	0
ZIK1	0.79264618
ZIK1P1	0
ZIM2	0.004225112
ZIM2-AS1	0.027911348
ZIM3	0
ZKSCAN1	6.137253452
ZKSCAN2	1.117770693
ZKSCAN3	0.989175407
ZKSCAN4	1.57300131
ZKSCAN5	2.368694523
ZKSCAN7	0.638927163
ZKSCAN7P1	0
ZKSCAN8	4.243517386
ZMAT1	2.635739097
ZMAT2	40.61369161
ZMAT3	2.883633462
ZMAT4	0.006488197
ZMAT5	3.52483692
ZMIZ1	16.06427935
ZMIZ1-AS1	0.34079964
ZMIZ2	13.18621227
ZMPSTE24	17.50505669
ZMYM1	1.369020403
ZMYM2	4.543214439
ZMYM3	5.962745351
ZMYM4	7.442431196
ZMYM4-AS1	0.052174154
ZMYM5	4.421306369
ZMYM6	1.52311973
ZMYND10	12.47574597
ZMYND10-AS1	0
ZMYND11	21.93947287
ZMYND12	2.362062996
ZMYND15	6.329563627
ZMYND19	4.422089475
ZMYND19P1	0.045644098
ZMYND8	6.603349079
ZNF10	1.931912591
ZNF100	1.307502286
ZNF101	1.270408832
ZNF101P1	0
ZNF101P2	0.029228564
ZNF106	17.90700683
ZNF107	0.81587497
ZNF112	1.138896154
ZNF114	0.182305316
ZNF114P1	0
ZNF117	1.904007681
ZNF12	5.013830791
ZNF121	3.026931996
ZNF123P	0
ZNF124	0.853579321
ZNF131	3.039891907
ZNF132	1.312071145
ZNF133	1.952997042
ZNF134	3.824305564
ZNF135	0.876872095
ZNF136	2.430108591
ZNF137P	1.062254458
ZNF138	1.2142024
ZNF14	2.172286553
ZNF140	3.010203048
ZNF141	1.111094204
ZNF142	3.276833763
ZNF143	3.035215684
ZNF146	14.93135942
ZNF148	4.090218793
ZNF154	0.773393017
ZNF155	0.956808122
ZNF157	0.165300684
ZNF16	1.87257591
ZNF160	3.434197701
ZNF165	2.301593338
ZNF169	0.468901142
ZNF17	1.298612193
ZNF174	2.4022878
ZNF175	1.23204298
ZNF177	0.026077608
ZNF18	2.532343231
ZNF180	2.035299233
ZNF181	1.586082619
ZNF182	1.959498019
ZNF184	2.155467709
ZNF185	10.02807404
ZNF189	8.036126704
ZNF19	0.403675246
ZNF192P1	0.188938356
ZNF192P2	0.008657967
ZNF195	2.573490823
ZNF197	2.429475171
ZNF197-AS1	0.153758823
ZNF2	1.150651609
ZNF20	0.152994291
ZNF200	1.082735464
ZNF202	2.595023913
ZNF204P	7.178386506
ZNF205	4.584025635
ZNF207	8.465113124
ZNF208	0.071491583
ZNF209P	0
ZNF211	3.330940274
ZNF212	3.34157255
ZNF213	2.131637692
ZNF213-AS1	1.118447589
ZNF214	0.726802417
ZNF215	0.273690704
ZNF217	7.220025866
ZNF219	4.935519501
ZNF22	10.6550012
ZNF221	0.334936176
ZNF222	1.428746093
ZNF223	0.38126784
ZNF224	1.260772564
ZNF225	0.598201295
ZNF226	1.873419196
ZNF227	1.77873311
ZNF229	0.587279099
ZNF23	0.22676103
ZNF230	0.659728009
ZNF232	2.087087532
ZNF233	0.180304139
ZNF234	1.505364537
ZNF235	0.581804104
ZNF236	1.461906217
ZNF236-DT	0.970862295
ZNF239	0.620412866
ZNF24	10.7123294
ZNF248	1.411117955
ZNF25	4.381614698
ZNF250	1.315069511
ZNF251	2.429219729
ZNF252P	1.916253782
ZNF252P-AS1	0.007400475
ZNF253	1.29448306
ZNF254	1.609760012
ZNF256	1.38118844
ZNF257	0.1928597
ZNF259P1	0.014578695
ZNF26	0.725451562
ZNF260	2.721905094
ZNF263	4.244767454
ZNF264	3.017378863
ZNF266	7.293049236
ZNF267	2.265089852
ZNF268	1.496002709
ZNF271P	4.351196133
ZNF273	0.813764836
ZNF274	4.201594063
ZNF275	3.805953558
ZNF276	2.621471989
ZNF277	4.462644889
ZNF28	1.743781792
ZNF280A	0
ZNF280B	0.154826779
ZNF280C	1.064582422
ZNF280D	1.651627951
ZNF281	6.670686735
ZNF282	7.402487191
ZNF283	0.501883026
ZNF284	0.382528521
ZNF285	0.162187453
ZNF285B	0.027105757
ZNF286A	0.437899048
ZNF286B	0.170940404
ZNF287	0.839453751
ZNF292	2.035793514
ZNF295-AS1	0.439250488
ZNF296	0.974944667
ZNF299P	0
ZNF29P	0.071273621
ZNF3	5.439501826
ZNF30	1.00764542
ZNF300	0.884949823
ZNF300P1	0.329312848
ZNF302	4.787683671
ZNF304	2.914903979
ZNF30-AS1	0.172425144
ZNF311	0.546670467
ZNF316	6.626790926
ZNF317	7.153648192
ZNF317P1	0
ZNF318	3.201743173
ZNF319	3.499177916
ZNF32	14.95078355
ZNF320	1.80404162
ZNF321P	0.961600189
ZNF322	0.953846457
ZNF322P1	0
ZNF324	1.843449923
ZNF324B	1.027948293
ZNF326	2.947706691
ZNF329	2.445368324
ZNF32-AS1	0.303487676
ZNF32-AS2	0.608621593
ZNF32-AS3	0
ZNF330	17.12522991
ZNF331	3.225906057
ZNF333	1.235450351
ZNF334	1.304665447
ZNF335	4.206252395
ZNF337	0.958418598
ZNF337-AS1	0.225583427
ZNF33A	5.930480647
ZNF33B	4.311320477
ZNF33BP1	0.05223105
ZNF33CP	0
ZNF34	3.039297086
ZNF341	0.974242611
ZNF341-AS1	0.085163359
ZNF343	1.650514692
ZNF345	1.028578535
ZNF346	2.062098255
ZNF346-IT1	0.305376373
ZNF347	1.400525479
ZNF35	2.78778083
ZNF350	1.690970188
ZNF350-AS1	0.176433718
ZNF354A	3.347997925
ZNF354B	1.71786532
ZNF354C	0.863028579
ZNF355P	0
ZNF358	15.40665999
ZNF362	11.21907988
ZNF365	0.625555051
ZNF366	1.241075457
ZNF367	0.712658015
ZNF37A	2.949332937
ZNF37BP	1.584309184
ZNF37CP	0.099369032
ZNF382	0.206301804
ZNF383	0.995815352
ZNF384	4.610705804
ZNF385A	13.60113229
ZNF385B	8.458447291
ZNF385C	0.263856946
ZNF385D	0.240101852
ZNF385D-AS1	0.033968704
ZNF385D-AS2	0
ZNF391	0.757971515
ZNF394	5.114131399
ZNF395	8.735091159
ZNF396	0.76172799
ZNF397	2.715107624
ZNF398	3.185261888
ZNF402P	0.00386257
ZNF404	0.869428921
ZNF407	1.49109794
ZNF408	2.925413959
ZNF41	3.18871982
ZNF410	0.429958311
ZNF414	3.577429254
ZNF415	1.308266907
ZNF415P1	0.123231235
ZNF416	1.71123483
ZNF417	1.338669149
ZNF418	0.689015284
ZNF419	0.738653889
ZNF420	1.011968487
ZNF423	1.249700593
ZNF425	0.70473315
ZNF426	2.305072416
ZNF426-DT	0.858249751
ZNF428	12.03373853
ZNF429	1.44047739
ZNF43	1.265372532
ZNF430	1.255998429
ZNF431	1.12436003
ZNF432	2.224737303
ZNF433	1.330008821
ZNF433-AS1	0.34966427
ZNF436	5.927005259
ZNF436-AS1	0.892973908
ZNF438	4.551623293
ZNF439	1.556822843
ZNF44	2.30549761
ZNF440	3.379613895
ZNF441	1.202945005
ZNF442	0.288002282
ZNF443	0.926427624
ZNF444	4.196430113
ZNF444P1	0
ZNF445	2.468711144
ZNF446	1.585827206
ZNF449	1.24682034
ZNF45	3.112741135
ZNF451	2.22542503
ZNF454	0.517282628
ZNF460	0.734494489
ZNF460-AS1	0.389397343
ZNF461	0.891496689
ZNF462	1.793311511
ZNF467	3.700805859
ZNF468	2.376201247
ZNF469	0.410036545
ZNF470	0.527367047
ZNF471	1.297488826
ZNF473	2.030957222
ZNF474	1.757600255
ZNF479	0
ZNF48	3.076644634
ZNF480	2.555238894
ZNF483	0.23789341
ZNF484	1.399091806
ZNF485	0.484553578
ZNF486	1.663597568
ZNF487	2.100738411
ZNF488	0.078776107
ZNF490	0.2506236
ZNF491	0.592379698
ZNF492	0.064876625
ZNF493	0.82858921
ZNF496	3.48496941
ZNF497	0.669829379
ZNF500	1.542817571
ZNF501	0.655352741
ZNF502	1.467021476
ZNF503	5.176675273
ZNF503-AS1	0.779478988
ZNF503-AS2	0.665220461
ZNF506	1.612372961
ZNF507	1.488356057
ZNF510	1.761413004
ZNF511	3.818677575
ZNF512	5.426129794
ZNF512B	5.95119348
ZNF513	7.108436153
ZNF514	1.813758299
ZNF516	3.664905718
ZNF517	1.831737427
ZNF518A	2.563887071
ZNF518B	1.479040377
ZNF519	0.216922464
ZNF519P1	0.014728128
ZNF519P2	0
ZNF519P3	0
ZNF519P4	0
ZNF521	3.829053018
ZNF524	7.325251199
ZNF525	0.840919912
ZNF526	2.352179679
ZNF527	0.686512477
ZNF528	1.5904462
ZNF528-AS1	0.935466274
ZNF529	1.321487754
ZNF529-AS1	0.858946335
ZNF530	0.496231402
ZNF532	4.300248679
ZNF534	0.025561994
ZNF536	0.029133743
ZNF540	0.614834339
ZNF541	0.177487393
ZNF542P	2.149697508
ZNF543	1.073370212
ZNF544	2.315862874
ZNF546	0.434716069
ZNF547	0.355728879
ZNF548	2.357203702
ZNF549	0.852979098
ZNF550	1.299317968
ZNF551	1.284105754
ZNF552	2.523787231
ZNF554	1.075995871
ZNF555	0.715051748
ZNF556	0.014571303
ZNF557	1.171928769
ZNF558	1.805459053
ZNF559	3.121332541
ZNF559-ZNF177	0.098009563
ZNF560	0.008444265
ZNF561	3.882698552
ZNF561-AS1	0.789012292
ZNF562	2.265544399
ZNF563	0.626667115
ZNF564	0.168600879
ZNF565	0.811794461
ZNF566	1.014304675
ZNF567	1.198917656
ZNF568	0.653448519
ZNF569	0.926216049
ZNF57	1.389330229
ZNF570	1.046715769
ZNF571	0.513225196
ZNF571-AS1	0.170681566
ZNF572	0.3729297
ZNF573	0.372829894
ZNF574	3.562524103
ZNF575	0.787858871
ZNF576	2.449142612
ZNF577	1.002632572
ZNF578	0.076617407
ZNF579	2.686120562
ZNF580	6.062599852
ZNF581	4.166058097
ZNF582	1.040126799
ZNF582-AS1	0.734779597
ZNF583	0.601669623
ZNF584	2.646843102
ZNF585A	0.446324716
ZNF585B	1.458225379
ZNF586	2.775933775
ZNF587	1.733374459
ZNF587B	1.752354722
ZNF587P1	0
ZNF589	3.324776927
ZNF592	8.081766166
ZNF593	1.101898924
ZNF594	0.698519039
ZNF595	2.003272602
ZNF596	0.70709785
ZNF597	2.890867371
ZNF598	6.237874576
ZNF599	0.831623461
ZNF600	1.24972078
ZNF602P	0.077753041
ZNF603P	0.073761612
ZNF605	1.056461542
ZNF606	1.163678387
ZNF607	0.689639947
ZNF608	4.686142753
ZNF609	6.342881493
ZNF610	0.611192404
ZNF611	1.425552186
ZNF613	1.413229995
ZNF614	1.641708711
ZNF615	1.772381997
ZNF616	1.620684322
ZNF618	2.353512068
ZNF619	0.803746654
ZNF619P1	0
ZNF620	0.931731986
ZNF621	3.014275239
ZNF622	15.78675044
ZNF623	2.709474776
ZNF624	0.828062248
ZNF625	0.081492525
ZNF625-ZNF20	0.02303319
ZNF626	0.916946828
ZNF627	3.523043719
ZNF628	1.8624791
ZNF629	6.595813328
ZNF630	0.46905643
ZNF630-AS1	0.060322258
ZNF638	8.367571085
ZNF639	4.046604247
ZNF641	3.627233495
ZNF644	6.106660848
ZNF646	2.770583518
ZNF646P1	0
ZNF648	0.01968863
ZNF649	1.933939898
ZNF649-AS1	0.165443431
ZNF652	3.649274109
ZNF652P1	0
ZNF653	1.944273557
ZNF654	3.568560832
ZNF655	8.774163658
ZNF658	0.432674882
ZNF658B	0.122904473
ZNF66	0.310392
ZNF660	0.498225919
ZNF662	1.695721744
ZNF663P	0.146216775
ZNF664	24.44653718
ZNF665	0.350809239
ZNF667	0.263671947
ZNF667-AS1	1.956617031
ZNF668	1.104587165
ZNF669	1.58443419
ZNF670	1.327104812
ZNF670-ZNF695	0.022472258
ZNF671	1.945939357
ZNF672	12.18521714
ZNF674	0.565592893
ZNF674-AS1	2.362525027
ZNF675	0.709437768
ZNF676	0.117950095
ZNF677	0.927380515
ZNF678	0.840796877
ZNF679	0
ZNF680	1.419041715
ZNF680P1	0.008151102
ZNF681	0.256176942
ZNF682	1.229211722
ZNF683	0.598950075
ZNF684	0.764379681
ZNF687	5.065692057
ZNF688	3.204412954
ZNF689	2.749492602
ZNF69	2.018130448
ZNF691	3.305191644
ZNF692	3.099395716
ZNF695	0.009563872
ZNF696	1.328119615
ZNF697	1.551081393
ZNF699	0.813026829
ZNF7	1.685147637
ZNF70	0.823167087
ZNF700	3.441749251
ZNF701	0.88653785
ZNF702P	0.768302433
ZNF703	7.068538471
ZNF704	5.069469257
ZNF705A	0.009541011
ZNF705B	0
ZNF705CP	0
ZNF705D	0
ZNF705E	0.06915373
ZNF705G	0.003285941
ZNF706	7.398496851
ZNF707	1.326655885
ZNF708	1.481041681
ZNF709	0.062932559
ZNF70P1	0
ZNF71	1.597175999
ZNF710	4.718267495
ZNF710-AS1	2.236351076
ZNF711	1.028938124
ZNF713	0.953248492
ZNF714	0.539596231
ZNF716	0
ZNF717	0.58031312
ZNF718	0.953730356
ZNF720	1.606531811
ZNF720P1	0
ZNF721	2.445387893
ZNF723	0.004989153
ZNF724	0.104528923
ZNF725P	0
ZNF726	0.220858694
ZNF727	0.256737855
ZNF728	0.010925154
ZNF729	0
ZNF72P	0
ZNF730	0.105513546
ZNF732	0.070981116
ZNF733P	0
ZNF734P	0
ZNF735	0
ZNF736	1.071535903
ZNF736P10Y	0
ZNF736P11Y	0
ZNF736P12Y	0
ZNF736P1Y	0
ZNF736P2Y	0
ZNF736P3Y	0
ZNF736P4Y	0
ZNF736P5Y	0
ZNF736P6Y	0
ZNF736P7Y	0
ZNF736P8Y	0
ZNF736P9Y	0
ZNF737	0.994729212
ZNF738	1.008818328
ZNF74	1.084189099
ZNF740	3.277878778
ZNF746	2.641231265
ZNF747	2.890058407
ZNF749	1.063647168
ZNF750	1.670486287
ZNF75A	2.237972248
ZNF75BP	0
ZNF75D	3.334589502
ZNF76	5.076017202
ZNF761	2.6569306
ZNF763	0.57660234
ZNF764	2.315556993
ZNF765	0.756618218
ZNF766	2.091159291
ZNF767P	2.098130538
ZNF768	12.80889637
ZNF77	1.410147273
ZNF770	3.927479216
ZNF771	0.316501912
ZNF772	0.748373019
ZNF773	0.594767904
ZNF774	0.422064445
ZNF775	1.26426716
ZNF776	2.727112767
ZNF777	5.725875348
ZNF778	1.099357509
ZNF780A	0.973297976
ZNF780B	1.169205975
ZNF781	0.417119161
ZNF782	0.743515557
ZNF783	1.892406826
ZNF784	3.83422989
ZNF785	1.209003262
ZNF786	1.89255323
ZNF787	7.668428081
ZNF788	0.462271846
ZNF789	1.261360719
ZNF79	2.475937843
ZNF790	0.926575579
ZNF791	3.814651752
ZNF792	1.473414617
ZNF793	0.457737274
ZNF793-AS1	0.38070149
ZNF799	0.862220468
ZNF8	1.000891522
ZNF80	0.04061726
ZNF800	5.03927753
ZNF804A	0.275498206
ZNF804B	0
ZNF805	0.659683549
ZNF806	0
ZNF807	0.042087762
ZNF808	1.981700572
ZNF81	0.54601182
ZNF812P	1.297671442
ZNF813	0.882130913
ZNF814	0.662369517
ZNF815P	0.62353857
ZNF816	1.606175809
ZNF816-ZNF321P	0.028691617
ZNF821	0.929196835
ZNF823	1.455964426
ZNF826P	0.44842591
ZNF827	2.136940863
ZNF829	0.335617556
ZNF83	4.0047465
ZNF830	6.456133401
ZNF831	0.261023341
ZNF833P	0
ZNF835	0.241341141
ZNF836	1.261160187
ZNF837	1.095883419
ZNF839	1.347339189
ZNF839P1	0
ZNF84	2.904190422
ZNF840P	0.011997964
ZNF841	2.150677769
ZNF843	0.170531976
ZNF844	1.456049016
ZNF845	1.646997227
ZNF846	1.965053081
ZNF847P	0
ZNF849P	0.015292424
ZNF85	0.6464096
ZNF850	0.20897244
ZNF852	0.52097663
ZNF853	4.181730699
ZNF859P	0
ZNF860	0.484389769
ZNF861P	0
ZNF862	1.708740673
ZNF863P	0
ZNF865	4.311226541
ZNF876P	0.341625344
ZNF877P	0
ZNF878	0.138108054
ZNF879	0.601319552
ZNF880	2.22157519
ZNF883	0.342532808
ZNF885P	0
ZNF886P	0
ZNF887P	0.008510283
ZNF888	0.912716277
ZNF890P	0
ZNF891	0.271941952
ZNF90	0.724395296
ZNF90P1	0.006137349
ZNF90P2	0.011138575
ZNF90P3	0
ZNF91	1.357825203
ZNF92	1.544478258
ZNF92P1Y	0
ZNF92P2	0
ZNF92P3	0.050205318
ZNF93	0.389496923
ZNF962P	0
ZNF965P	0
ZNF969P	0.010229789
ZNF970P	0
ZNF971P	0
ZNF98	0.007276796
ZNF99	0.010632726
ZNFX1	15.07258516
ZNHIT1	8.559974801
ZNHIT1P1	0
ZNHIT2	6.894658626
ZNHIT3	2.548071915
ZNHIT6	3.108942231
ZNRD1	2.934796153
ZNRD1ASP	0.233135771
ZNRF1	2.232227772
ZNRF2	4.393046813
ZNRF2P1	0.270292738
ZNRF2P2	0.161992807
ZNRF2P3	0
ZNRF3	0.058426367
ZNRF3-AS1	0
ZNRF3-IT1	0
ZNRF4	0
ZP1	0.009830844
ZP2	0.121369502
ZP3	0.590762796
ZP4	0
ZPBP	0.031713121
ZPBP2	0.005217415
ZPLD1	0.009336428
ZPR1	5.859096954
ZRANB1	3.656326047
ZRANB2	14.20185065
ZRANB2-AS1	0.247651878
ZRANB2-AS2	0.074022177
ZRANB3	0.356000594
ZRSR2	6.208937826
ZRSR2P1	0.035785918
ZSCAN1	0.255618411
ZSCAN10	0.007215407
ZSCAN12	1.194128231
ZSCAN12P1	0.845476338
ZSCAN16	2.813161228
ZSCAN16-AS1	2.385936357
ZSCAN18	5.26843074
ZSCAN2	0.601398572
ZSCAN20	0.388003494
ZSCAN21	2.243720229
ZSCAN22	1.151094382
ZSCAN23	0.379315475
ZSCAN25	2.535227008
ZSCAN26	3.53952626
ZSCAN29	2.942051302
ZSCAN30	2.42469121
ZSCAN31	3.413196937
ZSCAN32	0.525147875
ZSCAN4	0.106482599
ZSCAN5A	0.917522637
ZSCAN5B	0.011630858
ZSCAN5C	0.018986208
ZSCAN5DP	0.048184983
ZSCAN9	2.782614497
ZSWIM1	2.637818948
ZSWIM2	0.009978307
ZSWIM3	1.489729198
ZSWIM4	4.430850992
ZSWIM5	1.439807304
ZSWIM5P1	0
ZSWIM5P2	0.017626057
ZSWIM5P3	0
ZSWIM6	5.147870395
ZSWIM7	7.393071482
ZSWIM8	9.802905525
ZSWIM8-AS1	0.164026963
ZSWIM9	2.809142124
ZUFSP	4.089001978
ZW10	5.562772709
ZWILCH	2.044637195
ZWINT	2.029230121
ZXDA	0.873374785
ZXDB	2.441925671
ZXDC	5.458840519
ZYG11A	0.012754547
ZYG11AP1	0
ZYG11B	5.643744027
ZYX	135.2246857
ZYXP1	0
ZZEF1	5.522444256
