	80980cc8-30b5-4668-a7ea-e3cca5a44e2f
	tumor
A1BG	0.160187022
A1BG-AS1	1.857520881
A1CF	0.002265214
A2M	124.7688403
A2M-AS1	0.34236929
A2ML1	0.696996847
A2ML1-AS1	0
A2ML1-AS2	0
A2MP1	0.016348506
A3GALT2	0.021263787
A4GALT	11.00577659
A4GNT	0.024565618
AAAS	9.278344214
AACS	1.327283659
AACSP1	0.022525145
AADAC	1.349772452
AADACL2	0.015013802
AADACL2-AS1	0.102769392
AADACL3	0.013431004
AADACL4	0
AADACP1	0.270288949
AADAT	2.119826991
AAED1	3.519673944
AAGAB	13.19472657
AAK1	4.456902646
AAMDC	7.181912621
AAMP	32.57732444
AANAT	0.079462483
AAR2	21.01279456
AARD	0.157825438
AARS	62.91788312
AARS2	6.331507933
AARSD1	0.869174536
AARSP1	0
AASDH	1.9677593
AASDHPPT	7.748772804
AASS	2.430671838
AATBC	0.238772614
AATF	12.93219665
AATK	0.433309875
AB015752.1	0
ABALON	0.502956176
ABAT	1.460013024
ABBA01006766.1	0
ABCA1	9.114158592
ABCA10	0.069878296
ABCA11P	0.214409857
ABCA12	0.699990967
ABCA13	2.7159706
ABCA17P	0.026471378
ABCA2	2.398406193
ABCA3	16.58362486
ABCA4	0.257288976
ABCA5	0.971257188
ABCA6	0.404282436
ABCA7	1.134829811
ABCA8	0.627839662
ABCA9	0.296337717
ABCA9-AS1	0.014550404
ABCB1	0.520779674
ABCB10	5.673324389
ABCB10P1	0
ABCB10P3	0
ABCB10P4	0.084660835
ABCB11	0.010557588
ABCB4	0.133524328
ABCB5	0.044647752
ABCB6	0.754349713
ABCB7	5.621318485
ABCB8	3.089576392
ABCB9	0.355155327
ABCC1	16.21485062
ABCC10	4.047543401
ABCC11	0.034528341
ABCC12	0.002917497
ABCC13	0.052748948
ABCC2	0.102970027
ABCC3	1.439028034
ABCC4	4.244018376
ABCC5	6.763900028
ABCC5-AS1	0.046381353
ABCC6	0.500727173
ABCC6P1	0.053890779
ABCC6P2	0.030296455
ABCC8	0.072209978
ABCC9	1.085642861
ABCD1	3.538114904
ABCD1P2	0
ABCD1P3	0
ABCD1P4	0
ABCD1P5	0
ABCD2	0.190049788
ABCD3	4.245553148
ABCD4	3.75943108
ABCE1	16.11933399
ABCF1	31.80687682
ABCF2	20.46665838
ABCF2P1	0.023302469
ABCF2P2	0
ABCF3	15.2315936
ABCG1	5.408894738
ABCG2	0.675289731
ABCG4	0.083251237
ABCG5	0.008771312
ABCG8	0.004081211
ABHD1	0.06577537
ABHD10	6.955729076
ABHD11	3.107550656
ABHD11-AS1	0.272885273
ABHD12	14.96499971
ABHD12B	0.105239958
ABHD13	3.188761469
ABHD14A	2.131377258
ABHD14A-ACY1	0.050260755
ABHD14B	11.62996655
ABHD15	4.381456097
ABHD15-AS1	0
ABHD16A	1.22566048
ABHD16B	0
ABHD17A	3.394565027
ABHD17AP1	0.058287392
ABHD17AP3	0.019131798
ABHD17AP4	0.023930533
ABHD17AP5	0.035351335
ABHD17AP6	0.104180338
ABHD17AP7	0
ABHD17AP8	0
ABHD17AP9	0
ABHD17B	5.267293112
ABHD17C	5.331758405
ABHD18	0.996991872
ABHD2	15.88831023
ABHD3	3.208620788
ABHD4	13.84539799
ABHD5	4.591278736
ABHD6	1.536458245
ABHD8	4.955910538
ABI1	21.40216846
ABI1P1	0
ABI2	1.658199473
ABI3	6.864194752
ABI3BP	3.463653656
ABL1	20.13248182
ABL2	5.176907011
ABLIM1	6.604528945
ABLIM2	0.22835283
ABLIM3	1.451193898
ABO	0.701815422
ABR	10.18161411
ABRA	0.007895773
ABRACL	18.84341029
ABRAXAS1	0.690877599
ABRAXAS2	8.139144625
ABT1	12.37013807
ABT1P1	0
ABTB1	2.736352745
ABTB2	4.144546497
AC000032.1	0.243667414
AC000036.1	0
AC000041.1	0
AC000041.2	0
AC000058.1	0.020291842
AC000061.1	0
AC000067.1	0.113690878
AC000068.1	0.357879582
AC000068.2	0.212799665
AC000068.3	0
AC000077.1	0
AC000078.1	0.303008972
AC000081.1	0
AC000089.1	0.353042584
AC000095.1	0
AC000099.1	0
AC000111.1	0
AC000111.2	0.056354546
AC000120.1	0.075293078
AC000123.1	0.653428772
AC000123.2	0.330303649
AC000123.3	0.465664123
AC000124.1	0
AC000362.1	0
AC000367.1	0
AC000372.1	0
AC000374.1	0
AC000403.1	0.309454835
AC001226.1	0.0201789
AC002044.1	0
AC002044.2	0.06727687
AC002044.3	0
AC002056.1	0.057244354
AC002056.2	0
AC002059.1	0.136810406
AC002064.1	0.059352946
AC002064.2	0.075269393
AC002064.3	0
AC002066.1	0.125531725
AC002069.1	0
AC002069.2	0
AC002070.1	0.128842179
AC002075.1	0.048268168
AC002075.2	0.086320852
AC002076.1	0.928727189
AC002076.2	0.089151043
AC002090.1	0
AC002091.1	2.421323133
AC002091.2	2.002128408
AC002094.1	0
AC002094.2	0
AC002094.3	0
AC002094.4	0.106284306
AC002094.5	0.172916173
AC002101.1	0
AC002115.1	0
AC002116.1	0
AC002116.2	0.33830256
AC002127.1	0
AC002127.2	0
AC002128.1	0.449616089
AC002128.2	0.193593366
AC002306.1	0.011607713
AC002310.1	0.291704947
AC002310.2	0.011341426
AC002310.3	0.045130404
AC002310.4	0
AC002310.5	0
AC002310.6	0.30014832
AC002347.1	0.020104302
AC002347.2	0.254419352
AC002350.1	0.458142725
AC002351.1	0.036620967
AC002366.1	0
AC002367.1	0.026855376
AC002368.1	0.056064058
AC002375.1	0.018720185
AC002378.1	0
AC002381.1	0
AC002383.1	0
AC002386.1	0
AC002398.1	0.866038708
AC002398.2	0.016479435
AC002400.1	0.014981305
AC002401.1	0.046480459
AC002401.2	0.101176068
AC002401.3	0.049438306
AC002401.4	0.652958757
AC002428.1	0
AC002428.2	0.157629381
AC002429.1	0
AC002429.2	0
AC002451.1	0.041712089
AC002451.2	0
AC002454.1	7.370532441
AC002456.1	0.900483429
AC002456.2	0
AC002460.1	0
AC002463.1	0
AC002464.1	0.007108776
AC002465.1	0
AC002467.1	0.585823828
AC002470.1	0.385493626
AC002472.1	0
AC002480.1	0.042419763
AC002480.2	0.210194113
AC002480.3	0.078107198
AC002480.4	0
AC002486.1	0
AC002486.2	0
AC002487.1	0
AC002504.1	0
AC002511.1	0.010876427
AC002511.2	0
AC002519.1	0.011686706
AC002519.2	0.059678613
AC002524.1	0.755583615
AC002525.1	0.053644524
AC002540.1	0.024187755
AC002542.1	0
AC002543.1	0.011132474
AC002545.1	0.060090759
AC002546.1	0
AC002550.1	0
AC002550.2	0.469287472
AC002551.1	0.018372343
AC002553.1	0.474657052
AC002553.2	0.722904533
AC002558.1	0.040634224
AC002558.2	0.01616111
AC002558.3	0
AC002563.1	0.048232494
AC002984.1	0.072833219
AC002985.1	0.031755992
AC002996.1	0.013872994
AC003001.1	0
AC003001.2	0
AC003002.1	0
AC003002.2	0.208760601
AC003002.3	0.098876612
AC003005.1	0.018037193
AC003005.2	0.081900808
AC003006.1	0
AC003009.1	0
AC003035.1	0.039986865
AC003035.2	0.015627051
AC003043.1	0
AC003045.1	0
AC003070.1	0.475992442
AC003070.2	0.084531818
AC003071.1	0.041355237
AC003071.2	0
AC003072.1	1.546158782
AC003080.1	0.014180479
AC003084.1	0
AC003087.1	0
AC003092.1	0.153333092
AC003092.2	0.024386608
AC003098.1	0
AC003101.1	0
AC003101.2	0.049214603
AC003101.3	0
AC003102.1	0.362187191
AC003659.1	0
AC003666.1	0.017801027
AC003669.1	0
AC003681.1	0.071057471
AC003682.1	0.117710252
AC003684.1	0
AC003685.1	0
AC003685.2	0
AC003686.1	0
AC003687.1	0
AC003688.1	0
AC003688.2	0
AC003956.1	0.091655286
AC003957.1	0.032551971
AC003958.1	0
AC003958.2	0.016045873
AC003965.1	0.146758389
AC003965.2	0.123129366
AC003973.1	0
AC003973.2	0
AC003973.3	0.11562467
AC003975.1	0
AC003976.1	0
AC003982.1	0
AC003984.1	0
AC003985.1	0
AC003985.2	0.013033466
AC003986.1	0
AC003986.2	0.057210898
AC003986.3	0
AC003988.1	0.018817348
AC003989.1	0
AC003989.2	0
AC003991.1	0.006744374
AC003991.2	0.037765373
AC004000.1	0.150712618
AC004004.1	0
AC004006.1	0
AC004009.1	0
AC004009.2	0
AC004009.3	0
AC004012.1	0.040735683
AC004014.1	0
AC004014.2	0
AC004022.1	0
AC004022.2	0.112709091
AC004023.1	0
AC004024.1	0.176136474
AC004034.1	0.10663164
AC004039.1	0.048636902
AC004052.1	0
AC004053.1	0.056746577
AC004054.1	0
AC004057.1	0.087360862
AC004062.1	0
AC004063.1	0
AC004066.1	0
AC004066.2	0
AC004067.1	0.528283612
AC004069.1	0.316981488
AC004069.2	0
AC004074.1	0
AC004076.1	0.074061275
AC004076.2	0.432045863
AC004080.1	0.014367804
AC004080.2	0.058685759
AC004080.3	0
AC004080.4	0
AC004080.5	0
AC004080.6	0
AC004112.1	0.123071313
AC004129.1	0
AC004129.2	0
AC004130.1	0.376304962
AC004134.1	0.048339677
AC004147.1	0
AC004147.2	0
AC004147.3	0
AC004147.4	0.040659541
AC004147.5	0
AC004148.1	0.054655414
AC004148.2	1.049479827
AC004149.1	0.039622686
AC004156.1	0.057791856
AC004158.1	0
AC004160.1	0.171025094
AC004160.2	0.173868287
AC004217.1	0
AC004217.2	0
AC004221.1	0.038660287
AC004223.1	0.040134418
AC004223.2	0
AC004223.3	0.010865562
AC004223.4	0.163801616
AC004224.1	0
AC004224.2	0.041120708
AC004231.1	0.026690619
AC004231.3	0
AC004232.1	0
AC004232.2	0
AC004232.3	0.310755066
AC004233.1	0.017888861
AC004233.2	0.022151583
AC004233.3	0.205700753
AC004233.4	0
AC004241.1	0.088767033
AC004241.2	0.171475205
AC004241.3	0.294526078
AC004241.4	0.029133287
AC004241.5	0.07997373
AC004253.1	0.26745313
AC004253.2	0
AC004257.1	0.03926508
AC004263.1	0.064167713
AC004264.1	0.178077525
AC004264.2	0.068877778
AC004381.1	0
AC004383.1	0.11290409
AC004386.1	0.028584566
AC004386.2	0
AC004408.1	0
AC004408.2	0.00391661
AC004415.1	0
AC004448.1	0
AC004448.2	0.018157642
AC004448.3	0
AC004449.1	0.100475079
AC004453.1	2.319238174
AC004453.2	0
AC004461.1	0.16193192
AC004466.1	0.05035383
AC004466.2	0.16862678
AC004466.3	0.159361572
AC004467.1	0
AC004470.1	0
AC004471.1	0.037376039
AC004471.2	0.071839018
AC004477.1	0.100123947
AC004477.2	0
AC004477.3	0.553038676
AC004485.1	0.020638382
AC004486.1	1.026958801
AC004490.1	0.019861993
AC004491.1	0
AC004492.1	0.307823414
AC004494.1	0.110420582
AC004494.2	0
AC004520.1	0.192435019
AC004522.1	0
AC004522.2	0.015994746
AC004528.1	0
AC004528.2	0
AC004540.1	0.511230425
AC004540.2	0.184973253
AC004542.1	0
AC004542.2	0
AC004543.1	0
AC004551.1	0.018915526
AC004552.1	0.500065623
AC004554.1	0
AC004584.1	0.039622686
AC004584.2	0
AC004584.3	0.032315361
AC004585.1	0.762620946
AC004585.2	0.007383861
AC004590.1	0
AC004593.1	0
AC004594.1	0.053470001
AC004596.1	0.226592235
AC004597.1	0
AC004623.1	0.046021554
AC004637.1	0
AC004656.1	6.550900061
AC004672.1	0.005209017
AC004672.2	0
AC004674.1	0
AC004674.2	0
AC004678.1	0.163907408
AC004678.2	0.075983025
AC004687.1	0.548841254
AC004690.1	0
AC004690.2	0
AC004691.1	0.059651338
AC004691.2	0.014208266
AC004692.1	0
AC004692.2	0.009026081
AC004696.1	0.519631617
AC004696.2	0.262874376
AC004702.1	0
AC004704.1	0.074623858
AC004706.1	0.111362737
AC004706.2	0
AC004706.3	0.132639357
AC004707.1	0.015211786
AC004754.1	0.121280411
AC004771.1	0.149247716
AC004771.2	0.099101843
AC004771.3	0.39478865
AC004771.4	0
AC004771.5	0.401344181
AC004775.1	0.014444127
AC004777.1	0.113690878
AC004790.1	0
AC004790.2	0
AC004792.1	0
AC004797.1	0.016948075
AC004801.1	0.060424596
AC004801.2	0.251316677
AC004801.3	0
AC004801.4	0
AC004801.5	0
AC004801.6	0.34475383
AC004801.7	0
AC004803.1	0.415017667
AC004805.1	0.006730462
AC004805.2	0
AC004805.3	0
AC004808.1	0
AC004808.2	0
AC004812.1	0
AC004812.2	0.503826861
AC004816.1	1.124100028
AC004816.2	0.229783675
AC004817.1	0
AC004817.2	0
AC004817.3	0.097065345
AC004817.4	0.003000394
AC004824.1	0
AC004825.1	0
AC004825.2	0.836648254
AC004828.1	0.033261246
AC004830.1	0.059694991
AC004832.1	0.00898136
AC004832.2	0
AC004832.3	0
AC004832.4	0.098577891
AC004832.5	0.216986081
AC004832.6	0.046348412
AC004835.1	0.007482922
AC004835.2	0
AC004836.1	0
AC004837.1	0
AC004837.2	0.148788335
AC004837.3	0
AC004839.1	0.021709436
AC004840.1	0.053666582
AC004840.2	0
AC004846.1	0.567000636
AC004846.2	0.223967615
AC004847.1	0.882180131
AC004852.1	0
AC004852.2	0
AC004852.3	0
AC004853.1	0
AC004854.1	0.062329096
AC004854.2	0.528348307
AC004858.1	0
AC004862.1	0
AC004865.1	0
AC004865.2	0.390706612
AC004866.1	0
AC004866.2	0
AC004869.1	0
AC004869.2	0
AC004870.1	0
AC004870.2	0.035382002
AC004870.3	0
AC004870.4	0.032909008
AC004872.1	0
AC004875.1	0
AC004877.1	0.002657324
AC004877.2	0.272364623
AC004882.1	0
AC004882.2	0
AC004884.1	0.034095383
AC004884.2	0.079680786
AC004888.1	0.039767559
AC004889.1	0.072541756
AC004890.1	0.660998344
AC004890.2	0.229191865
AC004890.3	0.178790586
AC004893.1	0.070271246
AC004895.1	0
AC004898.1	0.028397982
AC004899.1	0
AC004899.2	0
AC004906.1	0.022448766
AC004908.1	0.562920452
AC004908.2	0.397918072
AC004908.3	0.208827404
AC004910.1	0
AC004911.1	0.012487287
AC004917.1	0.020896114
AC004918.1	0.663885822
AC004918.3	0.693739687
AC004920.1	0
AC004921.1	0.504500038
AC004923.1	0.095616943
AC004923.2	0
AC004923.3	0
AC004923.4	0.250201981
AC004925.1	0.008038749
AC004930.1	0.04282058
AC004936.1	0
AC004938.1	0.070626151
AC004941.1	0
AC004941.2	0
AC004943.1	0.185867055
AC004943.2	2.001424354
AC004943.3	0.090636894
AC004944.1	0
AC004945.1	0
AC004946.1	0
AC004947.1	0.058664656
AC004947.2	0.057008604
AC004948.1	0.032370319
AC004951.1	0.145718479
AC004951.2	0.757219622
AC004951.3	0.288178843
AC004951.4	0.031434761
AC004965.1	0
AC004967.1	3.187498828
AC004969.1	0
AC004972.1	0
AC004973.1	0.034256464
AC004975.1	0.313743095
AC004975.2	0.134752197
AC004980.1	0.370707811
AC004980.2	0.568988148
AC004980.3	0.148992155
AC004980.4	0
AC004982.1	0.065718594
AC004982.2	0.220043327
AC004986.1	0
AC004987.1	0
AC004987.2	0.426340791
AC004987.3	0
AC004987.4	0
AC004988.1	0.276363201
AC004990.1	0.004732997
AC004994.1	0
AC004997.1	0.015862558
AC005000.1	0.490949843
AC005000.2	0
AC005002.1	0
AC005002.2	0
AC005005.1	0.015947841
AC005005.2	0
AC005005.3	0.308551129
AC005005.4	0.001302722
AC005006.1	0.043680431
AC005008.1	0
AC005008.2	0
AC005009.1	0
AC005009.2	0
AC005011.1	0.051792511
AC005013.1	0
AC005014.1	0.043856562
AC005014.2	0.290522265
AC005014.3	0.114488708
AC005019.1	0.02523533
AC005019.2	0
AC005020.1	0.165420947
AC005020.2	0.060201627
AC005021.1	0.061275647
AC005033.1	0
AC005034.1	0
AC005034.2	0.052543127
AC005034.3	4.308235655
AC005034.4	0.120983618
AC005034.5	0.676859209
AC005037.1	0.033534719
AC005040.1	0
AC005041.1	1.296455608
AC005041.2	0
AC005041.3	0.318416207
AC005042.1	0.081573205
AC005042.2	0.063978984
AC005042.3	0
AC005046.1	0.817907333
AC005050.1	0.059325967
AC005052.1	0.021822687
AC005062.1	0.004241976
AC005064.1	0.003991349
AC005066.1	0
AC005070.1	0
AC005070.2	0
AC005070.3	0.18908377
AC005072.1	0.012227574
AC005076.1	0.453184471
AC005077.1	0
AC005077.2	0.155131293
AC005077.3	0
AC005077.4	0.227175735
AC005082.1	0.802490947
AC005083.1	0.289716154
AC005084.1	0
AC005086.1	0
AC005086.2	0
AC005086.3	0
AC005086.4	0
AC005088.1	0
AC005089.1	0.019413525
AC005090.1	0
AC005091.1	0.027419565
AC005094.1	0
AC005096.1	0.052458653
AC005099.1	1.212454191
AC005102.1	0.045413058
AC005104.1	0.639789841
AC005104.2	0.064167713
AC005105.1	0
AC005150.1	0
AC005154.1	0.430984056
AC005154.2	0.114790789
AC005154.3	0.22642957
AC005154.4	0
AC005154.5	0.206888563
AC005154.6	0.015831772
AC005156.1	0.056944646
AC005160.1	0
AC005162.1	0
AC005162.2	0.018817348
AC005162.3	0.013274728
AC005165.1	0.699931811
AC005165.2	0.515199188
AC005176.1	0
AC005176.2	0
AC005178.1	0
AC005180.1	0.092644185
AC005180.2	0.135471514
AC005181.1	0
AC005183.1	0
AC005185.1	0
AC005186.1	0
AC005189.1	0
AC005191.1	0
AC005197.1	0.047773473
AC005208.1	0
AC005209.1	0
AC005220.1	0
AC005224.1	0.134451606
AC005224.2	0
AC005224.3	0.025412213
AC005224.4	0.901979746
AC005225.1	0.058038566
AC005225.2	0.142020813
AC005225.3	0.167652059
AC005225.4	0.166201586
AC005229.1	0.026592732
AC005229.2	0
AC005229.3	0
AC005229.4	1.113374041
AC005230.1	0.038162903
AC005234.1	0
AC005237.1	0.058370808
AC005237.2	0
AC005244.1	0.032083856
AC005244.2	0
AC005252.1	0
AC005252.2	0
AC005252.3	0
AC005253.1	0.407662193
AC005253.2	0
AC005255.1	2.416983844
AC005256.1	0
AC005258.1	0
AC005261.1	8.57495689
AC005261.2	0.343466125
AC005261.3	4.162098533
AC005261.4	0.09191347
AC005261.5	0.415609695
AC005262.1	0.150226896
AC005262.2	0
AC005264.1	0.042211231
AC005274.1	0.01356163
AC005277.1	0
AC005277.2	0.1115531
AC005280.1	0.015994746
AC005281.1	0
AC005288.1	9.85201961
AC005291.1	0.237550674
AC005291.2	0.353535878
AC005294.1	0
AC005296.1	0
AC005297.1	0
AC005297.2	0
AC005297.3	0
AC005300.1	0.029159323
AC005301.1	0
AC005303.1	0
AC005304.1	0
AC005304.2	0.010975204
AC005304.3	0.021284594
AC005306.1	0.104692883
AC005307.1	0.006927661
AC005323.1	0.014757703
AC005323.2	0
AC005324.1	0
AC005324.2	0
AC005324.3	0.011835068
AC005324.4	0
AC005324.5	0.076192135
AC005324.6	0
AC005326.1	0
AC005329.1	0.009137295
AC005329.2	0
AC005329.3	0.031848982
AC005330.1	0.219637062
AC005332.1	0.049815698
AC005332.2	0.056354546
AC005332.3	0.070795519
AC005332.4	2.536207262
AC005332.5	0.520766594
AC005332.6	0.620373915
AC005332.7	7.46195149
AC005332.8	0.087854825
AC005336.1	0.008750143
AC005336.2	0.150578866
AC005336.3	0.020299416
AC005339.1	0
AC005341.1	0
AC005342.1	0
AC005342.2	0
AC005344.1	0
AC005345.1	0
AC005351.1	0
AC005355.1	0
AC005355.2	0
AC005357.1	0
AC005357.2	0
AC005358.1	0
AC005358.2	0.02069448
AC005363.1	0
AC005363.2	0.089887829
AC005377.1	0
AC005379.1	0
AC005381.1	0.002719787
AC005383.1	0.285149779
AC005387.1	0.154494706
AC005387.2	0.098876612
AC005391.1	0.095687044
AC005392.1	0
AC005392.2	0.433611719
AC005392.3	0
AC005393.1	0.316608329
AC005394.1	0
AC005410.1	0.117456018
AC005412.1	0
AC005476.1	0.054793085
AC005476.2	0.48066431
AC005479.1	0.424716176
AC005479.2	0.630883254
AC005480.1	0.008254309
AC005480.2	0
AC005481.1	0.040912487
AC005482.1	0.189155257
AC005486.1	0
AC005487.1	0
AC005495.1	0.005305574
AC005498.1	0.140340997
AC005498.2	0.167329651
AC005498.3	0.409528069
AC005514.1	0
AC005515.1	0.097337676
AC005515.2	0
AC005518.1	0
AC005518.2	0
AC005519.1	0.421690305
AC005520.1	0.005887105
AC005520.2	0.948525636
AC005520.3	0.029395749
AC005520.4	0
AC005520.5	0
AC005521.1	0
AC005522.1	0.024009773
AC005523.1	0
AC005523.2	0
AC005529.1	0
AC005531.1	0.015994746
AC005532.1	0.026377754
AC005532.2	0.029159323
AC005534.1	0.058633031
AC005534.2	0.075356309
AC005537.1	0.52938363
AC005538.1	0
AC005538.2	0
AC005539.1	0
AC005540.1	0.071010407
AC005544.1	0.023644407
AC005544.2	0
AC005546.1	0.278169496
AC005549.1	0
AC005550.1	0
AC005550.2	0.011623219
AC005552.1	0
AC005559.1	0
AC005562.1	0.331554444
AC005562.2	0
AC005578.1	0.031989492
AC005580.1	0
AC005586.1	0.414699134
AC005586.2	0.441814251
AC005587.1	0.036744687
AC005588.1	0
AC005592.1	0.006631968
AC005593.1	0
AC005597.1	0.025896255
AC005606.1	0
AC005606.2	0
AC005609.1	0
AC005609.2	0
AC005609.3	0
AC005609.4	0
AC005609.5	0
AC005614.1	0.002977396
AC005614.2	0
AC005616.1	0
AC005618.1	0.196936581
AC005618.2	0
AC005618.3	0
AC005625.1	0
AC005632.1	0
AC005632.2	0.144493599
AC005632.3	0
AC005632.4	0
AC005670.1	0.027535259
AC005670.2	0
AC005674.1	0.14217552
AC005674.2	0.412126732
AC005682.1	1.430913748
AC005691.1	0
AC005692.1	0
AC005692.2	0
AC005695.1	0.051774248
AC005695.2	0
AC005695.3	0.375049217
AC005696.1	0.220965792
AC005696.2	0
AC005696.3	0.287166397
AC005696.4	0.124420522
AC005697.1	0.168192175
AC005697.2	0.014399507
AC005699.1	0
AC005702.1	0
AC005702.2	0.007516536
AC005702.3	0.026145258
AC005702.4	0.025834744
AC005703.1	0
AC005703.2	0
AC005703.3	0
AC005703.4	0.020216408
AC005703.5	0
AC005703.6	0.163678364
AC005722.1	0
AC005722.2	0.006454853
AC005722.3	0
AC005725.1	0.03754808
AC005726.1	0.324467688
AC005726.2	0.02871664
AC005726.3	0.807420367
AC005726.4	0
AC005726.5	0.010042869
AC005730.1	0
AC005730.2	0.027558515
AC005730.3	0.089151043
AC005736.1	0.202860193
AC005736.2	0.16862678
AC005736.3	0
AC005740.1	0
AC005740.2	0
AC005740.3	0.063235042
AC005740.4	0.125016406
AC005741.1	0
AC005746.1	0.106390937
AC005746.2	0.115706673
AC005746.3	0
AC005753.1	0
AC005757.1	0
AC005758.1	0
AC005759.1	0.0358958
AC005771.1	0
AC005772.1	0
AC005774.1	0
AC005775.1	0.03838739
AC005776.1	0.150019687
AC005776.2	0.233637217
AC005777.1	0
AC005779.1	0.040283064
AC005779.2	0
AC005785.1	0.176436026
AC005785.2	0.275788965
AC005786.1	0.070626151
AC005786.2	0
AC005786.3	0
AC005786.4	0
AC005789.1	0
AC005790.1	0.048339677
AC005796.1	0.02511877
AC005798.1	0
AC005808.1	0.028547053
AC005821.1	0.041918399
AC005822.1	0.073631519
AC005823.1	0
AC005823.2	0
AC005828.1	0.041513081
AC005828.2	0.019353073
AC005828.3	0
AC005828.4	0.039407345
AC005828.5	0.153189117
AC005828.6	0.234405761
AC005828.7	0.039123839
AC005829.1	0.096822795
AC005829.2	0
AC005831.1	2.294496743
AC005832.1	0.019014733
AC005832.2	0.007605893
AC005832.3	0
AC005832.4	0
AC005833.1	0.026124325
AC005833.2	0
AC005833.3	0
AC005837.1	0.107687399
AC005837.2	0
AC005837.3	0.152117864
AC005838.1	0
AC005838.2	0.377415458
AC005839.1	0.375749589
AC005840.1	0.346199277
AC005840.2	0.512754476
AC005840.3	0.065415561
AC005840.4	0.490256322
AC005841.1	0.113690878
AC005842.1	0.04462124
AC005845.1	0.033312182
AC005856.1	0.304235729
AC005858.1	0
AC005858.2	0
AC005858.3	0
AC005863.1	0.388184697
AC005865.1	0.097757502
AC005865.2	0.042504492
AC005868.1	0
AC005871.1	0
AC005871.2	0
AC005884.1	0.025352977
AC005884.2	0
AC005899.1	0.019318699
AC005899.2	0
AC005899.3	0
AC005899.4	0
AC005899.5	0.019703673
AC005899.6	0.146483869
AC005899.7	0.055491976
AC005899.8	0.012614007
AC005901.1	0
AC005906.1	0
AC005906.2	0.015001969
AC005908.1	0
AC005908.2	0.123129366
AC005909.1	0
AC005911.1	0.214666328
AC005912.1	14.97108228
AC005912.2	0.009063689
AC005915.1	0
AC005920.1	0
AC005920.2	0
AC005920.3	0
AC005920.4	0
AC005921.1	0
AC005921.2	0
AC005921.3	0.015169355
AC005943.1	0
AC005943.2	0
AC005944.1	0
AC005951.1	0
AC005954.1	0.096822795
AC005954.2	0.01956192
AC005962.1	0.100089822
AC005972.1	0.08348135
AC005972.2	0
AC005972.3	0
AC005993.1	2.712257689
AC005996.1	0.096422228
AC005999.1	0
AC006001.1	0.206514442
AC006001.2	4.765684029
AC006001.3	2.83000861
AC006001.4	51.16051119
AC006003.1	0
AC006004.1	0
AC006006.1	0
AC006007.1	0
AC006011.1	0
AC006011.2	0.018784849
AC006012.1	0.031480253
AC006013.1	0
AC006015.1	0
AC006017.1	0.080805552
AC006019.1	0
AC006019.2	0
AC006019.3	0
AC006020.1	0.023465863
AC006022.1	0
AC006023.1	0
AC006023.2	0
AC006026.1	0.006032406
AC006026.2	0
AC006026.3	0.456353593
AC006027.1	0
AC006028.1	0
AC006030.1	0.032248747
AC006033.1	0.025531519
AC006033.2	0.281858634
AC006037.1	0
AC006037.2	0
AC006041.1	0
AC006042.1	0.186808866
AC006042.2	0.01914864
AC006042.3	0.111059503
AC006042.4	0.062869522
AC006055.1	0
AC006058.1	0.090153927
AC006058.2	0
AC006058.3	0.010174394
AC006058.4	0.084666799
AC006059.1	0.235540464
AC006063.1	0
AC006064.1	0.077688766
AC006064.2	0.292217309
AC006064.3	0.182413875
AC006064.4	0
AC006064.5	0
AC006065.1	0
AC006065.2	0
AC006065.3	0
AC006065.4	0
AC006065.5	0
AC006065.6	0
AC006070.1	0
AC006076.1	0
AC006077.1	0
AC006077.2	0.11899811
AC006111.1	0
AC006111.2	0.081471366
AC006111.3	0
AC006115.1	0.042075154
AC006115.2	0
AC006116.1	0.050098698
AC006116.10	0.093600923
AC006116.2	0.01100853
AC006116.3	0
AC006116.4	0.072188677
AC006116.5	0.272397106
AC006116.6	0.029582305
AC006116.7	0
AC006116.8	0.025722729
AC006116.9	0
AC006122.1	0
AC006128.1	0.798870638
AC006130.1	0.019597166
AC006130.2	0.033363274
AC006133.1	0
AC006141.1	0.005012178
AC006144.1	0
AC006145.1	0
AC006146.1	0
AC006148.1	0
AC006148.2	0
AC006150.1	0
AC006153.1	0
AC006157.1	0
AC006158.1	0
AC006159.1	0.225418182
AC006159.2	0.01571738
AC006160.1	0.116015225
AC006195.1	0.011783778
AC006197.1	0
AC006199.1	0
AC006205.1	0
AC006205.2	0
AC006206.1	0.01284491
AC006206.2	3.342941806
AC006210.1	0
AC006210.2	0.007058032
AC006213.1	0.130861105
AC006213.2	0.357092004
AC006213.3	0.42075154
AC006213.4	1.012159638
AC006213.5	0.981899687
AC006213.6	0.101502911
AC006236.1	0
AC006237.1	0
AC006238.1	0.14257489
AC006249.1	0
AC006252.1	0.197573611
AC006254.1	0.098172028
AC006254.2	0.077967221
AC006254.3	0
AC006262.1	1.510666014
AC006262.2	0.269028237
AC006262.3	0.042156695
AC006262.4	0.076058932
AC006270.1	0.045508064
AC006270.2	0.016681637
AC006270.3	0
AC006272.1	0.197036726
AC006272.2	0.282838535
AC006273.1	0.227381755
AC006277.1	0.148621988
AC006288.1	0
AC006296.1	0
AC006296.2	0
AC006299.1	0.02695521
AC006305.1	2.452704794
AC006305.2	0
AC006305.3	0.047913777
AC006326.1	0
AC006328.1	0
AC006329.1	0.555392032
AC006329.2	0
AC006330.1	0.093054486
AC006333.1	0
AC006333.2	0.652896541
AC006335.1	0
AC006335.2	0
AC006335.3	0
AC006338.1	0
AC006338.2	0
AC006349.1	0
AC006355.1	0
AC006355.2	0.034310496
AC006357.1	0
AC006362.1	0
AC006363.1	0
AC006366.1	0
AC006369.1	0.198474951
AC006369.2	0
AC006372.1	0
AC006372.2	0.074496077
AC006372.3	0.005372402
AC006372.4	0.007048884
AC006378.1	0.410431219
AC006378.2	0.021963706
AC006380.1	0
AC006386.1	0
AC006386.2	0
AC006387.1	0
AC006390.1	0
AC006427.1	0
AC006435.1	0
AC006435.2	0.255604855
AC006435.3	0
AC006435.4	0
AC006435.5	0
AC006441.1	0.074666549
AC006441.2	0
AC006441.3	0
AC006441.4	0.011064524
AC006441.5	0
AC006445.1	0.026855376
AC006445.2	0.046086556
AC006449.1	0
AC006449.2	0.469969081
AC006449.3	0.057956096
AC006449.5	0.248841044
AC006449.6	0.876367182
AC006449.7	0
AC006450.1	0
AC006450.2	0
AC006450.3	0.015204698
AC006455.1	0
AC006455.2	0
AC006455.3	0
AC006455.4	0
AC006455.5	0
AC006455.6	0
AC006455.7	0
AC006455.8	0
AC006457.1	0
AC006458.1	0
AC006460.1	0.406053286
AC006461.1	0
AC006463.1	0
AC006466.1	0
AC006480.1	0.891982133
AC006480.2	0.317263025
AC006482.1	0
AC006483.1	0.382238659
AC006483.2	0.021119276
AC006484.1	0
AC006486.1	0
AC006486.2	0.138490207
AC006487.1	0.008907803
AC006487.2	0.018849961
AC006499.1	0
AC006499.2	0
AC006499.3	0
AC006499.4	0
AC006499.5	0
AC006499.6	0
AC006499.7	0
AC006499.8	0
AC006504.1	0.207678645
AC006504.2	0
AC006504.3	0.311943422
AC006504.4	0
AC006504.5	1.235524906
AC006504.6	0
AC006504.7	0
AC006504.8	0.685129279
AC006509.1	0
AC006509.2	0
AC006511.1	0
AC006511.2	0
AC006511.3	0.189102213
AC006512.1	0.112128116
AC006512.2	0.02237948
AC006517.1	0
AC006518.1	0.011533857
AC006518.2	0
AC006529.1	0
AC006530.1	0
AC006538.1	0.219587176
AC006538.2	0
AC006538.3	0
AC006539.1	0
AC006539.2	0.019014733
AC006539.3	0
AC006547.1	0.873184723
AC006547.2	0
AC006547.3	0
AC006548.1	0
AC006548.2	0
AC006557.1	0.010024357
AC006557.2	0
AC006557.3	0
AC006557.4	0
AC006557.5	0
AC006557.6	0.075530745
AC006566.1	0.106008063
AC006581.1	0
AC006600.1	0.07108776
AC006600.2	0
AC006840.1	0
AC006924.1	0
AC006927.1	0.021840215
AC006942.1	0.167329651
AC006946.1	0.298438554
AC006946.2	0.072382528
AC006946.3	0.071934043
AC006947.1	0
AC006960.1	0.21326328
AC006960.2	0.040965828
AC006960.3	0.030855113
AC006963.1	0.051694046
AC006965.1	0.022682852
AC006967.1	0
AC006967.2	0
AC006967.3	0.019901971
AC006970.1	0.083879902
AC006970.2	0
AC006971.1	0.033943375
AC006978.1	4.874120175
AC006978.2	0.08165486
AC006986.1	0
AC006987.1	0
AC006987.2	0
AC006987.3	0
AC006987.4	0
AC006989.1	0
AC006994.1	0.012963561
AC006994.2	0.008464146
AC007000.1	0.219172338
AC007000.2	0
AC007000.3	0.052883763
AC007001.1	0
AC007003.1	0
AC007009.1	0
AC007012.1	0
AC007012.2	0
AC007014.1	0
AC007014.2	0.113532644
AC007016.1	0.133726565
AC007029.1	0.034748969
AC007032.1	0.07704671
AC007036.1	0.096822795
AC007036.2	0.049777699
AC007036.3	0
AC007038.1	0.074191182
AC007038.2	0.499727741
AC007040.1	0
AC007040.2	0.02687951
AC007041.1	0.028250461
AC007064.1	0
AC007064.2	0
AC007064.3	0
AC007066.1	0
AC007066.2	0.309128076
AC007068.1	0
AC007068.2	0
AC007091.1	0
AC007098.1	0
AC007099.1	0.018356839
AC007099.2	0
AC007100.1	0
AC007106.1	0.018127379
AC007114.1	0.775979024
AC007114.2	0.02286565
AC007115.1	0
AC007126.1	0.013649564
AC007128.1	0.997837367
AC007128.2	0.546196131
AC007136.1	0
AC007151.1	0.067555449
AC007159.1	0
AC007160.1	0.068190767
AC007161.1	0
AC007161.2	0.019614837
AC007163.1	0.012401856
AC007179.1	0
AC007179.2	0
AC007179.3	0
AC007182.1	0.020150861
AC007182.2	0.216446314
AC007191.1	0.689990379
AC007192.1	0
AC007192.2	0
AC007193.1	0
AC007193.2	0.115216391
AC007193.3	0
AC007204.1	0.039194333
AC007204.2	0.017656538
AC007207.1	0.012573904
AC007207.2	0.184973253
AC007215.1	0.039407345
AC007216.1	0
AC007216.2	0.028324029
AC007216.3	0.06547682
AC007216.4	0.135471514
AC007216.5	0
AC007218.1	0
AC007220.1	0.051547049
AC007221.1	0.013663853
AC007223.1	0
AC007224.1	0
AC007224.2	0.021326328
AC007225.1	0.05331582
AC007225.2	0
AC007228.1	0
AC007228.2	0.573305656
AC007229.1	0.712775575
AC007237.1	0
AC007238.1	0.218653047
AC007249.1	0.110085297
AC007249.2	0.241974138
AC007250.1	0.096536337
AC007253.1	0
AC007255.1	0.007553075
AC007255.2	0
AC007256.1	0.015734434
AC007262.1	0
AC007271.1	0
AC007272.1	0.034283459
AC007274.1	0
AC007274.2	0
AC007274.3	0
AC007275.1	0
AC007277.1	0.010953099
AC007278.1	0.081962527
AC007278.2	0.018127379
AC007279.1	0.077967221
AC007283.1	0
AC007283.2	0.110420582
AC007285.1	0.057064152
AC007285.2	0.146978747
AC007292.1	0.306172886
AC007292.2	0.228092846
AC007292.3	0.030466183
AC007298.1	0.033159839
AC007298.2	0.02523533
AC007308.1	0
AC007312.1	0
AC007314.1	0.057750941
AC007318.1	1.913559854
AC007318.2	0.17903584
AC007319.1	0.110833159
AC007322.1	0
AC007322.2	0
AC007322.3	0
AC007322.4	0
AC007326.1	0.142485947
AC007326.2	0
AC007327.1	0
AC007327.2	0
AC007333.1	0
AC007333.2	0
AC007336.1	0.133540252
AC007336.2	0.078107198
AC007336.3	0.040283064
AC007342.1	0.015405704
AC007342.2	0
AC007342.3	0.04278095
AC007342.4	1.042406233
AC007342.5	0.919063184
AC007342.6	0.067086676
AC007342.7	0.944764545
AC007342.8	1.251270397
AC007342.9	1.099422254
AC007344.1	0
AC007346.1	0
AC007346.2	0
AC007347.1	0.309649176
AC007347.2	0
AC007349.1	0
AC007349.2	0
AC007349.3	0
AC007349.4	0
AC007359.1	0
AC007362.1	0.080417207
AC007363.1	0
AC007364.1	0.095780671
AC007365.1	0.34693548
AC007365.2	0.854915683
AC007368.1	0
AC007368.2	0
AC007370.1	0
AC007370.2	0
AC007375.1	0
AC007375.2	0
AC007375.3	0.018801084
AC007376.1	0
AC007376.2	0.060424596
AC007378.1	0.045508064
AC007381.1	0.02712326
AC007382.1	0.660562238
AC007383.1	0.017101301
AC007383.2	1.293810984
AC007383.3	0
AC007383.4	0.005268311
AC007384.1	0.410232751
AC007386.1	0.093440097
AC007387.1	0.290038061
AC007388.1	0.401754991
AC007389.1	0.014793835
AC007389.2	0
AC007389.3	0.059111018
AC007389.4	0.123439906
AC007389.5	0.219282808
AC007390.1	0
AC007390.2	0.134418113
AC007391.1	0
AC007394.1	0
AC007395.1	0
AC007402.1	0
AC007403.1	0
AC007405.1	0.080842513
AC007405.2	0.065363145
AC007405.3	0.899807843
AC007406.1	0
AC007406.2	0
AC007406.3	0.229654293
AC007406.4	0
AC007406.5	2.607597712
AC007422.1	0
AC007422.2	0
AC007423.1	0.017346774
AC007424.1	0.008283646
AC007431.1	0.015405704
AC007431.2	0
AC007431.3	0.018528837
AC007435.1	0
AC007448.1	0
AC007448.2	0.085866531
AC007448.3	0.189429793
AC007450.1	0
AC007450.2	0
AC007450.3	0
AC007450.4	0
AC007458.1	0
AC007463.1	0.013663853
AC007485.1	0.105596382
AC007485.2	1.715957036
AC007490.1	0.030942894
AC007493.1	0
AC007493.2	0.091016128
AC007494.1	0.042933266
AC007494.2	0
AC007494.3	0.029277059
AC007495.1	0.01352453
AC007495.2	0
AC007496.1	0.014717764
AC007496.2	0
AC007496.3	0.006317994
AC007497.1	0.697952554
AC007513.1	0
AC007527.1	0
AC007527.2	0
AC007529.1	0
AC007533.1	0
AC007536.1	0
AC007537.1	1.463494805
AC007537.2	0
AC007540.1	0
AC007541.1	0.370198342
AC007546.1	0.175112425
AC007546.2	0
AC007547.1	0
AC007547.2	0
AC007551.1	0.020956507
AC007551.2	0
AC007552.1	0.011732931
AC007552.2	0.180371929
AC007556.1	0
AC007557.1	0
AC007557.2	0
AC007557.3	0.003469355
AC007557.4	0
AC007559.1	0.030637823
AC007560.1	0.27535259
AC007562.1	0
AC007563.1	0
AC007563.2	0
AC007563.3	0
AC007566.1	0.527529997
AC007566.2	0
AC007568.1	0
AC007569.1	0.227911166
AC007570.1	0.144297543
AC007595.1	0
AC007598.1	0.02427774
AC007598.2	0
AC007598.3	0.012963561
AC007599.1	0
AC007599.2	0.022061719
AC007601.1	0.011019683
AC007601.2	0
AC007603.1	0
AC007603.2	0
AC007608.1	0.105724688
AC007608.2	0.009490774
AC007608.3	0.051547049
AC007608.4	0.009696666
AC007610.1	0.043680431
AC007610.2	0.114316803
AC007610.3	0
AC007610.4	0.025591594
AC007611.1	0.651113555
AC007613.1	0.058633031
AC007614.1	0
AC007614.2	0
AC007618.1	0
AC007619.1	0.34318824
AC007619.2	0
AC007620.1	0
AC007620.2	0
AC007620.3	0
AC007621.1	0
AC007622.1	0.101648853
AC007622.2	0.177677926
AC007631.1	0
AC007637.1	0.274898712
AC007638.1	0
AC007638.2	0.00625082
AC007639.1	0.052227742
AC007652.1	0
AC007655.1	0
AC007656.1	0
AC007656.2	0
AC007663.1	0.175426247
AC007663.2	0.034171899
AC007663.3	0.046780332
AC007663.4	0.275788965
AC007666.1	0.049942778
AC007671.1	0.288290844
AC007673.1	0
AC007677.1	0
AC007679.1	0
AC007679.2	0
AC007681.1	0.129707248
AC007683.1	0.515296048
AC007683.2	0
AC007684.1	0.068405203
AC007685.1	0.192503138
AC007686.1	0.070473611
AC007686.2	0
AC007686.3	0.099812353
AC007687.1	0.071555443
AC007688.1	0.587527693
AC007688.2	0
AC007690.1	0.023240229
AC007718.1	0
AC007728.1	0.013361704
AC007728.2	0.453972618
AC007728.3	0.131216951
AC007731.1	0
AC007731.2	0.268238371
AC007731.3	0
AC007731.4	0.033363274
AC007731.5	0
AC007738.1	0
AC007741.1	0
AC007742.1	0
AC007742.2	0
AC007743.1	0.354443227
AC007744.1	0
AC007749.1	0
AC007750.1	0.122971394
AC007751.1	0
AC007751.2	0.037376039
AC007773.1	0.358071681
AC007780.1	0.105086254
AC007785.1	3.734676843
AC007785.2	0.022706529
AC007785.3	0.196477396
AC007786.1	0.106501124
AC007786.2	0.027089483
AC007786.3	0
AC007787.1	0.006870769
AC007787.2	0.054472925
AC007790.1	0.02781695
AC007792.1	0
AC007795.1	0
AC007823.1	0.395885285
AC007834.1	0.014940147
AC007834.2	0.063419401
AC007842.1	0.330720202
AC007848.1	0.572850975
AC007848.2	0.03778724
AC007849.1	0.042403225
AC007849.2	0.046184405
AC007861.1	0.016137132
AC007861.2	0
AC007876.1	0
AC007878.1	0.134692598
AC007879.1	0.01963254
AC007879.2	0.07895773
AC007879.3	0.109260913
AC007879.4	0.150643037
AC007881.1	0
AC007881.2	0.019081451
AC007881.3	0.017918332
AC007899.1	0.084204598
AC007906.1	0.021326328
AC007906.2	1.285138238
AC007907.1	0
AC007919.1	0.10024357
AC007919.2	0
AC007920.1	0.004067475
AC007922.1	0
AC007922.2	0
AC007922.3	0
AC007923.1	0.02153748
AC007923.2	0
AC007923.3	0
AC007923.4	0.076594558
AC007938.1	0.011243722
AC007938.2	0.016516974
AC007938.3	0.506286343
AC007948.1	0
AC007950.1	0
AC007950.2	0.004634183
AC007952.1	0
AC007952.2	0.014047694
AC007952.3	0
AC007952.4	0
AC007952.5	0
AC007952.6	0.020344982
AC007952.7	0
AC007952.8	0
AC007952.9	0
AC007953.1	0.077688766
AC007953.2	0
AC007954.1	0.022017059
AC007956.1	0.140470463
AC007966.1	0.177333054
AC007967.1	0
AC007967.2	0
AC007967.3	0
AC007967.4	0
AC007969.1	7.056295115
AC007969.2	0.056944646
AC007991.1	0
AC007991.2	2.026001163
AC007991.3	0.04333238
AC007991.4	0.215730789
AC007992.1	0
AC007992.2	0
AC007993.1	0.007164972
AC007993.2	0
AC007996.1	0.759537816
AC007998.1	0
AC007998.2	0.023904236
AC007998.3	0.415584012
AC007998.4	0.004293892
AC007998.5	0
AC008011.1	0
AC008011.2	0.714108863
AC008013.1	0.033042311
AC008013.2	0.093762304
AC008013.3	0
AC008014.1	0.498156975
AC008015.1	0
AC008026.1	2.189884691
AC008026.2	0.062508203
AC008026.3	0.025486649
AC008033.1	0
AC008033.2	0.184346225
AC008033.3	0.038651128
AC008035.1	0.606943488
AC008040.1	0.006817367
AC008040.2	0
AC008040.3	0
AC008040.4	0
AC008040.5	0
AC008050.1	0.034419074
AC008055.1	0
AC008056.1	0
AC008056.2	0
AC008060.1	0
AC008060.2	0
AC008060.3	0
AC008060.4	0
AC008063.1	0.050983253
AC008063.2	0.052712895
AC008065.1	0.125016406
AC008066.1	0
AC008067.1	0
AC008069.1	0.011448871
AC008072.1	0
AC008073.1	0.040060506
AC008073.2	0.01827971
AC008073.3	0.004768272
AC008074.1	0.376086698
AC008074.2	0.076058932
AC008074.3	2.846007982
AC008079.1	0.005850687
AC008079.2	0.031995766
AC008080.1	0
AC008080.2	0.037699921
AC008080.3	0
AC008080.4	0.004560347
AC008083.1	0.032809735
AC008083.2	0.255915936
AC008083.3	0
AC008088.1	0
AC008103.1	0
AC008105.1	0.09960967
AC008105.2	0.060818792
AC008105.3	0.409437973
AC008109.1	0.05267035
AC008114.1	0.050943453
AC008115.1	0
AC008115.2	0
AC008115.3	0.416038203
AC008115.4	0.168409197
AC008121.1	0
AC008121.2	0.083184912
AC008121.3	0
AC008124.1	0.911026541
AC008125.1	0
AC008126.1	0.022659224
AC008127.1	0
AC008127.2	0
AC008132.1	0.005658175
AC008132.2	0
AC008133.1	0
AC008133.2	0
AC008134.1	0
AC008147.1	0
AC008147.2	0.124618518
AC008147.3	0.122897484
AC008147.4	0.027100732
AC008149.1	0.062151013
AC008154.1	0
AC008154.2	0.026271564
AC008155.1	0.429767644
AC008155.2	0
AC008162.1	0
AC008162.2	0
AC008163.1	0
AC008164.1	0.015318912
AC008171.1	0
AC008175.1	0
AC008175.2	0
AC008243.1	0.026335175
AC008250.1	0.041672135
AC008250.2	0.053055743
AC008264.1	0
AC008264.2	0.011660603
AC008267.1	0.050871971
AC008267.2	1.135189953
AC008267.3	1.222070483
AC008267.4	0.12525636
AC008267.5	8.842132562
AC008267.6	0
AC008267.7	0
AC008267.8	0.045546178
AC008268.1	0.194395483
AC008269.1	0.016836575
AC008269.2	0
AC008277.1	0.021580213
AC008277.2	0
AC008278.1	0.01914864
AC008278.2	0
AC008280.1	0
AC008280.2	0
AC008280.3	0.43089671
AC008378.1	0
AC008379.1	0
AC008385.1	0.030637823
AC008392.1	0.02488885
AC008393.1	0.426379887
AC008395.1	0
AC008403.1	0
AC008403.2	0
AC008403.3	0.047913777
AC008406.1	0
AC008406.2	0
AC008406.3	0.015831772
AC008410.1	0
AC008413.1	0
AC008413.2	0
AC008415.1	0
AC008417.1	0.019250314
AC008427.1	0.016605233
AC008429.1	0.093897214
AC008429.2	0.25176915
AC008429.3	0
AC008429.4	0
AC008432.1	0
AC008434.1	0.099056715
AC008438.1	0.574528946
AC008438.2	0
AC008440.1	0.173428226
AC008440.2	0
AC008440.3	0.058791499
AC008443.1	0.285703253
AC008443.2	0
AC008443.3	0.871699091
AC008443.4	0
AC008443.5	0.537107521
AC008443.6	0.036645645
AC008443.7	1.680098526
AC008446.1	0
AC008448.1	0
AC008453.1	0
AC008456.1	0
AC008464.1	0.164048677
AC008467.1	0.031808232
AC008474.1	0
AC008481.1	0.714108863
AC008481.2	0.081931656
AC008481.3	0
AC008489.1	0
AC008494.1	0.12297468
AC008494.2	0.029395749
AC008494.3	0.276519338
AC008496.1	0
AC008496.2	0.023644407
AC008498.1	0.061448742
AC008498.2	0
AC008507.1	0.518630729
AC008507.2	0.027745988
AC008507.3	0
AC008514.1	0.027396542
AC008514.2	0.081349494
AC008517.1	0
AC008521.1	0
AC008521.2	0
AC008522.1	0.011235979
AC008525.1	0
AC008525.2	0
AC008526.1	0.064357558
AC008534.1	0.005606406
AC008537.1	0
AC008537.2	0.518999643
AC008537.3	0.213943546
AC008539.1	0
AC008543.1	0.048225365
AC008543.2	0
AC008543.3	0
AC008543.4	0.049214603
AC008543.5	0
AC008549.1	0
AC008549.2	0
AC008549.3	0.053843699
AC008550.1	0.024607302
AC008551.1	0
AC008554.1	0
AC008555.1	0.358997056
AC008555.2	0.063716622
AC008555.3	0
AC008555.4	0.134040477
AC008555.5	1.614671511
AC008555.6	0
AC008555.7	0
AC008555.8	0.411377785
AC008556.1	0.661116169
AC008560.1	0.631320118
AC008562.1	0
AC008565.1	0.036869245
AC008567.1	0.036498078
AC008567.2	0.033159839
AC008568.1	0
AC008568.2	0
AC008569.1	0
AC008569.2	0.061172257
AC008571.1	0
AC008572.1	0
AC008574.1	0
AC008575.1	0
AC008581.1	0
AC008588.1	0.02354205
AC008591.1	0.012345547
AC008592.1	0
AC008592.2	0
AC008592.3	0.234181449
AC008592.4	0
AC008592.5	0.059651338
AC008601.1	0
AC008608.1	0
AC008608.2	0.209162063
AC008609.1	0.00376347
AC008610.1	0.636533913
AC008619.1	0
AC008620.1	0.018372343
AC008620.2	0.027728304
AC008622.1	0
AC008622.2	0.327443295
AC008622.3	0
AC008626.1	0
AC008626.2	0
AC008627.1	0
AC008628.1	0
AC008628.2	0
AC008629.1	0
AC008629.2	0
AC008629.3	0
AC008632.1	0.027912132
AC008635.1	0.135471514
AC008637.1	0.324346738
AC008638.1	0
AC008638.2	0
AC008638.3	0
AC008641.1	0.087713123
AC008649.1	0.231861822
AC008649.2	0.089887829
AC008652.1	0
AC008655.1	0
AC008655.2	0.321999492
AC008659.1	0
AC008662.1	0
AC008662.2	0
AC008663.1	1.338637206
AC008663.2	0.068564074
AC008663.3	0.214196599
AC008667.1	0.01914864
AC008667.2	0
AC008667.3	0
AC008667.4	0
AC008669.1	1.078653947
AC008676.1	0.036638591
AC008676.2	0.073794079
AC008676.3	0
AC008677.1	0
AC008677.2	0.1777194
AC008677.3	0
AC008680.1	0
AC008686.1	0.0201229
AC008687.1	0
AC008687.2	0.146413444
AC008687.3	0.509264154
AC008687.4	0.375049217
AC008687.5	0
AC008687.6	0
AC008691.1	0.027327707
AC008694.1	0.025412213
AC008694.2	0
AC008695.1	0
AC008696.1	0.053055743
AC008696.2	0.013183548
AC008700.1	0
AC008705.1	0
AC008708.1	0.321244688
AC008708.2	0.009676537
AC008716.1	0
AC008723.1	0
AC008725.1	0
AC008728.1	0.015740126
AC008731.1	0.112709091
AC008734.1	0.020254055
AC008734.2	0
AC008735.1	0.447533792
AC008735.2	2.287733371
AC008735.3	0.043505709
AC008735.4	1.162775945
AC008735.5	0
AC008736.1	0.708499665
AC008736.2	0.105391737
AC008737.1	0.087949547
AC008737.2	0
AC008737.3	0
AC008738.1	0
AC008738.2	0.02692185
AC008738.3	0
AC008738.4	0.015537753
AC008738.5	0
AC008738.6	0
AC008738.7	0
AC008739.1	0
AC008739.2	0
AC008739.3	0.17128232
AC008739.5	0
AC008740.1	0.170610624
AC008740.2	0
AC008741.1	0
AC008741.2	0.317738326
AC008742.1	0.177079793
AC008743.1	0
AC008745.1	0
AC008747.1	0
AC008749.1	0
AC008750.1	0.132639357
AC008750.2	0.021644631
AC008750.3	0.024832026
AC008750.4	0.049664052
AC008750.5	0.229945609
AC008750.6	0
AC008750.7	0.019456936
AC008750.8	0.177654892
AC008751.1	0
AC008751.2	0
AC008752.1	0.02665791
AC008752.2	0
AC008752.3	0.519379955
AC008753.1	0.229783675
AC008753.2	0
AC008753.3	0
AC008758.1	0
AC008758.2	0.078247678
AC008758.3	0
AC008758.4	0.075501616
AC008758.5	0
AC008758.6	0.036994651
AC008759.1	0
AC008759.2	0.181273788
AC008759.3	0.406795509
AC008760.1	0.665903712
AC008760.2	0.553038676
AC008761.1	0
AC008761.2	0.02595806
AC008761.3	0
AC008763.1	0.154824588
AC008763.2	0.007962245
AC008763.3	0
AC008764.1	0.008474038
AC008764.10	0.017830209
AC008764.2	4.686120272
AC008764.3	0
AC008764.4	0.05511703
AC008764.5	0
AC008764.6	0.373236509
AC008764.7	0
AC008764.8	0.360279152
AC008764.9	0.065128307
AC008770.1	0.040134418
AC008770.2	0.019605998
AC008770.3	0.209162063
AC008771.1	4.76975757
AC008780.1	0
AC008780.2	0
AC008781.1	0.12260063
AC008781.2	0
AC008781.3	0.064933894
AC008782.1	0
AC008785.1	0
AC008794.1	0
AC008794.2	0
AC008798.1	0
AC008799.1	0.071398866
AC008799.2	0
AC008802.1	0.055000897
AC008805.1	0
AC008805.2	0.025003281
AC008806.1	0.017808313
AC008808.1	0
AC008808.2	0
AC008813.1	0.012289748
AC008814.1	0
AC008817.1	0
AC008825.1	0
AC008825.2	0.030296455
AC008833.1	0
AC008834.1	0
AC008837.1	0
AC008837.2	0
AC008840.1	0.119652666
AC008850.1	0.060090759
AC008852.1	0
AC008868.1	0.014757703
AC008869.1	0
AC008870.1	0
AC008870.2	0.233673243
AC008870.3	0.016967905
AC008870.4	0.08673387
AC008870.5	0.016732965
AC008871.1	0.027327707
AC008873.1	0
AC008875.1	0.25481149
AC008878.1	0.034310496
AC008878.2	0.011546101
AC008878.3	0.012942992
AC008878.4	0
AC008883.1	0
AC008883.2	0.210172508
AC008885.1	0.03613431
AC008885.2	0
AC008892.1	0
AC008894.1	0
AC008894.2	0.016617918
AC008894.3	0.259379832
AC008895.1	0.15348124
AC008897.1	0.376130051
AC008897.2	0.020638382
AC008897.3	0.180147864
AC008906.1	0.543278087
AC008906.2	0.114689919
AC008914.1	0
AC008915.1	0.025989074
AC008915.2	0.496837791
AC008937.1	0.023799622
AC008937.2	0
AC008937.3	0.127957968
AC008938.1	0
AC008940.1	0.013855321
AC008945.1	0
AC008946.1	0.361686418
AC008948.1	0
AC008953.1	0
AC008957.1	0.694439707
AC008957.2	0.027465725
AC008957.3	0.664616655
AC008958.1	0
AC008962.1	0
AC008966.1	0.466521772
AC008966.2	0.096039093
AC008967.1	0.066726548
AC008969.1	0.493876692
AC008972.1	0.322893935
AC008972.2	1.078835906
AC008982.1	0.022588634
AC008982.2	0.617728122
AC008985.1	0.01457315
AC008991.1	0.020254055
AC008991.2	0
AC008992.1	0.024386608
AC009005.1	0.793991796
AC009019.1	0.00942498
AC009021.1	0
AC009021.2	0.013056936
AC009022.1	0.905479472
AC009022.2	0
AC009027.1	0
AC009032.1	0.227117971
AC009033.1	0
AC009034.1	0.030466183
AC009035.1	0
AC009039.1	0
AC009039.2	0
AC009041.1	0.023593118
AC009041.2	0.172685914
AC009041.3	0
AC009041.4	0.579621517
AC009044.1	0.006049181
AC009052.1	0.036498078
AC009053.1	1.156401753
AC009053.2	0.10577498
AC009053.3	0
AC009053.4	0
AC009054.1	0.025471727
AC009054.2	0.756115267
AC009055.1	0
AC009055.2	0.007429254
AC009060.1	0.004364537
AC009060.2	0.205215609
AC009061.1	0
AC009061.2	0.603509076
AC009063.1	0
AC009063.2	0.017801027
AC009063.3	0.019216303
AC009065.1	0
AC009065.2	0.094440758
AC009065.3	0.017346774
AC009065.4	0.166475928
AC009065.5	0.109494235
AC009065.6	0.023851814
AC009065.7	0
AC009065.8	0.179433445
AC009075.1	0.278169496
AC009075.2	0
AC009078.1	0.013890712
AC009078.2	0.060382664
AC009078.3	0.186422603
AC009081.1	0.500508159
AC009084.1	0.034310496
AC009084.2	0.034835532
AC009084.3	0
AC009086.1	0
AC009086.2	0
AC009086.3	0.053950532
AC009087.1	0.235803302
AC009088.1	0.065284678
AC009088.2	0
AC009088.3	0
AC009088.4	0.077688766
AC009090.1	0.273429737
AC009090.2	0
AC009090.3	0.173252824
AC009090.4	0.132603421
AC009090.5	0.066638942
AC009093.1	0.9482545
AC009093.2	0.241068141
AC009093.3	0.1895891
AC009093.4	0.252038422
AC009093.5	0
AC009093.6	0.098340211
AC009093.7	0.053359414
AC009094.1	0.051063039
AC009095.1	0.123036508
AC009097.1	0.05357846
AC009097.2	0.163731164
AC009097.3	0
AC009097.4	0
AC009101.1	0
AC009102.1	0
AC009102.2	0.112812242
AC009102.3	0
AC009107.1	0
AC009107.2	0.527798898
AC009108.1	0.095646974
AC009108.2	0
AC009108.3	0.021660026
AC009108.4	0.008875094
AC009108.5	0
AC009110.1	0
AC009113.1	1.611652346
AC009113.2	0
AC009117.1	0.01963254
AC009117.2	0
AC009117.3	0
AC009118.1	0
AC009118.2	0.149447093
AC009118.3	0.510805864
AC009119.1	0.217121443
AC009119.2	0.067643901
AC009119.3	0.115912191
AC009120.1	1.540635579
AC009120.2	0.930285865
AC009120.3	1.293298373
AC009120.4	0.022897742
AC009120.5	0.06704647
AC009120.6	0
AC009121.1	0.109260913
AC009121.2	0.047956029
AC009123.1	0.159167229
AC009126.1	0.27448397
AC009127.1	0.076594558
AC009127.2	0.026988653
AC009132.1	0
AC009133.1	1.02597643
AC009133.2	0
AC009133.3	0.059111018
AC009133.4	0
AC009133.5	0
AC009133.6	0
AC009134.1	0
AC009135.1	0
AC009135.2	0
AC009137.1	0
AC009137.2	0.169679053
AC009139.1	0.667265478
AC009139.2	0
AC009142.1	0.015127159
AC009145.1	0.02511877
AC009145.2	0
AC009145.3	0
AC009145.4	0
AC009148.1	0.072697992
AC009152.1	0
AC009153.1	0.021928281
AC009154.1	0.04282058
AC009154.2	0.030045379
AC009158.1	0
AC009159.1	0.016941476
AC009159.2	0.143583199
AC009159.3	0.919896836
AC009159.4	0.037486455
AC009161.1	0
AC009161.2	0
AC009163.1	0
AC009163.2	0
AC009163.3	0.076594558
AC009163.4	0.020521561
AC009163.5	0.078624776
AC009163.6	0
AC009163.7	0.60826324
AC009166.1	0
AC009166.2	0.015356763
AC009167.1	0
AC009169.1	0
AC009171.1	0
AC009171.2	0.239418211
AC009185.1	0
AC009220.1	0.079101289
AC009220.2	0.031057759
AC009220.3	0.167044105
AC009226.1	0.160944018
AC009227.1	0.018419013
AC009227.2	0
AC009228.1	0
AC009229.1	0.052458653
AC009229.2	0.092960917
AC009229.3	0.154275565
AC009229.4	0
AC009233.1	0
AC009237.1	0
AC009237.10	0
AC009237.11	0
AC009237.12	0
AC009237.13	0
AC009237.14	4.08718943
AC009237.15	0.564445329
AC009237.16	0
AC009237.17	0.014540678
AC009237.2	0
AC009237.3	0.922027384
AC009237.4	0
AC009237.5	0
AC009237.6	0.076955854
AC009237.7	0
AC009237.8	1.147907894
AC009237.9	0.062688342
AC009238.1	0
AC009238.2	0
AC009238.3	0
AC009244.1	4.299982885
AC009245.1	0.302823962
AC009248.1	0
AC009248.2	0.04282058
AC009262.1	0.085305312
AC009263.1	0
AC009264.1	0.407492358
AC009268.1	0.02712326
AC009268.2	0.142797733
AC009269.1	0
AC009269.2	0
AC009269.3	0
AC009269.4	0.100841048
AC009269.5	0.092486627
AC009271.1	2.509944761
AC009275.1	0.11733905
AC009276.1	0
AC009283.1	1.197250137
AC009292.1	0.142390287
AC009292.2	0
AC009296.1	0
AC009299.1	0.030338709
AC009299.2	1.553775328
AC009299.3	0.049957343
AC009302.1	0.05577655
AC009303.1	0.061797882
AC009303.2	0.005080069
AC009303.3	0
AC009303.4	0.413304237
AC009305.1	0
AC009309.1	0.993065101
AC009310.1	0
AC009312.1	0.05511703
AC009313.1	0
AC009313.2	0
AC009314.1	0.035777721
AC009318.1	0.266787587
AC009318.2	1.336580927
AC009318.3	0.627070361
AC009318.4	0.2237948
AC009319.1	0.158674669
AC009320.1	0.093493644
AC009336.1	0.140069894
AC009336.2	0.003089017
AC009336.3	0.008302616
AC009362.1	0.02678923
AC009365.1	0
AC009365.2	0
AC009365.3	0
AC009387.1	0
AC009396.1	0
AC009396.2	0
AC009396.3	0
AC009403.1	0.736727696
AC009404.1	0.254623113
AC009407.1	0.072752022
AC009411.1	0
AC009411.2	0
AC009413.1	0.081777649
AC009414.1	0
AC009414.2	2.2584931
AC009432.1	0
AC009435.1	0.056845439
AC009446.1	0
AC009464.1	0.046381353
AC009468.1	0
AC009468.2	0
AC009474.1	0.006949794
AC009474.2	0
AC009477.1	0
AC009478.1	0.05805922
AC009480.1	0
AC009480.2	0.025176915
AC009486.1	0.066890697
AC009487.1	0
AC009487.2	0.025512804
AC009487.3	0
AC009487.4	0
AC009494.1	0
AC009495.1	0
AC009495.2	0.042989831
AC009495.3	0.125658338
AC009498.1	0.020104302
AC009500.1	0
AC009501.1	0.875168634
AC009501.2	0.104581032
AC009501.3	0
AC009502.1	0.051599452
AC009502.2	0.028397982
AC009505.1	0
AC009506.1	2.074820468
AC009506.2	0
AC009509.1	0.207647394
AC009509.2	0
AC009509.3	0
AC009509.4	0.683783249
AC009511.1	0
AC009511.2	0
AC009517.1	0
AC009518.1	0
AC009518.2	0
AC009518.3	0
AC009531.1	0
AC009533.1	0.647488389
AC009533.2	0.037120912
AC009541.1	0
AC009542.1	0.047798921
AC009542.2	0.031389401
AC009549.1	0.116118441
AC009554.1	0
AC009558.1	0
AC009558.2	0
AC009560.1	0.175426247
AC009562.1	0.016529525
AC009563.1	0.014348849
AC009567.1	0
AC009567.2	0
AC009570.1	0.248186932
AC009597.1	0
AC009597.2	0
AC009623.1	0
AC009623.2	0
AC009630.1	0.175112425
AC009630.2	0.009147542
AC009630.3	0
AC009643.1	0.02781695
AC009643.2	0
AC009646.1	0
AC009646.2	0
AC009652.1	0
AC009652.2	0.063235042
AC009654.1	0.028735607
AC009656.1	0
AC009686.1	0.029880295
AC009686.2	0.471249016
AC009690.1	0.027352698
AC009690.2	0.200391608
AC009690.3	0
AC009704.1	0
AC009704.2	0.180147864
AC009712.1	0
AC009716.1	0.109310827
AC009716.2	0
AC009720.1	0.227576252
AC009720.2	0
AC009729.1	0.009599671
AC009743.1	0
AC009754.1	0.020141532
AC009779.1	0
AC009779.2	2.298898355
AC009779.3	0.340856696
AC009779.4	0.017801027
AC009779.5	0
AC009779.6	0
AC009779.7	0
AC009784.1	0
AC009800.1	0
AC009803.1	0.013855321
AC009803.2	0
AC009803.3	0
AC009804.1	0
AC009806.1	0.691564741
AC009812.1	0.359466436
AC009812.2	0
AC009812.3	0.112634271
AC009812.4	0.470006277
AC009831.1	0.357505828
AC009831.2	0
AC009831.3	0
AC009831.4	0
AC009852.1	0
AC009869.1	0.020599294
AC009878.1	0.031989492
AC009879.1	0
AC009884.1	0
AC009884.2	0
AC009901.1	0.020104302
AC009901.2	0
AC009902.1	0
AC009902.2	1.753261462
AC009902.3	0.270408413
AC009908.1	0
AC009927.1	0.048910297
AC009930.1	0
AC009945.1	0.036498078
AC009947.1	0
AC009947.2	0
AC009948.1	2.12037323
AC009948.2	0.061017825
AC009948.3	0.369000036
AC009948.4	0.886227409
AC009948.5	0.002468549
AC009949.1	0.005943403
AC009950.1	0.241763113
AC009951.1	0.020804184
AC009955.1	0.160537672
AC009955.2	0.080268836
AC009955.3	0.145666437
AC009955.4	0.179940893
AC009961.1	0.203633551
AC009961.2	0
AC009961.3	0.07108776
AC009962.1	0.045639349
AC009963.1	0
AC009963.2	0
AC009963.3	0.02237948
AC009965.1	0
AC009965.2	0
AC009967.1	0
AC009969.1	0
AC009970.1	0.10070766
AC009974.1	0.262946594
AC009977.1	0
AC009987.1	0.026988653
AC009988.1	0.035085249
AC009994.1	0
AC009996.1	0.083280454
AC009997.1	0
AC010082.1	0
AC010086.1	0
AC010086.2	0
AC010087.1	0
AC010095.1	0
AC010096.1	0
AC010099.1	0
AC010099.2	0.029159323
AC010099.3	0
AC010099.4	0
AC010105.1	0
AC010127.1	0.115685454
AC010132.1	0
AC010132.2	0
AC010132.3	0.007090239
AC010132.4	0.007950605
AC010133.1	0
AC010136.1	0.134040477
AC010139.1	0
AC010141.1	0
AC010141.2	0
AC010141.3	0
AC010145.1	0
AC010148.1	0.175603266
AC010149.1	0.110021663
AC010153.1	0
AC010154.1	0
AC010157.1	0
AC010163.1	0
AC010163.2	0
AC010168.1	0.446976464
AC010168.2	0.398748901
AC010173.1	0.097311462
AC010175.1	0.048555479
AC010177.1	0
AC010181.1	0
AC010181.2	0
AC010182.1	0.00446854
AC010183.1	0
AC010183.2	0
AC010185.1	0.095407257
AC010186.1	0.040888824
AC010186.2	1.668483574
AC010186.3	1.344374985
AC010186.4	0.088426238
AC010196.1	0
AC010197.1	0.056452045
AC010198.1	0.035040036
AC010200.1	0.007480349
AC010200.2	0
AC010201.1	0.080566128
AC010201.2	0.152779246
AC010202.1	0
AC010203.1	0.100635982
AC010203.2	0.078060483
AC010205.1	0
AC010207.1	0.122960637
AC010210.1	0.038844383
AC010223.1	0.03898361
AC010226.1	0.428627677
AC010230.1	0
AC010235.1	0.039767559
AC010240.1	0.02369592
AC010240.2	0.045130404
AC010240.3	0.027535259
AC010245.1	0
AC010245.2	0.465999456
AC010247.1	0.400136121
AC010247.2	0.517395263
AC010255.1	0.119030668
AC010255.2	0.050824427
AC010255.3	0.006836221
AC010260.1	0.065520646
AC010261.1	0
AC010261.2	0.018639978
AC010265.1	0
AC010266.1	0
AC010266.2	0.003341452
AC010267.1	0
AC010271.1	0.389836104
AC010271.2	0.018497325
AC010273.1	0.103475524
AC010273.2	0.074496077
AC010275.1	3.888563388
AC010280.1	0.735758317
AC010280.2	0.344862329
AC010280.3	0.018528837
AC010285.1	0.038229973
AC010285.2	0.016089389
AC010287.1	0.030466183
AC010297.1	0
AC010300.1	0.057199754
AC010301.1	0
AC010306.1	0.048685888
AC010307.1	0
AC010307.2	0.319894921
AC010307.3	0.00663399
AC010307.4	0.261452579
AC010319.1	0.250728451
AC010319.2	0
AC010319.3	0
AC010319.4	0.330542653
AC010319.5	0
AC010320.1	0.169356134
AC010320.2	0.048512165
AC010320.3	0.145992313
AC010320.4	0.028547053
AC010320.5	0.016089389
AC010323.1	0.018752461
AC010323.2	0
AC010325.1	0.035955132
AC010325.2	0.041832413
AC010326.1	0.07226862
AC010326.2	0.085305312
AC010326.3	4.917618822
AC010326.4	3.462794161
AC010327.1	0
AC010327.2	0.022287761
AC010327.3	0.046339009
AC010327.4	0.068969101
AC010327.5	0.45836626
AC010328.1	0.005357846
AC010328.2	0.039159054
AC010328.3	0
AC010329.1	0.028732157
AC010329.2	0
AC010329.5	0
AC010331.1	0.056064058
AC010332.1	1.569793631
AC010332.2	0
AC010333.1	0.019318699
AC010333.2	0.015582274
AC010333.3	0
AC010335.1	0.018157642
AC010335.2	0
AC010335.3	0
AC010336.1	0.011475446
AC010336.2	0.064484747
AC010336.3	0
AC010336.4	0
AC010336.5	0.015233091
AC010336.6	0
AC010338.1	0
AC010342.1	0.1116167
AC010343.1	1.106663509
AC010343.2	0.048555479
AC010343.3	0
AC010350.1	0
AC010359.1	0.171620155
AC010368.1	0.047703628
AC010374.1	0
AC010374.2	0
AC010376.1	0
AC010378.1	0.030045379
AC010385.1	0
AC010385.2	0
AC010385.3	0
AC010387.1	0
AC010395.1	0.093627782
AC010395.2	0
AC010401.1	0.010966351
AC010401.2	0
AC010406.1	0
AC010409.1	0.022849637
AC010409.2	0
AC010420.1	0
AC010422.1	0.020030253
AC010422.2	0.102769392
AC010422.3	0.765762781
AC010422.4	0.142842385
AC010422.5	0.018592183
AC010422.6	0.217268566
AC010424.1	0
AC010424.2	0
AC010425.1	0.098162701
AC010435.1	0.01848161
AC010442.1	5.685941385
AC010442.2	0
AC010442.3	0
AC010445.1	0
AC010451.1	0
AC010451.2	0
AC010451.3	0
AC010457.1	0.134831743
AC010460.1	0
AC010460.2	0
AC010460.3	0
AC010463.1	0
AC010463.2	0.016454504
AC010463.3	0.304539964
AC010468.1	0.186376967
AC010468.2	0.024832026
AC010468.3	0
AC010469.1	0.094413431
AC010469.2	0
AC010476.1	0
AC010478.1	0.012166026
AC010480.1	0.015901209
AC010485.1	0
AC010486.1	0.025651951
AC010486.2	0.112592415
AC010486.3	0.013855321
AC010487.1	0.328344975
AC010487.2	0.13427688
AC010491.1	0.108880931
AC010493.1	0
AC010501.1	0.038804786
AC010503.1	0
AC010503.2	0
AC010503.3	0
AC010503.4	4.837480746
AC010504.1	0.520581136
AC010511.1	0
AC010519.1	0.158087606
AC010522.1	0.412910096
AC010524.1	0.132102356
AC010525.1	0.0246631
AC010525.2	0
AC010528.1	0
AC010530.1	0.152919892
AC010531.1	0.079889812
AC010531.2	0.07108776
AC010531.3	0.106008063
AC010531.4	0.0179479
AC010531.5	0.241698384
AC010531.6	0.705204762
AC010531.7	0
AC010531.8	0
AC010533.1	0.025834744
AC010536.1	0.220777728
AC010536.2	0.353966569
AC010536.3	0.020406055
AC010538.1	0.229668148
AC010542.1	0.039194333
AC010542.2	0
AC010542.3	0
AC010542.4	0.028472323
AC010542.5	1.452088461
AC010546.1	0
AC010547.1	0.042835911
AC010547.2	0.053185464
AC010547.3	0
AC010547.4	0.002957962
AC010547.5	0
AC010547.6	0.032661944
AC010551.1	0.023190677
AC010551.2	0
AC010551.3	0.023491204
AC010587.1	0
AC010587.2	0
AC010591.1	0
AC010595.1	0.613810763
AC010598.1	0.211192763
AC010601.1	0
AC010601.2	0
AC010605.1	0.040940128
AC010608.1	0.079101289
AC010608.2	0.439685359
AC010608.3	0
AC010609.1	0.019114986
AC010615.1	0.172641703
AC010615.2	0.040157816
AC010615.3	0
AC010615.4	0
AC010616.1	0.26152654
AC010618.1	0.022801734
AC010618.2	0.141866443
AC010618.3	0.1631201
AC010619.1	0
AC010619.2	0
AC010620.1	0
AC010620.2	0
AC010624.1	0.178302087
AC010624.2	0.056746577
AC010624.3	0.030594732
AC010624.4	0.008050649
AC010625.1	0
AC010627.1	0.025215828
AC010631.1	0
AC010632.1	0.076058932
AC010632.2	0.01777194
AC010632.3	0
AC010634.1	0
AC010636.1	0.017319152
AC010636.2	0
AC010638.1	0
AC010641.1	0
AC010642.1	0.161397932
AC010643.1	0.086664759
AC010646.1	0
AC010649.1	0.070933222
AC010653.1	0.012345547
AC010653.2	0.010909155
AC010654.1	0.444210521
AC010655.1	0
AC010655.2	0.180726133
AC010655.3	0
AC010655.4	0.015383914
AC010677.1	0.184793668
AC010678.1	0
AC010680.1	0.006059291
AC010680.2	0.236332383
AC010680.3	0.062748619
AC010680.4	0.300453793
AC010680.5	0
AC010683.1	0.057547234
AC010719.1	0.436804309
AC010722.1	0
AC010723.1	0
AC010729.1	0
AC010731.1	0
AC010731.2	0.66741713
AC010731.3	0
AC010733.1	4.231228574
AC010733.2	0
AC010735.1	0.106008063
AC010735.2	0.55872058
AC010737.1	0
AC010738.1	0
AC010740.1	0
AC010745.1	0.017074454
AC010745.2	0
AC010745.3	0
AC010745.4	0.058791499
AC010746.1	0
AC010754.1	1.035362071
AC010760.1	0
AC010761.1	0.834786967
AC010761.2	0
AC010761.3	0.52311474
AC010761.4	0.1043803
AC010761.5	0
AC010761.6	0
AC010768.1	0.080121011
AC010768.2	0.076729646
AC010768.3	0.013732863
AC010768.4	0
AC010776.1	0
AC010776.2	0.040245799
AC010776.3	0
AC010789.1	1.009153048
AC010809.1	0.309649176
AC010809.2	0.383608432
AC010809.3	0.016967905
AC010834.1	0
AC010834.2	0.143650927
AC010834.3	0.810809277
AC010857.1	0
AC010864.1	0.179954125
AC010867.1	0
AC010872.1	0.016113226
AC010878.1	0.010388183
AC010880.1	0
AC010881.1	0
AC010883.1	0.382587895
AC010884.1	0.069129835
AC010886.1	0.003791017
AC010889.1	0
AC010890.1	0.711667465
AC010891.1	0
AC010894.1	0
AC010894.2	0.453757397
AC010894.3	0.490776374
AC010894.4	0.047599244
AC010894.5	0.091494657
AC010900.1	0.01678461
AC010900.2	0
AC010904.1	0
AC010904.2	0.102931489
AC010907.1	0
AC010907.2	0
AC010913.1	0.011290409
AC010928.1	0.006428149
AC010928.2	0
AC010928.3	0
AC010931.1	0
AC010931.2	0.134359818
AC010931.3	0.01963254
AC010947.1	0.706261513
AC010967.1	0.022242183
AC010967.2	0
AC010967.3	0
AC010969.1	0
AC010969.2	1.117602557
AC010970.1	0.123595765
AC010973.1	0.148992155
AC010973.2	0.1856951
AC010974.1	0
AC010975.1	0
AC010975.2	0
AC010975.3	0
AC010976.1	0.120410538
AC010976.2	0.063828799
AC010978.1	0.020085738
AC010980.1	0.703345123
AC010980.2	1.555976143
AC010982.1	0.023390166
AC010983.1	0
AC010997.1	0
AC010997.2	0
AC010997.3	0.019284446
AC010997.4	0.247453108
AC010997.5	0.122897484
AC010997.6	0
AC010998.1	0.057669286
AC010998.2	0.104413702
AC010998.3	0.086184051
AC010999.1	0.03356922
AC010999.2	0.109494235
AC011005.1	0.193789351
AC011005.2	0.030296455
AC011005.3	0
AC011005.4	0.284616789
AC011008.1	0.024775461
AC011008.2	0.35692333
AC011037.1	0
AC011092.1	0
AC011092.2	0.037120912
AC011095.1	0
AC011120.1	0.034860344
AC011124.1	0
AC011124.2	0
AC011131.1	0
AC011155.1	0
AC011193.1	0
AC011193.2	0
AC011195.1	0
AC011195.2	0
AC011196.1	0
AC011199.1	0.009705319
AC011225.1	0
AC011228.1	0
AC011233.1	0
AC011239.1	0
AC011239.2	0.007304518
AC011242.1	0
AC011243.1	0
AC011247.1	0.049214603
AC011247.2	0.093359891
AC011247.3	0
AC011257.1	0
AC011266.1	0
AC011270.1	0
AC011270.2	0.004265266
AC011284.1	0.063530533
AC011287.1	0.296929764
AC011287.2	0.025834744
AC011290.1	0.052543127
AC011290.2	0.409683167
AC011294.1	0.023381786
AC011297.1	0
AC011298.1	0.003200832
AC011298.2	0
AC011298.3	0
AC011306.1	0.025591594
AC011313.1	0.099056715
AC011330.1	0.013448442
AC011330.2	0.102769392
AC011333.1	0
AC011337.1	0.400037422
AC011352.1	0.342888629
AC011352.2	0.010705145
AC011352.3	0.972092153
AC011362.1	0
AC011363.1	0
AC011365.1	0.018763244
AC011365.2	0.040283064
AC011369.1	0.009973799
AC011369.2	0.048586465
AC011373.1	0.045892098
AC011374.1	0.388691722
AC011374.2	0.827104737
AC011377.1	0
AC011379.1	0.007191026
AC011379.2	0.063770584
AC011383.1	0.052883763
AC011389.1	0.003481571
AC011389.2	0.029798431
AC011389.3	0
AC011396.1	0
AC011396.2	0
AC011396.3	0
AC011405.1	0.041129347
AC011406.1	0.029395749
AC011410.1	0
AC011411.1	0
AC011416.1	0
AC011416.2	0.075009843
AC011431.1	0
AC011442.1	0.118868058
AC011443.1	0
AC011444.1	0.238294182
AC011444.2	0.019182411
AC011444.3	0.06693186
AC011444.4	0
AC011445.1	0.198429688
AC011445.2	0.31434761
AC011446.1	0
AC011446.2	0
AC011447.1	0
AC011447.2	0
AC011447.3	0.023618735
AC011447.4	0
AC011447.5	0.019284446
AC011447.6	0.008372923
AC011447.7	0.123129366
AC011448.1	0.371189014
AC011450.1	1.485560802
AC011451.1	3.061512869
AC011451.2	0.090940028
AC011452.1	0
AC011453.1	0
AC011453.2	0
AC011455.1	0
AC011455.2	0
AC011456.1	0
AC011458.1	0.052883763
AC011458.2	0
AC011461.1	0
AC011462.1	0.023141335
AC011462.2	0
AC011462.3	0
AC011462.4	0.654039058
AC011465.1	0.066319679
AC011466.1	0.057648908
AC011466.2	0
AC011466.3	0.053897063
AC011466.4	0.020216408
AC011467.1	0.003241856
AC011467.2	0
AC011467.3	0
AC011467.4	0
AC011467.5	0
AC011467.6	0
AC011468.1	1.224605148
AC011468.2	0.036315283
AC011468.3	0.032760323
AC011468.4	0.159556391
AC011468.5	0.494383059
AC011471.1	0
AC011471.2	0
AC011471.3	0
AC011472.1	0.382299729
AC011472.2	0.063511984
AC011472.3	0
AC011472.4	0.110757915
AC011472.5	0.04282058
AC011473.1	0
AC011473.2	0
AC011473.3	0
AC011473.4	0.005626708
AC011474.1	0
AC011474.2	0
AC011474.3	0
AC011474.4	0
AC011475.1	0
AC011476.1	0.070856204
AC011476.2	0.085573779
AC011476.3	1.361532384
AC011476.5	0
AC011477.1	0.635455956
AC011477.2	0.944749385
AC011477.3	1.37642132
AC011477.4	0.071437946
AC011477.5	0.041993928
AC011477.6	0
AC011477.7	0.030212298
AC011478.1	0.01963254
AC011479.1	0.936249236
AC011479.2	0.075530745
AC011479.3	0.051792511
AC011481.1	0.180771645
AC011481.2	0.153189117
AC011481.3	0.029164535
AC011483.1	0
AC011483.2	0
AC011483.3	0
AC011484.1	0.005451843
AC011487.1	0.053503156
AC011487.2	0
AC011487.3	0.07202932
AC011487.4	0
AC011491.1	0
AC011491.2	0.048664104
AC011491.3	0.038913872
AC011492.1	0
AC011494.1	0
AC011495.1	0.446976464
AC011495.2	0
AC011495.3	0
AC011497.1	0
AC011497.2	1.038281792
AC011498.1	0.168928978
AC011498.2	0
AC011498.3	0
AC011498.4	0.036194434
AC011498.5	0.02237948
AC011498.6	0.405200233
AC011498.7	0.241459905
AC011499.1	0.018720185
AC011500.1	0
AC011500.2	0
AC011500.3	0
AC011503.1	0.014612307
AC011503.2	0.239281401
AC011504.1	0.013254238
AC011506.1	0.142641669
AC011507.1	0
AC011509.1	0.066319679
AC011509.2	0.034693548
AC011510.1	0.19014733
AC011511.1	0.114488708
AC011511.2	0.03554388
AC011511.3	0
AC011511.4	0.0117583
AC011511.5	0.260169277
AC011516.1	0
AC011518.1	0
AC011523.1	0
AC011524.1	0
AC011524.2	0
AC011525.1	0
AC011525.2	0
AC011530.1	0.050646926
AC011551.1	0.015924491
AC011558.1	0
AC011586.1	0
AC011591.1	0.020996964
AC011592.1	0
AC011595.1	0.086664759
AC011595.2	0.154885832
AC011601.1	0.58434878
AC011602.1	0
AC011603.1	0
AC011603.2	0.013328955
AC011603.3	0
AC011603.4	0.03926508
AC011604.1	0
AC011604.2	0.02305549
AC011611.1	0
AC011611.2	0
AC011611.3	0.133804905
AC011611.4	0
AC011611.5	0.056452045
AC011611.6	0
AC011625.1	0.041355237
AC011626.1	0
AC011632.1	3.689732329
AC011632.2	0
AC011676.1	0.136982712
AC011676.2	0
AC011676.3	0.036994651
AC011676.4	0
AC011676.5	0.012266647
AC011700.1	0.062103696
AC011712.1	0.139441376
AC011718.1	0
AC011726.1	0.032515478
AC011726.2	0
AC011726.3	0.038297279
AC011731.1	0.055919935
AC011742.1	0
AC011742.2	0.030898941
AC011742.3	0.09284755
AC011747.1	0.019250314
AC011747.2	0
AC011752.1	0
AC011753.1	0
AC011753.2	0
AC011753.3	0.02678923
AC011753.4	0.384696785
AC011754.1	0
AC011755.1	0.021232655
AC011767.1	0.026805736
AC011773.1	0.046480459
AC011773.2	0
AC011773.3	0.034638303
AC011773.4	0.028250461
AC011815.1	0.434362113
AC011815.2	0.032290234
AC011815.3	0.321923852
AC011816.1	0
AC011816.2	0.097809598
AC011824.1	0
AC011824.2	0.008214824
AC011824.3	0
AC011824.4	0
AC011825.1	0.084096087
AC011825.2	0.098340211
AC011825.3	0
AC011825.4	0.022994561
AC011840.1	0
AC011840.2	0.021466633
AC011840.3	0
AC011840.4	0
AC011840.5	0
AC011840.6	0.035660417
AC011853.1	0
AC011853.2	0
AC011890.1	0
AC011890.2	0
AC011891.1	0
AC011891.2	0
AC011893.1	0.122666473
AC011894.1	0
AC011897.1	0
AC011899.1	0
AC011899.2	0.634574909
AC011899.3	0.264418816
AC011900.1	0
AC011904.1	0
AC011912.1	0.056073693
AC011921.1	0.151482274
AC011921.2	0
AC011921.3	0
AC011933.1	0.135531804
AC011933.2	0.007796722
AC011933.3	0.146188539
AC011933.4	0
AC011939.1	0.033847803
AC011939.2	0.025412213
AC011939.3	0
AC011944.1	0.188906369
AC011944.2	0
AC011978.1	0
AC011978.2	0.180038232
AC011979.1	0.180147864
AC011979.2	0
AC011990.1	0
AC011995.1	0
AC011995.2	0
AC011997.1	0.126470085
AC011998.1	0
AC011998.2	0
AC011998.3	0
AC011999.1	0
AC012005.1	0
AC012020.1	0.05035383
AC012038.1	0
AC012038.2	0
AC012044.1	0
AC012048.1	0
AC012050.1	0
AC012055.1	0
AC012055.2	0
AC012065.1	0
AC012065.2	0.232030449
AC012065.3	0.074326382
AC012065.4	0
AC012065.5	0.150167635
AC012066.1	0.078360427
AC012070.1	0
AC012073.1	0.844199231
AC012074.1	0.210433917
AC012075.1	0
AC012078.1	0
AC012081.1	0
AC012085.1	0.483396769
AC012085.2	0.011161034
AC012087.1	0
AC012100.1	0
AC012100.2	0
AC012100.3	0
AC012103.1	0
AC012119.1	0
AC012123.1	0
AC012123.2	0
AC012146.1	0.319894921
AC012146.2	0.026145258
AC012146.3	0.199771114
AC012146.4	0
AC012150.1	0
AC012150.2	0
AC012157.1	0.021709436
AC012158.1	0
AC012170.1	0.06059291
AC012170.2	0.228290828
AC012170.3	0.146483869
AC012173.1	0.050588034
AC012174.1	0.487458926
AC012175.1	0
AC012181.1	0.995838837
AC012181.2	1.103930225
AC012182.1	0
AC012183.1	0.021796447
AC012184.1	0
AC012184.2	0
AC012184.3	0.266861943
AC012186.1	0
AC012186.2	0.101648853
AC012186.3	0.022425623
AC012213.1	0.391943326
AC012213.2	0.002365984
AC012213.3	0.335951422
AC012213.4	0.522314305
AC012229.1	0
AC012236.1	1.823175913
AC012254.1	0
AC012254.2	0
AC012254.3	0.025688303
AC012254.4	0.159361572
AC012254.5	0.068262096
AC012291.1	0
AC012301.1	0
AC012306.1	0
AC012306.2	1.622832009
AC012307.1	0.055210291
AC012308.1	0
AC012309.1	0
AC012309.2	0
AC012312.1	0
AC012313.1	2.237672927
AC012313.10	0.399350462
AC012313.2	1.262947364
AC012313.3	0.15197128
AC012313.4	1.186519342
AC012313.5	0.367300882
AC012313.6	0.605775698
AC012313.7	0
AC012313.8	0.275836827
AC012313.9	0.498288138
AC012314.10	0
AC012317.1	0
AC012317.2	0
AC012321.1	0
AC012322.1	0
AC012339.1	0
AC012339.2	0
AC012349.1	0.091873655
AC012354.1	0.024304865
AC012354.2	0.023593118
AC012354.3	0
AC012355.1	0
AC012358.1	0.142485947
AC012358.2	0.773637088
AC012358.3	0.282176874
AC012360.1	0.048411397
AC012360.2	0.361620345
AC012360.3	0.400494713
AC012361.1	0
AC012362.1	0
AC012363.1	0.037831051
AC012363.2	0
AC012366.1	0.022994561
AC012368.1	0.607448243
AC012368.2	0.097110958
AC012368.3	0.496640516
AC012370.1	0.020521561
AC012370.2	0
AC012377.1	0.00449532
AC012378.1	0
AC012379.1	0
AC012379.2	0.008996218
AC012400.1	0
AC012404.1	0
AC012404.2	0
AC012409.1	0
AC012409.2	0
AC012409.3	0.066522491
AC012409.4	0.131041293
AC012409.5	0.00952958
AC012413.1	0
AC012414.1	0
AC012414.2	0
AC012414.3	0
AC012414.4	0
AC012414.5	0.040735683
AC012414.6	0
AC012414.7	0.028869084
AC012417.1	0.010468169
AC012433.1	0
AC012435.1	0.044983747
AC012435.2	0.210900252
AC012441.1	0
AC012441.2	0
AC012442.1	0.267284603
AC012442.2	0.204732749
AC012443.1	0
AC012445.1	0
AC012447.1	1.610731902
AC012451.1	0
AC012454.1	0
AC012456.1	0
AC012456.2	0.058162713
AC012462.1	0.013183548
AC012462.2	0
AC012462.3	0.083026163
AC012464.1	0.161132256
AC012464.2	0.041886113
AC012464.3	0.01176678
AC012467.1	0.084972088
AC012467.2	0.922159341
AC012468.1	0
AC012485.1	0.013979984
AC012485.2	0
AC012486.1	0.15106149
AC012488.1	0
AC012491.1	0
AC012493.1	0
AC012493.2	0
AC012493.3	0
AC012494.1	0.009860768
AC012497.1	0
AC012498.1	0.597332392
AC012498.2	6.783148207
AC012499.1	0
AC012501.1	0.077372958
AC012501.2	0.033962302
AC012506.1	0
AC012506.2	0
AC012506.3	0
AC012506.4	0
AC012507.1	0
AC012507.2	0
AC012507.3	0
AC012508.1	0.004859887
AC012508.2	0.014777754
AC012510.1	0.673507356
AC012511.1	0.193789351
AC012512.1	0
AC012513.1	0
AC012513.2	0
AC012513.3	1.999494432
AC012519.1	0.017830209
AC012531.1	0.093342473
AC012531.2	0.007830401
AC012531.3	0
AC012531.4	0.061448742
AC012531.5	0.21608796
AC012555.1	0.032274265
AC012555.2	0.05267035
AC012557.1	0.462826694
AC012557.2	0.052040322
AC012558.1	0
AC012568.1	0
AC012569.1	0.10705145
AC012572.1	0
AC012574.1	0
AC012574.2	0.073655264
AC012588.1	0
AC012593.1	0
AC012594.1	0
AC012603.1	0.205992941
AC012613.1	0
AC012613.2	0
AC012615.1	0.544240011
AC012615.2	0
AC012615.3	0
AC012615.4	0.089591658
AC012615.5	0
AC012615.6	0.345705513
AC012616.1	0
AC012617.1	0.020337373
AC012618.1	0.34318824
AC012618.2	0.115297816
AC012618.3	0.179242375
AC012625.1	0.19142512
AC012629.1	0
AC012629.2	0.115399759
AC012629.3	0
AC012629.4	0
AC012636.1	0.016820952
AC012640.1	0.094852564
AC012640.2	0.869148463
AC012640.3	0
AC012640.4	0.012795797
AC012640.5	0.170476917
AC012645.1	0.468015962
AC012645.2	0
AC012645.3	0.308456015
AC012645.4	0.051255548
AC012651.1	0.235228942
AC012653.1	0
AC012653.2	0.077688766
AC012668.1	0
AC012668.2	0
AC012668.3	0.016089389
AC012669.1	0
AC012671.1	0
AC012676.1	0.184157055
AC012676.2	0
AC012676.3	0.18165223
AC012676.4	0.056064058
AC012676.5	0.411690854
AC013244.1	0
AC013244.2	0.211192763
AC013244.3	0
AC013248.1	0
AC013262.1	0
AC013264.1	0.262946594
AC013267.1	0
AC013268.1	0.00243375
AC013268.2	0
AC013268.3	0.018720185
AC013269.1	0
AC013269.2	0
AC013270.1	0.024719153
AC013275.1	0.04685871
AC013286.1	0
AC013290.1	0
AC013355.1	0
AC013356.1	0.038568891
AC013356.2	0.059678613
AC013356.3	0.018624019
AC013356.4	0
AC013391.1	0
AC013391.2	0
AC013391.3	0.014940147
AC013394.1	0.062032855
AC013399.1	0
AC013400.1	0.039913495
AC013401.1	0
AC013402.1	0
AC013402.2	0
AC013402.3	0
AC013403.1	0
AC013403.2	0.294569906
AC013404.1	0.043680431
AC013410.1	0
AC013410.2	0.432892629
AC013412.1	0
AC013417.1	0
AC013429.1	0
AC013429.2	0
AC013436.1	0
AC013437.1	0
AC013439.1	0.008778392
AC013442.1	0
AC013444.1	0.028562046
AC013444.2	0.041460333
AC013448.1	0
AC013448.2	0
AC013451.1	0.041993928
AC013451.2	0.121354837
AC013452.1	0.018188006
AC013452.2	0.058554117
AC013457.1	0.043032353
AC013460.1	0.016789792
AC013467.1	0
AC013467.2	0
AC013468.1	0.127316039
AC013470.1	0.02354205
AC013470.2	0.026271564
AC013470.3	0
AC013470.4	0
AC013472.1	0.008487263
AC013472.2	0
AC013472.3	0.049513326
AC013474.1	0.01361255
AC013476.1	0.121524327
AC013476.2	0
AC013480.1	0.031434761
AC013488.1	0
AC013489.1	0.11070155
AC013489.2	0
AC013489.3	0.021037577
AC013509.1	0
AC013546.1	0
AC013549.1	0
AC013549.2	0
AC013549.3	0
AC013553.1	0.040735683
AC013553.2	0.018465921
AC013553.3	0.212222972
AC013553.4	0.034972435
AC013562.1	0
AC013562.2	0
AC013564.1	0
AC013565.1	0.072873885
AC013565.2	0
AC013565.3	0.016888862
AC013640.1	0.019250314
AC013643.1	0
AC013643.2	0.037248039
AC013643.3	0.029327809
AC013644.1	0.01263232
AC013652.1	0.989681077
AC013652.2	0
AC013701.1	0.023390166
AC013714.1	0.014560144
AC013724.1	0.097234982
AC013726.1	0.009519849
AC013727.1	0
AC013727.2	0
AC013731.1	0.270986864
AC013733.1	0
AC013733.2	0
AC013734.1	0
AC013762.1	0.023289994
AC013791.1	0
AC013799.1	0
AC013828.1	0
AC015468.1	0.010358502
AC015468.2	0
AC015468.3	0.026082559
AC015468.4	0
AC015522.1	0
AC015540.1	0
AC015563.1	0
AC015563.2	0
AC015574.1	0
AC015656.1	0
AC015660.1	0.302887849
AC015660.2	0
AC015660.3	0.054931451
AC015660.4	0.017514376
AC015660.5	0.038568891
AC015674.1	0
AC015688.1	0
AC015688.2	0
AC015688.3	0
AC015688.4	0
AC015688.5	0.029798431
AC015688.6	0
AC015688.7	0
AC015689.1	0.400214857
AC015689.2	0
AC015712.1	0.080892968
AC015712.2	0.456387188
AC015712.3	0
AC015712.4	0
AC015712.5	0
AC015712.6	0.05794466
AC015712.7	0.119897624
AC015720.1	0
AC015720.2	0
AC015722.1	0
AC015722.2	1.006711057
AC015726.1	1.012847814
AC015726.2	0.26745313
AC015726.3	0
AC015727.1	0.10621511
AC015743.1	0
AC015771.1	0
AC015795.1	0.094577629
AC015799.1	0.041805614
AC015802.1	0.195160186
AC015802.2	0.115094469
AC015802.3	0.305303222
AC015802.4	0.072800718
AC015802.5	0.054518433
AC015804.1	0.025003281
AC015813.1	0.821533308
AC015813.2	0.015297366
AC015813.3	0
AC015813.4	0
AC015813.5	0.581896044
AC015813.6	1.215358353
AC015813.7	0.037440369
AC015818.1	0
AC015818.2	0.077688766
AC015818.3	0
AC015818.4	0
AC015818.5	0
AC015818.6	0.068620992
AC015818.7	0
AC015818.8	0
AC015818.9	0
AC015819.1	0.754623915
AC015819.2	0.137180164
AC015819.3	0
AC015845.1	0.02369592
AC015845.2	0.01777194
AC015849.1	0.014405864
AC015849.2	0
AC015849.3	0.980661478
AC015849.4	0
AC015849.5	0.087026553
AC015849.6	0.068838147
AC015853.1	0.073489374
AC015853.2	0.022061719
AC015853.3	0.068262096
AC015871.1	0
AC015871.2	0
AC015871.3	0.817776489
AC015871.4	0.004812578
AC015871.5	0
AC015878.1	0
AC015878.2	0
AC015883.1	0.041953432
AC015908.1	0.022849637
AC015908.2	0.014052232
AC015908.3	0.069350227
AC015908.4	0
AC015908.5	0
AC015909.1	0.129635605
AC015909.2	0.079535117
AC015909.3	0.012125337
AC015909.4	0.018817348
AC015909.5	0.076797368
AC015910.1	0.016810552
AC015911.1	0.069720688
AC015911.2	0
AC015911.3	0.65335429
AC015911.4	0.060989312
AC015911.5	0
AC015911.6	0
AC015911.7	1.180739498
AC015911.8	0.912843005
AC015911.9	0
AC015912.1	0
AC015912.2	0
AC015912.3	0.312541014
AC015914.1	0.020291842
AC015914.2	0
AC015917.1	0
AC015917.2	0.088246875
AC015920.1	0.004439358
AC015921.1	0
AC015922.1	0
AC015922.2	0.059111018
AC015922.3	4.482216437
AC015922.4	2.853091798
AC015923.1	0.033159839
AC015936.1	0
AC015936.2	0
AC015959.1	0.02369592
AC015961.1	0.061448742
AC015961.2	0.17067147
AC015967.1	0
AC015967.2	0
AC015969.1	0
AC015971.1	0.159723758
AC015977.1	0
AC015977.2	0
AC015982.1	0.771875486
AC015983.1	0.087477968
AC015983.2	0.069129835
AC015987.1	0.121751052
AC016026.1	0.092982396
AC016027.1	0.184923596
AC016027.2	0.01308836
AC016027.3	0
AC016027.4	0
AC016027.5	0.051792511
AC016044.1	0
AC016065.1	0.963827913
AC016065.2	0.024496458
AC016074.1	0
AC016134.1	0.015340518
AC016144.1	0
AC016152.1	0
AC016168.1	0
AC016168.2	0.078570682
AC016168.3	0
AC016180.1	0
AC016182.1	0
AC016205.1	0.06255314
AC016229.1	0
AC016229.2	0.182577916
AC016245.1	0
AC016251.1	0
AC016251.2	0.003521019
AC016252.1	0.022946049
AC016256.1	0
AC016257.1	0.050903716
AC016266.1	0
AC016292.1	0.046282669
AC016292.2	0.103585022
AC016304.1	0.026335175
AC016355.1	0.170276748
AC016382.1	0
AC016383.1	0
AC016394.1	0.798376046
AC016394.2	0.691106318
AC016395.1	0.038775142
AC016396.1	0
AC016396.2	0.015351344
AC016397.1	0
AC016397.2	0.065751702
AC016405.1	0
AC016405.2	0.209162063
AC016405.3	0.202352136
AC016493.1	0
AC016526.1	0
AC016526.2	0.083664825
AC016526.3	0.005533669
AC016542.1	0.110308593
AC016542.2	0
AC016542.3	0
AC016546.1	0.023491204
AC016550.1	0
AC016550.2	0
AC016550.3	0
AC016553.1	0
AC016556.1	0
AC016559.1	0.054655414
AC016559.2	0.06059291
AC016573.1	0.383399107
AC016575.1	0.142361614
AC016576.1	0
AC016582.1	0.338024249
AC016582.2	0.448120957
AC016582.3	0.506815769
AC016583.1	0.004474055
AC016586.1	0.238518142
AC016588.1	0
AC016590.1	0.015643908
AC016590.2	0.290038061
AC016590.3	0.274438405
AC016595.1	0
AC016596.1	0.042764459
AC016596.2	4.601565395
AC016597.1	0.007470074
AC016597.2	0
AC016598.1	0
AC016598.2	0
AC016612.1	0
AC016629.1	0
AC016629.2	0.009711096
AC016632.1	0
AC016642.1	0.01560463
AC016644.1	0.025060892
AC016650.1	0
AC016651.1	0
AC016683.1	0.030381082
AC016687.1	0
AC016687.2	0
AC016687.3	0
AC016691.1	0
AC016694.1	0
AC016696.1	0
AC016700.1	0.034860344
AC016700.2	0.278882751
AC016700.3	0.02427774
AC016705.1	0.01150336
AC016705.2	0.325497824
AC016708.1	0.180585842
AC016710.1	0
AC016712.1	0.316509789
AC016716.1	0
AC016716.2	0
AC016717.1	0
AC016717.2	0.097318743
AC016717.3	0
AC016722.1	0
AC016722.2	0.118544167
AC016722.3	0.048575193
AC016723.1	0
AC016724.1	0
AC016727.1	0.720293198
AC016727.2	0
AC016730.1	0
AC016734.1	0.532179929
AC016734.2	0
AC016735.1	0.045892098
AC016735.2	0
AC016737.1	0.081471366
AC016737.2	0
AC016738.1	0.143562598
AC016738.2	0.023165979
AC016739.1	6.147545864
AC016745.1	0.19269261
AC016745.2	0.009476992
AC016746.1	0
AC016747.1	3.396915698
AC016747.2	0.135340159
AC016747.3	0.16500269
AC016747.4	0.062914981
AC016751.1	0
AC016751.2	0
AC016757.1	0.213336668
AC016766.1	0.015233091
AC016769.1	0.02153748
AC016769.2	0
AC016769.3	0
AC016769.4	0
AC016772.1	0
AC016773.1	0.298355861
AC016813.1	0.029595721
AC016820.1	0
AC016822.1	0.024775461
AC016825.1	0
AC016831.1	0.100235997
AC016831.2	0
AC016831.3	0.006312494
AC016831.4	0.035428102
AC016831.5	0.021774629
AC016831.6	0.007169695
AC016866.1	0.132035536
AC016866.2	0
AC016866.3	0.030466183
AC016868.1	0
AC016876.1	2.570044257
AC016876.2	0.654119435
AC016876.3	0.153189117
AC016877.1	0
AC016877.2	0
AC016877.3	0.280542768
AC016885.1	0
AC016885.2	0
AC016885.3	0
AC016888.1	0.616010042
AC016894.1	0.104917305
AC016903.1	0
AC016903.2	0
AC016907.1	0
AC016907.2	0.010314298
AC016908.1	0
AC016909.1	0
AC016909.2	0.006356766
AC016910.1	0
AC016911.1	0
AC016912.1	0
AC016924.1	0.082086244
AC016925.1	0.036498078
AC016925.2	0
AC016930.1	0
AC016933.1	0
AC016949.1	0.223224623
AC016954.1	0.014599231
AC016956.1	0
AC016957.1	0
AC016957.2	0.384779268
AC016968.1	0
AC016987.1	0
AC016987.2	0
AC016991.1	0
AC016993.1	0
AC016994.1	0
AC016999.1	0.168440246
AC016999.2	0.01956192
AC017002.1	0.086418832
AC017002.2	0.027465725
AC017002.3	0.293626834
AC017002.4	0
AC017002.5	0.012487287
AC017006.1	0.029880295
AC017006.2	0
AC017007.1	0
AC017007.2	0.016720103
AC017007.3	0
AC017007.4	0
AC017007.5	0
AC017013.1	0.01361255
AC017015.1	0
AC017015.2	0.057853337
AC017019.1	0
AC017033.1	0.030724371
AC017035.1	0
AC017037.1	0
AC017037.2	0
AC017037.3	0.023043278
AC017037.4	0
AC017048.1	0
AC017048.2	0
AC017048.3	0.040134418
AC017053.1	0
AC017067.1	0
AC017071.1	0.034544007
AC017074.1	0.329588706
AC017074.2	0.017918332
AC017076.1	0.11290409
AC017078.1	0
AC017079.1	0
AC017079.2	0.044851247
AC017081.1	0
AC017083.1	0.06665839
AC017083.2	0
AC017083.3	0.006407321
AC017091.1	0.005999133
AC017099.1	0
AC017100.1	0.483810282
AC017100.2	0
AC017101.1	0.019048034
AC017104.1	0.347337378
AC017104.2	0
AC017104.3	0
AC017116.1	0
AC018358.1	0
AC018359.1	0
AC018362.1	0
AC018362.2	0
AC018371.1	0
AC018371.2	0.011912845
AC018410.1	0
AC018410.2	0.089151043
AC018413.1	0.109310827
AC018437.1	0
AC018437.2	0
AC018442.1	0.010554515
AC018442.2	0
AC018442.3	0
AC018445.1	0
AC018445.2	0.041832413
AC018445.3	0.011183987
AC018445.4	0
AC018448.1	0
AC018448.2	0
AC018450.1	0.087477968
AC018450.2	0
AC018462.1	0.0592398
AC018462.2	0.027535259
AC018463.1	0
AC018464.1	0
AC018467.1	0
AC018470.1	0
AC018475.1	0.327462327
AC018495.1	0
AC018511.1	0.028622177
AC018511.2	0
AC018512.1	0
AC018521.1	0
AC018521.2	0
AC018521.3	0
AC018521.4	0
AC018521.5	0.314670318
AC018521.6	0.844140626
AC018521.7	0.026011271
AC018523.1	0.042486044
AC018523.2	0.026723409
AC018529.1	0.060257215
AC018529.2	0.090491875
AC018529.3	0.009650778
AC018541.1	0
AC018552.1	0
AC018552.2	0.027055789
AC018552.3	0
AC018553.1	1.104054348
AC018554.1	0
AC018554.2	0.041672135
AC018554.3	0
AC018557.1	0
AC018557.2	0
AC018558.1	0
AC018558.2	0
AC018558.3	0
AC018558.4	0
AC018563.1	0
AC018607.1	0.01616111
AC018616.1	0.119521179
AC018618.1	0
AC018618.2	0
AC018620.1	0.028697697
AC018628.1	0.307581605
AC018629.1	1.522449213
AC018630.1	0
AC018630.2	0.013444286
AC018634.1	0.05424652
AC018635.1	0
AC018635.2	0.029880295
AC018638.1	1.384272565
AC018638.2	6.099435656
AC018638.3	0
AC018638.4	3.395336869
AC018638.5	3.332168045
AC018638.6	0.060090759
AC018638.7	0.253848393
AC018638.8	1.896601201
AC018639.1	0
AC018641.1	0.710520376
AC018643.1	0
AC018644.1	0.019739432
AC018645.1	0
AC018645.2	5.161694311
AC018647.1	0.061082077
AC018647.2	1.34919491
AC018648.1	0.04884623
AC018653.1	0
AC018653.2	0
AC018653.3	1.891151481
AC018659.1	0
AC018659.2	0.030423573
AC018665.1	0.590936579
AC018680.1	0
AC018682.1	0.157525609
AC018682.2	0.027259216
AC018685.1	0
AC018685.2	0
AC018690.1	1.250962884
AC018692.1	0
AC018692.2	0
AC018692.3	0
AC018693.1	0
AC018693.2	0
AC018695.1	0.032760323
AC018695.2	0
AC018695.3	0.05331582
AC018695.4	0.394645403
AC018695.5	0
AC018695.6	0.285149779
AC018695.7	0.008729075
AC018697.1	0.047913777
AC018709.1	0
AC018710.1	0
AC018712.1	0
AC018714.1	0
AC018716.1	0
AC018716.2	0
AC018717.1	0
AC018730.1	0
AC018730.2	0
AC018731.1	0
AC018735.1	0
AC018737.1	0
AC018737.2	0.021580213
AC018738.1	13.88039293
AC018742.1	0.01233155
AC018752.1	0.580780098
AC018755.1	0
AC018755.2	0.00470841
AC018755.3	0.036944386
AC018755.4	0.335396436
AC018761.1	0
AC018761.2	0
AC018761.3	0
AC018761.4	0
AC018765.1	0.003156247
AC018766.1	0.089887829
AC018767.1	0
AC018767.2	0
AC018767.3	0
AC018781.1	0.027916908
AC018797.1	0.042652656
AC018797.2	0.443433049
AC018797.3	0.052585466
AC018804.1	0.035198794
AC018809.1	0
AC018809.2	0.71978449
AC018814.1	0
AC018816.1	0.208660476
AC018816.2	0.123245635
AC018832.1	0
AC018845.1	0
AC018845.2	0
AC018845.3	0.147548432
AC018846.1	0
AC018861.1	0
AC018861.2	0
AC018865.1	0
AC018865.2	0
AC018866.1	0
AC018868.1	0.241698384
AC018868.2	0.034555766
AC018878.1	0
AC018880.1	0
AC018880.2	0
AC018889.1	0.191775796
AC018892.1	0
AC018892.2	0
AC018892.3	0.060932366
AC018904.1	1.404704632
AC018904.2	0.00619034
AC018926.1	0.075009843
AC018926.2	0.131041293
AC018926.3	0.241103068
AC018943.1	0
AC018946.1	0
AC018946.2	0.011751947
AC018953.1	0.089395293
AC018980.1	0
AC018992.1	0
AC019055.1	0
AC019064.1	0
AC019068.1	0.02926393
AC019069.1	1.509481658
AC019070.1	0.021243022
AC019072.1	0
AC019077.1	0.027396542
AC019080.1	0.128921534
AC019080.2	0
AC019080.3	0.048992916
AC019080.4	0.019284446
AC019080.5	0.057471214
AC019084.1	0
AC019097.1	0.340350786
AC019103.1	0
AC019109.1	0
AC019117.1	0.594804618
AC019117.2	1.247475532
AC019118.1	0
AC019118.2	0
AC019129.1	0
AC019129.2	0.008806824
AC019130.1	0
AC019131.1	0
AC019131.2	0.987629605
AC019133.1	0
AC019155.1	0.132639357
AC019155.2	0
AC019155.3	0.108764273
AC019159.1	0.058162713
AC019163.1	0
AC019171.1	0.082397176
AC019176.1	0
AC019176.2	0
AC019178.1	0
AC019178.2	0
AC019181.1	0.245596745
AC019183.1	0.064612439
AC019185.1	0.083879902
AC019185.2	0
AC019185.3	0
AC019186.1	0.339264705
AC019193.1	0
AC019193.2	0.120086737
AC019193.3	0.01963254
AC019197.1	0.025327675
AC019205.1	0.344583507
AC019206.1	0.127957968
AC019209.1	0
AC019209.2	0
AC019209.3	0
AC019211.1	0.05769988
AC019226.1	0.16895421
AC019226.2	0.025651951
AC019227.1	0.021326328
AC019235.1	0
AC019254.1	0.228376426
AC019254.2	0.01956192
AC019257.1	0.013527895
AC019257.2	0.02188416
AC019270.1	0
AC019278.1	0
AC019288.1	0.048555479
AC019294.1	0
AC019294.2	0.026218788
AC019294.3	0.003744037
AC019322.1	0
AC019322.2	0
AC019322.3	0
AC019322.4	0.002767539
AC019330.1	0
AC019349.1	0
AC020549.1	0
AC020549.2	0
AC020550.1	0
AC020551.1	0
AC020558.1	0.102366375
AC020558.2	0.410431219
AC020558.3	0.006386628
AC020559.1	0
AC020571.1	1.130282115
AC020593.1	0
AC020594.1	0.193072674
AC020595.1	0
AC020604.1	0.074066818
AC020611.1	0.04282058
AC020611.2	0
AC020612.1	0.180938717
AC020612.2	0
AC020612.3	0.13357016
AC020629.1	0.026367096
AC020633.1	0.067765902
AC020634.1	0.138679401
AC020636.1	0.019250314
AC020636.2	0
AC020637.1	0.062905884
AC020651.1	0
AC020656.1	0
AC020656.2	0.018438095
AC020658.1	0.011595338
AC020658.2	0.005411158
AC020658.3	0
AC020658.4	0.143110885
AC020658.5	0.196858413
AC020658.6	0.023265085
AC020658.7	0.004453901
AC020659.1	0.056570522
AC020659.2	0
AC020661.1	0.267790824
AC020661.2	0
AC020661.3	0.021752855
AC020661.4	0
AC020663.1	0
AC020663.2	0
AC020663.3	0.079753821
AC020687.1	0
AC020688.1	0.052290516
AC020699.1	0
AC020703.1	0.02087606
AC020704.1	0
AC020718.1	0
AC020719.1	0
AC020728.1	0
AC020741.1	0.005231567
AC020743.1	0
AC020743.2	0
AC020743.3	0
AC020763.1	0.019739432
AC020763.2	0
AC020763.3	0.127341091
AC020763.4	0.088680702
AC020763.5	0.025294017
AC020765.1	0
AC020765.2	0.15106149
AC020765.3	0
AC020765.4	0
AC020779.1	0.013663853
AC020779.2	0.055350775
AC020891.1	0.062508203
AC020891.2	0.364416379
AC020891.3	0.149813048
AC020891.4	0
AC020892.1	0
AC020892.2	0
AC020893.1	0
AC020893.2	0.030086936
AC020895.1	0
AC020895.2	0
AC020897.1	0
AC020898.1	1.672233422
AC020899.1	0.343275945
AC020900.1	0.057750941
AC020904.1	0
AC020904.2	0.200487139
AC020904.3	0
AC020905.1	0
AC020907.1	0.040283064
AC020907.2	0
AC020907.3	0.077001255
AC020907.4	0.496262842
AC020907.5	0.011235979
AC020908.1	0.038844383
AC020908.2	0
AC020908.3	0.017830209
AC020909.1	0
AC020909.2	0
AC020909.3	0
AC020910.1	0.05267035
AC020910.2	0
AC020910.3	0
AC020910.4	1.732171755
AC020910.5	0.419894244
AC020910.6	0
AC020911.1	0.075269393
AC020911.2	0
AC020913.1	0.043945161
AC020913.2	0
AC020913.3	0.348045674
AC020914.1	0
AC020914.2	0
AC020914.3	0
AC020915.1	0.087484866
AC020915.2	0.870114184
AC020915.3	2.819516973
AC020915.4	0.033847803
AC020916.1	3.782838581
AC020916.2	0.060424596
AC020917.1	0.073077899
AC020917.2	0.02712326
AC020917.3	0
AC020917.4	0.375424454
AC020922.1	0.003556713
AC020922.2	0
AC020922.3	0.019883779
AC020922.4	0.096251569
AC020923.1	0
AC020928.1	0.216661898
AC020928.2	0.053055743
AC020928.3	0.004950581
AC020931.1	0.056563886
AC020934.1	0.044153291
AC020934.2	0.023851814
AC020937.1	0
AC020951.1	0.105363893
AC020978.1	0.025412213
AC020978.2	0.044393581
AC020978.3	0.283732886
AC020978.4	0.489745319
AC020978.5	0
AC020978.6	0
AC020978.7	0.118769722
AC020978.8	0
AC020978.9	0.297653706
AC020980.1	0
AC020983.1	0.020030253
AC021001.1	0.022039366
AC021006.1	0.019668042
AC021006.2	0
AC021006.3	0
AC021016.1	0.131041293
AC021016.2	1.248027546
AC021016.3	0.091206938
AC021028.1	0.109128033
AC021035.1	0
AC021054.1	1.743925737
AC021066.1	0.067242209
AC021074.1	0.532652838
AC021074.2	0
AC021074.3	0
AC021078.1	1.258169392
AC021086.1	0.038096068
AC021087.1	0.104180338
AC021087.2	0.207944994
AC021087.3	0.143458604
AC021087.4	0.327835575
AC021088.1	0
AC021092.1	0.445908573
AC021097.1	0
AC021106.1	1.192500535
AC021106.2	0.061275647
AC021106.3	0.798833643
AC021127.1	0
AC021146.1	0
AC021146.10	0
AC021146.11	0
AC021146.12	0.136810406
AC021146.2	0
AC021146.3	0
AC021146.4	0
AC021146.5	0
AC021146.6	0
AC021146.7	0
AC021146.8	0
AC021146.9	0
AC021148.1	0.026351126
AC021151.1	0
AC021171.1	0
AC021171.2	0
AC021180.1	0
AC021188.1	0.132280873
AC021192.1	0
AC021193.1	0
AC021205.1	0
AC021205.2	0.031344171
AC021205.3	0.063642056
AC021218.1	0.012866436
AC021220.1	0
AC021224.1	0.203060486
AC021231.1	0.00810464
AC021231.2	0.029798431
AC021231.3	0.058791499
AC021237.1	0
AC021242.1	0
AC021242.2	0
AC021242.3	0.05529048
AC021269.1	0
AC021269.2	0
AC021321.1	0.175899094
AC021351.1	0
AC021355.1	0
AC021382.1	0.011796559
AC021393.1	0
AC021422.1	0.022994561
AC021439.1	0
AC021443.1	0
AC021451.1	0
AC021483.1	0.060536701
AC021483.2	0.112128116
AC021491.1	0
AC021491.2	0.036827632
AC021491.3	0
AC021491.4	0.033817108
AC021504.1	0.739093129
AC021506.1	0
AC021506.2	0
AC021517.1	0
AC021534.1	0.039767559
AC021546.1	0.031648188
AC021549.1	0.050237539
AC021594.1	0.017101301
AC021594.2	0
AC021613.1	0
AC021646.1	0
AC021660.1	0
AC021660.2	0.028032029
AC021678.1	0.023240229
AC021678.2	0.04904815
AC021678.3	0
AC021683.1	0.055397762
AC021683.2	0.032121758
AC021683.3	0.007073332
AC021683.4	0.009896658
AC021698.1	0
AC021713.1	0
AC021723.1	0.063357829
AC021733.1	0
AC021733.2	0.02188416
AC021736.1	0
AC021739.1	0.062508203
AC021739.2	0.12410861
AC021739.3	0.076325806
AC021739.4	0.095574932
AC021739.5	0.154119415
AC021744.1	0
AC021749.1	0
AC021752.1	0.004075095
AC021755.1	0
AC021755.2	0.05035383
AC021755.3	0.047703628
AC021766.1	0.01467804
AC021785.1	0
AC021818.1	0
AC021818.2	0
AC021820.1	0
AC021851.1	0.140730113
AC021860.1	0
AC021876.1	0.06059291
AC021915.1	0
AC021915.2	0
AC021945.1	0.059325967
AC021979.1	0
AC021979.2	0
AC022001.1	0.040583684
AC022001.2	0
AC022001.3	0.036498078
AC022007.1	0.352099107
AC022017.1	0
AC022018.1	0.045130404
AC022022.1	0
AC022022.2	0.030212298
AC022028.1	0
AC022028.2	0
AC022031.1	0.092279753
AC022031.2	1.599214737
AC022034.1	0
AC022034.2	2.478750084
AC022034.3	0.045508064
AC022034.4	0.208716089
AC022035.1	0
AC022039.1	0
AC022069.1	0
AC022075.1	2.997743213
AC022075.2	0.329002249
AC022075.3	0.134069982
AC022079.1	0.234873015
AC022079.2	0.076865211
AC022080.1	0
AC022080.2	0.020406055
AC022080.3	0.022565202
AC022081.1	0
AC022087.1	0
AC022092.1	0.107901064
AC022098.1	0.515486667
AC022098.2	0.020996964
AC022098.3	0.103585022
AC022098.4	0.030898941
AC022101.1	0.124850821
AC022106.1	0.014198991
AC022106.2	0
AC022107.1	0.569483265
AC022113.1	0.077967221
AC022113.2	0.046348412
AC022118.1	0
AC022121.1	0.018784849
AC022126.1	0.201754975
AC022133.1	0
AC022137.1	0
AC022137.2	0
AC022140.1	0
AC022140.2	0
AC022144.1	0.289120219
AC022145.1	0
AC022145.2	0
AC022146.1	0
AC022146.2	0.062508203
AC022148.1	0.026633431
AC022148.2	0.019422192
AC022149.1	0
AC022150.1	0
AC022150.2	1.334220119
AC022150.3	0.024719153
AC022150.4	0.88982007
AC022154.1	0.179910827
AC022164.1	0.052896953
AC022165.1	0.182490391
AC022166.1	0.014405864
AC022166.2	0.020291842
AC022167.1	0
AC022167.2	0.407557268
AC022167.3	0
AC022167.4	0.021840215
AC022173.1	0
AC022182.1	0.015959541
AC022182.2	0.050646926
AC022182.3	0.035133821
AC022188.1	0
AC022196.1	0
AC022201.1	0
AC022201.2	0
AC022202.1	0
AC022206.1	0
AC022210.1	0.466328535
AC022211.1	0.166862901
AC022211.2	0.645613017
AC022211.3	0.299101751
AC022211.4	0.005033053
AC022215.1	0
AC022217.1	0
AC022217.2	0
AC022217.3	0.154494706
AC022217.4	0
AC022239.1	0.086320852
AC022240.1	0.015901209
AC022254.1	0
AC022272.1	0.209969639
AC022274.1	0.044393581
AC022294.1	0
AC022296.1	0.015947841
AC022296.2	0.053843699
AC022296.3	0.026988653
AC022306.1	0.104447125
AC022306.2	0.790095955
AC022306.3	0.158202579
AC022325.1	0
AC022335.1	0.025441935
AC022336.1	0.032274265
AC022336.2	0
AC022336.3	0.010953099
AC022360.1	0
AC022364.1	0.873144273
AC022364.2	0.215957943
AC022367.1	0
AC022382.1	0.161851597
AC022384.1	0
AC022387.1	0.054793085
AC022387.2	0
AC022390.1	0.175426247
AC022392.1	0
AC022395.1	0.031299071
AC022398.1	0
AC022400.1	0.293296916
AC022400.2	0.02511877
AC022400.3	0.022837643
AC022400.4	0.114088398
AC022400.5	0.355856262
AC022400.6	0.026172221
AC022400.7	2.842302603
AC022400.8	0.196434502
AC022400.9	0.119521179
AC022404.1	0
AC022405.1	0.021078347
AC022413.1	0.320545113
AC022415.1	0.537727124
AC022417.1	0.283805471
AC022418.1	0
AC022424.1	0.012234451
AC022424.2	0
AC022431.1	0
AC022432.1	0
AC022441.1	0
AC022441.2	0
AC022441.3	0
AC022445.1	0.07997373
AC022447.1	0
AC022447.2	0
AC022447.3	0
AC022447.4	0
AC022447.5	0
AC022447.6	0
AC022447.7	0
AC022467.1	0.087127588
AC022469.1	0
AC022469.2	0
AC022483.1	0.019182411
AC022486.1	0
AC022493.1	0
AC022493.2	0
AC022494.1	0.014940147
AC022497.1	0.103135994
AC022498.1	0
AC022498.2	0.004791378
AC022507.1	0
AC022509.1	0.809946714
AC022509.2	2.30287731
AC022509.3	1.540607741
AC022509.4	0.019014733
AC022511.1	0
AC022513.1	0
AC022517.1	0
AC022523.1	0
AC022523.2	0
AC022523.3	0
AC022532.1	0.163649948
AC022535.1	0
AC022537.1	0
AC022540.1	0.035370495
AC022558.1	0.215611995
AC022558.2	0.01442497
AC022558.3	0.142278845
AC022559.1	0
AC022568.1	0.023593118
AC022596.1	0
AC022601.1	0
AC022613.1	0.190814514
AC022613.2	0.164907926
AC022613.3	0.032322221
AC022616.1	0
AC022616.2	0
AC022616.3	0
AC022616.4	0
AC022616.5	0
AC022616.6	0
AC022616.7	0.049438306
AC022616.8	0
AC022634.1	0
AC022634.2	0.028472323
AC022639.1	0.353926295
AC022655.1	0
AC022655.2	0
AC022662.1	0
AC022679.1	0
AC022679.2	0
AC022690.1	0
AC022690.2	0
AC022695.1	0
AC022695.2	0.056648059
AC022695.3	0
AC022706.1	0.548391292
AC022709.1	0
AC022710.1	0
AC022726.1	0.052543127
AC022730.1	0.038297279
AC022730.2	0
AC022730.3	0
AC022730.4	0.055140316
AC022733.1	0.014717764
AC022733.2	0.10241457
AC022743.1	0
AC022748.1	0.055491976
AC022748.2	0.004394516
AC022748.3	0
AC022762.1	0.173276415
AC022762.2	0.15273623
AC022778.1	0
AC022784.1	0.348045674
AC022784.2	0
AC022784.3	0.314230425
AC022784.4	0
AC022784.5	0
AC022784.6	0.004298983
AC022784.7	1.05255748
AC022784.8	0.058370808
AC022790.1	0
AC022795.1	0.045318447
AC022796.1	0
AC022809.1	0.050824427
AC022816.1	0.067639473
AC022819.1	0.019471865
AC022826.1	0
AC022826.2	0.014016015
AC022832.1	0
AC022858.1	0
AC022861.1	0
AC022868.1	0.166901698
AC022872.1	0.013926283
AC022874.1	0
AC022878.1	0
AC022880.1	0
AC022880.2	0
AC022882.1	0
AC022884.1	0
AC022893.1	0.128715116
AC022893.2	0.009899661
AC022893.3	0
AC022898.1	0.011075792
AC022898.2	0.01657992
AC022903.1	0
AC022905.1	0.010705145
AC022915.1	0.037634697
AC022915.2	0.068780105
AC022915.3	0.018310484
AC022916.1	0.409701952
AC022916.2	0
AC022916.3	0
AC022916.4	0
AC022919.1	0.017374485
AC022929.1	0
AC022929.2	0
AC022960.1	0.031254101
AC022960.2	0.032661944
AC022960.3	0
AC022966.1	0
AC022968.1	0.172251111
AC022973.1	0.037831051
AC022973.2	0.019811343
AC022973.3	0.069869983
AC022973.4	0.272800248
AC023024.1	0.4073411
AC023024.2	0.562103368
AC023034.1	0.170100519
AC023034.2	0.616940204
AC023043.1	0.750098434
AC023043.2	0
AC023043.3	0.084751382
AC023043.4	0.339131363
AC023050.1	0
AC023050.2	0.028104463
AC023050.3	0
AC023050.4	0
AC023051.1	0.111744116
AC023051.2	0
AC023055.1	0.064382956
AC023078.1	0
AC023078.2	0
AC023078.3	0
AC023078.4	0
AC023078.5	0
AC023078.6	0
AC023078.7	0.022635645
AC023090.1	0.02166619
AC023090.2	0.025773524
AC023115.1	0.056845439
AC023128.1	0
AC023128.2	0
AC023136.1	0
AC023137.1	0
AC023141.1	0
AC023141.10	0
AC023141.11	0
AC023141.12	0
AC023141.13	0
AC023141.2	0
AC023141.3	0
AC023141.4	0
AC023141.5	0
AC023141.6	0
AC023141.7	0
AC023141.8	0
AC023141.9	0
AC023154.1	0
AC023157.1	0.37878105
AC023157.2	0
AC023157.3	0.651127113
AC023158.1	0.021222297
AC023158.2	0.020030253
AC023161.1	0
AC023161.2	0
AC023162.1	0
AC023194.1	0
AC023194.2	0.02678923
AC023194.3	0
AC023200.1	0
AC023202.1	0.022151583
AC023206.1	0
AC023232.1	0.076325806
AC023245.1	0
AC023245.2	0
AC023271.1	0
AC023274.1	0
AC023274.2	0
AC023300.1	0
AC023300.2	0.03554388
AC023300.3	0
AC023301.1	0.611367627
AC023302.1	0.154745917
AC023310.1	0
AC023310.2	0
AC023310.3	0
AC023310.4	0.050198895
AC023347.1	0.141866443
AC023347.2	0.02354205
AC023355.1	0.106224131
AC023389.1	0.037765373
AC023389.2	0
AC023394.1	0
AC023394.2	0
AC023403.1	0
AC023421.1	0.036559419
AC023421.2	0.029757667
AC023424.1	0
AC023424.2	0.06998988
AC023442.1	0
AC023442.2	0
AC023442.3	0
AC023449.1	0
AC023449.2	0.253783304
AC023469.1	0.023190677
AC023469.2	0.016554684
AC023481.1	0.011595338
AC023490.1	0
AC023490.2	0
AC023490.3	0
AC023509.1	0.06923251
AC023509.2	0.023675288
AC023509.3	0.416457997
AC023509.4	0.898182383
AC023509.5	0.02695521
AC023510.1	0.088787162
AC023510.2	0.131216951
AC023511.1	0.038096068
AC023511.2	0
AC023512.1	0
AC023513.1	0
AC023538.1	0
AC023575.1	0
AC023590.1	0.073989301
AC023595.1	0
AC023632.1	0
AC023632.2	0.072955354
AC023632.3	0
AC023632.4	0
AC023632.5	0.044303166
AC023632.6	1.728637503
AC023644.1	0.105482592
AC023669.1	0.186808866
AC023669.2	0.364064512
AC023762.1	0
AC023790.1	0
AC023790.2	0.040735683
AC023794.1	0.030350254
AC023794.2	0.053977307
AC023794.3	0.061797882
AC023794.4	0.009676537
AC023794.5	0.101721982
AC023794.6	0.02884994
AC023794.7	0.05546625
AC023796.1	0.016233474
AC023796.2	0.217046221
AC023813.1	0
AC023813.2	0.023190677
AC023813.3	0.262325705
AC023813.4	0
AC023818.1	0.254916265
AC023824.1	0
AC023824.2	0
AC023824.3	0
AC023824.4	0
AC023824.5	0
AC023824.6	0
AC023825.1	0.031678914
AC023825.2	0.097110958
AC023827.1	0
AC023830.1	0.035244418
AC023830.2	0.00654418
AC023830.3	0.037376039
AC023855.1	0
AC023866.1	0
AC023866.2	0.056208927
AC023886.1	0.194221916
AC023886.2	0.89975311
AC023905.1	0
AC023906.1	0.024009773
AC023906.2	0.235420504
AC023906.3	0
AC023906.4	0.014143599
AC023906.5	0.119897624
AC023908.1	0
AC023908.2	0
AC023908.3	0.092808372
AC023932.1	0
AC023932.2	0
AC023934.1	0
AC023946.1	0
AC023968.1	0
AC023968.2	0
AC023983.1	0.095912057
AC023983.2	0.038706147
AC024022.1	0
AC024023.1	0
AC024028.1	0.02488885
AC024060.1	1.541194151
AC024067.1	0
AC024075.1	2.430263975
AC024075.2	3.138140938
AC024075.3	1.693702562
AC024082.1	0
AC024082.2	0.045699274
AC024084.1	0.047808472
AC024085.1	0
AC024132.1	0
AC024132.2	0
AC024132.3	0
AC024145.1	0.098238698
AC024153.1	0
AC024224.1	0
AC024224.2	0
AC024230.1	0
AC024243.1	0.055919935
AC024255.1	0
AC024257.1	0.096081513
AC024257.2	0
AC024257.3	0.041775029
AC024257.4	0.094990631
AC024257.5	0
AC024267.1	0
AC024267.2	0
AC024267.3	0.135471514
AC024267.4	0.021840215
AC024267.5	0.018157642
AC024267.6	0
AC024270.1	0.053843699
AC024270.2	0.043592895
AC024270.3	0
AC024270.4	0.206677953
AC024288.1	0
AC024293.1	20.31140037
AC024337.1	0
AC024337.2	0.034997442
AC024341.1	0
AC024361.1	0.050824427
AC024361.2	0.060559172
AC024361.3	0.261295551
AC024382.1	0
AC024405.1	0.01043803
AC024405.2	0
AC024451.1	0
AC024451.2	0.834382961
AC024451.3	0.070473611
AC024451.4	0.086780005
AC024475.1	0.035955132
AC024475.2	0
AC024475.3	0.020291842
AC024475.4	0
AC024558.1	0.226592235
AC024559.1	0.057648908
AC024559.2	0
AC024560.1	0.0073939
AC024560.2	1.038963997
AC024560.3	0.685620059
AC024563.1	0
AC024563.2	0
AC024568.1	0.009625157
AC024575.1	0.175426247
AC024579.1	0
AC024580.1	0.693896697
AC024580.2	0.047084101
AC024581.1	0.711003198
AC024581.2	0
AC024587.1	0.005042386
AC024587.2	0
AC024589.1	0
AC024589.2	0
AC024592.1	0.030551762
AC024592.2	0.009155242
AC024592.3	0.004959611
AC024595.1	0
AC024597.1	0
AC024600.1	0
AC024601.1	0.041513081
AC024603.1	0
AC024610.1	0
AC024610.2	0.011241785
AC024614.1	0
AC024614.2	0
AC024619.1	0
AC024619.2	0
AC024619.3	0
AC024619.4	0.068838147
AC024651.1	0.005540717
AC024651.2	0
AC024681.1	0
AC024681.2	0
AC024884.1	0
AC024884.2	0.01744415
AC024896.1	7.945040262
AC024901.1	0.015148227
AC024908.1	0
AC024909.1	0.018157642
AC024909.2	0.15420721
AC024933.1	0.21877871
AC024937.1	0.158087606
AC024937.2	0.026271564
AC024940.1	0.064655116
AC024940.2	0.392427871
AC024940.3	0.807655492
AC024940.4	0
AC024940.5	0
AC024940.6	0.183568393
AC024941.1	0.032564154
AC024941.2	0.375049217
AC024958.1	0
AC024995.1	0
AC025030.1	0.018981549
AC025030.2	0
AC025031.1	0
AC025031.2	0.069387096
AC025031.3	0
AC025031.4	0.046551508
AC025031.5	0.012932732
AC025033.1	0
AC025034.1	0.101708262
AC025034.2	0
AC025035.1	0.06083013
AC025038.1	0
AC025040.1	0.008110684
AC025040.2	0.005872801
AC025043.1	0.069609135
AC025048.1	0.401344181
AC025048.2	0.423666708
AC025048.3	0.019114986
AC025048.4	0.311199637
AC025048.5	0
AC025048.6	0.067977671
AC025062.1	0.084444311
AC025062.2	0.016233474
AC025125.1	0
AC025154.1	0
AC025154.2	0.013820111
AC025161.1	0.01840343
AC025162.1	0
AC025162.2	0.038844383
AC025164.1	0.063060061
AC025165.1	0.184062616
AC025165.2	0
AC025165.3	0.080091512
AC025165.4	0.653088013
AC025165.5	0.809145975
AC025166.1	0.066726548
AC025171.1	1.539264495
AC025171.2	0.941342427
AC025171.3	0.196680421
AC025171.4	0.249316385
AC025171.5	0.094577629
AC025174.1	0.036869245
AC025175.1	0.257938987
AC025176.1	0.089395293
AC025178.1	0.299949434
AC025180.1	0.035602053
AC025181.1	0.026145258
AC025181.2	2.332600368
AC025183.1	0.921297371
AC025183.2	0.013304498
AC025183.3	0.025412213
AC025183.4	0.00733902
AC025186.1	0.012501641
AC025187.1	0
AC025188.1	0.090636894
AC025198.1	0.103832242
AC025211.1	0.174955935
AC025219.1	0.620328553
AC025244.1	0.023190677
AC025244.2	0
AC025252.1	0
AC025252.2	0
AC025253.1	0.020030253
AC025254.1	0.044034119
AC025257.1	0
AC025259.1	0
AC025259.2	0
AC025259.3	0.237736116
AC025260.1	0
AC025262.1	0
AC025262.2	0.030898941
AC025262.3	0
AC025263.1	0.039011576
AC025263.2	0.019847495
AC025263.3	0
AC025265.1	0.08185458
AC025265.2	0
AC025265.3	0
AC025271.1	0.025352977
AC025271.2	0
AC025271.3	0.042652656
AC025271.4	0.069316744
AC025272.1	0
AC025277.1	0
AC025278.1	0
AC025278.2	0
AC025279.1	0.020317112
AC025279.2	0.016656091
AC025279.3	0
AC025280.1	0.125497238
AC025280.2	0.042702895
AC025281.1	0.041043122
AC025283.1	0.014818021
AC025283.2	0.00582146
AC025284.1	0.13149394
AC025287.1	0.013629608
AC025287.2	0.065128307
AC025287.3	0.694701943
AC025300.1	0
AC025366.1	0
AC025370.1	0
AC025419.1	0.01266763
AC025423.1	0.058162713
AC025423.2	0
AC025423.3	0
AC025423.4	0
AC025423.5	0
AC025428.1	0
AC025428.2	0
AC025430.1	0.021840215
AC025431.1	0.02488885
AC025434.1	0.023644407
AC025437.1	0
AC025437.2	0
AC025437.3	0
AC025437.4	0.031942518
AC025437.5	0
AC025437.6	0
AC025442.1	0
AC025445.1	0.036254758
AC025449.1	2.07659576
AC025458.1	0.196561939
AC025459.1	0.069720688
AC025465.1	0
AC025465.2	0
AC025465.3	0
AC025465.4	0
AC025470.1	0
AC025470.2	0.012125337
AC025475.1	0
AC025518.1	0.062688342
AC025521.1	0
AC025524.1	0
AC025524.2	0.003447362
AC025538.1	0.007319265
AC025539.1	0.010825009
AC025554.1	0
AC025566.1	0
AC025569.1	0.194709911
AC025572.1	0
AC025574.1	0.006579811
AC025574.2	0
AC025575.1	0.179940893
AC025575.2	9.394153135
AC025576.1	0
AC025576.2	0
AC025578.1	0
AC025580.1	0.31331272
AC025580.2	0.109156115
AC025580.3	0
AC025588.1	0.225717362
AC025588.2	0
AC025588.3	0
AC025588.4	0
AC025594.1	0.060090759
AC025594.2	0.21267594
AC025594.3	0.096373406
AC025627.1	0
AC025627.2	0
AC025627.3	0
AC025627.4	0
AC025647.1	0
AC025674.1	0
AC025674.2	0
AC025678.1	0
AC025678.2	0
AC025678.3	0.02480114
AC025682.1	0.210172508
AC025741.1	0
AC025750.1	0
AC025750.2	0.024169838
AC025752.1	0
AC025754.1	0.240510677
AC025754.2	0.629422876
AC025755.1	0
AC025766.1	0.45207644
AC025768.1	0
AC025773.1	0
AC025809.1	0.11653315
AC025809.2	0.096572051
AC025810.1	0.011087082
AC025811.1	0.023043278
AC025822.1	0
AC025822.2	0.028534571
AC025857.1	0
AC025857.2	6.763492605
AC025871.1	0.059352946
AC025871.2	0.170276748
AC025881.1	1.423282478
AC025884.1	0.057547234
AC025884.2	0
AC025884.3	0
AC025887.1	0.041198588
AC025917.1	0.386198492
AC025918.1	0.028397982
AC025918.2	0
AC025946.1	0
AC025946.2	0
AC025947.1	0
AC026111.1	0.027304838
AC026116.1	0
AC026117.1	0
AC026120.1	0
AC026120.2	0
AC026124.1	0.009438612
AC026124.2	0.248698795
AC026150.1	0.046546764
AC026150.2	0
AC026150.3	0
AC026167.1	0
AC026185.1	0
AC026191.1	0.092340802
AC026202.1	0
AC026202.2	0.242777395
AC026202.3	0.038603114
AC026250.1	0.466959075
AC026254.1	0
AC026254.2	0.119784442
AC026271.1	2.081690091
AC026271.2	0
AC026271.3	0.729842094
AC026271.4	0.083664825
AC026304.1	0.271425993
AC026310.1	0
AC026310.2	0.941229285
AC026310.3	0.036667264
AC026316.1	0
AC026316.2	0
AC026316.3	0
AC026320.1	0
AC026320.2	0.022754032
AC026333.1	0
AC026333.2	0
AC026333.3	0.036428225
AC026333.4	0.039986865
AC026336.1	0
AC026336.2	0
AC026336.3	0
AC026336.4	0
AC026336.5	0
AC026347.1	0
AC026348.1	0.030986972
AC026353.1	0
AC026355.1	0.389105576
AC026355.2	0.015043468
AC026355.3	0.059842791
AC026356.1	1.258363365
AC026356.2	0.230124854
AC026358.1	0.014463334
AC026362.1	0.08905583
AC026362.2	0.00586225
AC026367.1	0.035602053
AC026367.2	0.059004126
AC026367.3	0.22121547
AC026368.1	0.078814691
AC026369.1	0.021996819
AC026369.2	0.424783264
AC026369.3	0.501132316
AC026371.1	0
AC026391.1	0
AC026396.1	0.025834744
AC026401.1	0
AC026401.2	0.129738695
AC026401.3	7.522245636
AC026402.1	0
AC026403.1	2.507108665
AC026407.1	0
AC026410.1	0.158058889
AC026410.2	0.348603439
AC026410.3	0.650726419
AC026412.1	1.31267226
AC026412.2	0.070823248
AC026412.3	0.294665399
AC026414.1	0
AC026415.1	0
AC026421.1	0
AC026422.1	0.024062892
AC026427.1	0
AC026427.2	0
AC026434.1	0
AC026434.2	0.0201789
AC026436.1	0.443113705
AC026444.1	0
AC026458.1	0.024832026
AC026458.2	0.020482914
AC026461.1	0
AC026461.2	0
AC026461.3	0
AC026461.4	0.044943914
AC026462.1	0.103024345
AC026462.2	0
AC026462.3	0
AC026462.4	0
AC026464.1	0
AC026464.2	0
AC026464.3	0
AC026464.4	0.042353689
AC026464.5	0
AC026468.1	0
AC026469.1	0.023029338
AC026470.1	0
AC026470.2	0.148992155
AC026470.3	0
AC026471.1	0.909364212
AC026471.2	0.049815698
AC026471.3	0.169356134
AC026471.4	1.186959772
AC026471.5	0
AC026471.6	0.182701141
AC026474.1	0
AC026477.1	0.035313076
AC026495.1	0
AC026523.1	0
AC026523.2	0
AC026583.1	0
AC026585.1	0
AC026616.1	0.041434009
AC026620.1	0
AC026688.1	0.018624019
AC026688.2	0
AC026691.1	0.167163731
AC026700.1	0.059980298
AC026704.1	0.01412523
AC026719.1	0
AC026719.2	0
AC026725.1	0
AC026726.1	0
AC026740.1	0.371256052
AC026741.1	0.045130404
AC026746.1	0
AC026748.1	0.023418945
AC026765.1	0
AC026765.2	0.024533295
AC026770.1	0.037440369
AC026771.1	0.104833034
AC026774.1	0
AC026774.2	0.009905671
AC026780.1	0
AC026780.2	0
AC026782.1	0.024223669
AC026782.2	0.136810406
AC026784.1	0
AC026785.1	0
AC026785.2	0
AC026785.3	0
AC026786.1	0
AC026786.2	0
AC026787.1	0
AC026790.1	0
AC026797.1	0
AC026798.1	0
AC026801.1	0
AC026801.2	0.875674019
AC026803.1	0.277864931
AC026803.2	0.229945609
AC026826.1	0
AC026826.2	0
AC026826.3	0
AC026877.1	0.770831134
AC026884.1	0
AC026887.1	0
AC026888.1	0
AC026894.1	0.008666476
AC026898.1	0
AC026904.1	0.021452519
AC026904.2	0.040508109
AC026904.3	0.156597775
AC026904.4	0.038913872
AC026951.1	0
AC026951.2	0
AC026954.1	0
AC026954.2	0
AC026954.3	0
AC026956.1	0
AC026979.1	0.018655964
AC026979.2	0.64772768
AC026979.3	0.202352136
AC026991.1	0
AC026992.1	0.036952754
AC026992.2	0.047386924
AC027013.1	0
AC027018.1	0
AC027020.1	0.206514442
AC027020.2	1.010701909
AC027026.1	0
AC027031.1	0
AC027031.2	3.004622622
AC027045.1	0
AC027088.1	0
AC027088.2	0
AC027088.3	0
AC027088.4	0
AC027097.1	0.744152723
AC027097.2	0.433558372
AC027104.1	0.079856294
AC027117.1	1.074215042
AC027117.2	0.149284296
AC027119.1	0
AC027124.1	0
AC027124.2	0
AC027130.1	0.032826239
AC027139.1	0
AC027139.2	0
AC027176.1	0
AC027176.2	0.058318645
AC027176.3	0.018560456
AC027216.1	0
AC027228.1	0.06693186
AC027228.2	0.191877547
AC027228.3	0.008591175
AC027229.1	0
AC027237.1	0.016605233
AC027237.2	0.02781695
AC027237.3	0.475393511
AC027237.4	0.062688342
AC027243.1	0.229581579
AC027243.2	0.075113448
AC027250.1	0
AC027271.1	0.053490626
AC027277.1	0
AC027277.2	0.125016406
AC027279.1	0.058393517
AC027279.2	0.137155451
AC027279.3	0.178302087
AC027279.4	0
AC027281.1	0
AC027281.2	0.045763369
AC027287.1	0.014970994
AC027287.2	0.018372343
AC027288.1	0.062418521
AC027288.2	0.08951792
AC027288.3	0.323444576
AC027290.1	0
AC027290.2	0.092084209
AC027306.1	0.017903584
AC027307.1	0.166597355
AC027307.2	5.945621069
AC027307.3	0.286742174
AC027308.1	0
AC027309.1	0
AC027309.2	3.852068001
AC027309.3	0
AC027312.1	0
AC027313.1	0
AC027315.1	0
AC027319.1	0.191561342
AC027328.1	0
AC027334.1	0.035085249
AC027335.1	0
AC027335.2	0
AC027338.1	0.026367096
AC027338.2	0.062032855
AC027343.1	0
AC027343.2	0
AC027343.3	0
AC027345.1	0
AC027348.1	0.565927924
AC027348.2	0.101648853
AC027369.1	0
AC027369.2	0
AC027369.3	0
AC027369.4	0
AC027369.5	0
AC027369.6	0
AC027373.1	0.066668118
AC027419.1	0
AC027419.2	0
AC027449.1	0.106893634
AC027451.1	0
AC027455.1	0.036620967
AC027458.1	0
AC027506.1	0
AC027514.1	0.020355135
AC027514.2	0.119521179
AC027541.1	0
AC027544.1	0.050237539
AC027544.2	0.051792511
AC027544.3	0
AC027559.1	0.520110447
AC027575.1	0.011878151
AC027575.2	0.426890491
AC027601.1	0.12310204
AC027601.2	0.054044359
AC027601.3	0.149577586
AC027601.4	0
AC027601.5	0.021910611
AC027607.1	0.122207048
AC027612.1	0.009082612
AC027612.2	0
AC027612.3	0.031164548
AC027612.4	0
AC027613.1	0
AC027627.1	0.014444127
AC027644.1	5.876190587
AC027644.2	0.407866024
AC027644.3	2.909493119
AC027667.1	0.035777721
AC027673.1	0
AC027682.1	0.241967237
AC027682.2	0
AC027682.3	0
AC027682.4	0.257212808
AC027682.5	0.020521561
AC027682.6	0.147811016
AC027682.7	0.307678283
AC027688.1	0
AC027688.2	0
AC027698.1	0
AC027701.1	0
AC027702.1	0.26422959
AC027763.1	0.287016831
AC027763.2	0.221967904
AC027779.1	0
AC027796.1	0.063729066
AC027796.2	0.094852564
AC027796.3	0.019107237
AC027796.4	0.510221418
AC027796.5	0.058266575
AC027801.1	0.13983978
AC027801.2	0
AC027801.3	0
AC027801.4	0
AC027801.5	0
AC027804.1	0
AC027807.1	0
AC027807.2	0
AC027808.1	0.015924491
AC027808.2	0.043856562
AC032011.1	0.049151059
AC032019.1	0
AC032019.2	0
AC032044.1	0.17314139
AC032044.2	0.116950831
AC034102.1	0.702285869
AC034102.2	0
AC034102.3	0.036254758
AC034102.4	0
AC034102.5	0.020141532
AC034102.6	0.067242209
AC034102.7	0
AC034102.8	0.022471957
AC034105.1	9.342135045
AC034105.2	0
AC034105.3	0.024607302
AC034105.4	0.078530161
AC034105.5	0.10391491
AC034111.1	0.002884994
AC034114.1	0
AC034114.2	0
AC034154.1	0.367255987
AC034159.1	0
AC034187.1	0.019387571
AC034195.1	0.024404848
AC034198.1	0
AC034198.2	0.149284296
AC034199.1	0.154523028
AC034205.1	0
AC034205.2	0
AC034205.3	0
AC034206.1	0.79703244
AC034207.1	0.034419074
AC034213.1	0.269886533
AC034222.1	0
AC034223.1	0.018157642
AC034223.2	0
AC034226.1	0
AC034228.1	0
AC034228.2	0
AC034228.3	0
AC034229.1	0.011533857
AC034229.2	0
AC034229.3	0
AC034229.4	0.147978603
AC034229.5	0.058791499
AC034229.6	0
AC034231.1	1.519054092
AC034232.1	0.020444412
AC034232.2	0
AC034234.1	0
AC034236.1	10.75979001
AC034236.2	0.38506606
AC034236.3	0.070779353
AC034238.1	0.021017251
AC034238.2	0
AC034238.3	0
AC034243.1	0.129701859
AC034244.1	0
AC034244.2	0
AC034245.1	0.008864244
AC034268.1	0
AC035139.1	0.039840393
AC035140.1	0.044123437
AC036101.1	0
AC036103.1	0.088068237
AC036108.1	0.166475928
AC036108.2	0.012735863
AC036108.3	0.097509994
AC036108.4	0.017291617
AC036111.1	0
AC036111.2	0
AC036111.3	0
AC036164.1	0.032661944
AC036176.1	0.775897998
AC036176.2	0.018866309
AC036176.3	0.182141127
AC036214.1	0.008860633
AC036214.2	0.510017856
AC036214.3	0.13655276
AC036222.1	0
AC036222.2	0
AC037198.1	0.296764728
AC037198.2	0.186098566
AC037441.1	0.005407123
AC037441.2	0.012111834
AC037450.1	0
AC037459.1	0.099867029
AC037459.2	0.477644869
AC037459.3	1.245845309
AC037459.4	0.018592183
AC037471.1	0
AC037471.2	0
AC037479.1	0.052206851
AC037486.1	0
AC037487.1	0.035170339
AC037487.2	0
AC037487.3	0.194221916
AC037487.4	0.052206851
AC039056.1	0
AC039056.2	0.127707561
AC040160.1	0.186894156
AC040160.2	0.038960337
AC040162.1	0.378809605
AC040162.2	0.277106428
AC040162.3	0.225490302
AC040168.1	0
AC040169.1	0.688909982
AC040169.2	0.010715692
AC040169.3	0.444298501
AC040170.1	0.019284446
AC040173.1	0.056257383
AC040174.1	0
AC040174.2	0
AC040896.1	0
AC040904.1	0.195092866
AC040914.1	0
AC040918.1	0
AC040926.1	0
AC040934.1	0
AC040936.1	0
AC040958.1	0
AC040963.1	0
AC040970.1	0.646925044
AC040975.1	0.068838147
AC040977.1	1.934291735
AC040977.2	0
AC040978.1	0.008483953
AC041039.1	0
AC041040.1	0.097546433
AC044781.1	0
AC044784.1	0.016065624
AC044784.2	0
AC044787.1	0.439451608
AC044792.1	0
AC044797.1	0
AC044798.1	0
AC044798.2	0.017613647
AC044802.1	0.086440162
AC044802.2	0.025060892
AC044810.1	0.015297366
AC044810.2	0.316040765
AC044810.3	0
AC044836.1	0
AC044839.1	0.067034991
AC044839.2	0
AC044839.3	0
AC044839.4	0
AC044839.5	0
AC044840.1	0
AC044849.1	0.045956735
AC044860.1	0.052862344
AC044860.2	0
AC044860.3	0
AC044873.1	0
AC044913.1	0
AC046130.1	0
AC046130.2	0.054793085
AC046134.1	0.114316803
AC046136.1	0.04081211
AC046143.1	0.906368941
AC046143.2	1.08764273
AC046144.1	0
AC046158.1	0.030254318
AC046158.2	0.076919571
AC046158.3	0.089290451
AC046158.4	0.016149113
AC046168.1	0.011406846
AC046168.2	0.03554388
AC046176.1	0.167329651
AC046185.1	0
AC046185.2	0.974401477
AC046185.3	2.34344075
AC046195.1	0.036506829
AC046195.2	0
AC048334.1	0.068405203
AC048337.1	0
AC048338.1	0
AC048341.1	0.222708393
AC048341.2	0.775305408
AC048344.1	0
AC048344.2	0
AC048344.3	0.04333238
AC048344.4	0.288937348
AC048346.1	0
AC048347.1	0
AC048351.1	0.117710252
AC048380.1	0.023390166
AC048380.2	0.009196528
AC048380.3	0
AC048382.1	0.053420566
AC048382.2	0.48634431
AC048382.3	0
AC048382.4	0
AC048382.5	0.236444072
AC048382.6	0
AC048383.1	0
AC048387.1	0
AC051618.1	0
AC051619.1	0
AC051619.2	0.054793085
AC051619.3	0
AC051619.4	0.074496077
AC051619.5	0.044851247
AC051619.6	0
AC051619.7	0.0349163
AC051619.8	0
AC051619.9	0
AC051649.1	0
AC053481.1	0
AC053481.2	0
AC053481.3	0
AC053481.4	0
AC053503.1	0.020956507
AC053503.2	0.034031375
AC053503.3	0
AC053503.4	0
AC053503.5	0.102607805
AC053503.6	0.00590148
AC053513.1	0.265278715
AC053527.1	0.174657957
AC055713.1	0.147138526
AC055716.1	0.02197258
AC055716.2	0.004455726
AC055716.3	0
AC055717.1	0.005476549
AC055717.2	0
AC055717.3	0
AC055720.1	0
AC055720.2	3.667632461
AC055731.1	0.10849304
AC055733.1	0
AC055733.2	0
AC055733.3	0
AC055736.1	0.034583235
AC055748.1	0.068048555
AC055753.1	0
AC055758.1	0
AC055758.2	0
AC055764.1	0.022994561
AC055764.2	0.194801683
AC055811.1	0.026506322
AC055811.2	0.019273055
AC055811.3	0.01585485
AC055811.4	0.632494632
AC055813.1	0.020492562
AC055822.1	1.857547134
AC055854.1	0
AC055855.1	0.174022837
AC055855.2	0
AC055860.1	0
AC055872.1	0
AC055874.1	0.271425993
AC055876.1	0
AC055876.2	0
AC055876.3	0
AC055876.4	0.015275881
AC055876.5	0
AC055878.1	0
AC058791.1	0.010203027
AC058823.1	0
AC060234.1	0
AC060234.2	0.050327941
AC060234.3	0.019456936
AC060764.1	0.095827553
AC060765.1	0
AC060766.1	4.978524138
AC060766.2	0.065128307
AC060766.3	0
AC060766.4	2.349470329
AC060766.5	0.849135541
AC060766.6	0.552102908
AC060766.7	2.369122778
AC060771.1	0
AC060773.1	0
AC060780.1	0.894953715
AC060780.2	0.329588706
AC060780.3	0.815732047
AC060788.1	0
AC060809.1	0.057853337
AC060814.1	0
AC060814.2	0
AC060814.3	0
AC060814.4	0
AC060814.5	0
AC060834.1	0.02141029
AC060834.2	0
AC061709.1	0.017486218
AC061709.2	0
AC061961.1	0
AC061965.1	0.007424182
AC061975.1	0
AC061975.2	0
AC061975.3	0
AC061975.4	0
AC061975.5	0.007547833
AC061975.6	0
AC061975.7	0.015085197
AC061979.1	0
AC061992.1	1.336665308
AC061999.1	0.553038676
AC062004.1	0
AC062015.1	0.354874612
AC062016.1	0
AC062016.2	0
AC062017.1	0.266144224
AC062020.1	0
AC062021.1	0
AC062022.1	0
AC062028.1	0.036187743
AC062028.2	0.025412213
AC062029.1	0.472336091
AC062031.1	0
AC062032.1	0
AC062037.1	0
AC062037.2	0.29798431
AC062039.1	0
AC063919.1	0
AC063923.1	0
AC063923.2	0
AC063924.1	0
AC063926.1	0.104833034
AC063926.2	0
AC063926.3	0.00192231
AC063943.1	0.366621145
AC063944.1	0.138009047
AC063944.2	0.087456652
AC063944.3	0.04081211
AC063947.1	0
AC063947.2	0.025978728
AC063948.1	0.43046546
AC063949.1	0
AC063949.2	0
AC063950.1	0.15247328
AC063952.1	0.026756279
AC063952.2	0.026592732
AC063952.3	0
AC063955.1	0
AC063961.1	0.617978824
AC063962.1	0
AC063965.1	0.17437158
AC063976.1	0
AC063976.2	0.06423087
AC063976.3	0
AC063976.4	0
AC063977.1	0.146582578
AC063977.2	0.051669488
AC063977.3	0
AC063977.4	0.024945934
AC063977.5	0
AC063977.6	0.018507817
AC063977.7	0.032274265
AC063979.1	0
AC063979.2	0.01006145
AC063980.1	0
AC064799.1	0.352748993
AC064799.2	0
AC064801.1	0.053446817
AC064801.2	0
AC064802.1	0.036498078
AC064805.1	0.060391046
AC064805.2	0
AC064807.1	0.587485854
AC064807.2	0
AC064807.3	0
AC064807.4	0.213787269
AC064834.1	0
AC064836.1	0.092696824
AC064836.2	0.02354205
AC064836.3	1.050472176
AC064847.1	0
AC064850.1	0.062239927
AC064852.1	0
AC064853.1	0.020141532
AC064859.1	0
AC064862.1	0
AC064862.2	0
AC064862.3	0
AC064862.4	0
AC064862.5	0
AC064862.6	0
AC064862.7	0
AC064871.1	0
AC064872.1	0
AC064874.1	0
AC064875.1	0.015286616
AC066595.1	0.027259216
AC066612.1	0
AC066612.2	0
AC066613.1	0.24973586
AC066613.2	0.038844383
AC066616.1	0
AC066616.2	0
AC066692.1	0
AC067735.1	1.385400435
AC067747.1	0.130517128
AC067750.1	0.164517388
AC067773.1	0
AC067805.1	0
AC067817.1	0
AC067817.2	0.08431339
AC067819.1	0
AC067838.1	1.281797324
AC067852.1	0
AC067852.2	2.083120317
AC067852.3	0.169161024
AC067852.4	0.142308395
AC067863.1	0
AC067863.2	0
AC067904.1	0
AC067904.2	0.02543202
AC067904.3	0
AC067930.1	0.037376039
AC067930.2	0
AC067930.3	0
AC067930.4	1.703536806
AC067930.5	0.046361583
AC067930.6	0.136312612
AC067931.1	0.145883526
AC067931.2	0.007164972
AC067940.1	0
AC067942.1	0.058279584
AC067942.2	0.017155248
AC067942.3	0
AC067945.1	0.035198794
AC067945.2	0
AC067945.3	0.062748619
AC067956.1	0.031648188
AC067959.1	0
AC067960.1	0
AC067968.1	0
AC067968.2	0.019216303
AC067969.1	0
AC067969.2	0
AC068014.1	0
AC068020.1	0
AC068025.1	0.199829373
AC068025.2	0.077874181
AC068042.1	0
AC068044.1	0
AC068050.1	0
AC068051.1	0
AC068057.1	0.015340518
AC068057.2	0
AC068058.1	0
AC068075.1	0
AC068112.1	0
AC068134.1	0
AC068134.2	0.018882686
AC068134.3	0.441682327
AC068134.4	0
AC068135.1	0
AC068135.2	0
AC068137.1	0.018624019
AC068137.2	0
AC068138.1	0
AC068152.1	0.763429037
AC068189.1	0.013698271
AC068196.1	0
AC068213.1	0.048125785
AC068228.1	0
AC068228.2	0
AC068234.1	0
AC068234.2	0.305089125
AC068234.3	0
AC068254.1	0
AC068254.2	0
AC068276.1	0.028697697
AC068279.1	0
AC068282.1	0.29111627
AC068286.1	0
AC068287.1	0
AC068295.1	0
AC068298.1	0
AC068299.1	0.024874619
AC068305.1	0.018052161
AC068305.2	0.333151827
AC068313.1	0
AC068338.1	0
AC068338.2	0.501988952
AC068338.3	0.364282254
AC068385.1	0
AC068389.1	0
AC068389.2	0.025294017
AC068389.3	0
AC068389.4	0
AC068397.1	0
AC068397.2	0
AC068408.1	0
AC068413.1	0
AC068418.1	0
AC068418.2	0
AC068446.1	0.02808632
AC068446.2	0
AC068446.3	0
AC068448.1	0.002771064
AC068472.1	0
AC068473.1	0.019579527
AC068473.2	0
AC068473.3	0.058285499
AC068473.4	0.05577655
AC068473.5	1.475036714
AC068481.1	0.043915588
AC068483.1	0
AC068489.1	0
AC068490.1	0
AC068491.1	0
AC068491.2	0
AC068491.3	0.053843699
AC068491.4	0.016089389
AC068492.1	0
AC068506.1	0.016233474
AC068512.1	0
AC068522.1	0.189155257
AC068531.1	0
AC068533.1	0
AC068533.2	0.1777194
AC068533.3	0.215374798
AC068533.4	0.058982794
AC068535.1	0
AC068538.1	0
AC068580.1	0.30212298
AC068580.2	0
AC068580.3	0.469602568
AC068580.4	0.545457738
AC068587.1	0
AC068587.2	0.350852493
AC068587.3	0
AC068594.1	0.040342831
AC068594.2	0.018218471
AC068599.1	0
AC068620.1	0.370086373
AC068620.2	0.174799724
AC068631.1	0
AC068633.1	0
AC068643.1	0
AC068643.2	0.008680309
AC068647.1	0
AC068647.2	0.083664825
AC068657.1	0.03554388
AC068658.1	0
AC068669.1	0.034171899
AC068672.1	0
AC068672.2	0
AC068672.3	0
AC068675.1	0.038775142
AC068700.1	0.040562062
AC068707.1	0
AC068714.1	0
AC068721.1	0
AC068722.1	0
AC068722.2	0.219927758
AC068724.1	0
AC068724.2	0
AC068726.1	0
AC068733.1	0
AC068733.2	0
AC068756.1	0.107954613
AC068759.1	0
AC068760.1	0
AC068768.1	1.170640523
AC068768.2	0.126838802
AC068769.1	0.017933104
AC068775.1	0.010898224
AC068781.1	0
AC068787.1	0
AC068789.1	0
AC068790.1	0.09191347
AC068790.2	0.175741195
AC068790.3	0.078672169
AC068790.4	0.082710474
AC068790.5	0.09191347
AC068790.6	0.042156695
AC068790.7	0.061797882
AC068790.8	0
AC068790.9	0.034491841
AC068792.1	0.234743035
AC068802.1	0.014858507
AC068831.1	0.040976852
AC068831.2	0
AC068831.3	0
AC068831.4	0
AC068831.5	0
AC068831.6	0.250032811
AC068858.1	0
AC068860.1	0.055313736
AC068867.1	0
AC068870.1	0.004430317
AC068870.2	2.069037584
AC068870.3	0.004288812
AC068875.1	0
AC068880.1	0
AC068880.2	0
AC068880.3	0
AC068880.4	0.043945161
AC068880.5	0
AC068888.1	0.762239835
AC068888.2	0.020291842
AC068896.1	0.127135328
AC068898.1	0
AC068898.2	0
AC068944.1	0
AC068944.2	0
AC068946.1	0.042102299
AC068985.1	0
AC068987.1	0.07641518
AC068987.2	0
AC068987.3	0.042361937
AC068987.4	0.233734111
AC068992.1	0.066890697
AC068993.1	0
AC068993.2	0
AC069023.1	0
AC069029.1	0
AC069061.1	0
AC069061.2	0
AC069079.1	0
AC069113.1	0
AC069113.2	0
AC069113.3	0
AC069114.1	0
AC069114.2	0
AC069120.1	0.028697697
AC069133.1	0.019216303
AC069148.1	0.184106191
AC069152.1	0
AC069154.1	0.040134418
AC069155.1	0
AC069157.1	0
AC069185.1	0.229292234
AC069200.1	0.404077794
AC069209.1	0.133658093
AC069213.1	0.094032513
AC069213.2	0.029717014
AC069213.3	0.068838147
AC069218.1	0.17128232
AC069218.2	0
AC069222.1	0.029133287
AC069224.1	0.133180742
AC069228.1	0
AC069234.1	0.074623858
AC069234.2	0
AC069234.3	0
AC069234.4	0.131995477
AC069234.5	0.313743095
AC069235.1	0
AC069236.1	0
AC069240.1	0
AC069257.1	0.050705955
AC069257.2	0.210511496
AC069257.3	0.015362185
AC069262.1	0
AC069271.1	0.139441376
AC069272.1	0
AC069277.1	0.295027138
AC069277.2	0
AC069280.1	0
AC069281.1	0.019081451
AC069281.2	0.640080588
AC069282.1	2.729445634
AC069285.1	0
AC069285.2	0
AC069287.1	0
AC069287.2	0
AC069287.3	0
AC069294.1	0.031075507
AC069304.1	0
AC069304.2	0
AC069304.3	0
AC069306.1	0
AC069307.1	0.218988469
AC069335.1	0
AC069360.1	0.700593522
AC069366.1	0.02595806
AC069366.2	0
AC069368.1	0.042585855
AC069421.1	0
AC069431.1	0.00579458
AC069431.2	0
AC069437.1	0
AC069439.1	0.195384922
AC069439.2	0
AC069444.1	0
AC069454.1	0.046480459
AC069499.1	0.854729061
AC069499.2	0.113889291
AC069503.1	0.019031369
AC069503.2	0.059401569
AC069503.3	0
AC069528.1	0
AC069528.2	0.202123461
AC069540.1	0
AC069540.2	0
AC069542.1	0.039053599
AC069542.2	0
AC069544.1	0.261295551
AC069545.1	0
AC069547.1	0.288026448
AC069549.1	0.305150265
AC072022.1	0.045508064
AC072026.1	0
AC072039.1	0
AC072039.2	0.024775461
AC072046.1	0
AC072046.2	0
AC072052.1	0.28435104
AC072061.1	0.165532018
AC072062.1	0.017114756
AC073023.1	0
AC073046.1	1.812737883
AC073046.2	0
AC073050.1	0
AC073052.1	0.030466183
AC073052.2	0.02141029
AC073055.1	0
AC073062.1	0
AC073063.1	0.680896602
AC073065.1	0
AC073071.1	0
AC073072.1	0.159478406
AC073072.2	0.031254101
AC073073.1	0.140947222
AC073073.2	0.396580359
AC073082.1	0
AC073089.1	0.15247328
AC073091.1	0
AC073091.2	0
AC073094.1	0
AC073107.1	0
AC073107.2	0.685489115
AC073109.1	0.022242183
AC073111.1	0.181273788
AC073111.2	0
AC073114.1	0
AC073115.1	0.55199913
AC073115.2	0.548720656
AC073127.1	0
AC073130.1	0.046734649
AC073130.2	0.130469684
AC073130.3	0.066843715
AC073133.1	0
AC073133.2	0.008062585
AC073135.1	0
AC073136.1	0.041484293
AC073136.2	0.025621737
AC073137.1	0
AC073143.1	0
AC073150.1	0.030100814
AC073167.1	0
AC073172.1	0
AC073172.2	0.019048034
AC073174.1	0
AC073176.1	0.024304865
AC073176.2	0
AC073188.1	0
AC073188.2	0
AC073188.3	0
AC073188.4	0
AC073188.5	0
AC073188.6	0
AC073195.1	0.223233399
AC073210.1	0.187524609
AC073210.2	0
AC073218.1	0
AC073218.2	0
AC073254.1	0.175190775
AC073255.1	0
AC073257.1	0
AC073257.2	0.144195059
AC073261.1	0
AC073263.1	0.025814305
AC073263.2	0.01167625
AC073263.3	0
AC073264.1	0
AC073264.2	0
AC073283.1	0.063235042
AC073283.2	0
AC073283.3	0
AC073284.1	0.02692185
AC073288.1	0.023190677
AC073288.2	0.049140485
AC073308.1	0
AC073310.1	0
AC073311.1	0
AC073314.1	0.024540675
AC073316.1	0
AC073316.2	0.182141127
AC073316.3	0.620244327
AC073320.1	0.021284594
AC073321.1	0.083153114
AC073323.1	0.120581234
AC073324.1	0.022738176
AC073325.1	0
AC073325.2	1.09448325
AC073326.1	0.019526799
AC073332.1	0.07444972
AC073333.1	0.08392305
AC073333.2	0
AC073335.1	0.209738267
AC073335.2	9.128486496
AC073336.1	0
AC073342.1	0.011695083
AC073342.2	0.00604246
AC073342.3	0
AC073343.1	0.718412249
AC073343.2	0.182065377
AC073346.1	0.020067209
AC073346.2	0.095129102
AC073347.1	0
AC073348.1	0
AC073349.1	0.010241457
AC073349.2	0.284971894
AC073349.3	0
AC073352.1	0.064740639
AC073352.2	0
AC073358.1	0.047703628
AC073359.1	0.02087606
AC073359.2	0
AC073365.1	0
AC073367.1	0.078023151
AC073370.1	0.020717004
AC073387.1	0
AC073387.2	0
AC073389.1	0.273620813
AC073389.2	0.067555449
AC073389.3	0.255915936
AC073409.1	0
AC073410.1	0.129261445
AC073410.2	0
AC073413.1	0.16344358
AC073413.2	0.030212298
AC073415.1	1.421755202
AC073429.1	0
AC073429.2	0
AC073439.1	0.024524075
AC073464.1	0
AC073464.2	0
AC073464.3	0
AC073465.1	0.046881152
AC073465.2	0
AC073476.1	0.293957495
AC073476.2	0
AC073476.3	0.06507635
AC073476.4	0
AC073486.1	0
AC073487.1	0.205603541
AC073488.1	0.698883197
AC073508.1	0
AC073508.2	0.004347093
AC073508.3	1.81657031
AC073517.1	0.100521509
AC073521.1	0
AC073522.1	0
AC073525.1	0.003411677
AC073529.1	0.13065838
AC073530.1	0.019901971
AC073530.2	0
AC073534.1	0.028547053
AC073539.1	0
AC073539.2	0
AC073539.3	0
AC073544.1	0
AC073548.1	0.260063352
AC073551.1	0.01304128
AC073569.1	0.016306488
AC073569.2	0.891006756
AC073569.3	0.031895681
AC073571.1	0
AC073573.1	0.022612115
AC073575.1	0
AC073575.2	0.156120966
AC073578.1	0
AC073578.2	0
AC073578.3	0
AC073578.4	0
AC073581.1	0
AC073583.1	0
AC073585.1	0.229322262
AC073587.1	0
AC073591.1	0
AC073592.1	0.059387669
AC073592.10	0.091092356
AC073592.2	0.027888275
AC073592.3	0.017791321
AC073592.4	0
AC073592.5	0.082397176
AC073592.6	0.026208259
AC073592.7	0
AC073592.8	0
AC073592.9	0
AC073593.1	0
AC073594.1	0
AC073610.1	0.329588706
AC073610.2	0
AC073610.3	0.104246907
AC073611.1	1.126307
AC073612.1	0
AC073614.1	0
AC073621.1	0.021243022
AC073626.1	0
AC073626.2	0
AC073636.1	0.016836575
AC073641.1	0.050705955
AC073648.1	0
AC073648.2	0
AC073648.3	0
AC073648.4	0.013926283
AC073648.5	0
AC073651.1	0
AC073651.2	0
AC073655.1	0
AC073655.2	0.194918052
AC073657.1	0
AC073657.2	0.107687399
AC073834.1	0
AC073842.1	0.063604838
AC073842.2	0.62748619
AC073848.1	0.047599244
AC073850.1	0.255915936
AC073857.1	1.537559457
AC073861.1	10.09446194
AC073862.1	0
AC073862.2	0.015515588
AC073862.3	0
AC073862.4	0
AC073862.5	0.010731551
AC073863.1	0.038162903
AC073864.1	0
AC073869.1	3.481901738
AC073869.2	0
AC073869.3	0.018752461
AC073869.4	0.013595534
AC073873.1	0
AC073878.1	0.034473621
AC073878.2	0
AC073896.1	0.041315963
AC073896.2	0.623128647
AC073896.3	0.69688779
AC073896.4	2.509944761
AC073896.5	0
AC073900.1	0
AC073901.1	0
AC073909.1	0.043549258
AC073910.1	0.049664052
AC073911.1	0
AC073911.2	0
AC073911.3	0.034473621
AC073912.1	0.18528837
AC073912.2	0.034310496
AC073912.3	0.012750794
AC073913.1	0
AC073913.2	0
AC073916.1	0
AC073934.1	0
AC073941.1	0
AC073941.2	0
AC073957.1	0
AC073957.2	0
AC073957.3	0.325101852
AC073964.1	0
AC073968.1	0
AC073987.1	0
AC074011.1	0.243362401
AC074019.1	0
AC074029.1	0.062508203
AC074029.2	0.017155248
AC074029.3	0.104581032
AC074029.4	0.169669926
AC074031.1	0
AC074032.1	0.272640971
AC074033.1	0.162638165
AC074035.1	0
AC074043.1	0.006124114
AC074044.1	0.030767828
AC074050.1	0
AC074050.2	0
AC074050.3	0
AC074050.4	0.020406055
AC074051.1	0
AC074051.2	0
AC074051.3	0
AC074051.4	0.024386608
AC074052.1	0.023851814
AC074052.2	0
AC074085.1	0
AC074085.2	0.177885493
AC074087.1	0
AC074091.1	0.00624723
AC074117.1	1.071066698
AC074117.2	0
AC074121.1	0
AC074124.1	0
AC074131.1	0.042989831
AC074133.1	0
AC074134.1	0.01963254
AC074135.1	0.348675539
AC074135.2	0
AC074138.1	0.150249955
AC074140.1	0
AC074143.1	0
AC074183.1	0
AC074183.2	0
AC074194.1	0.961741964
AC074198.1	0
AC074198.2	0
AC074212.1	0.209162063
AC074237.1	0
AC074250.1	0
AC074254.1	0
AC074255.1	0
AC074257.1	0
AC074276.1	0
AC074276.2	0
AC074281.1	0.005226539
AC074286.1	0.01149728
AC074290.1	0
AC074327.1	0.351392267
AC074338.1	0
AC074344.1	0
AC074344.2	0
AC074348.1	0
AC074351.1	0.113060575
AC074366.1	0
AC074367.1	0.058007612
AC074375.1	0
AC074389.1	0.007643308
AC074389.2	0
AC074389.3	0
AC074397.1	0
AC076966.1	0
AC076968.1	0
AC078776.1	0
AC078777.1	0.265961543
AC078778.1	0.369946507
AC078778.2	0.211006526
AC078785.1	0.195580111
AC078785.2	0.026040927
AC078785.3	0
AC078788.1	0.102931489
AC078788.2	0.199306259
AC078789.1	0
AC078795.1	0.231855116
AC078795.2	0
AC078795.3	0
AC078802.1	0.296747127
AC078809.1	0
AC078814.1	0
AC078814.2	0
AC078817.1	0.150019687
AC078819.1	0.497614321
AC078820.1	0.058633031
AC078828.1	0
AC078841.1	0
AC078842.1	0
AC078842.2	0
AC078845.1	0.033856583
AC078846.1	0.150485652
AC078850.1	0.046910038
AC078850.2	0
AC078851.1	0
AC078852.1	0.0246631
AC078852.2	0
AC078857.1	0
AC078860.1	0.350852493
AC078864.1	0
AC078865.1	0
AC078867.1	0
AC078878.1	0
AC078878.2	0
AC078880.1	0
AC078880.2	0.012902049
AC078880.3	0.029107299
AC078880.4	0.006218655
AC078880.5	0.025834744
AC078881.1	0.020132212
AC078882.1	0
AC078883.1	0.697833709
AC078883.2	0.058475416
AC078883.3	0.232272821
AC078883.4	0.325996459
AC078886.1	0
AC078889.1	0.020796228
AC078899.1	0.376315206
AC078899.2	0
AC078899.3	0.102607805
AC078899.4	0
AC078899.5	0
AC078905.1	0.042736453
AC078906.1	0.027259216
AC078909.1	0.023440576
AC078909.2	0.245949361
AC078918.1	0
AC078922.1	0
AC078923.1	0.070677145
AC078925.1	0
AC078925.2	0
AC078925.3	0
AC078925.4	0.063345529
AC078927.1	0.01105328
AC078929.1	0
AC078942.1	0.147727366
AC078950.1	0
AC078955.1	0
AC078960.1	0.061448742
AC078962.1	0.038706147
AC078962.2	0
AC078962.3	0.022565202
AC078962.4	0
AC078974.1	0
AC078980.1	0
AC078991.1	0.053490626
AC078993.1	0.035689671
AC079015.1	0.054747117
AC079031.1	0
AC079031.2	0
AC079035.1	0.025651951
AC079054.1	0.032859297
AC079061.1	0
AC079062.1	0
AC079064.1	0
AC079070.1	0.097985832
AC079075.1	0.072671006
AC079080.1	0
AC079089.1	0.049765046
AC079089.2	0.008517171
AC079089.3	0
AC079097.1	0
AC079098.1	0
AC079112.1	0
AC079117.1	0
AC079140.1	0.022333526
AC079140.2	0.536161909
AC079140.3	0.079101289
AC079140.4	0
AC079140.5	0
AC079145.1	0.180938717
AC079148.1	0.119521179
AC079150.1	0
AC079150.2	0.139441376
AC079154.1	0
AC079160.1	0.230381403
AC079163.1	0
AC079168.1	0
AC079168.2	0
AC079171.1	0.011899811
AC079174.1	0
AC079174.2	0.134078246
AC079178.1	0
AC079178.2	0
AC079193.1	0
AC079193.2	0.009490774
AC079203.1	0.080765549
AC079203.2	0.028104463
AC079209.1	0.114891838
AC079209.2	0
AC079210.1	0.339888353
AC079226.1	0.024496458
AC079226.2	0.020996964
AC079228.1	0
AC079238.1	0.010779413
AC079248.1	0.007035205
AC079248.2	0
AC079250.1	0.839799471
AC079296.1	0
AC079298.1	0.026871964
AC079298.2	0
AC079298.3	0.300366452
AC079305.1	0.08718579
AC079305.2	0
AC079305.3	0.049891868
AC079310.1	0
AC079313.1	0.159361572
AC079313.2	0.082397176
AC079315.1	0.226955947
AC079316.1	0
AC079316.2	0.015820258
AC079322.1	0.057496532
AC079325.1	0
AC079328.1	0.07997373
AC079328.2	0
AC079329.1	0
AC079331.1	0
AC079331.2	0.021359834
AC079336.1	0
AC079336.2	0.117329313
AC079336.3	0
AC079336.4	0
AC079336.5	0.065784843
AC079336.6	0.035485897
AC079336.7	0.030268351
AC079340.1	0
AC079340.2	0.013820111
AC079341.1	0.004877322
AC079341.2	0
AC079349.1	0
AC079354.1	0.014065861
AC079354.2	0.070626151
AC079354.3	0
AC079355.1	0
AC079355.2	0
AC079360.1	0
AC079362.1	0.015148227
AC079363.1	0
AC079380.1	0
AC079382.1	0
AC079384.1	0
AC079385.1	0.036662114
AC079385.2	0.012603044
AC079385.3	0.040332858
AC079395.1	0
AC079395.2	0
AC079395.3	0
AC079411.1	0
AC079411.2	0
AC079414.1	0.089151043
AC079414.2	0.009851836
AC079414.3	1.955761239
AC079416.1	0.076252836
AC079416.2	0.027350613
AC079416.3	0
AC079447.1	0.125518228
AC079448.1	0.058318645
AC079456.1	0
AC079465.1	0.080393239
AC079466.1	0.009769977
AC079466.2	0
AC079467.1	0.142939905
AC079584.1	0
AC079584.2	0
AC079587.1	0
AC079594.1	0
AC079594.2	0.003237032
AC079597.1	0
AC079598.1	0
AC079598.2	0
AC079598.3	0
AC079598.4	0
AC079600.1	0
AC079600.2	0
AC079600.3	0.024332052
AC079601.1	0.019484821
AC079601.2	0.126306898
AC079602.1	0
AC079602.2	0
AC079602.3	0
AC079610.1	0.012595747
AC079610.2	0.267969948
AC079610.3	0
AC079612.1	0
AC079612.2	0.031254101
AC079630.1	0.706013702
AC079684.1	0.597332392
AC079741.1	0
AC079742.1	0
AC079753.1	0.0028119
AC079760.1	0
AC079760.2	0.093600923
AC079763.1	0
AC079766.1	0.15283036
AC079768.1	0
AC079776.1	0.066089402
AC079776.2	0
AC079777.1	0.022276349
AC079779.1	0
AC079779.2	0.070779353
AC079779.3	0
AC079779.4	0
AC079780.1	0.157629381
AC079781.1	0
AC079781.2	0
AC079781.3	0
AC079790.1	0
AC079791.1	0
AC079793.1	0.015254456
AC079799.1	0
AC079801.1	0
AC079804.1	0
AC079804.2	0.054382136
AC079807.1	0.635305333
AC079809.1	0
AC079834.1	0.025834744
AC079834.2	0.251123257
AC079841.1	0
AC079848.1	0.118038746
AC079858.1	0
AC079866.1	0.017830209
AC079866.2	0.021119276
AC079880.1	0.132898672
AC079880.2	0
AC079896.1	0
AC079905.1	0.022897742
AC079905.2	0
AC079906.1	0.040035929
AC079907.1	0.232650851
AC079907.2	0.024794287
AC079910.1	0
AC079915.1	0
AC079917.1	0
AC079921.1	0.356415694
AC079921.2	0.57370166
AC079922.1	2.938756122
AC079922.2	0.349637871
AC079942.1	0.056648059
AC079943.1	0
AC079943.2	0.052102646
AC079944.1	0.241698384
AC079944.2	0.3556325
AC079949.1	0.105939227
AC079949.2	0.02595806
AC079950.1	0
AC079953.1	0.014777754
AC079987.1	0
AC079988.1	0
AC080011.1	0
AC080013.1	0.122382591
AC080013.2	0.067346299
AC080013.3	0.169356134
AC080013.4	1.055801109
AC080013.5	0.112128116
AC080013.6	0.556468373
AC080014.1	0
AC080023.1	0.29798431
AC080023.2	0.209162063
AC080037.1	0.146813417
AC080038.1	0.556073839
AC080038.2	0.077137782
AC080038.3	0.339888353
AC080075.1	0
AC080078.1	0
AC080078.2	0
AC080079.1	0
AC080080.1	0.071910263
AC080080.2	0
AC080100.1	0.026399095
AC080112.1	5.079821345
AC080112.2	0.012359576
AC080112.3	0.130988687
AC080125.1	0.031802419
AC080128.1	0
AC080129.1	0.02678923
AC080129.2	0.101176068
AC080162.1	0.199364248
AC080188.1	0.098518363
AC080188.2	0.538005094
AC082650.1	0
AC082651.1	0
AC082651.2	0
AC082651.3	0.005586249
AC082651.4	0
AC083760.1	0
AC083795.1	0
AC083795.2	0
AC083798.1	0.083026163
AC083798.2	0.191870561
AC083799.1	5.904346247
AC083800.1	0
AC083801.1	0
AC083801.2	0
AC083805.1	0.028301919
AC083805.2	0.089151043
AC083805.3	0
AC083806.1	0.034419074
AC083806.2	0.024304865
AC083806.3	0
AC083809.1	0.092173113
AC083822.1	0
AC083829.1	0.049664052
AC083836.1	0
AC083837.1	0.276088335
AC083841.1	1.152576624
AC083841.2	0
AC083841.3	0
AC083843.1	0
AC083843.2	0.012810868
AC083843.3	0.384405954
AC083843.4	0.104485349
AC083849.1	0
AC083855.1	0
AC083862.1	0
AC083862.2	0.835917556
AC083863.1	0
AC083864.1	0.007265482
AC083864.2	0
AC083864.3	0
AC083867.1	0
AC083873.1	0.217726479
AC083875.1	0
AC083880.1	0.243957248
AC083899.1	0.515483986
AC083899.2	0
AC083899.3	0
AC083900.1	0.06957203
AC083902.1	0
AC083902.2	0.011862056
AC083904.1	0
AC083906.1	0.080367689
AC083906.2	0
AC083906.3	0.046679945
AC083906.4	0
AC083923.1	0
AC083939.1	0
AC083949.1	0.321583912
AC083964.1	1.001321878
AC083964.2	0.059012335
AC083967.1	0.211192763
AC083973.1	0.129628248
AC083982.1	0
AC084017.1	0
AC084018.1	1.293001847
AC084018.2	0.100128214
AC084024.1	0.017514376
AC084024.2	0
AC084024.3	0
AC084026.1	0.019284446
AC084026.2	0
AC084026.3	0
AC084030.1	0.007724735
AC084032.1	0
AC084033.1	0.085911748
AC084033.2	0.011247598
AC084033.3	2.379218471
AC084036.1	1.327437977
AC084048.1	0.033988835
AC084064.1	0.02595806
AC084082.1	0.036590168
AC084083.1	0.015064304
AC084116.1	0
AC084116.2	0
AC084116.3	0
AC084117.1	0.966793538
AC084121.1	0
AC084121.2	0
AC084125.1	0
AC084125.2	0.228907236
AC084125.3	0
AC084125.4	0.096536337
AC084128.1	0
AC084149.1	0
AC084149.2	0
AC084198.1	0.027055789
AC084200.1	0
AC084211.1	0
AC084262.1	0
AC084290.1	0
AC084291.1	0
AC084337.1	0.792742514
AC084346.1	0.123595765
AC084346.2	0.057304675
AC084357.1	0
AC084357.2	0.158202579
AC084357.3	0
AC084361.1	0
AC084364.1	0
AC084364.2	0
AC084365.1	0
AC084368.1	0.334659301
AC084373.1	0
AC084398.1	0
AC084398.2	0.096422228
AC084706.1	0
AC084752.1	0
AC084754.1	0.210965185
AC084756.1	0
AC084757.1	0
AC084757.2	0.020141532
AC084757.3	0.072770744
AC084757.4	0
AC084759.1	0
AC084759.2	0
AC084759.3	0.002757715
AC084768.1	0
AC084768.2	0
AC084781.1	0.049739759
AC084781.2	0
AC084782.1	0
AC084782.2	0.025927121
AC084782.3	0.075269393
AC084783.1	0.047808472
AC084809.1	0.184034303
AC084809.2	0.127458132
AC084816.1	0.039979516
AC084819.1	0.179563658
AC084824.1	0.779206732
AC084824.2	0
AC084824.3	0.254122133
AC084824.4	1.130791347
AC084824.5	0.474033151
AC084838.1	0
AC084851.1	0
AC084851.2	0
AC084851.3	0
AC084855.1	0.076058932
AC084855.2	0.031815709
AC084859.1	0.795440205
AC084864.1	0.320943756
AC084866.1	0
AC084866.2	0
AC084871.1	0.057930372
AC084871.2	0.173191517
AC084871.3	0
AC084876.1	0.033935811
AC084876.2	0.095463083
AC084878.1	0
AC084879.1	0
AC084879.2	0
AC084880.1	0.798269893
AC084880.2	0
AC084880.3	0.020104302
AC084880.4	0
AC084882.1	0
AC087045.1	0
AC087045.2	0.065063374
AC087045.3	0
AC087071.1	0.086492464
AC087071.2	0.151324206
AC087072.1	0.051669488
AC087072.2	0
AC087163.1	0
AC087163.2	0.369773027
AC087163.3	0.108764273
AC087164.1	0.042952104
AC087164.2	0.003474897
AC087190.1	0
AC087190.2	0
AC087190.3	0
AC087203.1	0
AC087203.2	0.020560354
AC087203.3	0.098429206
AC087222.1	0.582665748
AC087235.1	0
AC087239.1	0.456353593
AC087241.1	0
AC087241.2	0
AC087241.3	0.05047066
AC087241.4	0.045318447
AC087242.1	0
AC087257.1	0.02472852
AC087257.2	0.128923168
AC087258.1	0.031200308
AC087258.2	0
AC087260.1	0
AC087269.1	0.0235166
AC087272.1	0
AC087273.1	0
AC087273.2	0
AC087276.1	0.297170145
AC087276.2	0.110560887
AC087276.3	0
AC087277.1	0
AC087277.2	0.504205239
AC087280.1	0
AC087283.1	0
AC087284.1	0.020736754
AC087286.1	0
AC087286.2	0.675656847
AC087286.3	0
AC087286.4	0.014579661
AC087289.1	0.073324229
AC087289.2	0.099643097
AC087289.3	0.012891854
AC087289.4	0
AC087289.5	0.078789867
AC087292.1	0
AC087294.1	0.107403825
AC087301.1	0.101648853
AC087311.1	0
AC087311.2	0
AC087312.1	0
AC087318.1	0.167759804
AC087321.1	0
AC087341.1	0
AC087343.1	0.160284192
AC087354.1	0
AC087359.1	0.004612565
AC087360.1	0
AC087362.1	0.025060892
AC087362.2	0.084972088
AC087369.1	0
AC087373.1	0
AC087379.1	0
AC087379.2	0
AC087385.1	0.313743095
AC087385.2	0.262082585
AC087385.3	0
AC087386.1	0
AC087386.2	0
AC087388.1	0.625981427
AC087392.1	0.344862329
AC087392.2	0.037184367
AC087392.3	0.061973945
AC087392.4	0.335692201
AC087392.5	0.867445122
AC087393.1	0.075009843
AC087393.2	0
AC087393.3	0
AC087399.1	0
AC087430.1	0
AC087439.1	0
AC087439.2	0
AC087441.1	0
AC087441.2	0
AC087442.1	0
AC087457.1	0
AC087463.1	0
AC087463.2	0
AC087463.3	0
AC087463.4	0
AC087465.1	0.088787162
AC087468.1	0
AC087473.1	0
AC087477.1	0.031989492
AC087477.2	0.07178483
AC087477.3	0
AC087477.4	0.020067209
AC087477.5	0.040183845
AC087477.6	0.012902049
AC087481.1	0
AC087481.2	0
AC087481.3	1.205939669
AC087482.1	0.010715692
AC087491.1	0.141252303
AC087498.1	0
AC087499.1	0
AC087499.2	0.014501903
AC087499.3	0
AC087499.4	0.024313921
AC087499.5	0
AC087499.6	0
AC087499.7	0
AC087500.1	0.31784993
AC087500.2	0.043680431
AC087501.1	0.030423573
AC087501.2	0.063604838
AC087501.3	0
AC087501.4	0.352773758
AC087516.1	0.008959166
AC087516.2	0.041535729
AC087518.1	0
AC087521.1	0.17551203
AC087521.2	0.04289853
AC087521.3	0.114188213
AC087565.1	0
AC087575.1	0
AC087588.1	0
AC087588.2	0.102126078
AC087612.1	0
AC087620.1	0.024332052
AC087623.1	0.02884994
AC087623.2	0.122207048
AC087623.3	0.237736116
AC087623.4	0.015649536
AC087627.1	0.032859297
AC087632.1	0.007962245
AC087633.1	0
AC087633.2	0
AC087636.1	0
AC087639.1	0.047288814
AC087641.1	0.117179922
AC087645.1	0
AC087645.2	0.1804822
AC087645.3	0
AC087650.1	0.069720688
AC087664.1	0
AC087664.2	0
AC087664.3	0
AC087667.1	0
AC087672.1	0.025352977
AC087672.2	0.103163945
AC087683.1	0.123315502
AC087683.2	0.16681637
AC087685.1	0
AC087699.1	0
AC087721.1	0.022849637
AC087741.1	0.2102238
AC087741.2	0.25294017
AC087741.3	0.137267457
AC087742.1	0.073489374
AC087749.1	0.051223362
AC087749.2	0
AC087752.1	0.03898361
AC087752.2	0.077412294
AC087752.3	0.337491397
AC087752.4	0.329588706
AC087761.1	0.01956192
AC087762.1	0.016915128
AC087762.2	0
AC087763.1	0.076058932
AC087783.1	0
AC087783.2	6.463926543
AC087808.1	0
AC087821.1	0
AC087854.1	0.078814691
AC087855.1	0
AC087855.2	0
AC087857.1	0.046579988
AC087863.1	0
AC087878.1	0.01894848
AC087879.1	0
AC087883.1	0
AC087884.1	0
AC087885.1	0
AC087888.1	0
AC087893.1	0.016380162
AC087893.2	0
AC087894.1	0
AC087894.2	0
AC087894.3	0
AC087897.1	0
AC087897.2	0
AC089983.1	0.046546764
AC089984.1	0
AC089984.2	0.018112285
AC089984.3	0
AC089987.1	0.031607312
AC089987.2	0.036994651
AC089998.1	0.01385091
AC089998.2	0
AC089998.3	0.044123437
AC089998.4	0.09478368
AC089999.1	0
AC089999.2	0.037699921
AC090001.1	0.011771025
AC090004.1	0.203678414
AC090013.1	0.113296118
AC090017.1	0
AC090018.1	0
AC090022.1	0
AC090023.1	0
AC090023.2	0.015515588
AC090044.1	0.262609915
AC090049.1	0
AC090049.2	0
AC090058.1	0
AC090061.1	0.1414509
AC090071.1	0
AC090079.1	0
AC090079.2	0
AC090092.1	0.023390166
AC090093.1	0
AC090095.1	0
AC090099.1	0.002833141
AC090099.2	0
AC090099.3	0
AC090099.4	0.010590484
AC090103.1	0
AC090109.1	0
AC090114.1	1.043942799
AC090114.2	0.80948743
AC090114.3	0.577277203
AC090115.1	0.05805922
AC090116.1	0.024386608
AC090124.1	0
AC090124.2	0
AC090124.3	0
AC090125.1	1.125147651
AC090132.1	0
AC090132.2	0
AC090136.1	0
AC090136.2	0
AC090136.3	0.071878998
AC090138.1	0
AC090142.1	0.047084101
AC090142.2	0
AC090142.3	0
AC090150.1	0.018592183
AC090150.2	0
AC090151.1	0
AC090152.1	2.046740191
AC090155.1	0
AC090155.2	0
AC090159.1	0
AC090164.1	0
AC090164.2	0.021078347
AC090164.3	0
AC090181.1	0
AC090181.2	0.210407076
AC090181.3	0.107758527
AC090186.1	0.133103131
AC090192.1	0.02219679
AC090192.2	0.039336084
AC090193.1	0.034712002
AC090193.2	0
AC090197.1	0.129211412
AC090198.1	0.812845522
AC090200.1	0
AC090204.1	3.639693318
AC090206.1	0.012963561
AC090213.1	0
AC090220.1	0
AC090227.1	0
AC090227.2	0
AC090229.1	0.189272818
AC090236.1	0
AC090236.2	0.029636042
AC090241.1	0
AC090241.2	0
AC090241.3	0.016739403
AC090246.1	0.076594558
AC090260.1	0.056325361
AC090281.1	0.078814691
AC090282.1	0.631711686
AC090283.1	0
AC090286.1	0
AC090286.2	0.074115348
AC090286.3	0.058162713
AC090287.1	0
AC090311.1	0
AC090312.1	0
AC090312.2	0
AC090337.1	0.005244179
AC090340.1	0
AC090358.1	0
AC090360.1	0.052960563
AC090371.1	0
AC090371.2	0.012444425
AC090373.1	0
AC090376.1	0
AC090377.1	0
AC090386.1	0.013427688
AC090386.2	0
AC090398.1	0
AC090403.1	0.012760767
AC090409.1	0.235852468
AC090409.2	0.017830209
AC090415.1	0
AC090415.2	0.029081356
AC090424.1	0
AC090425.1	1.320709029
AC090425.2	0.9117963
AC090453.1	0
AC090457.1	0
AC090458.1	0
AC090498.1	18.46587534
AC090502.1	0.01393223
AC090502.2	0
AC090502.3	0
AC090502.4	0
AC090503.1	0
AC090503.2	0
AC090505.1	0.017791321
AC090505.2	0
AC090506.1	0
AC090506.2	0
AC090510.1	0
AC090510.2	0.051874852
AC090510.3	0
AC090515.1	0.022849637
AC090515.2	0.358392303
AC090515.3	0
AC090515.4	0.265868223
AC090515.5	0.020677618
AC090517.1	0.040888824
AC090517.2	0.207931698
AC090517.3	0
AC090518.1	0
AC090519.1	0.065128307
AC090519.2	0.06642093
AC090525.1	0
AC090525.2	0.009582755
AC090525.3	0
AC090527.1	0.02523533
AC090527.2	0
AC090527.3	0.178627456
AC090531.1	0
AC090539.1	0
AC090539.2	0
AC090541.1	0
AC090543.1	0
AC090543.2	0.281286913
AC090559.1	2.101016953
AC090559.2	0.075882051
AC090568.1	0
AC090568.2	0.028575178
AC090572.1	0
AC090572.2	0
AC090572.3	0
AC090574.1	0
AC090578.1	0.165630873
AC090579.1	0.194221916
AC090587.1	0.286221771
AC090587.2	0.350852493
AC090589.1	0.300453793
AC090589.2	0
AC090589.3	0.530557429
AC090592.1	0
AC090602.1	0.172641703
AC090607.1	0.121118344
AC090607.2	0.57903282
AC090607.3	0.031755992
AC090607.4	0
AC090607.5	0
AC090615.1	0.070626151
AC090616.1	0
AC090616.2	0.064357558
AC090616.3	0
AC090616.4	0
AC090616.5	0
AC090616.6	0.169710201
AC090617.1	0
AC090617.2	0.053843699
AC090617.3	0
AC090617.4	0.041198588
AC090617.5	1.104828958
AC090617.6	0
AC090617.7	0.065128307
AC090617.8	0
AC090617.9	0.162334736
AC090618.1	0.037184367
AC090621.1	0
AC090625.1	0
AC090625.2	0
AC090627.1	0
AC090630.1	0.021796447
AC090643.1	0
AC090643.2	0
AC090651.1	0
AC090666.1	0.02444141
AC090673.1	0.165859657
AC090673.2	0.047913777
AC090679.1	0
AC090680.1	0
AC090686.1	0.029042529
AC090692.1	0
AC090695.1	0.16020924
AC090696.1	0
AC090699.1	0
AC090707.1	0
AC090709.1	0.015190541
AC090735.1	0
AC090739.1	0.522314305
AC090740.1	0
AC090751.1	0
AC090753.1	0
AC090771.1	0.013444286
AC090771.2	0
AC090772.1	0.085810077
AC090772.2	0
AC090772.3	0.325552926
AC090772.4	1.352042067
AC090774.1	0
AC090774.2	0
AC090774.3	0
AC090791.1	0
AC090796.1	0.134484418
AC090802.1	0
AC090809.1	0.630283305
AC090819.1	0
AC090820.1	0.036806861
AC090821.1	0
AC090821.2	0
AC090825.1	0.379116366
AC090825.2	0
AC090826.1	0.134141137
AC090826.2	0
AC090833.1	0
AC090844.1	0
AC090844.2	0.033812727
AC090844.3	0.022151583
AC090857.1	0
AC090857.2	0
AC090877.1	0.063235042
AC090877.2	0.062580134
AC090888.1	0
AC090888.2	0
AC090888.3	0
AC090897.1	0
AC090907.1	0.376576913
AC090907.2	0.045318447
AC090912.1	0.13357016
AC090912.2	0.026549456
AC090912.3	0.020406055
AC090921.1	0.009101613
AC090922.1	0.235050492
AC090948.1	0.495283575
AC090948.2	0.559248921
AC090948.3	0.217133757
AC090950.1	0.008922418
AC090950.2	0
AC090952.1	0.024386608
AC090953.1	0.009960098
AC090954.1	0
AC090955.1	0
AC090957.1	0
AC090958.1	0
AC090960.1	0
AC090970.1	0
AC090970.2	0.025147809
AC090970.3	0.138153234
AC090971.1	0
AC090971.2	0
AC090971.3	0.376130051
AC090971.4	0.018127379
AC090971.5	0
AC090983.1	0.002790974
AC090984.1	0
AC090985.1	0
AC090987.1	0
AC090993.1	0
AC091013.1	0
AC091027.1	0
AC091027.2	0
AC091042.1	0.251478088
AC091043.1	0.024009773
AC091044.1	0
AC091045.1	0.014058286
AC091046.1	0.052543127
AC091046.2	0
AC091047.1	0.019703673
AC091053.1	0
AC091053.2	0.060762164
AC091057.1	0.044851247
AC091057.2	0.013732863
AC091057.3	0.133544128
AC091059.1	0
AC091059.2	0.017714051
AC091060.1	0.086223093
AC091062.1	0
AC091073.1	0
AC091076.1	0
AC091078.1	0.032537585
AC091078.2	0
AC091078.3	0
AC091096.1	0
AC091096.2	0
AC091100.1	0.027722415
AC091114.1	0
AC091117.1	0
AC091117.2	0
AC091132.1	0.039767559
AC091132.2	0.113148789
AC091132.3	0
AC091132.4	0
AC091132.5	0.028647306
AC091132.6	0.05267035
AC091133.1	0
AC091133.2	0.025412213
AC091133.3	0.025176915
AC091133.4	1.024079194
AC091133.5	0.505880339
AC091135.1	0
AC091138.1	0.061103524
AC091144.1	0
AC091144.2	0
AC091151.1	0
AC091152.1	0
AC091152.2	0.029636042
AC091152.3	0
AC091152.4	0.0343499
AC091153.1	0.919896836
AC091153.2	0
AC091153.3	0.230432782
AC091153.4	0.090636894
AC091163.1	0.017977566
AC091163.2	0
AC091163.3	0
AC091167.1	0
AC091167.2	0.017003274
AC091167.3	0
AC091167.4	0.06083013
AC091167.5	0.026335175
AC091167.6	0.020996964
AC091170.1	0.004966405
AC091173.1	0
AC091175.1	0.038029466
AC091178.1	0.033899198
AC091178.2	0
AC091179.1	0
AC091179.2	0
AC091180.1	0
AC091180.2	0.086418832
AC091180.3	0
AC091180.4	0.044393581
AC091180.5	0.142361614
AC091181.1	0.041473507
AC091182.1	0.169342817
AC091182.2	3.819921698
AC091185.1	0.288390118
AC091193.1	0
AC091198.1	0.004364537
AC091212.1	0.027535259
AC091230.1	0.001601123
AC091231.1	0
AC091271.1	0.580325725
AC091286.1	0.023593118
AC091304.1	0
AC091304.2	0
AC091304.3	0
AC091304.4	0
AC091304.5	0
AC091304.6	0
AC091304.9	0
AC091305.1	0.013802573
AC091390.1	0.32859297
AC091390.2	0.552545772
AC091390.3	0.225251453
AC091390.4	0.058791499
AC091393.1	0
AC091429.1	0.167072616
AC091435.1	0
AC091435.2	0.057750941
AC091488.1	0.082397176
AC091489.1	0
AC091489.2	0
AC091492.1	0.279908055
AC091493.1	0
AC091515.1	0
AC091516.1	0.061885788
AC091534.1	0
AC091544.1	0
AC091544.2	0.009914701
AC091544.3	0
AC091544.4	0.008390147
AC091544.5	0.024386608
AC091544.6	0
AC091544.7	0
AC091551.1	0.041672135
AC091563.1	3.109616847
AC091564.1	0.068119586
AC091564.2	0.027259216
AC091564.3	0
AC091564.4	0
AC091564.5	0.022333526
AC091564.6	0.070321728
AC091588.1	0.090889365
AC091588.2	0
AC091588.3	0.098876612
AC091607.1	0.020521561
AC091614.1	0
AC091675.1	0
AC091685.1	0
AC091685.2	0.062942288
AC091691.1	0
AC091691.2	0
AC091705.1	0
AC091729.1	0.012516027
AC091729.2	0.07202932
AC091729.3	1.075690612
AC091730.1	0
AC091736.1	0
AC091769.1	0
AC091770.1	0
AC091799.1	0.013411131
AC091804.1	0
AC091805.1	0
AC091805.2	0
AC091806.1	0.041832413
AC091807.1	0.007044318
AC091808.1	0.2214031
AC091810.1	0
AC091812.1	0.770506657
AC091812.2	0.113001842
AC091812.3	0.094577629
AC091814.1	0.015127159
AC091819.1	0
AC091819.2	0
AC091820.1	0
AC091820.2	0
AC091825.1	0.153539798
AC091826.1	0
AC091826.2	0
AC091834.1	0
AC091839.1	0
AC091849.1	0.449439145
AC091849.2	0.298630229
AC091860.1	0
AC091860.2	0
AC091862.1	0
AC091868.1	0
AC091868.2	0.058685759
AC091874.1	0
AC091874.2	0
AC091874.3	0
AC091885.1	0
AC091885.2	0
AC091887.1	0.173428226
AC091891.1	0.031617521
AC091891.2	0
AC091893.1	0
AC091895.1	0
AC091903.1	0
AC091905.1	0
AC091905.2	0
AC091905.3	0
AC091905.4	0.053843699
AC091906.1	0
AC091912.1	0
AC091912.2	0
AC091917.1	0
AC091917.2	0
AC091917.3	0
AC091925.1	0.02354205
AC091925.2	0.042486044
AC091931.1	0
AC091932.1	0
AC091932.2	0
AC091932.3	0
AC091932.4	0
AC091939.1	0
AC091941.1	0
AC091944.1	0
AC091946.1	0
AC091946.2	0.037376039
AC091948.1	0.048149457
AC091951.1	0
AC091951.2	0.05357846
AC091951.3	0
AC091951.4	0
AC091953.1	0
AC091953.2	0
AC091953.3	0
AC091953.4	0
AC091953.5	0
AC091959.1	0
AC091959.2	0.033882951
AC091959.3	0.039419247
AC091962.1	0
AC091965.1	0.093897214
AC091965.2	0.017742948
AC091965.3	0
AC091965.4	0.148230696
AC091965.5	0
AC091979.1	0.015405704
AC091979.2	0
AC091980.1	0
AC091980.2	0
AC091982.1	0.076325806
AC091982.2	0
AC091982.3	0.5739051
AC091987.1	0
AC092001.1	0
AC092013.1	0
AC092017.1	0.495133261
AC092017.2	0.030045379
AC092028.1	0
AC092032.1	0.395506447
AC092035.1	0
AC092042.1	0.06410468
AC092042.2	0
AC092042.3	0.026303331
AC092045.1	0.088354405
AC092047.1	0
AC092053.1	0.005617989
AC092059.1	0.025352977
AC092066.1	0.068620992
AC092067.1	0
AC092068.1	0
AC092068.2	0.006367932
AC092068.3	0.005395053
AC092069.1	0
AC092070.1	0
AC092070.2	2.047640347
AC092070.3	0
AC092070.4	0
AC092071.1	0.039622686
AC092073.1	0.078167342
AC092078.1	0
AC092078.2	0
AC092079.1	0
AC092098.1	0
AC092100.1	0
AC092104.1	0
AC092106.1	0.089334105
AC092106.2	0
AC092111.1	0.314179109
AC092111.2	0.061535657
AC092112.1	0.067977671
AC092114.1	0
AC092115.1	0.38013191
AC092115.2	0
AC092115.3	0
AC092117.1	0.113784162
AC092117.2	0.019668042
AC092118.1	0.360146599
AC092118.2	0.375049217
AC092119.1	0
AC092119.2	0.211546876
AC092119.3	0.018655964
AC092120.1	0.052416517
AC092120.2	0.01914864
AC092121.1	0
AC092123.1	0.312241932
AC092125.1	0.01635553
AC092127.1	0.003148025
AC092127.2	0.253361035
AC092130.1	0.020482914
AC092131.1	0.059542485
AC092132.1	0
AC092132.2	0
AC092134.1	0.62539457
AC092134.2	0
AC092135.1	0.005282383
AC092135.2	0.021494916
AC092135.3	0.106054004
AC092138.1	0
AC092138.2	0
AC092139.1	0
AC092139.2	0
AC092139.3	0.01167834
AC092140.1	0.039622686
AC092140.2	0.04175212
AC092142.1	2.175285459
AC092142.2	0.030724371
AC092143.1	0.031344171
AC092143.2	0.044168233
AC092143.3	0.136198553
AC092145.1	0.022342702
AC092155.1	0
AC092155.2	0.114008672
AC092159.1	0
AC092159.2	0.009465994
AC092159.3	0
AC092159.4	0
AC092162.1	0
AC092162.2	0.014392248
AC092162.3	0.060275767
AC092164.1	0.090762954
AC092167.1	0.065917741
AC092168.1	0
AC092168.2	0.166862901
AC092170.1	0
AC092171.1	0.129997139
AC092171.2	4.238829094
AC092171.3	0.385659814
AC092171.4	0.120466758
AC092171.5	0.49648235
AC092175.1	0
AC092183.1	0
AC092184.1	0.015211786
AC092185.1	0
AC092198.1	0.004041779
AC092265.1	0.021840215
AC092266.1	0
AC092268.1	0.026855376
AC092278.1	0
AC092279.1	0.729728349
AC092279.2	0.273277068
AC092284.1	0
AC092287.1	0.023491204
AC092295.1	0.025060892
AC092295.2	0.546946775
AC092296.1	0.019216303
AC092296.2	0.087098517
AC092296.3	0.043680431
AC092301.1	0.170833937
AC092316.1	0.036620967
AC092324.1	0
AC092325.1	0
AC092326.1	0
AC092326.2	0
AC092327.1	0.014618854
AC092327.2	0
AC092329.1	0
AC092329.2	0
AC092332.1	0
AC092335.1	0.047380371
AC092336.1	0
AC092337.1	0
AC092338.1	0.077137782
AC092338.2	0.007475208
AC092343.1	0.04475896
AC092349.1	0
AC092354.1	0.202486678
AC092354.2	0.275084737
AC092364.1	0
AC092364.2	0
AC092368.1	0
AC092368.2	0
AC092368.3	0.998088237
AC092375.1	0
AC092375.2	0.10451822
AC092375.3	0
AC092376.1	0.032466947
AC092376.2	0.28274483
AC092378.1	0.036730899
AC092378.2	0
AC092384.1	0.03601466
AC092384.2	0.04625239
AC092384.3	0.007571477
AC092393.1	0
AC092418.1	0
AC092421.1	0
AC092422.1	0.148992155
AC092423.1	0
AC092427.1	0.015254456
AC092431.1	0.025896255
AC092431.2	0.034202602
AC092435.1	0
AC092435.2	0
AC092435.3	0
AC092435.4	0
AC092436.1	0
AC092436.2	0.026463327
AC092436.3	0
AC092436.4	0.022518483
AC092437.1	0.041513081
AC092440.1	0
AC092447.1	0
AC092447.10	0
AC092447.2	0.065030955
AC092447.3	0
AC092447.4	0
AC092447.5	0
AC092447.6	0
AC092447.7	0.005927208
AC092447.8	0
AC092447.9	0
AC092451.1	0
AC092451.2	0
AC092451.3	0
AC092468.1	0
AC092470.1	0
AC092471.1	0.059325967
AC092471.2	0
AC092473.1	0
AC092474.1	0
AC092474.2	0.045381477
AC092484.1	0.261138711
AC092490.1	0.038179648
AC092490.2	0
AC092490.3	0
AC092506.1	0.008878716
AC092535.1	0
AC092535.2	0
AC092535.3	0
AC092535.4	0.904085896
AC092542.1	0
AC092546.1	0.050276243
AC092552.1	0
AC092567.1	0
AC092568.1	0
AC092569.1	0.042156695
AC092570.1	0
AC092570.2	0
AC092570.3	0
AC092573.1	0.012303651
AC092573.2	0.285595465
AC092574.1	0.155377533
AC092574.2	0.04333238
AC092580.1	0
AC092580.2	0
AC092580.3	0
AC092587.1	0.097546433
AC092590.1	0
AC092593.1	0
AC092593.2	0
AC092597.1	0.247191529
AC092598.1	0.013646709
AC092601.1	0
AC092608.1	0
AC092608.2	0
AC092608.3	0
AC092611.1	0.067845161
AC092611.2	3.470438973
AC092611.3	6.544034251
AC092612.1	0
AC092614.1	0.69398546
AC092620.1	0.015994746
AC092620.2	0
AC092620.3	0.003935032
AC092625.1	0
AC092628.1	0
AC092628.2	0
AC092634.1	0
AC092634.2	0
AC092634.3	0
AC092634.4	0.08691209
AC092634.5	0
AC092634.6	0
AC092634.7	0
AC092637.1	0
AC092638.1	0
AC092638.2	0
AC092639.1	0
AC092641.1	0.042265909
AC092642.1	0
AC092645.1	0.727648305
AC092646.1	0
AC092646.2	0
AC092647.1	0
AC092647.2	0.042989831
AC092647.3	0
AC092647.4	0
AC092647.5	0.28258616
AC092648.1	0
AC092650.1	0.011325679
AC092650.2	0
AC092651.1	0
AC092651.2	3.422651947
AC092652.1	0.01479786
AC092652.2	0
AC092653.1	0.348209537
AC092653.2	0.169612901
AC092656.1	0
AC092658.1	0.036620967
AC092660.1	0
AC092666.1	0.007881469
AC092666.2	0
AC092667.1	0.016823553
AC092669.1	0.106284306
AC092673.1	0
AC092674.1	0
AC092675.1	0.00934401
AC092675.2	0
AC092681.1	0.336384349
AC092681.2	0.014292283
AC092681.3	0.016041928
AC092683.1	0.05769988
AC092683.2	0.008398786
AC092685.1	0
AC092687.1	0
AC092687.2	0
AC092687.3	2.269381777
AC092691.1	0.058897621
AC092691.2	0
AC092691.3	0
AC092692.1	0.008382603
AC092701.1	0
AC092709.1	0
AC092718.1	0.039986865
AC092718.2	0.124213302
AC092718.3	0.323619441
AC092718.4	7.139554231
AC092718.5	0.366827228
AC092718.6	0.021928281
AC092718.7	0.128606404
AC092720.1	0.160419282
AC092720.2	0.032661944
AC092723.1	0.045892098
AC092723.2	0
AC092724.1	0.016008872
AC092725.1	0
AC092745.1	0.025561521
AC092745.2	0.368395118
AC092745.3	0.10070766
AC092746.1	0
AC092747.1	0.053055743
AC092747.2	0.188096912
AC092747.3	0
AC092747.4	4.956050698
AC092754.1	0
AC092754.2	0
AC092755.1	0.112128116
AC092755.2	0
AC092756.1	0.169944177
AC092757.1	0.023289994
AC092757.2	0.360829342
AC092757.3	0.180272276
AC092783.1	0
AC092794.1	0.186880194
AC092794.2	0
AC092798.1	0.212741854
AC092800.1	0
AC092801.1	0
AC092802.1	0.017367549
AC092802.2	0.099713367
AC092802.3	0
AC092803.1	0
AC092803.2	0.200460745
AC092807.1	0
AC092807.2	0.26855376
AC092809.1	0.045892098
AC092809.2	0.033918172
AC092809.3	0.517925109
AC092809.4	0.057547234
AC092810.1	0
AC092810.2	0
AC092810.3	0.022994561
AC092811.1	0.021928281
AC092813.1	0
AC092813.2	0
AC092814.1	0.056354546
AC092818.1	0.085105065
AC092819.1	0
AC092821.1	0.040345982
AC092821.2	0
AC092824.1	0
AC092828.1	0.018157642
AC092832.1	0
AC092832.2	0.055919935
AC092834.1	0
AC092835.1	1.104637147
AC092839.1	0.040583684
AC092839.2	0.02884994
AC092849.1	0.179478998
AC092849.2	0.097985832
AC092850.1	0
AC092851.1	0
AC092862.1	0.04081211
AC092865.1	0.070740991
AC092865.2	0
AC092868.1	0.04068489
AC092868.2	0.043768319
AC092868.3	0.027745988
AC092881.1	0.033491693
AC092892.1	0.01412523
AC092894.1	0.006958687
AC092896.1	0.057244354
AC092902.1	0
AC092902.2	0.163178722
AC092902.3	0
AC092903.1	0.33210465
AC092903.2	0.22924554
AC092905.1	0
AC092910.1	0.019267365
AC092910.2	0
AC092910.3	0.376758648
AC092916.1	0
AC092916.2	0
AC092919.1	0.094990631
AC092919.2	0.826476238
AC092920.1	0.016041928
AC092924.1	0
AC092925.1	0
AC092933.1	0
AC092941.1	0
AC092941.2	0
AC092943.1	0.01238773
AC092944.1	0.119753409
AC092944.2	0
AC092952.1	0
AC092953.1	0.040060506
AC092953.2	0.902478946
AC092954.1	0
AC092954.2	0
AC092957.1	0.019081451
AC092958.1	0
AC092958.2	0
AC092960.1	0
AC092964.1	0.077744298
AC092966.1	0.020677618
AC092967.1	0
AC092978.1	0
AC092979.1	0
AC092989.1	0
AC092991.1	0
AC092994.1	0
AC092999.1	0.062183316
AC093001.1	0.059218297
AC093004.1	0
AC093010.1	0.020091922
AC093010.2	0.003507394
AC093010.3	4.074611537
AC093012.1	0.009296092
AC093014.1	0
AC093019.1	0.043160426
AC093019.2	0
AC093023.1	0
AC093025.1	0
AC093027.1	0
AC093028.1	0
AC093063.1	0
AC093072.1	0
AC093074.1	0
AC093083.1	0.094032513
AC093084.1	0.031663544
AC093106.1	0.030898941
AC093106.2	0
AC093107.1	0.017859487
AC093107.2	0.048882819
AC093110.1	0.677576781
AC093117.1	0.00500987
AC093142.1	0
AC093151.1	0
AC093151.2	0.027605145
AC093151.3	0
AC093152.1	0.019284446
AC093155.1	0.013167588
AC093155.2	0
AC093155.3	0.010806187
AC093156.1	0
AC093157.1	0.375313336
AC093157.2	0.129674245
AC093158.1	0.023174206
AC093159.1	1.026078047
AC093159.2	0
AC093162.1	0.877131234
AC093162.2	2.116577471
AC093166.1	0
AC093166.2	0
AC093166.3	0
AC093166.4	0
AC093206.1	0
AC093214.1	0.029475413
AC093225.1	0.023174206
AC093227.1	1.24759019
AC093227.2	0
AC093248.1	0
AC093249.1	0
AC093249.2	0.090260807
AC093249.3	0
AC093249.4	0.083987856
AC093249.5	0
AC093249.6	0.255804475
AC093259.1	0
AC093270.1	0
AC093270.2	0.013732863
AC093274.1	0.007976844
AC093278.1	0.018127379
AC093278.2	1.011048171
AC093281.1	0.019811343
AC093281.2	0.036436942
AC093283.1	0
AC093286.1	0
AC093292.1	0
AC093297.1	0
AC093297.2	3.245211323
AC093300.1	0
AC093303.1	0
AC093305.1	0
AC093311.1	0.026908529
AC093323.1	1.44956279
AC093323.2	0
AC093325.1	0.033363274
AC093326.1	0
AC093330.1	0
AC093330.2	0.013602335
AC093331.1	0
AC093331.2	0.016065624
AC093334.1	0
AC093367.1	0.051792511
AC093382.1	0.258279276
AC093388.1	1.08764273
AC093390.1	0
AC093392.1	0
AC093392.2	0
AC093414.1	0
AC093422.1	0.019703673
AC093422.2	0.01585485
AC093422.3	0
AC093423.1	0.076594558
AC093423.2	0.099555399
AC093423.3	0.016630623
AC093424.1	0
AC093425.1	0.012354897
AC093426.1	0
AC093433.1	0.019048034
AC093458.1	0
AC093458.2	0.086458087
AC093459.1	0
AC093462.1	0.084012807
AC093484.1	0.068405203
AC093484.2	0
AC093484.3	0
AC093484.4	0.572443542
AC093495.1	0.216715861
AC093496.1	0
AC093503.1	0.025743023
AC093503.2	0
AC093503.3	0.046243313
AC093510.1	0
AC093510.2	0.02427774
AC093512.1	0
AC093515.1	0.02444141
AC093519.1	0
AC093520.1	0.006155307
AC093520.2	0.195971663
AC093523.1	0.043592895
AC093524.1	0
AC093525.1	0.018249039
AC093525.10	0
AC093525.2	0.01678461
AC093525.3	0
AC093525.4	0.02369592
AC093525.5	0
AC093525.6	0.097838926
AC093525.7	0.032995229
AC093525.8	0.445755217
AC093525.9	0.031146699
AC093534.1	0
AC093534.2	0
AC093535.1	0.148110022
AC093535.2	1.150301425
AC093536.1	0.058897621
AC093536.2	0
AC093567.1	0.062009278
AC093578.1	0
AC093579.1	0
AC093580.1	0
AC093581.1	0
AC093582.1	0.480257829
AC093583.1	0.059160483
AC093585.1	0.050824427
AC093591.1	0.158284805
AC093591.2	0.014150959
AC093599.1	0.135471514
AC093607.1	0
AC093616.1	0.95006501
AC093620.1	0.074623858
AC093627.1	0.788146906
AC093627.2	0
AC093627.3	0
AC093627.4	0.253480535
AC093627.5	0.262715635
AC093627.6	0.269663487
AC093627.7	0.020342445
AC093635.1	0.058791499
AC093639.1	0
AC093642.1	0.057750941
AC093642.2	0.004527129
AC093648.1	0.0179479
AC093655.1	0
AC093655.2	0
AC093663.1	0
AC093663.2	0.104246907
AC093664.1	0
AC093668.1	0
AC093668.2	0.003047472
AC093671.1	0
AC093673.1	7.939120543
AC093673.2	0
AC093677.1	0
AC093677.2	0.035028751
AC093689.1	0
AC093690.1	0.082475278
AC093698.1	0
AC093698.2	0
AC093700.1	0.136524192
AC093702.1	0
AC093714.1	0
AC093714.2	0
AC093716.1	0
AC093720.1	0.015233091
AC093722.1	0
AC093724.1	5.04107049
AC093725.1	0
AC093725.2	0
AC093726.1	1.264963507
AC093726.2	0.192219628
AC093729.1	0
AC093730.1	0
AC093732.1	0
AC093732.2	0
AC093734.1	0
AC093752.1	0.727435428
AC093752.2	0.056944646
AC093752.3	0.398359712
AC093755.1	0
AC093763.1	0
AC093763.2	0
AC093765.1	0
AC093766.1	0
AC093767.1	0
AC093770.1	0
AC093772.1	0.040395273
AC093775.1	0.011644997
AC093783.1	0
AC093787.1	0.105086254
AC093788.1	0.305056213
AC093789.1	0
AC093797.1	0.048636902
AC093799.1	0.150538786
AC093801.1	0.141989912
AC093801.2	0
AC093802.1	0.003358995
AC093802.2	0
AC093809.1	0
AC093810.1	0
AC093813.1	0
AC093815.1	0
AC093816.1	0.059564224
AC093817.1	0
AC093821.1	0
AC093824.1	0
AC093826.1	0
AC093826.2	0
AC093827.1	0.138955517
AC093827.2	0.034528341
AC093827.3	0.215568829
AC093829.1	0
AC093831.1	0
AC093831.2	0
AC093833.1	0
AC093835.1	0
AC093838.1	0.023190677
AC093840.1	0
AC093843.1	0.042486044
AC093844.1	0
AC093849.1	0
AC093850.1	0
AC093852.1	0
AC093853.1	0.157629381
AC093857.1	0
AC093864.1	0.058396925
AC093865.1	0
AC093870.1	0
AC093871.1	0
AC093875.1	0
AC093878.1	0
AC093879.1	0
AC093879.2	0
AC093890.1	0.322264513
AC093893.1	0
AC093895.1	1.734268681
AC093899.1	0
AC093899.2	0
AC093901.1	0.211084902
AC093903.1	0.026855376
AC093904.1	0
AC093904.2	0.026625281
AC093904.3	0
AC093904.4	0.009969228
AC093908.1	0.622316589
AC093909.1	0.193875709
AC093909.2	0
AC093909.3	0.032370319
AC093909.4	0
AC093909.5	0
AC093909.6	0.491193491
AC093911.1	0
AC093913.1	0
AC093915.1	0.007048884
AC094019.1	0.092173113
AC094085.1	0
AC094103.1	0
AC094104.1	0
AC094104.2	0
AC094105.1	0
AC094108.1	0.018341361
AC095030.1	0
AC095031.1	0.01618516
AC095032.1	0.017047692
AC095032.2	0
AC095033.1	0
AC095038.1	0
AC095038.2	0
AC095040.1	0.016113226
AC095041.1	0.073613721
AC095050.1	0.060090759
AC095050.2	0
AC095052.1	0.025206089
AC095055.1	0.097721719
AC095056.1	0
AC095057.1	0
AC095057.2	0
AC095057.3	0.507629277
AC095059.1	0
AC095059.2	0.023314957
AC095060.1	0
AC095350.1	0
AC096531.1	0.203297706
AC096531.2	0.074526104
AC096533.1	0.215679861
AC096536.1	0.270133488
AC096536.2	0.031709701
AC096536.3	0.435057092
AC096537.1	0.188920573
AC096537.2	0
AC096540.1	0.180999547
AC096541.1	0.012038104
AC096543.1	0
AC096543.2	0
AC096553.1	0
AC096554.1	0
AC096558.1	0.011707672
AC096558.2	0
AC096559.1	0
AC096564.1	0.003509657
AC096564.2	0.013824502
AC096570.1	0
AC096576.1	0
AC096576.2	0
AC096576.3	0
AC096577.1	0
AC096577.2	0
AC096582.1	0
AC096582.2	0
AC096586.1	0
AC096586.2	0.221967904
AC096588.1	0
AC096631.1	0
AC096631.2	0
AC096632.1	0
AC096632.2	0
AC096633.1	0
AC096636.1	0
AC096637.1	0
AC096637.2	0.004435737
AC096638.1	0
AC096638.2	0
AC096639.1	0
AC096642.1	0.058251715
AC096644.1	0
AC096644.2	0
AC096644.3	0.032178779
AC096644.4	0
AC096649.1	0.02188416
AC096649.2	0
AC096656.1	0
AC096659.1	0
AC096661.1	0
AC096664.1	0
AC096664.2	0.02678923
AC096666.1	0
AC096669.1	0
AC096677.1	0.863716285
AC096677.2	0
AC096677.3	0
AC096708.1	0
AC096708.2	0.155655489
AC096708.3	0.059111018
AC096711.1	0
AC096711.2	0.023956888
AC096711.3	0.018688019
AC096713.1	0
AC096719.1	0.011607713
AC096720.1	0.416038203
AC096720.2	0.22124547
AC096721.1	0.039407345
AC096725.1	0
AC096732.1	0
AC096733.1	0
AC096733.2	0.678801417
AC096734.1	0.077137782
AC096734.2	0.050237539
AC096736.1	0
AC096736.2	0
AC096736.3	0
AC096741.1	0.017074454
AC096743.1	0
AC096745.1	0
AC096745.2	0.119333842
AC096746.1	0
AC096751.1	0.009878681
AC096751.2	0.013732863
AC096754.1	0
AC096759.1	0
AC096759.2	0
AC096772.1	0
AC096773.1	0
AC096775.1	0
AC096861.1	0
AC096887.1	0.098876612
AC096887.2	0.111154086
AC096888.1	0.250254079
AC096915.1	0.10621511
AC096920.1	0.032083856
AC096921.1	0
AC096921.2	0.312214771
AC096922.1	0
AC096947.1	0
AC096949.1	0
AC096992.1	0
AC096992.2	0.594199116
AC096996.1	0
AC096996.2	0
AC097059.1	0.022659224
AC097059.2	0.036744687
AC097063.1	0.04236783
AC097065.1	0
AC097065.2	0
AC097066.1	0
AC097103.1	0
AC097103.2	0.687472291
AC097110.1	0
AC097173.1	0
AC097173.2	0
AC097262.1	0
AC097263.1	0.430749596
AC097347.1	0.273488501
AC097358.1	0.018688019
AC097358.2	0.018768641
AC097359.1	0.023491204
AC097359.2	0.500798243
AC097359.3	0
AC097372.1	0
AC097372.2	0
AC097372.3	0.070019918
AC097372.4	0.028926668
AC097374.1	0.001524163
AC097374.2	0.024984136
AC097375.1	0.156014326
AC097375.2	0
AC097375.3	0
AC097376.1	0.026313937
AC097376.2	0.392448408
AC097381.1	0
AC097381.2	0
AC097381.3	0.070626151
AC097382.1	0.036806861
AC097382.2	0.007588205
AC097451.1	0
AC097460.1	0.025382561
AC097460.2	0.044034119
AC097460.3	0.024607302
AC097461.1	0.551339633
AC097462.1	0
AC097462.2	0
AC097463.1	0
AC097463.2	0
AC097467.1	0
AC097467.2	0
AC097467.3	0
AC097467.4	0
AC097468.1	0.010920108
AC097468.2	0
AC097468.3	1.884293326
AC097473.1	0
AC097474.1	0
AC097478.1	0
AC097478.2	0
AC097478.3	0
AC097478.4	0
AC097480.1	0
AC097484.1	0
AC097484.2	0
AC097486.1	0
AC097487.1	0
AC097488.1	0
AC097491.1	0
AC097493.1	0
AC097493.2	0.013944138
AC097493.3	0
AC097494.1	0
AC097499.1	0
AC097501.1	0
AC097501.2	0
AC097504.1	0
AC097504.2	0.335396436
AC097505.1	0.038500628
AC097510.1	0
AC097512.1	0.015001969
AC097515.1	0.029798431
AC097518.1	0
AC097520.1	0
AC097521.1	0
AC097522.1	0.01043803
AC097523.1	0.068297817
AC097523.2	0
AC097527.1	0.020521561
AC097532.1	0
AC097532.2	0.071130024
AC097533.1	0.158945702
AC097534.1	0.334016961
AC097534.2	0.470803266
AC097535.1	0
AC097535.2	0
AC097537.1	0
AC097625.1	0.01894848
AC097634.1	0.057313966
AC097634.2	0.01800733
AC097634.3	0.013263936
AC097636.1	0
AC097637.1	0
AC097637.2	0.049017449
AC097638.1	0.063357829
AC097639.1	0.494644499
AC097639.2	0
AC097641.1	0.036994651
AC097641.2	0.351608641
AC097652.1	0
AC097658.1	0.270943029
AC097658.2	0.017430172
AC097662.1	0.232300473
AC097713.1	0.116118441
AC097713.2	0
AC097714.1	0.033018905
AC097716.1	0
AC097717.1	0.006536314
AC097721.1	0
AC097724.1	0
AC098476.1	0.042444594
AC098479.1	0
AC098483.1	0
AC098483.2	0
AC098484.1	1.303373519
AC098484.2	0.144777734
AC098487.1	0.471458038
AC098583.1	1.108969058
AC098583.2	0
AC098587.1	0
AC098590.1	0.060626685
AC098590.2	0.038706147
AC098591.1	0.013485961
AC098591.2	0.069056681
AC098592.1	0
AC098592.2	0
AC098613.1	1.243493975
AC098614.1	2.146086997
AC098614.2	0
AC098614.3	0
AC098614.4	0.094168202
AC098617.1	0.002109879
AC098649.1	0
AC098657.1	0
AC098657.2	0
AC098657.3	0
AC098679.1	0
AC098679.2	0.024062892
AC098679.3	0
AC098679.4	0.057144101
AC098680.1	0
AC098798.1	0
AC098799.1	0
AC098799.2	0
AC098799.3	0.024832026
AC098818.1	0.043160426
AC098818.2	0.004688115
AC098820.1	0.598771956
AC098820.2	0
AC098820.3	0.144870446
AC098824.1	0.033295186
AC098826.1	0
AC098826.2	0.016707262
AC098826.3	0
AC098827.1	0.048919463
AC098828.1	0.098876612
AC098828.2	0
AC098828.3	0
AC098829.1	0.083941556
AC098831.1	0
AC098847.1	0.068343798
AC098848.1	0.057547234
AC098850.1	0.01585485
AC098850.2	0
AC098850.3	0.011118565
AC098850.4	0
AC098851.1	0.152651611
AC098859.1	0.043927412
AC098859.2	0.019318699
AC098862.1	0
AC098864.1	0.364441628
AC098868.1	0
AC098869.1	0
AC098869.2	0.05047066
AC098872.1	0.020030253
AC098934.1	0.257386718
AC098934.2	0.037488763
AC098934.3	0.68693225
AC098934.4	0.018372343
AC098935.1	0.872250307
AC098935.2	0.070019918
AC098936.1	0.346839276
AC098965.1	0
AC098976.1	0
AC099063.1	0
AC099063.2	0
AC099066.1	0.224046255
AC099066.2	3.348233501
AC099066.3	0
AC099313.1	0
AC099314.1	0.038706147
AC099328.1	0.021119276
AC099328.2	0
AC099329.1	0.005560546
AC099329.2	0.019357994
AC099329.3	0
AC099335.1	0
AC099336.1	0.048741992
AC099336.2	15.54387051
AC099340.1	0
AC099342.1	0
AC099343.1	0
AC099343.2	0.253677605
AC099343.3	1.038540201
AC099344.1	0
AC099344.2	0
AC099398.1	0.003918021
AC099482.1	0.022612115
AC099487.1	0.834508488
AC099489.1	0.096941085
AC099489.2	0.125497238
AC099489.3	0.004772456
AC099494.1	0.007938998
AC099494.2	0.211300735
AC099494.3	0.00631616
AC099499.1	0
AC099506.1	0.018859299
AC099506.2	0
AC099508.1	0
AC099508.2	0
AC099509.1	0.066726548
AC099509.2	0.05357846
AC099511.1	0
AC099513.1	0.07226862
AC099518.1	0.129327316
AC099518.2	0.030898941
AC099518.3	0
AC099518.4	0.031254101
AC099518.5	0
AC099518.6	0.290038061
AC099520.1	0.009029828
AC099520.2	0
AC099521.1	0.005342057
AC099521.2	0.014807934
AC099522.1	0.037036642
AC099522.2	0.248520516
AC099524.1	0.151842573
AC099535.1	0.381114703
AC099541.1	0.032466947
AC099542.1	0
AC099542.2	0
AC099548.1	0.025531519
AC099548.2	0.282037011
AC099550.1	0
AC099552.1	0.014618854
AC099552.2	0
AC099552.3	0.059272083
AC099552.4	0.011460935
AC099554.1	0
AC099560.1	0
AC099560.2	0.597137185
AC099563.1	0
AC099566.1	0
AC099567.1	0
AC099568.1	0.042736453
AC099568.2	0.172144892
AC099654.1	0
AC099654.2	0.005493145
AC099654.3	0
AC099654.4	0
AC099667.1	0.092762706
AC099668.1	0
AC099669.1	0.429332656
AC099669.2	0
AC099670.1	0
AC099670.2	0
AC099673.1	0.00473712
AC099676.1	0.910507612
AC099677.1	1.367322289
AC099677.2	0
AC099677.3	0
AC099677.4	0
AC099681.1	0.118222036
AC099681.2	0.020030253
AC099681.3	0.023165979
AC099684.1	0
AC099684.2	0.012501641
AC099684.3	0
AC099687.1	0.021326328
AC099689.1	0
AC099730.1	0
AC099754.1	0
AC099778.1	0.216276419
AC099778.2	0.41237639
AC099782.1	0
AC099785.1	0
AC099786.1	0
AC099786.2	0
AC099786.3	0
AC099788.1	0
AC099789.1	0
AC099791.1	0
AC099791.2	0.07641518
AC099792.1	0.004640114
AC099793.1	0.076325806
AC099794.1	0
AC099794.2	0.0358958
AC099796.1	0.015924491
AC099796.2	0
AC099799.1	0
AC099804.1	0
AC099811.1	0.043622035
AC099811.2	0.009071249
AC099811.3	0.127957968
AC099811.4	0.065784843
AC099811.5	0.053120524
AC099811.6	0.006640066
AC099842.1	0
AC099849.1	0
AC099850.1	0.57714973
AC099850.2	0
AC099850.3	8.538503673
AC100756.1	0
AC100756.2	0.014777754
AC100756.3	0
AC100757.1	0.005927208
AC100757.2	0.233066299
AC100757.3	0
AC100763.1	0
AC100767.1	0
AC100767.2	0
AC100768.1	0
AC100768.2	0.015924491
AC100770.1	0
AC100771.1	0
AC100771.2	0.048309004
AC100773.1	0
AC100774.1	0.02714018
AC100775.1	0
AC100778.1	0
AC100778.2	0.157629381
AC100778.3	0.056064058
AC100781.1	0
AC100782.1	0.110607735
AC100784.1	0
AC100786.1	0.172504795
AC100786.2	0
AC100788.1	0.046037788
AC100788.2	0.015059089
AC100791.1	0
AC100791.2	0.053754995
AC100791.3	0
AC100793.1	0.031525876
AC100793.2	0
AC100793.3	0.045381477
AC100793.4	0.076058932
AC100797.1	0.516286106
AC100800.1	0.005295242
AC100801.1	0.080268836
AC100802.1	0
AC100803.1	0.015762938
AC100803.2	0.121895772
AC100803.3	0.135909426
AC100807.1	0
AC100810.1	3.603536427
AC100810.2	0
AC100812.1	2.456572372
AC100814.1	0.384079295
AC100818.1	0
AC100821.1	0.114073058
AC100821.2	0.049438306
AC100823.1	0
AC100823.2	0
AC100826.1	0
AC100827.1	0
AC100827.2	0.027327707
AC100827.3	0
AC100827.4	0.013367178
AC100827.5	0
AC100830.1	0.087876666
AC100830.2	0.362547577
AC100830.3	0
AC100832.1	0
AC100832.2	0
AC100835.1	0.021840215
AC100835.2	0
AC100836.1	0.012401856
AC100839.1	0
AC100839.2	0
AC100843.1	0
AC100843.2	0
AC100844.1	0
AC100847.1	0.407018069
AC100848.1	0
AC100849.1	0.037248039
AC100849.2	0
AC100850.1	0
AC100854.1	0.350852493
AC100858.1	0.017714051
AC100858.2	0.022333526
AC100858.3	0.013908475
AC100860.1	0
AC100861.1	0.551606129
AC100861.2	0
AC100863.1	0
AC100868.1	0
AC100870.1	0
AC100871.1	0
AC100871.2	0
AC100872.1	0.043418871
AC102797.1	0
AC102797.2	0
AC102941.1	0
AC102945.1	0.026723409
AC102945.2	0.336542054
AC102953.1	0
AC102953.2	0.481639543
AC103409.1	0
AC103563.1	4.686590624
AC103563.2	0
AC103563.3	2.918815235
AC103563.4	0.472888143
AC103563.5	0
AC103563.6	0
AC103563.7	0
AC103563.8	0
AC103564.1	0.019353073
AC103564.2	0
AC103564.3	0
AC103591.1	0.01956192
AC103591.2	0.028397982
AC103591.3	0.156120966
AC103592.1	0
AC103681.1	0
AC103681.2	0.095912057
AC103691.1	0.460156539
AC103691.2	0
AC103702.1	0
AC103702.2	2.317033384
AC103705.1	0
AC103706.1	0.624713792
AC103710.1	0
AC103719.1	0
AC103724.1	0
AC103724.2	0
AC103724.3	0
AC103724.4	0.111744116
AC103726.1	0
AC103726.2	0
AC103736.1	0.007881469
AC103739.1	0.160622344
AC103739.2	0.067388025
AC103740.1	0.012743324
AC103740.2	0.168695607
AC103746.1	0.09599671
AC103760.1	0.09751728
AC103764.1	0
AC103769.1	0.076865211
AC103770.1	0
AC103778.1	0
AC103792.1	0
AC103794.1	0.055210291
AC103796.1	0
AC103798.1	0
AC103798.2	0
AC103808.1	0
AC103808.2	0
AC103808.3	0.036376011
AC103808.4	0
AC103808.5	0
AC103808.6	0.023440576
AC103809.1	0.016707262
AC103810.1	0.089887829
AC103810.10	0
AC103810.2	0.016030107
AC103810.3	0.339888353
AC103810.4	0.042320729
AC103810.5	0
AC103810.6	0
AC103810.7	0
AC103810.8	0
AC103810.9	0
AC103831.1	0
AC103833.1	0
AC103834.1	0.075530745
AC103843.1	0
AC103843.2	0
AC103851.1	0
AC103853.1	0
AC103853.2	0.030381082
AC103855.1	0
AC103855.2	0
AC103855.3	0
AC103855.4	0
AC103858.1	0.15994746
AC103858.2	0.060090759
AC103876.1	0.011533857
AC103879.1	0
AC103881.1	0
AC103923.1	0.09742728
AC103925.1	0
AC103949.1	0.142797733
AC103952.1	0.092173113
AC103957.1	0
AC103957.2	0.149284296
AC103968.1	0
AC103974.1	0.311110621
AC103974.2	0
AC103982.1	0.057144101
AC103987.1	0.031254101
AC103987.2	0
AC103987.3	0
AC103988.1	0.030003937
AC103993.1	0
AC103996.1	0
AC103996.2	0.095094446
AC103996.3	0.344502222
AC104002.1	0
AC104002.2	0
AC104002.3	0
AC104009.1	0
AC104010.1	0
AC104012.1	0
AC104024.1	0.019766338
AC104024.2	0.049486507
AC104027.1	0
AC104031.1	0.701704987
AC104035.1	0.004168811
AC104036.1	0
AC104041.1	0.822467775
AC104042.1	0
AC104046.1	0.321470758
AC104051.1	0
AC104051.2	0.008839031
AC104057.1	0
AC104058.1	0
AC104063.1	0.015493486
AC104066.1	0.173791115
AC104066.2	0
AC104071.1	0
AC104072.1	0
AC104073.1	0.07202932
AC104073.2	0.069720688
AC104073.3	0
AC104076.1	0
AC104076.2	0
AC104078.1	0.01827971
AC104078.2	0.100521509
AC104083.1	6.197275974
AC104088.1	0.447852889
AC104090.1	0
AC104108.1	0
AC104109.1	0
AC104109.2	0.207096994
AC104109.3	0.045036966
AC104109.4	0.012465819
AC104113.1	0.613076278
AC104115.1	0.01745815
AC104115.2	0.031663544
AC104116.1	0
AC104117.1	0
AC104117.2	0
AC104117.3	0.209782722
AC104117.4	0
AC104117.5	0.019883779
AC104118.1	0.232724058
AC104119.1	0
AC104123.1	0.116950831
AC104126.1	0
AC104129.1	0.00456609
AC104131.1	0.009109236
AC104134.1	0.024903096
AC104135.1	0.028509639
AC104136.1	0
AC104137.1	0
AC104151.1	0
AC104162.1	0.028370205
AC104164.1	0
AC104164.2	0
AC104170.1	0.068548912
AC104170.2	0.016041928
AC104184.1	0.165937171
AC104187.1	0.05331582
AC104211.1	0.029647057
AC104211.2	0.021473697
AC104211.3	0
AC104211.4	0
AC104212.1	0.070971793
AC104212.2	0.173191517
AC104229.1	0
AC104232.1	0.049607422
AC104232.2	0
AC104233.1	0
AC104233.2	0
AC104237.1	0.0201789
AC104237.2	0.122758773
AC104237.3	0.127358633
AC104241.1	0
AC104241.2	0.027570158
AC104248.1	0.171089868
AC104257.1	0.01105328
AC104260.1	0.0201789
AC104260.2	0.021771516
AC104297.1	0.037504922
AC104306.1	0.029316516
AC104306.2	0
AC104308.1	0
AC104316.1	0
AC104316.2	0.033363274
AC104332.1	0
AC104332.2	0
AC104333.1	0
AC104333.2	0.113296118
AC104333.3	0.136239173
AC104339.1	0.062508203
AC104350.1	0
AC104365.1	0.016233474
AC104365.2	0.044093624
AC104365.3	0
AC104383.1	0
AC104389.1	0
AC104389.2	0
AC104389.3	0
AC104389.4	0.060989312
AC104390.1	0
AC104393.1	0
AC104394.1	0
AC104407.1	0
AC104408.1	0
AC104411.1	0.271910682
AC104417.1	0
AC104417.2	0
AC104423.1	0
AC104435.1	0
AC104435.2	0
AC104440.1	0
AC104445.1	0
AC104446.1	0.107035242
AC104447.1	0.727143445
AC104451.1	0
AC104454.1	0
AC104455.1	0
AC104457.1	0.013361704
AC104457.2	0
AC104458.1	0
AC104461.1	0.278882751
AC104462.1	0.267652573
AC104462.2	0
AC104463.1	0
AC104463.2	0.381021338
AC104465.1	0
AC104472.1	0
AC104472.2	0.05429165
AC104506.1	0
AC104521.1	0.233901662
AC104532.1	0.037504922
AC104532.2	0.25852289
AC104534.1	0.249811934
AC104561.1	0.120849192
AC104561.2	0.104782537
AC104561.3	0.060847146
AC104563.1	0.057853337
AC104564.1	0.040283064
AC104564.2	0.051143075
AC104564.3	0.233901662
AC104564.4	0
AC104564.5	0.082710474
AC104574.1	0
AC104574.2	0
AC104576.1	0
AC104581.1	0.025294017
AC104581.2	0
AC104581.3	0.053455573
AC104581.4	0.12032457
AC104590.1	0.039407345
AC104596.1	0.246218334
AC104596.2	0
AC104619.1	0.051710431
AC104619.2	0
AC104619.3	0.062733539
AC104619.4	0
AC104623.1	0
AC104623.2	0
AC104629.1	0
AC104634.1	0
AC104640.1	0
AC104640.2	0
AC104651.1	0.01479786
AC104651.2	0
AC104653.1	0.534906261
AC104653.2	0.156871548
AC104655.1	0.267892298
AC104662.1	0
AC104662.2	0
AC104663.1	0.019526799
AC104667.1	0.063450232
AC104667.2	0.032839454
AC104685.1	0
AC104687.1	0
AC104687.2	0.031802419
AC104688.1	0
AC104689.1	0
AC104692.1	0
AC104692.2	0
AC104695.1	0.012810868
AC104695.2	0.808211692
AC104695.3	1.684091969
AC104695.4	0.477680929
AC104698.1	0
AC104699.1	1.917824137
AC104758.1	0.024832026
AC104758.2	0.22518483
AC104758.3	0.017128232
AC104758.4	0
AC104758.5	0
AC104759.1	0.01158299
AC104763.1	0.090636894
AC104763.2	0.028472323
AC104763.3	0.017599397
AC104770.1	0
AC104771.1	0
AC104772.1	0
AC104772.2	0
AC104777.1	0
AC104777.2	0
AC104777.3	0
AC104779.1	0.221967904
AC104781.1	0
AC104784.1	0
AC104785.1	0.147978603
AC104791.1	0.013698271
AC104791.2	0.012922488
AC104793.1	0
AC104794.1	0
AC104794.2	1.321499754
AC104794.3	0.052290516
AC104794.4	0.170706258
AC104803.1	0
AC104806.1	0
AC104806.2	0.014273527
AC104809.1	0.009276271
AC104809.2	0.012285121
AC104819.1	0.06713844
AC104819.2	0
AC104819.3	0.503538301
AC104820.1	0
AC104823.1	0
AC104825.1	0.779996171
AC104827.1	0
AC104831.1	0
AC104836.1	0.033647107
AC104837.1	0.260431151
AC104837.2	0.051303902
AC104843.1	0.10228615
AC104843.2	0
AC104849.1	0
AC104850.1	0
AC104852.1	0
AC104938.1	0.157805307
AC104958.1	0.005512634
AC104958.2	0.171582552
AC104961.1	0
AC104964.1	1.899737891
AC104964.2	0.222421826
AC104964.3	0.00937421
AC104964.4	1.437513818
AC104966.1	0.059434029
AC104971.1	0.170928138
AC104971.2	0
AC104971.3	0.349443447
AC104978.1	0.02781695
AC104982.1	0.01217965
AC104982.2	0
AC104984.1	0.031209261
AC104984.2	0
AC104984.3	0.05976059
AC104984.4	0
AC104984.5	0
AC104984.6	0.030212298
AC104985.1	0
AC104985.2	0
AC104985.3	0
AC104986.1	0.074837803
AC104986.2	0.515199188
AC104989.1	0
AC104996.1	0
AC104996.2	0.032629282
AC104996.3	0
AC104997.1	0
AC105001.1	0.117409912
AC105001.2	0.006204465
AC105020.1	0.310755066
AC105020.2	0
AC105020.3	0
AC105020.4	0
AC105020.5	0.205700753
AC105020.6	0.250238262
AC105021.1	0.019353073
AC105029.1	0
AC105031.1	0
AC105031.2	0
AC105031.3	0
AC105036.1	0.080268836
AC105036.2	0
AC105036.3	0.357581171
AC105046.1	0.034825463
AC105052.1	0
AC105052.2	0.219172338
AC105052.3	0.168157503
AC105052.4	0.022518483
AC105053.1	0.019070299
AC105074.1	0.028113544
AC105081.1	0
AC105094.1	0
AC105094.2	0.009408674
AC105101.1	0.003785739
AC105105.1	0.008520507
AC105105.2	0.002405757
AC105105.3	0
AC105105.4	0.045763369
AC105105.5	0
AC105109.1	0
AC105114.1	0
AC105118.1	2.679119959
AC105129.1	0.036620967
AC105129.2	0
AC105129.3	0.022425623
AC105133.1	0
AC105133.2	0
AC105137.1	0.023339973
AC105137.2	0.143692637
AC105148.1	0
AC105150.1	0
AC105177.1	0
AC105180.1	0.051063039
AC105185.1	0.040659541
AC105206.1	0.009166816
AC105206.2	1.393872236
AC105219.1	0.238250827
AC105219.2	0.145504044
AC105219.3	0
AC105219.4	0.048099181
AC105224.1	0
AC105227.1	0
AC105227.2	0
AC105233.1	0
AC105233.2	0
AC105233.3	0
AC105235.1	0.023956888
AC105245.1	0
AC105250.1	0.042300155
AC105252.1	0
AC105254.1	0.035028751
AC105254.2	0.049891868
AC105265.1	0
AC105265.2	0.01297903
AC105265.3	0
AC105265.4	0.03554388
AC105271.1	0.012018152
AC105272.1	0
AC105275.1	0
AC105275.2	0.015297366
AC105277.1	0.478945958
AC105285.1	0.177666618
AC105313.1	0.030811409
AC105339.1	0.007721993
AC105339.2	0.11316514
AC105339.3	0.219323007
AC105339.4	0.22231691
AC105339.5	0.118061626
AC105342.1	0
AC105343.1	0
AC105345.1	0.074142806
AC105345.2	0
AC105362.1	0
AC105383.1	0.003322061
AC105384.1	0.052102646
AC105384.2	0.033988835
AC105389.1	0
AC105389.2	0.050006562
AC105389.3	0
AC105390.1	0.019422192
AC105391.1	0
AC105393.1	0
AC105393.2	0
AC105398.1	0
AC105399.1	0.026020161
AC105402.1	0
AC105402.2	0.091143246
AC105402.3	0.002617042
AC105411.1	0.050926415
AC105415.1	0
AC105416.1	0.025834744
AC105417.1	0
AC105420.1	0
AC105424.1	0
AC105429.1	0.084271244
AC105429.2	0
AC105430.1	0
AC105443.1	0
AC105446.1	0.293957495
AC105460.1	0.511061042
AC105460.2	0.011732931
AC105749.1	0.227494993
AC105758.1	0
AC105760.1	0
AC105760.2	0.199780595
AC105910.1	0
AC105914.1	0
AC105914.2	0.046679945
AC105917.1	0
AC105918.1	0
AC105919.1	0
AC105924.1	0
AC105935.1	0.035428102
AC105935.2	0
AC105940.1	0
AC105940.2	0
AC105942.1	2.439672921
AC105999.1	0
AC105999.2	0
AC106017.1	0
AC106017.2	0
AC106028.1	0
AC106028.2	0.046881152
AC106028.3	0.219282808
AC106028.4	0.143346653
AC106028.5	0.027535259
AC106037.1	0.194221916
AC106037.2	0.097328208
AC106038.1	0.025705842
AC106038.2	0
AC106047.1	0.073863683
AC106047.2	0
AC106052.1	0.131304957
AC106053.1	0
AC106706.1	0
AC106707.1	0
AC106707.2	0
AC106712.1	0.005042386
AC106729.1	0
AC106730.1	0
AC106730.2	0
AC106732.1	0
AC106733.1	0
AC106734.1	0
AC106736.1	0
AC106738.1	0.363557458
AC106738.2	0
AC106739.1	0.023311387
AC106739.2	0.121694291
AC106744.1	0
AC106744.2	0
AC106745.1	0.046881152
AC106748.1	0.028324029
AC106754.1	0.02156595
AC106754.2	0
AC106760.1	0
AC106760.2	0
AC106771.1	0
AC106772.1	0.055210291
AC106772.2	0
AC106774.1	0
AC106774.2	0
AC106774.3	0
AC106774.4	0
AC106779.1	0.018112285
AC106782.1	0.020089448
AC106782.2	1.074485761
AC106782.3	0
AC106782.4	0
AC106782.5	0.12909706
AC106782.6	0.127458132
AC106782.7	0
AC106785.1	0
AC106785.2	0
AC106786.1	0.821063629
AC106786.2	0.155100568
AC106788.1	0.077659571
AC106788.2	0
AC106789.1	0
AC106791.1	0.467524039
AC106791.2	0
AC106794.1	0
AC106794.2	0
AC106795.1	2.010388431
AC106795.2	0.22962197
AC106795.3	0.059651338
AC106795.5	0
AC106796.1	0
AC106798.1	1.239647073
AC106799.1	0.227133028
AC106799.2	1.055963815
AC106799.3	0.065917741
AC106800.1	0.039928147
AC106800.2	0.059164609
AC106800.3	0.035313076
AC106800.4	0
AC106801.1	0.017685248
AC106806.1	0.038775142
AC106806.2	0
AC106818.1	0.003354851
AC106820.1	0.129481277
AC106820.2	0.02665791
AC106820.3	0.273965423
AC106820.4	0.127821261
AC106820.5	0.148483649
AC106821.1	0
AC106822.1	0
AC106827.1	0
AC106864.1	0.087831176
AC106864.2	0
AC106865.1	0.192503138
AC106868.1	0
AC106869.1	0.024496458
AC106870.1	0
AC106870.2	0
AC106871.1	0
AC106872.1	0
AC106872.10	0
AC106872.11	0
AC106872.12	0
AC106872.2	0.067977671
AC106872.3	0
AC106872.4	0
AC106872.5	0.376373543
AC106872.6	0
AC106872.7	0
AC106872.8	0
AC106872.9	0
AC106873.1	0
AC106874.1	0
AC106875.1	0
AC106875.2	0
AC106876.1	0.013378139
AC106881.1	0.251572515
AC106882.1	0.169729148
AC106883.1	0
AC106886.1	0
AC106886.2	0.197081355
AC106886.3	0.039767559
AC106886.4	0.091288958
AC106892.1	0
AC106894.1	0
AC106895.1	0
AC106895.2	0
AC106897.1	0.386472036
AC106900.1	0.023851814
AC106900.2	0.583278435
AC106901.1	0
AC107015.1	0
AC107016.1	0.032274265
AC107016.2	0
AC107021.1	0.390850547
AC107021.2	0.654143121
AC107023.1	0
AC107027.1	0.13240868
AC107027.2	0.094577629
AC107027.3	0.939512868
AC107029.1	0.023390166
AC107029.2	0
AC107031.1	0
AC107032.1	0.113296118
AC107032.2	0.112709091
AC107057.1	0
AC107058.1	0
AC107067.1	0.019727498
AC107068.1	0.479614859
AC107072.1	0.098876612
AC107072.2	0.176374497
AC107074.1	0
AC107075.1	0.311744731
AC107079.1	0
AC107081.1	0.090385822
AC107081.2	0.379725641
AC107081.3	0.010694619
AC107083.1	0.077967221
AC107208.1	0.020956507
AC107214.1	0.214026297
AC107214.2	0.171552481
AC107220.1	0.010488358
AC107222.1	0.051223362
AC107241.1	0.025060892
AC107294.1	0.116449971
AC107294.2	1.039544406
AC107294.3	0.454907606
AC107297.1	0
AC107302.1	0
AC107304.1	0
AC107308.1	0.25294017
AC107373.1	0
AC107373.2	0
AC107375.1	0.775146544
AC107385.1	0
AC107391.1	0
AC107393.1	0
AC107396.1	0
AC107398.1	0
AC107398.2	0.072388867
AC107398.3	0.006215101
AC107399.1	0
AC107401.1	0
AC107419.1	0
AC107421.1	0.02692185
AC107463.1	0
AC107464.1	0
AC107464.2	0.038229973
AC107464.3	0.118061626
AC107613.1	0
AC107626.1	0
AC107871.1	0
AC107871.2	0.13299979
AC107882.1	0
AC107884.1	0.15977179
AC107884.2	0.039550645
AC107886.1	0
AC107890.1	0
AC107892.1	0
AC107896.1	0.01914864
AC107905.1	0
AC107909.1	0.01827971
AC107909.2	0.044123437
AC107918.1	0
AC107918.2	0
AC107926.1	0
AC107934.1	0
AC107934.2	0
AC107952.1	0
AC107952.2	0.24617428
AC107953.1	0
AC107953.2	0
AC107954.1	0.074803489
AC107956.1	2.54157064
AC107956.2	0.023956888
AC107958.1	0
AC107958.2	0
AC107958.3	0
AC107959.1	0.412421846
AC107959.2	0.111404984
AC107959.3	0.222219854
AC107973.1	0
AC107976.1	0
AC107980.1	0
AC107982.1	0
AC107982.2	0
AC107982.3	0.132504698
AC107983.1	1.709152861
AC107983.2	0.19908818
AC107990.1	0
AC107993.1	0.031802419
AC108002.1	0.059319009
AC108002.2	0
AC108002.3	0
AC108010.1	0.97268862
AC108019.1	0
AC108022.1	0.045508064
AC108025.1	0
AC108025.2	0.009071249
AC108032.1	0.052543127
AC108037.1	0
AC108039.1	0
AC108039.2	0
AC108043.1	0
AC108047.1	0.269218497
AC108051.1	0
AC108058.1	0.120895512
AC108059.1	0
AC108059.2	0
AC108059.3	0
AC108062.1	0.112640429
AC108063.1	0.078814691
AC108064.1	0
AC108066.1	0
AC108067.1	0
AC108073.1	0
AC108073.2	0
AC108078.1	0
AC108078.2	0
AC108078.3	0
AC108081.1	0
AC108082.1	0
AC108097.1	0.386988986
AC108099.1	0
AC108102.1	0
AC108103.1	0
AC108112.1	0
AC108114.1	0.124444248
AC108120.1	0.010975204
AC108120.2	0
AC108120.3	0
AC108125.1	0
AC108134.1	0.046191949
AC108134.2	0.116325426
AC108134.3	0.328097354
AC108134.4	0.324131939
AC108136.1	0
AC108142.1	0
AC108145.1	0
AC108156.1	0
AC108157.1	0
AC108159.1	0.022242183
AC108161.1	0.054111579
AC108174.1	0.029198463
AC108199.1	0
AC108206.1	0.007845463
AC108210.1	0
AC108210.2	0
AC108215.1	0.016857451
AC108359.1	0
AC108448.1	0
AC108448.2	0.074496077
AC108449.1	0.015672085
AC108449.2	2.127996645
AC108449.3	0
AC108451.1	0
AC108451.2	0.020216408
AC108462.1	0
AC108463.1	1.097045981
AC108463.2	0.554381003
AC108463.3	0.095407257
AC108467.1	0
AC108467.2	0
AC108471.1	0
AC108471.2	0.023634131
AC108472.1	0.070397588
AC108474.1	0.103338977
AC108475.1	0.103039838
AC108479.1	0.178302087
AC108479.2	0
AC108482.1	0
AC108488.1	1.143018796
AC108488.2	0
AC108515.1	0
AC108516.1	0
AC108516.2	0
AC108517.1	0
AC108667.1	0
AC108673.1	0
AC108673.2	0.770012552
AC108673.3	0.714272837
AC108676.1	0.021979981
AC108676.2	0
AC108681.1	0.125819853
AC108688.1	0.015254456
AC108693.1	0.025176915
AC108693.2	0.215374798
AC108704.1	0.073094269
AC108704.2	0.180694639
AC108706.1	0
AC108718.1	0.058897621
AC108721.1	0
AC108724.1	0
AC108725.1	0
AC108727.1	0.193727713
AC108727.2	0
AC108729.1	0
AC108729.2	0
AC108729.3	0
AC108733.1	0
AC108734.1	0.027259216
AC108734.2	0.010174394
AC108734.3	0.028007967
AC108738.1	0
AC108740.1	0
AC108747.1	0
AC108748.1	0
AC108751.1	0
AC108751.2	0
AC108751.3	0
AC108751.4	0
AC108751.5	0.024423115
AC108752.1	0.010388183
AC108860.1	0.056795965
AC108860.2	0.094664278
AC108861.1	0.037184367
AC108863.1	0
AC108865.1	0.153497966
AC108865.2	0.025176915
AC108866.1	0.027967956
AC108868.1	0
AC108868.2	0
AC108879.1	0
AC108935.1	0
AC108938.1	0
AC108941.1	0
AC109309.1	0
AC109309.2	0
AC109315.1	0
AC109322.1	0.318376432
AC109326.1	0.156436123
AC109329.1	0
AC109347.1	0.235050492
AC109347.2	0.810278251
AC109349.1	0
AC109361.1	0.009253909
AC109361.2	0.018624019
AC109439.1	0
AC109439.2	0.115706673
AC109445.1	0
AC109446.1	0
AC109446.2	0
AC109446.3	0.254518579
AC109446.4	0
AC109449.1	0.090314343
AC109454.1	0.131041293
AC109454.2	0.355575508
AC109454.3	0
AC109454.4	0.117311234
AC109458.1	0
AC109460.1	0.1618954
AC109460.2	0.438244323
AC109460.3	0.096142953
AC109460.4	0
AC109462.1	0.413389766
AC109462.2	1.827523673
AC109464.1	0
AC109464.2	0
AC109466.1	0
AC109471.1	0.03554388
AC109479.1	0.08715086
AC109479.2	0
AC109479.3	0
AC109481.1	0
AC109486.1	0
AC109492.1	0
AC109495.1	0
AC109583.1	0
AC109583.2	0.42156695
AC109587.1	0.182919092
AC109588.1	0
AC109597.1	0.013837694
AC109597.2	0.046931725
AC109630.1	0
AC109631.1	0.027852567
AC109635.1	0
AC109635.2	0
AC109635.3	0
AC109635.4	0
AC109635.5	0
AC109635.6	0.009772172
AC109638.1	0
AC109779.1	0.035160864
AC109780.1	0.00809258
AC109780.2	0
AC109809.1	0
AC109810.1	0
AC109811.1	0.030998012
AC109811.2	0
AC109826.1	0.310607157
AC109830.1	0
AC109925.1	0
AC109927.1	0.032760323
AC109927.2	0
AC109992.1	0
AC109992.2	0.056870208
AC110011.1	0
AC110015.1	0.197753224
AC110023.1	0
AC110027.1	0
AC110048.1	0
AC110048.2	0.009709651
AC110053.1	0
AC110056.1	0.095511985
AC110058.1	0
AC110079.1	0.970093174
AC110079.2	0.01433624
AC110275.1	0
AC110285.1	0.050447251
AC110285.2	0.298841133
AC110285.3	0.03271106
AC110285.4	0
AC110285.5	0
AC110285.6	0.088606332
AC110285.7	0.092053096
AC110288.1	0
AC110296.1	0
AC110373.1	0.086887294
AC110491.1	0
AC110491.2	0.016836575
AC110588.1	0
AC110597.1	0.037670246
AC110597.3	0
AC110602.1	0
AC110603.1	0
AC110609.1	0
AC110615.1	0
AC110619.1	0.033621104
AC110620.1	0
AC110716.1	0
AC110716.2	0
AC110741.1	0.112128116
AC110741.2	0
AC110741.3	0
AC110751.1	0
AC110753.1	0
AC110754.1	0
AC110760.1	0
AC110760.2	0.009766322
AC110760.3	0.069869983
AC110767.1	0
AC110768.1	0
AC110768.2	0
AC110769.1	0.01334531
AC110769.2	0.161600664
AC110769.3	0
AC110771.1	0.048654209
AC110772.1	0
AC110774.1	0.010779413
AC110775.1	0
AC110792.1	0
AC110792.2	0.013477605
AC110792.3	0.291984625
AC110794.1	0
AC110799.1	0
AC110800.1	0
AC110801.1	0.051303902
AC110813.1	0
AC110921.1	0
AC110926.1	0.003850063
AC110994.1	0.02678923
AC110995.1	0.278597011
AC110998.1	0
AC111000.1	0
AC111000.2	0.019775322
AC111000.3	0
AC111000.4	0
AC111000.5	0
AC111000.6	0
AC111149.1	0
AC111149.2	0.013926283
AC111152.1	0
AC111152.2	0.112128116
AC111152.3	0.129288883
AC111170.1	0.038432605
AC111170.2	0
AC111170.3	0.035313076
AC111182.1	0.006362344
AC111186.1	0.167329651
AC111188.1	0.05340308
AC111188.2	0
AC111188.3	0.035428102
AC111193.1	0
AC111194.1	0
AC111194.2	0.023904236
AC111198.1	0
AC111200.1	0
AC111200.2	0.04307496
AC112173.1	0.033261246
AC112176.1	0.082724149
AC112178.1	0.312697285
AC112184.1	0.209162063
AC112187.1	0.022706529
AC112187.2	0
AC112187.3	0.07997373
AC112191.1	0
AC112191.2	0.065323888
AC112191.3	0
AC112192.1	0
AC112196.1	0.026145258
AC112198.1	0
AC112198.2	0.010882646
AC112198.3	0
AC112198.4	0
AC112200.1	0
AC112200.2	0
AC112203.1	0
AC112204.1	0
AC112204.2	0
AC112204.3	0
AC112206.1	0
AC112206.2	0.050198895
AC112206.3	2.20883742
AC112206.4	1.691888691
AC112211.1	0
AC112219.1	0
AC112219.2	0
AC112220.1	0
AC112220.2	1.897763112
AC112220.3	0.996644732
AC112220.4	2.015110046
AC112225.1	0
AC112229.1	0
AC112229.2	0
AC112229.3	0.210599154
AC112229.4	0.014236161
AC112230.1	0
AC112236.1	0.019811343
AC112236.2	0.141586628
AC112240.1	0
AC112242.1	0
AC112243.1	0
AC112247.1	0
AC112249.1	0
AC112250.1	0
AC112250.2	0.044303166
AC112255.1	0.004362787
AC112481.1	0
AC112482.1	0.015808761
AC112484.1	0.164341621
AC112484.2	0.165295248
AC112484.3	0.107289049
AC112484.4	0.047703628
AC112487.1	0.008618405
AC112491.1	0.964844357
AC112492.1	0
AC112492.2	0
AC112492.3	0
AC112492.4	0
AC112492.5	0.023799622
AC112493.1	0
AC112495.1	0
AC112496.1	0.096765367
AC112497.1	4.629715532
AC112498.1	0
AC112503.1	0
AC112503.2	0.157629381
AC112504.1	0.011815782
AC112512.1	0.015233091
AC112518.1	0
AC112518.2	0
AC112653.1	0
AC112656.1	0
AC112673.1	0
AC112693.1	0
AC112693.2	0
AC112693.3	0.005484835
AC112694.1	0.207018382
AC112694.2	0.113296118
AC112695.1	0
AC112698.1	0
AC112702.1	0
AC112715.1	0.279679559
AC112719.1	0.034528341
AC112719.2	0.019364559
AC112721.1	0.647406387
AC112721.2	1.648552751
AC112722.1	0.074115348
AC112771.1	0
AC112777.1	1.238215898
AC112778.1	0.013151665
AC112907.1	0
AC112907.2	0.098876612
AC112907.3	0.23112408
AC113133.1	0.015831772
AC113137.1	0
AC113139.1	0.318556448
AC113143.1	0.03613431
AC113143.2	0
AC113145.1	0
AC113146.1	0
AC113155.1	0
AC113167.1	0
AC113174.1	0.207170044
AC113189.1	0
AC113189.2	0
AC113189.3	0
AC113189.4	0.003917316
AC113191.1	8.55540311
AC113192.1	0
AC113192.2	0
AC113192.3	0
AC113192.4	0
AC113192.5	0
AC113194.1	0
AC113208.1	0
AC113208.2	0.008328045
AC113208.3	0
AC113331.1	0
AC113340.1	0.017101301
AC113346.1	2.387508431
AC113346.2	0
AC113347.1	0
AC113347.2	0
AC113347.3	0
AC113347.4	0
AC113349.1	0
AC113349.2	0
AC113352.1	0
AC113355.1	0
AC113361.1	0.040060506
AC113367.1	0
AC113367.2	0
AC113367.3	0
AC113368.1	0.142361614
AC113378.1	0
AC113382.1	0.008680309
AC113382.2	0.03367315
AC113383.1	0.412827897
AC113385.1	0
AC113385.2	0
AC113385.3	0.029120287
AC113386.1	0
AC113391.1	0
AC113391.2	0
AC113398.1	1.741299937
AC113398.2	0
AC113403.1	0
AC113404.1	0.043160426
AC113404.2	0
AC113404.3	0.926072614
AC113410.1	0.220170593
AC113410.2	0
AC113410.3	0.107156919
AC113414.1	0
AC113418.1	0.021037577
AC113420.1	0
AC113423.1	0
AC113423.2	0
AC113430.1	0.030296455
AC113554.1	0.00223427
AC113607.1	0
AC113608.1	0.035660417
AC113608.2	0
AC113615.1	0.002639269
AC113618.1	0
AC113935.1	41.46760389
AC114271.1	0.23972218
AC114284.1	0.283138592
AC114291.1	0
AC114296.1	9.087731031
AC114300.1	0
AC114316.1	0
AC114316.2	0.003149849
AC114321.1	0
AC114322.1	0
AC114324.1	0
AC114324.2	0
AC114341.1	0.218151837
AC114400.1	0
AC114401.1	0
AC114402.1	0.132639357
AC114402.2	0.033830256
AC114477.1	0
AC114482.1	0
AC114485.1	0
AC114488.1	0.036806861
AC114488.2	0.122703377
AC114488.3	0
AC114489.1	0.027535259
AC114490.1	0.347811632
AC114490.2	0.042115885
AC114491.1	0.309491834
AC114492.1	0
AC114495.1	0.049891868
AC114495.2	0.273777346
AC114498.1	0
AC114501.1	0
AC114501.2	0
AC114501.3	0
AC114546.1	0
AC114546.2	0
AC114546.3	0
AC114546.4	0
AC114550.1	0
AC114550.2	0
AC114550.3	0
AC114684.1	0.061797882
AC114689.1	0
AC114689.2	0
AC114689.3	0
AC114728.1	0.067555449
AC114730.1	0
AC114730.2	0.032564154
AC114730.3	0.148992155
AC114737.1	0
AC114737.2	0
AC114741.1	0
AC114744.1	0.277626523
AC114752.1	0
AC114752.2	0.02692185
AC114755.1	0.012530446
AC114755.2	0
AC114755.3	0
AC114755.4	0
AC114755.5	0
AC114760.1	0
AC114760.2	0.089539595
AC114763.1	0.248509382
AC114763.2	0
AC114774.1	0
AC114776.1	0
AC114781.1	0.021160364
AC114781.2	0.027605145
AC114781.3	0.076594558
AC114781.4	0
AC114781.5	0
AC114786.1	0
AC114786.2	0
AC114786.3	0
AC114786.4	0
AC114797.1	0
AC114801.1	0
AC114801.2	0.013926283
AC114801.3	0
AC114803.1	0.27977948
AC114808.1	0
AC114808.2	0
AC114810.1	0.574864022
AC114811.1	0
AC114811.2	0.032742919
AC114812.1	0
AC114812.2	0.016404868
AC114812.3	0
AC114812.4	0
AC114814.1	0
AC114814.2	0
AC114814.3	0
AC114877.1	0
AC114878.1	0
AC114878.2	0.008694186
AC114912.1	0.019920197
AC114928.1	0
AC114939.1	0.211603644
AC114940.1	0
AC114947.1	0.018784849
AC114947.2	0.479137766
AC114954.1	0
AC114956.1	0.424860441
AC114956.2	0.43733886
AC114956.3	0.621132543
AC114964.1	0.009789764
AC114967.1	0
AC114973.1	0
AC114980.1	0.117136056
AC114981.1	0
AC114982.1	0
AC114982.2	0
AC115099.1	0
AC115102.1	0.044667053
AC115115.1	0
AC115220.1	0
AC115223.1	3.012895378
AC115283.1	0
AC115284.1	0.082293271
AC115284.2	0.063542905
AC115285.1	0.059111018
AC115286.1	0
AC115522.1	0.01956192
AC115618.1	0.594340289
AC115618.2	10.75557811
AC115618.3	6.653814347
AC115619.1	0
AC115621.1	0
AC115622.1	0
AC115676.1	0
AC115837.1	3.781215484
AC115837.2	0.016065624
AC115989.1	0
AC115989.2	0.057956096
AC115990.1	0
AC116003.1	0
AC116003.2	0
AC116003.3	0
AC116021.1	0.133248726
AC116025.1	0
AC116025.2	0.024551755
AC116035.1	0
AC116036.1	0
AC116036.2	0.141252303
AC116038.1	0
AC116049.1	0.282504605
AC116049.2	0.375049217
AC116050.1	0.741655238
AC116050.2	0
AC116096.1	0
AC116158.1	0.040869619
AC116158.2	0.039336084
AC116165.1	0
AC116165.2	0
AC116165.3	0
AC116312.1	0.069276607
AC116337.1	0.015831772
AC116337.2	0
AC116337.3	0
AC116345.1	0.014560144
AC116345.2	0
AC116345.3	0.024223669
AC116347.1	0.407866024
AC116347.2	0
AC116348.1	0.020599294
AC116348.2	0.037699921
AC116348.3	0
AC116348.4	0
AC116351.1	0.218653047
AC116351.2	0.109793588
AC116353.1	0.034419074
AC116353.2	0
AC116353.3	0
AC116359.1	0
AC116366.1	0.294509157
AC116366.2	0.043549258
AC116407.1	0.346902934
AC116407.2	0.442645297
AC116407.3	0.038534729
AC116407.4	0.205022192
AC116424.1	0
AC116447.1	0.21608796
AC116456.1	0
AC116456.2	0
AC116533.1	15.89110406
AC116535.1	0.391271903
AC116552.1	0.281926492
AC116553.1	0
AC116553.2	0
AC116562.1	0
AC116562.2	0
AC116562.3	0
AC116563.1	0.027465725
AC116563.2	0
AC116565.1	0.08162422
AC116609.1	0.060989312
AC116609.2	0
AC116612.1	0
AC116614.1	0.040888824
AC116616.1	0
AC116634.1	0
AC116651.1	0.078247678
AC116655.1	0
AC116666.1	0.513225245
AC116667.1	0.13544008
AC116903.1	0.0201789
AC116903.2	0.058385729
AC116913.1	0.386293774
AC116914.1	0.054655414
AC116914.2	0.710144738
AC116917.1	0
AC117372.1	0
AC117373.1	0
AC117377.1	0
AC117382.1	0.029798431
AC117382.2	0.017258691
AC117383.1	0.077320573
AC117383.2	0
AC117386.1	0
AC117386.2	0
AC117392.1	0.018249039
AC117394.1	0
AC117394.2	0.74080929
AC117395.1	0
AC117402.1	0.311211053
AC117409.1	0.440038662
AC117422.1	0
AC117430.1	0.013578561
AC117434.1	0
AC117440.1	0
AC117454.1	0
AC117457.1	0
AC117460.1	0
AC117462.1	0
AC117465.1	0
AC117470.1	0
AC117473.1	0
AC117482.1	0
AC117489.1	0.091284904
AC117490.1	0
AC117490.2	0.091552418
AC117498.1	0
AC117498.2	0.01963254
AC117498.3	0.063853781
AC117500.1	0.006967602
AC117500.2	0.048992916
AC117500.3	0
AC117500.4	0
AC117500.5	0
AC117503.1	0.033882951
AC117503.2	0.235263818
AC117503.3	0.122724144
AC117503.4	0.356604174
AC117505.1	0
AC117513.1	0.028397982
AC117522.1	0
AC117522.2	0.016554684
AC117522.3	0
AC117525.1	0
AC117529.1	0
AC117529.2	0
AC117532.1	0
AC117569.1	0
AC117834.1	0.01148514
AC117944.1	0.016967905
AC117945.1	0
AC117947.1	0
AC118273.1	0
AC118273.2	0
AC118282.1	0.014217552
AC118282.2	0
AC118282.3	0
AC118282.4	0
AC118344.1	0.290137253
AC118344.2	0.321841815
AC118345.1	0.089151043
AC118465.1	0
AC118469.1	0
AC118470.1	0.013056936
AC118549.1	3.41699481
AC118553.1	0.680814533
AC118555.1	0
AC118653.1	0
AC118658.1	0.293077382
AC118658.2	0
AC118754.1	0
AC118754.2	0
AC118755.1	0
AC118755.2	0.051303902
AC118757.1	0.014878834
AC118758.1	0
AC118758.2	0.003866487
AC118758.3	0.000901224
AC118942.1	0.050745384
AC119044.1	0.559152979
AC119150.1	0.077274794
AC119396.1	0.328107884
AC119396.2	0.02996261
AC119403.1	1.387585441
AC119403.2	0.018188006
AC119424.1	0
AC119428.1	0.028397982
AC119428.2	0.115162171
AC119501.1	0
AC119618.1	0
AC119619.1	0
AC119674.1	0.056354546
AC119677.1	0
AC119744.1	0.00634194
AC119749.1	0
AC119751.1	0
AC119751.2	0
AC119751.3	0
AC119751.4	0
AC119751.5	0
AC119751.6	0.058475416
AC119751.7	0.044393581
AC119751.8	0
AC119800.1	0
AC119868.1	0
AC119868.2	0.05035383
AC120024.1	0
AC120024.2	0
AC120024.3	0
AC120024.4	0
AC120036.1	0.007378852
AC120036.2	0.037248039
AC120036.3	0.254916265
AC120036.4	0.130988687
AC120042.1	0.019775322
AC120042.2	0.016306488
AC120042.3	0
AC120045.1	0
AC120045.2	0
AC120049.1	0.689981586
AC120053.1	1.019665059
AC120057.1	0
AC120057.2	0
AC120057.3	0.121223338
AC120057.4	0.282504605
AC120114.1	0.191355985
AC120114.2	0.598394988
AC120114.3	0
AC120114.4	0.277611636
AC120114.5	0.156495357
AC120193.1	0.08110684
AC120338.1	0
AC120349.1	0.308551129
AC120349.2	0
AC120349.3	0.020560354
AC120498.1	0.022849637
AC120498.10	0
AC120498.2	0.873608618
AC120498.3	0
AC120498.4	0.067977671
AC120498.5	0
AC120498.6	0
AC120498.7	0.032958871
AC120498.8	0.10241457
AC120498.9	0.00843788
AC121154.1	0.050588034
AC121161.1	0
AC121161.2	0
AC121247.1	0.141252303
AC121247.2	0
AC121251.1	0.131041293
AC121320.1	0
AC121333.1	0
AC121334.1	0
AC121334.2	0
AC121338.1	0.008450992
AC121338.2	0.180858023
AC121342.1	0
AC121493.1	0.048339677
AC121757.1	1.080670661
AC121758.1	0.01379557
AC121758.2	0
AC121758.3	0
AC121761.1	0.579782562
AC121761.2	0.157858161
AC121764.1	0.038637397
AC121764.2	0
AC121764.3	0
AC122108.1	0
AC122108.2	0.020677618
AC122129.1	0.305618618
AC122129.2	0
AC122133.1	0
AC122134.1	0.012971291
AC122136.1	0
AC122138.1	0
AC122683.1	0
AC122685.1	0
AC122688.1	0
AC122688.2	0
AC122688.3	0.097251008
AC122688.4	0
AC122694.1	0
AC122707.1	0
AC122710.1	0
AC122710.2	0.036498078
AC122710.3	0.040208604
AC122713.1	0
AC122713.2	0.058703356
AC122714.1	0
AC122714.2	0
AC122718.1	0.380090201
AC122718.2	0.01840343
AC122719.1	0.019456936
AC122719.2	0.051792511
AC123023.1	0.019597166
AC123567.1	0.00862524
AC123567.2	0
AC123595.1	0.093583026
AC123595.2	0
AC123767.1	0
AC123768.1	0.014501903
AC123768.2	0.074292536
AC123768.3	0.026484807
AC123768.4	0
AC123769.1	0
AC123777.1	0
AC123786.1	0
AC123786.2	0
AC123788.1	0
AC123788.2	0
AC123900.1	0
AC123904.1	0
AC123904.2	0
AC123904.3	0
AC123905.1	0.22114732
AC123912.1	0.267652573
AC123912.2	0
AC123912.3	0.007956421
AC123912.4	0.064630722
AC123912.5	0
AC123912.6	0
AC124016.1	0.192078186
AC124016.2	0.425243774
AC124017.1	0
AC124045.1	0.623737766
AC124057.1	0
AC124066.1	0
AC124067.1	0.064357558
AC124067.2	3.817412718
AC124067.3	0
AC124067.4	0.009143697
AC124068.1	0
AC124068.2	0.323644816
AC124069.1	0.029595721
AC124076.1	0
AC124242.1	0.112678363
AC124242.2	0.009719774
AC124248.1	0.135278946
AC124254.1	0.154824588
AC124276.1	0.302459046
AC124276.2	1.265620631
AC124283.1	0
AC124283.2	0.44463382
AC124283.3	0.128173386
AC124283.4	0.286221771
AC124283.5	0.054111579
AC124290.1	0
AC124290.2	0
AC124293.1	0.044123437
AC124301.1	0
AC124301.2	0
AC124303.1	0.060424596
AC124303.2	0
AC124312.1	0
AC124312.2	0.789623527
AC124312.3	0.651177686
AC124312.4	0.070170499
AC124312.5	1.176926834
AC124312.6	0
AC124319.1	0.133248726
AC124319.2	0.212995563
AC124319.3	0.062032855
AC124319.4	0.03523137
AC124657.1	0.10141191
AC124784.1	0.019048034
AC124798.1	0.524392436
AC124804.1	0.019114986
AC124854.1	0
AC124856.1	0.02427774
AC124861.1	0.431000616
AC124864.1	0
AC124864.2	0
AC124891.1	0
AC124893.1	0
AC124916.1	0.079535117
AC124916.2	0
AC124944.1	0.029356079
AC124944.2	0.262715635
AC124944.3	0.347251955
AC124945.1	0
AC124947.1	0.062869522
AC124947.2	0
AC125232.1	1.869385942
AC125238.1	0
AC125238.2	0.007553075
AC125257.1	3.663834042
AC125257.2	0
AC125336.1	0
AC125388.1	0
AC125421.1	0.028622177
AC125421.2	0
AC125437.1	0.639789841
AC125437.2	0
AC125494.1	0.07253974
AC125494.2	0.347648361
AC125494.3	0.047808472
AC125603.1	0
AC125603.2	0.024832026
AC125603.3	0.04475896
AC125603.4	0.040297989
AC125604.1	0.046151742
AC125611.1	0.142485947
AC125611.2	0.134484418
AC125611.3	0
AC125611.4	0.020886082
AC125612.1	0
AC125613.1	0
AC125616.1	0.097197742
AC125618.1	0.038637397
AC125634.1	0
AC125793.1	0.007284948
AC125807.1	0.283424816
AC125807.2	2.154238304
AC126118.1	0.121234062
AC126120.1	0
AC126121.1	0
AC126121.2	0
AC126124.1	0
AC126124.2	0
AC126175.1	0
AC126177.1	0
AC126177.2	0.312817599
AC126177.3	0.015808761
AC126177.4	1.156799204
AC126177.5	0.122207048
AC126177.6	0.309445244
AC126177.7	0.416475861
AC126177.8	0.55721598
AC126178.1	0
AC126182.1	0
AC126182.2	0
AC126283.1	0.029880295
AC126323.1	0.019541835
AC126323.2	0
AC126323.3	0
AC126323.4	0
AC126323.5	0
AC126323.6	0
AC126335.1	0.021326328
AC126335.2	0
AC126365.1	0.021551705
AC126365.2	0
AC126389.1	0.187524609
AC126471.1	0.030045379
AC126474.1	0.294412185
AC126474.2	3.405875519
AC126544.1	0.087127588
AC126564.1	0.005403094
AC126603.1	0.004329788
AC126614.1	0.03969499
AC126615.1	0.258962555
AC126615.2	0.042238553
AC126696.1	0.014386809
AC126696.2	0.041672135
AC126696.3	0.01356163
AC126755.1	0.043160426
AC126755.2	0.00717916
AC126755.3	0
AC126755.4	0
AC126755.5	0
AC126755.6	0
AC126763.1	0
AC126768.1	0.399542227
AC126768.2	3.478497018
AC126768.3	0.155377533
AC126773.1	0.238605352
AC126773.2	0.724232971
AC126773.3	0.182694747
AC126773.4	0.046465184
AC126915.1	0
AC126915.2	0
AC126915.3	0
AC127002.1	0.023904236
AC127024.1	0.078060483
AC127024.2	0.024332052
AC127024.3	0.023644407
AC127024.4	0.247191529
AC127024.5	0.776887664
AC127024.6	0.076955854
AC127024.7	0
AC127024.8	0.031164548
AC127029.1	0
AC127029.2	0
AC127070.1	0.097985832
AC127070.2	0.083331499
AC127070.3	0
AC127070.4	0.155082138
AC127071.1	0
AC127071.2	0
AC127164.1	0.025920942
AC127381.1	0
AC127381.2	0
AC127383.1	0.00604246
AC127391.1	0
AC127455.1	0.150019687
AC127459.1	0
AC127459.2	0.011669986
AC127459.3	0
AC127496.1	0.005170633
AC127496.2	0.088666527
AC127496.3	0
AC127496.4	0
AC127496.5	0.104692883
AC127496.6	0
AC127496.7	0.496032836
AC127502.1	0.135313767
AC127502.2	0.638429165
AC127521.1	0.143786574
AC127522.1	0
AC127526.1	0.024169838
AC127526.2	0.00789864
AC127537.1	0.159733912
AC127540.1	0.047357448
AC127894.1	0
AC128657.1	0
AC128676.1	0
AC128677.1	0
AC128685.1	0
AC128687.1	0
AC128687.2	0
AC128688.1	0.104782537
AC128688.2	0.471667472
AC128689.1	0.853209473
AC128707.1	0.020425216
AC128709.1	0.126891652
AC128709.2	0.03898361
AC128709.3	0.225868299
AC128713.1	0
AC128716.1	0
AC129102.1	0
AC129492.1	0.138668419
AC129492.2	0
AC129492.3	0
AC129492.4	0.116950831
AC129492.5	0.138113363
AC129492.6	0
AC129492.7	0
AC129502.1	0
AC129507.1	0.023810042
AC129507.2	0.072703391
AC129507.3	0
AC129507.4	0.025176915
AC129510.1	0.37234616
AC129510.2	0
AC129778.1	0
AC129807.1	0
AC129850.1	0
AC129908.1	0
AC129926.1	0.17714051
AC130289.1	0
AC130289.2	0
AC130304.1	0
AC130324.1	0
AC130324.2	0.051143075
AC130324.3	0
AC130343.1	0
AC130343.2	0.102126078
AC130352.1	0
AC130360.1	0
AC130364.1	0
AC130364.2	0
AC130365.1	0
AC130366.1	0.00912452
AC130371.1	0.034638303
AC130371.2	0.69424004
AC130404.1	0
AC130415.1	0
AC130448.1	0
AC130448.2	0.029081356
AC130454.1	0
AC130456.1	0.007979771
AC130456.2	0.038196408
AC130456.3	0
AC130456.4	0
AC130456.5	0
AC130456.6	0
AC130456.7	0
AC130462.1	0.099056715
AC130464.1	0
AC130469.1	0.112128116
AC130472.1	0.035198794
AC130509.1	0
AC130650.1	0.026208259
AC130650.2	0.117680861
AC130651.1	0.060875526
AC130686.1	0.061747762
AC130689.1	1.226263862
AC130709.1	0.00897395
AC130710.1	0.01723681
AC130895.1	0.022061719
AC131009.1	0.127657597
AC131009.2	0.01412523
AC131009.3	0.530557429
AC131009.4	0.081260664
AC131011.1	0.161851597
AC131025.1	0.036994651
AC131025.2	0
AC131055.1	0
AC131055.2	0
AC131094.1	0
AC131097.1	0
AC131097.2	0.016137132
AC131097.3	0.014501903
AC131097.4	0.057144101
AC131157.1	0
AC131159.1	0.102126078
AC131159.2	0.185921834
AC131182.1	0.033109368
AC131206.1	0.053888162
AC131210.1	0
AC131211.1	0
AC131212.1	0.081410384
AC131212.2	0.152510789
AC131212.3	0.152099837
AC131212.4	0.04462124
AC131235.1	1.173822072
AC131235.2	0
AC131235.3	0.873495457
AC131235.4	0.157883622
AC131238.1	0
AC131254.1	0.026220895
AC131254.2	0
AC131254.3	0
AC131274.1	0
AC131274.2	0
AC131274.3	0
AC131274.4	0
AC131280.1	0
AC131281.1	0
AC131281.2	0
AC131391.1	0
AC131392.1	0.034364699
AC131392.2	0
AC131532.1	2.451911356
AC131571.1	0.034601571
AC131649.1	0
AC131649.2	0.085756917
AC131888.1	0.025084011
AC131902.1	0
AC131902.2	0
AC131902.3	0
AC131934.1	0.059629536
AC131935.1	0
AC131935.2	0
AC131953.1	0.091206938
AC131956.1	0
AC131956.2	0.042486044
AC131971.1	0.051373138
AC132008.1	0.114088398
AC132008.2	1.928686851
AC132068.1	0
AC132154.1	0
AC132186.1	0.122897484
AC132192.1	0.127529298
AC132192.2	0.379299993
AC132216.1	0.009392424
AC132217.1	0
AC132219.1	0.045508064
AC132219.2	0.158916428
AC132479.1	0
AC132803.1	0.022061719
AC132807.1	0
AC132807.2	1.732528242
AC132812.1	2.524013958
AC132825.1	0
AC132825.2	0
AC132825.3	0
AC132825.4	0
AC132872.1	1.064888698
AC132872.2	0.036744687
AC132872.3	0.44958205
AC132872.4	0.140947222
AC132938.1	0
AC132938.2	0.047984238
AC132938.3	1.264146155
AC132938.4	0
AC132938.5	0.223443219
AC132942.1	0.45036966
AC133041.1	0
AC133065.1	0.043974773
AC133065.2	0.065577081
AC133065.3	0.663196786
AC133104.1	0
AC133104.2	0
AC133106.1	0.054793085
AC133134.1	0.181778729
AC133141.1	0
AC133435.1	0.283240294
AC133473.1	0.109128033
AC133480.1	0
AC133485.1	0
AC133485.2	0
AC133485.3	0
AC133485.4	0
AC133485.5	0
AC133485.6	0
AC133528.1	0.094577629
AC133539.1	0
AC133539.2	0
AC133540.1	0.06404177
AC133548.1	0
AC133548.2	0
AC133550.1	0
AC133550.2	0.15994746
AC133552.1	0.002714357
AC133552.2	0.425011369
AC133552.3	0.01745815
AC133552.4	0.128715116
AC133552.5	0.488828193
AC133555.1	0
AC133555.2	0
AC133555.3	0
AC133555.4	0.071555443
AC133555.5	0
AC133561.1	0.009007393
AC133561.2	0
AC133561.3	0.030986972
AC133561.4	0
AC133565.1	0
AC133569.1	0
AC133634.1	0
AC133637.1	0.0070764
AC133644.1	0.011607713
AC133644.2	0.30212298
AC133681.1	0.018097217
AC133785.1	0.028689287
AC133794.1	0.011899811
AC133865.1	0
AC133919.1	0
AC133919.2	0.399868651
AC133919.3	0
AC133961.1	0.028547053
AC133963.1	0.064779198
AC133963.2	0
AC133965.1	0
AC134026.1	0
AC134043.1	0.051143075
AC134043.2	0.126357064
AC134050.1	0
AC134312.1	0.066172954
AC134312.2	0
AC134312.3	0
AC134312.4	0.038913872
AC134312.5	1.248587872
AC134312.6	0.048992916
AC134349.1	0.084751382
AC134349.2	0.095616943
AC134407.1	0.030681036
AC134407.2	0.016496098
AC134407.3	0.066102644
AC134508.1	0
AC134669.1	0.12260063
AC134682.1	0.032207365
AC134684.1	0
AC134698.1	0
AC134698.2	0
AC134698.3	0
AC134698.4	0
AC134698.5	0
AC134772.1	0.010348646
AC134775.1	0.046881152
AC134878.1	0
AC134878.2	0.146165426
AC134879.1	0
AC134879.2	9.198829257
AC134879.3	0
AC134915.1	0
AC134978.1	0
AC134981.1	0.156270507
AC135001.1	0
AC135012.1	0.001463853
AC135012.2	0
AC135012.3	0.040392773
AC135048.1	0.046708583
AC135048.2	0
AC135048.3	0.232118875
AC135048.4	0.12546277
AC135050.1	0.102921939
AC135050.2	0.052059483
AC135050.3	0.121118344
AC135050.4	0.043160426
AC135050.5	0.660998344
AC135050.6	4.057080024
AC135050.7	0.078459349
AC135068.1	0
AC135068.2	2.403289884
AC135068.3	0
AC135068.4	0
AC135068.5	0
AC135068.6	0
AC135068.7	0
AC135068.8	0.49298254
AC135068.9	0.520842997
AC135178.1	0.101270273
AC135178.2	0.052849501
AC135178.3	0.339888353
AC135178.4	0
AC135178.5	0.242056987
AC135178.6	0.027327707
AC135279.1	0.345283406
AC135279.2	0.017542625
AC135279.3	0.02488885
AC135352.1	0.015340518
AC135371.1	0.074241825
AC135388.1	0
AC135457.1	0
AC135506.1	0.60458184
AC135507.1	0.155100568
AC135507.2	0
AC135584.1	0.065323888
AC135586.1	0.075793918
AC135586.2	0
AC135626.1	0
AC135628.1	0
AC135721.1	1.450190306
AC135731.1	0
AC135731.2	0.005184188
AC135776.1	0
AC135776.2	0
AC135776.3	0
AC135776.4	0
AC135782.1	0
AC135782.2	0
AC135782.3	0.051669488
AC135803.1	0.115501883
AC135895.1	0
AC135977.1	0.272194218
AC135983.1	0.029744104
AC135983.2	0.385987054
AC135983.3	0.008871474
AC135983.4	0.008618405
AC135983.5	0
AC135999.1	0
AC136188.1	0
AC136285.1	0.015033072
AC136285.2	0.028773617
AC136424.1	0.020067209
AC136424.2	0
AC136428.1	1.49589831
AC136428.2	0
AC136428.3	0
AC136443.1	0
AC136443.2	0
AC136443.3	0.032178779
AC136443.4	0
AC136443.5	0
AC136469.1	0
AC136469.2	0.010580182
AC136475.1	0.23631877
AC136475.10	0.904014736
AC136475.2	0.83237964
AC136475.3	0.695585467
AC136475.4	0.11653315
AC136475.5	0.068137368
AC136475.6	0.037634697
AC136475.7	0.018372343
AC136475.8	0
AC136475.9	0.087536638
AC136489.1	0.006305175
AC136601.1	0
AC136601.2	0
AC136603.1	0
AC136604.1	0
AC136604.2	0.094048456
AC136604.3	0.238460038
AC136618.1	0
AC136618.2	0
AC136619.1	0
AC136619.2	0
AC136621.1	1.543659603
AC136624.1	0
AC136624.2	0
AC136624.3	0
AC136628.1	0
AC136628.2	0.009524017
AC136628.3	2.362810068
AC136628.4	0
AC136632.1	2.797321403
AC136632.2	0.101058558
AC136698.1	0
AC136759.1	0
AC136777.1	0
AC136777.2	0
AC136896.1	0
AC136932.1	0
AC136944.1	0
AC136944.2	0
AC136944.3	0
AC136944.4	0
AC136944.5	0
AC137055.1	0.027535259
AC137056.1	0
AC137056.2	0
AC137499.1	0
AC137499.2	0
AC137527.1	0
AC137549.1	0.020406055
AC137579.1	0
AC137579.2	0
AC137590.1	0
AC137590.2	0
AC137627.1	0
AC137630.1	0.083450849
AC137630.2	0.032958871
AC137630.3	0.194718647
AC137630.4	0
AC137675.1	0
AC137695.1	0
AC137695.2	0.02884994
AC137723.1	0.030681036
AC137723.2	0
AC137735.1	0
AC137761.1	0
AC137761.2	0
AC137767.1	0.246971412
AC137768.1	0
AC137770.1	0
AC137800.1	0
AC137800.2	0
AC137803.1	0
AC137810.1	0.241698384
AC137834.1	0.061944531
AC137834.2	0.046546764
AC137894.1	0.039767559
AC137932.1	0.799427925
AC137932.2	0.047984238
AC137932.3	0.335802264
AC138024.1	0
AC138028.1	0.029159323
AC138028.2	0.290219448
AC138028.3	0
AC138028.4	1.910006745
AC138028.5	0
AC138028.6	0.278882751
AC138035.1	0.165690949
AC138035.2	0
AC138035.3	0
AC138057.1	0
AC138058.1	0.024223669
AC138089.1	0
AC138123.1	0.011365128
AC138123.2	0
AC138150.1	0.156270507
AC138150.2	0.036544065
AC138207.1	0.059870242
AC138207.2	0.552663989
AC138207.3	0.524165171
AC138207.4	0.844707478
AC138207.5	1.48919298
AC138207.6	0.108201625
AC138207.7	0.032564154
AC138207.8	0.577509414
AC138230.1	0.147421454
AC138304.1	0
AC138305.1	0
AC138305.2	0
AC138305.3	0.135955341
AC138331.1	0
AC138356.1	0.062568134
AC138356.2	0.603340045
AC138356.3	0.185997535
AC138360.1	0.028177273
AC138392.1	0.578658998
AC138393.1	0.332620104
AC138393.2	0
AC138393.3	0.170833937
AC138409.1	0.030229092
AC138409.2	0.585946624
AC138430.1	0.016086415
AC138430.2	0
AC138466.1	0
AC138466.2	0
AC138466.3	0
AC138466.4	0.025531519
AC138466.5	0.067304624
AC138470.1	0.126136743
AC138473.1	0.082710474
AC138474.1	0
AC138512.1	0.075182677
AC138517.1	0
AC138623.1	0
AC138625.1	0
AC138625.2	0
AC138627.1	0.05533513
AC138627.2	0.036194434
AC138645.1	0
AC138646.1	0
AC138647.1	0
AC138649.1	0.013263936
AC138649.2	0
AC138649.3	0
AC138649.4	0.037896959
AC138655.1	0.08564116
AC138696.1	0.007508752
AC138696.2	0.780371465
AC138701.1	0
AC138701.2	0
AC138749.1	0
AC138749.2	0
AC138749.3	0
AC138749.4	0
AC138749.5	0
AC138761.1	2.628253613
AC138761.2	0
AC138761.3	0
AC138761.4	0
AC138761.5	0
AC138761.6	0
AC138781.1	0
AC138811.1	0.060257215
AC138811.2	0.071180807
AC138819.1	0
AC138832.1	0
AC138853.1	0
AC138866.1	0.043768319
AC138866.2	0.018624019
AC138869.1	0
AC138869.2	0
AC138869.3	0
AC138894.1	0.00631983
AC138894.2	0
AC138894.3	0
AC138894.4	0
AC138904.1	0.048222773
AC138904.2	0
AC138907.1	0
AC138907.10	0
AC138907.2	0
AC138907.3	0
AC138907.4	0
AC138907.5	0
AC138907.6	0
AC138907.7	0
AC138907.8	0
AC138907.9	0
AC138915.1	0
AC138915.2	0
AC138915.3	0
AC138932.1	0.173576951
AC138932.2	0.007454714
AC138932.3	0.308794466
AC138932.4	0
AC138932.5	0.154549589
AC138938.1	0
AC138951.1	0.020254055
AC138951.2	0.009368154
AC138956.1	0.30212298
AC138956.2	0.576780235
AC138965.1	0
AC138965.2	0.01914864
AC138965.3	0.021840215
AC138969.1	0.031677577
AC138969.2	0.003285268
AC138969.3	0
AC138969.4	0
AC139085.1	0.05976059
AC139099.1	0
AC139099.2	0.033935811
AC139099.3	0
AC139099.4	0
AC139100.1	0.146188539
AC139100.2	0.230015079
AC139103.1	0.010559638
AC139143.1	0.081100121
AC139149.1	0.10228615
AC139256.1	0.016745846
AC139256.2	0.23947441
AC139272.1	0.050983253
AC139365.1	0
AC139365.2	0
AC139426.1	0
AC139426.2	0
AC139426.3	0.005282383
AC139451.1	0
AC139453.1	0.081777649
AC139453.2	0.088426238
AC139491.1	0
AC139491.2	0.009329583
AC139491.3	0
AC139491.4	0
AC139491.5	0
AC139493.1	0.027396542
AC139495.1	0.020272931
AC139495.2	0
AC139495.3	0.115211197
AC139497.1	0
AC139530.1	0.599661394
AC139530.2	0
AC139530.3	0
AC139697.1	0
AC139700.1	0
AC139712.1	0
AC139712.2	0
AC139712.3	0
AC139713.1	0
AC139713.2	0.022647428
AC139718.1	0
AC139718.2	0
AC139720.1	0.021243022
AC139720.2	0
AC139722.1	0
AC139749.1	0.066338941
AC139768.1	0.82360474
AC139769.1	0.153766644
AC139769.2	0
AC139769.3	0.248604053
AC139783.1	0
AC139783.2	0.009499063
AC139792.1	0
AC139792.2	0.018528837
AC139792.3	0
AC139795.1	0.392348944
AC139795.2	1.142925541
AC139795.3	0.321668829
AC139887.1	0.342265195
AC139887.2	0.566264786
AC139887.3	0
AC139887.4	0.136144431
AC140059.1	0.030128607
AC140063.1	0
AC140076.1	0
AC140113.1	0
AC140113.2	0
AC140113.3	0
AC140113.4	0
AC140118.1	0
AC140125.1	0
AC140125.2	0.01433939
AC140125.3	0
AC140134.1	0.147310528
AC140172.1	0
AC140479.1	0
AC140479.2	0.031274072
AC140479.3	0
AC140479.4	0.005379044
AC140481.1	0
AC140481.2	0
AC140504.1	0
AC140658.1	0
AC140658.2	0.093762304
AC140658.3	0.040134418
AC140658.4	0.061797882
AC140658.5	0
AC140658.6	0.216446314
AC140725.1	0
AC140725.2	0
AC140725.3	0
AC140847.1	0
AC140847.2	0.073192647
AC140847.3	0
AC140878.1	0
AC140912.1	0.14298546
AC141002.1	0.389836104
AC141257.1	0
AC141257.2	0
AC141273.1	0
AC141273.2	0
AC141273.3	0
AC141424.1	0.0246631
AC141557.1	0.734158843
AC141557.2	0.473869239
AC141586.1	0.4428062
AC141586.2	0.019014733
AC141586.3	0
AC141586.4	0.027657794
AC141586.5	0.031833446
AC141846.1	0
AC141928.1	0.079319801
AC141930.1	0.138376938
AC141930.2	0.078388665
AC142086.1	0
AC142086.2	0
AC142086.3	0
AC142086.4	0
AC142086.5	0
AC142086.6	0
AC142381.1	8.10215019
AC142381.2	0
AC142381.3	0.043955027
AC142381.4	0
AC142384.1	0
AC142391.1	0
AC142472.1	0.481036704
AC143336.1	0
AC144450.1	0.066279264
AC144521.1	0
AC144522.1	0
AC144530.1	2.782797615
AC144548.1	0.149464646
AC144568.1	0.158779961
AC144568.2	0
AC144652.1	0.616152285
AC144831.1	0.561020535
AC144833.1	0.002659924
AC144836.1	0.031989492
AC145098.1	1.227983727
AC145098.2	0.301923296
AC145124.1	0.191795926
AC145138.1	0.053409324
AC145141.1	0
AC145141.2	0
AC145146.1	0
AC145207.1	0.015740126
AC145207.2	0
AC145207.3	0
AC145207.4	0
AC145207.5	0.940839349
AC145207.6	0
AC145207.7	0
AC145207.8	0.193186986
AC145207.9	0.234261511
AC145285.1	0.094032513
AC145285.2	0.088651471
AC145285.3	0
AC145285.4	0
AC145285.5	0
AC145285.6	0.18374731
AC145285.7	0
AC145343.1	0.200795581
AC145350.1	0
AC145350.2	0
AC145350.3	0
AC145350.4	0
AC145422.1	0.179940893
AC145423.1	0
AC145423.2	0.500588704
AC145423.3	0.279479931
AC145543.1	0
AC145625.1	0
AC145676.1	0.032564154
AC146507.1	0.061448742
AC146507.2	0
AC146944.1	0
AC146944.2	0.1083702
AC146944.3	0
AC146944.4	0
AC146949.1	0
AC147055.1	0.014501903
AC147055.2	0
AC147055.3	0
AC147055.4	0
AC147067.1	0.657469698
AC147067.2	0.225808179
AC147651.1	0.083760279
AC147651.2	0
AC147651.3	0.025896255
AC147651.4	1.041518346
AC147876.1	0
AC148476.1	0.061710226
AC148477.1	0.022849637
AC148477.2	0
AC148477.3	0
AC148477.4	0
AC148477.5	0
AC148477.6	0
AC148477.7	0
AC148477.8	0
AC148477.9	0
AC152007.1	0
AC152010.1	0
AC156455.1	0.445511768
AC159540.1	0
AC159540.2	0
AC174048.1	0
AC174065.1	0.006498562
AC174071.1	0
AC187653.1	0
AC190387.1	0
AC209005.1	0
AC209007.1	0.032418561
AC209154.1	0
AC209154.2	0
AC211429.1	0
AC211433.1	0.049664052
AC211433.2	0.08431339
AC211433.3	0
AC211469.1	0
AC211469.2	0
AC211476.1	0
AC211476.2	0.046086556
AC211476.3	0
AC211476.4	0
AC211485.1	0
AC211486.1	0.009693785
AC211486.2	0
AC211486.3	0
AC211486.4	0
AC211486.5	0
AC215217.1	0
AC215219.1	0.658451845
AC215522.1	0
AC217774.1	0
AC217774.2	0
AC226101.1	0
AC226118.1	0.795712528
AC226119.1	0
AC226119.2	0.020521561
AC226150.1	0
AC231532.1	0
AC231532.2	0
AC231533.1	0
AC231533.2	0.100089822
AC231657.1	0.191775796
AC231657.2	0.043160426
AC231759.1	0
AC231760.1	0
AC231981.1	0.279169078
AC232271.1	0.572865231
AC232323.1	0
AC233263.1	0
AC233263.2	0
AC233263.6	0
AC233266.1	0
AC233266.2	0
AC233279.1	0.051425188
AC233280.1	0.045210802
AC233280.2	0.213462592
AC233289.1	0.02141029
AC233290.1	0
AC233290.2	0
AC233296.1	0.053607802
AC233300.1	0.25294017
AC233309.1	0
AC233699.1	0.046560048
AC233701.1	0
AC233702.1	0
AC233702.10	0
AC233702.2	0
AC233702.3	0.035777721
AC233702.4	0.020216408
AC233702.5	0
AC233702.6	0.011632543
AC233702.7	0
AC233702.8	0
AC233702.9	0.025429189
AC233723.1	0.270943029
AC233723.2	0.583587979
AC233724.1	0
AC233724.10	0
AC233724.11	0
AC233724.12	0
AC233724.13	0
AC233724.14	0
AC233724.2	0
AC233724.3	0
AC233724.4	0
AC233724.5	0
AC233724.6	0
AC233724.7	0
AC233724.8	0
AC233724.9	0
AC233728.1	0.049891868
AC233728.2	0
AC233964.1	0.119850439
AC233968.1	0
AC233976.1	0.096464987
AC233981.1	0
AC233981.2	0
AC233982.1	0
AC233992.1	0
AC233992.2	0.03407402
AC233992.3	0.089702493
AC234064.1	0
AC234582.1	0.344454991
AC234582.2	0
AC234644.1	0.029395749
AC234771.1	0
AC234771.2	0
AC234771.3	0
AC234771.4	0
AC234771.5	0
AC234772.1	0
AC234772.2	0.232030449
AC234772.3	0.102996471
AC234775.1	0
AC234775.2	0.042486044
AC234775.3	0.447657831
AC234778.1	0.088187248
AC234778.2	0
AC234779.1	0
AC234781.1	0.01263966
AC234781.2	0
AC234781.3	0.01117824
AC234781.4	0
AC234781.5	0
AC234782.1	0.059175339
AC234782.2	0.265481063
AC234782.3	0.100475079
AC234782.4	0.238700217
AC234782.5	0.369261421
AC234783.1	0.175426247
AC234791.1	0
AC234917.1	0.034419074
AC235097.1	0
AC235565.1	0
AC236430.1	0
AC236972.1	0
AC236972.2	0
AC236972.3	0.061797882
AC236972.4	0
AC237221.1	0
AC237221.2	0
AC239367.1	0
AC239367.2	0
AC239367.3	0.013361704
AC239584.1	0
AC239585.1	0
AC239585.2	0.157421974
AC239600.1	0.141252303
AC239600.2	0
AC239727.1	0
AC239798.1	0
AC239798.2	0.02150706
AC239798.3	0
AC239798.4	0.015537753
AC239799.1	0.006377266
AC239799.2	0.021731123
AC239800.1	0
AC239800.2	0
AC239800.3	0
AC239800.4	0
AC239801.1	0
AC239802.1	0
AC239802.2	0
AC239803.1	0.030136956
AC239803.2	0.003866487
AC239803.3	0
AC239803.4	0.073989301
AC239804.1	0
AC239804.2	0.041672135
AC239809.1	0
AC239809.2	0.021037577
AC239809.3	0.041129347
AC239859.1	0
AC239859.2	0
AC239859.3	0
AC239859.4	0
AC239859.5	0
AC239859.6	0.561693428
AC239860.1	0.025692348
AC239860.2	0
AC239868.1	1.861990536
AC239868.2	0
AC239868.3	0
AC240442.1	0
AC240504.1	0.012871512
AC240565.1	0.030128607
AC240565.2	0.041513081
AC241377.1	0
AC241377.2	0.039336084
AC241377.3	0.029990149
AC241520.1	0
AC241584.1	0.131463666
AC241585.1	25.02206974
AC241585.2	0.517240928
AC241585.3	0.189937609
AC241644.1	0.024386608
AC241644.2	0
AC241644.3	0
AC241952.1	0.493473709
AC242376.1	0.014981305
AC242376.2	1.293346394
AC242426.1	0
AC242426.2	0.48099181
AC242426.3	0
AC242498.1	0
AC242842.1	1.046278241
AC242843.1	0.018981549
AC242852.1	0
AC242852.2	0
AC242988.1	0
AC243312.1	0
AC243312.2	0
AC243428.1	0
AC243547.1	0
AC243547.2	0
AC243547.3	0
AC243562.1	0.698999184
AC243562.2	1.480091137
AC243562.3	0.062817649
AC243571.1	0.022754032
AC243571.2	0.019865621
AC243585.1	0
AC243585.2	0
AC243591.1	0
AC243654.1	0
AC243654.2	0.049103509
AC243654.3	0.029595721
AC243732.1	0.15106149
AC243756.1	0.013855321
AC243772.1	0
AC243772.2	0.079815724
AC243772.3	0.047738525
AC243773.1	0
AC243773.2	0.127458132
AC243829.1	0.310533256
AC243829.2	0.035660417
AC243829.3	0
AC243829.4	0.153009528
AC243829.5	0
AC243829.6	0
AC243830.1	0
AC243830.2	0.034528341
AC243830.3	0.028926668
AC243836.1	0.148992155
AC243919.1	0.277106428
AC243960.1	0.513609067
AC243960.2	0.174721724
AC243960.3	0.157141364
AC243960.4	0
AC243960.5	0
AC243960.7	0.030767828
AC243961.1	0
AC243962.1	0.13149394
AC243964.1	0
AC243964.2	0.061362072
AC243964.3	2.23106201
AC243965.1	0.027852567
AC243965.2	0.040720432
AC243967.1	0
AC243967.2	0.038364823
AC243967.3	0.009603909
AC243972.1	0.019081451
AC243972.2	0.021950408
AC243972.3	0.054931451
AC243994.1	0
AC244015.1	0
AC244015.2	0.005844399
AC244021.1	0.068311804
AC244021.2	0.041120708
AC244023.1	0
AC244033.1	0.112514765
AC244034.1	0.205992941
AC244034.2	0.085472906
AC244034.3	0.003469355
AC244035.1	0
AC244035.2	0
AC244090.1	2.691824816
AC244090.2	0
AC244090.3	0.109862902
AC244093.1	0.053446817
AC244093.2	0
AC244093.3	0
AC244093.4	0.076594558
AC244093.5	0.106037592
AC244097.1	0
AC244098.1	0
AC244098.2	0
AC244098.3	0
AC244100.1	0
AC244100.2	0
AC244100.3	0
AC244100.4	0
AC244102.1	0
AC244102.2	0
AC244107.1	0
AC244107.2	0.286221771
AC244131.1	0
AC244131.2	0.021243022
AC244153.1	0.697206878
AC244154.1	0.132895253
AC244157.1	0.066726548
AC244157.2	0
AC244197.1	0
AC244197.2	0.232473255
AC244197.3	0.197096236
AC244205.1	0.557170235
AC244230.1	0.06454853
AC244250.1	0
AC244250.2	0
AC244250.3	0
AC244255.1	0
AC244394.1	0.039194333
AC244394.2	0.012303651
AC244452.1	0
AC244453.1	0.022017059
AC244453.2	0.030698355
AC244453.3	0.1184796
AC244502.1	0.05961501
AC244502.2	0
AC244502.3	0.047599244
AC244505.1	0
AC244505.2	0
AC244505.3	0
AC244505.4	0
AC244505.5	0
AC244505.6	0
AC244505.7	0
AC244517.1	0.046926101
AC244517.10	0.07938998
AC244517.11	0.007118081
AC244517.12	0.049214603
AC244517.2	0.020540939
AC244517.3	0.017613647
AC244517.4	0
AC244517.5	0.006405434
AC244517.6	0.155131293
AC244517.7	2.186216542
AC244517.8	0
AC244517.9	0
AC244636.1	0
AC244636.2	0
AC244669.1	1.856951002
AC244669.2	0.038252382
AC244670.1	0
AC245008.1	0
AC245014.1	0.057094107
AC245014.2	0
AC245014.3	0.313441709
AC245028.1	0
AC245028.2	0.085979662
AC245028.3	0
AC245033.1	0
AC245033.2	0
AC245033.3	0.194221916
AC245036.1	0.035198794
AC245036.2	0
AC245036.3	0
AC245036.4	0
AC245036.5	0
AC245041.1	10.79742177
AC245041.2	3.950254908
AC245047.1	0
AC245047.2	0
AC245047.3	0
AC245047.4	0
AC245047.5	0
AC245047.6	0
AC245047.7	0.074241825
AC245047.8	0.038297279
AC245052.1	0.079583614
AC245052.2	0
AC245052.3	0.084500545
AC245052.4	0.154331219
AC245052.5	0.016758748
AC245052.6	0
AC245052.7	0
AC245054.1	0
AC245054.2	0
AC245056.1	0
AC245060.1	0
AC245060.2	0.290591569
AC245060.3	0
AC245060.4	6.529737352
AC245060.5	0.122207048
AC245060.6	0.109797663
AC245088.1	0
AC245088.2	0
AC245096.1	0
AC245100.1	0.032686483
AC245100.2	0.103646716
AC245100.3	0.076325806
AC245100.4	0.253783304
AC245100.5	0
AC245100.6	0.005670713
AC245100.7	0.123036508
AC245100.8	0.884095225
AC245102.1	0
AC245102.2	0
AC245123.1	0
AC245128.1	0
AC245128.2	0
AC245128.3	0.988766118
AC245140.1	0.031895681
AC245140.2	0.34216713
AC245164.1	0
AC245177.1	0
AC245187.1	0
AC245291.1	0
AC245291.2	0
AC245291.3	0.074496077
AC245297.1	1.946798884
AC245297.2	0.038500628
AC245297.3	1.4136904
AC245389.1	0
AC245389.2	0.018882686
AC245407.1	0.211420833
AC245407.2	0.107135809
AC245407.3	0
AC245427.1	0
AC245452.1	0.095397175
AC245452.2	0.055491976
AC245452.3	0.13427688
AC245452.4	0
AC245452.5	0
AC245505.1	0
AC245505.2	0
AC245505.3	0
AC245517.1	0
AC245517.2	0
AC245517.3	0.174022837
AC245517.4	0
AC245517.5	0.13427688
AC245519.1	0
AC245595.1	0.414833937
AC245595.2	0
AC245748.1	0
AC245748.2	0
AC245748.3	0
AC245884.1	0.020560354
AC245884.10	0.096822795
AC245884.11	0.018817348
AC245884.12	3.133885831
AC245884.2	0.02692185
AC245884.3	0.947945498
AC245884.4	0.092173113
AC245884.5	0
AC245884.6	0.02038693
AC245884.7	0
AC245884.8	0.284270259
AC245884.9	0.112592415
AC246680.1	0.022017059
AC246785.1	0
AC246785.2	0
AC246785.3	0
AC246785.4	0
AC246787.1	1.353048372
AC246787.2	0.358809973
AC246793.1	0.013984477
AC246817.1	0.178302087
AC246817.2	0.279382541
AC247036.1	0
AC253536.1	0.034528341
AC253536.2	0
AC253536.3	0.350852493
AC253536.4	0
AC253536.5	0.783604272
AC253536.6	0.410121693
AC253576.1	0
AC253576.2	0.018752461
AC254562.1	0.1669627
AC254562.2	0.032612975
AC254562.3	0.689472412
AC254629.1	0
AC254633.1	0.472888143
ACAA1	3.606088195
ACAA2	8.506858653
ACACA	7.759320827
ACACB	0.760337627
ACAD10	2.445399845
ACAD11	0.086259998
ACAD8	3.394524773
ACAD9	8.025983906
ACADL	0.372225438
ACADM	4.377403836
ACADS	4.509938509
ACADSB	3.173378068
ACADVL	31.53605004
ACAN	0.476616451
ACAP1	2.216029925
ACAP2	8.271289153
ACAP2-IT1	0.267969948
ACAP3	1.796481067
ACAT1	5.8277705
ACAT2	8.614616178
ACBD3	28.94807634
ACBD3-AS1	0.365935872
ACBD4	1.054229976
ACBD5	5.175696357
ACBD6	4.890917387
ACBD7	0.137952015
ACCS	1.049185057
ACCSL	0
ACD	10.48159578
ACE	4.299861933
ACE2	0.689819255
ACE3P	0
ACER1	0.022580818
ACER2	1.253850868
ACER3	4.563409795
ACHE	0.536387731
ACIN1	14.15726398
ACKR1	6.011472637
ACKR2	0.165065545
ACKR3	85.59045024
ACKR4	0.33973882
ACLY	42.29443753
ACMSD	0.027337519
ACO1	6.872807931
ACO2	25.21414772
ACOD1	0.059952746
ACOT1	0.831764142
ACOT11	0.730439835
ACOT12	0
ACOT13	5.787229636
ACOT2	4.263304975
ACOT4	1.984648673
ACOT6	0
ACOT7	5.533158213
ACOT8	3.85696235
ACOT9	10.04657702
ACOX1	8.625910648
ACOX2	0.772257341
ACOX3	3.113610623
ACOXL	0.219534638
ACOXL-AS1	0.047536833
ACP1	18.22847383
ACP2	14.56642071
ACP4	0.1291929
ACP5	34.36471752
ACP6	1.018528309
ACP7	0.518091806
ACPP	4.023214581
ACR	0.036976683
ACRBP	0.474385151
ACRV1	0.142593305
ACSBG1	0.027752731
ACSBG2	0.041019308
ACSF2	3.471000604
ACSF3	2.924635666
ACSL1	18.74643285
ACSL3	10.9440294
ACSL4	13.70785888
ACSL5	5.232804257
ACSL6	0.072742092
ACSM1	0.087132646
ACSM2A	0
ACSM2B	0
ACSM3	0.454690837
ACSM4	0.035127743
ACSM5	0.17839207
ACSM5P1	0
ACSM6	0.003874751
ACSS1	4.695472928
ACSS2	8.705181365
ACSS3	0.517164573
ACTA1	0.567465772
ACTA2	143.5889619
ACTA2-AS1	0.656071015
ACTB	2341.321337
ACTBL2	0.08953394
ACTBP1	0.097721719
ACTBP11	0.328417876
ACTBP12	0.063604838
ACTBP13	0
ACTBP14	0.039950146
ACTBP2	0.561738899
ACTBP6	0.009978374
ACTBP7	0.203207272
ACTBP8	0.157060322
ACTBP9	0.207829821
ACTC1	0.035168444
ACTG1	1595.903732
ACTG1P1	0.289010468
ACTG1P10	0.090469358
ACTG1P11	0
ACTG1P12	0.055967893
ACTG1P13	0
ACTG1P14	0.368363848
ACTG1P15	0.020463645
ACTG1P16	0.020104302
ACTG1P17	0.16086319
ACTG1P18	0.009515684
ACTG1P19	0.077967221
ACTG1P2	0.019335871
ACTG1P20	0.790167795
ACTG1P21	0.043505709
ACTG1P22	0.262159623
ACTG1P23	0.192413518
ACTG1P24	0.099214844
ACTG1P3	0.37100919
ACTG1P4	0
ACTG1P9	0.065471346
ACTG2	37.03008244
ACTL10	0.858100773
ACTL6A	37.64575652
ACTL6B	0.018210845
ACTL7A	0
ACTL7B	0
ACTL8	0
ACTL9	0
ACTN1	65.33737847
ACTN1-AS1	0.371843668
ACTN2	0.110141036
ACTN3	0.012370119
ACTN4	131.3964452
ACTN4P1	0.082453963
ACTN4P2	0
ACTP1	0.028397982
ACTR10	13.07379414
ACTR1A	30.04528206
ACTR1B	37.22130047
ACTR2	220.6936438
ACTR3	35.95657138
ACTR3B	0.866647593
ACTR3BP1	0
ACTR3BP2	0
ACTR3BP3	0
ACTR3BP4	0
ACTR3BP5	0
ACTR3BP6	0
ACTR3C	0.609484006
ACTR3P2	0.02595806
ACTR3P3	0
ACTR5	3.90109673
ACTR6	3.696787248
ACTR6P1	0
ACTR8	4.686547129
ACTRT1	0
ACTRT2	0
ACTRT3	4.22037927
ACVR1	28.53494761
ACVR1B	7.408968753
ACVR1C	3.581709827
ACVR2A	3.707945968
ACVR2B	0.888407362
ACVR2B-AS1	0.354337322
ACVRL1	8.159478494
ACY1	0.639010797
ACY3	0.443423574
ACYP1	1.329275471
ACYP2	1.687117047
AD000091.1	0.075793918
AD000671.1	0.031465074
AD000671.2	0
AD000671.3	0.037321074
AD000813.1	0
AD000864.1	0.16587144
AD001527.1	0.114790789
AD001527.2	0
ADA	4.389469782
ADA2	16.20212618
ADAD1	0
ADAD1P2	0
ADAD2	0.17726116
ADAL	0.789387431
ADAM10	12.37657777
ADAM11	0.214336303
ADAM12	17.86557977
ADAM15	10.28007398
ADAM17	11.12996631
ADAM18	0
ADAM19	14.62755234
ADAM1A	0
ADAM1B	0.114202487
ADAM2	0
ADAM20	0.077827745
ADAM20P1	0.501878649
ADAM20P2	0
ADAM20P3	0
ADAM21	0.028643714
ADAM21P1	0
ADAM22	0.640156964
ADAM23	9.267237773
ADAM24P	0
ADAM28	6.251822984
ADAM29	0.001825823
ADAM30	0
ADAM32	0.041149367
ADAM33	0.354220293
ADAM3A	0
ADAM3B	0
ADAM5	0
ADAM6	0
ADAM7	0.002426149
ADAM8	8.109537006
ADAM9	28.49929178
ADAMDEC1	10.47937971
ADAMTS1	7.53326948
ADAMTS10	1.369327512
ADAMTS12	17.97091015
ADAMTS13	0.291537032
ADAMTS14	1.686475821
ADAMTS15	0.44671383
ADAMTS16	0.688240581
ADAMTS17	1.513620736
ADAMTS18	2.915364609
ADAMTS19	0.002011174
ADAMTS19-AS1	0
ADAMTS2	25.19250527
ADAMTS20	0.931149534
ADAMTS3	0.341901359
ADAMTS4	5.705546001
ADAMTS5	2.038129099
ADAMTS6	0.36563687
ADAMTS7	4.598210143
ADAMTS7P1	0.031234868
ADAMTS7P3	0.283632218
ADAMTS7P4	0.041407718
ADAMTS8	0.591554525
ADAMTS9	1.020428853
ADAMTS9-AS1	0.062607151
ADAMTS9-AS2	0.052637577
ADAMTSL1	0.425247499
ADAMTSL2	2.539460896
ADAMTSL3	0.501783092
ADAMTSL4	3.349844912
ADAMTSL4-AS1	0.10370354
ADAMTSL5	1.128148045
ADAP1	0.784254438
ADAP2	4.028628671
ADAR	67.28650463
ADARB1	2.899439119
ADARB2	0.064143298
ADARB2-AS1	0.077343483
ADAT1	7.181448429
ADAT2	0.624541888
ADAT3	0.413275065
ADCK1	2.184695195
ADCK2	7.807280974
ADCK5	2.260964099
ADCY1	0.14952073
ADCY10	0.014173549
ADCY10P1	0.502047245
ADCY2	0.581713354
ADCY3	6.003759142
ADCY4	0.661996505
ADCY5	0.546701969
ADCY6	3.061177576
ADCY7	5.643643272
ADCY8	0.189758168
ADCY9	3.857887033
ADCYAP1	0.034301479
ADCYAP1R1	0.054127419
ADD1	15.80260404
ADD2	0.991262805
ADD3	17.99158284
ADD3-AS1	0.030188818
ADGB	0.004197772
ADGRA1	0.001672525
ADGRA1-AS1	0
ADGRA2	10.39275669
ADGRA3	5.233619232
ADGRB1	0.372601914
ADGRB2	1.351840628
ADGRB3	0.095524862
ADGRD1	0.470735439
ADGRD1-AS1	0.076654539
ADGRD2	0.017650171
ADGRE1	0.847932962
ADGRE2	3.601507763
ADGRE3	0.287533327
ADGRE4P	0.180187551
ADGRE5	10.67231746
ADGRF1	0.294692329
ADGRF2	0.005102311
ADGRF3	0.166138796
ADGRF4	1.946915768
ADGRF5	8.712590709
ADGRF5P1	0.094958734
ADGRF5P2	0.039336084
ADGRG1	28.81706837
ADGRG2	0.314886226
ADGRG3	0.790419041
ADGRG4	0.001079653
ADGRG5	0.70440293
ADGRG6	2.791954369
ADGRG7	0.005317246
ADGRL1	6.822917277
ADGRL2	11.00968247
ADGRL3	0.125096785
ADGRL3-AS1	0
ADGRL4	3.947214897
ADGRV1	4.343813362
ADH1A	0.024084206
ADH1B	4.472939062
ADH1C	0.134493456
ADH4	0.008867858
ADH5	28.00691205
ADH5P2	0
ADH5P3	0
ADH5P4	0.117582998
ADH6	0.096382791
ADH7	1.487284943
ADHFE1	0.304539964
ADI1	13.10844232
ADI1P1	0
ADI1P2	0
ADI1P3	0
ADIG	0
ADIPOQ	0
ADIPOQ-AS1	0.003158997
ADIPOR1	41.89110645
ADIPOR1P1	0.010127027
ADIPOR1P2	0
ADIPOR2	18.89219508
ADIRF	0
ADIRF-AS1	0.321675825
ADK	13.21636219
ADM	32.7693389
ADM2	1.142075738
ADM5	1.715664609
ADNP	25.01992999
ADNP2	6.313975528
ADNP-AS1	1.10289554
ADO	8.693345116
ADORA1	1.178214744
ADORA2A	0.070036617
ADORA2A-AS1	0.051342141
ADORA2B	5.10352155
ADORA2BP1	0.077504233
ADPGK	9.552404281
ADPGK-AS1	0.06932076
ADPRH	4.602743773
ADPRHL1	0.489039533
ADPRHL2	16.6341523
ADPRM	3.215931281
ADRA1A	0.319894921
ADRA1B	0.175224375
ADRA1D	0.405429548
ADRA2A	2.230466266
ADRA2B	0.14196464
ADRA2C	0.524105033
ADRB1	0.266859415
ADRB2	1.936465273
ADRB3	0.033182321
ADRM1	48.25335603
ADSL	10.85132191
ADSS	21.79735716
ADSSL1	0.305104974
ADTRP	1.790024059
AEBP1	243.7856243
AEBP2	8.370810905
AEN	4.342980192
AES	36.31839851
AF001548.1	0.059325967
AF001548.2	2.263754007
AF001548.3	0
AF001550.1	0
AF003529.1	0
AF013593.1	0.021943027
AF015262.1	0.046746822
AF015720.1	0
AF038458.1	0.041513081
AF038458.2	0
AF038458.3	0.087011418
AF064858.1	0.831908037
AF064858.2	0.484224503
AF064858.3	0.598310342
AF064860.1	0
AF064860.2	0.006089825
AF067845.1	0
AF067845.2	0
AF096876.1	0
AF099810.1	0
AF106564.1	0.012780761
AF107885.1	0
AF107885.2	0
AF111167.1	0
AF111167.2	0.308152042
AF111169.1	0
AF111169.2	0
AF111169.3	0.250819078
AF117829.1	0.447793023
AF117829.2	0
AF121897.1	0
AF121898.1	0
AF123462.1	0
AF124730.1	0.033261246
AF127577.1	0
AF127577.2	0
AF127577.3	0.598830184
AF127577.4	0.339372415
AF127577.5	0.097546433
AF127577.6	0.009928277
AF127936.1	0.281691642
AF127936.2	0.064219377
AF129075.1	0.424646406
AF129075.2	0.085506504
AF129408.1	0
AF130359.1	0.198656206
AF130417.1	0
AF131215.1	0.020916206
AF131215.2	0.038162903
AF131215.3	0
AF131215.4	0.131191828
AF131215.5	2.215672399
AF131215.6	1.225893246
AF131215.7	0.861499192
AF131216.1	0.037146268
AF131216.2	0
AF131216.3	0.207829821
AF131216.4	0.187166053
AF146191.1	0.015405704
AF165147.1	0.088250252
AF178030.1	0.027055789
AF181450.1	0
AF186190.1	0.022659224
AF186192.1	0.038029466
AF186192.2	0.110059086
AF186192.3	0.068910838
AF186996.1	0
AF186996.2	0
AF186996.3	0
AF196972.1	0.21652918
AF201337.1	1.337742395
AF212831.1	0.115399759
AF213884.1	0
AF213884.2	0
AF213884.3	0
AF228730.1	0
AF228730.2	0.118868058
AF228730.3	0
AF230666.1	0.168683633
AF230666.2	0.045005906
AF233439.1	0.083489672
AF233439.2	0
AF235103.1	0
AF235103.2	0
AF238378.1	0
AF240627.1	0
AF241725.1	0
AF241726.1	0
AF241726.2	0
AF241728.1	0.036869245
AF246928.1	0
AF250324.1	0.017830209
AF254982.1	0
AF254983.1	0
AF254983.2	0
AF274573.1	0
AF274854.1	0
AF274855.1	0.088982728
AF274858.1	0.414603328
AF279873.1	0.104246907
AF279873.2	0.014618854
AF279873.3	0
AF279873.4	0
AF287957.1	0.034095383
AF305872.1	0
AFAP1	6.491610154
AFAP1-AS1	0.070428668
AFAP1L1	3.603205315
AFAP1L2	11.13570299
AFDN	4.206291781
AFDN-DT	0.05525704
AFF1	5.22388733
AFF2	0.458943919
AFF2-IT1	0.024551755
AFF3	1.603668875
AFF4	12.32443532
AFG1L	0.352679418
AFG3L1P	1.752642922
AFG3L2	5.44478154
AFG3L2P1	0.018486845
AFM	0
AFMID	6.083061117
AFP	0.023361458
AFTPH	11.04050727
AGA	7.859489333
AGAP1	2.559849884
AGAP10P	0.026988653
AGAP11	0.007067204
AGAP12P	0.353483887
AGAP13P	0.239700877
AGAP14P	0.105699002
AGAP1-IT1	0.016380162
AGAP2	0.902058031
AGAP2-AS1	8.998430851
AGAP3	6.04947044
AGAP4	0.36004293
AGAP5	0.066340969
AGAP6	1.135829433
AGAP7P	0.047472282
AGAP9	0.813440665
AGBL1	0.019048034
AGBL1-AS1	0.031202865
AGBL2	0.208284674
AGBL3	0.107171584
AGBL4	0.045184836
AGBL4-IT1	0
AGBL5	4.69603079
AGBL5-AS1	0.026723409
AGBL5-IT1	0.385006276
AGER	39.27453285
AGFG1	9.32215188
AGFG2	3.998744903
AGGF1	5.0990655
AGGF1P1	0.020986835
AGGF1P2	0.080665715
AGGF1P3	0.008966552
AGGF1P4	0
AGGF1P5	0
AGGF1P6	0
AGGF1P7	0
AGGF1P8	0
AGGF1P9	0
AGK	3.207939684
AGKP1	0
AGL	4.545815298
AGMAT	0.626482212
AGMO	1.191646481
AGO1	3.526440575
AGO2	4.434927975
AGO3	0.957362475
AGO4	3.086169408
AGPAT1	21.61506455
AGPAT2	15.72182122
AGPAT3	6.039998976
AGPAT4	1.556610361
AGPAT4-IT1	0.046331959
AGPAT5	6.513317372
AGPAT5P1	0
AGPS	5.659139005
AGR2	10.36414566
AGR3	4.491214375
AGRN	27.70870449
AGRP	0.256250905
AGT	0.683634016
AGTPBP1	2.285833475
AGTR1	0.390900924
AGTR2	1.803932078
AGTRAP	20.02423966
AGXT	0
AGXT2	0.002752132
AHCTF1	4.859246788
AHCY	61.03256622
AHCYL1	23.83326647
AHCYL2	4.534223628
AHCYP2	0
AHCYP3	0
AHCYP4	0.016542095
AHCYP5	0
AHCYP7	0
AHCYP8	0
AHDC1	4.249055571
AHI1	1.183225348
AHNAK	64.00859883
AHNAK2	3.70833385
AHR	33.9731191
AHRR	0.474551074
AHSA1	33.87261839
AHSA2P	3.040261174
AHSG	0.120181517
AHSP	0.019353073
AICDA	0.041899559
AIDA	7.419717771
AIF1	22.46885765
AIF1L	1.806238162
AIFM1	10.71851184
AIFM1P1	0.011815782
AIFM2	2.442165662
AIFM3	0.211446929
AIG1	2.81131058
AIG1P1	0
AIM2	15.38616544
AIMP1	9.804471722
AIMP1P1	0
AIMP1P2	0
AIMP2	9.260940544
AIP	28.19912736
AIPL1	0
AIRE	0.023250165
AIRN	0.002486609
AJ003147.1	0.095827553
AJ003147.2	0.017291617
AJ003147.3	0.029676473
AJ006995.1	0
AJ009632.1	0
AJ009632.2	0.021752855
AJ011931.1	0.004364537
AJ011932.1	0.210511496
AJ239318.1	0
AJ239321.1	0
AJ239322.1	0
AJ239322.2	0
AJ239328.1	0.036201963
AJ271736.1	0.01407041
AJAP1	1.130166448
AJM1	0.401636932
AJUBA	17.3106008
AK1	1.455899717
AK2	12.39574663
AK2P2	0
AK3	12.0725189
AK3P2	0.025352977
AK3P3	0.262082585
AK3P4	0
AK3P5	0.041913015
AK4	4.693311858
AK4P1	0.619646533
AK4P2	0
AK4P3	0.097546433
AK4P4	0.016836575
AK4P5	0
AK4P6	0
AK5	0.083314156
AK6	4.130225167
AK6P1	0
AK6P2	0
AK7	0.08699402
AK8	0.625265136
AK9	0.250961335
AKAIN1	0
AKAP1	7.79621664
AKAP10	5.092716577
AKAP11	5.452467031
AKAP12	3.605981731
AKAP13	8.338057948
AKAP14	0.158033559
AKAP17A	10.36396741
AKAP17BP	0.004000157
AKAP2	0.117590476
AKAP3	0.160121885
AKAP4	0
AKAP5	0.868724225
AKAP6	0.268771345
AKAP7	1.284675869
AKAP8	8.306694125
AKAP8L	6.147825073
AKAP8P1	0
AKAP9	4.851089649
AKIP1	9.921193248
AKIRIN1	15.44365379
AKIRIN1P1	0
AKIRIN1P2	0.019081451
AKIRIN2	13.13441496
AKIRIN2P1	0
AKNA	4.000300918
AKNAD1	0.017703239
AKR1A1	25.24474186
AKR1B1	19.55379552
AKR1B10	2.388573197
AKR1B10P1	0.011546101
AKR1B10P2	0
AKR1B15	1.036940587
AKR1B1P1	0
AKR1B1P2	0
AKR1B1P3	0
AKR1B1P4	0
AKR1B1P6	0
AKR1B1P7	0
AKR1B1P8	0
AKR1C1	4.018639201
AKR1C2	3.809913665
AKR1C3	3.985237576
AKR1C4	0.022730256
AKR1C5P	0
AKR1C6P	0.033193573
AKR1C7P	0.085067029
AKR1C8P	0
AKR1D1	0.038681119
AKR1D1P1	0
AKR1E2	0.346497684
AKR7A2	17.22762572
AKR7A2P1	0.106981252
AKR7A3	0.120849192
AKR7L	0.047152141
AKT1	9.590198661
AKT1S1	11.66130457
AKT2	7.376583249
AKT3	5.671812905
AKT3-IT1	0.042075154
AKTIP	6.230633092
AL008582.1	0.123036508
AL008626.1	0
AL008627.1	0.04475896
AL008628.1	0.004193726
AL008629.1	0
AL008635.1	0.113001842
AL008636.1	0.042736453
AL008638.1	0
AL008638.2	0
AL008638.3	0.002098886
AL008638.4	0
AL008638.5	0
AL008638.6	0.002556753
AL008707.1	0
AL008718.1	0.044667053
AL008718.2	0.099403753
AL008718.3	0.135531804
AL008719.1	0
AL008721.1	0.01800733
AL008721.2	0.533101391
AL008723.1	0.055303868
AL008723.2	0
AL008723.3	0
AL008726.1	0.32495477
AL008727.1	0.013802573
AL008729.1	0.178073127
AL008729.2	0.022994561
AL008733.1	0.046381353
AL008987.1	0
AL009028.1	0
AL009048.1	0
AL009050.1	0
AL009172.1	0.009905671
AL009174.1	0.575195674
AL009176.1	0.284460406
AL009178.1	0
AL009178.2	0.132005186
AL009181.1	0.050121785
AL009183.1	0
AL020989.1	0
AL020991.1	0
AL020993.1	0.036620967
AL020994.1	0.075269393
AL020994.2	0.038096068
AL020994.3	0
AL020995.1	0.012948128
AL020996.1	0.144084429
AL020996.2	0
AL020996.3	0
AL020997.1	0.093493644
AL020997.2	0.177333054
AL020997.3	0.181778729
AL020998.1	0.047495316
AL021026.1	0.76517579
AL021068.1	0.561132912
AL021068.2	0.108764273
AL021153.1	0
AL021154.1	0.190814514
AL021155.1	0.008249092
AL021328.1	0.073434243
AL021331.1	0.037376039
AL021368.1	0
AL021368.2	0.168674041
AL021368.3	0.037634697
AL021391.1	0.059870242
AL021392.1	0.328247552
AL021393.1	0
AL021395.1	0
AL021396.1	0
AL021397.1	0
AL021407.1	0.028177273
AL021407.2	0
AL021407.3	0.1118974
AL021408.1	0.014579661
AL021408.2	0
AL021453.1	1.007952613
AL021546.1	0.078814691
AL021578.1	0.276129325
AL021707.1	0.087011418
AL021707.2	0.929581487
AL021707.3	0.887450425
AL021707.4	0.318334457
AL021707.5	0.094372471
AL021707.6	1.284791819
AL021707.7	0.078435774
AL021707.8	0.653774318
AL021807.1	0.019250314
AL021808.1	0
AL021877.1	0.009914701
AL021877.2	0.019342205
AL021878.2	0.463406677
AL021879.1	0
AL021918.1	0.092173113
AL021918.2	0
AL021920.1	0
AL021920.2	0
AL021921.1	0
AL021937.1	0.062829169
AL021937.2	0.432892629
AL021937.3	0
AL021937.4	0.171475205
AL021939.1	0
AL021940.1	0
AL021997.1	0.112709091
AL021997.2	0.20067209
AL021997.3	0.019526799
AL022067.1	0.43122399
AL022068.1	0.113443831
AL022069.1	0.019944549
AL022069.2	0.01827971
AL022097.1	0.04048298
AL022099.1	0
AL022100.1	0.059542485
AL022154.1	0
AL022157.1	0.114488708
AL022161.1	0
AL022163.1	0
AL022237.1	0
AL022238.1	0.030637823
AL022238.2	0.0243593
AL022238.3	0.196414037
AL022310.1	0.031525876
AL022311.1	0.071702858
AL022313.1	0.024496458
AL022313.2	0.029237708
AL022313.3	0
AL022313.4	0.005315947
AL022314.1	0.023440576
AL022315.1	0.021840215
AL022316.1	0.323250462
AL022318.1	0.016041928
AL022318.2	0
AL022319.1	0
AL022322.1	0.38708848
AL022322.2	0.010664732
AL022323.1	0.56825639
AL022323.2	0
AL022323.3	0.006055917
AL022323.4	0.005802972
AL022323.5	0
AL022324.1	0.065619471
AL022324.2	0.125497238
AL022324.3	0.014560144
AL022326.1	0.006117226
AL022326.2	0.187524609
AL022328.1	0.523342736
AL022328.2	1.121631565
AL022328.3	0.480549071
AL022328.4	0.217311235
AL022329.1	0.023165979
AL022329.2	0
AL022329.3	0
AL022331.1	0
AL022332.1	0.036682723
AL022334.1	0
AL022334.2	0.022471957
AL022337.1	0
AL022341.1	0.139799837
AL022341.2	0.007675672
AL022342.1	0.075618266
AL022344.1	0
AL022344.2	0.202247615
AL022345.1	0.059434029
AL022345.2	0
AL022345.3	0.143110885
AL022393.1	0.110255971
AL022394.1	0
AL022396.1	0
AL022400.1	0
AL022401.1	0
AL022476.1	0.182753219
AL022578.1	0
AL022718.1	0.776887664
AL022721.1	0.04307496
AL022722.1	0.018688019
AL022722.2	0
AL022724.1	0.03926508
AL022725.1	0
AL023280.1	0
AL023284.1	0
AL023284.2	0
AL023284.3	0.039170807
AL023284.4	0.930603405
AL023495.1	0.045247747
AL023581.1	0
AL023581.2	0.059111018
AL023583.1	0.095156844
AL023584.1	0
AL023584.2	0.048992916
AL023653.1	0.366996013
AL023693.1	0
AL023754.1	0.56976607
AL023755.1	0.047366042
AL023773.1	0
AL023773.2	0
AL023775.1	0.01245868
AL023802.1	0.008643518
AL023803.1	0.058162713
AL023803.2	0.272763067
AL023803.3	0
AL023806.1	0.072553487
AL023806.2	0
AL023806.3	0.026233544
AL023807.1	0.302964549
AL023881.1	0.03613431
AL023973.1	0
AL024474.1	0
AL024474.2	0.021709436
AL024493.1	0
AL024497.1	0
AL024497.2	0
AL024498.1	0.103514604
AL024498.2	0
AL024507.1	0
AL024507.2	0.354941683
AL024508.1	0.193837318
AL024508.2	0.149306816
AL024509.1	0.023465863
AL024509.2	0
AL030996.1	0
AL031003.1	0
AL031005.1	0
AL031008.1	0
AL031009.1	0.074769207
AL031055.1	0.258552154
AL031056.1	0.007933207
AL031058.1	3.943929718
AL031073.1	0
AL031118.1	0.150908128
AL031119.1	0
AL031121.1	0.04282058
AL031123.1	0.708499665
AL031123.2	0.196266357
AL031123.3	0.130256614
AL031133.1	0
AL031183.1	0
AL031186.1	0.508508289
AL031229.1	0.339888353
AL031258.1	0
AL031274.1	2.015889542
AL031275.1	0
AL031280.1	0.024452399
AL031281.1	0.066863283
AL031281.2	0.072703391
AL031282.1	0.934292595
AL031282.2	0.224852307
AL031283.1	0.016804059
AL031283.2	0.003502875
AL031283.3	0.074803489
AL031284.1	0.068262096
AL031289.1	0.069276607
AL031313.1	0
AL031316.1	0.250819078
AL031320.1	0
AL031320.2	0.052315668
AL031386.1	0
AL031428.1	0.016330972
AL031429.1	0.014521265
AL031429.2	0.033517496
AL031432.1	0
AL031432.2	0.1184796
AL031432.3	0.089702493
AL031575.1	0
AL031577.1	0.109036865
AL031577.2	0.077688766
AL031584.1	0
AL031584.2	0
AL031587.1	0.01030941
AL031587.2	0
AL031587.3	0
AL031587.4	0
AL031587.5	4.994097769
AL031593.1	0
AL031594.1	0.026282144
AL031595.1	0.018477685
AL031595.2	0.008554686
AL031595.3	0.030504634
AL031597.1	0
AL031598.1	0
AL031599.1	0.013460925
AL031600.1	0.305303222
AL031600.2	0.035428102
AL031600.3	0
AL031601.1	0
AL031601.2	0
AL031602.1	0.116015225
AL031651.1	0.015127159
AL031651.2	0.376415517
AL031656.1	0
AL031658.1	0.037821655
AL031658.2	0
AL031659.1	0.0201789
AL031663.1	0
AL031663.2	0
AL031663.3	0.030313343
AL031665.1	0.019014733
AL031665.2	0.624483864
AL031666.1	0.138285145
AL031666.2	0.053102841
AL031666.3	0.064869348
AL031667.1	0
AL031667.2	0.03367315
AL031667.3	0.232473255
AL031668.1	0.054111579
AL031670.1	0.959206593
AL031673.1	0.746879128
AL031674.1	0.018544633
AL031676.1	0
AL031679.1	0
AL031681.1	0.081573205
AL031687.1	0
AL031705.1	0.031895681
AL031708.1	0.012252828
AL031709.1	0.175022968
AL031710.1	0
AL031710.2	0.015064304
AL031713.1	0
AL031714.1	0.264096809
AL031716.1	0.369388097
AL031717.1	0.462007531
AL031719.1	0.01681705
AL031719.2	0.388443832
AL031722.1	0.148314918
AL031726.1	0
AL031727.1	0.764935546
AL031727.2	0
AL031728.1	0.092135931
AL031729.1	0.623128647
AL031733.1	0
AL031733.2	0.012932732
AL031736.1	1.055963815
AL031736.2	0.221121775
AL031737.1	0
AL031767.1	0
AL031768.1	0.046546764
AL031770.1	0.051123043
AL031772.1	0.006964628
AL031773.1	0
AL031775.1	0.74798429
AL031775.2	0.429686017
AL031777.1	1.111618822
AL031777.2	0
AL031779.1	0
AL031846.1	0.186938594
AL031846.2	0.148139843
AL031847.1	0.20141532
AL031848.1	0.092960917
AL031848.2	0
AL031864.1	0
AL031864.2	0.031075507
AL031963.1	0
AL031963.2	0.054655414
AL031963.3	0.089570578
AL031985.1	0.026020161
AL031985.2	0.090636894
AL031985.3	0.848263623
AL032819.1	0
AL032819.2	0.035215075
AL032821.1	0.037440369
AL032822.1	0
AL033379.1	0
AL033380.1	0
AL033381.1	0.037996253
AL033381.2	0.534906261
AL033384.1	0.219078951
AL033384.2	0.238518142
AL033397.1	0
AL033397.2	0.318140469
AL033504.1	0
AL033519.1	0
AL033519.2	0.388443832
AL033519.3	0.127957968
AL033523.1	0
AL033527.1	0
AL033527.2	0.138553214
AL033527.3	0.036376011
AL033528.1	0
AL033528.2	0.012810868
AL033529.1	0.003155331
AL033539.1	0
AL033543.1	0.003233664
AL034345.1	0
AL034345.2	0.026899655
AL034346.1	0.442892889
AL034347.1	0.013025661
AL034349.1	0
AL034351.1	0
AL034369.1	0
AL034370.1	0.027362081
AL034372.1	0
AL034374.1	0.317559921
AL034376.1	0.157303701
AL034376.2	0
AL034379.1	0.472888143
AL034380.1	0
AL034397.1	0.035935332
AL034397.2	0
AL034397.3	0.605244715
AL034399.1	0.028622177
AL034399.2	0.130100805
AL034403.1	0
AL034405.1	0.062032855
AL034417.1	0.067977671
AL034417.2	0.063853781
AL034418.1	0.025294017
AL034428.1	0.044785289
AL034546.1	0
AL034548.1	0
AL034550.1	0.055154297
AL034550.2	0.036848427
AL034555.1	0
AL035045.1	0
AL035071.1	1.765952062
AL035071.2	0.355438801
AL035078.1	0.009960098
AL035078.2	0
AL035078.3	0
AL035079.1	0
AL035090.1	0
AL035246.1	0
AL035250.1	0
AL035250.2	0
AL035252.1	0
AL035252.2	0.016094151
AL035252.3	0.16017727
AL035252.4	0.377653726
AL035258.1	0.049550922
AL035398.1	0.067555449
AL035401.1	0
AL035404.1	0
AL035404.2	0
AL035405.1	0
AL035407.1	0
AL035407.2	0
AL035409.1	0.48145151
AL035410.1	0
AL035410.2	0
AL035411.1	0.267969948
AL035411.2	0
AL035413.1	0.514860464
AL035413.2	1.408756298
AL035414.1	0
AL035415.1	0
AL035416.1	0
AL035417.1	0
AL035417.2	0.04099156
AL035419.1	0.019284446
AL035420.1	0
AL035420.2	0.017656538
AL035420.3	0.067765902
AL035423.1	0
AL035425.1	0.166994545
AL035425.2	0.019318699
AL035425.3	0.117559462
AL035425.4	0.020463645
AL035427.1	0.028104463
AL035443.1	0
AL035446.1	1.032420251
AL035448.1	0.213845649
AL035454.1	0.02511877
AL035456.1	0.238343914
AL035458.1	1.896402708
AL035458.2	0.34131048
AL035460.1	0
AL035461.1	0
AL035461.2	1.245392439
AL035467.1	0
AL035530.1	0.230015079
AL035530.2	0.234141438
AL035541.1	0
AL035551.1	0
AL035555.1	0
AL035563.1	0.515905908
AL035587.1	1.744608137
AL035588.1	0.02665791
AL035604.1	0
AL035633.1	0
AL035634.1	0
AL035658.1	0.121864732
AL035660.1	0
AL035660.2	0
AL035661.1	5.885059875
AL035665.1	0.032583665
AL035666.1	0
AL035681.1	0.256683684
AL035690.1	0
AL035691.1	0
AL035696.1	0
AL035696.2	0
AL035696.3	0.005305574
AL035698.1	0
AL035701.1	0.029435527
AL035706.1	0
AL049536.1	0.156270507
AL049539.1	0.04739184
AL049541.1	0.016941476
AL049541.2	0.039194333
AL049542.1	0.039123839
AL049543.1	0.015137686
AL049544.1	0.01616111
AL049545.1	0
AL049548.1	0
AL049552.1	0.094249803
AL049555.1	16.12051951
AL049564.1	0
AL049569.1	0.136810406
AL049594.1	0
AL049597.1	0.039194333
AL049597.2	0.497984184
AL049610.1	0.029237708
AL049612.1	0.062688342
AL049629.1	0.05035383
AL049634.1	0.056911538
AL049634.2	0.03390936
AL049634.3	0
AL049636.1	0
AL049637.1	0.021623116
AL049641.1	0
AL049646.1	0.008537227
AL049646.2	0.08431339
AL049647.1	0.030398064
AL049648.1	0
AL049649.1	0.022769911
AL049650.1	0.039646758
AL049651.1	0
AL049651.2	0.020406055
AL049693.1	0
AL049697.1	0.064703958
AL049697.2	0
AL049697.3	0.044303166
AL049712.1	0.012472967
AL049714.1	0.031344171
AL049732.1	0
AL049733.1	0
AL049734.1	0.017888861
AL049734.2	0.017656538
AL049737.1	0.038761323
AL049745.1	0
AL049747.1	0
AL049748.1	0
AL049749.1	0
AL049757.1	0.020444412
AL049758.1	0.027396542
AL049765.1	0
AL049775.1	0.075530745
AL049775.2	0.03898361
AL049775.3	0.050745384
AL049776.1	0.118163655
AL049777.1	0
AL049779.1	0.054111579
AL049779.2	0.0358958
AL049779.3	0
AL049780.1	0.08896873
AL049780.2	0.118544167
AL049780.3	0.054966152
AL049781.1	0
AL049792.1	0.01723681
AL049794.1	0.126470085
AL049794.2	0
AL049795.1	0.02404516
AL049795.2	0
AL049796.1	0.123175847
AL049812.1	0
AL049812.2	0
AL049812.3	0
AL049820.1	0
AL049829.1	0
AL049829.2	0
AL049830.1	0.102366375
AL049830.2	0
AL049830.3	0.037798183
AL049830.4	0
AL049833.1	0
AL049833.2	0
AL049833.3	0
AL049835.1	0.042320729
AL049836.1	0.100894502
AL049836.2	0.021201613
AL049838.1	2.283938862
AL049839.1	0
AL049839.2	0.042555307
AL049840.1	0.62748619
AL049840.2	1.219786239
AL049840.3	0.996857494
AL049840.4	4.492728908
AL049840.5	0.216740399
AL049840.6	0.022897742
AL049844.1	0.028547053
AL049844.2	0.259787276
AL049844.3	0
AL049861.1	0
AL049869.1	0.015515588
AL049869.2	0
AL049869.3	0.350852493
AL049869.4	0
AL049870.1	0
AL049870.2	0.031389401
AL049870.3	0.15106149
AL049870.4	0
AL049871.1	0.074157459
AL049872.1	1.04710946
AL049873.1	0.607460035
AL049873.2	1.157531419
AL049874.1	0
AL049874.2	0
AL049874.3	0
AL049874.4	0
AL049875.1	0.053977307
AL050303.1	0
AL050303.2	0
AL050303.3	0
AL050303.4	0
AL050305.1	0
AL050320.1	0
AL050321.1	0
AL050327.1	0.021452519
AL050331.1	0.104748899
AL050331.2	0
AL050335.1	0
AL050338.1	0
AL050341.1	0.069497938
AL050341.2	1.616289326
AL050343.1	0.101648853
AL050343.2	0.038844383
AL050344.1	0.050412178
AL050349.1	0
AL050402.1	0.028250461
AL050403.1	0
AL050403.2	0.042519262
AL050404.1	0.04068489
AL078459.1	0.02388324
AL078581.1	0.671779333
AL078581.2	0
AL078581.3	0.102331977
AL078587.1	0.301008136
AL078590.1	0
AL078590.2	0.018849961
AL078590.3	0.108454403
AL078595.1	0
AL078595.2	0
AL078595.3	0
AL078596.1	0
AL078599.1	0.148483649
AL078599.2	0
AL078601.1	0
AL078601.2	0.068838147
AL078601.3	0
AL078603.1	0
AL078604.1	0.046679945
AL078604.2	0.027163904
AL078604.3	0
AL078605.1	0.021752855
AL078612.1	0
AL078612.2	0
AL078621.1	0.056648059
AL078621.2	0
AL078621.3	0.239686204
AL078623.1	0
AL078624.1	0
AL078624.2	0
AL078639.1	0
AL078644.1	0.029990149
AL078644.2	0.69424004
AL078645.1	0
AL078645.2	0
AL079301.1	0.053283171
AL079303.1	0.129035303
AL079304.1	0
AL079305.1	0.021695001
AL079307.1	0.029091079
AL079307.2	0.02427774
AL079307.3	0
AL079341.1	0.009011125
AL079342.1	0.040735683
AL079342.2	0.022565202
AL079342.3	0.010554515
AL079343.1	0.006141404
AL079352.1	0
AL080243.1	0.123129366
AL080243.2	1.943554019
AL080248.1	0
AL080250.1	0.179006374
AL080251.1	0.002489455
AL080273.1	0
AL080274.1	0
AL080276.1	0
AL080276.2	0.082024339
AL080284.1	0
AL080285.1	0.01105328
AL080285.2	0
AL080312.1	0
AL080312.2	0
AL080313.1	0
AL080313.2	0
AL080315.1	0
AL080316.1	0
AL080317.1	1.015393572
AL080317.2	0.235590483
AL080317.3	0.22433419
AL096677.1	0.120255339
AL096678.1	0.230432782
AL096700.1	0
AL096701.1	0.095198488
AL096701.2	0
AL096701.3	0.082815436
AL096711.1	0.01963254
AL096711.2	0.012884581
AL096712.1	0.068405203
AL096772.1	0
AL096799.1	0.08564116
AL096800.1	0
AL096803.1	0.01065272
AL096803.2	0.016065624
AL096803.3	0
AL096814.1	0
AL096816.1	0.197414605
AL096817.1	0.012255129
AL096828.1	0.060201627
AL096828.2	0.011070155
AL096828.3	0.282504605
AL096829.1	0
AL096829.2	0.043974773
AL096840.1	0
AL096855.1	0.092960917
AL096855.2	0.029475413
AL096861.1	0
AL096865.1	0.856503983
AL096869.1	0
AL096869.2	0.00790438
AL096869.3	0
AL096870.1	0.011695083
AL096870.2	0.285751784
AL109610.1	0
AL109613.1	0.022264948
AL109614.1	1.064280475
AL109615.1	0.071712707
AL109615.2	0.040583684
AL109615.3	0.274752954
AL109618.1	0.051700189
AL109618.2	0
AL109618.3	0
AL109620.1	0
AL109628.1	0
AL109653.1	0
AL109653.2	0
AL109659.1	0
AL109659.2	0.012994537
AL109659.3	0
AL109741.1	0.431818453
AL109741.2	0.253677605
AL109741.3	0.036744687
AL109755.1	0
AL109761.1	0.57496532
AL109763.1	0
AL109766.1	0.216740399
AL109767.1	0.019284446
AL109797.1	0.013025661
AL109804.1	0.05805922
AL109806.1	0.026145258
AL109807.1	0
AL109809.1	0.069542374
AL109809.2	0
AL109809.3	0
AL109809.4	0
AL109810.1	0.02197258
AL109810.2	0
AL109811.1	0.02027671
AL109811.2	0.284085788
AL109811.3	0.65008531
AL109811.4	0
AL109827.1	0.012472967
AL109837.1	0
AL109838.1	0
AL109910.1	0
AL109910.2	0.005569087
AL109913.1	0
AL109914.1	0.372480387
AL109917.1	0.10804398
AL109918.1	0.540421363
AL109918.2	0
AL109918.3	0.064357558
AL109923.1	0.074623858
AL109924.1	0
AL109924.2	0.197964951
AL109924.3	0.02712326
AL109924.4	0.048700421
AL109930.1	0.030045379
AL109933.1	0
AL109933.2	0
AL109933.3	0
AL109933.4	0
AL109935.1	0.022994561
AL109935.2	0
AL109936.1	0.023644407
AL109936.2	0.06693186
AL109941.1	0
AL109945.1	0
AL109947.1	0.028472323
AL109954.1	0
AL109954.2	0.082086244
AL109954.3	0
AL109955.1	0.091813997
AL109976.1	0.130256614
AL109983.1	0
AL110115.1	0.029880295
AL110115.2	0.234261511
AL110118.1	0
AL110118.2	0.070933222
AL110292.1	0
AL110503.1	0
AL110504.1	0
AL110505.1	0.041672135
AL117187.1	0
AL117190.1	0.004905921
AL117190.2	0
AL117190.3	0
AL117192.1	0
AL117209.1	0.170765163
AL117328.1	0.13427688
AL117328.2	0
AL117329.1	0.320176023
AL117329.2	0.014697875
AL117332.1	0.647672262
AL117335.1	0.311335193
AL117336.1	0.028622177
AL117336.2	0.292202524
AL117336.3	0.331222644
AL117337.1	0
AL117338.1	0
AL117339.1	0
AL117339.2	0
AL117339.3	0
AL117339.4	0.076995804
AL117341.1	0
AL117342.1	0
AL117344.1	0.070626151
AL117348.1	0
AL117348.2	0
AL117350.1	0.016994418
AL117351.1	0
AL117351.2	0
AL117372.1	0.09478368
AL117378.1	0
AL117378.2	0
AL117379.1	0.240984357
AL117381.1	0.174488138
AL117382.1	0.048019547
AL117382.2	0
AL117692.1	0.015254456
AL118496.1	0.012004887
AL118496.2	0
AL118505.1	2.032293092
AL118506.1	2.212693029
AL118508.1	0.129757122
AL118508.2	0
AL118508.3	0.005866466
AL118508.4	0.055491976
AL118511.1	0.260267152
AL118511.2	0
AL118516.1	1.623347358
AL118520.1	0
AL118522.1	0.11653315
AL118523.1	0.022659224
AL118556.1	0.02166619
AL118556.2	0
AL118557.1	0.024719153
AL118558.1	0.166654934
AL118558.2	0
AL118558.3	0.675366663
AL118558.4	0.18463071
AL121574.1	0.207664483
AL121576.1	0
AL121578.1	0
AL121578.2	0
AL121578.3	0
AL121579.1	0
AL121579.2	0
AL121580.1	0.29798431
AL121583.1	0.143530566
AL121584.1	0
AL121590.1	0
AL121594.1	0.047938622
AL121601.1	0.16681637
AL121601.2	0.015383914
AL121603.1	0
AL121603.2	0.90936591
AL121612.1	0
AL121652.1	0.02427774
AL121655.1	0.141252303
AL121656.1	0
AL121657.1	0.040965828
AL121658.1	0.076379405
AL121672.1	0.064466546
AL121672.2	0.163083685
AL121672.3	0.092960917
AL121694.1	0
AL121718.1	0
AL121721.1	0.517013269
AL121723.1	0.02864102
AL121748.1	0.157629381
AL121748.2	0.013926283
AL121749.1	0.020207018
AL121753.1	0.493448497
AL121753.2	1.005008683
AL121757.1	0
AL121757.2	0
AL121758.1	0.01202258
AL121759.1	0.039194333
AL121760.1	0.502956176
AL121761.1	0.958803508
AL121761.2	0.382786883
AL121768.1	0.00855065
AL121769.1	0
AL121772.1	0.04192199
AL121772.2	0
AL121772.3	0.790719492
AL121776.1	0.087713123
AL121781.1	0
AL121782.1	0.184346225
AL121785.1	0
AL121787.1	0.011632543
AL121790.1	0.058950825
AL121790.2	0.163555298
AL121796.1	0
AL121809.1	0
AL121809.2	0.031895681
AL121820.1	0.235931178
AL121820.2	1.754262467
AL121821.1	0.123129366
AL121821.2	0
AL121823.1	0
AL121827.1	0
AL121827.2	0.055535568
AL121829.1	0
AL121829.2	0.033159839
AL121830.1	0.013242403
AL121832.1	0
AL121832.2	0.993206684
AL121832.3	0.108764273
AL121834.1	0
AL121835.1	0
AL121835.2	0.003105776
AL121839.1	0
AL121839.2	0.173884982
AL121845.1	0
AL121845.2	0
AL121845.3	0.200010394
AL121845.4	0.1777194
AL121852.1	0.050588034
AL121871.1	0.024945934
AL121872.1	0
AL121873.1	0
AL121877.1	0
AL121878.1	0
AL121882.1	0
AL121885.1	0
AL121885.2	0
AL121885.3	0
AL121890.1	0
AL121890.2	0.046780332
AL121890.3	0
AL121890.4	0.107156919
AL121890.5	0.107333164
AL121892.1	0
AL121894.1	0
AL121894.2	0.199364248
AL121895.1	0
AL121895.2	0.072996156
AL121899.1	0.199201965
AL121900.1	0
AL121901.1	0
AL121902.1	0
AL121904.1	0.008044695
AL121906.1	0.049438306
AL121906.2	0.180521615
AL121908.1	0
AL121910.1	0
AL121912.1	0
AL121916.1	0
AL121917.1	0.200223514
AL121917.2	0.05577655
AL121928.1	0
AL121929.1	0
AL121929.2	0.144310139
AL121932.1	0
AL121944.1	1.791598082
AL121949.1	0.022471957
AL121949.2	0
AL121949.3	0
AL121950.1	0.005236604
AL121952.1	0
AL121955.1	0.107687399
AL121956.1	0.007026116
AL121956.4	0
AL121956.5	0
AL121957.1	0.03601466
AL121970.1	0.011707672
AL121972.1	0.013527895
AL121974.1	0
AL121977.1	0
AL121978.1	0
AL121983.1	0.097400841
AL121983.2	0.112709091
AL121985.1	0.081817337
AL121985.2	0
AL121985.3	0.083184912
AL121987.1	0.050588034
AL121987.2	0.179206026
AL121988.1	0
AL121989.1	0
AL121990.1	0.01840343
AL121992.1	0.04205297
AL121992.2	0
AL121992.3	0
AL121994.1	0.081167368
AL121999.1	0
AL122001.1	0.029395749
AL122003.1	0.013872994
AL122008.1	0
AL122008.2	0.019081451
AL122008.3	0.025249976
AL122008.4	0
AL122010.1	1.510614902
AL122013.1	0.040735683
AL122016.1	0
AL122017.1	0.013837694
AL122018.1	0.032958871
AL122019.1	0.011595338
AL122020.1	1.374363362
AL122023.1	0.328344975
AL122034.1	0
AL122035.1	1.918206269
AL122035.2	0.517648144
AL122058.1	0.033647107
AL122125.1	0.326292819
AL122126.1	0
AL122127.1	0
AL132639.1	0
AL132639.2	0.096039093
AL132639.3	0.22573717
AL132640.1	0
AL132640.2	0
AL132640.3	0
AL132642.1	0.137676295
AL132642.2	0
AL132655.1	0.028299464
AL132655.2	0.054931451
AL132655.3	0
AL132656.1	0
AL132656.2	0.118415104
AL132656.3	0.006819077
AL132656.4	0.568936583
AL132657.1	0.091655286
AL132657.2	0
AL132671.1	0
AL132708.1	0.01914864
AL132709.1	0.00847734
AL132711.1	0
AL132712.1	0.168192175
AL132712.2	0
AL132719.1	0
AL132765.1	0.059004126
AL132765.2	0.278882751
AL132777.1	0
AL132780.1	0.25294017
AL132780.2	0.691865758
AL132780.3	0
AL132780.4	0.536634298
AL132780.5	0.03346593
AL132796.1	0
AL132796.2	0
AL132796.3	0
AL132800.1	0.140240467
AL132801.1	0
AL132819.1	0
AL132821.1	0.055210291
AL132822.1	0.424032253
AL132838.1	0.20067209
AL132838.2	0.069276607
AL132855.1	0
AL132857.1	0.009745903
AL132875.1	0
AL132875.2	0
AL132989.1	1.661676393
AL132989.2	0.173868287
AL132994.1	0
AL132994.2	0
AL132996.1	0.007600578
AL133153.1	0
AL133153.2	0.0358958
AL133163.1	0.011460935
AL133163.2	0.034860344
AL133163.3	0
AL133166.1	0
AL133167.1	0
AL133173.1	0
AL133173.2	0
AL133215.1	0.031802419
AL133215.2	0.3451067
AL133215.3	0.097110958
AL133216.1	0.014960698
AL133216.2	0.762500855
AL133217.1	0
AL133227.1	0.073241935
AL133230.1	0.125670514
AL133232.1	0
AL133240.1	0
AL133241.1	0
AL133243.1	0.089151043
AL133243.2	0.503227666
AL133243.3	0.202756301
AL133243.4	0.003498368
AL133244.1	0
AL133245.1	0.023904236
AL133247.1	0
AL133247.2	0
AL133255.1	0.0246631
AL133260.1	0.456541393
AL133260.2	0
AL133264.1	0
AL133264.2	0.078107198
AL133268.1	0.100923308
AL133268.2	0
AL133268.3	0
AL133270.1	0
AL133271.1	0
AL133279.1	0.017888861
AL133279.2	0
AL133279.3	0
AL133284.1	0.002177027
AL133297.1	0.188452948
AL133297.2	0.044851247
AL133299.1	0.021452519
AL133304.1	0
AL133304.2	0
AL133304.3	0
AL133319.1	0
AL133320.1	0
AL133325.1	0
AL133325.2	0
AL133325.3	0
AL133329.1	0
AL133330.1	0.355337824
AL133330.2	0
AL133338.1	1.025266383
AL133338.2	0.236444072
AL133342.1	0.297170145
AL133343.1	0
AL133343.2	0
AL133346.1	0
AL133351.1	0.0201789
AL133351.2	0
AL133351.3	0
AL133351.4	0
AL133352.1	0.015254456
AL133353.1	0.394853796
AL133355.1	1.352721485
AL133367.1	0.192740036
AL133368.1	0.040085113
AL133368.2	0
AL133370.1	0.020254055
AL133370.2	0.024775461
AL133371.1	0.071180807
AL133371.2	0.924866267
AL133371.3	0.018655964
AL133372.1	0.014599231
AL133372.2	0
AL133372.3	0
AL133373.1	0
AL133373.2	0.003845979
AL133375.1	0
AL133380.1	0
AL133383.1	0.060357532
AL133383.2	0
AL133384.1	0
AL133384.2	0
AL133387.1	0
AL133387.2	0
AL133387.3	0
AL133393.1	0
AL133396.1	0
AL133396.2	0
AL133399.1	0
AL133406.1	0
AL133406.2	0.190655236
AL133406.3	0.180938717
AL133410.1	0.137097823
AL133410.2	0
AL133412.1	0.010905509
AL133415.1	0.308114088
AL133417.1	0.110661324
AL133419.1	0
AL133445.1	0
AL133445.2	0.185745438
AL133453.1	0
AL133456.1	0
AL133457.1	0
AL133464.1	0
AL133465.1	0
AL133466.1	0.072509515
AL133467.1	0.460030158
AL133467.2	0.031728201
AL133467.3	0
AL133467.4	0
AL133477.1	0.148122551
AL133480.1	0
AL133481.1	0
AL133481.2	0
AL133481.3	0.032661944
AL133485.1	0
AL133492.1	0
AL133499.1	0.017888861
AL133517.1	0.261732208
AL133520.1	0.90118969
AL133523.1	0.098577891
AL133547.1	0
AL133551.1	0.089005133
AL133553.1	0.030811409
AL135744.1	0.069166469
AL135746.1	0
AL135785.1	0
AL135786.1	0.45741984
AL135786.2	0.053055743
AL135787.1	0
AL135790.1	0
AL135790.2	0
AL135791.1	0.079005525
AL135818.1	0.510896898
AL135818.2	0.246840903
AL135838.1	0
AL135901.1	0
AL135902.1	0.008015053
AL135902.2	0
AL135903.1	0.013681041
AL135905.1	0.666219906
AL135908.1	0
AL135923.1	0
AL135923.2	0
AL135924.1	0
AL135924.2	0
AL135925.1	0.863208516
AL135929.1	0
AL135929.2	0
AL135934.1	0
AL135936.1	0.010898224
AL135937.1	0.029839307
AL135938.1	0
AL135960.1	0.013474266
AL135978.1	0.008591175
AL135999.1	0.425934711
AL135999.2	0.025804098
AL135999.3	0.133946149
AL136018.1	0.091881118
AL136038.1	0
AL136038.2	0
AL136038.3	0.069466233
AL136038.4	0.138003836
AL136038.5	0.196325402
AL136040.1	0.308005021
AL136084.1	0
AL136084.2	0.002276356
AL136084.3	0.644161981
AL136087.1	0.025531519
AL136088.1	0.011965267
AL136090.1	0.118868058
AL136097.1	0.011912845
AL136097.2	0
AL136097.3	0
AL136099.1	0
AL136100.1	0
AL136115.1	0.084150308
AL136115.2	0.074115348
AL136116.1	0.028547053
AL136116.2	0
AL136116.3	0.563892101
AL136126.1	0.216446314
AL136131.1	0
AL136131.2	0
AL136131.3	0
AL136139.1	0.048992916
AL136140.1	0.022994561
AL136140.2	0
AL136141.1	0.058950825
AL136146.1	0.006524551
AL136146.2	0
AL136162.1	0.282504605
AL136164.1	0
AL136164.2	0
AL136164.3	0.008202434
AL136164.4	0.127358633
AL136172.1	0.031209261
AL136181.1	0
AL136221.1	0.106841133
AL136226.1	0.01356163
AL136228.1	0
AL136231.1	0
AL136234.1	0
AL136295.1	0.003969499
AL136295.2	0.16016158
AL136295.3	0.051183187
AL136295.4	0.014998521
AL136295.5	0.136012013
AL136295.6	0.545474317
AL136295.7	0.897305252
AL136298.1	0
AL136298.2	0
AL136298.3	0.048882819
AL136301.1	0
AL136304.1	0.448732757
AL136307.1	0
AL136309.1	0
AL136309.2	0.028659887
AL136309.3	0
AL136309.4	0
AL136310.1	0.049891868
AL136311.1	0.070769759
AL136313.1	0
AL136317.1	0
AL136317.2	0
AL136317.3	0
AL136320.1	0.025294017
AL136322.1	0
AL136359.1	0
AL136360.1	0.005724435
AL136360.2	0
AL136361.1	0
AL136363.1	0
AL136363.2	0
AL136366.1	0.020638382
AL136368.1	0.406848901
AL136369.1	0.044575522
AL136369.2	0
AL136372.1	0
AL136376.1	0
AL136379.1	0.0205837
AL136380.1	0.26855376
AL136418.1	0.02231062
AL136439.1	0
AL136452.1	0.123877304
AL136454.1	1.330378446
AL136455.1	0
AL136460.1	0
AL136501.1	0
AL136520.1	0
AL136526.1	0.039496785
AL136528.1	0
AL136528.2	0.030986972
AL136529.1	0
AL136531.1	0.974346612
AL136531.2	0.07119116
AL136531.3	0.002973326
AL136537.1	0
AL136537.2	0.004292197
AL136964.1	0.010912803
AL136967.1	0
AL136967.2	0
AL136968.1	0.034491841
AL136968.2	0.030724371
AL136972.1	0
AL136979.1	0
AL136980.1	0
AL136981.1	0
AL136981.2	0.711265
AL136982.1	0.004770363
AL136982.2	0
AL136982.3	0.031617521
AL136982.4	0
AL136982.5	0.073989301
AL136982.6	0
AL136982.7	0
AL136984.1	0
AL136985.1	0
AL136985.2	0.060989312
AL136987.1	0.031802419
AL136988.1	0
AL136988.2	0.303175674
AL137000.1	0
AL137001.1	0
AL137002.1	0
AL137003.1	0.981683266
AL137003.2	1.002791169
AL137005.1	0
AL137013.1	0.053142153
AL137014.1	0
AL137022.1	0
AL137024.1	0
AL137025.1	0.004573771
AL137026.1	0.112359786
AL137026.2	0
AL137027.1	0.024496458
AL137028.1	0
AL137028.2	0.042486044
AL137058.1	0
AL137058.2	0.24292528
AL137058.3	0
AL137060.1	0.028751885
AL137067.1	0
AL137067.2	0.083026163
AL137071.1	0.04475896
AL137072.1	0
AL137074.1	0
AL137076.1	0.019739432
AL137077.1	0
AL137078.1	0
AL137078.2	0
AL137100.1	0.006713844
AL137100.2	0
AL137127.1	0.086320852
AL137129.1	0
AL137141.1	0.004498109
AL137145.1	0.031113605
AL137145.2	0.074013277
AL137159.1	0.276159287
AL137161.1	0
AL137186.1	0.226592235
AL137186.2	0.447623925
AL137190.1	0
AL137191.1	0.013361704
AL137220.1	0
AL137222.1	0.018720185
AL137224.1	0
AL137230.1	0
AL137230.2	0
AL137244.1	0.238904183
AL137246.1	0
AL137246.2	0.016429648
AL137247.1	0
AL137779.1	0.145261133
AL137779.2	0.242777395
AL137779.3	0.014919653
AL137782.1	0.182228318
AL137783.1	0
AL137784.1	0.408778476
AL137784.2	0.032629282
AL137784.3	0.061797882
AL137786.1	0.00717916
AL137789.1	0.007222063
AL137792.1	0.039053599
AL137792.2	0
AL137793.1	0.072630566
AL137796.1	0.018849961
AL137798.1	0.032083856
AL137802.1	0.033261246
AL137802.2	0.009798583
AL137804.1	0.075530745
AL137843.1	0
AL137845.1	0
AL137845.2	0.022017059
AL137847.1	0.122482289
AL137847.2	0.082553528
AL137847.3	0
AL137849.1	0
AL137856.1	0.020141532
AL137918.1	0.045271289
AL138478.1	0
AL138479.1	0
AL138686.1	0
AL138688.1	0.006823355
AL138688.2	0.0143773
AL138689.1	0.04884623
AL138690.1	0
AL138693.1	1.349014238
AL138709.1	0.006424352
AL138713.1	0
AL138720.1	0.018806503
AL138721.1	0.060762164
AL138724.1	1.429530426
AL138725.1	0.091050761
AL138726.1	0
AL138729.1	0
AL138731.1	0
AL138733.1	0
AL138733.2	0
AL138737.1	0
AL138749.1	0
AL138752.1	0.154934862
AL138752.2	0.012593316
AL138756.1	0.618489972
AL138759.1	0.016862678
AL138760.1	0.075009843
AL138762.1	0.11295007
AL138767.1	0.043856562
AL138767.2	0
AL138767.3	0.725095153
AL138775.1	0
AL138781.1	0.097838926
AL138781.2	0.01180296
AL138785.1	0.525748752
AL138787.1	0.042293301
AL138787.2	0.049513326
AL138789.1	0.011329612
AL138799.1	0.149347957
AL138799.2	0
AL138799.3	0
AL138799.4	0
AL138807.1	0
AL138808.1	0
AL138812.1	0
AL138820.1	0.051255548
AL138825.1	0
AL138826.1	0
AL138827.1	0
AL138828.1	0.008258487
AL138828.2	0
AL138830.1	0
AL138830.2	0
AL138831.1	0.312241932
AL138831.2	0.044393581
AL138831.3	0.17903584
AL138847.1	0.019920197
AL138847.2	0
AL138878.1	0
AL138878.2	0.0788782
AL138880.1	0
AL138880.2	0
AL138881.1	0.510047921
AL138885.1	0
AL138885.2	0
AL138889.1	0
AL138889.2	0
AL138895.1	0.062869522
AL138895.2	0
AL138899.1	0.005440934
AL138899.2	0.152575132
AL138900.1	0
AL138900.2	0.557765502
AL138900.3	0.242082643
AL138902.1	0.088942747
AL138916.1	0
AL138916.2	0
AL138918.1	0
AL138921.1	0.12856297
AL138921.2	0.677424538
AL138930.1	0.068512928
AL138955.1	0.125497238
AL138957.1	0
AL138960.1	0.084806451
AL138960.2	0
AL138962.1	0
AL138963.1	0.070170499
AL138963.2	0.048125785
AL138963.3	0
AL138966.1	0
AL138966.2	0.023440576
AL138974.1	0
AL138976.1	0
AL138976.2	0.360457965
AL138995.1	0.128905805
AL138999.1	0
AL139002.1	0
AL139005.1	0.093131488
AL139008.1	0
AL139008.2	0
AL139010.1	0
AL139011.1	0.742018379
AL139011.2	0.034047946
AL139020.1	0.018025236
AL139021.1	0.149675605
AL139021.2	0.245332947
AL139022.1	0.13427688
AL139022.2	0.098207018
AL139023.1	0.17128232
AL139035.1	0.246142626
AL139039.1	0.01571738
AL139039.2	0.136239173
AL139039.3	0.051616943
AL139041.1	0.160471878
AL139042.1	0
AL139081.1	0
AL139082.1	0.006336398
AL139089.1	0.301193371
AL139093.1	0
AL139094.1	0.073241935
AL139095.1	0.166901698
AL139095.2	1.951797227
AL139095.3	1.139176924
AL139095.4	0.087011418
AL139098.1	0
AL139098.2	0
AL139099.1	0
AL139099.2	0.271232601
AL139099.3	0.763258056
AL139100.1	1.070170557
AL139109.1	0
AL139118.1	0
AL139120.1	0.030381082
AL139121.1	0
AL139123.1	0.151764102
AL139124.1	0.077504233
AL139125.1	0.097633997
AL139125.2	0.192039647
AL139128.1	0.023116742
AL139130.1	0.001947087
AL139132.1	0
AL139135.1	0
AL139135.2	0
AL139142.1	0
AL139147.1	0.197582157
AL139148.1	0
AL139156.1	0
AL139156.2	0.447852889
AL139156.3	0
AL139158.1	0
AL139158.2	0.174913304
AL139161.1	0.400710479
AL139161.2	0.014697875
AL139174.1	0.049103509
AL139184.1	0
AL139193.1	0.0201789
AL139193.2	0
AL139220.1	0
AL139220.2	0.19308072
AL139230.1	0.025591594
AL139231.1	0.069720688
AL139237.1	0
AL139237.2	0
AL139240.1	0
AL139241.1	0.232800242
AL139246.1	0.023904236
AL139246.2	0.025157503
AL139246.3	0.104246907
AL139246.4	0.063481093
AL139246.5	0.218402155
AL139247.1	0
AL139254.1	0
AL139260.1	0.245165369
AL139260.2	0.00500987
AL139260.3	0.013382254
AL139274.1	0
AL139274.2	0.023718887
AL139275.1	0
AL139275.2	0
AL139276.1	0
AL139280.1	0
AL139281.1	0
AL139286.1	0
AL139286.2	0.164794353
AL139287.1	1.775168186
AL139288.1	0.011657478
AL139289.1	0.535638006
AL139289.2	0.773361699
AL139294.1	0
AL139300.1	0
AL139300.2	0.059004126
AL139316.1	0
AL139317.1	0
AL139317.2	0.137676295
AL139317.3	0
AL139317.4	0.286221771
AL139327.1	0
AL139327.2	0
AL139327.3	0
AL139327.4	0
AL139339.1	0.115882787
AL139339.2	0.066218735
AL139344.1	0
AL139348.1	0
AL139349.1	0.263899449
AL139350.1	0
AL139351.1	0.237921847
AL139352.1	0.107535298
AL139353.1	0.083626985
AL139353.2	0.188257536
AL139354.1	0.033725356
AL139383.1	0.077941824
AL139384.1	0.19275585
AL139384.2	0.042415037
AL139385.1	0.049861372
AL139390.1	0.021037577
AL139393.1	0
AL139393.2	1.788568044
AL139395.1	0
AL139396.1	1.497951065
AL139397.1	0.084444311
AL139397.2	0.014088636
AL139400.1	0
AL139407.1	0.388774423
AL139412.1	0.120849192
AL139413.1	0
AL139415.1	0.030898941
AL139415.2	0
AL139418.1	0
AL139420.1	0
AL139420.2	0
AL139421.1	0.257430232
AL139423.1	0.101584705
AL139424.1	0.013646709
AL139805.1	0.008940754
AL139806.1	0
AL139807.1	0.046348412
AL139811.1	0.009461877
AL139811.2	0.01334531
AL139819.1	0
AL139824.1	0
AL139824.2	0
AL157359.1	0
AL157359.2	0
AL157359.3	0
AL157366.1	0
AL157371.1	0
AL157373.1	0
AL157373.2	0.127209676
AL157378.1	0
AL157384.1	0.030786491
AL157385.1	0
AL157387.1	0
AL157392.1	0
AL157392.2	0
AL157392.3	0.479241112
AL157392.4	0.126103505
AL157394.1	0.586474021
AL157395.1	0.074496077
AL157396.1	0.001288066
AL157398.1	0
AL157400.1	0.029555509
AL157400.2	0
AL157400.3	0.033517496
AL157400.4	0.097838926
AL157400.5	0
AL157401.1	0
AL157402.1	0
AL157402.2	0
AL157407.1	0
AL157413.1	0.026431172
AL157414.1	0.028250461
AL157414.2	0
AL157414.3	0
AL157687.1	0
AL157688.1	0
AL157698.1	0
AL157700.1	0.15950068
AL157702.1	0
AL157702.2	0.088932357
AL157709.1	0
AL157712.1	0.005292665
AL157713.1	0.014208266
AL157714.1	0
AL157714.2	0.013474266
AL157756.1	0.01379382
AL157762.1	0.026208259
AL157770.1	0.049550922
AL157777.1	0
AL157777.2	0
AL157778.1	0
AL157786.1	0.066683485
AL157788.1	0.189981263
AL157791.1	0.038409985
AL157791.2	0
AL157813.1	0.18528837
AL157817.1	0
AL157823.1	0
AL157823.2	0.113804172
AL157827.1	0
AL157831.1	0
AL157831.2	0
AL157832.1	0.065917741
AL157832.2	0.004638135
AL157834.1	0
AL157834.2	0.032809735
AL157834.3	0
AL157838.1	0.452097697
AL157871.1	0
AL157871.2	0.216740399
AL157871.3	0.185604561
AL157871.4	0
AL157871.5	0.20406055
AL157871.6	0
AL157882.1	0
AL157884.1	0
AL157884.2	0
AL157884.3	0.009186172
AL157895.1	0.187088708
AL157896.1	0.013767629
AL157899.1	0
AL157902.1	0
AL157902.2	0.007289831
AL157904.1	0.085193947
AL157911.1	0
AL157912.1	0
AL157931.1	0.185921834
AL157932.1	0.299626096
AL157935.1	0.107901064
AL157935.2	0.159395917
AL157937.1	0.024551755
AL157938.1	0.019456936
AL157938.2	0.028735607
AL157938.3	0.01410691
AL157955.1	0
AL157955.2	0.097459026
AL157996.1	0.009461877
AL158013.1	0
AL158032.1	0
AL158032.2	0
AL158042.1	0.023644407
AL158047.1	0.012345547
AL158050.1	0.071398866
AL158050.2	0
AL158053.1	0
AL158055.1	0.051730927
AL158058.1	0
AL158062.1	0.029198463
AL158063.1	0.060875526
AL158066.1	0
AL158068.1	0.017656538
AL158068.2	0
AL158069.1	0
AL158070.1	0.01723681
AL158070.2	0
AL158071.1	0.023593118
AL158071.2	0.066726548
AL158071.3	0.085979662
AL158071.4	0.089648128
AL158073.1	0
AL158077.1	0
AL158090.1	0.018067155
AL158147.1	0
AL158151.1	0.109334715
AL158151.2	0.045130404
AL158151.3	0
AL158151.4	0.021452519
AL158152.1	0.075793918
AL158152.2	0.323978685
AL158154.1	0
AL158154.2	0.009851836
AL158156.1	0.045989122
AL158163.1	0.191277375
AL158163.2	0.062151013
AL158166.1	0.674279859
AL158166.2	0.203569495
AL158168.1	0
AL158196.1	0.225548032
AL158198.1	0.028622177
AL158201.1	0.278882751
AL158206.1	1.571962011
AL158207.1	0.095687044
AL158207.2	0.040888824
AL158209.1	0
AL158209.2	0
AL158210.1	0.065258564
AL158211.1	0.142548195
AL158211.2	0
AL158211.3	0
AL158211.4	0.018624019
AL158211.5	0.172778829
AL158212.1	0.034528341
AL158212.2	0.023644407
AL158212.3	0.839412727
AL158212.4	0.033830256
AL158214.1	0
AL158801.1	0
AL158801.2	0.029081356
AL158801.3	0.02996261
AL158801.4	0.04739184
AL158801.5	0.958996815
AL158817.1	0
AL158819.1	0
AL158823.1	0.11377016
AL158824.1	0.048339677
AL158825.1	0
AL158825.2	0.129867789
AL158827.1	0
AL158827.2	0.131835482
AL158828.1	0
AL158829.1	0
AL158832.1	0
AL158834.1	0
AL158834.2	0.088266768
AL158835.1	0.07288981
AL158835.2	0.009544912
AL158835.3	0.253783304
AL158835.4	0
AL158837.1	0
AL158839.1	0.056746577
AL158840.1	0
AL158847.1	0
AL158850.1	0.011899811
AL158850.2	0.00574257
AL159153.1	0.068620992
AL159163.1	0.126891652
AL159166.1	0.03305905
AL159169.1	0
AL159169.2	0.094279512
AL159169.3	0
AL159174.1	0
AL159972.1	0
AL159987.1	0
AL159987.2	0
AL159990.1	0
AL159990.2	0
AL160004.1	0
AL160004.2	0
AL160006.1	1.093834244
AL160153.1	0.076058932
AL160162.1	0
AL160163.1	0
AL160175.1	0
AL160191.1	0
AL160191.2	0
AL160191.3	0.014811295
AL160236.1	0
AL160236.2	0
AL160237.1	0
AL160237.2	0
AL160237.3	0
AL160262.1	0.17128232
AL160270.1	0
AL160270.2	0
AL160271.1	0
AL160274.1	0
AL160275.1	0
AL160275.2	0
AL160279.1	0.030170395
AL160281.1	0
AL160286.1	0.202474972
AL160286.2	0.046579988
AL160286.3	0.00330189
AL160287.1	0.025176915
AL160290.1	0
AL160290.2	0.008736086
AL160290.3	0
AL160291.1	0
AL160313.1	0.010468169
AL160313.2	0
AL160314.1	0.024832026
AL160314.2	0.071036172
AL160314.3	0.014180479
AL160394.1	0
AL160408.1	0.014824753
AL160408.2	0
AL160408.3	0
AL160408.4	0.034972435
AL160408.5	0
AL160411.1	0
AL160412.1	0.031958161
AL160413.1	0
AL161420.1	0
AL161421.1	0.484055347
AL161423.1	0
AL161431.1	19.45082837
AL161447.1	0
AL161449.1	0.018142498
AL161452.1	0.068160243
AL161454.1	0
AL161457.1	0.012018152
AL161457.2	0.03257228
AL161616.1	0
AL161616.2	0
AL161618.1	0
AL161621.1	0
AL161629.1	0
AL161629.2	0
AL161630.1	0
AL161631.1	0
AL161636.1	0.043428503
AL161636.2	0.035198794
AL161637.1	0
AL161638.1	0
AL161638.2	0
AL161640.1	0
AL161644.1	0.009789764
AL161645.1	0.077998283
AL161646.1	0
AL161646.2	0
AL161651.1	0
AL161658.1	0
AL161668.1	0
AL161668.2	0
AL161668.3	0
AL161669.1	0.028177273
AL161669.2	0
AL161669.3	0.055991904
AL161670.1	0
AL161670.2	0
AL161672.1	0.013296366
AL161713.1	0
AL161716.1	0
AL161719.1	0.395506447
AL161722.1	0
AL161722.2	0
AL161722.3	0
AL161725.1	0.059582022
AL161725.2	0.08096596
AL161727.1	0
AL161729.1	0.186187058
AL161729.2	0
AL161729.3	0.032322221
AL161729.4	0.068548912
AL161733.1	0.02354205
AL161734.1	0
AL161740.1	0.017830209
AL161742.1	0.037248039
AL161747.1	0.212667573
AL161747.2	0
AL161751.1	0
AL161752.1	0.040583684
AL161756.1	0.088693306
AL161756.2	0.044213119
AL161757.1	0
AL161757.2	0.117965589
AL161757.3	0
AL161757.4	0
AL161757.5	0
AL161772.1	0.101072874
AL161773.1	0.025206089
AL161781.1	0.026988653
AL161781.2	0.014717764
AL161782.1	0
AL161785.1	2.033500129
AL161785.2	0.011259242
AL161785.3	0
AL161787.1	1.31267226
AL161788.1	0
AL161793.1	0
AL161798.1	0.083026163
AL161804.1	0.015362185
AL161891.1	0.462177778
AL161896.1	0
AL161901.1	0
AL161908.1	0.034601571
AL161908.2	0
AL161909.1	0.183310572
AL161909.2	0
AL161911.1	0.146582578
AL161912.1	0
AL161912.2	0
AL161912.3	0
AL161912.4	0
AL161931.1	0.132639357
AL161932.1	0
AL161932.2	0
AL161935.1	0.051669488
AL161935.2	0
AL161935.3	0.156720854
AL161937.1	0.035313076
AL161937.2	0.224888534
AL161938.1	0
AL162151.1	0
AL162151.2	1.652115539
AL162171.1	0.151482274
AL162171.2	0.048072607
AL162171.3	0.041068951
AL162231.1	0.195811293
AL162231.2	0.850487548
AL162231.3	0
AL162231.4	0.029990149
AL162233.1	0
AL162253.1	0.014348849
AL162254.1	0.017101301
AL162258.1	0.010931083
AL162258.2	0.412767639
AL162274.1	0.128773729
AL162274.2	0.884528726
AL162274.3	0.041980421
AL162293.1	0
AL162311.1	0.036194434
AL162311.2	0.414193987
AL162311.3	0.072079567
AL162373.1	0
AL162376.1	0
AL162377.1	0.383251995
AL162377.2	0
AL162384.1	0
AL162385.1	0
AL162385.2	0.038162903
AL162386.1	0
AL162386.2	0.047599244
AL162388.1	0.030898941
AL162389.1	0
AL162390.1	0
AL162391.1	0
AL162393.1	0
AL162394.1	0
AL162395.1	0
AL162399.1	0
AL162400.1	0
AL162400.2	0
AL162408.1	0
AL162411.1	0.041355237
AL162412.1	0.011270909
AL162413.1	0
AL162414.1	0.058475416
AL162419.1	0.049834718
AL162424.1	0.492146032
AL162425.1	0
AL162426.1	0.014638529
AL162427.1	0
AL162430.1	0.075009843
AL162430.2	0
AL162431.1	0.087244069
AL162431.2	0.421775646
AL162431.3	0.060762164
AL162431.4	0.132316634
AL162457.1	0.174022837
AL162457.2	0.46590309
AL162464.1	0
AL162464.2	0.020677618
AL162497.1	0.020996964
AL162511.1	0.296967298
AL162574.1	0.011448871
AL162574.2	0.033109368
AL162574.3	0
AL162578.1	0
AL162582.1	0
AL162584.1	0
AL162586.1	0.425957099
AL162591.1	0
AL162591.2	0
AL162595.1	0.348422346
AL162595.2	0
AL162615.1	0.019739432
AL162632.1	0
AL162632.2	0
AL162632.3	0.020079558
AL162713.1	0.041513081
AL162724.1	0.11663729
AL162724.2	0.105939227
AL162725.1	0
AL162725.2	0
AL162726.1	0
AL162726.2	0.010694619
AL162726.3	0.002819188
AL162726.4	0
AL162727.1	0.025019714
AL162727.2	0.082605777
AL162730.1	0
AL162731.1	0
AL162734.1	0
AL162739.1	0
AL162741.1	0.097734263
AL162742.1	0.057004336
AL162742.2	0
AL162872.1	0
AL163051.1	0.086320852
AL163051.2	0.221967904
AL163153.1	0
AL163192.1	0
AL163193.1	0
AL163195.1	0
AL163195.2	0.012152433
AL163195.3	0
AL163540.1	0
AL163636.1	0.059434029
AL163636.2	0.094388221
AL163642.1	0
AL163642.2	0
AL163932.1	0
AL163952.1	0.021523273
AL163953.1	0
AL163973.1	0
AL163973.2	0
AL163973.3	0.025294017
AL163974.1	0
AL352955.1	0
AL352977.1	0
AL352977.2	0
AL352979.1	0
AL352979.2	0
AL352979.3	0
AL352984.1	0
AL352984.2	0
AL353052.1	0
AL353052.2	0
AL353072.1	0
AL353093.1	0
AL353132.1	0
AL353133.1	0.05424652
AL353133.2	0.026463327
AL353135.1	0
AL353148.1	0
AL353149.1	0
AL353150.1	0.272434595
AL353151.1	0.05402199
AL353152.1	0.069424004
AL353193.1	0
AL353194.1	1.65242773
AL353572.1	0.130412797
AL353572.2	0
AL353581.1	0
AL353583.1	0.017589909
AL353588.1	0.05882497
AL353593.1	0.365755962
AL353593.2	0.359369479
AL353593.3	0.170833937
AL353596.1	0.055070518
AL353597.1	0.010898224
AL353597.2	0
AL353597.3	0.020329771
AL353600.1	0
AL353604.1	0
AL353608.1	0
AL353608.2	0
AL353608.3	0.002059149
AL353608.4	0
AL353611.1	0
AL353611.2	0.022526256
AL353612.1	0
AL353613.1	0
AL353614.1	0
AL353615.1	0
AL353616.1	0
AL353616.2	0.006254415
AL353621.1	0.08951792
AL353621.2	0
AL353622.1	0.083879902
AL353622.2	0
AL353625.1	0.330009771
AL353626.1	0.021452519
AL353626.2	0
AL353626.3	0
AL353633.1	0
AL353637.1	0.014858507
AL353649.1	0
AL353651.1	0
AL353653.1	0
AL353658.1	0
AL353658.2	0
AL353662.1	0
AL353662.2	0.067450712
AL353662.3	0.045892098
AL353678.1	0.029356079
AL353680.1	0
AL353681.1	0.014878834
AL353684.1	0
AL353689.1	0
AL353689.2	0
AL353691.1	0.028104463
AL353691.2	0
AL353692.1	0
AL353692.2	0
AL353693.1	0
AL353699.1	0
AL353705.1	0
AL353705.2	0.016429648
AL353705.3	0
AL353705.4	0
AL353706.1	0
AL353708.1	0.164401049
AL353708.2	0
AL353708.3	0.219947974
AL353718.1	0
AL353719.1	0.025176915
AL353726.1	0
AL353726.2	0
AL353729.1	0
AL353729.2	0
AL353732.1	0
AL353740.1	0.359394989
AL353742.1	0
AL353743.1	0.486023925
AL353743.2	0
AL353743.3	0
AL353743.4	0.02812263
AL353746.1	0.007903232
AL353747.1	0.081471366
AL353747.2	0
AL353747.3	0
AL353747.4	0
AL353748.1	0.045892098
AL353748.2	0.069276607
AL353751.1	0.021494916
AL353752.1	0
AL353753.1	0.018752461
AL353754.1	0.063978984
AL353763.1	0.126936191
AL353763.2	0.520102409
AL353764.1	0.55070518
AL353765.1	0
AL353768.1	0.022333526
AL353770.1	0
AL353770.2	0
AL353770.3	0
AL353770.4	0
AL353771.1	0
AL353778.1	0
AL353779.1	0
AL353779.2	0
AL353780.1	0
AL353784.1	0
AL353795.1	0.006127565
AL353795.2	0.051183187
AL353795.3	0.011444855
AL353796.1	0.28525033
AL353801.1	0.025591594
AL353801.2	0.007532152
AL353801.3	0.100336045
AL353803.1	0.013595534
AL353803.2	0
AL353803.3	0.032466947
AL353803.4	0.022495196
AL353803.5	0.385688911
AL353804.1	0.530557429
AL353804.2	0.156720854
AL353807.1	0.032859297
AL353807.2	0.197753224
AL353807.3	0.36471852
AL353807.4	0.507848745
AL353811.1	0
AL353813.1	0
AL353898.1	0
AL353898.2	0
AL353898.3	0.086763523
AL353996.1	0
AL353997.1	0
AL353997.2	0.006585122
AL353997.3	0
AL353997.4	0
AL353997.5	0
AL354674.1	0
AL354676.1	0
AL354685.1	0
AL354685.2	0
AL354692.1	0
AL354694.1	0.037248039
AL354695.1	0
AL354696.1	0.153189117
AL354696.2	0.075669029
AL354702.1	0.172025126
AL354707.1	0.099607999
AL354707.2	0
AL354707.3	0.065718594
AL354710.1	0.176852476
AL354710.2	0.019775322
AL354712.1	0
AL354714.1	0.045827643
AL354714.2	0.941896621
AL354714.3	0.037831051
AL354714.4	0.018434623
AL354718.1	0.240056969
AL354718.2	0
AL354718.3	0.037440369
AL354719.1	0
AL354719.2	1.279139662
AL354726.1	0.108223157
AL354732.1	0.416616681
AL354733.1	0
AL354733.2	0.011479079
AL354733.3	0.446212402
AL354740.1	0.019687029
AL354751.1	0.075895628
AL354751.2	0
AL354751.3	0
AL354754.1	0.017402284
AL354760.1	0.118405896
AL354761.1	0
AL354766.1	0
AL354766.2	2.494121626
AL354771.1	0
AL354793.1	0
AL354794.1	0
AL354794.2	0.078435774
AL354796.1	0
AL354798.1	0.165295248
AL354809.1	0.059379949
AL354810.1	0
AL354811.1	0.184868453
AL354813.1	0.075871672
AL354821.1	0
AL354824.1	0
AL354824.2	0.024386608
AL354836.1	2.395688832
AL354854.1	0
AL354861.1	0
AL354861.2	0.042486044
AL354861.3	0.009018596
AL354863.1	0
AL354864.1	0.0201789
AL354868.1	0
AL354872.1	0
AL354872.2	0.070019918
AL354877.1	0.263351751
AL354890.1	0.031434761
AL354892.1	0
AL354892.2	1.970171694
AL354892.3	0.16681637
AL354893.1	0.281286913
AL354893.2	0
AL354896.1	0.019387571
AL354919.1	0.004818975
AL354919.2	0.384827037
AL354920.1	0.671384401
AL354928.1	0.229162974
AL354936.1	0
AL354941.1	0.046881152
AL354943.1	0
AL354949.1	0
AL354950.1	0
AL354950.2	0
AL354956.1	0
AL354976.1	0
AL354977.1	0.016018302
AL354977.2	0
AL354979.1	0
AL354980.1	0
AL354983.1	0.07202932
AL354984.1	0
AL354984.2	0.010621511
AL354984.3	0
AL354989.1	0.17128232
AL354989.2	0.01412523
AL354993.1	0.215538956
AL354993.2	0.963226034
AL354994.1	0.056064058
AL355001.1	0.122482289
AL355001.2	0.840160631
AL355032.1	0.248320258
AL355073.1	0.021037577
AL355073.2	0.097633997
AL355075.1	0
AL355075.2	0.432326608
AL355075.3	0
AL355075.4	0.017047692
AL355075.5	0.142533825
AL355076.1	0
AL355076.2	0.068099276
AL355076.3	0
AL355095.1	0
AL355096.1	0.048664104
AL355097.1	0.0201789
AL355102.1	0
AL355102.2	0.038162903
AL355102.3	0
AL355102.4	0.029475413
AL355102.5	0.019014733
AL355103.1	0
AL355112.1	0
AL355140.1	0
AL355143.1	0
AL355149.1	0
AL355297.1	0
AL355297.2	0.08431339
AL355297.3	0
AL355297.4	0.075741137
AL355298.1	0
AL355300.1	0
AL355301.1	0
AL355303.1	0
AL355304.1	0.03926508
AL355306.1	0
AL355306.2	0
AL355309.1	0.697206878
AL355310.1	0
AL355310.2	0
AL355310.3	0
AL355312.1	0.059980298
AL355312.2	0.308874332
AL355312.3	0.348603439
AL355314.1	0
AL355314.2	0
AL355315.1	0
AL355333.1	0
AL355334.1	0
AL355336.1	0.02595806
AL355338.1	7.111968342
AL355339.1	0
AL355340.1	0
AL355353.1	0.52734193
AL355355.1	0.068577726
AL355355.2	0.611396801
AL355357.1	0
AL355365.1	0
AL355375.1	0
AL355375.2	0
AL355376.1	0
AL355376.2	0
AL355377.1	0.026319243
AL355377.2	0.018634656
AL355379.1	0
AL355385.1	0.159556391
AL355388.1	0
AL355388.2	0.146229203
AL355390.1	0
AL355390.2	0
AL355432.1	0
AL355433.1	0
AL355472.1	1.172762596
AL355472.2	1.465089522
AL355472.3	0.344862329
AL355472.4	0.225868299
AL355478.1	0
AL355480.1	0.219725804
AL355480.2	0
AL355480.3	0.226592235
AL355480.4	0.157629381
AL355482.1	0.004415927
AL355482.2	0.009499063
AL355483.1	0
AL355483.2	0
AL355483.3	0.014463334
AL355483.4	0
AL355488.1	0.343466125
AL355490.1	0.040533269
AL355490.2	0.11908497
AL355493.1	0
AL355493.2	0
AL355493.4	0
AL355497.1	0
AL355497.2	0
AL355499.1	0
AL355500.1	0
AL355512.1	0.051957455
AL355516.1	0
AL355526.1	0
AL355537.1	0
AL355537.2	0
AL355574.1	1.259007661
AL355578.1	0
AL355581.1	0.048655731
AL355592.1	0
AL355596.1	0.005443657
AL355598.1	0
AL355601.1	0
AL355607.1	0.516169431
AL355607.2	0.109154109
AL355613.1	0
AL355615.1	0.016967905
AL355674.1	0
AL355773.1	0
AL355796.1	0
AL355802.1	0.308288756
AL355802.2	0.279394463
AL355803.1	0.404973357
AL355810.1	0.019703673
AL355812.1	0.10070766
AL355816.1	0
AL355816.2	0
AL355834.1	0
AL355836.1	0
AL355838.1	0
AL355852.1	0
AL355862.1	0
AL355863.1	0
AL355864.1	0.124065711
AL355864.2	0.050412178
AL355870.1	0.071870665
AL355877.1	0.037493168
AL355877.2	0.060762164
AL355877.3	0
AL355916.1	0.344372368
AL355916.2	0.220096337
AL355916.3	0.013962038
AL355922.1	0.19364559
AL355922.2	0.132259846
AL355922.3	0.018817348
AL355922.4	0
AL355922.5	0.061973945
AL355974.1	0
AL355974.2	0.261491866
AL355974.3	0
AL355987.1	0
AL355987.2	0
AL355987.3	0.01479786
AL355987.4	0.072760413
AL355987.5	0.105853307
AL355989.1	0
AL355989.2	0
AL355990.1	0
AL355990.2	0.02141029
AL355994.1	0
AL355994.2	0.185393647
AL355994.3	0
AL355994.4	0
AL355994.5	0
AL355997.1	0
AL356000.1	0.017570965
AL356010.1	0
AL356010.2	0
AL356017.1	0
AL356019.1	0
AL356019.2	0.366429648
AL356020.1	0
AL356022.1	0
AL356052.1	0
AL356055.1	0.024386608
AL356056.1	0.043426751
AL356056.2	0.142677654
AL356056.3	0.07895773
AL356057.1	0
AL356057.2	0
AL356094.1	0
AL356095.1	0
AL356095.2	0
AL356102.1	0
AL356108.1	0
AL356121.1	0
AL356121.2	0
AL356124.1	0.05035383
AL356124.2	0.083450849
AL356130.1	0
AL356130.2	0
AL356131.1	0
AL356133.1	0
AL356133.2	0
AL356134.1	0.029159323
AL356157.1	0
AL356157.2	0.391943326
AL356215.1	0.035836663
AL356218.1	0
AL356218.2	0.058162713
AL356234.1	0.220096337
AL356234.2	0.33273965
AL356235.1	0.178815081
AL356258.1	0
AL356259.1	0
AL356266.1	0
AL356270.1	0.041672135
AL356272.1	0.013072629
AL356273.1	0.009441343
AL356273.2	0.01117824
AL356273.3	0.235136437
AL356274.1	0.053055743
AL356274.2	0.115953383
AL356276.1	0.043046546
AL356276.2	0
AL356277.1	0
AL356277.2	0
AL356277.3	0.017209537
AL356280.1	0
AL356289.1	0.019439548
AL356289.2	0
AL356289.3	0
AL356292.1	0.058318645
AL356299.1	0
AL356299.2	0.278406842
AL356309.1	0
AL356309.2	0
AL356309.3	0.011247598
AL356310.1	0
AL356311.1	0
AL356317.1	0.022722341
AL356320.1	0.066726548
AL356320.2	0.021452519
AL356321.1	0
AL356356.1	0.310755066
AL356361.1	0
AL356361.2	0.049103509
AL356364.1	0
AL356379.1	0
AL356387.1	0
AL356387.2	0
AL356390.1	0
AL356414.1	0.031709701
AL356417.1	0.038614535
AL356417.2	0.357254911
AL356421.1	0
AL356421.2	0
AL356423.1	0.040432815
AL356432.1	0
AL356432.2	0
AL356432.3	0.023390166
AL356441.1	0
AL356441.2	0
AL356458.1	0
AL356473.1	0
AL356475.1	0
AL356476.1	0
AL356479.1	0.004984614
AL356481.1	0.359044701
AL356481.2	0.020599294
AL356481.3	0.170239732
AL356488.1	0.035718973
AL356488.2	0
AL356488.3	0.116748354
AL356489.1	0
AL356489.2	0.101735289
AL356490.1	0
AL356498.1	0
AL356512.1	0.118833881
AL356515.1	0.052416517
AL356535.1	0.382587895
AL356575.1	0
AL356580.1	0.068405203
AL356583.1	0
AL356583.2	0
AL356583.3	0
AL356585.1	0.060424596
AL356585.2	0.00453941
AL356585.3	0
AL356585.4	0
AL356596.1	0
AL356599.1	0.126263299
AL356608.1	0.013263936
AL356652.1	0
AL356653.1	0.120849192
AL356740.1	0.07547251
AL356740.2	0
AL356740.3	0.083793739
AL356750.1	0.039217887
AL356752.1	0.018341361
AL356753.1	0
AL356756.1	0
AL356776.1	0
AL356800.1	0
AL356801.1	1.035850219
AL356804.1	0
AL356805.1	0
AL356806.1	0
AL356859.1	0.052543127
AL356863.1	0
AL356867.1	0.036376011
AL356961.1	0
AL356966.1	0.083779908
AL356967.1	0
AL356968.1	0
AL356968.2	0.199011796
AL356981.1	0
AL356986.1	0
AL357033.1	0.028133542
AL357033.2	0
AL357033.3	0.743990141
AL357033.4	0.878781619
AL357037.1	0
AL357052.1	0
AL357054.1	0
AL357054.2	0.051425188
AL357054.3	0.037048657
AL357054.4	0.119818495
AL357055.1	0.132639357
AL357055.2	0.075182677
AL357055.3	0.141539517
AL357060.1	0.545417709
AL357075.1	0
AL357075.2	0
AL357078.1	0
AL357078.2	0
AL357078.3	0.052798191
AL357079.1	0.234321593
AL357080.1	0
AL357084.1	0.023956888
AL357093.1	0
AL357093.2	0.047966603
AL357094.1	0
AL357127.1	0
AL357134.1	0
AL357137.1	0
AL357139.1	0
AL357140.1	0
AL357140.2	0.469663906
AL357140.3	0
AL357143.1	0.438751844
AL357153.1	0.007396414
AL357153.2	0.096251569
AL357153.3	0
AL357153.4	0.04282058
AL357172.1	0
AL357312.1	0
AL357314.1	0
AL357315.1	0
AL357315.2	0.006493389
AL357373.1	0
AL357375.1	0
AL357497.1	0.016330972
AL357500.1	0
AL357507.1	0.048773217
AL357514.1	0
AL357515.1	0.040134418
AL357518.1	0.101176068
AL357520.1	0
AL357552.1	0
AL357552.2	0.030811409
AL357556.1	0
AL357558.1	0.1669627
AL357558.2	0.025591594
AL357559.1	0
AL357562.1	0
AL357563.1	0
AL357568.1	0
AL357568.2	0
AL357632.1	0.050745384
AL357673.1	0.00810464
AL357673.2	0.002360336
AL357752.1	0
AL357793.1	0
AL357793.2	0
AL357832.1	0
AL357833.1	0
AL357833.2	0
AL357873.1	0
AL357874.1	0.037896959
AL357874.2	0.064073209
AL357936.1	0
AL357992.1	1.338637206
AL358072.1	0.113493154
AL358074.1	0
AL358075.1	0.016758748
AL358075.2	0.160419282
AL358075.3	0.048125785
AL358075.4	0
AL358115.1	0.117770232
AL358154.1	0
AL358176.1	0
AL358176.2	0
AL358176.3	0.023956888
AL358176.4	0
AL358176.5	0
AL358178.1	0.027396542
AL358215.1	0
AL358216.1	0.032819636
AL358232.1	0.065128307
AL358234.1	0
AL358292.1	0
AL358332.1	0.321075345
AL358333.1	0
AL358333.2	0
AL358333.3	0
AL358334.1	0
AL358334.2	0.048452476
AL358334.3	0
AL358335.1	0
AL358335.2	0
AL358335.3	0
AL358393.1	0
AL358394.1	0
AL358394.2	0
AL358394.3	0
AL358452.1	0
AL358453.1	0
AL358472.1	0
AL358472.2	0.490896578
AL358472.3	0.707622981
AL358473.1	0.021703247
AL358473.2	0
AL358612.1	0
AL358613.1	0.024607302
AL358613.2	0.038364823
AL358779.1	0
AL358781.1	0
AL358781.2	0.045989122
AL358852.1	0.137241985
AL358876.1	0
AL358876.2	0
AL358913.1	0
AL358913.2	0
AL358933.1	0.003843261
AL358934.1	0
AL358937.1	0.032370319
AL358942.1	0.027698881
AL358944.1	0
AL358972.1	0
AL358975.1	0.002839798
AL358976.1	0
AL359073.1	0.053977307
AL359075.1	0.200487139
AL359076.1	3.444201977
AL359081.1	0
AL359091.1	0.014463334
AL359091.2	0.100359191
AL359091.3	0
AL359091.4	0.13287084
AL359091.5	0.611632831
AL359092.1	0.082086244
AL359092.2	0.018592183
AL359094.1	0.007711955
AL359094.2	0
AL359095.1	0
AL359182.1	0.208716089
AL359182.2	0.053843699
AL359183.1	0.46423775
AL359195.1	0
AL359195.2	0
AL359198.1	0.095240169
AL359198.2	0
AL359212.1	0
AL359219.1	0
AL359220.1	0.549201296
AL359232.1	0.066578019
AL359233.1	0
AL359237.1	0
AL359238.1	0
AL359258.1	0
AL359258.2	0
AL359258.3	0.013997976
AL359263.1	0.027229968
AL359265.1	0
AL359265.2	0
AL359265.3	0.13149394
AL359273.1	0
AL359313.1	0.014229953
AL359314.1	0
AL359317.1	0.075269393
AL359317.2	0.036806861
AL359378.1	0
AL359382.1	0
AL359385.1	0
AL359396.1	0
AL359397.1	0.021709436
AL359397.2	0
AL359399.1	0.02354205
AL359458.1	0
AL359475.1	0
AL359502.1	0.01571738
AL359504.1	0.044123437
AL359504.2	0.197012112
AL359510.1	0
AL359510.2	0.038688937
AL359511.1	0
AL359513.1	0.995866772
AL359532.1	0.125497238
AL359535.1	0
AL359538.1	0.012720968
AL359541.1	0.113493154
AL359547.1	0
AL359547.2	0
AL359551.1	0.03375443
AL359555.1	0
AL359633.1	0
AL359633.2	0.034972435
AL359636.1	0
AL359636.2	0.125981783
AL359636.3	0
AL359641.1	0
AL359643.1	0.025712594
AL359643.2	0.066461517
AL359643.3	1.110286736
AL359644.1	0
AL359649.1	0
AL359672.1	0
AL359682.1	0
AL359692.1	0.082086244
AL359693.1	0
AL359694.1	0.05402199
AL359694.2	0.121223338
AL359697.1	0.111173022
AL359704.1	0.013926283
AL359704.2	0
AL359706.1	0
AL359710.1	0
AL359711.1	0
AL359711.2	0.062364835
AL359715.1	0.127957968
AL359715.2	0.025615703
AL359715.3	0.20450107
AL359715.4	0.049103509
AL359736.1	0.015698476
AL359736.2	0
AL359740.1	0.036744687
AL359741.1	0
AL359742.1	0
AL359745.1	0
AL359752.1	0.624254105
AL359757.1	0
AL359757.2	0
AL359764.1	0
AL359771.1	0.086093092
AL359792.1	0
AL359815.1	0
AL359821.1	0
AL359837.1	0.037896959
AL359839.1	0.00937623
AL359845.1	0
AL359851.1	0
AL359852.1	0.004950581
AL359853.1	0
AL359853.2	0.24649127
AL359853.3	0
AL359854.1	0
AL359878.1	0.048203344
AL359878.2	0.026723409
AL359880.1	0.040888824
AL359881.1	0.081471366
AL359881.2	0.038162903
AL359881.3	0
AL359885.1	0.01204477
AL359893.1	0
AL359915.1	0
AL359915.2	0.49383998
AL359918.1	0.131956655
AL359918.2	0
AL359920.1	0
AL359921.1	0.726562957
AL359921.2	0.821240367
AL359922.1	0
AL359922.2	0.169437217
AL359922.3	0.026051323
AL359924.1	0
AL359955.1	0
AL359955.2	0
AL359962.1	0.287166397
AL359962.2	0.071791599
AL359976.1	0
AL359979.1	0.044667053
AL359979.2	0.053228845
AL359999.1	0
AL360004.1	0.063429134
AL360007.1	0
AL360012.1	0
AL360013.1	0
AL360013.2	0
AL360014.1	0.01043803
AL360081.1	0.019597166
AL360085.1	0
AL360089.1	0
AL360091.1	0.043856562
AL360091.2	0
AL360091.3	0
AL360093.1	0.009659349
AL360157.1	0
AL360169.1	0.152117864
AL360169.2	0
AL360175.1	0
AL360181.1	0.236444072
AL360181.2	1.059843555
AL360181.3	0.027106361
AL360181.4	0.162334736
AL360182.1	0
AL360182.2	0
AL360219.1	0.089151043
AL360221.1	0
AL360227.1	0
AL360267.1	0
AL360268.1	0.028435104
AL360268.2	0
AL360270.1	0.221309246
AL360270.2	0.034528341
AL360270.3	0.06454853
AL360271.1	0
AL360271.2	0
AL360294.1	0.004464872
AL360295.1	0
AL365181.1	0
AL365181.2	0.033756758
AL365181.3	0.185662167
AL365181.4	0
AL365184.1	0
AL365184.2	0
AL365194.1	0
AL365199.1	0.019036921
AL365203.1	0.055491976
AL365203.2	1.300729759
AL365204.1	0
AL365204.2	0
AL365204.3	0
AL365205.1	1.117025353
AL365205.2	0
AL365205.3	0
AL365209.1	0.008401381
AL365214.1	0
AL365214.2	0.005264486
AL365214.3	0
AL365217.1	0.008929743
AL365220.1	0
AL365222.1	0
AL365223.1	0.008385834
AL365226.1	0.124658193
AL365226.2	0.136982712
AL365232.1	0
AL365255.1	0
AL365258.1	0.044034119
AL365258.2	0.092173113
AL365259.1	0.00702158
AL365265.1	0
AL365271.1	0
AL365273.1	0
AL365273.2	0
AL365275.1	0.023092202
AL365277.1	0.138176027
AL365295.1	0.151834723
AL365318.1	0
AL365330.1	0.614487418
AL365338.1	0
AL365356.1	0.030811409
AL365356.2	0
AL365356.3	0.529749884
AL365356.4	0.070971793
AL365356.5	0.655394471
AL365357.1	0.182797097
AL365361.1	1.181065647
AL365366.1	0.038252382
AL365396.1	0
AL365400.1	0
AL365400.2	0
AL365434.1	0
AL365434.2	0
AL365436.1	0.153808063
AL365436.2	0.020677618
AL365440.1	0.070267643
AL365440.2	0
AL365475.1	0.044644135
AL365496.1	0
AL365500.1	0.025060892
AL365503.1	0
AL389885.1	0
AL389889.1	0
AL389895.1	0
AL389915.1	0
AL389925.1	0
AL390023.1	0
AL390026.1	0.095198488
AL390036.1	0.231792713
AL390037.1	0.151411981
AL390038.1	0
AL390039.1	0.017801027
AL390058.1	0
AL390061.1	0
AL390066.1	0.184266144
AL390067.1	0.051792511
AL390115.1	0.102850376
AL390119.1	0.034860344
AL390123.1	0
AL390195.1	0.138955517
AL390195.2	0.091398549
AL390198.1	0.101966506
AL390198.2	0
AL390205.1	0
AL390208.1	0.236444072
AL390237.1	0
AL390240.1	0
AL390243.1	0.015362185
AL390254.1	0
AL390294.1	0
AL390318.1	0
AL390334.1	0
AL390718.1	0
AL390719.1	0.215424401
AL390719.2	0.48486606
AL390726.1	0
AL390726.2	0
AL390726.3	0.068512928
AL390726.4	0
AL390726.5	0.152913001
AL390728.1	0.016810552
AL390728.2	0.110718122
AL390728.3	0.281981448
AL390728.4	5.05552454
AL390728.5	0.030811409
AL390728.6	2.321933917
AL390729.1	0.129701859
AL390729.2	0
AL390730.1	0
AL390730.2	0
AL390754.1	0.018688019
AL390755.1	0.150241719
AL390760.1	0.1856951
AL390763.1	0
AL390763.2	0.013638153
AL390774.1	0
AL390774.2	0
AL390778.1	0
AL390778.2	0.073655264
AL390783.1	0.021999246
AL390786.1	0
AL390816.1	0
AL390816.2	0
AL390816.3	0
AL390835.1	0
AL390838.1	0
AL390838.2	0
AL390840.1	0
AL390856.1	0
AL390860.1	0
AL390866.1	0
AL390877.1	0
AL390879.1	0.176513279
AL390882.1	0.018310484
AL390955.1	0.023289994
AL390955.2	0.253924373
AL390961.1	0
AL390961.2	0
AL390961.3	0.012871512
AL390962.1	0
AL390964.1	0
AL391001.1	0.365082874
AL391005.1	0
AL391056.1	0.079941074
AL391058.1	0.158548503
AL391069.1	0
AL391069.2	0.524586526
AL391069.3	1.231957784
AL391069.4	0.022612115
AL391094.1	0.045036966
AL391095.1	0.021709436
AL391095.2	0
AL391095.3	0.135955341
AL391097.1	0.020141532
AL391097.2	0.044851247
AL391099.1	0
AL391119.1	0
AL391121.1	1.032010893
AL391152.1	0.213804214
AL391156.1	0
AL391219.1	0.022518483
AL391244.1	4.229961032
AL391244.2	0.500756321
AL391244.3	0.992661454
AL391256.1	0
AL391261.1	0
AL391261.2	0.028140821
AL391261.3	0.041832413
AL391261.4	0.04522423
AL391262.1	0
AL391280.1	0.44038265
AL391335.1	0
AL391336.1	0.022471957
AL391358.1	0
AL391361.1	0
AL391361.2	0.013378139
AL391361.3	0
AL391380.1	0.00759527
AL391415.1	0
AL391416.1	0.262609915
AL391417.1	0
AL391419.1	0
AL391421.1	0.005658911
AL391422.1	0.498918683
AL391422.2	0.017291617
AL391422.3	3.179020945
AL391425.1	0.062121431
AL391427.1	0
AL391497.1	0.019883779
AL391516.1	0.004441171
AL391645.1	0
AL391646.1	0
AL391647.1	0
AL391650.1	0.050588034
AL391666.1	0
AL391669.1	0
AL391684.1	0.166883141
AL391704.1	0
AL391704.2	0
AL391704.3	0
AL391730.1	0
AL391807.1	0.025825981
AL391811.1	0
AL391813.1	0
AL391822.1	0.019353073
AL391825.1	0.095687044
AL391832.1	0
AL391832.2	0.104455484
AL391832.3	0.12856297
AL391834.1	0.466132598
AL391834.2	0.836648254
AL391839.1	0
AL391839.2	0.028397982
AL391840.1	0.148180208
AL391845.1	0
AL391845.2	0.022264948
AL391863.1	0
AL391863.2	0
AL391869.1	0
AL391883.1	0
AL391903.1	0.864154498
AL391903.2	0
AL391903.3	0.066726548
AL391987.1	0.054382136
AL391987.2	0
AL391987.3	0
AL391987.4	0
AL391987.5	0
AL391987.6	0
AL391988.1	0.511255114
AL391994.1	0.115706673
AL392003.1	0
AL392003.2	0
AL392023.1	0
AL392023.2	0
AL392046.1	0.015297366
AL392048.1	0.020367841
AL392086.1	0
AL392088.1	0
AL392089.1	0
AL392103.1	0
AL392112.1	0.288638601
AL392172.1	2.706388832
AL392183.1	0.004464872
AL392185.1	0
AL441883.1	0
AL441943.1	0
AL441943.2	0
AL441943.3	0
AL441963.1	0.041198588
AL441964.1	0
AL441985.1	0
AL441989.1	0
AL441992.1	1.839395793
AL442067.1	0.292639299
AL442067.2	0.02996261
AL442071.1	0
AL442125.1	0.229692546
AL442125.2	0.182141127
AL442128.1	0
AL442128.2	0.035777721
AL442163.1	0.021119276
AL442163.2	0
AL442163.3	0
AL442224.1	0
AL442638.1	0
AL442639.1	0
AL442644.1	0
AL442647.1	0.04522423
AL442647.2	0
AL442663.1	0.029880295
AL442663.2	0.021284594
AL442663.3	0.435057092
AL442663.4	0.639789841
AL445070.1	0.030466183
AL445072.1	0
AL445074.1	0
AL445123.1	0
AL445183.1	0
AL445183.2	0
AL445183.3	0.06499857
AL445187.1	0.250994476
AL445189.1	0
AL445189.2	0.209969639
AL445190.1	0
AL445193.1	0
AL445193.2	0
AL445209.1	0.009346686
AL445213.1	0.014560144
AL445218.1	0.012373637
AL445220.1	0
AL445222.1	0.259787276
AL445223.1	0.010348646
AL445224.1	0
AL445228.1	0
AL445228.2	0.034274456
AL445231.1	0.072658559
AL445235.1	0
AL445237.1	0
AL445238.1	0
AL445248.1	0.156871548
AL445250.1	0.21680586
AL445264.1	0
AL445288.1	0
AL445305.1	0.321563937
AL445307.1	0.054201465
AL445309.1	0.229668148
AL445363.1	0.016429648
AL445363.2	0
AL445363.3	0
AL445383.1	0.012444425
AL445423.1	0.162334736
AL445426.1	0.139186455
AL445430.1	0
AL445430.2	0.01585485
AL445433.1	0.126962186
AL445433.2	0
AL445435.1	0.065422119
AL445437.1	1.042896819
AL445465.1	0.00486206
AL445465.2	0
AL445466.1	0
AL445470.1	0.002506089
AL445471.1	0.411182008
AL445471.2	0
AL445472.1	0.62644765
AL445483.1	0.103444281
AL445487.1	0.006883815
AL445488.1	0.008003258
AL445489.1	0.045192911
AL445490.1	0.138343412
AL445493.1	0
AL445493.2	0
AL445493.3	0.045603469
AL445523.1	0.007985629
AL445524.1	2.641874603
AL445528.1	0
AL445528.2	0
AL445529.1	0
AL445531.1	0.006294229
AL445567.1	0
AL445567.2	0
AL445584.1	0
AL445584.2	0
AL445584.3	0
AL445623.1	0.596597278
AL445644.1	0
AL445645.1	0.163863311
AL445646.1	0
AL445647.1	0
AL445647.2	0
AL445649.1	0.015740126
AL445665.1	0
AL445669.1	0
AL445669.2	0
AL445670.1	0
AL445673.1	10.35352214
AL445675.1	0
AL445675.2	0
AL445685.1	0.014273527
AL445685.2	0.031802419
AL445686.1	0
AL445686.2	0.007526939
AL445687.1	0
AL445687.2	0
AL445928.1	0
AL445931.1	0.056648059
AL445933.1	0.863516529
AL445933.2	0
AL445985.1	0.246473367
AL445989.1	0
AL445991.1	0.13738645
AL449043.1	0
AL449106.1	0.082397176
AL449212.1	0.568014578
AL449266.1	0
AL449283.1	0.006392258
AL449363.1	0.116950831
AL449403.1	0
AL449403.2	0.016343242
AL449423.1	0.075009843
AL449983.1	0.026271564
AL450003.1	0
AL450023.1	0.014482593
AL450023.2	0
AL450023.3	0
AL450063.1	0.133726565
AL450124.1	1.725438891
AL450226.1	0
AL450226.2	0
AL450263.1	0.050276243
AL450263.2	0
AL450267.1	0
AL450270.1	0
AL450304.1	0
AL450306.1	0.086223093
AL450309.1	0
AL450311.1	0
AL450311.2	0.043246232
AL450313.1	0
AL450322.1	0
AL450322.2	0.014329944
AL450326.1	0.772798782
AL450326.2	0.005543541
AL450327.1	0
AL450332.1	0.01324778
AL450336.1	0
AL450338.1	0
AL450344.1	0
AL450344.2	0
AL450344.3	0
AL450345.1	0
AL450346.1	0
AL450346.2	0
AL450384.1	0.131675875
AL450384.2	0.421245756
AL450405.1	5.644728091
AL450423.1	0
AL450442.1	0
AL450468.1	0.024169838
AL450468.2	0
AL450469.1	0
AL450469.2	0
AL450471.1	0.08564116
AL450472.1	0
AL450472.2	0
AL450472.3	0
AL450487.1	0
AL450487.2	0
AL450992.1	0.031763721
AL450992.2	0.967271202
AL450992.3	0
AL450996.1	0
AL450998.1	2.309378399
AL450998.2	0.894616994
AL450998.3	0.163181884
AL451000.1	0
AL451007.1	0.451616358
AL451042.1	0.199934325
AL451042.2	0.192503138
AL451044.1	0
AL451046.1	0
AL451046.2	0
AL451047.1	0
AL451048.1	0
AL451049.1	0
AL451050.1	0
AL451050.2	0.063791362
AL451054.1	0.007950605
AL451054.2	0
AL451054.3	0
AL451060.1	0
AL451061.1	0
AL451062.1	0.023190677
AL451062.2	0
AL451063.1	0
AL451064.1	0.115461012
AL451064.2	0.07233416
AL451065.1	0
AL451067.1	0.021431384
AL451069.1	0.017155248
AL451069.2	0
AL451069.3	0.010736848
AL451070.1	0
AL451074.1	0.005866466
AL451074.2	0.131528888
AL451074.3	0.023043278
AL451074.4	0
AL451074.5	0.025003281
AL451074.6	0
AL451081.1	0
AL451081.2	0.06994487
AL451085.1	0.015762938
AL451085.2	0.285863546
AL451086.1	0
AL451105.1	0
AL451105.2	0
AL451107.1	0
AL451124.1	0
AL451127.1	0
AL451129.1	0
AL451137.1	0
AL451139.1	0
AL451140.1	0
AL451142.1	0.154375097
AL451142.2	0
AL451164.1	0.027888275
AL451164.2	0
AL451164.3	0
AL451165.1	0
AL451165.2	1.890325886
AL499605.1	0
AL499616.1	0
AL499627.1	0.004970945
AL499627.2	0
AL500522.1	0
AL500522.2	0
AL500527.1	0
AL500527.2	0
AL512271.1	0
AL512274.1	0.799500576
AL512283.1	0
AL512286.1	0
AL512288.1	0
AL512288.2	0.148180208
AL512303.1	0.093560665
AL512306.1	0.012825976
AL512306.2	0.112734488
AL512306.3	0.079622455
AL512310.1	0
AL512310.10	0
AL512310.11	0
AL512310.2	0
AL512310.3	0
AL512310.4	0
AL512310.5	0
AL512310.6	0
AL512310.7	0.038364823
AL512310.8	0
AL512310.9	0
AL512324.1	0
AL512324.3	0
AL512326.1	0
AL512326.2	0
AL512326.3	0
AL512328.1	0.024259689
AL512329.1	0.006831927
AL512329.2	0.07938998
AL512330.1	0
AL512343.1	0.128715116
AL512343.2	0.133180742
AL512347.1	0
AL512353.1	0.295957205
AL512353.2	0.005543541
AL512353.3	0
AL512356.1	0
AL512356.2	0
AL512356.3	0
AL512357.1	0
AL512360.1	0
AL512361.1	0
AL512363.1	2.115892
AL512366.1	0
AL512378.1	0.010358502
AL512380.1	0
AL512383.1	0
AL512408.1	0.407866024
AL512413.1	0.284723228
AL512422.1	0.019739432
AL512427.1	0
AL512430.1	0
AL512430.2	0
AL512430.3	0.0246631
AL512430.4	0
AL512444.1	0
AL512488.1	0.162723329
AL512504.1	0.027959967
AL512504.2	0.005697448
AL512506.1	0
AL512506.2	0.071242974
AL512506.3	0.091041523
AL512590.1	0
AL512590.2	0
AL512590.3	0.013756021
AL512593.1	0
AL512594.1	0
AL512598.1	0.199201965
AL512599.1	0
AL512604.1	0
AL512604.2	0.024832026
AL512604.3	0.033847803
AL512605.1	0
AL512605.2	0
AL512622.1	0.027259216
AL512624.1	0
AL512624.2	0
AL512625.1	0.128411184
AL512625.2	0.034804567
AL512625.3	0.020516722
AL512631.1	0.051792511
AL512631.2	0
AL512633.1	0.049815698
AL512634.1	0
AL512635.1	0.026145258
AL512637.1	0.008835441
AL512637.2	0.216489397
AL512638.1	0
AL512638.2	0.008334427
AL512638.3	0
AL512641.1	0
AL512646.1	0
AL512649.1	0
AL512649.2	0.018218471
AL512652.1	0.174022837
AL512652.2	0.012676489
AL512656.1	0.10849304
AL512658.1	0
AL512661.1	0
AL512662.1	0
AL512770.1	0.216661898
AL512782.1	0
AL512785.1	0.105187885
AL512785.2	0.06643542
AL512791.1	0.47131185
AL512791.2	0.02595806
AL512844.1	0.030568936
AL512844.2	0.018341361
AL512882.1	0
AL513008.1	0.202666347
AL513043.1	0
AL513122.1	0.007434332
AL513122.2	0.01297903
AL513123.1	0
AL513124.1	0
AL513128.1	0
AL513164.1	0
AL513165.1	5.569935086
AL513165.2	0.020285534
AL513174.1	0
AL513175.1	0.083664825
AL513175.2	0.024551755
AL513185.1	0
AL513185.2	0
AL513185.3	0
AL513188.1	0
AL513190.1	0.119685582
AL513210.1	0
AL513211.1	0.653036007
AL513217.1	0.048627842
AL513218.1	0.166901698
AL513283.1	0.013411131
AL513285.1	0
AL513302.1	0.050824427
AL513303.1	0.055210291
AL513303.2	0
AL513304.1	0
AL513314.1	0
AL513314.2	0.047943949
AL513318.1	0.010975204
AL513318.2	4.497608107
AL513320.1	0.192348393
AL513321.1	0
AL513323.1	0
AL513324.1	0
AL513325.1	0.010518788
AL513327.1	0.279021672
AL513327.2	0.044393581
AL513327.3	0.185525412
AL513328.1	0
AL513329.1	0.066218735
AL513331.1	0.027396542
AL513343.1	0.068664314
AL513348.1	0
AL513365.1	0.060989312
AL513365.2	0.082241416
AL513366.1	0.034860344
AL513412.1	0
AL513422.1	0
AL513423.1	0
AL513475.1	0.034528341
AL513475.2	0
AL513477.1	0.478978518
AL513477.2	0.153189117
AL513478.1	0
AL513478.2	0
AL513479.1	0
AL513480.1	0
AL513485.1	0.038614535
AL513497.1	0.109651931
AL513523.1	0.207723974
AL513523.2	0.02665791
AL513523.3	0
AL513523.4	0
AL513533.1	0.078624776
AL513534.1	0.606615553
AL513534.2	0
AL513542.1	0
AL513548.1	0
AL513548.2	0
AL513548.3	0.008304729
AL513550.1	1.148731332
AL583722.1	0.016643347
AL583722.2	0
AL583722.3	0
AL583722.4	0.015190541
AL583785.1	0.10621511
AL583803.1	0
AL583804.1	0
AL583805.1	0.122897484
AL583805.2	0
AL583808.1	2.179644749
AL583808.2	0
AL583810.1	0.031224193
AL583810.2	0
AL583810.3	0.018624019
AL583824.1	0.007136763
AL583832.1	0.235840898
AL583834.1	0.158548503
AL583835.1	0.026723409
AL583835.2	0
AL583836.1	0.009082612
AL583839.1	0.062960505
AL583839.2	0
AL583843.1	0
AL583844.1	0.006308833
AL583854.1	0
AL583856.1	0.039514722
AL583856.2	0.180272276
AL583859.1	0
AL583859.2	0
AL583859.3	0
AL589182.1	0.068319267
AL589182.2	0.082947015
AL589642.1	0
AL589642.2	0
AL589647.1	0.116699864
AL589655.1	0
AL589666.1	0
AL589666.2	0
AL589674.1	0.12909706
AL589678.1	0
AL589684.1	0.214525193
AL589739.1	0
AL589740.1	0.004032787
AL589743.1	0.321329871
AL589743.2	0
AL589743.3	0
AL589743.4	0
AL589743.5	0.018560456
AL589743.6	0.145019031
AL589743.7	0
AL589743.8	0
AL589745.1	0.00652064
AL589745.2	0
AL589763.1	0
AL589765.1	0.056354546
AL589765.2	0
AL589765.3	0
AL589765.4	0.341667873
AL589765.5	0.063357829
AL589765.6	0.099056715
AL589765.7	0
AL589794.1	0
AL589823.1	0
AL589826.1	0
AL589843.1	0.511831873
AL589843.2	0.029237708
AL589863.1	0
AL589872.1	0
AL589880.1	1.47798141
AL589923.1	0
AL589935.1	0.008416659
AL589935.2	0
AL589946.1	0
AL589986.1	0
AL589986.2	0.027396542
AL589987.1	0
AL589987.2	0
AL589990.1	0
AL589993.1	0.034473621
AL589994.1	0
AL589994.2	0
AL590002.1	0
AL590004.1	0
AL590004.2	0
AL590004.3	0
AL590004.4	0.006162282
AL590006.1	0.014463334
AL590032.1	0
AL590065.1	0
AL590068.1	0
AL590068.2	0
AL590079.1	0.029515407
AL590084.1	0
AL590084.2	0.028472323
AL590084.3	0
AL590093.1	0.01745815
AL590094.1	0.697564603
AL590095.1	0
AL590095.2	0
AL590096.1	0.096740776
AL590099.1	0
AL590103.1	0
AL590128.1	0
AL590133.1	0.059111018
AL590133.2	0
AL590135.1	0.209162063
AL590139.1	0.380674955
AL590143.1	0
AL590226.1	0.390535989
AL590227.1	0
AL590229.1	0
AL590233.1	0.023851814
AL590235.1	0.934791661
AL590235.2	0
AL590240.1	0
AL590240.2	0
AL590240.3	0
AL590240.4	0
AL590282.1	0.095743198
AL590286.1	0
AL590290.1	0
AL590302.1	0
AL590302.2	0
AL590326.1	0.071320835
AL590365.1	0
AL590369.1	0.185130677
AL590378.1	0
AL590383.1	0
AL590385.1	0
AL590385.2	0.078672169
AL590392.1	0
AL590396.1	0
AL590399.1	0.004014923
AL590399.2	0
AL590399.3	0
AL590399.4	0.036194434
AL590399.5	0
AL590399.6	0
AL590408.1	0
AL590410.1	0
AL590422.1	0.029880295
AL590426.1	0.004759924
AL590426.2	0
AL590428.1	0.088202147
AL590432.1	0
AL590438.1	0.028283111
AL590440.1	0
AL590483.1	0
AL590483.2	0
AL590483.3	0
AL590490.1	0.034419074
AL590491.1	0
AL590491.2	0
AL590491.3	0
AL590502.1	0
AL590552.1	0
AL590556.1	0.067555449
AL590559.1	0
AL590560.1	0
AL590560.2	0.505189246
AL590560.3	0.070779353
AL590609.1	0
AL590609.2	0
AL590609.3	0
AL590617.1	0.014540678
AL590617.2	1.444246903
AL590623.1	0
AL590627.1	0.032983858
AL590632.1	0
AL590635.1	0
AL590639.1	0
AL590640.1	0
AL590640.2	0.020638382
AL590644.1	0.002326011
AL590648.1	0.047288814
AL590648.2	0
AL590648.3	0.229945609
AL590652.1	0.588606654
AL590664.1	0
AL590666.1	0.125593849
AL590666.2	0.200883881
AL590666.3	0.005277257
AL590677.1	0.028622177
AL590682.1	0.284557691
AL590683.1	0.00588233
AL590704.1	0
AL590705.1	0.067471633
AL590705.2	0
AL590705.3	0.55070518
AL590705.4	0
AL590705.5	0.061714394
AL590714.1	0
AL590723.1	0.207499408
AL590727.1	0
AL590729.1	0.056944646
AL590730.1	0.01635553
AL590762.1	0.10070766
AL590762.2	0.038096068
AL590762.3	0.067977671
AL590762.4	0.042989831
AL590763.1	0.007039759
AL590764.1	0.644196107
AL590783.1	0
AL590787.1	0.024813142
AL590808.1	0
AL590822.1	0
AL590822.2	0.002592094
AL590824.1	0
AL590867.1	0
AL590867.2	4.501429642
AL590867.3	0
AL590999.1	0.10155987
AL591030.1	0
AL591034.1	0.030296455
AL591034.2	0
AL591043.1	0
AL591074.1	0
AL591122.1	0
AL591135.1	0.077242128
AL591167.1	0
AL591178.1	0.071870665
AL591178.2	0
AL591212.1	0
AL591212.2	0.042320729
AL591222.1	0.084883668
AL591222.2	0.02884994
AL591222.3	0
AL591242.1	0.037831051
AL591368.1	0.034619928
AL591379.1	0.002155455
AL591379.2	0
AL591416.1	0
AL591419.1	0
AL591424.1	0.008966552
AL591424.2	0
AL591424.3	0.024945934
AL591438.1	0
AL591438.2	0.125921011
AL591441.1	0.004840422
AL591441.2	0
AL591468.1	0.151852388
AL591471.1	0
AL591473.1	0
AL591479.1	0
AL591499.1	0
AL591501.1	0
AL591503.1	0
AL591503.2	0.010822316
AL591503.3	0
AL591504.1	0
AL591516.1	0
AL591623.1	0.011098395
AL591623.2	0.048992916
AL591643.1	0
AL591644.1	0
AL591684.1	0.046480459
AL591684.2	0.046852302
AL591684.3	0
AL591686.1	0.042596974
AL591686.2	0.114488708
AL591704.1	0
AL591704.2	0.120181517
AL591719.1	0
AL591719.2	0
AL591721.1	0.028965186
AL591742.1	0
AL591767.1	0
AL591767.2	0
AL591767.3	0.062151013
AL591770.1	0
AL591806.1	0.274607723
AL591806.2	0.062869522
AL591806.3	0.21608796
AL591845.1	0.893547618
AL591846.1	0.125593849
AL591846.2	0.303810818
AL591848.1	0.067555449
AL591848.2	0.062508203
AL591848.3	0.047639338
AL591848.4	0.306995932
AL591866.1	0.02712326
AL591885.1	0
AL591895.1	3.125410143
AL591896.1	0
AL591926.1	0
AL591926.2	0
AL591926.3	0.045699274
AL591926.4	0
AL591926.5	0
AL591926.6	0
AL591926.7	0.051547049
AL591926.8	0
AL592043.1	0
AL592043.2	0
AL592045.1	0.030898941
AL592049.1	0
AL592071.1	0.05331582
AL592076.1	0
AL592078.1	0
AL592114.1	0.045036966
AL592114.2	0
AL592114.3	0.024386608
AL592146.1	0
AL592148.1	0.048882819
AL592148.2	0.029237708
AL592148.3	0.538477693
AL592156.1	0
AL592161.1	0
AL592164.1	0.027521324
AL592166.1	0.127957968
AL592182.1	0
AL592182.2	0
AL592211.1	0.065652479
AL592221.1	0
AL592227.1	0
AL592291.1	0
AL592293.1	0.036620967
AL592293.2	0
AL592295.1	0.123036508
AL592295.2	0
AL592301.1	0.075530745
AL592309.1	0
AL592309.2	0
AL592310.1	0.064837122
AL592402.1	0
AL592424.1	0.099134103
AL592429.1	0.044303166
AL592430.1	0.033819737
AL592431.1	0.034310496
AL592431.2	0
AL592435.1	0.218968338
AL592435.2	0
AL592436.1	0
AL592437.1	0.02210656
AL592437.2	0.00446854
AL592447.1	0
AL592463.1	0.017128232
AL592464.1	0
AL592464.2	0
AL592466.1	0
AL592486.1	0
AL592490.1	0
AL592494.1	0
AL592494.2	0
AL592494.3	0.046881152
AL592504.1	0
AL592528.1	0
AL592546.1	0.078586902
AL593851.1	0
AL593856.1	0
AL596028.1	0
AL596087.1	0.54133564
AL596087.2	0
AL596092.1	0
AL596094.1	0.236444072
AL596188.1	0
AL596202.1	0.204285228
AL596211.1	0
AL596218.1	0.01186088
AL596220.1	0.057244354
AL596223.1	0.011253417
AL596223.2	0.075182677
AL596244.1	1.597358336
AL596245.1	0
AL596247.1	0.098429206
AL596266.1	0
AL596268.1	0
AL596275.1	0.012401856
AL596276.1	0
AL596276.2	0
AL596325.1	0
AL596325.2	0.452287076
AL596327.1	0
AL596330.1	0.012994537
AL596442.1	0
AL596442.2	0.29965667
AL596448.1	0
AL596451.1	0
AL603650.1	0
AL603750.1	0.6587935
AL603755.1	0
AL603756.1	0.085482785
AL603758.1	0
AL603766.1	0.016380162
AL603825.1	2.175285459
AL603832.1	0.169565682
AL603832.2	0
AL603832.3	0.0201789
AL603839.1	0.025176915
AL603839.2	0.278882751
AL603839.3	0.34157375
AL603839.4	0.064933894
AL603840.1	0.008030835
AL603841.1	0
AL603865.1	0
AL603865.2	0
AL603882.1	0.127770071
AL603908.1	0
AL603910.1	0.176374497
AL603910.2	0
AL603914.1	0
AL603962.1	0
AL604028.1	1.400476425
AL604028.2	0.110420582
AL606462.1	0
AL606468.1	0.021326328
AL606469.1	0.048773217
AL606489.1	0.15665636
AL606489.2	0
AL606490.1	0
AL606490.2	0.024533295
AL606490.3	0
AL606490.4	0
AL606490.5	0.014311089
AL606490.6	0
AL606490.7	0
AL606490.8	0.170476917
AL606490.9	0
AL606491.1	0.292740279
AL606495.1	0
AL606495.2	0
AL606516.1	0
AL606517.1	0
AL606517.2	0
AL606519.1	0
AL606530.1	0
AL606534.1	0.094032513
AL606534.2	0
AL606534.3	0
AL606534.4	0
AL606534.5	0.026250428
AL606534.6	0
AL606537.1	0
AL606662.1	0
AL606748.1	0
AL606752.1	0
AL606753.1	0
AL606760.1	0.138142599
AL606760.2	0.097506683
AL606760.3	0.003028802
AL606760.4	0
AL606763.1	0.329588706
AL606804.1	0
AL606807.1	0.13427688
AL606834.1	0.732693456
AL606834.2	0.701704987
AL606845.1	0
AL606923.1	0
AL606970.1	0.021251323
AL606970.2	0
AL606970.3	0.004842577
AL606970.4	0.095616943
AL607023.1	0
AL607028.1	0.12328444
AL607033.1	0
AL607077.1	0
AL611929.1	0
AL626787.1	0.109862902
AL627082.1	0
AL627095.1	0
AL627171.1	0.141360294
AL627223.1	0
AL627224.1	0
AL627230.1	0
AL627230.2	0.116236628
AL627230.3	0
AL627230.4	0.029395749
AL627230.5	0
AL627230.6	0
AL627230.7	0
AL627230.8	0
AL627231.1	0
AL627308.1	0.01324778
AL627308.2	0.025176915
AL627309.1	0
AL627309.2	0.303058346
AL627309.3	0
AL627309.4	0
AL627309.5	0.035113567
AL627309.6	0.965192886
AL627309.7	1.876566682
AL627311.1	0.094577629
AL627313.1	0
AL627389.1	0.036806861
AL627390.1	0
AL627402.1	1.62776463
AL627422.1	0.018752461
AL627443.1	0
AL645465.1	0.016941476
AL645474.1	0
AL645504.1	0.120247952
AL645568.1	0.314568011
AL645568.2	0.032539797
AL645568.3	0.068838147
AL645608.1	0.227902017
AL645608.2	0.069276607
AL645608.3	0.060762164
AL645608.4	0.141252303
AL645608.5	0
AL645608.6	0
AL645608.7	0.061973945
AL645608.8	0.385836826
AL645608.9	0.078719619
AL645634.1	0
AL645634.2	0
AL645638.1	0
AL645728.1	0.124242863
AL645730.1	0
AL645733.1	0
AL645820.1	0
AL645922.1	0.002672998
AL645924.1	0
AL645924.2	0.084594435
AL645927.1	0
AL645929.1	0.063335469
AL645933.1	0.05357846
AL645933.2	0.567700845
AL645937.1	0
AL645939.1	0.563962897
AL645939.2	0
AL645940.1	0.164794353
AL645941.1	0.160893895
AL645941.2	0.15994746
AL645941.3	0
AL645944.1	0
AL645949.1	0
AL645949.2	0
AL645998.1	0.189155257
AL646090.1	0.02210656
AL662789.1	0
AL662791.1	2.230182253
AL662791.2	0
AL662795.1	2.110132549
AL662797.1	0.408041904
AL662799.1	0
AL662814.1	0
AL662844.1	0
AL662844.2	0
AL662844.3	0.084150308
AL662844.4	0.206951048
AL662860.1	0.024803711
AL662864.1	0
AL662874.1	0
AL662884.1	0.131437188
AL662889.1	0
AL662890.1	0.306810361
AL662899.1	0
AL662899.2	0.154472201
AL662907.1	0.223926444
AL662907.2	0.056779493
AL663023.1	0
AL663058.1	0
AL663061.1	0
AL663070.1	0.255033468
AL663074.1	0.072752022
AL663074.2	0
AL663109.1	0
AL669818.1	0
AL669831.1	0.148652765
AL669831.2	0
AL669831.3	0.005866466
AL669831.4	0.112256704
AL669831.5	0.04534309
AL669841.1	0
AL669918.1	0.008041721
AL669942.1	0
AL669942.2	0
AL669970.1	0.048339677
AL669970.2	0.038844383
AL669970.3	0.101648853
AL669983.1	0
AL670379.1	0
AL670379.10	0
AL670379.11	0
AL670379.12	0
AL670379.2	0
AL670379.3	0
AL670379.4	0
AL670379.5	0
AL670379.6	0
AL670379.7	0
AL670379.8	0
AL670379.9	0
AL670729.1	2.498119344
AL670729.2	0
AL670729.3	0.01894848
AL671309.1	0
AL671710.1	0.180579253
AL671862.1	0
AL671883.1	0
AL671883.2	1.920660724
AL671986.1	0.034166787
AL672032.1	0.011595338
AL672043.1	0
AL672138.1	0
AL672142.1	0
AL672207.1	0.20090216
AL672212.1	0
AL672277.1	0.166475928
AL672291.1	0.02354205
AL672296.1	0
AL683807.1	0.582405746
AL683807.2	0.019847495
AL683813.1	0.162173369
AL683813.2	0
AL683826.1	0
AL683842.1	0.580076123
AL683887.1	0.037896959
AL691403.1	0.032083856
AL691403.2	0.066590371
AL691420.1	0
AL691426.1	0
AL691432.1	0.214163125
AL691432.2	0.912595225
AL691432.3	0
AL691442.1	0.01043803
AL691447.1	0
AL691447.2	0.115706673
AL691449.1	0
AL691459.1	0
AL691477.1	0
AL691482.1	0
AL691482.2	0
AL691482.3	0.022039366
AL691497.1	0
AL691515.1	0
AL691515.2	0
AL691517.1	0
AL713851.1	0.010348646
AL713851.2	0
AL713866.1	0
AL713866.2	0
AL713922.1	0
AL713922.2	0.075952705
AL713923.1	0
AL713965.1	0
AL713998.1	0
AL713998.2	0
AL713999.1	0
AL714022.1	0.07202932
AL731532.1	0
AL731532.2	0
AL731533.1	0
AL731533.2	0.11290409
AL731534.1	0
AL731537.1	0.077504233
AL731537.2	0
AL731544.1	0
AL731547.1	0
AL731556.1	0.05568637
AL731556.2	0.01412523
AL731557.1	0.043856562
AL731563.1	0
AL731563.2	0
AL731563.3	0.112202744
AL731566.1	0.190913024
AL731566.2	0.137241985
AL731567.1	0.612093311
AL731568.1	0.075182677
AL731569.1	0.110258092
AL731571.1	0.200376332
AL731574.1	0
AL731575.1	0
AL731577.1	0
AL731577.2	0.568317823
AL731661.1	0
AL731661.2	0
AL731684.1	0.049550922
AL731684.2	0
AL731733.1	0
AL731768.1	0
AL731892.1	0.00912452
AL732292.1	0.048125785
AL732292.2	0.303528204
AL732314.4	0.063357829
AL732314.6	0.314607401
AL732323.1	0
AL732372.1	0
AL732372.2	0.281443444
AL732372.3	0.008778392
AL732414.1	0.113889291
AL732437.1	0
AL732618.1	0
AL772155.1	0
AL772155.2	0
AL772155.3	0
AL772161.1	0
AL772202.1	0
AL772284.1	0
AL772284.2	0
AL772337.1	0.027002054
AL772337.2	0
AL772337.3	0
AL772337.4	0.014599231
AL772363.1	0
AL773524.1	0
AL773545.1	0
AL773545.2	0
AL773545.3	0.38514261
AL773604.1	0
AL807752.1	0.049363513
AL807752.2	0
AL807752.3	0
AL807752.4	0
AL807752.5	0.09284755
AL807752.6	0
AL807757.1	0
AL807757.2	0.195468527
AL807761.1	0
AL807761.2	0.029839307
AL807761.3	0
AL807761.4	0
AL831737.1	0.040134418
AL831784.1	0
AL844175.1	0
AL844908.1	0.500449109
AL844908.2	0.354666108
AL845311.1	0
AL845321.1	0
AL845331.1	0
AL845331.2	0.010418034
AL845331.3	0.01072626
AL845472.1	0.017413428
AL845472.2	0.023992119
AL845552.1	0
AL845552.2	0.059004126
AL928654.1	0.763592965
AL928654.2	0.659918061
AL928654.3	0.015449471
AL928654.4	0.787138481
AL928711.1	0
AL928742.1	0.292377078
AL928921.1	0
AL928970.1	0.007441962
AL929236.1	0.104984819
AL929288.1	0
AL929288.2	0
AL929302.1	0
AL929325.1	0
AL929410.1	0
AL929410.2	0
AL929472.1	0
AL929472.2	0
AL929472.3	0
AL929472.4	0
AL929554.1	0
AL929601.1	0
AL929601.2	0
AL929601.3	0
AL929601.4	0
AL935212.1	0
AL935212.2	0
AL935212.3	0
AL935212.4	0
AL953862.1	0
AL953862.2	0
AL953897.1	0
AL954642.1	0.08086563
AL954650.1	0
AL954705.1	0.116741617
AL954722.1	0
ALAD	6.997757559
ALAS1	17.96154476
ALAS2	0.035677128
ALB	0.293087025
ALCAM	19.71361917
ALDH16A1	9.044558646
ALDH18A1	44.15841035
ALDH1A1	19.14159581
ALDH1A2	0.505851003
ALDH1A3	1.466018787
ALDH1B1	21.6322419
ALDH1L1	0.202267281
ALDH1L1-AS1	0
ALDH1L1-AS2	0.020000786
ALDH1L2	3.532569487
ALDH2	15.50897966
ALDH3A1	0.427506331
ALDH3A2	7.546289963
ALDH3B1	2.632929276
ALDH3B2	2.195458122
ALDH4A1	3.502628254
ALDH5A1	6.17347982
ALDH6A1	3.593454348
ALDH7A1	1.809852611
ALDH7A1P1	0.014189729
ALDH7A1P2	0
ALDH7A1P3	0
ALDH7A1P4	0
ALDH8A1	0.087223789
ALDH9A1	20.3061714
ALDOA	149.2207644
ALDOAP1	0.0201789
ALDOAP2	0.090973834
ALDOB	0.08431339
ALDOC	17.33244869
ALG1	3.176323185
ALG10	0.971419344
ALG10B	1.269185682
ALG11	0.880996249
ALG12	4.484747405
ALG13	2.293313566
ALG13-AS1	0.334659301
ALG14	0.511473224
ALG1L	0.645102449
ALG1L10P	0.589994877
ALG1L11P	0.024169838
ALG1L12P	0.275669816
ALG1L13P	0.150330716
ALG1L14P	0
ALG1L15P	0
ALG1L2	0.28297576
ALG1L3P	0.014217552
ALG1L5P	0.01410691
ALG1L6P	0.602651644
ALG1L7P	0.070810074
ALG1L8P	0.057244354
ALG1L9P	0.038474437
ALG1L9P	0.237736116
ALG2	11.1899951
ALG3	28.31513319
ALG3P1	0
ALG5	9.091781068
ALG6	1.889641914
ALG8	7.321400162
ALG9	0.889062758
ALG9-IT1	0
ALK	0.025104275
ALKAL1	0.017874162
ALKAL2	1.186429084
ALKBH1	4.382695388
ALKBH2	4.117843872
ALKBH3	7.272349786
ALKBH3-AS1	0.135139842
ALKBH4	3.198949205
ALKBH5	28.50033096
ALKBH6	0.430699427
ALKBH7	9.986877573
ALKBH8	2.647900742
ALLC	0.017114756
ALMS1	2.808492576
ALMS1-IT1	0.505880339
ALMS1P1	0.131516654
ALOX12	0.503076339
ALOX12-AS1	0.429377142
ALOX12B	0.114661131
ALOX12P1	0
ALOX12P2	0.401975828
ALOX15	0.057513423
ALOX15B	8.437492642
ALOX15P2	0
ALOX5	10.06579813
ALOX5AP	22.27923562
ALOXE3	0.101243339
ALPI	0
ALPK1	1.566382025
ALPK2	1.607649205
ALPK3	0.640257695
ALPL	23.85073548
ALPP	0.060444349
ALPPL2	0.017451147
ALS2	3.943542833
ALS2CL	1.581567268
ALS2CR12	0.041276764
ALX1	0
ALX3	0.485607028
ALX4	0.028373289
ALYREF	25.90579793
AMACR	2.576350906
AMBN	0.005413851
AMBP	0.047960728
AMBRA1	5.1128989
AMD1	10.66859748
AMD1P1	0.011796559
AMD1P2	0
AMD1P3	0.076594558
AMD1P4	0
AMDHD1	0.105281873
AMDHD2	1.818550602
AMELX	0
AMELY	0
AMER1	3.023448403
AMER2	0.026665451
AMER3	0.0033246
AMFR	30.33990539
AMH	0.151353453
AMHR2	0.030916507
AMIGO1	1.129084793
AMIGO2	21.55490142
AMIGO3	0
AMMECR1	4.293150861
AMMECR1-IT1	0
AMMECR1L	11.02491874
AMMECR1LP1	0
AMN	0.461182991
AMN1	1.382106254
AMOT	5.245042569
AMOTL1	15.85888233
AMOTL2	19.01375434
AMPD1	0.261452579
AMPD2	7.924185856
AMPD3	4.366261923
AMPH	0.345436566
AMT	0.813168539
AMTN	0.314650741
AMY1A	0.008683774
AMY1B	0
AMY1C	0
AMY2A	0
AMY2B	0.145193263
AMYH02020865.1	0
AMYP1	0
AMZ1	0.628291692
AMZ2	9.286517659
AMZ2P1	2.300457407
AMZ2P2	0
ANAPC1	2.046828218
ANAPC10	2.650691615
ANAPC10P1	0
ANAPC11	8.391621458
ANAPC13	14.38510096
ANAPC15	3.50097972
ANAPC16	16.32218703
ANAPC1P1	0.034028713
ANAPC2	4.744334727
ANAPC4	2.288781138
ANAPC5	9.201294842
ANAPC7	4.832761006
ANG	4.776500939
ANGEL1	4.497082194
ANGEL2	3.282801315
ANGPT1	2.389518118
ANGPT2	1.99387789
ANGPT4	0.090714428
ANGPTL1	0.671187109
ANGPTL2	26.25277013
ANGPTL3	0.006693186
ANGPTL4	13.47502576
ANGPTL5	0.018372343
ANGPTL6	0.199475971
ANGPTL7	0.072898306
ANGPTL8	0.026679707
ANHX	0.003150761
ANK1	0.648617389
ANK2	0.467019885
ANK3	1.198300845
ANKAR	0.300338996
ANKDD1A	1.046225157
ANKDD1B	0.079414133
ANKEF1	1.434603566
ANKFN1	0.012568456
ANKFY1	5.408172525
ANKH	15.88268711
ANKHD1	0.490827625
ANKHD1-EIF4EBP3	0.234055748
ANKIB1	8.443341527
ANKK1	0.355849238
ANKLE1	0.426646069
ANKLE2	9.253376492
ANKMY1	0.651998081
ANKMY2	4.839895819
ANKRA2	2.716039009
ANKRD1	2.093945831
ANKRD10	5.975718438
ANKRD10-IT1	2.01213905
ANKRD11	11.6817796
ANKRD12	3.118583831
ANKRD13A	7.71708413
ANKRD13B	2.232255917
ANKRD13C	3.76591857
ANKRD13D	3.048608705
ANKRD16	1.944885823
ANKRD17	9.833135749
ANKRD18A	0.220282072
ANKRD18B	0.246980507
ANKRD18CP	0.003649808
ANKRD18DP	0.012614007
ANKRD18EP	1.876101061
ANKRD19P	0.110720332
ANKRD2	0.322320037
ANKRD20A1	0.002798155
ANKRD20A10P	0.086149919
ANKRD20A11P	0.029201478
ANKRD20A17P	0
ANKRD20A18P	0.02210656
ANKRD20A19P	0.019449977
ANKRD20A2	0
ANKRD20A21P	0
ANKRD20A3	0
ANKRD20A4	0.009646499
ANKRD20A5P	0.076116476
ANKRD20A6P	0
ANKRD20A7P	0.009011125
ANKRD20A8P	0.001544508
ANKRD20A9P	0.003652259
ANKRD22	3.225899383
ANKRD23	0.140051178
ANKRD24	0.24067195
ANKRD26	1.247755354
ANKRD26P1	0.003393052
ANKRD26P2	0
ANKRD26P3	0
ANKRD26P4	0.057244354
ANKRD27	4.819967336
ANKRD28	3.61808274
ANKRD29	1.13682576
ANKRD30A	0
ANKRD30B	0
ANKRD30BL	0
ANKRD30BP1	0
ANKRD30BP2	0
ANKRD30BP3	0
ANKRD31	0.026007717
ANKRD33	0.008806824
ANKRD33B	1.450857367
ANKRD33B-AS1	0
ANKRD34A	0.189309586
ANKRD34B	2.781273283
ANKRD34C	0.017574514
ANKRD34C-AS1	0
ANKRD35	0.734150757
ANKRD36	0.265443314
ANKRD36B	0.324477672
ANKRD36BP1	0
ANKRD36BP2	0.586964617
ANKRD36C	0.192817465
ANKRD36P1	0
ANKRD37	2.133128765
ANKRD39	1.665134085
ANKRD40	9.945572002
ANKRD42	1.580349415
ANKRD44	1.281115397
ANKRD44-IT1	0.010174394
ANKRD45	0.885507822
ANKRD46	2.786383694
ANKRD49	3.408523019
ANKRD50	9.138722004
ANKRD52	9.156176041
ANKRD53	0.378909581
ANKRD54	4.234704366
ANKRD54P1	0
ANKRD55	0.029208264
ANKRD6	1.393342289
ANKRD60	0.010478254
ANKRD61	0.372065532
ANKRD62	0.009041087
ANKRD62P1	0
ANKRD62P1-PARP4P3	0.009209507
ANKRD63	0.019031369
ANKRD65	2.673856938
ANKRD66	0.005891889
ANKRD7	0.113365582
ANKRD9	0.53967581
ANKS1A	8.82215152
ANKS1B	0.017712448
ANKS3	0.920653353
ANKS4B	0.004998358
ANKS6	2.423847156
ANKUB1	0.024949749
ANKZF1	4.132651326
ANLN	10.53450368
ANO1	10.02560563
ANO10	4.357153965
ANO1-AS1	0
ANO1-AS2	0.162496424
ANO2	0.370372344
ANO3	0.059325967
ANO4	0.413552369
ANO5	0.238020365
ANO6	23.58474344
ANO7	0.414431031
ANO7L1	0.64493388
ANO8	1.791257358
ANO9	1.258139971
ANOS1	14.73167242
ANOS2P	0.004591147
ANP32A	16.72409287
ANP32AP1	0.050635136
ANP32B	67.97473103
ANP32BP1	0.050315007
ANP32BP2	0
ANP32BP3	0
ANP32C	0
ANP32D	0.011329612
ANP32E	23.541959
ANPEP	9.802405222
ANTXR1	69.42044164
ANTXR2	4.472302222
ANTXRL	0
ANTXRLP1	0.035679915
ANXA1	57.26280392
ANXA10	0.060024433
ANXA11	19.04556581
ANXA13	0.454375181
ANXA2	125.0702857
ANXA2P1	0.352368055
ANXA2P2	11.01504843
ANXA2P3	0.053950532
ANXA2R	1.563543404
ANXA3	11.57491345
ANXA4	8.839147581
ANXA5	133.4531177
ANXA6	30.57504604
ANXA7	35.07286776
ANXA8	13.22292594
ANXA8L1	4.283000414
ANXA9	2.924603397
AOAH	5.66131985
AOAH-IT1	0.037963097
AOC1	0.531875498
AOC2	0.24560995
AOC3	13.76863376
AOC4P	0.075506911
AOX1	0.743888116
AOX2P	0.002766131
AOX3P	0
AP000146.1	0
AP000221.1	0.010398114
AP000223.1	0.175741195
AP000229.1	0.074496077
AP000233.1	0.037376039
AP000233.2	0
AP000235.1	0
AP000238.1	0.204252156
AP000240.1	0.601572306
AP000244.1	0
AP000251.1	0.238169941
AP000253.1	0.024353845
AP000254.1	1.108558936
AP000255.1	0.048268168
AP000265.1	0
AP000266.1	0
AP000275.1	0
AP000275.2	0.137810482
AP000280.1	0
AP000281.1	0.240933516
AP000281.2	0
AP000282.1	0
AP000289.1	0
AP000290.1	0
AP000295.1	0.065258564
AP000302.1	0.016330972
AP000311.1	0
AP000317.1	0.040533269
AP000317.2	0.050903716
AP000320.1	0.023092202
AP000322.1	0
AP000322.2	0
AP000343.1	0.028250461
AP000344.1	0
AP000344.2	0.121041321
AP000345.1	0
AP000345.2	0.01006145
AP000346.1	0.040023652
AP000346.2	0.21608796
AP000346.3	0
AP000346.4	0.028547053
AP000347.1	0.114782604
AP000347.2	0.080024897
AP000350.1	0.040888824
AP000350.2	0.043184907
AP000350.3	0.338712269
AP000350.4	0
AP000350.5	0.070971793
AP000350.6	0.304856398
AP000350.7	0.013544741
AP000354.1	0.238518142
AP000355.1	0.022659224
AP000356.1	0
AP000357.1	0.280079673
AP000358.1	0
AP000365.1	0
AP000402.1	0
AP000403.1	0
AP000424.1	0.014658258
AP000424.2	0.093359891
AP000426.1	0
AP000431.1	0
AP000431.2	0
AP000432.1	0.021078347
AP000432.2	0
AP000435.1	0
AP000436.1	0.040786602
AP000437.1	0.026082559
AP000438.1	0.014521265
AP000439.1	0.018720185
AP000439.2	0.014981305
AP000439.3	0
AP000439.4	0
AP000442.1	0.127292387
AP000442.2	0.243288505
AP000445.1	0
AP000445.2	0
AP000446.1	0.015291989
AP000457.1	0
AP000459.1	0.01263232
AP000459.2	0
AP000462.1	0
AP000462.2	0
AP000462.3	0
AP000470.1	0
AP000472.1	0
AP000474.1	0
AP000477.1	0
AP000477.2	0.013979984
AP000484.1	0.008687242
AP000487.1	0.102474461
AP000487.2	0.027605145
AP000522.1	0
AP000523.1	0.217735913
AP000525.1	0.579867161
AP000526.1	0.047016256
AP000529.1	0
AP000532.1	0
AP000532.2	0
AP000533.1	0
AP000533.2	0.004812578
AP000533.3	0
AP000534.1	0
AP000534.2	0
AP000542.1	0
AP000542.2	0
AP000542.3	0
AP000547.1	0
AP000547.2	0
AP000550.1	0
AP000550.2	0.014052232
AP000552.1	0
AP000552.2	0
AP000552.3	0
AP000553.1	0
AP000553.2	0.050588034
AP000553.3	0.0246631
AP000560.1	0.084226334
AP000561.1	0
AP000563.1	0
AP000567.1	0
AP000568.1	0.024607302
AP000569.1	0.165630873
AP000577.1	0.123877304
AP000580.1	0.364572982
AP000590.1	0.023440576
AP000593.1	0
AP000593.2	0
AP000593.3	0.018817348
AP000619.1	0.054382136
AP000619.2	0.011224383
AP000619.3	0
AP000640.1	0.098989099
AP000640.2	0.023799622
AP000641.1	0
AP000648.1	0
AP000648.2	0.02692185
AP000648.3	0.818084946
AP000654.1	0
AP000654.2	0
AP000662.1	0.469073346
AP000676.1	0
AP000676.2	0
AP000676.3	0
AP000676.4	0
AP000679.1	0.010453078
AP000688.1	0.07570599
AP000688.2	0
AP000688.3	0.062508203
AP000688.4	0.048773217
AP000692.1	0.474475016
AP000692.2	0.086615462
AP000695.1	2.606445063
AP000695.2	1.394177013
AP000695.3	0.183762235
AP000696.1	0.134395395
AP000697.1	0.192503138
AP000704.1	0.198656206
AP000705.1	0
AP000705.2	0
AP000708.1	0
AP000711.1	0
AP000720.1	0
AP000720.2	0
AP000721.1	0
AP000721.2	0.024635169
AP000722.1	0
AP000753.1	0
AP000753.2	0.051425188
AP000753.3	0.064357558
AP000755.1	0
AP000755.2	0
AP000756.1	0
AP000756.2	0
AP000757.1	0.074292536
AP000757.2	0
AP000759.1	5.397118835
AP000763.1	0
AP000763.2	0.467085835
AP000763.3	0.189705127
AP000763.4	0
AP000766.1	0.496532551
AP000769.1	3.248230314
AP000769.2	0
AP000769.3	0
AP000770.1	0
AP000770.2	0
AP000776.1	0
AP000777.1	0.061275647
AP000777.2	0.15196605
AP000777.3	0.022151583
AP000781.1	0.699448701
AP000781.2	0.092173113
AP000785.1	0
AP000785.2	0.981121019
AP000786.1	0.205922031
AP000787.1	0.192177475
AP000787.2	0.114891838
AP000790.1	0
AP000790.2	0
AP000793.1	0
AP000797.1	0
AP000797.2	0
AP000797.3	0.033935811
AP000802.1	0.016521155
AP000808.1	0.11036965
AP000808.2	0.133804905
AP000811.1	0.200487139
AP000812.1	0.045603469
AP000812.2	0.078719619
AP000812.3	0.01467804
AP000820.1	0.171959325
AP000821.1	0.005697448
AP000827.1	0
AP000842.1	0
AP000842.2	0.011019683
AP000842.3	0.007260632
AP000843.1	0
AP000844.1	0
AP000844.2	0.021368227
AP000845.1	0.030623446
AP000851.1	0.217528546
AP000851.2	0.754259868
AP000852.1	0
AP000855.1	0
AP000857.1	0
AP000857.2	0
AP000859.1	0
AP000860.1	0
AP000864.1	0.267727441
AP000866.1	0.089628573
AP000866.2	0.106076989
AP000866.3	0.602850474
AP000866.4	0.267055135
AP000866.5	0
AP000866.6	0.316022101
AP000867.1	0.042652656
AP000867.2	0.067977671
AP000867.3	0
AP000870.1	0
AP000873.1	0
AP000873.2	0.291397918
AP000873.3	0.028397982
AP000873.4	0.132199669
AP000873.5	0.046086556
AP000879.1	0
AP000879.2	0
AP000880.1	0.068119586
AP000889.1	0
AP000889.2	0
AP000892.1	0
AP000892.2	0.23498454
AP000892.3	2.201424827
AP000893.1	0
AP000893.2	0
AP000894.1	0
AP000894.2	0
AP000894.3	0
AP000894.4	0.202666347
AP000897.1	0
AP000897.2	0
AP000902.1	0.088666527
AP000904.1	0.05718416
AP000907.1	0.030811409
AP000907.2	0.067555449
AP000907.3	0
AP000911.1	0.064740639
AP000911.2	0.019250314
AP000911.3	0
AP000915.1	0
AP000915.2	0
AP000916.1	0
AP000919.1	0.048664104
AP000919.2	0.025382561
AP000919.3	0.01914864
AP000919.4	0.332335279
AP000920.1	0.031617521
AP000924.1	0.0835577
AP000925.1	0.045036966
AP000926.1	0.047913777
AP000936.1	0
AP000936.2	0
AP000936.3	0.127957968
AP000941.1	0.133212726
AP000942.1	0.072800718
AP000942.2	0
AP000942.3	0
AP000942.4	0.045130404
AP000943.1	0.061103524
AP000943.2	0.167698218
AP000943.3	0.018513068
AP000943.4	0.030466183
AP000944.1	0
AP000949.1	0
AP000959.1	0
AP000962.1	0.014919653
AP000962.2	0.039514722
AP000974.1	0.031895681
AP000977.1	0.029921396
AP000997.1	0.045413058
AP000997.2	0.001294813
AP000997.3	0.029003806
AP001000.1	8.985512039
AP001001.1	0.200607721
AP001001.2	0
AP001002.1	0
AP001002.2	0
AP001002.3	0
AP001005.1	0
AP001005.2	0
AP001007.1	0
AP001007.2	0
AP001007.3	0
AP001010.1	0.040432815
AP001011.1	0
AP001017.1	0
AP001020.1	0
AP001020.2	0.047436132
AP001020.3	0.031728201
AP001021.1	0.044575522
AP001021.2	0.059980298
AP001024.1	0.756621029
AP001025.1	0
AP001029.1	0.194221916
AP001029.2	0.052097846
AP001029.3	0.018249039
AP001033.1	0.116699864
AP001033.2	0.585570363
AP001042.1	0.156334684
AP001043.1	0.196495251
AP001043.2	0.075530745
AP001046.1	0.015449471
AP001048.1	0
AP001052.1	0.329588706
AP001056.1	0.03974334
AP001057.1	0
AP001059.1	0
AP001059.2	0
AP001059.3	0
AP001062.1	0.352222381
AP001062.2	0.08564116
AP001062.3	0
AP001063.1	0.020560354
AP001065.1	0.37155497
AP001065.2	0
AP001085.1	0.017021013
AP001086.1	0.101648853
AP001092.1	0.046381353
AP001094.1	0
AP001094.2	0.070473611
AP001094.3	0
AP001099.1	0.025441935
AP001102.1	0
AP001107.1	0.101284781
AP001107.2	0
AP001107.3	0.179940893
AP001107.4	0.343041306
AP001107.5	0.956798492
AP001107.6	0.126470085
AP001107.7	0
AP001107.8	0.068119586
AP001107.9	1.031141809
AP001109.1	0
AP001116.1	0
AP001117.1	0
AP001120.1	0
AP001120.2	0
AP001120.3	0
AP001120.4	0
AP001122.1	0
AP001124.1	0
AP001136.1	0
AP001148.1	0.06454853
AP001150.1	0
AP001157.1	2.018114342
AP001160.1	0.312786144
AP001160.2	0
AP001160.3	1.040601825
AP001160.4	0.227778582
AP001172.1	0.131041293
AP001172.2	0
AP001178.1	0
AP001178.2	0.066726548
AP001178.3	0.020657982
AP001180.1	0.003050036
AP001180.2	0
AP001180.3	0
AP001180.4	0
AP001180.5	0
AP001187.1	0
AP001189.1	0.327970809
AP001189.2	0
AP001189.3	1.336580927
AP001189.4	0.024062892
AP001189.5	0.077827745
AP001189.6	0.02617672
AP001198.1	0
AP001198.2	0.023339973
AP001205.1	0
AP001207.1	0
AP001207.2	0.100894502
AP001207.3	0.221515831
AP001208.1	0
AP001208.2	0.018817348
AP001257.1	0.028250461
AP001258.1	0
AP001264.1	0.015471447
AP001266.1	0
AP001266.2	0.140643456
AP001267.1	0.03178914
AP001267.2	0.005214011
AP001267.3	0.247660584
AP001267.4	0
AP001269.1	0.020599294
AP001269.2	0.057395395
AP001269.3	0.03305905
AP001269.4	0
AP001271.1	0.68637648
AP001271.2	0.041939951
AP001273.1	0.244995666
AP001282.1	0.014511577
AP001282.2	0.105596382
AP001284.1	0
AP001317.1	0
AP001318.1	0.088426238
AP001318.2	0.899164101
AP001318.3	0
AP001324.1	21.99818754
AP001324.2	0
AP001324.3	0.022849637
AP001328.1	0
AP001330.1	0.074394168
AP001330.2	0
AP001330.3	0
AP001330.4	0
AP001330.5	1.614262932
AP001331.1	0
AP001340.1	0
AP001341.1	0
AP001342.1	0
AP001347.1	0.178201351
AP001350.1	0.06423087
AP001350.2	0.178954014
AP001351.1	0.046654916
AP001357.1	0
AP001357.2	0.015318912
AP001360.1	0.008701142
AP001360.2	0.05805922
AP001362.1	0
AP001363.1	0.453184471
AP001363.2	0.02781695
AP001372.1	0.095827553
AP001372.2	1.30447323
AP001372.3	0
AP001372.4	0.161302947
AP001381.1	0
AP001412.1	0.21326328
AP001425.1	0.030695467
AP001429.1	0.102607805
AP001432.1	0.711151016
AP001434.1	1.136908777
AP001437.1	0.190814514
AP001439.1	0.055491976
AP001442.1	0.006795643
AP001453.1	0.031045939
AP001453.2	2.076905715
AP001453.3	0.007959332
AP001453.4	0.892555581
AP001458.1	0.118222036
AP001458.2	0
AP001462.1	0.385006276
AP001464.1	0
AP001468.1	0
AP001469.1	0.087634598
AP001469.2	0.362547577
AP001469.3	0.721273835
AP001471.1	0.291332874
AP001476.1	0
AP001476.2	0
AP001476.3	0.026208259
AP001485.1	0
AP001486.1	0.022849637
AP001486.2	0.493512836
AP001486.3	0.26313937
AP001496.1	0
AP001496.2	0.022264948
AP001496.3	0
AP001505.1	2.406071953
AP001506.1	0
AP001525.1	0
AP001527.1	0
AP001527.2	0.258552154
AP001528.1	0.210813738
AP001528.2	0.116086662
AP001528.3	0.194162137
AP001533.1	0.025089798
AP001541.1	0
AP001542.1	0.761349911
AP001542.2	0
AP001542.3	0.681066605
AP001547.1	0
AP001554.1	0.028926668
AP001574.1	0.099600983
AP001582.1	0
AP001595.1	0
AP001596.1	0.164574334
AP001596.2	0.034860344
AP001599.1	0
AP001604.1	0
AP001605.1	0.00417842
AP001610.1	0.146188539
AP001610.2	0
AP001615.1	0
AP001619.1	0.072996156
AP001619.2	0
AP001625.1	0
AP001625.2	0.208070783
AP001625.3	0.024223669
AP001626.1	0.038109416
AP001627.1	0.006200928
AP001628.1	0.26714032
AP001628.2	0
AP001630.1	0
AP001631.1	0
AP001636.1	0.019387571
AP001636.2	0.046881152
AP001636.3	0.026470483
AP001642.1	0.005137661
AP001646.1	0.011886806
AP001646.2	0
AP001646.3	0.073159825
AP001652.1	0
AP001767.1	0
AP001767.2	0.028472323
AP001767.3	0.174621539
AP001767.4	0.288754707
AP001775.1	0
AP001775.2	0
AP001781.1	0.122897484
AP001781.2	0
AP001782.1	0
AP001783.1	0.02237948
AP001784.1	0
AP001790.1	2.308855619
AP001793.1	0.153385513
AP001803.1	0
AP001803.2	0.003749199
AP001816.1	2.69845538
AP001823.1	0
AP001825.1	0
AP001830.1	0.345782371
AP001830.2	0
AP001831.1	0
AP001836.1	0
AP001858.1	0
AP001858.2	0
AP001877.1	0
AP001880.1	0
AP001880.2	0.02427774
AP001885.1	0.013604037
AP001888.1	0.015106149
AP001889.1	0
AP001893.1	0.150226896
AP001893.2	0
AP001893.3	0.019114986
AP001922.1	0
AP001922.2	0
AP001922.3	0
AP001922.4	0.037504922
AP001922.5	0.334145232
AP001922.6	0.219122162
AP001931.1	0.22502953
AP001960.1	0
AP001961.1	0.020677618
AP001962.1	0
AP001970.1	0.015515588
AP001972.1	0.085979662
AP001972.2	0
AP001972.3	0.012617665
AP001972.4	0.019422192
AP001972.5	2.94938191
AP001978.1	0
AP001979.1	0.173791115
AP001979.2	0.01115531
AP001981.1	0
AP001992.1	0.539561667
AP001993.1	0
AP001994.1	0.013167588
AP001999.1	0
AP001999.2	0
AP001999.3	0
AP002001.1	0
AP002001.2	0
AP002004.1	0.33333838
AP002004.2	0
AP002008.1	0
AP002008.2	0
AP002008.3	0
AP002026.1	0.27884303
AP002075.1	0
AP002336.1	0
AP002336.2	0.060536701
AP002336.3	0
AP002340.1	0.343466125
AP002353.1	0
AP002358.1	0
AP002358.2	0.060762164
AP002360.1	2.884993978
AP002360.2	0.030637823
AP002360.3	0.27134538
AP002364.1	0.044970461
AP002365.1	0
AP002370.1	0
AP002370.2	0
AP002371.1	0
AP002373.1	0.059678613
AP002373.2	0.01026078
AP002380.1	0
AP002381.1	0.123796733
AP002383.1	0
AP002383.2	0
AP002383.3	0
AP002383.4	0
AP002383.5	0
AP002387.1	0
AP002387.2	1.263584936
AP002392.1	0.052290516
AP002404.1	0
AP002409.1	0
AP002414.1	0
AP002414.2	0.225599281
AP002414.3	0
AP002414.4	0.01894848
AP002414.5	0
AP002428.1	0
AP002433.1	0.011282601
AP002439.1	0
AP002444.1	0
AP002449.1	0.183568393
AP002453.1	0
AP002469.1	0
AP002472.1	0
AP002478.1	0.052326454
AP002478.2	0
AP002490.1	0.110485796
AP002490.2	0
AP002495.1	0.288965612
AP002498.1	0.01914864
AP002505.1	0
AP002505.2	0.031254101
AP002512.1	0
AP002512.2	0
AP002518.1	0.005669235
AP002518.2	0.055350775
AP002530.1	0
AP002748.1	0
AP002748.2	0.031254101
AP002748.3	0.851290615
AP002748.4	0.003066374
AP002754.1	0.013890712
AP002754.2	0.02354205
AP002759.1	0
AP002761.1	0.166052325
AP002761.2	0.017599397
AP002761.3	0.35292242
AP002761.4	0.922279613
AP002765.1	0
AP002768.1	0.033988835
AP002770.1	0
AP002770.2	0.040888824
AP002782.1	0
AP002784.1	0.962781946
AP002784.2	0.217924773
AP002791.1	0
AP002795.1	0
AP002799.1	0
AP002800.1	1.241623611
AP002802.1	0
AP002802.2	0
AP002803.1	0
AP002807.1	0.314867622
AP002812.1	0.045892098
AP002812.2	0.018592183
AP002812.3	0.059218297
AP002812.4	0
AP002812.5	0.061103524
AP002815.1	0
AP002833.1	0
AP002833.2	0
AP002833.3	0
AP002840.1	0.083026163
AP002840.2	0.305899518
AP002847.1	0.087205208
AP002852.1	0.371088502
AP002856.1	0
AP002856.2	0
AP002856.3	0
AP002856.4	0
AP002884.1	0.795466086
AP002884.2	0.018310484
AP002884.3	0.01827971
AP002884.4	0.028824454
AP002892.1	0
AP002892.2	0
AP002893.1	0
AP002906.1	0.186719782
AP002907.1	0.311841622
AP002954.1	0.537423466
AP002957.1	0.009067468
AP002963.1	0
AP002967.1	0
AP002981.1	0.01115531
AP002982.1	0
AP002986.1	0.024832026
AP002989.1	0.038706147
AP002990.1	0.761789405
AP002991.1	0
AP002991.2	0
AP002992.1	0
AP002993.1	0.103585022
AP003025.1	0
AP003025.2	0
AP003027.1	0
AP003028.1	0
AP003031.1	0.071744243
AP003031.2	0.021382229
AP003032.1	0.235590483
AP003032.2	0
AP003035.1	0
AP003037.1	0
AP003038.1	0
AP003040.1	0.031864533
AP003041.1	0
AP003041.2	0.015383914
AP003043.1	0
AP003049.1	0
AP003049.2	0.019938455
AP003057.1	0.017472172
AP003059.1	0
AP003059.2	0.021623116
AP003062.1	0
AP003062.2	0
AP003063.1	0.034353845
AP003063.2	0.026309694
AP003064.1	0
AP003064.2	0.10663164
AP003065.1	0
AP003066.1	0
AP003066.2	0
AP003068.1	0.359881786
AP003068.2	1.147763685
AP003068.3	0
AP003068.4	0.02712326
AP003071.1	0.034972435
AP003071.2	0.02197258
AP003071.3	0.089151043
AP003071.4	0.321888035
AP003072.1	0
AP003072.2	0.241340842
AP003072.3	0.018310484
AP003072.4	0
AP003072.5	0.01407041
AP003080.1	0.56882201
AP003084.1	0.703596375
AP003086.1	0.05961501
AP003086.2	0.02488885
AP003086.3	0
AP003096.1	0.059651338
AP003097.1	0.009582755
AP003097.2	0
AP003100.1	0
AP003102.1	0
AP003108.1	0
AP003108.2	0.08820288
AP003108.3	0.073028831
AP003108.4	0
AP003108.5	0.243048655
AP003110.1	0
AP003115.1	0
AP003117.1	0.03926508
AP003117.2	0
AP003119.1	0.020216408
AP003119.2	1.04462861
AP003119.3	1.255770709
AP003121.1	0
AP003122.1	0
AP003122.2	0
AP003122.3	0
AP003122.4	0.028697697
AP003122.5	0.005776116
AP003122.6	0.02197258
AP003123.1	0
AP003128.1	0
AP003168.1	0
AP003168.2	0
AP003170.1	0.137275296
AP003170.2	0
AP003170.3	0.206514442
AP003170.4	0
AP003170.5	0.032466947
AP003171.1	0.040888824
AP003171.2	0
AP003174.1	0.057853337
AP003174.2	0
AP003174.3	0.021078347
AP003181.1	0
AP003181.2	0
AP003306.1	0
AP003306.2	0
AP003327.1	0
AP003351.1	0.032564154
AP003352.1	0.650726419
AP003354.1	0.061218165
AP003354.2	0.173868287
AP003355.1	0
AP003355.2	0.004148142
AP003355.3	0.095407257
AP003357.1	0
AP003385.1	0
AP003385.2	0
AP003385.3	0.019597166
AP003385.4	0.058162713
AP003386.1	0
AP003390.1	0.852645352
AP003390.2	0
AP003392.1	0.852645352
AP003392.2	1.464134444
AP003392.3	0.195677852
AP003392.4	1.032755049
AP003392.5	0.104833034
AP003392.6	0.10039779
AP003393.1	0.004859887
AP003396.1	0
AP003396.2	0.008385834
AP003396.3	0
AP003396.4	0
AP003396.5	0
AP003397.1	0.007841692
AP003398.1	0
AP003400.1	0
AP003400.2	0
AP003400.3	0
AP003400.4	0
AP003400.5	0
AP003400.6	0
AP003419.1	0
AP003419.2	0.020638382
AP003419.3	0.105187885
AP003438.1	0
AP003461.1	0
AP003465.1	0.028472323
AP003465.2	0
AP003467.1	0
AP003467.2	0
AP003469.1	0.018067155
AP003469.2	0.379410255
AP003469.3	0.022994561
AP003469.4	0.843163744
AP003471.1	0
AP003472.1	0.01297903
AP003472.2	0
AP003476.1	0
AP003478.1	0.013056936
AP003481.1	0
AP003484.1	0
AP003485.1	0
AP003485.2	0
AP003486.1	1.135570902
AP003497.1	0
AP003497.2	0
AP003498.1	0
AP003499.1	0
AP003499.2	0
AP003499.3	0
AP003500.1	0.020638382
AP003501.1	0
AP003501.2	0
AP003532.1	0
AP003548.1	0.010398114
AP003550.1	0
AP003555.1	0
AP003555.2	0.288329442
AP003555.3	0.327299896
AP003557.1	0.021709436
AP003559.1	0.207905492
AP003680.1	0.02080191
AP003692.1	0
AP003696.1	0
AP003715.1	0
AP003716.1	0.071374838
AP003716.2	0
AP003717.1	0.053919965
AP003717.2	0
AP003717.3	0.027651934
AP003718.1	0
AP003721.1	0.05035383
AP003721.2	0.048125785
AP003721.3	0
AP003721.4	0.281981448
AP003730.1	0
AP003730.2	0
AP003733.1	0.01276576
AP003733.2	0
AP003733.3	0
AP003733.4	0.230731516
AP003774.1	0.125497238
AP003774.2	0
AP003774.3	0.044168233
AP003774.4	0.178036756
AP003781.1	0
AP003784.1	0
AP003785.1	0
AP003789.1	0
AP003900.1	0
AP003969.1	0
AP003969.2	0.157767956
AP003972.1	0.001997141
AP003973.1	0
AP003973.2	0.043592895
AP004147.1	0
AP004245.1	0.293957495
AP004247.1	0
AP004247.2	0.005754723
AP004289.1	0.00493262
AP004289.2	0
AP004290.1	0.007702852
AP004371.1	0
AP004372.1	0
AP004550.1	0
AP004607.1	0
AP004607.2	0
AP004607.3	0
AP004607.4	0
AP004607.5	0
AP004607.6	0
AP004607.7	0
AP004607.8	0
AP004607.9	0
AP004608.1	0.003952669
AP004609.1	0
AP004609.2	0
AP004609.3	0.230922023
AP004782.1	0.015840995
AP004833.1	0
AP004833.2	0.007480349
AP004833.3	0
AP005018.1	0
AP005018.2	0.03969499
AP005019.1	3.423453773
AP005019.2	0.021284594
AP005019.3	0
AP005057.1	0.075793918
AP005059.1	0
AP005059.2	0
AP005060.1	0.003426726
AP005062.1	0.017918332
AP005117.1	0.003606242
AP005119.1	0.074496077
AP005119.2	0.265758857
AP005120.1	0
AP005121.1	0
AP005121.2	0
AP005131.1	0.006876561
AP005131.2	0.156334684
AP005131.3	0.049066589
AP005131.4	0
AP005131.5	0.021840215
AP005131.6	0.051608196
AP005131.7	0.16020924
AP005135.1	0
AP005136.1	0
AP005136.2	0.072578638
AP005137.1	0.01914864
AP005137.2	0
AP005139.1	0.006603781
AP005202.1	0
AP005202.2	0
AP005203.1	0
AP005205.1	0
AP005205.2	0.044303166
AP005205.3	0.090214016
AP005208.1	0
AP005209.1	0.035160864
AP005210.1	0
AP005212.1	0
AP005212.2	0.020599294
AP005212.3	0
AP005229.1	0
AP005229.2	0.01560463
AP005230.1	0.712454826
AP005233.1	0
AP005233.2	0.029316516
AP005242.1	0
AP005242.2	0
AP005242.3	0
AP005242.4	0
AP005262.1	0
AP005263.1	0
AP005264.1	0.356117674
AP005264.2	0
AP005264.3	0.022425623
AP005264.4	0
AP005264.5	0.088626388
AP005264.6	0
AP005264.7	0.009848863
AP005265.1	0.012472967
AP005271.1	0
AP005273.1	0
AP005328.1	0.505320737
AP005328.2	0.132437471
AP005329.1	0.194404627
AP005329.2	0.233373369
AP005329.3	0
AP005357.1	0
AP005380.1	0
AP005403.1	0.047495316
AP005431.1	0.2045723
AP005432.1	0.009362778
AP005432.2	0.167044105
AP005433.1	0
AP005435.1	0
AP005435.2	0
AP005435.3	0
AP005435.4	0
AP005436.1	0
AP005436.2	0.043160426
AP005436.3	0
AP005482.1	0.042719667
AP005482.2	0
AP005482.3	0.7704136
AP005530.1	0
AP005597.1	0
AP005597.2	0
AP005597.3	0
AP005597.4	0
AP005639.1	0
AP005660.1	0
AP005671.1	0
AP005717.1	0.011183987
AP005899.1	0.419862083
AP005901.1	0
AP005901.2	0
AP005901.3	0
AP005901.4	0
AP005902.1	0
AP005902.2	0
AP006193.1	0
AP006216.1	0.051916121
AP006216.2	0
AP006219.1	0.023043278
AP006222.1	0.019255182
AP006245.1	0
AP006245.2	0
AP006248.1	0
AP006248.2	0.018372343
AP006248.3	0
AP006248.4	0
AP006248.5	0
AP006259.1	0.019387571
AP006284.1	0.2024149
AP006285.1	0
AP006285.2	0
AP006287.1	0
AP006287.2	0.02166619
AP006288.1	0
AP006289.1	0.117795241
AP006294.1	0
AP006295.1	0
AP006296.1	0.08718579
AP006333.1	0
AP006333.2	0
AP006437.1	0
AP006437.2	0
AP006545.1	0.262657959
AP006545.2	0.047186236
AP006547.1	0
AP006565.1	0
AP006587.1	0
AP006587.2	0
AP006587.3	0
AP006587.4	0
AP006587.5	0
AP006587.6	0
AP006621.1	0
AP006621.2	0.382972792
AP006621.3	0.770285219
AP006621.4	0
AP006621.5	0.276923961
AP006623.1	0.07915886
AP006748.1	0
AP007216.1	0
AP007216.2	0.036376011
AP1AR	4.111820076
AP1B1	27.33752214
AP1B1P1	0
AP1B1P2	0
AP1G1	19.38341797
AP1G2	4.208958164
AP1M1	5.304632867
AP1M2	8.316978959
AP1S1	16.35351057
AP1S2	5.480092082
AP1S2P1	0
AP1S3	1.129787616
AP2A1	19.87752274
AP2A2	6.324081612
AP2B1	36.90416079
AP2M1	131.8503818
AP2S1	54.97574431
AP3B1	9.537332281
AP3B2	3.465588441
AP3D1	20.68936484
AP3M1	11.51665001
AP3M2	4.868050395
AP3S1	15.20591196
AP3S2	2.702327666
AP4B1	1.857642733
AP4B1-AS1	0.075269393
AP4E1	2.250957844
AP4M1	11.51445575
AP4S1	0.989313683
AP5B1	5.568206284
AP5M1	2.961519141
AP5S1	4.293118024
AP5Z1	4.347089449
APAF1	3.016186781
APBA1	0.372611265
APBA2	2.204103479
APBA3	2.905078853
APBB1	3.567401783
APBB1IP	4.174624695
APBB2	5.188885237
APBB3	1.868817567
APC	3.007629413
APC2	0.409698887
APCDD1	6.628709351
APCDD1L	4.789821864
APCDD1L-AS1	0.2598013
APCS	0.011745602
APEH	14.08181688
APELA	0.190135019
APEX1	73.67827951
APEX2	10.8496133
APH1A	65.71892509
APH1B	2.015326354
API5	26.61930164
API5P1	0.064826388
API5P2	0.014521265
APIP	2.952959182
APLF	0.539629329
APLN	7.343709414
APLNR	4.88537224
APLP1	0.859761348
APLP2	121.9499887
APMAP	90.94271056
APOA1	0.091655286
APOA1-AS	0.154549589
APOA2	0.069056681
APOA4	0.014767722
APOA5	0
APOB	0.030807253
APOBEC1	0.036703354
APOBEC2	0.075596367
APOBEC3A	0.825649061
APOBEC3AP1	0.037896959
APOBEC3B	2.55848448
APOBEC3B-AS1	0
APOBEC3C	28.90088275
APOBEC3D	3.863375354
APOBEC3F	3.589690687
APOBEC3G	4.522870757
APOBEC3H	0.504262816
APOBEC4	0
APOBR	6.341714334
APOC1	49.67284668
APOC1P1	0.057976691
APOC2	0.086115814
APOC3	0
APOC4	0
APOC4-APOC2	0.029733262
APOD	9.925915672
APOE	115.5155012
APOF	0.00634194
APOH	0.097985832
APOL1	155.5369284
APOL2	32.97892594
APOL3	5.448350973
APOL4	3.931119028
APOL5	0.015127159
APOL6	12.77639009
APOLD1	1.109716937
APOM	0.792799821
APOO	10.51577788
APOOL	4.047931173
APOOP1	0
APOOP2	0
APOOP3	0
APOOP4	0
APOOP5	0
APOPT1	1.825646494
APP	450.6536407
APPBP2	4.632062901
APPL1	6.755045419
APPL2	7.633027432
APRT	68.55225724
APTR	1.006946656
APTX	4.259862262
AQP1	55.77740205
AQP10	0.023726936
AQP11	0.263285803
AQP12A	0
AQP12B	0
AQP2	0.005052928
AQP3	25.08487484
AQP4	8.516088363
AQP4-AS1	0.01096414
AQP5	0.369279229
AQP6	0.012723448
AQP7	0.035198794
AQP7P1	0
AQP7P2	0
AQP7P3	0
AQP7P4	0
AQP7P5	0
AQP8	0.015308131
AQP9	6.075333578
AQR	3.55043635
AR	0.57808956
ARAF	19.49757278
ARAFP1	0
ARAFP2	0
ARAFP3	0
ARAP1	17.28626525
ARAP1-AS1	0
ARAP1-AS2	0.178888607
ARAP2	2.887136599
ARAP3	2.322625357
ARC	0.272728869
ARCN1	77.19737613
AREG	5.596608221
AREL1	8.550229177
ARF1	150.8776934
ARF1P1	0
ARF1P2	0
ARF1P3	0
ARF3	51.45754738
ARF4	83.9098553
ARF4-AS1	0.109310827
ARF4P1	0.080417207
ARF4P2	0.041355237
ARF4P3	0.042736453
ARF4P4	0
ARF5	44.41837572
ARF6	33.70426125
ARFGAP1	17.59504298
ARFGAP2	12.16292596
ARFGAP3	24.32639551
ARFGEF1	6.398948202
ARFGEF2	8.001986366
ARFGEF3	0.611922407
ARFIP1	7.593216726
ARFIP2	6.021756905
ARFRP1	4.75014807
ARG1	0.071956008
ARG2	4.304690208
ARGFX	0.01096414
ARGFXP1	0
ARGFXP2	0.11460935
ARGLU1	6.431348394
ARHGAP1	22.1923062
ARHGAP10	1.787296539
ARHGAP11A	3.28763196
ARHGAP11B	0.448842111
ARHGAP12	3.306155485
ARHGAP15	0.921469238
ARHGAP17	4.326790088
ARHGAP18	6.493039572
ARHGAP19	3.338588759
ARHGAP19-SLIT1	0
ARHGAP20	0.451848769
ARHGAP21	7.030785143
ARHGAP22	1.911352106
ARHGAP22-IT1	0
ARHGAP23	14.66749949
ARHGAP23P1	0.005229052
ARHGAP24	2.316123365
ARHGAP25	4.432762556
ARHGAP26	2.489509657
ARHGAP26-AS1	0.02197258
ARHGAP26-IT1	0
ARHGAP27	2.128132715
ARHGAP27P1-BPTFP1-KPNA2P3	0.529858868
ARHGAP27P2	0
ARHGAP28	1.090382384
ARHGAP29	1.997468064
ARHGAP30	9.66507165
ARHGAP31	5.952827216
ARHGAP31-AS1	0.522905159
ARHGAP32	5.50555077
ARHGAP33	0.885002069
ARHGAP35	11.06406864
ARHGAP36	0.003427806
ARHGAP39	1.668846251
ARHGAP4	4.114720076
ARHGAP40	0.357441273
ARHGAP42	2.37608586
ARHGAP42P1	0.005504265
ARHGAP42P2	0.005082443
ARHGAP42P3	0
ARHGAP42P4	0
ARHGAP42P5	0
ARHGAP44	0.95744436
ARHGAP45	5.169702939
ARHGAP5	8.392070695
ARHGAP5-AS1	1.800966858
ARHGAP6	0.296567136
ARHGAP8	0.276814883
ARHGAP9	2.590231662
ARHGDIA	76.10127153
ARHGDIB	73.40294845
ARHGDIG	0.026866432
ARHGEF1	13.53130325
ARHGEF10	3.609014655
ARHGEF10L	3.219656232
ARHGEF11	8.478752319
ARHGEF12	7.584173222
ARHGEF15	1.637422092
ARHGEF16	1.884752097
ARHGEF17	8.443227187
ARHGEF18	1.172246855
ARHGEF19	7.086377198
ARHGEF19-AS1	0
ARHGEF2	7.661719722
ARHGEF25	4.567292194
ARHGEF26	1.39893563
ARHGEF26-AS1	0.049588574
ARHGEF28	0.911650338
ARHGEF3	4.306695734
ARHGEF33	0.037641552
ARHGEF34P	1.550346874
ARHGEF35	0
ARHGEF37	1.20939988
ARHGEF38	0.21239098
ARHGEF38-IT1	0.047703628
ARHGEF39	0.591037382
ARHGEF3-AS1	0
ARHGEF4	2.847682005
ARHGEF40	7.858813081
ARHGEF5	2.475144335
ARHGEF6	4.379984944
ARHGEF7	3.462193801
ARHGEF7-AS1	0
ARHGEF7-AS2	0
ARHGEF7-IT1	0.013527895
ARHGEF9	3.039411811
ARHGEF9-IT1	0.027605145
ARID1A	15.17006342
ARID1B	4.435403589
ARID2	3.8359429
ARID3A	2.949156084
ARID3B	1.591544175
ARID3C	0.061666491
ARID4A	3.750987744
ARID4B	4.967225941
ARID5A	8.63402223
ARID5B	20.0422553
ARIH1	4.114788229
ARIH2	7.089959967
ARIH2OS	0.469632968
ARIH2P1	0.051547049
ARL1	14.3387967
ARL10	1.701844327
ARL11	1.012025122
ARL13A	0.042513722
ARL13B	3.710134203
ARL14	3.689916216
ARL14EP	4.836179018
ARL14EPL	0
ARL14EPL	0
ARL15	4.494367772
ARL16	4.920986552
ARL17A	0.060380458
ARL17B	0.14694391
ARL2	22.22778496
ARL2BP	5.657761021
ARL2BPP1	0
ARL2BPP10	0
ARL2BPP2	0
ARL2BPP3	0
ARL2BPP4	0
ARL2BPP5	0
ARL2BPP6	0
ARL2BPP7	0
ARL2BPP8	0
ARL2-SNX15	0.009094003
ARL3	8.349723453
ARL4A	4.214959188
ARL4AP1	0
ARL4AP2	0.05429165
ARL4AP3	0
ARL4AP4	0.146978747
ARL4AP5	0.036315283
ARL4C	41.99336271
ARL4D	22.65022732
ARL5A	6.996153354
ARL5AP1	0
ARL5AP2	0
ARL5AP3	0
ARL5AP4	0.021243022
ARL5B	13.17383829
ARL5C	0.006364206
ARL6	1.269958782
ARL6IP1	30.19350808
ARL6IP1P1	0
ARL6IP1P2	0
ARL6IP1P3	0
ARL6IP4	0.414563572
ARL6IP5	48.43934631
ARL6IP6	10.17168417
ARL8A	22.98092715
ARL8B	40.7561873
ARL9	0.916455718
ARMC1	12.91118715
ARMC10	3.652389778
ARMC10P1	0.05088387
ARMC12	0.176415958
ARMC2	0.470885323
ARMC2-AS1	0.194221916
ARMC3	0.004661992
ARMC4	0.097985832
ARMC4P1	0.012750794
ARMC5	2.328281191
ARMC6	7.805688692
ARMC7	3.267166259
ARMC8	3.168609861
ARMC8P1	0
ARMC9	1.337459438
ARMCX1	9.916294294
ARMCX2	3.769929105
ARMCX3	14.46341606
ARMCX3-AS1	0
ARMCX4	0.772290696
ARMCX5	2.420675023
ARMCX5-GPRASP2	1.25173195
ARMCX6	3.775505498
ARMCX7P	0
ARMS2	0
ARMT1	6.836831916
ARNT	13.66897838
ARNT2	2.54312536
ARNTL	3.180780924
ARNTL2	17.07706557
ARNTL2-AS1	0.067639473
ARPC1A	123.1031218
ARPC1B	57.34520439
ARPC2	61.83253891
ARPC3	48.12594359
ARPC3P1	0.12243633
ARPC3P2	0.061218165
ARPC3P5	0.061103524
ARPC4	28.68929007
ARPC4-TTLL3	0.114074644
ARPC5	17.87689886
ARPC5L	8.201006954
ARPIN	4.395372586
ARPP19	15.39713403
ARPP21	0.001077728
ARPP21-AS1	0
ARR3	0.125811767
ARRB1	3.116615234
ARRB2	9.266855371
ARRDC1	4.861800006
ARRDC1-AS1	1.412523026
ARRDC2	4.651273524
ARRDC3	16.73567816
ARRDC3-AS1	0.076810927
ARRDC4	14.92303519
ARRDC5	0.166001638
ARSA	12.68669214
ARSB	5.216569943
ARSD	10.44322678
ARSD-AS1	0
ARSDP1	0
ARSE	4.296906823
ARSEP1	0
ARSF	0.014804574
ARSFP1	0
ARSG	1.304444749
ARSH	0.029003806
ARSI	8.880142079
ARSJ	6.014075444
ARSK	1.956445893
ART1	0.007414061
ART2BP	0
ART2P	0.105853307
ART3	0.063042135
ART4	0.183568393
ART5	0.135070948
ARTN	0.990254103
ARV1	5.495688478
ARVCF	0.990701081
ARX	0.030254318
AS3MT	0.14025343
ASAH1	32.42686966
ASAH2	0.084084048
ASAH2B	0.439196646
ASAP1	11.75389752
ASAP1-IT2	0.021420832
ASAP2	3.215809009
ASAP3	4.470063344
ASB1	3.3040267
ASB10	0
ASB11	0.006927661
ASB12	0.05062728
ASB13	10.43093927
ASB14	0.104322168
ASB15	0
ASB16	0.292639299
ASB16-AS1	2.197392019
ASB17	0
ASB18	0.004001629
ASB2	0.483396769
ASB3	0.518007333
ASB4	0.040151849
ASB5	0.018734004
ASB6	4.075718754
ASB7	3.673842313
ASB8	6.783462975
ASB9	0.943574945
ASB9P1	0.109724361
ASCC1	4.316691607
ASCC2	13.09950799
ASCC3	5.755763418
ASCL1	0.387186732
ASCL2	0.646008101
ASCL3	0.01718235
ASCL4	2.208973509
ASCL5	0.102000059
ASF1A	5.652112398
ASF1B	7.562515855
ASGR1	0.403368035
ASGR2	0.567845602
ASH1L	7.649328494
ASH1L-AS1	0.845644471
ASH1L-IT1	0.02427774
ASH2L	9.080252502
ASH2LP1	0
ASH2LP2	0.006967602
ASH2LP3	0.00662389
ASIC1	1.274122815
ASIC2	0.025262383
ASIC3	0.197897149
ASIC4	0.022788705
ASIC5	0.038568891
ASIP	0.15377982
ASL	15.90443453
ASLP1	0.324414629
ASMT	0.041243224
ASMTL	8.410152425
ASMTL-AS1	0.782125109
ASNA1	31.668048
ASNS	8.000460663
ASNSD1	15.23307929
ASNSP1	0.006019052
ASNSP3	0.033312182
ASNSP4	0
ASNSP6	0
ASPA	0.373447538
ASPDH	0.184234703
ASPG	0.058599527
ASPH	11.38696344
ASPHD1	1.105519211
ASPHD2	2.33922565
ASPM	3.10343112
ASPN	12.50568969
ASPRV1	0.519590463
ASPSCR1	1.403496984
ASRGL1	0.671179443
ASS1	10.28803041
ASS1P1	0.31653305
ASS1P10	0.043715544
ASS1P11	0.071555443
ASS1P12	0.239334586
ASS1P2	0.080039122
ASS1P4	0.017627921
ASS1P5	0.008778392
ASS1P6	0
ASS1P7	0
ASS1P8	0
ASS1P9	0
ASTE1	2.523128013
ASTL	0.092061658
ASTN1	0.222233272
ASTN2	0.167935186
ASTN2-AS1	0
ASXL1	12.381226
ASXL2	4.606801272
ASXL3	0.173384781
ASZ1	0.007097179
ATAD1	10.86998773
ATAD2	8.265045694
ATAD2B	1.673137024
ATAD3A	5.372650304
ATAD3B	1.231774505
ATAD3C	0.268080955
ATAD5	1.116082858
ATAT1	2.021640762
ATCAY	0.002013035
ATE1	5.287997258
ATE1-AS1	0.320231298
ATF1	9.071486136
ATF1P1	0
ATF2	8.98898608
ATF3	4.848625139
ATF4	63.33766732
ATF4P1	0
ATF4P2	0
ATF4P3	0.061797882
ATF4P4	0.030551762
ATF5	19.30068784
ATF6	11.86757447
ATF6B	38.50433565
ATF7	5.353710078
ATF7IP	11.12052636
ATF7IP2	0.26718809
ATG10	0.780452023
ATG101	6.881490731
ATG10-AS1	0
ATG10-IT1	0
ATG12	4.527765639
ATG12P2	0
ATG13	12.51231902
ATG14	4.400518091
ATG16L1	2.795099722
ATG16L2	1.058990658
ATG2A	5.471381915
ATG2B	1.973919205
ATG3	6.10831263
ATG3P1	0
ATG4A	3.946281445
ATG4AP1	0
ATG4B	6.008415019
ATG4C	2.11583232
ATG4D	5.481184608
ATG5	7.316068855
ATG7	3.050029482
ATG9A	11.60900868
ATG9B	0.209325701
ATIC	15.51164606
ATL1	1.30716695
ATL2	12.12994389
ATL3	15.42735346
ATM	2.369547409
ATMIN	18.00811214
ATN1	37.80026707
ATOH1	0
ATOH7	0.742242674
ATOH8	0.787628047
ATOX1	5.837853323
ATP10A	2.012572348
ATP10B	0.192332932
ATP10D	4.182611025
ATP11A	4.036783655
ATP11A-AS1	0
ATP11AUN	0.004853381
ATP11B	13.12598849
ATP11C	5.559356521
ATP12A	0.585201739
ATP13A1	9.719443448
ATP13A2	9.493321751
ATP13A3	15.15127393
ATP13A4	1.327672981
ATP13A4-AS1	0.176767939
ATP13A5	0.054137644
ATP13A5-AS1	0
ATP1A1	119.6766504
ATP1A1-AS1	0.340718024
ATP1A2	0.138157222
ATP1A3	0.184742127
ATP1A4	0.024231378
ATP1B1	45.26459125
ATP1B1P1	0.011886806
ATP1B2	0.275562718
ATP1B3	82.96222215
ATP1B3-AS1	0.376046688
ATP1B3P1	0.185468919
ATP1B4	0.00227874
ATP23	4.657930991
ATP2A1	0.139897364
ATP2A1-AS1	0.447743148
ATP2A2	29.88505127
ATP2A3	6.149055154
ATP2B1	4.651669106
ATP2B1-AS1	0.17368744
ATP2B2	0.023539734
ATP2B2-IT1	0
ATP2B2-IT2	0
ATP2B3	0.004330937
ATP2B4	31.50594756
ATP2C1	18.88620922
ATP2C2	2.236827812
ATP2C2-AS1	0.105208936
ATP4A	0.114665343
ATP4B	0.007309427
ATP5F1A	27.52709281
ATP5F1AP1	0
ATP5F1AP10	0
ATP5F1AP2	0
ATP5F1AP3	0.050520897
ATP5F1AP4	0
ATP5F1AP7	0
ATP5F1AP8	0
ATP5F1B	224.7373408
ATP5F1BP1	0.006910055
ATP5F1C	46.36743469
ATP5F1CP1	0.012152433
ATP5F1D	15.40585502
ATP5F1E	27.38203166
ATP5F1EP1	0
ATP5F1EP2	0.762762434
ATP5IF1	14.3373309
ATP5MC1	13.81701395
ATP5MC1P1	0
ATP5MC1P3	0.053055743
ATP5MC1P4	0.246631004
ATP5MC1P5	0
ATP5MC1P6	0.158394572
ATP5MC1P7	0
ATP5MC1P8	0
ATP5MC2	39.91111946
ATP5MC2P1	0
ATP5MC2P3	0.025591594
ATP5MC2P4	0.077688766
ATP5MC3	19.15245804
ATP5MD	31.20008543
ATP5MDP1	0.122897484
ATP5ME	28.98452168
ATP5MF	57.30801495
ATP5MFP1	0
ATP5MFP3	0
ATP5MFP4	0.122207048
ATP5MFP5	0.126470085
ATP5MFP6	0
ATP5MF-PTCD1	0.030434214
ATP5MG	28.95985447
ATP5MGL	0
ATP5MGP2	0.06994487
ATP5MGP3	0.071555443
ATP5MGP4	0
ATP5MGP5	0
ATP5MGP6	0
ATP5MGP7	0
ATP5MPL	7.118247441
ATP5PB	24.82641785
ATP5PBP1	0
ATP5PBP2	0
ATP5PBP3	0.016554684
ATP5PBP4	0
ATP5PBP5	0.357777214
ATP5PBP6	0
ATP5PBP7	0
ATP5PD	22.11977833
ATP5PDP1	0.022425623
ATP5PDP2	0
ATP5PDP3	0.02237948
ATP5PDP4	0.709829992
ATP5PF	28.17330066
ATP5PFP1	0
ATP5PO	15.29742113
ATP5S	1.28818799
ATP6AP1	36.11000586
ATP6AP1L	0.399634907
ATP6AP2	83.23235658
ATP6V0A1	3.913726737
ATP6V0A2	1.458482239
ATP6V0A4	0.045835217
ATP6V0B	16.24233655
ATP6V0C	17.58309026
ATP6V0CP1	0.087996985
ATP6V0CP2	0
ATP6V0CP3	0.186319954
ATP6V0D1	19.77279385
ATP6V0D2	1.152684488
ATP6V0E1	83.23851107
ATP6V0E1P1	0
ATP6V0E1P2	0
ATP6V0E1P3	0.088426238
ATP6V0E1P4	0
ATP6V0E2	2.266601791
ATP6V0E2-AS1	0.168549922
ATP6V1A	17.76059093
ATP6V1B1	0.532957237
ATP6V1B1-AS1	0.019098204
ATP6V1B2	21.80016761
ATP6V1C1	13.25024334
ATP6V1C2	0.883464311
ATP6V1D	15.56626292
ATP6V1E1	44.5892885
ATP6V1E1P1	0.015971259
ATP6V1E2	0.588805263
ATP6V1F	83.16538135
ATP6V1G1	53.69037904
ATP6V1G1P2	0.094304283
ATP6V1G1P3	0
ATP6V1G1P4	0
ATP6V1G1P6	0
ATP6V1G1P7	0
ATP6V1G2	0.227964242
ATP6V1G2-DDX39B	0.00458534
ATP6V1G3	0.014940147
ATP6V1H	11.80380833
ATP7A	3.605072103
ATP7B	1.222821866
ATP8A1	1.062488746
ATP8A2	0.656867285
ATP8A2P2	0.006936497
ATP8A2P3	0
ATP8B1	6.829650755
ATP8B2	8.954522949
ATP8B3	0.565996003
ATP8B4	0.459651978
ATP8B5P	0.031745693
ATP9A	24.050544
ATP9B	0.986381953
ATPAF1	4.456327267
ATPAF2	1.741714005
ATR	3.098598046
ATRAID	31.8697097
ATRIP	0.029360482
ATRN	22.12687546
ATRNL1	0.236925432
ATRX	5.394274252
ATXN1	5.146297649
ATXN10	26.9286515
ATXN1L	14.23790799
ATXN2	2.285665623
ATXN2-AS	0.224256233
ATXN2L	15.96200939
ATXN3	0.553809999
ATXN3L	0
ATXN7	2.713177677
ATXN7L1	0.717227936
ATXN7L2	0.943787843
ATXN7L3	17.51800345
ATXN7L3B	14.53813875
ATXN8OS	0
AUH	2.774500497
AUNIP	0.858189861
AUP1	34.59893103
AURKA	12.04282012
AURKAIP1	16.86530488
AURKAPS1	0.02692185
AURKAPS2	0
AURKB	11.33264513
AURKC	0.597421828
AUTS2	4.130328485
AVEN	6.06986457
AVIL	0.99917595
AVL9	2.950814321
AVP	0
AVPI1	12.77252375
AVPR1A	0.352029258
AVPR1B	0.004785054
AVPR2	0.136503794
AWAT1	0
AWAT2	0.031037501
AXDND1	0.012503694
AXIN1	3.219201668
AXIN2	2.878319738
AXL	27.94022069
AZGP1	1.98669087
AZGP1P1	0.012537668
AZGP1P2	0
AZI2	3.008191264
AZIN1	29.01734665
AZIN1-AS1	0.200161585
AZIN2	0.88716094
AZU1	0.018300214
AZU1P1	0
B2M	734.2784599
B3GALNT1	5.527918822
B3GALNT1P1	0.04462124
B3GALNT2	3.109185636
B3GALNT2P1	0
B3GALT1	0.010675724
B3GALT2	0.279053113
B3GALT4	3.748581904
B3GALT5	0.033421524
B3GALT5-AS1	0.051874852
B3GALT6	7.633473822
B3GAT1	0.054263138
B3GAT2	0.054672064
B3GAT3	6.638741868
B3GAT3P1	0.053977307
B3GLCT	4.016131499
B3GNT10	1.166729782
B3GNT2	28.3638672
B3GNT2P1	0
B3GNT3	0.633394723
B3GNT4	0.544980899
B3GNT5	11.39486142
B3GNT6	0.033134584
B3GNT7	4.26369667
B3GNT8	1.863037974
B3GNT9	14.23965576
B3GNTL1	0.443517061
B3GNTL1P1	0
B3GNTL1P2	0
B4GALNT1	0.827657656
B4GALNT2	0.271880339
B4GALNT2P1	0
B4GALNT3	1.887163648
B4GALNT4	4.919118009
B4GALT1	77.50869206
B4GALT1-AS1	0.219334833
B4GALT2	12.74491216
B4GALT3	14.24560336
B4GALT4	3.176921451
B4GALT4-AS1	0.019993433
B4GALT5	25.87124765
B4GALT6	1.309844901
B4GALT7	4.505538485
B4GAT1	9.842326825
B9D1	2.124639972
B9D2	3.586906875
BAALC	5.069498137
BAALC-AS1	0.87808144
BAALC-AS2	0.169612901
BAAT	0.073814644
BAATP1	0.008878716
BABAM1	10.77629908
BABAM2	9.90806614
BACE1	10.76146089
BACE1-AS	2.011394089
BACE2	4.873417367
BACE2-IT1	0
BACH1	17.42596179
BACH1-AS1	0.074241825
BACH1-IT1	0.384185617
BACH1-IT2	0.109522506
BACH1-IT3	0
BACH2	1.381504101
BAD	12.69128782
BAG1	6.141892489
BAG2	2.155334713
BAG3	33.40532112
BAG4	6.923007685
BAG5	6.669059576
BAG6	49.59118292
BAGE2	0
BAHCC1	1.945534757
BAHD1	6.183403818
BAIAP2	2.919973969
BAIAP2-AS1	4.060715157
BAIAP2L1	13.20676645
BAIAP2L2	0.699416108
BAIAP3	0.392868021
BAK1	21.70368449
BAK1P1	0.410431219
BAK1P2	0
BAMBI	4.733172985
BANCR	2.120903323
BANF1	55.36729616
BANF1P1	0.041355237
BANF1P2	0.288390118
BANF1P3	0.500065623
BANF1P4	0.040283064
BANF1P5	0
BANF2	0
BANK1	0.844410127
BANP	1.340311319
BAP1	15.27003057
BARD1	1.801682781
BARHL1	0
BARHL2	0.005495921
BARX1	1.554649709
BARX1-AS1	0.063828799
BARX2	0.760755571
BASP1	53.852297
BASP1-AS1	0.02588745
BASP1P1	0.163555298
BATF	7.236153671
BATF2	3.96201782
BATF3	0.805809763
BAX	17.32997036
BAZ1A	9.500272427
BAZ1B	12.91199855
BAZ2A	11.67238493
BAZ2B	2.224408253
BBC3	1.214192356
BBIP1	0.874154962
BBIP1P1	0.116950831
BBOF1	1.718569681
BBOX1	0.331060084
BBOX1-AS1	4.617507625
BBS1	0.299123875
BBS10	3.742459128
BBS12	1.527516887
BBS2	5.157072941
BBS4	4.186467677
BBS5	0.744829964
BBS7	2.105914169
BBS9	2.155972998
BBX	8.924952466
BCAM	78.48606593
BCAN	0.050731663
BCAP29	4.051013235
BCAP31	90.72532038
BCAP31P1	0
BCAP31P2	0.030381082
BCAR1	15.28364381
BCAR1P1	0.034202602
BCAR1P2	0
BCAR3	5.254854601
BCAR4	0.008190081
BCAS1	0.163425428
BCAS2	20.46342441
BCAS2P1	0.017209537
BCAS2P2	0.19364559
BCAS2P3	0
BCAS3	3.886917222
BCAS4	1.860309403
BCAT1	10.25293783
BCAT2	4.259316906
BCCIP	9.324033717
BCDIN3D	0.944124165
BCDIN3D-AS1	0.157717295
BCHE	0.448185031
BCKDHA	1.944368227
BCKDHB	1.685832873
BCKDK	10.32038996
BCL10	6.207935978
BCL11A	7.426849413
BCL11B	1.611732829
BCL2	4.136306011
BCL2A1	11.35582905
BCL2L1	23.43978387
BCL2L10	0.676169097
BCL2L11	11.12146546
BCL2L12	8.73648041
BCL2L12P1	0
BCL2L13	11.25686093
BCL2L14	0.204252156
BCL2L15	0.102342294
BCL2L2	9.788524925
BCL2L2-PABPN1	0.189705127
BCL3	17.03257908
BCL6	13.21912695
BCL6B	2.131511135
BCL7A	7.168667314
BCL7B	7.701321192
BCL7C	4.733397419
BCL9	7.289916925
BCL9L	11.06653104
BCL9P1	0.008493891
BCLAF1	11.79127791
BCLAF1P1	0.00395219
BCLAF1P2	0.025060892
BCLAF3	0.753662054
BCO1	0.764690793
BCO2	0.078501243
BCOR	8.950393297
BCORL1	3.948757934
BCORP1	0
BCR	6.802046872
BCRP1	0.015740126
BCRP2	0.001996774
BCRP3	0.094887043
BCRP4	0
BCRP5	0
BCRP6	0
BCRP7	0
BCRP8	0.127957968
BCRP9	0
BCS1L	4.953779701
BCYRN1	0.015355337
BDH1	1.358061692
BDH2	3.787298657
BDH2P1	0.044333263
BDKRB1	0.8597031
BDKRB2	2.469242954
BDNF	0.054803703
BDNF-AS	0.224767821
BDP1	2.206595856
BDP1P	0
BEAN1	1.208655696
BEAN1-AS1	0.031465074
BECN1	7.347608275
BECN1P2	0
BECN2	0.01646696
BEGAIN	0.087651118
BEND2	0
BEND3	1.569678863
BEND3P1	1.690503366
BEND3P2	0.004825389
BEND3P3	0.57502423
BEND4	0.023576967
BEND5	1.694036618
BEND6	0.515793349
BEND7	0.866568125
BEND7P1	0
BEST1	0.752702359
BEST2	0.004110517
BEST3	0.017432712
BEST4	0.350681095
BET1	3.857638879
BET1L	16.90795174
BET1P1	0.06059291
BEX1	1.044841974
BEX2	4.457855406
BEX3	101.9463644
BEX4	7.452973524
BEX5	2.711432957
BFAR	12.52976287
BFSP1	0.795671681
BFSP2	0.105086254
BFSP2-AS1	0.085162182
BGLAP	0.301615211
BGLT3	0
BGN	567.529582
BHLHA15	1.812737883
BHLHA9	0.012058123
BHLHB9	2.187900381
BHLHB9P1	0
BHLHE22	1.073638746
BHLHE23	0
BHLHE40	116.2448285
BHLHE40-AS1	0.472366
BHLHE41	14.06662558
BHMG1	0
BHMT	0.009272317
BHMT2	0.249522059
BICC1	6.712290495
BICD1	1.824852855
BICD1P1	0.008900513
BICD2	9.729046294
BICDL1	0.912318847
BICDL2	0.419751245
BICRA	2.544159629
BICRA-AS1	0
BICRAL	3.52375264
BID	8.048458346
BIK	1.141283032
BIN1	5.057562239
BIN2	3.707749655
BIN2P1	0
BIN2P2	0.016694439
BIN3	2.114384329
BIRC2	22.77041973
BIRC3	5.814360376
BIRC5	13.89559807
BIRC6	5.081966622
BIRC6-AS1	0
BIRC6-AS2	0.036931841
BIRC7	0.111410267
BIRC8	0
BIVM	4.005217963
BIVM-ERCC5	0.010470688
BLACAT1	1.057127703
BLACE	0.004428513
BLCAP	14.98428623
BLID	0
BLK	0.36685014
BLM	1.733321645
BLMH	3.829130344
BLNK	8.543426203
BLOC1S1	9.510305994
BLOC1S2	9.449889432
BLOC1S2P1	0
BLOC1S3	8.502053446
BLOC1S4	5.777891805
BLOC1S5	4.839435977
BLOC1S5-TXNDC5	0.029645017
BLOC1S6	7.710256521
BLVRA	22.14705789
BLVRB	32.52476367
BLZF1	5.623283747
BLZF2P	0.057750941
BMF	5.960370017
BMF-AS1	0
BMI1	6.640639127
BMI1P1	0
BMP1	16.89041755
BMP10	0.006866431
BMP15	0
BMP2	11.03650801
BMP2K	1.496083328
BMP2KL	0
BMP3	0.339532697
BMP4	1.376316238
BMP5	1.417348193
BMP6	1.428020131
BMP6P1	0
BMP7	5.388027107
BMP7-AS1	0.024945934
BMP8A	2.012010487
BMP8B	2.948034154
BMPER	0.249374607
BMPR1A	3.13271744
BMPR1APS1	0.102094124
BMPR1APS2	0
BMPR1B	1.538759439
BMPR1B-AS1	0.085138374
BMPR2	12.22352033
BMS1	9.315036406
BMS1P1	0.181234044
BMS1P10	0.36902164
BMS1P11	0.012289748
BMS1P12	0
BMS1P13	0
BMS1P14	0
BMS1P15	0
BMS1P16	0.047412499
BMS1P17	0.038500628
BMS1P19	0
BMS1P2	0.030310527
BMS1P22	0.006918847
BMS1P3	0
BMS1P4	0.164880497
BMS1P4	0.219504083
BMS1P7	0.144743329
BMS1P8	0.018047169
BMS1P9	0
BMT2	4.171312257
BMX	0.224815675
BNC1	24.15169972
BNC2	1.236490005
BNC2-AS1	0.203297706
BNIP1	3.280758398
BNIP2	8.472940226
BNIP3	11.77849533
BNIP3L	41.8895231
BNIP3P1	0.123517786
BNIP3P10	0.056549882
BNIP3P11	0.888660134
BNIP3P13	0
BNIP3P15	0
BNIP3P16	0.020367841
BNIP3P17	0.036559419
BNIP3P18	0
BNIP3P19	0.018849961
BNIP3P2	0
BNIP3P20	0
BNIP3P22	0.039123839
BNIP3P23	0
BNIP3P24	0.019526799
BNIP3P25	0
BNIP3P26	0.01963254
BNIP3P27	0.105596382
BNIP3P28	0.009116871
BNIP3P29	0
BNIP3P3	0
BNIP3P30	0
BNIP3P31	0
BNIP3P32	0
BNIP3P33	0
BNIP3P34	0
BNIP3P35	0
BNIP3P36	0
BNIP3P37	0
BNIP3P38	0.039986865
BNIP3P39	0.01963254
BNIP3P4	0
BNIP3P40	0.01956192
BNIP3P41	0
BNIP3P42	0
BNIP3P5	0.174721724
BNIP3P6	0
BNIP3P7	0
BNIP3P8	0.019422192
BNIP3P9	0
BNIPL	0.714564726
BOC	1.670947737
BOD1	21.8390899
BOD1L1	4.138665746
BOD1L2	0
BOD1P1	0
BOD1P2	0
BOK	9.067100664
BOK-AS1	0.08457564
BOLA1	5.0994885
BOLA2	0
BOLA2B	0.207170044
BOLA2P1	0
BOLA2P2	0.038364823
BOLA2P3	0.042486044
BOLA2-SMG1P6	1.029792615
BOLA3	3.032717371
BOLA3-AS1	2.550089279
BOLA3P1	0.09191347
BOLA3P2	0
BOLA3P3	0
BOLA3P4	0.027191068
BOLL	0.008149171
BOP1	16.28537177
BORA	2.44881618
BORCS5	2.155629266
BORCS6	2.741282064
BORCS7	6.032641728
BORCS7-ASMT	0
BORCS8	1.554932272
BORCS8-MEF2B	0.180241157
BPESC1	0
BPGM	19.24258031
BPHL	1.667217056
BPI	0.034798381
BPIFA1	0.291782046
BPIFA2	0.055397762
BPIFA3	0
BPIFA4P	0.006305175
BPIFB1	0.533123815
BPIFB2	0.005730467
BPIFB3	0
BPIFB4	0.057758805
BPIFB5P	0
BPIFB6	0.006489515
BPIFB9P	0.027005406
BPIFC	0.048816999
BPNT1	9.129490693
BPTF	5.920153632
BPTFP1	0
BPY2	0
BPY2B	0
BPY2C	0
BPY2DP	0
BRAF	1.911233467
BRAFP1	0.008047671
BRAP	6.194875044
BRAT1	4.392182796
BRCA1	1.480340821
BRCA2	0.715169627
BRCC3	6.432883775
BRCC3P1	0.102931489
BRD1	7.472198514
BRD2	31.91179643
BRD3	4.849785645
BRD3OS	2.367990928
BRD4	11.48891775
BRD7	11.0659835
BRD7P1	0
BRD7P2	0.20701019
BRD7P4	0.014292283
BRD7P5	0.035816994
BRD7P6	0
BRD8	5.750027204
BRD9	5.814320777
BRD9P1	0
BRD9P2	0.22754032
BRDT	0.002509559
BRDTP1	0
BRF1	0.71030545
BRF2	3.408735367
BRI3	13.45637765
BRI3BP	3.537129335
BRI3BPP1	0.027640222
BRI3P1	0.345283406
BRICD5	0.255854507
BRINP1	0.047349363
BRINP2	0.731882029
BRINP3	0.178825581
BRIP1	4.841378037
BRIX1	9.912720708
BRIX1P1	0
BRK1	82.03631295
BRK1P2	0
BRMS1	16.28435654
BRMS1L	3.092399652
BROX	9.906721731
BRPF1	5.361758938
BRPF3	10.31722795
BRS3	0.003839191
BRSK1	1.506446061
BRSK2	0.059873133
BRWD1	3.608441854
BRWD1-AS1	0.047220379
BRWD1-AS2	0.296245101
BRWD1-IT1	0
BRWD1P1	0.029316516
BRWD1P2	0
BRWD1P3	0
BRWD3	1.999809462
BSCL2	2.024414463
BSDC1	9.249559365
BSG	102.6584599
BSN	0.204456723
BSN-AS1	0
BSN-AS2	0.00417842
BSND	0.009397835
BSNDP1	0
BSNDP2	0.059434029
BSNDP3	0
BSNDP4	0
BSPH1	0
BSPRY	0.804455717
BST1	1.733658713
BST2	143.7068611
BSX	0
BTAF1	5.191478553
BTBD1	11.57560756
BTBD10	34.03901625
BTBD10P1	0.016089389
BTBD10P2	0.032178779
BTBD11	1.406907872
BTBD16	0.045205433
BTBD17	0.006025721
BTBD18	0.003411677
BTBD19	1.480059283
BTBD2	13.52234147
BTBD3	10.54286956
BTBD6	13.57279911
BTBD6P1	0.008584394
BTBD7	3.280298994
BTBD7P1	0
BTBD7P2	0
BTBD8	0.100141019
BTBD9	2.0721892
BTBD9-AS1	0.038844383
BTC	0.768611162
BTD	4.384045884
BTF3	109.9943189
BTF3L4	5.176326907
BTF3L4P1	0.069720688
BTF3L4P2	1.697477093
BTF3L4P3	0.068548912
BTF3L4P4	0
BTF3P1	0
BTF3P10	0.043945161
BTF3P11	0
BTF3P12	0.023190677
BTF3P13	0
BTF3P14	0
BTF3P15	0
BTF3P2	0.022333526
BTF3P4	0.02197258
BTF3P5	0.069869983
BTF3P6	0.08718579
BTF3P7	0.178302087
BTF3P8	0.020677618
BTF3P9	0.038432605
BTG1	34.31653977
BTG1P1	0.08564116
BTG2	66.11857871
BTG3	16.87591365
BTG3-AS1	0.22360382
BTG3P1	0
BTG4	0.006039105
BTG4P1	0
BTK	2.810040889
BTLA	0.435410127
BTN1A1	0.045083636
BTN2A1	9.092888519
BTN2A2	2.575459105
BTN2A3P	1.242053105
BTN3A1	8.629377418
BTN3A2	10.83781459
BTN3A3	6.983750507
BTNL10	0.125160268
BTNL2	0
BTNL3	0.013372657
BTNL8	0.085924884
BTNL9	3.506255269
BTRC	5.338709059
BUB1	4.785483761
BUB1B	3.642485371
BUB1B-PAK6	0.007804181
BUB1P1	0
BUB3	11.18568475
BUB3P1	0
BUD13	10.01463388
BUD13P1	0.10956777
BUD23	4.04032439
BUD31	28.64141082
BUD31P1	0
BUD31P2	0
BVES	1.614235594
BVES-AS1	0.088049475
BX005019.1	0
BX005040.1	0
BX005040.2	0
BX005040.3	0
BX005195.1	0
BX005214.1	0
BX005214.2	0
BX005214.3	0
BX005266.1	0
BX005266.2	0.014348849
BX005266.3	0.010117607
BX072579.1	0
BX072579.2	0
BX088651.1	0
BX088651.2	0.003009526
BX088651.3	0
BX088651.4	0.021086521
BX088702.1	0
BX119321.1	0
BX119904.1	0
BX119904.2	0
BX119904.3	0
BX119904.4	0
BX119917.1	0.532077316
BX248123.1	0
BX248123.2	0
BX248409.1	0.042652656
BX248415.1	0
BX255923.1	0.015971259
BX255923.2	0.014198991
BX255925.1	0.041065259
BX255925.2	0
BX276092.1	0
BX276092.2	0
BX276092.3	0
BX276092.4	0
BX276092.5	0
BX276092.6	0
BX276092.7	0.221065595
BX276092.8	0
BX284613.1	0.039767559
BX284632.1	0
BX284632.2	0
BX284656.1	0
BX284656.2	0
BX284668.1	0
BX284668.2	0.025695238
BX284668.3	0
BX284668.4	0.578077829
BX284668.5	3.318594943
BX284668.6	0.074496077
BX293535.1	0.307460842
BX293995.1	0
BX295541.1	0
BX322234.1	0.987757173
BX322234.2	0.058318645
BX322557.1	0.028697697
BX322559.1	0
BX322562.1	0.62040227
BX322635.1	0.065784843
BX322639.1	0.04180859
BX322650.1	0.010150655
BX322784.1	0.010098818
BX323014.1	0
BX323046.1	0.040659541
BX323845.1	0
BX323845.2	0
BX323845.3	0.227022202
BX324167.1	0.02702218
BX324167.2	0.026239873
BX470102.1	1.085594438
BX470209.1	0
BX470209.2	0.011720288
BX510359.1	0
BX510359.2	0
BX510359.3	0
BX510359.4	0
BX510359.5	0.035777721
BX510359.6	0
BX510359.7	0
BX510359.8	0
BX537318.1	1.081334943
BX537318.2	0.013066347
BX539320.1	0.223233399
BX546450.1	0.022565202
BX546450.2	0
BX547991.1	0
BX571673.1	0
BX571846.1	0
BX640514.1	0.011341426
BX640514.2	0.382850241
BX640515.1	0
BX649601.1	0.152117864
BX649632.1	0
BX664608.1	0
BX664615.1	0.094990631
BX664718.1	0
BX664725.1	0
BX664727.1	0
BX664727.2	0
BX664727.3	0.019353073
BX664730.1	0
BX679664.1	0.042989831
BX679664.2	0.076865211
BX679664.3	1.097441313
BX682237.1	0
BX842559.1	0
BX842559.2	0.017977566
BX842568.1	0
BX842568.2	0.017685248
BX842568.3	0.076192135
BX842568.4	0
BX890604.1	2.774308076
BX890604.2	0
BX927359.1	0
BYSL	14.3938484
BZW1	14.98081563
BZW1P1	0.026313937
BZW1P2	0.776887664
BZW2	15.64934337
C10orf105	0.0132263
C10orf111	0.050765122
C10orf113	0
C10orf120	0.030666618
C10orf128	2.321430032
C10orf142	0.01269128
C10orf143	0.133899035
C10orf25	0.530040317
C10orf53	0
C10orf55	1.198397121
C10orf62	0
C10orf67	0.077990515
C10orf71	0.004020117
C10orf71-AS1	0
C10orf76	7.948246533
C10orf82	0.180446741
C10orf88	2.80737282
C10orf90	0.02897621
C10orf91	0.245252772
C10orf95	0.288754707
C10orf99	5.707674685
C11orf1	2.06967254
C11orf16	0.041720089
C11orf21	0.22794132
C11orf24	13.46939822
C11orf40	0
C11orf42	0.104764186
C11orf44	0
C11orf45	1.316772798
C11orf49	2.873079854
C11orf52	0.048339677
C11orf53	0.081234727
C11orf54	3.291207941
C11orf58	19.86092044
C11orf65	0.104937153
C11orf68	19.31940067
C11orf70	0.488966698
C11orf71	1.337953608
C11orf72	0.013405621
C11orf74	4.619161118
C11orf80	2.949490643
C11orf86	0
C11orf87	0.029575601
C11orf88	0.106111486
C11orf91	0.085448924
C11orf94	0.058950825
C11orf95	2.887336702
C11orf96	6.916362744
C11orf97	0
C11orf98	2.746696409
C11orf98P1	0
C12orf10	11.25790422
C12orf29	1.80487351
C12orf4	4.87996819
C12orf40	0
C12orf42	0.086602831
C12orf43	2.274484145
C12orf45	3.68148733
C12orf49	6.669720479
C12orf50	0.001939103
C12orf54	3.484908046
C12orf56	0.739059558
C12orf57	23.57161486
C12orf60	0.259415881
C12orf65	2.664647985
C12orf66	1.30176276
C12orf71	0.238667684
C12orf73	1.868946809
C12orf74	0.119369823
C12orf75	5.634094348
C12orf76	0.724889511
C12orf77	0.004396292
C12orf80	0
C13orf42	0.003459423
C14orf119	13.0156158
C14orf132	2.221434498
C14orf177	0
C14orf178	0.077247353
C14orf180	0.007164972
C14orf28	0.788146906
C14orf37	2.472895565
C14orf39	0.015699231
C14orf93	2.66591666
C15orf32	0
C15orf38-AP3S2	0.118000895
C15orf39	9.48599621
C15orf40	0.716326998
C15orf41	1.666052799
C15orf48	11.51120811
C15orf53	0.037266271
C15orf54	0.007067204
C15orf56	0.160363629
C15orf59	0.421951766
C15orf59-AS1	0.027622673
C15orf61	0.843256575
C15orf62	0.224871282
C15orf65	0.696710645
C16orf45	2.046702968
C16orf46	1.153560471
C16orf54	2.326756014
C16orf58	8.704138099
C16orf70	5.357073495
C16orf71	0.170528177
C16orf72	2.957017966
C16orf74	3.690305456
C16orf78	0
C16orf82	0
C16orf86	1.246320624
C16orf87	2.038508139
C16orf89	7.124665003
C16orf90	0
C16orf91	4.75393511
C16orf92	0
C16orf95	0.663847334
C16orf96	0.068279952
C16orf97	0
C17orf100	1.622792683
C17orf102	0
C17orf107	1.47763669
C17orf112	0
C17orf113	1.272013179
C17orf47	0.025615703
C17orf49	0.629077987
C17orf50	0.010231822
C17orf51	0.588519011
C17orf53	2.225957666
C17orf58	3.252995379
C17orf62	8.106952721
C17orf64	0.036744687
C17orf67	0.518999643
C17orf75	2.467092045
C17orf77	0.003915201
C17orf78	0.011335516
C17orf80	4.555364039
C17orf82	0.135066744
C17orf97	0.573922178
C17orf98	0
C17orf99	0.082665571
C18orf12	0
C18orf15	0
C18orf21	4.858607931
C18orf25	3.340389795
C18orf32	0.649800777
C18orf54	2.126124439
C18orf63	0.010607009
C18orf65	0.141456424
C19orf12	5.260243102
C19orf18	0.665661124
C19orf24	8.942178941
C19orf25	2.892010311
C19orf33	3.455072529
C19orf38	1.278762059
C19orf44	1.412139622
C19orf47	3.217191418
C19orf48	16.64534313
C19orf53	42.75529129
C19orf54	3.983189375
C19orf57	0.303067115
C19orf66	4.747945111
C19orf67	0.035313076
C19orf70	10.98202368
C19orf71	2.549666933
C19orf73	0.511659886
C19orf81	0.073489374
C19orf84	0.278111824
C1D	3.386544663
C1DP1	0.027055789
C1DP2	0.025531519
C1DP3	0
C1DP4	0
C1DP5	0.028397982
C1GALT1	3.503310471
C1GALT1C1	10.83986788
C1GALT1C1L	1.003445572
C1GALT1P1	0.039950146
C1GALT1P2	0.009851836
C1GALT1P3	0
C1orf100	0.085045913
C1orf105	0.018915526
C1orf109	2.776751398
C1orf112	1.795421634
C1orf115	4.32443945
C1orf116	11.80948322
C1orf122	6.859315646
C1orf123	4.261368217
C1orf127	0.082189627
C1orf131	2.648278437
C1orf137	0
C1orf141	0.002165756
C1orf143	0.010843896
C1orf146	0.01025111
C1orf147	0.098593568
C1orf158	0
C1orf159	0.837839306
C1orf162	7.367522103
C1orf167	0.005020662
C1orf174	4.060070172
C1orf185	0
C1orf189	0.056208927
C1orf194	0.035227295
C1orf195	0.019456936
C1orf198	14.51806
C1orf21	4.21732948
C1orf210	1.922745723
C1orf216	4.285833848
C1orf220	0.16853563
C1orf226	1.509875558
C1orf228	0.233606145
C1orf229	0.038534729
C1orf35	2.809996189
C1orf43	51.99791579
C1orf50	2.356128669
C1orf52	2.86221771
C1orf53	1.584291374
C1orf54	4.653275335
C1orf56	1.245819858
C1orf61	0.031797254
C1orf68	2.200499516
C1orf74	4.74856828
C1orf87	0.056571196
C1orf94	0.008444431
C1QA	141.7270302
C1QB	159.1586126
C1QBP	22.25591847
C1QBPP1	0
C1QBPP2	0.039550645
C1QC	172.6541178
C1QL1	0.898670055
C1QL1P1	0
C1QL2	0.111798812
C1QL3	0.388288018
C1QL4	0.026258878
C1QTNF1	21.85144602
C1QTNF12	0.478950812
C1QTNF1-AS1	0.101333174
C1QTNF2	0.824517894
C1QTNF3	13.04197994
C1QTNF3-AMACR	0.041294847
C1QTNF4	0.052290516
C1QTNF5	0
C1QTNF6	9.515160882
C1QTNF7	0.387678494
C1QTNF8	0
C1QTNF9	0.022982414
C1QTNF9-AS1	0
C1QTNF9B	0.033383755
C1R	133.2937613
C1RL	13.54672686
C1RL-AS1	1.472440519
C1S	122.3943114
C2	9.929455123
C20orf141	0.04327491
C20orf144	0.071262423
C20orf173	0
C20orf181	0.022659224
C20orf187	0
C20orf194	5.662975318
C20orf196	2.390002238
C20orf197	0.322470941
C20orf202	0.155958746
C20orf203	0.014999013
C20orf204	0.142901964
C20orf24	12.50394806
C20orf27	15.39363499
C20orf78	0
C20orf85	0.094813189
C20orf96	3.514406277
C21orf140	0
C21orf2	2.032490867
C21orf33	0.027995952
C21orf58	0.902446743
C21orf59	4.122856873
C21orf62	0.026386287
C21orf62-AS1	0.136576142
C21orf91	17.41972783
C21orf91-OT1	0.043592895
C22orf15	0.078210168
C22orf23	3.212307149
C22orf24	0.279041749
C22orf31	0
C22orf34	0.207277164
C22orf39	2.902782627
C22orf42	0.005292665
C22orf46	5.117480209
C2-AS1	0.157008793
C2CD2	2.3985797
C2CD2L	1.228554776
C2CD3	2.580025949
C2CD4A	1.537538489
C2CD4B	0.254862451
C2CD4C	0.186071868
C2CD4D	0.136187479
C2CD5	4.599027847
C2CD6	0.140443962
C2orf15	0.388814131
C2orf16	0.187736364
C2orf27A	3.373981344
C2orf27AP1	0
C2orf27AP2	0
C2orf27AP3	0.037569697
C2orf27B	0
C2orf40	0.237394737
C2orf42	1.758805186
C2orf48	0.051601395
C2orf49	4.769842592
C2orf50	0.125867436
C2orf54	0.871055866
C2orf66	0.032583665
C2orf68	10.0211995
C2orf69	2.901393315
C2orf69P1	0
C2orf69P2	0
C2orf69P3	0
C2orf69P4	0
C2orf70	0.01301527
C2orf71	0.016449979
C2orf72	0.502727619
C2orf73	0.004004576
C2orf74	1.06251567
C2orf76	4.686419255
C2orf78	0.003571897
C2orf80	0.007579392
C2orf83	0
C2orf88	1.467238567
C2orf91	0.01616111
C2orf92	0.184034303
C3	148.572676
C3AR1	14.55767961
C3orf14	1.411725891
C3orf18	1.650886286
C3orf20	0.109013447
C3orf22	0.004973218
C3orf30	0
C3orf33	2.166111341
C3orf35	0.031864533
C3orf36	0.391238392
C3orf38	4.737719194
C3orf49	0.055035685
C3orf52	1.575194254
C3orf56	0
C3orf58	14.79130681
C3orf62	1.236111725
C3orf67	0.526853908
C3orf67-AS1	0
C3orf70	0.446042265
C3orf79	0
C3orf80	2.202286675
C3orf84	0
C3orf85	0
C3P1	0
C4A	0.547527003
C4A-AS1	0
C4B	1.086725662
C4B-AS1	0
C4BPA	14.65933872
C4BPAP1	0
C4BPAP2	0.022754032
C4BPB	0.157386725
C4orf17	0
C4orf19	0.325900168
C4orf22	0.002428858
C4orf3	30.41806414
C4orf33	0.84189594
C4orf36	0.425150669
C4orf45	0.007563579
C4orf46	3.569101076
C4orf47	1.401355201
C4orf48	1.168208858
C4orf50	0.042517679
C4orf51	0
C5	0.880702593
C5AR1	9.018847034
C5AR2	0.3341919
C5orf15	39.9086744
C5orf17	0
C5orf22	9.267904852
C5orf24	8.436288235
C5orf30	2.158214834
C5orf34	1.538810372
C5orf38	3.785561709
C5orf42	2.055218204
C5orf46	3.919751396
C5orf47	0
C5orf49	0.300982894
C5orf51	13.82781963
C5orf52	0.01585485
C5orf56	0.459652255
C5orf58	0.078394807
C5orf60	0.009935835
C5orf63	0.28741602
C5orf64	0.013450937
C5orf64-AS1	0
C5orf66	0.125937579
C5orf66-AS1	0.038706147
C5orf66-AS2	0
C5orf67	0.042541437
C6	0.05278705
C6orf10	0
C6orf106	38.32918941
C6orf118	0.019422192
C6orf120	7.104138115
C6orf132	6.436648087
C6orf136	4.693604603
C6orf141	0.965560383
C6orf15	0.982694747
C6orf163	0.162165872
C6orf201	0.013108077
C6orf203	2.858000297
C6orf222	0.064047484
C6orf223	0.202700841
C6orf226	3.960438201
C6orf229	0
C6orf47	16.03558917
C6orf47-AS1	0
C6orf48	38.33623569
C6orf52	0.430627778
C6orf58	0.056870208
C6orf62	46.56289557
C6orf89	13.39252724
C6orf99	0.240572897
C7	15.24324101
C7orf25	0.190873262
C7orf26	7.926076784
C7orf31	1.782974399
C7orf33	0
C7orf43	8.270094489
C7orf49	5.061085132
C7orf50	4.457120882
C7orf55-LUC7L2	0.00654812
C7orf57	0.129082873
C7orf61	0.757971004
C7orf65	0.070990079
C7orf66	0
C7orf69	0.040382775
C7orf71	0.010720973
C7orf77	0.016257739
C8A	0.032315361
C8B	0.458332407
C8G	0.339888353
C8orf17	0
C8orf31	0.167101136
C8orf33	18.06298317
C8orf34	0.095307297
C8orf34-AS1	1.312448216
C8orf37	1.092862371
C8orf37-AS1	0.052688575
C8orf44	0.681676282
C8orf44-SGK3	0.032958871
C8orf46	0.018726631
C8orf48	1.761303798
C8orf49	0
C8orf58	4.534850453
C8orf59	8.202747079
C8orf59P1	0
C8orf59P2	0
C8orf74	0
C8orf76	2.270514819
C8orf82	3.772862651
C8orf86	0
C8orf87	0
C8orf88	1.180104528
C8orf89	0.132236198
C9	0.062656477
C9orf106	0.204041084
C9orf116	0.53098438
C9orf129	0.037699921
C9orf131	0.008508287
C9orf135	0
C9orf135-AS1	0
C9orf139	0.126419395
C9orf147	0.069639523
C9orf152	0.490860139
C9orf153	0.011259242
C9orf16	11.68136145
C9orf163	0.029589969
C9orf170	0.040295501
C9orf24	0.052908263
C9orf3	4.700090813
C9orf40	1.210569261
C9orf41-AS1	0.015127159
C9orf43	0.109239226
C9orf47	0.034459968
C9orf50	0.06713844
C9orf57	0
C9orf62	0
C9orf64	4.910135006
C9orf66	0.096911278
C9orf72	1.146492419
C9orf78	7.327030352
C9orf84	0.102248122
C9orf85	0.99950277
C9orf92	0.023956888
CA1	0.010694619
CA10	0.002444141
CA11	4.93763591
CA12	15.18654439
CA13	1.536629833
CA14	0.241193926
CA15P1	0.216326731
CA15P2	0
CA2	6.890623982
CA3	0.871055866
CA3-AS1	0.207664483
CA4	0.49805422
CA5A	0.00136279
CA5AP1	0
CA5B	1.433594819
CA5BP1	4.826442831
CA6	0.012257431
CA7	0.035047564
CA8	0.171149038
CA9	19.70131292
CAAP1	4.261798486
CAB39	21.24150018
CAB39L	1.084166445
CAB39P1	0.070933222
CABCOCO1	0.109732501
CABIN1	9.334402933
CABLES1	1.582263544
CABLES2	6.094822271
CABP1	0.089120606
CABP2	0
CABP4	0.086184051
CABP5	0.007246121
CABP7	0.103457885
CABS1	0
CABYR	1.267576803
CABYRP1	0
CACFD1	5.703944543
CACHD1	8.932555185
CACNA1A	0.083664825
CACNA1B	0.320896915
CACNA1C	1.230380537
CACNA1C-AS1	0.05769988
CACNA1C-AS2	0.071437946
CACNA1C-AS3	0
CACNA1C-AS4	0
CACNA1C-IT1	0
CACNA1C-IT2	0.036931841
CACNA1C-IT3	0
CACNA1D	0.295971091
CACNA1E	0.029989586
CACNA1F	0.097335233
CACNA1G	0.132188528
CACNA1G-AS1	0.020664523
CACNA1H	0.803809514
CACNA1I	0.104813606
CACNA1S	0.03350391
CACNA2D1	1.646553478
CACNA2D2	3.827910588
CACNA2D3	1.136551718
CACNA2D3-AS1	0
CACNA2D4	0.402936107
CACNB1	0.627073409
CACNB2	0.311135369
CACNB3	3.050204552
CACNB4	0.079249746
CACNG1	0.008591175
CACNG2	0.003373582
CACNG3	0.014088636
CACNG4	2.52603415
CACNG5	0.02488885
CACNG6	0.252394157
CACNG7	0.003884438
CACNG8	0.052224757
CACTIN	3.278277986
CACTIN-AS1	0.130767291
CACUL1	4.290604159
CACYBP	13.76973538
CACYBPP1	0
CACYBPP2	0.256670851
CACYBPP3	0
CAD	12.10457766
CADM1	3.807786156
CADM2	0.019597166
CADM2-AS1	0
CADM2-AS2	0
CADM3	0.901892464
CADM3-AS1	0.035502931
CADM4	5.709397945
CADPS	0.063157284
CADPS2	4.34646079
CAGE1	0.114586506
CAHM	0.303471744
CALB1	0.135612501
CALB2	1.475311043
CALCA	0
CALCB	0.011050472
CALCOCO1	8.203158417
CALCOCO2	8.623611563
CALCP	0
CALCR	20.3536111
CALCRL	5.563901529
CALD1	60.39881297
CALHM1	0.024937763
CALHM2	6.117115481
CALHM3	0.05267035
CALHM4	0.011259242
CALHM5	1.736404276
CALHM6	7.187186882
CALM1	25.39056428
CALM1P1	0
CALM1P2	0
CALM2	49.3745392
CALM2P1	0
CALM2P2	1.211238494
CALM2P3	0.024223669
CALM2P4	0
CALM3	107.5511672
CALML3	5.522847448
CALML3-AS1	0.045728095
CALML4	0.373485892
CALML5	0.898982931
CALML6	0.032802667
CALN1	0.007589214
CALR	541.5490973
CALR3	0.044697646
CALR4P	0
CALU	108.6899575
CALY	0
CAMK1	1.503506126
CAMK1D	7.39080668
CAMK1G	0.703147206
CAMK2A	0.139713456
CAMK2B	0.063986826
CAMK2D	8.456817367
CAMK2G	4.472489573
CAMK2N1	4.579329428
CAMK2N2	0.511080284
CAMK4	0.371409271
CAMKK1	0.820420163
CAMKK2	9.443707903
CAMKMT	0.659507744
CAMKV	0.03346593
CAMLG	10.7393089
CAMP	0.525572326
CAMSAP1	5.036734789
CAMSAP2	14.84687568
CAMSAP3	1.730799886
CAMTA1	1.461320044
CAMTA1-DT	0.18345781
CAMTA1-IT1	0.059596862
CAMTA2	6.45623564
CAND1	20.30080575
CAND2	1.423584953
CANT1	17.34914393
CANX	139.7276386
CAP1	86.23575288
CAP1P2	0.177542816
CAP2	4.010252682
CAP2P1	0.039123839
CAPG	91.65069232
CAPN1	44.23579639
CAPN10	1.028851231
CAPN10-AS1	0.345326567
CAPN11	0.052098976
CAPN12	0.450297945
CAPN13	1.755817005
CAPN14	0.100256056
CAPN15	3.771527963
CAPN2	45.15473985
CAPN3	0.221207577
CAPN5	2.742919956
CAPN6	3.6762812
CAPN7	5.150662516
CAPN8	0.475529468
CAPN9	0.339757274
CAPNS1	95.28288192
CAPNS1P1	0.051547049
CAPNS2	170.6293058
CAPRIN1	45.85526644
CAPRIN2	2.135885627
CAPS	0.960407198
CAPS2	0.177235846
CAPSL	0.067079287
CAPZA1	36.80340714
CAPZA2	9.644841346
CAPZA3	0
CAPZB	72.40986512
CARD10	4.241267828
CARD11	3.715592754
CARD14	0.157686994
CARD16	3.988452901
CARD17	0.396779537
CARD18	0.023141335
CARD19	3.18420559
CARD6	8.339665668
CARD8	1.992370994
CARD8-AS1	2.143247228
CARD9	0.639694336
CARF	0.570521256
CARHSP1	10.02612744
CARM1	15.49799337
CARM1P1	0
CARMIL1	6.831448328
CARMIL2	1.950947668
CARMIL3	0.130549765
CARMN	0.090238115
CARNMT1	2.550416032
CARNS1	0.157295774
CARS	4.360540345
CARS2	2.859481364
CARS-AS1	0.008107661
CARSP1	0
CARSP2	0.196325402
CARTPT	0
CASC1	0.092110665
CASC10	1.373503053
CASC11	0.016275116
CASC15	0.54377264
CASC16	0
CASC17	0
CASC18	0.193470865
CASC19	2.726515835
CASC2	0.078060483
CASC20	0.982103273
CASC22	0
CASC23	0
CASC3	10.75879822
CASC4	11.81723513
CASC4P1	0.074609638
CASC6	0
CASC8	0.157898603
CASC9	10.97241749
CASD1	3.668808145
CASK	8.235053511
CASK-AS1	0.147834934
CASKIN1	0.048019547
CASKIN2	6.724220895
CASKP1	0
CASP1	9.226433865
CASP10	4.590774196
CASP12	0.036538949
CASP14	3.56741839
CASP16P	0.01269128
CASP1P1	0
CASP1P2	0.181561982
CASP2	5.366337009
CASP3	18.09111157
CASP3P1	0
CASP4	8.825855006
CASP5	0.539722209
CASP6	5.894430234
CASP7	10.62671341
CASP8	3.2420553
CASP8AP2	2.197647958
CASP9	1.777301936
CASQ1	0.094968805
CASQ2	0.161044969
CASR	0.018134095
CASS4	1.416145594
CAST	20.92017182
CASTOR1	0.245571192
CASTOR2	1.492217098
CASTOR3	2.173047511
CASZ1	1.221391315
CAT	21.85034274
CATIP	0.034157845
CATIP-AS1	0.028068199
CATIP-AS2	0.020329771
CATSPER1	0.23072436
CATSPER2	0.176031669
CATSPER2P1	0.435057092
CATSPER3	0.11007137
CATSPER4	0.005357846
CATSPERB	0.038603114
CATSPERD	0.003968051
CATSPERE	0.085344687
CATSPERG	0.094680542
CATSPERZ	0
CAV1	89.03109792
CAV2	17.68400921
CAV3	0
CAVIN1	137.4470142
CAVIN2	5.163692489
CAVIN3	7.623907172
CAVIN4	0.270350965
CBARP	0.162799264
CBFA2T2	7.855133598
CBFA2T3	0.761277061
CBFB	23.60729994
CBL	4.201630746
CBLB	3.081041989
CBLC	2.665723473
CBLL1	4.42915266
CBLL2	0.00717916
CBLN1	0.117401682
CBLN2	0.00583395
CBLN3	1.095284248
CBLN4	0.111497767
CBR1	19.82617319
CBR3	4.326380405
CBR3-AS1	0.180009436
CBR4	1.981595658
CBS	0.12661918
CBSL	0.027163904
CBWD1	0.440583576
CBWD2	1.237135311
CBWD3	0.037081739
CBWD4P	0.13284186
CBWD5	0.163471641
CBWD6	0.096279353
CBX1	25.48050606
CBX1P1	0.025471727
CBX1P2	0.023747658
CBX1P3	0
CBX1P4	0
CBX1P5	0
CBX2	1.646668525
CBX3	24.15968304
CBX3P1	0
CBX3P2	0.258781335
CBX3P3	0
CBX3P4	0.049968272
CBX3P5	0
CBX3P6	0
CBX3P7	0.02166619
CBX3P8	0
CBX3P9	0.098518363
CBX4	5.762995853
CBX5	7.050875409
CBX5P1	0.019387571
CBX6	9.684490059
CBX7	2.217269256
CBX8	1.580268615
CBY1	8.23606803
CBY3	0.069276607
CC2D1A	6.026391152
CC2D1B	4.677081411
CC2D2A	1.839099751
CC2D2B	0.023675288
CCAR1	10.6807629
CCAR2	14.5118906
CCAT2	0.006208006
CCBE1	0.699517827
CCDC102A	10.13083178
CCDC102B	1.253027357
CCDC103	0.005584815
CCDC105	0.006279692
CCDC106	5.817623903
CCDC107	1.707129439
CCDC110	0.202247615
CCDC112	1.550940834
CCDC113	3.057217459
CCDC114	0.022769911
CCDC115	13.02467986
CCDC116	0.044258097
CCDC117	1.548746929
CCDC11P1	0
CCDC12	3.651404705
CCDC120	3.063724726
CCDC121	0.768692647
CCDC122	0.583780107
CCDC124	29.98224778
CCDC125	1.080512445
CCDC126	2.54293934
CCDC127	4.37366693
CCDC129	0.0060041
CCDC13	0.085416968
CCDC130	4.025626553
CCDC134	3.100209986
CCDC136	0.144128481
CCDC137	6.706211328
CCDC138	1.137183392
CCDC13-AS1	0.05528683
CCDC14	1.935724126
CCDC140	0.045036966
CCDC141	0.066190869
CCDC142	1.399254482
CCDC144A	0.013275865
CCDC144B	0.12590005
CCDC144CP	0.008012101
CCDC144NL	0.015827164
CCDC144NL-AS1	0.182957995
CCDC146	0.45877683
CCDC148	0.292716513
CCDC148-AS1	0
CCDC149	1.962979415
CCDC15	0.764484523
CCDC150	0.122434222
CCDC150P1	0.093296668
CCDC151	0.093307657
CCDC152	1.597703106
CCDC153	0.336165006
CCDC154	0.051868509
CCDC155	0.015471447
CCDC157	0.269185796
CCDC158	0.04640114
CCDC159	1.185594806
CCDC160	0.024304865
CCDC162P	0.127410733
CCDC163	0.524688005
CCDC166	0
CCDC167	18.76579055
CCDC168	0.002026726
CCDC169	0.054154442
CCDC169-SOHLH2	0
CCDC17	0.130922989
CCDC170	0.299056591
CCDC171	0.135021681
CCDC172	0.006120668
CCDC173	0.053506574
CCDC174	5.312810522
CCDC175	0
CCDC177	0.0526576
CCDC178	0.031596325
CCDC179	0
CCDC18	0.652624255
CCDC180	0.016135992
CCDC181	0.076884616
CCDC182	0
CCDC183	0.135771866
CCDC183-AS1	0.542453834
CCDC184	6.201838186
CCDC185	0.17474299
CCDC186	3.846851163
CCDC187	0.020346673
CCDC188	0.115706673
CCDC189	0.112965165
CCDC18-AS1	0.76130446
CCDC190	0.09324092
CCDC191	0.886029906
CCDC192	0.440781527
CCDC194	0.07623664
CCDC196	0.030702688
CCDC197	0.00440698
CCDC198	0
CCDC22	9.838930258
CCDC24	0.780385189
CCDC25	9.388463065
CCDC26	0.010731551
CCDC27	0.051613762
CCDC28A	7.708045357
CCDC28B	1.976128735
CCDC3	12.35004587
CCDC30	0.064433811
CCDC32	1.012433392
CCDC33	0.00705193
CCDC34	3.889641158
CCDC34P1	0
CCDC36	0.077868186
CCDC37-AS1	0
CCDC38	0.01026853
CCDC39	0.185160751
CCDC39-AS1	0.076865211
CCDC40	0.189990799
CCDC42	0.05571306
CCDC43	8.293513915
CCDC47	22.55114648
CCDC50	9.916673008
CCDC51	4.585249018
CCDC54	0.165707341
CCDC57	1.100188742
CCDC58	4.634628814
CCDC58P1	0
CCDC58P2	0
CCDC58P3	0
CCDC58P5	0
CCDC59	4.731130901
CCDC6	9.463750423
CCDC60	0.012647008
CCDC61	2.1643586
CCDC62	0.065564532
CCDC63	0.019920197
CCDC65	0.756262328
CCDC66	0.954196114
CCDC68	0.890271269
CCDC69	7.711306355
CCDC7	0.095574932
CCDC70	0
CCDC71	9.98481675
CCDC71L	7.576490471
CCDC73	0.033147207
CCDC74A	1.562359722
CCDC74B	0.302998309
CCDC74BP1	0
CCDC75P1	0
CCDC77	3.292421545
CCDC78	0.094417985
CCDC8	29.73160938
CCDC80	21.83107234
CCDC81	0.114891838
CCDC82	3.143843219
CCDC83	0.004610609
CCDC84	1.404028519
CCDC85A	0.234900238
CCDC85B	4.960050506
CCDC85C	1.090821696
CCDC86	21.96037938
CCDC87	0.097244536
CCDC88A	4.928322667
CCDC88B	1.765085789
CCDC88C	3.191328982
CCDC89	1.817873118
CCDC9	6.60502732
CCDC90B	4.099589195
CCDC91	5.267164327
CCDC92	3.978632289
CCDC92B	0.027465725
CCDC93	5.201535038
CCDC94	11.10423996
CCDC96	0.546162059
CCDC97	15.56743808
CCDC9B	0.709647054
CCER1	0.003352783
CCER2	0.082319223
CCHCR1	3.59696239
CCIN	0.252158284
CCK	0.046948607
CCKAR	0.006323504
CCKBR	4.666007793
CCL1	0.05511703
CCL11	4.14292087
CCL13	8.039098437
CCL14	0.346022771
CCL15	0.006972069
CCL15-CCL14	0
CCL16	0.024945934
CCL17	1.333239475
CCL18	64.99385474
CCL19	29.60571909
CCL2	50.35139606
CCL20	42.22612951
CCL21	22.49442918
CCL22	2.989253661
CCL23	1.208491922
CCL24	3.384560845
CCL25	0.065984392
CCL26	0.785690924
CCL27	0
CCL28	3.002797899
CCL3	10.57794435
CCL3L1	3.916698462
CCL4	6.974401953
CCL4L2	8.758754982
CCL5	45.81479197
CCL7	3.276791538
CCL8	4.657629453
CCM2	5.305509558
CCM2L	0.660069225
CCNA1	0.280974372
CCNA2	10.58099896
CCNB1	19.49508177
CCNB1IP1	7.394788342
CCNB1IP1P1	0.012963561
CCNB1IP1P2	0
CCNB1IP1P3	0
CCNB2	12.86454967
CCNB2P1	0.009457763
CCNB3	0.052290516
CCNB3P1	0
CCNC	6.363606119
CCND1	26.09441812
CCND2	18.50983436
CCND2-AS1	0.744692319
CCND2-AS1	0.285643545
CCND2P1	0
CCND3	11.63376556
CCND3P1	0
CCND3P2	0
CCNDBP1	4.62092876
CCNE1	3.122174424
CCNE2	0.984493533
CCNF	4.07025596
CCNG1	24.48250059
CCNG1P1	0
CCNG2	5.661383224
CCNG2P1	0
CCNH	3.167234301
CCNHP1	0
CCNI	74.78597684
CCNI2	0.072234337
CCNJ	2.939362343
CCNJL	3.433331674
CCNJP1	0
CCNJP2	0
CCNK	1.368153993
CCNL1	6.231299452
CCNL2	5.581115613
CCNL2P1	0
CCNO	0.745537305
CCNQ	8.56282889
CCNT1	5.112850439
CCNT2	5.081894177
CCNT2-AS1	0.956169433
CCNT2P1	0
CCNY	11.14914287
CCNYL1	5.781351412
CCNYL2	0.090849823
CCNYL3	0
CCP110	1.358749101
CCPG1	1.774379607
CCR1	8.905049958
CCR10	0.199338874
CCR12P	0
CCR2	2.514427205
CCR3	0.188996214
CCR4	1.556787494
CCR5	4.579236547
CCR6	0.120963579
CCR7	4.479804385
CCR8	1.666948645
CCR9	0.046463912
CCRL1P1	0
CCRL2	1.780166637
CCS	11.11382708
CCSAP	2.424316223
CCSER1	0.071967154
CCSER2	4.979864683
CCT2	56.54634923
CCT3	71.26793875
CCT4	107.6689437
CCT4P1	0
CCT4P2	0
CCT5	60.44715572
CCT5P1	0
CCT5P2	0.013394615
CCT6A	341.9285544
CCT6B	0.268522778
CCT6P1	4.999852969
CCT6P2	0.129725122
CCT6P3	0.55491976
CCT6P4	0.006844825
CCT7	61.55433917
CCT7P1	0.006751352
CCT7P2	0.007480349
CCT8	62.81698328
CCT8L1P	0.006497268
CCT8L2	0
CCT8P1	0.57762559
CCZ1	0.857463635
CCZ1B	0.866724592
CD101	1.650784812
CD109	10.17582297
CD14	75.58136594
CD151	27.96164296
CD160	0.087646858
CD163	26.31822232
CD163L1	1.490968944
CD164	33.32315535
CD164L2	0.122566305
CD177	0.965440568
CD177P1	0.011632543
CD180	2.502269089
CD19	1.344007062
CD1A	3.118670232
CD1B	0.45220988
CD1C	1.500719585
CD1D	1.346881143
CD1E	0.730690531
CD2	10.75982474
CD200	3.574566377
CD200R1	0.543125051
CD200R1L	0.063604838
CD207	3.020259908
CD209	2.587865095
CD22	1.195541692
CD226	0.310230988
CD24	42.14308284
CD244	0.502516067
CD247	2.156951373
CD248	48.93967091
CD24P1	0
CD24P2	0.099328103
CD24P4	0.358071681
CD27	7.196955084
CD274	3.553107457
CD276	29.93666943
CD27-AS1	2.869769735
CD28	1.246837111
CD2AP	12.02029685
CD2BP2	13.78218895
CD300A	7.313040841
CD300C	3.140326405
CD300E	2.191518933
CD300LB	0.383873905
CD300LD	0.016694439
CD300LF	3.669095557
CD300LG	0.226926513
CD302	2.252688255
CD320	6.997789192
CD33	0.74633225
CD34	4.973968704
CD36	3.26991749
CD37	7.141167839
CD38	2.725850051
CD3D	7.329002678
CD3E	8.008171153
CD3EAP	2.159836833
CD3G	1.573622823
CD4	29.19999159
CD40	20.5132776
CD40LG	0.718311104
CD44	54.79958711
CD44-AS1	0.389105576
CD46	19.48714041
CD46P1	0.01425482
CD47	21.966388
CD48	5.657469666
CD5	3.59958755
CD52	24.25385125
CD53	35.89743913
CD55	20.055424
CD58	6.453875536
CD59	88.95693876
CD5L	0.066427691
CD6	2.318405953
CD63	168.818014
CD68	0.834737225
CD69	2.477152404
CD7	3.821662389
CD70	0.859038971
CD72	1.40372083
CD74	744.3930688
CD79A	19.69769468
CD79B	3.058995177
CD80	0.99216394
CD81	53.41276056
CD81-AS1	0.084641458
CD82	47.75540353
CD83	18.48343947
CD83P1	0.019014733
CD84	3.799404587
CD86	8.934321287
CD8A	2.957047377
CD8B	1.114483698
CD8B2	0.206188195
CD9	221.6925131
CD93	14.7645717
CD96	1.929140697
CD99	89.79014021
CD99L2	10.37998502
CD99P1	1.076437493
CDA	3.309234889
CDADC1	1.024856209
CDAN1	1.470762276
CDC123	24.64388498
CDC14A	0.880950477
CDC14B	1.410754334
CDC14C	0.006327183
CDC16	8.534412704
CDC20	16.39469316
CDC20B	0.016933939
CDC20P1	0.413304237
CDC23	7.183435092
CDC25A	2.390859049
CDC25B	33.83189103
CDC25C	2.106036136
CDC26	3.480456735
CDC27	10.71226082
CDC27P1	0
CDC27P2	0
CDC34	15.09495928
CDC37	46.17384953
CDC37L1	2.91947656
CDC37L1-AS1	0.266144224
CDC37P1	0.034024277
CDC37P2	0.031709701
CDC40	2.754776238
CDC42	53.21831644
CDC42BPA	4.517721989
CDC42BPB	14.14564244
CDC42BPG	3.987904708
CDC42EP1	23.03790469
CDC42EP2	6.82221946
CDC42EP3	8.396150344
CDC42EP3P1	0
CDC42EP4	12.53384971
CDC42EP5	16.13999178
CDC42-IT1	0.047152141
CDC42P1	0.019847495
CDC42P2	0.554334607
CDC42P3	0.034364699
CDC42P4	0.019318699
CDC42P5	0.039336084
CDC42P6	0.434301784
CDC42SE1	41.56646092
CDC42SE2	13.05929592
CDC45	7.597448161
CDC5L	12.81193351
CDC6	5.053714949
CDC7	2.984366894
CDC73	11.04306912
CDCA2	3.445500766
CDCA3	2.591641176
CDCA4	10.11468786
CDCA4P1	0.052290516
CDCA4P2	0
CDCA4P3	0
CDCA4P4	0.095968476
CDCA5	8.324277096
CDCA7	5.474155071
CDCA7L	6.145688669
CDCA8	10.05265577
CDCP1	16.50769878
CDCP2	0.003482686
CDH1	108.2800545
CDH10	0.092122745
CDH11	17.44162446
CDH12	0.001831048
CDH12P1	0
CDH12P2	0
CDH12P3	0
CDH12P4	0
CDH13	16.9880544
CDH15	0.150408675
CDH16	0.065448961
CDH17	0.284387486
CDH18	0.002241176
CDH18-AS1	0
CDH19	0.025352977
CDH2	2.97069287
CDH20	0.095059816
CDH22	0.068405203
CDH23	1.170816472
CDH23-AS1	0
CDH24	2.521775699
CDH26	7.693728843
CDH3	179.6930204
CDH4	0.297396529
CDH5	8.079007282
CDH6	0.731889808
CDH7	0.000748447
CDH8	0.488792061
CDH9	0
CDHR1	4.860407901
CDHR2	0.058978383
CDHR3	0.147331314
CDHR4	0.006877286
CDHR5	0.084248081
CDIP1	6.363270609
CDIPT	18.20697574
CDIPT-AS1	0.060424596
CDK1	9.481942597
CDK10	3.967149229
CDK11A	0.670955949
CDK11B	5.279819076
CDK12	6.227144197
CDK13	6.961596219
CDK14	10.27544944
CDK15	0.325885462
CDK16	21.1093382
CDK17	5.902542567
CDK18	13.05935539
CDK19	3.452234932
CDK2	9.208931895
CDK20	1.105304817
CDK2AP1	28.52227037
CDK2AP2	19.93742319
CDK2AP2P1	0
CDK2AP2P2	0.088908125
CDK2AP2P3	0
CDK3	0.331782308
CDK4	33.19576248
CDK4P1	0
CDK5	4.157327384
CDK5P1	0
CDK5R1	2.788891994
CDK5R2	0.325252012
CDK5RAP1	5.810922401
CDK5RAP2	3.980470268
CDK5RAP3	9.65977258
CDK6	202.9491653
CDK7	7.027637811
CDK7P1	0.0156947
CDK8	4.389920345
CDK8P2	0
CDK9	15.0493499
CDKAL1	5.012799282
CDKL1	0.192800549
CDKL2	0.506281726
CDKL3	0.152988673
CDKL4	0.010488358
CDKL5	3.58862302
CDKN1A	57.22070571
CDKN1B	16.81957647
CDKN1C	2.300620933
CDKN2A	12.35123968
CDKN2A-AS1	0.343605237
CDKN2AIP	6.247218185
CDKN2AIPNL	9.855021205
CDKN2AIPNLP1	0
CDKN2AIPNLP2	0
CDKN2AIPNLP3	0
CDKN2B	24.88069852
CDKN2B-AS1	0.262578837
CDKN2C	4.461367556
CDKN2D	4.428724888
CDKN3	8.003296993
CDNF	0.37656413
CDO1	0.506804744
CDON	3.294736609
CDPF1	2.386846888
CDR1	0.044087666
CDR2	7.923152205
CDR2L	7.843577378
CDRT1	0.024288583
CDRT15	0.181506489
CDRT15L2	0
CDRT15P1	0.944937833
CDRT15P2	0
CDRT4	0.080441989
CDRT7	0
CDRT8	0
CDS1	3.179300873
CDS2	6.512321431
CDSN	0.119333842
CDT1	12.77067318
CDV3	48.68116509
CDV3P1	0.014717764
CDX1	0.476385041
CDX2	0
CDX4	0
CDY1	0
CDY10P	0
CDY11P	0
CDY12P	0
CDY13P	0
CDY14P	0
CDY15P	0
CDY17P	0
CDY18P	0
CDY19P	0
CDY1B	0
CDY20P	0
CDY22P	0
CDY23P	0
CDY2A	0
CDY2B	0
CDY3P	0
CDY4P	0
CDY5P	0
CDY6P	0
CDY7P	0
CDY8P	0
CDY9P	0
CDYL	7.172536916
CDYL2	5.890074103
CDYLP1	0
CEACAM1	2.561591585
CEACAM16	0.00639038
CEACAM18	0
CEACAM19	0.434806242
CEACAM20	0.004959611
CEACAM21	0.894107967
CEACAM22P	0.024017347
CEACAM3	0.208347146
CEACAM4	0.613991864
CEACAM5	2.069886339
CEACAM6	16.23623944
CEACAM7	0.160128601
CEACAM8	0
CEACAMP1	0
CEACAMP10	0.005543541
CEACAMP11	0
CEACAMP2	0
CEACAMP3	0.033865368
CEACAMP4	0
CEACAMP5	0
CEACAMP6	0
CEACAMP7	0
CEACAMP8	0
CEACAMP9	0
CEBPA	4.86979527
CEBPA-AS1	0.95997584
CEBPB	21.96971587
CEBPB-AS1	0.332700382
CEBPD	22.96634028
CEBPE	0.090986844
CEBPG	11.31779671
CEBPZ	12.49485407
CEBPZOS	8.227931591
CECR2	1.234326399
CECR3	0
CECR7	0.944255746
CECR9	0
CEL	0.101421366
CELA1	0.011424819
CELA2A	0
CELA2B	0.04478968
CELA3A	0
CELA3B	0
CELF1	11.47540687
CELF2	3.657540053
CELF2-AS1	0.079325645
CELF2-AS2	0
CELF3	0.002450198
CELF4	0.09158045
CELF5	0.037915832
CELF6	0.003031334
CELP	0
CELSR1	13.58491759
CELSR2	3.724707348
CELSR3	0.362207843
CELSR3-AS1	0.388443832
CEMIP	3.487992168
CEMP1	0
CEND1	0.112128116
CEND1P1	0
CENPA	3.735172461
CENPB	34.85435381
CENPBD1	5.033914966
CENPBD1P1	9.488692359
CENPC	1.541869004
CENPCP1	0.00421894
CENPE	1.77127755
CENPF	7.3362386
CENPH	3.654557122
CENPI	2.071580575
CENPIP1	0
CENPJ	1.61873875
CENPK	1.208211659
CENPL	2.091620634
CENPM	5.370924166
CENPN	7.392190638
CENPO	3.199065151
CENPP	1.462554089
CENPQ	4.198690053
CENPS	0.775547432
CENPS-CORT	0.118170657
CENPT	6.847102724
CENPU	3.458504989
CENPUP1	0
CENPUP2	0.009170681
CENPV	6.883994167
CENPVL1	0
CENPVL3	0
CENPW	7.66138275
CENPX	8.453918017
CEP104	3.691301443
CEP112	1.03651008
CEP120	3.957676368
CEP126	0.394371738
CEP128	1.025161126
CEP131	3.38140062
CEP135	1.353259183
CEP152	0.675116141
CEP162	1.184207283
CEP164	2.28339812
CEP164P1	0.017474177
CEP170	3.28609491
CEP170B	6.620434007
CEP170P1	0.032144814
CEP19	3.113198181
CEP192	2.32007014
CEP250	5.085455635
CEP290	1.362170958
CEP295	1.114561744
CEP295NL	0.063097475
CEP350	4.562456287
CEP41	0.59376326
CEP44	1.855946722
CEP55	8.365970981
CEP57	5.872443636
CEP57L1	0.75248914
CEP57L1P1	0.018112285
CEP63	2.099808473
CEP68	7.125239221
CEP70	3.796906633
CEP72	2.164581485
CEP76	0.678231257
CEP78	1.094082969
CEP83	1.140257938
CEP83-AS1	0.100788811
CEP85	2.886606212
CEP85L	0.665551829
CEP89	3.313699771
CEP95	2.08257635
CEP97	1.535227644
CEPT1	2.109869173
CER1	0
CERCAM	21.88748606
CERK	12.1010716
CERKL	3.113420112
CERNA1	0.129728379
CERNA3	0.019526799
CERS1	0.098534114
CERS2	27.94286264
CERS3	4.102512051
CERS3-AS1	0.42781711
CERS4	3.724620336
CERS5	5.729100466
CERS6	5.659767719
CERS6-AS1	0.010115254
CES1	12.7835979
CES1P1	0.006377266
CES1P2	0
CES2	19.18998318
CES3	0.383484975
CES4A	0.273163727
CES5A	0.00339464
CES5AP1	0.041832413
CETN1	0
CETN2	27.8341765
CETN3	0.843921114
CETN4P	0.092762706
CETP	0.85550795
CFAP100	0.02595806
CFAP126	0
CFAP157	0.337647966
CFAP161	0.197853149
CFAP20	28.17338136
CFAP206	0.015051795
CFAP221	0.29289188
CFAP36	9.334177835
CFAP43	0.059045193
CFAP44	0.305899518
CFAP44-AS1	0.010631894
CFAP45	0.232030449
CFAP46	0.019567476
CFAP47	0.0019329
CFAP52	0.053004032
CFAP53	0.223287
CFAP54	0.094919682
CFAP57	0.36418294
CFAP58	0.10116181
CFAP58-AS1	0.424112259
CFAP61	0.029708897
CFAP65	0.003101938
CFAP69	0.284436604
CFAP70	0.127389496
CFAP73	0.031507611
CFAP74	0.009392424
CFAP77	0.045592848
CFAP97	7.05088171
CFAP97D1	0.008694186
CFAP99	0.014191581
CFB	1.847926111
CFC1	0
CFC1B	0
CFD	9.087424117
CFDP1	28.91418026
CFH	23.42738373
CFHR1	0.019802326
CFHR2	0
CFHR3	0.054756788
CFHR4	0
CFHR5	0
CFI	9.807028897
CFL1	151.2700855
CFL1P1	0.080715601
CFL1P2	0.143110885
CFL1P3	0.088787162
CFL1P4	0.043680431
CFL1P5	0.238328088
CFL1P6	0.022017059
CFL1P7	0.02237948
CFL1P8	0
CFL2	2.446779508
CFLAR	5.48480139
CFLAR-AS1	0.125477934
CFP	0.732067222
CFTR	1.09313394
CFTR-AS1	0.049214603
CFTRP1	0
CFTRP3	0
CGA	0.014286025
CGAS	2.507729808
CGB1	0
CGB2	0
CGB3	0.037205567
CGB5	0.051730927
CGB7	0.404734152
CGB8	0.01233155
CGGBP1	11.21662988
CGN	2.252222702
CGNL1	5.319568563
CGREF1	1.098683421
CGRRF1	1.599054057
CH25H	3.935124941
CHAC1	2.087555288
CHAC2	3.276925105
CHAD	0.211251363
CHADL	0.45614874
CHAF1A	7.228181621
CHAF1B	3.487342164
CHAMP1	5.019688935
CHAT	0.007265482
CHCHD1	10.15035427
CHCHD10	5.366237292
CHCHD2	863.2923963
CHCHD2P1	0
CHCHD2P11	0.047599244
CHCHD2P2	4.201485934
CHCHD2P3	0
CHCHD2P4	0.050121785
CHCHD2P5	0
CHCHD2P6	2.360209056
CHCHD2P7	0
CHCHD2P8	0.048664104
CHCHD2P9	7.799543259
CHCHD3	9.11244514
CHCHD3P1	0
CHCHD3P2	0
CHCHD3P3	0.118960924
CHCHD4	5.763524397
CHCHD4P2	0
CHCHD4P3	0
CHCHD4P4	0
CHCHD4P5	0
CHCHD5	3.680451057
CHCHD6	3.601857031
CHCHD7	4.16626869
CHD1	3.925601382
CHD1L	13.9789153
CHD2	5.333413118
CHD3	36.59508721
CHD4	48.96575136
CHD5	0.008797919
CHD6	5.969484697
CHD7	1.932291906
CHD8	11.35680932
CHD9	5.572669543
CHDH	0.670138212
CHEK1	4.247412368
CHEK2	3.240345554
CHEK2P2	0.034528341
CHEK2P3	0
CHEK2P4	0
CHEK2P5	0
CHERP	10.9867395
CHFR	1.832106776
CHGA	0.031556365
CHGB	0.971323717
CHI3L1	39.74938439
CHI3L2	1.468895341
CHIA	0.056354546
CHIAP1	0.010931083
CHIAP2	0.092010664
CHIAP3	0.019199342
CHIC1	1.291565945
CHIC2	7.006135641
CHID1	10.48564657
CHIT1	1.188949685
CHKA	3.108352191
CHKB	1.108884345
CHKB-AS1	1.053771503
CHKB-CPT1B	0.03898361
CHL1	5.3240483
CHL1-AS1	0.085193947
CHL1-AS2	0.147811016
CHM	4.366926449
CHML	4.298017399
CHMP1A	58.77610462
CHMP1AP1	0
CHMP1B	15.45991189
CHMP1B2P	0.012349052
CHMP1B-AS1	0
CHMP2A	48.23636756
CHMP2B	9.717348921
CHMP3	31.55723532
CHMP4A	0.617517837
CHMP4B	111.2686265
CHMP4BP1	0.499427784
CHMP4C	8.690650107
CHMP5	23.27737474
CHMP6	8.709358213
CHMP7	11.27925794
CHN1	6.504851811
CHN2	0.340781118
CHODL	1.983286452
CHODL-AS1	0.048685888
CHORDC1	2.881666284
CHORDC2P	0
CHP1	27.0478849
CHP2	0.127850531
CHPF	77.95421461
CHPF2	21.27693007
CHPT1	4.333180229
CHRAC1	11.0477615
CHRD	0.92498921
CHRDL1	1.728575053
CHRDL2	0.516933865
CHRFAM7A	0.054087835
CHRM1	0.050198895
CHRM2	0.003920846
CHRM3	2.071615323
CHRM3-AS1	0.02237948
CHRM3-AS2	0.120289705
CHRM4	1.756352257
CHRM5	0.02617672
CHRNA1	0.216986081
CHRNA10	0.128762735
CHRNA2	0.013572913
CHRNA3	0.047933887
CHRNA4	0.002042522
CHRNA5	0.480328007
CHRNA6	0.381261512
CHRNA7	0.050930201
CHRNA9	0.065231098
CHRNB1	2.386834357
CHRNB2	0.765632261
CHRNB3	0.01681705
CHRNB4	0.271036372
CHRND	0.003472678
CHRNE	0.407711587
CHRNG	0.045751702
CHST1	1.028851231
CHST10	6.186013475
CHST11	10.70051466
CHST12	1.351552571
CHST13	0.255343738
CHST14	8.840520789
CHST15	21.62175332
CHST2	7.396540257
CHST3	9.82623568
CHST4	0.26080605
CHST5	0.01309624
CHST6	0.760283972
CHST7	8.058724638
CHST8	0.010691115
CHST9	0.070797782
CHSY1	19.78315417
CHSY3	2.206771308
CHTF18	1.559028118
CHTF8	36.06935792
CHTF8P1	0.021174096
CHTOP	11.81228344
CHUK	3.885559694
CHURC1	8.054674693
CHURC1-FNTB	0
CIAO1	19.32987476
CIAPIN1	31.60022123
CIAPIN1P	0.116825213
CIART	1.323244864
CIB1	43.88761739
CIB2	5.362190159
CIB3	0.015297366
CIB4	0
CIC	12.73002529
CICP1	0
CICP10	0
CICP11	0.003847339
CICP12	0
CICP13	0
CICP14	1.094808751
CICP16	0.042531355
CICP17	0
CICP18	0
CICP2	0
CICP20	0
CICP22	0
CICP23	0.007936102
CICP24	0.00402086
CICP26	0
CICP27	0.005706415
CICP3	0.017721266
CICP4	0.003867862
CICP5	0
CICP6	0
CICP7	0
CICP8	0
CICP9	0.022742138
CIDEA	0
CIDEB	0.156446421
CIDEC	0.022588634
CIDECP	1.809733677
CIITA	1.959017325
CILP	3.019426086
CILP2	3.317809244
CINP	3.29915581
CIP2A	2.496423911
CIPC	5.288406254
CIR1	10.29516586
CIR1P1	0
CIR1P2	0
CIR1P3	0
CIRBP	20.54872751
CIRBP-AS1	0.372030712
CISD1	5.253577063
CISD1P1	0
CISD2	8.702810641
CISD3	4.063854736
CISH	3.76164387
CISTR	0.04739184
CIT	2.294490445
CITED1	0.037078729
CITED2	19.56040712
CITED4	4.512560262
CIZ1	15.3500107
CKAP2	8.415058551
CKAP2L	4.276380305
CKAP2P1	0
CKAP4	111.4131225
CKAP5	11.61782817
CKB	12.20898321
CKBP1	0
CKLF	8.169030666
CKLF-CMTM1	0.317891403
CKM	0.09189498
CKMT1A	0.286866207
CKMT1B	0.413743056
CKMT2	0.310073585
CKMT2-AS1	0.97731028
CKS1B	11.07181222
CKS1BP1	0.135955341
CKS1BP2	0.045318447
CKS1BP3	0.229460492
CKS1BP5	0
CKS1BP6	0
CKS1BP7	0.138848008
CKS2	24.62721222
CLASP1	16.93069627
CLASP2	2.787815534
CLASRP	4.673930124
CLBA1	0.899256764
CLC	0.274051711
CLCA1	0
CLCA2	44.33547221
CLCA3P	0.107593404
CLCA4	3.549747812
CLCC1	2.83085094
CLCF1	1.613566176
CLCN1	0.088827446
CLCN2	1.708790676
CLCN3	8.896095404
CLCN3P1	0.019401404
CLCN4	3.687956347
CLCN5	1.861047971
CLCN6	1.887463025
CLCN7	6.052432384
CLCNKA	0.056322121
CLCNKB	0.070313753
CLCP1	0
CLCP2	0.025834744
CLDN1	331.2010183
CLDN10	1.177743311
CLDN10-AS1	0.012152433
CLDN11	1.965402148
CLDN12	7.512334297
CLDN14	0.838701018
CLDN15	1.120350963
CLDN16	1.447964226
CLDN17	0.018233742
CLDN18	10.37465398
CLDN19	0.090586568
CLDN2	0.465676946
CLDN20	0.08096596
CLDN22	0
CLDN23	1.589593109
CLDN24	0.016404868
CLDN25	0
CLDN3	0.469547489
CLDN34	0.087448662
CLDN4	4.371851891
CLDN5	2.626328901
CLDN6	0.100070636
CLDN7	6.572993383
CLDN8	0.015778183
CLDN9	0.153861654
CLDND1	10.80137432
CLDND2	0.197582157
CLEC10A	2.555013298
CLEC11A	13.24569669
CLEC12A	0.833301661
CLEC12A-AS1	0.030242846
CLEC12B	0.011864115
CLEC14A	8.520747631
CLEC16A	2.675423749
CLEC17A	0.223554806
CLEC18A	0.00708562
CLEC18B	0.041526289
CLEC18C	0
CLEC19A	0
CLEC1A	1.0090469
CLEC1B	0.038526854
CLEC20A	0
CLEC2A	0.008915104
CLEC2B	7.425491115
CLEC2D	1.149083522
CLEC2L	0.051649041
CLEC3A	0.184468837
CLEC3B	5.354548823
CLEC4A	4.372646415
CLEC4C	0.287513552
CLEC4D	0.280960864
CLEC4E	1.760346615
CLEC4F	0.140624515
CLEC4G	0.080612061
CLEC4GP1	0.037504922
CLEC4M	0.00534994
CLEC5A	4.686162306
CLEC6A	0.55610746
CLEC7A	9.999044857
CLEC9A	0.163870488
CLECL1	0.366550136
CLGN	0.372170681
CLHC1	0.732019663
CLIC1	155.5183487
CLIC1P1	0
CLIC2	4.836946365
CLIC3	4.084435739
CLIC4	71.11901026
CLIC4P1	0.020329771
CLIC4P2	0
CLIC4P3	0
CLIC5	2.635390853
CLIC6	3.285470007
CLINT1	14.76550157
CLIP1	4.779005893
CLIP1-AS1	0.006012398
CLIP2	9.703289753
CLIP3	8.036214973
CLIP4	2.891520929
CLK1	4.918585497
CLK2	9.79767538
CLK2P1	0.025215828
CLK3	1.796688108
CLK3P2	0
CLK4	1.147487787
CLLU1	0.003194252
CLLU1OS	0.047564551
CLMAT3	0.069497938
CLMN	0.811870122
CLMP	10.18931535
CLN3	2.816498637
CLN5	3.868260821
CLN6	10.97682509
CLN8	2.482094307
CLNK	0.140205315
CLNS1A	16.15121031
CLNS1AP1	0
CLOCK	2.005693828
CLP1	9.361593707
CLPB	5.16018115
CLPP	12.93606709
CLPS	0.018097217
CLPSL1	0.178979183
CLPSL2	0.017801027
CLPTM1	27.14010774
CLPTM1L	25.70068088
CLPTM1LP1	0
CLPX	8.862864214
CLRN1	0
CLRN1-AS1	0.003549748
CLRN2	0
CLRN3	0.037765373
CLSPN	1.575885973
CLSTN1	54.2490915
CLSTN2	0.581869539
CLSTN2-AS1	0
CLSTN3	13.33530787
CLTA	30.94267885
CLTB	34.56026114
CLTC	43.7721982
CLTCL1	1.711178382
CLTRN	1.523251225
CLU	64.52207052
CLUAP1	1.891310005
CLUH	10.64786469
CLUHP1	0
CLUHP11	0
CLUHP2	0
CLUHP3	0.615778482
CLUHP4	0
CLUHP5	0
CLUHP6	0
CLUHP8	0
CLUL1	0.231894706
CLVS1	0.041193016
CLVS2	0.004735058
CLYBL	0.2513302
CLYBL-AS1	0
CLYBL-AS2	0
CMA1	0.220546551
CMAHP	2.641758053
CMAS	17.26322925
CMBL	8.991703433
CMC1	0.823784072
CMC2	2.394669151
CMC4	0
CMIP	21.6211228
CMKLR1	4.902994028
CMPK1	24.96711615
CMPK2	4.158931405
CMSS1	3.683220418
CMTM1	0.913174442
CMTM2	0.406330472
CMTM3	45.12187132
CMTM4	10.92064586
CMTM5	0.018915526
CMTM6	32.66132213
CMTM7	5.613639895
CMTM8	7.040958046
CMTR1	13.25629023
CMTR2	5.564450209
CMYA5	0.243164359
CNBD1	0.004209144
CNBD2	0.069539595
CNBP	136.4548554
CNDP1	0.046979134
CNDP2	29.43281668
CNEP1R1	5.451229957
CNFN	2.795764894
CNGA1	0.157937509
CNGA2	0
CNGA3	0.027327707
CNGA4	0.07528676
CNGB1	0.718338991
CNGB3	0.004328926
CNIH1	22.95227089
CNIH2	0.77275728
CNIH3	0.715330326
CNIH4	7.942906792
CNKSR1	4.90152128
CNKSR2	0.07443365
CNKSR3	0.685982137
CNMD	0.026723409
CNN1	8.672509747
CNN2	115.9794173
CNN2P1	0.10663164
CNN2P10	0
CNN2P11	0
CNN2P12	0.015340518
CNN2P2	0
CNN2P3	0.012004887
CNN2P4	0.072188677
CNN2P6	0.012084919
CNN2P7	0.011669986
CNN2P8	0.02382569
CNN2P9	0.203409531
CNN3	76.82482791
CNN3P1	0
CNNM1	0.43587117
CNNM2	1.236623932
CNNM3	7.647487943
CNNM3-DT	0.707622981
CNNM4	6.62173086
CNOT1	47.38041136
CNOT10	5.896073981
CNOT10-AS1	0.023339973
CNOT11	18.90686913
CNOT2	6.787953947
CNOT3	13.52059169
CNOT4	2.787871206
CNOT4P1	0
CNOT6	8.045847828
CNOT6L	5.575809104
CNOT6LP1	0.498440923
CNOT7	6.342180625
CNOT7P1	0
CNOT7P2	0
CNOT8	14.1116801
CNOT9	12.13907172
CNP	15.37727043
CNPPD1	21.9814172
CNPY1	0.00439807
CNPY2	5.60746793
CNPY3	33.6076521
CNPY4	19.1864572
CNR1	0.290859311
CNR2	0.144908624
CNRIP1	2.605682977
CNST	4.415219727
CNTD1	0.247923298
CNTD2	0.112018133
CNTF	0.258415643
CNTFR	0.602814777
CNTFR-AS1	0
CNTLN	1.536501796
CNTN1	13.73054583
CNTN2	0.056141971
CNTN3	0.291656007
CNTN4	1.515782795
CNTN4-AS1	0.005234084
CNTN4-AS2	0
CNTN5	0.011948179
CNTN6	0.116762505
CNTNAP1	2.445171993
CNTNAP2	6.601542857
CNTNAP3	0.180493174
CNTNAP3B	0.024681756
CNTNAP3P1	0
CNTNAP3P2	0.03380397
CNTNAP3P5	0
CNTNAP4	0.052016237
CNTNAP5	0.089871324
CNTRL	1.868754313
CNTROB	6.265198977
COA1	1.974688069
COA3	17.3049504
COA4	14.75048867
COA5	7.101203619
COA6	9.630440399
COA7	4.431523919
COASY	14.87685926
COBL	0.417446769
COBLL1	2.301537619
COCH	1.030271904
COG1	5.228540187
COG2	2.385495437
COG3	3.686342297
COG4	19.04851935
COG5	3.427224286
COG6	3.108515614
COG7	4.154730114
COG8	4.610437236
COG8	0
COIL	7.139674553
COL10A1	38.41522199
COL11A1	37.48255036
COL11A2	1.052141038
COL11A2P1	0
COL12A1	60.70616765
COL13A1	1.27247214
COL14A1	8.832458943
COL15A1	21.0874847
COL16A1	18.59987583
COL17A1	240.1784604
COL18A1	27.73776022
COL18A1-AS1	0
COL18A1-AS2	0.019703673
COL19A1	0.017890963
COL1A1	1675.932388
COL1A2	951.4573027
COL20A1	0.003964435
COL21A1	0.886648566
COL22A1	4.140821172
COL23A1	0.445854661
COL24A1	0.827554251
COL25A1	0.024522232
COL26A1	2.098778271
COL27A1	4.17235551
COL28A1	1.572554906
COL2A1	2.407456618
COL3A1	1944.250406
COL4A1	110.3250695
COL4A2	110.0922815
COL4A2-AS1	0.10070766
COL4A2-AS2	0.028584566
COL4A3	0.336163141
COL4A3BP	5.202476435
COL4A4	0.6177415
COL4A5	18.93479195
COL4A6	3.841082599
COL5A1	150.285999
COL5A1-AS1	0.161851597
COL5A2	245.7303498
COL5A3	22.12668143
COL6A1	363.8096737
COL6A2	516.3920088
COL6A3	149.799754
COL6A4P1	0.030966613
COL6A4P2	0.12262359
COL6A5	0.189480843
COL6A6	0.908606889
COL7A1	31.2745178
COL8A1	20.43723233
COL8A2	25.62598063
COL9A1	1.750335941
COL9A2	5.557432498
COL9A3	1.391354185
COLCA1	0.307623674
COLCA2	0.762612165
COLEC10	0.280051721
COLEC11	0.274064043
COLEC12	6.146515045
COLGALT1	53.02369291
COLGALT2	0.637641393
COLQ	0.336062065
COMMD1	10.05342005
COMMD10	4.992386069
COMMD2	8.510732235
COMMD3	3.659358717
COMMD3-BMI1	0.005712409
COMMD4	5.645987263
COMMD5	8.538573367
COMMD6	11.91263508
COMMD7	13.19145633
COMMD8	6.171109939
COMMD9	6.327533174
COMP	28.0240742
COMT	16.64229463
COMTD1	4.006380182
COP1	10.90931717
COPA	67.49598031
COPB1	58.34182586
COPB2	27.58278988
COPE	33.41721025
COPG1	63.6559806
COPG2	9.667643399
COPRS	15.17535038
COPS2	7.910392263
COPS3	23.84777621
COPS4	8.22289624
COPS5	6.726634751
COPS5P1	0
COPS6	57.6524267
COPS7A	28.94324566
COPS7B	5.33601181
COPS8	10.02796048
COPS8P2	0.017346774
COPS8P3	0
COPS9	7.51054911
COPZ1	42.04473818
COPZ2	13.17980898
COQ10A	1.851306774
COQ10B	8.774663609
COQ10BP2	0
COQ2	2.579916785
COQ3	3.446439925
COQ4	4.773969854
COQ5	8.414897378
COQ6	1.203792432
COQ7	2.523753518
COQ8A	3.993742638
COQ8B	5.347048259
COQ9	16.48065487
CORIN	0.451791716
CORO1A	14.83311569
CORO1B	14.67000753
CORO1C	28.68632723
CORO2A	3.639427221
CORO2B	2.225342053
CORO6	0.729961564
CORO7	1.036557043
CORO7-PAM16	0.005701928
CORT	0.067376098
COTL1	34.2538296
COTL1P1	0
COTL1P2	0
COX10	4.598136509
COX10-AS1	0.643555642
COX11	2.928655747
COX11P1	0
COX14	15.89397763
COX15	7.655421655
COX16	9.206723482
COX17	5.583432982
COX17P1	0.056648059
COX18	1.930191656
COX19	2.517945908
COX20	0.733443288
COX20P1	0.21326328
COX20P2	0
COX4I1	53.94862279
COX4I1P1	0.021368227
COX4I1P2	0.039767559
COX4I2	4.268958477
COX5A	33.30761329
COX5AP2	0.027605145
COX5B	36.33526788
COX5BP1	0
COX5BP2	0
COX5BP3	0
COX5BP6	0.824752781
COX5BP7	0
COX5BP8	0
COX6A1	38.91721642
COX6A1P2	1.549066918
COX6A1P3	0
COX6A2	0
COX6B1	109.1361166
COX6B1P1	0
COX6B1P2	0
COX6B1P3	0
COX6B1P4	0.089887829
COX6B1P5	0.218402155
COX6B1P6	0
COX6B1P7	0
COX6B2	0.270841571
COX6C	21.88056216
COX6CP1	0.101176068
COX6CP10	0
COX6CP11	0
COX6CP12	0
COX6CP13	0
COX6CP14	0.062508203
COX6CP15	0
COX6CP16	0
COX6CP17	0
COX6CP18	0
COX6CP2	0
COX6CP3	0.048773217
COX6CP4	0
COX6CP5	0
COX6CP6	0
COX6CP7	0
COX6CP8	0
COX7A1	3.632683471
COX7A2	18.62913562
COX7A2L	14.53618499
COX7A2P1	0.414340088
COX7A2P2	0
COX7B	18.78917202
COX7B2	0
COX7BP2	0
COX7C	43.67488593
COX7CP1	0.056648059
COX8A	128.8652836
COX8C	0.020406055
CP	7.218155287
CPA1	0.011170586
CPA2	0.154612963
CPA3	15.83791442
CPA4	26.58926491
CPA5	0.102711624
CPA6	0.095367421
CPAMD8	0.922454124
CPB1	0.011442848
CPB2	0.480113938
CPB2-AS1	0.011002961
CPD	11.37286174
CPDP1	0
CPE	18.97307804
CPEB1	0.178736176
CPEB1-AS1	0.008676847
CPEB2	2.395935845
CPEB2-AS1	0.010563057
CPEB3	0.396479249
CPEB4	3.609593132
CPED1	1.499125995
CPHL1P	0.011058899
CPLX1	0.175426247
CPLX2	0.006128428
CPLX3	0
CPLX4	0.003068104
CPM	8.048700545
CPN1	0.005763872
CPN2	0.075430969
CPNE1	56.43804652
CPNE2	9.790322168
CPNE3	23.70622443
CPNE4	1.086458118
CPNE5	2.730472651
CPNE6	0.001813947
CPNE7	0.538825631
CPNE8	5.770093817
CPNE9	0.158371961
CPO	0.044981089
CPOX	5.328440651
CPPED1	2.621816142
CPQ	9.237255003
CPS1	0.306172886
CPS1-IT1	0
CPSF1	17.56134605
CPSF1P1	0.055402713
CPSF2	4.596980599
CPSF3	11.33526305
CPSF4	12.85721665
CPSF4L	0.021354242
CPSF6	11.73111178
CPSF7	16.51645669
CPT1A	8.081525111
CPT1B	0.368557629
CPT1C	0.469259227
CPT2	4.560360284
CPTP	6.165861954
CPVL	10.87968371
CPXCR1	0
CPXM1	31.028068
CPXM2	1.157257237
CPZ	0.419659075
CR1	0.642245205
CR1L	0.074657557
CR2	0.687986906
CR381572.1	0
CR381572.2	0
CR381653.1	0.052068003
CR381653.2	0.099134103
CR381670.1	0.077092219
CR382285.1	0.005860144
CR382285.2	0
CR382287.1	0
CR382287.2	0
CR383656.1	0
CR383656.10	0
CR383656.11	0
CR383656.12	0
CR383656.13	0
CR383656.2	0
CR383656.3	0
CR383656.4	0
CR383656.5	0
CR383656.6	0
CR383656.7	0
CR383656.8	0
CR383656.9	0
CR383658.1	0
CR383658.2	0
CR391992.1	0.027605145
CR392000.1	0
CR392039.1	0.05331582
CR392039.2	0.042736453
CR392039.3	0.047913777
CR392039.4	0.130256614
CR392039.5	0
CR545473.1	0
CR559946.1	0.020482914
CR559946.2	0.054876021
CR589904.1	0
CR589904.2	0
CR769767.1	0
CR769767.2	0
CR769775.1	0.033638435
CR769775.2	0
CR769775.3	0
CR769776.1	0
CR769776.2	0.028773617
CR786580.1	0.015116647
CR788268.1	0
CR848007.1	0.012803328
CR848007.2	0
CR848007.3	0
CR936218.1	0.536665821
CR936218.2	0
CRABP1	0.733857632
CRABP2	53.35381972
CRACR2A	0.858527552
CRACR2B	0.283515355
CRADD	1.727103399
CRAMP1	1.695179461
CRAT	7.530274277
CRB1	0.004274989
CRB2	0.027409488
CRB3	4.19480299
CRB3P1	0
CRBN	3.625981905
CRCP	51.30048209
CRCT1	0.916727444
CREB1	6.045362514
CREB3	18.58787653
CREB3L1	16.57732404
CREB3L2	18.15130664
CREB3L3	0.020306996
CREB3L4	6.250949435
CREB5	0.573914615
CREBBP	8.164538702
CREBL2	13.22808725
CREBRF	1.700296102
CREBZF	4.699426436
CREG1	34.47439009
CREG2	0.074537754
CRELD1	7.25191116
CRELD2	10.54371181
CREM	2.656604106
CRH	0.007048884
CRHBP	0.077605618
CRHR1	0.023176557
CRHR2	0.051870512
CRIM1	22.5408687
CRIP1	0.75719192
CRIP1P1	0
CRIP1P2	0.047703628
CRIP1P3	0
CRIP1P4	0
CRIP2	6.235338618
CRIP3	0.03547143
CRIPAK	0.759732416
CRIPT	5.104828431
CRISP1	0
CRISP2	0
CRISP3	0.024202108
CRISPLD1	9.23167591
CRISPLD2	17.29850358
CRK	17.0033927
CRKL	28.17658489
CRLF1	0.645089624
CRLF2	0.156923578
CRLF3	3.903547811
CRLS1	8.227196961
CRMP1	2.601899918
CRNDE	5.331866359
CRNKL1	11.78378854
CRNN	0.365978626
CROCC	2.021782055
CROCC2	0.007277636
CROCCP1	0
CROCCP2	1.385455405
CROCCP3	0.17081722
CROCCP4	0.021840215
CROCCP5	0.013104129
CROT	6.433235266
CRP	0.053977307
CRPP1	0
CRTAC1	7.10503455
CRTAM	0.479782587
CRTAP	35.27406511
CRTC1	2.056605133
CRTC2	13.42690734
CRTC3	5.158608804
CRTC3-AS1	0.125016406
CRX	0
CRY1	5.053606678
CRY2	4.378639118
CRYAA	0.005972777
CRYAA2	0
CRYAB	4.398607875
CRYBA1	0.041094813
CRYBA2	0.20196942
CRYBA4	0.147522442
CRYBB1	0.562573826
CRYBB2	0.036827632
CRYBB2P1	1.455260902
CRYBB3	0.150538786
CRYBG1	10.81667417
CRYBG2	0.609494904
CRYBG3	1.924696715
CRYGA	0
CRYGB	0
CRYGC	0
CRYGD	0
CRYGEP	0
CRYGFP	0
CRYGGP	0
CRYGN	0.380434681
CRYGS	0.470249995
CRYL1	7.587744362
CRYM	0.135164485
CRYM-AS1	0.060544725
CRYZ	4.627473842
CRYZL1	2.634148492
CRYZL2P	2.79729825
CRYZL2P-SEC16B	0.10125994
CRYZP1	0.068910838
CRYZP2	0.010368377
CS	27.32018547
CSAD	3.027561311
CSAG1	6.882427896
CSAG2	0.89648128
CSAG3	3.142998002
CSAG4	0.288117279
CSDC2	1.070909765
CSDE1	76.97265293
CSE1L	41.42773913
CSE1L-AS1	0.01956192
CSF1	11.37427779
CSF1R	23.82847642
CSF2	1.022688208
CSF2RA	2.618293986
CSF2RB	7.569993399
CSF2RBP1	0.111267798
CSF3	0.656505071
CSF3R	3.67364913
CSGALNACT1	2.839772355
CSGALNACT2	15.95306535
CSH1	0
CSH2	0
CSHL1	0
CSK	16.69067498
CSKMT	0.467840044
CSMD1	0.05989158
CSMD2	0.491796377
CSMD2-AS1	0
CSMD3	0.001586487
CSN1S1	0.011042058
CSN1S2AP	0
CSN2	0
CSN3	0
CSNK1A1	14.83659837
CSNK1A1L	0.009041087
CSNK1A1P1	0.045508064
CSNK1A1P3	0
CSNK1D	13.09532107
CSNK1E	19.57756914
CSNK1G1	4.676941817
CSNK1G2	15.20526824
CSNK1G2-AS1	0.105047218
CSNK1G2P1	0.022777858
CSNK1G3	7.846254652
CSNK2A1	31.05546448
CSNK2A2	23.5989332
CSNK2A3	2.181430334
CSNK2B	16.43145222
CSPG4	14.20233118
CSPG4P10	0.41820757
CSPG4P11	0.01329095
CSPG4P12	0.054878885
CSPG4P13	0.128675043
CSPG4P1Y	0
CSPG4P2Y	0
CSPG4P3Y	0
CSPG4P4Y	0
CSPG4P5	0
CSPG5	0.525635859
CSPP1	1.952616005
CSRNP1	12.03039796
CSRNP2	6.794127721
CSRNP3	0.157541565
CSRP1	30.5663658
CSRP2	4.226120738
CSRP3	0.007419118
CST1	71.75697963
CST11	0.019216303
CST12P	0
CST13P	0
CST2	2.457374617
CST2P1	0
CST3	42.3842156
CST4	1.144124842
CST5	0.187028512
CST6	1.633613586
CST7	9.952515731
CST8	0
CST9	0
CST9L	0
CST9LP1	0
CST9LP2	0.101966506
CSTA	45.01082294
CSTB	70.29054942
CSTF1	9.836368937
CSTF2	11.39861516
CSTF2T	11.30565537
CSTF3	6.597611422
CSTF3-AS1	0.02637349
CSTL1	0.182456376
CSTP1	0.051916121
CSTP2	0.054655414
CT45A1	0
CT45A10	0.010747458
CT45A11P	0
CT45A2	0
CT45A3	0
CT45A5	0
CT45A6	0
CT45A7	0
CT45A8	0
CT45A9	0
CT47A1	0
CT47A10	0
CT47A11	0
CT47A12	0
CT47A2	0
CT47A3	0
CT47A4	0
CT47A5	0
CT47A6	0
CT47A7	0
CT47A8	0
CT47A9	0
CT47B1	0
CT55	0.02511877
CT62	0.011452889
CT83	0
CTAG1A	0
CTAG1B	0
CTAG2	0
CTAGE1	0
CTAGE10P	0
CTAGE11P	0.018489464
CTAGE12P	0.009201715
CTAGE13P	0
CTAGE14P	0.004526187
CTAGE15	0.050451151
CTAGE16P	0.004509298
CTAGE3P	0.009048608
CTAGE4	0.029418466
CTAGE5	0.387177553
CTAGE6	0
CTAGE7P	0.129481277
CTAGE8	0
CTAGE9	0.004659995
CTBP1	9.614600425
CTBP1-AS	0.156736986
CTBP1-AS2	2.179458002
CTBP2	4.593616243
CTBP2P1	0
CTBP2P2	0
CTBP2P3	0
CTBP2P4	0.011822204
CTBP2P5	0
CTBP2P6	0
CTBP2P7	0.017486218
CTBP2P8	0.073599884
CTBS	3.037687866
CTC1	2.225462356
CTCF	23.35612242
CTCFL	0.012182378
CTDNEP1	34.40974967
CTDP1	3.730108512
CTDSP1	25.42741656
CTDSP2	64.86283931
CTDSPL	7.001371678
CTDSPL2	3.080060167
CTF1	2.405363729
CTF2P	0
CTGF	109.9407313
CTH	0.69836215
CTHRC1	139.2011219
CTHRC1P1	0
CTIF	6.05320176
CTLA4	2.005982582
CTNNA1	57.99488408
CTNNA1P1	0.035882641
CTNNA2	0.004330363
CTNNA3	0.009766907
CTNNAL1	12.58553053
CTNNB1	81.26075822
CTNNBIP1	11.21193853
CTNNBL1	19.20942777
CTNND1	29.22093243
CTNND2	0.045958967
CTNS	5.396602832
CTPS1	6.812203915
CTPS2	9.421631123
CTR9	22.68757812
CTRB1	0.032115435
CTRB2	0.018544633
CTRC	0
CTRL	0.032048405
CTSA	33.05460666
CTSB	431.7405723
CTSC	17.55694017
CTSD	248.1014976
CTSE	11.53202625
CTSF	17.18220127
CTSG	0.862831569
CTSH	29.28993074
CTSK	125.5832528
CTSL	67.07896328
CTSL3P	0
CTSLP1	0.010854718
CTSLP2	0
CTSLP4	0
CTSLP6	0.021709436
CTSLP8	0.011247598
CTSO	14.00238761
CTSS	47.34384295
CTSV	4.732402941
CTSW	2.366366381
CTSZ	181.942669
CTTN	19.16248372
CTTNBP2	0.380327095
CTTNBP2NL	6.720644906
CTU1	1.349781826
CTU2	5.327355386
CTXN1	0.96470666
CTXN2	0
CTXN3	0.335851674
CTXND1	0.09787206
CU104787.1	0
CU633904.1	0.003211227
CU633904.2	0
CU633904.3	0
CU633906.1	0.011337485
CU633906.2	0
CU633906.3	0
CU633906.4	0
CU633967.1	0.007453011
CU633980.1	0
CU634019.1	0
CU634019.2	0.018341361
CU634019.3	0
CU634019.4	0
CU634019.5	0
CU634019.6	0.012166026
CU634019.7	0
CU638689.1	0
CU638689.2	0
CU638689.3	0
CU638689.4	0
CU638689.5	0.010539174
CU639417.1	0
CU639417.2	0
CU639417.3	0.068548912
CU639417.4	0.008212757
CUBN	0.139589627
CUBNP1	0
CUBNP2	0.009549102
CUBNP3	0
CUEDC1	3.832200043
CUEDC2	23.55532201
CUL1	19.38628135
CUL1P1	0
CUL2	6.278194191
CUL3	7.807771669
CUL4A	6.320739869
CUL4AP1	0
CUL4B	12.95240019
CUL5	6.498108744
CUL7	16.49050358
CUL9	1.798681063
CUTA	38.74582283
CUTALP	2.337045999
CUTC	5.926026833
CUX1	9.156425611
CUX2	0.032708921
CUX2P1	0
CUZD1	0.197810312
CWC15	13.77891116
CWC22	8.513978287
CWC25	4.952053177
CWC27	4.574497363
CWF19L1	5.848979598
CWF19L2	4.315946157
CWH43	0.003466038
CX3CL1	21.29838245
CX3CR1	1.327191949
CXADR	20.20977571
CXADRP1	0
CXADRP2	0
CXADRP3	0.00556339
CXCL1	50.84897608
CXCL10	117.3470319
CXCL11	8.31123218
CXCL12	4.871751704
CXCL13	485.1221
CXCL14	499.3794569
CXCL16	30.61282186
CXCL17	20.54537907
CXCL1P1	0
CXCL2	7.301708192
CXCL3	1.17635987
CXCL5	3.612619469
CXCL6	7.892011378
CXCL8	51.0245059
CXCL9	48.45170496
CXCR1	1.018572171
CXCR2	1.205125649
CXCR2P1	1.086339123
CXCR3	2.398869404
CXCR4	33.52423971
CXCR5	0.157095768
CXCR6	1.936344579
CXorf21	2.339457947
CXorf36	1.54891978
CXorf38	6.842988017
CXorf40A	2.94702416
CXorf40B	7.824611906
CXorf49	0
CXorf49B	0
CXorf51A	0
CXorf51B	0
CXorf56	6.230759514
CXorf57	0.369794046
CXorf58	0.079101289
CXorf65	0.356762243
CXorf66	0
CXorf67	0.011276752
CXXC1	6.983175016
CXXC1P1	0.086375693
CXXC4	0.155137217
CXXC4-AS1	0
CXXC5	8.854744549
CXXC5-AS1	0.037699921
CYB561	9.780606803
CYB561A3	7.764477919
CYB561D1	1.884737665
CYB561D2	5.448641671
CYB5A	4.087565289
CYB5AP4	0
CYB5AP5	0
CYB5B	18.21088609
CYB5D1	0.628537256
CYB5D2	5.2039368
CYB5R1	8.823815574
CYB5R2	0.788275268
CYB5R3	62.24674213
CYB5R4	2.082720121
CYB5RL	0.252696997
CYBA	29.21764116
CYBB	30.12595768
CYBRD1	22.55135583
CYC1	47.87280126
CYCS	22.76558004
CYCSP1	0
CYCSP10	0.406941157
CYCSP11	0
CYCSP12	0
CYCSP17	0
CYCSP19	0.068838147
CYCSP2	0.03613431
CYCSP20	0
CYCSP22	0
CYCSP23	0
CYCSP24	0.137676295
CYCSP25	0
CYCSP26	0
CYCSP27	0.111362737
CYCSP28	0
CYCSP29	0
CYCSP30	0
CYCSP32	0
CYCSP33	0
CYCSP34	0.321999492
CYCSP35	0
CYCSP38	0.033777725
CYCSP39	0.070397588
CYCSP4	0
CYCSP40	0.036994651
CYCSP41	0
CYCSP42	0
CYCSP43	0
CYCSP44	0.034748969
CYCSP45	0.069056681
CYCSP46	0
CYCSP48	0
CYCSP49	0
CYCSP5	0
CYCSP51	0
CYCSP52	0.175426247
CYCSP53	0
CYCSP55	0
CYCSP6	3.241319393
CYCSP8	0
CYCTP	0
CYFIP1	16.47234601
CYFIP2	2.436969299
CYGB	5.757240763
CYHR1	4.709747511
CYLC1	0
CYLC2	0.004778747
CYLD	9.376027762
CYMP	0.008611581
CYMP-AS1	0.018505193
CYP11A1	2.392751694
CYP11B1	0.005171863
CYP11B2	0
CYP17A1	0.080304395
CYP17A1-AS1	0
CYP19A1	0.067034991
CYP1A1	0.465454094
CYP1A2	0.123595765
CYP1B1	15.38506269
CYP1B1-AS1	0.113919878
CYP1D1P	0
CYP20A1	2.084789139
CYP21A1P	0.005518228
CYP21A2	0.011216666
CYP24A1	14.0747322
CYP26A1	0.21957794
CYP26B1	1.706829169
CYP26C1	0.002492307
CYP27A1	17.52333543
CYP27B1	1.41646495
CYP27C1	2.736665074
CYP2A13	0.01250883
CYP2A6	0.028177273
CYP2A7	0
CYP2A7P1	0
CYP2A7P2	0
CYP2AB1P	0
CYP2AC1P	0
CYP2B6	0.00303049
CYP2B7P	1.39702142
CYP2C18	0.238399771
CYP2C19	0
CYP2C56P	0
CYP2C58P	0
CYP2C59P	0
CYP2C60P	0
CYP2C61P	0
CYP2C8	0.016921707
CYP2C9	0.035824859
CYP2D6	0.253768463
CYP2D7	0.101064147
CYP2D8P	0.087595388
CYP2E1	0.109657359
CYP2F1	0.014530965
CYP2F2P	0.175094
CYP2G1P	0.004331512
CYP2G2P	0
CYP2J2	0.742070625
CYP2R1	3.261001453
CYP2S1	8.469535244
CYP2T1P	1.405048196
CYP2T3P	0.013312641
CYP2U1	1.511209633
CYP2W1	0.090211983
CYP39A1	5.64623275
CYP3A137P	0
CYP3A4	0.027701821
CYP3A43	0.016498183
CYP3A5	0.216526706
CYP3A52P	0.119521179
CYP3A54P	0
CYP3A7	0.381674579
CYP46A1	0.062802296
CYP46A4P	0
CYP4A11	0.002795997
CYP4A22	0
CYP4A22-AS1	0.153521775
CYP4A26P	0
CYP4A27P	0
CYP4A43P	0
CYP4A44P	0
CYP4B1	5.004413947
CYP4F10P	0
CYP4F11	0.129642044
CYP4F12	0.180901145
CYP4F2	0.006923251
CYP4F22	0.15631779
CYP4F23P	0
CYP4F24P	0.034419074
CYP4F25P	0.020916206
CYP4F26P	0.468729057
CYP4F27P	0
CYP4F29P	0.177367481
CYP4F3	0.048257186
CYP4F30P	0
CYP4F32P	0.021580213
CYP4F34P	0
CYP4F35P	0.030243802
CYP4F36P	0
CYP4F44P	0
CYP4F60P	0.079245372
CYP4F62P	0
CYP4F8	0.001543193
CYP4F9P	0
CYP4V2	1.222170172
CYP4X1	0.819573799
CYP4Z1	0.016347336
CYP4Z2P	0.054450199
CYP51A1	1.970251189
CYP51A1-AS1	0.036781966
CYP51A1P1	0.021651813
CYP51A1P2	0.11609262
CYP51A1P3	0.007616546
CYP7A1	0.014747698
CYP7B1	8.235962476
CYP8B1	0.009796377
CYR61	76.24131868
CYS1	2.849952499
CYSLTR1	0.829740011
CYSLTR2	0.524384711
CYSRT1	0.15094502
CYSTM1	11.78238142
CYTH1	9.851063826
CYTH2	6.692394165
CYTH3	8.61425027
CYTH4	4.988927697
CYTIP	6.250455594
CYTL1	1.865150045
CYTOR	4.881174403
CYYR1	11.16948474
CYYR1-AS1	0.035151394
D2HGDH	2.505348663
DAAM1	4.831034455
DAAM2	2.495223348
DAB1	0.350155251
DAB1-AS1	0
DAB2	13.26678893
DAB2IP	9.078349997
DACH1	0.559059262
DACH2	0
DACT1	11.56922423
DACT2	2.475076162
DACT3	2.542093528
DACT3-AS1	0.083435607
DAD1	107.2701103
DAG1	18.48034296
DAGLA	1.282802525
DAGLB	3.038445986
DALRD3	3.76037261
DANCR	4.983640867
DAND5	0.038124683
DANT1	0
DANT2	0.026157834
DAO	0.016806223
DAOA	0.004739184
DAOA-AS1	0.004382122
DAP	92.4577222
DAP3	16.44739594
DAP3P1	0.039123839
DAP3P2	0.085305312
DAPK1	9.667528339
DAPK1-IT1	0.015493486
DAPK2	0.383535491
DAPK3	25.89319082
DAPL1	152.4578806
DAPP1	2.98216905
DARS	35.55025564
DARS2	9.010127899
DARS-AS1	0.231906765
DAW1	0.014833177
DAXX	23.37363224
DAZ1	0
DAZ2	0
DAZ3	0
DAZ4	0
DAZAP1	7.876278131
DAZAP2	35.91061897
DAZAP2P1	1.470371881
DAZL	0.017972615
DBET	0
DBF4	3.322495792
DBF4B	0.82494033
DBF4P1	0.068983683
DBH	0.133791074
DBH-AS1	0.391531043
DBI	43.56206373
DBIL5P	0.142202075
DBIL5P2	0.04499704
DBIP1	0
DBIP2	0
DBN1	23.45262835
DBNDD1	1.330324858
DBNDD2	0.924732422
DBNL	11.56857144
DBP	0.850967417
DBR1	5.386585038
DBT	2.277669947
DBX1	0.023644407
DBX2	0.023256794
DCAF1	4.776798556
DCAF10	3.818020463
DCAF11	10.09537992
DCAF12	13.97088235
DCAF12L1	0
DCAF12L2	0.030616263
DCAF13	5.080553114
DCAF13P1	0
DCAF13P2	0.019597166
DCAF13P3	0.032612975
DCAF15	8.977368563
DCAF16	7.940514613
DCAF17	1.903410288
DCAF4	3.116181195
DCAF4L1	0.025071396
DCAF4L2	0
DCAF5	11.35108271
DCAF6	9.674259548
DCAF7	28.79647854
DCAF8	5.477636576
DCAF8L1	0
DCAF8L2	0
DCAKD	6.578050948
DCANP1	0
DCBLD1	9.450481264
DCBLD2	6.35085337
DCC	0.129756769
DCD	0
DCDC1	0.030579621
DCDC2	2.0659987
DCDC2B	0.064013216
DCDC2C	0
DCHS1	5.744855143
DCHS2	0.037410474
DCK	5.911761227
DCLK1	0.760404135
DCLK2	0.70567719
DCLK3	0.277644648
DCLRE1A	2.477933871
DCLRE1B	3.158028637
DCLRE1C	1.408124242
DCLRE1CP1	0.046282669
DCN	78.48264679
DCP1A	4.71128416
DCP1B	3.343870141
DCP2	4.72393918
DCPS	5.149430227
DCST1	0.023844344
DCST1-AS1	0.224938277
DCST2	0.092083071
DCSTAMP	0.297555246
DCT	0.00865154
DCTD	22.55932944
DCTN1	15.76816273
DCTN1-AS1	0.030840531
DCTN2	27.81910003
DCTN3	7.273247238
DCTN4	11.41880796
DCTN5	6.601837699
DCTN6	9.522355955
DCTPP1	13.76580077
DCUN1D1	7.642720132
DCUN1D2	1.46153556
DCUN1D2-AS	0.204115258
DCUN1D3	2.068053078
DCUN1D4	2.760116304
DCUN1D5	20.40289803
DCX	0
DCXR	10.79065106
DDA1	6.4913055
DDAH1	3.656873162
DDAH2	14.12049958
DDB1	30.84383254
DDB2	5.470418712
DDC	0.031214237
DDC-AS1	0
DDHD1	1.104371965
DDHD2	3.508426436
DDI1	0
DDI2	3.280135457
DDIAS	1.432127438
DDIT3	9.501839329
DDIT4	165.0437065
DDIT4-AS1	0
DDIT4L	0.893654347
DDN	0.185673872
DDN-AS1	0.160376274
DDO	0.663819506
DDOST	89.48969288
DDR1	37.1768256
DDR1-AS1	0
DDR2	8.294669578
DDRGK1	24.88160852
DDT	9.834077163
DDTL	0.577260219
DDTP1	0.056795965
DDX1	27.53867125
DDX10	4.26264424
DDX10P1	0.022506834
DDX10P2	0.016643347
DDX11	2.498954636
DDX11-AS1	0.210701807
DDX11L1	0
DDX11L10	0
DDX11L16	0
DDX11L2	0.046679945
DDX11L5	0.016630623
DDX11L8	0
DDX11L9	0
DDX12P	0.660631315
DDX17	35.67076406
DDX18	15.3913014
DDX18P1	0.021840215
DDX18P3	0.016257739
DDX18P4	0.011064524
DDX18P5	0.016656091
DDX18P6	0
DDX19A	11.21133002
DDX19B	5.253011326
DDX20	2.640049889
DDX21	30.83965461
DDX23	20.36595456
DDX24	14.2718474
DDX25	0.261543204
DDX27	11.50027222
DDX28	9.978833712
DDX31	2.210193574
DDX39A	20.24601623
DDX39AP1	0
DDX39B	8.737463858
DDX39B-AS1	0.041276764
DDX39BP1	0.113296118
DDX39BP2	0.08431339
DDX3P1	0
DDX3P2	0
DDX3P3	0
DDX3X	51.92909247
DDX3Y	0.005686525
DDX4	0.00284054
DDX41	13.52599788
DDX42	14.46063195
DDX43	0.038747514
DDX43P1	0
DDX43P2	0
DDX43P3	0
DDX46	6.543311499
DDX47	0.287016831
DDX49	13.73637994
DDX5	60.31743511
DDX50	15.47426321
DDX50P1	0.07704136
DDX50P2	0.014878834
DDX51	2.694756614
DDX52	3.984377358
DDX53	0
DDX54	14.12389137
DDX55	2.68960304
DDX55P1	0
DDX56	13.89230979
DDX58	5.734298334
DDX59	3.868796287
DDX6	15.32527003
DDX60	6.013455803
DDX60L	2.502580384
DDX6P1	0
DDX6P2	0
DEAF1	4.807908563
DEC1	0.027728304
DECR1	11.19276479
DECR2	1.16838236
DEDD	13.77963529
DEDD2	9.247650271
DEF6	8.560111543
DEF8	12.27470675
DEFA1	0
DEFA10P	0.037765373
DEFA11P	0
DEFA1B	0
DEFA3	0.066118099
DEFA4	0.017627921
DEFA5	0
DEFA6	0
DEFA7P	0
DEFA8P	0.076325806
DEFA9P	0
DEFB1	41.16204389
DEFB103A	0
DEFB103B	0
DEFB104A	0
DEFB104B	0
DEFB105A	0
DEFB105B	0
DEFB106A	0
DEFB106B	0
DEFB107A	0
DEFB107B	0
DEFB108A	0
DEFB108B	0
DEFB108C	0
DEFB108D	0
DEFB108E	0
DEFB108F	0
DEFB109A	0.082086244
DEFB109B	0
DEFB109C	0
DEFB109D	0.453184471
DEFB109F	0.141481981
DEFB110	0
DEFB112	0
DEFB113	0
DEFB114	0
DEFB115	0
DEFB116	0
DEFB117	0
DEFB118	0
DEFB119	0
DEFB121	0
DEFB122	0.019883779
DEFB123	0
DEFB124	0
DEFB125	0
DEFB126	0.348709883
DEFB127	0
DEFB128	0
DEFB129	0
DEFB130A	0
DEFB130B	0
DEFB130C	0
DEFB130D	0
DEFB131A	0
DEFB131B	0.204252156
DEFB131C	0
DEFB131D	0
DEFB131E	0.015924491
DEFB132	0
DEFB133	0
DEFB134	0
DEFB135	0
DEFB136	0
DEFB4A	5.151991878
DEFB4B	0.032760323
DEFT1P	0
DEFT1P2	0
DEGS1	30.77834317
DEGS2	0.087673843
DEK	44.95972366
DENND1A	2.493221585
DENND1B	1.799969222
DENND1C	3.057170567
DENND2A	4.012108671
DENND2C	1.097473036
DENND2D	3.51043347
DENND3	3.064972764
DENND4A	3.933502594
DENND4B	6.631408204
DENND4C	4.326940031
DENND5A	8.916959937
DENND5B	1.316518919
DENND5B-AS1	0.041576557
DENND6A	5.966751977
DENND6A-AS1	0
DENND6A-DT	0.00745216
DENND6B	1.198514482
DENR	21.54907366
DEPDC1	1.700362872
DEPDC1-AS1	0.104664898
DEPDC1B	3.149191509
DEPDC4	0.167436982
DEPDC5	2.286491488
DEPDC7	2.361028415
DEPP1	23.98728679
DEPTOR	6.413026927
DERA	20.3072535
DERL1	14.50599907
DERL2	5.445026318
DERL3	15.42928372
DES	2.520470774
DESI1	9.898598858
DESI2	17.16063265
DET1	1.726806742
DEUP1	0.136373467
DEXI	2.772794183
DFFA	6.95256973
DFFB	1.267511295
DFFBP1	0.111097317
DGAT1	7.614288972
DGAT2	0.696201418
DGAT2L6	0.014006989
DGAT2L7P	0
DGCR10	0.307616126
DGCR11	0.864612107
DGCR12	0.135447413
DGCR2	30.41578613
DGCR5	0.544697554
DGCR6	0.93220614
DGCR6L	20.16003292
DGCR8	4.887329669
DGCR9	0.481895537
DGKA	5.783725216
DGKB	0.005729864
DGKD	2.588035356
DGKE	0.444687003
DGKG	0.163473356
DGKH	0.998635149
DGKI	0.123810382
DGKK	0.001468398
DGKQ	2.696128457
DGKZ	5.00011152
DGKZP1	0.391802136
DGLUCY	3.446011699
DGUOK	19.75697412
DGUOK-AS1	1.194520917
DHCR24	102.3663746
DHCR7	30.63962776
DHDDS	5.387679855
DHDH	0.321966395
DHFR	3.17732782
DHFR2	2.381188204
DHFRP1	0.389138723
DHFRP2	0
DHFRP3	0
DHFRP5	0
DHFRP6	0
DHH	0.073033861
DHODH	1.830810259
DHPS	8.965996954
DHRS1	2.711496369
DHRS11	1.057375118
DHRS12	1.444019284
DHRS13	1.662497379
DHRS2	0.181369751
DHRS3	14.05767481
DHRS4	4.260917071
DHRS4-AS1	5.1521512
DHRS4L1	0.055451559
DHRS4L2	3.847384855
DHRS7	16.61601978
DHRS7B	2.679870074
DHRS7C	0
DHRS9	1.018033595
DHRSX	7.328068005
DHRSX-IT1	0.267316185
DHTKD1	7.04568411
DHX15	13.80674629
DHX16	12.51006234
DHX29	6.82820911
DHX30	9.370806163
DHX32	10.03066661
DHX33	6.051309261
DHX34	4.229509562
DHX35	3.357793579
DHX36	7.379329484
DHX37	4.353529149
DHX38	19.88739599
DHX40	8.839958674
DHX40P1	0.023108557
DHX57	3.654534056
DHX58	4.771703467
DHX8	8.266645989
DHX9	44.39200796
DHX9P1	0.0035359
DIABLO	1.542057566
DIAPH1	28.86968093
DIAPH2	1.895117803
DIAPH2-AS1	0.014131348
DIAPH3	1.96881464
DIAPH3-AS1	0
DIAPH3-AS2	0
DICER1	4.724265639
DICER1-AS1	0.29514217
DIDO1	5.452545211
DIEXF	2.930849144
DIMT1	6.902572035
DIMT1P1	0
DIO1	0.042895638
DIO2	11.43374623
DIO2-AS1	0
DIO3	0.993470048
DIO3OS	0.343466125
DIP2A	3.351098091
DIP2A-IT1	0.050824427
DIP2B	9.185285093
DIP2C	5.037676073
DIRAS1	2.880614748
DIRAS2	0.33733047
DIRAS3	0.31422015
DIRC1	0.409045964
DIRC2	7.204574478
DIRC3	0.634166822
DIRC3-AS1	0.039053599
DIS3	4.931784708
DIS3L	4.459815387
DIS3L2	2.204642315
DIS3L2P1	0
DISC1	0.691891121
DISC1FP1	0.011151498
DISC1-IT1	0
DISP1	1.408559983
DISP2	0.268627458
DISP3	0.655206464
DIXDC1	2.102682208
DKC1	21.22236028
DKK1	1.020589506
DKK2	1.108040753
DKK3	85.28288556
DKK4	0.279818599
DKKL1	0.29778035
DKKL1P1	0
DLAT	6.959022309
DLC1	5.913339705
DLD	9.039400985
DLEC1	0.073048684
DLEC1P1	0
DLEU1	0.354376715
DLEU1-AS1	0
DLEU2	0.705486466
DLEU2L	0.070367884
DLEU7	0.392693765
DLEU7-AS1	0.02408954
DLG1	12.2744155
DLG1-AS1	0.044943914
DLG2	0.21564922
DLG3	3.912962498
DLG3-AS1	0.135391211
DLG4	2.029155945
DLG5	5.919504293
DLG5-AS1	0.446670526
DLGAP1	0.162616334
DLGAP1-AS1	1.581086343
DLGAP1-AS2	0.802612421
DLGAP1-AS3	0.008165486
DLGAP1-AS4	0
DLGAP1-AS5	0.007558323
DLGAP2	0.010066106
DLGAP2-AS1	0
DLGAP3	0.109393284
DLGAP4	15.1940806
DLGAP4-AS1	0.080334711
DLGAP5	10.84676701
DLGAP5P1	0
DLK1	1.64620624
DLK2	20.35681943
DLL1	7.336362616
DLL3	0.124634385
DLL4	2.475971878
DLST	23.41658941
DLSTP1	0.224918733
DLX1	0.481942347
DLX2	0.344237093
DLX2-AS1	0.148835321
DLX3	1.442178205
DLX4	0.838714619
DLX5	4.430924471
DLX6	1.564136834
DLX6-AS1	0.189632893
DM1-AS	0.423619369
DMAC1	5.441839124
DMAC2	9.766689109
DMAP1	3.832682811
DMBT1	21.8229121
DMBT1P1	0.005235344
DMBX1	0.067602103
DMC1	0.138887409
DMD	0.408484714
DMD-AS3	0
DMGDH	0.078664682
DMKN	5.636923228
DMP1	0.093272866
DMPK	3.384484954
DMRT1	0.01003052
DMRT2	0.788308577
DMRT3	0.186817561
DMRTA1	0.80855466
DMRTA2	0.003372536
DMRTB1	0
DMRTC1	0.005869632
DMRTC1B	0
DMRTC2	0
DMTF1	3.704014266
DMTN	3.980485465
DMWD	5.057596363
DMXL1	2.111680621
DMXL2	2.391600875
DNA2	1.434696183
DNAAF1	0.081052651
DNAAF2	3.99744493
DNAAF3	0.378797438
DNAAF4	0.148281217
DNAAF4-CCPG1	0
DNAAF5	5.460310916
DNAH1	0.548839324
DNAH10	0.031874697
DNAH10OS	0.215802129
DNAH11	0.225714081
DNAH12	0.005735216
DNAH14	0.1966185
DNAH17	0.214044416
DNAH17-AS1	0.033630277
DNAH2	0.063121277
DNAH3	0.037805763
DNAH5	0.528142145
DNAH6	0.034607546
DNAH7	0.017341893
DNAH8	0.015893816
DNAH9	0.032667714
DNAI1	0.012034774
DNAI2	0.02288971
DNAJA1	56.66897505
DNAJA1P1	0
DNAJA1P2	0
DNAJA1P3	0.118420063
DNAJA1P4	0
DNAJA1P5	0
DNAJA1P6	0
DNAJA2	17.53112585
DNAJA3	4.50992573
DNAJA4	2.130400188
DNAJB1	42.22612951
DNAJB11	23.97778577
DNAJB12	8.469712105
DNAJB13	0.500785142
DNAJB14	2.179776414
DNAJB1P1	0.021243022
DNAJB2	10.50501006
DNAJB3	0.008591175
DNAJB4	4.410372581
DNAJB5	2.835883946
DNAJB5-AS1	0.014521265
DNAJB5P1	0
DNAJB6	9.228373765
DNAJB7	0.05062728
DNAJB8	0
DNAJB8-AS1	0.006049181
DNAJB9	13.42205568
DNAJC1	12.45070426
DNAJC10	5.441203595
DNAJC11	5.873655898
DNAJC12	2.097340294
DNAJC13	6.236713122
DNAJC14	7.229319815
DNAJC15	2.215318069
DNAJC16	2.111015084
DNAJC17	1.366792781
DNAJC18	2.336281352
DNAJC19	4.094583617
DNAJC19P1	0
DNAJC19P2	0
DNAJC19P3	0
DNAJC19P4	0
DNAJC19P5	0.826057769
DNAJC19P6	0
DNAJC19P7	0
DNAJC19P8	0
DNAJC19P9	0.092960917
DNAJC2	2.646199633
DNAJC21	10.40980154
DNAJC22	0.425844936
DNAJC24	1.259270231
DNAJC25	2.885239415
DNAJC25-GNG10	0.01502269
DNAJC27	0.839326004
DNAJC27-AS1	0.069288866
DNAJC28	0.521052676
DNAJC3	27.9079281
DNAJC30	2.503547853
DNAJC3-AS1	0.737139923
DNAJC4	7.710755369
DNAJC5	24.62676587
DNAJC5B	0.681396875
DNAJC5G	0.013884801
DNAJC6	0.33627148
DNAJC7	5.837971379
DNAJC8	22.46087687
DNAJC8P1	0.029237708
DNAJC9	5.120583471
DNAJC9-AS1	0.030026947
DNAL1	2.246538056
DNAL4	8.213269173
DNALI1	0.693201381
DNASE1	0.446058825
DNASE1L1	6.149263375
DNASE1L2	0.024786753
DNASE1L3	1.102153846
DNASE2	30.30739913
DNASE2B	0.125270504
DND1	0
DND1P1	0.287573149
DNER	1.478751869
DNHD1	0.345204249
DNLZ	0.013837694
DNM1	2.64691271
DNM1L	14.59550227
DNM1P17	0.025531519
DNM1P24	0
DNM1P28	0
DNM1P30	0
DNM1P31	0.015627051
DNM1P32	0
DNM1P33	0.080566128
DNM1P34	0.004718624
DNM1P35	0.146702125
DNM1P38	0
DNM1P41	0.006493389
DNM1P46	0.046468777
DNM1P47	0.015658753
DNM1P48	0
DNM1P49	0
DNM1P50	0
DNM1P51	0.053170347
DNM2	9.776082053
DNM3	0.247693375
DNM3-IT1	0
DNM3OS	0.688823757
DNMBP	5.066028212
DNMBP-AS1	0.046560048
DNMT1	12.92602762
DNMT3A	4.275467469
DNMT3B	1.294365322
DNMT3L	0
DNPEP	13.19232056
DNPH1	17.48929509
DNTT	0.033092578
DNTTIP1	17.21282706
DNTTIP2	5.288498231
DOC2A	0.016925657
DOC2B	4.704459636
DOC2GP	0.165316184
DOCK1	9.384291545
DOCK10	2.235245881
DOCK11	3.535165295
DOCK11P1	0
DOCK2	3.702541736
DOCK3	0.081992484
DOCK4	2.752652379
DOCK4-AS1	0.01744415
DOCK5	3.232261571
DOCK6	2.953735021
DOCK7	3.364407055
DOCK8	3.536574807
DOCK9	8.673063574
DOCK9-AS1	0
DOCK9-AS2	1.401670928
DOHH	5.25367435
DOK1	4.15223397
DOK2	6.734431918
DOK3	2.946404076
DOK4	7.275939146
DOK5	1.027496588
DOK6	0.413644886
DOK7	0.094436853
DOLK	8.716753934
DOLPP1	5.314892663
DONSON	5.00941058
DOPEY1	1.459574315
DOPEY2	3.553207146
DOT1L	3.072262643
DPAGT1	8.147020826
DPCD	9.369681257
DPCR1	0.167833466
DPEP1	0.667606791
DPEP2	1.240621639
DPEP2NB	0
DPEP3	0.032338238
DPF1	0.095168739
DPF2	8.476987341
DPF3	0.088413402
DPH1	3.283521043
DPH2	6.16949562
DPH3	8.091671066
DPH3P1	0
DPH3P2	0
DPH5	3.087147546
DPH6	0.606379735
DPH6-AS1	0.042624797
DPH7	2.23118665
DPM1	30.32243401
DPM2	9.359351418
DPM3	12.380242
DPP10	0.003261298
DPP10-AS1	0.021862165
DPP10-AS2	0
DPP10-AS3	0
DPP3	17.80375703
DPP3P1	0
DPP3P2	0
DPP4	2.557882083
DPP6	0.021634267
DPP7	12.31119005
DPP8	4.781537767
DPP9	6.444322373
DPP9-AS1	0.035416566
DPPA2	0.283117413
DPPA2P1	0
DPPA2P2	0
DPPA2P3	0
DPPA2P4	0
DPPA3	0
DPPA3P1	0
DPPA3P2	0.008922418
DPPA3P3	0
DPPA4	0.032655406
DPPA5	0
DPPA5P1	0.031989492
DPPA5P2	0
DPPA5P4	0
DPRX	0
DPRXP1	0.023644407
DPRXP2	0
DPRXP4	0.095743198
DPRXP5	0
DPRXP6	0.01914864
DPRXP7	0
DPT	14.74346612
DPY19L1	9.54499937
DPY19L1P1	0.595394247
DPY19L1P2	0.142641669
DPY19L2	0.208050682
DPY19L2P1	0.067057277
DPY19L2P2	0.101357387
DPY19L2P3	0.211762483
DPY19L2P4	0.026948531
DPY19L2P5	0
DPY19L3	2.741049343
DPY19L4	6.732228051
DPY30	7.583782094
DPYD	6.640984788
DPYD-AS1	0.014707812
DPYD-AS2	0
DPYD-IT1	0
DPYS	0.156679807
DPYSL2	14.19549587
DPYSL3	69.91641958
DPYSL4	6.010116469
DPYSL5	0.003072871
DQX1	1.897825579
DR1	6.386386985
DRAIC	0.030866058
DRAM1	26.97249889
DRAM2	7.282145874
DRAP1	31.99685866
DRAXIN	0.433813395
DRAXINP1	0.011473025
DRC1	0.02141029
DRC3	0.428708059
DRC7	0.021115176
DRD1	0.346092531
DRD2	0.082276536
DRD3	0.010353572
DRD4	1.207673715
DRD5	0.10269588
DRD5P1	0
DRD5P2	0.010811558
DRG1	30.99756043
DRG2	3.871544354
DRGX	0.026344288
DRICH1	0.083536308
DROSHA	15.27732616
DRP2	0.269685445
DSC1	0.21900556
DSC2	7.91268658
DSC3	42.51147795
DSCAM	0.002536185
DSCAM-AS1	0.018445043
DSCAM-IT1	0
DSCAML1	0.043289263
DSCAS	0
DSCC1	3.685366453
DSCR10	0.139117093
DSCR4	0.995505517
DSCR4-IT1	0.589994877
DSCR8	3.627938725
DSCR9	0.188806997
DSE	0.005226539
DSE	7.291755035
DSE	0.545184326
DSEL	0.569440481
DSG1	0.153247452
DSG1-AS1	0.34077579
DSG2	48.66981578
DSG2-AS1	0.214949156
DSG3	80.95014785
DSG4	0.039373779
DSN1	9.589840059
DSP	151.7796647
DSPP	0.012435888
DST	17.8946882
DSTN	104.9373296
DSTNP1	1.567141137
DSTNP2	1.653610666
DSTNP4	0
DSTNP5	0
DSTYK	4.418915419
DTD1	4.384549544
DTD2	5.033688163
DTHD1	0.083247842
DTL	6.382931805
DTNA	0.420973005
DTNB	2.49308535
DTNBP1	5.313483978
DTWD1	0.842484171
DTWD2	2.27092829
DTX1	0.942111323
DTX2	3.250848064
DTX2P1	0.832549548
DTX2P1-UPK3BP1-PMS2P11	0.095827553
DTX3	5.617846348
DTX3L	20.10507957
DTX4	10.48235384
DTYMK	6.505443663
DUBR	1.952378176
DUOX1	4.238389189
DUOX2	0.432446926
DUOXA1	2.861602345
DUOXA2	0.127757564
DUPD1	0
DUS1L	8.106102091
DUS2	5.246076404
DUS3L	1.675364007
DUS4L	0.921866701
DUSP1	110.5042859
DUSP10	7.99122541
DUSP11	9.102563026
DUSP12	7.882632042
DUSP12P1	0
DUSP13	0.013878895
DUSP14	14.9937143
DUSP15	0.111891497
DUSP16	14.18647907
DUSP18	1.410269337
DUSP19	0.443068746
DUSP2	7.352284705
DUSP21	0
DUSP22	5.945117137
DUSP23	16.51898594
DUSP26	0.159012095
DUSP27	0.012635255
DUSP28	0.469190717
DUSP3	15.0017442
DUSP4	1.600664786
DUSP5	10.63103181
DUSP5P1	0.477455105
DUSP5P2	0.010528971
DUSP6	13.89374359
DUSP7	7.452509497
DUSP8	0.881235661
DUSP8P3	0.037078729
DUSP8P4	0
DUSP8P5	0.539326973
DUSP9	4.196200877
DUT	7.981178006
DUTP1	0.046282669
DUTP2	0.023491204
DUTP3	0
DUTP4	0
DUTP5	0
DUTP6	0.400214857
DUTP7	0
DUTP8	0
DUX4	0
DUX4L1	0
DUX4L10	0
DUX4L11	0
DUX4L12	0
DUX4L13	0
DUX4L14	0
DUX4L15	0
DUX4L16	0
DUX4L17	0
DUX4L18	0
DUX4L19	0
DUX4L2	0
DUX4L20	0
DUX4L21	0
DUX4L22	0
DUX4L23	0
DUX4L24	0
DUX4L25	0
DUX4L26	0.051998856
DUX4L27	0.025875719
DUX4L28	0
DUX4L29	0
DUX4L3	0
DUX4L31	0
DUX4L4	0
DUX4L45	0
DUX4L46	0
DUX4L47	0
DUX4L5	0
DUX4L50	1.156095769
DUX4L51	0
DUX4L52	0
DUX4L6	0
DUX4L7	0
DUX4L8	0
DUX4L9	0.008638941
DUXA	0.021623116
DUXAP1	0
DUXAP11	0
DUXAP2	0
DUXAP3	0
DUXAP4	0
DUXAP5	0
DUXAP6	0.036194434
DUXAP7	0
DUXAP8	0.578637701
DUXAP8	0
DUXAP9	0.264725282
DVL1	7.927998211
DVL2	7.456959874
DVL3	35.35463954
DWORF	0.01245868
DXO	3.994885902
DYDC1	0.008792585
DYDC2	0.075009843
DYM	6.19818452
DYNAP	0.010179155
DYNC1H1	27.37044064
DYNC1I1	4.233425511
DYNC1I2	13.83703946
DYNC1I2P1	0.218948754
DYNC1LI1	6.878471145
DYNC1LI2	22.27709892
DYNC2H1	3.115817733
DYNC2LI1	2.341093273
DYNLL1	50.87681514
DYNLL1P1	0.040432815
DYNLL1P2	0
DYNLL1P3	0
DYNLL1P4	0.122666473
DYNLL1P5	0
DYNLL1P6	0
DYNLL1P7	0.042156695
DYNLL2	20.75711408
DYNLRB1	35.38375921
DYNLRB2	0.289740891
DYNLT1	14.53140846
DYNLT3	9.121724337
DYNLT3P1	0
DYNLT3P2	0.036869245
DYRK1A	8.244913359
DYRK1B	6.886359514
DYRK2	7.963139472
DYRK3	1.980345226
DYRK4	2.132421173
DYSF	4.508283006
DYTN	0.010164885
DZANK1	0.368079727
DZIP1	2.980423584
DZIP1L	0.65107652
DZIP3	2.177781484
E2F1	4.801618923
E2F2	1.134082304
E2F3	6.539757312
E2F3-IT1	0
E2F3P1	0.106111486
E2F3P2	0
E2F4	35.74464046
E2F4P1	0
E2F5	1.717330626
E2F6	2.591408422
E2F6P1	0
E2F6P2	0
E2F6P3	0
E2F6P4	0.021160364
E2F7	1.599626861
E2F8	1.644599876
E4F1	2.220476488
EAF1	6.704878318
EAF1-AS1	0.04279085
EAF2	1.923345618
EAPP	15.28593452
EARS2	3.703300115
EBAG9	5.259451396
EBAG9P1	0.180272276
EBF1	0.829199944
EBF2	0.082990967
EBF3	0.595227365
EBF4	7.827399252
EBI3	6.818943905
EBLN1	0
EBLN2	0.401631026
EBLN3P	6.781199928
EBNA1BP2	10.43049683
EBP	32.25454405
EBPL	8.041305248
ECD	9.192011787
ECE1	33.14428409
ECE2	5.252291814
ECEL1	1.690750138
ECEL1P1	0
ECEL1P2	0.210141745
ECEL1P3	0
ECH1	29.11108611
ECHDC1	6.874867483
ECHDC2	1.631652073
ECHDC3	5.555191242
ECHS1	40.26363253
ECI1	2.714062099
ECI2	3.123498995
ECM1	17.40875774
ECM1P1	0
ECM1P2	0
ECM2	3.017788209
ECPAS	11.36817724
ECSCR	1.649854189
ECSIT	11.3904188
ECT2	12.23919478
ECT2L	0.032930359
EDA	2.09945039
EDA2R	0.644258896
EDAR	2.516371792
EDARADD	6.982397771
EDC3	9.124433717
EDC4	13.56514074
EDDM13	3.024776169
EDDM3A	0.010098818
EDDM3B	0
EDDM3CP	0
EDDM3DP	0
EDEM1	13.23422043
EDEM2	22.01357146
EDEM3	9.532901424
EDF1	89.06887588
EDIL3	10.50680316
EDN1	36.1388423
EDN2	0.285348611
EDN3	0.056923358
EDNRA	13.40177049
EDNRB	2.327564118
EDNRB-AS1	0.018097217
EDRF1	1.583481923
EDRF1-AS1	0.07108776
EEA1	4.430938608
EED	2.604389661
EEF1A1	622.3463174
EEF1A1P1	0.132459872
EEF1A1P10	0.117371518
EEF1A1P11	1.213712189
EEF1A1P12	0.791894409
EEF1A1P13	1.79316188
EEF1A1P14	0.237131409
EEF1A1P15	0
EEF1A1P16	0.192298927
EEF1A1P17	0.076774781
EEF1A1P19	1.180509475
EEF1A1P2	0.015033072
EEF1A1P20	0.0156947
EEF1A1P21	0
EEF1A1P22	0.212799665
EEF1A1P24	0.142072345
EEF1A1P25	0.137350305
EEF1A1P26	0.023939312
EEF1A1P27	0.019165511
EEF1A1P28	0.062018117
EEF1A1P29	0.129008718
EEF1A1P3	0.03926508
EEF1A1P30	0.148878853
EEF1A1P31	0.009599671
EEF1A1P32	0.008074556
EEF1A1P33	0.063885036
EEF1A1P34	0.017168788
EEF1A1P36	0.024151948
EEF1A1P37	0
EEF1A1P38	0.078304012
EEF1A1P39	0
EEF1A1P4	0.239978111
EEF1A1P40	0
EEF1A1P41	0
EEF1A1P42	0.008171621
EEF1A1P5	14.7603063
EEF1A1P6	8.72314617
EEF1A1P7	0.124837042
EEF1A1P8	0.180228983
EEF1A1P9	1.407722694
EEF1A2	2.629644686
EEF1AKMT1	2.591172747
EEF1AKMT2	1.701613833
EEF1AKMT3	2.961318732
EEF1B2	95.14460057
EEF1B2P1	0.01618516
EEF1B2P2	0.080446947
EEF1B2P3	1.363563894
EEF1B2P4	0.031254101
EEF1B2P5	0
EEF1B2P6	0.646444416
EEF1B2P7	0.016089389
EEF1B2P8	0
EEF1D	9.613881424
EEF1DP1	0.776887664
EEF1DP2	0
EEF1DP3	0.014919653
EEF1DP4	0.098876612
EEF1DP5	3.522159099
EEF1DP6	0.029237708
EEF1DP7	0.042403225
EEF1DP8	0.020291842
EEF1E1	4.124473379
EEF1E1-BLOC1S5	0
EEF1E1P1	0.303528204
EEF1G	0.116132692
EEF1GP1	1.565736647
EEF1GP2	0
EEF1GP3	0.042222156
EEF1GP4	0
EEF1GP5	0.232473255
EEF1GP6	0
EEF1GP7	0.015471447
EEF1GP8	0.00942498
EEF2	574.6410599
EEF2K	4.60824189
EEF2KMT	1.849827149
EEFSEC	7.790055735
EEPD1	2.546883636
EFCAB1	0.200478505
EFCAB10	0.19829018
EFCAB11	0.535829772
EFCAB12	0.026531277
EFCAB13	0.220071595
EFCAB14	16.35876965
EFCAB14-AS1	0.018624019
EFCAB14P1	0.023491204
EFCAB2	0.593925971
EFCAB3	0
EFCAB5	0.010989462
EFCAB6	0.128376669
EFCAB6-AS1	0.024570242
EFCAB7	0.650221197
EFCAB8	0.023978014
EFCAB9	0
EFCC1	0.491193491
EFEMP1	86.1384492
EFEMP2	22.00274842
EFHB	0.010450567
EFHC1	1.804132313
EFHC2	0.216283279
EFHD1	1.03703812
EFHD2	34.67049207
EFL1	5.319866722
EFL1P1	0.024196724
EFL1P2	0
EFNA1	44.67517144
EFNA2	0
EFNA3	2.917093125
EFNA4	10.31667451
EFNA5	0.575956697
EFNB1	36.1606747
EFNB2	11.36892636
EFNB3	1.897129777
EFR3A	15.64666515
EFR3B	0.199228297
EFS	12.55644387
EFTUD2	13.40185509
EGF	0.106509815
EGFEM1P	0.030354992
EGFL6	24.27274799
EGFL7	4.601073827
EGFL8	0.323678493
EGFLAM	2.489189336
EGFLAM-AS1	0
EGFLAM-AS2	0
EGFLAM-AS3	0
EGFLAM-AS4	0.006888174
EGFR	213.2320173
EGFR-AS1	0.329471247
EGLN1	10.97074456
EGLN1P1	0
EGLN2	2.842721381
EGLN3	19.89208248
EGLN3-AS1	0.070626151
EGLN3P1	0.030212298
EGOT	0.356604174
EGR1	109.2044598
EGR2	12.4213576
EGR3	2.856322308
EGR4	0.118968073
EHBP1	18.07532795
EHBP1L1	11.86430861
EHD1	15.70120493
EHD2	78.00918554
EHD3	5.597747095
EHD4	10.04816783
EHD4-AS1	0.01410691
EHF	12.89498904
EHHADH	4.681492005
EHHADH-AS1	0
EHMT1	2.879505919
EHMT2	10.01246085
EHMT2-AS1	0.11663729
EI24	40.02696431
EI24P1	0
EI24P2	0.070757427
EI24P3	0
EI24P4	0
EID1	50.85132066
EID2	7.417492821
EID2B	0.524867805
EID3	0.898939688
EIF1	130.2559492
EIF1AD	9.673383941
EIF1AX	20.5195213
EIF1AX-AS1	0
EIF1AXP1	0.500065623
EIF1AXP2	0
EIF1AY	0
EIF1B	11.08121359
EIF1B-AS1	0.078074851
EIF1P1	0
EIF1P2	0.031075507
EIF1P3	0.293077382
EIF1P4	0.032466947
EIF1P5	0.371843668
EIF1P6	0.227949075
EIF1P7	0.12909706
EIF2A	16.77144563
EIF2AK1	26.39934272
EIF2AK2	11.29416788
EIF2AK3	5.380168674
EIF2AK4	2.288625163
EIF2AP4	0
EIF2B1	9.916830734
EIF2B2	5.570024923
EIF2B3	4.942381211
EIF2B4	5.581780045
EIF2B5	10.7799502
EIF2D	4.890615747
EIF2S1	17.42614984
EIF2S2	44.98401877
EIF2S2P2	0.022151583
EIF2S2P3	0.043549258
EIF2S2P4	0.309491834
EIF2S2P5	0.022471957
EIF2S3	94.72704062
EIF2S3B	0.184041898
EIF3A	37.15538282
EIF3B	25.95571498
EIF3C	1.140295729
EIF3CL	0.077412294
EIF3D	59.88715866
EIF3E	40.12776799
EIF3EP1	0.801681951
EIF3EP2	0
EIF3F	10.61326
EIF3FP1	0.107954613
EIF3FP3	5.117729603
EIF3G	26.95830423
EIF3H	29.68111758
EIF3I	72.28252901
EIF3IP1	0
EIF3J	14.91381158
EIF3J-AS1	0.927599205
EIF3K	50.12174895
EIF3KP1	0.165799197
EIF3KP2	0.052123454
EIF3KP3	0
EIF3L	42.25755308
EIF3LP1	0.006559968
EIF3LP2	0.148253656
EIF3LP3	0.132316634
EIF3M	16.17553747
EIF4A1	1.381036197
EIF4A1P1	0.011644997
EIF4A1P10	0.760276579
EIF4A1P11	0
EIF4A1P12	0
EIF4A1P13	0
EIF4A1P2	0.196132296
EIF4A1P3	0.044575522
EIF4A1P4	0.206230691
EIF4A1P5	0.019865621
EIF4A1P6	0.026966349
EIF4A1P7	0.026745313
EIF4A1P8	0.009139855
EIF4A1P9	0.027033374
EIF4A2	54.90884428
EIF4A2P1	0.092086402
EIF4A2P2	0.010164885
EIF4A2P3	0.113403507
EIF4A2P4	0.045470014
EIF4A2P5	0
EIF4A3	18.81422656
EIF4A3P1	0
EIF4B	44.46133411
EIF4BP1	0
EIF4BP2	0.006062669
EIF4BP3	0.346869844
EIF4BP4	0
EIF4BP5	0.006059291
EIF4BP6	1.386327987
EIF4BP7	1.427793545
EIF4BP8	0.02382569
EIF4BP9	0.0143773
EIF4E	1.639157309
EIF4E1B	0
EIF4E2	7.575764255
EIF4E2P1	0
EIF4E2P2	0.073888772
EIF4E3	1.499431391
EIF4EBP1	37.72792395
EIF4EBP1P1	0
EIF4EBP2	22.8244607
EIF4EBP2P1	0
EIF4EBP2P2	0
EIF4EBP2P3	0
EIF4EBP3	2.83322274
EIF4ENIF1	5.926258463
EIF4EP1	0.186356231
EIF4EP2	0.249459342
EIF4EP3	0
EIF4EP4	0
EIF4EP5	0
EIF4G1	101.1269319
EIF4G2	297.8570249
EIF4G3	8.98022064
EIF4H	57.26911045
EIF4HP1	0.870747455
EIF4HP2	0.231824383
EIF5	22.04954256
EIF5A	147.43258
EIF5A2	2.784738761
EIF5A2P1	0
EIF5AL1	0.172776579
EIF5AP2	0.083105462
EIF5AP3	0.047084101
EIF5AP4	0.233901662
EIF5B	25.48640937
EIF5P1	0
EIF5P2	0
EIF6	87.01141838
EIPR1	3.508707196
EIPR1-IT1	0.030296455
ELAC1	1.199968553
ELAC2	10.99127688
ELANE	0.042320729
ELAVL1	11.71260173
ELAVL2	0.131194259
ELAVL3	0
ELAVL4	0.054671112
ELDR	0.140531873
ELF1	20.73712826
ELF2	4.497961756
ELF2P3	0
ELF3	3.74950122
ELF3-AS1	0.317784398
ELF4	20.11987849
ELF5	0.343669932
ELFN1	0.89104671
ELFN1-AS1	0.043989595
ELFN2	0.144903438
ELK1	20.30287768
ELK1P1	0
ELK2AP	0.010800822
ELK2BP	0
ELK3	19.6959743
ELK4	4.427786207
ELL	5.856368035
ELL2	16.24859585
ELL2P1	0.062770567
ELL2P2	0
ELL2P3	0
ELL2P4	0
ELL3	0.124625729
ELMO1	2.585566573
ELMO1-AS1	0
ELMO2	9.865931703
ELMO2P1	0
ELMO3	17.28823958
ELMOD1	0.039003581
ELMOD2	5.100941005
ELMOD3	1.326028125
ELMSAN1	6.607808693
ELN	6.151449251
ELN-AS1	0.265777359
ELOA	9.09899594
ELOA2	0
ELOA3	0
ELOA3B	0
ELOA3C	0
ELOA3D	0
ELOA-AS1	0.686337283
ELOB	50.11063179
ELOBP1	0.030466183
ELOBP2	0.030637823
ELOBP3	0
ELOBP4	0
ELOC	8.974044493
ELOCP10	0
ELOCP11	0
ELOCP12	0
ELOCP13	0
ELOCP14	0
ELOCP15	0
ELOCP16	0
ELOCP17	0
ELOCP18	0
ELOCP19	0.068405203
ELOCP2	0.032760323
ELOCP20	0
ELOCP21	0.161851597
ELOCP22	0
ELOCP23	0
ELOCP24	0
ELOCP26	0
ELOCP28	0.034310496
ELOCP29	0
ELOCP3	0
ELOCP30	0
ELOCP31	0.023289994
ELOCP32	0
ELOCP33	0.017209537
ELOCP34	0
ELOCP35	0
ELOCP4	0
ELOCP5	0
ELOCP6	0
ELOCP7	0
ELOCP8	0
ELOCP9	0
ELOF1	8.038078549
ELOVL1	23.72683721
ELOVL2	11.1621478
ELOVL2-AS1	0.171336284
ELOVL3	1.959502219
ELOVL4	0.457653746
ELOVL5	32.5237409
ELOVL6	1.247577038
ELOVL7	1.221696598
ELP1	7.058527967
ELP2	5.323238767
ELP3	7.482336256
ELP4	7.744369144
ELP5	8.593477781
ELP6	4.743868833
ELSPBP1	0.019353073
EMB	3.897886442
EMBP1	0.190770476
EMC1	8.460124294
EMC10	11.69003425
EMC2	8.408303885
EMC3	10.29567193
EMC3-AS1	0.445131112
EMC4	9.990994889
EMC6	1.895242208
EMC7	24.6593641
EMC8	10.30839702
EMC9	5.150549954
EMCN	1.315211693
EMD	22.29129159
EME1	0.970755806
EME2	0.58876593
EMG1	0.202038897
EMG1	3.037630767
EMID1	3.521129556
EMILIN1	56.29746489
EMILIN2	7.25264173
EMILIN3	2.103081569
EML1	1.769756908
EML2	3.006094266
EML2-AS1	0
EML3	7.040951296
EML4	11.81218788
EML5	0.176000369
EML6	0.251818017
EMP1	19.69773992
EMP2	20.94317332
EMP3	25.45879983
EMSY	2.158116526
EMX1	0.153800096
EMX2	0.003334282
EMX2OS	0.007395576
EN1	1.854193427
EN2	0.172997665
ENAH	22.11838711
ENAM	0.053364869
ENC1	31.52827107
ENDOD1	21.4720678
ENDOG	1.039385544
ENDOU	0.105556965
ENDOV	1.103688197
ENG	34.6608382
ENGASE	2.320468937
ENHO	0.040208604
ENKD1	6.520172542
ENKUR	0.048031328
ENO1	455.180406
ENO1-AS1	0.143110885
ENO1P1	0
ENO1P2	0.011166763
ENO1P3	0
ENO1P4	0
ENO2	26.24722504
ENO3	0.539766779
ENO4	0.085938901
ENOPH1	10.00631311
ENOSF1	1.365700602
ENOX1	1.597334496
ENOX1-AS1	0.002783831
ENOX1-AS2	0.017859487
ENOX2	4.305834971
ENPEP	1.603164752
ENPP1	0.607160096
ENPP2	9.969654268
ENPP3	0.184773282
ENPP4	2.254327223
ENPP5	1.137637564
ENPP6	0.124883494
ENPP7	0.024517165
ENPP7P1	0.010887315
ENPP7P10	0.093259827
ENPP7P11	0.052040322
ENPP7P12	0.01723681
ENPP7P13	0
ENPP7P14	0.010458103
ENPP7P2	0.046135429
ENPP7P3	0
ENPP7P4	0.080121011
ENPP7P5	0.096631634
ENPP7P6	0
ENPP7P7	0.029609149
ENPP7P8	0.013536313
ENPP7P9	0
ENSA	23.81012894
ENSAP1	0
ENSAP2	0.308989412
ENSAP3	0
ENTHD1	0.287154697
ENTPD1	4.338790049
ENTPD1-AS1	0.111993863
ENTPD2	0.421342797
ENTPD3	7.789655211
ENTPD3-AS1	0.334263723
ENTPD4	7.800110516
ENTPD5	2.29076694
ENTPD6	11.89730465
ENTPD7	13.05944552
ENTPD8	0.007670259
ENY2	6.503728309
EOGT	5.778282633
EOMES	0.719938568
EP300	20.50578171
EP300-AS1	0.499792064
EP400	4.166825876
EP400P1	0.694880466
EPAS1	43.70828302
EPB41	4.391519939
EPB41L1	4.204426279
EPB41L2	6.034204078
EPB41L3	2.460461885
EPB41L4A	0.732530293
EPB41L4A-AS1	2.289774168
EPB41L4A-AS2	0.381765715
EPB41L4B	1.45773667
EPB41L5	2.66842204
EPB42	0.001951279
EPC1	2.562504003
EPC2	7.924476857
EPCAM	10.03878264
EPDR1	6.133180896
EPG5	2.796454726
EPGN	0.647549144
EPHA1	3.054040118
EPHA10	0.021347257
EPHA1-AS1	0.057287427
EPHA2	13.58834245
EPHA3	0.743130184
EPHA4	4.215803432
EPHA5	0
EPHA5-AS1	0
EPHA6	0.017288869
EPHA7	0.271327183
EPHA8	0.008119767
EPHB1	0.211086499
EPHB2	3.738446008
EPHB3	16.40823774
EPHB4	10.82572134
EPHB6	0.659734463
EPHX1	26.12424164
EPHX2	1.225512935
EPHX3	2.989145948
EPHX4	0.744100313
EPM2A	0.708831097
EPM2AIP1	3.016916949
EPN1	11.6932707
EPN2	2.735388901
EPN2-AS1	0.01827971
EPN3	1.162151646
EPO	0.057244354
EPOP	2.871914925
EPOR	1.126852974
EPPIN	0.001743576
EPPIN-WFDC6	0.009408674
EPPK1	0.560065998
EPRS	23.84631739
EPS15	7.628117962
EPS15L1	4.822213882
EPS15P1	0.005251776
EPS8	4.366359281
EPS8L1	3.492430784
EPS8L2	3.524856554
EPS8L3	0.00938432
EPSTI1	14.4834959
EPX	0.088360931
EPYC	0.771292351
EQTN	0.046746822
ERAL1	21.86077428
ERAP1	21.59953051
ERAP2	4.592660085
ERAS	0.042955874
ERBB2	9.117609629
ERBB3	4.974665292
ERBB4	0.068483993
ERBIN	8.803560818
ERC1	6.632007211
ERC2	0.300256848
ERC2-IT1	0.004996062
ERCC1	7.796463398
ERCC2	6.436484185
ERCC3	8.833698755
ERCC4	1.014361837
ERCC5	2.724814095
ERCC6	0.987563727
ERCC6L	1.799445579
ERCC6L2	1.396326495
ERCC8	1.200513432
EREG	0.133172977
ERF	11.07778149
ERFE	0.511545293
ERG	5.00390191
ERG28	25.87953552
ERGIC1	11.69952491
ERGIC2	7.527249376
ERGIC3	37.9444754
ERH	59.25622009
ERHP1	0.315767244
ERHP2	0
ERI1	3.015078515
ERI2	1.156656002
ERI3	15.23605504
ERI3-IT1	0.052712895
ERICD	0.63531802
ERICH1	1.273725138
ERICH2	0.669597022
ERICH3	0.040884167
ERICH3-AS1	0
ERICH4	0.045989122
ERICH5	1.025262312
ERICH6	0.052416517
ERICH6-AS1	0.710189932
ERICH6B	0.040694116
ERLEC1	46.94655424
ERLEC1P1	0
ERLIN1	10.5290276
ERLIN2	9.561694327
ERLNC1	0.009659349
ERMAP	2.466043762
ERMARD	1.875422538
ERMN	0.757611371
ERMP1	4.270263965
ERN1	2.384724763
ERN2	0.034818495
ERO1A	55.32885253
ERO1B	3.674167102
ERP27	3.528338122
ERP29	29.91282097
ERP29P1	0.184868453
ERP44	12.91995875
ERRFI1	40.37217567
ERV3-1	0.85841501
ERVE-1	0.145449994
ERVFRD-1	0.258323535
ERVFRD-3	0.067263001
ERVH-1	0
ERVH48-1	0.057405492
ERVK13-1	0.399101559
ERVK-28	0.310755066
ERVK3-1	3.419048119
ERVK9-11	0.143454077
ERVMER34-1	1.248508211
ERVMER61-1	0
ERVV-1	0.00493934
ERVV-2	0
ERVW-1	0.012420064
ESAM	9.218889576
ESCO1	3.870922121
ESCO2	1.009476508
ESD	18.53885594
ESF1	8.56992126
ESM1	3.890491991
ESPL1	2.030918933
ESPN	0.641342352
ESPNL	0.217041723
ESPNP	0.003422413
ESR1	0.15082873
ESR2	0.115322513
ESRG	0.045029795
ESRP1	20.57262279
ESRP2	8.79420636
ESRRA	8.708320998
ESRRAP1	0
ESRRAP2	0.010694619
ESRRB	0.274538098
ESRRG	0.01295762
ESS2	3.098232663
ESX1	0.029100809
ESYT1	28.14248337
ESYT2	10.12099215
ESYT3	0.239334586
ETAA1	4.286922291
ETDA	0
ETDB	0
ETF1	32.13994904
ETF1P1	0.044213119
ETF1P2	0.013715545
ETF1P3	0.028128691
ETFA	12.24922224
ETFB	9.019801491
ETFBKMT	0.315144006
ETFDH	2.04069179
ETFRF1	3.726918518
ETHE1	21.3053208
ETNK1	4.14687858
ETNK2	4.903147905
ETNPPL	0
ETS1	33.93767852
ETS2	99.7601534
ETV1	2.62296536
ETV2	0.272921503
ETV3	11.31913859
ETV3L	0.049538383
ETV4	1.097593439
ETV5	4.350945839
ETV5-AS1	0.038844383
ETV6	8.914827123
ETV7	2.46483483
EVA1A	15.0700352
EVA1B	5.056505837
EVA1C	2.03386442
EVC	7.36456465
EVC2	0.995047987
EVI2A	4.558541233
EVI2B	11.91052777
EVI5	2.473348982
EVI5L	2.92264841
EVL	6.657344305
EVPL	1.494603591
EVPLL	0.025223625
EVX1	0.00324379
EVX1-AS	0
EVX2	0.005175554
EWSAT1	0.030415065
EWSR1	27.12471003
EXD1	0.023767118
EXD2	5.513756454
EXD3	0.604721371
EXO1	2.72961545
EXO5	1.604026794
EXOC1	5.559243651
EXOC1L	0.01963254
EXOC2	9.034222874
EXOC3	10.41382687
EXOC3-AS1	2.230223517
EXOC3L1	1.134654911
EXOC3L4	0.378174627
EXOC4	7.142179599
EXOC5	6.446283312
EXOC5P1	0.005523833
EXOC6	2.175987958
EXOC6B	4.421051449
EXOC7	7.335064295
EXOC7P1	0
EXOC8	4.595823691
EXOG	0.947496538
EXOGP1	0
EXOSC1	5.241495008
EXOSC10	7.446629384
EXOSC2	4.630177187
EXOSC3	3.349637385
EXOSC3P1	0.369798528
EXOSC3P2	0
EXOSC4	11.87362639
EXOSC5	11.54889458
EXOSC6	8.400578429
EXOSC7	4.258016
EXOSC8	3.478658979
EXOSC9	3.809404594
EXPH5	0.896756064
EXT1	18.47098248
EXT2	40.27323335
EXTL1	0.151028195
EXTL2	3.629225741
EXTL2P1	0.026145258
EXTL3	8.076693402
EXTL3-AS1	0.051051055
EYA1	0.788909137
EYA2	19.08335005
EYA3	4.291516432
EYA4	0.146749298
EYS	0.049698965
EZH1	3.224950967
EZH2	3.720883023
EZH2P1	0
EZR	91.60672518
EZR-AS1	0
F10	1.015625639
F10-AS1	0
F11	0.17782506
F11-AS1	0.206745357
F11R	45.93175792
F12	1.146954413
F13A1	10.07866802
F13B	0
F2	0.012795797
F2R	22.96461592
F2RL1	18.55022844
F2RL2	0.65341033
F2RL3	0.717161489
F3	21.27240024
F5	1.399439723
F7	0.192021246
F8	1.971769836
F8A1	6.590619693
F8A2	0
F8A3	0.012366603
F9	0
FA2H	0.351601492
FAAH	1.520192288
FAAH2	4.519723874
FAAHP1	0.096603586
FAAP100	9.623017577
FAAP20	1.402895716
FAAP24	1.546563713
FABP1	0
FABP12	0.141943586
FABP12P1	0
FABP2	0.008778392
FABP3	4.844568494
FABP3P2	0.027259216
FABP4	79.25144589
FABP5	47.15038584
FABP5P1	0.449876555
FABP5P10	0.05331582
FABP5P11	0.164379254
FABP5P12	0.027959967
FABP5P13	0
FABP5P14	0
FABP5P15	0
FABP5P2	0.319894921
FABP5P3	0.07413339
FABP5P4	0
FABP5P5	0
FABP5P6	0.026592732
FABP5P7	2.094719331
FABP6	1.336193388
FABP7	0.378761215
FABP7P1	0
FABP7P2	0
FABP9	0.087536638
FADD	6.664101027
FADS1	9.536808686
FADS2	7.414042043
FADS2P1	0.03760867
FADS3	2.712615243
FADS6	0.019008087
FAF1	4.50193273
FAF2	14.38925392
FAF2P1	0
FAH	3.874428866
FAHD1	6.893056589
FAHD2A	3.440522104
FAHD2B	4.061295542
FAHD2CP	2.149873246
FAHD2P1	0.034748969
FAIM	3.247970431
FAIM2	0.377092576
FALEC	0.172946724
FAM102A	9.107670596
FAM102B	1.916018406
FAM103A1	7.921479575
FAM103A2P	0.184346225
FAM104A	4.478528887
FAM104B	3.055322914
FAM105A	3.433256138
FAM106A; FAM106B; FAM106CP	0.214572218
FAM107A	1.359297905
FAM107B	7.41468936
FAM109A	3.410816534
FAM109B	10.96517823
FAM110A	8.534918702
FAM110B	2.013338251
FAM110C	3.612684269
FAM110D	0.606624882
FAM111A	2.997381294
FAM111A-DT	0.690827896
FAM111B	2.359421712
FAM114A1	16.62166389
FAM114A2	3.59555437
FAM117A	3.643433023
FAM117B	3.054339173
FAM118A	5.137575302
FAM118B	5.480633412
FAM120A	23.16600506
FAM120AOS	7.411888712
FAM120B	5.850431867
FAM120C	1.466012362
FAM122A	3.61592247
FAM122B	5.769149447
FAM122C	0.426273279
FAM124A	0.248298027
FAM124B	0.694174688
FAM126A	2.53325712
FAM126B	1.265944817
FAM129A	7.172569889
FAM129B	47.83372368
FAM129C	0.154252288
FAM131A	2.840697928
FAM131B	0.331536509
FAM131C	0.230188938
FAM133A	0.028952335
FAM133B	4.914136583
FAM133CP	0.092696824
FAM133DP	0.17314139
FAM135A	2.774315812
FAM135B	0.003991349
FAM136A	6.985443585
FAM136BP	0.156495357
FAM138A	0
FAM138B	0
FAM138C	0
FAM138D	0
FAM138E	0.008922418
FAM13A	1.890514832
FAM13A-AS1	0.200164848
FAM13B	3.407670303
FAM13C	0.219042516
FAM149A	0.491919671
FAM149B1	2.530992516
FAM149B1P1	0
FAM151A	0.260383297
FAM151B	0.510761784
FAM153A	0.025507569
FAM153B	0.014139658
FAM153C	0.017767793
FAM155A	0.28140821
FAM155A-IT1	0
FAM155B	0.964866214
FAM156A	0.054316299
FAM156B	0
FAM157A	0.085416968
FAM157B	0.029224614
FAM157C	0.081391146
FAM160A1	3.049898409
FAM160A1-DT	0.911432455
FAM160A2	4.390990074
FAM160B1	5.116260202
FAM160B2	6.166111779
FAM161A	2.445746504
FAM161B	1.338041491
FAM162A	11.56462728
FAM162B	0.934364893
FAM163A	0.078516663
FAM163B	0.056271242
FAM166A	0.012078209
FAM166B	0.174403353
FAM167A	2.234497482
FAM167A-AS1	0.017092343
FAM167B	3.218771754
FAM168A	14.01158562
FAM168B	41.07026999
FAM169A	0.642121437
FAM170A	0.015785816
FAM170B	0.007763331
FAM170B-AS1	0
FAM171A1	11.10468102
FAM171A2	1.208155482
FAM171B	5.875062943
FAM172A	5.02104443
FAM172BP	0.888890752
FAM173A	1.244313055
FAM173B	6.653086722
FAM174A	8.57209948
FAM174B	1.541430538
FAM177A1	4.830508677
FAM177A1P1	0
FAM177B	0.154601541
FAM178B	0.035615505
FAM180A	0.538223837
FAM180B	0
FAM181A	0.311178438
FAM181A-AS1	0.019554885
FAM181B	0.385276094
FAM182A	0
FAM182B	0.076197078
FAM183A	0.993457772
FAM183BP	0.006819077
FAM183DP	0
FAM184A	0.175899094
FAM184B	0.234873015
FAM185A	0.876809822
FAM185BP	0.212667573
FAM186A	0.015732537
FAM186B	0.105196732
FAM187A	0
FAM187B	0.009186172
FAM187B2P	0.183053475
FAM189A1	0.384450812
FAM189A2	2.045255943
FAM189B	9.493748088
FAM192A	22.9513383
FAM192BP	0.08564116
FAM193A	4.913241939
FAM193B	3.91094138
FAM196A	0.09378358
FAM196B	0.388055259
FAM197Y1	0
FAM197Y10	0
FAM197Y2	0
FAM197Y3	0
FAM197Y4	0
FAM197Y5	0
FAM197Y6	0
FAM197Y7	0
FAM197Y8	0
FAM197Y9	0
FAM198A	0.411780403
FAM198B	11.52928899
FAM198B-AS1	0.470623916
FAM199X	6.683088357
FAM19A1	0.088999064
FAM19A2	0.052883763
FAM19A3	0.958686649
FAM19A4	0.004745387
FAM19A5	5.731291031
FAM200A	9.759561925
FAM200B	1.998264098
FAM201A	0.229007177
FAM201B	0.072873885
FAM204A	1.900369239
FAM204BP	0
FAM204CP	0
FAM205A	0.120992209
FAM205BP	0.005042386
FAM205C	0.004948329
FAM206A	5.241034038
FAM206BP	0
FAM207A	4.910683651
FAM207BP	0.301524717
FAM207CP	0
FAM208A	6.431307631
FAM208B	6.407763783
FAM209A	0.076527193
FAM209B	0.125376684
FAM20A	11.43576638
FAM20B	14.17411539
FAM20C	10.36655805
FAM210A	3.039172592
FAM210B	15.80533103
FAM210CP	0.284227194
FAM212A	2.865520269
FAM212B	0.72408245
FAM212B-AS1	0.071454708
FAM213A	10.59450763
FAM213AP1	0
FAM213AP2	0.015924491
FAM213B	4.965535927
FAM214A	2.7666746
FAM214B	3.051305396
FAM215A	0.086435184
FAM215B	0.00498233
FAM216A	1.272142968
FAM216B	0.101925407
FAM217A	0.024262266
FAM217B	6.068568302
FAM218A	0.255033468
FAM218BP	0
FAM219A	6.582798013
FAM219B	1.406612887
FAM21EP	0.042669389
FAM21FP	0.114653282
FAM220A	8.851004928
FAM220BP	0.039986865
FAM220CP	0.052353441
FAM221A	0.202711638
FAM221B	0.01379907
FAM222A	0.710094528
FAM222A-AS1	0.020367841
FAM222B	6.343596334
FAM223A	0
FAM223B	0
FAM224A	0
FAM224B	0
FAM225A	0.106981252
FAM225B	0.099851094
FAM226B	0
FAM227A	0.146283458
FAM227B	0.375796824
FAM228A	0.057623456
FAM228B	0.577450676
FAM229A	0.340246759
FAM229B	2.005916006
FAM230A	0
FAM230B	0.004578906
FAM230C	0
FAM231BP	0
FAM234A	11.13798003
FAM234B	2.435092581
FAM236A	0
FAM236B	0
FAM236D	0
FAM237A	0
FAM238A	0.019938455
FAM238B	0
FAM239A	0.801891353
FAM239B	1.766684542
FAM239C	0.528929184
FAM241A	1.155948795
FAM241B	5.353556505
FAM24A	0
FAM24B	0.637615534
FAM25A	0.157629381
FAM25BP	0
FAM25C	0
FAM25E	0
FAM25G	0
FAM27B	0
FAM27C	0.335474219
FAM27D1	0
FAM27E2	0
FAM27E3	0.081931656
FAM27E4	0
FAM27E5	0
FAM30A	0.318017755
FAM30B	0
FAM30C	0
FAM32A	41.63163452
FAM32BP	0.101648853
FAM35A	4.697221784
FAM35BP	0.005992522
FAM35CP	0.004403412
FAM35DP	0.032083856
FAM3A	7.718892499
FAM3B	0.417045559
FAM3C	8.028595953
FAM3C2	2.411660091
FAM3D	0.106111486
FAM3D-AS1	0.01324778
FAM41AY1	0
FAM41AY2	0
FAM41C	0.022072912
FAM43A	11.85766071
FAM43B	0.40173429
FAM45A	1.742417423
FAM45BP	0.040183845
FAM46A	3.757245908
FAM46B	6.563519682
FAM46C	8.990877303
FAM46D	0
FAM47A	0
FAM47B	0
FAM47C	0
FAM47DP	0
FAM47E	0.04232518
FAM47E-STBD1	0.010064553
FAM49A	3.334000291
FAM49B	9.243355145
FAM50A	18.40137271
FAM50B	1.351108981
FAM53A	0.09750041
FAM53B	6.934907567
FAM53B-AS1	0.024719153
FAM53C	8.835651051
FAM57A	25.3333427
FAM57B	0.01105328
FAM58BP	0
FAM58CP	0
FAM58DP	0.017570965
FAM60BP	0.148765723
FAM60CP	0.065520646
FAM60DP	0.017209537
FAM66A	0.21361232
FAM66B	0.3127095
FAM66C	0.522703221
FAM66D	0.533158201
FAM66E	0.00765676
FAM69A	8.638508255
FAM69B	1.665251813
FAM69C	0.418868394
FAM71A	0
FAM71B	0
FAM71BP1	0
FAM71C	0
FAM71D	0.027197249
FAM71E1	0.666754164
FAM71E2	0.003322061
FAM71F1	0.116486925
FAM71F2	0.096267952
FAM72A	0.189755274
FAM72B	0.240263973
FAM72C	0.089012071
FAM72D	0.181500664
FAM74A1	0
FAM74A3	0
FAM74A4	0
FAM74A6	0
FAM74A7	0
FAM76A	2.138078048
FAM76B	2.467987723
FAM78A	2.403138601
FAM78B	0.295167875
FAM81A	0.111143126
FAM81B	0.047952184
FAM83A	0.728309126
FAM83A-AS1	0.242236688
FAM83B	14.16305215
FAM83C	0.013833294
FAM83C-AS1	0.123595765
FAM83D	11.42134729
FAM83E	1.057968017
FAM83F	0.346421078
FAM83G	3.340538044
FAM83H	21.84134339
FAM84A	1.936844699
FAM84B	4.858566894
FAM85B	0.123595765
FAM86B1	0.228733939
FAM86B2	0.071660209
FAM86B3P	0.259068905
FAM86C1	1.577301536
FAM86C2P	0.837631967
FAM86DP	1.454789641
FAM86EP	0.403641865
FAM86FP	1.236455015
FAM86GP	0.145616431
FAM86HP	1.2122075
FAM86JP	0.807420367
FAM86KP	0.088157465
FAM86LP	0.025501588
FAM86MP	0.036869245
FAM87A	0.276051454
FAM87B	0.050276243
FAM89A	5.229226324
FAM89B	15.63579672
FAM8A1	8.50207787
FAM8A2P	0
FAM8A3P	0
FAM8A4P	0
FAM8A6P	0
FAM90A1	0.818517578
FAM90A10P	0
FAM90A11P	0
FAM90A12P	0.004579548
FAM90A13P	0
FAM90A14P	0
FAM90A15P	0
FAM90A16P	0
FAM90A17P	0
FAM90A18P	0
FAM90A19P	0
FAM90A20P	0.062373777
FAM90A21P	0
FAM90A22P	0
FAM90A23P	0
FAM90A24P	0
FAM90A25P	0.007796722
FAM90A26	0.004364537
FAM90A27P	0
FAM90A28P	0
FAM90A2P	0.004488827
FAM90A3P	0
FAM90A4P	0
FAM90A5P	0
FAM90A6P	0
FAM90A7P	0
FAM90A8P	0
FAM90A9P	0
FAM91A1	12.51404559
FAM91A3P	0.042753252
FAM92A	3.069663908
FAM92A1P1	0.305517621
FAM92A1P2	0
FAM92B	0.479842381
FAM95B1	0.001372766
FAM96A	10.02495586
FAM96AP1	0
FAM96AP2	0.114008672
FAM96B	54.0975197
FAM98A	10.04980998
FAM98B	5.178646306
FAM98C	1.338855557
FAM99A	0
FAM99B	0
FAM9A	0.020521561
FAM9B	0.001589424
FAM9C	0
FAN1	2.437274958
FANCA	3.12797827
FANCB	1.353210239
FANCC	1.530013092
FANCD2	3.197498261
FANCD2OS	0
FANCD2P2	0
FANCE	8.913219394
FANCF	3.83948839
FANCG	4.770098856
FANCI	5.204327046
FANCL	9.834779409
FANCM	0.802759455
FANK1	0.78423412
FANK1-AS1	0
FAP	9.741104099
FAR1	40.46216554
FAR1-IT1	0.088666527
FAR1P1	0
FAR2	1.561815563
FAR2P1	0.075427855
FAR2P2	0.133826287
FAR2P3	0
FAR2P4	0.005542129
FARP1	3.249609019
FARP1-AS1	0.168365748
FARP2	2.87889892
FARS2	5.718104696
FARSA	28.01517536
FARSA-AS1	0
FARSB	11.54793127
FARSBP1	0
FAS	8.104235958
FASLG	0.63369015
FASN	32.70801758
FASTK	12.50288909
FASTKD1	1.998858128
FASTKD2	4.882673153
FASTKD3	5.542904496
FASTKD5	10.44500325
FAT1	37.91521077
FAT1P1	0
FAT2	18.86933318
FAT3	0.789217935
FAT4	2.424188188
FATE1	0.182626578
FAU	108.7878405
FAUP1	0.44661658
FAUP2	0.02712326
FAXC	0.356267812
FAXDC2	1.736433214
FBF1	0.489608895
FBL	77.71012904
FBLIM1	22.83680727
FBLL1	2.341403375
FBLN1	85.58320065
FBLN2	100.8668837
FBLN5	8.26503494
FBLN7	0.978845388
FBN1	24.02202265
FBN2	1.257762053
FBN3	0.657124204
FBP1	17.42967036
FBP2	0.125016406
FBP2P1	0
FBRS	9.488620489
FBRSL1	3.177304505
FBXL12	5.959072422
FBXL13	0.124798118
FBXL14	4.774784874
FBXL15	2.642556574
FBXL16	0.357185253
FBXL17	2.709401705
FBXL18	1.594696298
FBXL19	3.811761733
FBXL19-AS1	0.305564017
FBXL2	1.109781595
FBXL20	2.130352946
FBXL21	0
FBXL22	0.198628722
FBXL3	7.963043707
FBXL4	1.971561867
FBXL5	14.31797339
FBXL6	5.610625163
FBXL7	2.592506465
FBXL8	1.563703605
FBXO10	0.756289842
FBXO11	4.790917085
FBXO15	0.07194797
FBXO16	0.342284343
FBXO17	5.199195387
FBXO18	10.35183029
FBXO2	7.128185743
FBXO21	9.128122607
FBXO22	1.638309527
FBXO24	0.207602549
FBXO25	3.492666328
FBXO27	5.144515559
FBXO28	7.880191121
FBXO3	3.679074315
FBXO30	2.23106201
FBXO31	6.720705737
FBXO32	27.75511285
FBXO33	3.277324706
FBXO34	11.9422277
FBXO36	0.763693374
FBXO36-IT1	0
FBXO36P1	0.092368809
FBXO38	4.362043417
FBXO39	0.048455639
FBXO3-AS1	0
FBXO4	4.186017142
FBXO40	0.009172227
FBXO41	1.631939285
FBXO42	3.340167288
FBXO43	0.159704502
FBXO44	2.451590502
FBXO45	7.507574063
FBXO46	5.338218207
FBXO47	0
FBXO48	0.501014388
FBXO5	2.519767138
FBXO6	7.759439022
FBXO7	11.08193191
FBXO8	5.879463724
FBXO9	5.214396918
FBXW10	0.004955092
FBXW11	10.38496958
FBXW11P1	0.022136555
FBXW12	0.018709451
FBXW2	4.876672099
FBXW4	7.402792617
FBXW4P1	0.204024094
FBXW5	18.26450476
FBXW7	2.238300436
FBXW7-AS1	0
FBXW8	5.828536199
FBXW9	3.534581624
FCAMR	0.021500986
FCAR	0.735514948
FCER1A	1.568446168
FCER1G	68.30486603
FCER2	0.226314889
FCF1	10.14094527
FCF1P1	0.076192135
FCF1P10	0
FCF1P2	4.794582874
FCF1P3	0
FCF1P4	0
FCF1P5	0
FCF1P6	0
FCF1P7	0.077967221
FCF1P8	0
FCF1P9	0
FCGBP	2.139033499
FCGR1A	2.688269722
FCGR1B	0.308642335
FCGR1CP	0.335453274
FCGR2A	15.62897983
FCGR2B	2.724221625
FCGR2C	0.960042186
FCGR3A	80.76398043
FCGR3B	2.435073863
FCGRT	29.88736923
FCHO1	1.020023213
FCHO2	4.787616194
FCHSD1	2.265549239
FCHSD2	8.763197013
FCMR	3.942010064
FCN1	2.074403921
FCN2	0.030869709
FCN3	7.719402484
FCRL1	0.201773619
FCRL2	0.415015909
FCRL3	0.707017681
FCRL4	0.101045518
FCRL5	1.400387088
FCRL6	0.537509698
FCRLA	1.819933484
FCRLB	0.965115077
FDCSP	11.33761856
FDFT1	31.500241
FDPS	27.30515664
FDPSP1	0
FDPSP2	0
FDPSP3	0.032210545
FDPSP4	0
FDPSP5	0
FDPSP6	0
FDPSP7	0
FDPSP8	0.039950146
FDX1	7.151437537
FDX1P1	0
FDX1P2	0
FDX2	0.745721492
FDXACB1	0.637087265
FDXR	2.505295424
FECH	4.770746782
FECHP1	0
FEM1A	0.183673639
FEM1AP1	0
FEM1AP2	0.010892766
FEM1AP3	0
FEM1AP4	0
FEM1B	11.32476199
FEM1C	5.570989842
FEN1	21.03302648
FEN1P1	0
FENDRR	0.569831953
FER	0.941121739
FER1L4	0.407851029
FER1L5	0.022843093
FER1L6	0.068224536
FER1L6-AS1	0
FER1L6-AS2	0
FERD3L	0.016994418
FERMT1	24.71601635
FERMT2	10.11980627
FERMT3	15.21493695
FERP1	0.123439906
FES	4.243269842
FETUB	0.075232205
FEV	0.005308164
FEZ1	3.182138153
FEZ2	4.169013193
FEZF1	3.639355841
FEZF1-AS1	2.836472437
FEZF2	0
FFAR1	0.018825491
FFAR2	0.62758352
FFAR3	0.046906425
FFAR4	0.342902141
FGA	0.514128388
FGB	0.012049218
FGD1	5.760054129
FGD2	1.420664449
FGD3	2.171592275
FGD4	1.542080717
FGD5	4.358140891
FGD5-AS1	22.2955101
FGD5P1	0.019678209
FGD6	5.492357552
FGF1	0.756710676
FGF10	0.780241879
FGF10-AS1	0.01148514
FGF11	1.430645963
FGF12	0.368216233
FGF12-AS1	0
FGF12-AS2	1.556454251
FGF12-AS3	5.270021474
FGF13	0.073820712
FGF13-AS1	0
FGF14	0.112250358
FGF14-AS1	0
FGF14-AS2	0.405081091
FGF14-IT1	0
FGF16	0.131835482
FGF17	0.0595606
FGF18	0.553131499
FGF19	0.008889601
FGF2	0.715998018
FGF20	0.025773524
FGF21	0
FGF22	0.01030941
FGF23	0.014415411
FGF3	0
FGF4	0.00336419
FGF5	0.016320081
FGF6	0
FGF7	0.877368403
FGF7P1	0
FGF7P2	0
FGF7P3	1.435831986
FGF7P4	0
FGF7P5	0
FGF7P6	0.010960457
FGF7P7	0
FGF7P8	0.074496077
FGF8	0.023256794
FGF9	0.045528116
FGFBP1	5.386192473
FGFBP2	0.391551383
FGFBP3	0.341891624
FGFR1	5.680616305
FGFR1OP	0.574709299
FGFR1OP2	6.202350519
FGFR1OP2P1	0
FGFR2	14.47671942
FGFR3	1.939487036
FGFR3P1	0
FGFR3P5	0
FGFR3P6	0
FGFR4	1.211745265
FGFRL1	4.077676241
FGG	7.287206289
FGGY	0.673992766
FGL1	0.026359109
FGL2	10.17192274
FGR	6.768807086
FH	23.56051478
FHAD1	0.167329651
FHDC1	7.76345622
FHIT	0.523924242
FHL1	4.79890389
FHL2	13.44205601
FHL3	15.00664744
FHL5	0.672453585
FHOD1	4.984610106
FHOD3	3.58314441
FHP1	0.015471447
FIBCD1	0.533742713
FIBIN	12.95855038
FIBP	16.72173657
FICD	2.057013553
FIG4	3.348922213
FIGLA	0.015064304
FIGN	0.371955872
FIGNL1	4.396807618
FIGNL2	0.07780786
FILIP1	0.810908121
FILIP1L	14.86549474
FILNC1	0.020697293
FIP1L1	4.290491895
FIRRE	1.158963564
FIS1	18.07486497
FITM1	0.072241953
FITM2	2.898330093
FIZ1	4.542790547
FJX1	11.04068355
FKBP10	62.46882254
FKBP11	9.937328874
FKBP14	9.804304817
FKBP15	4.768516814
FKBP1A	87.65716668
FKBP1AP1	0.205215609
FKBP1AP2	0
FKBP1AP3	0
FKBP1B	1.109045359
FKBP1BP1	0
FKBP1C	0.482172204
FKBP2	23.626468
FKBP3	15.68475059
FKBP4	26.26720183
FKBP4P1	0.008074556
FKBP4P2	0
FKBP4P6	0.008165486
FKBP4P7	0
FKBP4P8	0
FKBP5	7.377508881
FKBP6	0.013215586
FKBP7	5.296961346
FKBP8	70.80921465
FKBP9	54.22014714
FKBP9P1	15.99382094
FKBPL	5.393737552
FKRP	3.91517133
FKTN	1.772565156
FLAD1	9.333863585
FLCN	3.294270438
FLG	0.447958291
FLG2	0.025033425
FLG-AS1	0.284249368
FLI1	4.027419114
FLII	35.87959242
FLNA	312.9944985
FLNB	40.65641577
FLNB-AS1	0.278581988
FLNC	3.284024708
FLNC-AS1	0.019456936
FLOT1	21.49340435
FLOT2	37.78058739
FLRT1	0.066101356
FLRT2	1.060871616
FLRT3	10.28126249
FLT1	4.33583791
FLT1P1	0.016479435
FLT3	0.30074276
FLT3LG	0.703184337
FLT4	1.330679029
FLVCR1	1.541474406
FLVCR1-AS1	0.625728526
FLVCR2	2.660994425
FLYWCH1	2.436505747
FLYWCH1P1	0
FLYWCH2	8.812694938
FMC1	1.363121794
FMN1	0.485767541
FMN2	0.010100902
FMNL1	6.418757451
FMNL2	20.01102454
FMNL3	6.210355724
FMO1	2.385446298
FMO10P	0
FMO11P	0
FMO2	4.684237882
FMO3	3.2475385
FMO4	8.867075413
FMO5	0.610504439
FMO6P	0.716796906
FMO7P	0.042486044
FMO8P	0
FMO9P	0
FMOD	39.5461639
FMR1	5.038372178
FMR1-AS1	0.009113052
FMR1-IT1	0.348806706
FMR1NB	0
FN1	893.1547471
FN3K	2.221914771
FN3KRP	13.47930169
FNBP1	7.872226242
FNBP1L	6.454947625
FNBP1P1	0.572730625
FNBP4	5.905000813
FNDC1	19.62009733
FNDC10	2.248316626
FNDC11	0.17702323
FNDC1-IT1	0.08431339
FNDC3A	7.840126666
FNDC3B	22.1552906
FNDC3CP	0.00941682
FNDC4	3.588891752
FNDC5	0.751890641
FNDC7	0.006528468
FNDC8	0.070524384
FNDC9	0.014279773
FNIP1	4.113924402
FNIP2	3.43065815
FNTA	6.772287
FNTAP2	0.051465744
FNTB	4.997426321
FO082796.1	0
FO082842.1	0
FO393401.1	0.24630765
FO393401.2	0.024588758
FO393408.1	0
FO393409.1	0.01585485
FO393411.1	1.08764273
FO393412.1	0
FO393413.1	0
FO393414.1	0
FO393414.2	0
FO393415.1	0.043409244
FO393415.2	0
FO393415.3	0
FO393418.1	0.277242264
FO393419.1	0
FO393419.2	0.025412213
FO393419.3	0.115706673
FO393422.1	0
FO538757.1	1.322512098
FO538757.2	0
FO680682.1	0.126103505
FO681491.1	0
FO681492.1	0.10234785
FO681548.1	0.009608151
FO704657.1	0
FOCAD	4.398905779
FOCAD-AS1	0.051425188
FOLH1	0.759415818
FOLH1B	0.013025661
FOLR1	7.917652845
FOLR2	11.42178488
FOLR3	1.768588106
FOPNL	8.60197575
FOS	75.58075683
FOSB	5.709487767
FOSL1	7.262479276
FOSL1P1	0.013328955
FOSL2	72.27649605
FOXA1	2.332613991
FOXA2	0.827327163
FOXA3	0.069466233
FOXB1	0.063182565
FOXB2	0
FOXC1	3.712280331
FOXC2	2.699355443
FOXC2-AS1	0.477335367
FOXCUT	0.261295551
FOXD1	1.17260099
FOXD1-AS1	0
FOXD2	0.18844719
FOXD2-AS1	0.663249652
FOXD3	0.083424179
FOXD3-AS1	0.117047645
FOXD4	0.13774604
FOXD4L1	0.039296606
FOXD4L3	0.005334197
FOXD4L4	0
FOXD4L5	0.003498368
FOXD4L6	0.005347309
FOXE1	6.867668998
FOXE3	0.307460842
FOXF1	1.775616971
FOXF2	12.32860689
FOXG1	0
FOXG1-AS1	0
FOXH1	0.008690713
FOXI1	0.051747708
FOXI2	0.01352369
FOXI3	4.076720788
FOXJ1	0.156495357
FOXJ2	8.402627442
FOXJ3	6.183768835
FOXK1	6.383141171
FOXK2	6.121324261
FOXL1	1.985195041
FOXL2	1.167062648
FOXL2NB	0.592999868
FOXM1	11.88436728
FOXN1	0.319982876
FOXN2	3.032143935
FOXN3	6.649279627
FOXN3-AS1	0.848300736
FOXN3-AS2	0
FOXN3P1	0
FOXN4	0.003133514
FOXO1	11.24140808
FOXO1B	0
FOXO3	6.046059573
FOXO3B	0.682597356
FOXO4	5.591247221
FOXO6	0.276673088
FOXP1	4.620965222
FOXP1-AS1	0.108764273
FOXP1-IT1	0.009219916
FOXP2	0.334245801
FOXP3	4.865013192
FOXP4	9.855770668
FOXP4-AS1	0.244544939
FOXQ1	14.99868837
FOXR1	0
FOXR2	0
FOXRED1	5.552611284
FOXRED2	7.685852605
FOXS1	1.690422741
FP236240.1	0
FP236240.2	0
FP236240.3	0
FP236241.1	0
FP236241.2	0
FP236315.1	0
FP236315.2	0
FP236315.3	0
FP236383.1	0.004950581
FP236383.2	0
FP236383.3	0
FP325317.1	0
FP325318.1	0
FP325330.1	0
FP325330.2	0
FP325330.3	0.026230243
FP325331.1	0.007881469
FP325332.1	0.047866917
FP325335.1	0.005135235
FP475955.1	0
FP475955.2	0
FP475955.3	0
FP475955.4	0
FP565260.1	0.593317825
FP565260.2	0
FP565260.3	0.272153677
FP565260.4	0
FP565260.5	0.045413058
FP565260.6	0.164582126
FP565260.7	0.192965629
FP671120.1	0.256889196
FP671120.2	0
FP671120.3	0.011783778
FP671120.4	0.400648459
FP700107.1	0
FP700111.1	0
FP700111.2	0
FP885919.1	0
FPGS	7.611562324
FPGT	2.133653202
FPGT-TNNI3K	0.011622598
FPR1	8.528393648
FPR2	1.316929575
FPR3	22.17268783
FRA10AC1	1.338513897
FRAS1	3.739689193
FRAT1	1.584862566
FRAT2	4.556009085
FREM1	0.287019639
FREM2	0.562492911
FREM2-AS1	0
FREM3	0.004750223
FRG1	10.54510087
FRG1BP	6.672041559
FRG1-DT	0.099134103
FRG1HP	1.732123338
FRG1JP	0.046730085
FRG1KP	0
FRG2	0
FRG2B	0.005186661
FRG2C	0.005234084
FRG2DP	0
FRG2FP	0.00941682
FRG2GP	0
FRG2HP	0
FRG2IP	0
FRG2JP	0
FRG2KP	0
FRG2LP	0
FRG2MP	0
FRGCA	0
FRK	2.496727869
FRMD1	0.007516536
FRMD3	0.271659146
FRMD4A	2.202435194
FRMD4B	5.021898884
FRMD5	0.742864283
FRMD6	30.80422294
FRMD6-AS1	0.243975489
FRMD6-AS2	0.059304402
FRMD7	0.238862573
FRMD8	14.43898232
FRMD8P1	0.014273527
FRMPD1	0.01668448
FRMPD2	0.00414498
FRMPD2B	0.024223669
FRMPD3	0.109263083
FRMPD3-AS1	0
FRMPD4	0.602963061
FRMPD4-AS1	0
FRRS1	7.83395203
FRRS1L	0.037152612
FRS2	7.615902075
FRS3	1.830497386
FRY	0.783371552
FRY-AS1	0.009754643
FRYL	2.626832155
FRZB	3.67019226
FSBP	0
FSCB	0
FSCN1	73.57201932
FSCN1P1	0.110159628
FSCN2	0.15083703
FSCN3	0.027072626
FSD1	0.433518799
FSD1L	0.284106332
FSD2	0.00332816
FSHB	0
FSHR	0
FSIP1	0.110570254
FSIP2	0.067288195
FSIP2-AS1	0.247191529
FST	9.462381849
FSTL1	93.86480141
FSTL3	23.80689463
FSTL4	2.285438762
FSTL5	0.006093237
FTCD	0.029564435
FTCD-AS1	0
FTCDNL1	0.261066386
FTH1	339.1462914
FTH1P1	0.163555298
FTH1P10	0.280681995
FTH1P11	0.888274462
FTH1P12	0.454006947
FTH1P14	0
FTH1P15	0.815732047
FTH1P16	2.857032533
FTH1P18	0
FTH1P19	0.020599294
FTH1P2	1.689542104
FTH1P20	4.148126469
FTH1P21	0
FTH1P22	0.522905159
FTH1P23	2.135734815
FTH1P24	0.02354205
FTH1P25	0
FTH1P26	0
FTH1P27	0
FTH1P3	0.949824987
FTH1P4	0.236016506
FTH1P5	0.578745673
FTH1P6	0
FTH1P7	3.034365587
FTH1P8	2.327640083
FTH1P9	0
FTHL17	0
FTL	2684.755648
FTLP1	0
FTLP10	0
FTLP12	0.121118344
FTLP13	0
FTLP14	1.775284621
FTLP15	0.040888824
FTLP16	0
FTLP17	0.062151013
FTLP18	0
FTLP19	0
FTLP2	1.153560471
FTLP3	4.964429884
FTLP4	0
FTLP5	0.061103524
FTLP6	0
FTLP8	0
FTMT	0
FTO	9.243638164
FTOP1	0.416866551
FTSJ1	32.03092691
FTSJ3	13.28668699
FTX	0.271378568
FUBP1	12.77490711
FUBP3	9.738816598
FUCA1	24.13854871
FUCA1P1	0.008050649
FUCA2	15.66236684
FUK	4.117032507
FUNDC1	15.82096465
FUNDC2	4.979901457
FUNDC2P1	0.706013702
FUNDC2P2	0.017786471
FUNDC2P3	0
FUNDC2P4	0
FUOM	7.123890465
FURIN	39.974551
FUS	21.81525946
FUT1	1.427484126
FUT10	1.872235523
FUT11	5.985357751
FUT2	0.669318603
FUT3	0.374325417
FUT4	1.929717667
FUT5	0
FUT6	0.012504515
FUT7	0.391450363
FUT8	18.3113582
FUT8-AS1	0.350391149
FUT9	0.003171201
FUZ	3.513639056
FXN	2.124215471
FXNP1	0
FXNP2	0
FXR1	12.39050105
FXR2	9.279242407
FXYD1	0.146826121
FXYD2	0.031103277
FXYD3	11.72461899
FXYD4	0.013151665
FXYD5	26.38978117
FXYD6	4.261886502
FXYD6-FXYD2	0
FXYD6P1	0
FXYD6P2	0
FXYD6P3	0
FXYD7	0.109067238
FYB1	8.488962354
FYB2	0.037561588
FYCO1	4.754080869
FYN	7.944150717
FYTTD1	15.69593826
FYTTD1P1	0
FZD1	29.33495686
FZD10	0.420873329
FZD10-AS1	0.157972113
FZD2	11.39140965
FZD3	1.072101595
FZD4	2.420421245
FZD5	2.537508754
FZD6	30.4031595
FZD7	20.34926278
FZD8	2.987643925
FZD9	0.046520219
FZR1	8.300727348
G0S2	36.05799396
G2E3	2.419731308
G2E3-AS1	1.075260937
G3BP1	21.00677692
G3BP2	19.95853936
G6PC	0
G6PC2	0
G6PC3	7.616605976
G6PD	16.54777008
GAA	52.4266578
GAB1	3.031082615
GAB2	3.813415803
GAB3	1.074851787
GAB4	0
GABARAP	20.70649045
GABARAPL1	18.75558168
GABARAPL2	30.43177038
GABARAPL3	0
GABBR1	2.383311578
GABBR2	0.027159382
GABPA	7.069978252
GABPAP	0.016041928
GABPB1	2.079562511
GABPB1-AS1	0.97817569
GABPB2	1.417995419
GABRA1	0.021776611
GABRA2	0.007293497
GABRA3	2.785901006
GABRA4	0.001793163
GABRA5	0.015709813
GABRA6	0
GABRB1	0
GABRB2	0.038059884
GABRB3	0.035884521
GABRD	0.174880314
GABRE	6.5844705
GABRG1	0
GABRG2	2.636561418
GABRG3	0.002590654
GABRG3-AS1	0
GABRP	0.141221735
GABRQ	1.69349427
GABRR1	0.198643061
GABRR2	0.151196971
GABRR3	0.001907141
GACAT1	0
GACAT2	0.412187343
GACAT3	0
GAD1	0.465830968
GAD2	0.001770252
GADD45A	10.15098169
GADD45B	24.22014516
GADD45G	2.163767306
GADD45GIP1	14.92304419
GADL1	0.005935295
GAGE1	0
GAGE10	0.020216408
GAGE12B	0
GAGE12C	0
GAGE12D	0
GAGE12E	0
GAGE12F	0
GAGE12G	0
GAGE12H	0
GAGE12J	0
GAGE13	0
GAGE2A	0
GAGE2E	0
GAK	3.481461486
GAL	1.639830577
GAL3ST1	0.104546368
GAL3ST2	0.023816994
GAL3ST3	0.048222773
GAL3ST4	5.439814536
GALC	5.920282404
GALE	5.200343067
GALK1	4.066903462
GALK2	2.231321229
GALM	6.670095737
GALNS	9.543087602
GALNT1	36.6564881
GALNT10	14.62659788
GALNT11	4.694106055
GALNT12	1.522075736
GALNT13	0.685615279
GALNT14	4.193866536
GALNT15	0.716285228
GALNT16	0.266825887
GALNT17	3.789999409
GALNT18	48.98740456
GALNT2	67.80946033
GALNT3	7.626961182
GALNT4	0.13497326
GALNT5	17.28774459
GALNT6	3.983730211
GALNT7	9.871961907
GALNT8	0.012993126
GALNT9	0.024970991
GALNTL5	0
GALNTL6	0.030598043
GALP	0
GALR1	0
GALR2	0.047843522
GALR3	0
GALT	3.173833788
GAMT	3.48195435
GAMTP2	0
GAN	2.095367793
GANAB	154.1523159
GANC	1.885551893
GAP43	3.361425782
GAPDH	1190.678727
GAPDHP1	2.391731774
GAPDHP14	0.127684846
GAPDHP15	0.03346593
GAPDHP16	0.011306057
GAPDHP17	0
GAPDHP19	0.010822316
GAPDHP2	0.076287566
GAPDHP20	0
GAPDHP21	0.269218497
GAPDHP22	0
GAPDHP23	0.021906198
GAPDHP24	0
GAPDHP25	0.054327809
GAPDHP26	0.010715692
GAPDHP27	0.042652656
GAPDHP28	0.021687791
GAPDHP29	0
GAPDHP31	0.053631298
GAPDHP32	0.108982237
GAPDHP33	0.021473697
GAPDHP34	0
GAPDHP35	1.069812521
GAPDHP36	0
GAPDHP37	0
GAPDHP38	0.086837743
GAPDHP39	0.033329195
GAPDHP40	0.313535181
GAPDHP41	0
GAPDHP42	0.022174164
GAPDHP44	0.108008215
GAPDHP45	0
GAPDHP46	0
GAPDHP47	0.021774629
GAPDHP48	0
GAPDHP49	0.011317822
GAPDHP50	0
GAPDHP51	0
GAPDHP52	0.10391491
GAPDHP53	0
GAPDHP54	0
GAPDHP55	0.013544741
GAPDHP56	0
GAPDHP57	0
GAPDHP58	0.010811558
GAPDHP59	0.122207048
GAPDHP60	0.28420815
GAPDHP61	0.162334736
GAPDHP62	0.120849192
GAPDHP63	0.334825468
GAPDHP64	0.010843896
GAPDHP65	0.864924636
GAPDHP66	0.022495196
GAPDHP67	0.013802573
GAPDHP68	0.053950532
GAPDHP69	0.075530745
GAPDHP70	0.031224193
GAPDHP71	0.09759506
GAPDHP72	0.226143538
GAPDHP73	0.043203286
GAPDHP74	0
GAPDHP75	0
GAPDHP76	0.033431641
GAPDHS	0
GAPLINC	0.434643146
GAPT	0.784245903
GAPVD1	3.637715904
GAR1	6.921362826
GAREM1	1.738963667
GAREM2	2.675612103
GARNL3	0.217640732
GARS	26.44187311
GARSP1	0
GART	13.11738387
GAS1	10.08002813
GAS1RR	0.101648853
GAS2	0.092460419
GAS2L1	3.553467878
GAS2L1P1	0.007348937
GAS2L1P2	0.033658263
GAS2L2	0.014434542
GAS2L3	1.258971655
GAS5	18.62861508
GAS5-AS1	0.642555503
GAS6	15.17918974
GAS6-AS1	0.130474647
GAS6-AS2	0.239593429
GAS7	6.38047839
GAS8	3.691980486
GAS8-AS1	0.141866443
GASAL1	0.499800477
GAST	0.115706673
GATA1	0.108764273
GATA2	2.853873052
GATA2-AS1	1.343474594
GATA3	2.57450016
GATA3-AS1	0.029475413
GATA4	0.026927909
GATA5	0.125739044
GATA6	2.200098602
GATA6-AS1	0.101425817
GATAD1	6.76286306
GATAD2A	13.0588683
GATAD2B	7.217014208
GATB	1.072193522
GATC	4.74952083
GATD1	3.043820489
GATM	1.103358218
GBA	15.96282669
GBA2	5.801667028
GBA3	0.014838236
GBAP1	0.580115789
GBE1	8.665805543
GBF1	22.00834664
GBGT1	2.112012949
GBP1	37.19816571
GBP1P1	4.120279218
GBP2	20.61599412
GBP3	9.469098096
GBP4	11.73205615
GBP5	6.345806962
GBP6	3.972608698
GBP7	0.053185464
GBX1	0.022242183
GBX2	0.140947222
GC	0.004568008
GCA	4.209272355
GCAT	7.056237291
GCC1	4.983484334
GCC2	2.862002214
GCC2-AS1	0.340313745
GCDH	3.955064472
GCFC2	2.855932877
GCG	0.004556526
GCGR	0.006711772
GCH1	9.317386719
GCHFR	1.271639769
GCK	0.089713374
GCKR	0.048401139
GCLC	5.40801206
GCLM	4.671646263
GCM1	0.019668042
GCM2	0.004455726
GCN1	17.52012854
GCNA	0.13216316
GCNT1	12.86053805
GCNT1P1	0
GCNT1P2	0
GCNT1P3	0.056746577
GCNT1P4	0.066118099
GCNT1P5	0
GCNT2	2.359843483
GCNT2P	0.023289994
GCNT3	0.078948584
GCNT4	0.98306923
GCNT7	0.073774216
GCOM1	0.03463329
GCOM2	0.029555509
GCSAM	1.394413756
GCSAML	0.185921834
GCSH	2.863740166
GCSHP1	0
GCSHP2	0
GCSHP3	0
GCSHP4	0.074326382
GCSHP5	0.208360676
GDA	0.386674604
GDAP1	4.810108025
GDAP1L1	0.077114994
GDAP2	0.975106525
GDE1	11.50448186
GDF1	0
GDF10	0.66373641
GDF11	1.966224872
GDF15	1.433166031
GDF2	0
GDF3	0
GDF5	0.094541885
GDF5OS	0.018817348
GDF6	0.293878068
GDF7	0.196353596
GDF9	0.069656899
GDI1	28.25056801
GDI2	66.84431614
GDI2P1	0
GDI2P2	0.035777721
GDNF	1.481413688
GDNF-AS1	0.112611844
GDPD1	0.73974354
GDPD2	0.482388929
GDPD3	0.753470109
GDPD4	0.037528451
GDPD5	1.098996454
GDPGP1	0.617422664
GEM	25.38380691
GEMIN2	2.607421552
GEMIN2P1	0
GEMIN2P2	0
GEMIN4	9.006007093
GEMIN5	5.126604103
GEMIN6	1.815647575
GEMIN7	6.469060413
GEMIN7-AS1	0.260513229
GEMIN8	8.740627217
GEMIN8P2	0
GEMIN8P3	0
GEMIN8P4	1.417367069
GEN1	1.401511389
GET4	0.595056761
GFAP	0.010722735
GFER	2.886078401
GFI1	1.034595023
GFI1B	0.037870569
GFM1	5.763350426
GFM2	5.944847324
GFOD1	2.128262163
GFOD1-AS1	0.065520646
GFOD2	4.106559765
GFPT1	9.111124017
GFPT2	8.965088609
GFRA1	0.244994953
GFRA2	0.268295355
GFRA3	0.725450766
GFRA4	0.007169695
GFRAL	0
GFY	0.017393007
GGA1	5.012745551
GGA2	10.16815795
GGA3	5.665897895
GGACT	1.288779996
GGCT	19.19890329
GGCX	10.31933617
GGH	11.01194828
GGN	0.213350433
GGNBP1	0.031308081
GGNBP2	6.288406162
GGPS1	7.901043405
GGT1	1.650842483
GGT2	0.073520421
GGT3P	0.055491976
GGT4P	0.031839658
GGT5	11.8537607
GGT6	0.412898221
GGT7	7.356073216
GGT8P	0
GGTA1P	1.476449029
GGTA2P	0.048339677
GGTLC1	1.233058607
GGTLC2	0.061948732
GGTLC3	0.011235979
GGTLC4P	0.081900808
GGTLC5P	0
GH1	0.027282008
GH2	0
GHDC	5.236597865
GHET1	0.462219628
GHITM	49.71125077
GHR	6.952028038
GHRH	0
GHRHR	0.003549748
GHRL	0.295096865
GHRLOS	0.222356866
GHSR	0
GID4	3.217000857
GID8	24.31547453
GIF	0
GIGYF1	14.52892256
GIGYF2	6.24162297
GIMAP1	1.53517876
GIMAP1-GIMAP5	0
GIMAP2	5.171100627
GIMAP3P	0
GIMAP4	11.79395536
GIMAP5	0.376914824
GIMAP6	6.687626904
GIMAP7	10.08840589
GIMAP8	4.151447035
GIMD1	0
GIN1	0.980490935
GINM1	15.67598952
GINS1	7.229562294
GINS2	12.29596101
GINS3	4.493317369
GINS4	2.234882321
GIP	0.060762164
GIPC1	22.91643634
GIPC2	0.262808211
GIPC3	1.164166613
GIPR	0.195206149
GIT1	9.193331538
GIT2	2.260099425
GJA1	211.2290281
GJA10	0
GJA1P1	0.066609791
GJA3	0.225418182
GJA4	3.731051647
GJA5	10.12313889
GJA6P	0
GJA8	0
GJA9	0
GJB1	0.360114371
GJB2	121.2719403
GJB3	10.42533123
GJB4	1.325085861
GJB5	11.67911566
GJB6	16.2807127
GJB7	0.224377979
GJC1	2.518156666
GJC2	0.431565773
GJC3	0.146188539
GJD2	0
GJD3	0.012289748
GJD4	0.020651444
GJE1	0
GK	1.623650278
GK2	0
GK3P	0.01963254
GK5	1.31146919
GKAP1	0.250920239
GK-AS1	0.233901662
GK-IT1	0.054793085
GKN1	0.028397982
GKN2	1.375180463
GLA	12.1405157
GLB1	28.69642161
GLB1L	1.903613924
GLB1L2	0.950193374
GLB1L3	0.082682734
GLCCI1	2.165807091
GLCE	7.049171659
GLDC	0.198560206
GLDCP1	0
GLDN	0.35929967
GLE1	8.181219626
GLG1	44.70657899
GLI1	2.40088595
GLI2	2.985657129
GLI3	6.563056844
GLI4	2.935247799
GLIDR	0.404840156
GLIPR1	10.20022665
GLIPR1L1	0.078586902
GLIPR1L2	0.063134934
GLIPR2	12.98050865
GLIS1	0.387819926
GLIS2	9.739866199
GLIS2-AS1	0.191936952
GLIS3	2.433504152
GLIS3-AS1	0.059272083
GLMN	1.823950695
GLMP	17.83909554
GLO1	50.53931715
GLOD4	8.213129376
GLOD5	0.092259986
GLP1R	0.017514376
GLP2R	0.041334737
GLRA1	0.00446854
GLRA2	0.005858566
GLRA3	0.057787039
GLRA4	0.151838441
GLRB	0.78609622
GLRX	2.784285169
GLRX2	3.315677606
GLRX3	13.21234663
GLRX3P2	0.083826029
GLRX5	8.230913171
GLRXP1	0
GLRXP2	0
GLRXP3	0
GLS	9.102242606
GLS2	0.073542614
GLT1D1	0.734893736
GLT6D1	0
GLT8D1	12.02906196
GLT8D2	8.415847597
GLTP	19.72764447
GLTPD2	0.350852493
GLTPP1	0.017486218
GLUD1	34.9504518
GLUD1P2	0.14631965
GLUD1P3	1.110919131
GLUD1P4	0
GLUD1P8	0
GLUD1P9	0
GLUD2	0.410101952
GLUL	95.10611992
GLULP3	0.010428022
GLULP4	0.135712997
GLULP5	0
GLULP6	0
GLYAT	0
GLYATL1	0.007997373
GLYATL1B	0.011965267
GLYATL1P1	0.027072626
GLYATL1P2	0.028104463
GLYATL1P4	0
GLYATL2	0.065092873
GLYATL3	0
GLYCAM1	0
GLYCTK	0.978264785
GLYCTK-AS1	0.023457428
GLYR1	12.16091944
GM2A	49.01312984
GM2AP1	0
GM2AP2	0.019353073
GMCL1	6.699985283
GMCL1P2	0
GMCL2	0.006879461
GMDS	3.520181976
GMDS-AS1	0.190669705
GMEB1	3.083254123
GMEB2	6.749531365
GMFB	10.49685828
GMFBP1	0
GMFG	10.82532999
GMIP	6.909730283
GML	0
GMNC	0.162974857
GMNN	11.04774421
GMPPA	8.619940974
GMPPB	3.66365565
GMPR	2.13922562
GMPR2	13.32063541
GMPS	11.25468459
GMPSP1	0.244203031
GNA11	10.69346913
GNA12	25.88483065
GNA13	20.48280156
GNA14	0.699512965
GNA14-AS1	0
GNA15	17.87347065
GNAI1	6.82916207
GNAI2	46.61082255
GNAI2P1	0.034528341
GNAI2P2	0
GNAI3	4.032531281
GNAL	0.333569529
GNAO1	0.561943202
GNAQ	9.675409831
GNAQP1	0.244643163
GNAS	131.2895825
GNAS-AS1	0.032715532
GNAT1	0.00394932
GNAT2	0
GNAT3	0
GNAZ	0.43335765
GNB1	55.88893777
GNB1L	0.919858119
GNB2	138.5764193
GNB3	0.670876516
GNB4	15.62123972
GNB5	1.412905305
GNE	3.199182833
GNG10	5.748239242
GNG10P1	0
GNG11	4.261565786
GNG12	14.02377618
GNG12-AS1	0.113001842
GNG13	0.01105328
GNG2	3.057130294
GNG3	0.073989301
GNG4	4.669956471
GNG5	35.71028423
GNG5P1	0
GNG5P2	0
GNG5P3	0
GNG5P5	0
GNG7	1.099327556
GNG8	0.25176915
GNGT1	4.634343863
GNGT2	1.3523089
GNL1	10.57954587
GNL2	7.843522766
GNL2P1	0
GNL3	16.53098941
GNL3L	8.477647851
GNL3LP1	0.006619858
GNLY	4.844662306
GNMT	0.243502104
GNPAT	15.30172438
GNPATP	0
GNPDA1	14.67397816
GNPDA2	1.708283616
GNPNAT1	11.61165099
GNPTAB	12.66391499
GNPTG	8.341599287
GNRH1	0.253083723
GNRH2	0.039646758
GNRHR	0.020104302
GNRHR2	0.304905851
GNRHR2P1	0
GNS	34.65087118
GOLGA1	2.780997111
GOLGA2	10.42330793
GOLGA2P1	0
GOLGA2P10	2.190133824
GOLGA2P11	0.004126111
GOLGA2P2Y	0.007222063
GOLGA2P3Y	0
GOLGA2P4	0.027995952
GOLGA2P5	0.147904323
GOLGA2P6	0
GOLGA2P7	0.203587245
GOLGA2P8	0.069810188
GOLGA2P9	0
GOLGA3	11.73623207
GOLGA4	6.155914006
GOLGA5	13.78450998
GOLGA5P1	0.011098395
GOLGA6A	0.006206235
GOLGA6B	0
GOLGA6C	0
GOLGA6D	0
GOLGA6L1	0
GOLGA6L10	0.076123457
GOLGA6L11P	0
GOLGA6L16P	0
GOLGA6L17P	0.021037577
GOLGA6L2	0.02153748
GOLGA6L22	0
GOLGA6L3	0.01295584
GOLGA6L4	0.007173241
GOLGA6L5P	0.103213083
GOLGA6L6	0.010841193
GOLGA6L7	0.004112071
GOLGA6L9	0.319213879
GOLGA7	24.41261147
GOLGA7B	0.606304402
GOLGA8A	1.263276889
GOLGA8B	0.693425417
GOLGA8CP	0
GOLGA8DP	0
GOLGA8EP	0
GOLGA8F	0
GOLGA8G	0.008329321
GOLGA8H	0.063001949
GOLGA8IP	0
GOLGA8J	0
GOLGA8K	0.020197637
GOLGA8M	0.039514722
GOLGA8M	0
GOLGA8N	0.04292197
GOLGA8O	0
GOLGA8Q	0
GOLGA8R	0.066244876
GOLGA8S	0
GOLGA8T	0.010549396
GOLGA8UP	0.012394789
GOLGA8VP	0.151229523
GOLGB1	10.10733143
GOLIM4	26.68434423
GOLM1	24.58180486
GOLPH3	61.24385382
GOLPH3L	10.79801508
GOLT1A	0.325526873
GOLT1B	24.24160162
GON4L	4.260774728
GON7	4.165841304
GOPC	12.90802497
GORAB	3.626436666
GORASP1	5.346070003
GORASP2	19.81790966
GOSR1	4.866558907
GOSR2	4.231208046
GOT1	14.94611358
GOT1L1	0
GOT2	56.62038162
GOT2P1	0
GOT2P2	0.599898868
GOT2P3	0.216446314
GOT2P5	0
GP1BA	0.352255342
GP1BB	0
GP2	0.002686864
GP5	0.092329604
GP6	0.229358622
GP9	0
GPA33	0.268017189
GPAA1	29.36102865
GPAA1P1	0
GPAA1P2	0
GPALPP1	1.280051765
GPAM	2.253354432
GPANK1	5.065184254
GPAT2	0.32529779
GPAT2P1	0.062981539
GPAT2P2	0.189045666
GPAT3	0.862461795
GPAT4	8.81457781
GPATCH1	2.571276596
GPATCH11	3.249467264
GPATCH2	2.316150769
GPATCH2L	2.437265534
GPATCH3	4.873617086
GPATCH4	7.464214812
GPATCH8	7.93787974
GPBAR1	0.315141653
GPBP1	10.3689055
GPBP1L1	10.9495904
GPC1	45.34682326
GPC2	0.338112552
GPC3	77.22223261
GPC4	41.83258136
GPC5	0.040677087
GPC5-AS1	0
GPC5-AS2	0
GPC5-IT1	0
GPC6	4.536889432
GPC6-AS1	0
GPC6-AS2	0
GPCPD1	4.745838341
GPD1	0.948383037
GPD1L	4.278544599
GPD2	13.62175612
GPER1	1.091442053
GPHA2	0.140947222
GPHB5	0.020030253
GPHN	3.8149879
GPI	43.12016419
GPIHBP1	1.415556051
GPKOW	15.55916006
GPLD1	0.756198035
GPM6A	0.191573435
GPM6B	1.883969697
GPM6BP1	0
GPM6BP2	0
GPM6BP3	0
GPN1	12.76659125
GPN2	3.8577567
GPN3	6.991090841
GPN3P1	0
GPNMB	97.08800095
GPR1	1.15902648
GPR101	0
GPR107	14.22659065
GPR108	14.7964095
GPR119	0
GPR12	0.004105862
GPR132	1.867120019
GPR135	0.211977787
GPR137	5.900954229
GPR137B	17.27321737
GPR137C	0.224799402
GPR139	0
GPR141	0.86559802
GPR142	0.054111579
GPR143	3.596308624
GPR143P	0
GPR146	0.588566161
GPR148	0
GPR149	0
GPR15	0.364864175
GPR150	0.13694291
GPR151	0
GPR152	0.007611216
GPR153	4.108635691
GPR155	1.448976992
GPR156	0.330350383
GPR157	1.903172312
GPR158	0.692622603
GPR158-AS1	0
GPR160	1.971321951
GPR161	3.686201839
GPR162	0.864832762
GPR17	0.061080647
GPR171	0.975545847
GPR173	0.656173348
GPR174	0.959684762
GPR176	6.825339907
GPR179	0.01728105
GPR18	0.461735121
GPR180	3.2252022
GPR182	0.047275111
GPR183	10.08308789
GPR19	0.082931203
GPR20	0.057433279
GPR21	0
GPR22	0.005906287
GPR25	0.230347908
GPR26	0.002894977
GPR27	1.760141075
GPR3	0.395973949
GPR31	0.026411917
GPR32	0
GPR32P1	0
GPR33	0.020579806
GPR34	4.535605574
GPR35	0.433860236
GPR37	0.198015062
GPR37L1	0.044575522
GPR39	1.23632256
GPR4	1.888244612
GPR42	0
GPR45	0.033286694
GPR50	0.7247235
GPR50-AS1	0.114135348
GPR52	0.049983581
GPR53P	0
GPR55	0.339723758
GPR6	0
GPR61	0.008603067
GPR62	0.029784831
GPR63	0.230246949
GPR65	1.637958202
GPR68	7.346067735
GPR75	1.069643914
GPR75-ASB3	0.046480459
GPR78	0.024713241
GPR79	0.012530446
GPR82	0.344252402
GPR83	0.038100516
GPR84	3.178280517
GPR85	2.022050775
GPR87	29.11910394
GPR88	0.024924497
GPR89A	0.669378826
GPR89B	0.425075226
GPR89P	0.036376011
GPRASP1	0.962409419
GPRASP2	3.557070563
GPRC5A	14.29399663
GPRC5B	3.053948088
GPRC5C	2.080176164
GPRC5D	1.596628562
GPRC5D-AS1	1.617454645
GPRC6A	0.026602023
GPRIN1	4.90227001
GPRIN2	0.98926854
GPRIN3	1.48786378
GPS1	12.2282497
GPS2	0.732371925
GPS2P1	0.011030859
GPS2P2	0
GPSM1	3.309070608
GPSM2	1.453055233
GPSM3	17.87512081
GPT	0.252573058
GPT2	3.327632148
GPX1	93.3235625
GPX1P1	0.430749596
GPX1P2	0.125635299
GPX2	0.290231549
GPX3	29.33162341
GPX4	64.30505827
GPX5	0
GPX6	0
GPX7	9.313463469
GPX8	14.8355818
GRAMD1A	14.95462993
GRAMD1B	0.527679277
GRAMD1C	0.300653736
GRAMD2A	0.717534506
GRAMD2B	7.067201423
GRAMD4	7.285091119
GRAMD4P1	0
GRAMD4P2	0
GRAMD4P3	0
GRAMD4P4	0.009754643
GRAMD4P5	0
GRAMD4P6	0
GRAMD4P7	0
GRAMD4P8	0.009754643
GRAP	0.280049625
GRAP2	0.648368606
GRAPL	0.032178779
GRASP	2.364440717
GRB10	2.558322953
GRB14	0.183847655
GRB2	36.29627074
GRB7	2.763707131
GREB1	0.371317233
GREB1L	0.632709306
GREM1	15.35403632
GREM2	0.725095153
GRHL1	1.603014687
GRHL2	13.81270371
GRHL3	3.823312641
GRHPR	5.72269258
GRIA1	1.219253767
GRIA2	0.004865866
GRIA3	0.213033045
GRIA4	0.005393448
GRID1	0.453108035
GRID1-AS1	0.005179251
GRID2	0.015935096
GRID2IP	0.097345866
GRIFIN	0.012501641
GRIK1	0.071774679
GRIK1-AS1	0.008177765
GRIK2	0.016222468
GRIK3	0.00430281
GRIK4	0.157481452
GRIK5	0.060737927
GRIN1	0.030710673
GRIN2A	0.424578707
GRIN2B	0.002127627
GRIN2C	0.044398759
GRIN2D	1.731942379
GRIN3A	0.15937629
GRIN3B	0.119339038
GRINA	88.04439921
GRIP1	1.766694682
GRIP2	0.227676409
GRIPAP1	7.197425285
GRK1	0.006603781
GRK2	15.44730094
GRK3	3.216279855
GRK4	1.169807802
GRK5	2.691138868
GRK5-IT1	0.054382136
GRK6	11.05124932
GRK6P1	0.114421795
GRK7	0.043653459
GRM1	0.016452242
GRM2	0.065908452
GRM3	0.031603387
GRM4	0.308943916
GRM5	0.002512747
GRM5-AS1	0
GRM6	0.017870157
GRM7	0.056937713
GRM7-AS1	0
GRM7-AS2	0.104581032
GRM7-AS3	0.010971514
GRM8	0.057270951
GRN	201.7577264
GRP	2.645617451
GRPEL1	6.051428547
GRPEL2	3.800227143
GRPEL2-AS1	0.10849304
GRPEL2P1	0
GRPEL2P2	0
GRPEL2P3	0
GRPR	0.095852392
GRSF1	8.150684246
GRTP1	1.518074729
GRTP1-AS1	0.073926439
GRWD1	9.606284044
GRXCR1	0
GRXCR2	0.014560144
GSAP	2.010707146
GSC	0.318376432
GSC2	0.021057942
GSDMA	0.892549863
GSDMB	0.996468614
GSDMC	8.589189519
GSDMD	13.65506109
GSDME	4.949831868
GSE1	5.649370081
GSEC	0.441133635
GSG1	0.007238887
GSG1L	0.008345618
GSG1L2	0
GSK3A	15.40519659
GSK3B	10.28138918
GSKIP	2.929276456
GSN	33.21548338
GSN-AS1	0.130160898
GSPT1	14.64750087
GSPT2	6.738571659
GSR	13.8769369
GSS	25.17083695
GSTA1	1.387571687
GSTA10P	0
GSTA11P	0
GSTA12P	0
GSTA2	0.008283646
GSTA3	0.031833446
GSTA4	9.391232397
GSTA5	0.010673628
GSTA6P	0
GSTA7P	0
GSTA8P	0
GSTA9P	0.048937806
GSTCD	1.352858233
GSTK1	13.02958947
GSTM1	35.85064412
GSTM2	1.251576594
GSTM2P1	0.016630623
GSTM3	5.648872872
GSTM3P1	0
GSTM3P2	0.0246631
GSTM4	3.88842236
GSTM5	0.633086571
GSTM5P1	0.032958871
GSTO1	56.26669781
GSTO2	2.202473787
GSTO3P	0
GSTP1	163.3281565
GSTP1P1	0
GSTT2	0.009754643
GSTT2B	0.207829821
GSTT4	0
GSTZ1	1.726987276
GSX1	0.006540245
GSX2	0
GTDC1	2.56128266
GTF2A1	10.50478812
GTF2A1L	0
GTF2A2	8.764961074
GTF2B	7.987452676
GTF2E1	5.415621663
GTF2E2	10.28964509
GTF2F1	27.34723902
GTF2F2	6.296246252
GTF2F2P1	0.128905805
GTF2F2P2	0
GTF2H1	5.100431536
GTF2H2	0.045130404
GTF2H2B	0.05466915
GTF2H2C	0.333031255
GTF2H3	8.630918659
GTF2H4	0.882871914
GTF2H5	2.410522184
GTF2I	4.40663068
GTF2IP1	0.19992896
GTF2IP11	0
GTF2IP13	0.5421784
GTF2IP14	0.519692772
GTF2IP2	0
GTF2IP20	0.51943951
GTF2IP22	0
GTF2IP23	6.104433554
GTF2IP3	0
GTF2IP4	1.494793001
GTF2IP5	0.25294017
GTF2IP6	0
GTF2IP7	0.067555449
GTF2IP8	0
GTF2IP9	0.939492059
GTF2IRD1	2.892346317
GTF2IRD1P1	0.088426238
GTF2IRD2	0.154163163
GTF2IRD2B	0.389265646
GTF2IRD2P1	0.018497325
GTF3A	16.97969406
GTF3AP1	0
GTF3AP2	0
GTF3AP5	0
GTF3AP6	0
GTF3C1	9.033586865
GTF3C2	9.358309769
GTF3C2-AS1	0.063526627
GTF3C3	4.572538823
GTF3C4	4.614934373
GTF3C5	11.37906843
GTF3C6	24.75992681
GTPBP1	11.64494292
GTPBP10	2.307436761
GTPBP2	15.82303772
GTPBP3	2.836702795
GTPBP4	9.97338448
GTPBP6	13.82671324
GTPBP8	2.162215562
GTSCR1	0.115706673
GTSE1	3.799826793
GTSE1-AS1	0.286598875
GTSF1	0.676544804
GTSF1L	0.065128307
GUCA1A	1.087178124
GUCA1B	0.478836422
GUCA1C	0.009217311
GUCA2A	0.019114986
GUCA2B	0
GUCD1	24.73312536
GUCY1A1	7.090615715
GUCY1A2	1.007138155
GUCY1B1	6.916052589
GUCY1B2	0.131267226
GUCY2C	0.226537988
GUCY2D	0.158838913
GUCY2EP	0.010368377
GUCY2F	0
GUCY2GP	0
GUF1	4.900985538
GUK1	23.16851656
GULOP	0
GULP1	0.54931451
GUSB	40.63675179
GUSBP1	1.241504384
GUSBP10	0
GUSBP11	0.044834128
GUSBP12	0
GUSBP2	0.304602986
GUSBP3	0.01678461
GUSBP4	0.178036756
GUSBP5	0.211603644
GUSBP6	0.006308833
GUSBP8	0
GUSBP9	0.204864213
GVINP1	0.80432456
GVINP2	0
GVQW2	0.17442984
GVQW3	0.113998281
GXYLT1	4.040396162
GXYLT1P1	0
GXYLT1P2	0
GXYLT1P3	0
GXYLT1P4	0.004950581
GXYLT1P5	0.01334531
GXYLT1P6	0.009162955
GXYLT2	7.231178007
GYG1	10.08028893
GYG1P1	0
GYG1P2	0
GYG1P3	0
GYG2	7.762058099
GYG2-AS1	0
GYG2P1	0
GYPA	0
GYPB	0
GYPC	6.129312977
GYPE	0.244231152
GYS1	52.30726458
GYS2	0.027781423
GZF1	4.541301604
GZMA	10.45061639
GZMAP1	0.01723681
GZMB	6.91435527
GZMH	1.692651146
GZMK	2.861123869
GZMM	1.611322563
H19	4.604675061
H1F0	44.81422135
H1FNT	0.03346593
H1FOO	0
H1FX	39.65168651
H1FX-AS1	0.276681045
H2AFB1	0.018528837
H2AFB2	0
H2AFB3	0
H2AFJ	7.648500722
H2AFV	24.50803296
H2AFVP1	0.302887849
H2AFX	24.38772639
H2AFY	9.43175802
H2AFY2	29.18507991
H2AFZ	48.64875275
H2AFZP1	0.027535259
H2AFZP2	0.028472323
H2AFZP3	0.224835706
H2AFZP4	0.02884994
H2AFZP5	0
H2AFZP6	0
H2BFM	0.121362898
H2BFS	0.047288814
H2BFS	0
H2BFWT	0.133826287
H3.Y	0
H3F3A	7.51946261
H3F3AP1	0
H3F3AP2	0.044689994
H3F3AP3	0
H3F3AP4	12.09374033
H3F3AP5	0.050705955
H3F3AP6	0.238169941
H3F3B	79.93305226
H3F3BP1	0.188920573
H3F3BP2	0
H3F3C	0.205798057
H6PD	14.21835282
HAAO	1.79544838
HABP2	0.535345068
HABP4	1.890503265
HACD1	0.971234804
HACD2	28.46652295
HACD3	13.55530498
HACD4	1.95376382
HACE1	1.049025408
HACL1	4.400413794
HADH	10.00061678
HADHA	52.62980734
HADHAP1	0.028572051
HADHAP2	0.047599244
HADHB	22.91673396
HAGH	2.6303661
HAGHL	0.291372592
HAGLR	4.446084381
HAGLROS	1.280721145
HAL	0.107792031
HAMP	0.466132598
HAND1	0.025032054
HAND2	0.033224299
HAND2-AS1	0.001106565
HAO1	0
HAO2	0
HAO2-IT1	0
HAP1	0.18526455
HAPLN1	0.187632443
HAPLN2	0.024266906
HAPLN3	12.27147416
HAPLN4	0.01523736
HAR1A	0.098246155
HAR1B	0.097110958
HARBI1	1.303373519
HARS	7.274158702
HARS2	9.845894585
HAS1	0.863901856
HAS2	8.586926372
HAS2-AS1	0.884163912
HAS3	34.19833351
HASPIN	1.59432792
HAT1	5.213957416
HAUS1	7.103588082
HAUS1P1	0.052290516
HAUS1P2	0.041618982
HAUS1P3	0
HAUS2	4.732491267
HAUS3	1.248165068
HAUS4	8.224789449
HAUS4P1	0
HAUS5	5.019230095
HAUS6	2.368077401
HAUS6P1	0.021037577
HAUS6P2	0
HAUS6P3	0.03930055
HAUS7	0.315219037
HAUS8	0.898342179
HAUS8P1	0
HAVCR1	0.025282258
HAVCR1P1	0.339888353
HAVCR2	7.016496474
HAX1	26.08828432
HBA1	0.026051323
HBA2	2.414160265
HBB	11.64211302
HBBP1	0
HBD	0.061448742
HBE1	0.082042016
HBEGF	6.641900434
HBG1	0
HBG2	0.014560144
HBM	0.011873829
HBP1	7.649976498
HBQ1	0.142042894
HBS1L	3.118190077
HBZ	0.014405864
HBZP1	0
HCAR1	1.231810139
HCAR2	10.35673453
HCAR3	3.93933305
HCCAT5	0
HCCS	15.6881401
HCFC1	17.06357308
HCFC1-AS1	0.031075507
HCFC1R1	25.88179838
HCFC2	2.253008637
HCFC2P1	0
HCG11	1.789571904
HCG14	0
HCG15	1.83381623
HCG17	0.085979662
HCG18	1.911462938
HCG19P	0
HCG20	0.031732829
HCG21	0.017977566
HCG22	0.073788516
HCG23	0.213962504
HCG23	0.009435883
HCG24	0.030338709
HCG25	0.498700815
HCG27	0.26798334
HCG4	0.664791648
HCG4B	0.428032961
HCG4P11	0.142677654
HCG4P3	0.556925494
HCG4P5	1.117216097
HCG4P7	3.011933713
HCG4P8	0.02219679
HCG9	0.077688766
HCG9P5	0.048339677
HCK	14.61212128
HCLS1	19.41868318
HCN1	0.00804916
HCN2	0.718073985
HCN3	0.675652848
HCN4	0.006019052
HCP5	18.97655814
HCRT	0.037699921
HCRTR1	0.03401541
HCRTR2	0.171674769
HCST	5.78420114
HDAC1	23.41601759
HDAC10	0.902890652
HDAC11	2.613555433
HDAC11-AS1	0
HDAC1P1	0
HDAC1P2	0.059641426
HDAC2	6.664018872
HDAC2-AS2	0.060701876
HDAC3	15.13446286
HDAC4	1.502749942
HDAC5	5.839405047
HDAC6	5.865457095
HDAC7	9.413894013
HDAC8	3.053245068
HDAC9	1.20289007
HDC	0.736825712
HDDC2	3.821896752
HDDC3	2.616853383
HDGF	104.0826172
HDGFL1	0
HDGFL2	11.99974289
HDGFL3	3.156593094
HDGFP1	0.129481277
HDHD2	3.643973091
HDHD3	3.766705701
HDHD5	9.179739895
HDHD5-AS1	0.103420862
HDLBP	69.08611622
HDX	0.194810629
HEATR1	6.456864564
HEATR3	9.675158014
HEATR4	0.152461205
HEATR5A	2.119432675
HEATR5B	3.985549218
HEATR6	4.707607296
HEATR9	0.025984639
HEBP1	9.533463439
HEBP2	2.725408347
HECA	9.239344813
HECTD1	11.37880269
HECTD2	0.830414461
HECTD3	7.894353868
HECTD4	2.415079119
HECW1	0.215737226
HECW1-IT1	0.005914316
HECW2	0.875804341
HEG1	15.96341727
HEIH	9.046132631
HELB	1.443515394
HELLPAR	0.01267958
HELLS	2.70731724
HELQ	1.930397411
HELT	0.035198794
HELZ	5.365019601
HELZ2	10.34098906
HEMGN	0.018172811
HEMK1	0.489929158
HENMT1	2.797564152
HEPACAM	0.01136216
HEPACAM2	0.030662501
HEPH	6.747880453
HEPHL1	0.836335195
HEPN1	0
HERC1	4.466523214
HERC2	4.910603466
HERC2P10	0.07272162
HERC2P11	0.030003937
HERC2P2	0.360725729
HERC2P3	1.042232808
HERC2P4	0.010793676
HERC2P5	0.001789475
HERC2P7	0
HERC2P8	0
HERC2P9	0.477725146
HERC3	2.726035287
HERC4	1.971167994
HERC5	3.083099723
HERC6	4.171831772
HERPUD1	36.20130738
HERPUD2	10.39057334
HES1	22.12208346
HES2	3.025364649
HES3	0
HES4	2.850441143
HES5	0.016656091
HES6	0.485888505
HES7	0.029112493
HESX1	0.270167665
HEXA	6.270052054
HEXA-AS1	0.060966521
HEXB	20.95864143
HEXDC	2.260138877
HEXDC-IT1	0.04799306
HEXIM1	9.368833625
HEXIM2	0.362903364
HEY1	5.630031828
HEY2	1.630868887
HEYL	7.6648955
HFE	1.970214495
HFE2	0
HFM1	0.037331139
HGC6.3	0.007067204
HGD	0.051045921
HGF	0.847180411
HGFAC	0.007640623
HGH1	9.910149108
HGS	8.972327776
HGSNAT	18.85344694
HHAT	1.76060222
HHATL	0.007524336
HHATL-AS1	0
HHEX	2.136517996
HHIP	0.72335358
HHIP-AS1	1.047825366
HHIPL1	1.460183961
HHIPL2	0.185186965
HHLA1	0.00354108
HHLA2	0.029987393
HHLA3	2.946069914
HIBADH	10.9841147
HIBCH	3.676168086
HIC1	1.896801702
HIC2	1.25201705
HID1	1.927423688
HID1-AS1	0.160143715
HIF1A	73.12607846
HIF1A-AS1	0.400359287
HIF1A-AS2	0.714211924
HIF1AN	4.143957784
HIF1AP1	0
HIF3A	7.862054901
HIGD1A	14.09714846
HIGD1AP1	0
HIGD1AP10	0
HIGD1AP11	0
HIGD1AP12	0
HIGD1AP13	0
HIGD1AP14	0.077137782
HIGD1AP15	0
HIGD1AP16	0.042156695
HIGD1AP17	0
HIGD1AP18	0.039123839
HIGD1AP2	0
HIGD1AP3	0
HIGD1AP4	0
HIGD1AP5	0
HIGD1AP6	0.155934442
HIGD1AP8	0
HIGD1AP9	0.03898361
HIGD1B	1.023217899
HIGD1C	0.058633031
HIGD2A	40.39583252
HIGD2B	0
HIKESHI	6.050231262
HILPDA	9.993702763
HILS1	0.035689671
HINFP	1.508280483
HINT1	62.05069189
HINT1P1	0.057547234
HINT1P2	0
HINT2	3.419603238
HINT2P1	0
HINT3	7.860302769
HIP1	5.138756558
HIP1R	3.194625083
HIPK1	6.933722402
HIPK1-AS1	0.0211398
HIPK2	4.568918622
HIPK3	15.75838235
HIPK4	0.084279004
HIRA	4.442662557
HIRAP1	0
HIRIP3	3.239963461
HIST1H1A	0.01678461
HIST1H1B	0.111798812
HIST1H1C	78.84562717
HIST1H1D	0.34295041
HIST1H1E	0.263670965
HIST1H1PS1	1.267156578
HIST1H1PS2	0
HIST1H1T	0.015148227
HIST1H2AA	0
HIST1H2AB	0.055350775
HIST1H2AC	26.14124522
HIST1H2AD	1.107015501
HIST1H2AE	2.712187977
HIST1H2AG	0.067675548
HIST1H2AH	0.365358023
HIST1H2AI	8.346522737
HIST1H2AJ	0.056208927
HIST1H2AK	0
HIST1H2AL	0.166052325
HIST1H2AM	0.2214031
HIST1H2APS1	0
HIST1H2APS2	0
HIST1H2APS3	0.568171575
HIST1H2APS4	0.343795116
HIST1H2APS5	0.029475413
HIST1H2APS6	0
HIST1H2BA	0
HIST1H2BB	0.038637397
HIST1H2BC	5.38604853
HIST1H2BD	23.07650706
HIST1H2BE	0.366304546
HIST1H2BF	0.970599811
HIST1H2BG	4.562201562
HIST1H2BH	3.539834606
HIST1H2BI	0.17128232
HIST1H2BJ	0.148835321
HIST1H2BK	156.2380226
HIST1H2BL	0.222877609
HIST1H2BM	0.057094107
HIST1H2BN	0.198583664
HIST1H2BO	0.599488119
HIST1H2BPS1	0
HIST1H2BPS2	0.063978984
HIST1H2BPS3	0
HIST1H3A	0.026463327
HIST1H3B	0.264633268
HIST1H3C	0.105853307
HIST1H3D	1.561336279
HIST1H3E	0.476339882
HIST1H3F	0.423413228
HIST1H3G	0.775920985
HIST1H3H	12.36237411
HIST1H3I	0.132316634
HIST1H3J	0.112272798
HIST1H3PS1	0.182577916
HIST1H4A	0.034860344
HIST1H4B	0.074496077
HIST1H4C	0.250032811
HIST1H4D	0.278882751
HIST1H4E	0.522905159
HIST1H4F	0
HIST1H4G	0
HIST1H4H	13.20513339
HIST1H4I	13.97797418
HIST1H4J	0.291593225
HIST1H4K	0.383463783
HIST1H4L	0
HIST1H4PS1	0.164172488
HIST2H2AA3	0
HIST2H2AA4	0
HIST2H2AB	0.055350775
HIST2H2AC	0.864536529
HIST2H2BA	0.057547234
HIST2H2BB	0.115094469
HIST2H2BC	0.4313066
HIST2H2BD	0.397110936
HIST2H2BE	4.023315584
HIST2H2BF	0.279057271
HIST2H3A	0
HIST2H3C	0
HIST2H3D	0.158779961
HIST2H3DP1	0.026145258
HIST2H3PS2	0
HIST2H4A	0.197120751
HIST2H4B	0
HIST3H2A	3.973845504
HIST3H2BA	0
HIST3H2BB	0.193236018
HIST3H3	0.022612115
HIST4H4	0.442988699
HIVEP1	7.102022706
HIVEP2	6.997234995
HIVEP3	1.75411447
HJURP	5.186299538
HK1	40.14230882
HK2	25.91581432
HK2P1	0.0317908
HK3	5.3390365
HKDC1	0.523519041
HKR1	3.661715424
HLA-A	614.9756747
HLA-B	966.7417794
HLA-C	584.8006899
HLA-DMA	29.1440179
HLA-DMB	11.00493503
HLA-DOA	12.01774731
HLA-DOB	2.558126334
HLA-DPA1	51.17862371
HLA-DPA2	0
HLA-DPA3	0.66493442
HLA-DPB1	106.9911542
HLA-DPB2	3.038601876
HLA-DQA1	38.65865692
HLA-DQA2	12.68202842
HLA-DQB1	30.44468138
HLA-DQB1-AS1	1.359553412
HLA-DQB2	12.52827129
HLA-DQB3	0
HLA-DRA	770.1275275
HLA-DRB1	446.9928031
HLA-DRB5	62.29775857
HLA-DRB6	18.32423724
HLA-DRB9	0.475645509
HLA-E	382.1227084
HLA-F	29.17247174
HLA-F-AS1	0.510117193
HLA-G	2.547909514
HLA-H	42.55302943
HLA-J	0.652319385
HLA-K	1.468370127
HLA-L	0.847590792
HLA-N	0
HLA-P	0.014560144
HLA-S	0.820862438
HLA-T	0.096679354
HLA-U	3.099197026
HLA-V	0.877874828
HLA-W	0.126962186
HLA-Z	0
HLCS	4.996345865
HLCS-IT1	0.061448742
HLF	0.525534733
HLFP1	0
HLTF	7.996629565
HLTF-AS1	0
HLX	2.019633408
HLX-AS1	0.115912191
HM13	19.1794919
HM13-AS1	0.222421826
HM13-IT1	0.824897576
HMBOX1	1.964118164
HMBOX1-IT1	0
HMBS	5.85693177
HMCES	20.64293532
HMCN1	4.097320343
HMCN2	0.136202375
HMG20A	5.226732281
HMG20B	11.10202081
HMGA1	69.55398135
HMGA1P1	0.030724371
HMGA1P2	0.26855376
HMGA1P3	0.13427688
HMGA1P4	0.260513229
HMGA1P5	0
HMGA1P6	0.02781695
HMGA1P7	0
HMGA1P8	0.237180658
HMGA2	5.211194797
HMGB1	20.98250554
HMGB1P1	0.564342926
HMGB1P10	2.356881226
HMGB1P11	0.051223362
HMGB1P12	0
HMGB1P13	0.016941476
HMGB1P14	0.165630873
HMGB1P15	0
HMGB1P16	0
HMGB1P17	0.017319152
HMGB1P18	0
HMGB1P19	0.075399843
HMGB1P20	0.064262495
HMGB1P21	0
HMGB1P22	0
HMGB1P23	0
HMGB1P24	0.088838963
HMGB1P25	0
HMGB1P26	0
HMGB1P27	0.018037193
HMGB1P28	0
HMGB1P29	0
HMGB1P3	0.035313076
HMGB1P30	0
HMGB1P31	0.433019354
HMGB1P32	0
HMGB1P33	0
HMGB1P35	0
HMGB1P36	0
HMGB1P37	0
HMGB1P38	0
HMGB1P39	0.012359576
HMGB1P4	0.057547234
HMGB1P40	0
HMGB1P41	0.098876612
HMGB1P42	0
HMGB1P44	0
HMGB1P45	0
HMGB1P46	0
HMGB1P47	0
HMGB1P48	0
HMGB1P49	0.057344959
HMGB1P5	7.694754145
HMGB1P50	0
HMGB1P51	0.034095383
HMGB1P6	13.9406839
HMGB1P7	0
HMGB1P8	0.057304675
HMGB1P9	0.016836575
HMGB2	31.91594504
HMGB2P1	0.017155248
HMGB3	19.42512917
HMGB3P1	0
HMGB3P10	0.095073665
HMGB3P11	0
HMGB3P12	0
HMGB3P13	0
HMGB3P14	0.018157642
HMGB3P15	0
HMGB3P16	0
HMGB3P17	0
HMGB3P18	0
HMGB3P19	0
HMGB3P2	0
HMGB3P20	0
HMGB3P21	0
HMGB3P22	0.039550645
HMGB3P23	0
HMGB3P24	0.262293263
HMGB3P26	0
HMGB3P27	0
HMGB3P3	0
HMGB3P30	0
HMGB3P31	0
HMGB3P32	0.038775142
HMGB3P4	0.063481093
HMGB3P5	0
HMGB3P6	0.054564017
HMGB3P7	0.017801027
HMGB3P8	0.018849961
HMGB3P9	0.018655964
HMGB4	0.004246945
HMGCL	3.661999647
HMGCLL1	0.11556204
HMGCR	13.45771938
HMGCS1	40.2071585
HMGCS2	0.32997329
HMGN1	13.68613549
HMGN1P10	0
HMGN1P11	0
HMGN1P12	0.05577655
HMGN1P13	0
HMGN1P14	0
HMGN1P15	0
HMGN1P16	0
HMGN1P17	0
HMGN1P18	0
HMGN1P19	0
HMGN1P2	0.035085249
HMGN1P20	0
HMGN1P24	0.036498078
HMGN1P26	0
HMGN1P28	0.05976059
HMGN1P3	0
HMGN1P30	0
HMGN1P31	0
HMGN1P32	0
HMGN1P33	0.024116247
HMGN1P34	0
HMGN1P35	0.036620967
HMGN1P36	0.40147886
HMGN1P37	0.430749596
HMGN1P38	0.969186591
HMGN1P4	0.600078747
HMGN1P5	0.041355237
HMGN1P6	0
HMGN1P7	0.034748969
HMGN1P8	0.188826863
HMGN1P9	0
HMGN2	47.2988036
HMGN2P10	0
HMGN2P11	0.026988653
HMGN2P13	0.03969499
HMGN2P15	2.497549972
HMGN2P16	0
HMGN2P17	0.702649408
HMGN2P18	0
HMGN2P19	0
HMGN2P20	0
HMGN2P21	0
HMGN2P22	0
HMGN2P23	0.242596891
HMGN2P24	0.039840393
HMGN2P25	0.040583684
HMGN2P26	0
HMGN2P27	0.040283064
HMGN2P28	0.083026163
HMGN2P3	0.876488647
HMGN2P30	0.042486044
HMGN2P31	0
HMGN2P32	0
HMGN2P34	0
HMGN2P35	0.080566128
HMGN2P36	0
HMGN2P38	0
HMGN2P39	0
HMGN2P4	0.285470533
HMGN2P40	0
HMGN2P41	0.34318824
HMGN2P46	0.179455772
HMGN2P47	0
HMGN2P5	1.195211791
HMGN2P6	0.119521179
HMGN2P7	0.039840393
HMGN2P8	0
HMGN2P9	0
HMGN3	31.91062249
HMGN3-AS1	0.276894789
HMGN3P1	0.225418182
HMGN4	50.59160766
HMGN5	3.50692751
HMGXB3	9.612170699
HMGXB4	6.611694316
HMHB1	0.056648059
HMMR	3.622712446
HMMR-AS1	0.022730256
HMOX1	31.20471865
HMOX2	8.097819849
HMSD	0.089395293
HMX1	0.51236901
HMX2	0.106893634
HMX3	0
HNF1A	0.010815858
HNF1A-AS1	0
HNF1B	0.324723928
HNF4A	0.007438399
HNF4A-AS1	0
HNF4G	0.316833088
HNF4GP1	0
HNMT	6.51304982
HNRNPA0	23.9067013
HNRNPA1	101.4755931
HNRNPA1L2	1.051159197
HNRNPA1P1	0
HNRNPA1P10	0.440936242
HNRNPA1P11	0
HNRNPA1P12	0.181085158
HNRNPA1P13	0
HNRNPA1P14	0.04653017
HNRNPA1P15	0
HNRNPA1P16	2.027229381
HNRNPA1P17	0
HNRNPA1P18	0
HNRNPA1P19	0
HNRNPA1P2	0.033988835
HNRNPA1P20	0
HNRNPA1P21	2.738913013
HNRNPA1P22	0.022994561
HNRNPA1P23	0.028799013
HNRNPA1P24	0
HNRNPA1P25	0.023215426
HNRNPA1P26	0.019920197
HNRNPA1P27	0.102500362
HNRNPA1P28	0.033953467
HNRNPA1P29	0
HNRNPA1P3	0
HNRNPA1P30	0.040183845
HNRNPA1P31	0
HNRNPA1P32	0.033882951
HNRNPA1P33	0.174488138
HNRNPA1P34	0.022897742
HNRNPA1P35	0.124237487
HNRNPA1P36	0.034166787
HNRNPA1P37	0.03367315
HNRNPA1P38	0.454605112
HNRNPA1P39	0.124625729
HNRNPA1P4	0.474764684
HNRNPA1P40	0
HNRNPA1P41	0.035160864
HNRNPA1P42	0
HNRNPA1P43	0.011952118
HNRNPA1P44	0.012373637
HNRNPA1P45	0.01008945
HNRNPA1P46	0
HNRNPA1P47	0.035047564
HNRNPA1P48	2.061545043
HNRNPA1P49	0.192503138
HNRNPA1P5	0
HNRNPA1P50	0.05860144
HNRNPA1P51	0.045940559
HNRNPA1P52	0.080395978
HNRNPA1P53	0.022994561
HNRNPA1P54	0.008957321
HNRNPA1P55	0.056944646
HNRNPA1P56	0.022801734
HNRNPA1P57	0
HNRNPA1P58	0
HNRNPA1P59	0.13032756
HNRNPA1P6	0.045177268
HNRNPA1P60	0.034310496
HNRNPA1P61	0.02354205
HNRNPA1P62	0.011424819
HNRNPA1P63	0.011294317
HNRNPA1P64	0
HNRNPA1P65	0
HNRNPA1P66	0.104804974
HNRNPA1P67	0.035236805
HNRNPA1P68	0.011109732
HNRNPA1P69	0.011657478
HNRNPA1P7	0.045177268
HNRNPA1P70	0.040023652
HNRNPA1P71	0
HNRNPA1P72	0
HNRNPA1P73	0
HNRNPA1P74	0
HNRNPA1P76	0.025651951
HNRNPA1P8	0.148678817
HNRNPA1P9	0.022897742
HNRNPA2B1	90.15852942
HNRNPA3	45.22560172
HNRNPA3P1	0.019098204
HNRNPA3P10	0.143362398
HNRNPA3P11	0.023289994
HNRNPA3P12	0.08185458
HNRNPA3P13	0.058162713
HNRNPA3P14	0.009457763
HNRNPA3P15	0.010600806
HNRNPA3P16	0
HNRNPA3P2	0.049288945
HNRNPA3P3	0.315674671
HNRNPA3P4	0
HNRNPA3P5	0.37865113
HNRNPA3P6	1.664979924
HNRNPA3P7	0.011075792
HNRNPA3P8	0.011166763
HNRNPA3P9	0.077768122
HNRNPAB	62.65647544
HNRNPABP1	0.044454063
HNRNPC	48.09496925
HNRNPCL1	0.009056143
HNRNPCL2	0
HNRNPCL3	0
HNRNPCL4	0
HNRNPCP1	0.695750571
HNRNPCP10	0
HNRNPCP2	13.14800803
HNRNPCP3	0.049720811
HNRNPCP4	0.024169838
HNRNPCP6	0.024974575
HNRNPCP7	0.456689765
HNRNPCP8	0.012248229
HNRNPCP9	0
HNRNPD	24.39678772
HNRNPDL	34.60753638
HNRNPDLP1	0
HNRNPDLP2	0.014482593
HNRNPDLP3	0
HNRNPDLP4	0.07226862
HNRNPDP1	0.02884994
HNRNPDP2	0
HNRNPF	64.55642738
HNRNPFP1	0
HNRNPH1	25.24753788
HNRNPH1P1	0.082605777
HNRNPH1P2	0
HNRNPH1P3	0
HNRNPH2	41.79327124
HNRNPH3	27.26090572
HNRNPH3P1	0
HNRNPK	109.1407156
HNRNPKP1	0.583651646
HNRNPKP2	0.17996966
HNRNPKP3	0.004328065
HNRNPKP4	0.345283406
HNRNPKP5	0.042989831
HNRNPL	27.73241806
HNRNPLL	5.666833469
HNRNPLP1	0.021738362
HNRNPLP2	0.623489463
HNRNPM	47.23322008
HNRNPMP1	0
HNRNPMP2	0
HNRNPR	19.02873328
HNRNPRP1	0.038500628
HNRNPRP2	0
HNRNPU	51.02874225
HNRNPUL1	65.8220834
HNRNPUL2	16.82322129
HNRNPUL2-BSCL2	0.239221595
HNRNPUP1	0.391943326
HOGA1	0.031465074
HOMER1	2.902030163
HOMER2	2.342672083
HOMER2P1	0
HOMER2P2	0
HOMER3	9.19824097
HOMER3-AS1	0.272763067
HOMEZ	5.157163937
HOOK1	4.701101529
HOOK2	3.612070645
HOOK3	4.598767424
HOPX	4.149680375
HORMAD1	1.28436813
HORMAD2	0.016895421
HORMAD2-AS1	0.098258204
HOTAIR	0.117040724
HOTAIRM1	8.033724708
HOTTIP	0.015178427
HOXA1	2.531693002
HOXA10	0.862603082
HOXA10-AS	0.019727498
HOXA11	0.212153978
HOXA11-AS	0.082029962
HOXA13	0.438393157
HOXA2	0.256644745
HOXA3	3.043682047
HOXA4	0.298837155
HOXA5	2.134506822
HOXA6	0.110033895
HOXA7	0.139846224
HOXA9	0.100541421
HOXA-AS2	0.961804876
HOXA-AS3	0.029164209
HOXB1	0
HOXB13	1.327005696
HOXB2	2.951907066
HOXB3	1.215137331
HOXB4	0.645579794
HOXB5	2.238167303
HOXB6	1.278105512
HOXB7	4.370501545
HOXB8	0.196210536
HOXB9	1.318993314
HOXB-AS1	0.593005978
HOXB-AS2	0.090100581
HOXB-AS3	0.443471683
HOXB-AS4	0.910433376
HOXC10	1.642429176
HOXC11	1.385786755
HOXC12	0.032612975
HOXC13	2.275835179
HOXC13-AS	1.096912412
HOXC4	0.90204498
HOXC5	0.132565873
HOXC6	1.038483736
HOXC8	2.147648164
HOXC9	1.528789066
HOXC-AS1	0.532797959
HOXC-AS2	0.883464311
HOXC-AS3	0.048977157
HOXD1	0.341437211
HOXD10	0.90906246
HOXD11	0.510315783
HOXD12	0.064644442
HOXD13	1.985919091
HOXD3	0.061310188
HOXD4	0.037146268
HOXD8	0.264774191
HOXD9	0.930603405
HOXD-AS2	0.076112157
HP	6.519819508
HP1BP3	16.9869275
HPCA	0.098330332
HPCAL1	4.570645494
HPCAL4	0.293720528
HPD	0.082840172
HPDL	0.206979279
HPF1	10.2704982
HPGD	1.90814514
HPGDS	1.071670714
HPN	1.01041366
HPN-AS1	0.019353073
HPR	0.175644168
HPRT1	24.86710256
HPRT1P1	0
HPRT1P2	0
HPRT1P3	0
HPS1	10.00032195
HPS3	3.894372945
HPS4	3.57604663
HPS5	5.778894529
HPS6	10.12505463
HPSE	2.488146893
HPSE2	0.07626538
HPVC1	0
HPX	0.116821995
HPYR1	0.022151583
HR	0.492807157
HRAS	17.29434071
HRASLS	1.051356959
HRASLS2	0.205215609
HRASLS5	0.113157444
HRC	0.170134058
HRCT1	0.194630804
HRG	0
HRH1	3.10250775
HRH2	2.336417716
HRH3	0.004072043
HRH4	0.017791321
HRK	0.277743292
HRNR	0.020344559
HS1BP3	2.572931195
HS1BP3-IT1	0.181273788
HS2ST1	7.014263451
HS3ST1	0.515451551
HS3ST2	1.415396873
HS3ST3A1	2.690136128
HS3ST3B1	3.025620636
HS3ST4	0.012875321
HS3ST5	0.06625504
HS3ST6	0.008543933
HS6ST1	37.77834004
HS6ST1P1	0.766814566
HS6ST2	3.890718738
HS6ST2-AS1	0
HS6ST3	0.009753394
hsa-mir-1253	0
HSBP1	21.42741819
HSBP1L1	2.798458191
HSBP1P1	0
HSBP1P2	0.094990631
HSCB	6.836823999
HSD11B1	6.649501157
HSD11B1L	0.727276984
HSD11B2	1.513100581
HSD17B1	0.538246667
HSD17B10	55.09422545
HSD17B11	16.29454077
HSD17B12	8.750465171
HSD17B13	0.072600266
HSD17B14	5.204722821
HSD17B1P1	0.489723952
HSD17B2	2.553397906
HSD17B3	0.645391114
HSD17B3-AS1	0.010145921
HSD17B4	11.86086884
HSD17B6	4.069085917
HSD17B7	1.69581541
HSD17B7P1	0
HSD17B7P2	0.324992848
HSD17B8	14.26660318
HSD3B1	0
HSD3B2	0.004656005
HSD3B7	3.605132415
HSD3BP1	0
HSD3BP2	0
HSD3BP3	0.01094208
HSD3BP4	0.058266575
HSD3BP5	0.355501599
HSDL1	9.331960142
HSDL2	6.96343189
HSF1	14.1248044
HSF2	3.550336372
HSF2BP	0.370528184
HSF4	1.810585499
HSF5	0.0212534
HSFX1	0
HSFX2	0.047808472
HSFY1	0
HSFY1P1	0
HSFY2	0
HSFY3P	0
HSFY4P	0
HSFY5P	0
HSFY6P	0
HSFY7P	0
HSFY8P	0
HSH2D	2.154159968
HSP90AA1	139.3459348
HSP90AA2P	0.118868058
HSP90AA4P	0.019526799
HSP90AA5P	0.069466233
HSP90AA6P	0.012750794
HSP90AB1	512.900193
HSP90AB2P	0.671793248
HSP90AB3P	0.56559424
HSP90AB6P	0
HSP90AB7P	0
HSP90B1	282.5597441
HSP90B2P	0.100369715
HSP90B3P	0.069409236
HSPA12A	1.138530367
HSPA12B	2.288502475
HSPA13	16.31982761
HSPA14	5.013811753
HSPA1A	3.61817517
HSPA1B	22.94792415
HSPA1L	0.77383386
HSPA2	1.2538862
HSPA4	33.09547476
HSPA4L	0.686971658
HSPA5	225.3491091
HSPA6	7.339638834
HSPA7	2.285912328
HSPA8	244.0455852
HSPA8P1	0.148341889
HSPA8P11	0.02292187
HSPA8P13	0
HSPA8P14	0.006025721
HSPA8P15	0.138376938
HSPA8P16	0.005831865
HSPA8P17	0
HSPA8P18	0
HSPA8P19	0.021509085
HSPA8P20	0
HSPA8P3	0.013944138
HSPA8P4	0.033988835
HSPA8P5	0.04731167
HSPA8P6	0
HSPA8P7	0.022333526
HSPA8P8	0.035777721
HSPA8P9	0.022390998
HSPA9	44.70071972
HSPA9P1	0.03216292
HSPB1	147.9966246
HSPB11	2.517442536
HSPB1P1	6.245448487
HSPB1P2	0.378483734
HSPB2	0.488828193
HSPB2-C11orf52	0.0211398
HSPB3	26.1367207
HSPB6	2.684367945
HSPB7	0.603627807
HSPB8	6.347117888
HSPB9	0.045271289
HSPBAP1	1.667291855
HSPBP1	28.63437367
HSPD1	71.06444936
HSPD1P1	0.352885243
HSPD1P10	0.01297903
HSPD1P11	0.051123043
HSPD1P12	0.010174394
HSPD1P14	0
HSPD1P15	0
HSPD1P16	0
HSPD1P18	0
HSPD1P2	0
HSPD1P21	0
HSPD1P3	0
HSPD1P4	0.121417226
HSPD1P5	0.259263674
HSPD1P6	0.169710201
HSPD1P7	0.032255122
HSPD1P8	0
HSPD1P9	0
HSPE1	24.21751794
HSPE1-MOB4	0.061103524
HSPE1P1	0
HSPE1P10	0
HSPE1P11	0
HSPE1P12	0
HSPE1P13	0
HSPE1P14	0
HSPE1P16	0
HSPE1P18	0.11653315
HSPE1P19	0
HSPE1P2	0.21326328
HSPE1P20	0
HSPE1P21	0
HSPE1P22	0
HSPE1P23	0
HSPE1P24	0
HSPE1P25	0
HSPE1P26	0.039550645
HSPE1P27	0
HSPE1P28	0
HSPE1P3	0.070397588
HSPE1P4	0.035313076
HSPE1P5	0.519829246
HSPE1P6	0.149504155
HSPE1P7	0
HSPE1P8	0.037765373
HSPE1P9	0.034972435
HSPG2	48.18972701
HSPH1	12.41001651
HTATIP2	10.33202264
HTATSF1	27.06274305
HTATSF1P1	0
HTATSF1P2	0
HTD2	0.020531245
HTN1	0
HTN3	0
HTR1A	0
HTR1B	0.172641703
HTR1D	0.337610442
HTR1DP1	0
HTR1E	0.005300403
HTR1F	0.058885116
HTR2A	0.141176955
HTR2A-AS1	0
HTR2B	0.208230799
HTR2C	0.952417425
HTR3A	0.078473501
HTR3B	0
HTR3C	0.025636835
HTR3D	0
HTR3E	0.008621821
HTR3E-AS1	0
HTR4	0.013894655
HTR5A	0
HTR5A-AS1	0.007968079
HTR5BP	0.009549102
HTR6	0.038374491
HTR7	1.858476079
HTR7P1	1.114519415
HTRA1	54.63352561
HTRA2	5.403783106
HTRA3	47.32113761
HTRA4	0.571077328
HTT	5.36201626
HTT-AS	0.021119276
HUNK	1.173668005
HUNK-AS1	0
HUS1	2.775741321
HUS1B	0.084889189
HUWE1	26.26300486
HVCN1	3.016969936
HYAL1	1.61479524
HYAL2	9.670328429
HYAL3	0.641046796
HYAL4	0.035751587
HYALP1	0
HYDIN	0.01301008
HYDIN2	0.06908734
HYI	1.270239684
HYI-AS1	0.079826989
HYKK	0.373537717
HYLS1	1.773448799
HYOU1	62.83702493
HYPK	0.176935467
HYPM	0
IAH1	3.556746367
IAPP	0.005019117
IARS	15.77603662
IARS2	29.93694179
IARS2P1	0
IBA57	1.112228841
IBA57-AS1	0.186646958
IBSP	1.203020096
IBTK	4.623915664
ICA1	1.458788859
ICA1L	0.229884857
ICAM1	91.97712669
ICAM2	2.485178115
ICAM3	1.699672198
ICAM4	0
ICAM5	1.077618373
ICE1	11.10328064
ICE2	1.919169714
ICE2P1	0.00588233
ICE2P2	0
ICK	6.022958462
ICMT	17.56842055
ICOS	1.632492112
ICOSLG	0.113994614
ID1	26.5074323
ID2	16.34670298
ID2-AS1	0.084477105
ID3	31.12825019
ID4	6.932330368
IDE	6.208156609
IDH1	16.68440722
IDH1-AS1	0.149447093
IDH2	63.97921146
IDH2-DT	0
IDH3A	3.190333768
IDH3B	25.5153273
IDH3G	18.94267721
IDI1	17.45562029
IDI2	0.024009773
IDI2-AS1	0.127857688
IDNK	1.061261098
IDO1	12.79089196
IDO2	0.073423227
IDS	11.97437056
IDSP1	0.086780005
IDUA	1.136586653
IER2	17.99638019
IER3	62.47528925
IER3-AS1	0.412767639
IER3IP1	9.528058864
IER5	10.94135344
IER5L	2.375081136
IFFO1	2.136403747
IFFO2	6.143037072
IFI16	50.67174213
IFI27	44.82756098
IFI27L1	2.074747056
IFI27L2	7.558527995
IFI30	0.604976609
IFI35	22.48603494
IFI44	11.77834889
IFI44L	3.151402323
IFI6	130.4291102
IFIH1	8.753025855
IFIT1	7.712289983
IFIT1B	0.016546289
IFIT1P1	0.015012322
IFIT2	8.245385555
IFIT3	41.98136142
IFIT5	8.443791752
IFIT6P	0
IFITM1	109.9022695
IFITM10	3.19881547
IFITM2	44.88729036
IFITM3	341.9619746
IFITM4P	0.155377533
IFITM5	0
IFITM8P	0
IFITM9P	0.219725804
IFNA1	0.009433155
IFNA10	0
IFNA11P	0
IFNA12P	0
IFNA13	0
IFNA14	0
IFNA16	0
IFNA17	0
IFNA2	0
IFNA20P	0.205992941
IFNA21	0.021243022
IFNA22P	0
IFNA4	0
IFNA5	0
IFNA6	0
IFNA7	0
IFNA8	0
IFNAR1	12.98577409
IFNAR2	6.602703264
IFNB1	0.025323463
IFNE	0.191720074
IFNG	0.357189731
IFNG-AS1	0.327572399
IFNGR1	44.21642089
IFNGR2	35.01401207
IFNK	0.076325806
IFNL1	0.025382561
IFNL2	0.177092439
IFNL3	0.070534548
IFNL3P1	0.021709436
IFNL4	0.00592398
IFNL4P1	0
IFNLR1	2.277797388
IFNNP1	0
IFNW1	0.005629621
IFNWP15	0
IFNWP18	0
IFNWP19	0.711003198
IFNWP2	0
IFNWP4	0
IFNWP5	0
IFNWP9	0
IFRD1	2.384710058
IFRD2	7.474613695
IFT122	4.150334493
IFT140	2.266366217
IFT172	2.789989385
IFT20	3.707489937
IFT22	3.253452115
IFT27	2.246174398
IFT43	2.927667271
IFT46	6.738594049
IFT52	13.0799521
IFT57	10.68581545
IFT74	2.485212948
IFT74-AS1	0.053710752
IFT80	1.875141542
IFT81	1.176921041
IFT88	0.913043234
IGBP1	30.12338108
IGBP1-AS1	0.120403254
IGBP1-AS2	0.063604838
IGBP1P1	0.010779413
IGBP1P3	0
IGBP1P4	0
IGBP1P5	0
IGDCC3	0.025467139
IGDCC4	1.019840169
IGF1	0.205773881
IGF1R	16.94867651
IGF2	27.33054958
IGF2-AS	0.21608796
IGF2BP1	4.76895934
IGF2BP2	29.93486812
IGF2BP2-AS1	0.015924491
IGF2BP3	1.965450027
IGF2R	17.45436448
IGFALS	0.138084138
IGFBP1	0.006579811
IGFBP2	94.24411704
IGFBP3	86.98048564
IGFBP4	305.6523262
IGFBP5	242.3153869
IGFBP6	8.333775411
IGFBP7	165.6936349
IGFBP7-AS1	0.206277069
IGFBPL1	0.955294621
IGFL1	83.34822635
IGFL1P1	6.858191657
IGFL1P2	0.065917741
IGFL2	18.80285906
IGFL2-AS1	3.931912324
IGFL3	16.82396005
IGFL4	0.928511109
IGFLR1	0.646759862
IGFN1	0.008976913
IGHA1	6204.141049
IGHA2	434.8844502
IGHD	74.29465883
IGHD1-1	0.639789841
IGHD1-14	0
IGHD1-20	0
IGHD1-26	0
IGHD1-7	0
IGHD1OR15-1A	0
IGHD1OR15-1B	0
IGHD2-15	2.455967454
IGHD2-2	2.455967454
IGHD2-21	0
IGHD2-8	0.350852493
IGHD3-10	0
IGHD3-16	0.881872484
IGHD3-22	0
IGHD3-3	14.73580473
IGHD3-9	8.771312336
IGHD4-11	0
IGHD4-17	2.719106824
IGHD4-23	0.572443542
IGHD4-4	0
IGHD4OR15-4A	0
IGHD4OR15-4B	0
IGHD5-12	1.41866443
IGHD5-18	0
IGHD5-24	1.08764273
IGHD5-5	0
IGHD5OR15-5A	0
IGHD5OR15-5B	0
IGHD6-13	0
IGHD6-19	0.517925109
IGHD6-25	1.812737883
IGHD6-6	0.604245961
IGHD7-27	0
IGHE	1.848684526
IGHEP1	0.116950831
IGHEP2	0.008659576
IGHG1	1462.801148
IGHG2	1609.759281
IGHG3	189.2327621
IGHG4	1574.068828
IGHGP	132.5945436
IGHJ1	13.80469619
IGHJ1P	0.197753224
IGHJ2	106.2543282
IGHJ2P	0.362547577
IGHJ3	84.56977143
IGHJ3P	8.0485562
IGHJ4	0
IGHJ5	0
IGHJ6	0
IGHM	116.6889182
IGHMBP2	2.972721892
IGHV1-12	2.281396945
IGHV1-14	7.356255807
IGHV1-17	1.009488761
IGHV1-18	239.7854301
IGHV1-2	89.30668361
IGHV1-24	135.5451597
IGHV1-3	12.47347232
IGHV1-45	8.89167779
IGHV1-46	234.1835942
IGHV1-58	5.963644919
IGHV1-67	3.625475766
IGHV1-68	0.737384902
IGHV1-69	5.755002793
IGHV1-69D	158.171304
IGHV1OR15-1	0.184868453
IGHV1OR15-2	6.501207251
IGHV1OR15-3	10.72149244
IGHV1OR15-4	0.156270507
IGHV1OR15-6	0.095129102
IGHV1OR15-9	4.929825404
IGHV1OR16-1	0.110983952
IGHV1OR16-2	0
IGHV1OR16-3	3.024177346
IGHV1OR16-4	0.106111486
IGHV1OR21-1	2.957895242
IGHV2-26	22.63781325
IGHV2-5	22.58728949
IGHV2-70	103.964062
IGHV2-70D	3.533585827
IGHV2OR16-5	0.091143246
IGHV3-11	72.29489941
IGHV3-13	7.537617057
IGHV3-15	300.9808588
IGHV3-16	0.435057092
IGHV3-19	2.578946679
IGHV3-20	13.05171276
IGHV3-21	156.443495
IGHV3-22	0.757411372
IGHV3-23	266.699061
IGHV3-25	1.17750495
IGHV3-29	0.162820768
IGHV3-30	415.3735344
IGHV3-30-2	0.063051752
IGHV3-32	0
IGHV3-33	178.4137842
IGHV3-33-2	0.094304283
IGHV3-35	3.982079939
IGHV3-36	0.162739561
IGHV3-37	0.639789841
IGHV3-38	1.506359649
IGHV3-41	5.46946775
IGHV3-42	0.542014649
IGHV3-43	99.36643833
IGHV3-47	3.181760821
IGHV3-48	55.13744394
IGHV3-49	129.5177977
IGHV3-50	1.132246375
IGHV3-52	3.01951806
IGHV3-53	18.38135261
IGHV3-54	0.030811409
IGHV3-57	0
IGHV3-6	0.250753367
IGHV3-60	1.290423578
IGHV3-62	9.212973711
IGHV3-63	4.68866514
IGHV3-64	8.413839985
IGHV3-65	3.604211978
IGHV3-66	17.77926523
IGHV3-7	6.702914497
IGHV3-71	2.454012844
IGHV3-72	28.55062166
IGHV3-73	76.75721232
IGHV3-74	124.7546593
IGHV3-75	0.273429737
IGHV3-76	1.437900558
IGHV3-79	0.733600668
IGHV3OR15-7	3.120534851
IGHV3OR16-10	4.599174971
IGHV3OR16-11	0.779113703
IGHV3OR16-12	0.831908037
IGHV3OR16-13	3.142763695
IGHV3OR16-15	0.499159707
IGHV3OR16-16	0.348806706
IGHV3OR16-6	1.299128816
IGHV3OR16-7	0.211486086
IGHV3OR16-8	7.635314292
IGHV3OR16-9	4.069411574
IGHV4-28	35.4187656
IGHV4-31	172.1931574
IGHV4-34	57.56349147
IGHV4-39	472.4975934
IGHV4-4	9.833124919
IGHV4-55	23.7626292
IGHV4-59	210.3874573
IGHV4-61	18.77790183
IGHV4OR15-8	0.49298254
IGHV5-51	419.2464805
IGHV5-78	7.890018446
IGHV6-1	5.660983846
IGHV7-27	0.659177412
IGHV7-34-1	0.403981585
IGHV7-40	0.273277068
IGHV7-56	2.385996871
IGHV7-81	2.390128468
IGHVII-1-1	0
IGHVII-15-1	0
IGHVII-22-1	0.041043122
IGHVII-26-2	0
IGHVII-28-1	0.293957495
IGHVII-30-1	0
IGHVII-33-1	0
IGHVII-40-1	0.562573826
IGHVII-44-2	0
IGHVII-46-1	0
IGHVII-49-1	0.048555479
IGHVII-51-2	0.125981783
IGHVII-53-1	0.127957968
IGHVII-60-1	0.127458132
IGHVII-62-1	0
IGHVII-65-1	0
IGHVII-67-1	0
IGHVII-74-1	0
IGHVII-78-1	0
IGHVIII-11-1	0.040735683
IGHVIII-13-1	0.149504155
IGHVIII-2-1	0
IGHVIII-22-2	0.388443832
IGHVIII-25-1	0.045130404
IGHVIII-26-1	0
IGHVIII-38-1	0
IGHVIII-47-1	0.032859297
IGHVIII-5-1	0
IGHVIII-51-1	0.720293198
IGHVIII-5-2	0.041672135
IGHVIII-67-2	0.617978824
IGHVIII-67-3	0
IGHVIII-67-4	0
IGHVIII-76-1	0.038029466
IGHVIII-82	0
IGHVIV-44-1	0
IGIP	2.296064756
IGJP1	0.022897742
IGKC	2081.844526
IGKJ1	0
IGKJ2	0
IGKJ3	0
IGKJ4	0
IGKJ5	14.02486678
IGKV1-12	5.055625754
IGKV1-13	0.72091593
IGKV1-16	136.5308136
IGKV1-17	157.5067805
IGKV1-22	0
IGKV1-27	83.96487984
IGKV1-32	0.034972435
IGKV1-33	2.841821859
IGKV1-35	0.076325806
IGKV1-37	0.245949361
IGKV1-39	16.9431782
IGKV1-5	471.5912565
IGKV1-6	94.1097183
IGKV1-8	33.70544554
IGKV1-9	197.2116989
IGKV1D-12	1.465825781
IGKV1D-13	2.487693478
IGKV1D-16	3.913211938
IGKV1D-17	1.063109435
IGKV1D-22	0.03356922
IGKV1D-27	1.266210939
IGKV1D-32	0.205215609
IGKV1D-33	0.976380739
IGKV1D-35	0.160537672
IGKV1D-37	0.123245635
IGKV1D-39	18.22380106
IGKV1D-42	3.615755992
IGKV1D-43	0.960887374
IGKV1D-8	10.2857599
IGKV1OR10-1	0.462826694
IGKV1OR1-1	0.376130051
IGKV1OR-2	0.124302026
IGKV1OR2-1	0.030724371
IGKV1OR2-108	29.02434707
IGKV1OR2-11	1.440084451
IGKV1OR2-118	0.219409196
IGKV1OR2-2	0.09191347
IGKV1OR22-1	1.691888691
IGKV1OR22-5	1.659116028
IGKV1OR2-3	0.981899687
IGKV1OR2-6	3.14120644
IGKV1OR2-9	0.49266047
IGKV1OR-3	0.343795116
IGKV1OR9-1	0.229783675
IGKV1OR9-2	0.628241288
IGKV2-10	0
IGKV2-14	0
IGKV2-18	0.634194012
IGKV2-19	0
IGKV2-23	0
IGKV2-24	116.7682079
IGKV2-26	0.983000718
IGKV2-28	7.808717034
IGKV2-29	0.672467279
IGKV2-30	6.386415003
IGKV2-36	0
IGKV2-38	0
IGKV2-4	0.15994746
IGKV2-40	0.135955341
IGKV2D-10	0
IGKV2D-14	0
IGKV2D-18	0.058007612
IGKV2D-19	0
IGKV2D-23	0
IGKV2D-24	1.171307555
IGKV2D-26	0
IGKV2D-28	2.570299983
IGKV2D-29	16.1786856
IGKV2D-30	0.385493626
IGKV2D-36	0
IGKV2D-38	0.045318447
IGKV2D-40	18.22448979
IGKV2OR2-1	0.393554935
IGKV2OR2-10	0
IGKV2OR2-2	0.181273788
IGKV2OR22-3	0.120849192
IGKV2OR22-4	8.831540421
IGKV2OR2-7	0.286221771
IGKV2OR2-7D	0.035777721
IGKV2OR2-8	0.072509515
IGKV3-11	450.3823102
IGKV3-15	219.8416323
IGKV3-20	546.4588985
IGKV3-25	0
IGKV3-31	0.03305905
IGKV3-34	0
IGKV3-7	17.64669777
IGKV3D-11	13.03806034
IGKV3D-15	5.932596708
IGKV3D-20	20.11528015
IGKV3D-25	0.277696016
IGKV3D-31	0
IGKV3D-34	0
IGKV3D-7	0.906368941
IGKV3OR22-2	0.069497938
IGKV3OR2-268	2.98324863
IGKV3OR2-5	0.38706147
IGKV4-1	667.6266451
IGKV5-2	10.63650611
IGKV6-21	19.93118697
IGKV6D-21	1.888083956
IGKV6D-41	0.029316516
IGKV7-3	2.554865473
IGLC1	0
IGLC2	1699.2652
IGLC3	843.1820781
IGLC4	0.175426247
IGLC5	0.074241825
IGLC6	3.225186643
IGLC7	20.61835197
IGLCOR22-1	0.103257221
IGLCOR22-2	0
IGLJ1	0.685129279
IGLJ2	4.039815853
IGLJ3	0.370787294
IGLJ4	0
IGLJ5	0
IGLJ6	0
IGLJ7	0
IGLJCOR18	0.359127316
IGLL1	0.481257845
IGLL3P	0.776887664
IGLL4P	0.081777649
IGLL5	61.23270174
IGLON5	0.934888609
IGLV10-54	6.406662655
IGLV10-67	0
IGLV11-55	0.051063039
IGLV1-36	17.21409104
IGLV1-40	679.2555996
IGLV1-41	4.205909078
IGLV1-44	264.6442042
IGLV1-47	218.0897375
IGLV1-50	2.739248356
IGLV1-51	593.0915805
IGLV1-62	0.172641703
IGLV2-11	193.0293935
IGLV2-14	450.0189434
IGLV2-18	10.70193916
IGLV2-23	243.4196428
IGLV2-28	1.287997969
IGLV2-33	0.871170148
IGLV2-34	1.268275975
IGLV2-5	1.020892093
IGLV2-8	47.34690424
IGLV3-1	164.1575346
IGLV3-10	147.2262503
IGLV3-12	1.963799373
IGLV3-13	0.292639299
IGLV3-15	0.445755217
IGLV3-16	2.436319715
IGLV3-17	0.133726565
IGLV3-19	1003.747105
IGLV3-2	0
IGLV3-21	914.5774522
IGLV3-22	3.510240595
IGLV3-24	1.380257271
IGLV3-25	379.9307788
IGLV3-26	0
IGLV3-27	183.3413673
IGLV3-29	0.356604174
IGLV3-30	0
IGLV3-31	0.109862902
IGLV3-32	5.764790447
IGLV3-4	0
IGLV3-6	0.435057092
IGLV3-7	0
IGLV3-9	93.07484965
IGLV4-3	1.37642132
IGLV4-60	46.14970257
IGLV4-69	591.4284476
IGLV5-37	15.44220025
IGLV5-45	5.616291174
IGLV5-48	0.618983667
IGLV5-52	0.54525625
IGLV6-57	96.01982365
IGLV7-35	0.031989492
IGLV7-43	39.83314932
IGLV7-46	31.72526716
IGLV8-61	77.15958206
IGLV8OR8-1	0.061797882
IGLV9-49	24.22597865
IGLVI-20	0.167329651
IGLVI-38	0
IGLVI-42	0
IGLVI-56	0
IGLVI-63	0.424860441
IGLVI-68	0
IGLVI-70	1.059754455
IGLVIV-53	0
IGLVIV-59	0
IGLVIV-64	0
IGLVIV-65	0
IGLVIV-66-1	0.047288814
IGLVIVOR22-1	0
IGLVIVOR22-2	0.032958871
IGLVV-58	0
IGLVV-66	0.031895681
IGLVVI-22-1	0
IGLVVI-25-1	0
IGLVVII-41-1	0.07202932
IGSF1	0.408384481
IGSF10	1.048967278
IGSF11	1.494148922
IGSF11-AS1	0
IGSF21	0.82851229
IGSF21-AS1	0
IGSF22	0.17749179
IGSF23	0.016149113
IGSF3	20.69313783
IGSF5	0.016417249
IGSF6	7.279692562
IGSF8	20.5065973
IGSF9	3.070276927
IGSF9B	0.190947185
IHH	0.107527704
IK	22.89173361
IKBIP	9.515240984
IKBKB	3.079476778
IKBKE	6.977438984
IKBKG	1.64579546
IKBKGP1	0.040545861
IKZF1	3.137088904
IKZF2	1.997566059
IKZF3	2.374599685
IKZF4	1.517715325
IKZF5	3.412385378
IL10	0.615854326
IL10RA	7.059379355
IL10RB	14.29534354
IL10RB-AS1	0.405181089
IL11	3.0092399
IL11RA	1.207077157
IL12A	0.181273788
IL12A-AS1	0.064863486
IL12B	0.078786145
IL12RB1	1.946015028
IL12RB2	7.488859712
IL13	0.011302141
IL13RA1	34.02988312
IL13RA2	0.468234877
IL15	0.900833864
IL15RA	5.505100768
IL16	2.661999735
IL17A	0
IL17B	0.116757684
IL17C	0.039435922
IL17D	0.320375676
IL17F	0
IL17RA	6.517912109
IL17RB	1.353288189
IL17RC	4.750650954
IL17RD	1.045438415
IL17RE	3.537862686
IL17REL	0.05591237
IL18	3.037784489
IL18BP	4.865836316
IL18R1	1.769012296
IL18RAP	0.451045367
IL19	0.01681705
IL1A	15.90498267
IL1B	12.60133873
IL1F10	0.074915905
IL1R1	31.33172703
IL1R2	2.22271277
IL1RAP	17.21238378
IL1RAPL1	0
IL1RAPL2	0.020736754
IL1RL1	0.531896288
IL1RL2	2.361221357
IL1RN	19.59493935
IL2	0.038879097
IL20	0.048586465
IL20RA	0.735825948
IL20RB	2.146258197
IL20RB-AS1	0.038706147
IL21	0.015127159
IL21-AS1	0.124782917
IL21R	2.305794629
IL21R-AS1	0.037433211
IL22	0.00923296
IL22RA1	1.216698264
IL22RA2	0.435507617
IL23A	0.879643657
IL23R	0.057776506
IL24	1.54435375
IL25	0.007956421
IL26	0.050588034
IL27	0.154154088
IL27RA	9.481072006
IL2RA	3.167725205
IL2RB	8.777508242
IL2RG	22.49765342
IL3	0
IL31	0.012031446
IL31RA	3.085140435
IL32	41.16027831
IL33	20.04432267
IL34	2.508446063
IL36A	0.024496458
IL36B	0.174581498
IL36G	17.1421952
IL36RN	7.714713512
IL37	0
IL3RA	5.113828975
IL4	0.039889098
IL4I1	10.77458014
IL4R	12.06113485
IL5	0.020560354
IL5RA	0.128539595
IL6	2.891268735
IL6R	5.005887041
IL6R-AS1	0.117683439
IL6RP1	0
IL6ST	14.83159818
IL6STP1	0.095968476
IL7	0.849720883
IL7R	33.61103201
IL9	0.055210291
IL9R	0.304053479
IL9RP2	0
IL9RP3	0.064972684
IL9RP4	0
ILDR1	1.097587313
ILDR2	0.128474076
ILF2	115.7879369
ILF2P1	0.018624019
ILF2P2	0.009737178
ILF3	24.56620011
ILF3-AS1	4.673079202
ILK	4.592199929
ILKAP	3.804811813
ILVBL	9.092422036
IMMP1L	2.336107195
IMMP1LP1	0.111438804
IMMP1LP2	0
IMMP1LP3	0
IMMP2L	1.001230774
IMMT	51.67530862
IMMTP1	0.014704498
IMP3	13.17044179
IMP3P1	0
IMP3P2	0
IMP4	15.67940801
IMPA1	5.797837454
IMPA1P1	0.011132474
IMPA2	3.690876505
IMPACT	6.535144909
IMPAD1	22.05792162
IMPDH1	12.75648696
IMPDH1P10	0
IMPDH1P11	0.014463334
IMPDH1P3	0
IMPDH1P4	0
IMPDH1P5	0.141252303
IMPDH1P6	0.043103411
IMPDH1P8	0.114113336
IMPDH2	40.426735
IMPG1	0.031476112
IMPG2	0.033919529
INA	0.518406006
INAFM1	4.549899865
INAFM2	15.38080628
INAVA	4.466709381
INCA1	1.141569639
INCENP	8.714758648
INE1	1.461699753
INE2	0
INF2	6.817254757
ING1	2.358148373
ING2	5.834829511
ING3	1.581191387
ING4	6.722236316
ING5	1.851645428
INGX	0.008722075
INHA	0.71971795
INHBA	40.45736373
INHBA-AS1	0.190744064
INHBB	6.78588582
INHBC	0.065520646
INHBE	0.259735577
INIP	4.133681729
INMT	4.851865969
INMT-MINDY4	0.011329612
INO80	4.509359934
INO80-AS1	0.015275881
INO80B	1.143382633
INO80B-WBP1	0.015994746
INO80C	2.496124023
INO80D	1.465778868
INO80E	2.969715748
INPP1	9.787601061
INPP4A	2.894992023
INPP4B	1.255711312
INPP5A	5.358973622
INPP5B	2.002334432
INPP5D	3.773735632
INPP5E	3.396880653
INPP5F	3.993768946
INPP5J	0.304503875
INPP5K	6.000928338
INPPL1	14.89731851
INS	0
INSC	0.044328961
INSIG1	15.20911916
INSIG2	9.849362137
INS-IGF2	0
INSL3	0.176756673
INSL4	0
INSL5	0
INSL6	0.048211114
INSM1	0.061513905
INSM2	0.003609833
INSR	7.992628614
INSRR	0.051173153
INTS1	13.68735124
INTS10	6.192707404
INTS11	5.976742348
INTS12	3.555701405
INTS13	10.42121061
INTS14	10.50699046
INTS2	2.361790741
INTS3	5.484009132
INTS4	2.236525798
INTS4P1	0.029903767
INTS4P2	0.138414011
INTS5	12.52858475
INTS6	1.119663573
INTS6-AS1	0.05401834
INTS6L	1.988278196
INTS6L-AS1	0.08198312
INTS6P1	0.012896949
INTS7	6.690507999
INTS8	4.947350225
INTS9	5.102275068
INTS9-AS1	0.03969499
INTU	0.887526216
INVS	1.77522034
IP6K1	10.77393789
IP6K2	7.091724555
IP6K3	0.427811279
IPCEF1	0.326010448
IPMK	2.496985103
IPMKP1	0
IPO11	2.955676331
IPO13	7.730972226
IPO4	1.049194005
IPO5	27.58975436
IPO5P1	1.604904063
IPO7	17.83914225
IPO7P1	0
IPO7P2	0.012430203
IPO8	9.737904371
IPO8P1	0.006996737
IPO9	11.06903545
IPO9-AS1	0.153670087
IPP	2.360228758
IPPK	0.793730757
IPPKP1	0
IQANK1	5.685787946
IQCA1	0.573401606
IQCA1-AS1	0
IQCA1L	0.0038487
IQCB1	5.147485927
IQCB2P	0.013320793
IQCC	1.132412527
IQCD	0.521714805
IQCE	2.281224686
IQCF1	0
IQCF2	0
IQCF3	0
IQCF5	0
IQCF5-AS1	0
IQCF6	0
IQCG	1.523631172
IQCH	0.183620044
IQCH-AS1	0.450761024
IQCJ	0
IQCJ-SCHIP1-AS1	0.05511703
IQCK	0.557653793
IQCM	0.072881066
IQCN	0.323179837
IQGAP1	35.22932275
IQGAP2	4.667616573
IQGAP3	4.328308282
IQSEC1	11.4374752
IQSEC2	1.968442746
IQSEC3	0.624057304
IQSEC3P1	0
IQUB	0.062752168
IRAK1	35.06499268
IRAK1BP1	0.715288775
IRAK2	2.997809419
IRAK3	3.178995743
IRAK4	4.206427825
IREB2	5.434187579
IRF1	13.71581773
IRF2	16.17502057
IRF2BP1	10.34618026
IRF2BP2	34.61623294
IRF2BPL	11.17731475
IRF3	16.68731769
IRF4	5.176353242
IRF5	2.757018942
IRF5P1	0
IRF6	85.49115275
IRF7	7.044017983
IRF8	6.036606782
IRF9	1.823249278
IRGC	0
IRGM	0.105363893
IRGQ	3.664415925
IRS1	10.64366542
IRS2	2.790609511
IRS3P	0.021623116
IRS4	0.160598977
IRX1	1.97859657
IRX1P1	0
IRX2	9.388310915
IRX3	7.939679837
IRX4	0.826840299
IRX5	4.832268578
IRX6	10.70043333
ISCA1	5.9124972
ISCA1P1	0.112417853
ISCA1P2	0
ISCA1P3	0
ISCA1P4	0.162334736
ISCA1P6	0.027888275
ISCA2	5.763333903
ISCA2P1	0.048555479
ISCU	10.6632601
ISCUP1	0
ISG15	50.98758274
ISG20	2.598347904
ISG20L2	11.17407183
ISL1	0.026417415
ISL2	0.244854284
ISLR	66.08926059
ISLR2	0.463509441
ISM1	2.6090003
ISM1-AS1	0.050044911
ISM2	0.1843016
ISOC1	6.105375942
ISOC2	19.10283578
ISPD	0.125848659
ISPD-AS1	0.003923675
IST1	34.29153884
ISX	0.006428149
ISX-AS1	0
ISY1	4.263601924
ISY1-RAB43	0.015639891
ISYNA1	6.809358868
ITCH	14.16741948
ITCH-AS1	0.036376011
ITCH-IT1	0
ITFG1	10.19052648
ITFG1-AS1	0.086872423
ITFG2	3.290771843
ITFG2-AS1	0.214384244
ITGA1	5.146472789
ITGA10	0.376888857
ITGA11	16.08037327
ITGA2	13.40509352
ITGA2B	0.301741993
ITGA3	33.3682842
ITGA4	5.557288571
ITGA5	46.40388877
ITGA6	45.44691755
ITGA7	0.972785746
ITGA8	1.245414497
ITGA9	4.455958072
ITGA9-AS1	0.096483117
ITGAD	0.093698535
ITGAE	2.249788251
ITGAL	6.093622586
ITGAM	7.153674865
ITGAV	55.35705434
ITGAX	6.356114002
ITGB1	94.03739861
ITGB1BP1	4.213434774
ITGB1BP2	0.217429714
ITGB1-DT	0.091168712
ITGB1P1	0.982271759
ITGB2	33.3205599
ITGB2-AS1	0.637952873
ITGB3	1.309428776
ITGB3BP	1.255202271
ITGB4	83.38218898
ITGB5	30.01435056
ITGB5-AS1	0.047288814
ITGB6	76.17092076
ITGB7	1.730616528
ITGB8	5.128196719
ITGBL1	6.07416931
ITIH1	0.02154222
ITIH2	0.09337371
ITIH3	0.156138544
ITIH4	0.039825805
ITIH4-AS1	0.027535259
ITIH5	7.526802948
ITIH6	0.108823631
ITK	0.965782247
ITLN1	0.286028769
ITLN2	0.764541039
ITM2A	7.986299127
ITM2B	38.47975581
ITM2BP1	0.049140485
ITM2C	86.60735348
ITPA	17.36762196
ITPK1	7.002411618
ITPK1-AS1	0.009254565
ITPKA	0.353535878
ITPKB	6.642411611
ITPKB-AS1	0
ITPKB-IT1	0.012501641
ITPKC	24.37155127
ITPR1	2.139860105
ITPR1-AS1	0.038029466
ITPR2	7.702216633
ITPR3	18.54171892
ITPRIP	8.034252444
ITPRIPL1	2.962259971
ITPRIPL2	9.972982127
ITSN1	2.838633499
ITSN2	4.040436226
IVD	5.926845428
IVL	10.74508168
IVNS1ABP	31.60871664
IWS1	17.96382353
IYD	0.016794329
IZUMO1	0.025479185
IZUMO1R	0
IZUMO2	0.007198165
IZUMO3	0
IZUMO4	0.490813506
JADE1	1.906263958
JADE2	4.674540233
JADE3	3.106038319
JADRR	0.00631983
JAG1	38.74679432
JAG2	7.499753136
JAGN1	16.62600059
JAK1	30.54077369
JAK2	4.097901414
JAK3	10.75829202
JAKMIP1	0.334613745
JAKMIP2	0.451474341
JAKMIP2-AS1	4.017977416
JAKMIP3	0.074339408
JAM2	2.887303724
JAM3	9.501659657
JAML	1.864458016
JARID2	12.43691886
JARID2-AS1	0.023904236
JAZF1	4.142241341
JAZF1-AS1	0.005315947
JCAD	7.271145984
JCHAIN	274.7398483
JDP2	3.80282462
JHDM1D-AS1	1.805121337
JHY	1.052782386
JKAMP	10.98144108
JKAMPP1	0
JMJD1C	5.529140382
JMJD1C-AS1	0.203678414
JMJD4	3.884258277
JMJD6	3.943137656
JMJD7	0.049664052
JMJD7-PLA2G4B	0.243481456
JMJD8	12.24684886
JMY	3.306712966
JOSD1	27.26398003
JOSD2	8.793095781
JPH1	5.559946161
JPH2	2.227260983
JPH3	1.556129137
JPH4	0.163955942
JPT1	16.13623441
JPT2	24.6384839
JPX	3.478884358
JRK	1.502301072
JRKL	6.319541921
JRKL-AS1	0.051063039
JSRP1	1.160152245
JTB	58.54077045
JTBP1	0
JUN	76.42072773
JUNB	71.59318628
JUND	22.611059
JUP	130.9770979
KAAG1	0.062960505
KALRN	0.274464356
KANK1	3.281743641
KANK1P1	0.008813961
KANK2	9.049449525
KANK3	0.744463304
KANK4	3.814024756
KANSL1	4.142694343
KANSL1-AS1	0.356604174
KANSL1L	1.253589164
KANSL2	7.651402783
KANSL3	8.637198338
KANTR	0.212267991
KARS	67.45525427
KARSP1	0
KARSP2	0.006636014
KARSP3	0
KAT14	6.381042032
KAT2A	7.580890026
KAT2B	2.621616661
KAT5	7.664792013
KAT6A	8.178427276
KAT6B	2.612777572
KAT7	3.88992659
KAT8	3.513382145
KATNA1	8.195020394
KATNAL1	1.639851222
KATNAL2	0.250137362
KATNB1	12.69824664
KATNBL1	1.853649078
KATNBL1P1	0
KATNBL1P2	0
KATNBL1P3	0
KATNBL1P4	0
KATNBL1P5	0
KATNBL1P6	0.022257355
KAZALD1	2.628043463
KAZN	0.873107696
KAZN-AS1	0.018784849
KBTBD11	0.680789786
KBTBD11-OT1	0
KBTBD12	0.016824999
KBTBD13	0
KBTBD2	11.66157144
KBTBD3	0.427879754
KBTBD4	4.2787641
KBTBD6	2.739061645
KBTBD7	2.419281357
KBTBD8	0.640735476
KC877373.1	0.13328955
KC877392.1	0.536161909
KC877982.1	0.601674702
KCMF1	8.0890698
KCNA1	0.028618754
KCNA10	0.006849136
KCNA2	0.035242661
KCNA3	1.134637024
KCNA4	0.051854242
KCNA5	0.13983978
KCNA6	0
KCNA7	0.248774641
KCNAB1	0.484137526
KCNAB1-AS1	0
KCNAB1-AS2	0.020216408
KCNAB2	3.474889611
KCNAB3	0.363339165
KCNB1	0.044056414
KCNB2	0.057691825
KCNC1	0.020996964
KCNC2	0
KCNC3	2.964723133
KCNC4	0.309953462
KCNC4-AS1	0.101784747
KCND1	1.249281386
KCND2	1.24329997
KCND3	0.675021814
KCND3-AS1	0
KCND3-IT1	0
KCNE1	0.049498881
KCNE1B	0.014903299
KCNE2	0.165578341
KCNE3	1.9995825
KCNE4	4.945029385
KCNE5	0.022151583
KCNF1	0.403886553
KCNG1	5.095137084
KCNG2	0.065399424
KCNG3	0.088171874
KCNG4	0
KCNH1	0.083190043
KCNH1-IT1	0.052123454
KCNH2	0.33682317
KCNH3	0.122407623
KCNH4	0.152447375
KCNH5	0.001765654
KCNH6	0.049074357
KCNH7	0.008746624
KCNH8	0.053073002
KCNIP1	0.04175212
KCNIP2	0.221226663
KCNIP2-AS1	0.179141155
KCNIP3	0.957733687
KCNIP4	0.228562603
KCNIP4-IT1	0
KCNJ1	0.02814689
KCNJ10	0.211651618
KCNJ11	0.274965859
KCNJ12	0.695146413
KCNJ13	0.040188344
KCNJ14	0.338322047
KCNJ15	13.60783271
KCNJ16	0.235026899
KCNJ18	0.009905671
KCNJ2	2.363677584
KCNJ2-AS1	0.293957495
KCNJ3	0.008586088
KCNJ4	0.04213628
KCNJ5	1.689593961
KCNJ6	0.115712563
KCNJ6-AS1	0.21326328
KCNJ8	3.389031694
KCNJ9	0.005216512
KCNK1	7.340913709
KCNK10	1.234101765
KCNK12	0.151310058
KCNK13	0.918588031
KCNK15	0.368266873
KCNK15-AS1	0.079843267
KCNK16	0
KCNK17	0.275415977
KCNK18	0
KCNK2	0.086232544
KCNK3	0.714841518
KCNK4	0.004132381
KCNK5	1.329148064
KCNK6	4.428851576
KCNK7	0.1043803
KCNK9	0.190685846
KCNMA1	0.6922082
KCNMA1-AS1	0.006161409
KCNMA1-AS2	0
KCNMA1-AS3	0.031031176
KCNMB1	0.923217056
KCNMB2	0.211878454
KCNMB2-AS1	5.351382325
KCNMB3	0.198656206
KCNMB3P1	0
KCNMB4	5.190514956
KCNN1	0.07103419
KCNN2	0.242303387
KCNN3	1.146991965
KCNN4	2.592617513
KCNQ1	3.396315751
KCNQ1-AS1	0.020067209
KCNQ1DN	0.029852957
KCNQ1OT1	0.065495629
KCNQ2	0.003831414
KCNQ3	0.262366134
KCNQ4	0.122207048
KCNQ5	0.146551596
KCNQ5-AS1	0
KCNQ5-IT1	0
KCNRG	0.167329651
KCNS1	5.629953222
KCNS2	0.020337373
KCNS3	7.718754856
KCNT1	0.01679613
KCNT2	0.998793042
KCNU1	0.021922756
KCNV1	0.003116901
KCNV2	0.014926478
KCP	0.229143764
KCTD1	4.347635311
KCTD10	12.25458585
KCTD10P1	0
KCTD11	30.45826728
KCTD12	27.23562228
KCTD13	1.297742817
KCTD14	2.713068837
KCTD15	7.995570224
KCTD16	0.072286315
KCTD17	6.258044852
KCTD18	3.70661561
KCTD19	0.047141497
KCTD2	7.081318549
KCTD20	17.46434503
KCTD21	2.497085614
KCTD21-AS1	0.13280131
KCTD3	11.46559469
KCTD4	0.017495594
KCTD5	9.648853924
KCTD6	1.13443831
KCTD7	3.802785655
KCTD8	0.008044695
KCTD9	7.769585642
KCTD9P1	0
KCTD9P2	0.010736848
KCTD9P3	0.018608088
KCTD9P4	0
KCTD9P5	0
KCTD9P6	0.022897742
KDELC1	9.828761296
KDELC1P1	0
KDELC2	19.4895644
KDELR1	110.34911
KDELR2	75.78334719
KDELR3	20.13464068
KDF1	5.453378773
KDM1A	17.50834635
KDM1B	8.644333512
KDM2A	17.39390107
KDM2B	2.931677386
KDM3A	21.80390242
KDM3B	13.77963142
KDM4A	12.06248781
KDM4A-AS1	0.253464127
KDM4B	3.264554184
KDM4C	1.027004619
KDM4D	0.894803455
KDM4E	0
KDM4F	0
KDM5A	8.443471315
KDM5B	20.96941363
KDM5C	27.49454138
KDM5C-IT1	0
KDM5D	0.001149364
KDM5DP1	0
KDM6A	8.981165278
KDM6B	7.587124746
KDM7A	2.983808846
KDM8	0.891333854
KDR	6.130697476
KDSR	8.308105443
KEAP1	17.08533169
KEL	0.097036695
KERA	0.181106097
KF455155.1	0
KF456478.1	0
KF459542.1	0
KHDC1	0.301942609
KHDC1L	0.01141283
KHDC1P1	0
KHDC3L	0
KHDC4	3.983841338
KHDRBS1	51.72062501
KHDRBS2	0.116599778
KHDRBS3	0.345982361
KHK	1.187165594
KHNYN	8.733710054
KHSRP	47.70801936
KHSRPP1	0.07997373
KIAA0040	16.62958662
KIAA0087	0.002539441
KIAA0100	19.35026535
KIAA0141	5.127946788
KIAA0232	3.955646167
KIAA0319	0.030330249
KIAA0319L	7.907972532
KIAA0355	4.64132834
KIAA0391	0.90351301
KIAA0408	0.016550104
KIAA0513	7.21484857
KIAA0556	1.743074203
KIAA0586	2.516188405
KIAA0753	2.966455326
KIAA0825	0.234968425
KIAA0895	1.20112745
KIAA0895L	3.231072544
KIAA0930	18.25511542
KIAA1024	0.411064973
KIAA1024L	0
KIAA1107	0.451195074
KIAA1109	2.311307218
KIAA1143	4.022561531
KIAA1147	3.347502909
KIAA1191	24.71492213
KIAA1210	0.025022455
KIAA1211	1.278061914
KIAA1211L	0.661138833
KIAA1217	11.95234793
KIAA1257	0.020886751
KIAA1324	0.47131185
KIAA1324L	3.117507073
KIAA1328	0.535659401
KIAA1468	2.056285628
KIAA1522	19.91854012
KIAA1549	0.887478658
KIAA1549L	1.310327822
KIAA1551	7.474066125
KIAA1586	2.57130076
KIAA1614	0.871607759
KIAA1614-AS1	0.105743043
KIAA1671	2.859033045
KIAA1755	0.754877609
KIAA1841	1.411268157
KIAA1958	0.409555232
KIAA2012	0.004286558
KIAA2013	13.58807543
KIAA2026	3.258813526
KIDINS220	13.64313444
KIF11	9.099496582
KIF12	0.522799699
KIF13A	9.988999375
KIF13B	2.857117646
KIF14	2.688840553
KIF15	1.654616376
KIF16B	6.120588227
KIF17	0.316316678
KIF18A	3.13384634
KIF18B	2.785113069
KIF18BP1	0
KIF19	0.08870845
KIF1A	0.198921467
KIF1B	3.392697804
KIF1BP	7.140549028
KIF1C	15.36643959
KIF20A	14.05032157
KIF20B	2.949701054
KIF21A	3.71975104
KIF21B	0.822669686
KIF22	6.172221149
KIF23	5.172997333
KIF24	0.850758126
KIF25	0.046663256
KIF25-AS1	0.063398864
KIF26A	0.565071933
KIF26B	4.638132088
KIF26B-AS1	0.013427688
KIF27	0.590374167
KIF28P	0.052662849
KIF2A	6.741380053
KIF2B	0
KIF2C	6.061684111
KIF3A	2.094425723
KIF3AP1	0
KIF3B	12.7708468
KIF3C	5.462844009
KIF4A	8.07154234
KIF4B	0.019874696
KIF4CP	0
KIF5A	0.140710847
KIF5B	24.33825002
KIF5C	0.132193148
KIF6	0.072399541
KIF7	2.825130786
KIF9	0.286319625
KIF9-AS1	0.113249855
KIFAP3	10.38482502
KIFC1	11.71857817
KIFC2	1.284039652
KIFC3	11.39192463
KIN	1.746521566
KIR2DL1	0.006497268
KIR2DL3	0.016987782
KIR2DL4	0.586721426
KIR2DP1	0
KIR2DS4	0.114987105
KIR3DL1	0.030616263
KIR3DL2	0.121686187
KIR3DL3	0
KIR3DP1	0
KIR3DX1	0.014855608
KIRREL1	23.63467548
KIRREL1-IT1	0.018528837
KIRREL2	0.74610619
KIRREL3	0.046149411
KIRREL3-AS1	0
KIRREL3-AS2	0
KIRREL3-AS3	0
KISS1	7.31742711
KISS1R	0.297806938
KIT	2.958122326
KITLG	12.99228857
KIZ	6.218383727
KIZ-AS1	0.009976543
KL	0.68407909
KLB	0.051860637
KLC1	0.958770824
KLC2	7.126551195
KLC3	3.36353663
KLC4	4.785221479
KLF1	0.04099156
KLF10	45.94020303
KLF11	4.932195512
KLF12	1.973252635
KLF13	17.05850118
KLF14	0.738689084
KLF15	0.43918158
KLF16	4.630303059
KLF17	0.14242527
KLF17P1	0
KLF2	5.853221033
KLF2P1	0.09394227
KLF2P2	0.062809012
KLF2P3	0
KLF2P4	0.026636148
KLF3	11.68650264
KLF3-AS1	0.155377533
KLF3P1	0
KLF3P2	0
KLF4	4.399320142
KLF4P1	0
KLF5	26.80132727
KLF6	31.01526898
KLF7	8.800253311
KLF7-IT1	0.249078488
KLF7P1	0.01037827
KLF8	1.614224801
KLF8P1	0
KLF9	9.035316126
KLHDC1	0.5065535
KLHDC10	8.412724346
KLHDC2	4.241822545
KLHDC3	53.87036799
KLHDC4	2.779196239
KLHDC7A	0.124724822
KLHDC7B	2.330922734
KLHDC8A	0.128098158
KLHDC8B	9.258571337
KLHDC9	0.328822221
KLHL1	0
KLHL10	0.045892098
KLHL11	1.428586548
KLHL12	12.0216367
KLHL13	1.965638157
KLHL14	0.056648059
KLHL15	2.523150784
KLHL17	1.063615276
KLHL18	2.652899807
KLHL2	3.738771883
KLHL20	6.611763279
KLHL21	4.854281419
KLHL22	5.112810421
KLHL23	1.072045747
KLHL24	19.42291011
KLHL25	1.095326589
KLHL26	2.088219625
KLHL28	2.270636011
KLHL29	0.369391804
KLHL2P1	0.1043803
KLHL3	0.700994639
KLHL30	0.081733753
KLHL30-AS1	0.010505242
KLHL31	0.094692907
KLHL32	0.034285537
KLHL33	0.035028751
KLHL34	0.011948835
KLHL35	0.386209182
KLHL36	9.172326732
KLHL38	3.056594351
KLHL4	0.20563888
KLHL40	0
KLHL41	0.041513081
KLHL42	6.439952295
KLHL5	16.97010216
KLHL6	2.127637921
KLHL6-AS1	0.064869348
KLHL7	4.499263656
KLHL7-AS1	0.644780401
KLHL8	3.179809449
KLHL9	7.81731307
KLK1	0.155508212
KLK10	0.386729961
KLK11	0.454203517
KLK12	0.135263652
KLK13	0.184254374
KLK14	0.27214529
KLK15	0
KLK2	0.005103109
KLK3	0
KLK4	0.157384994
KLK5	0.190814514
KLK6	0.082563972
KLK7	0.102776429
KLK8	0.034991187
KLK9	0
KLKB1	0.018415895
KLKP1	0.011377016
KLLN	0.231413347
KLRA1P	0.447097744
KLRB1	2.313494204
KLRC1	0.141095239
KLRC2	0.137859986
KLRC3	0.028422719
KLRC4	0.046780332
KLRC4-KLRK1	0.071334593
KLRD1	0.251850161
KLRF1	0.276226725
KLRF2	0.089273001
KLRG1	0.355849238
KLRG2	0.698031975
KLRK1	0.093329079
KMO	0.503030189
KMT2A	4.049749374
KMT2B	7.708412575
KMT2C	4.08582503
KMT2D	5.314448872
KMT2E	7.68995098
KMT2E-AS1	0.842332005
KMT5A	6.258874411
KMT5B	6.912428192
KMT5C	3.803902322
KNCN	0
KNDC1	0.314646801
KNG1	0.005816271
KNL1	1.092948304
KNOP1	1.998426147
KNOP1P1	0
KNOP1P2	0.041292435
KNOP1P3	0
KNOP1P4	0.015127159
KNOP1P5	0.007892908
KNSTRN	4.030290794
KNTC1	2.119582785
KPNA1	6.037311614
KPNA2	45.44891802
KPNA2P1	0.006836221
KPNA2P2	0.007304518
KPNA2P3	0
KPNA3	10.76459993
KPNA4	13.47392104
KPNA5	1.554334643
KPNA6	9.973451181
KPNA7	0.056746577
KPNB1	40.30992644
KPRP	0.122207048
KPTN	4.967106628
KRAS	14.62851171
KRASP1	0
KRBA1	2.219304727
KRBA2	0.19074622
KRBOX1	0.092392349
KRBOX1-AS1	0
KRBOX4	2.201684555
KRCC1	10.96949427
KREMEN1	0
KREMEN2	2.363355281
KRI1	7.468463084
KRIT1	4.651057643
KRR1	3.027469576
KRR1P1	0.054178965
KRT1	6.893941257
KRT10	20.85672711
KRT12	0.005825617
KRT125P	0
KRT126P	0
KRT127P	0
KRT128P	0
KRT13	8.912472351
KRT14	423.5989355
KRT15	49.85862591
KRT16	112.8072278
KRT16P1	0.100834977
KRT16P2	0.362547577
KRT16P3	0.351598671
KRT16P4	0.403364191
KRT16P5	0.583409893
KRT16P6	2.459464934
KRT17	1943.167839
KRT17P1	0.246052398
KRT17P2	0.294094538
KRT17P3	1.232431936
KRT17P4	0
KRT17P5	0.003638818
KRT17P6	0.497248125
KRT17P7	0
KRT17P8	0.063015222
KRT18	34.25838008
KRT18P1	0.008171621
KRT18P10	0.025352977
KRT18P11	0.03390936
KRT18P12	0.008543933
KRT18P13	0
KRT18P14	0.008701142
KRT18P15	0.008424808
KRT18P16	0
KRT18P17	0.017007705
KRT18P18	0
KRT18P19	0.015427556
KRT18P2	0
KRT18P20	0.017007705
KRT18P21	0
KRT18P22	0.056521894
KRT18P23	0.00847734
KRT18P24	0.009408674
KRT18P25	0.008510506
KRT18P26	0.008490576
KRT18P27	0.008372923
KRT18P28	0
KRT18P29	0.017168788
KRT18P3	0.008444431
KRT18P31	0.084182874
KRT18P32	0
KRT18P33	0
KRT18P34	0.325436407
KRT18P35	0
KRT18P36	0
KRT18P37	0
KRT18P38	0.008483953
KRT18P39	0.008372923
KRT18P4	0.033777725
KRT18P40	0
KRT18P41	0
KRT18P42	0.008666476
KRT18P43	0
KRT18P44	0
KRT18P45	0
KRT18P46	0
KRT18P47	0
KRT18P48	0.025531519
KRT18P49	0.013072629
KRT18P5	0.126372122
KRT18P50	0
KRT18P51	0
KRT18P52	0.012856297
KRT18P53	0
KRT18P54	0
KRT18P55	0.005214011
KRT18P56	0.039550645
KRT18P57	0.008673387
KRT18P58	0
KRT18P59	0.032583665
KRT18P6	0
KRT18P60	0
KRT18P61	0.008379374
KRT18P62	0.016901985
KRT18P63	0.144426512
KRT18P64	0
KRT18P65	0
KRT18P66	0
KRT18P67	0
KRT18P68	0
KRT18P7	0.071379342
KRT18P8	0.0349163
KRT18P9	0
KRT19	490.3518053
KRT19P1	0.79784922
KRT19P2	0.042989831
KRT19P3	0.013135782
KRT19P4	0
KRT19P6	0
KRT2	0.064689298
KRT20	0.029459446
KRT222	0.010296397
KRT223P	0.006379136
KRT23	1.769012296
KRT24	0
KRT25	0.006512831
KRT26	0
KRT27	0.030500357
KRT28	0
KRT3	0.065661916
KRT31	0.661035995
KRT32	0.018645304
KRT33A	0.202823819
KRT33B	0.058370808
KRT34	0.254673626
KRT35	0.006117226
KRT36	0.093309832
KRT37	0.014747698
KRT38	0.013962038
KRT39	0.005617989
KRT4	1.172368522
KRT40	0.02444141
KRT41P	0.033647107
KRT42P	0.066995288
KRT43P	0
KRT5	2144.06768
KRT6A	1487.745183
KRT6B	68.66638391
KRT6C	29.647278
KRT7	8.665533696
KRT71	0.024009773
KRT72	0.050494091
KRT73	0.004101217
KRT73-AS1	0
KRT74	0.280282765
KRT75	1.605255836
KRT76	0.017202732
KRT77	0.07981184
KRT78	0.113435131
KRT79	0.106967224
KRT7-AS	0.134911384
KRT8	63.47223378
KRT80	2.830371425
KRT81	1.110760071
KRT82	0.016330972
KRT83	0.104413702
KRT84	0.025995285
KRT85	0.008018008
KRT86	0.867751718
KRT87P	0.048937806
KRT89P	0.040644347
KRT8P1	0.009011125
KRT8P10	0.015033072
KRT8P11	0.06059291
KRT8P12	4.218799841
KRT8P13	0.129224879
KRT8P14	0.030170395
KRT8P15	0.01499163
KRT8P17	0.007511345
KRT8P18	0.015053879
KRT8P19	0
KRT8P2	0.011521639
KRT8P20	0
KRT8P21	0.00729472
KRT8P22	0.015373042
KRT8P23	0.171211366
KRT8P24	0.027906164
KRT8P25	0
KRT8P26	0.025571538
KRT8P27	0
KRT8P28	0
KRT8P29	0.007933207
KRT8P3	0.405332694
KRT8P30	0.06693186
KRT8P31	0.007724735
KRT8P32	0.007444509
KRT8P33	0.252229164
KRT8P34	0.010418034
KRT8P35	0.097546433
KRT8P36	0.022659224
KRT8P37	0.015318912
KRT8P38	0
KRT8P39	0.075899702
KRT8P4	0.007480349
KRT8P40	0.019318699
KRT8P41	0.014367804
KRT8P42	0.031097719
KRT8P43	0
KRT8P44	0.016113226
KRT8P45	0.225496074
KRT8P46	0.137290106
KRT8P47	0
KRT8P48	0.106981252
KRT8P49	0
KRT8P5	0.059678613
KRT8P50	0.007563579
KRT8P51	0.03969499
KRT8P6	0
KRT8P7	0.030381082
KRT8P8	0.022534034
KRT8P9	0.030024644
KRT9	0.39421112
KRT90P	0
KRTAP10-1	0
KRTAP10-10	0
KRTAP10-11	0
KRTAP10-12	0
KRTAP10-13P	0
KRTAP10-2	0.009465994
KRTAP10-3	0.011201264
KRTAP10-4	0
KRTAP10-5	0
KRTAP10-6	0
KRTAP10-7	0
KRTAP10-8	0
KRTAP10-9	0
KRTAP1-1	0.01204477
KRTAP11-1	0
KRTAP12-1	0
KRTAP12-2	0
KRTAP12-3	0
KRTAP12-4	0
KRTAP1-3	0
KRTAP13-1	0.014521265
KRTAP13-2	0.008771312
KRTAP13-3	0
KRTAP13-4	0
KRTAP13-5P	0
KRTAP13-6P	0
KRTAP1-4	0
KRTAP1-5	0.064685634
KRTAP15-1	0
KRTAP16-1	0.006998988
KRTAP17-1	0
KRTAP19-1	0.084182874
KRTAP19-10P	0
KRTAP19-11P	0
KRTAP19-2	0
KRTAP19-3	0
KRTAP19-4	0
KRTAP19-5	0.023593118
KRTAP19-6	0
KRTAP19-7	0
KRTAP19-8	0
KRTAP19-9P	0
KRTAP20-1	0
KRTAP20-2	0
KRTAP20-3	0
KRTAP20-4	0
KRTAP2-1	0
KRTAP21-1	0
KRTAP21-2	0.049438306
KRTAP21-3	0
KRTAP21-4P	0
KRTAP2-2	0
KRTAP22-1	0
KRTAP22-2	0
KRTAP2-3	2.722214375
KRTAP23-1	0
KRTAP2-4	0
KRTAP24-1	0
KRTAP25-1	0
KRTAP2-5P	0.027465725
KRTAP26-1	0
KRTAP27-1	0
KRTAP29-1	0.010600806
KRTAP3-1	3.225423267
KRTAP3-2	0
KRTAP3-3	0
KRTAP3-4P	0
KRTAP4-1	0
KRTAP4-11	0
KRTAP4-12	0
KRTAP4-16	0
KRTAP4-2	0
KRTAP4-3	0
KRTAP4-4	0
KRTAP4-5	0
KRTAP4-6	0
KRTAP4-7	0
KRTAP4-8	0
KRTAP4-9	0
KRTAP5-1	0
KRTAP5-10	0.016371943
KRTAP5-11	0
KRTAP5-14P	0
KRTAP5-2	0
KRTAP5-3	0
KRTAP5-4	0
KRTAP5-5	0
KRTAP5-6	0.019387571
KRTAP5-7	0.023174206
KRTAP5-8	0.006945356
KRTAP5-9	0.057445919
KRTAP5-AS1	0.022264948
KRTAP6-1	0
KRTAP6-2	0
KRTAP6-3	0
KRTAP7-1	0.030170395
KRTAP8-1	0
KRTAP8-2P	0
KRTAP8-3P	0
KRTAP9-1	0.014444127
KRTAP9-10P	0
KRTAP9-11P	0
KRTAP9-12P	0
KRTAP9-2	0
KRTAP9-3	0
KRTAP9-4	0
KRTAP9-6	0.00834722
KRTAP9-7	0
KRTAP9-8	0
KRTAP9-9	0
KRTCAP2	3.411320637
KRTCAP3	7.884053144
KRTDAP	4.360443621
KSR1	4.400556202
KSR1P1	0
KSR2	0.033293972
KTI12	3.667780034
KTN1	18.30643504
KTN1-AS1	1.446156397
KXD1	12.70415377
KY	0.04323502
KYAT1	1.020415365
KYAT3	6.277764411
KYNU	3.665232403
KYNUP1	0
KYNUP2	0
KYNUP3	0
L1CAM	0.477666078
L1TD1	0.127160101
L29074.1	0
L2HGDH	1.516280532
L34079.1	0
L34079.2	0
L34079.3	0
L3HYPDH	2.672546776
L3MBTL1	0.283272137
L3MBTL2	5.929684515
L3MBTL3	2.3292955
L3MBTL4	0.597185416
L3MBTL4-AS1	0.148992155
LACC1	4.448578286
LACRT	0
LACTB	7.891707822
LACTB2	7.857387923
LACTB2-AS1	0.041909169
LACTBL1	0
LAD1	37.69957191
LAG3	2.270667741
LAGE3	15.01382483
LAGE3P1	0.067415872
LAIR1	5.49818156
LAIR2	0.484293609
LALBA	0
LAMA1	6.555870713
LAMA2	11.38178141
LAMA3	59.19456546
LAMA4	12.22482239
LAMA5	20.38217056
LAMA5-AS1	0.025804098
LAMB1	54.52510672
LAMB2	32.17299477
LAMB3	479.456023
LAMB4	0.060459046
LAMC1	92.09510656
LAMC1-AS1	0.522250162
LAMC2	372.8205891
LAMC3	2.675423517
LAMP1	52.73333151
LAMP2	50.99087984
LAMP3	43.03827363
LAMP5	7.275807879
LAMP5-AS1	0.0056413
LAMTOR1	32.75848351
LAMTOR2	16.20118725
LAMTOR3	6.138258188
LAMTOR3P1	0
LAMTOR3P2	0
LAMTOR4	43.33716951
LAMTOR5	13.64563492
LAMTOR5-AS1	0.042474193
LAMTOR5P1	0
LANCL1	12.56564783
LANCL1-AS1	0.26750661
LANCL2	36.43551204
LANCL3	0.064426303
LAP3	37.57467988
LAP3P1	0
LAP3P2	0.007480349
LAPTM4A	148.0278402
LAPTM4B	78.41437997
LAPTM4BP1	0.031525876
LAPTM4BP2	0
LAPTM5	108.9934952
LARGE1	3.003306536
LARGE2	5.544708362
LARGE-AS1	0.011140076
LARGE-IT1	0
LARP1	30.61844924
LARP1B	1.734389339
LARP1BP1	0
LARP1BP2	0
LARP1BP3	0
LARP1P1	0.037248039
LARP4	7.279107963
LARP4B	5.382289357
LARP4P	0.004996062
LARP6	3.325202296
LARP7	6.086856815
LARP7P1	0
LARP7P2	0
LARP7P3	0
LARP7P4	0
LARS	16.39100906
LARS2	4.267480097
LARS2-AS1	0.056746577
LAS1L	8.161699067
LASP1	50.70531565
LAT	0.083475966
LAT2	3.661371565
LATS1	3.967762961
LATS2	6.029027107
LATS2-AS1	0
LAX1	3.591465674
LAYN	9.554927543
LBH	33.91958352
LBHD1	0.7731904
LBP	0.122020092
LBR	16.76049791
LBX1	0.285037405
LBX1-AS1	0.18611056
LBX2	0.341453348
LBX2-AS1	2.066729947
LCA5	1.289341734
LCA5L	0.119173317
LCAT	6.451275163
LCE1A	0.025773524
LCE1B	0
LCE1C	0.141456424
LCE1D	0
LCE1E	0.008372923
LCE1F	0.456992744
LCE2A	0
LCE2B	0
LCE2C	0
LCE2D	0
LCE3A	0.281981448
LCE3B	0.037765373
LCE3C	0
LCE3D	0.62100319
LCE3E	0.836648254
LCE4A	0
LCE5A	0.013280131
LCE6A	0
LCK	4.250894766
LCLAT1	3.012467957
LCMT1	7.211997839
LCMT1-AS1	0.139680145
LCMT1-AS2	0.004083765
LCMT2	1.281970732
LCN1	0
LCN10	0
LCN12	0.038582573
LCN15	0
LCN1P1	0
LCN1P2	0
LCN2	2.463871515
LCN6	0.02588085
LCN8	0.035801275
LCN9	0
LCNL1	0.042947393
LCOR	2.104641518
LCORL	0.628820557
LCP1	82.64666362
LCP2	7.799977886
LCT	0.008257233
LCTL	0.367906438
LDAH	1.175233177
LDB1	22.5325268
LDB2	2.959572054
LDB3	0.158030774
LDHA	246.1820646
LDHAL6A	0.105147209
LDHAL6B	0.019273055
LDHAL6CP	0.003246695
LDHAL6DP	0
LDHAL6EP	0
LDHAL6FP	0.010052151
LDHAP1	0
LDHAP2	0.110420582
LDHAP3	0.712147025
LDHAP4	7.138336553
LDHAP5	0.437155438
LDHAP7	3.933547282
LDHB	82.95326766
LDHBP1	0.009719774
LDHBP2	0.119045473
LDHBP3	0
LDHC	0.020766448
LDHD	1.175705367
LDLR	16.88115089
LDLRAD1	0.036636387
LDLRAD2	1.354103087
LDLRAD3	4.849816762
LDLRAD4	1.127296033
LDLRAD4-AS1	0.004966405
LDLRAP1	4.409416885
LDOC1	4.497060092
LEAP2	0.054269076
LECT2	0
LEF1	4.339615368
LEF1-AS1	0.156381222
LEFTY1	0.051765122
LEFTY2	0.072752022
LEKR1	0.044823119
LELP1	0
LEMD1	1.914132498
LEMD1-AS1	0.058664656
LEMD2	7.96504421
LEMD3	11.82092827
LENEP	0.059596862
LENG1	5.579282745
LENG8	19.77058411
LENG8-AS1	1.307262896
LENG9	2.565837755
LEO1	6.775945188
LEP	0.028622177
LEPR	1.064684572
LEPROT	20.3073718
LEPROTL1	8.248107843
LETM1	5.898043053
LETM1P2	0.054931451
LETM2	0.643975578
LETMD1	5.247082798
LEUTX	0
LEXM	0.030603341
LFNG	6.338748735
LGALS1	388.1667256
LGALS12	0.091036176
LGALS13	0
LGALS14	0.070560696
LGALS16	0
LGALS2	1.694515847
LGALS3	91.61699773
LGALS3BP	202.7251943
LGALS4	0.263172532
LGALS7	1.149207413
LGALS7B	0.878220838
LGALS8	12.39083818
LGALS8-AS1	0.074649467
LGALS9	10.37200776
LGALS9B	0.419577532
LGALS9C	0.096089597
LGALS9DP	0.09965313
LGALSL	7.591490849
LGI1	0.014099595
LGI2	1.966149427
LGI3	0.773445539
LGI4	0.311989309
LGMN	32.54559561
LGMNP1	0.225895028
LGR4	10.26570046
LGR5	2.398572236
LGR6	1.210337753
LGSN	0.011207035
LHB	0.33273965
LHCGR	0
LHFPL1	1.205729655
LHFPL2	9.365698772
LHFPL3	0.108764273
LHFPL3-AS1	0.003578949
LHFPL3-AS2	0.499170769
LHFPL4	0.004081977
LHFPL5	0.014692911
LHFPL6	17.94820835
LHPP	3.002793166
LHX1	0.376508852
LHX1-DT	0.11543378
LHX2	0.630873749
LHX3	0
LHX4	0.118436595
LHX5	0.887516467
LHX5-AS1	0.020836068
LHX6	0.531711216
LHX8	0.008204496
LHX9	0.08957793
LIAS	1.840694068
LIF	6.395964049
LIF-AS1	0.02692185
LIFR	3.518520564
LIFR-AS1	0.247482457
LIG1	6.996242011
LIG3	2.333729891
LIG4	2.290818059
LILRA1	0.740560677
LILRA2	0.748275424
LILRA4	0.711401509
LILRA5	2.459555718
LILRA6	0.912576948
LILRB1	2.838606476
LILRB1-AS1	0.01963254
LILRB2	4.640673233
LILRB3	1.173233458
LILRB4	7.957942223
LILRB5	0.795155651
LILRP1	0.063511984
LILRP2	0.035794542
LIM2	0.01100853
LIMA1	42.75673881
LIMCH1	2.92287712
LIMD1	2.726616391
LIMD1-AS1	0.026351126
LIMD2	9.081644879
LIME1	0.499036076
LIMK1	7.853971841
LIMK2	35.4197818
LIMS1	19.82481222
LIMS1-AS1	0.319224281
LIMS2	2.709817851
LIMS3	0
LIMS4	0
LIN28A	0.010854718
LIN28AP1	0
LIN28AP2	0
LIN28B	0.158058889
LIN28B-AS1	0
LIN37	1.315199187
LIN52	3.482106464
LIN54	2.002368264
LIN7A	0.699484728
LIN7B	1.42702697
LIN7C	7.718829697
LIN9	1.816818788
LINC00028	0.018528837
LINC00029	0.012152433
LINC00051	0.020796228
LINC00052	0.011064524
LINC00092	0.26412833
LINC00102	0.073050631
LINC00106	0.698149049
LINC00111	0.018915526
LINC00112	0
LINC00113	0
LINC00114	0.060669726
LINC00115	0.132135791
LINC00158	0
LINC00159	0.019014733
LINC00160	0.031389401
LINC00161	0.037504922
LINC00163	0.015141198
LINC00165	0
LINC00167	0.030659415
LINC00173	0.984935547
LINC00174	2.690596552
LINC00184	0.014374133
LINC00189	0.250147822
LINC00200	0
LINC00205	1.657658222
LINC00207	0
LINC00208	0
LINC00210	0
LINC00211	0.033530412
LINC00221	0
LINC00222	0
LINC00226	0
LINC00229	0
LINC00235	0.24620408
LINC00237	0.031344171
LINC00239	0.255315195
LINC00240	1.948392546
LINC00242	0.575757938
LINC00243	0.100197396
LINC00244	0
LINC002481	0.197101648
LINC00251	0
LINC00254	0
LINC00261	0.272302485
LINC00265	0.796091629
LINC00265-2P	0
LINC00265-3P	0
LINC00266-1	0
LINC00266-2P	0
LINC00266-4P	0
LINC00269	0
LINC00271	0.051183187
LINC00272	0
LINC00273	0
LINC00276	0
LINC00278	0
LINC00279	0
LINC00280	0
LINC00283	0
LINC00284	0.059019373
LINC00290	0
LINC00293	0
LINC00294	4.586128147
LINC00297	0
LINC00298	0.004167214
LINC00299	0.027080285
LINC00301	0
LINC00302	0.21608796
LINC00303	0.028758401
LINC00304	0.010983517
LINC00305	0
LINC00307	0
LINC00308	0
LINC00309	0.006577821
LINC00310	0.132639357
LINC00311	0.027781423
LINC00313	0.018890885
LINC00314	0
LINC00315	0.037456487
LINC00316	0.023904236
LINC00317	0
LINC00319	0
LINC00320	0
LINC00322	0.031119964
LINC00323	0.062431317
LINC00324	1.541088402
LINC00326	0
LINC00327	0.116556937
LINC00328-2P	0
LINC00330	0.005342057
LINC00331	0
LINC00332	0
LINC00333	0
LINC00334	0.060491809
LINC00336	0.015486133
LINC00337	0.135551913
LINC00339	4.292522571
LINC00342	1.989995674
LINC00343	0
LINC00345	0.076325806
LINC00346	0.449640011
LINC00347	0.002748655
LINC00348	0
LINC00349	0
LINC00350	0
LINC00351	0
LINC00352	0
LINC00353	0
LINC00354	0
LINC00355	0.237451288
LINC00358	0
LINC00362	0
LINC00363	0
LINC00364	0
LINC00365	0.029023155
LINC00366	0
LINC00368	0
LINC00370	0
LINC00374	0
LINC00375	0
LINC00376	0
LINC00377	0
LINC00378	0
LINC00379	0.039913495
LINC00380	0
LINC00381	0.014960698
LINC00382	0
LINC00383	0
LINC00384	0
LINC00385	0
LINC00387	0
LINC00388	0
LINC00390	0
LINC00391	0.011796559
LINC00392	0
LINC00393	0.016758748
LINC00395	0
LINC00396	0
LINC00397	0
LINC00398	0.024009773
LINC00399	0.026271564
LINC00400	0
LINC00402	0.074897553
LINC00404	0.025412213
LINC00407	0.036869245
LINC00408	0
LINC00410	0
LINC00411	0
LINC00412	0.025896255
LINC00415	0
LINC00421	0
LINC00423	0
LINC00424	0
LINC00426	0.309425046
LINC00427	0.050588034
LINC00428	0.047913777
LINC00430	0
LINC00431	0
LINC00433	0
LINC00434	0
LINC00437	0
LINC00440	0
LINC00441	0.038062738
LINC00442	0
LINC00443	0.018592183
LINC00445	0.014386809
LINC00446	0
LINC00448	0
LINC00449	0.149675605
LINC00452	0.018238838
LINC00454	0
LINC00456	0.01571738
LINC00457	0
LINC00458	0
LINC00459	0
LINC00460	0.387095069
LINC00461	0
LINC00462	0.011306057
LINC00463	0
LINC00466	0.004855548
LINC00467	0.552624229
LINC00469	0.060043368
LINC00470	0.436342025
LINC00471	0.076355574
LINC00472	0.060020946
LINC00473	0.002485472
LINC00474	0
LINC00475	0.059202948
LINC00476	0.2665791
LINC00477	0
LINC00479	0
LINC00482	0.079209302
LINC00483	0.005938535
LINC00484	0.02210656
LINC00484	0.005883921
LINC00485	0.0029222
LINC00486	0.005176786
LINC00487	0.069150764
LINC00488	0
LINC00489	0
LINC00491	2.987250203
LINC00492	0.018341361
LINC00494	0.054330393
LINC00498	0
LINC00499	0
LINC00500	0.0201789
LINC00501	0.010631894
LINC00502	0
LINC00504	0.019212531
LINC00506	0.086820413
LINC00507	0
LINC00508	0
LINC00511	3.637259088
LINC00513	0.080765549
LINC00514	0.015233091
LINC00517	0.007910129
LINC00518	0.074614013
LINC00519	14.05004758
LINC00520	0.225303734
LINC00523	0
LINC00524	0.156120966
LINC00525	0.8972137
LINC00526	0.649685257
LINC00528	0.140990724
LINC00529	0
LINC00533	0
LINC00534	0
LINC00535	0.071252125
LINC00536	0.105047218
LINC00538	0.017119245
LINC00539	0.157968551
LINC00540	0.551615938
LINC00543	0.27706888
LINC00544	0.036206482
LINC00545	0.026463327
LINC00547	0.006563927
LINC00550	0
LINC00551	0.143454077
LINC00552	0
LINC00554	0
LINC00555	0.024607302
LINC00556	0
LINC00557	0.008503852
LINC00558	0
LINC00559	0
LINC00560	0
LINC00561	0
LINC00562	0.061647766
LINC00563	0.031075507
LINC00564	0
LINC00565	0.139979759
LINC00566	0
LINC00567	0.02552403
LINC00570	0.013183548
LINC00571	0.137909053
LINC00572	0
LINC00574	0.042229442
LINC00575	0
LINC00578	2.855723213
LINC00581	0
LINC00582	0.419024837
LINC00583	0
LINC00587	0
LINC00588	0
LINC00589	0.015732537
LINC00592	0.114598372
LINC00595	0.009648638
LINC00596	0.011607713
LINC00598	0.074286567
LINC00599	0
LINC00601	0.046560048
LINC00602	0
LINC00603	0
LINC00604	0
LINC00605	0.034905094
LINC00606	0
LINC00607	0.094695263
LINC00608	0
LINC00609	0
LINC00612	0.004914789
LINC00613	0
LINC00615	0
LINC00616	0
LINC00618	0.072833219
LINC00619	0.058214597
LINC00620	0.01065272
LINC00621	0.249501731
LINC00622	0.387948999
LINC00623	1.147921724
LINC00624	0.078191426
LINC00626	2.209452247
LINC00628	0
LINC00629	0.131617932
LINC00630	0.477527713
LINC00632	0.065085004
LINC00634	0.057206718
LINC00635	0.002392001
LINC00636	0.025814305
LINC00637	0.010580182
LINC00638	0.311001893
LINC00639	0.060424596
LINC00640	1.075157035
LINC00641	1.280811124
LINC00642	0.005259394
LINC00643	0.002345574
LINC00644	0
LINC00645	0
LINC00648	0
LINC00649	1.515082681
LINC00652	0.056369149
LINC00654	0.48040146
LINC00656	0.034419074
LINC00658	0
LINC00659	0.060424596
LINC00661	0
LINC00662	1.414564244
LINC00663	0.28358013
LINC00664	0.016622151
LINC00665	0.809577146
LINC00667	4.337817441
LINC00668	0.775610414
LINC00670	0
LINC00671	0.020076469
LINC00672	0.280533643
LINC00674	3.096966356
LINC00676	0.022946049
LINC00677	0.055872058
LINC00678	0
LINC00680	1.754735155
LINC00681	0
LINC00682	0.004764094
LINC00683	0.112560429
LINC00685	1.677206079
LINC00686	0
LINC00687	0.01008945
LINC00689	0.003562927
LINC00690	0
LINC00691	0.015781235
LINC00692	0
LINC00694	0.089151043
LINC00698	0.019811343
LINC00700	0
LINC00701	0
LINC00702	0.363883419
LINC00703	0
LINC00704	0.368212382
LINC00705	0.012465819
LINC00706	0.015559982
LINC00707	0.223197042
LINC00708	0
LINC00709	0
LINC00710	0
LINC00824	0.004773503
LINC00836	0
LINC00837	0
LINC00838	0
LINC00839	6.157258585
LINC00840	0.011019683
LINC00841	0
LINC00843	0.214163125
LINC00844	0.022801734
LINC00845	0
LINC00846	0.036703354
LINC00847	3.915159113
LINC00850	0
LINC00851	0
LINC00852	0.352173474
LINC00853	0.246817563
LINC00854	0.460508072
LINC00857	0.646273202
LINC00858	0.222893092
LINC00861	0.366727895
LINC00862	0.092855099
LINC00863	0.519500787
LINC00864	0
LINC00865	0.88090914
LINC00866	0
LINC00867	0.011201264
LINC00868	0
LINC00869	0.390225894
LINC00870	0.011124883
LINC00871	0.024187755
LINC00877	0.057971937
LINC00879	0
LINC00880	0.177860308
LINC00881	0.051425188
LINC00882	0.383840943
LINC00884	0.081889596
LINC00885	0.190396977
LINC00886	0.150824345
LINC00887	0.123089835
LINC00888	2.572369478
LINC00891	0.039666037
LINC00892	0.113414258
LINC00893	0.368180946
LINC00894	0.12729015
LINC00895	0
LINC00896	0.025555515
LINC00898	0.378178974
LINC00899	0.430923742
LINC00900	0.278414631
LINC00901	0
LINC00903	0
LINC00904	0
LINC00905	0
LINC00906	0.00260015
LINC00907	0.003325108
LINC00908	0.168376839
LINC00909	1.47654331
LINC00910	0.21768629
LINC00911	0.136442636
LINC00917	0.003421336
LINC00919	0
LINC00920	1.276599757
LINC00921	0.365779362
LINC00922	0.130163084
LINC00923	0.056148474
LINC00924	0.137881629
LINC00926	0.409088844
LINC00927	0
LINC00928	0
LINC00929	0
LINC00930	0.006563927
LINC00933	0.145019031
LINC00934	0
LINC00937	0.092189389
LINC00939	0
LINC00940	0.009256534
LINC00941	1.701587138
LINC00942	0.121499188
LINC00943	0.030732263
LINC00944	0.07630521
LINC00945	0
LINC00951	0
LINC00954	0.10683657
LINC00955	0
LINC00957	0.325930674
LINC00958	0.246967014
LINC00960	0.198312727
LINC00963	2.612304065
LINC00964	0.185663507
LINC00967	0.005430069
LINC00968	0.494034902
LINC00970	0
LINC00971	0
LINC00972	0.013378139
LINC00973	0
LINC00974	0.010160138
LINC00976	0
LINC00977	0.009352044
LINC00982	0.054382136
LINC00987	0.391586581
LINC00989	0.004875135
LINC00992	2.281767964
LINC00993	0
LINC00994	0.010217405
LINC00996	0.22544414
LINC00997	1.418128276
LINC01001	0.210529851
LINC01003	0.826213865
LINC01004	0.596232089
LINC01005	0
LINC01006	0.554247809
LINC01007	0.008236598
LINC01010	0.054740052
LINC01011	0.421746914
LINC01012	0.193220198
LINC01013	0.012929657
LINC01014	0.018817348
LINC01015	0.003784421
LINC01016	0
LINC01017	0
LINC01018	0.188590695
LINC01019	0.013599784
LINC01020	0
LINC01022	0
LINC01023	1.047729235
LINC01028	0.018704088
LINC01029	0
LINC01030	0
LINC01031	0.069810188
LINC01033	0.284632911
LINC01034	0
LINC01035	0
LINC01036	0.177470842
LINC01037	0.088246875
LINC01038	0
LINC01039	0
LINC01040	0
LINC01043	0
LINC01044	0
LINC01046	0
LINC01047	0
LINC01048	0.106422968
LINC01049	0
LINC01050	0.586754631
LINC01052	0
LINC01053	0
LINC01054	0
LINC01055	0.227513877
LINC01056	0
LINC01058	0.097110958
LINC01060	0.027174084
LINC01063	0.281286913
LINC01065	0
LINC01066	0
LINC01067	0
LINC01068	0.030045379
LINC01069	0
LINC01070	0.003844619
LINC01072	0
LINC01074	0
LINC01075	0
LINC01076	0
LINC01077	0.026335175
LINC01078	0
LINC01079	0.018752461
LINC01080	0
LINC01081	0
LINC01082	0.073989301
LINC01085	0.018576306
LINC01087	0.009280228
LINC01088	0.040837649
LINC01089	0.902859284
LINC01090	0
LINC01091	0.027963562
LINC01093	0.068405203
LINC01094	1.879694314
LINC01095	0
LINC01096	0.481867032
LINC01097	0.009772172
LINC01098	0
LINC01099	0.020470064
LINC01100	0
LINC01101	0.017319152
LINC01102	0
LINC01103	0
LINC01104	0
LINC01105	0.025201478
LINC01106	0.219567386
LINC01107	0.022028207
LINC01108	0.006901286
LINC01109	0
LINC01111	0
LINC01114	0
LINC01115	0
LINC01115	0.075399843
LINC01116	3.623442409
LINC01117	0.1711598
LINC01118	0.004797718
LINC01119	0.103768034
LINC01120	0.011688799
LINC01121	0.03159456
LINC01122	0.282912849
LINC01123	0.072619545
LINC01124	0.071927247
LINC01126	0.092509102
LINC01127	0.308651543
LINC01128	0.954415109
LINC01132	0.086024998
LINC01133	0.171823496
LINC01134	0.152548316
LINC01135	0.010920108
LINC01136	0.07184429
LINC01137	0.717298431
LINC01138	0.483335393
LINC01139	2.710261324
LINC01140	0.171639317
LINC01141	0.003428886
LINC01142	0.06410468
LINC01143	0.104413702
LINC01144	0.197174998
LINC01146	0.030998012
LINC01148	0
LINC01149	0.005080069
LINC01150	0.448868428
LINC01151	0.019048034
LINC01152	0.102837581
LINC01153	0
LINC01154	0
LINC01158	0
LINC01159	0
LINC01160	0.13427688
LINC01162	0.097328208
LINC01164	0
LINC01165	0.013402868
LINC01166	0.020764466
LINC01167	0.05402199
LINC01168	0.002070123
LINC01169	0.091398549
LINC01170	0
LINC01173	0
LINC01176	0.372298245
LINC01177	0
LINC01179	0.070397588
LINC01180	0.005371075
LINC01181	0.234743035
LINC01182	0.071398866
LINC01184	1.309074944
LINC01185	0.03216292
LINC01186	0.156370361
LINC01187	0.009400542
LINC01189	0
LINC01191	0.077320573
LINC01192	0
LINC01193	0
LINC01194	0
LINC01195	0
LINC01197	0.040444381
LINC01198	0
LINC01201	0
LINC01202	0.107924857
LINC01203	0.058982794
LINC01204	0.010338809
LINC01205	0
LINC01206	0.010764933
LINC01208	0.062748619
LINC01209	0
LINC01210	0
LINC01213	0.017859487
LINC01214	0.032466947
LINC01215	0.407026793
LINC01216	0
LINC01217	0
LINC01218	0
LINC01219	0
LINC01220	0.272668094
LINC01221	0
LINC01222	0
LINC01224	0.006599774
LINC01225	0.011570667
LINC01227	0.020320275
LINC01228	0.0349163
LINC01229	0.067723707
LINC01230	0
LINC01231	0
LINC01232	0.336872728
LINC01233	0
LINC01234	0.046086556
LINC01235	0.101333174
LINC01237	0.06114169
LINC01238	0.088426238
LINC01238	0.076218832
LINC01239	0.245651395
LINC01241	0
LINC01242	0
LINC01243	0
LINC01247	0
LINC01248	0
LINC01249	0.010528971
LINC01250	0.004640114
LINC01251	0
LINC01252	0.043012499
LINC01254	0.003372536
LINC01255	0
LINC01256	0
LINC01257	0.004245288
LINC01258	0.026411917
LINC01259	0
LINC01262	0
LINC01264	0.021752855
LINC01266	0.064057486
LINC01267	0.009524017
LINC01268	0.130280254
LINC01269	0.018067155
LINC01270	0.072172709
LINC01271	0.033837774
LINC01273	0.352814756
LINC01276	0
LINC01277	0.074436097
LINC01278	4.133008272
LINC01280	0.009186172
LINC01281	0.067479244
LINC01282	0.049438306
LINC01284	0.014899215
LINC01285	0.038736781
LINC01287	0.006238272
LINC01288	0
LINC01289	0
LINC01290	0.04333238
LINC01291	0.601641453
LINC01293	4.476002071
LINC01297	0
LINC01297	0
LINC01298	0
LINC01299	0
LINC01300	0
LINC01301	0.078601101
LINC01303	0.03380397
LINC01304	0.003158997
LINC01305	0.006332709
LINC01307	0
LINC01309	0
LINC01310	0.003174672
LINC01311	0.293550633
LINC01312	0
LINC01315	0.180272276
LINC01317	0.019975073
LINC01318	0
LINC01320	0.002704234
LINC01322	0.035085249
LINC01323	0
LINC01324	0.012886762
LINC01326	0.014405864
LINC01327	0
LINC01331	0
LINC01332	0
LINC01333	0
LINC01335	0
LINC01336	0.192017632
LINC01337	0.098876612
LINC01338	0.499076569
LINC01339	0
LINC01340	0.01502269
LINC01341	0.218402155
LINC01342	0
LINC01343	0
LINC01344	0.006881637
LINC01345	0.127684846
LINC01346	0.003045765
LINC01347	0.0821183
LINC01348	0.046679945
LINC01349	0
LINC01350	0
LINC01351	0
LINC01352	0.214815092
LINC01353	0.155934442
LINC01354	0.034107263
LINC01355	0.279702392
LINC01356	0.089493368
LINC01358	0.174581498
LINC01359	0.025141996
LINC01360	0
LINC01361	0.075435498
LINC01362	0
LINC01363	0.007910129
LINC01364	0.036703354
LINC01365	0
LINC01366	0.066252349
LINC01370	0
LINC01372	0.800718574
LINC01374	0.104833034
LINC01375	0
LINC01376	0.506563269
LINC01377	0
LINC01378	0
LINC01381	0
LINC01384	0
LINC01385	0
LINC01386	0
LINC01387	0.018037193
LINC01388	0
LINC01389	0.202666347
LINC01391	0.092291618
LINC01392	0
LINC01393	0.112924655
LINC01394	0.553038676
LINC01395	0.033227375
LINC01396	0.020638382
LINC01397	0.075139394
LINC01398	0.009633682
LINC01399	0.03356922
LINC01400	0
LINC01402	0.03898361
LINC01405	0.021438424
LINC01410	0.494057593
LINC01411	0
LINC01412	0.030045379
LINC01413	0.014088636
LINC01415	0.278882751
LINC01416	0.00941682
LINC01419	0.021452519
LINC01422	0.102331977
LINC01422	0.041396298
LINC01423	0.050646926
LINC01424	0.042197584
LINC01425	0
LINC01426	0.260169277
LINC01427	0
LINC01428	0
LINC01429	0.303941434
LINC01431	0.620771118
LINC01432	0
LINC01433	0.109232412
LINC01435	0.0053073
LINC01436	0.103782703
LINC01438	0
LINC01440	0
LINC01441	0
LINC01442	0
LINC01443	0
LINC01444	0
LINC01445	0
LINC01446	0.006243644
LINC01447	0.027575151
LINC01448	0
LINC01449	0.089151043
LINC01450	0.01999956
LINC01451	0.114959302
LINC01455	0
LINC01456	1.674478214
LINC01460	0.060847146
LINC01465	0.207437015
LINC01467	0
LINC01468	0.055444829
LINC01470	0.012762015
LINC01471	0
LINC01473	0.120015749
LINC01474	0.034042026
LINC01475	0.035699433
LINC01476	0
LINC01477	0
LINC01478	0
LINC01479	0.076058932
LINC01480	0.221065595
LINC01481	0.664265023
LINC01481	0.051874852
LINC01482	0.067867018
LINC01483	0.002606381
LINC01484	0.13136715
LINC01485	0.053228845
LINC01486	0
LINC01487	0
LINC01489	0
LINC01490	0
LINC01491	0
LINC01492	0.002460174
LINC01493	0
LINC01494	0.010758088
LINC01495	0
LINC01496	0
LINC01497	0
LINC01498	0
LINC01499	0
LINC01500	0.009599671
LINC01501	0.009217311
LINC01502	0
LINC01503	6.127372467
LINC01504	0.123897463
LINC01505	0.004273645
LINC01505	0.030916507
LINC01506	0.310164277
LINC01507	0.073159825
LINC01508	0.476737577
LINC01509	0
LINC01510	0.011558371
LINC01511	0.006428149
LINC01513	0.022518483
LINC01514	0
LINC01515	0.053055743
LINC01516	0.00363517
LINC01517	0
LINC01518	0.020956507
LINC01519	0
LINC01520	0
LINC01521	0.940421918
LINC01522	0.076058932
LINC01523	0
LINC01524	0.051230356
LINC01525	0
LINC01526	0.062748619
LINC01527	0.070802982
LINC01529	0.004371554
LINC01531	0
LINC01532	0
LINC01533	0
LINC01534	0.344069756
LINC01535	0.04475896
LINC01537	0.64814628
LINC01538	0
LINC01539	0.352272949
LINC01541	0
LINC01543	0
LINC01544	0.004209144
LINC01545	0.122666473
LINC01546	0.274331252
LINC01547	0.876338645
LINC01548	0
LINC01549	0.182797097
LINC01550	0.081805607
LINC01551	0
LINC01553	0
LINC01554	0.036940801
LINC01555	0
LINC01556	0.070019918
LINC01558	0.040545861
LINC01559	0.143074682
LINC01560	1.258644819
LINC01561	1.049655208
LINC01562	0.013790905
LINC01563	0.261034255
LINC01564	0.115297816
LINC01565	0.004032787
LINC01566	0
LINC01567	0
LINC01568	0
LINC01569	0.36893608
LINC01570	0
LINC01571	0
LINC01572	0.464628523
LINC01574	0
LINC01578	5.096498278
LINC01579	0.582637165
LINC01580	0.307423384
LINC01581	0.023304252
LINC01582	0
LINC01583	0.220239182
LINC01584	0
LINC01585	0.050392713
LINC01586	0.004966405
LINC01587	0.00934401
LINC01588	0.138631703
LINC01589	0.873289783
LINC01591	0.008771312
LINC01592	0.011489184
LINC01593	0
LINC01594	0
LINC01595	0
LINC01596	0
LINC01597	0.006536314
LINC01598	0
LINC01600	0.018784849
LINC01602	0.010314298
LINC01603	0.023010777
LINC01605	5.824105287
LINC01606	0
LINC01607	0.041355237
LINC01608	0
LINC01609	0
LINC01611	0.381629028
LINC01612	0.023190677
LINC01613	0
LINC01614	14.26691852
LINC01615	2.146391725
LINC01616	0.004770363
LINC01618	0.014960698
LINC01619	0.203074425
LINC01620	0
LINC01621	0
LINC01623	0.01755395
LINC01624	0.018072158
LINC01625	0
LINC01626	0
LINC01627	0
LINC01628	0
LINC01629	0.037440369
LINC01630	0.003945738
LINC01632	0
LINC01633	0
LINC01634	0.032002939
LINC01635	0.053055743
LINC01637	0.381629028
LINC01638	0.401591162
LINC01639	0
LINC01640	0
LINC01641	0.009570108
LINC01643	0
LINC01644	0.069848616
LINC01645	0.044303166
LINC01646	0
LINC01647	0.016928292
LINC01648	0
LINC01649	0.046746822
LINC01650	0
LINC01651	0
LINC01653	0
LINC01654	0
LINC01655	0.205700753
LINC01656	0
LINC01657	0
LINC01658	0
LINC01659	0.010042869
LINC01660	0.002361361
LINC01661	0
LINC01662	0
LINC01663	0
LINC01664	0.024098436
LINC01665	0
LINC01666	0
LINC01667	0
LINC01669	0
LINC01670	0
LINC01671	0.56373595
LINC01672	0
LINC01673	0
LINC01674	0
LINC01675	0.062062353
LINC01676	0
LINC01677	0
LINC01678	0.075269393
LINC01679	1.278893703
LINC01680	0
LINC01681	0
LINC01682	0
LINC01683	0
LINC01684	0.043768319
LINC01685	0
LINC01686	0.371505874
LINC01687	0
LINC01688	0
LINC01689	0
LINC01690	0
LINC01691	0
LINC01692	0.004000157
LINC01693	0.027100732
LINC01694	0.055899406
LINC01695	0
LINC01696	0
LINC01697	0.00268355
LINC01698	0.14631965
LINC01699	0
LINC01700	0
LINC01701	0
LINC01702	0
LINC01703	0.622645655
LINC01704	0.052165119
LINC01705	1.122478262
LINC01706	0.014540678
LINC01707	0.017346774
LINC01708	0.221465714
LINC01709	0
LINC01710	0.027888275
LINC01711	0.483646715
LINC01712	0
LINC01713	0
LINC01714	0.065652479
LINC01715	0.100089822
LINC01716	0
LINC01717	0
LINC01718	0
LINC01719	0.261069654
LINC01720	0
LINC01721	0.260924392
LINC01722	0
LINC01723	0
LINC01724	0.070057503
LINC01725	0.024058457
LINC01726	0.052081855
LINC01727	0.009978374
LINC01728	0
LINC01729	0
LINC01730	0.064510245
LINC01731	0.025896255
LINC01732	0
LINC01733	0.002362386
LINC01734	0
LINC01735	0
LINC01736	0.249459342
LINC01737	0
LINC01738	0
LINC01739	0
LINC01740	0
LINC01741	0
LINC01742	0
LINC01743	0
LINC01744	0
LINC01745	0
LINC01746	0
LINC01747	0.019554885
LINC01748	1.185639461
LINC01749	0.00828996
LINC01750	0.015148227
LINC01751	0.006144874
LINC01752	0.372480387
LINC01753	0.01723681
LINC01754	0.014501903
LINC01755	0
LINC01756	0
LINC01757	0
LINC01758	0
LINC01759	0.706691723
LINC01760	0
LINC01761	0
LINC01762	0.025576549
LINC01763	0.018752461
LINC01764	0.048773217
LINC01765	0.044303166
LINC01766	0
LINC01767	0.379178199
LINC01768	0
LINC01770	0.447326622
LINC01771	0.115094469
LINC01772	0.160883979
LINC01774	0
LINC01775	0.293165156
LINC01776	0
LINC01777	0.020946418
LINC01778	0.016404868
LINC01779	0
LINC01780	0
LINC01781	0.306810361
LINC01782	0
LINC01783	0.03681576
LINC01784	0
LINC01785	0
LINC01786	0.127209676
LINC01787	0
LINC01788	0.015642034
LINC01789	0
LINC01790	0
LINC01791	0
LINC01792	0.005305574
LINC01793	0
LINC01794	0
LINC01795	0
LINC01796	0.030681036
LINC01797	0.014217552
LINC01798	0.027072626
LINC01799	0
LINC01800	0.027507403
LINC01801	0.239991776
LINC01802	0.020796228
LINC01803	0
LINC01804	0
LINC01805	0
LINC01806	0.901411938
LINC01807	2.493855371
LINC01808	0.02884994
LINC01809	0
LINC01810	0
LINC01811	0
LINC01812	0
LINC01813	0.015275881
LINC01814	0.009715433
LINC01815	0
LINC01816	0.197155782
LINC01817	0
LINC01818	0
LINC01819	0.011826489
LINC01820	0
LINC01821	0
LINC01822	0
LINC01823	0
LINC01824	0
LINC01825	0
LINC01826	0
LINC01827	0
LINC01828	0.011749227
LINC01829	0.011703473
LINC01830	0
LINC01831	0
LINC01832	0
LINC01833	0.533708984
LINC01834	0
LINC01835	0.380886559
LINC01836	1.10014437
LINC01837	0
LINC01838	0
LINC01839	0
LINC01840	0
LINC01841	0.08564116
LINC01842	0.198268206
LINC01843	0.009825138
LINC01844	0
LINC01845	0.005405779
LINC01846	0
LINC01847	0
LINC01848	0
LINC01849	0
LINC01850	0.304661829
LINC01851	0
LINC01852	0.357896938
LINC01853	0
LINC01854	0.142528871
LINC01855	0
LINC01856	0.027213746
LINC01857	1.039008299
LINC01858	0.005132811
LINC01859	0
LINC01861	0.040508109
LINC01862	0
LINC01863	0.198153534
LINC01864	0
LINC01865	0
LINC01866	0
LINC01867	0
LINC01868	0.019353073
LINC01869	0.058100573
LINC01870	0
LINC01871	0.939938161
LINC01872	0
LINC01873	0.200815513
LINC01874	0
LINC01875	0
LINC01876	0.997638396
LINC01877	0.00439807
LINC01878	0.02902961
LINC01879	0.004652022
LINC01880	0.019387571
LINC01881	0.535090934
LINC01882	0
LINC01883	0.028622177
LINC01884	0
LINC01885	0
LINC01886	0
LINC01887	0.037941025
LINC01888	0.031848982
LINC01889	0
LINC01890	0
LINC01891	0.040432815
LINC01892	0
LINC01893	0
LINC01894	0.096422228
LINC01895	0
LINC01896	0.295145544
LINC01897	0
LINC01898	0
LINC01899	0
LINC01900	0
LINC01901	0.819390039
LINC01903	0
LINC01904	0
LINC01905	0.252737493
LINC01906	0
LINC01907	0.050025729
LINC01908	0.039194333
LINC01909	0.115039135
LINC01910	0
LINC01911	0.013494327
LINC01912	0
LINC01913	0.004910351
LINC01914	0.242236688
LINC01915	0.013204889
LINC01916	0
LINC01917	0.020976716
LINC01918	0.086235301
LINC01919	0
LINC01920	0.004302384
LINC01921	0
LINC01922	0
LINC01923	0
LINC01924	0
LINC01925	0
LINC01926	0.045508064
LINC01927	0.015275881
LINC01928	0
LINC01929	1.108229027
LINC01930	0
LINC01931	0
LINC01932	0.455557164
LINC01933	0.029042529
LINC01934	0.051373138
LINC01935	0
LINC01936	0.390549219
LINC01937	0.059004126
LINC01938	0
LINC01939	0
LINC01940	0.01558674
LINC01941	0.017430172
LINC01942	0.021201613
LINC01943	0.744758751
LINC01944	0.052290516
LINC01945	0
LINC01946	0
LINC01947	0
LINC01948	0.215500308
LINC01949	0.003234144
LINC01950	0.013072629
LINC01951	0
LINC01952	0
LINC01953	0
LINC01954	0
LINC01955	0
LINC01956	0
LINC01957	0
LINC01959	0.010160138
LINC01960	0.086595759
LINC01961	0
LINC01962	0.026463327
LINC01963	3.351376899
LINC01964	0.003467143
LINC01965	0
LINC01966	0
LINC01967	0.729360419
LINC01968	0.031216725
LINC01969	0.430276245
LINC01970	0.024036303
LINC01971	0.083026163
LINC01972	0.019668042
LINC01973	0.011625083
LINC01974	0
LINC01975	0
LINC01976	0.050121785
LINC01977	0.1399093
LINC01978	0.017383741
LINC01979	0.002063447
LINC01980	7.747273348
LINC01981	0.011517572
LINC01982	0
LINC01983	0
LINC01984	0
LINC01985	0
LINC01986	0
LINC01987	0
LINC01989	0.050824427
LINC01990	0.021943027
LINC01991	0.006349345
LINC01992	0
LINC01993	0.151988248
LINC01994	0.006015723
LINC01995	0
LINC01996	0.051263601
LINC01997	0
LINC01998	0.00552945
LINC01999	0.016836575
LINC02000	0
LINC02001	3.393646422
LINC02002	0
LINC02003	0.005933676
LINC02004	0.110983952
LINC02005	0.125176273
LINC02006	0.112008662
LINC02008	0
LINC02010	0
LINC02011	0.002839798
LINC02012	0.13240868
LINC02013	0
LINC02014	0.2440713
LINC02015	0.209927715
LINC02016	0.117329313
LINC02017	0
LINC02018	0.110983952
LINC02019	0.110876201
LINC02020	0
LINC02021	0.617102258
LINC02022	0
LINC02023	0
LINC02024	0.022448766
LINC02025	0
LINC02026	0.051237987
LINC02027	0
LINC02028	0.005922367
LINC02029	0.08718579
LINC02030	0
LINC02031	0.477680929
LINC02032	0
LINC02033	0.040462899
LINC02035	2.323853166
LINC02036	0.594279017
LINC02037	0.018203226
LINC02038	0.276331994
LINC02039	0
LINC02040	0
LINC02041	10.61114858
LINC02042	0.010758088
LINC02043	0
LINC02044	0.078247678
LINC02045	0
LINC02046	0
LINC02047	0
LINC02048	0
LINC02049	0
LINC02050	0
LINC02051	0.031525876
LINC02052	0
LINC02053	0
LINC02054	0
LINC02055	0.321549957
LINC02056	0.013296366
LINC02057	0.010498482
LINC02058	0
LINC02059	0
LINC02060	0
LINC02061	0
LINC02062	0.11377016
LINC02063	0
LINC02064	0
LINC02065	0.019353073
LINC02066	0.037504922
LINC02067	0.007645995
LINC02068	0.088980861
LINC02069	0
LINC02070	0
LINC02071	0.006312494
LINC02072	0
LINC02073	0.059357709
LINC02074	0
LINC02075	0
LINC02076	0.093010602
LINC02077	0
LINC02078	0.007701034
LINC02079	0
LINC02080	0.024679089
LINC02081	0.419311517
LINC02082	0
LINC02083	0.042238553
LINC02084	0.267941183
LINC02085	0.005302987
LINC02086	0.569475976
LINC02087	0.011436832
LINC02088	0
LINC02089	0
LINC02090	0.027191068
LINC02091	0.064248938
LINC02092	0.004354054
LINC02093	0
LINC02094	0
LINC02096	0
LINC02097	0
LINC02098	0
LINC02099	0.045146693
LINC02100	0.182797097
LINC02101	0.015001969
LINC02102	0.003233183
LINC02103	0
LINC02104	0.090788208
LINC02105	0
LINC02106	0
LINC02107	0
LINC02108	0.009186172
LINC02109	0.034761309
LINC02110	0
LINC02111	0.004704337
LINC02112	0
LINC02113	0
LINC02114	0
LINC02115	0.025176915
LINC02116	0.022061719
LINC02117	0
LINC02118	0
LINC02119	0.021135692
LINC02120	0.005416547
LINC02121	0
LINC02122	0
LINC02123	0
LINC02124	0
LINC02125	0
LINC02126	0.195531277
LINC02127	0
LINC02128	0.193399639
LINC02129	0.01571738
LINC02130	0.020996964
LINC02131	0
LINC02132	0.130517128
LINC02133	0
LINC02134	0
LINC02135	0
LINC02136	0
LINC02137	0.104109946
LINC02138	0
LINC02139	0.02712326
LINC02140	0
LINC02141	0
LINC02142	0
LINC02143	0
LINC02144	0
LINC02145	0
LINC02146	0
LINC02147	0.008245965
LINC02148	0
LINC02149	0
LINC02150	0.01026078
LINC02151	0
LINC02152	0
LINC02153	0
LINC02154	1.138636898
LINC02155	0
LINC02156	0.090073932
LINC02157	0.024332052
LINC02158	0.194005392
LINC02159	0.065548852
LINC02160	0
LINC02161	0
LINC02162	0
LINC02163	0.625299827
LINC02164	0
LINC02165	0
LINC02166	0.497811513
LINC02167	0
LINC02168	0.092696824
LINC02169	0
LINC02170	0.055710621
LINC02171	0
LINC02172	0.004804076
LINC02173	0
LINC02174	0
LINC02175	0.104413702
LINC02176	0
LINC02177	0.002052931
LINC02178	0.076774781
LINC02179	0
LINC02180	0
LINC02181	0.005327665
LINC02182	0.218402155
LINC02184	0
LINC02185	0.16793757
LINC02186	0
LINC02187	0.71122545
LINC02188	0.07547251
LINC02189	0
LINC02190	0
LINC02191	0
LINC02192	0
LINC02193	0.010345365
LINC02195	0.702898363
LINC02196	0
LINC02197	0.003930765
LINC02198	0.018188006
LINC02199	0.003069836
LINC02200	0
LINC02201	0.041181256
LINC02202	0.098138267
LINC02203	0
LINC02204	0.006785045
LINC02205	0
LINC02206	0
LINC02207	0.186808866
LINC02208	0
LINC02209	0
LINC02210	1.284319963
LINC02210-CRHR1	0
LINC02211	0.092861706
LINC02212	0
LINC02213	0
LINC02214	0
LINC02215	0
LINC02216	0
LINC02217	0
LINC02218	0
LINC02219	0
LINC02220	0
LINC02221	0
LINC02222	0
LINC02223	0.026399095
LINC02224	0
LINC02225	0
LINC02226	0
LINC02227	0.020313498
LINC02228	0.122207048
LINC02229	0.016454504
LINC02230	0
LINC02231	0
LINC02232	0
LINC02233	0
LINC02234	0.078719619
LINC02235	0.046679945
LINC02236	0
LINC02237	0
LINC02238	0
LINC02239	0
LINC02240	0
LINC02241	0
LINC02242	0.101807432
LINC02243	0.011317822
LINC02245	0.018573134
LINC02246	0.050866373
LINC02247	0
LINC02248	0
LINC02249	0.012738847
LINC02250	0
LINC02251	0.02665791
LINC02252	0
LINC02253	0.043989595
LINC02254	0
LINC02255	0.109310827
LINC02256	0.083756866
LINC02257	0.250659146
LINC02258	0
LINC02259	0
LINC02260	0
LINC02261	0.003881666
LINC02262	0
LINC02263	0
LINC02264	0
LINC02265	0.022730256
LINC02266	0.018899092
LINC02267	0
LINC02268	0.019668042
LINC02269	0.017977566
LINC02270	0
LINC02271	0
LINC02272	0
LINC02273	0.189296348
LINC02274	0
LINC02275	0
LINC02276	0
LINC02277	0
LINC02278	0
LINC02279	0
LINC02280	0.002850217
LINC02281	0
LINC02282	0
LINC02283	0
LINC02284	0.012856297
LINC02285	0.219143286
LINC02286	0
LINC02287	0
LINC02288	0.040916792
LINC02289	0.077883475
LINC02290	0.035836663
LINC02291	0
LINC02292	0
LINC02293	0
LINC02294	0
LINC02295	0.058162713
LINC02296	0
LINC02297	0
LINC02298	0.794709216
LINC02299	0
LINC02300	0.01635553
LINC02301	0
LINC02302	0.011235979
LINC02303	0
LINC02304	0
LINC02305	0
LINC02306	0
LINC02307	0
LINC02308	0
LINC02309	0
LINC02310	0.076058932
LINC02311	0
LINC02312	0.003504004
LINC02313	0
LINC02314	0
LINC02315	2.765987976
LINC02316	0.014162015
LINC02317	0
LINC02318	0.005518228
LINC02319	0.031164548
LINC02320	0.047913777
LINC02321	0.113296118
LINC02322	0
LINC02323	0.033925226
LINC02324	0.015085197
LINC02325	0.021601643
LINC02326	0
LINC02327	0
LINC02328	0.263586886
LINC02329	0
LINC02330	0
LINC02331	0.03613431
LINC02332	0.112709091
LINC02333	0.01276576
LINC02334	0.030705784
LINC02335	0
LINC02336	0
LINC02337	0
LINC02338	0
LINC02339	0
LINC02340	0.0693397
LINC02342	0
LINC02343	0
LINC02344	0
LINC02345	0.453184471
LINC02346	0
LINC02347	0
LINC02348	0
LINC02349	0
LINC02351	1.768830737
LINC02352	0.160199876
LINC02353	0
LINC02354	0.046086556
LINC02355	0.008632085
LINC02356	0.030811409
LINC02358	0
LINC02359	0
LINC02360	0
LINC02361	0.256519512
LINC02362	1.167437263
LINC02363	0.101692053
LINC02364	0
LINC02365	0
LINC02366	0
LINC02367	0.034701454
LINC02368	0.006567891
LINC02369	0
LINC02370	0
LINC02371	0.038364823
LINC02372	0
LINC02373	0
LINC02374	0
LINC02375	0
LINC02376	0
LINC02377	0
LINC02378	0
LINC02379	0
LINC02380	0.041913015
LINC02381	8.469153761
LINC02382	0
LINC02383	0
LINC02384	0.230039464
LINC02385	0.025412213
LINC02386	0
LINC02387	0.025060892
LINC02388	0.004596968
LINC02389	0.010958617
LINC02390	0.038844383
LINC02391	0.258315148
LINC02392	0.048468927
LINC02393	0
LINC02394	0
LINC02395	0.004627282
LINC02396	0
LINC02397	0.015353511
LINC02398	0.02523533
LINC02399	0
LINC02400	0
LINC02401	0
LINC02402	0
LINC02403	0
LINC02404	0.009155242
LINC02405	0.007424182
LINC02406	0
LINC02407	0.407526418
LINC02408	0.238100422
LINC02409	0
LINC02410	0
LINC02411	0
LINC02412	0
LINC02413	0
LINC02414	0
LINC02415	0
LINC02416	0.181273788
LINC02417	0
LINC02418	0
LINC02419	0
LINC02420	0
LINC02421	0.038162903
LINC02422	0.102126078
LINC02423	0
LINC02424	0
LINC02425	0
LINC02426	0
LINC02427	0.034748969
LINC02428	0.966269814
LINC02429	0
LINC02430	0
LINC02431	0
LINC02432	2.764062724
LINC02433	0
LINC02434	0
LINC02435	0.093120097
LINC02436	0
LINC02437	0.023877996
LINC02438	0
LINC02439	0
LINC02440	0
LINC02441	0
LINC02442	0
LINC02443	0.070271246
LINC02444	0.034638303
LINC02445	0
LINC02446	0.476156955
LINC02447	0.020232525
LINC02448	0
LINC02449	1.043265038
LINC02450	0.130126747
LINC02451	0
LINC02453	0.062377842
LINC02454	0.145829193
LINC02455	0
LINC02457	0.346731743
LINC02458	0.011094622
LINC02459	0
LINC02460	0
LINC02461	0.052040322
LINC02462	0
LINC02463	0.02188416
LINC02464	0
LINC02465	0.004390968
LINC02466	0.075284717
LINC02468	0
LINC02469	0
LINC02470	0.022219463
LINC02471	0.491404848
LINC02472	0
LINC02473	0.004955092
LINC02474	0.581243919
LINC02475	0.015411162
LINC02476	0
LINC02477	0.03837836
LINC02479	0
LINC02480	0
LINC02482	0.41237639
LINC02483	0
LINC02484	0
LINC02485	0
LINC02487	0.012760767
LINC02488	0
LINC02489	0.245794967
LINC02490	0
LINC02491	0
LINC02492	0.01718235
LINC02493	0
LINC02494	0
LINC02495	0.038432605
LINC02496	0
LINC02497	0
LINC02499	0
LINC02500	0
LINC02501	0
LINC02502	0.118590329
LINC02503	0
LINC02504	0
LINC02505	0.193983021
LINC02506	0.014818021
LINC02507	0.063481093
LINC02508	0
LINC02509	0
LINC02510	0
LINC02511	0
LINC02512	0
LINC02513	0
LINC02514	0
LINC02515	0.020291842
LINC02516	0.006141404
LINC02517	0
LINC02518	1.988934811
LINC02519	0.121524327
LINC02520	0.162032436
LINC02521	0.01304128
LINC02522	0
LINC02523	0
LINC02525	0.014453724
LINC02526	0
LINC02527	0
LINC02528	0
LINC02529	0
LINC02530	0
LINC02531	0
LINC02532	0.006581802
LINC02533	0.00478716
LINC02534	0
LINC02535	0.06059291
LINC02536	0.017402284
LINC02538	0.007141449
LINC02539	0.059030813
LINC02540	0
LINC02541	4.336911356
LINC02542	8.124241314
LINC02543	0
LINC02544	0.859717599
LINC02545	0
LINC02546	0
LINC02547	0.026303331
LINC02548	0
LINC02549	0
LINC02550	0.813591018
LINC02551	0.024116247
LINC02552	0
LINC02553	0
LINC02554	0.040905012
LINC02555	0.250865827
LINC02556	0.031434761
LINC02557	0
LINC02558	0
LINC02559	0
LINC02560	1.161100082
LINC02561	0.047152141
LINC02562	4.158943642
LINC02563	0
LINC02564	0
LINC02565	0
LINC02567	0
LINC02568	0.151196971
LINC02569	0.306738255
LINC02570	0.054450199
LINC02571	0
LINC02572	0.386373971
LINC02573	0
LINC02574	0.0246631
LINC02575	0.262369957
LINC02576	0.54718125
LINC02577	1.163796145
LINC02578	0
LINC02579	0.1409594
LINC02580	0.07997373
LINC02582	0.081274402
LINC2194	0
LINCMD1	0
LINC-PINT	0.363752054
LINC-ROR	0
LINGO1	3.840696787
LINGO1-AS1	0
LINGO1-AS2	0
LINGO2	0.046881152
LINGO3	0.077654099
LINGO4	0.041844793
LINP1	0.616765779
LINS1	1.512088673
LIPA	32.10871969
LIPC	0.287436447
LIPC-AS1	0.014625406
LIPE	0.438734102
LIPE-AS1	0.10080339
LIPF	0
LIPG	1.717068678
LIPH	0.770479566
LIPI	0.031182418
LIPJ	0.012010189
LIPK	0.070740991
LIPM	0.151161465
LIPN	0.063604838
LIPT1	2.142832758
LIPT1P1	0
LIPT2	1.814265042
LITAF	48.56346283
LIVAR	0.028324029
LIX1	0.467831745
LIX1-AS1	0.084924697
LIX1L	6.766642693
LIX1L-AS1	0.087064997
LKAAEAR1	0.037591339
LLCFC1	0.023567556
LLGL1	9.239556121
LLGL2	2.66925596
LLPH	4.259128918
LLPH-AS1	0.331704845
LLPHP1	0
LLPHP2	0
LMAN1	44.54079404
LMAN1L	0
LMAN2	57.52462566
LMAN2L	18.20366237
LMBR1	3.53099683
LMBR1L	3.658450988
LMBRD1	38.39804475
LMBRD2	3.12563283
LMCD1	10.48529109
LMCD1-AS1	0.102734913
LMF1	1.159905644
LMF1-AS1	0.120181517
LMF2	23.29492827
LMLN	1.738076106
LMLN-AS1	0
LMNA	43.07594628
LMNB1	18.31598739
LMNB1-DT	0
LMNB2	25.77945535
LMNTD1	0.035278713
LMNTD2	0.192765583
LMO1	0.006435756
LMO2	4.894217365
LMO3	1.092091599
LMO4	8.204402556
LMO7	5.876919685
LMO7-AS1	0.696971732
LMO7DN	0.055919935
LMO7DN-IT1	0.033882951
LMOD1	6.44204407
LMOD2	0
LMOD3	0.020348788
LMTK2	6.096940261
LMTK3	1.373509703
LMX1A	0.002598907
LMX1B	0.574603706
LNCPRESS1	0
LNCPRESS2	0
LNCSRLR	0.506237096
LNP1	1.634607571
LNPEP	3.875074549
LNPK	5.413174735
LNX1	2.557147798
LNX1-AS1	0
LNX1-AS2	0.036786113
LNX2	6.962605934
LOC101927550	2.113564198
LOC101929006	0
LOC644634	0
LOC644634	0
LOH12CR2	0.360193372
LONP1	15.71895068
LONP2	8.904753975
LONRF1	3.164399428
LONRF2	0.341132472
LONRF2P1	0
LONRF2P2	0
LONRF3	0.341822882
LOR	0.053055743
LOX	91.31982027
LOXHD1	0.032556933
LOXL1	18.63675967
LOXL1-AS1	1.450705655
LOXL2	83.33893276
LOXL3	3.111111911
LOXL4	14.32425177
LPA	0.015249703
LPAL2	0.142326955
LPAR1	7.183829234
LPAR2	5.839692509
LPAR3	3.745199352
LPAR4	0.192163026
LPAR5	2.273433698
LPAR6	5.165552523
LPCAT1	23.57340841
LPCAT2	15.46297824
LPCAT2BP	0
LPCAT3	6.2611391
LPCAT4	3.154821171
LPGAT1	9.647745773
LPIN1	1.918344651
LPIN2	6.252346221
LPIN3	4.481612212
LPL	4.23192801
LPO	0.136948642
LPP	5.977243167
LPP-AS1	0.022017059
LPP-AS2	0.858063163
LPXN	9.593476205
LRAT	0.03883411
LRBA	4.571611045
LRCH1	4.306213791
LRCH2	0.968705941
LRCH3	4.208064679
LRCH4	3.177990895
LRCOL1	0.029929629
LRFN1	0.836400798
LRFN2	0.016630623
LRFN3	4.790038827
LRFN4	5.061307752
LRFN5	0.18422613
LRG1	5.092792482
LRGUK	0.050214346
LRIF1	4.376402809
LRIG1	10.0180062
LRIG2	1.308035332
LRIG3	13.73349661
LRIT1	0.0097634
LRIT2	0.020540939
LRIT3	0.022327795
LRMDA	0.635010923
LRMP	2.580489826
LRP1	50.88105321
LRP10	30.47754775
LRP11	12.86039099
LRP12	4.163901746
LRP1-AS	0
LRP1B	0.002552852
LRP2	0.521747435
LRP2BP	0.184721931
LRP3	6.681691352
LRP4	8.837018108
LRP4-AS1	0.141514853
LRP5	12.87561486
LRP5L	0.678135094
LRP6	4.546487603
LRP8	0.776130316
LRPAP1	12.90734202
LRPPRC	10.52428068
LRR1	3.153656749
LRRC1	7.022924875
LRRC10	0
LRRC10B	0.063719493
LRRC14	3.298733898
LRRC14B	0.207433451
LRRC15	21.34269976
LRRC17	5.832758693
LRRC18	0.060017073
LRRC19	0.006027391
LRRC2	0.075450136
LRRC20	1.713224824
LRRC23	1.702335379
LRRC24	0
LRRC25	6.354715907
LRRC26	0
LRRC27	0.454373451
LRRC28	1.573032162
LRRC29	1.394910519
LRRC2-AS1	0.009470115
LRRC3	2.131179314
LRRC30	0
LRRC31	0.052408098
LRRC32	17.77694598
LRRC34	0.318378206
LRRC34P1	0
LRRC34P2	0
LRRC36	0.140795175
LRRC37A	0.127053255
LRRC37A11P	0.069350227
LRRC37A12P	0
LRRC37A13P	0
LRRC37A14P	0
LRRC37A15P	0.192645207
LRRC37A16P	1.932953528
LRRC37A17P	0.679508761
LRRC37A2	0.396033321
LRRC37A3	0.187892737
LRRC37A4P	0.281503587
LRRC37A5P	0.019157071
LRRC37A6P	0.050273264
LRRC37A7P	0.134033537
LRRC37A9P	0.058671204
LRRC37B	0.782701025
LRRC37BP1	1.306760296
LRRC38	0.128015894
LRRC39	0.114718721
LRRC3-AS1	0.06936497
LRRC3B	0.019950646
LRRC3C	0
LRRC4	0.579393426
LRRC40	4.902689142
LRRC41	10.45557553
LRRC42	11.03882936
LRRC43	0.254763162
LRRC45	3.055413437
LRRC46	0.47825425
LRRC47	10.47422106
LRRC49	0.672768699
LRRC4B	0.285763229
LRRC4C	0.322881244
LRRC52	0.158895943
LRRC53	0
LRRC55	0.673494112
LRRC56	1.029116631
LRRC57	2.298875131
LRRC58	6.417408641
LRRC59	45.13122338
LRRC6	0.567704089
LRRC61	10.94403215
LRRC63	0.024377499
LRRC66	0.045767954
LRRC69	1.302608767
LRRC6P1	0
LRRC7	0.017073289
LRRC70	0.067705639
LRRC71	0.037205567
LRRC72	0
LRRC73	0.394853796
LRRC74A	0
LRRC74B	0.001962546
LRRC75A	0.491573304
LRRC75A-AS1	47.02412781
LRRC75B	2.828761045
LRRC77P	0.006802018
LRRC8A	16.29592434
LRRC8B	4.118080391
LRRC8C	2.506662108
LRRC8C-DT	0.104180338
LRRC8D	7.10375064
LRRC8E	0.258783093
LRRC9	0.223011771
LRRCC1	3.470149361
LRRD1	0.01043803
LRRFIP1	10.11879699
LRRFIP1P1	0.794182581
LRRFIP2	2.565831355
LRRIQ1	0.027334936
LRRIQ3	0.038494034
LRRIQ4	0.029765811
LRRK1	2.117813429
LRRK2	2.783525322
LRRN1	11.05242952
LRRN2	0.827075619
LRRN3	0.432250272
LRRN4	1.890849916
LRRN4CL	0.126225462
LRRTM1	0.00646893
LRRTM2	0.529991617
LRRTM3	0
LRRTM4	0.018093872
LRSAM1	3.107194694
LRTM1	0
LRTM2	0.005086008
LRTOMT	1.051529592
LRWD1	2.226308861
LSAMP	4.048389444
LSAMP-AS1	0.196680421
LSG1	15.05723746
LSM1	9.589276138
LSM10	10.38204424
LSM11	1.346337826
LSM12	3.22307504
LSM12P1	2.608122872
LSM14A	31.08303328
LSM14B	12.62321819
LSM1P1	0
LSM1P2	0
LSM2	32.22532916
LSM3	7.01622217
LSM3P2	0
LSM3P3	0.03554388
LSM3P4	0
LSM3P5	0
LSM4	13.59463643
LSM5	4.608773277
LSM6	5.26494235
LSM6P2	0
LSM7	16.66693983
LSM8	2.726988293
LSMEM1	0.092315355
LSMEM2	0.043680431
LSP1	12.11536095
LSP1P1	0
LSP1P2	0.081777649
LSP1P3	0
LSR	42.94249227
LSS	17.17417623
LST1	5.411988155
LTA	1.058213134
LTA4H	12.02474125
LTB	16.60869419
LTB4R	1.232580563
LTB4R2	0.366696745
LTBP1	36.43284079
LTBP2	48.00535093
LTBP3	12.45481426
LTBP4	9.099014104
LTBR	23.42761657
LTC4S	0
LTF	89.62360483
LTK	0.461235312
LTN1	4.593930367
LTV1	7.831969846
LTV1P1	0
LUADT1	0
LUARIS	0.171576014
LUC7L	2.22776563
LUC7L2	3.88837442
LUC7L3	5.821844227
LUCAT1	0.179775658
LUM	333.3328468
LURAP1	0.703975877
LURAP1L	2.765020448
LURAP1L-AS1	0
LUZP1	8.251354608
LUZP2	0.029492064
LUZP4	0.01889362
LUZP4P1	0
LUZP6	0
LVRN	0.019668042
LXN	13.84864247
LY6D	2.528261593
LY6E	92.10356389
LY6E-DT	0.129850936
LY6G5B	0.771505071
LY6G5C	0.730351471
LY6G6C	0.354987654
LY6G6D	0
LY6G6E	0
LY6G6F	0
LY6G6F-LY6G6D	0.008591175
LY6H	0.075169354
LY6K	0.40293013
LY6L	0
LY75	2.068227196
LY75-CD302	0.005775094
LY86	4.007104794
LY86-AS1	0.013588255
LY9	0.464019546
LY96	13.83295202
LYAR	5.93771322
LYARP1	0
LYG1	0.298529569
LYG2	0.12626035
LYL1	1.178657399
LYN	9.608536581
LYNX1	8.884486812
LYPD1	2.056239987
LYPD2	0.54931451
LYPD3	8.367811077
LYPD4	0.010047508
LYPD5	0.252095545
LYPD6	1.099960559
LYPD6B	3.273599836
LYPD8	0.029172358
LYPLA1	16.72708323
LYPLA1P1	0
LYPLA1P2	0.015740126
LYPLA1P3	0.015649536
LYPLA2	21.16841998
LYPLA2P1	0.031254101
LYPLA2P2	0.016089389
LYPLA2P3	0
LYPLAL1	2.33956865
LYPLAL1-AS1	0.090136138
LYRM1	2.815217753
LYRM2	2.665532995
LYRM4	3.008496039
LYRM7	2.495190454
LYRM9	0.69140114
LYSMD1	3.512721735
LYSMD2	2.585380259
LYSMD3	2.407498036
LYSMD4	1.653323862
LYST	1.494441295
LYST-AS1	0.02087606
LYVE1	2.125776829
LYZ	226.7340482
LYZL1	0
LYZL2	0
LYZL4	0
LYZL6	0.009659349
LZIC	5.286395229
LZTFL1	2.887894597
LZTR1	7.01296371
LZTS1	5.571643356
LZTS1-AS1	0
LZTS2	7.214957042
LZTS3	5.505750315
M1AP	0.101513321
M6PR	25.20843118
MAATS1	0.050509724
MAB21L1	0.007183902
MAB21L2	0
MAB21L3	0.681446919
MACC1	0.629641629
MACC1-AS1	0
MACF1	5.557066538
MACO1	7.891491733
MACROD1	2.10864196
MACROD2	1.347089241
MACROD2-AS1	0
MACROD2-IT1	0
MAD1L1	3.634501846
MAD2L1	4.026624441
MAD2L1BP	12.18969804
MAD2L2	7.175693461
MADCAM1	0.082055279
MADD	6.065173991
MAEA	4.495339841
MAEL	0.055280444
MAF	47.11039668
MAF1	42.59514586
MAFA	0.794882666
MAFA-AS1	2.582173387
MAFB	20.36485194
MAFF	6.328279248
MAFG	5.354869378
MAFG-AS1	2.261378552
MAFK	4.667251104
MAFTRR	0.189272818
MAG	0.036781966
MAGEA1	0.05088387
MAGEA10	18.87148303
MAGEA10-MAGEA5	0.26568372
MAGEA11	0.257393085
MAGEA12	10.77566781
MAGEA13P	0
MAGEA2	0.071807399
MAGEA2B	0.071850882
MAGEA3	2.098639495
MAGEA4	0.730743411
MAGEA5	0.069276607
MAGEA6	28.02883921
MAGEA7P	0.011546101
MAGEA8	0.027616828
MAGEA8-AS1	0.045699274
MAGEA9	0.023983302
MAGEA9B	4.801254736
MAGEB1	0
MAGEB10	0
MAGEB16	0
MAGEB17	0.094518921
MAGEB18	0
MAGEB2	0.006755545
MAGEB3	0
MAGEB4	0
MAGEB5	0
MAGEB6	0
MAGEB6B	0
MAGEC1	0
MAGEC2	0
MAGEC3	0
MAGED1	103.4056077
MAGED2	78.89849149
MAGED4	0.006785045
MAGED4B	0.015390134
MAGEE1	2.337083551
MAGEE2	0.053197288
MAGEF1	30.10297237
MAGEH1	21.57430859
MAGEL2	0.630114099
MAGI1	0.855250013
MAGI1-AS1	0
MAGI1-IT1	0.016948075
MAGI2	0.412892423
MAGI2-AS1	0
MAGI2-AS2	0
MAGI2-AS3	0.895375563
MAGI3	1.974510335
MAGIX	0.739009256
MAGOH	12.69040424
MAGOH2P	0.319894921
MAGOH3P	0.024332052
MAGOHB	3.032677628
MAGT1	38.54398238
MAIP1	8.056860861
MAJIN	0.009453653
MAK	0.270237782
MAK16	4.408027902
MAL	1.627358374
MAL2	16.8600478
MAL2-AS1	0.02153748
MALAT1	7.786801405
MALINC1	0.35738188
MALL	1.305033904
MALRD1	0.079675666
MALSU1	3.465431393
MALT1	4.571106772
MAMDC2	1.55780692
MAMDC2-AS1	0.018748658
MAMDC4	0.296322484
MAML1	7.238063966
MAML2	7.30398986
MAML3	2.044371246
MAMLD1	0.779495545
MAMSTR	0.465789602
MAN1A1	18.42311469
MAN1A2	7.348085929
MAN1A2P1	0
MAN1B1	8.441601117
MAN1B1-AS1	0.41251407
MAN1C1	1.372507278
MAN2A1	6.010342262
MAN2A2	4.33121475
MAN2B1	32.89441252
MAN2B2	7.012594224
MAN2C1	4.476659687
MANBA	3.639226533
MANBAL	28.29998516
MANEA	3.960973812
MANEA-AS1	0.115094469
MANEAL	1.44154106
MANF	30.23347957
MANSC1	1.381478047
MANSC4	0.053159469
MAOA	18.30773444
MAOB	3.671875836
MAP10	1.757056514
MAP1A	4.035810449
MAP1B	2.829765645
MAP1LC3A	3.432062189
MAP1LC3B	27.7796195
MAP1LC3B2	1.538826726
MAP1LC3BP1	0
MAP1LC3C	0.377270321
MAP1LC3P	0
MAP1S	7.037307424
MAP2	0.502466665
MAP2K1	20.43055418
MAP2K1P1	0
MAP2K2	17.59422063
MAP2K3	13.09886407
MAP2K4	7.278869091
MAP2K4P1	0.068539912
MAP2K5	3.489277213
MAP2K6	0.561134861
MAP2K7	6.498374638
MAP3K1	5.569305891
MAP3K10	2.455890614
MAP3K11	6.779749503
MAP3K12	1.204853256
MAP3K13	1.92058595
MAP3K14	2.38642048
MAP3K14-AS1	0.501324066
MAP3K15	0.06807492
MAP3K19	0.018097217
MAP3K2	7.70555368
MAP3K20	3.817272078
MAP3K20-AS1	0.057075381
MAP3K21	1.21185054
MAP3K3	7.102536771
MAP3K4	5.354348615
MAP3K5	9.401761782
MAP3K6	8.262218353
MAP3K7	5.837783518
MAP3K7CL	2.012272073
MAP3K8	3.944630394
MAP3K9	0.808750972
MAP4	26.68798967
MAP4K1	2.572592847
MAP4K2	3.989966662
MAP4K3	4.406503757
MAP4K4	18.82483052
MAP4K5	6.070530879
MAP6	0.765897958
MAP6D1	2.154508231
MAP7	3.057060803
MAP7D1	24.46628694
MAP7D2	0.636280939
MAP7D3	3.025761436
MAP9	1.996733746
MAPK1	13.71738542
MAPK10	0.255955043
MAPK11	5.543417186
MAPK12	1.266069689
MAPK13	9.266951811
MAPK14	11.08095487
MAPK15	0.227778582
MAPK1IP1L	20.64622325
MAPK3	11.47227409
MAPK4	0.319095288
MAPK6	9.994462779
MAPK6PS2	0
MAPK6PS3	0.015092175
MAPK6PS4	0.005077697
MAPK6PS6	0
MAPK7	4.672091172
MAPK8	2.776431436
MAPK8IP1	1.501805141
MAPK8IP1P1	0
MAPK8IP1P2	0
MAPK8IP2	0.63772985
MAPK8IP3	2.827765347
MAPK9	5.047731083
MAPKAP1	10.67474306
MAPKAPK2	49.72821825
MAPKAPK3	9.470064472
MAPKAPK5	1.969343112
MAPKAPK5-AS1	4.398066235
MAPKAPK5P1	0
MAPKBP1	2.678938499
MAPRE1	71.75207699
MAPRE1P1	0.013646709
MAPRE1P3	0.013663853
MAPRE2	5.512131116
MAPRE3	1.924363546
MAPT	0.13559085
MAPT-AS1	0
MAPT-IT1	0
MARC1	0.829418629
MARC2	3.693880969
MARCH1	2.240829998
MARCH10	0.046423775
MARCH11	0.578595541
MARCH2	10.32180804
MARCH3	0.68253309
MARCH4	0.080711064
MARCH5	9.728203431
MARCH6	15.78597903
MARCH7	22.51219804
MARCH8	5.676978567
MARCH9	3.973086925
MARCKS	81.87214747
MARCKSL1	93.82919064
MARCKSL1P1	0.060312906
MARCKSL1P2	0.022287761
MARCO	20.91057235
MARCOL	0
MARF1	6.028403517
MARK1	7.617715556
MARK2	10.87819467
MARK2P10	0
MARK2P11	0
MARK2P12	0
MARK2P13	0.00588233
MARK2P14	0
MARK2P15	0
MARK2P16	0
MARK2P17	0.012932732
MARK2P4	0
MARK2P5	0.017155248
MARK2P6	0.012125337
MARK2P8	0.022849637
MARK2P9	0.006297873
MARK3	5.429038842
MARK3P1	0
MARK3P3	0.014960698
MARK4	8.34327019
MARS	16.08714595
MARS2	2.493039977
MARVELD1	36.69144562
MARVELD2	2.413776332
MARVELD3	5.57151147
MAS1	0
MAS1L	0.025896255
MAS1LP1	0
MASP1	0.404942586
MASP2	0.138162097
MAST1	0.079912523
MAST2	4.899017907
MAST3	2.214795222
MAST4	2.948308538
MAST4-AS1	0.167975711
MAST4-IT1	0
MASTL	3.705354053
MAT1A	1.099432895
MAT2A	41.24170582
MAT2B	15.31733609
MATK	0.990198766
MATN1	0.03542041
MATN1-AS1	0.121630027
MATN2	5.415466181
MATN3	4.8417194
MATN4	0.114627933
MATR3	0.365873701
MATR3	0.185095826
MAU2	6.074989675
MAVS	14.6140153
MAX	16.02738542
MAZ	13.91524645
MB	0.120403254
MB21D2	9.965752565
MBD1	8.626521858
MBD2	13.04048065
MBD3	8.236692744
MBD3L1	0
MBD3L2	0
MBD3L2B	0
MBD3L3	0
MBD3L4	0
MBD3L5	0
MBD4	10.75651436
MBD5	1.275433887
MBD6	8.339364819
MBIP	5.795743266
MBL1P	0.174621539
MBL2	0.003047472
MBL3P	0.084444311
MBLAC1	1.800045256
MBLAC2	0.392823748
MBNL1	15.50944343
MBNL1-AS1	0.488902427
MBNL2	15.23098713
MBNL3	1.322218352
MBOAT1	6.747750046
MBOAT2	3.503500223
MBOAT4	0.115094469
MBOAT7	16.54688514
MBP	2.210342437
MBTD1	2.638677751
MBTPS1	32.26170582
MBTPS2	3.348092552
MC1R	1.399123598
MC2R	0.008738426
MC3R	0
MC4R	0.065284678
MC5R	0.098876612
MCAM	11.92274488
MCAT	4.540953943
MCC	14.53935214
MCCC1	6.144262678
MCCC1-AS1	0.483396769
MCCC2	7.566994
MCCD1	0
MCCD1P1	0.066319679
MCCD1P2	0.129867789
MCEE	4.205909078
MCEMP1	4.028729104
MCF2	0.034832433
MCF2L	0.307291492
MCF2L2	0.064514009
MCF2L-AS1	0.504104074
MCFD2	23.46216299
MCFD2P1	0.108764273
MCHR1	0.93667307
MCHR2	0
MCHR2-AS1	0.008577624
MCIDAS	0.156046303
MCL1	98.07944597
MCM10	2.588485998
MCM2	19.21679658
MCM3	29.27993825
MCM3AP	9.132248091
MCM3AP-AS1	0.504849288
MCM4	21.90905182
MCM5	17.04092186
MCM6	26.96392576
MCM7	114.7268459
MCM8	3.372809661
MCM8-AS1	0.033193573
MCM9	0.927838628
MCMBP	16.21312762
MCMDC2	0.065046307
MCOLN1	6.42797953
MCOLN2	1.096490492
MCOLN3	0.54029059
MCPH1	2.238708105
MCPH1-AS1	0.224955653
MCRIP1	15.5294131
MCRIP2	0.792937787
MCRIP2P1	0.957806709
MCRIP2P2	0
MCRS1	15.14847766
MCTP1	0.71885726
MCTP2	2.036501644
MCTS1	9.036214008
MCTS2P	0.756967468
MCU	7.406911773
MCUB	5.526664684
MCUR1	7.850708295
MCUR1P1	0.068693225
MCUR1P2	0
MDC1	7.497775216
MDC1-AS1	0
MDFI	20.08453221
MDFIC	7.573026985
MDFIC2	0
MDGA1	0.921510228
MDGA2	0.001322201
MDH1	47.30700963
MDH1B	0.213331854
MDH2	33.26854458
MDK	30.95027057
MDM1	1.474769803
MDM2	6.956226273
MDM4	2.678596875
MDN1	2.78313052
MDP1	1.663931042
MDS2	0.055854669
ME1	3.061919165
ME2	3.481432512
ME2P1	0.005521029
ME3	0.841662039
MEA1	48.6193279
MEAF6	8.802201845
MEAF6P1	0
MECOM	7.154569555
MECP2	3.076696146
MECR	3.435974865
MED1	7.453246155
MED10	27.5439736
MED11	6.826302034
MED12	14.63080887
MED12L	0.107738601
MED13	7.247233681
MED13L	9.168532554
MED13P1	0
MED14	16.89473209
MED14OS	0.725095153
MED14P1	0
MED15	12.25406615
MED15P1	0
MED15P3	0
MED15P4	0
MED15P5	0.021928281
MED15P6	0
MED15P7	0
MED15P8	0
MED15P9	0
MED16	14.08371105
MED17	2.590635148
MED18	4.99917015
MED19	3.676538805
MED20	9.419822177
MED21	12.80611601
MED22	3.393613944
MED23	3.454278178
MED24	9.017342482
MED25	6.616493272
MED26	1.779407993
MED27	8.001168633
MED28	3.290064786
MED28P1	0
MED28P2	0
MED28P3	0.061448742
MED28P4	0
MED28P5	0
MED28P6	0
MED28P7	0.061564683
MED28P8	0
MED29	15.7772008
MED30	5.166302966
MED31	2.032542048
MED4	9.930851557
MED4-AS1	0.080268836
MED6	5.225531674
MED6P1	0.015254456
MED7	3.031808776
MED8	12.81519873
MED9	2.547745974
MEDAG	2.121224026
MEF2A	9.098504452
MEF2AP1	0
MEF2B	0.400214857
MEF2BNBP1	0
MEF2C	2.08289256
MEF2C-AS1	0.082411366
MEF2C-AS2	0
MEF2D	13.41029497
MEFV	0.609386879
MEG3	0.765605574
MEG8	0.007284948
MEG9	0.045301287
MEGF10	0.037434134
MEGF11	0.029880295
MEGF6	5.931894359
MEGF8	8.579102432
MEGF9	4.633447831
MEI1	1.163674866
MEI4	0.015861456
MEIG1	0.030920902
MEIKIN	0.005460054
MEIOB	0.005416547
MEIOC	0.020214059
MEIS1	2.64897804
MEIS1-AS2	0.031709701
MEIS1-AS3	0.030767828
MEIS2	2.475852778
MEIS3	2.212658579
MEIS3P1	2.37283226
MEIS3P2	0.293410597
MELK	4.40060178
MELTF	2.354637007
MELTF-AS1	1.050401232
MEMO1	0.516734477
MEMO1P1	1.237071123
MEMO1P3	0
MEMO1P4	0
MEMO1P5	0
MEN1	9.239583905
MEOX1	0.711166469
MEOX2	2.162233747
MEOX2-AS1	0.187255563
MEP1A	0.03284827
MEP1AP4	0
MEP1B	0.016843093
MEPCE	43.62973862
MEPE	0
MERTK	3.348551127
MESD	9.929265719
MESP1	0.192828175
MESP2	0.085401
MEST	13.58672682
MESTIT1	0.029053108
MESTP1	0.043768319
MESTP2	0
MESTP3	0.033707936
MESTP4	0
MET	8.354715499
METAP1	9.537017863
METAP1D	0.737803006
METAP2	21.35809671
METRN	1.900134238
METRNL	8.374766182
METTL1	6.43207261
METTL11B	0.406510987
METTL13	12.10418183
METTL14	2.750014771
METTL15	2.013493906
METTL15P1	0.437138705
METTL15P3	0.053446817
METTL16	3.934700361
METTL17	4.764701462
METTL18	3.949425121
METTL21A	1.345553892
METTL21AP1	0.017128232
METTL21C	0.029990149
METTL21EP	0.069810188
METTL22	1.465300116
METTL23	6.983871028
METTL24	0.637625952
METTL25	0.687181681
METTL26	8.296990441
METTL27	0.429430077
METTL2A	2.994342982
METTL2B	1.787221495
METTL3	3.775563327
METTL4	1.134386285
METTL5	5.311037274
METTL6	1.663632737
METTL7A	19.69371222
METTL7AP1	0
METTL7B	1.639408364
METTL8	1.645391622
METTL8P1	0
METTL9	7.673021845
MEX3A	5.001309482
MEX3B	2.577045331
MEX3C	6.946607355
MEX3D	5.961045417
MFAP1	13.30563356
MFAP1P1	0.04333238
MFAP2	29.84581199
MFAP3	6.393759536
MFAP3L	0.920782084
MFAP4	51.15256537
MFAP5	9.824141375
MFF	7.418961384
MFGE8	22.22850938
MFHAS1	7.717633433
MFN1	15.08860084
MFN2	23.8240343
MFNG	4.733855931
MFRP	0
MFSD1	16.51003818
MFSD10	15.53480214
MFSD11	2.823544964
MFSD12	8.361884697
MFSD13A	2.106806535
MFSD13B	0.092744729
MFSD14A	17.80215776
MFSD14B	17.32359774
MFSD14C	1.234263265
MFSD1P1	0.024588758
MFSD2A	2.795787401
MFSD2B	0.061268743
MFSD3	6.318231765
MFSD4A	0.524097274
MFSD4B	0.936489964
MFSD4BP1	0
MFSD5	12.89495061
MFSD6	4.68167887
MFSD6L	0.059651338
MFSD8	1.916312594
MFSD9	2.784484937
MGA	2.652712
MGAM	0.071721588
MGAM2	0.029316516
MGARP	0.129964777
MGAT1	50.9268094
MGAT2	1.611022726
MGAT2P1	0
MGAT2P2	0
MGAT3	2.001087229
MGAT3-AS1	0.021840215
MGAT4A	3.022359236
MGAT4B	14.9380158
MGAT4C	0.004701118
MGAT4D	0.001943955
MGAT4EP	0.011611844
MGAT5	14.10968559
MGAT5B	0.495621726
MGEA5	13.16367377
MGLL	5.506043278
MGME1	16.87336153
MGMT	5.534532867
MGP	28.82108984
MGRN1	5.034298964
MGST1	7.218790053
MGST2	4.85371677
MGST3	6.874637418
MHENCR	1.412170336
MIA	0.175157188
MIA2	0.00739893
MIA2	0.002476418
MIA3	7.327232312
MIA-RAB4B	0.008849819
MIAT	1.110804179
MIATNB	0.867210747
MIB1	9.295860069
MIB2	1.819974774
MICA	8.911741562
MICAL1	4.756895499
MICAL2	18.71744456
MICAL3	1.831875672
MICALCL	3.775836275
MICALL1	25.45791101
MICALL2	1.863370729
MICB	4.563590296
MICC	0.041237639
MICD	0.066890697
MICE	0.43242494
MICF	0
MICG	0
MICU1	14.05134544
MICU2	5.269621566
MICU3	0.772164943
MID1	7.701844483
MID1IP1	10.74154812
MID1IP1-AS1	1.157066734
MID2	4.533893329
MIDN	12.93210111
MIEF1	9.550525306
MIEF2	3.104810312
MIEN1	7.521438598
MIER1	4.53042046
MIER2	4.754470076
MIER3	3.215934776
MIF	23.40050093
MIF4GD	8.985081858
MIF-AS1	0.980057473
MIGA1	1.512315407
MIGA2	1.770741734
MIIP	5.374597537
MILR1	2.335796611
MIMT1	0
MINCR	0.983136133
MINDY1	6.929706843
MINDY2	3.412257601
MINDY3	3.445707427
MINDY4	0.069682672
MINDY4B	0
MINK1	15.1298798
MINOS1	2.524030287
MINOS1-NBL1	0.004362787
MINOS1P2	0.047495316
MINOS1P3	4.607747525
MINOS1P4	0
MINPP1	8.947087574
MIOS	3.704853921
MIOX	0.018167752
MIOXP1	0
MIP	0.016243171
MIPEP	3.064681598
MIPEPP1	0
MIPEPP2	0
MIPEPP3	0.49358179
MIPOL1	0.418406759
MIR100	0
MIR100HG	1.256206722
MIR101-1	0
MIR101-2	0
MIR103A1	0
MIR103A2	0.976089629
MIR105-1	0
MIR105-2	0
MIR106B	0.132639357
MIR107	0
MIR10B	0.098876612
MIR1-1	0
MIR1179	0
MIR1180	0
MIR1183	0
MIR1184-1	0
MIR1184-2	0
MIR1184-3	0
MIR1185-1	0
MIR1185-2	0
MIR1193	0
MIR1197	0
MIR1-1HG	0
MIR1-1HG-AS1	0.019210646
MIR1200	0
MIR1202	0
MIR1203	0
MIR1205	0.172641703
MIR1207	0
MIR1208	0
MIR1224	0
MIR1225	0
MIR1226	0
MIR1227	0
MIR1228	0
MIR1229	0
MIR1231	0
MIR1233-1	0
MIR1233-2	0
MIR1237	0
MIR1238	0
MIR124-2	0
MIR124-2HG	0
MIR124-3	0
MIR1245A	0
MIR1249	0.582665748
MIR1250	0
MIR1251	0
MIR1252	0
MIR1253	0
MIR1254-1	1.457665514
MIR1254-2	0
MIR1255A	0.096251569
MIR1255B2	0
MIR1256	0
MIR1258	0
MIR125A	0
MIR125B1	0
MIR125B2	0
MIR126	0
MIR1260A	0
MIR1260B	0
MIR1261	0
MIR1262	0
MIR1263	0
MIR1264	0
MIR1265	0
MIR1266	0
MIR1267	0
MIR1268A	0
MIR1268B	0
MIR1269A	0
MIR1269B	0
MIR127	0
MIR1270	0
MIR1271	0.25294017
MIR1272	0.16862678
MIR1273A	0
MIR1273C	0
MIR1273D	0
MIR1273E	0
MIR1273F	0
MIR1273G	0
MIR1273H	0
MIR1275	0
MIR1276	0
MIR1277	0
MIR1278	0
MIR128-1	0
MIR1282	0
MIR128-2	0
MIR1283-1	0
MIR1283-2	0
MIR1284	0
MIR1285-1	0.776887664
MIR1285-2	0
MIR1286	0
MIR1288	0
MIR1289-1	0.075530745
MIR1289-2	0
MIR1290	0
MIR1291	0.291332874
MIR129-1	0
MIR129-2	0
MIR1293	0
MIR1294	0
MIR1295A	0
MIR1296	0
MIR1298	0
MIR1299	0
MIR1301	0
MIR1302-2HG	0
MIR1302-3	0
MIR1302-4	0
MIR1302-5	0
MIR1302-6	0
MIR1302-7	0
MIR1302-8	0
MIR1303	0.126470085
MIR1305	0
MIR130A	0
MIR132	0
MIR1323	0
MIR133A1HG	0.00994189
MIR133B	0
MIR134	0
MIR1343	0
MIR135A1	0.604245961
MIR135A2	0
MIR135B	0.481257845
MIR136	0
MIR137HG	0.002291704
MIR138-1	0
MIR138-2	0
MIR139	0
MIR140	0
MIR141	0
MIR145	0
MIR1468	0
MIR146B	0.197753224
MIR1470	0
MIR1471	0
MIR147A	0
MIR148A	0.391943326
MIR148B	0
MIR149	0
MIR150	0
MIR151A	0
MIR151B	0
MIR152	0
MIR153-1	0
MIR153-2	0
MIR1537	0
MIR1538	0
MIR154	0
MIR155HG	0.645787871
MIR1587	0
MIR15B	0
MIR16-1	0
MIR16-2	0
MIR17HG	0.364416379
MIR181A1	0
MIR181A1HG	0.023426151
MIR181A2	0
MIR181A2HG	0.476459806
MIR181B1	0
MIR181B2	0
MIR181C	0
MIR181D	0.07938998
MIR182	0
MIR1827	0.167329651
MIR183	0
MIR184	0
MIR185	0.099783737
MIR186	1.264700849
MIR187	0
MIR188	0
MIR190A	0
MIR190B	0
MIR191	0
MIR1911	0
MIR1912	0
MIR1913	0
MIR1915	0.135955341
MIR193A	0.494383059
MIR193B	0
MIR193BHG	0.543087463
MIR194-1	0
MIR194-2HG	0.005964589
MIR196A1	1.553775328
MIR196A2	0
MIR1972-1	0.141252303
MIR1972-2	0.282504605
MIR1976	0
MIR199A1	0
MIR199A2	0
MIR199B	0
MIR200A	0.097985832
MIR200B	0
MIR200C	0
MIR200CHG	1.678077354
MIR202HG	0.013231663
MIR203A	0
MIR204	0
MIR2052HG	0.348075616
MIR2053	0
MIR205HG	15.43661214
MIR206	0
MIR208A	0
MIR208B	0
MIR210	0.791012894
MIR210HG	2.64764387
MIR211	0
MIR2113	0
MIR2114	0
MIR2115	0
MIR2116	0.543821365
MIR2117HG	0.494383059
MIR212	0
MIR215	0
MIR216A	0
MIR216B	0
MIR217	0
MIR217HG	0
MIR218-1	0
MIR218-2	0
MIR219A1	0.395506447
MIR221	1.483149177
MIR222	0.48555479
MIR222HG	0.656100462
MIR2276	0
MIR2278	0.113296118
MIR22HG	7.419719492
MIR2355	0
MIR2392	0
MIR23A	0.446976464
MIR23B	0
MIR23C	0.097985832
MIR2467	0
MIR25	6.603545145
MIR2681	0
MIR26A1	0
MIR26A2	0.258962555
MIR26B	0.098876612
MIR27A	0.557765502
MIR27B	0.20141532
MIR28	0
MIR2909	0
MIR297	0
MIR298	0
MIR299	0
MIR29B2CHG	0.066739343
MIR300	0
MIR301A	0
MIR301B	0
MIR302A	0.157629381
MIR302C	0
MIR302D	0
MIR302E	0
MIR3065	0
MIR3074	0
MIR30A	0
MIR30B	0
MIR30C1	0
MIR30C2	0
MIR30D	0
MIR30E	0
MIR31	0
MIR3115	0
MIR3116-1	0
MIR3117	0
MIR3118-1	0
MIR3118-2	0
MIR3118-3	0
MIR3118-4	0
MIR3119-2	0
MIR3121	0
MIR3122	0.148992155
MIR3123	0
MIR3124	0
MIR3125	0.278882751
MIR3126	0.293957495
MIR3127	0
MIR3128	0
MIR3129	0
MIR3130-2	0
MIR3131	0
MIR3132	0
MIR3133	0
MIR3134	0
MIR3135A	0
MIR3135B	0
MIR3136	0
MIR3137	0
MIR3138	0.397918072
MIR3139	0
MIR3140	0
MIR3141	0
MIR3142	0
MIR3142HG	0.378146103
MIR3143	0
MIR3144	0
MIR3145	0.132639357
MIR3146	0
MIR3147	0
MIR3148	0
MIR3149	0.194221916
MIR3150BHG	0.018843429
MIR3151	0.429332656
MIR3152	0
MIR3153	0.397918072
MIR3154	0
MIR3155A	0
MIR3156-1	0
MIR3156-2	0
MIR3156-3	0
MIR3157	0
MIR3158-1	0
MIR3159	0
MIR3160-1	0
MIR3161	0
MIR3162	0
MIR3163	0
MIR3164	0.393123878
MIR3165	0.145019031
MIR3166	0
MIR3167	0
MIR3168	0
MIR3169	0
MIR3170	0
MIR3171	0
MIR3173	0
MIR3174	0.250032811
MIR3176	0.120849192
MIR3177	0
MIR3178	0.129481277
MIR3179-2	0
MIR3179-3	0
MIR3179-4	0
MIR3180-1	0
MIR3180-2	0
MIR3180-3	0
MIR3180-4	0
MIR3180-5	0
MIR3181	0
MIR3182	0
MIR3183	0.129481277
MIR3185	0
MIR3186	0.383873905
MIR3187	0
MIR3188	0
MIR3189	0
MIR3190	0
MIR3192	0.388443832
MIR3193	0
MIR3194	0
MIR3195	0
MIR3196	0
MIR3197	0.148992155
MIR3198-1	0
MIR3199-1	0
MIR31HG	0.56937002
MIR32	0
MIR3200	0
MIR3201	0
MIR3202-1	0
MIR320A	0.265278715
MIR320B1	0
MIR320B2	0.078814691
MIR320C1	0.123595765
MIR320C2	0
MIR320D1	0.226592235
MIR320D2	0
MIR320E	0.873998622
MIR323A	0
MIR323B	0
MIR324	0.097110958
MIR325	0
MIR326	0
MIR328	0.097985832
MIR329-1	0
MIR329-2	0
MIR331	0.293957495
MIR335	0
MIR337	0
MIR339	0
MIR33A	0
MIR33B	0.113296118
MIR340	0.097985832
MIR342	0
MIR345	0.110983952
MIR346	0
MIR34AHG	0.145019031
MIR34B	0
MIR34C	0
MIR3591	0
MIR3609	0
MIR361	0.097110958
MIR3611	0
MIR3612	0
MIR3613	0
MIR3616	0
MIR3617	0
MIR3619	0
MIR362	0
MIR3621	0
MIR3622B	0
MIR3646	0
MIR3648-1	0
MIR3648-2	0
MIR3649	0
MIR3650	0
MIR3651	0.120849192
MIR3653	0.593259671
MIR3657	0
MIR3659	0
MIR365A	0
MIR3660	0
MIR3661	0
MIR3663	0
MIR3663HG	0
MIR3664	0
MIR3665	0
MIR3666	0
MIR3667	0
MIR3668	0
MIR367	0
MIR3670-1	0
MIR3670-2	0
MIR3670-3	0
MIR3670-4	0
MIR3671	0.494383059
MIR3672	0
MIR3675	0
MIR3677	0.181273788
MIR3678	0
MIR3679	0
MIR3680-1	0
MIR3680-2	0
MIR3681	0
MIR3681HG	0.016836575
MIR3682	2.46014427
MIR3683	0
MIR3684	0
MIR3685	0.701704987
MIR3686	0
MIR3687-1	0
MIR3687-2	0
MIR3688-1	0
MIR3689A	0
MIR3689B	0
MIR3689C	0
MIR3689D1	0
MIR3689D2	0
MIR3689E	0
MIR3689F	0
MIR369	0
MIR3690	0.290038061
MIR3691	0
MIR3692	0
MIR370	0
MIR3713	0
MIR371A	0
MIR372	0
MIR373	0
MIR374A	0
MIR374B	0
MIR375	0
MIR377	0
MIR378A	0.097110958
MIR378B	0
MIR378C	0
MIR378D1	0
MIR378E	0
MIR378F	0
MIR378G	0.265278715
MIR378H	0.393123878
MIR378J	0.29935121
MIR379	0
MIR380	0
MIR381	0
MIR381HG	0
MIR383	0
MIR3907	0.14405864
MIR3908	0
MIR3909	0.274195646
MIR3910-1	0
MIR3912	0
MIR3913-1	0.10663164
MIR3914-1	0
MIR3915	0
MIR3918	0
MIR3919	0
MIR3920	0
MIR3921	0
MIR3922	0
MIR3923	0
MIR3924	0
MIR3925	0
MIR3926-1	0
MIR3927	0
MIR3928	0
MIR3929	0
MIR3934	0
MIR3935	0
MIR3936	0.988766118
MIR3936HG	0.319782952
MIR3937	0
MIR3938	0
MIR3939	0
MIR3941	0
MIR3942	0
MIR3943	0
MIR3944	0.10070766
MIR3945	0
MIR3945HG	0.386080076
MIR3972	0
MIR3973	0
MIR3976	0
MIR3976HG	0
MIR3978	0
MIR409	0
MIR410	0
MIR411	0
MIR412	0
MIR421	0.194221916
MIR422A	0
MIR425	0
MIR4252	0
MIR4253	0
MIR4254	0
MIR4255	0
MIR4257	0
MIR4258	0.119521179
MIR4259	0
MIR4261	0
MIR4262	0
MIR4263	1.834578098
MIR4264	0
MIR4265	0
MIR4266	0
MIR4267	0
MIR4268	0
MIR4269	0
MIR4270	0
MIR4271	0
MIR4273	0
MIR4274	0.119521179
MIR4276	0
MIR4277	0
MIR4279	0
MIR4280	0
MIR4281	0
MIR4282	0
MIR4283-1	0
MIR4283-2	0
MIR4284	0
MIR4285	0.127957968
MIR4286	0
MIR4287	0
MIR4288	0
MIR4289	0
MIR429	0.262082585
MIR4290	0
MIR4290HG	0.003998687
MIR4291	0
MIR4292	2.272686301
MIR4293	0
MIR4294	0
MIR4295	0
MIR4296	0.123595765
MIR4297	0
MIR4298	0
MIR4299	0
MIR4300	0
MIR4300HG	0.011822204
MIR4301	0
MIR4303	0
MIR4304	0
MIR4305	0
MIR4306	0
MIR4307	0
MIR4307HG	0
MIR4308	0
MIR4309	0
MIR431	0
MIR4310	0
MIR4311	0
MIR4312	0
MIR4314	0
MIR4316	0
MIR4318	0
MIR4319	0
MIR432	0
MIR4322	0.29798431
MIR4323	0
MIR4324	0.755307451
MIR4325	0
MIR4326	0.553038676
MIR4327	0
MIR433	0
MIR4330	0
MIR4417	0
MIR4418	0
MIR4419A	0
MIR4419B	0
MIR4420	0.141252303
MIR4421	0
MIR4422	0
MIR4422HG	0
MIR4423	0
MIR4424	0
MIR4425	0
MIR4427	0
MIR4428	0.148992155
MIR4429	0
MIR4431	0
MIR4432	0
MIR4432HG	0
MIR4433B	0
MIR4435-1	0
MIR4435-2	0
MIR4435-2HG	2.745977998
MIR4436A	0
MIR4436B1	0
MIR4436B2	0
MIR4437	0
MIR4438	0
MIR4439	0
MIR4440	0
MIR4441	0
MIR4443	0
MIR4444-2	0.146978747
MIR4445	0
MIR4446	0.162334736
MIR4447	0
MIR4448	0
MIR4449	0
MIR4450	0
MIR4451	0
MIR4452	0
MIR4453HG	0.808481096
MIR4455	0
MIR4456	0
MIR4457	0
MIR4458HG	0.441173359
MIR4459	0.164794353
MIR4460	0
MIR4461	0
MIR4462	0.187524609
MIR4463	0
MIR4464	0
MIR4465	0
MIR4466	0
MIR4470	0
MIR4471	0
MIR4472-1	0
MIR4472-2	0
MIR4473	0
MIR4474	0
MIR4475	0
MIR4476	0
MIR4477A	0
MIR4477B	0.805661281
MIR4478	0
MIR4479	0
MIR448	0
MIR4480	0
MIR4482	1.243020263
MIR4484	0
MIR4486	0
MIR4487	0
MIR4488	0
MIR4489	0.877131234
MIR4490	0
MIR4491	0
MIR4492	0
MIR4493	0
MIR4494	0.129481277
MIR4495	0
MIR4497	0
MIR4498	0
MIR4499	0.157629381
MIR449A	0
MIR449B	0
MIR449C	0
MIR4500	0
MIR4500HG	0.009969228
MIR4502	0
MIR4503	0
MIR4504	0
MIR4505	0
MIR4506	0.423756908
MIR4507	0.155377533
MIR4508	0
MIR4509-1	0
MIR4509-2	0
MIR4509-3	0
MIR450A1	0
MIR450A2	0
MIR450B	0
MIR4510	0
MIR4511	0
MIR4512	0.282504605
MIR4513	0.25294017
MIR4514	0
MIR4515	0
MIR4516	0
MIR4518	0
MIR4519	0
MIR4520-1	0.155377533
MIR4522	0
MIR4524B	0
MIR4525	0
MIR4526	0
MIR4527	0
MIR4527HG	0.00778556
MIR4528	0
MIR4529	0
MIR4530	0.194221916
MIR4532	0
MIR4533	0
MIR4535	0
MIR4536-2	0
MIR4537	0.310755066
MIR4538	0.278882751
MIR4539	0.362547577
MIR454	0
MIR4540	0
MIR455	0
MIR4632	0
MIR4633	0
MIR4634	0
MIR4635	1.927468129
MIR4636	0
MIR4637	0
MIR4638	0
MIR4639	0
MIR4641	0
MIR4642	0
MIR4643	0
MIR4644	0
MIR4645	0.423756908
MIR4646	0
MIR4648	0
MIR4650-1	0
MIR4650-2	0
MIR4652	0.139441376
MIR4653	0.393123878
MIR4654	0
MIR4655	0
MIR4656	0
MIR4659A	0.13427688
MIR466	0
MIR4660	0.146978747
MIR4661	0
MIR4662B	0
MIR4663	0
MIR4664	5.514808207
MIR4665	0
MIR4666A	0
MIR4666B	0
MIR4667	0
MIR4668	0.155377533
MIR4669	0
MIR4670	0
MIR4671	0
MIR4672	0
MIR4673	0
MIR4674	0
MIR4675	0
MIR4676	0
MIR4677	0
MIR4679-2	0
MIR4681	0
MIR4682	0.135955341
MIR4684	0
MIR4685	0.315258762
MIR4686	0
MIR4688	0
MIR4689	0.155377533
MIR4690	0
MIR4692	0
MIR4693	0
MIR4694	0
MIR4695	0
MIR4696	0
MIR4697HG	0.395965982
MIR4698	0
MIR4699	0
MIR4701	0.172641703
MIR4703	0
MIR4704	0
MIR4705	0
MIR4706	0.132639357
MIR4708	0
MIR4710	0
MIR4711	0
MIR4713	0
MIR4713HG	0.639789841
MIR4714	0
MIR4715	0
MIR4716	0
MIR4717	0
MIR4718	0
MIR4719	0
MIR4725	0
MIR4726	0
MIR4727	0
MIR4728	0
MIR4729	0
MIR4730	0
MIR4731	0.155377533
MIR4733	0
MIR4734	0
MIR4735	0
MIR4736	0
MIR4737	0.671384401
MIR4739	0
MIR4740	0.172641703
MIR4742	0
MIR4743	0
MIR4744	0.132639357
MIR4746	0
MIR4747	0
MIR4748	0
MIR4749	0
MIR4752	0
MIR4753	0
MIR4754	0.366621145
MIR4755	0.15106149
MIR4756	0
MIR4757	0
MIR4759	0
MIR4760	0
MIR4762	0
MIR4764	0
MIR4765	0
MIR4766	0.143110885
MIR4767	0.278882751
MIR4768	0.293957495
MIR4769	0.141252303
MIR4770	0
MIR4771-1	0
MIR4771-2	0
MIR4772	0
MIR4773-1	0
MIR4774	0
MIR4776-1	0
MIR4777	0
MIR4778	0
MIR4779	0
MIR4780	0
MIR4782	0
MIR4783	0
MIR4786	0.543821365
MIR4787	0
MIR4789	0
MIR4790	0
MIR4791	0
MIR4792	0
MIR4794	0
MIR4795	0.122207048
MIR4796	0
MIR4797	0
MIR4798	0
MIR4799	0
MIR4801	0
MIR4802	0
MIR4803	0
MIR4804	0
MIR483	0.194221916
MIR485	0
MIR486-1	0
MIR487A	0
MIR487B	0
MIR488	0
MIR489	0
MIR490	0
MIR491	0.098876612
MIR493	0
MIR494	0
MIR495	0
MIR496	0
MIR497HG	0.164193853
MIR498	0
MIR4999	0.239042358
MIR499A	0.26745313
MIR5000	0
MIR5002	0
MIR5003	0.109862902
MIR5007	0
MIR5008	0.115706673
MIR5009	0
MIR500A	0
MIR500B	0
MIR501	0
MIR5011	0
MIR502	0
MIR503	0
MIR503HG	2.411222261
MIR504	0
MIR505	0
MIR506	0
MIR507	0
MIR508	0
MIR5088	0
MIR5089	0
MIR5091	0.233901662
MIR509-1	0
MIR5092	0
MIR509-2	0
MIR5093	0
MIR509-3	0
MIR5094	0.255915936
MIR5095	0
MIR5096	0
MIR510	0
MIR5100	0
MIR511	0
MIR512-1	0
MIR512-2	0
MIR513A1	0
MIR513A2	0
MIR513B	0
MIR513C	0
MIR514A1	0
MIR514A2	0
MIR514A3	0
MIR514B	0
MIR515-1	0
MIR515-2	0
MIR516A1	0
MIR516A2	0
MIR516B1	0
MIR516B2	0
MIR517A	0
MIR517B	0
MIR517C	0
MIR5186	0
MIR5188	0
MIR5189	0
MIR518A1	0
MIR518A2	0
MIR518B	0
MIR518E	0
MIR518F	0
MIR5190	0
MIR5191	0
MIR5192	0.236444072
MIR5194	0
MIR5195	0.283732886
MIR5197	0
MIR519A1	0
MIR519B	0
MIR519C	0
MIR519D	0
MIR519E	0
MIR520A	0
MIR520B	0
MIR520C	0
MIR520D	0
MIR520E	0
MIR520G	0
MIR520H	0
MIR521-1	0
MIR521-2	0
MIR525	0
MIR526A1	0
MIR526A2	0
MIR526B	0
MIR527	0
MIR532	0
MIR539	0
MIR541	0
MIR542	0
MIR543	0
MIR544A	0
MIR544B	0
MIR545	0
MIR548A1	0
MIR548A2	0
MIR548A3	0
MIR548AA1	0.112128116
MIR548AA2	0.112128116
MIR548AB	0
MIR548AC	0.123595765
MIR548AD	0
MIR548AE1	0
MIR548AE2	0
MIR548AG1	0
MIR548AG2	0
MIR548AI	0
MIR548AJ1	0
MIR548AJ2	0
MIR548AK	0.381629028
MIR548AL	0
MIR548AM	0
MIR548AN	0
MIR548AO	0
MIR548AP	0
MIR548AQ	0
MIR548AR	0.381629028
MIR548AS	0
MIR548AT	0.375049217
MIR548AV	0
MIR548AW	0
MIR548AX	0
MIR548AY	0.101648853
MIR548AZ	0
MIR548B	0
MIR548BA	0
MIR548BB	0
MIR548C	0
MIR548D2	0
MIR548E	0.123595765
MIR548F1	0
MIR548F2	0
MIR548F3	0
MIR548F4	0
MIR548F5	0
MIR548G	0
MIR548H1	0
MIR548H2	0
MIR548H3	0
MIR548H4	0
MIR548H5	0
MIR548I1	0
MIR548I2	0
MIR548I3	0
MIR548I4	0
MIR548J	0
MIR548K	0
MIR548L	0
MIR548M	0
MIR548N	0
MIR548O	0.095407257
MIR548O2	0
MIR548P	0
MIR548Q	0
MIR548S	0
MIR548T	0
MIR548U	0
MIR548V	0
MIR548W	0
MIR548X	0
MIR548X2	0
MIR548XHG	0
MIR548Y	0
MIR548Z	0
MIR549A	0
MIR550A1	0
MIR550A2	0
MIR550A3	0
MIR551A	0
MIR551B	0
MIR552	0
MIR553	0
MIR554	0.113296118
MIR556	0
MIR557	0.110983952
MIR5571	0
MIR5579	0
MIR558	0
MIR5580	0
MIR5581	0.725095153
MIR5582	0.15994746
MIR5583-1	0
MIR5584	0
MIR5585	0
MIR5586	0
MIR5587	0.615646828
MIR5588	0
MIR5589	0
MIR559	0
MIR5590	0
MIR5591	0
MIR561	0
MIR562	0
MIR563	0.27535259
MIR566	0
MIR567	0
MIR5680	0
MIR5681A	0
MIR5682	0
MIR5684	0
MIR5685	0.27535259
MIR5687	0
MIR5688	0
MIR5689	0
MIR5689HG	0.012647008
MIR569	0
MIR5690	0.148992155
MIR5691	0
MIR5692A1	0.157629381
MIR5692A2	0
MIR5692B	0.125016406
MIR5692C1	0
MIR5692C2	0.141252303
MIR5693	0.148992155
MIR5694	0
MIR5695	0.127957968
MIR5696	0
MIR5697	0
MIR5698	0
MIR5699	0
MIR570	4.485124659
MIR5700	0
MIR5701-1	0
MIR5701-2	0
MIR5701-3	0
MIR5702	0
MIR5704	0
MIR5705	0
MIR5706	0.135955341
MIR5707	0
MIR5708	0
MIR571	0
MIR572	0
MIR573	0.878903216
MIR5739	0
MIR574	0.113296118
MIR575	0
MIR576	0.110983952
MIR577	0
MIR578	0
MIR5787	0
MIR579	0.221967904
MIR580	0
MIR581	0
MIR582	0
MIR583	0
MIR583HG	0.139045235
MIR584	0
MIR585	0
MIR586	0
MIR587	0
MIR588	0.131041293
MIR589	0.219725804
MIR590	0.560640582
MIR591	0.114488708
MIR592	0
MIR593	0
MIR595	0
MIR596	0
MIR597	0
MIR598	0
MIR599	0
MIR600HG	0.332618014
MIR601	0
MIR602	0.110983952
MIR603	0.112128116
MIR604	0
MIR605	0
MIR606	0
MIR6068	0
MIR6069	0
MIR607	0
MIR6070	0
MIR6071	0
MIR6072	0
MIR6074	0
MIR6075	0.228977417
MIR6076	0
MIR6077	0
MIR6078	0
MIR608	0
MIR6080	0
MIR6081	0.112128116
MIR6082	0
MIR6083	0
MIR6085	0
MIR6087	0
MIR6088	0
MIR6089	0
MIR609	0
MIR6090	0
MIR610	0
MIR6124	0
MIR6126	0
MIR6127	0
MIR6128	0
MIR6129	0
MIR613	0
MIR6130	0
MIR6131	0
MIR6133	0
MIR6134	0
MIR615	0
MIR616	0.224256233
MIR6165	0
MIR617	0
MIR618	0
MIR619	0
MIR620	0
MIR621	12.57586906
MIR623	0.221967904
MIR624	0
MIR625	0
MIR626	0
MIR627	0
MIR629	0
MIR633	0
MIR634	0
MIR635	12.54118658
MIR638	0
MIR640	0
MIR641	0.219725804
MIR642A	0.112128116
MIR643	0
MIR644A	0
MIR645	0.462826694
MIR646	0.34712002
MIR646HG	0.618243483
MIR647	2.719106824
MIR648	0
MIR649	0
MIR6499	0
MIR6500	0
MIR6503	0
MIR6504	0
MIR6505	0
MIR6507	0
MIR6508	0
MIR6509	0
MIR651	0
MIR6511A1	0
MIR6511A2	0
MIR6511A3	0
MIR6511A4	0
MIR6512	0.141252303
MIR6514	0.310755066
MIR6515	0
MIR652	0
MIR653	0.226592235
MIR654	0
MIR655	0
MIR656	0
MIR657	0
MIR659	0.448512466
MIR660	0
MIR661	0
MIR662	0
MIR663AHG	0.022780027
MIR663B	0
MIR664A	0
MIR668	0
MIR670	0
MIR670HG	0
MIR6715A	0
MIR6718	0
MIR6719	0
MIR6720	0
MIR6722	0
MIR6723	0
MIR6724-1	0
MIR6724-2	0
MIR6724-3	0
MIR6724-4	0
MIR6726	0
MIR6728	0.244414097
MIR6729	0
MIR6730	0.487004207
MIR6731	0
MIR6735	0
MIR6736	0
MIR6737	0
MIR6738	0.339888353
MIR6739	0.580076123
MIR6740	0
MIR6744	0
MIR6745	0
MIR6746	0.172641703
MIR6747	0
MIR6749	0
MIR6750	0
MIR6752	0
MIR6753	0.265278715
MIR6754	0
MIR6757	0
MIR676	0
MIR6760	0
MIR6761	0
MIR6762	0
MIR6763	0
MIR6765	0
MIR6766	0
MIR6768	0
MIR6769A	0.446976464
MIR6769B	0
MIR6770-1	0
MIR6770-2	0
MIR6770-3	0
MIR6771	0
MIR6772	4.758436943
MIR6774	0.155377533
MIR6775	0
MIR6776	0
MIR6777	0
MIR6779	0
MIR6780A	0
MIR6780B	0
MIR6781	0
MIR6782	0
MIR6783	0
MIR6784	0
MIR6786	0
MIR6788	0
MIR6790	0
MIR6792	0
MIR6793	0
MIR6794	0
MIR6795	0
MIR6796	0
MIR6797	0.906368941
MIR6798	0
MIR6799	0
MIR6801	0
MIR6802	0
MIR6803	0
MIR6804	0.15994746
MIR6806	0
MIR6807	0.118222036
MIR6809	0
MIR6810	0.155377533
MIR6811	0
MIR6812	0
MIR6813	0.194221916
MIR6814	0
MIR6815	0
MIR6816	0
MIR6817	0
MIR6818	0
MIR6819	1.069812521
MIR6821	0
MIR6823	0
MIR6825	0
MIR6826	0
MIR6827	0
MIR6829	0
MIR6832	0.30212298
MIR6833	0
MIR6835	0.50983253
MIR6839	0
MIR6842	0
MIR6846	0
MIR6851	0
MIR6853	0
MIR6854	0
MIR6855	0
MIR6856	0.324669472
MIR6857	0
MIR6858	0
MIR6859-1	0.319894921
MIR6859-2	0.319894921
MIR6859-3	0
MIR6859-4	0
MIR6862-1	0
MIR6862-2	0
MIR6864	0
MIR6865	0
MIR6867	0
MIR6868	0
MIR6870	0.362547577
MIR6871	0.388443832
MIR6876	0
MIR6877	0
MIR6879	0.164794353
MIR6880	0
MIR6881	0
MIR6882	0
MIR6885	0
MIR6888	0
MIR6889	0
MIR6891	0.467803325
MIR6892	0
MIR6893	0
MIR6894	0
MIR6895	0.418324127
MIR708	0
MIR7106	0
MIR7111	1.359553412
MIR7150	0
MIR7151	0
MIR7152	0.805661281
MIR7154	0
MIR7155	0
MIR7156	0.181273788
MIR7158	0
MIR7159	0
MIR7160	0
MIR7161	0
MIR7-2	0
MIR7-3	0
MIR7-3HG	0.009676537
MIR744	0.110983952
MIR7515HG	0
MIR758	0
MIR759	0
MIR760	0
MIR762	0
MIR762HG	0.377528881
MIR764	0
MIR7641-1	0
MIR7641-2	0
MIR765	0.381629028
MIR766	0
MIR767	0
MIR769	0.184346225
MIR770	0.110983952
MIR7702	0
MIR7843	0
MIR7845	0
MIR7848	0.430749596
MIR7849	0
MIR7850	0
MIR7851	0.203933012
MIR7852	0
MIR7853	0
MIR7854	0.167329651
MIR7856	1.165331496
MIR7973-1	0
MIR7974	0
MIR7975	0
MIR7976	0
MIR802	0
MIR8052	0
MIR8053	0
MIR8054	0
MIR8055	0
MIR8056	0
MIR8057	0
MIR8058	0.244414097
MIR8059	0
MIR8060	0
MIR8061	0
MIR8062	0
MIR8063	0
MIR8064	0
MIR8065	0
MIR8066	0
MIR8067	0
MIR8068	0
MIR8069-2	0
MIR8070	0
MIR8071-1	0.669318603
MIR8071-2	4.183241268
MIR8073	0
MIR8074	0
MIR8075	0
MIR8076	0
MIR8077	0
MIR8078	0.129481277
MIR8079	0
MIR8080	0
MIR8081	0
MIR8082	0
MIR8083	0
MIR8084	0
MIR8086	0
MIR8087	0.139441376
MIR8088	0
MIR8089	0
MIR8485	0
MIR873	0
MIR874	0
MIR875	0
MIR876	0
MIR877	0
MIR885	0
MIR887	0.095407257
MIR888	0
MIR889	0
MIR890	0
MIR891A	0
MIR891B	0
MIR892A	0
MIR892B	0
MIR892C	0
MIR9-1	0
MIR920	0
MIR921	0
MIR93	0.271910682
MIR933	0
MIR934	0
MIR938	0
MIR9-3HG	0.100305661
MIR941-2	0
MIR941-4	0
MIR941-5	0
MIR942	0
MIR944	0
MIR95	0
MIR96	0
MIR98	0
MIR99A	0
MIR99AHG	0.482254817
MIR99B	0
MIRLET7A1	0
MIRLET7A2	0
MIRLET7BHG	0.075952705
MIRLET7C	0
MIRLET7D	0.932265197
MIRLET7DHG	0.016491929
MIRLET7E	0
MIRLET7F1	0
MIRLET7F2	0
MIRLET7G	0
MIRLET7I	0
MIS12	7.741315216
MIS18A	9.102616461
MIS18A-AS1	0.070717993
MIS18BP1	4.441062794
MISP	4.710552436
MISP3	0.489762657
MITD1	3.41072633
MITF	2.50552482
MIXL1	0.954166614
MKI67	11.80551385
MKI67P1	0
MKKS	6.901596036
MKL1	15.85665143
MKL2	2.338910804
MKLN1	2.382543982
MKLN1-AS	0.384580855
MKNK1	2.872077642
MKNK1-AS1	0.040035929
MKNK2	17.39686734
MKNK2P1	0
MKRN1	12.16996048
MKRN2	12.53386039
MKRN2OS	0.249759402
MKRN3	0.024671707
MKRN3-AS1	0.038432605
MKRN4P	0.114413436
MKRN5P	0.022242183
MKRN7P	0.097825593
MKRN9P	0.009041087
MKS1	3.184515496
MKX	0.19072157
MKX-AS1	0
MLANA	0.070557427
MLC1	1.541481085
MLEC	32.7570876
MLECP1	0
MLF1	5.019186259
MLF2	49.33945544
MLH1	6.99946751
MLH3	1.506026882
MLIP	0.032809735
MLIP-AS1	0
MLIP-IT1	0.067660512
MLKL	3.806367389
MLLT1	16.39724672
MLLT10	3.356372655
MLLT10P1	0.249078488
MLLT10P2	0
MLLT11	7.580135834
MLLT3	2.936862827
MLLT6	7.143398927
MLN	0
MLNR	0.035113567
MLPH	1.409853632
MLST8	5.960272095
MLX	8.892162444
MLXIP	10.17166923
MLXIPL	0.155861575
MLYCD	1.106419558
MMAA	1.076733717
MMAB	4.16209229
MMACHC	1.530011015
MMADHC	55.55863729
MMD	13.0708843
MMD2	0
MME	21.19094354
MME-AS1	0.052543127
MMEL1	0.033953467
MMGT1	12.52622245
MMP1	331.4936283
MMP10	123.6064511
MMP11	26.81703346
MMP12	117.4932733
MMP13	1335.896991
MMP14	238.6186792
MMP15	4.403242461
MMP16	0.437211729
MMP17	0.774364671
MMP19	10.26881867
MMP2	266.0127617
MMP20	1.867454001
MMP21	0.051009821
MMP23A	0.021389238
MMP23B	0.088165586
MMP24	1.286247179
MMP24OS	6.157916741
MMP25	1.1835957
MMP25-AS1	0.977199723
MMP26	0
MMP27	0.017056603
MMP28	3.539215321
MMP2-AS1	0.157941519
MMP3	43.24017141
MMP7	122.9930558
MMP8	2.439128984
MMP9	248.6772183
MMRN1	0.781681526
MMRN2	3.882399245
MMS19	13.39609886
MMS22L	0.561463805
MN1	14.31905052
MNAT1	3.503532208
MND1	1.603068927
MNDA	10.21612938
MNS1	0.512547293
MNT	3.109152854
MNX1	0.256250905
MNX1-AS1	1.598552715
MNX1-AS2	0.145406782
MOAP1	5.744742837
MOB1A	24.80298312
MOB1AP1	0.182967936
MOB1AP2	0
MOB1B	2.996856743
MOB2	3.712140525
MOB3A	16.47061767
MOB3B	5.24560865
MOB3C	3.064740417
MOB4	6.342050833
MOBP	0.009419879
MOCOS	0.992229397
MOCS1	3.529478437
MOCS1P1	0.006747163
MOCS2	2.843072759
MOCS3	4.034460106
MOG	0
MOGAT1	0.020756541
MOGAT2	0.04730024
MOGAT3	0
MOGS	19.51299665
MOK	0.352700931
MON1A	1.557546628
MON1B	14.24808842
MON2	2.83015315
MORC1	0.002889593
MORC1-AS1	0
MORC2	13.03328992
MORC2-AS1	0.064572481
MORC3	8.433983652
MORC4	8.819695793
MORF4	0.044805056
MORF4L1	43.79975598
MORF4L1P1	12.13615828
MORF4L1P3	0
MORF4L1P4	0
MORF4L1P5	0
MORF4L1P6	0
MORF4L1P7	0
MORF4L2	113.3727894
MORF4L2-AS1	0.125136268
MORF4L2P1	0
MORN1	0.226412353
MORN2	4.927882749
MORN3	0.284885674
MORN4	1.913766268
MORN5	0.025060892
MOS	0
MOSMO	1.113936608
MOSPD1	6.155854553
MOSPD2	5.745891931
MOSPD3	18.31222348
MOV10	10.05597472
MOV10L1	0.148775344
MOXD1	9.156501046
MOXD2P	0
MPC1	8.913605036
MPC1L	0.036869245
MPC2	7.662937414
MPDU1	17.22349309
MPDZ	2.363811486
MPEG1	14.47333673
MPG	7.248768825
MPHOSPH10	7.406118481
MPHOSPH6	17.5264438
MPHOSPH8	7.140080713
MPHOSPH9	1.258220239
MPI	4.891400967
MPIG6B	0.077768122
MPL	0.127777576
MPLKIP	3.282218671
MPND	6.391029022
MPO	0.148062538
MPP1	5.337431335
MPP2	1.074478588
MPP3	0.656315252
MPP4	0.022088601
MPP5	5.088023292
MPP6	1.579978392
MPP7	4.768908612
MPPE1	1.178873575
MPPE1P1	0
MPPED1	0.168163281
MPPED2	0.861144482
MPRIP	8.740190044
MPRIP-AS1	0.030840531
MPRIPP1	0.439451608
MPST	4.722235816
MPTX1	0
MPV17	7.320560666
MPV17L	0.150231896
MPV17L2	5.140194446
MPZ	0.267618685
MPZL1	26.30252152
MPZL2	31.20594131
MPZL3	3.963536762
MR1	5.558054471
MRAP	0.024241666
MRAP2	0.262691231
MRAS	4.335191839
MRC1	10.66509233
MRC2	39.94312433
MRE11	4.472787503
MRE11P1	0.010227012
MREG	9.559582369
MREGP1	0
MRFAP1	69.33056707
MRFAP1L1	20.75501723
MRGBP	11.37312139
MRGPRD	0.022518483
MRGPRE	0.023157759
MRGPRF	3.79843182
MRGPRF-AS1	0.025447888
MRGPRG	0
MRGPRG-AS1	0
MRGPRX1	0
MRGPRX2	0
MRGPRX3	0.087461219
MRGPRX4	0.013143719
MRI1	3.641211338
MRLN	0
MRM1	2.729356554
MRM2	9.556565385
MRM3	4.176758764
MRNIP	0.824437286
MRO	0.120083632
MROH1	4.60375236
MROH2A	0.007592619
MROH2B	0.005362248
MROH3P	0.008286802
MROH4P	0
MROH5	0.020547407
MROH6	0.70815214
MROH7	0.01316469
MROH7-TTC4	0.004602155
MROH8	0.232785834
MROH9	0.05678114
MRPL1	6.930013893
MRPL10	14.12676339
MRPL11	10.49945778
MRPL12	13.08768538
MRPL13	7.555873941
MRPL14	44.77594887
MRPL15	31.35990876
MRPL15P1	0
MRPL16	6.546929157
MRPL17	16.01835866
MRPL18	17.544666
MRPL19	6.985403752
MRPL2	9.762653726
MRPL20	11.16901411
MRPL20P1	0.02511877
MRPL21	6.090799286
MRPL22	3.035570178
MRPL22P1	0
MRPL23	4.039815853
MRPL23-AS1	0.011595338
MRPL24	14.61098817
MRPL27	8.350451615
MRPL28	14.35561723
MRPL2P1	0
MRPL3	31.06692217
MRPL30	15.74041963
MRPL30P1	0.023240229
MRPL32	7.164777235
MRPL32P1	0
MRPL33	12.48068266
MRPL34	10.90868242
MRPL35	16.45524767
MRPL35P1	0
MRPL35P2	0.063853781
MRPL35P3	0.149401474
MRPL35P4	0
MRPL36	15.17550294
MRPL37	17.73766507
MRPL37P1	0.016269899
MRPL38	0.920472963
MRPL39	14.95848925
MRPL3P1	0
MRPL4	9.425346211
MRPL40	12.28787206
MRPL40P1	0.10804398
MRPL41	7.463538858
MRPL42	2.477434242
MRPL42P2	0
MRPL42P3	0
MRPL42P4	0
MRPL42P6	0
MRPL43	10.97688129
MRPL44	12.51286916
MRPL45	15.31630612
MRPL45P1	0.083298677
MRPL45P2	0.124420522
MRPL46	1.009519138
MRPL47	39.25834524
MRPL48	4.669473917
MRPL48P1	0
MRPL49	20.14257835
MRPL49P1	0
MRPL49P2	0
MRPL50	5.085676389
MRPL50P1	0
MRPL50P2	0
MRPL50P4	0
MRPL51	50.94599891
MRPL51P2	0
MRPL52	5.037075574
MRPL53	1.837015622
MRPL53P1	0.068190767
MRPL54	15.87546317
MRPL55	10.45544151
MRPL57	6.716653901
MRPL57P1	0
MRPL57P3	0.061797882
MRPL57P6	0
MRPL57P7	0
MRPL58	9.992962986
MRPL9	18.99173067
MRPL9P1	0.017742948
MRPS10	24.51577641
MRPS10P1	0
MRPS10P2	0
MRPS11	3.67574903
MRPS11P1	0
MRPS12	11.68810098
MRPS14	6.352269605
MRPS15	9.078609068
MRPS15P1	0.014540678
MRPS16	22.25891599
MRPS16P1	0
MRPS16P2	0
MRPS16P3	0
MRPS17	32.01971834
MRPS17P1	0.013899588
MRPS17P3	0
MRPS17P5	0
MRPS17P9	0
MRPS18A	13.57859265
MRPS18AP1	0.221591049
MRPS18B	26.7071594
MRPS18BP1	0
MRPS18BP2	0
MRPS18C	2.01166966
MRPS18CP4	0
MRPS18CP6	0
MRPS2	10.7616598
MRPS21	20.87134038
MRPS21P1	0.048773217
MRPS21P2	0
MRPS21P3	0
MRPS21P5	0
MRPS21P6	0
MRPS21P7	0.091398549
MRPS21P8	0
MRPS21P9	0
MRPS22	3.77097981
MRPS23	5.391325147
MRPS24	3.009436256
MRPS25	4.521910513
MRPS26	27.42751231
MRPS27	7.00427886
MRPS28	3.848950331
MRPS30	10.81154052
MRPS30-DT	0.182011673
MRPS31	5.002951728
MRPS31P1	0
MRPS31P2	0.062990892
MRPS31P4	0.891867038
MRPS31P5	0.123563853
MRPS33	2.846225843
MRPS33P2	0
MRPS33P3	0
MRPS33P4	0
MRPS34	24.0927241
MRPS35	27.84783078
MRPS35P2	0
MRPS35P3	0
MRPS36	5.864740209
MRPS36P1	0.035428102
MRPS36P2	0
MRPS36P3	0
MRPS36P4	0
MRPS36P5	0.072996156
MRPS5	7.239080648
MRPS5P3	0
MRPS5P4	0
MRPS6	9.107964241
MRPS6P2	0
MRPS6P4	0
MRPS7	14.47572634
MRPS9	13.02899437
MRRF	1.653973502
MRRFP1	0.006493389
MRS2	6.140636335
MRTO4	10.15955434
MRVI1	3.897151028
MRVI1-AS1	0.232567939
MS4A1	1.361785848
MS4A10	0
MS4A12	0
MS4A13	0
MS4A14	0.350239421
MS4A15	1.005883709
MS4A18	0
MS4A2	0.981882725
MS4A3	0.005191612
MS4A4A	7.537173302
MS4A4E	0.104715282
MS4A5	0.012125337
MS4A6A	9.390802363
MS4A6E	0.030869709
MS4A7	5.675854079
MS4A8	0.029475413
MSANTD1	0.008640085
MSANTD2	1.516806822
MSANTD2P1	0
MSANTD3	7.583073197
MSANTD3-TMEFF1	0.04731167
MSANTD4	4.337787655
MSC	8.982189131
MSC-AS1	1.310225249
MSGN1	0.125635299
MSH2	7.082102484
MSH3	4.621730945
MSH4	0.009990595
MSH5	0.179703563
MSH5-SAPCD1	0.068306065
MSH6	8.978766281
MSI1	1.816257762
MSI2	3.370937963
MSL1	9.485444436
MSL2	6.963475141
MSL3	7.405547712
MSL3P1	0.448807799
MSLN	3.157539643
MSLNL	0.00923296
MSMB	0.641090227
MSMO1	18.6426176
MSMP	0
MSN	161.1354271
MSNP1	0.270026775
MSR1	4.032019131
MSRA	1.729984351
MSRB1	10.3974006
MSRB1P1	0
MSRB2	5.766838645
MSRB3	12.88418084
MSS51	0.395016757
MST1	0.303786915
MST1L	0.014697875
MST1P2	0.113939003
MST1R	0.590209783
MSTN	0.011562467
MSTO1	2.97240765
MSTO2P	1.311026345
MSX1	1.339031851
MSX2	4.283491632
MSX2P1	0.028140821
MT1A	1.483149177
MT1B	0
MT1CP	0
MT1DP	0.626391101
MT1E	14.56738219
MT1F	4.836526697
MT1G	4.945148944
MT1H	0.616782184
MT1HL1	0
MT1JP	0.021731123
MT1L	2.963892597
MT1M	2.112936513
MT1P1	0.059434029
MT1P3	0.061448742
MT1X	31.60482427
MT1XP1	1.111032896
MT2A	286.1865166
MT2P1	3.447173679
MT3	0.355245312
MT4	0
MTA1	4.532625387
MTA2	25.82252817
MTA3	2.904150011
MTAP	3.061204207
MTAPP1	0
MTAPP2	0.039217887
MT-ATP6	1145.426744
MTATP6P1	133.3440404
MTATP6P11	0
MTATP6P13	0
MTATP6P14	0
MTATP6P15	0
MTATP6P16	0.020677618
MTATP6P17	0
MTATP6P18	0
MTATP6P19	0.016504442
MTATP6P2	0.016041928
MTATP6P20	0
MTATP6P21	0
MTATP6P22	0
MTATP6P23	0
MTATP6P24	0.016065624
MTATP6P25	0
MTATP6P26	0.016429648
MTATP6P27	0
MTATP6P29	0
MTATP6P3	0
MTATP6P30	0
MTATP6P31	0
MTATP6P4	0
MTATP6P7	0
MTATP6P9	0
MT-ATP8	475.7780153
MTATP8P1	0.262715635
MTATP8P2	0.484593295
MTBP	1.003254404
MTCH1	62.99699061
MTCH2	31.10875961
MTCL1	4.854673787
MTCL1P1	0
MT-CO1	2184.059957
MTCO1P1	0
MTCO1P11	0.028472323
MTCO1P12	14.93658421
MTCO1P14	0
MTCO1P15	0.00712741
MTCO1P17	0
MTCO1P18	0
MTCO1P19	0
MTCO1P2	0.10830013
MTCO1P20	0
MTCO1P21	0
MTCO1P22	0.007997373
MTCO1P23	0
MTCO1P24	0
MTCO1P25	0
MTCO1P27	0
MTCO1P28	0
MTCO1P29	0
MTCO1P3	0
MTCO1P30	0
MTCO1P31	0.02210656
MTCO1P35	0
MTCO1P39	0
MTCO1P4	0.007719253
MTCO1P40	0.226229688
MTCO1P42	0.014981305
MTCO1P43	0
MTCO1P44	0
MTCO1P45	0
MTCO1P46	0
MTCO1P47	0
MTCO1P48	0.009923748
MTCO1P49	0
MTCO1P5	0
MTCO1P51	0
MTCO1P52	0
MTCO1P53	0.077799909
MTCO1P54	0
MTCO1P55	0.014599231
MTCO1P56	0
MTCO1P57	0
MTCO1P6	0
MTCO1P7	0.042320729
MTCO1P8	0
MTCO1P9	0
MT-CO2	1759.468831
MTCO2P1	0.022801734
MTCO2P11	0.015994746
MTCO2P12	0.542226581
MTCO2P15	0
MTCO2P16	0.048196871
MTCO2P17	0
MTCO2P18	0
MTCO2P19	0
MTCO2P2	0.096679354
MTCO2P20	0
MTCO2P21	0
MTCO2P22	0.031942518
MTCO2P23	0
MTCO2P24	0
MTCO2P25	0
MTCO2P27	0.025412213
MTCO2P29	0
MTCO2P3	0
MTCO2P30	0.029880295
MTCO2P31	0
MTCO2P32	0
MTCO2P33	0
MTCO2P34	0
MTCO2P4	0
MTCO2P5	0
MTCO2P6	0
MTCO2P7	0
MTCO2P8	0
MTCO2P9	0
MT-CO3	1596.573515
MTCO3P1	0
MTCO3P10	0
MTCO3P11	0
MTCO3P12	0.795351173
MTCO3P13	0
MTCO3P15	0
MTCO3P16	0
MTCO3P17	0.021201613
MTCO3P18	0
MTCO3P19	0
MTCO3P2	0
MTCO3P20	0.015808761
MTCO3P21	0
MTCO3P22	0.027745988
MTCO3P23	0
MTCO3P24	0
MTCO3P27	0
MTCO3P28	0
MTCO3P29	0.027924075
MTCO3P30	0
MTCO3P31	0
MTCO3P35	0
MTCO3P38	0
MTCO3P39	0
MTCO3P4	0
MTCO3P40	0
MTCO3P41	0
MTCO3P42	0
MTCO3P43	0.070534548
MTCO3P44	0
MTCO3P45	0
MTCO3P46	0
MTCO3P5	0
MTCO3P7	0
MTCO3P8	0
MTCO3P9	0
MTCP1	0.789359439
MT-CYB	1032.736313
MTCYBP1	0
MTCYBP10	0
MTCYBP11	0
MTCYBP12	0
MTCYBP13	0
MTCYBP14	0
MTCYBP15	0
MTCYBP16	0
MTCYBP17	0
MTCYBP18	0.101921005
MTCYBP19	0
MTCYBP2	0
MTCYBP20	0
MTCYBP21	0.039088688
MTCYBP22	0
MTCYBP23	0.009869716
MTCYBP24	0.009834021
MTCYBP27	0
MTCYBP28	0.057648908
MTCYBP29	0
MTCYBP3	0
MTCYBP31	0
MTCYBP32	0
MTCYBP33	0
MTCYBP34	0.016233474
MTCYBP35	0
MTCYBP36	0
MTCYBP37	0
MTCYBP38	0
MTCYBP39	0
MTCYBP4	0
MTCYBP40	0
MTCYBP41	0
MTCYBP42	0
MTCYBP43	0
MTCYBP44	0
MTCYBP45	0.019250314
MTCYBP5	0
MTCYBP6	0
MTCYBP7	0
MTCYBP8	0
MTCYBP9	0
MTDH	28.0989972
MTDHP1	0.055491976
MTDHP2	0
MTDHP3	0.01618516
MTDHP4	0
MTDHP5	0
MTERF1	2.651268167
MTERF2	1.313810027
MTERF3	8.249416817
MTERF4	1.570504445
MTF1	2.369391191
MTF2	3.285568239
MTFMT	2.719106824
MTFP1	3.572034201
MTFR1	6.91495475
MTFR1L	4.438823862
MTFR2	0.97221942
MTG1	0.980073669
MTG2	5.539481977
MTHFD1	11.49117684
MTHFD1L	6.528889041
MTHFD1P1	0.02361019
MTHFD2	14.40512445
MTHFD2L	0.29464606
MTHFD2P1	0
MTHFD2P2	0
MTHFD2P3	0
MTHFD2P4	0
MTHFD2P5	0.012886762
MTHFD2P6	0
MTHFD2P7	0
MTHFR	1.750621351
MTHFS	1.358720863
MTHFSD	3.553103599
MTIF2	12.0981718
MTIF3	8.922334308
MTM1	3.198471274
MTMR1	9.990556657
MTMR10	2.341324601
MTMR11	2.880796252
MTMR12	11.82774691
MTMR14	7.541230488
MTMR2	9.923695637
MTMR3	1.131245089
MTMR4	5.533518798
MTMR6	5.864500339
MTMR7	0.177706911
MTMR8	0.132925423
MTMR9	2.014931045
MTMR9LP	0.708932951
MT-ND1	866.9741274
MTND1P1	0
MTND1P10	0.013072629
MTND1P11	0
MTND1P12	0
MTND1P14	0
MTND1P15	0
MTND1P16	0
MTND1P17	0
MTND1P18	0
MTND1P19	0
MTND1P2	0
MTND1P20	0
MTND1P21	0
MTND1P22	0
MTND1P23	0.058475416
MTND1P24	0
MTND1P26	0
MTND1P27	0
MTND1P28	0
MTND1P29	0
MTND1P3	0.011424819
MTND1P30	0
MTND1P31	0
MTND1P32	0
MTND1P33	0
MTND1P34	0
MTND1P35	0
MTND1P36	0.023240229
MTND1P4	0
MTND1P5	0
MTND1P6	0
MTND1P8	0.022897742
MTND1P9	0.011521639
MT-ND2	725.6727241
MTND2P11	0
MTND2P12	0
MTND2P13	0
MTND2P14	0
MTND2P15	0
MTND2P16	0
MTND2P17	0
MTND2P18	0
MTND2P19	0
MTND2P2	0.023018894
MTND2P20	0
MTND2P21	0
MTND2P22	0
MTND2P23	0
MTND2P24	0
MTND2P25	0
MTND2P26	0
MTND2P28	35.41089692
MTND2P29	0.026399095
MTND2P3	0
MTND2P30	0
MTND2P31	0
MTND2P32	0
MTND2P33	0
MTND2P38	0
MTND2P39	0
MTND2P4	0
MTND2P40	0.103461853
MTND2P5	0
MTND2P6	0
MTND2P7	0
MTND2P8	0
MTND2P9	0
MT-ND3	664.2164994
MTND3P1	0
MTND3P10	0
MTND3P12	0
MTND3P13	0
MTND3P16	0
MTND3P17	0
MTND3P19	0
MTND3P2	0
MTND3P20	0
MTND3P21	0
MTND3P22	0
MTND3P23	0.031344171
MTND3P24	0
MTND3P25	0
MTND3P3	0
MTND3P4	0
MTND3P5	0
MTND3P6	0
MTND3P7	0
MTND3P8	0
MTND3P9	0
MT-ND4	1875.354953
MT-ND4L	661.5211539
MTND4LP1	0
MTND4LP10	0
MTND4LP11	0
MTND4LP12	0
MTND4LP13	0.109494235
MTND4LP14	0.037765373
MTND4LP16	0
MTND4LP17	0
MTND4LP18	0
MTND4LP19	0
MTND4LP2	0
MTND4LP20	0
MTND4LP21	0
MTND4LP22	0
MTND4LP24	0
MTND4LP25	0
MTND4LP26	0
MTND4LP3	0
MTND4LP30	0.036620967
MTND4LP31	0
MTND4LP5	0
MTND4LP7	0
MTND4LP9	0
MTND4P1	0
MTND4P10	0
MTND4P11	0
MTND4P12	0.331742881
MTND4P13	0
MTND4P14	0.008032812
MTND4P15	0
MTND4P16	0
MTND4P17	0
MTND4P18	0
MTND4P19	0
MTND4P2	0
MTND4P20	0.050064107
MTND4P21	0
MTND4P22	0
MTND4P23	0.055858394
MTND4P24	0.136982712
MTND4P25	0
MTND4P26	0.040016289
MTND4P27	0
MTND4P28	0
MTND4P29	0
MTND4P3	0
MTND4P30	0
MTND4P31	0
MTND4P32	0
MTND4P33	0
MTND4P34	0
MTND4P35	0.007910129
MTND4P4	0
MTND4P5	0
MTND4P6	0
MTND4P7	0
MTND4P8	0
MTND4P9	0.048483331
MT-ND5	453.5566222
MTND5P1	0.023730387
MTND5P10	0.006012398
MTND5P11	0.096039093
MTND5P12	0.015012322
MTND5P13	0
MTND5P14	0
MTND5P15	0.031164548
MTND5P16	0
MTND5P17	0
MTND5P18	0
MTND5P19	0
MTND5P2	0
MTND5P20	0
MTND5P21	0
MTND5P22	0
MTND5P23	0
MTND5P24	0
MTND5P25	0.01361255
MTND5P26	0
MTND5P27	0
MTND5P28	0.047763482
MTND5P29	0
MTND5P3	0
MTND5P30	0.00628332
MTND5P31	0
MTND5P32	0
MTND5P33	0
MTND5P34	0
MTND5P35	0
MTND5P4	0
MTND5P40	0
MTND5P41	0
MTND5P5	0
MTND5P6	0
MTND5P7	0
MTND5P8	0
MTND5P9	0
MT-ND6	398.5122962
MTND6P1	0
MTND6P10	0
MTND6P11	0
MTND6P12	0
MTND6P13	0
MTND6P14	0
MTND6P15	0
MTND6P16	0
MTND6P17	0
MTND6P18	0
MTND6P19	0
MTND6P2	0
MTND6P20	0
MTND6P21	0.067695606
MTND6P22	0
MTND6P24	0
MTND6P25	0
MTND6P3	0.020067209
MTND6P32	0
MTND6P33	0
MTND6P4	0.104180338
MTND6P5	0.021243022
MTND6P6	0
MTND6P7	0
MTND6P8	0
MTND6P9	0
MTNR1A	0.05062728
MTNR1B	0.355874922
MTO1	1.165041877
MTOR	6.309207352
MTOR-AS1	0.01425482
MTPAP	2.035923936
MTPN	42.92083111
MTR	6.421242246
MTREX	7.898554758
MTRF1	0.883479645
MTRF1L	1.509412915
MTRF1LP1	0
MTRF1LP2	0.009693785
MT-RNR1	148.5190969
MT-RNR2	853.7053595
MTRNR2L1	5.434711901
MTRNR2L10	0.021326328
MTRNR2L11	0.007008007
MTRNR2L12	0.207367537
MTRNR2L13	0
MTRNR2L2	0.125016406
MTRNR2L3	0.007067204
MTRNR2L4	0.018518321
MTRNR2L5	0
MTRNR2L6	0.022549607
MTRNR2L7	0
MTRNR2L8	0.158597175
MTRNR2L9	0.061915146
MTRR	6.311943265
MTSS1	17.58217334
MTSS1L	5.750429555
MT-TA	0
MT-TC	1.812737883
MT-TD	0
MT-TE	0
MT-TF	1.072323818
MT-TG	0
MT-TH	0
MT-TI	0
MT-TK	0
MT-TL1	2.175285459
MT-TL2	0.153189117
MT-TM	0.15994746
MT-TN	0
MTTP	0.020148995
MT-TP	322.134185
MT-TQ	0
MT-TR	0
MT-TS1	0
MT-TS2	0.184346225
MT-TT	1.318354824
MT-TV	0.157629381
MT-TW	0
MT-TY	5.108624943
MTURN	2.088034267
MTUS1	10.41728087
MTUS2	0.019318699
MTUS2-AS1	0.012711056
MTUS2-AS2	0
MTX1	4.363179346
MTX1P1	2.868365671
MTX2	16.63453587
MTX3	2.131043297
MUC1	23.13633061
MUC12	0.022857641
MUC13	0.043518143
MUC15	2.100096808
MUC16	0.014640867
MUC17	0.002238102
MUC19	0
MUC2	0
MUC20	1.054621804
MUC20-OT1	0.461656412
MUC20P1	0.174799724
MUC21	0.281014995
MUC22	0.007228063
MUC3A	0.044943914
MUC4	0.517682237
MUC5AC	0.004986899
MUC5B	0.118133042
MUC6	0.023229199
MUC7	0.003887215
MUCL1	0.165321695
MUL1	13.08026449
MUM1	3.030379501
MUM1L1	0.105183041
MUPP	0
MUS81	4.284231863
MUSK	0.119635499
MUSTN1	0.03617437
MUT	10.58921303
MUTYH	1.939337382
MVB12A	5.592517762
MVB12B	1.876197504
MVD	16.88993639
MVK	3.098429157
MVP	25.83527845
MX1	21.40823242
MX2	4.728374004
MXD1	5.605187615
MXD3	0.991835629
MXD4	10.59134101
MXI1	8.640704126
MXRA5	181.2586096
MXRA5Y	0.591405734
MXRA7	11.77643198
MXRA8	25.99291957
MYADM	69.27174349
MYADML	0
MYADML2	0.008849819
MYB	0.194045126
MYB-AS1	0
MYBBP1A	11.79346284
MYBL1	0.572443542
MYBL2	36.65555746
MYBPC1	0.016200501
MYBPC2	1.108762006
MYBPC3	0.035577099
MYBPH	0.054231493
MYBPHL	0.097273805
MYC	41.00134022
MYCBP	4.276844561
MYCBP2	4.80622808
MYCBP2-AS1	0.03215975
MYCBP2-AS2	0.025412213
MYCBPAP	0.051752762
MYCL	4.792674166
MYCLP1	0.040470427
MYCLP2	0
MYCN	2.420234975
MYCNOS	0.040566865
MYCNUT	0
MYCT1	1.819917043
MYD88	16.65137666
MYDGF	50.70696707
MYEF2	0.212626538
MYEOV	0.135955341
MYF5	0
MYF6	0.02969673
MYH1	0.027082737
MYH10	32.61721172
MYH11	4.642073456
MYH13	0.032548767
MYH14	11.42875874
MYH15	0.045235986
MYH16	0.061700502
MYH2	0.018064427
MYH3	0.23757606
MYH4	0.012655417
MYH6	0.025126507
MYH7	0.030376091
MYH7B	0.219421053
MYH8	0.014403479
MYH9	430.2264965
MYHAS	0.090876042
MYL1	0.00810464
MYL10	0
MYL12A	65.68758773
MYL12AP1	0
MYL12B	128.800122
MYL12BP1	0.235977713
MYL12BP2	0.148701154
MYL2	0.015971259
MYL3	0.407866024
MYL4	0.265927318
MYL5	0.922159341
MYL6	154.5920487
MYL6B	8.620377941
MYL6BP1	0
MYL6P1	0
MYL6P2	0.050121785
MYL6P3	0
MYL6P4	0
MYL6P5	0.09478368
MYL7	1.126433828
MYL8P	0.062990892
MYL9	279.9108904
MYLIP	7.631070652
MYLK	18.44385357
MYLK2	0.076748983
MYLK3	0.020560354
MYLK4	0.26788307
MYLK-AS1	0.499427784
MYLK-AS2	0
MYLKP1	0.013767629
MYLPF	0.748422611
MYMK	0.021580213
MYMX	0.064510245
MYNN	7.991231923
MYO10	16.2877673
MYO15A	0.026731793
MYO15B	2.17745374
MYO16	0.108657977
MYO16-AS1	0.22502953
MYO16-AS2	0.024945934
MYO18A	4.840374313
MYO18B	0.00560294
MYO19	3.024603415
MYO1A	0.063719493
MYO1B	14.63357249
MYO1C	28.26109949
MYO1D	17.12891182
MYO1E	11.66713616
MYO1F	4.616439142
MYO1G	3.264310839
MYO1H	0.036315283
MYO3A	0.077043574
MYO3B	0.908569934
MYO5A	4.270010994
MYO5B	1.29007204
MYO5BP1	0
MYO5BP2	0
MYO5BP3	0
MYO5C	0.842395265
MYO6	4.720753248
MYO7A	1.018492453
MYO7B	0.076629374
MYO9A	1.687341854
MYO9B	14.21435779
MYOC	0.062299345
MYOCD	0.191180018
MYOD1	0.1328603
MYOF	43.37734347
MYOG	0
MYOM1	0.125739044
MYOM2	0.123210731
MYOM3	0.09520106
MYORG	2.786255758
MYOSLID	3.333390094
MYOT	0.090229608
MYOZ1	0.734035327
MYOZ2	0.004188074
MYOZ3	0.18376604
MYPN	0.004621711
MYPOP	3.49887185
MYRF	1.106992179
MYRFL	0.021604708
MYRIP	0.111135156
MYSM1	1.979855361
MYT1	0.098955524
MYT1L	0
MYT1L-AS1	0
MYZAP	0.284545345
MZB1	23.24100633
MZF1	2.561836709
MZF1-AS1	0.87216634
MZT1	7.460689799
MZT1P1	0
MZT1P2	0.087713123
MZT2A	7.312955759
MZT2B	26.51690953
N4BP1	25.50320323
N4BP2	2.375451534
N4BP2L1	1.234423385
N4BP2L2	2.157329094
N4BP2L2-IT2	0.15347106
N4BP3	0.824676478
N6AMT1	1.307854053
NAA10	4.759297056
NAA11	0.012080445
NAA15	7.716081557
NAA16	1.407057835
NAA20	19.9584272
NAA25	2.551578916
NAA30	5.592413617
NAA35	4.444966717
NAA38	7.232292366
NAA40	4.321136498
NAA50	22.11281094
NAA60	3.124634194
NAAA	3.819799315
NAALAD2	0.280382121
NAALADL1	0.809546147
NAALADL2	0.362307638
NAALADL2-AS1	0
NAALADL2-AS2	0.419130146
NAALADL2-AS3	0
NAB1	13.08198069
NAB2	13.3949887
NABP1	1.528340501
NABP2	10.83229391
NACA	42.40263428
NACA2	0.083987856
NACA3P	1.107784262
NACAD	0.871529867
NACAP1	0.167867688
NACAP2	0.017430172
NACAP3	0.04522423
NACAP5	0
NACAP6	0.017486218
NACAP7	0
NACC1	16.64282997
NACC2	2.738712143
NADK	7.107755002
NADK2	7.545591015
NADK2-AS1	0.211486086
NADSYN1	2.437047351
NAE1	18.31355191
NAF1	2.357162488
NAGA	21.86731241
NAGK	6.98884439
NAGLU	11.52452333
NAGPA	1.905953069
NAGPA-AS1	0.02087606
NAGS	1.206350724
NAIF1	3.391186528
NAIP	0.224091217
NALCN	1.031626274
NALCN-AS1	0.122292928
NALT1	0.15994746
NAMA	0.008575933
NAMPT	12.33559215
NAMPTP1	0.103832242
NAMPTP2	0
NAMPTP3	0.097110958
NANOG	0.002016768
NANOGNB	0
NANOGNBP1	0
NANOGNBP2	0
NANOGNBP3	0.057750941
NANOGP1	0.02743801
NANOGP10	0
NANOGP11	0
NANOGP2	0
NANOGP3	0
NANOGP4	0.02382569
NANOGP5	0
NANOGP6	0
NANOGP7	0.01184796
NANOGP8	0
NANOGP9	0
NANOS1	0.660654284
NANOS2	0
NANOS3	0.154119415
NANP	3.959304892
NANS	7.278941795
NAP1L1	20.55271871
NAP1L1P1	0.399041077
NAP1L1P2	0
NAP1L1P3	0.148314918
NAP1L2	3.693720015
NAP1L3	1.104540552
NAP1L4	15.8440263
NAP1L4P1	0.573433073
NAP1L4P2	0.036295086
NAP1L4P3	0.028447499
NAP1L5	0.627936776
NAP1L6	0.037248039
NAPA	11.53583049
NAPA-AS1	1.022177433
NAPB	1.951273449
NAPEPLD	1.252925298
NAPG	2.897265274
NAPGP1	0
NAPGP2	0
NAPRT	8.859395798
NAPSA	44.32576933
NAPSB	5.577363763
NARF	6.399907296
NARF-AS1	0.02595806
NARF-IT1	0.410164358
NARFL	1.522511857
NARS	26.87852723
NARS2	4.93975385
NARSP2	0
NASP	10.15866692
NAT1	1.44881702
NAT10	17.70272371
NAT14	7.562712277
NAT16	0.005619441
NAT2	0.131636034
NAT6	2.102709665
NAT8	0.057425699
NAT8B	0.170610624
NAT8L	0.151910584
NAT9	4.915747581
NATD1	5.734883588
NATP	0.01238773
NAV1	5.273272505
NAV2	4.911041785
NAV2-AS1	0
NAV2-AS2	0.013908475
NAV2-AS3	0.127316039
NAV2-AS4	0
NAV2-AS5	0
NAV2-IT1	0
NAV3	0.438840875
NAXD	7.632982698
NAXE	36.91120697
NBAS	6.673176784
NBAT1	0.229862639
NBDY	18.16768824
NBEA	0.396863528
NBEAL1	0.633616979
NBEAL2	4.030891021
NBEAP1	0.023586722
NBEAP3	0
NBL1	21.27573571
NBN	12.54428749
NBPF1	0.559318403
NBPF10	0.102298978
NBPF11	0.696808273
NBPF12	0.843551292
NBPF13P	0.014281023
NBPF14	0.446152556
NBPF15	2.215872203
NBPF17P	0
NBPF19	0.321342409
NBPF20	0.073292061
NBPF21P	0
NBPF22P	0
NBPF25P	0.198941707
NBPF26	0.173170306
NBPF2P	0.510089631
NBPF3	0.908497817
NBPF4	0.008411777
NBPF5P	0
NBPF6	0
NBPF7	0
NBPF8	0.524435613
NBPF9	0.9005576
NBR1	19.23205978
NBR2	1.800629901
NCALD	4.530717663
NCAM1	0.175054377
NCAM1-AS1	0.036315283
NCAM2	0.429605899
NCAN	0.020476981
NCAPD2	25.05417806
NCAPD2P1	0.012078209
NCAPD3	6.104117361
NCAPG	3.536330761
NCAPG2	1.797692262
NCAPGP1	0.011991651
NCAPGP2	0.05769988
NCAPH	8.444328088
NCAPH2	14.1266164
NCBP1	6.202778653
NCBP2	27.56325729
NCBP2-AS1	0.174177661
NCBP2-AS2	14.63223062
NCBP2L	0
NCBP3	3.318795692
NCCRP1	2.111500547
NCDN	5.934808712
NCEH1	6.985525685
NCF1	1.831587844
NCF1B	0.869199237
NCF1C	1.745411248
NCF2	17.88592809
NCF4	7.395228566
NCF4-AS1	0.035718973
NCK1	10.40366604
NCK1-AS1	1.529854364
NCK2	15.60530873
NCKAP1	8.389627823
NCKAP1L	5.96581686
NCKAP5	2.01427972
NCKAP5-IT1	0.01963254
NCKAP5L	5.306459647
NCKIPSD	6.600035451
NCL	103.6753168
NCLN	21.42721306
NCLP1	0.022162868
NCLP2	0
NCMAP	0.519809844
NCOA1	7.783455096
NCOA2	7.316040863
NCOA3	11.48484444
NCOA4	59.95500558
NCOA4P2	0.011998265
NCOA4P3	0.00579458
NCOA4P4	0.040910796
NCOA5	19.23979189
NCOA6	9.70875767
NCOA7	7.256104682
NCOA7-AS1	0
NCOR1	8.100128146
NCOR1P1	0
NCOR1P2	0
NCOR1P3	0
NCOR2	21.87971382
NCR1	1.700698616
NCR2	0.08030176
NCR3	0.439723546
NCR3LG1	0.505133856
NCS1	7.547076608
NCSTN	44.53994671
NCSTNP1	0
NDC1	5.009299038
NDC80	2.716085595
NDE1	6.778318293
NDE1P2	0
NDEL1	6.125253839
NDFIP1	14.61745608
NDFIP1P1	0
NDFIP2	17.36040797
NDFIP2-AS1	0.02523533
NDN	8.274195598
NDNF	7.432429227
NDOR1	2.781099789
NDP	0.290750102
NDP-AS1	0.014757703
NDRG1	275.5413253
NDRG2	5.279749145
NDRG3	13.95718872
NDRG4	4.719469749
NDST1	24.39406068
NDST1-AS1	0.059111018
NDST2	0.560881511
NDST3	0.006207121
NDST4	0
NDUFA1	65.49994663
NDUFA10	6.340487406
NDUFA11	5.299982552
NDUFA12	15.07119265
NDUFA12P1	0
NDUFA13	5.707312847
NDUFA2	17.79114519
NDUFA3	11.42134729
NDUFA3P1	0
NDUFA3P2	0
NDUFA3P3	0
NDUFA3P4	0.087011418
NDUFA3P6	0
NDUFA4	19.62406005
NDUFA4L2	6.899515534
NDUFA4P2	0
NDUFA5	3.170957182
NDUFA5P1	0.031895681
NDUFA5P10	0
NDUFA5P11	0.063419401
NDUFA5P12	0
NDUFA5P2	0
NDUFA5P3	0
NDUFA5P4	0
NDUFA5P5	0
NDUFA5P6	0
NDUFA5P7	0
NDUFA5P8	0
NDUFA5P9	0
NDUFA6	34.33448448
NDUFA6-AS1	0.411574371
NDUFA7	0.885201089
NDUFA8	29.2529502
NDUFA8P1	0
NDUFA9	4.079052755
NDUFA9P1	0.009582755
NDUFAB1	13.94901801
NDUFAB1P1	0.023644407
NDUFAF1	5.565814192
NDUFAF2	6.256351985
NDUFAF3	13.15091435
NDUFAF4	2.260926619
NDUFAF4P1	0.041913015
NDUFAF4P2	0.104581032
NDUFAF4P3	0.082868018
NDUFAF4P4	0
NDUFAF5	1.380463822
NDUFAF6	1.505992977
NDUFAF7	1.906577231
NDUFAF8	6.51320937
NDUFB1	8.252242894
NDUFB10	30.85042696
NDUFB10P1	0
NDUFB10P2	0
NDUFB11	44.97839892
NDUFB11P1	0
NDUFB1P1	0
NDUFB1P2	0
NDUFB2	6.569391437
NDUFB2-AS1	0.34318824
NDUFB2P1	0
NDUFB3	19.24821948
NDUFB4	24.22869564
NDUFB4P1	0.028547053
NDUFB4P10	0
NDUFB4P11	0.004759924
NDUFB4P12	0
NDUFB4P2	0
NDUFB4P3	0
NDUFB4P4	0
NDUFB4P5	0
NDUFB4P6	0.059434029
NDUFB4P7	0
NDUFB4P8	0
NDUFB4P9	0
NDUFB5	16.12290015
NDUFB5P1	0
NDUFB5P2	0
NDUFB6	13.11753552
NDUFB7	57.84374894
NDUFB8	7.911118204
NDUFB8P1	0
NDUFB8P2	0.181947669
NDUFB9	27.36275776
NDUFB9P1	0
NDUFB9P2	0.064357558
NDUFB9P3	0
NDUFC1	12.06997651
NDUFC2	8.875033436
NDUFC2-KCTD14	0
NDUFS1	7.443632506
NDUFS2	24.72023416
NDUFS3	14.39126184
NDUFS4	15.46376398
NDUFS5	91.63588473
NDUFS5P1	0
NDUFS5P2	0
NDUFS5P3	0
NDUFS5P4	0
NDUFS5P5	0
NDUFS5P6	0
NDUFS6	32.89163541
NDUFS6P1	0
NDUFS7	3.528738659
NDUFS8	9.375898747
NDUFV1	18.85701237
NDUFV2	1.584724745
NDUFV2-AS1	0.470906768
NDUFV2P1	0.959332066
NDUFV3	4.945388929
NEAT1	6.861603429
NEB	0.130231046
NEBL	2.161903009
NEBL-AS1	0.175683848
NECAB1	0.44809251
NECAB2	0.112217107
NECAB3	2.427281909
NECAP1	10.70627862
NECAP1P1	0
NECAP1P2	0
NECAP2	12.82514498
NECTIN1	45.90386184
NECTIN2	32.58864405
NECTIN3	2.351517351
NECTIN3-AS1	0.032661944
NECTIN4	5.186645799
NEDD1	7.94469034
NEDD4	2.818043216
NEDD4L	5.969215403
NEDD8	14.32245183
NEDD8-MDP1	0.072440524
NEDD9	17.94573756
NEFH	0.172504795
NEFHP1	0
NEFL	0.89443477
NEFLP1	0
NEFM	0.01737845
NEFMP1	0
NEGR1	0.239140348
NEGR1-IT1	0
NEIL1	0.794803782
NEIL2	4.386750303
NEIL3	0.963036145
NEK1	1.802219094
NEK10	0.04199831
NEK11	1.074440717
NEK2	5.123693376
NEK2P2	0
NEK2P4	0
NEK3	1.33154763
NEK4	2.532330436
NEK4P1	0
NEK4P2	0
NEK4P3	0
NEK5	0.060963016
NEK6	13.87181359
NEK7	11.57838815
NEK8	1.232825809
NEK9	9.82074737
NELFA	3.848440998
NELFB	20.49106003
NELFCD	16.75329013
NELFE	25.31699462
NELL1	0.114725924
NELL2	3.856865097
NEMF	3.021999055
NEMP1	5.234328274
NEMP2	1.731288381
NENF	26.73404026
NENFP1	0
NENFP2	0
NENFP3	0
NEO1	14.6725242
NEPNP	0.007933207
NEPRO	6.379475142
NES	8.03501448
NET1	32.64751782
NETO1	1.038482621
NETO2	3.117104682
NEU1	13.91018813
NEU2	0
NEU3	2.537737073
NEU4	0.016236936
NEURL1	0.938341238
NEURL1-AS1	0.042778475
NEURL1B	5.92751743
NEURL2	0.309321914
NEURL3	0.640302288
NEURL4	2.864537173
NEUROD1	0
NEUROD2	0.003484917
NEUROD4	0
NEUROD6	0
NEUROG1	0
NEUROG2	0.161695902
NEUROG3	0.015808761
NEXMIF	0.376516621
NEXN	3.319811217
NEXN-AS1	0.109143904
NF1	3.711068786
NF1P1	0
NF1P10	0
NF1P11	0
NF1P12	0
NF1P2	0
NF1P3	0
NF1P4	0
NF1P5	0
NF1P6	0
NF1P7	0
NF1P8	0
NF1P9	0
NF2	6.340790251
NFAM1	3.498331696
NFASC	0.385540228
NFAT5	5.582450155
NFATC1	2.478021482
NFATC2	2.034571845
NFATC2IP	4.316072666
NFATC3	6.773373529
NFATC4	2.522836105
NFE2	0.537433832
NFE2L1	62.00217079
NFE2L2	24.40510932
NFE2L3	7.848229252
NFE2L3P1	0
NFE4	0.010145921
NFIA	0.940382787
NFIA-AS1	0
NFIA-AS2	0.01180296
NFIB	2.931690599
NFIC	8.367646164
NFIL3	22.15452601
NFIX	11.96199898
NFKB1	14.78929894
NFKB2	21.07125868
NFKBIA	120.9469716
NFKBIB	8.363242504
NFKBID	1.074718895
NFKBIE	9.485795369
NFKBIL1	7.422137571
NFKBIZ	5.8381094
NFRKB	6.671791078
NFS1	3.782555642
NFU1	5.792180217
NFU1P1	0.014052232
NFU1P2	0
NFX1	5.819428849
NFXL1	2.43773627
NFYA	20.55419297
NFYAP1	0.04475896
NFYB	5.866160243
NFYC	6.538761829
NFYC-AS1	0.354596029
NGB	0.19628372
NGDN	4.451996992
NGEF	0.232501652
NGF	0.373974578
NGFR	0.248978456
NGLY1	2.886969052
NGRN	4.262078022
NHEJ1	0.283367839
NHLH1	0.063654471
NHLH2	0.024519197
NHLRC1	4.916364864
NHLRC2	2.719349104
NHLRC3	2.660982681
NHLRC4	0.320350828
NHP2	16.61716409
NHP2P1	0.070626151
NHP2P2	0
NHS	2.054840366
NHS-AS1	0
NHSL1	3.119460386
NHSL2	1.971318271
NICN1	3.030100606
NID1	146.7074983
NID2	5.936773285
NIF3L1	9.950424167
NIFK	24.95311109
NIFK-AS1	1.842976706
NIFKP1	0
NIFKP2	0
NIFKP3	0.012573904
NIFKP4	0
NIFKP6	0
NIFKP7	0
NIFKP8	0
NIFKP9	0
NIM1K	0.552987738
NIN	3.633424627
NINJ1	26.19707451
NINJ2	2.124302206
NINL	2.724537797
NIP7	22.49035211
NIP7P1	0
NIP7P2	0.119960595
NIP7P3	0
NIPA1	2.380312365
NIPA2	8.64528572
NIPA2P1	0
NIPA2P2	0
NIPA2P4	0
NIPA2P5	0
NIPAL1	0.888947509
NIPAL2	3.712243716
NIPAL3	5.028786249
NIPAL4	2.706183313
NIPBL	10.22187975
NIPSNAP1	26.40202192
NIPSNAP2	91.42473421
NIPSNAP3A	5.301469398
NIPSNAP3B	0.159800585
NISCH	8.392693436
NIT1	7.50711486
NIT2	2.636923112
NKAIN1	0.309506636
NKAIN1P1	0
NKAIN2	0.066190526
NKAIN3	0
NKAIN4	0.114145414
NKAP	2.531035843
NKAPD1	5.883287259
NKAPL	0.119448256
NKAPP1	0.381451361
NKD1	1.953242861
NKD2	3.849161966
NKG7	10.05051678
NKILA	1.992755733
NKIRAS1	1.900947702
NKIRAS2	9.774324352
NKPD1	0.036528723
NKRF	3.81652856
NKTR	2.046693452
NKX1-1	0
NKX1-2	0.559340643
NKX2-1	2.508623042
NKX2-1-AS1	0.263485281
NKX2-2	0.015597171
NKX2-2-AS1	0
NKX2-3	0.093359891
NKX2-4	0
NKX2-5	2.020501537
NKX2-6	0
NKX2-8	0.189755274
NKX3-1	5.802312942
NKX3-2	0.671767912
NKX6-1	0.246710924
NKX6-2	0.004065954
NKX6-3	0.009018596
NLE1	2.93263361
NLGN1	0.432999274
NLGN1-AS1	0.01334531
NLGN2	10.40609531
NLGN3	0.31765901
NLGN4X	0.992486781
NLGN4Y	0
NLGN4Y-AS1	0
NLK	3.051156542
NLN	1.912415286
NLRC3	1.244461095
NLRC4	1.110452014
NLRC5	5.61998504
NLRP1	1.419845912
NLRP10	0.257837075
NLRP11	0.022701263
NLRP12	0.168875345
NLRP13	0
NLRP14	0.017987476
NLRP2	9.055362248
NLRP2B	0.010215805
NLRP3	2.341278443
NLRP3P1	0.353407722
NLRP4	0
NLRP5	0.002665791
NLRP6	0.135658588
NLRP7	2.303668429
NLRP8	0.002764725
NLRP9	0.018132416
NLRP9P1	0.004096583
NLRX1	5.644702212
NMB	5.523352023
NMBR	0.027605145
NMBR-AS1	0
NMD3	13.22192918
NMD3P1	0.014618854
NMD3P2	0.014292283
NME1	12.44873223
NME1-NME2	0.65731833
NME1P1	0
NME2	17.21963243
NME2P1	0.630517524
NME3	5.208642
NME4	14.17788234
NME5	0.236444072
NME6	2.666062332
NME7	1.967880693
NME8	0.160537672
NME9	0.046555066
NMI	8.944923829
NMNAT1	1.071127547
NMNAT1P1	0
NMNAT1P2	0
NMNAT1P3	0
NMNAT1P4	0
NMNAT1P5	0
NMNAT2	0.388606474
NMNAT3	2.026526442
NMRAL1	4.361628569
NMRAL2P	0.111744116
NMRK1	3.770870007
NMRK2	0.009532364
NMS	0
NMT1	21.00101279
NMT2	2.207683328
NMTRQ-TTG12-1	0
NMTRS-TGA3-1	0
NMU	0.490833642
NMUR1	0.194575261
NMUR2	0.324669472
NNAT	1.266261004
NNMT	81.64213721
NNT	14.8866564
NNT-AS1	3.02986189
NOA1	5.334704458
NOB1	37.79802294
NOBOX	0
NOC2L	13.10905012
NOC2LP1	0.043856562
NOC2LP2	0.04475896
NOC3L	4.641486111
NOC4L	7.515402203
NOCT	8.048729945
NOD1	2.521353601
NOD2	2.384600382
NODAL	0.064243516
NOG	0.350667053
NOL10	8.492942445
NOL11	10.48410974
NOL12	0.866720035
NOL3	8.524472598
NOL4	0.017212563
NOL4L	2.686873551
NOL4L-DT	0
NOL6	11.06611101
NOL7	20.3065522
NOL8	3.294250572
NOL8P1	0
NOL9	3.473357901
NOLC1	37.57161812
NOM1	3.267955814
NOMO1	7.476492385
NOMO2	2.720306254
NOMO3	1.042422872
NONO	85.09180706
NONOP2	2.518100552
NOP10	64.74811774
NOP14	13.68929643
NOP14-AS1	1.570619592
NOP16	5.552222321
NOP2	11.38230764
NOP53	28.29581676
NOP53-AS1	0.10070766
NOP56	26.66920928
NOP56P1	0
NOP56P2	0
NOP56P3	0.056500921
NOP58	20.34178734
NOP9	8.420983243
NORAD	86.57953926
NOS1	0.06718452
NOS1AP	0.121766719
NOS2	23.73228102
NOS2P2	0
NOS2P3	0
NOS2P4	0
NOS3	0.911697837
NOSIP	9.872764515
NOSTRIN	0.719154015
NOTCH1	11.8616907
NOTCH2	10.73856256
NOTCH2NL	0.040514396
NOTCH2P1	0
NOTCH3	40.86243864
NOTCH4	1.646861581
NOTO	0.031652026
NOTUM	2.17960865
NOV	0.935869165
NOVA1	0.075786374
NOVA1-AS1	0
NOVA2	0.361963092
NOX1	0.253740297
NOX3	0
NOX4	2.660228527
NOX5	0.042598109
NOXA1	1.140793328
NOXO1	0
NOXRED1	0.15275881
NPAP1	0.00144518
NPAP1P2	0
NPAP1P3	0.006857773
NPAP1P4	0.00328593
NPAP1P6	0.003121822
NPAP1P7	0
NPAS1	0.606586185
NPAS2	4.338032247
NPAS3	0.363685319
NPAS4	0.060354007
NPAT	3.814112148
NPB	0.010066106
NPBWR1	3.885883962
NPBWR2	0.008044695
NPC1	9.139773444
NPC1L1	0.016567292
NPC2	92.11530751
NPDC1	4.97526013
NPEPL1	1.107428404
NPEPPS	7.710039917
NPFF	0
NPFFR1	0.109727436
NPFFR2	0.004610609
NPHP1	0.375399939
NPHP3	0.565067453
NPHP3-ACAD11	0.00279456
NPHP3-AS1	0.043797694
NPHP4	0.961506902
NPHS1	0.027893384
NPHS2	0.011607713
NPIPA1	0.27709699
NPIPA2	0
NPIPA3	0.054680393
NPIPA5	0.057244354
NPIPA7	0
NPIPA8	0
NPIPB10P	0.040164059
NPIPB11	0.049460788
NPIPB12	0.010045188
NPIPB13	0.004181633
NPIPB14P	0.207709549
NPIPB15	2.185510068
NPIPB1P	0.009599671
NPIPB2	0.100003929
NPIPB3	0.106066495
NPIPB4	0.064365838
NPIPB5	0.090229232
NPIPB6	0.010188691
NPIPB7	0.014569896
NPIPB8	0.004652022
NPIPB9	0.010246281
NPIPP1	0.741746608
NPL	17.12463417
NPLOC4	14.30726189
NPM1	123.2974301
NPM1P10	0
NPM1P11	0
NPM1P12	0.026082559
NPM1P13	0
NPM1P14	0.02511877
NPM1P17	0
NPM1P18	0
NPM1P19	0.030551762
NPM1P2	0
NPM1P21	0.028547053
NPM1P22	0.011424819
NPM1P23	0
NPM1P24	0.121660261
NPM1P25	2.114153315
NPM1P26	0.235803302
NPM1P27	3.629843809
NPM1P28	0
NPM1P29	0.027089483
NPM1P30	0
NPM1P31	0.014236161
NPM1P32	0.1800733
NPM1P33	0.024945934
NPM1P34	0.036538949
NPM1P35	0.025060892
NPM1P36	0
NPM1P37	0.062222124
NPM1P38	0.012573904
NPM1P39	0.43907146
NPM1P4	0
NPM1P40	0.014838236
NPM1P41	0
NPM1P42	0.012617665
NPM1P43	0
NPM1P45	0
NPM1P46	0.050295618
NPM1P47	0
NPM1P48	0.012750794
NPM1P49	0
NPM1P5	0.038937091
NPM1P50	0.025089798
NPM1P51	0
NPM1P52	0.012856297
NPM1P6	0.337156759
NPM1P8	0.064972684
NPM1P9	0.373716104
NPM2	1.260041747
NPM3	21.29576336
NPNT	5.25773999
NPPA	0.077688766
NPPA-AS1	0.182925196
NPPB	0.156720854
NPPC	0.487458926
NPR1	1.587006182
NPR2	4.857105696
NPR3	2.781393277
NPRL2	3.058532996
NPRL3	4.70011747
NPS	0
NPSR1	0.31319555
NPSR1-AS1	0.022958966
NPTN	39.09525318
NPTN-IT1	0.319194318
NPTX1	0.814555647
NPTX2	1.31267226
NPTXR	4.159518876
NPVF	0
NPW	0.583479754
NPY	0.625896468
NPY1R	0.067652419
NPY2R	0
NPY4R	0.033363274
NPY4R2	0.03892382
NPY5R	0.006609801
NPY6R	0.010920108
NQO1	1.627787367
NQO2	2.459852998
NR0B1	0.004937098
NR0B2	0.282260224
NR1D1	4.763341536
NR1D2	7.151905029
NR1H2	18.58527265
NR1H3	4.633218864
NR1H4	0.009430428
NR1H5P	0
NR1I2	0.01617012
NR1I3	0.131636034
NR2C1	1.947395238
NR2C2	4.225070142
NR2C2AP	5.601905698
NR2E1	0.008740767
NR2E3	0.033527828
NR2F1	3.821377456
NR2F1-AS1	0.517052956
NR2F2	7.565844225
NR2F2-AS1	0.145306055
NR2F6	6.068201029
NR3C1	17.88349325
NR3C2	0.735850311
NR4A1	3.655791601
NR4A2	1.277644346
NR4A3	0.756216595
NR5A1	0.521254844
NR5A2	0.483460719
NR6A1	0.328247034
NRADDP	0.110180884
NRAP	0.005700434
NRARP	4.737697992
NRAS	18.07848502
NRAV	3.638825755
NRBF2	15.688145
NRBF2P1	0
NRBF2P2	0.025264639
NRBF2P3	0
NRBF2P4	0
NRBF2P5	0.234643736
NRBP1	27.52272886
NRBP2	2.902442215
NRCAM	6.538069625
NRDC	16.9963246
NRDE2	0.806830901
NREP	11.06280712
NREP-AS1	0
NRF1	4.289926597
NRG1	1.13776186
NRG1-IT1	0
NRG1-IT3	0
NRG2	0.064969809
NRG3	0.034310496
NRG3-AS1	0
NRG4	0.901504707
NRGN	5.733181692
NRIP1	14.78454406
NRIP2	1.090358926
NRIP3	2.572038956
NRIR	0.312990714
NRK	0.054535518
NRL	0.314448589
NRM	12.61559196
NRN1	14.06740661
NRN1L	0
NRON	0
NRP1	10.89719465
NRP2	15.23999107
NRROS	3.890845641
NRSN1	0.03898361
NRSN2	18.37089016
NRSN2-AS1	2.063413636
NRTN	0.431526421
NRXN1	0.02456122
NRXN2	0.345413948
NRXN3	0.662341949
NSA2	8.213215051
NSD1	6.953863273
NSD2	3.107393519
NSD3	5.247098876
NSDHL	17.36087043
NSF	6.491086581
NSFL1C	12.28531682
NSFP1	0.140484105
NSG1	0.631856741
NSG2	0.008268951
NSL1	5.139118545
NSMAF	6.501157273
NSMCE1	6.234471987
NSMCE2	6.010944274
NSMCE3	9.763550739
NSMCE4A	5.858425307
NSMF	7.200792355
NSRP1	6.044722703
NSRP1P1	0.012848703
NSUN2	21.55334149
NSUN3	1.464988167
NSUN4	2.242588812
NSUN5	3.004238706
NSUN5P1	0.627052424
NSUN5P2	0.126666467
NSUN6	2.325776906
NSUN7	0.676326063
NT5C	7.823273613
NT5C1A	0.03930055
NT5C1B	0.106390937
NT5C1B-RDH14	0
NT5C2	6.678582006
NT5C3A	4.922883354
NT5C3AP1	0.02616098
NT5C3B	7.350552514
NT5CP1	0.085472906
NT5CP2	0
NT5DC1	4.119024594
NT5DC2	19.96892691
NT5DC3	0.780628696
NT5DC4	0.025743023
NT5E	3.987783403
NT5M	0.748759656
NTAN1	4.375150416
NTAN1P1	0
NTAN1P2	0.161989343
NTAN1P3	0.030423573
NTF3	1.95246588
NTF4	3.122895182
NTF6A	0
NTF6B	0
NTF6G	0
NTHL1	2.33194182
NTM	6.138708104
NTM-AS1	0
NTM-IT	0
NTMT1	4.226330449
NTN1	29.07821273
NTN3	0.10405444
NTN4	14.88916584
NTN5	0.076815859
NTNG1	0.166633817
NTNG2	0.461676264
NTPCR	2.807262552
NTRK1	0.17478189
NTRK2	20.66270147
NTRK3	0.036186992
NTRK3-AS1	0
NTS	0.174862175
NTSR1	0.041072182
NTSR2	0
NUAK1	28.53510164
NUAK2	9.132365828
NUB1	13.9477969
NUBP1	6.692758076
NUBP2	5.247226816
NUBPL	1.903016528
NUCB1	109.6289724
NUCB1-AS1	0.02511877
NUCB2	6.002288505
NUCKS1	76.23302182
NUCKS1P1	0
NUDC	25.14221744
NUDCD1	6.799298434
NUDCD2	1.901868772
NUDCD3	10.41504222
NUDT1	7.955953269
NUDT10	0.714857685
NUDT11	4.058708719
NUDT12	0.745480031
NUDT13	0.534976987
NUDT14	5.653925672
NUDT15	8.419121988
NUDT16	5.256398283
NUDT16L1	5.038499686
NUDT16P1	0.639789841
NUDT17	2.061073127
NUDT18	3.679155931
NUDT19	8.031766838
NUDT19P3	0.039194333
NUDT19P4	0
NUDT19P5	0
NUDT2	8.094085431
NUDT21	31.1569271
NUDT22	4.130177848
NUDT3	3.192102388
NUDT4	3.093058209
NUDT4B	0
NUDT4P2	0
NUDT5	10.76479562
NUDT6	0.161718992
NUDT7	5.31869247
NUDT8	2.47023942
NUDT9	6.835342658
NUDT9P1	0.437976938
NUF2	3.086291387
NUFIP1	2.149122232
NUFIP1P	0.007353906
NUFIP2	11.09997046
NUGGC	0.609893119
NUMA1	13.00756121
NUMB	8.159342114
NUMBL	5.08799381
NUP107	7.461856612
NUP133	11.28071555
NUP153	19.16632114
NUP155	9.286134126
NUP160	9.945539047
NUP188	9.813267012
NUP205	8.353964109
NUP210	6.887163264
NUP210L	0.070182414
NUP210P1	0
NUP210P2	0
NUP210P3	0.084096087
NUP214	5.315810126
NUP35	2.838731395
NUP35P1	0.01148514
NUP35P2	0
NUP37	5.123631989
NUP43	5.538830417
NUP50	10.96403497
NUP50-AS1	2.119533556
NUP54	7.04745363
NUP58	4.558456576
NUP58P1	0
NUP62	23.20545385
NUP62CL	1.165123438
NUP85	6.05083737
NUP88	6.555851814
NUP93	10.53849233
NUP98	9.45661705
NUPL2	2.899716302
NUPR1	7.079070499
NUPR2	0.072148771
NUS1	7.117593569
NUS1P1	1.442791376
NUS1P2	0.523264544
NUS1P3	0
NUS1P4	0
NUSAP1	11.3909296
NUTF2	40.22463035
NUTF2P2	0
NUTF2P3	0
NUTF2P4	0.028547053
NUTF2P5	0
NUTF2P6	0.028250461
NUTF2P7	0
NUTF2P8	0.02996261
NUTM1	0.005184188
NUTM2A	0.027822423
NUTM2A-AS1	0.949365571
NUTM2B	0.019269261
NUTM2B-AS1	0.487983387
NUTM2D	0.115226288
NUTM2E	0.030003937
NUTM2F	0
NUTM2G	0.027845436
NUTM2HP	0.008708108
NVL	5.019020367
NWD1	0.053773978
NWD2	0.005225911
NXF1	11.2486912
NXF2	0
NXF2B	0
NXF3	0.154231811
NXF4	0
NXF5	0.00504005
NXN	33.14905673
NXNL1	0
NXNL2	0.044539014
NXNP1	0
NXPE1	0
NXPE2	0.011613911
NXPE2P1	0
NXPE3	2.51073955
NXPE4	0.025141996
NXPH1	0
NXPH2	0.041355237
NXPH3	0.306188375
NXPH4	1.95269811
NXT1	20.63906195
NXT1P1	0
NXT2	5.512758353
NYAP1	0.31543459
NYAP2	0.04055006
NYNRIN	6.613360005
NYX	0
OACYLP	0.037789229
OAF	11.46545296
OARD1	3.161383743
OAS1	9.581457482
OAS2	24.36083572
OAS3	27.71373258
OASL	3.748146114
OAT	32.56828658
OAZ1	75.62852182
OAZ2	10.15615288
OAZ3	0.205074049
OBP2A	0.095780671
OBP2B	0.009582755
OBSCN	0.826283755
OBSCN-AS1	0.143150126
OBSL1	12.04430504
OC90	0
Oca.02	0.270344662
OCEL1	4.491550855
OCIAD1	12.30692898
OCIAD1-AS1	0.328344975
OCIAD2	12.24309879
OCLM	0.30759127
OCLN	0.526045219
OCM	0.13072629
OCM2	0
OCRL	9.248445014
OCSTAMP	0.037266271
ODAM	0.369046509
ODAPH	0.254171621
ODC1	14.93676471
ODCP	0.072996156
ODF1	0
ODF2	5.721480526
ODF2-AS1	0.133617043
ODF2L	1.725577427
ODF3	0.003497244
ODF3B	4.982074911
ODF3L1	0.281914085
ODF3L2	0.043780903
ODF4	0.009408674
ODR4	6.301151957
OFCC1	0.149333098
OFD1	9.43380759
OFD1P10Y	0
OFD1P11Y	0
OFD1P12Y	0
OFD1P13Y	0
OFD1P15Y	0
OFD1P16Y	0
OFD1P17	0.010811558
OFD1P18Y	0
OFD1P1Y	0
OFD1P2Y	0
OFD1P3Y	0
OFD1P4Y	0
OFD1P5Y	0
OFD1P6Y	0
OFD1P7Y	0
OFD1P8Y	0
OFD1P9Y	0
OGDH	27.53761084
OGDHL	0.982374723
OGFOD1	16.98528527
OGFOD1P1	0.027327707
OGFOD2	0.42013977
OGFOD3	4.749821403
OGFR	10.52020233
OGFR-AS1	0.097692461
OGFRL1	3.55217314
OGFRP1	0.577177741
OGG1	1.662662366
OGN	0.694309722
OGT	9.599455809
OIP5	2.120727329
OIP5-AS1	6.82726893
OIT3	0.078181507
OLA1	7.877386197
OLA1P1	0.375049217
OLA1P2	0
OLA1P3	0.004256919
OLAH	0
OLFM1	10.78840797
OLFM2	20.87838984
OLFM3	0.31054711
OLFM4	0.533121393
OLFM5P	0.051512173
OLFML1	6.73604112
OLFML2A	17.50611438
OLFML2B	31.63559366
OLFML3	27.95206213
OLIG1	0.02388324
OLIG2	0.029202818
OLIG3	0.010616327
OLMALINC	1.155433868
OLR1	11.33895119
OMA1	1.641117728
OMD	5.955610047
OMG	0.255115574
OMP	0.02210656
ONECUT1	0.022600368
ONECUT2	0.170174482
ONECUT3	0.050995511
OOEP	0.014828122
OOEP-AS1	0
OOSP1	0
OOSP1P1	0
OOSP1P2	0
OOSP2	0
OPA1	12.65569133
OPA1-AS1	0.043768319
OPA3	3.769058964
OPALIN	0.005607851
OPCML	0.021514758
OPCML-IT1	0
OPCML-IT2	0
OPHN1	0.936346124
OPLAH	4.205518311
OPN1LW	0
OPN1MW	0
OPN1MW2	0
OPN1MW3	0
OPN1SW	4.376372662
OPN3	1.826430848
OPN4	0.013285538
OPN5	0.002141872
OPRD1	0.037244053
OPRK1	0.011373051
OPRL1	0.873424001
OPRM1	0
OPRPN	0
OPTC	0.016006516
OPTN	26.78886482
OR10A2	0
OR10A3	0.184519973
OR10A4	0
OR10A5	0
OR10A6	0.010559638
OR10A7	0
OR10AA1P	0.011607713
OR10AB1P	0.011595338
OR10AC1	0.077768122
OR10AD1	0.050006562
OR10AE1P	0
OR10AE3P	0.023190677
OR10AF1P	0
OR10AG1	0
OR10AK1P	0
OR10B1P	0
OR10C1	0
OR10D1P	0.023240229
OR10D3	0
OR10D4P	0
OR10D5P	0
OR10G1P	0
OR10G2	0
OR10G3	0
OR10G4	0
OR10G5P	0
OR10G6	0
OR10G7	0
OR10G8	0
OR10G9	0
OR10H1	0.019353073
OR10H2	0
OR10H3	0
OR10H4	0
OR10H5	0.009608151
OR10J1	0.009978374
OR10J2P	0
OR10J3	0
OR10J4	0
OR10J5	0
OR10J6P	0
OR10J7P	0
OR10J8P	0
OR10J9P	0
OR10K1	0
OR10K2	0
OR10N1P	0
OR10P1	0
OR10Q1	0.010488358
OR10Q2P	0.011570667
OR10R1P	0
OR10R2	0
OR10R3P	0
OR10S1	0
OR10T1P	0
OR10T2	0
OR10U1P	0
OR10V1	0
OR10V2P	0.028472323
OR10V3P	0.015001969
OR10W1	0
OR10X1	0
OR10Y1P	0.011166763
OR10Z1	0
OR11A1	0.00759527
OR11G1P	0
OR11G2	0
OR11H1	0
OR11H12	0.010024357
OR11H13P	0.022219463
OR11H2	0
OR11H3P	0
OR11H4	0
OR11H5P	0
OR11H6	0
OR11H7	0.092565339
OR11I1P	0
OR11J2P	0
OR11J5P	0
OR11K1P	0
OR11K2P	0
OR11L1	0
OR11M1P	0.012152433
OR11N1P	0.089255558
OR11Q1P	0
OR12D1	0
OR12D2	0
OR12D3	0
OR13A1	0.075044347
OR13C1P	0
OR13C2	0
OR13C3	0
OR13C4	0
OR13C5	0
OR13C6P	0
OR13C7	0
OR13C8	0
OR13C9	0
OR13D1	0
OR13D2P	0
OR13D3P	0
OR13E1P	0
OR13F1	0
OR13G1	0
OR13H1	0.023465863
OR13I1P	0
OR13J1	0.008122799
OR13K1P	0.01115531
OR13Z1P	0.01304128
OR13Z2P	0
OR13Z3P	0.02781695
OR14A16	0
OR14A2	0
OR14C36	0
OR14I1	0
OR14J1	0
OR14K1	0.011509447
OR14L1P	0.023440576
OR1A1	0
OR1A2	0
OR1AA1P	0.011873829
OR1AB1P	0
OR1AC1P	0
OR1B1	0
OR1C1	0
OR1D2	0
OR1D3P	0
OR1D4	0
OR1D5	0
OR1E1	0
OR1E2	0
OR1E3	0
OR1F1	0.046184405
OR1F12	0
OR1F2P	0.011657478
OR1G1	0.065389342
OR1H1P	0
OR1I1	0
OR1J1	0.022448766
OR1J2	0.011546101
OR1J4	0.011546101
OR1K1	0
OR1L1	0
OR1L3	0
OR1L4	0
OR1L6	0
OR1L8	0.046780332
OR1M1	0
OR1M4P	0
OR1N1	0
OR1N2	0
OR1P1	0.065652479
OR1Q1	0
OR1S1	0
OR1S2	0
OR1X1P	0
OR1X5P	0
OR2A1	0
OR2A12	0
OR2A13P	0.035085249
OR2A14	0.007648683
OR2A15P	0
OR2A1-AS1	0.695680475
OR2A2	0
OR2A20P	0
OR2A25	0.01072626
OR2A3P	0
OR2A4	0
OR2A41P	0
OR2A42	0
OR2A5	0.010736848
OR2A7	0.701704987
OR2A9P	0.026074743
OR2AD1P	0
OR2AE1	0.020310789
OR2AF1P	0.024468903
OR2AG1	0
OR2AG2	0
OR2AH1P	0
OR2AI1P	0
OR2AJ1	0
OR2AK2	0
OR2AL1P	0
OR2AM1P	0.025773524
OR2AO1P	0
OR2AP1	0
OR2AQ1P	0
OR2AS1P	0
OR2AS2P	0
OR2AT1P	0
OR2AT2P	0
OR2AT4	0
OR2B11	0
OR2B2	0
OR2B3	0
OR2B4P	0
OR2B6	0.10391491
OR2B7P	0.011644997
OR2B8P	0
OR2BH1P	0
OR2C1	0.077357235
OR2C3	0.00386374
OR2D2	0
OR2D3	0.010164885
OR2E1P	0
OR2F1	0
OR2F2	0
OR2G1P	0
OR2G2	0
OR2G3	0
OR2G6	0
OR2H1	0.005866466
OR2H2	0.013732863
OR2H4P	0
OR2H5P	0
OR2I1P	31.24104592
OR2J1	0
OR2J2	0
OR2J3	0
OR2J4P	0
OR2K2	0
OR2L13	0
OR2L1P	0
OR2L2	0
OR2L3	0
OR2L5	0
OR2L6P	0
OR2L8	0
OR2L9P	0
OR2M1P	0
OR2M2	0
OR2M3	0
OR2M4	0
OR2M5	0
OR2M7	0
OR2N1P	0
OR2P1P	0
OR2Q1P	0
OR2R1P	0.023799622
OR2S1P	0.045795483
OR2S2	0
OR2T1	0
OR2T10	0
OR2T11	0
OR2T12	0
OR2T2	0
OR2T27	0
OR2T29	0
OR2T3	0
OR2T32P	0
OR2T33	0
OR2T34	0
OR2T35	0
OR2T4	0
OR2T5	0
OR2T6	0
OR2T7	0
OR2T8	0
OR2U1P	0
OR2U2P	0
OR2V1	0.011473025
OR2V2	0.011473025
OR2W1	0.010580182
OR2W2P	0
OR2W3	0.080566128
OR2W4P	0
OR2W5	0
OR2W6P	0.046331959
OR2X1P	0
OR2Y1	0
OR2Z1	0
OR3A1	0
OR3A2	0
OR3A3	0.011259242
OR3A4P	0
OR3B1P	0
OR3D1P	0
OR4A11P	0
OR4A12P	0
OR4A13P	0
OR4A15	0
OR4A16	0
OR4A17P	0
OR4A18P	0
OR4A19P	0
OR4A1P	0
OR4A21P	0
OR4A2P	0
OR4A3P	0
OR4A40P	0
OR4A41P	0
OR4A42P	0
OR4A43P	0
OR4A44P	0
OR4A45P	0
OR4A46P	0
OR4A47	0.010222206
OR4A48P	0
OR4A49P	0
OR4A4P	0
OR4A5	0.011473025
OR4A50P	0
OR4A6P	0
OR4A7P	0
OR4A8	0
OR4A9P	0
OR4B1	0
OR4B2P	0
OR4C10P	0
OR4C11	0
OR4C12	0
OR4C13	0
OR4C14P	0
OR4C15	0
OR4C16	0
OR4C1P	0
OR4C2P	0
OR4C3	0
OR4C45	0
OR4C46	0
OR4C49P	0
OR4C4P	0
OR4C5	0
OR4C50P	0
OR4C6	0.081865582
OR4C7P	0
OR4C9P	0
OR4D1	0
OR4D10	0
OR4D11	0
OR4D12P	0
OR4D2	0
OR4D5	0
OR4D6	0
OR4D7P	0
OR4D8P	0
OR4D9	0
OR4E1	0
OR4E2	0
OR4F13P	0
OR4F14P	0
OR4F15	0
OR4F16	0
OR4F17	0
OR4F1P	0
OR4F21	0
OR4F28P	0
OR4F29	0
OR4F2P	0
OR4F3	0
OR4F4	0
OR4F5	0
OR4F6	0
OR4F7P	0
OR4F8P	0
OR4G11P	0
OR4G1P	0
OR4G2P	0
OR4G4P	0
OR4H12P	0
OR4K1	0
OR4K11P	0
OR4K12P	0
OR4K13	0
OR4K14	0
OR4K15	0
OR4K16P	0
OR4K17	0
OR4K2	0
OR4K3	0
OR4K4P	0
OR4K5	0
OR4K6P	0
OR4K7P	0
OR4K8P	0
OR4L1	0
OR4M1	0
OR4M2	0
OR4N1P	0
OR4N2	0
OR4N3P	0
OR4N4	0
OR4N5	0
OR4P1P	0
OR4P4	0
OR4Q2	0
OR4Q3	0
OR4R1P	0
OR4R2P	0
OR4R3P	0
OR4S1	0
OR4S2	0
OR4T1P	0
OR4U1P	0
OR4V1P	0
OR4X1	0
OR4X2	0
OR4X7P	0
OR51A10P	0
OR51A1P	0
OR51A2	0
OR51A3P	0
OR51A4	0
OR51A5P	0
OR51A6P	0
OR51A7	0
OR51A8P	0
OR51A9P	0
OR51AB1P	0
OR51B2	0
OR51B3P	0
OR51B4	0
OR51B5	0.003925091
OR51B5	0
OR51B6	0
OR51B8P	0.014143599
OR51C1P	0
OR51C4P	0
OR51D1	0
OR51E1	0.19260967
OR51E2	0.087102308
OR51F1	0
OR51F2	0
OR51F3P	0
OR51F4P	0
OR51G1	0
OR51G2	0
OR51H1	0
OR51H2P	0
OR51I1	0
OR51I2	0
OR51J1	0
OR51K1P	0
OR51L1	0
OR51M1	0
OR51N1P	0
OR51P1P	0
OR51Q1	0
OR51R1P	0
OR51S1	0
OR51T1	0
OR51V1	0
OR52A1	0
OR52A4P	0
OR52A5	0
OR52B1P	0
OR52B2	0
OR52B3P	0.011720288
OR52B4	0
OR52B5P	0.011436832
OR52B6	0
OR52D1	0
OR52E1	0
OR52E2	0
OR52E3P	0
OR52E4	0
OR52E5	0.008277342
OR52E6	0
OR52E7P	0
OR52E8	0.051255548
OR52H1	0
OR52H2P	0.024116247
OR52I1	0
OR52I2	0
OR52J1P	0
OR52J2P	0
OR52J3	0
OR52K1	0.010559638
OR52K2	0.010193465
OR52K3P	0.219143286
OR52L1	0
OR52L2P	0
OR52M1	0
OR52M2P	0
OR52N1	0
OR52N2	0
OR52N3P	0
OR52N4	0.073418506
OR52N5	0.010518788
OR52P1P	0.011294317
OR52P2P	0
OR52Q1P	0
OR52R1	0
OR52S1P	0
OR52T1P	0.01158299
OR52U1P	0.011783778
OR52V1P	0.012111834
OR52W1	0
OR52X1P	0
OR52Y1P	0
OR52Z1	0
OR55B1P	0
OR56A1	0
OR56A3	0
OR56A4	0.008996218
OR56A5	0.022994561
OR56A7P	0
OR56B1	0
OR56B2P	0.011400867
OR56B3P	0
OR56B4	0.094413431
OR5A1	0
OR5A2	0
OR5AC1	0
OR5AC2	0
OR5AC4P	0
OR5AH1P	0
OR5AK1P	0
OR5AK2	0.010920108
OR5AK3P	0
OR5AL1	0
OR5AL2P	0
OR5AM1P	0
OR5AN1	0
OR5AN2P	0
OR5AO1P	0
OR5AP1P	0
OR5AP2	0
OR5AQ1P	0
OR5AR1	0
OR5AS1	0
OR5AU1	0
OR5AW1P	0.010811558
OR5AZ1P	0
OR5B10P	0
OR5B12	0.010319191
OR5B15P	0
OR5B17	0
OR5B19P	0
OR5B1P	0
OR5B2	0
OR5B21	0
OR5B3	0
OR5BA1P	0.044303166
OR5BB1P	0
OR5BC1P	0
OR5BD1P	0
OR5BE1P	0
OR5BH1P	0.153855881
OR5BJ1P	0
OR5BK1P	0.118940274
OR5BL1P	0
OR5BM1P	0
OR5BN1P	0
OR5BN2P	0
OR5BP1P	0
OR5BQ1P	0
OR5BR1P	0
OR5BS1P	0.011620115
OR5BT1P	0
OR5C1	0
OR5D13	0
OR5D14	0
OR5D15P	0
OR5D16	0
OR5D17P	0
OR5D18	0
OR5D2P	0
OR5E1P	0.234658626
OR5F1	0
OR5F2P	0
OR5G1P	0
OR5G3	0
OR5G4P	0
OR5G5P	0.007752265
OR5H1	0
OR5H14	0
OR5H15	0
OR5H2	0
OR5H3P	0
OR5H4P	0
OR5H5P	0
OR5H6	0
OR5H7P	0
OR5H8	0.011682521
OR5I1	0
OR5J1P	0
OR5J2	0
OR5J7P	0
OR5K1	0
OR5K2	0.020521561
OR5K3	0
OR5K4	0
OR5L1	0
OR5L2	0
OR5M1	0
OR5M10	0
OR5M11	0.03554388
OR5M12P	0
OR5M13P	0
OR5M14P	0
OR5M2P	0
OR5M3	0
OR5M4P	0
OR5M5P	0.011620115
OR5M6P	0
OR5M7P	0
OR5M8	0
OR5M9	0
OR5P1P	0
OR5P2	0.010174394
OR5P3	0.011620115
OR5P4P	0
OR5R1	0
OR5S1P	0
OR5T1	0
OR5T2	0
OR5T3	0
OR5V1	0
OR5W1P	0
OR5W2	0
OR6A2	0
OR6B1	0
OR6B2	0
OR6B3	0
OR6C1	0
OR6C2	0
OR6C3	0
OR6C4	0
OR6C5P	0
OR6C6	0
OR6C64P	0
OR6C65	0
OR6C66P	0.011695083
OR6C68	0
OR6C69P	0
OR6C70	0
OR6C71P	0
OR6C72P	0
OR6C73P	0
OR6C74	0
OR6C75	0
OR6C76	0
OR6C7P	0
OR6D1P	0
OR6E1P	0.047135113
OR6F1	0
OR6J1	0
OR6K1P	0
OR6K2	0
OR6K3	0
OR6K4P	0
OR6K5P	0
OR6K6	0
OR6L1P	0
OR6L2P	0.0117583
OR6M1	0
OR6M2P	0
OR6M3P	0
OR6N1	0
OR6N2	0
OR6P1	0
OR6Q1	0
OR6R1P	0
OR6R2P	0
OR6S1	0
OR6T1	0.009987537
OR6V1	0
OR6W1P	0
OR6X1	0
OR6Y1	0
OR7A10	0
OR7A11P	0
OR7A15P	0
OR7A17	0
OR7A18P	0
OR7A19P	0
OR7A1P	0.179281769
OR7A2P	0
OR7A3P	0
OR7A5	0.327875667
OR7A8P	0
OR7C1	0.153045412
OR7C2	0
OR7D1P	0
OR7D2	0.003373582
OR7D4	0
OR7E100P	0.010715692
OR7E101P	0
OR7E102P	0.042862768
OR7E105P	0.010953099
OR7E106P	0.02130544
OR7E108P	0.065851225
OR7E109P	0
OR7E10P	0
OR7E110P	0
OR7E111P	0
OR7E115P	0
OR7E116P	0.068190767
OR7E117P	0
OR7E11P	0.045699274
OR7E121P	0
OR7E122P	0
OR7E125P	0
OR7E126P	0.195971663
OR7E128P	0.127458132
OR7E129P	0
OR7E12P	0.033534719
OR7E130P	0
OR7E136P	0.010715692
OR7E13P	0
OR7E140P	0
OR7E145P	0
OR7E148P	0
OR7E149P	0
OR7E14P	0.325498919
OR7E154P	0
OR7E155P	0
OR7E156P	0
OR7E157P	0
OR7E158P	0
OR7E159P	0
OR7E15P	0
OR7E160P	0
OR7E161P	0
OR7E162P	0.0105699
OR7E163P	0
OR7E16P	0
OR7E18P	0
OR7E19P	0
OR7E1P	0.022706529
OR7E21P	0
OR7E22P	0.033025589
OR7E23P	0
OR7E24	0
OR7E25P	0.011952118
OR7E26P	0
OR7E28P	0.892424804
OR7E29P	0.023983302
OR7E2P	0
OR7E31P	0
OR7E33P	0.011259242
OR7E35P	0
OR7E36P	0.011400867
OR7E37P	0
OR7E38P	3.533458614
OR7E39P	0
OR7E41P	0
OR7E43P	0
OR7E46P	0
OR7E47P	0.656919955
OR7E47P	0
OR7E4P	0
OR7E53P	0
OR7E55P	0.012152433
OR7E59P	0
OR7E5P	0
OR7E62P	0.319224281
OR7E66P	0
OR7E7P	0.19345424
OR7E83P	0
OR7E85P	0
OR7E86P	0
OR7E87P	0
OR7E89P	0.11908497
OR7E8P	0.010876427
OR7E90P	0.0105699
OR7E91P	0.125593849
OR7E93P	0
OR7E94P	0
OR7E96P	0
OR7E97P	0
OR7E99P	0
OR7G1	0
OR7G15P	0
OR7G2	0
OR7G3	0
OR7H1P	0
OR7H2P	0
OR7K1P	0
OR7L1P	0.028622177
OR7M1P	0.061218165
OR8A1	0
OR8A2P	0
OR8A3P	0
OR8B10P	0
OR8B12	0
OR8B1P	0
OR8B2	0
OR8B3	0
OR8B4	0
OR8B5P	0
OR8B6P	0
OR8B7P	0
OR8B8	0
OR8B9P	0
OR8C1P	0
OR8D1	0
OR8D2	0
OR8D4	0
OR8F1P	0
OR8G1	0
OR8G2P	0
OR8G3P	0
OR8G5	0.010448057
OR8G7P	0
OR8H1	0
OR8H2	0
OR8H3	0
OR8I1P	0
OR8I2	0
OR8I4P	0
OR8J1	0
OR8J2	0
OR8J3	0
OR8K1	0
OR8K2P	0
OR8K3	0
OR8K4P	0
OR8K5	0
OR8L1P	0
OR8Q1P	0
OR8R1P	0
OR8S21P	0
OR8T1P	0.1777194
OR8U1	0
OR8V1P	0
OR8X1P	0
OR9A1P	0
OR9A2	0
OR9A3P	0
OR9A4	0.029852957
OR9G1	0
OR9G2P	0
OR9G3P	0
OR9G4	0
OR9H1P	0
OR9I1	0
OR9I2P	0
OR9I3P	0.011546101
OR9K1P	0.115583712
OR9K2	0.009693785
OR9L1P	0
OR9M1P	0
OR9N1P	0.014960698
OR9P1P	0
OR9Q1	0.004371554
OR9Q2	0
OR9R1P	0
OR9S24P	0
ORAI1	8.746340077
ORAI2	3.172903541
ORAI3	2.662523065
ORAOV1	1.528115929
ORAOV1P1	0.082605777
ORC1	2.136010429
ORC2	4.123163184
ORC3	4.499167269
ORC4	3.662482866
ORC5	3.110471287
ORC6	2.900212338
ORM1	6.289254852
ORM2	1.960619131
ORMDL1	5.751481135
ORMDL2	9.24689851
ORMDL3	17.65970019
OS9	67.25962441
OSBP	11.16754798
OSBP2	1.066539214
OSBPL10	3.528299937
OSBPL10-AS1	0.028287197
OSBPL11	7.105621078
OSBPL1A	4.414565854
OSBPL2	4.627695057
OSBPL3	3.657702217
OSBPL5	3.159787143
OSBPL6	0.528386421
OSBPL7	1.133650745
OSBPL8	12.48223163
OSBPL9	6.498673876
OSBPL9P1	0
OSBPL9P2	0
OSBPL9P3	0
OSBPL9P4	0
OSBPL9P5	0
OSCAR	4.764960711
OSCP1	1.065016016
OSER1	25.1136198
OSER1-AS1	3.30372723
OSGEP	4.517269388
OSGEPL1	1.214225766
OSGEPL1-AS1	0.050588034
OSGIN1	1.549733716
OSGIN2	3.954642012
OSM	3.040666288
OSMR	41.76827043
OSMR-AS1	0.346330513
OSR1	0.4404656
OSR2	1.911726982
OST4	125.9033441
OSTC	50.30599861
OSTCP1	0.017742948
OSTCP2	0.024496458
OSTCP4	0.024223669
OSTCP5	0
OSTCP6	0
OSTCP8	0
OSTF1	28.69595678
OSTF1P1	0
OSTM1	7.240738924
OSTM1-AS1	0
OSTN	0.013515287
OSTN-AS1	0.063357829
OTC	0.013724198
OTOA	0.039226954
OTOF	0.038622697
OTOG	0.029453394
OTOGL	0.107725951
OTOL1	0
OTOP1	0
OTOP2	0.003915201
OTOP3	0
OTOR	0
OTOS	0.354116238
OTP	0.004887184
OTUB1	19.9693325
OTUB2	0.705995751
OTUD1	5.147112543
OTUD3	1.117055855
OTUD4	7.349519777
OTUD4P1	0.021277654
OTUD5	18.10719244
OTUD6A	0
OTUD6B	4.424958352
OTUD6B-AS1	3.23451083
OTUD7A	0.112323721
OTUD7B	3.471846342
OTULIN	5.487456818
OTX1	3.990048748
OTX2	0.013296366
OTX2-AS1	0.00348827
OTX2P1	0
OVAAL	0
OVCA2	0
OVCH1	0.085186773
OVCH1-AS1	0.029539455
OVCH2	0.343795116
OVGP1	0.173717771
OVOL1	0.830779326
OVOL1-AS1	0.015877996
OVOL2	2.70535502
OVOL3	0.312541014
OXA1L	17.55900871
OXCT1	8.360896902
OXCT1-AS1	0.142209945
OXCT2	0.12508487
OXCT2P1	0.148798028
OXER1	0.848862097
OXGR1	0.298600674
OXLD1	5.451809183
OXNAD1	1.466845486
OXR1	5.745698283
OXSM	2.78692043
OXSR1	10.58996995
OXT	0.127209676
OXTR	0.780674002
P2RX1	0.791760073
P2RX2	0.066285997
P2RX3	0.01248251
P2RX4	2.424834079
P2RX5	0.267368022
P2RX5-TAX1BP3	0.075517954
P2RX6	0.04139021
P2RX6P	0
P2RX7	1.914062936
P2RY1	3.157984449
P2RY10	2.153568799
P2RY10BP	0
P2RY11	1.445451122
P2RY12	0.468054967
P2RY13	3.061454572
P2RY14	0.792066642
P2RY2	1.334367697
P2RY4	0.054552613
P2RY6	2.333398512
P2RY8	2.190408547
P3H1	12.65755077
P3H2	34.04389661
P3H2-AS1	0.238387448
P3H3	12.38461261
P3H4	14.33710871
P4HA1	46.70217618
P4HA2	16.89671274
P4HA2-AS1	0.168526287
P4HA3	2.938181782
P4HA3-AS1	0
P4HB	244.6611608
P4HTM	1.440510983
PA2G4	31.45709249
PA2G4P1	0.018172811
PA2G4P2	0.018127379
PA2G4P3	0.009507367
PA2G4P4	0.092017151
PA2G4P6	0.072691243
PAAF1	2.565285612
PABPC1	242.4948904
PABPC1L	2.230278631
PABPC1L2A	0
PABPC1L2B	0
PABPC1L2B-AS1	0
PABPC1P1	0.165630873
PABPC1P10	0.114188213
PABPC1P11	0
PABPC1P12	0
PABPC1P13	0
PABPC1P2	0.006025721
PABPC1P3	0.473918401
PABPC1P4	0.823708094
PABPC1P5	0
PABPC1P6	0
PABPC1P7	0.00718865
PABPC1P8	0
PABPC1P9	0
PABPC3	0.183039963
PABPC4	18.8212549
PABPC4L	1.062563589
PABPC5	0.204918195
PABPC5-AS1	0
PABPN1	10.98586503
PABPN1L	0.04138671
PACERR	0.382322899
PACRG	0.229021249
PACRG-AS1	0.019847495
PACRG-AS2	0
PACRG-AS3	0.002435385
PACRGL	1.696744239
PACS1	15.43785913
PACS2	3.541898916
PACSIN1	0.269252101
PACSIN2	18.89504223
PACSIN3	7.943902205
PADI1	0.035493134
PADI2	0.896069294
PADI3	0.375166824
PADI4	0.091521603
PADI6	0
PAEP	0.112205233
PAEPP1	0
PAF1	25.06714822
PAFAH1B1	22.20252601
PAFAH1B2	19.18225755
PAFAH1B3	18.22702193
PAFAH2	2.92685084
PAG1	2.289150987
PAGE1	0
PAGE2	0
PAGE2B	0.021452519
PAGE3	0
PAGE4	0
PAGE5	0.011835068
PAGR1	2.690350113
PAH	0.045489031
PAICS	13.70803142
PAICSP1	0.080433727
PAICSP2	0
PAICSP3	0
PAICSP4	0.034721236
PAICSP5	0
PAICSP6	0
PAICSP7	0
PAIP1	27.17663477
PAIP1P1	0.10849304
PAIP2	19.0664666
PAIP2B	1.134585106
PAK1	12.20770614
PAK1IP1	13.38404804
PAK2	46.73914786
PAK3	0.06961251
PAK4	6.938595011
PAK5	0.36409221
PAK6	0.074115348
PALB2	2.772377718
PALD1	2.760296368
PALLD	48.33633124
PALM	3.694140079
PALM2	0.224437707
PALM2-AKAP2	0.169716286
PALM3	0.656965407
PALMD	3.492225019
PAM	21.44793102
PAM16	1.045195909
PAMR1	1.855440225
PAN2	3.687658048
PAN3	4.314955414
PAN3-AS1	0.25762078
PANCR	0
PANDAR	0
PANK1	1.161974951
PANK2	5.139428545
PANK3	8.227225677
PANK4	3.248580471
PANO1	0.168325661
PANX1	18.2884238
PANX2	1.006297432
PANX3	0.006524551
PAOX	1.843786094
PAPD4	5.556693249
PAPD5	3.284029313
PAPD7	9.712668448
PAPLN	17.25620982
PAPOLA	10.33371351
PAPOLB	0.002551954
PAPOLG	6.028670206
PAPPA	2.137129152
PAPPA2	0.030848055
PAPPA-AS1	0
PAPPA-AS2	0.005866466
PAPSS1	22.88803088
PAPSS2	18.78268158
PAQR3	1.216286758
PAQR4	4.267131302
PAQR5	0.929668914
PAQR6	0.4191817
PAQR7	5.317804308
PAQR8	1.894825479
PAQR9	0.020871053
PAQR9-AS1	0.007380521
PARAL1	0.272960531
PARD3	11.19872892
PARD3-AS1	0.1800733
PARD3B	1.586101997
PARD6A	0.986772638
PARD6B	1.224346027
PARD6G	7.974501738
PARD6G-AS1	0.199089103
PARG	4.839151315
PARGP1	0.494075415
PARK7	42.53921815
PARL	34.46340901
PARM1	15.53034553
PARN	10.23853551
PARP1	42.41943189
PARP10	7.454670458
PARP11	3.952353339
PARP12	5.802491763
PARP14	13.24343634
PARP15	0.592505573
PARP16	2.971621455
PARP1P1	0.025160275
PARP1P2	0
PARP2	3.876851527
PARP3	4.190099041
PARP4	12.80305759
PARP4P1	0.009308025
PARP4P2	0.032701225
PARP4P3	0
PARP6	4.092792808
PARP8	2.255106495
PARP9	11.29624912
PARPBP	1.501382483
PARS2	2.191968518
PART1	0.02007544
PARVA	34.87302039
PARVB	4.821887666
PARVG	2.536911589
PASD1	0
PASK	1.201027907
PATE1	0.004632209
PATE2	0
PATE3	0
PATE4	0.003773916
PATJ	3.312574001
PATL1	13.05272972
PATL2	0.266724375
PATZ1	8.184544975
PAUPAR	0
PAWR	7.389221733
PAWRP1	0
PAX1	0.066874702
PAX2	0.019163976
PAX3	0.485953043
PAX4	0
PAX5	0.431188053
PAX6	0.58421616
PAX7	0.003445724
PAX8	1.394828312
PAX8-AS1	2.342033467
PAX9	0.762341135
PAXBP1	3.254482821
PAXBP1-AS1	0.419358047
PAXBP1P1	0
PAXIP1	2.26596935
PAXIP1-AS1	1.051002283
PAXIP1-AS2	0.90697847
PAXX	6.023010581
PBDC1	18.32057654
PBK	6.420357545
PBLD	1.789605497
PBOV1	0
PBRM1	6.431895944
PBX1	6.378748975
PBX2	16.76281785
PBX2P1	0.101097698
PBX3	2.850589358
PBX4	0.511030257
PBXIP1	41.14175966
PC	3.018681104
PCA3	0.008319552
PCAT1	0.202024352
PCAT14	0.004429414
PCAT18	0.004186462
PCAT19	0.57966541
PCAT2	0
PCAT4	0
PCAT5	0.024510259
PCAT6	7.589057698
PCAT7	1.551105611
PCBD1	12.89132926
PCBD2	0.89183367
PCBP1	103.4192858
PCBP1-AS1	0.322650527
PCBP2	30.95376868
PCBP2P1	0.077927319
PCBP2P3	0
PCBP3	0.552741692
PCBP4	4.334636923
PCCA	2.97334838
PCCA-AS1	0.012902049
PCCB	2.433189059
PCDH1	2.819063826
PCDH10	0.027830638
PCDH11X	0.001868
PCDH11Y	0
PCDH12	1.956800043
PCDH15	0.060908559
PCDH17	3.041114911
PCDH18	4.722445176
PCDH19	3.823918166
PCDH20	0.01593449
PCDH7	10.41114459
PCDH8	0.002111928
PCDH8P1	0
PCDH9	0.04534188
PCDH9-AS1	0
PCDH9-AS2	0
PCDH9-AS3	0
PCDH9-AS4	0
PCDHA1	0.046654916
PCDHA10	1.831789253
PCDHA11	0.045001131
PCDHA12	0.093727921
PCDHA13	0.018283124
PCDHA14	0
PCDHA2	0.050303925
PCDHA3	0.077272205
PCDHA4	0.035607351
PCDHA5	0.033635283
PCDHA6	0.051429381
PCDHA7	0.052615751
PCDHA8	0.087297118
PCDHA9	0.064772768
PCDHAC1	0.111223727
PCDHAC2	0.144605871
PCDHB1	0.003974334
PCDHB10	1.682159307
PCDHB11	1.295429645
PCDHB12	1.307978096
PCDHB13	1.394744382
PCDHB14	3.908575261
PCDHB15	0.823110256
PCDHB16	0.70900126
PCDHB17P	0.046116619
PCDHB18P	0.231340962
PCDHB19P	0.108344873
PCDHB2	0.432315578
PCDHB3	0.108268044
PCDHB4	0.56585857
PCDHB5	13.8891466
PCDHB6	0.546152504
PCDHB7	0.690429249
PCDHB8	0.198474951
PCDHB9	3.205035541
PCDHGA1	0.45753365
PCDHGA10	0.425691871
PCDHGA11	0.132821868
PCDHGA12	0.72961288
PCDHGA2	0.187636164
PCDHGA3	0.111530222
PCDHGA4	0.289325874
PCDHGA5	0.149875764
PCDHGA6	0.272254438
PCDHGA7	0.121892718
PCDHGA8	0.022604283
PCDHGA9	0.602337414
PCDHGB1	0.059247247
PCDHGB2	0.727527848
PCDHGB3	0.112033832
PCDHGB4	0.108669778
PCDHGB5	0.55604081
PCDHGB6	0.299895592
PCDHGB7	0.987770582
PCDHGB8P	0.015142955
PCDHGB9P	0.037880461
PCDHGC3	17.08752403
PCDHGC4	0.043733121
PCDHGC5	0.353102449
PCED1A	13.83132168
PCED1B	5.205562797
PCED1B-AS1	2.423628204
PCED1CP	0
PCF11	4.53703645
PCF11-AS1	0
PCGEM1	0
PCGF1	3.83095157
PCGF2	9.55056262
PCGF3	5.456524132
PCGF5	5.292862887
PCGF6	4.016744103
PCGF7P	0.020697293
PCID2	3.388539339
PCIF1	16.64745489
PCK1	0.009570108
PCK2	5.810800738
PCLAF	4.278915827
PCLO	0.112221258
PCM1	6.477667292
PCMT1	12.79285993
PCMTD1	6.768247876
PCMTD1P1	0
PCMTD1P2	0
PCMTD1P3	0.046086556
PCMTD2	10.89819103
PCNA	90.60485391
PCNAP1	0
PCNAP3	0
PCNAP4	0
PCNP	27.72752646
PCNPP1	0.170276748
PCNPP2	0
PCNPP3	0.254014226
PCNPP4	0
PCNPP5	0.04522423
PCNT	3.869247035
PCNX1	5.47953301
PCNX2	0.897511916
PCNX3	11.36622125
PCNX4	2.784487761
PCOLCE	37.39926657
PCOLCE2	3.172291295
PCOLCE-AS1	0.076396347
PCOTH	0.126891652
PCP2	0.081675299
PCP4	0.363858779
PCP4L1	1.573415747
PCSK1	0.262329507
PCSK1N	0.231413347
PCSK2	0.559341556
PCSK4	0.430238422
PCSK5	1.963835043
PCSK6	1.184643125
PCSK6-AS1	0.034042026
PCSK7	1.490796675
PCSK9	6.572585056
PCTP	2.129042146
PCYOX1	16.28684769
PCYOX1L	1.175636234
PCYT1A	15.37259892
PCYT1B	0.532563137
PCYT1B-AS1	0
PCYT2	2.903219176
PDAP1	84.51906258
PDC	0.032491194
PDCD1	1.255368146
PDCD10	11.67015741
PDCD11	11.72656257
PDCD1LG2	4.893242556
PDCD2	4.030794551
PDCD2L	3.73188386
PDCD4	31.39022552
PDCD4-AS1	1.733517975
PDCD5	19.60460331
PDCD5P1	0.035198794
PDCD5P2	0
PDCD6	10.78362306
PDCD6IP	16.67927443
PDCD6IPP1	0.01695468
PDCD6IPP2	0.062222124
PDCD7	6.783184048
PDCL	7.52744158
PDCL2	0
PDCL2P1	0
PDCL2P2	0.057547234
PDCL3	12.95548221
PDCL3P1	0
PDCL3P3	0.076058932
PDCL3P4	0.271910682
PDCL3P5	0.090385822
PDCL3P6	0.015405704
PDCL3P7	0
PDE10A	0.724918988
PDE11A	0.013053801
PDE12	2.607570868
PDE1A	0.517843185
PDE1B	0.555385957
PDE1C	0.173128862
PDE2A	1.246351945
PDE3A	1.104738329
PDE3B	1.348985431
PDE4A	3.840953185
PDE4B	2.074876054
PDE4C	0.152973661
PDE4D	1.500877539
PDE4DIP	2.637699977
PDE4DIPP1	0.013255853
PDE5A	3.299090224
PDE6A	0.124679207
PDE6B	0.481163221
PDE6C	0.029573367
PDE6D	6.95328089
PDE6G	0.632110746
PDE6H	0
PDE7A	13.50581275
PDE7B	0.523151397
PDE8A	2.609459859
PDE8B	0.714235433
PDE9A	2.505337317
PDF	1.596712125
PDGFA	11.79087517
PDGFB	17.5711705
PDGFC	13.84396316
PDGFD	0.971382747
PDGFRA	7.398473973
PDGFRB	41.18321021
PDGFRL	7.910128943
PDHA1	15.64530372
PDHA1P1	0.020329771
PDHA2	0
PDHB	11.17387464
PDHX	9.328850541
PDIA2	0.149986319
PDIA3	115.8262551
PDIA3P1	3.111666617
PDIA3P2	0
PDIA4	134.1116258
PDIA5	12.86009332
PDIA6	73.5358936
PDIK1L	1.940249103
PDILT	0.004778747
PDK1	2.523436367
PDK2	4.738717093
PDK3	3.955064472
PDK4	4.847338919
PDLIM1	108.6962649
PDLIM1P1	0.022448766
PDLIM1P2	0
PDLIM1P3	0
PDLIM1P4	0.335158296
PDLIM2	2.455712557
PDLIM3	6.395582619
PDLIM4	14.19523688
PDLIM5	11.82872765
PDLIM7	25.4819859
PDP1	19.29920403
PDP2	4.260064063
PDPK1	2.131286001
PDPK2P	0.054062675
PDPN	70.06449524
PDPR	10.35171954
PDRG1	9.210668162
PDS5A	8.171579965
PDS5B	2.938084243
PDSS1	2.403384446
PDSS1P1	0
PDSS1P2	0
PDSS2	2.698329136
PDX1	0.221790401
PDXDC1	8.200664365
PDXDC2P	0.028125228
PDXK	11.30008934
PDXP	0.266603302
PDYN	0.007640623
PDYN-AS1	0.01810726
PDZD11	20.8393284
PDZD2	4.993894697
PDZD3	0.002842024
PDZD4	0.556223649
PDZD7	0.138267586
PDZD8	5.040295577
PDZD9	0.024514862
PDZK1	0.118412717
PDZK1IP1	7.896376981
PDZPH1P	0
PDZRN3	6.414894131
PDZRN3-AS1	0
PDZRN4	1.140767887
PEA15	84.75550937
PEAK1	3.449478886
PEAK3	0.308461225
PEAR1	1.516406048
PEBP1	66.01013713
PEBP1P1	0
PEBP1P2	0.019491805
PEBP1P3	0.03969499
PEBP4	4.100143022
PECAM1	26.43060146
PECR	1.623602441
PEF1	21.2644654
PEG10	2.104065918
PEG3	0.296587207
PELI1	28.25498059
PELI2	3.149624853
PELI3	3.01415
PELO	5.201878312
PELP1	10.67632882
PEMT	7.461735006
PENK	12.1356374
PEPD	15.3112467
PER1	6.642045576
PER2	2.755087444
PER3	0.901109114
PERM1	0.1429437
PERP	134.5457157
PES1	26.10867637
PES1P1	0
PES1P2	0
PET100	4.722917079
PET117	3.098018292
PEX1	2.089648664
PEX10	2.511711239
PEX11A	2.593055515
PEX11B	14.06597807
PEX11G	0.600948575
PEX12	2.816998472
PEX12P1	0
PEX13	14.95830813
PEX14	5.044192827
PEX16	4.801078097
PEX19	14.31660639
PEX2	7.980570321
PEX26	2.772688625
PEX3	4.204703442
PEX5	10.18872317
PEX5L	0.034002117
PEX5L-AS1	0
PEX5L-AS2	0
PEX6	6.900734095
PEX7	2.501281918
PF4	0.14405864
PF4V1	0.104180338
PFAS	3.912891786
PFDN1	24.18441209
PFDN2	52.18114603
PFDN4	9.345466898
PFDN5	37.98704859
PFDN6	8.007230933
PFKFB1	0.079274251
PFKFB2	2.983364436
PFKFB3	22.80854869
PFKFB4	3.301931588
PFKL	20.83409746
PFKM	8.191663942
PFKP	26.6895291
PFN1	298.5023703
PFN1P1	1.002791169
PFN1P10	0
PFN1P11	0.083879902
PFN1P12	0
PFN1P2	0.070587954
PFN1P3	0
PFN1P4	0.162334736
PFN1P6	0.572443542
PFN1P8	0.040060506
PFN1P9	0.02511877
PFN2	14.87920548
PFN3	0
PFN4	0.360487647
PGA3	0
PGA4	0
PGA5	0.007467509
PGAM1	30.48194987
PGAM1P1	0.01956192
PGAM1P10	0
PGAM1P11	0
PGAM1P12	0
PGAM1P13	0
PGAM1P2	0.015001969
PGAM1P3	0
PGAM1P4	0.261034255
PGAM1P5	0.059735342
PGAM1P6	0
PGAM1P7	0.162334736
PGAM1P8	0.194056902
PGAM1P9	0
PGAM2	0
PGAM3P	0
PGAM4	0.199045728
PGAM4P1	0.016630623
PGAM4P2	0
PGAM5	9.004977256
PGAM5P1	0
PGAP1	4.089420749
PGAP2	4.947753227
PGAP3	7.82308303
PGBD1	3.603255108
PGBD2	1.748688804
PGBD4	0.335570352
PGBD4P1	0.133617043
PGBD4P2	0
PGBD4P3	0.112321108
PGBD4P4	0
PGBD4P5	0
PGBD4P6	0
PGBD4P8	0.038706147
PGBD5	0.639609821
PGC	9.490689893
PGCP1	0.008009151
PGD	37.00038821
PGDP1	0.030191332
PGF	4.923763381
PGGHG	2.686022635
PGGT1B	2.136595466
PGGT1BP1	0.010631894
PGGT1BP2	0.010580182
PGK1	214.7968855
PGK1P2	0.250856643
PGK2	0
PGLS	10.65102891
PGLYRP1	0.181273788
PGLYRP2	0.020470064
PGLYRP3	1.288851999
PGLYRP4	1.144131217
PGM1	17.50599533
PGM2	9.070541015
PGM2L1	6.201536607
PGM3	5.993526808
PGM5	0.434998506
PGM5-AS1	0.03601466
PGM5P2	0.093383467
PGM5P3-AS1	0.016290206
PGM5P4	0.131569685
PGM5P4-AS1	0
PGP	3.079061926
PGPEP1	2.289545799
PGPEP1L	0.027605145
PGR	0.278554782
PGRMC1	50.5620677
PGRMC2	10.42970849
PGS1	4.959563223
PHACTR1	1.04102947
PHACTR2	2.538866671
PHACTR2-AS1	0
PHACTR2P1	0.061535657
PHACTR3	0.187370774
PHACTR4	6.750519496
PHAX	7.670663938
PHB	19.6274454
PHB2	65.05400513
PHB2P1	0
PHBP1	0.013460925
PHBP10	0
PHBP11	0.013444286
PHBP12	0.067055655
PHBP13	0.014311089
PHBP14	0
PHBP15	0
PHBP16	0
PHBP17	0
PHBP18	0.053512557
PHBP19	0.100974789
PHBP2	0.026988653
PHBP20	0.026592732
PHBP21	0.013215586
PHBP3	0
PHBP4	0.051978147
PHBP5	0
PHBP6	0
PHBP7	0.013361704
PHBP8	0
PHBP9	0.606443219
PHC1	1.893105572
PHC1P1	0.422833992
PHC2	21.84686191
PHC3	4.023615962
PHEX	0.666147098
PHEX-AS1	0.114128303
PHF1	9.560730447
PHF10	8.356806807
PHF11	3.1004895
PHF12	3.790337508
PHF13	6.364527139
PHF14	4.570168317
PHF19	3.5360908
PHF2	8.708563354
PHF20	6.115395787
PHF20L1	2.91222408
PHF21A	4.887102453
PHF21B	0.090747177
PHF23	13.13925569
PHF24	0.33491837
PHF2P2	0.00379631
PHF3	8.630504798
PHF5A	24.5005836
PHF5CP	0.133863721
PHF6	5.805917216
PHF7	0.659558109
PHF8	5.794086103
PHGDH	16.83698804
PHGR1	0
PHIP	3.863216366
PHKA1	2.581224557
PHKA1-AS1	0.036376011
PHKA1P1	0.24520126
PHKA2	5.817063619
PHKA2-AS1	0.549668906
PHKB	5.738138813
PHKBP1	0
PHKBP2	0
PHKG1	0.748197388
PHKG1P1	0
PHKG1P2	0
PHKG1P4	0
PHKG2	1.936580543
PHLDA1	16.77630613
PHLDA2	3.9519584
PHLDA3	36.09531991
PHLDB1	4.060259136
PHLDB2	5.506028519
PHLDB3	1.559918082
PHLPP1	1.933296254
PHLPP2	1.39644516
PHOSPHO1	0.325147932
PHOSPHO2	0.592063583
PHOX2A	0.012193304
PHOX2B	0
PHPT1	18.82458571
PHRF1	7.151029423
PHTF1	2.050896751
PHTF2	3.757562843
PHYH	4.111231614
PHYHD1	2.593179064
PHYHIP	0.260825595
PHYHIPL	0.353424097
PHYKPL	2.335286223
PI15	1.369432783
PI16	0.242527538
PI3	46.14470368
PI4K2A	13.4416959
PI4K2B	4.52877227
PI4KA	8.740616204
PI4KAP1	0.827259433
PI4KAP2	0.293957495
PI4KB	17.78383576
PIANP	0.339680216
PIAS1	4.632776661
PIAS2	1.085967237
PIAS3	12.70312383
PIAS4	5.831984467
PIBF1	3.2478398
PICALM	40.34142029
PICK1	4.605872095
PICSAR	0.074191182
PID1	1.84614744
PIDD1	0.956250892
PIEZO1	38.02891954
PIEZO1P1	0
PIEZO1P2	0
PIEZO2	0.926216437
PIF1	0.843296876
PIFO	0.25015017
PIGA	6.100206554
PIGB	1.422412553
PIGBOS1	4.87334828
PIGC	5.922188643
PIGCP1	3.985997937
PIGCP2	0
PIGF	1.251947136
PIGFP1	0.083280454
PIGFP2	0
PIGFP3	0
PIGG	2.42785417
PIGH	4.126699345
PIGHP1	0.15400251
PIGK	4.636242363
PIGL	0.797816478
PIGM	4.293657917
PIGN	4.377137825
PIGO	5.008980251
PIGP	1.431795238
PIGPP2	0
PIGPP3	0
PIGPP4	0
PIGQ	4.039272971
PIGQP1	0
PIGR	10.33459431
PIGS	13.75804501
PIGT	76.43960272
PIGU	11.72080797
PIGUP1	0
PIGV	3.5568683
PIGW	3.388440373
PIGX	11.50024398
PIGY	0
PIGZ	1.531032432
PIH1D1	14.88937511
PIH1D2	0.356099681
PIH1D3	0
PIK3AP1	6.830495723
PIK3C2A	8.247130172
PIK3C2B	2.557936057
PIK3C2G	0.025699575
PIK3C3	2.788956097
PIK3CA	9.408670134
PIK3CB	4.414305397
PIK3CD	15.75639097
PIK3CD-AS1	0.041763572
PIK3CD-AS2	1.146715977
PIK3CDP1	0
PIK3CG	1.808458232
PIK3IP1	18.37415891
PIK3IP1-AS1	0.262293263
PIK3R1	12.29570661
PIK3R2	0.144249699
PIK3R3	2.832861631
PIK3R4	8.339403519
PIK3R5	2.495231522
PIK3R6	0.878903216
PIKFYVE	3.534437231
PILRA	6.57140074
PILRB	2.832324319
PIM1	43.88567171
PIM2	33.38168958
PIM3	21.31090306
PIMREG	4.500059186
PIN1	5.59053123
PIN1P1	0
PIN4	5.431434524
PIN4P1	0.439451608
PINCR	0.0048817
PINK1	3.643468201
PINK1-AS	1.057532431
PINLYP	0.399106996
PINX1	3.404220821
PIP	0.018592183
PIP4K2A	6.861896939
PIP4K2B	13.91154442
PIP4K2C	20.52641296
PIP4P1	6.998321745
PIP4P2	2.994032824
PIP5K1A	15.77434109
PIP5K1B	0.667889598
PIP5K1C	9.719567985
PIP5K1P1	0
PIP5K1P2	0
PIP5KL1	0.179049237
PIPOX	0.316190791
PIPSL	0.181814904
PIR	6.71550109
PIRT	0.002854705
PISD	6.860281512
PISRT1	0
PITHD1	15.92157701
PITPNA	20.85936882
PITPNA-AS1	4.214113897
PITPNB	24.79799977
PITPNC1	2.651294338
PITPNM1	5.285582749
PITPNM2	1.580234116
PITPNM2-AS1	0
PITPNM3	0.724821764
PITRM1	11.62915898
PITRM1-AS1	0.121955363
PITX1	6.294759404
PITX2	0.011593278
PITX3	0.086010568
PIWIL1	0.026779082
PIWIL2	0.735686006
PIWIL3	0.00857988
PIWIL4	0.386568939
PJA1	13.40623474
PJA2	11.50186877
PJVK	0.185921834
PKD1	2.641049149
PKD1L1	0.049034009
PKD1L2	0.01984217
PKD1L3	0.012552138
PKD1P1	0.009589796
PKD1P5	0.02747907
PKD1P6	0.370684555
PKD2	6.532186783
PKD2L1	0.163235124
PKD2L2	0.025712594
PKDCC	2.740582572
PKDREJ	0.110277048
PKHD1	0.312820357
PKHD1L1	0.052290516
PKIA	1.006121121
PKIA-AS1	0.024570242
PKIB	0.690868634
PKIG	11.74793589
PKLR	0.008308959
PKM	267.2382982
PKMP1	0.185677682
PKMP2	0.032428227
PKMP3	0.349871088
PKMP4	0.14217552
PKMP5	0.06114169
PKMYT1	1.827862037
PKN1	17.78340729
PKN2	6.298455941
PKN2-AS1	0.024216927
PKN3	2.562002874
PKNOX1	2.832923263
PKNOX2	0.567277716
PKNOX2-AS1	0
PKP1	94.20866781
PKP2	2.821415969
PKP3	15.23618875
PKP4	9.755099045
PKP4-AS1	0.244414097
PKP4P1	0
PLA1A	1.852252605
PLA2G10	0.185172149
PLA2G12A	5.209367627
PLA2G12AP1	0.114891838
PLA2G12AP2	0
PLA2G12B	0.144633342
PLA2G15	9.40235953
PLA2G16	2.967891083
PLA2G1B	1.51724456
PLA2G2A	1.265151187
PLA2G2C	0.009893657
PLA2G2D	2.608557535
PLA2G2E	0
PLA2G2F	0.016888862
PLA2G3	0.193573789
PLA2G4A	1.778059419
PLA2G4B	0.017124379
PLA2G4C	1.103596358
PLA2G4C-AS1	0.062293398
PLA2G4D	0.033869762
PLA2G4E	0.580897972
PLA2G4E-AS1	0.026113871
PLA2G4F	0.620186253
PLA2G5	0.7467896
PLA2G6	1.4275512
PLA2G7	8.197583654
PLA2R1	9.660663471
PLAA	6.494297833
PLAC1	0.158945702
PLAC4	0.005433324
PLAC8	2.060677894
PLAC8L1	0.232118875
PLAC9	1.684091969
PLAC9P1	0.069387096
PLAG1	1.928680903
PLAGL1	1.559299704
PLAGL2	22.25044399
PLAT	13.21178589
PLAU	163.8137428
PLAUR	20.89142789
PLB1	0.447573301
PLBD1	16.76830396
PLBD1-AS1	1.021946189
PLBD2	36.53528401
PLCB1	2.381009061
PLCB1-IT1	0
PLCB2	2.400212936
PLCB2-AS1	0.01914864
PLCB3	10.00438498
PLCB4	1.514818353
PLCD1	2.455642139
PLCD3	3.225812784
PLCD4	0.548734017
PLCE1	1.276219693
PLCE1-AS1	0.018776741
PLCE1-AS2	0
PLCE1P1	0
PLCG1	13.59102482
PLCG1-AS1	0.171106585
PLCG2	2.851251849
PLCH1	0.688400668
PLCH1-AS1	0.008315311
PLCH1-AS2	0
PLCH2	0.889806964
PLCL1	1.043800398
PLCL2	1.714104652
PLCL2-AS1	0
PLCXD1	2.693193837
PLCXD2	0.245249129
PLCXD2-AS1	0.044303166
PLCXD3	0.196960267
PLCZ1	0.00321028
PLD1	3.514391121
PLD2	8.039388671
PLD3	61.36663233
PLD4	0.656636213
PLD5	0.157249551
PLD6	1.610221073
PLEC	70.10945932
PLEK	16.42622771
PLEK2	7.809586911
PLEKHA1	2.027370401
PLEKHA2	11.07418052
PLEKHA3	1.015378438
PLEKHA3P1	0.158158339
PLEKHA4	9.388014629
PLEKHA5	4.701166378
PLEKHA6	1.166921036
PLEKHA7	1.535762894
PLEKHA8	1.401219635
PLEKHA8P1	1.687721477
PLEKHB1	0.829016149
PLEKHB2	22.04707424
PLEKHD1	0.026865326
PLEKHF1	5.517322314
PLEKHF2	10.82442015
PLEKHG1	2.971243521
PLEKHG2	7.050762217
PLEKHG3	4.568830039
PLEKHG4	4.142482067
PLEKHG4B	3.36997227
PLEKHG5	2.824413274
PLEKHG6	2.601661835
PLEKHG7	0.201314562
PLEKHH1	0.730994051
PLEKHH2	0.698922425
PLEKHH3	2.42981605
PLEKHJ1	5.682378343
PLEKHM1	3.345505635
PLEKHM1P1	0.739735757
PLEKHM2	21.28581732
PLEKHM3	1.109601153
PLEKHN1	0.64114485
PLEKHO1	10.13752607
PLEKHO2	18.04272601
PLEKHS1	0.078522892
PLET1	0.008951792
PLG	0.001704769
PLGLA	0
PLGLB1	0.037155497
PLGLB2	0.019301557
PLGRKT	8.326695513
PLIN1	0.03437375
PLIN2	15.74366059
PLIN3	41.31727767
PLIN4	0.102915256
PLIN5	0.135531804
PLK1	6.112277945
PLK2	16.38079371
PLK3	4.720725846
PLK4	1.732657093
PLK5	0.018489464
PLLP	0.790786113
PLN	6.049706937
PLOD1	48.13636856
PLOD2	44.10600376
PLOD3	13.98534788
PLP1	0.136000078
PLP2	164.0648255
PLPBP	12.81502038
PLPP1	17.44760212
PLPP2	0.605023626
PLPP3	12.89286671
PLPP4	12.64955914
PLPP5	6.957519558
PLPP6	2.900134317
PLPP7	0.841468449
PLPPR1	1.63042655
PLPPR2	8.839381794
PLPPR3	0.246019151
PLPPR4	0.958067964
PLPPR5	0.042829948
PLRG1	9.642085281
PLS1	1.758636526
PLS1-AS1	0
PLS3	58.68809962
PLS3-AS1	0.193941113
PLSCR1	18.74053533
PLSCR2	0.004253589
PLSCR3	0.437513307
PLSCR4	3.875064942
PLSCR5	0.005082443
PLSCR5-AS1	0
PLTP	178.99663
PLUT	0.022091592
PLVAP	33.56828798
PLXDC1	3.42812045
PLXDC2	16.86638141
PLXNA1	19.17586483
PLXNA2	3.28084379
PLXNA3	4.34035395
PLXNA4	0.439787129
PLXNB1	6.61324327
PLXNB2	44.14267785
PLXNB3	1.547566436
PLXNC1	6.242917458
PLXND1	18.14748313
PM20D1	0.054090878
PM20D2	3.911170649
PMAIP1	10.37032061
PMCH	0.042596974
PMCHL1	0
PMCHL2	0.003810942
PMEL	0.289963712
PMEPA1	34.23393721
PMF1	7.16463068
PMF1-BGLAP	0.950472296
PMFBP1	0.665084642
PML	17.81716391
PMM1	4.229008331
PMM2	1.596252639
PMM2P1	0
PMP2	0.192929974
PMP22	32.88957246
PMPCA	4.608040215
PMPCAP1	0
PMPCB	6.627084761
PMS1	1.792773809
PMS2	2.876616061
PMS2CL	1.270178285
PMS2P1	10.48054201
PMS2P10	0.05331582
PMS2P11	0
PMS2P2	0.019284446
PMS2P3	0.67387245
PMS2P4	13.29797149
PMS2P5	0.800977204
PMS2P6	0.061275647
PMS2P7	0.024423115
PMS2P9	0
PMVK	30.44549922
PNCK	3.217422807
PNISR	3.709191903
PNKD	12.04505577
PNKDP1	0.025294017
PNKP	6.452896493
PNLDC1	0.02465192
PNLIP	0
PNLIPP1	0
PNLIPRP1	0.002181393
PNLIPRP2	0
PNLIPRP3	0.092408048
PNMA1	11.63651739
PNMA2	1.364670928
PNMA3	0.351133325
PNMA5	0.025301372
PNMA6A	0.315116047
PNMA6B	0.054382136
PNMA6E	0
PNMA6F	0
PNMA8A	2.554312471
PNMA8B	0.383223192
PNMA8C	0
PNMT	0.074649467
PNN	15.58065686
PNO1	10.35579054
PNOC	1.964509916
PNP	13.86685355
PNPLA1	0.093214414
PNPLA2	7.32453652
PNPLA3	0.343253584
PNPLA4	5.3670949
PNPLA4P1	0
PNPLA5	0.025651951
PNPLA6	10.72380273
PNPLA7	0.307453137
PNPLA8	4.852943655
PNPO	6.040770002
PNPT1	13.41016455
PNPT1P1	0.009396481
PNPT1P2	0
PNRC1	29.91744541
PNRC2	18.29564389
PNRC2P1	0.077688766
POC1A	2.918774215
POC1B	1.329396385
POC1B-AS1	0.140672608
POC1B-GALNT4	0.011865193
POC5	2.018826412
PODN	6.161829016
PODNL1	3.6141679
PODXL	8.594814239
PODXL2	10.13010337
POF1B	0.591198208
POFUT1	20.24647111
POFUT2	4.172822414
POGK	8.947818385
POGLUT1	3.321011407
POGZ	9.098631208
POLA1	4.894048962
POLA2	3.83885078
POLB	4.092567018
POLD1	8.010674531
POLD2	20.03676336
POLD2P1	0.338183798
POLD3	4.786575848
POLD4	4.391237128
POLDIP2	44.04927416
POLDIP3	35.00719668
POLE	3.115783074
POLE2	1.612140493
POLE3	23.68672012
POLE4	11.92311277
POLG	9.7772139
POLG2	1.614770641
POLH	4.239963184
POLH-AS1	0.5603008
POLHP1	0.092565339
POLI	1.278161079
POLK	1.850366379
POLL	3.427479303
POLM	2.954839509
POLN	0.088746914
POLQ	0.522994164
POLR1A	15.5402818
POLR1B	6.640308908
POLR1C	8.751976901
POLR1D	9.698218208
POLR1E	7.308682037
POLR2A	38.98698769
POLR2B	13.75727052
POLR2C	37.206215
POLR2CP1	0
POLR2D	9.405008602
POLR2E	20.52324822
POLR2F	0.00926705
POLR2G	27.23914397
POLR2H	16.41835767
POLR2I	11.56209647
POLR2J	11.66306189
POLR2J2	0
POLR2J3	0.069103691
POLR2J4	1.061673732
POLR2J4	0.170886566
POLR2K	19.31821307
POLR2KP1	0.453184471
POLR2KP2	0
POLR2L	27.93394156
POLR2LP1	0
POLR2M	2.939977382
POLR3A	4.505721928
POLR3B	3.293376812
POLR3C	10.99714668
POLR3D	10.06423285
POLR3DP1	0.009248663
POLR3E	2.768399233
POLR3F	5.271055442
POLR3G	0.205675162
POLR3GL	8.996177776
POLR3GP1	0.041672135
POLR3GP2	0.016282077
POLR3H	7.145387178
POLR3K	4.68106691
POLR3KP1	0
POLR3KP2	0
POLRMT	5.998591636
POLRMTP1	0.32320899
POM121	4.047377497
POM121B	0.18367911
POM121C	5.080297682
POM121L10P	0
POM121L12	0
POM121L13P	0
POM121L14P	0.006981019
POM121L1P	0
POM121L2	0.142684198
POM121L3P	0
POM121L4P	0.01150336
POM121L6P	0.011912845
POM121L7P	0
POM121L8P	0
POM121L9P	0.19267177
POMC	0.89104671
POMGNT1	8.895225874
POMGNT2	7.386838929
POMK	3.273937892
POMP	38.27314228
POMT1	2.680115182
POMT2	2.070562368
POMZP3	2.390359358
PON1	0.130578576
PON2	23.86184899
PON3	2.869869183
POP1	1.952466648
POP4	4.281745337
POP5	6.586920535
POP7	56.20955241
POPDC2	0.996449781
POPDC3	0.624483864
POR	11.28393742
PORCN	17.82044114
POSTN	196.3947559
POT1	2.85144253
POT1-AS1	0.084540758
POTEA	0
POTEB	0
POTEB2	0
POTEB3	0
POTEC	0
POTED	0
POTEE	0.025945676
POTEF	0.017418209
POTEG	0.01733986
POTEH	0
POTEH-AS1	0
POTEI	0.009292121
POTEJ	0.028935219
POTEKP	0.040462899
POTEM	0
POU1F1	0.006932076
POU2AF1	4.253187589
POU2F1	2.09961375
POU2F2	3.526928632
POU2F3	0.188230119
POU3F1	0.37012101
POU3F2	0.004440264
POU3F3	0.004384772
POU3F4	0
POU4F1	0.361192109
POU4F2	0
POU4F3	0.036806861
POU5F1	0.804123226
POU5F1B	0.115663499
POU5F1P2	0
POU5F1P3	0.232057354
POU5F1P4	0.060146142
POU5F1P5	0.016529525
POU5F1P6	0.043945161
POU5F1P7	0
POU5F2	0.001591983
POU6F1	1.315070432
POU6F2	1.371611169
POU6F2-AS1	0
POU6F2-AS2	1.20614077
PP2D1	0.133638227
PPA1	21.13236609
PPA2	5.664903259
PPAN	1.30955048
PPAN-P2RY11	0.004087346
PPARA	2.236336288
PPARD	15.68626311
PPARG	3.602178096
PPARGC1A	1.426843176
PPARGC1B	0.610949908
PPAT	2.631619475
PPATP1	0.014061315
PPATP2	0
PPBP	0.136906078
PPBPP1	0
PPBPP2	0
PPCDC	1.605143198
PPCS	8.743135766
PPDPF	76.46307344
PPDPFL	0.010564767
PPEF1	4.786494905
PPEF1-AS1	0
PPEF2	0.00436892
PPFIA1	5.885553092
PPFIA2	0.091345243
PPFIA2-AS1	0
PPFIA3	2.471685385
PPFIA4	0.670042601
PPFIBP1	15.93317515
PPFIBP2	1.277983035
PPHLN1	4.291513395
PPIA	49.39792533
PPIAL4A	0
PPIAL4C	0
PPIAL4D	0
PPIAL4E	0
PPIAL4F	0.016479435
PPIAL4G	0
PPIAP1	0
PPIAP10	0
PPIAP11	0.419172654
PPIAP13	0.068262096
PPIAP14	0.219282808
PPIAP15	0.022471957
PPIAP16	0.201001736
PPIAP17	0
PPIAP19	0
PPIAP2	0
PPIAP20	0
PPIAP21	0.065128307
PPIAP22	39.44342911
PPIAP23	0.02188416
PPIAP24	0
PPIAP25	0
PPIAP26	0
PPIAP27	0
PPIAP28	0.022425623
PPIAP29	0.937247242
PPIAP3	0.129224879
PPIAP30	0
PPIAP31	0.131835482
PPIAP32	0.023043278
PPIAP33	0.019597166
PPIAP34	0.044213119
PPIAP35	0.066319679
PPIAP36	0.03346593
PPIAP37	0
PPIAP38	0
PPIAP39	0.262082585
PPIAP4	0.029717014
PPIAP40	0.02219679
PPIAP41	0.045318447
PPIAP42	0.134001158
PPIAP43	0.043160426
PPIAP44	0
PPIAP45	0.297045283
PPIAP46	0.123395447
PPIAP47	0.02197258
PPIAP48	0
PPIAP49	0
PPIAP5	0.031254101
PPIAP50	0.044034119
PPIAP51	0.109420798
PPIAP52	0
PPIAP53	0.42260147
PPIAP54	0.156334684
PPIAP55	0
PPIAP56	0
PPIAP57	0
PPIAP58	0
PPIAP59	2.272357022
PPIAP6	0.17437158
PPIAP60	0.044213119
PPIAP62	0
PPIAP63	0
PPIAP64	0
PPIAP65	0.110532798
PPIAP66	0.021840215
PPIAP67	0.049326201
PPIAP68	0.02166619
PPIAP69	0
PPIAP7	0.044484365
PPIAP70	0
PPIAP71	0.022061719
PPIAP72	0.172641703
PPIAP73	0.026988653
PPIAP74	0.044393581
PPIAP75	0
PPIAP76	0
PPIAP77	0.08718579
PPIAP78	0.044393581
PPIAP79	0.028926668
PPIAP8	0.044213119
PPIAP80	0.02219679
PPIAP81	0.031434761
PPIAP82	0.021796447
PPIAP83	0
PPIAP84	0
PPIAP85	0.022612115
PPIAP86	0
PPIAP87	0.088787162
PPIAP88	0
PPIAP89	0.022565202
PPIAP9	0
PPIAP90	0.109586169
PPIAP91	0.176136474
PPIB	142.8790324
PPIC	24.99297235
PPID	12.31997066
PPIE	3.417497166
PPIEL	0.267562787
PPIF	45.82823723
PPIG	5.615354158
PPIH	9.806861732
PPIHP1	0.063978984
PPIL1	26.79446924
PPIL1P1	0
PPIL2	4.954143665
PPIL3	4.792495762
PPIL4	8.278580717
PPIL6	0.184469644
PPIP5K1	1.208192605
PPIP5K2	2.531745092
PPL	4.814156345
PPM1A	6.586382871
PPM1AP1	0.201237862
PPM1B	5.282792366
PPM1D	3.055491174
PPM1E	0.114716216
PPM1F	4.925296741
PPM1G	31.71228106
PPM1H	2.43768716
PPM1J	0.526034584
PPM1K	1.774318234
PPM1L	1.961724053
PPM1M	5.793045287
PPM1N	0.558416337
PPME1	10.10022654
PPOX	2.02324684
PPP1CA	59.45726763
PPP1CB	43.4566142
PPP1CC	18.9416147
PPP1R10	17.67549786
PPP1R10P1	0
PPP1R11	29.32949898
PPP1R11P1	0.028926668
PPP1R11P2	0
PPP1R12A	5.879714741
PPP1R12A-AS1	0.107620802
PPP1R12B	3.297551169
PPP1R12BP1	0
PPP1R12BP2	0
PPP1R12C	7.395013279
PPP1R13B	1.931767178
PPP1R13L	13.126499
PPP1R14A	1.688346143
PPP1R14B	36.8352719
PPP1R14BP2	0.171475205
PPP1R14BP3	25.90789424
PPP1R14BP5	0.050006562
PPP1R14C	18.22003736
PPP1R14D	0.037376039
PPP1R15A	33.97257165
PPP1R15B	13.43166983
PPP1R16A	2.284170269
PPP1R16B	2.615440877
PPP1R17	0.00912452
PPP1R18	27.65578187
PPP1R1A	0.038239574
PPP1R1AP1	0
PPP1R1AP2	0
PPP1R1B	0.816806793
PPP1R1C	0.607584336
PPP1R2	13.2952972
PPP1R21	4.674549604
PPP1R26	3.156142948
PPP1R26-AS1	0.443758234
PPP1R26P1	0.021072513
PPP1R26P2	0
PPP1R26P3	0
PPP1R26P4	0
PPP1R26P5	0
PPP1R27	0
PPP1R2B	0.14217552
PPP1R2C	0.035718973
PPP1R2P1	0.064167713
PPP1R2P10	0
PPP1R2P2	0
PPP1R2P4	0
PPP1R2P5	0
PPP1R2P6	0.018497325
PPP1R32	0.299101751
PPP1R35	12.06761142
PPP1R36	0.109010426
PPP1R37	3.717699935
PPP1R3A	0
PPP1R3B	25.71664952
PPP1R3C	1.335852798
PPP1R3D	4.689148408
PPP1R3E	1.252710354
PPP1R3F	0.737605781
PPP1R3G	0.219434747
PPP1R42	0.004833968
PPP1R7	11.21011298
PPP1R8	12.98303578
PPP1R8P1	0.010418034
PPP1R9A	0.200927632
PPP1R9B	24.59722507
PPP2CA	24.48108755
PPP2CB	20.55105273
PPP2R1A	64.47175218
PPP2R1B	7.160314637
PPP2R2A	7.68981765
PPP2R2B	3.321568324
PPP2R2B-IT1	0
PPP2R2C	0.323998813
PPP2R2D	2.797636985
PPP2R2DP1	0
PPP2R3A	2.872809048
PPP2R3B	1.561186569
PPP2R3C	4.977873016
PPP2R5A	9.784519302
PPP2R5B	6.433716029
PPP2R5C	5.411191942
PPP2R5D	24.79195287
PPP2R5E	7.18781743
PPP3CA	10.98074753
PPP3CB	10.72696717
PPP3CB-AS1	0.642602351
PPP3CC	6.730703888
PPP3R1	15.31043914
PPP3R2	0.003211227
PPP4C	23.51520181
PPP4R1	13.86206077
PPP4R1-AS1	0.229581579
PPP4R1L	1.022861501
PPP4R2	10.48798347
PPP4R3A	9.318184077
PPP4R3B	19.62177903
PPP4R3C	0
PPP4R4	0.962128671
PPP5C	10.15687898
PPP5D1	0.082007079
PPP6C	11.1138825
PPP6R1	28.04112473
PPP6R2	10.96996173
PPP6R2P1	0
PPP6R3	12.0118713
PPRC1	13.59419576
PPT1	50.71718186
PPT2	3.636574161
PPT2-EGFL8	0.169697523
PPTC7	8.091817108
PPWD1	4.091978605
PPY	0
PPY2P	0
PQBP1	22.46728098
PQLC1	6.858914439
PQLC1P1	0
PQLC2	4.223422811
PQLC2L	0.191534569
PQLC3	7.415093951
PRAC1	0.140886364
PRAC2	1.340929393
PRADC1	8.951601144
PRADC1P1	0.103585022
PRAF2	12.98154226
PRAG1	11.67042423
PRAL	0.089368088
PRAM1	1.008735883
PRAME	8.343876411
PRAMEF1	0
PRAMEF10	0
PRAMEF11	0
PRAMEF12	0
PRAMEF13	0
PRAMEF14	0
PRAMEF15	0
PRAMEF17	0
PRAMEF18	0
PRAMEF19	0
PRAMEF2	0
PRAMEF20	0.047673758
PRAMEF25	0
PRAMEF26	0
PRAMEF27	0
PRAMEF28P	0
PRAMEF29P	0
PRAMEF30P	0
PRAMEF31P	0
PRAMEF32P	0
PRAMEF33	0
PRAMEF34P	0
PRAMEF35P	0
PRAMEF36P	0
PRAMEF4	0
PRAMEF5	0
PRAMEF6	0
PRAMEF7	0
PRAMEF7	0
PRAMEF8	0
PRAMEF9	0
PRAMENP	0.082315837
PRAP1	0.058871054
PRB1	0
PRB2	0
PRB3	0.745498264
PRB4	0
PRC1	10.1323025
PRC1-AS1	0.054412366
PRCC	16.77003177
PRCD	0.145565756
PRCP	11.4101354
PRDM1	10.20017275
PRDM10	1.728475391
PRDM11	2.116982696
PRDM12	0.013178224
PRDM13	0.013280131
PRDM14	0
PRDM15	0.80628083
PRDM16	0.258352732
PRDM2	6.227334644
PRDM4	11.42286702
PRDM5	0.468565219
PRDM6	0.893379269
PRDM7	0.002650202
PRDM8	0.357964368
PRDM9	0
PRDX1	106.3703156
PRDX1P1	1.660662557
PRDX2	62.17699599
PRDX2P1	0
PRDX2P2	0.009132181
PRDX2P3	0.018560456
PRDX2P4	0.108764273
PRDX3	24.45843352
PRDX3P1	0.156803015
PRDX3P2	0.05340308
PRDX3P3	0
PRDX3P4	0.043680431
PRDX4	47.52153292
PRDX4P1	0
PRDX5	155.8507992
PRDX6	102.0785097
PREB	18.39301443
PRELID1	20.13444221
PRELID1P1	0.722686199
PRELID1P2	0
PRELID1P3	0.050745384
PRELID1P4	0.212430221
PRELID2	0.8053615
PRELID2P1	0.18067155
PRELID3A	0.411518248
PRELID3B	22.10358923
PRELID3BP1	0.020141532
PRELID3BP10	0
PRELID3BP11	0
PRELID3BP2	0
PRELID3BP3	0
PRELID3BP4	0.019048034
PRELID3BP5	0.023644407
PRELID3BP6	0.019048034
PRELID3BP7	0
PRELID3BP8	0
PRELP	12.33746817
PREP	15.3432216
PREPL	3.858043388
PREX1	9.678887487
PREX2	0.337351452
PRF1	5.30515554
PRG2	0.059175339
PRG3	0
PRG4	1.429633485
PRH1	0.030347174
PRH2	0.043103411
PRICKLE1	2.526344793
PRICKLE2	2.56392516
PRICKLE2-AS1	0.005016031
PRICKLE2-AS1	0
PRICKLE2-AS2	0.043856562
PRICKLE2-AS3	0.008715086
PRICKLE3	5.560803311
PRICKLE4	0.101530243
PRIM1	4.824545715
PRIM2	4.758873911
PRIMA1	2.132249236
PRIMPOL	2.754494426
PRKAA1	14.15940802
PRKAA2	0.279061637
PRKAB1	4.27499664
PRKAB2	8.111504021
PRKACA	13.72476251
PRKACB	5.2701381
PRKACG	0
PRKAG1	11.26555321
PRKAG2	2.180126599
PRKAG2-AS1	0.3179695
PRKAG3	0.009786827
PRKAR1A	35.62544182
PRKAR1AP1	0.009360092
PRKAR1B	2.971582341
PRKAR2A	9.008576071
PRKAR2A-AS1	0.191593945
PRKAR2B	1.513833443
PRKCA	2.22951155
PRKCA-AS1	0
PRKCB	1.971128948
PRKCD	14.27771287
PRKCE	0.902343888
PRKCG	0.028952335
PRKCH	5.05607558
PRKCI	35.55089025
PRKCQ	5.585103183
PRKCQ-AS1	1.531418849
PRKCSH	73.10744512
PRKCZ	1.874460231
PRKCZ-AS1	0.683696987
PRKD1	2.205899656
PRKD2	12.60595099
PRKD3	6.627358375
PRKDC	21.99271872
PRKG1	2.376410974
PRKG1-AS1	0.018928694
PRKG2	0.365665656
PRKN	0.326359423
PRKRA	8.754130268
PRKRIP1	4.184599463
PRKX	14.81938505
PRKX-AS1	0.063235042
PRKXP1	1.376517537
PRKY	0.002834617
PRL	1.347592532
PRLH	0
PRLHR	0
PRLR	3.533096386
PRM1	0
PRM2	0
PRM3	0
PRMT1	44.13616098
PRMT1P1	0.053897063
PRMT2	10.53649662
PRMT3	3.70837031
PRMT5	16.53580856
PRMT5-AS1	0.071510637
PRMT5P1	0.018188006
PRMT6	6.440208671
PRMT7	5.4002646
PRMT8	0.12768834
PRMT9	2.592589537
PRND	0.098379744
PRNP	125.904851
PRNT	0
PROB1	3.56106376
PROC	0.300790975
PROCA1	0.423435148
PROCR	9.738759457
PRODH	1.303783217
PRODH2	0
PROK1	0.016257739
PROK2	0.58700321
PROKR1	0.01781769
PROKR2	0.00941682
PROM1	1.322611014
PROM2	3.124977132
PROP1	0
PRORSD1P	0.774772725
PRORY	0
PROS1	13.89697495
PROS2P	0.011149592
PROSER1	5.53709026
PROSER2	3.60766016
PROSER2-AS1	0.053152974
PROSER3	2.184912138
PROX1	1.292550332
PROX1-AS1	0.122610842
PROX2	0.128630546
PROZ	0.052227742
PRPF18	4.519694989
PRPF19	50.9194696
PRPF19P1	0.024223669
PRPF3	6.811683948
PRPF31	23.27872823
PRPF38A	4.409778052
PRPF38AP1	0
PRPF38AP2	0
PRPF38B	6.110394431
PRPF39	3.722507964
PRPF4	8.835403852
PRPF40A	17.81334328
PRPF40B	0.680640463
PRPF4B	9.300113429
PRPF6	46.20695066
PRPF8	36.9511172
PRPH	0.01499163
PRPH2	0.588408869
PRPS1	21.8291804
PRPS1L1	0
PRPS1P1	0
PRPS1P2	0.580385662
PRPS2	31.20564511
PRPSAP1	4.050250488
PRPSAP2	5.472676346
PRR11	4.902389657
PRR12	11.86087201
PRR13	17.93089982
PRR13P1	0.02665791
PRR13P2	0
PRR13P3	0.057853337
PRR13P4	0
PRR13P5	2.829839681
PRR13P7	0
PRR14	5.511474558
PRR14L	5.1890754
PRR15	0.241454491
PRR15L	2.549050769
PRR16	2.439304275
PRR18	0.165788666
PRR19	0.325236855
PRR20A	0
PRR20B	0
PRR20C	0
PRR20D	0
PRR20E	0
PRR20FP	0
PRR22	0.16862678
PRR23A	0
PRR23B	0
PRR23C	0
PRR23D1	0
PRR23D2	0
PRR25	0
PRR26	0.023524229
PRR27	0
PRR29	0.252085229
PRR29-AS1	0
PRR3	3.488281869
PRR30	0
PRR31	0
PRR32	0
PRR34	0.208493814
PRR34-AS1	1.084657434
PRR35	0
PRR36	0.148891846
PRR4	0.064697849
PRR5	2.448077118
PRR5-ARHGAP8	0.029290199
PRR5L	6.270056486
PRR7	0.564690356
PRR7-AS1	0.08951792
PRR9	0.982329886
PRRC1	11.93359107
PRRC2A	51.32504304
PRRC2B	12.33098245
PRRC2C	25.80778295
PRRC2CP1	0
PRRG1	1.376272839
PRRG2	1.534592917
PRRG3	0.553733885
PRRG4	12.74095769
PRRT1	0.47222226
PRRT2	0.301361965
PRRT3	0.679258978
PRRT3-AS1	1.753691046
PRRT4	0.064969156
PRRX1	18.18629391
PRRX2	4.944584797
PRRX2-AS1	0.025352977
PRSS1	0.057491927
PRSS12	5.520855498
PRSS16	2.308927761
PRSS2	0.870114184
PRSS21	4.34061791
PRSS22	2.856941732
PRSS23	15.1166106
PRSS27	0.090009278
PRSS29P	0.016596786
PRSS3	0.032681572
PRSS30P	0.036732277
PRSS33	0.010299647
PRSS35	0.276368235
PRSS36	0.392554907
PRSS37	0
PRSS38	0
PRSS3P1	0.014658258
PRSS3P3	0
PRSS3P4	0.13427688
PRSS40A	0
PRSS40B	0
PRSS41	0.011365128
PRSS42	0.011713977
PRSS44	0.018981549
PRSS45	0.023578505
PRSS46P	0
PRSS48	0.021994797
PRSS50	0.084541341
PRSS51	3.677892283
PRSS53	0.175968375
PRSS54	0.015449471
PRSS55	0.069387096
PRSS56	0.009101613
PRSS57	0.079826989
PRSS58	0
PRSS8	4.278302299
PRTFDC1	2.419059399
PRTG	0.11125825
PRTN3	0.009490774
PRUNE1	14.62973571
PRUNE2	1.574766561
PRUNEP1	0
PRX	1.950099848
PRY	0
PRY2	0
PRYP1	0
PRYP2	0
PRYP3	0
PRYP4	0
PRYP5	0
PRYP6	0
PSAP	703.0780347
PSAPL1	0.109249828
PSAT1	12.55660665
PSAT1P1	0
PSAT1P2	0
PSAT1P3	0.019579527
PSAT1P4	0
PSCA	0.037015635
PSD	1.05366462
PSD2	0.024100216
PSD2-AS1	0.052798191
PSD3	4.417632569
PSD4	4.73021827
PSEN1	10.47404213
PSEN2	3.443815466
PSENEN	14.56085389
PSG1	0.002192386
PSG10P	0.005979344
PSG11	0
PSG2	0
PSG3	0
PSG4	0.485400007
PSG5	0.346427462
PSG6	0.004232073
PSG7	0
PSG8	0
PSG8-AS1	0.017420866
PSG9	0.010773006
PSIP1	5.67284107
PSKH1	26.66187823
PSKH2	0
PSMA1	25.95054268
PSMA2	2.551965325
PSMA2P1	0
PSMA2P2	0.01585485
PSMA2P3	0
PSMA3	25.51549167
PSMA3-AS1	4.155913845
PSMA3P	0
PSMA4	14.36198333
PSMA5	10.04606414
PSMA6	4.480298979
PSMA6P1	0.278882751
PSMA6P2	0
PSMA6P3	0
PSMA6P4	0
PSMA7	93.02142135
PSMA8	0.040197989
PSMB1	40.02486676
PSMB10	16.96323523
PSMB11	0.01030941
PSMB2	18.37965744
PSMB3	65.30468943
PSMB3P2	0.017599397
PSMB4	80.26783185
PSMB5	60.18084362
PSMB6	49.75514808
PSMB7	45.87332543
PSMB7P1	0
PSMB8	42.17191003
PSMB8-AS1	5.195710016
PSMB9	22.27684914
PSMC1	2.626866388
PSMC1P1	0.346068141
PSMC1P10	0.040981263
PSMC1P11	0
PSMC1P12	0
PSMC1P13	0
PSMC1P2	0.009033577
PSMC1P3	0.008252221
PSMC1P4	0.008196253
PSMC1P5	0
PSMC1P6	0
PSMC1P7	0.008271047
PSMC1P8	0
PSMC1P9	0.016294273
PSMC2	18.93691129
PSMC3	59.71999646
PSMC3IP	1.699309667
PSMC4	42.56250833
PSMC5	20.75241707
PSMC6	9.903915955
PSMD1	22.85999815
PSMD10	23.44248258
PSMD10P1	0.095827553
PSMD10P2	0.390230602
PSMD10P3	0
PSMD11	16.26479065
PSMD12	11.65910831
PSMD12P	0
PSMD13	17.49309169
PSMD14	6.232257834
PSMD2	107.7031581
PSMD3	26.1568874
PSMD4	40.06348344
PSMD4P1	0
PSMD5	7.924184057
PSMD6	5.062075009
PSMD6-AS1	0
PSMD6-AS2	0.141712408
PSMD7	51.99646758
PSMD7P1	0.039840393
PSMD8	48.43425451
PSMD8P1	0.042430796
PSMD9	2.597004238
PSME1	81.66786201
PSME2	30.71634242
PSME2P2	1.180869249
PSME2P6	0
PSME3	29.16706513
PSME4	17.20198154
PSMF1	31.63939557
PSMG1	17.31146659
PSMG2	7.528587787
PSMG3	8.079631707
PSMG3-AS1	0.563075465
PSMG4	0.82580668
PSORS1C1	0.161801202
PSORS1C2	0.009457763
PSORS1C3	2.604473316
PSPC1	9.563696854
PSPC1-AS2	0.202486678
PSPC1P1	0.163555298
PSPC1P2	0
PSPH	38.39040178
PSPHP1	0.125016406
PSPN	0.567320677
PSRC1	2.361956191
PSTK	0.487110343
PSTPIP1	2.074018813
PSTPIP2	8.775059305
PTAFR	8.861075703
PTAR1	2.603210468
PTBP1	44.71455226
PTBP1P	0.095109296
PTBP2	0.479211839
PTBP3	14.49486245
PTCD1	1.931713444
PTCD2	0.575467594
PTCD2P1	0
PTCD2P2	0.00993281
PTCD3	10.61853484
PTCH1	1.647427027
PTCH2	0.255592873
PTCHD1	0.127055948
PTCHD1-AS	0.038331021
PTCHD3	0.008601366
PTCHD3P1	0
PTCHD3P2	0
PTCHD3P3	0
PTCHD4	0.18067853
PTCRA	0.2886723
PTCSC2	0.10663164
PTCSC3	0.15238427
PTDSS1	16.10471467
PTDSS2	2.996221752
PTEN	7.366909554
PTENP1	0.416439784
PTENP1-AS	0.037376039
PTER	3.25233162
PTF1A	0
PTGDR	0.358602944
PTGDR2	0.101438182
PTGDS	18.41400181
PTGER1	0.137773182
PTGER2	3.536048341
PTGER3	0.440555586
PTGER4	6.101343462
PTGER4P2	0.043160426
PTGER4P3	0
PTGES	32.49734211
PTGES2	7.827162389
PTGES2-AS1	0.020717004
PTGES3	66.29212837
PTGES3L	0.148522642
PTGES3L-AARSD1	0.009128349
PTGES3P1	6.687989456
PTGES3P2	0.112826009
PTGES3P3	1.69239014
PTGES3P4	0.061103524
PTGES3P5	0.025060892
PTGFR	0.269949511
PTGFRN	50.78805259
PTGIR	1.693115586
PTGIS	6.187807894
PTGR1	5.055405487
PTGR2	0.949935734
PTGS1	4.530905465
PTGS2	22.09551676
PTH	0.079889812
PTH1R	0.820267178
PTH2	0
PTH2R	0.009910184
PTHLH	51.76689842
PTK2	13.00469924
PTK2B	14.29441964
PTK6	0.479788106
PTK7	41.82675715
PTMA	157.0899975
PTMAP1	0.285149779
PTMAP2	2.128719716
PTMAP3	0.164794353
PTMAP4	1.320259961
PTMAP5	1.357213389
PTMAP6	0
PTMAP8	0.190814514
PTMS	151.2376433
PTN	10.44467186
PTOV1	16.09390165
PTOV1-AS1	2.934539271
PTOV1-AS2	1.212035887
PTP4A1	21.88233587
PTP4A1P1	0
PTP4A1P2	0.023956888
PTP4A1P3	0
PTP4A1P4	0
PTP4A1P5	0
PTP4A1P6	0
PTP4A1P7	0
PTP4A2	19.89247984
PTP4A2P1	0.250294352
PTP4A2P2	0.086664759
PTP4A3	16.39214069
PTPA	22.57090736
PTPDC1	1.131889312
PTPMT1	5.779590564
PTPN1	38.27608824
PTPN11	18.25641592
PTPN12	19.53129481
PTPN13	6.966136354
PTPN14	7.435936619
PTPN18	8.958830659
PTPN2	3.997923861
PTPN20	0.337927169
PTPN20CP	0.035466611
PTPN21	2.944105929
PTPN22	1.582069705
PTPN23	10.1563027
PTPN2P1	0
PTPN2P2	0
PTPN3	2.210107438
PTPN4	1.816222242
PTPN5	0.027700561
PTPN6	12.55924446
PTPN7	2.790008018
PTPN9	6.073259913
PTPRA	22.95269318
PTPRB	3.453950025
PTPRC	11.89897517
PTPRCAP	0
PTPRD	1.018218726
PTPRD-AS1	0.156997347
PTPRD-AS2	0
PTPRE	4.375741111
PTPRF	34.2822714
PTPRG	4.679695637
PTPRG-AS1	0.188692466
PTPRH	0.395597494
PTPRJ	4.523553598
PTPRJ-AS1	0.07226862
PTPRK	11.03353125
PTPRM	3.078358514
PTPRN	1.294217169
PTPRN2	0.789908128
PTPRO	0.912757764
PTPRQ	0.033223813
PTPRR	0.554185911
PTPRS	5.321082893
PTPRT	0.011764659
PTPRU	10.53297831
PTPRVP	0.028032029
PTPRZ1	1.820597894
PTRH1	0.042356045
PTRH2	3.77691969
PTRHD1	5.753102389
PTS	4.333196434
PTTG1	17.76537156
PTTG1IP	68.82253869
PTTG2	0
PTTG3P	0.0358958
PTTG4P	0.061797882
PTX3	6.038099072
PTX4	0.006443381
PUDP	12.69946483
PUDPP1	0
PUDPP2	0
PUDPP3	0
PUF60	26.69577371
PUM1	16.34010305
PUM2	19.10778479
PUM3	9.028198056
PURA	2.676038493
PURB	8.54859122
PURG	0.05480035
PURPL	0
PUS1	2.821571422
PUS10	3.507011651
PUS3	8.906765836
PUS7	3.862472485
PUS7L	2.640654287
PUSL1	2.534482858
PVALB	0.217528546
PVALEF	0.018097217
PVR	17.70394304
PVRIG	0.054820702
PVRIG2P	0
PVT1	0.712818829
PWAR1	0.018022249
PWAR5	0.458314861
PWAR6	1.132863042
PWP1	19.65774308
PWP2	0.039282098
PWRN1	0.002250451
PWRN2	0
PWRN3	0
PWRN4	0
PWWP2A	2.738320175
PWWP2AP1	0
PWWP2B	5.510012018
PXDC1	17.53241393
PXDN	43.20618956
PXDNL	0.334307903
PXK	2.992337955
PXMP2	2.410117412
PXMP4	4.800603766
PXN	26.44788503
PXN-AS1	0.932265197
PXT1	0.020638382
PXYLP1	3.206479346
PYCARD	6.724919226
PYCARD-AS1	0.049664052
PYCR1	23.76910151
PYCR2	14.931686
PYCR3	7.590700185
PYDC1	0.050529279
PYDC2	0
PYGB	26.49822475
PYGL	10.42305392
PYGM	0.133198568
PYGO1	1.532621999
PYGO2	14.77156655
PYHIN1	0.553356606
PYHIN5P	0
PYM1	6.261234023
PYROXD1	1.255776147
PYROXD2	1.001295091
PYURF	1.094835077
PYY	0.036838026
PYY2	0.090973834
PYY3	0
PZP	0.015719905
QARS	33.31965645
QDPR	5.450658073
QKI	9.056592099
QPCT	4.314581202
QPCTL	4.235269895
QPRT	1.45437125
QRFP	0.242718824
QRFPR	0.040283064
QRICH1	11.19684578
QRICH2	0.318898363
QRSL1	2.078349027
QRSL1P1	0.042375691
QRSL1P2	0
QRSL1P3	0
QSER1	5.681299786
QSOX1	29.03378804
QSOX2	5.044453367
QTRT1	6.693917791
QTRT1P1	0
QTRT2	3.496283868
R3HCC1	13.71339655
R3HCC1L	5.299631335
R3HDM1	7.620935511
R3HDM2	5.156352269
R3HDM2P1	0
R3HDM2P2	0
R3HDM4	24.27609745
R3HDML	0.09478368
RAB10	37.94917583
RAB11A	18.8184014
RAB11AP1	0
RAB11AP2	0
RAB11B	36.10797726
RAB11B-AS1	1.778239411
RAB11FIP1	4.013245357
RAB11FIP1P1	0.858015547
RAB11FIP2	3.032493913
RAB11FIP3	4.745200828
RAB11FIP4	1.160962987
RAB11FIP5	8.549693272
RAB12	11.09245686
RAB13	41.53284942
RAB14	22.10916878
RAB15	4.607392701
RAB17	0.600329669
RAB18	10.98653736
RAB19	0.447275345
RAB1A	166.0617785
RAB1B	93.1026512
RAB1C	0.071791599
RAB20	10.14560017
RAB21	11.43801883
RAB22A	7.570743093
RAB23	5.115851004
RAB24	2.328029475
RAB25	12.74571321
RAB26	0.096174196
RAB27A	6.510332486
RAB27B	2.65178771
RAB28	5.357411735
RAB28P1	0
RAB28P2	0
RAB28P3	0
RAB28P4	0
RAB28P5	0.183779878
RAB29	8.817134648
RAB2A	22.97438472
RAB2B	6.691563719
RAB30	2.462639345
RAB30-AS1	1.253766835
RAB31	30.02602674
RAB32	18.13333688
RAB33A	1.037497039
RAB33B	2.381652039
RAB34	27.08321905
RAB35	15.2951449
RAB36	1.92264091
RAB37	0.606627695
RAB38	21.1143749
RAB39A	0.90339724
RAB39B	0.322724234
RAB3A	0.921325525
RAB3B	0.669826689
RAB3C	0.041676451
RAB3D	5.946699552
RAB3GAP1	19.21792019
RAB3GAP2	6.154266142
RAB3IL1	4.46852552
RAB3IP	2.928666913
RAB40A	0.211254915
RAB40AL	0.006349345
RAB40B	2.142273378
RAB40C	4.17623584
RAB41	0.226592235
RAB42	2.813901374
RAB42P1	0
RAB43	0.444558439
RAB43P1	1.200284846
RAB44	0.089633849
RAB4A	7.672645843
RAB4B	2.315073933
RAB4B-EGLN2	0.00840203
RAB5A	17.55170883
RAB5B	25.7481421
RAB5C	32.94442647
RAB5CP1	0
RAB5CP2	0.034148908
RAB6A	36.55243765
RAB6B	0.744414924
RAB6C	0.067203941
RAB6C-AS1	0.022033785
RAB6D	0.170610624
RAB7A	92.05532651
RAB7B	7.376849768
RAB8A	9.623469577
RAB8B	9.506415782
RAB9A	32.38971301
RAB9AP1	0
RAB9AP2	0
RAB9AP3	0
RAB9AP4	0
RAB9AP5	0
RAB9B	1.073713474
RAB9BP1	0
RABAC1	44.15318035
RABEP1	7.107731083
RABEP2	3.258640504
RABEPK	4.733052749
RABEPKP1	0
RABGAP1	5.15923958
RABGAP1L	3.360996938
RABGAP1L-IT1	0.014757703
RABGEF1	3.359633228
RABGGTA	7.762302133
RABGGTB	3.974963536
RABIF	5.729146889
RABL2A	0.934127245
RABL2B	2.323516155
RABL3	4.03338049
RABL6	5.60424993
RAC1	73.45255814
RAC1P1	0
RAC1P2	2.385675763
RAC1P3	0
RAC1P4	0.037569697
RAC1P5	0.018882686
RAC1P6	0
RAC1P7	0
RAC1P8	0
RAC1P9	0
RAC2	27.35859615
RAC3	3.21235672
RACGAP1	9.790481358
RACGAP1P	0
RACK1	164.4918907
RAD1	7.188794395
RAD17	3.8913498
RAD17P1	0.01065272
RAD17P2	0
RAD18	2.555952627
RAD1P1	0
RAD1P2	0.032809735
RAD21	37.2278747
RAD21-AS1	0.081167368
RAD21L1	0
RAD23A	29.65813862
RAD23B	28.01946785
RAD23BP1	0.017728488
RAD23BP2	0
RAD23BP3	0
RAD50	4.304487193
RAD51	2.828013926
RAD51AP1	5.06404414
RAD51AP1P1	0
RAD51AP2	0.166475928
RAD51-AS1	0.737493596
RAD51B	0.558586075
RAD51C	1.555823812
RAD51D	1.547177556
RAD52	1.474417829
RAD54B	0.651113555
RAD54L	1.588120922
RAD54L2	2.647047301
RAD9A	2.846289801
RAD9B	0.246413708
RADIL	0.327160797
RAE1	10.72781685
RAET1E	0.057930372
RAET1E-AS1	0.017977566
RAET1E-AS1	0.098876612
RAET1G	0.234216469
RAET1K	0.12620327
RAET1L	1.907011027
RAET1M	0
RAF1	13.25490942
RAF1P1	0
RAG1	1.501684588
RAG2	0
RAI1	5.646361514
RAI14	67.25217456
RAI1-AS1	0
RAI2	4.546363203
RALA	21.87749578
RALB	30.72264232
RALBP1	16.67180019
RALGAPA1	0.837152829
RALGAPA1P1	0.193723272
RALGAPA2	5.2707515
RALGAPB	7.957436828
RALGDS	7.175817065
RALGPS1	0.232911025
RALGPS2	3.986522274
RALY	22.64896913
RALY-AS1	1.378702052
RALYL	3.566356064
RAMP1	9.818752033
RAMP2	10.12796235
RAMP2-AS1	0.64976737
RAMP3	8.948090853
RAN	53.64952739
RANBP1	14.93567375
RANBP10	10.04638416
RANBP17	0.313638447
RANBP2	10.10459174
RANBP20P	0.005169405
RANBP3	8.062726965
RANBP3L	0.21021938
RANBP6	5.548567973
RANBP9	21.21991941
RANGAP1	30.22337062
RANGRF	4.172630637
RANP1	0.31743797
RANP2	0
RANP3	0
RANP4	0.215868023
RANP5	0
RANP6	0.101333174
RANP7	0
RANP8	0.030508912
RANP9	0
RAP1A	11.62747488
RAP1AP	0.217046221
RAP1B	5.581375217
RAP1BP1	0
RAP1BP2	0
RAP1BP3	0
RAP1GAP	1.476019065
RAP1GAP2	0.714736651
RAP1GDS1	5.091306952
RAP2A	10.79246206
RAP2B	24.05500213
RAP2C	13.6021371
RAP2C-AS1	0.655169405
RAP2CP1	0
RAPGEF1	21.86003447
RAPGEF2	2.730658215
RAPGEF3	0.506089762
RAPGEF4	0.68959814
RAPGEF4-AS1	0.00416961
RAPGEF5	2.240045056
RAPGEF6	0.620785045
RAPGEFL1	0.843680142
RAPH1	0.480731206
RAPSN	0.068048555
RARA	7.239456681
RARA-AS1	0.607621637
RARB	11.12649392
RARG	6.022659859
RARRES1	6.664000625
RARRES2	53.41395894
RARRES2P1	0.04522423
RARRES2P10	0
RARRES2P2	0.022425623
RARRES2P3	0
RARRES2P4	0
RARRES2P5	0
RARRES2P6	0
RARRES2P7	0
RARRES2P8	0
RARRES2P9	0
RARRES3	15.054516
RARS	19.44467388
RARS2	10.11144479
RARSP1	0.007670259
RASA1	6.920417904
RASA2	3.382890119
RASA2-IT1	0
RASA3	7.330113715
RASA3-IT1	0.028622177
RASA4	0.022892072
RASA4B	0
RASA4CP	0.260047682
RASA4DP	0.154211229
RASAL1	0.673421013
RASAL2	4.154925387
RASAL2-AS1	0.549361141
RASAL3	2.660437782
RASD1	2.887106559
RASD2	2.540595708
RASEF	1.033824944
RASGEF1A	0.275805994
RASGEF1B	2.068358985
RASGEF1C	0.003673228
RASGRF1	0.797465915
RASGRF2	1.490910002
RASGRF2-AS1	0.093279822
RASGRP1	1.500258382
RASGRP2	0.757989016
RASGRP3	1.14164334
RASGRP4	0.884050988
RASIP1	1.829777357
RASL10A	0.087399862
RASL10B	0.984530969
RASL11A	1.881943393
RASL11B	1.663143009
RASL12	4.463915557
RASSF1	4.441527737
RASSF10	2.342945801
RASSF1-AS1	0.123908665
RASSF2	6.859382522
RASSF3	8.13750512
RASSF4	3.879767653
RASSF5	6.572605074
RASSF6	1.289033754
RASSF7	4.054655281
RASSF8	4.643787636
RASSF8-AS1	0.953497394
RASSF9	2.29319956
RAVER1	6.622807467
RAVER2	2.431517602
RAX	0.005839693
RAX2	0
RB1	9.585854306
RB1CC1	9.728082248
RBAK	3.561404858
RBAKDN	0.063481093
RBAK-RBAKDN	0.062210261
RBBP4	12.12256495
RBBP4P1	0.264239221
RBBP4P2	0.103257221
RBBP4P3	0.01695468
RBBP4P4	0
RBBP4P5	0
RBBP4P6	0
RBBP5	6.188993371
RBBP6	4.223038768
RBBP7	17.00030316
RBBP8	9.301898341
RBBP8NL	0.24922712
RBBP8P1	0.005898279
RBBP9	9.642582398
RBCK1	19.75001348
RBFA	2.814078315
RBFADN	0.05090884
RBFOX1	0.003972882
RBFOX2	20.68736876
RBFOX3	0.006609801
RBKS	0.981128752
RBL1	3.794145028
RBL2	15.04275273
RBM10	18.19263553
RBM11	0.304171272
RBM11P1	0
RBM12	20.17380897
RBM12B	3.57360167
RBM12B-AS1	0.949397176
RBM14	11.47591542
RBM14-RBM4	0.367190211
RBM15	2.473397385
RBM15-AS1	0.13329976
RBM15B	11.46602432
RBM17	10.90014906
RBM17P1	0
RBM17P2	0
RBM17P3	0
RBM17P4	0
RBM18	5.049695015
RBM19	5.099705086
RBM20	0.065295876
RBM22	14.05360772
RBM22P1	0
RBM22P12	0
RBM22P13	0
RBM22P2	0.029979127
RBM22P3	0
RBM22P4	0
RBM22P5	0
RBM22P6	0.012544899
RBM22P7	0
RBM23	6.589306083
RBM24	0.337914553
RBM25	7.287637347
RBM26	4.502295038
RBM26-AS1	0.243827033
RBM27	3.910421185
RBM28	1.563666372
RBM3	68.71301737
RBM33	3.334487991
RBM34	0.618415558
RBM38	10.3014263
RBM39	15.97982882
RBM4	3.658051002
RBM41	1.747074045
RBM42	28.21165775
RBM43	4.018997833
RBM43P1	0.01006145
RBM44	0.05214356
RBM45	1.989313103
RBM46	0
RBM47	4.021375683
RBM48	2.463624469
RBM48P1	0
RBM4B	4.466250839
RBM5	4.9168417
RBM5-AS1	0.125557602
RBM6	5.222234197
RBM7	4.509199852
RBM8A	22.05376701
RBM8B	0.33147207
RBMS1	10.12483058
RBMS1P1	0.931458739
RBMS2	8.512147701
RBMS2P1	0.434702233
RBMS3	1.881043948
RBMS3-AS1	0.01963254
RBMS3-AS2	0.018890885
RBMS3-AS3	0.266144224
RBMX	26.5494293
RBMX2	6.940446369
RBMX2P1	0
RBMX2P2	0
RBMX2P3	0
RBMX2P4	0
RBMX2P5	0
RBMXL1	5.231888657
RBMXL2	0
RBMXL3	0
RBMXP1	0.018264362
RBMXP2	0.186240193
RBMXP4	0.057547234
RBMY1A1	0
RBMY1A3P	0
RBMY1B	0
RBMY1D	0
RBMY1E	0
RBMY1F	0
RBMY1HP	0
RBMY1J	0
RBMY1KP	0
RBMY2AP	0
RBMY2BP	0
RBMY2CP	0
RBMY2DP	0
RBMY2EP	0
RBMY2FP	0
RBMY2GP	0
RBMY2HP	0
RBMY2JP	0
RBMY2KP	0
RBMY2NP	0
RBMY2OP	0
RBMY2QP	0
RBMY2TP	0
RBMY2UP	0
RBMY2WP	0
RBMY2XP	0
RBMY2YP	0
RBMY3AP	0
RBP1	11.19673181
RBP2	0.231687209
RBP3	0.012717993
RBP4	4.068339265
RBP5	3.606937906
RBP7	2.059068118
RBPJ	8.357440623
RBPJL	0.011809367
RBPJP2	0
RBPJP5	0
RBPJP6	0
RBPJP7	0
RBPMS	4.032230521
RBPMS2	1.273489346
RBPMS2P1	0
RBPMS-AS1	0.613018106
RBPMSLP	0
RBSN	4.965176254
RBX1	17.10961914
RC3H1	2.879777022
RC3H1-IT1	0
RC3H2	4.382601974
RCAN1	6.74680812
RCAN2	4.113821101
RCAN3	3.760720305
RCBTB1	4.63459584
RCBTB2	3.942513139
RCBTB2P1	0
RCC1	8.495810108
RCC1L	8.061412987
RCC2	41.28613774
RCC2P1	0
RCC2P2	0
RCC2P3	0
RCC2P4	0
RCC2P5	0
RCC2P6	0.048898517
RCC2P7	0.025814305
RCC2P8	0
RCCD1	1.407434645
RCE1	5.843129056
RCHY1	2.579527388
RCL1	2.706849878
RCN1	27.91440711
RCN1P1	0
RCN1P2	0.725095153
RCN2	11.22164178
RCN3	67.08256091
RCOR1	6.527259336
RCOR2	0.782562519
RCOR3	4.280230628
RCSD1	2.805654121
RCVRN	0.059576459
RD3	0.017846927
RD3L	0
RDH10	5.075393531
RDH10-AS1	0.057229294
RDH11	17.47955007
RDH12	0.106179044
RDH13	3.528447673
RDH14	7.785520737
RDH16	0.160132157
RDH5	0.153137763
RDH8	0.059790455
RDM1	0.176225657
RDX	19.21689149
REC114	0.082130519
REC8	1.230813183
RECK	2.301232508
RECQL	15.20339136
RECQL4	4.994015839
RECQL5	2.125407251
REELD1	0.136982712
REEP1	0.423076895
REEP2	1.059822392
REEP3	13.38396097
REEP4	14.17871414
REEP5	24.62495135
REEP6	1.10585153
REG1A	0.126103505
REG1B	0
REG1CP	0
REG3A	0.041224614
REG3G	0
REG4	0.040479117
REL	4.744847448
RELA	20.08874529
RELB	19.02926819
RELL1	2.776365879
RELL2	0.850506449
RELN	0.103240886
RELT	1.968148185
REM1	0.685900821
REM2	0.184026319
REN	0.157847252
RENBP	5.837421359
REP15	0.413667458
REPIN1	10.05759539
REPS1	2.848803859
REPS2	1.710650178
RER1	9.899823124
RERE	8.69130833
REREP1Y	0
REREP2Y	0
RERG	1.441643358
RERG-AS1	0
RERG-IT1	0.10840293
RERGL	0.063194219
RESP18	0
REST	5.876415402
RET	0.658039364
RETN	0.794815841
RETNLB	0.078672169
RETREG1	2.766726909
RETREG2	15.55086301
RETREG3	13.41531732
RETSAT	9.553875464
REV1	4.908322063
REV3L	1.473241621
REV3L-IT1	0
REX1BD	2.449616712
REXO1	6.144271393
REXO1L10P	0
REXO1L11P	0
REXO1L12P	0
REXO1L1P	0
REXO1L2P	0
REXO1L3P	0
REXO1L4P	0
REXO1L5P	0
REXO1L6P	0
REXO1L8P	0
REXO1L9P	0
REXO2	19.31234779
REXO4	8.028229493
REXO5	0.428289067
RF00001	0
RF00001	0.307823414
RF00001	0
RF00002	0
RF00002	0
RF00003	0
RF00003	0.06713844
RF00003	0
RF00003	0.197753224
RF00003	0
RF00003	0
RF00003	0
RF00003	0
RF00003	0.067977671
RF00003	0.744960774
RF00003	0
RF00003	0
RF00003	0.729516465
RF00004	0
RF00004	0
RF00004	0
RF00004	0
RF00004	0
RF00004	0
RF00004	0
RF00004	0
RF00004	0
RF00004	0
RF00004	0
RF00004	0
RF00004	0
RF00004	0
RF00004	0
RF00004	0
RF00004	0
RF00006	0
RF00006	0
RF00006	0
RF00006	0
RF00012	0.373210741
RF00012	0
RF00012	0
RF00012	0
RF00012	0
RF00012	0.15106149
RF00012	0
RF00012	0
RF00012	0
RF00012	0
RF00012	0
RF00012	0
RF00012	0
RF00012	0
RF00012	0.050588034
RF00012	0
RF00012	0
RF00012	0
RF00012	0
RF00012	0
RF00012	0
RF00012	0
RF00012	0
RF00012	0
RF00012	0
RF00012	0
RF00012	0
RF00012	0
RF00012	0
RF00012	0
RF00012	0
RF00012	0
RF00012	0
RF00012	0
RF00012	0
RF00012	0.586474021
RF00012	0
RF00012	0
RF00012	0.104080644
RF00012	0
RF00012	0
RF00012	0
RF00012	0
RF00012	0.050588034
RF00012	0.056648059
RF00012	0.055491976
RF00012	0
RF00012	0
RF00012	0.148992155
RF00012	0
RF00012	0
RF00015	0.125016406
RF00015	0
RF00015	0.256923479
RF00015	0
RF00015	0.464804585
RF00015	0
RF00016	0
RF00017	0
RF00017	0
RF00017	0
RF00017	0
RF00017	0
RF00017	0
RF00017	0
RF00017	0
RF00017	0
RF00017	0
RF00017	0
RF00017	0.23992119
RF00017	0
RF00017	0
RF00017	0
RF00017	0.259846386
RF00017	0
RF00017	0
RF00017	0
RF00017	0
RF00017	0.134692598
RF00017	0
RF00017	0.03926508
RF00017	0.043160426
RF00017	0
RF00017	0
RF00017	0
RF00017	0.038297279
RF00017	0
RF00017	0.038432605
RF00017	0
RF00017	0
RF00017	0
RF00017	0
RF00017	0
RF00017	0
RF00017	0
RF00017	0
RF00017	0
RF00017	0
RF00017	0.079680786
RF00017	0.04333238
RF00017	0.231413347
RF00017	0
RF00017	0.08431339
RF00017	0.045130404
RF00017	0
RF00017	0
RF00017	0.043505709
RF00017	0
RF00017	0
RF00017	0
RF00017	0
RF00017	0
RF00017	0
RF00017	0
RF00017	0
RF00017	0
RF00017	0
RF00017	0
RF00017	0
RF00017	0
RF00017	0
RF00017	0.038568891
RF00017	0
RF00017	0
RF00017	0
RF00017	0
RF00017	0.034972435
RF00017	0
RF00017	0
RF00017	0
RF00017	0.659177412
RF00017	0.038297279
RF00017	0
RF00017	0
RF00017	0
RF00017	0.041513081
RF00017	0.038568891
RF00017	0
RF00017	0.11023406
RF00017	0
RF00017	0.042156695
RF00017	0
RF00017	0
RF00017	0
RF00017	0.041832413
RF00017	0
RF00017	0.034638303
RF00017	0
RF00017	0.038844383
RF00017	0
RF00017	0
RF00017	0
RF00017	0
RF00017	0.126838802
RF00017	0
RF00017	0.04282058
RF00017	0
RF00017	0
RF00017	0
RF00017	0
RF00017	0
RF00017	0
RF00017	0.155934442
RF00017	0
RF00017	0
RF00017	0.063051752
RF00017	0.037376039
RF00017	0
RF00017	0
RF00017	0
RF00017	0.065520646
RF00017	0
RF00017	0
RF00017	0
RF00017	0
RF00017	0
RF00017	0
RF00017	0
RF00017	0.07938998
RF00017	0
RF00017	0.037896959
RF00017	0
RF00017	0.076865211
RF00017	0.038432605
RF00017	0
RF00017	0
RF00017	0
RF00017	0
RF00017	0
RF00017	0
RF00017	0
RF00017	0
RF00017	0.03601466
RF00017	0
RF00017	0.038297279
RF00017	0
RF00017	0
RF00017	0
RF00017	0
RF00017	0.11290409
RF00017	0
RF00017	0
RF00017	0.034419074
RF00017	0
RF00017	0
RF00017	0
RF00017	0
RF00017	0
RF00017	0.162334736
RF00017	0
RF00017	0
RF00017	0
RF00017	0
RF00017	0
RF00017	0.125497238
RF00017	0.545640165
RF00017	0
RF00017	0.042989831
RF00017	0
RF00017	0
RF00017	0
RF00017	0
RF00017	0
RF00017	0
RF00019	0
RF00019	0
RF00019	0
RF00019	0
RF00019	0
RF00019	0
RF00019	0
RF00019	0.110983952
RF00019	0.192503138
RF00019	0
RF00019	0
RF00019	0
RF00019	0.099783737
RF00019	0.081167368
RF00019	0
RF00019	0
RF00019	0
RF00019	0.112128116
RF00019	0
RF00019	0
RF00019	0
RF00019	0.20141532
RF00019	0
RF00019	0.099783737
RF00019	0
RF00019	0
RF00019	0
RF00019	3.12293457
RF00019	0.096251569
RF00019	0
RF00019	0.109862902
RF00019	0
RF00019	0
RF00019	0
RF00019	0
RF00019	0
RF00019	0
RF00019	0.207170044
RF00019	0
RF00019	0
RF00019	0
RF00019	0
RF00019	0
RF00019	0
RF00019	0.226592235
RF00019	0
RF00019	0.104581032
RF00019	0
RF00019	0
RF00019	0
RF00019	0.114488708
RF00019	0
RF00019	0.914839679
RF00019	0
RF00019	0
RF00019	0
RF00019	0
RF00019	0
RF00019	0
RF00019	0
RF00019	0
RF00019	0
RF00019	0
RF00019	0
RF00019	0
RF00019	0
RF00019	0
RF00019	0.203297706
RF00019	0
RF00019	0
RF00019	0.108764273
RF00019	0
RF00019	0
RF00019	0
RF00019	0.426526561
RF00019	0
RF00019	0
RF00019	0
RF00019	0
RF00019	0
RF00019	0
RF00019	0
RF00019	0
RF00019	0
RF00019	0
RF00019	0
RF00019	0
RF00019	0
RF00019	0
RF00019	0
RF00019	0
RF00019	0
RF00019	0
RF00019	0
RF00019	0
RF00019	0
RF00019	0
RF00019	0
RF00019	0
RF00019	0
RF00019	0
RF00019	0
RF00019	0
RF00019	0
RF00019	0
RF00019	0
RF00019	0
RF00019	0
RF00019	0
RF00019	0.861499192
RF00019	0
RF00019	0
RF00019	0.685900821
RF00019	0
RF00019	0.288754707
RF00019	0
RF00019	0
RF00019	1.144887084
RF00019	0
RF00019	0
RF00019	0.113296118
RF00019	0
RF00019	0
RF00019	0
RF00019	0
RF00019	0
RF00019	0
RF00019	0
RF00019	0
RF00019	0
RF00019	0
RF00019	0
RF00019	0
RF00019	1.867669334
RF00019	0
RF00019	0
RF00019	0
RF00019	0
RF00019	0
RF00019	0
RF00019	0.10070766
RF00019	0
RF00019	0
RF00019	0
RF00019	0
RF00019	0
RF00019	0.112128116
RF00019	0
RF00019	0.572443542
RF00019	0.096251569
RF00019	0
RF00019	0
RF00019	0
RF00019	0
RF00019	0
RF00019	0
RF00019	0
RF00019	0
RF00019	0
RF00019	0
RF00019	0
RF00019	0.190814514
RF00019	0
RF00019	0
RF00019	0
RF00019	0.646124394
RF00019	0
RF00019	0
RF00019	0
RF00019	0
RF00019	0
RF00019	0
RF00019	0
RF00019	0
RF00019	0
RF00019	0
RF00019	0
RF00019	4.785628011
RF00019	0.207170044
RF00019	0
RF00019	0
RF00019	0
RF00019	1.329341114
RF00019	0
RF00019	0
RF00019	0
RF00019	0.21326328
RF00019	0
RF00019	0
RF00019	0
RF00019	0.105596382
RF00019	0
RF00019	0
RF00019	0
RF00019	0
RF00019	0
RF00019	0
RF00019	0
RF00019	0
RF00019	0
RF00019	0
RF00019	0
RF00019	0.10663164
RF00019	0
RF00019	0
RF00019	0
RF00019	0
RF00019	0
RF00019	0
RF00019	2.117534518
RF00019	0.098876612
RF00019	0
RF00019	0.508244266
RF00019	0
RF00019	1.055963815
RF00019	0.21326328
RF00019	0
RF00019	0
RF00019	0
RF00019	0.10070766
RF00019	0
RF00019	0
RF00019	0
RF00019	0.339888353
RF00019	0
RF00019	0
RF00019	0
RF00019	0
RF00019	0
RF00019	0
RF00019	0
RF00019	0
RF00019	0.385006276
RF00019	0
RF00019	0
RF00019	0
RF00019	0
RF00019	0.110983952
RF00019	0
RF00019	0.313743095
RF00019	0
RF00019	0
RF00019	0
RF00019	0
RF00019	0
RF00019	0
RF00019	0
RF00019	0
RF00019	0
RF00019	0
RF00019	0.336384349
RF00019	0.195971663
RF00019	0.659177412
RF00019	0
RF00019	0.101648853
RF00019	0.10663164
RF00019	0
RF00019	0
RF00019	0
RF00019	0
RF00019	0
RF00019	0
RF00019	0
RF00019	0.783886652
RF00019	0
RF00019	0
RF00019	0
RF00019	0
RF00019	0
RF00019	0.481257845
RF00019	0
RF00019	0
RF00019	0
RF00019	0.391943326
RF00019	0
RF00019	0
RF00019	0
RF00019	0
RF00019	0
RF00019	0
RF00019	0
RF00019	0.226592235
RF00019	0
RF00019	0
RF00019	0
RF00019	0
RF00019	0
RF00019	0
RF00019	0
RF00019	0.096251569
RF00019	0
RF00019	0
RF00019	0
RF00019	0
RF00019	0
RF00019	0
RF00019	0.118222036
RF00019	0
RF00019	0
RF00019	0
RF00019	0.231413347
RF00019	0
RF00019	0
RF00019	0
RF00019	0
RF00019	0
RF00019	0
RF00019	0
RF00019	0
RF00019	0
RF00019	0
RF00019	0
RF00019	0
RF00019	0
RF00019	0
RF00019	0
RF00019	0
RF00019	0
RF00019	0
RF00019	0.194221916
RF00019	0
RF00019	0
RF00019	0
RF00019	0
RF00019	0
RF00019	0
RF00019	0
RF00019	0
RF00019	0
RF00019	0
RF00019	0
RF00019	0.097985832
RF00019	0
RF00019	0
RF00019	0
RF00019	0
RF00019	0
RF00019	0
RF00019	0
RF00019	0
RF00019	0
RF00019	0
RF00019	0.090636894
RF00019	0.21326328
RF00019	0
RF00019	0
RF00019	0
RF00019	0
RF00019	0
RF00019	0
RF00019	0
RF00019	0
RF00019	0.604245961
RF00019	0
RF00019	0
RF00019	0
RF00019	0
RF00019	0
RF00019	0
RF00019	0
RF00019	0
RF00019	0
RF00019	0
RF00019	0
RF00019	0
RF00019	0
RF00019	0.10663164
RF00019	0
RF00019	0
RF00019	0
RF00019	0
RF00019	0
RF00019	0.103585022
RF00019	0
RF00019	0
RF00019	0
RF00019	0
RF00019	0
RF00019	0
RF00019	0
RF00019	0.096251569
RF00019	0
RF00019	0.430749596
RF00019	0
RF00019	0
RF00019	0.113296118
RF00019	0
RF00019	0
RF00019	0
RF00019	0
RF00019	0
RF00019	0
RF00019	0.096251569
RF00019	0
RF00019	0
RF00019	0
RF00019	0.097985832
RF00019	0
RF00019	0
RF00019	0
RF00019	0
RF00019	0.096251569
RF00019	0
RF00019	0
RF00019	0
RF00019	0
RF00019	0
RF00019	0
RF00019	0
RF00019	0
RF00019	0
RF00019	0
RF00019	0
RF00019	0
RF00019	0
RF00019	0.231413347
RF00019	0
RF00019	0
RF00019	0.10663164
RF00019	0
RF00019	0
RF00019	0.10663164
RF00019	0
RF00019	0
RF00019	0
RF00019	0
RF00019	0
RF00019	0
RF00019	0
RF00019	0
RF00019	0
RF00019	0.10663164
RF00019	0
RF00019	0
RF00019	0
RF00019	0
RF00019	0
RF00019	0
RF00019	0
RF00019	0
RF00019	0
RF00019	0.307823414
RF00019	0
RF00019	0.354666108
RF00019	0
RF00019	0
RF00019	0
RF00019	0
RF00019	0
RF00019	0
RF00019	0
RF00019	0
RF00019	0
RF00019	0
RF00019	0
RF00019	0.083664825
RF00019	0
RF00019	0
RF00019	0
RF00019	0
RF00019	0
RF00019	0
RF00019	0
RF00019	0
RF00019	0
RF00019	0.604245961
RF00019	0
RF00019	0
RF00019	0.097110958
RF00019	0
RF00019	0
RF00019	0.288754707
RF00019	0
RF00019	0
RF00019	0
RF00019	0
RF00019	0.10663164
RF00019	0
RF00019	0
RF00019	0
RF00019	0
RF00019	0
RF00019	0
RF00019	0
RF00019	0.538436995
RF00019	0
RF00019	0
RF00019	0
RF00019	0
RF00019	0
RF00019	0
RF00019	0.343466125
RF00019	0
RF00019	0
RF00019	0
RF00019	0
RF00019	0.10663164
RF00019	0
RF00019	0
RF00019	0
RF00019	0
RF00019	0
RF00019	0
RF00019	0
RF00019	0
RF00019	0
RF00019	0
RF00019	0
RF00019	0
RF00019	0
RF00019	0
RF00019	0.192503138
RF00019	0
RF00019	0
RF00019	0
RF00019	0.097110958
RF00019	0
RF00019	0
RF00019	0.098876612
RF00019	0
RF00019	0
RF00019	0
RF00019	0
RF00019	0
RF00019	0
RF00019	0.107687399
RF00019	0
RF00019	0
RF00019	0
RF00019	0
RF00019	0
RF00019	1.846940484
RF00019	0.855449338
RF00019	0.10663164
RF00019	0
RF00019	0.10070766
RF00019	0
RF00019	0
RF00019	0
RF00019	0
RF00019	0
RF00019	0
RF00019	0
RF00019	0
RF00019	0
RF00019	0
RF00019	0.114488708
RF00019	0
RF00019	0
RF00019	0
RF00019	0
RF00019	0
RF00019	0
RF00019	0
RF00019	0.533158201
RF00019	0
RF00019	0
RF00019	0
RF00019	0
RF00019	0.319894921
RF00019	0
RF00019	0
RF00019	0
RF00019	0
RF00019	0
RF00019	0.097110958
RF00019	0
RF00019	0.10663164
RF00019	0
RF00019	0
RF00019	0
RF00019	0.096251569
RF00019	0
RF00019	0
RF00019	0
RF00019	0
RF00019	0
RF00019	0
RF00019	0
RF00019	0
RF00019	0
RF00019	0
RF00019	0
RF00019	0
RF00019	0
RF00019	0
RF00019	0
RF00019	0
RF00019	0
RF00019	0
RF00019	0
RF00019	0
RF00019	0
RF00019	0.096251569
RF00019	0
RF00019	0
RF00019	0
RF00019	0
RF00019	0
RF00019	0
RF00019	0
RF00019	0
RF00019	0
RF00019	0
RF00019	0
RF00019	0.10070766
RF00019	0
RF00019	0
RF00019	0
RF00019	0
RF00019	0
RF00019	0
RF00019	0.185921834
RF00019	0
RF00019	0
RF00019	0
RF00019	0
RF00019	0
RF00019	0.108764273
RF00019	0
RF00019	0
RF00019	0
RF00019	0
RF00019	0.10663164
RF00019	0
RF00019	0
RF00019	0.107687399
RF00019	0.096251569
RF00019	1.665759136
RF00019	0
RF00019	0
RF00019	0.385006276
RF00019	0.701704987
RF00019	0
RF00019	0.293957495
RF00019	0
RF00019	0
RF00019	0
RF00019	0.478084716
RF00019	0
RF00019	0
RF00019	0.112128116
RF00019	0
RF00019	0.388443832
RF00019	0
RF00019	0.288754707
RF00019	0
RF00019	0
RF00019	0
RF00019	0
RF00019	0
RF00019	0.21326328
RF00019	0
RF00019	0.095407257
RF00019	0
RF00019	0
RF00019	0
RF00019	0
RF00019	0
RF00019	0
RF00019	0
RF00019	0
RF00019	0
RF00019	0
RF00019	0
RF00019	0
RF00019	0
RF00019	0
RF00019	0
RF00019	0
RF00019	0
RF00019	0
RF00019	0
RF00019	0
RF00019	0
RF00019	0
RF00019	0
RF00019	0
RF00019	0
RF00019	0
RF00019	0
RF00019	0
RF00019	0
RF00019	0
RF00019	0
RF00019	0
RF00019	0
RF00019	0
RF00019	0
RF00019	0
RF00019	0.194221916
RF00019	0
RF00019	0
RF00019	0
RF00019	0.945776287
RF00019	0
RF00019	0.457954834
RF00019	0
RF00019	0
RF00019	0
RF00019	0
RF00019	0.316789145
RF00019	0
RF00019	0.092960917
RF00019	0
RF00019	0
RF00019	0
RF00019	0
RF00019	0
RF00019	0
RF00019	0
RF00019	0
RF00019	0.096251569
RF00019	0.418324127
RF00019	0
RF00019	0.192503138
RF00019	0
RF00019	0
RF00019	0
RF00019	0
RF00019	0
RF00019	0
RF00019	0
RF00019	0
RF00019	0
RF00019	0
RF00019	0
RF00019	0
RF00019	0
RF00019	0
RF00019	0
RF00019	0
RF00019	0
RF00019	0
RF00019	0
RF00019	0
RF00019	0
RF00019	0.108764273
RF00019	0
RF00019	0
RF00019	0
RF00019	0
RF00019	0
RF00019	0
RF00019	0
RF00019	0
RF00019	0
RF00019	0
RF00019	0
RF00019	0
RF00019	0
RF00019	0
RF00019	0
RF00019	0
RF00024	0
RF00026	0
RF00026	0
RF00026	0
RF00026	0
RF00026	0
RF00026	0
RF00026	0
RF00026	0
RF00026	0
RF00045	0
RF00045	0
RF00045	0
RF00045	0.053055743
RF00049	0
RF00056	0
RF00056	0
RF00056	0
RF00066	0
RF00066	0
RF00066	0
RF00066	0
RF00066	0
RF00066	0
RF00066	0.169944177
RF00070	0
RF00072	0
RF00072	0
RF00072	0.072509515
RF00072	0.072509515
RF00072	0
RF00072	0
RF00086	0
RF00088	0
RF00090	0
RF00090	0
RF00090	0
RF00090	0
RF00091	0
RF00091	0
RF00091	0
RF00091	0
RF00091	0
RF00091	0
RF00092	0
RF00092	0
RF00092	0
RF00092	0
RF00092	0
RF00092	0
RF00092	0
RF00092	0.26855376
RF00093	0
RF00093	0.310755066
RF00096	0
RF00096	0
RF00096	0
RF00096	0
RF00096	0.081167368
RF00096	0
RF00096	0
RF00096	0
RF00096	0
RF00096	0
RF00096	0
RF00096	0
RF00096	0.080566128
RF00096	0
RF00096	0
RF00096	0
RF00096	0
RF00096	0.166052325
RF00096	0
RF00096	0
RF00096	0
RF00096	0
RF00099	0
RF00100	0
RF00100	0
RF00100	0.088068237
RF00100	8.543417212
RF00100	0
RF00100	0
RF00100	0
RF00105	0
RF00105	0
RF00108	0
RF00108	0
RF00108	0
RF00133	0
RF00134	0.611035241
RF00136	0
RF00136	0
RF00136	0
RF00137	0
RF00139	0
RF00139	0
RF00139	0
RF00139	0
RF00139	0
RF00139	0
RF00139	0.082397176
RF00150	0
RF00150	0
RF00151	0
RF00152	0.129481277
RF00153	0
RF00154	0
RF00154	0
RF00156	0.07108776
RF00156	0
RF00156	0
RF00156	0.077137782
RF00156	0
RF00156	0
RF00156	0
RF00156	0
RF00156	0
RF00156	0
RF00156	0.162334736
RF00156	0
RF00156	0
RF00156	0.245332947
RF00156	0
RF00156	0
RF00156	0
RF00156	0
RF00156	0.080566128
RF00156	0
RF00156	0
RF00156	0
RF00156	0
RF00156	0
RF00156	0
RF00156	0
RF00157	0
RF00157	0
RF00157	0
RF00157	0
RF00181	0
RF00181	0
RF00181	0
RF00181	0
RF00181	0
RF00181	0
RF00189	0
RF00190	0.08564116
RF00190	0
RF00191	0
RF00191	0
RF00191	0
RF00201	0
RF00212	0
RF00212	0
RF00212	0
RF00218	0
RF00218	0
RF00263	0
RF00263	0
RF00263	0
RF00263	0
RF00264	0
RF00264	0
RF00264	0
RF00264	0
RF00265	0.238169941
RF00271	0
RF00271	0
RF00272	0
RF00272	0
RF00272	0.080566128
RF00272	0
RF00272	0
RF00272	0
RF00272	0
RF00273	0
RF00273	0
RF00275	0
RF00275	0.153189117
RF00275	0.612756467
RF00275	0
RF00275	0.604245961
RF00275	0
RF00278	0
RF00278	0
RF00279	0
RF00279	0
RF00279	0
RF00279	0
RF00279	0
RF00280	0
RF00283	0
RF00283	0
RF00284	0.135955341
RF00284	0
RF00284	0
RF00284	0
RF00284	0
RF00284	0
RF00285	0
RF00285	0
RF00285	0
RF00285	0
RF00287	0
RF00322	0
RF00322	0
RF00322	0
RF00322	0
RF00322	0
RF00322	0
RF00322	0
RF00322	0
RF00322	0
RF00322	0
RF00322	0.07938998
RF00322	0
RF00322	0
RF00322	0
RF00322	0
RF00322	0
RF00322	0
RF00322	0
RF00322	0
RF00322	0
RF00322	0
RF00322	0.161132256
RF00322	0
RF00322	0
RF00322	0
RF00322	0
RF00324	0
RF00324	0
RF00334	0.087011418
RF00334	0
RF00334	0
RF00334	0
RF00340	0.08564116
RF00340	0
RF00342	0
RF00345	0
RF00392	0
RF00393	0
RF00393	0
RF00393	0
RF00393	0
RF00394	0.158779961
RF00394	0
RF00394	0
RF00394	0
RF00397	0.154275565
RF00398	0
RF00399	0
RF00401	0
RF00401	0
RF00401	0
RF00402	0
RF00402	0
RF00402	0.084972088
RF00402	0
RF00402	0
RF00402	0
RF00402	0
RF00402	0
RF00402	0
RF00402	0
RF00402	0
RF00402	0
RF00402	0
RF00402	0
RF00402	0
RF00402	0
RF00402	0
RF00402	0
RF00404	0.710877601
RF00405	0
RF00406	0.158779961
RF00406	0
RF00407	0
RF00408	0
RF00408	0.081167368
RF00408	0
RF00409	0
RF00409	0
RF00409	0
RF00409	0.782476784
RF00409	0
RF00410	0
RF00410	0
RF00410	1.369624178
RF00411	0
RF00411	0.33725356
RF00411	0
RF00413	0
RF00413	0
RF00413	0
RF00414	0
RF00415	0
RF00416	0
RF00416	0.084972088
RF00416	0.078814691
RF00416	0
RF00416	0
RF00418	0.07997373
RF00421	0
RF00421	0
RF00421	0
RF00422	0.083664825
RF00422	0.238169941
RF00423	0
RF00424	0
RF00424	0
RF00424	0
RF00424	0
RF00424	0
RF00425	0
RF00425	0.087713123
RF00425	0
RF00425	0
RF00425	0
RF00425	0
RF00425	0.082397176
RF00426	0
RF00426	0
RF00426	0.08564116
RF00428	0
RF00432	0.083026163
RF00432	0.175426247
RF00432	0
RF00432	0
RF00432	0
RF00432	1.218159857
RF00432	0
RF00432	0
RF00432	0
RF00432	0
RF00432	0
RF00432	0
RF00438	0
RF00438	0
RF00438	0
RF00440	0
RF00440	0
RF00443	0.172641703
RF00443	0
RF00443	0
RF00443	0
RF00477	0
RF00478	0
RF00492	0
RF00492	0
RF00492	0
RF00492	0
RF00493	0
RF00493	0
RF00494	0
RF00494	0
RF00494	0.407866024
RF00494	0
RF00537	0
RF00554	0
RF00554	0
RF00554	0
RF00554	0.081167368
RF00554	0
RF00554	0
RF00554	0
RF00554	0
RF00554	0
RF00554	0
RF00554	0
RF00560	0
RF00560	0
RF00560	0
RF00560	0
RF00560	0
RF00561	0
RF00561	0
RF00561	0
RF00561	0
RF00561	0
RF00561	0
RF00561	0
RF00561	1.438205262
RF00561	0
RF00561	0
RF00561	0
RF00561	0
RF00561	0
RF00561	0
RF00561	0
RF00561	0
RF00561	0
RF00561	0
RF00561	0
RF00564	0
RF00564	0
RF00564	0.070626151
RF00566	0.084972088
RF00568	0
RF00568	0.07997373
RF00568	0
RF00568	0
RF00568	0
RF00568	0
RF00568	0
RF00568	0
RF00568	0
RF00568	0
RF00569	0
RF00569	0
RF00570	0
RF00571	0
RF00571	0
RF00572	0
RF00573	0
RF00575	0
RF00586	0.661404363
RF00586	0
RF00588	0
RF00591	0
RF00591	0
RF00591	0
RF00591	0
RF00592	0
RF00592	0
RF00593	0
RF00598	0
RF00598	0.080566128
RF00599	0.087011418
RF00599	0
RF00601	0
RF00601	0
RF00601	0
RF00601	0
RF00601	0
RF00601	0
RF00602	0
RF00602	0
RF00603	0
RF00604	0.119521179
RF00611	0
RF00612	0
RF00612	0
RF00614	0
RF00614	0
RF00614	0
RF00614	0
RF00614	0
RF00614	0
RF00618	0
RF00619	0
RF00619	0
RF00621	0
RF00622	0
RF00635	0
RF01159	0
RF01161	0
RF01161	0
RF01169	0.15106149
RF01169	0
RF01182	0
RF01183	0
RF01210	0
RF01210	0
RF01210	0
RF01210	3.625475766
RF01210	0
RF01210	0.104581032
RF01210	0
RF01210	0
RF01210	0
RF01210	0
RF01210	0
RF01210	0
RF01210	0
RF01210	0
RF01210	0
RF01210	0
RF01210	0
RF01210	0
RF01210	0
RF01210	0
RF01210	0
RF01210	0
RF01210	0
RF01210	0
RF01210	0
RF01210	0
RF01210	0.62748619
RF01210	0
RF01210	0
RF01210	0
RF01210	0.207170044
RF01225	0
RF01225	0
RF01225	0
RF01225	0
RF01225	0
RF01225	0.08431339
RF01233	0
RF01233	0
RF01233	0
RF01233	0
RF01233	0
RF01233	0.675088591
RF01241	0.164794353
RF01241	0
RF01241	0.491589934
RF01293	0
RF01293	0.304235729
RF01299	0
RF01518	0
RF01518	0
RF01518	0
RF01518	0.122207048
RF01518	0
RF01518	0
RF01518	0
RF01518	0
RF01518	0
RF01684	0
RF01684	0
RF01778	0
RF01848	0
RF01871	0
RF01872	0
RF01873	0
RF01874	0
RF01875	0
RF01876	0
RF01877	0
RF01879	0
RF01880	0
RF01881	0
RF01882	0
RF01883	0
RF01884	0
RF01887	0
RF01888	0
RF01891	0
RF01892	0
RF01894	0
RF01905	0
RF01906	0
RF01909	0.072509515
RF01928	0
RF01946	0
RF01947	0
RF01948	0
RF01950	0
RF01951	0
RF01953	0
RF01954	0
RF01955	0
RF01956	0
RF01957	0
RF01963	0
RF01964	0
RF01965	0
RF01966	0
RF01967	0
RF01968	0
RF01969	0
RF01970	0
RF01971	0
RF01972	0
RF01973	0
RF01974	0
RF01975	0
RF01976	0
RF01977	0
RF01978	0
RF01979	0
RF01981	0
RF01983	0.070626151
RF01984	0
RF01986	0
RF01987	0
RF01992	0
RF02038	0
RF02039	0
RF02040	0
RF02041	0
RF02042	0
RF02043	0
RF02045	0
RF02089	0
RF02090	0
RF02091	0
RF02091	0
RF02101	0
RF02102	0
RF02103	0
RF02104	0
RF02105	0
RF02105	0
RF02106	0
RF02106	0
RF02107	0
RF02107	0
RF02108	0
RF02108	0
RF02109	0
RF02109	0
RF02110	0
RF02110	0
RF02110	0
RF02112	0
RF02113	0
RF02114	0
RF02115	0
RF02116	0
RF02116	0.063978984
RF02118	0
RF02119	0.153189117
RF02120	0
RF02121	0
RF02122	0
RF02123	0
RF02124	0
RF02125	0
RF02126	0.310755066
RF02127	0
RF02128	0
RF02130	0
RF02131	0
RF02132	0
RF02133	0.13427688
RF02134	0
RF02135	0.124302026
RF02137	0
RF02138	0
RF02139	0
RF02140	0
RF02141	0.05357846
RF02142	0
RF02143	0
RF02145	0
RF02146	0
RF02148	0
RF02149	0
RF02150	0
RF02154	0
RF02155	0
RF02156	0
RF02157	0
RF02158	0
RF02159	0
RF02160	0
RF02161	0
RF02164	0
RF02166	0
RF02171	0
RF02171	0
RF02172	0
RF02173	0
RF02174	0
RF02175	0
RF02176	0
RF02177	0
RF02178	0
RF02179	0
RF02180	0
RF02181	0
RF02183	0
RF02184	0
RF02185	0
RF02187	0
RF02188	0
RF02189	0
RF02190	0
RF02192	0
RF02193	0
RF02195	0
RF02196	0
RF02197	0
RF02198	0
RF02199	0
RF02200	0
RF02201	0
RF02202	0
RF02203	0
RF02204	0
RF02205	0
RF02208	0
RF02209	0
RF02210	0
RF02211	0
RF02212	0
RF02213	0
RF02215	0
RF02216	0
RF02217	0
RF02218	0
RF02219	0
RF02219	0
RF02220	0
RF02246	0.375049217
RF02247	0.350852493
RF02248	0
RF02249	0
RF02250	0.120403254
RF02251	0
RF02252	0
RF02266	0
RF02271	0
RF02271	0.600907585
RF02271	0
RF02271	0
RF02271	0
RF02271	0
RF02271	0
RF02271	0
RF02271	0
RF02271	0
RF02271	0
RF02271	0
RF02271	0
RF02271	0
RF02271	0
RF02271	0
RF02271	0.180272276
RF02271	0
RF02271	0.063235042
RF02271	0
RF02271	0.058162713
RF02271	0
RF02271	0
RF02271	0
RF02271	0
RF02271	0
RF02271	0
RF02271	0
RF02271	0
RF02271	0
RF02271	0
RF02271	0.139441376
RF02271	0
RF02271	0.062508203
RF02271	0.064740639
RF02271	0.64357558
RF02272	0.276051454
RF02275	0
RF02277	0
RFC1	7.775357456
RFC2	10.85183113
RFC3	4.499677125
RFC3P1	0
RFC4	10.12157348
RFC5	5.597225744
RFC5P1	0
RFESD	0.300809921
RFESDP1	0.023593118
RFFL	2.149218834
RFK	6.337335379
RFKP1	0
RFKP2	0
RFLNA	4.861035908
RFLNB	26.77205095
RFNG	6.137513049
RFPL1	0
RFPL1S	0.024281611
RFPL2	0.012004887
RFPL3	0
RFPL3S	0.091143246
RFPL4A	0
RFPL4AL1	0
RFPL4AP1	0
RFPL4AP3	0
RFPL4AP5	0
RFPL4AP6	0.012856297
RFPL4AP7	0
RFPL4B	0
RFT1	4.021186404
RFTN1	21.19719122
RFTN1P1	0
RFTN2	0.52146014
RFWD2P1	0.009996716
RFWD3	12.80104181
RFX1	3.1166487
RFX2	1.422044431
RFX3	0.334988897
RFX3-AS1	0.104447125
RFX4	0.032069666
RFX5	9.142744708
RFX6	0.002657324
RFX7	3.060150823
RFX8	0.302715146
RFXANK	11.89758607
RFXAP	1.268759299
RGCC	31.40673774
RGL1	7.963061946
RGL2	8.761499902
RGL3	0.384343691
RGL4	0.173007857
RGMA	1.383866254
RGMB	1.651599588
RGMB-AS1	0.185604561
RGN	0.537824046
RGP1	6.025137213
RGPD1	0.00474884
RGPD2	0.1275736
RGPD3	0.033649999
RGPD4	0
RGPD4-AS1	0
RGPD5	0
RGPD6	0.000817223
RGPD8	0.167426851
RGR	0
RGS1	13.46542384
RGS10	14.01252175
RGS11	0.3558981
RGS12	2.637951449
RGS13	0.112014531
RGS14	2.119714564
RGS16	13.43084162
RGS17	0.130809038
RGS17P1	0.255684548
RGS18	0.949652419
RGS19	10.54927638
RGS2	14.99660062
RGS20	0.637184181
RGS21	0
RGS22	0.075210247
RGS3	2.673962515
RGS4	2.97999714
RGS5	5.325797856
RGS6	0.250704266
RGS7	0.03375152
RGS7BP	0.101834556
RGS8	0.024404848
RGS9	0.920221742
RGS9BP	0.026307875
RGSL1	0
RHAG	0
RHBDD1	5.235635086
RHBDD2	28.28049326
RHBDD3	7.238922747
RHBDF1	3.818037665
RHBDF1P1	0.005603517
RHBDF2	9.855387762
RHBDL1	0.09814186
RHBDL2	0.74325496
RHBDL3	0.853368833
RHBG	0.019290146
RHCE	0.236929982
RHCG	4.726886125
RHD	0.068942038
RHEB	14.13474031
RHEBL1	1.070780052
RHEBP1	0.039123839
RHEBP2	0.145019031
RHEBP3	0
RHEX	0.532049016
RHNO1	11.38670992
RHO	0.012588458
RHOA	163.9973151
RHOA-IT1	0.21037577
RHOB	37.94369135
RHOBTB1	6.733454371
RHOBTB2	5.562185084
RHOBTB3	8.78561177
RHOC	30.59332703
RHOD	11.01399476
RHOF	0.297381688
RHOG	31.79310314
RHOH	1.744705347
RHOJ	2.804414948
RHOQ	14.63926142
RHOQP1	0.676254547
RHOQP2	0.50719091
RHOQP3	0.192658132
RHOT1	4.815191683
RHOT1P1	0.06713844
RHOT1P2	0.032661944
RHOT1P3	0.065718594
RHOT2	7.714821836
RHOU	4.818764793
RHOV	11.08055966
RHOXF1	0.084861591
RHOXF1-AS1	1.713200773
RHOXF1P1	0.098620455
RHOXF2	0.008308959
RHOXF2B	0
RHPN1	0.814955899
RHPN1-AS1	0.243840654
RHPN2	1.630105673
RIBC1	0.483316014
RIBC2	1.30636978
RIC1	4.307019633
RIC3	0.187500118
RIC8A	15.21072832
RIC8B	1.76785547
RICTOR	3.98775578
RIDA	9.738115825
RIF1	5.37295269
RIIAD1	0.00481045
RILP	3.372054493
RILPL1	2.349424113
RILPL2	3.508582067
RIMBP2	0.362506052
RIMBP3	0.12470924
RIMBP3B	0.005344682
RIMBP3C	0.005344682
RIMKLA	0.243420765
RIMKLB	3.635571069
RIMKLBP1	0.121472126
RIMKLBP2	0.282720587
RIMS1	0.008505182
RIMS2	0.850145846
RIMS3	0.392363169
RIMS4	0.401128321
RIN1	1.348366741
RIN2	22.89581578
RIN3	3.429650805
RING1	29.18328512
RINL	1.273792485
RINT1	4.749323657
RIOK1	11.54843393
RIOK2	5.096224931
RIOK3	12.7266466
RIOK3P1	0
RIOX1	7.724099254
RIOX2	2.953076481
RIPK1	14.5267527
RIPK2	7.927893109
RIPK3	1.620106646
RIPK4	11.4184957
RIPOR1	18.99535943
RIPOR2	2.307859146
RIPOR3	3.147629734
RIPPLY1	0.091398549
RIPPLY2	0.028360958
RIPPLY3	0.572196693
RIT1	8.528517756
RIT2	0
RITA1	8.00305326
RLBP1	0.021917234
RLF	5.138702682
RLIM	9.095491833
RLIMP1	0.019422192
RLIMP2	0
RLN1	0.029609149
RLN2	0.246804688
RLN3	0
RMC1	6.004914229
RMDN1	6.374441716
RMDN2	1.104141394
RMDN2-AS1	0
RMDN3	6.386764015
RMI1	3.225401879
RMI2	4.248289818
RMND1	3.781311639
RMND5A	26.71950063
RMND5B	3.200361545
RMRP	0
RMRP	0
RMRPP5	0
RMST	0.008421546
RN7SKP1	0
RN7SKP10	0
RN7SKP100	0
RN7SKP101	0
RN7SKP102	0
RN7SKP103	0
RN7SKP104	0
RN7SKP105	0
RN7SKP106	0.039986865
RN7SKP107	0
RN7SKP108	0
RN7SKP109	0
RN7SKP11	0
RN7SKP110	0
RN7SKP111	0
RN7SKP112	0
RN7SKP113	0
RN7SKP114	0
RN7SKP115	0
RN7SKP116	0.10228615
RN7SKP117	0
RN7SKP118	0
RN7SKP119	0
RN7SKP12	0
RN7SKP120	0
RN7SKP121	0
RN7SKP122	0
RN7SKP123	0
RN7SKP124	0.063791362
RN7SKP125	0
RN7SKP126	0
RN7SKP127	0
RN7SKP128	0
RN7SKP129	0.036376011
RN7SKP13	0
RN7SKP130	0
RN7SKP131	0
RN7SKP132	0
RN7SKP133	0
RN7SKP134	0
RN7SKP135	0
RN7SKP136	0
RN7SKP137	0.035428102
RN7SKP139	0
RN7SKP14	0
RN7SKP140	0
RN7SKP141	0
RN7SKP142	0
RN7SKP143	0
RN7SKP144	0
RN7SKP145	0
RN7SKP146	0
RN7SKP147	0
RN7SKP148	0
RN7SKP149	0
RN7SKP15	0
RN7SKP150	0.169414755
RN7SKP151	0
RN7SKP152	0
RN7SKP153	0
RN7SKP154	0
RN7SKP155	0
RN7SKP156	0
RN7SKP157	0
RN7SKP158	0
RN7SKP159	0
RN7SKP16	0.254632077
RN7SKP160	0.095968476
RN7SKP161	0
RN7SKP162	0
RN7SKP163	0
RN7SKP164	0
RN7SKP165	0
RN7SKP166	0
RN7SKP167	0
RN7SKP168	0
RN7SKP169	0
RN7SKP17	0
RN7SKP170	0
RN7SKP171	0
RN7SKP172	0
RN7SKP173	0.034528341
RN7SKP174	0
RN7SKP175	0
RN7SKP176	0
RN7SKP177	0
RN7SKP178	0
RN7SKP179	0
RN7SKP18	0.039550645
RN7SKP180	0.032958871
RN7SKP181	0
RN7SKP182	0
RN7SKP183	0
RN7SKP184	0
RN7SKP185	0.033363274
RN7SKP186	0
RN7SKP187	0
RN7SKP188	0
RN7SKP189	0
RN7SKP19	0
RN7SKP190	0
RN7SKP191	0
RN7SKP192	0
RN7SKP193	0.03554388
RN7SKP194	0
RN7SKP195	0
RN7SKP196	0
RN7SKP197	0.036620967
RN7SKP198	0
RN7SKP199	0
RN7SKP2	0
RN7SKP20	0
RN7SKP200	0
RN7SKP202	0
RN7SKP203	0
RN7SKP204	0
RN7SKP205	0
RN7SKP206	0
RN7SKP207	0
RN7SKP208	0
RN7SKP209	0
RN7SKP21	0.049438306
RN7SKP210	0
RN7SKP211	0
RN7SKP212	0
RN7SKP213	0
RN7SKP214	0.034528341
RN7SKP216	0
RN7SKP217	0
RN7SKP218	0
RN7SKP219	0
RN7SKP22	0.037120912
RN7SKP220	0
RN7SKP221	0
RN7SKP222	0
RN7SKP223	0
RN7SKP224	0
RN7SKP225	0
RN7SKP226	0.036254758
RN7SKP227	0
RN7SKP228	0
RN7SKP229	0
RN7SKP23	0.03540339
RN7SKP230	0
RN7SKP231	0
RN7SKP232	0
RN7SKP233	0
RN7SKP234	0
RN7SKP235	0
RN7SKP236	0
RN7SKP237	0
RN7SKP238	0
RN7SKP239	0.07373849
RN7SKP24	0
RN7SKP240	0.058007612
RN7SKP241	0.037376039
RN7SKP242	0
RN7SKP243	0.035198794
RN7SKP244	0
RN7SKP245	0
RN7SKP246	0
RN7SKP247	0
RN7SKP248	0
RN7SKP249	0
RN7SKP25	0.035313076
RN7SKP250	0
RN7SKP251	0
RN7SKP252	0
RN7SKP253	0
RN7SKP254	0
RN7SKP255	0.034748969
RN7SKP256	0
RN7SKP257	0
RN7SKP258	0
RN7SKP259	0
RN7SKP26	0.259846386
RN7SKP260	0
RN7SKP260	0
RN7SKP261	0
RN7SKP262	0
RN7SKP263	0
RN7SKP264	0
RN7SKP265	0
RN7SKP266	0
RN7SKP267	0
RN7SKP268	0
RN7SKP269	0.10228615
RN7SKP27	0
RN7SKP270	0
RN7SKP271	0.067977671
RN7SKP272	0
RN7SKP273	0
RN7SKP275	0
RN7SKP276	0.040583684
RN7SKP277	0
RN7SKP278	0
RN7SKP279	0
RN7SKP28	0
RN7SKP280	0
RN7SKP281	0
RN7SKP282	0
RN7SKP283	0
RN7SKP284	0
RN7SKP285	0
RN7SKP286	0
RN7SKP287	0.122666473
RN7SKP288	0
RN7SKP289	0
RN7SKP29	0
RN7SKP290	0
RN7SKP291	0
RN7SKP292	0
RN7SKP293	0
RN7SKP294	0
RN7SKP295	0
RN7SKP296	0.829287712
RN7SKP297	0
RN7SKP298	0
RN7SKP299	0.03613431
RN7SKP3	0
RN7SKP30	0.032564154
RN7SKP31	0
RN7SKP32	0
RN7SKP33	0
RN7SKP34	0
RN7SKP35	0
RN7SKP36	0
RN7SKP37	0
RN7SKP38	0
RN7SKP39	0
RN7SKP4	0
RN7SKP40	0
RN7SKP42	0
RN7SKP43	0
RN7SKP44	0
RN7SKP45	0
RN7SKP46	0
RN7SKP47	0
RN7SKP48	0
RN7SKP49	0.041832413
RN7SKP5	0
RN7SKP50	0
RN7SKP51	0.429332656
RN7SKP52	0
RN7SKP53	0
RN7SKP54	0
RN7SKP55	0
RN7SKP56	0
RN7SKP57	0.037120912
RN7SKP58	0
RN7SKP59	0
RN7SKP6	0
RN7SKP60	0
RN7SKP61	0
RN7SKP62	0
RN7SKP63	0
RN7SKP64	0.033159839
RN7SKP65	0
RN7SKP66	0
RN7SKP67	0
RN7SKP68	0.035428102
RN7SKP69	0
RN7SKP7	0
RN7SKP70	0.040134418
RN7SKP71	0
RN7SKP72	0
RN7SKP73	0
RN7SKP74	0.246391557
RN7SKP75	0
RN7SKP76	0
RN7SKP77	0
RN7SKP78	0
RN7SKP79	0
RN7SKP8	0
RN7SKP80	0.461191263
RN7SKP81	0
RN7SKP82	0
RN7SKP83	0
RN7SKP85	0
RN7SKP86	0
RN7SKP87	0.07226862
RN7SKP88	0
RN7SKP89	0
RN7SKP9	0
RN7SKP90	0
RN7SKP91	0
RN7SKP92	0
RN7SKP93	0.035198794
RN7SKP94	0
RN7SKP95	0
RN7SKP96	0
RN7SKP97	0.130647775
RN7SKP98	0
RN7SKP99	0
RN7SL1	0
RN7SL100P	0.037120912
RN7SL101P	0
RN7SL104P	0
RN7SL105P	0
RN7SL106P	0
RN7SL107P	0
RN7SL108P	0
RN7SL110P	0
RN7SL111P	0
RN7SL113P	0.181880055
RN7SL116P	0
RN7SL117P	0
RN7SL118P	0.14405864
RN7SL11P	0.037120912
RN7SL120P	0
RN7SL121P	0
RN7SL122P	0.03613431
RN7SL123P	0
RN7SL124P	0.114488708
RN7SL125P	0.036994651
RN7SL126P	0
RN7SL127P	0
RN7SL128P	0.320943756
RN7SL12P	0.075009843
RN7SL130P	0.178302087
RN7SL131P	0
RN7SL132P	0
RN7SL134P	0.0358958
RN7SL135P	0
RN7SL138P	1.591672287
RN7SL140P	0
RN7SL141P	0
RN7SL143P	0.036620967
RN7SL144P	0
RN7SL145P	0.146978747
RN7SL146P	0.183104837
RN7SL147P	0
RN7SL148P	0
RN7SL149P	0
RN7SL14P	0
RN7SL150P	0
RN7SL151P	0.076865211
RN7SL152P	0.036498078
RN7SL153P	0
RN7SL154P	0
RN7SL155P	0
RN7SL156P	0
RN7SL159P	0
RN7SL15P	0.07226862
RN7SL160P	0.038297279
RN7SL162P	0.074496077
RN7SL163P	0
RN7SL164P	0
RN7SL165P	0.037376039
RN7SL166P	0
RN7SL167P	0
RN7SL168P	0
RN7SL169P	0
RN7SL16P	0
RN7SL170P	0
RN7SL172P	0.107687399
RN7SL173P	0
RN7SL174P	0
RN7SL176P	0
RN7SL177P	0.072752022
RN7SL178P	0
RN7SL180P	0
RN7SL181P	0.274855563
RN7SL182P	0
RN7SL183P	0
RN7SL184P	0
RN7SL185P	0
RN7SL186P	0
RN7SL187P	0.071791599
RN7SL188P	0
RN7SL189P	0
RN7SL18P	0.074752078
RN7SL190P	0
RN7SL191P	0.035660417
RN7SL192P	0.145504044
RN7SL193P	0
RN7SL196P	0
RN7SL197P	0
RN7SL198P	0
RN7SL199P	0
RN7SL19P	0.07108776
RN7SL2	245.8072569
RN7SL200P	0.188826863
RN7SL201P	0
RN7SL202P	0
RN7SL203P	0
RN7SL204P	0
RN7SL205P	0
RN7SL208P	0.183723434
RN7SL209P	0.118222036
RN7SL20P	0.036620967
RN7SL210P	0
RN7SL211P	0
RN7SL213P	0.068620992
RN7SL214P	0
RN7SL215P	0
RN7SL216P	0
RN7SL217P	0
RN7SL218P	0.036376011
RN7SL219P	0
RN7SL220P	0.036254758
RN7SL221P	0.270943029
RN7SL222P	0
RN7SL223P	0
RN7SL225P	0.109494235
RN7SL228P	0
RN7SL229P	0
RN7SL22P	0
RN7SL230P	0.0358958
RN7SL231P	0
RN7SL233P	0.03926508
RN7SL234P	0.036869245
RN7SL236P	0.382972792
RN7SL237P	0
RN7SL238P	0
RN7SL239P	0.108764273
RN7SL23P	0.039550645
RN7SL240P	0
RN7SL241P	0
RN7SL242P	0
RN7SL244P	0
RN7SL246P	0.036744687
RN7SL248P	0
RN7SL250P	0
RN7SL251P	0
RN7SL252P	0
RN7SL253P	0
RN7SL254P	0
RN7SL255P	0
RN7SL258P	0
RN7SL259P	0
RN7SL25P	0
RN7SL260P	0
RN7SL261P	0.038568891
RN7SL262P	0.036994651
RN7SL263P	0.375049217
RN7SL265P	0.036254758
RN7SL266P	0
RN7SL267P	0
RN7SL268P	0.218988469
RN7SL269P	0
RN7SL26P	0
RN7SL270P	0
RN7SL271P	0
RN7SL272P	0
RN7SL273P	0.036376011
RN7SL274P	0
RN7SL275P	0
RN7SL277P	0.113296118
RN7SL278P	0.036744687
RN7SL279P	0
RN7SL280P	0.113296118
RN7SL282P	0
RN7SL283P	0
RN7SL284P	0
RN7SL285P	0.082397176
RN7SL286P	0
RN7SL288P	0
RN7SL28P	0
RN7SL290P	0
RN7SL291P	0
RN7SL292P	0
RN7SL293P	0
RN7SL294P	0
RN7SL296P	0.036376011
RN7SL297P	0
RN7SL299P	0
RN7SL3	4.001361213
RN7SL300P	0.034202602
RN7SL301P	0
RN7SL302P	0
RN7SL303P	0
RN7SL304P	0
RN7SL305P	0.038706147
RN7SL306P	0
RN7SL307P	0
RN7SL308P	0.036620967
RN7SL309P	0
RN7SL30P	0
RN7SL310P	0
RN7SL311P	0
RN7SL313P	0.113296118
RN7SL314P	0
RN7SL316P	0.039986865
RN7SL317P	0
RN7SL318P	0.036620967
RN7SL319P	0
RN7SL320P	0
RN7SL321P	0
RN7SL322P	0
RN7SL323P	0
RN7SL325P	0
RN7SL326P	0
RN7SL327P	0
RN7SL328P	0.072509515
RN7SL329P	0
RN7SL32P	0.077412294
RN7SL330P	0
RN7SL331P	0
RN7SL332P	0
RN7SL333P	0.329588706
RN7SL334P	0.03898361
RN7SL335P	0
RN7SL336P	0.292967739
RN7SL337P	0
RN7SL338P	0
RN7SL339P	0
RN7SL33P	0
RN7SL340P	0
RN7SL341P	0
RN7SL342P	0
RN7SL343P	0
RN7SL344P	0
RN7SL346P	0
RN7SL34P	0.120849192
RN7SL350P	0
RN7SL351P	0.043856562
RN7SL352P	0
RN7SL353P	0.043160426
RN7SL354P	0
RN7SL356P	0
RN7SL357P	0.036498078
RN7SL359P	0.226592235
RN7SL35P	0
RN7SL361P	0
RN7SL362P	0
RN7SL363P	0
RN7SL364P	0.07997373
RN7SL366P	0
RN7SL368P	0.196325402
RN7SL369P	0
RN7SL36P	0
RN7SL370P	0
RN7SL371P	0
RN7SL372P	0
RN7SL375P	0
RN7SL376P	0
RN7SL377P	0.039123839
RN7SL378P	0
RN7SL379P	0
RN7SL37P	0
RN7SL380P	0
RN7SL381P	0.766459642
RN7SL382P	0.038568891
RN7SL383P	0
RN7SL384P	0
RN7SL385P	0
RN7SL386P	0
RN7SL387P	0
RN7SL388P	0.096251569
RN7SL38P	0
RN7SL390P	0
RN7SL391P	0
RN7SL392P	0
RN7SL393P	0.11023406
RN7SL394P	0
RN7SL395P	0.074752078
RN7SL396P	0.331823206
RN7SL397P	0
RN7SL398P	0
RN7SL399P	0
RN7SL39P	0
RN7SL400P	0
RN7SL401P	0
RN7SL402P	0
RN7SL403P	0.178302087
RN7SL404P	0
RN7SL405P	0.037634697
RN7SL408P	0.073489374
RN7SL40P	0.031802419
RN7SL411P	0
RN7SL413P	0
RN7SL414P	0
RN7SL415P	0
RN7SL416P	0
RN7SL417P	0.779819316
RN7SL418P	0
RN7SL419P	0
RN7SL41P	0
RN7SL420P	0
RN7SL422P	0
RN7SL423P	0
RN7SL424P	0
RN7SL426P	0
RN7SL428P	0
RN7SL429P	0
RN7SL42P	0.073989301
RN7SL430P	0
RN7SL431P	0.178302087
RN7SL432P	0
RN7SL434P	0
RN7SL435P	0
RN7SL43P	0.037376039
RN7SL440P	0
RN7SL441P	0
RN7SL442P	0
RN7SL443P	0.037504922
RN7SL444P	0.108764273
RN7SL445P	0
RN7SL446P	0
RN7SL447P	0
RN7SL448P	0.07373849
RN7SL449P	0.076058932
RN7SL44P	0.03601466
RN7SL451P	0
RN7SL452P	0.074752078
RN7SL453P	0
RN7SL454P	0
RN7SL455P	0
RN7SL456P	0
RN7SL457P	0
RN7SL459P	0
RN7SL45P	0.036498078
RN7SL460P	0
RN7SL461P	0
RN7SL462P	0
RN7SL464P	0.036620967
RN7SL465P	0
RN7SL466P	0.036869245
RN7SL468P	0
RN7SL469P	0
RN7SL470P	0
RN7SL471P	0
RN7SL472P	0
RN7SL473P	0.072752022
RN7SL474P	0
RN7SL475P	0
RN7SL477P	0.038029466
RN7SL478P	0
RN7SL479P	0
RN7SL47P	0.036376011
RN7SL480P	0
RN7SL481P	0.327384099
RN7SL482P	0
RN7SL483P	0
RN7SL484P	0
RN7SL487P	0
RN7SL488P	0
RN7SL489P	0
RN7SL48P	0.037120912
RN7SL491P	0
RN7SL492P	0
RN7SL493P	0
RN7SL494P	0.107333164
RN7SL495P	0
RN7SL496P	0
RN7SL497P	0
RN7SL498P	0
RN7SL499P	0
RN7SL49P	0.291984625
RN7SL4P	1.069208107
RN7SL502P	0.037504922
RN7SL503P	0
RN7SL504P	0
RN7SL505P	0.037120912
RN7SL507P	0
RN7SL508P	0.071791599
RN7SL509P	0
RN7SL50P	0
RN7SL510P	0.124065711
RN7SL513P	0
RN7SL515P	0
RN7SL516P	0
RN7SL517P	0
RN7SL518P	0
RN7SL519P	0
RN7SL51P	0
RN7SL520P	0
RN7SL521P	0.109862902
RN7SL523P	0
RN7SL524P	0
RN7SL525P	0.038844383
RN7SL526P	0.852384584
RN7SL52P	0
RN7SL530P	0
RN7SL531P	0
RN7SL535P	0.257212808
RN7SL536P	0
RN7SL538P	0
RN7SL539P	0
RN7SL541P	0
RN7SL542P	0
RN7SL543P	0
RN7SL544P	0
RN7SL545P	0
RN7SL546P	0.037504922
RN7SL547P	0
RN7SL549P	0
RN7SL551P	0
RN7SL552P	0
RN7SL553P	0
RN7SL554P	0
RN7SL555P	0
RN7SL556P	0
RN7SL557P	0
RN7SL558P	0.072752022
RN7SL559P	0.146483869
RN7SL55P	0
RN7SL560P	0.041198588
RN7SL561P	0
RN7SL563P	0
RN7SL564P	0
RN7SL565P	0
RN7SL566P	0.073489374
RN7SL567P	0
RN7SL568P	0
RN7SL569P	0
RN7SL570P	0
RN7SL571P	0
RN7SL573P	0
RN7SL574P	0.109862902
RN7SL575P	0
RN7SL577P	0
RN7SL578P	0
RN7SL57P	0.075009843
RN7SL580P	0
RN7SL581P	0
RN7SL582P	0
RN7SL583P	0
RN7SL584P	0
RN7SL585P	0.271910682
RN7SL586P	0
RN7SL587P	0
RN7SL589P	0.105255748
RN7SL58P	0
RN7SL591P	0
RN7SL592P	0.077412294
RN7SL594P	0
RN7SL596P	0.037765373
RN7SL597P	0.11023406
RN7SL598P	0
RN7SL5P	0.745424924
RN7SL600P	0.218256066
RN7SL601P	0
RN7SL602P	0
RN7SL604P	0
RN7SL605P	0.38706147
RN7SL606P	0
RN7SL607P	0.036376011
RN7SL608P	0.584754156
RN7SL60P	0
RN7SL610P	0
RN7SL612P	0
RN7SL614P	0.038844383
RN7SL615P	0
RN7SL616P	0
RN7SL617P	0
RN7SL618P	0
RN7SL619P	0
RN7SL620P	0
RN7SL621P	0
RN7SL622P	0
RN7SL623P	0
RN7SL624P	0
RN7SL625P	0.037376039
RN7SL627P	0
RN7SL628P	0
RN7SL629P	0
RN7SL62P	0.036620967
RN7SL630P	0
RN7SL632P	0
RN7SL633P	0
RN7SL634P	0
RN7SL635P	0
RN7SL636P	0
RN7SL638P	0
RN7SL63P	0
RN7SL640P	0
RN7SL643P	0.037376039
RN7SL644P	0
RN7SL645P	0
RN7SL646P	0
RN7SL647P	0
RN7SL648P	0
RN7SL649P	0
RN7SL650P	0.072752022
RN7SL652P	0.036254758
RN7SL653P	0
RN7SL654P	0
RN7SL655P	0
RN7SL656P	0
RN7SL657P	0
RN7SL658P	0
RN7SL659P	0.036376011
RN7SL65P	0
RN7SL660P	0
RN7SL663P	0.109128033
RN7SL664P	0.071320835
RN7SL665P	0
RN7SL666P	0
RN7SL667P	0
RN7SL668P	0
RN7SL66P	0
RN7SL670P	0
RN7SL672P	0
RN7SL673P	0
RN7SL674P	0.118651934
RN7SL675P	0
RN7SL677P	0
RN7SL678P	0.036376011
RN7SL679P	0
RN7SL67P	0.11023406
RN7SL680P	0
RN7SL681P	0
RN7SL683P	0
RN7SL684P	0.073989301
RN7SL685P	0
RN7SL687P	0
RN7SL688P	0.039550645
RN7SL689P	2.563467713
RN7SL68P	0.175426247
RN7SL690P	0
RN7SL691P	0
RN7SL692P	0
RN7SL693P	0
RN7SL697P	0
RN7SL698P	0
RN7SL69P	0
RN7SL700P	0
RN7SL702P	0
RN7SL703P	0
RN7SL704P	0
RN7SL705P	0
RN7SL706P	0
RN7SL708P	0.036376011
RN7SL709P	0
RN7SL70P	0
RN7SL711P	0
RN7SL712P	0
RN7SL713P	0
RN7SL714P	0
RN7SL715P	0
RN7SL716P	0
RN7SL717P	0
RN7SL718P	0
RN7SL719P	0
RN7SL720P	0
RN7SL722P	0
RN7SL724P	0.080268836
RN7SL725P	0
RN7SL726P	0
RN7SL727P	0
RN7SL728P	0
RN7SL72P	0
RN7SL731P	0
RN7SL732P	0.036254758
RN7SL733P	0
RN7SL734P	0
RN7SL735P	0.037248039
RN7SL736P	0
RN7SL737P	0
RN7SL738P	0.366209673
RN7SL73P	0
RN7SL740P	0
RN7SL741P	0
RN7SL743P	0.072996156
RN7SL744P	0
RN7SL745P	0.145504044
RN7SL748P	0
RN7SL749P	0.112514765
RN7SL74P	0
RN7SL750P	0
RN7SL751P	0
RN7SL752P	0.49266047
RN7SL753P	0
RN7SL754P	0
RN7SL756P	0
RN7SL757P	0
RN7SL759P	0
RN7SL75P	0.077412294
RN7SL760P	0.080566128
RN7SL761P	0
RN7SL762P	0
RN7SL763P	0
RN7SL764P	0.038029466
RN7SL766P	0
RN7SL767P	0.036869245
RN7SL769P	0
RN7SL76P	0.037634697
RN7SL771P	0.036498078
RN7SL774P	0
RN7SL775P	0.032370319
RN7SL776P	0
RN7SL778P	0
RN7SL77P	0
RN7SL782P	0
RN7SL783P	0
RN7SL784P	0.031802419
RN7SL785P	0
RN7SL786P	0
RN7SL787P	0
RN7SL788P	0
RN7SL789P	0
RN7SL78P	0
RN7SL790P	0
RN7SL791P	0.036869245
RN7SL792P	0
RN7SL793P	0
RN7SL794P	0
RN7SL795P	0.038568891
RN7SL796P	0
RN7SL797P	0
RN7SL798P	0
RN7SL799P	0
RN7SL79P	0
RN7SL7P	0.036498078
RN7SL800P	0
RN7SL801P	0
RN7SL802P	0
RN7SL803P	0
RN7SL804P	0
RN7SL806P	0.077137782
RN7SL807P	0
RN7SL808P	0
RN7SL809P	0.219725804
RN7SL810P	0
RN7SL811P	0
RN7SL812P	0.155934442
RN7SL813P	0
RN7SL814P	0
RN7SL815P	0
RN7SL817P	0
RN7SL818P	0
RN7SL819P	0
RN7SL81P	0.583409893
RN7SL820P	0.072752022
RN7SL822P	0
RN7SL823P	0
RN7SL824P	0
RN7SL825P	0
RN7SL826P	0
RN7SL827P	0.075530745
RN7SL828P	0
RN7SL82P	0
RN7SL831P	0
RN7SL832P	0.111489574
RN7SL833P	0.038297279
RN7SL834P	0.760589321
RN7SL835P	0.041513081
RN7SL836P	0
RN7SL837P	0
RN7SL838P	0.036869245
RN7SL83P	0
RN7SL840P	0
RN7SL841P	0.036620967
RN7SL842P	0.036254758
RN7SL843P	0
RN7SL845P	0
RN7SL846P	0
RN7SL847P	0
RN7SL849P	0
RN7SL850P	0
RN7SL851P	0.0358958
RN7SL853P	0
RN7SL854P	0
RN7SL856P	0
RN7SL860P	0
RN7SL861P	0
RN7SL862P	0
RN7SL863P	0
RN7SL864P	0
RN7SL865P	0
RN7SL868P	0
RN7SL869P	0
RN7SL870P	0
RN7SL87P	0
RN7SL88P	0
RN7SL89P	0
RN7SL8P	0.122666473
RN7SL91P	0
RN7SL93P	0
RN7SL96P	0
RN7SL97P	0
RN7SL98P	0
RNA5-8S5	0
RNA5-8SN3	0
RNA5-8SN3	0
RNA5-8SN4	0
RNA5-8SP2	0
RNA5-8SP4	0
RNA5-8SP5	0
RNA5-8SP6	0
RNA5-8SP7	0
RNA5S1	0
RNA5S10	0
RNA5S11	0
RNA5S12	0
RNA5S13	0
RNA5S14	0
RNA5S15	0
RNA5S16	0
RNA5S17	0
RNA5S2	0
RNA5S3	0
RNA5S4	0
RNA5S5	0
RNA5S6	0
RNA5S7	0
RNA5S8	0
RNA5S9	0
RNA5SP100	0
RNA5SP101	0
RNA5SP102	0
RNA5SP103	0
RNA5SP104	0
RNA5SP105	0
RNA5SP106	0
RNA5SP107	0
RNA5SP108	0.092960917
RNA5SP109	0
RNA5SP110	0
RNA5SP111	0
RNA5SP112	0
RNA5SP113	0
RNA5SP114	0
RNA5SP115	0
RNA5SP116	0
RNA5SP117	0
RNA5SP118	0.099783737
RNA5SP119	0
RNA5SP120	0
RNA5SP121	0
RNA5SP122	0.10070766
RNA5SP123	0
RNA5SP124	0
RNA5SP125	0
RNA5SP126	0
RNA5SP127	0
RNA5SP128	0
RNA5SP129	0
RNA5SP130	0
RNA5SP131	0
RNA5SP132	0
RNA5SP133	0
RNA5SP134	0
RNA5SP135	0
RNA5SP136	0
RNA5SP137	0
RNA5SP138	0
RNA5SP139	0
RNA5SP140	0
RNA5SP141	0
RNA5SP142	0
RNA5SP143	0
RNA5SP144	0
RNA5SP145	0
RNA5SP146	0
RNA5SP147	0
RNA5SP148	0
RNA5SP149	0
RNA5SP150	0
RNA5SP151	0.092960917
RNA5SP152	0
RNA5SP153	0
RNA5SP154	0.293957495
RNA5SP155	0
RNA5SP156	0
RNA5SP157	0
RNA5SP158	0
RNA5SP159	0.105596382
RNA5SP160	0
RNA5SP161	0
RNA5SP162	0
RNA5SP163	0
RNA5SP164	0
RNA5SP165	0
RNA5SP166	0
RNA5SP167	0
RNA5SP168	0
RNA5SP169	0
RNA5SP170	0
RNA5SP171	0
RNA5SP172	0
RNA5SP173	0
RNA5SP174	0
RNA5SP175	0
RNA5SP176	0
RNA5SP177	0
RNA5SP178	0
RNA5SP179	0
RNA5SP18	0.988766118
RNA5SP180	0
RNA5SP181	0
RNA5SP182	0
RNA5SP183	0
RNA5SP184	0.10070766
RNA5SP185	0
RNA5SP186	0
RNA5SP187	0.182797097
RNA5SP188	0
RNA5SP189	0
RNA5SP19	0
RNA5SP190	0
RNA5SP191	0
RNA5SP192	0
RNA5SP193	0
RNA5SP194	0
RNA5SP195	0.092960917
RNA5SP196	0
RNA5SP197	0.091398549
RNA5SP198	0
RNA5SP199	0
RNA5SP20	0
RNA5SP200	0
RNA5SP201	0.26313937
RNA5SP202	0
RNA5SP203	0.479842381
RNA5SP204	0
RNA5SP205	0
RNA5SP206	0
RNA5SP207	0.101648853
RNA5SP208	0
RNA5SP209	0
RNA5SP21	0
RNA5SP210	0
RNA5SP211	0
RNA5SP212	0
RNA5SP213	0
RNA5SP214	0
RNA5SP215	0
RNA5SP216	0
RNA5SP217	0
RNA5SP218	0
RNA5SP219	1.540025104
RNA5SP22	0
RNA5SP220	0
RNA5SP221	0
RNA5SP222	0
RNA5SP223	0
RNA5SP224	0
RNA5SP225	0
RNA5SP226	0
RNA5SP227	0
RNA5SP228	0
RNA5SP229	0
RNA5SP23	0
RNA5SP230	0
RNA5SP231	0
RNA5SP232	0
RNA5SP233	0
RNA5SP234	0
RNA5SP235	0
RNA5SP236	0
RNA5SP237	0
RNA5SP238	0
RNA5SP239	0
RNA5SP24	0
RNA5SP240	0
RNA5SP241	0
RNA5SP242	0
RNA5SP243	0
RNA5SP244	0
RNA5SP245	0
RNA5SP246	0
RNA5SP247	0
RNA5SP248	0
RNA5SP249	0
RNA5SP25	0
RNA5SP250	0
RNA5SP251	0
RNA5SP252	0
RNA5SP253	0
RNA5SP254	0
RNA5SP255	0.101648853
RNA5SP256	0
RNA5SP257	0
RNA5SP258	0
RNA5SP259	0
RNA5SP26	0
RNA5SP260	0
RNA5SP261	0
RNA5SP262	0
RNA5SP263	0
RNA5SP264	0
RNA5SP265	0
RNA5SP266	0
RNA5SP267	0
RNA5SP268	0.087713123
RNA5SP269	0
RNA5SP27	0
RNA5SP270	0
RNA5SP271	0
RNA5SP272	0
RNA5SP273	0
RNA5SP274	0
RNA5SP275	0
RNA5SP276	0
RNA5SP277	0
RNA5SP278	0
RNA5SP279	0
RNA5SP28	0
RNA5SP280	0
RNA5SP281	0
RNA5SP282	0
RNA5SP283	2.924753559
RNA5SP284	0
RNA5SP285	0
RNA5SP286	0
RNA5SP287	0
RNA5SP288	0.116950831
RNA5SP289	0
RNA5SP29	0.102607805
RNA5SP290	0
RNA5SP291	0
RNA5SP292	0
RNA5SP293	0
RNA5SP294	0
RNA5SP295	0
RNA5SP296	0
RNA5SP297	0
RNA5SP298	0.097985832
RNA5SP299	0
RNA5SP30	0
RNA5SP300	0
RNA5SP301	0.089887829
RNA5SP302	0
RNA5SP303	0
RNA5SP304	0
RNA5SP305	0
RNA5SP306	0
RNA5SP307	0
RNA5SP308	0
RNA5SP309	0
RNA5SP31	0
RNA5SP310	0.281286913
RNA5SP311	0.187524609
RNA5SP312	0
RNA5SP315	0
RNA5SP317	0.843860739
RNA5SP318	0
RNA5SP319	0
RNA5SP320	0.087713123
RNA5SP321	0
RNA5SP322	0
RNA5SP323	0.163555298
RNA5SP324	0
RNA5SP325	0
RNA5SP326	0
RNA5SP327	0
RNA5SP328	0
RNA5SP329	0
RNA5SP33	0
RNA5SP330	0
RNA5SP331	0
RNA5SP332	0
RNA5SP333	0
RNA5SP334	0
RNA5SP335	0
RNA5SP336	0
RNA5SP337	0
RNA5SP338	0
RNA5SP339	0
RNA5SP34	0
RNA5SP340	0
RNA5SP341	0
RNA5SP342	0
RNA5SP344	0
RNA5SP345	0.10070766
RNA5SP346	0
RNA5SP347	0
RNA5SP349	0
RNA5SP35	0
RNA5SP350	0
RNA5SP351	0
RNA5SP352	0
RNA5SP353	0
RNA5SP354	0.07997373
RNA5SP355	0
RNA5SP356	0
RNA5SP357	0
RNA5SP358	0
RNA5SP359	0
RNA5SP36	0
RNA5SP360	0
RNA5SP361	0
RNA5SP362	0
RNA5SP363	0
RNA5SP364	0.139441376
RNA5SP365	0
RNA5SP366	0
RNA5SP367	0
RNA5SP368	0
RNA5SP369	0
RNA5SP37	0.669318603
RNA5SP370	0
RNA5SP371	0
RNA5SP372	0.094577629
RNA5SP373	0
RNA5SP374	0
RNA5SP375	0
RNA5SP376	0
RNA5SP377	0
RNA5SP378	0
RNA5SP379	0
RNA5SP38	0.091398549
RNA5SP380	0
RNA5SP382	0
RNA5SP383	0.090636894
RNA5SP384	0
RNA5SP385	0
RNA5SP386	0
RNA5SP387	0
RNA5SP388	0
RNA5SP389	0
RNA5SP39	0
RNA5SP390	0
RNA5SP391	0
RNA5SP392	0
RNA5SP393	0
RNA5SP394	0.182797097
RNA5SP395	0
RNA5SP396	0
RNA5SP397	0
RNA5SP399	0
RNA5SP40	0
RNA5SP400	0
RNA5SP401	0
RNA5SP402	0
RNA5SP403	0
RNA5SP404	0
RNA5SP405	0
RNA5SP406	0
RNA5SP407	0
RNA5SP408	0
RNA5SP409	0
RNA5SP41	0.323062197
RNA5SP410	0
RNA5SP411	0
RNA5SP412	0
RNA5SP413	0
RNA5SP414	0
RNA5SP415	0
RNA5SP416	0
RNA5SP417	0
RNA5SP418	0
RNA5SP419	0
RNA5SP42	0
RNA5SP420	0
RNA5SP421	0
RNA5SP422	0
RNA5SP423	0
RNA5SP424	0
RNA5SP425	0.097110958
RNA5SP426	0
RNA5SP427	0
RNA5SP428	0
RNA5SP429	0
RNA5SP43	0
RNA5SP430	0
RNA5SP431	0
RNA5SP432	0
RNA5SP433	0
RNA5SP434	0
RNA5SP435	0
RNA5SP436	0
RNA5SP437	0
RNA5SP438	0
RNA5SP439	0
RNA5SP44	0
RNA5SP440	0
RNA5SP441	0.123595765
RNA5SP442	0
RNA5SP443	0
RNA5SP444	0
RNA5SP445	0
RNA5SP446	0
RNA5SP447	0
RNA5SP448	0.097985832
RNA5SP449	0.083664825
RNA5SP45	0
RNA5SP450	0
RNA5SP451	0
RNA5SP452	0
RNA5SP453	0
RNA5SP454	0
RNA5SP455	0
RNA5SP456	0
RNA5SP457	0
RNA5SP458	0
RNA5SP459	0
RNA5SP46	0
RNA5SP460	0.108764273
RNA5SP461	0
RNA5SP462	0.194221916
RNA5SP463	0
RNA5SP464	0.10070766
RNA5SP465	0
RNA5SP466	0
RNA5SP467	0
RNA5SP468	0
RNA5SP469	0
RNA5SP47	0
RNA5SP470	0
RNA5SP471	0
RNA5SP472	0
RNA5SP473	0
RNA5SP474	0.241698384
RNA5SP475	0
RNA5SP476	0
RNA5SP477	0.182797097
RNA5SP478	0
RNA5SP479	0
RNA5SP48	0
RNA5SP480	0
RNA5SP481	0
RNA5SP482	0
RNA5SP483	0
RNA5SP484	0
RNA5SP485	0
RNA5SP486	0
RNA5SP487	0
RNA5SP488	0.093762304
RNA5SP489	0
RNA5SP49	0
RNA5SP490	0.23992119
RNA5SP491	0
RNA5SP492	0
RNA5SP493	0.119521179
RNA5SP494	0.08431339
RNA5SP495	0
RNA5SP496	0.099783737
RNA5SP497	0
RNA5SP498	0
RNA5SP499	0
RNA5SP50	0
RNA5SP500	0
RNA5SP501	0
RNA5SP502	0
RNA5SP503	0
RNA5SP504	0
RNA5SP505	0
RNA5SP506	0
RNA5SP507	0
RNA5SP508	0.091398549
RNA5SP509	0
RNA5SP51	0
RNA5SP510	0
RNA5SP511	0.189155257
RNA5SP512	0
RNA5SP513	0
RNA5SP514	0
RNA5SP515	0
RNA5SP516	0
RNA5SP517	0
RNA5SP518	0
RNA5SP519	0
RNA5SP52	0
RNA5SP520	0
RNA5SP521	0
RNA5SP522	0
RNA5SP523	0
RNA5SP524	0
RNA5SP525	0
RNA5SP526	0
RNA5SP527	0
RNA5SP528	0
RNA5SP529	0
RNA5SP53	0.090636894
RNA5SP530	0.184346225
RNA5SP531	0
RNA5SP533	0
RNA5SP534	0
RNA5SP535	0
RNA5SP536	0
RNA5SP54	0
RNA5SP55	0
RNA5SP56	0
RNA5SP57	0
RNA5SP59	0
RNA5SP60	0
RNA5SP61	0
RNA5SP62	0
RNA5SP63	0
RNA5SP64	0
RNA5SP65	0
RNA5SP66	0
RNA5SP67	0
RNA5SP68	0
RNA5SP69	0
RNA5SP70	0
RNA5SP71	0
RNA5SP72	0
RNA5SP73	0
RNA5SP74	0
RNA5SP75	0.097985832
RNA5SP76	0
RNA5SP77	0
RNA5SP78	0.276519338
RNA5SP79	0
RNA5SP80	0
RNA5SP82	0.945776287
RNA5SP84	0
RNA5SP85	0
RNA5SP86	0
RNA5SP87	0
RNA5SP88	0
RNA5SP89	0
RNA5SP90	0
RNA5SP91	0
RNA5SP92	0
RNA5SP93	0
RNA5SP94	0
RNA5SP95	0
RNA5SP96	0
RNA5SP97	0
RNA5SP98	0
RNA5SP99	0
RNASE1	113.5380568
RNASE10	0.027191068
RNASE11	0
RNASE12	0
RNASE13	0.006768156
RNASE2	2.218503051
RNASE3	0.135955341
RNASE4	0.482841778
RNASE6	12.906147
RNASE7	3.860079601
RNASE8	0
RNASE9	0
RNASEH1	5.447704423
RNASEH1-AS1	0.830466124
RNASEH1P1	0
RNASEH1P2	0.013767629
RNASEH2A	13.13279255
RNASEH2B	2.199798595
RNASEH2B-AS1	0.044517906
RNASEH2C	4.368811073
RNASEH2CP1	0
RNASEK	3.021567561
RNASEK-C17orf49	0.162001228
RNASEL	3.485783965
RNASET2	2.665386409
RND1	1.547758773
RND2	0.832035445
RND3	57.74432645
RNF10	24.04553408
RNF103	7.462783515
RNF103-CHMP3	0.065128307
RNF10P1	0
RNF11	23.42856296
RNF111	5.598005193
RNF112	0.321646809
RNF113A	11.43110097
RNF113B	0.015808761
RNF114	19.95263562
RNF115	3.633028156
RNF11P2	0
RNF121	9.708591117
RNF122	7.912775534
RNF123	3.581725053
RNF125	0.847318476
RNF126	7.124433212
RNF126P1	0.016479435
RNF128	1.863443838
RNF13	20.49316384
RNF130	4.9725173
RNF133	0.030107757
RNF135	6.969420173
RNF138	5.663193765
RNF138P1	0.039840393
RNF138P2	0
RNF139	13.40217541
RNF139-AS1	0.142554355
RNF14	10.29847397
RNF141	5.720555687
RNF144A	5.931374689
RNF144A-AS1	0.234002308
RNF144B	24.15932981
RNF145	20.57657865
RNF146	5.276989527
RNF148	0.058385729
RNF149	10.56155967
RNF150	1.598806157
RNF151	0.011121091
RNF152	9.228390768
RNF152P1	0.01800733
RNF157	0.216078727
RNF157-AS1	0.06669732
RNF165	0.960104976
RNF166	4.40354214
RNF167	23.29077507
RNF168	7.503860164
RNF169	3.994372443
RNF17	0.034748969
RNF170	4.016464317
RNF175	0.616908974
RNF180	0.572443542
RNF181	41.39282946
RNF182	0.249971679
RNF183	0.104408929
RNF185	13.8519048
RNF185-AS1	0
RNF186	0.008701142
RNF187	51.39898245
RNF19A	12.60076087
RNF19B	34.7878985
RNF19BPX	0
RNF19BPY	0
RNF2	7.466361582
RNF20	10.69337707
RNF207	0.888613195
RNF208	1.030896153
RNF212	0.117394978
RNF212B	0.105647667
RNF213	9.711884382
RNF214	3.022054151
RNF215	1.535640149
RNF216	8.65089243
RNF216-IT1	0.12909706
RNF216P1	2.617448747
RNF217	2.824007025
RNF217-AS1	0.147207026
RNF219	3.186802444
RNF219-AS1	0.002474727
RNF220	4.66966668
RNF222	0.035428102
RNF223	0.091494657
RNF224	0.024196724
RNF225	0.296629835
RNF227	2.227753792
RNF24	6.140330434
RNF25	6.994998873
RNF26	23.79779464
RNF2P1	0
RNF31	4.870596006
RNF32	0.13436904
RNF34	5.923377443
RNF38	5.526812763
RNF39	2.144717078
RNF4	7.552160247
RNF40	7.740054502
RNF41	7.221002672
RNF43	3.543353064
RNF44	10.57473135
RNF5	27.83737547
RNF5P1	9.224821671
RNF6	8.204982809
RNF6P1	0
RNF7	19.1089185
RNF7P1	0.063604838
RNF8	3.505269877
RNFT1	3.20629013
RNFT1-DT	0.055985353
RNFT1P2	0
RNFT1P3	0.031016428
RNFT2	0.192814728
RNGTT	4.18153938
RNGTTP1	0
RNH1	19.13330823
RNLS	1.999404255
RNMT	6.480369172
RNMTL1P1	0
RNMTL1P2	0
RNPC3	0.886966548
RNPEP	19.44251261
RNPEPL1	9.980210808
RNPS1	8.350591874
RNPS1P1	0.355438801
RNU105B	0
RNU105C	0
RNU11	0
RNU1-1	0
RNU1-100P	0.065917741
RNU1-101P	0
RNU1-103P	0.696091347
RNU1-104P	0
RNU1-105P	0
RNU1-106P	0.397918072
RNU1-107P	0
RNU1-108P	0
RNU1-109P	0
RNU1-112P	0
RNU1-114P	0
RNU1-115P	0
RNU1-117P	0
RNU1-119P	0
RNU1-11P	0
RNU1-120P	0.277106428
RNU1-122P	0.139441376
RNU1-123P	0
RNU1-124P	0.150019687
RNU1-125P	0
RNU1-128P	0
RNU1-129P	0
RNU11-2P	0
RNU1-130P	0
RNU1-131P	0
RNU1-132P	0
RNU1-133P	0
RNU1-134P	0.065917741
RNU1-136P	0
RNU1-138P	0
RNU1-139P	0
RNU1-13P	0
RNU11-3P	0
RNU1-140P	0
RNU1-141P	0
RNU1-142P	0
RNU1-143P	0.074496077
RNU1-146P	0
RNU1-148P	0
RNU1-149P	0
RNU1-14P	0
RNU11-4P	0
RNU1-150P	0
RNU1-151P	0
RNU1-15P	0
RNU11-5P	0
RNU1-16P	0.066319679
RNU11-6P	0
RNU1-17P	0
RNU1-18P	0
RNU1-19P	0
RNU12	0
RNU1-2	0
RNU1-20P	0.06713844
RNU1-21P	0
RNU1-22P	0
RNU12-2P	0
RNU1-23P	0
RNU1-24P	0
RNU1-27P	0
RNU1-28P	0
RNU1-29P	0
RNU1-3	0
RNU1-30P	0
RNU1-31P	0
RNU1-32P	0
RNU1-33P	0
RNU1-34P	0
RNU1-35P	0
RNU1-36P	0
RNU1-38P	0.15106149
RNU1-39P	0
RNU1-4	0
RNU1-40P	0
RNU1-41P	0
RNU1-42P	0
RNU1-43P	0
RNU1-44P	0
RNU1-45P	0
RNU1-46P	0
RNU1-47P	0.133453096
RNU1-48P	0
RNU1-49P	0
RNU1-51P	0
RNU1-52P	0
RNU1-54P	0
RNU1-55P	0
RNU1-56P	0
RNU1-57P	0
RNU1-58P	0
RNU1-59P	0
RNU1-5P	0
RNU1-61P	0.14405864
RNU1-62P	0
RNU1-63P	0
RNU1-64P	0
RNU1-65P	0
RNU1-67P	0.066319679
RNU1-68P	0
RNU1-6P	0
RNU1-70P	0.066319679
RNU1-72P	0.14217552
RNU1-73P	0
RNU1-74P	0
RNU1-75P	0
RNU1-76P	0
RNU1-77P	0
RNU1-78P	0
RNU1-7P	0
RNU1-80P	0
RNU1-82P	0
RNU1-83P	0
RNU1-84P	0
RNU1-85P	0
RNU1-86P	0
RNU1-87P	0
RNU1-88P	0
RNU1-89P	0
RNU1-8P	0
RNU1-91P	0
RNU1-92P	0
RNU1-93P	0
RNU1-94P	0
RNU1-95P	0
RNU1-96P	0
RNU1-97P	0
RNU1-98P	0.067977671
RNU2-1	0
RNU2-10P	0
RNU2-11P	0.523464415
RNU2-12P	0
RNU2-13P	0
RNU2-14P	0
RNU2-15P	0
RNU2-16P	0
RNU2-17P	0.057244354
RNU2-18P	0
RNU2-19P	0
RNU2-20P	0
RNU2-21P	0
RNU2-22P	0.051303902
RNU2-23P	0
RNU2-24P	0
RNU2-25P	0.056944646
RNU2-26P	0
RNU2-27P	3.216971454
RNU2-28P	0
RNU2-29P	0
RNU2-2P	0
RNU2-30P	0
RNU2-31P	0
RNU2-32P	0
RNU2-33P	0.113296118
RNU2-34P	0.089887829
RNU2-35P	0
RNU2-36P	0
RNU2-37P	0
RNU2-38P	0.137676295
RNU2-39P	0
RNU2-3P	0
RNU2-40P	0
RNU2-41P	0
RNU2-42P	0.096251569
RNU2-43P	0
RNU2-44P	0
RNU2-45P	0
RNU2-46P	0
RNU2-47P	0
RNU2-48P	0
RNU2-49P	0
RNU2-4P	0
RNU2-50P	0
RNU2-51P	0.055210291
RNU2-52P	0.114488708
RNU2-53P	0
RNU2-54P	0
RNU2-55P	0
RNU2-56P	0
RNU2-57P	0
RNU2-58P	0.118868058
RNU2-59P	0
RNU2-5P	0
RNU2-60P	0
RNU2-61P	0
RNU2-62P	0
RNU2-63P	0
RNU2-64P	0
RNU2-65P	0
RNU2-66P	0
RNU2-68P	0
RNU2-69P	0.108764273
RNU2-6P	0.057244354
RNU2-70P	0.060762164
RNU2-71P	0.057547234
RNU2-72P	0
RNU2-7P	0.122207048
RNU2-8P	0
RNU2-9P	0
RNU4-1	0.154275565
RNU4-10P	0
RNU4-11P	0
RNU4-12P	0
RNU4-13P	0
RNU4-14P	0
RNU4-15P	0
RNU4-16P	0
RNU4-17P	0
RNU4-18P	0
RNU4-2	0.231413347
RNU4-20P	0
RNU4-21P	0.172641703
RNU4-22P	0
RNU4-23P	0.388443832
RNU4-24P	0
RNU4-25P	0
RNU4-26P	0
RNU4-27P	0
RNU4-28P	0
RNU4-29P	0.125016406
RNU4-30P	0
RNU4-31P	0
RNU4-32P	0
RNU4-33P	0
RNU4-34P	0
RNU4-35P	0
RNU4-36P	0.075530745
RNU4-37P	0
RNU4-38P	0
RNU4-39P	0.17128232
RNU4-40P	0
RNU4-41P	0
RNU4-42P	0.076594558
RNU4-43P	0
RNU4-44P	0
RNU4-45P	0
RNU4-46P	0
RNU4-47P	0.572443542
RNU4-48P	0
RNU4-49P	0
RNU4-4P	0
RNU4-50P	0.077137782
RNU4-51P	0
RNU4-52P	0.157629381
RNU4-53P	0
RNU4-54P	0
RNU4-55P	0
RNU4-56P	0
RNU4-57P	0
RNU4-58P	0
RNU4-59P	0
RNU4-5P	0.080566128
RNU4-60P	0
RNU4-61P	0
RNU4-62P	0.334659301
RNU4-63P	0
RNU4-64P	0
RNU4-65P	0
RNU4-66P	0
RNU4-67P	0
RNU4-68P	0
RNU4-69P	0
RNU4-6P	0
RNU4-70P	0
RNU4-71P	0
RNU4-72P	0
RNU4-73P	0
RNU4-74P	0.135110898
RNU4-75P	0
RNU4-76P	0
RNU4-77P	0
RNU4-78P	0
RNU4-79P	0
RNU4-7P	0
RNU4-80P	0
RNU4-81P	0
RNU4-82P	0.155377533
RNU4-83P	0
RNU4-84P	0
RNU4-85P	0
RNU4-86P	0
RNU4-87P	0
RNU4-88P	0
RNU4-89P	0.327110595
RNU4-8P	0.077137782
RNU4-90P	0
RNU4-91P	0
RNU4-92P	0
RNU4-9P	0.078247678
RNU4ATAC	0.342564639
RNU4ATAC10P	0
RNU4ATAC11P	0.086320852
RNU4ATAC12P	0
RNU4ATAC13P	0
RNU4ATAC14P	0
RNU4ATAC15P	0
RNU4ATAC16P	0
RNU4ATAC17P	0.090636894
RNU4ATAC18P	0.604245961
RNU4ATAC2P	0
RNU4ATAC3P	0
RNU4ATAC4P	0
RNU4ATAC5P	0
RNU4ATAC6P	0
RNU4ATAC7P	0
RNU4ATAC8P	0
RNU4ATAC9P	0
RNU5A-1	0
RNU5A-2P	0
RNU5A-3P	0
RNU5A-4P	0
RNU5A-5P	0
RNU5A-6P	0
RNU5A-7P	0
RNU5A-8P	0
RNU5B-1	0
RNU5B-2P	0.96251569
RNU5B-3P	0
RNU5B-4P	0.293957495
RNU5B-6P	0
RNU5D-1	0.093762304
RNU5D-2P	0
RNU5E-1	0.271910682
RNU5E-10P	0
RNU5E-3P	0
RNU5E-4P	0
RNU5E-5P	0
RNU5E-6P	0
RNU5E-7P	0
RNU5E-8P	0
RNU5E-9P	0
RNU5F-1	0.092960917
RNU5F-2P	0
RNU5F-3P	0
RNU5F-4P	0
RNU5F-6P	0
RNU5F-7P	0
RNU5F-8P	0
RNU6-1	0.101648853
RNU6-1000P	0
RNU6-1001P	0
RNU6-1003P	0
RNU6-1004P	0
RNU6-1005P	0.101648853
RNU6-1006P	0
RNU6-1007P	0
RNU6-1008P	0
RNU6-1009P	0
RNU6-100P	0.615646828
RNU6-1010P	0.101648853
RNU6-1011P	0.30494656
RNU6-1012P	0
RNU6-1013P	0
RNU6-1014P	0
RNU6-1015P	0
RNU6-1016P	0.578533367
RNU6-1017P	0
RNU6-1018P	0
RNU6-1019P	0
RNU6-101P	0.209162063
RNU6-1020P	0
RNU6-1021P	0
RNU6-1022P	0
RNU6-1023P	0
RNU6-1024P	0.30494656
RNU6-1025P	0
RNU6-1026P	0
RNU6-1027P	0
RNU6-1028P	0
RNU6-1029P	0
RNU6-102P	0
RNU6-1031P	0
RNU6-1032P	0
RNU6-1034P	0
RNU6-1035P	0
RNU6-1036P	0
RNU6-1037P	0
RNU6-1038P	0
RNU6-1039P	0.203297706
RNU6-103P	0.101648853
RNU6-1040P	0
RNU6-1041P	0
RNU6-1042P	0.101648853
RNU6-1043P	0.109862902
RNU6-1044P	0
RNU6-1045P	0
RNU6-1046P	0
RNU6-1047P	0
RNU6-1048P	0.30494656
RNU6-1049P	0
RNU6-104P	0
RNU6-1050P	0
RNU6-1051P	0
RNU6-1052P	0
RNU6-1053P	0.538436995
RNU6-1054P	0.104581032
RNU6-1055P	0.203297706
RNU6-1056P	0.101648853
RNU6-1057P	0
RNU6-1059P	0
RNU6-105P	0
RNU6-1060P	0
RNU6-1061P	0.109862902
RNU6-1062P	0
RNU6-1064P	0
RNU6-1065P	0
RNU6-1066P	0
RNU6-1067P	0
RNU6-1068P	0
RNU6-1069P	0.081777649
RNU6-106P	0
RNU6-1071P	0
RNU6-1072P	0
RNU6-1073P	0
RNU6-1074P	0
RNU6-1075P	0
RNU6-1076P	0
RNU6-1077P	0
RNU6-1078P	0
RNU6-1079P	0
RNU6-107P	0.10663164
RNU6-1080P	0
RNU6-1081P	0
RNU6-1082P	0.101648853
RNU6-1083P	0
RNU6-1084P	0
RNU6-1085P	0
RNU6-1086P	0
RNU6-1087P	0
RNU6-1088P	0
RNU6-1089P	0
RNU6-108P	0
RNU6-1090P	0
RNU6-1091P	0.203297706
RNU6-1092P	0
RNU6-1093P	0
RNU6-1094P	0
RNU6-1095P	0.30212298
RNU6-1096P	0
RNU6-1097P	0
RNU6-1098P	0.226592235
RNU6-1099P	0.30494656
RNU6-109P	0
RNU6-10P	1.118137386
RNU6-1100P	0
RNU6-1101P	0
RNU6-1102P	0
RNU6-1103P	0
RNU6-1104P	0
RNU6-1105P	0
RNU6-1106P	0
RNU6-1107P	0
RNU6-1108P	0
RNU6-1109P	0
RNU6-110P	0
RNU6-1110P	0
RNU6-1111P	0.101648853
RNU6-1112P	0
RNU6-1113P	0
RNU6-1114P	0
RNU6-1115P	0
RNU6-1116P	0
RNU6-1117P	0
RNU6-1118P	0
RNU6-1119P	0
RNU6-111P	0
RNU6-1120P	0
RNU6-1121P	0.099783737
RNU6-1122P	0
RNU6-1123P	0
RNU6-1124P	0
RNU6-1125P	0
RNU6-1126P	0
RNU6-1127P	0
RNU6-1128P	0
RNU6-1129P	0
RNU6-112P	0
RNU6-1130P	0
RNU6-1131P	0
RNU6-1132P	0
RNU6-1133P	0
RNU6-1134P	0
RNU6-1135P	0
RNU6-1136P	0
RNU6-1137P	0
RNU6-1138P	0.102607805
RNU6-113P	0
RNU6-1140P	0
RNU6-1141P	0
RNU6-1143P	0.104581032
RNU6-1144P	0
RNU6-1145P	0
RNU6-1146P	0
RNU6-1147P	0
RNU6-1148P	0
RNU6-1149P	0.112128116
RNU6-114P	0
RNU6-1150P	0
RNU6-1151P	0
RNU6-1152P	0.101648853
RNU6-1153P	0
RNU6-1154P	0
RNU6-1155P	0
RNU6-1156P	0.108764273
RNU6-1157P	0.820862438
RNU6-1158P	0
RNU6-1159P	0
RNU6-115P	0
RNU6-1160P	0.209162063
RNU6-1161P	0.639789841
RNU6-1162P	0.104581032
RNU6-1163P	0
RNU6-1164P	0.101648853
RNU6-1165P	0.101648853
RNU6-1167P	0
RNU6-1168P	0
RNU6-1169P	0
RNU6-116P	0
RNU6-1170P	0
RNU6-1171P	0
RNU6-1172P	0
RNU6-1174P	0
RNU6-1175P	0
RNU6-1176P	0
RNU6-1177P	0
RNU6-1178P	0
RNU6-1179P	0
RNU6-117P	0
RNU6-1180P	0
RNU6-1181P	0
RNU6-1183P	0
RNU6-1184P	0
RNU6-1186P	0
RNU6-1187P	0
RNU6-1188P	0
RNU6-1189P	0
RNU6-118P	0.426526561
RNU6-1190P	0.104581032
RNU6-1191P	0
RNU6-1192P	0
RNU6-1193P	0
RNU6-1194P	0
RNU6-1195P	0
RNU6-1196P	0
RNU6-1197P	0
RNU6-1198P	0
RNU6-1199P	0
RNU6-119P	0
RNU6-11P	0.101648853
RNU6-1200P	0
RNU6-1201P	0
RNU6-1203P	0
RNU6-1204P	0
RNU6-1205P	0
RNU6-1206P	0.105596382
RNU6-1207P	0
RNU6-1208P	0
RNU6-1209P	0.30494656
RNU6-120P	0
RNU6-1210P	0
RNU6-1211P	0
RNU6-1212P	0
RNU6-1213P	0
RNU6-1214P	0
RNU6-1215P	0
RNU6-1216P	0.101648853
RNU6-1217P	0
RNU6-1218P	0
RNU6-1219P	0
RNU6-121P	0
RNU6-1220P	0
RNU6-1222P	0
RNU6-1223P	0.62748619
RNU6-1224P	0
RNU6-1225P	0
RNU6-1226P	0.101648853
RNU6-1227P	0
RNU6-1228P	0
RNU6-1229P	0
RNU6-122P	0
RNU6-1230P	0
RNU6-1231P	0.105596382
RNU6-1232P	0
RNU6-1233P	0
RNU6-1234P	0
RNU6-1235P	0
RNU6-1236P	0
RNU6-1237P	0.101648853
RNU6-1238P	0.21326328
RNU6-1239P	0
RNU6-123P	0.21326328
RNU6-1240P	0
RNU6-1241P	0
RNU6-1242P	0
RNU6-1243P	0
RNU6-1244P	0
RNU6-1245P	0
RNU6-1246P	0
RNU6-1247P	0
RNU6-1248P	0
RNU6-1249P	0
RNU6-1250P	0
RNU6-1251P	0
RNU6-1252P	0
RNU6-1254P	0.313743095
RNU6-1255P	0
RNU6-1256P	0
RNU6-1257P	0
RNU6-1258P	0
RNU6-125P	0.203297706
RNU6-1260P	0
RNU6-1261P	0
RNU6-1262P	0
RNU6-1263P	0.205215609
RNU6-1264P	0
RNU6-1265P	0
RNU6-1266P	0.103585022
RNU6-1267P	0
RNU6-1268P	0
RNU6-1269P	0
RNU6-126P	0.211192763
RNU6-1270P	0
RNU6-1271P	0
RNU6-1272P	0
RNU6-1273P	0
RNU6-1274P	0
RNU6-1275P	0
RNU6-1276P	0.104581032
RNU6-1277P	0
RNU6-1278P	0
RNU6-1279P	0.105596382
RNU6-127P	0
RNU6-1280P	0.101648853
RNU6-1281P	0
RNU6-1282P	0
RNU6-1283P	0
RNU6-1284P	0
RNU6-1285P	0.103585022
RNU6-1286P	0
RNU6-1287P	0
RNU6-1288P	0
RNU6-1289P	0
RNU6-128P	0
RNU6-1290P	0
RNU6-1291P	0
RNU6-1292P	0
RNU6-1293P	0
RNU6-1294P	0.13427688
RNU6-1296P	0
RNU6-1297P	0.104581032
RNU6-1298P	0
RNU6-1299P	0
RNU6-129P	0
RNU6-12P	0
RNU6-1300P	0
RNU6-1301P	0.104581032
RNU6-1303P	0
RNU6-1304P	0.307823414
RNU6-1305P	0.104581032
RNU6-1306P	0.109862902
RNU6-1307P	0
RNU6-1308P	0
RNU6-1309P	0
RNU6-130P	0.211192763
RNU6-1310P	0
RNU6-1311P	0
RNU6-1312P	0
RNU6-1313P	0
RNU6-1314P	0
RNU6-1315P	0.109862902
RNU6-1316P	0
RNU6-1317P	0
RNU6-1318P	0
RNU6-1319P	0
RNU6-131P	0
RNU6-1320P	0
RNU6-1321P	0.101648853
RNU6-1322P	0
RNU6-1323P	0
RNU6-1324P	0
RNU6-1325P	0
RNU6-1326P	0
RNU6-1327P	0
RNU6-1328P	0
RNU6-1329P	0
RNU6-132P	0
RNU6-1330P	0
RNU6-1331P	0.102607805
RNU6-1332P	0
RNU6-1333P	0
RNU6-1334P	0
RNU6-1335P	0
RNU6-1336P	0
RNU6-1337P	0.114488708
RNU6-1338P	0
RNU6-1339P	0
RNU6-133P	0
RNU6-1340P	0
RNU6-135P	0
RNU6-136P	0.101648853
RNU6-137P	0.30212298
RNU6-138P	0
RNU6-139P	0
RNU6-13P	0.101648853
RNU6-140P	0
RNU6-141P	0
RNU6-142P	0
RNU6-143P	0
RNU6-144P	0
RNU6-145P	0
RNU6-146P	0
RNU6-147P	0
RNU6-148P	0
RNU6-14P	0
RNU6-150P	0
RNU6-151P	0
RNU6-152P	0
RNU6-153P	0
RNU6-154P	0
RNU6-155P	0
RNU6-156P	0
RNU6-157P	0
RNU6-158P	0
RNU6-159P	0
RNU6-15P	0
RNU6-160P	0
RNU6-161P	0
RNU6-162P	0
RNU6-163P	0
RNU6-164P	0
RNU6-165P	0
RNU6-166P	0
RNU6-167P	0.102607805
RNU6-168P	0
RNU6-169P	0
RNU6-16P	0.101648853
RNU6-170P	0
RNU6-171P	0
RNU6-172P	0
RNU6-173P	0
RNU6-174P	0
RNU6-175P	0
RNU6-176P	0
RNU6-177P	0
RNU6-178P	0.209162063
RNU6-179P	0
RNU6-17P	0
RNU6-180P	0
RNU6-181P	0.813190826
RNU6-182P	0
RNU6-183P	0
RNU6-184P	0
RNU6-185P	0
RNU6-187P	0
RNU6-188P	0.101648853
RNU6-189P	0
RNU6-18P	0
RNU6-190P	0.10663164
RNU6-191P	0
RNU6-192P	0
RNU6-193P	0
RNU6-194P	0
RNU6-195P	0.199567473
RNU6-196P	0
RNU6-197P	0
RNU6-198P	0
RNU6-199P	0.101648853
RNU6-19P	0
RNU6-2	0.101648853
RNU6-200P	0
RNU6-201P	0
RNU6-202P	0
RNU6-203P	0
RNU6-204P	0.406595413
RNU6-205P	0
RNU6-206P	0
RNU6-207P	0
RNU6-208P	0
RNU6-209P	0
RNU6-20P	0
RNU6-210P	0
RNU6-211P	0
RNU6-212P	0
RNU6-213P	0.104581032
RNU6-214P	0
RNU6-215P	0
RNU6-216P	0
RNU6-217P	0
RNU6-218P	0
RNU6-219P	0
RNU6-21P	0
RNU6-220P	0
RNU6-221P	0
RNU6-222P	0
RNU6-223P	0
RNU6-224P	0
RNU6-225P	0
RNU6-226P	0
RNU6-227P	0
RNU6-228P	0.205215609
RNU6-229P	0
RNU6-22P	0.101648853
RNU6-230P	0
RNU6-231P	0
RNU6-232P	0
RNU6-233P	0
RNU6-234P	0
RNU6-235P	0
RNU6-236P	0
RNU6-237P	0.153189117
RNU6-238P	0
RNU6-239P	0
RNU6-23P	0
RNU6-240P	0.112128116
RNU6-241P	0
RNU6-242P	0
RNU6-243P	0
RNU6-244P	0
RNU6-245P	0
RNU6-246P	0
RNU6-247P	0
RNU6-248P	0
RNU6-249P	0
RNU6-24P	0
RNU6-250P	0
RNU6-251P	0
RNU6-252P	0
RNU6-253P	0
RNU6-254P	0
RNU6-255P	0
RNU6-256P	0
RNU6-257P	0
RNU6-258P	0
RNU6-259P	0
RNU6-25P	0
RNU6-260P	0
RNU6-261P	0
RNU6-262P	0
RNU6-263P	0
RNU6-264P	0
RNU6-266P	0
RNU6-267P	0
RNU6-268P	0
RNU6-269P	0.224256233
RNU6-26P	0.30494656
RNU6-270P	0
RNU6-271P	0
RNU6-272P	0
RNU6-273P	0
RNU6-274P	0
RNU6-275P	0
RNU6-276P	0
RNU6-277P	0
RNU6-278P	0
RNU6-279P	0
RNU6-27P	0
RNU6-280P	0
RNU6-281P	0
RNU6-282P	0.105596382
RNU6-283P	0
RNU6-284P	0
RNU6-285P	0
RNU6-286P	0
RNU6-287P	0
RNU6-288P	0
RNU6-289P	0
RNU6-28P	0.101648853
RNU6-290P	0
RNU6-291P	0
RNU6-293P	0
RNU6-294P	0
RNU6-295P	0
RNU6-296P	0
RNU6-297P	0
RNU6-298P	0.226592235
RNU6-299P	0
RNU6-29P	0.101648853
RNU6-300P	0
RNU6-301P	0.30494656
RNU6-302P	0
RNU6-303P	0
RNU6-304P	0
RNU6-306P	0
RNU6-307P	0.205215609
RNU6-308P	0
RNU6-309P	0
RNU6-30P	0.406595413
RNU6-310P	0
RNU6-311P	0
RNU6-312P	0.101648853
RNU6-313P	0.291332874
RNU6-314P	0
RNU6-315P	0
RNU6-316P	0
RNU6-317P	0
RNU6-318P	0
RNU6-319P	0
RNU6-31P	0
RNU6-320P	0
RNU6-321P	0
RNU6-322P	2.111927631
RNU6-323P	0.101648853
RNU6-324P	0
RNU6-325P	0
RNU6-326P	0
RNU6-327P	0
RNU6-328P	0
RNU6-329P	0
RNU6-32P	0
RNU6-330P	0
RNU6-331P	0
RNU6-332P	0
RNU6-333P	0
RNU6-334P	0
RNU6-335P	0.192503138
RNU6-336P	0
RNU6-337P	0
RNU6-338P	0
RNU6-339P	0
RNU6-33P	0.101648853
RNU6-340P	0
RNU6-341P	0.113296118
RNU6-342P	0
RNU6-343P	0.209162063
RNU6-344P	0
RNU6-345P	0
RNU6-346P	0.097985832
RNU6-347P	0
RNU6-348P	0
RNU6-349P	0
RNU6-34P	0
RNU6-351P	0
RNU6-352P	0
RNU6-353P	0.10070766
RNU6-354P	0
RNU6-355P	0
RNU6-356P	0
RNU6-358P	0
RNU6-359P	0
RNU6-35P	0.101648853
RNU6-360P	0
RNU6-361P	0
RNU6-362P	0
RNU6-363P	0
RNU6-364P	0
RNU6-365P	0
RNU6-366P	0
RNU6-367P	0
RNU6-368P	0
RNU6-369P	0
RNU6-36P	0.203297706
RNU6-370P	0
RNU6-371P	0
RNU6-373P	0
RNU6-374P	0
RNU6-375P	0
RNU6-376P	0
RNU6-377P	0.10663164
RNU6-378P	0
RNU6-379P	0
RNU6-37P	0
RNU6-380P	0
RNU6-381P	0
RNU6-382P	0
RNU6-383P	0
RNU6-384P	0
RNU6-386P	0
RNU6-387P	0.103585022
RNU6-388P	0.207170044
RNU6-389P	0.517925109
RNU6-38P	0
RNU6-390P	0
RNU6-391P	0
RNU6-392P	0
RNU6-393P	0
RNU6-394P	0
RNU6-395P	0
RNU6-396P	0
RNU6-397P	0
RNU6-398P	0
RNU6-399P	0
RNU6-39P	0
RNU6-3P	0
RNU6-400P	0
RNU6-401P	0
RNU6-402P	0
RNU6-403P	1.150391349
RNU6-405P	0
RNU6-406P	0
RNU6-407P	0.313743095
RNU6-408P	0
RNU6-409P	0.104581032
RNU6-40P	0.101648853
RNU6-410P	0
RNU6-411P	0
RNU6-412P	0
RNU6-413P	0
RNU6-414P	0
RNU6-415P	1.009153048
RNU6-416P	0
RNU6-417P	0
RNU6-418P	0.609893119
RNU6-419P	0
RNU6-41P	0
RNU6-420P	0
RNU6-421P	0
RNU6-422P	0
RNU6-424P	0
RNU6-425P	0
RNU6-426P	0
RNU6-428P	0
RNU6-429P	0
RNU6-42P	0
RNU6-430P	0
RNU6-431P	0.203297706
RNU6-432P	0
RNU6-433P	0
RNU6-434P	0
RNU6-435P	0
RNU6-436P	0
RNU6-437P	0
RNU6-438P	0.422385526
RNU6-439P	0
RNU6-43P	0
RNU6-440P	0
RNU6-441P	0
RNU6-442P	0
RNU6-443P	0
RNU6-444P	0
RNU6-445P	0
RNU6-446P	0
RNU6-447P	0
RNU6-448P	0
RNU6-449P	0
RNU6-44P	0
RNU6-450P	0.101648853
RNU6-451P	0
RNU6-452P	0
RNU6-453P	0
RNU6-454P	0
RNU6-455P	0
RNU6-456P	0
RNU6-457P	0
RNU6-458P	0
RNU6-45P	0
RNU6-460P	0
RNU6-461P	0
RNU6-462P	0
RNU6-463P	0
RNU6-464P	0
RNU6-465P	0
RNU6-466P	0
RNU6-467P	0
RNU6-468P	0
RNU6-469P	0
RNU6-46P	0
RNU6-470P	0
RNU6-471P	0
RNU6-472P	0
RNU6-473P	0
RNU6-474P	0
RNU6-475P	0
RNU6-476P	0.406595413
RNU6-477P	0
RNU6-478P	0
RNU6-479P	0
RNU6-47P	0
RNU6-480P	0
RNU6-481P	0.406595413
RNU6-482P	0
RNU6-483P	0.10070766
RNU6-484P	0
RNU6-485P	0.101648853
RNU6-486P	0
RNU6-487P	0
RNU6-488P	0
RNU6-489P	0
RNU6-48P	0.508244266
RNU6-490P	0
RNU6-491P	0
RNU6-492P	0.104581032
RNU6-493P	0
RNU6-494P	0.120849192
RNU6-495P	0
RNU6-496P	0
RNU6-497P	0
RNU6-498P	0
RNU6-499P	0
RNU6-49P	0
RNU6-4P	0
RNU6-500P	0
RNU6-501P	0
RNU6-502P	0
RNU6-503P	0
RNU6-504P	0
RNU6-505P	0
RNU6-506P	0
RNU6-507P	0
RNU6-508P	0
RNU6-509P	0
RNU6-50P	0.316789145
RNU6-510P	1.611322563
RNU6-511P	0
RNU6-512P	0
RNU6-513P	0
RNU6-514P	0
RNU6-516P	1.673296507
RNU6-517P	0
RNU6-518P	0
RNU6-519P	0
RNU6-520P	0
RNU6-521P	0
RNU6-522P	0
RNU6-523P	0
RNU6-524P	0
RNU6-525P	0
RNU6-526P	0
RNU6-527P	0
RNU6-528P	0
RNU6-529P	0.522905159
RNU6-530P	0
RNU6-531P	1.568715476
RNU6-532P	0
RNU6-533P	0
RNU6-534P	0
RNU6-535P	0
RNU6-536P	0
RNU6-537P	0
RNU6-538P	0
RNU6-539P	0
RNU6-53P	0
RNU6-540P	0
RNU6-541P	0
RNU6-542P	0
RNU6-543P	0
RNU6-544P	0
RNU6-545P	0
RNU6-546P	0
RNU6-547P	0
RNU6-548P	0.283732886
RNU6-549P	0.101648853
RNU6-54P	0
RNU6-550P	0
RNU6-551P	0
RNU6-552P	0
RNU6-553P	0
RNU6-554P	0
RNU6-555P	0
RNU6-556P	0
RNU6-557P	0
RNU6-558P	0
RNU6-559P	0
RNU6-55P	0
RNU6-560P	0
RNU6-561P	0
RNU6-562P	0
RNU6-563P	0
RNU6-564P	0.104581032
RNU6-565P	0
RNU6-566P	0
RNU6-567P	0
RNU6-56P	0
RNU6-570P	0
RNU6-571P	0
RNU6-572P	0
RNU6-573P	0
RNU6-574P	0.203297706
RNU6-575P	0
RNU6-576P	0
RNU6-577P	0
RNU6-578P	0
RNU6-579P	0.10663164
RNU6-57P	0.211192763
RNU6-580P	0
RNU6-581P	0
RNU6-582P	0
RNU6-583P	0.118222036
RNU6-584P	0
RNU6-586P	0
RNU6-587P	0
RNU6-588P	0
RNU6-589P	0
RNU6-58P	0
RNU6-590P	0
RNU6-591P	0
RNU6-592P	0
RNU6-593P	0
RNU6-595P	0.101648853
RNU6-596P	0
RNU6-597P	0
RNU6-598P	0
RNU6-599P	0
RNU6-59P	0
RNU6-5P	0.101648853
RNU6-600P	0
RNU6-601P	0
RNU6-602P	0
RNU6-603P	0
RNU6-604P	0
RNU6-605P	0
RNU6-606P	0
RNU6-607P	0
RNU6-608P	0
RNU6-609P	0
RNU6-60P	0
RNU6-610P	0.30494656
RNU6-611P	0.209162063
RNU6-612P	0
RNU6-613P	0
RNU6-614P	0
RNU6-615P	0
RNU6-616P	0
RNU6-617P	0
RNU6-618P	0
RNU6-619P	0
RNU6-61P	0
RNU6-620P	0
RNU6-621P	0
RNU6-622P	0
RNU6-623P	0
RNU6-624P	0
RNU6-625P	0
RNU6-626P	0
RNU6-627P	0
RNU6-628P	0.101648853
RNU6-629P	0
RNU6-62P	0.10663164
RNU6-630P	0
RNU6-631P	0
RNU6-632P	0
RNU6-633P	0.105596382
RNU6-634P	0
RNU6-635P	0
RNU6-636P	0
RNU6-637P	0
RNU6-638P	0.209162063
RNU6-639P	0
RNU6-63P	0
RNU6-640P	0
RNU6-641P	0
RNU6-642P	0
RNU6-643P	0
RNU6-644P	0
RNU6-645P	0
RNU6-646P	0.102607805
RNU6-647P	0
RNU6-648P	0
RNU6-649P	0
RNU6-64P	0
RNU6-650P	0
RNU6-651P	0
RNU6-652P	0.101648853
RNU6-653P	0
RNU6-654P	0
RNU6-655P	0
RNU6-656P	0
RNU6-657P	0
RNU6-658P	0.410431219
RNU6-659P	0
RNU6-65P	0
RNU6-660P	0
RNU6-661P	0
RNU6-662P	0
RNU6-663P	0
RNU6-664P	0
RNU6-665P	0
RNU6-666P	0
RNU6-667P	0
RNU6-668P	0
RNU6-669P	0
RNU6-66P	0
RNU6-670P	0
RNU6-672P	0
RNU6-673P	0
RNU6-674P	0.203297706
RNU6-675P	0
RNU6-677P	0
RNU6-678P	0
RNU6-679P	0
RNU6-67P	0
RNU6-680P	0
RNU6-681P	0
RNU6-682P	0
RNU6-684P	0
RNU6-685P	0
RNU6-686P	0
RNU6-687P	0
RNU6-689P	0
RNU6-68P	0
RNU6-690P	0
RNU6-692P	0
RNU6-693P	0
RNU6-694P	0
RNU6-695P	0.209162063
RNU6-696P	0
RNU6-697P	0
RNU6-698P	0
RNU6-699P	0
RNU6-6P	0
RNU6-7	0
RNU6-700P	0
RNU6-701P	0
RNU6-702P	0
RNU6-703P	0
RNU6-704P	0
RNU6-705P	0.209162063
RNU6-706P	0
RNU6-707P	0.114488708
RNU6-708P	0
RNU6-709P	0
RNU6-70P	0
RNU6-710P	0
RNU6-711P	0
RNU6-712P	0
RNU6-713P	0
RNU6-714P	0
RNU6-715P	0
RNU6-716P	0
RNU6-717P	0
RNU6-718P	0
RNU6-719P	0
RNU6-71P	0
RNU6-720P	0.20141532
RNU6-721P	0
RNU6-722P	1.568715476
RNU6-723P	0
RNU6-724P	0
RNU6-725P	0
RNU6-726P	0
RNU6-727P	0
RNU6-728P	0
RNU6-729P	0.203297706
RNU6-72P	0
RNU6-730P	0
RNU6-731P	0
RNU6-732P	0
RNU6-733P	0
RNU6-735P	0
RNU6-737P	0
RNU6-738P	0
RNU6-739P	0
RNU6-73P	0
RNU6-740P	0
RNU6-741P	0
RNU6-742P	0
RNU6-743P	0
RNU6-744P	0
RNU6-745P	0
RNU6-746P	0
RNU6-747P	0
RNU6-748P	0.101648853
RNU6-749P	0
RNU6-74P	0
RNU6-750P	0
RNU6-751P	0
RNU6-752P	0
RNU6-753P	0
RNU6-754P	0
RNU6-755P	0
RNU6-756P	0
RNU6-757P	0.108764273
RNU6-758P	0
RNU6-759P	0.105596382
RNU6-75P	0
RNU6-760P	0
RNU6-761P	0
RNU6-762P	0.319894921
RNU6-763P	0
RNU6-764P	0
RNU6-765P	0
RNU6-766P	0
RNU6-767P	0
RNU6-768P	0
RNU6-769P	0
RNU6-76P	0
RNU6-770P	0
RNU6-771P	0
RNU6-772P	0
RNU6-774P	0
RNU6-775P	0
RNU6-776P	0
RNU6-777P	0
RNU6-778P	0
RNU6-77P	0
RNU6-780P	0.104581032
RNU6-781P	0
RNU6-782P	0.104581032
RNU6-783P	0
RNU6-784P	0
RNU6-785P	0
RNU6-786P	0
RNU6-787P	0
RNU6-788P	0
RNU6-789P	0
RNU6-78P	0
RNU6-790P	0
RNU6-791P	0
RNU6-792P	0
RNU6-793P	0
RNU6-794P	0
RNU6-795P	0.105596382
RNU6-796P	0
RNU6-797P	0
RNU6-798P	0
RNU6-799P	0.101648853
RNU6-79P	0
RNU6-8	2.337923625
RNU6-800P	0
RNU6-801P	0
RNU6-803P	0
RNU6-804P	0
RNU6-805P	0
RNU6-806P	0
RNU6-807P	0.101648853
RNU6-808P	0
RNU6-809P	0
RNU6-80P	0.101648853
RNU6-810P	0
RNU6-811P	0
RNU6-812P	0
RNU6-813P	0
RNU6-815P	0
RNU6-816P	0
RNU6-817P	0.104581032
RNU6-818P	0
RNU6-819P	0
RNU6-81P	0
RNU6-820P	0
RNU6-821P	0
RNU6-822P	0.102607805
RNU6-823P	0
RNU6-824P	0
RNU6-826P	0
RNU6-827P	0
RNU6-828P	0.101648853
RNU6-829P	0
RNU6-82P	0.101648853
RNU6-830P	0
RNU6-831P	0
RNU6-832P	0
RNU6-833P	0.203297706
RNU6-834P	0
RNU6-835P	0
RNU6-836P	0
RNU6-837P	0
RNU6-838P	0
RNU6-839P	0
RNU6-83P	0
RNU6-840P	0.169944177
RNU6-841P	0
RNU6-842P	0
RNU6-843P	0
RNU6-844P	0
RNU6-845P	0
RNU6-847P	0
RNU6-848P	0
RNU6-849P	0
RNU6-84P	0
RNU6-850P	0.422385526
RNU6-851P	0
RNU6-853P	0.406595413
RNU6-854P	0
RNU6-855P	0
RNU6-856P	0.110983952
RNU6-857P	0
RNU6-858P	0.101648853
RNU6-859P	0
RNU6-85P	0
RNU6-860P	0
RNU6-861P	0
RNU6-862P	0
RNU6-863P	0
RNU6-864P	0
RNU6-865P	0
RNU6-866P	0
RNU6-867P	0
RNU6-869P	0
RNU6-86P	0
RNU6-871P	0
RNU6-873P	0
RNU6-874P	0
RNU6-875P	0
RNU6-876P	0
RNU6-877P	0
RNU6-878P	0
RNU6-879P	0
RNU6-87P	0.20141532
RNU6-880P	0
RNU6-881P	0
RNU6-882P	0.316789145
RNU6-883P	0.101648853
RNU6-884P	0.101648853
RNU6-885P	0
RNU6-886P	0
RNU6-887P	0
RNU6-888P	0
RNU6-889P	0
RNU6-88P	0.326292819
RNU6-890P	0
RNU6-891P	0
RNU6-892P	0.659177412
RNU6-893P	0.108764273
RNU6-894P	0
RNU6-895P	0
RNU6-896P	0
RNU6-897P	0
RNU6-898P	0.104581032
RNU6-899P	0
RNU6-89P	0
RNU6-9	0.101648853
RNU6-900P	0
RNU6-901P	0
RNU6-902P	0
RNU6-903P	0.099783737
RNU6-904P	0
RNU6-905P	0
RNU6-906P	0.101648853
RNU6-907P	0.10663164
RNU6-908P	0
RNU6-909P	0
RNU6-90P	0.102607805
RNU6-910P	0
RNU6-911P	0.104581032
RNU6-912P	0
RNU6-913P	0
RNU6-914P	0
RNU6-915P	0.105596382
RNU6-916P	0
RNU6-917P	0.313743095
RNU6-918P	0
RNU6-919P	0
RNU6-91P	0.101648853
RNU6-920P	0.118222036
RNU6-921P	0
RNU6-922P	0.109862902
RNU6-923P	0
RNU6-924P	0
RNU6-925P	0.313743095
RNU6-926P	0
RNU6-927P	0
RNU6-928P	0
RNU6-929P	0
RNU6-92P	0
RNU6-930P	0.108764273
RNU6-931P	0
RNU6-932P	0
RNU6-933P	0
RNU6-934P	0
RNU6-935P	0
RNU6-936P	0
RNU6-937P	0
RNU6-938P	0
RNU6-939P	0
RNU6-940P	0
RNU6-941P	0
RNU6-942P	0.101648853
RNU6-943P	0.110983952
RNU6-944P	0
RNU6-945P	0.203297706
RNU6-946P	0.101648853
RNU6-947P	0
RNU6-948P	0
RNU6-949P	0
RNU6-94P	0.203297706
RNU6-950P	0
RNU6-951P	0
RNU6-952P	0.10070766
RNU6-953P	0
RNU6-954P	0
RNU6-955P	0
RNU6-956P	0
RNU6-957P	0
RNU6-958P	0
RNU6-959P	0
RNU6-95P	0
RNU6-960P	0
RNU6-961P	0
RNU6-964P	0.157629381
RNU6-965P	0
RNU6-966P	0
RNU6-967P	0
RNU6-968P	0
RNU6-969P	0.103585022
RNU6-970P	0
RNU6-971P	0
RNU6-972P	0
RNU6-973P	0
RNU6-974P	0
RNU6-975P	0
RNU6-976P	0
RNU6-977P	0
RNU6-978P	0
RNU6-979P	0
RNU6-97P	0
RNU6-980P	0
RNU6-982P	0
RNU6-983P	0
RNU6-984P	0
RNU6-985P	0
RNU6-986P	0
RNU6-987P	0
RNU6-988P	0
RNU6-989P	0
RNU6-98P	0
RNU6-990P	0
RNU6-991P	0
RNU6-992P	0
RNU6-993P	0.114488708
RNU6-994P	0
RNU6-995P	0
RNU6-996P	0
RNU6-997P	0
RNU6-998P	0.107687399
RNU6-999P	0
RNU6-99P	0
RNU6ATAC	0.258962555
RNU6ATAC10P	0
RNU6ATAC11P	0
RNU6ATAC12P	0
RNU6ATAC13P	0
RNU6ATAC14P	0
RNU6ATAC15P	0
RNU6ATAC16P	0.157629381
RNU6ATAC17P	0.153189117
RNU6ATAC18P	0.215374798
RNU6ATAC19P	0
RNU6ATAC20P	0
RNU6ATAC21P	0
RNU6ATAC22P	0
RNU6ATAC23P	0
RNU6ATAC24P	0.644529025
RNU6ATAC25P	0
RNU6ATAC26P	0
RNU6ATAC27P	0.091398549
RNU6ATAC28P	0
RNU6ATAC29P	0
RNU6ATAC2P	0
RNU6ATAC30P	0.089151043
RNU6ATAC31P	0
RNU6ATAC32P	0.286221771
RNU6ATAC33P	0
RNU6ATAC34P	0
RNU6ATAC35P	0.122482289
RNU6ATAC36P	0
RNU6ATAC37P	0
RNU6ATAC38P	0
RNU6ATAC39P	0
RNU6ATAC3P	0
RNU6ATAC40P	0.158779961
RNU6ATAC41P	0
RNU6ATAC42P	0
RNU6ATAC4P	0
RNU6ATAC5P	0
RNU6ATAC6P	0
RNU6ATAC7P	0
RNU6ATAC8P	0.086320852
RNU6ATAC9P	0.093762304
RNU6V	0
RNU7-1	0
RNU7-102P	0
RNU7-103P	0
RNU7-104P	0
RNU7-105P	0
RNU7-106P	0
RNU7-107P	0
RNU7-10P	0
RNU7-110P	0
RNU7-111P	0
RNU7-113P	0
RNU7-115P	0
RNU7-116P	0
RNU7-119P	0
RNU7-11P	0
RNU7-120P	0
RNU7-121P	0
RNU7-123P	0.543821365
RNU7-124P	0
RNU7-125P	0
RNU7-126P	0
RNU7-127P	0
RNU7-128P	0
RNU7-129P	0
RNU7-12P	0
RNU7-130P	0
RNU7-133P	0
RNU7-134P	0
RNU7-136P	0
RNU7-137P	0
RNU7-138P	0
RNU7-13P	0
RNU7-140P	0.362547577
RNU7-141P	0.175426247
RNU7-143P	0
RNU7-144P	0
RNU7-147P	0
RNU7-148P	0
RNU7-149P	0
RNU7-14P	0
RNU7-151P	0
RNU7-152P	0
RNU7-153P	0
RNU7-154P	0.175426247
RNU7-155P	0
RNU7-156P	0
RNU7-157P	0
RNU7-159P	1.929688714
RNU7-160P	0
RNU7-161P	0
RNU7-164P	0
RNU7-165P	0
RNU7-167P	0
RNU7-169P	0
RNU7-170P	0
RNU7-171P	0.175426247
RNU7-172P	0
RNU7-173P	0
RNU7-174P	0
RNU7-175P	0
RNU7-176P	0
RNU7-179P	0
RNU7-180P	0
RNU7-181P	0
RNU7-182P	0
RNU7-183P	0
RNU7-185P	0
RNU7-186P	0.172641703
RNU7-187P	0
RNU7-188P	0
RNU7-18P	0
RNU7-190P	0
RNU7-192P	0
RNU7-193P	0
RNU7-194P	0
RNU7-195P	0.175426247
RNU7-196P	0
RNU7-197P	0
RNU7-19P	0
RNU7-200P	0.175426247
RNU7-20P	0
RNU7-21P	0
RNU7-22P	0
RNU7-23P	0
RNU7-24P	0
RNU7-25P	0
RNU7-26P	0
RNU7-27P	0
RNU7-28P	0
RNU7-29P	0
RNU7-2P	0
RNU7-30P	0
RNU7-34P	0
RNU7-35P	0
RNU7-37P	0
RNU7-38P	0
RNU7-3P	0
RNU7-40P	0.849720883
RNU7-41P	0
RNU7-43P	0.169944177
RNU7-45P	0.517925109
RNU7-46P	0
RNU7-47P	0
RNU7-48P	0.172641703
RNU7-49P	0.350852493
RNU7-4P	0
RNU7-50P	0
RNU7-51P	0
RNU7-52P	0
RNU7-53P	0
RNU7-54P	0
RNU7-55P	0
RNU7-56P	0
RNU7-57P	0
RNU7-59P	0
RNU7-60P	0
RNU7-61P	0
RNU7-62P	0
RNU7-63P	0
RNU7-65P	0
RNU7-66P	0
RNU7-67P	0
RNU7-69P	0
RNU7-6P	0
RNU7-70P	0
RNU7-71P	0.362547577
RNU7-73P	0
RNU7-74P	0
RNU7-75P	0.52627874
RNU7-77P	0
RNU7-79P	0
RNU7-7P	0
RNU7-80P	0
RNU7-81P	0
RNU7-82P	0
RNU7-84P	0
RNU7-85P	0
RNU7-87P	0
RNU7-88P	0
RNU7-8P	0
RNU7-90P	0
RNU7-92P	0
RNU7-93P	0
RNU7-94P	0
RNU7-95P	0
RNU7-96P	0.169944177
RNU7-97P	0
RNU7-99P	0
RNU7-9P	0
RNVU1-1	0.331598393
RNVU1-14	0
RNVU1-15	0.263670965
RNVU1-17	0
RNVU1-18	0
RNVU1-19	0.065128307
RNVU1-2	0.161132256
RNVU1-3	0.202666347
RNVU1-4	0.132639357
RNVU1-6	0
RNVU1-7	0.198959036
RNY1	0.192503138
RNY1P1	0
RNY1P10	0
RNY1P11	0
RNY1P12	0
RNY1P13	0.207170044
RNY1P14	0
RNY1P15	0
RNY1P16	0.097985832
RNY1P2	0
RNY1P3	0
RNY1P4	0
RNY1P5	0
RNY1P6	0
RNY1P7	0
RNY1P8	0
RNY1P9	0.199567473
RNY3	0
RNY3P1	0
RNY3P10	0
RNY3P11	0
RNY3P12	0
RNY3P13	0
RNY3P14	0
RNY3P15	0
RNY3P16	0.430749596
RNY3P2	0
RNY3P3	0
RNY3P4	0
RNY3P5	0
RNY3P7	0
RNY3P8	1.553775328
RNY3P9	0
RNY4	0
RNY4P10	1.926034001
RNY4P13	0
RNY4P14	0.113296118
RNY4P16	0
RNY4P17	0
RNY4P18	0
RNY4P19	0.339888353
RNY4P20	0
RNY4P23	0
RNY4P24	0.113296118
RNY4P25	0.113296118
RNY4P27	0
RNY4P28	0
RNY4P29	0
RNY4P3	0.228977417
RNY4P30	0
RNY4P34	0
RNY4P36	0.113296118
RNY4P37	0
RNY4P6	0
RNY4P7	0
RNY4P9	0
ROBO1	15.25600202
ROBO2	0.530016141
ROBO2P1	0
ROBO3	0.811165372
ROBO4	3.043482002
ROCK1	5.903194678
ROCK1P1	0.123362124
ROCK2	5.734648557
ROCR	0
ROGDI	2.687360532
ROM1	0.601581951
ROMO1	43.19583947
ROPN1	0.002407354
ROPN1B	0.021494916
ROPN1L	0.17359185
ROPN1L-AS1	0
ROR1	1.025283467
ROR1-AS1	0.067517325
ROR2	7.48338578
RORA	1.614868607
RORA-AS1	0.101499076
RORA-AS2	0
RORB	0.056701216
RORB-AS1	0.00923296
RORC	0.701475259
ROS1	5.525435507
RP1	0.004595674
RP1L1	0.01714559
RP2	8.548419982
RP9	3.541428909
RP9P	1.836772789
RPA1	22.57472592
RPA2	13.85007161
RPA2P1	0
RPA2P2	0
RPA2P3	0
RPA3	4.041642693
RPA4	0.034860344
RPAIN	2.735941133
RPAP1	4.794519328
RPAP2	0.874961687
RPAP2P1	0
RPAP3	4.380081389
RPARP-AS1	1.097250881
RPE	9.196479413
RPE65	0.008334427
RPEL1	0.005106304
RPEP1	0
RPEP2	0
RPEP3	0
RPEP4	0
RPEP5	0
RPEP6	0.034748969
RPF1	10.0015295
RPF2	5.063833821
RPF2P1	0.012004887
RPF2P2	0
RPGR	0.986689751
RPGRIP1	0.214744817
RPGRIP1L	1.842487256
RPH3A	0.028321298
RPH3AL	0.658036403
RPIA	7.886586893
RPIAP1	0
RPL10	248.0434053
RPL10A	365.2624565
RPL10AP1	0.016915128
RPL10AP2	0.166306228
RPL10AP3	0.016707262
RPL10AP5	0
RPL10AP6	2.151931168
RPL10L	0.013394615
RPL10P1	0.337777245
RPL10P10	0
RPL10P11	0.017656538
RPL10P12	0.102607805
RPL10P13	0.143583199
RPL10P14	0
RPL10P15	0.241698384
RPL10P16	6.492131022
RPL10P17	0.034419074
RPL10P18	0.035198794
RPL10P19	0.11313898
RPL10P2	0.016233474
RPL10P3	0.488044815
RPL10P4	0.105939227
RPL10P5	0.017021013
RPL10P6	0.513039023
RPL10P7	0.052206851
RPL10P8	0.486485566
RPL10P9	3.102732748
RPL11	200.603577
RPL11P3	0.249554737
RPL11P4	0
RPL11P5	0.020367841
RPL12	135.7601688
RPL12P1	0.021840215
RPL12P10	0.065520646
RPL12P11	0.065128307
RPL12P12	0.217094357
RPL12P13	0.065652479
RPL12P14	0.110983952
RPL12P15	0.108982237
RPL12P16	0
RPL12P17	0.043680431
RPL12P18	0
RPL12P19	0.1118974
RPL12P2	0.044123437
RPL12P20	0
RPL12P21	0
RPL12P22	0
RPL12P23	0
RPL12P24	0
RPL12P25	0.048411397
RPL12P26	0
RPL12P27	0.021928281
RPL12P28	0
RPL12P29	0
RPL12P3	0
RPL12P30	0.021796447
RPL12P31	0
RPL12P32	0
RPL12P33	0.044213119
RPL12P34	0
RPL12P35	0.021928281
RPL12P36	0
RPL12P37	0
RPL12P38	0.023450684
RPL12P39	0
RPL12P4	0.525219829
RPL12P40	0
RPL12P41	0.087360862
RPL12P42	0.021796447
RPL12P43	0
RPL12P44	0.02166619
RPL12P45	0
RPL12P46	0
RPL12P47	0
RPL12P48	0
RPL12P49	0
RPL12P5	0
RPL12P50	0
RPL12P6	0.021840215
RPL12P7	0
RPL12P8	0.075009843
RPL12P9	0.089151043
RPL13	150.2698615
RPL13A	593.2175157
RPL13AP	0
RPL13AP17	0.060146142
RPL13AP19	0.037248039
RPL13AP2	0.205215609
RPL13AP20	3.018253224
RPL13AP23	0.074241825
RPL13AP25	6.859968851
RPL13AP3	0.119986544
RPL13AP5	37.338846
RPL13AP6	0.19549134
RPL13AP7	2.403138601
RPL13P	0
RPL13P12	20.24794013
RPL13P2	0.099026652
RPL13P4	0
RPL13P5	0.719808425
RPL13P6	0.034748969
RPL14	27.38650602
RPL14P1	3.50743702
RPL14P3	0.017486218
RPL14P5	0
RPL15	78.51420955
RPL15P1	0
RPL15P13	0
RPL15P14	0.068405203
RPL15P18	0.01777194
RPL15P2	0.159167229
RPL15P20	0.018188006
RPL15P21	0
RPL15P3	4.580479138
RPL15P4	0
RPL17	7.663232275
RPL17-C18orf32	0.021651813
RPL17P1	0.040583684
RPL17P10	0
RPL17P11	0
RPL17P12	0
RPL17P17	0
RPL17P19	0
RPL17P2	0
RPL17P20	0
RPL17P22	0.039336084
RPL17P25	0.058791499
RPL17P26	0
RPL17P3	0
RPL17P33	0
RPL17P34	0.097985832
RPL17P35	0
RPL17P36	0.455660889
RPL17P37	0
RPL17P40	0
RPL17P41	0.020104302
RPL17P43	0.055681368
RPL17P44	0
RPL17P45	0
RPL17P46	0
RPL17P49	0
RPL17P50	1.693216704
RPL17P51	0
RPL18	107.2603336
RPL18A	64.81450211
RPL18AP14	0
RPL18AP15	0.042075154
RPL18AP16	0.163863311
RPL18AP17	0
RPL18AP2	0.090260807
RPL18AP3	16.21164448
RPL18AP7	0.103782703
RPL18AP8	0
RPL18P1	0
RPL18P10	0.020216408
RPL18P11	0
RPL18P13	0.076459946
RPL19	278.20321
RPL19P1	0
RPL19P11	0.036931841
RPL19P13	0
RPL19P14	0.01894848
RPL19P16	0.092486627
RPL19P18	0
RPL19P20	0.220841163
RPL19P21	0.312858315
RPL21	51.77546938
RPL21P1	0
RPL21P10	0.332951856
RPL21P103	0
RPL21P104	0.022754032
RPL21P106	0
RPL21P107	0
RPL21P108	0
RPL21P109	0
RPL21P11	0.135110898
RPL21P110	0.073159825
RPL21P111	0.022801734
RPL21P112	0
RPL21P116	0.022518483
RPL21P119	0.407866024
RPL21P12	0
RPL21P120	0.02166619
RPL21P121	0
RPL21P122	0.010876427
RPL21P123	0.053446817
RPL21P126	0
RPL21P127	0.022801734
RPL21P129	0
RPL21P13	0.158284805
RPL21P131	0.045036966
RPL21P132	0
RPL21P133	0.022849637
RPL21P134	0.135110898
RPL21P135	0.013750224
RPL21P136	0
RPL21P16	3.265180037
RPL21P17	0.045795483
RPL21P18	0.022659224
RPL21P2	0.022612115
RPL21P23	0
RPL21P24	0
RPL21P28	0.900739321
RPL21P3	0.068262096
RPL21P32	0.045603469
RPL21P33	0
RPL21P38	0.065128307
RPL21P39	0.045036966
RPL21P4	0.045413058
RPL21P40	0.022518483
RPL21P41	0
RPL21P42	0
RPL21P43	0
RPL21P44	0.069129835
RPL21P47	0
RPL21P5	0.023043278
RPL21P50	0
RPL21P54	0.070321728
RPL21P6	0
RPL21P65	0.023339973
RPL21P66	0
RPL21P67	0
RPL21P7	0.135110898
RPL21P71	0.02369592
RPL21P75	0.45036966
RPL21P8	0
RPL21P88	0
RPL21P89	0.326059919
RPL21P9	0
RPL21P90	0
RPL21P91	0
RPL21P92	0
RPL21P93	0.022242183
RPL21P99	0
RPL22	28.3919146
RPL22L1	19.73748909
RPL22P1	1.432505059
RPL22P10	0
RPL22P11	0.028250461
RPL22P12	0.08431339
RPL22P13	0
RPL22P14	0
RPL22P16	0.087477968
RPL22P17	0.034528341
RPL22P18	0
RPL22P19	0
RPL22P2	0.029081356
RPL22P20	0
RPL22P21	0
RPL22P22	0.028697697
RPL22P23	0
RPL22P24	0.983506724
RPL22P3	0.142735266
RPL22P4	0
RPL22P5	0
RPL22P6	0
RPL22P7	0
RPL22P8	0
RPL23	74.8015873
RPL23A	104.9205497
RPL23AP1	0
RPL23AP10	0
RPL23AP11	0
RPL23AP12	0.022994561
RPL23AP14	0
RPL23AP15	0
RPL23AP16	0
RPL23AP17	0.021796447
RPL23AP18	0.232402293
RPL23AP19	0
RPL23AP2	0.536819373
RPL23AP20	0.025834744
RPL23AP22	0
RPL23AP23	0
RPL23AP24	0
RPL23AP25	0.046982407
RPL23AP26	0
RPL23AP27	0
RPL23AP28	0.092565339
RPL23AP29	0
RPL23AP3	0.116201146
RPL23AP30	0.021709436
RPL23AP31	0.093159977
RPL23AP32	0.02369592
RPL23AP33	0
RPL23AP34	0
RPL23AP35	0.021709436
RPL23AP36	0
RPL23AP37	0.099056715
RPL23AP38	0.023190677
RPL23AP39	0.026855376
RPL23AP4	0
RPL23AP40	0
RPL23AP41	0
RPL23AP42	3.256000528
RPL23AP43	0.115461012
RPL23AP44	0.022994561
RPL23AP45	0
RPL23AP46	0.02219679
RPL23AP47	0.047288814
RPL23AP48	0.022287761
RPL23AP49	0.650726419
RPL23AP50	0
RPL23AP52	0
RPL23AP53	1.871213298
RPL23AP54	0
RPL23AP55	0.024062892
RPL23AP56	0.024009773
RPL23AP57	0.116699864
RPL23AP58	0.023190677
RPL23AP59	0.047186236
RPL23AP6	0
RPL23AP60	0
RPL23AP61	0.020406055
RPL23AP62	0
RPL23AP63	0.115461012
RPL23AP64	1.150150933
RPL23AP65	0.743687337
RPL23AP66	0
RPL23AP67	0.045892098
RPL23AP68	0
RPL23AP69	0
RPL23AP7	1.609997462
RPL23AP70	0.047288814
RPL23AP71	0
RPL23AP72	0
RPL23AP73	0
RPL23AP74	0.230922023
RPL23AP75	0.07234874
RPL23AP76	0
RPL23AP77	0.211420833
RPL23AP78	0.023141335
RPL23AP8	0
RPL23AP80	0.025651951
RPL23AP81	0.163029959
RPL23AP82	1.722314252
RPL23AP83	0.022994561
RPL23AP84	0
RPL23AP85	0.02511877
RPL23AP86	0.040208604
RPL23AP87	0.024105557
RPL23AP88	0.023956888
RPL23AP89	0
RPL23AP90	0
RPL23AP91	0
RPL23AP92	0.255915936
RPL23AP93	0
RPL23AP94	0.03601466
RPL23AP95	0.041043122
RPL23AP96	0
RPL23AP97	0.138553214
RPL23P10	0.026399095
RPL23P11	0
RPL23P2	0.31001693
RPL23P4	0
RPL23P8	0.838603039
RPL24	105.4429479
RPL24P2	1.144887084
RPL24P4	3.668533673
RPL24P7	0.024009773
RPL24P8	0.688381475
RPL26	67.06690182
RPL26L1	12.1285246
RPL26P19	1.167105212
RPL26P20	0
RPL26P26	0
RPL26P27	0
RPL26P28	0
RPL26P29	0.099328103
RPL26P3	0
RPL26P30	0.236077492
RPL26P31	0
RPL26P34	0.024116247
RPL26P35	0
RPL26P37	0.024832026
RPL26P6	1.067777109
RPL26P9	0
RPL27	147.0250318
RPL27A	53.46732507
RPL27AP	0.025003281
RPL27AP5	0.048447338
RPL27AP8	0
RPL27P12	0
RPL28	121.9546668
RPL29	140.9612283
RPL29P11	0.46423775
RPL29P12	0.209609948
RPL29P14	0.15247328
RPL29P19	5.296347206
RPL29P2	0
RPL29P22	0
RPL29P23	0
RPL29P24	0.14405864
RPL29P25	0.025591594
RPL29P28	0.023043278
RPL29P29	0
RPL29P3	0
RPL29P30	0.022994561
RPL29P32	0
RPL29P33	0.137676295
RPL29P7	0.023799622
RPL3	312.8444017
RPL30	104.6643433
RPL30P1	0
RPL30P10	0
RPL30P11	0
RPL30P12	0
RPL30P13	0
RPL30P14	0
RPL30P15	0
RPL30P16	0
RPL30P2	0
RPL30P3	0
RPL30P4	0.097985832
RPL30P5	0
RPL30P6	0
RPL30P7	0.101019449
RPL30P9	0
RPL31	74.46530642
RPL31P1	0
RPL31P11	0.020943056
RPL31P12	0
RPL31P13	0
RPL31P15	0
RPL31P2	0
RPL31P20	0
RPL31P28	0
RPL31P3	0
RPL31P33	0
RPL31P35	0.05769988
RPL31P40	0
RPL31P41	0
RPL31P44	0.02884994
RPL31P45	0
RPL31P47	0
RPL31P49	0.058007612
RPL31P50	0
RPL31P52	0.088908125
RPL31P53	0
RPL31P54	0
RPL31P56	0
RPL31P57	0
RPL31P58	0.028697697
RPL31P59	0.032760323
RPL31P60	0
RPL31P61	0.028926668
RPL31P63	0.261034255
RPL31P7	0
RPL31P9	0
RPL32	135.1659231
RPL32P1	0.238750843
RPL32P14	0
RPL32P23	0
RPL32P26	0.053977307
RPL32P28	0
RPL32P29	0
RPL32P3	0.816215015
RPL32P31	0
RPL32P33	0
RPL32P34	0
RPL32P35	0
RPL32P9	0.026723409
RPL34	56.36316568
RPL34-AS1	0.011899811
RPL34P1	0
RPL34P17	0
RPL34P18	0.122897484
RPL34P19	0
RPL34P20	0
RPL34P21	0
RPL34P22	0.205215609
RPL34P23	0
RPL34P26	0
RPL34P27	0.124658193
RPL34P29	0
RPL34P3	0
RPL34P31	0.058633031
RPL34P33	0.032564154
RPL34P34	0.153621854
RPL34P6	0.094577629
RPL35	118.769169
RPL35A	153.1723932
RPL35AP	0
RPL35AP12	0
RPL35AP15	0.064167713
RPL35AP18	0
RPL35AP19	0
RPL35AP21	0.032661944
RPL35AP22	0
RPL35AP24	0
RPL35AP25	0.032958871
RPL35AP26	0.033882951
RPL35AP28	0.032859297
RPL35AP3	0
RPL35AP30	0
RPL35AP31	0
RPL35AP32	0.202038897
RPL35AP33	0
RPL35AP35	0
RPL35AP4	0.10663164
RPL35P1	2.204681209
RPL35P2	0.299626096
RPL35P3	0.087949547
RPL35P4	0.033777725
RPL35P5	1.028851231
RPL35P6	0.029237708
RPL35P8	0
RPL35P9	0.031075507
RPL36	85.99175332
RPL36A	10.17950183
RPL36A-HNRNPH2	0.062598143
RPL36AL	131.6543411
RPL36AP10	0
RPL36AP13	0
RPL36AP15	0.204444122
RPL36AP21	0.03367315
RPL36AP26	0.034202602
RPL36AP29	0
RPL36AP33	0.035085249
RPL36AP35	0
RPL36AP36	0
RPL36AP39	0.034202602
RPL36AP40	0.033882951
RPL36AP41	0
RPL36AP43	0.566849631
RPL36AP45	0.171013008
RPL36AP48	0
RPL36AP51	0
RPL36AP53	0
RPL36AP55	0
RPL36AP6	0
RPL36P1	0
RPL36P16	0.03554388
RPL36P18	0
RPL36P19	0
RPL36P2	0
RPL36P20	0
RPL36P4	0
RPL37	87.70778721
RPL37A	61.6590562
RPL37AP1	0.701704987
RPL37AP8	0.118222036
RPL37P1	0.038297279
RPL37P10	0
RPL37P15	0
RPL37P18	0
RPL37P2	4.206562474
RPL37P21	0
RPL37P23	0.591914411
RPL37P25	0
RPL37P3	0.296967298
RPL37P4	0
RPL37P6	0.998580174
RPL38	44.47717384
RPL38P1	0
RPL38P3	0
RPL38P4	0.050824427
RPL39	40.81327273
RPL39L	7.828975498
RPL39P	0
RPL39P18	0.070170499
RPL39P25	0
RPL39P26	0
RPL39P28	0
RPL39P29	0
RPL39P3	15.75687544
RPL39P31	0
RPL39P33	0
RPL39P34	0
RPL39P36	1.25497238
RPL39P38	0.14217552
RPL39P39	0
RPL39P40	0.521472542
RPL39P5	0.145342013
RPL39P6	0.072509515
RPL3L	0.705903004
RPL3P1	0.044906801
RPL3P10	0
RPL3P11	0
RPL3P12	0.027010995
RPL3P13	0
RPL3P2	0.370684555
RPL3P3	0.071732414
RPL3P4	16.32749724
RPL3P5	0.061797882
RPL3P6	0.063235042
RPL3P7	0.367931947
RPL3P8	0.009132181
RPL3P9	0.073551495
RPL4	176.4829121
RPL41	163.6462453
RPL41P1	134.0083265
RPL41P2	1.143487466
RPL41P5	21.05564772
RPL4P1	0.093615571
RPL4P2	0.084839526
RPL4P3	0.082962832
RPL4P4	1.719559767
RPL4P5	0.55404998
RPL4P6	0.300269465
RPL5	171.0007706
RPL5P1	0.267652573
RPL5P10	0
RPL5P11	0.060898249
RPL5P12	0.127807606
RPL5P13	0
RPL5P14	0
RPL5P15	0
RPL5P16	0.013767629
RPL5P17	0.049607422
RPL5P18	0.085448924
RPL5P19	0
RPL5P2	0.012735863
RPL5P20	0.01213887
RPL5P21	0
RPL5P22	0.012303651
RPL5P23	0.200487139
RPL5P24	0.110607735
RPL5P25	0
RPL5P26	0
RPL5P27	0.012345547
RPL5P28	0.031389401
RPL5P29	0.024332052
RPL5P3	0.097875611
RPL5P30	0.158690858
RPL5P31	0
RPL5P32	0
RPL5P33	0.012018152
RPL5P34	0.463865586
RPL5P35	0.013328955
RPL5P4	0.294621055
RPL5P5	0.060898249
RPL5P6	0
RPL5P7	0
RPL5P8	0
RPL5P9	0.036827632
RPL6	102.8894858
RPL6P12	0.012856297
RPL6P2	0
RPL6P21	0
RPL6P24	0.012588458
RPL6P25	0.025294017
RPL6P27	7.808077395
RPL6P29	0.012573904
RPL6P30	0
RPL6P5	0.013135782
RPL6P7	0
RPL6P8	0
RPL6P9	0.012661731
RPL7	166.6259682
RPL7A	267.6804217
RPL7AP10	0.192503138
RPL7AP11	0.258638446
RPL7AP14	0.02712326
RPL7AP15	0
RPL7AP2	0.029395749
RPL7AP23	0
RPL7AP25	0
RPL7AP26	0.026756279
RPL7AP28	0.114288203
RPL7AP3	0.023043278
RPL7AP30	0.614873402
RPL7AP31	0.054518433
RPL7AP33	0.055491976
RPL7AP34	0.040735683
RPL7AP38	0
RPL7AP4	0.056574394
RPL7AP49	0
RPL7AP50	0.574603706
RPL7AP51	0
RPL7AP52	0
RPL7AP53	0.205733177
RPL7AP56	0
RPL7AP57	0
RPL7AP58	0.01356163
RPL7AP6	1.643005871
RPL7AP60	0.191775796
RPL7AP61	0.017101301
RPL7AP64	0.410121693
RPL7AP65	0.014540678
RPL7AP66	0.420935389
RPL7AP69	0
RPL7AP7	0.040940128
RPL7AP71	0.014717764
RPL7AP72	0
RPL7AP73	0
RPL7AP8	0.054111579
RPL7AP9	0.013595534
RPL7L1	19.51739989
RPL7L1P1	0
RPL7L1P10	0
RPL7L1P11	0.120681579
RPL7L1P12	0
RPL7L1P13	0
RPL7L1P2	0
RPL7L1P3	0.015785816
RPL7L1P4	0
RPL7L1P5	0.014737706
RPL7L1P7	0
RPL7L1P8	0.044034119
RPL7L1P9	0.014599231
RPL7P1	1.557935369
RPL7P10	0.014717764
RPL7P11	0.016529525
RPL7P12	0
RPL7P13	0
RPL7P14	0.01467804
RPL7P15	0.045827643
RPL7P16	0.014737706
RPL7P17	0.045068069
RPL7P18	0
RPL7P19	0.052798191
RPL7P2	0
RPL7P20	0
RPL7P21	0.017128232
RPL7P22	0.014838236
RPL7P23	0.553285458
RPL7P24	0.072316671
RPL7P25	0
RPL7P26	0.115399759
RPL7P27	0
RPL7P28	0.058791499
RPL7P29	0.014940147
RPL7P3	0
RPL7P30	0
RPL7P31	0.01502269
RPL7P32	0.131569685
RPL7P33	0
RPL7P34	0
RPL7P35	0
RPL7P36	0
RPL7P37	0.014737706
RPL7P38	0
RPL7P39	0.043856562
RPL7P4	0
RPL7P40	0
RPL7P41	0
RPL7P42	0
RPL7P43	0
RPL7P44	0
RPL7P45	0
RPL7P46	0.014697875
RPL7P47	0.176057276
RPL7P48	0.043738984
RPL7P49	0.015362185
RPL7P5	0
RPL7P50	0.074803489
RPL7P51	0.014521265
RPL7P52	0
RPL7P53	0
RPL7P54	0
RPL7P55	0.014579661
RPL7P56	0.015169355
RPL7P57	0.058791499
RPL7P58	0
RPL7P59	0.011533857
RPL7P6	0.16211477
RPL7P60	0.01479786
RPL7P61	0
RPL7P7	0.015471447
RPL7P8	0.044697646
RPL7P9	5.76581688
RPL8	517.1315493
RPL8P2	0.129997139
RPL9	51.49532777
RPL9P15	0
RPL9P16	0.038364823
RPL9P18	0.040659541
RPL9P2	0.118008253
RPL9P21	0.02153748
RPL9P25	0
RPL9P28	0.037569697
RPL9P29	0.366827228
RPL9P3	0.018915526
RPL9P30	0.01894848
RPL9P31	0.018817348
RPL9P32	0.070170499
RPL9P33	0
RPL9P5	0
RPL9P6	0
RPL9P7	0.4313066
RPL9P9	93.45839411
RPLP0	306.6684928
RPLP0P1	0
RPLP0P11	0.023930533
RPLP0P2	2.78518898
RPLP0P6	5.210196305
RPLP0P7	0
RPLP1	232.8606176
RPLP1P10	0
RPLP1P11	0
RPLP1P13	0.036376011
RPLP1P6	0.439240333
RPLP2	159.1185152
RPLP2P1	0
RPN1	85.58102651
RPN2	196.6360827
RPP14	1.783297669
RPP21	2.72249301
RPP25	2.439972539
RPP25L	8.595564796
RPP30	4.043889797
RPP38	4.609801829
RPP40	2.644269022
RPP40P1	0
RPP40P2	0
RPPH1	0
RPPH1-2P	0
RPPH1-3P	0
RPRD1A	5.836320263
RPRD1B	11.14286128
RPRD2	8.658323218
RPRM	3.00192351
RPRML	0.029852957
RPS10	89.99879275
RPS10-NUDT3	0.062080064
RPS10P14	0.04333238
RPS10P16	0.350852493
RPS10P18	0
RPS10P2	0.814631194
RPS10P20	0
RPS10P21	0
RPS10P27	0
RPS10P28	0.065520646
RPS10P3	0.286221771
RPS10P5	0.348209537
RPS10P7	0.546389864
RPS11	745.4812816
RPS11P1	0
RPS11P5	2.224723765
RPS11P6	0.518894099
RPS11P7	0.070170499
RPS12	628.9184186
RPS12P10	0
RPS12P15	0
RPS12P16	0
RPS12P17	0.02884994
RPS12P18	0
RPS12P2	0
RPS12P20	0.028622177
RPS12P21	0
RPS12P23	0.054793085
RPS12P24	0.028104463
RPS12P26	0.878903216
RPS12P27	0.161371325
RPS12P28	0
RPS12P31	0.027327707
RPS12P5	0.029316516
RPS13	135.074679
RPS13P2	1.410349913
RPS14	107.1150964
RPS14P4	0.052040322
RPS14P7	0
RPS14P8	0.088426238
RPS15	71.69687943
RPS15A	33.68940379
RPS15AP1	2.920779709
RPS15AP10	0.199306259
RPS15AP11	0.226003684
RPS15AP12	1.26144131
RPS15AP16	0.12051443
RPS15AP17	0.139441376
RPS15AP18	0
RPS15AP24	0.109862902
RPS15AP25	0
RPS15AP27	0
RPS15AP28	0.028177273
RPS15AP29	0.054382136
RPS15AP3	0
RPS15AP30	0.027888275
RPS15AP32	0
RPS15AP34	0
RPS15AP36	0.455557164
RPS15AP38	0.146188539
RPS15AP40	0.166901698
RPS15AP5	0.028032029
RPS15AP6	0.056500921
RPS15AP7	0
RPS15AP9	0
RPS15P5	0.377653726
RPS15P9	0.034095383
RPS16	175.3850017
RPS16P5	0
RPS16P8	0
RPS16P9	0
RPS17	123.5695671
RPS17P1	0
RPS17P11	0
RPS17P13	0
RPS17P14	0
RPS17P15	0
RPS17P17	0
RPS17P2	0.05331582
RPS17P5	0.05331582
RPS17P8	0
RPS18	586.3299727
RPS18P1	0
RPS18P12	0.924140881
RPS18P13	0.28748266
RPS18P6	0
RPS18P9	2.435373938
RPS19	177.9474976
RPS19BP1	10.73768998
RPS19P1	0.400974278
RPS19P3	0.591914411
RPS19P6	0
RPS19P7	0.192260078
RPS2	167.3473337
RPS20	157.0198143
RPS20P1	0.030724371
RPS20P10	0.085979662
RPS20P14	1.903374777
RPS20P15	0.06994487
RPS20P2	0.083879902
RPS20P20	0
RPS20P21	0
RPS20P22	0.024756663
RPS20P23	0
RPS20P24	0
RPS20P25	0
RPS20P31	0
RPS20P32	0
RPS20P33	0.245794967
RPS20P35	0.152330915
RPS20P4	0.09191347
RPS20P5	0
RPS21	237.4846105
RPS21P1	0.220170593
RPS21P4	0
RPS21P8	0
RPS23	88.6801376
RPS23P1	0.10070766
RPS23P10	0
RPS23P2	0
RPS23P3	0
RPS23P4	0
RPS23P5	0
RPS23P6	0.07570599
RPS23P7	0.024496458
RPS23P8	1.384272565
RPS23P9	0
RPS24	118.2388001
RPS24P1	0
RPS24P12	0.055210291
RPS24P13	0
RPS24P14	0
RPS24P16	0
RPS24P17	0.077137782
RPS24P18	0
RPS24P6	0.027191068
RPS24P7	0.132639357
RPS24P8	0.595227365
RPS25	193.5076212
RPS25P9	0.043160426
RPS26	36.5533043
RPS26P11	0.125016406
RPS26P13	0.032958871
RPS26P15	0.156270507
RPS26P2	0
RPS26P21	0.031254101
RPS26P24	0
RPS26P28	0.062508203
RPS26P3	0.281286913
RPS26P30	0
RPS26P31	0.125016406
RPS26P34	0
RPS26P35	0
RPS26P38	0.21877871
RPS26P39	0.063791362
RPS26P4	0
RPS26P40	0.036994651
RPS26P41	0
RPS26P42	0
RPS26P43	0
RPS26P45	0
RPS26P47	0.093762304
RPS26P48	0
RPS26P49	0
RPS26P5	0
RPS26P52	0
RPS26P54	0
RPS26P55	0.061103524
RPS26P56	0.045318447
RPS26P6	0.031254101
RPS26P8	0.062508203
RPS27	405.9919669
RPS27A	207.0760561
RPS27AP1	0.115461012
RPS27AP10	0
RPS27AP11	0.900285928
RPS27AP12	0.116950831
RPS27AP13	0
RPS27AP14	0
RPS27AP15	0
RPS27AP16	9.012445941
RPS27AP17	0.143425415
RPS27AP18	0
RPS27AP19	0.094990631
RPS27AP2	0.18712133
RPS27AP3	0.047913777
RPS27AP6	0.048555479
RPS27AP7	0.071712707
RPS27AP8	0
RPS27AP9	0.049664052
RPS27L	3.713262568
RPS27P1	0
RPS27P12	0
RPS27P14	0
RPS27P15	0
RPS27P16	0.703450522
RPS27P18	0
RPS27P20	0
RPS27P21	0.086320852
RPS27P22	0
RPS27P23	0.086664759
RPS27P25	0
RPS27P26	0
RPS27P27	0
RPS27P29	0.129481277
RPS27P5	0
RPS28	75.29321002
RPS28P1	0
RPS28P7	111.9754087
RPS28P8	0
RPS29	16.82216308
RPS29P1	0
RPS29P10	0
RPS29P11	0.763258056
RPS29P12	0
RPS29P13	0
RPS29P14	0
RPS29P15	0.063604838
RPS29P16	0.381629028
RPS29P17	0
RPS29P19	0.190814514
RPS29P2	0
RPS29P20	0
RPS29P21	0
RPS29P22	0
RPS29P23	0
RPS29P24	0
RPS29P25	0
RPS29P26	0
RPS29P27	0
RPS29P28	0
RPS29P29	0
RPS29P3	0.572443542
RPS29P30	0
RPS29P31	0
RPS29P32	0
RPS29P33	0
RPS29P4	0
RPS29P5	0.254419352
RPS29P6	0.075009843
RPS29P7	0.127209676
RPS29P8	0.063604838
RPS29P9	0
RPS2P1	0.02649556
RPS2P2	0
RPS2P24	0
RPS2P25	0.075009843
RPS2P28	0.01467804
RPS2P32	1.536356322
RPS2P35	0.072752022
RPS2P36	0.02617672
RPS2P39	0
RPS2P4	0.101648853
RPS2P41	0.036074386
RPS2P44	0.012856297
RPS2P45	0.013779258
RPS2P46	5.099480069
RPS2P48	0.098652402
RPS2P5	26.73943048
RPS2P52	0.039791807
RPS2P55	0.307939618
RPS2P6	0.024304865
RPS2P7	0.393271947
RPS3	166.0934156
RPS3A	104.536358
RPS3AP1	0
RPS3AP12	0
RPS3AP14	0
RPS3AP15	0.013926283
RPS3AP17	0
RPS3AP2	0.05769988
RPS3AP22	0
RPS3AP23	0
RPS3AP24	0.029636042
RPS3AP25	0.178302087
RPS3AP26	0.943363592
RPS3AP29	0
RPS3AP3	0.134831743
RPS3AP30	0
RPS3AP32	0
RPS3AP33	0
RPS3AP34	0.139262834
RPS3AP35	0
RPS3AP36	0.042102299
RPS3AP37	0.014599231
RPS3AP38	0.057019278
RPS3AP39	0.0140341
RPS3AP4	0
RPS3AP40	0
RPS3AP41	0
RPS3AP42	0
RPS3AP43	0.04177885
RPS3AP44	0.123908665
RPS3AP46	0
RPS3AP47	0.535581647
RPS3AP49	0.110141036
RPS3AP5	0.476920076
RPS3AP50	0
RPS3AP52	0
RPS3AP53	0
RPS3AP54	0
RPS3AP6	0.889267641
RPS3AP9	0
RPS3P1	0
RPS3P2	0.077577941
RPS3P6	0.143820526
RPS3P7	0.02996261
RPS4X	439.638176
RPS4XP1	0.193481553
RPS4XP10	0
RPS4XP11	0.169063637
RPS4XP12	0.030681036
RPS4XP13	0.124065711
RPS4XP14	0.236746817
RPS4XP15	0
RPS4XP16	0.185455631
RPS4XP17	0.173099639
RPS4XP18	0.01425482
RPS4XP19	0.014777754
RPS4XP2	0.178302087
RPS4XP20	0
RPS4XP21	0.014501903
RPS4XP22	2.356559248
RPS4XP23	0.137676295
RPS4XP3	0.790055252
RPS4XP4	0
RPS4XP5	0.006866431
RPS4XP6	0.19105393
RPS4XP7	0.069720688
RPS4XP8	0
RPS4XP9	0.041832413
RPS4Y1	0.038246777
RPS4Y2	0.013732863
RPS5	253.8594817
RPS5P2	0.033988835
RPS5P3	0.052969613
RPS5P7	0
RPS6	277.3769488
RPS6KA1	7.526990475
RPS6KA2	7.007728421
RPS6KA2-AS1	0
RPS6KA2-IT1	0.075139394
RPS6KA3	9.411795806
RPS6KA4	12.34775907
RPS6KA5	0.404835641
RPS6KA6	0.253297178
RPS6KB1	5.048405437
RPS6KB2	7.366154729
RPS6KB2-AS1	0
RPS6KC1	4.614135393
RPS6KL1	0.048549104
RPS6P12	0.074906524
RPS6P14	0
RPS6P15	0
RPS6P16	0.06642093
RPS6P2	0
RPS6P20	0
RPS6P21	0
RPS6P22	0.059925219
RPS6P23	0
RPS6P25	0.174488138
RPS6P4	0
RPS6P7	0
RPS6P8	0
RPS7	52.40672949
RPS7P1	12.82860656
RPS7P10	1.172417536
RPS7P11	2.208694281
RPS7P12	0
RPS7P13	0
RPS7P14	0.093279822
RPS7P15	0.037248039
RPS7P2	0
RPS7P3	0.075009843
RPS7P4	0.429824446
RPS7P5	0
RPS7P6	0
RPS7P7	0
RPS7P8	0
RPS7P9	0
RPS8	154.5812707
RPS8P10	0
RPS8P3	0.017486218
RPS8P4	0.052040322
RPS8P6	0
RPS9	122.8133026
RPS9P1	0
RPSA	81.00948746
RPSAP1	0
RPSAP10	0.01238773
RPSAP11	0.037036642
RPSAP12	0.244964579
RPSAP13	0
RPSAP14	0.212075184
RPSAP15	0.240014075
RPSAP16	0.01324778
RPSAP17	0.049270339
RPSAP18	0.110482896
RPSAP19	3.893266589
RPSAP2	0.024496458
RPSAP20	0.012220705
RPSAP21	0
RPSAP22	0
RPSAP23	0
RPSAP24	0.01245868
RPSAP25	0
RPSAP26	0
RPSAP27	0
RPSAP28	0.012444425
RPSAP29	0.087612188
RPSAP3	0.073572225
RPSAP31	0.036900517
RPSAP32	0
RPSAP33	0
RPSAP34	0
RPSAP35	0
RPSAP36	0.025875719
RPSAP37	0
RPSAP38	0
RPSAP39	0.024635169
RPSAP4	0.048992916
RPSAP40	0.012206989
RPSAP41	0.050588034
RPSAP42	0
RPSAP43	0.017402284
RPSAP44	0.024607302
RPSAP45	0.037333274
RPSAP46	0.086320852
RPSAP47	0.257212808
RPSAP48	0
RPSAP49	0.147310528
RPSAP5	0.184554762
RPSAP50	0.051063039
RPSAP51	0
RPSAP52	0.203097905
RPSAP53	0.02523533
RPSAP54	0.491035092
RPSAP55	0.037248039
RPSAP57	0
RPSAP58	0.257793424
RPSAP59	0.012220705
RPSAP6	0.01233155
RPSAP60	0
RPSAP61	0.099101843
RPSAP62	0
RPSAP63	0.073489374
RPSAP64	0.097110958
RPSAP65	0
RPSAP66	0
RPSAP67	0
RPSAP68	0
RPSAP69	0.128065586
RPSAP7	0.565328424
RPSAP70	0.239180693
RPSAP71	0.411607914
RPSAP72	0
RPSAP73	0
RPSAP74	0.027675388
RPSAP75	0
RPSAP76	0.025501588
RPSAP8	0.073406708
RPSAP9	0.318453952
RPTN	0.140183709
RPTOR	5.165405189
RPUSD1	4.729222992
RPUSD2	3.531990492
RPUSD3	4.702000731
RPUSD4	5.444873229
RRAD	2.310206617
RRAGA	47.55784573
RRAGB	10.94028889
RRAGC	5.399271534
RRAGD	3.261641546
RRAS	39.77396948
RRAS2	14.31921184
RRBP1	61.92551536
RREB1	5.010191501
RRH	0.007475208
RRM1	20.24780911
RRM1-AS1	0
RRM2	12.04418902
RRM2B	7.916188433
RRM2P2	0
RRM2P3	0.121576573
RRM2P4	0
RRN3	6.335859116
RRN3P1	0.399609836
RRN3P2	0.204426656
RRN3P3	0.520233154
RRNAD1	4.935406265
RRP1	5.897474693
RRP12	5.238640326
RRP15	3.526594973
RRP1B	8.820816515
RRP36	19.70737821
RRP7A	13.7141037
RRP7BP	0.903520964
RRP8	2.092950182
RRP9	10.8419646
RRS1	11.87736463
RRS1-AS1	0.029893982
RS1	0.08738593
RSAD1	4.401869933
RSAD2	6.880454008
RSBN1	2.652514826
RSBN1L	3.44586227
RSC1A1	0
RSF1	4.816308657
RSF1-IT1	0.034419074
RSF1-IT2	0.057648908
RSG1	1.386832477
RSL1D1	16.37195956
RSL24D1	16.48995059
RSL24D1P1	0
RSL24D1P11	0.044303166
RSL24D1P2	0
RSL24D1P3	0
RSL24D1P4	0
RSL24D1P5	0
RSL24D1P6	0.406848901
RSL24D1P8	0
RSL24D1P9	0
RSPH1	0.131041293
RSPH10B	0.002178335
RSPH10B2	0.002178771
RSPH14	0.02678923
RSPH3	1.969394243
RSPH4A	0.337016057
RSPH6A	0.004270289
RSPH9	0.338984051
RSPO1	0.221824189
RSPO2	0.327746533
RSPO3	1.259051666
RSPO4	0.630110364
RSPRY1	13.16506866
RSRC1	4.544420864
RSRC2	5.774796829
RSRP1	1.406710174
RSU1	24.29354234
RSU1P1	0
RSU1P2	0
RSU1P3	0
RTBDN	0.008131908
RTCA	5.694277051
RTCA-AS1	0.385688911
RTCB	39.64656979
RTEL1	0.22133847
RTEL1P1	0.011806163
RTEL1-TNFRSF6B	0.335538776
RTF1	9.379740421
RTF2	27.06123641
RTKN	7.951418078
RTKN2	1.324809902
RTL1	0.007781846
RTL10	6.337521359
RTL3	0.139652012
RTL4	0.016649716
RTL5	3.315956177
RTL6	11.63451131
RTL8A	30.14446965
RTL8B	12.37958606
RTL8C	70.27774488
RTL9	0.037376039
RTN1	1.024755994
RTN2	3.661305051
RTN3	16.24140533
RTN3P1	0.061189464
RTN4	79.69225726
RTN4IP1	2.606155072
RTN4R	3.006571547
RTN4RL1	0.429056304
RTN4RL2	3.914055739
RTP1	0
RTP2	0
RTP3	0.00823348
RTP4	5.767166083
RTP5	0.01252083
RTRAF	15.28815607
RTTN	2.281860494
RUBCN	4.952670133
RUBCNL	0.876527802
RUFY1	7.463168519
RUFY2	1.755038594
RUFY3	1.866648303
RUFY4	0.142289731
RUNDC1	3.877742421
RUNDC3A	0.517398656
RUNDC3A-AS1	0.120782091
RUNDC3B	0.073895047
RUNX1	11.64044498
RUNX1T1	0.440360706
RUNX2	10.20063366
RUNX2-AS1	0.0287546
RUNX3	9.856837385
RUSC1	7.06857547
RUSC1-AS1	0.813566661
RUSC2	5.39227309
RUVBL1	8.82480967
RUVBL1-AS1	0.036994651
RUVBL2	28.7966644
RWDD1	4.261115111
RWDD2A	1.397318785
RWDD2B	7.003201788
RWDD3	1.306049292
RWDD4	3.937611467
RWDD4P1	0.250254079
RWDD4P2	2.260287733
RXFP1	0.168389444
RXFP2	0.006554039
RXFP3	0.076346412
RXFP4	0
RXRA	6.484217384
RXRB	14.47230734
RXRG	0.213817005
RXYLT1	1.605541292
RYBP	6.195451598
RYK	7.710950383
RYKP1	0.006258013
RYR1	1.072314223
RYR2	0.269815179
RYR3	0.398364224
S100A1	0.215374798
S100A10	213.6164156
S100A11	1099.3029
S100A11P1	0.139441376
S100A11P2	0.069720688
S100A12	2.519635667
S100A13	11.09327554
S100A14	49.8339672
S100A16	72.42639153
S100A2	202.3279232
S100A3	2.835843348
S100A4	81.78012213
S100A5	0.471681796
S100A6	643.6582305
S100A7	25.32421878
S100A7A	1.063971798
S100A7L2	0
S100A8	62.85839792
S100A9	424.6330636
S100B	2.809242962
S100G	0.023904236
S100P	1.08764273
S100PBP	2.448793181
S100Z	0.072361082
S1PR1	8.039560392
S1PR2	7.296497709
S1PR3	3.824268131
S1PR4	1.941285401
S1PR5	4.081567336
SAA1	58.07870001
SAA2	2.368687579
SAA2-SAA4	3.391176312
SAA3P	0
SAA4	0.284253258
SAAL1	6.090090724
SAC3D1	3.388142138
SACM1L	4.497325759
SACS	1.303065587
SACS-AS1	0
SAE1	44.11422544
SAFB	13.36211449
SAFB2	6.051782595
SAG	0
SAGE1	0.025782252
SAGE2P	0
SAGE3P	0
SAGE4P	0
SALL1	1.869746247
SALL1P1	0
SALL2	3.124295169
SALL3	0.48963773
SALL4	3.465672722
SALL4P1	0
SALL4P2	0
SALL4P5	0
SALL4P6	0
SALL4P7	0
SALRNA1	0.057354123
SALRNA2	0
SALRNA3	0
SAMD1	17.7733222
SAMD10	1.179425055
SAMD11	0.433162008
SAMD11P1	0
SAMD12	1.86161237
SAMD12-AS1	0.2101128
SAMD13	0.094440758
SAMD14	0.513126772
SAMD15	0.523864618
SAMD3	0.168590138
SAMD4A	4.9681232
SAMD4B	20.2773755
SAMD5	0.40614507
SAMD7	0.008659576
SAMD8	5.717706313
SAMD9	48.82254476
SAMD9L	9.813936782
SAMHD1	34.08436565
SAMM50	8.248168642
SAMM50P1	0.01554886
SAMMSON	0.026045085
SAMSN1	4.547575314
SAMSN1-AS1	0.025896255
SAP130	12.91591286
SAP18	16.77583221
SAP18P1	0
SAP18P2	0
SAP18P3	0.027465725
SAP25	0.094032513
SAP30	5.108624943
SAP30BP	5.009365644
SAP30L	5.740113
SAP30L-AS1	0.441234373
SAPCD1	0.132724546
SAPCD1-AS1	0.094372471
SAPCD2	1.678949536
SAPCD2P1	0
SAPCD2P2	0
SAPCD2P3	0.102366375
SAPCD2P4	0
SAR1A	20.01300377
SAR1AP1	0.018249039
SAR1AP2	0
SAR1AP3	0
SAR1AP4	0
SAR1B	3.77594475
SARAF	69.04894413
SARDH	0.792364723
SARM1	0.788118598
SARNP	0.38752877
SARS	24.17141364
SARS2	1.777392019
SART1	18.30601088
SART3	8.10608713
SASH1	3.436473547
SASH3	12.05193198
SASS6	1.374613923
SAT1	137.871125
SAT2	14.88144161
SATB1	2.185992361
SATB1-AS1	0.179595949
SATB2	0.431761806
SATB2-AS1	0.017032436
SATL1	0.00478716
SAV1	5.745380956
SAXO1	0
SAXO2	0.154257022
SAYSD1	5.726392492
SBDS	548.2171496
SBDSP1	6.970042998
SBF1	12.82568214
SBF1P1	0.001931527
SBF2	2.145835361
SBF2-AS1	0.415694481
SBK1	1.167821521
SBK2	0.039840393
SBK3	0.286221771
SBNO1	4.876010691
SBNO2	19.41210824
SBSN	1.610105552
SBSPON	0.392077461
SC5D	8.652680574
SCAANT1	0.170610624
SCAF1	21.30325734
SCAF11	7.534066704
SCAF4	8.773393312
SCAF8	7.368030388
SCAI	0.788110569
SCAMP1	7.596032069
SCAMP1-AS1	1.69337233
SCAMP2	19.72331326
SCAMP3	30.95461495
SCAMP4	9.334048854
SCAMP5	5.316570864
SCAND1	12.21690882
SCAND2P	0.248644648
SCAND3P1	0
SCAP	13.34481184
SCAPER	1.439885336
SCARA3	25.45208105
SCARA5	0.642530767
SCARB1	6.241194943
SCARB2	50.46394421
SCARF1	2.198963229
SCARF2	7.055795511
SCARNA1	0.065520646
SCARNA10	0.065917741
SCARNA11	0
SCARNA12	0.523679833
SCARNA13	0.355955802
SCARNA14	0
SCARNA15	0
SCARNA16	0
SCARNA17	0
SCARNA18	0.081167368
SCARNA18B	0
SCARNA2	0
SCARNA20	0.083026163
SCARNA21	0.312990714
SCARNA21B	0
SCARNA22	0.087011418
SCARNA23	0
SCARNA3	0
SCARNA4	0
SCARNA4	0
SCARNA5	0.078814691
SCARNA6	0.205215609
SCARNA7	0.065917741
SCARNA8	0.083026163
SCARNA9	0.49298254
SCART1	0.127558848
SCCPDH	16.2994322
SCD	122.2391157
SCD5	9.829837252
SCDP1	0.130798848
SCEL	1.823515159
SCEL-AS1	0
SCFD1	7.418680132
SCFD2	5.87702712
SCG2	10.91642887
SCG3	0.04593363
SCG5	2.357549815
SCGB1A1	0.95308899
SCGB1B2P	0.211878454
SCGB1C1	0
SCGB1C2	0
SCGB1D1	0
SCGB1D2	0
SCGB1D4	0
SCGB1D5P	0
SCGB2A1	0
SCGB2A2	0
SCGB2B2	0.058201618
SCGB2B3P	0
SCGB3A1	10.18218726
SCGB3A2	5.57480134
SCGN	0
SCHIP1	0.12661897
SCHLAP1	0.189352843
SCIMP	1.948865538
SCIN	0.288216434
SCLT1	0.979822864
SCLY	0.210427768
SCMH1	4.95761595
SCML1	1.721391986
SCML2	0.165617737
SCML2P1	0.059325967
SCML2P2	0.060424596
SCML4	0.201754975
SCN10A	0
SCN11A	0.015531702
SCN1A	0.103952108
SCN1B	2.064757442
SCN2A	0.038503725
SCN2B	0.533926915
SCN3A	0.130867587
SCN3B	0.140207537
SCN4A	0.017144847
SCN4B	1.515267885
SCN5A	0.059718828
SCN7A	0.939544964
SCN8A	0.745951588
SCN9A	0.393541127
SCNM1	6.262690144
SCNN1A	4.155476393
SCNN1B	2.945352058
SCNN1D	0.154026424
SCNN1G	1.643714419
SCO1	2.815325463
SCO2	13.53759577
SCOC	8.092518118
SCOC-AS1	0.12185209
SCOCP1	0.093493644
SCP2	8.952589645
SCP2D1	0
SCPEP1	22.53196021
SCRG1	0.014109524
SCRIB	9.286768592
SCRN1	22.90597896
SCRN2	3.910223945
SCRN3	3.661345579
SCRT1	0.008634369
SCRT2	0
SCT	3.268871592
SCTR	0.71747594
SCUBE1	0.19718286
SCUBE2	3.108645018
SCUBE3	5.23860548
SCX	0.228633607
SCYL1	24.46053126
SCYL2	10.57503232
SCYL3	2.126931736
SDAD1	6.486600296
SDAD1P1	0.832694339
SDAD1P2	0.01072626
SDAD1P3	0
SDAD1P4	0
SDC1	126.3269045
SDC2	13.30300235
SDC3	17.41428822
SDC4	81.20482975
SDC4P	0.018097217
SDCBP	39.61314103
SDCBP2	0.754339473
SDCBP2-AS1	0.659339851
SDCBP2P1	0
SDCBPP1	0.012220705
SDCBPP2	0.024579497
SDCBPP3	0.024413978
SDCCAG3	7.481232309
SDCCAG3P1	0.018915526
SDCCAG3P2	0.095687044
SDCCAG8	3.605039037
SDE2	10.19237527
SDF2	10.97761855
SDF2L1	21.58461141
SDF4	29.20860047
SDHA	19.10478253
SDHAF1	5.579402723
SDHAF2	5.455671798
SDHAF3	4.821898511
SDHAF4	5.10587837
SDHAP1	1.71596482
SDHAP2	0
SDHAP3	2.058454271
SDHB	14.5387174
SDHC	6.549667766
SDHCP1	0
SDHCP2	0.021709436
SDHCP3	0.042989831
SDHCP4	0
SDHD	22.02595739
SDHDP1	0
SDHDP2	0
SDHDP6	0.226592235
SDK1	10.59238861
SDK2	1.246286578
SDR16C5	2.610475231
SDR16C6P	0
SDR39U1	1.540739459
SDR42E1	1.919423237
SDR42E1P1	0
SDR42E1P2	0
SDR42E1P3	0
SDR42E1P4	0
SDR42E1P5	0
SDR42E2	0.008271047
SDR9C7	0.043135972
SDS	3.947499062
SDSL	2.596403448
SEBOX	0
SEC11A	14.95603364
SEC11B	0.021796447
SEC11C	7.582878264
SEC13	27.92601596
SEC13P1	0.022946049
SEC14L1	9.632404599
SEC14L1P1	0.398951941
SEC14L2	3.910788896
SEC14L3	0.008907803
SEC14L4	0.625891967
SEC14L5	0.075565729
SEC14L6	0.557929938
SEC16A	13.39626925
SEC16B	0.036859249
SEC1P	0.115618817
SEC22A	3.148561329
SEC22B	4.318546017
SEC22C	4.124484135
SEC23A	15.19416831
SEC23A-AS1	0.021752855
SEC23B	28.2130054
SEC23IP	7.681381729
SEC24A	10.95647877
SEC24AP1	0.026944081
SEC24B	7.887962698
SEC24B-AS1	0.130483454
SEC24C	14.2928468
SEC24D	13.89924081
SEC31A	30.58958011
SEC31B	0.289106344
SEC61A1	104.9226735
SEC61A2	1.441487683
SEC61B	41.23902518
SEC61G	132.8140495
SEC62	42.33547805
SEC62-AS1	0.251478088
SEC63	10.80929668
SEC63P1	0.64843565
SEC63P2	0
SECISBP2	2.588042162
SECISBP2L	5.05874524
SECTM1	6.248160362
SEH1L	2.900449794
SEL1L	21.89735781
SEL1L2	0.002800316
SEL1L3	11.62727693
SELE	1.110178402
SELENBP1	9.284073643
SELENOF	54.94069766
SELENOH	10.08841716
SELENOI	4.423317837
SELENOK	12.4036485
SELENOKP1	0.190814514
SELENOKP2	0
SELENOKP3	0.009225129
SELENOM	11.29960803
SELENON	48.09573852
SELENOO	6.27822549
SELENOOLP	0.10228615
SELENOP	45.84811837
SELENOS	16.36373794
SELENOT	18.81477254
SELENOTP1	0.134001158
SELENOTP2	0
SELENOV	0.062833202
SELENOW	19.6379363
SELENOWP1	0
SELL	8.597366752
SELP	2.811042241
SELPLG	16.34080717
SEM1	8.428521206
SEM1P1	0.052040322
SEMA3A	0.546664951
SEMA3B	1.301098272
SEMA3B-AS1	0.386145348
SEMA3C	32.36726203
SEMA3D	2.277277261
SEMA3E	0.177298015
SEMA3F	13.18873861
SEMA3F-AS1	0.232355008
SEMA3G	1.397808657
SEMA4A	9.147863882
SEMA4B	19.87284411
SEMA4C	12.83372492
SEMA4D	2.976423431
SEMA4F	2.798143011
SEMA4G	1.27336813
SEMA5A	4.556644915
SEMA5A-AS1	0.01295584
SEMA5B	0.990831343
SEMA6A	3.614555658
SEMA6A-AS1	0.096115476
SEMA6A-AS2	0.112826009
SEMA6B	3.781604595
SEMA6C	1.142127845
SEMA6D	2.182909123
SEMA7A	3.914908039
SEMG1	0.01308836
SEMG2	0
SENCR	0.779281771
SENP1	4.99746281
SENP2	12.60142351
SENP3	4.996395855
SENP3-EIF4A1	0.092723165
SENP5	7.932757422
SENP6	4.115585202
SENP7	2.511645265
SENP8	0.579989233
SEPHS1	15.48380275
SEPHS1P1	0.034059793
SEPHS1P4	0
SEPHS1P6	0.018450258
SEPHS1P7	0
SEPHS2	20.00051762
SEPHS2P1	0
SEPSECS	1.186773197
SEPSECS-AS1	0.154806816
SEPT1	1.980814836
SEPT10	17.85882507
SEPT10P1	0.140401385
SEPT11	20.53485477
SEPT12	0.005179251
SEPT14	0.01671154
SEPT14P1	0
SEPT14P12	0.058266575
SEPT14P17	0
SEPT14P19	0
SEPT14P2	0.059434029
SEPT14P24	0
SEPT14P3	0
SEPT14P4	0
SEPT14P8	0
SEPT2	57.09313537
SEPT2P1	0
SEPT3	1.13634315
SEPT4	1.110449018
SEPT4-AS1	0.317660734
SEPT5	4.731999905
SEPT6	8.948452114
SEPT7	15.94645883
SEPT7-AS1	0.193310976
SEPT7P1	0
SEPT7P2	0.916851856
SEPT7P3	0
SEPT7P4	0
SEPT7P5	0
SEPT7P6	0.028547053
SEPT7P7	0.016720103
SEPT7P8	0
SEPT7P9	0.045167887
SEPT8	13.94851375
SEPT9	20.84761473
SERAC1	1.055404475
SERBP1	36.65764078
SERBP1P1	0.103138535
SERBP1P2	0
SERBP1P3	0
SERBP1P4	0
SERBP1P5	0.202609145
SERBP1P6	0.081689905
SERF1A	0.003310937
SERF1AP1	0
SERF1B	0.121205679
SERF2	35.14298457
SERGEF	3.267276275
SERHL	0.168578379
SERHL2	0.489651282
SERINC1	54.68031078
SERINC2	19.24290983
SERINC3	47.28214967
SERINC4	0
SERINC5	7.530532726
SERP1	32.24320373
SERP2	0.440249782
SERPINA1	54.26676027
SERPINA10	0.081493699
SERPINA11	0.567401695
SERPINA12	0.129026159
SERPINA13P	0
SERPINA15P	0
SERPINA2	0
SERPINA3	0.369798528
SERPINA4	0.009304044
SERPINA5	0.26794907
SERPINA6	0.270148842
SERPINA7	0
SERPINA7P1	0
SERPINA9	0.233582
SERPINB1	17.34463228
SERPINB10	0.20141532
SERPINB11	0.002942756
SERPINB12	0.187231143
SERPINB13	9.286334398
SERPINB2	1.551513646
SERPINB3	17.0224561
SERPINB4	5.878565772
SERPINB5	26.84453572
SERPINB6	10.83502834
SERPINB7	1.158997372
SERPINB8	6.648156341
SERPINB8P1	0
SERPINB9	18.43551786
SERPINB9P1	0.476774895
SERPINC1	0.024607302
SERPIND1	0.835009695
SERPINE1	68.55558736
SERPINE2	12.09973483
SERPINE3	0.062556139
SERPINE4P	0
SERPINF1	59.02473009
SERPINF2	4.33111564
SERPING1	156.749754
SERPINH1	155.4727071
SERPINH1P1	0.087081083
SERPINI1	1.560843785
SERPINI2	0.007672965
SERTAD1	10.47512109
SERTAD2	44.1609992
SERTAD3	13.71077129
SERTAD4	1.344881078
SERTAD4-AS1	0.899146878
SERTM1	0.237402529
SERTM2	0.155442845
SESN1	3.835740617
SESN2	4.170399578
SESN3	22.113196
SESTD1	3.310175336
SET	58.40054556
SETBP1	2.279455707
SETD1A	5.177450398
SETD1B	5.731251863
SETD2	6.245342473
SETD3	7.733835833
SETD4	2.214852331
SETD5	11.75394808
SETD6	3.174254678
SETD6P1	0
SETD7	6.983391628
SETD8P1	0.027781423
SETD9	1.327959216
SETDB1	6.405024224
SETDB2	1.547260547
SETMAR	3.50045936
SETP1	0.038614535
SETP10	0
SETP11	0
SETP12	0.054044359
SETP14	0.336384349
SETP15	0
SETP16	0
SETP17	0.039937922
SETP2	0
SETP20	0.025531519
SETP21	0.024386608
SETP22	0.045460511
SETP3	0.026756279
SETP4	0
SETP5	0
SETP6	0
SETP7	0
SETP8	0.051957455
SETP9	0.013072629
SETSIP	0.119652666
SETX	6.606488871
SEZ6	0.014884651
SEZ6L	0.071505397
SEZ6L2	23.75083576
SF1	35.76180951
SF3A1	24.53855354
SF3A2	18.55308881
SF3A3	14.61892791
SF3A3P1	0.058910913
SF3A3P2	0
SF3B1	25.39415522
SF3B2	23.93258168
SF3B3	43.36470711
SF3B4	42.22669948
SF3B5	58.27442216
SF3B6	37.03618852
SFI1	1.127489013
SFMBT1	1.705429932
SFMBT2	1.812920013
SFN	393.8585036
SFPQ	31.67580032
SFPQP1	0
SFR1	4.97002307
SFR1P1	0
SFR1P2	0
SFRP1	1.464354106
SFRP2	315.2665196
SFRP4	7.860224497
SFRP5	0.467994421
SFSWAP	3.192146281
SFT2D1	6.843319108
SFT2D2	7.314278619
SFT2D3	0
SFTA1P	3.718317655
SFTA2	13.14300549
SFTA3	2.467143258
SFTPA1	520.2091781
SFTPA2	615.3667872
SFTPA3P	0
SFTPB	355.4130637
SFTPC	194.9739472
SFTPD	76.35729505
SFTPD-AS1	0.017398804
SFXN1	7.261006338
SFXN2	2.160664422
SFXN3	14.77277644
SFXN4	7.697343087
SFXN5	1.528409284
SGCA	1.450486022
SGCB	7.456137013
SGCD	1.581521316
SGCE	5.201212583
SGCG	0.904136506
SGCZ	0
SGF29	3.738131792
SGIP1	0.612493281
SGK1	12.58212802
SGK2	0.037299133
SGK3	0.999465269
SGK494	0.744066118
SGMS1	4.195604246
SGMS1-AS1	0.191782414
SGMS2	3.111213781
SGO1	1.346767643
SGO1-AS1	0
SGO1P1	0
SGO1P2	0
SGO2	2.111348972
SGPL1	21.3925348
SGPP1	7.874901165
SGPP2	25.80869259
SGSH	2.942289881
SGSM1	0.154168018
SGSM2	2.797304452
SGSM3	9.127534271
SGTA	19.49229749
SGTB	2.363371206
SH2B1	2.367088096
SH2B2	1.6104777
SH2B3	7.953459243
SH2D1A	1.149793743
SH2D1B	0.369417445
SH2D2A	2.840340887
SH2D3A	4.089125658
SH2D3C	3.158576118
SH2D4A	4.271383816
SH2D4B	0.047364685
SH2D5	0.521320956
SH2D6	0.005638376
SH2D7	0.090605434
SH3BGR	0.785721838
SH3BGRL	56.29872914
SH3BGRL2	2.938248251
SH3BGRL3	86.68865766
SH3BP1	8.092978561
SH3BP2	2.679394783
SH3BP4	11.72316838
SH3BP5	3.342167369
SH3BP5-AS1	0.681081005
SH3BP5L	8.178424997
SH3D19	8.604512133
SH3D21	1.196066659
SH3GL1	33.88368667
SH3GL1P1	0.114288203
SH3GL1P2	0.090469358
SH3GL1P3	0
SH3GL2	0.093272866
SH3GL3	2.858983566
SH3GLB1	17.10101249
SH3GLB2	3.26420514
SH3KBP1	5.37235293
SH3PXD2A	27.25768127
SH3PXD2A-AS1	0.171707242
SH3PXD2B	19.33814321
SH3RF1	4.343608768
SH3RF2	5.135923565
SH3RF3	3.62297673
SH3RF3-AS1	0.806916988
SH3TC1	1.100682532
SH3TC2	0.011565285
SH3TC2-DT	0.002521778
SH3YL1	0.882583353
SHANK1	0.228538647
SHANK2	1.255781866
SHANK2-AS1	0.004829675
SHANK2-AS2	0.061103524
SHANK2-AS3	0
SHANK3	2.989376195
SHARPIN	17.74307579
SHB	7.277005975
SHBG	0.126854882
SHC1	35.90824166
SHC1P1	0
SHC1P2	0.014807934
SHC2	3.397606021
SHC3	0.647393346
SHC4	0.109428017
SHCBP1	3.283173613
SHCBP1L	0
SHD	0.061907804
SHE	1.417375907
SHF	1.035638562
SHH	0.481429791
SHISA2	5.282292838
SHISA3	0.413867097
SHISA4	5.581488464
SHISA5	39.58562465
SHISA6	0.026786088
SHISA7	0.171648368
SHISA8	0.030964918
SHISA9	0
SHISAL1	5.021748465
SHISAL2A	0.27321169
SHISAL2B	0.040342831
SHKBP1	20.99017829
SHMT1	2.065938601
SHMT1P1	0
SHMT2	20.76367973
SHOC2	11.17848206
SHOX	0
SHOX2	0.786897119
SHPK	1.071206232
SHPRH	0.575981351
SHQ1	2.929056692
SHQ1P1	0
SHROOM1	2.49764111
SHROOM2	15.27559756
SHROOM2P1	0
SHROOM3	1.453055642
SHROOM4	3.393554786
SHTN1	2.029686142
SI	0
SIAE	2.806302657
SIAH1	3.270206096
SIAH1P1	0
SIAH2	14.59610725
SIAH2-AS1	0.073989301
SIAH3	0.067813915
SIDT1	0.477699164
SIDT1-AS1	0.046780332
SIDT2	6.83722877
SIGIRR	2.594662576
SIGLEC1	5.65750758
SIGLEC10	6.397723938
SIGLEC11	0.174818088
SIGLEC12	0.350852493
SIGLEC14	1.838858025
SIGLEC15	0.356703285
SIGLEC16	0.108330949
SIGLEC17P	0.548591728
SIGLEC18P	0.071791599
SIGLEC20P	0.02488885
SIGLEC21P	0
SIGLEC22P	0.409327909
SIGLEC26P	0
SIGLEC27P	0
SIGLEC28P	0
SIGLEC29P	0
SIGLEC30P	0.023116742
SIGLEC31P	0
SIGLEC5	0.328168065
SIGLEC6	0.562209417
SIGLEC7	2.038997384
SIGLEC8	0.723723166
SIGLEC9	2.934364986
SIGLECL1	0.004626298
SIGMAR1	22.61464801
SIK1	0.042294744
SIK1B	4.37455971
SIK2	8.132894034
SIK3	6.066695849
SIKE1	4.958425543
SIL1	13.52842079
SIM1	0
SIM2	2.12496848
SIMC1	2.744647568
SIN3A	7.339164746
SIN3B	5.281455297
SINHCAF	12.03446027
SIPA1	9.624664565
SIPA1L1	6.885833524
SIPA1L2	7.512862619
SIPA1L3	5.567131147
SIRPA	27.16102286
SIRPAP1	0.159766729
SIRPB1	1.69637267
SIRPB2	0.967945854
SIRPB3P	0.026833291
SIRPD	0.033278207
SIRPG	1.54753805
SIRPG-AS1	0.018341361
SIRT1	6.005814502
SIRT2	9.871615971
SIRT3	1.729105224
SIRT4	0.783245174
SIRT5	2.210318282
SIRT6	5.389431682
SIRT7	1.729054925
SIT1	2.278558243
SIVA1	5.217314686
SIX1	1.924907299
SIX2	7.344671313
SIX3	0.663880223
SIX3-AS1	0.009449546
SIX4	3.660870167
SIX5	3.578577035
SIX6	0
SKA1	2.673020268
SKA2	13.33295201
SKA2P1	0.167329651
SKA3	1.873400371
SKAP1	1.384197885
SKAP1-AS1	0
SKAP2	9.148415207
SKI	15.36832022
SKIDA1	0.142894771
SKIL	21.05822797
SKINT1L	0.021644631
SKIV2L	11.14027594
SKOR1	0.041281372
SKOR2	0
SKP1	13.60000529
SKP1P1	0.93417167
SKP1P3	0
SKP2	20.51979599
SLA	4.154319553
SLA2	1.554338903
SLAIN1	0.626322211
SLAIN2	8.195664714
SLAMF1	1.301910131
SLAMF6	2.931010998
SLAMF6P1	0
SLAMF7	11.05871379
SLAMF8	18.0317805
SLAMF9	12.66407538
SLBP	16.24485143
SLC10A1	0.010616327
SLC10A2	0.008634369
SLC10A3	17.78854932
SLC10A4	0.273429737
SLC10A5	0.101648853
SLC10A5P1	0
SLC10A6	0.267927969
SLC10A7	2.221803453
SLC11A1	2.924700886
SLC11A2	7.667643188
SLC12A1	0.002615364
SLC12A2	4.058261836
SLC12A3	0.051038251
SLC12A4	18.66608835
SLC12A5	0.338262093
SLC12A5-AS1	0.688258768
SLC12A6	3.762837169
SLC12A7	13.60051168
SLC12A8	5.625133989
SLC12A9	3.148954384
SLC12A9-AS1	0.176852476
SLC13A1	0
SLC13A2	0.016857451
SLC13A3	0.578399602
SLC13A4	0.120773803
SLC13A5	1.124938873
SLC14A1	0.104056158
SLC14A2	0.026140424
SLC14A2-AS1	0.015638285
SLC15A1	1.585280792
SLC15A2	0.933516224
SLC15A3	8.970963976
SLC15A4	5.675690227
SLC15A5	0.003720981
SLC16A1	19.58043566
SLC16A10	0.766586315
SLC16A11	0.170527033
SLC16A12	0.659109245
SLC16A12-AS1	0.015762938
SLC16A13	3.773135296
SLC16A14	2.383753981
SLC16A14P1	0
SLC16A1-AS1	0.28020782
SLC16A1P1	0
SLC16A2	14.75022332
SLC16A3	10.38067019
SLC16A4	2.637542205
SLC16A5	3.327362835
SLC16A6	0.514226555
SLC16A6P1	0.030811409
SLC16A7	0.476763992
SLC16A8	0.177735535
SLC16A9	0.714617373
SLC17A1	0
SLC17A2	0
SLC17A3	0
SLC17A4	0
SLC17A5	7.294207763
SLC17A6	0.002577963
SLC17A7	0.151940777
SLC17A8	0.028005782
SLC17A9	3.898650538
SLC18A1	0.013908475
SLC18A2	0.545798897
SLC18A3	0.022471957
SLC18B1	5.647375712
SLC19A1	1.62091185
SLC19A2	4.473823269
SLC19A3	0.557189839
SLC1A1	1.689410043
SLC1A2	0.104962683
SLC1A3	24.20764601
SLC1A4	21.41742363
SLC1A5	88.03638782
SLC1A6	0.662884531
SLC1A7	0.104600373
SLC20A1	11.96855555
SLC20A1P1	0
SLC20A1P2	0
SLC20A1P3	0
SLC20A2	15.03636185
SLC22A1	0.108199753
SLC22A10	0.006797767
SLC22A11	0.012496853
SLC22A12	0
SLC22A13	0
SLC22A14	0.005945027
SLC22A15	1.722306515
SLC22A16	0.105785574
SLC22A17	4.083109453
SLC22A18	1.078231224
SLC22A18AS	0.262450266
SLC22A2	0.017625064
SLC22A20P	0.36045403
SLC22A23	19.74943087
SLC22A24	0
SLC22A25	0
SLC22A3	1.861467396
SLC22A31	2.512829755
SLC22A4	0.865906042
SLC22A5	0.93471955
SLC22A6	0.004518665
SLC22A7	0
SLC22A8	0.00254986
SLC22A9	0.004604753
SLC23A1	0.101871002
SLC23A2	8.097619525
SLC23A3	0.105713678
SLC24A1	1.660678629
SLC24A2	0.615207721
SLC24A3	11.50971025
SLC24A4	0.05207282
SLC24A5	0
SLC25A1	37.99484765
SLC25A10	1.776081985
SLC25A11	21.76915497
SLC25A12	3.97266294
SLC25A13	9.683245111
SLC25A14	2.403730194
SLC25A14P1	0
SLC25A15	3.386671973
SLC25A15P1	0
SLC25A15P2	0
SLC25A15P3	0.037504922
SLC25A15P4	0
SLC25A15P5	0
SLC25A16	1.766114682
SLC25A17	6.688362036
SLC25A18	0.19958852
SLC25A18P1	0
SLC25A19	1.958150512
SLC25A1P1	0.046931725
SLC25A1P2	0
SLC25A1P3	0
SLC25A1P4	0
SLC25A1P5	0.097234982
SLC25A2	0.007675672
SLC25A20	5.322974005
SLC25A20P1	0
SLC25A21	0.158100198
SLC25A21-AS1	0.310916581
SLC25A22	3.58100576
SLC25A23	9.463991482
SLC25A24	6.690630598
SLC25A24P1	0
SLC25A24P2	0
SLC25A25	2.778601058
SLC25A25-AS1	0.369298189
SLC25A26	2.346333547
SLC25A27	0.886521446
SLC25A28	15.27657737
SLC25A29	1.734155902
SLC25A3	33.09387748
SLC25A30	1.937073452
SLC25A30-AS1	0.031031176
SLC25A31	0.005907891
SLC25A32	8.170715088
SLC25A33	1.134489822
SLC25A34	0.245102587
SLC25A34-AS1	0.017021013
SLC25A35	0.856829146
SLC25A36	4.823623028
SLC25A36P1	0.023390166
SLC25A37	6.521584307
SLC25A38	10.3859515
SLC25A38P1	0.011533857
SLC25A39	32.93157624
SLC25A39P1	0.020425216
SLC25A39P2	0
SLC25A3P1	0
SLC25A3P2	0
SLC25A4	5.438213649
SLC25A40	3.251582969
SLC25A41	0.151702746
SLC25A42	2.12763039
SLC25A43	10.01050307
SLC25A44	6.159282152
SLC25A45	0.541398227
SLC25A46	6.246428185
SLC25A47	0
SLC25A47P1	0.052543127
SLC25A48	0.906733971
SLC25A5	202.7946124
SLC25A51	1.995573584
SLC25A51P1	0
SLC25A51P2	0
SLC25A51P3	0
SLC25A52	0.032983858
SLC25A53	0.425841127
SLC25A5-AS1	0.159686535
SLC25A5P1	0.375466867
SLC25A5P2	0.048501348
SLC25A5P3	0.049158993
SLC25A5P4	0
SLC25A5P5	0.727520221
SLC25A5P6	0.012275877
SLC25A5P7	0.01213887
SLC25A5P8	0
SLC25A5P9	0
SLC25A6	257.0184208
SLC25A6P1	0
SLC25A6P2	0.074411133
SLC25A6P3	0
SLC25A6P4	0
SLC25A6P5	0
SLC25A6P6	0.013979984
SLC26A1	0.397763589
SLC26A10	0.10428754
SLC26A11	1.539514694
SLC26A2	8.596497615
SLC26A3	0.003215975
SLC26A4	0.210027562
SLC26A4-AS1	0.051905797
SLC26A5	0.028986629
SLC26A6	1.544510702
SLC26A7	0.08669239
SLC26A8	0.012613484
SLC26A9	0.558508793
SLC27A1	2.37068933
SLC27A2	0.601658184
SLC27A3	3.022334459
SLC27A4	10.28889039
SLC27A5	0.768465331
SLC27A6	0.099640903
SLC28A1	0.00947149
SLC28A2	0.00628453
SLC28A3	5.959156493
SLC29A1	9.757130999
SLC29A2	3.202947892
SLC29A3	6.848421063
SLC29A4	0.821674683
SLC29A4P1	0
SLC29A4P2	0
SLC2A1	94.94081291
SLC2A10	6.234368127
SLC2A11	0.506506288
SLC2A12	0.98345493
SLC2A13	1.450262621
SLC2A13P1	0
SLC2A14	0.154123364
SLC2A1-AS1	0.074363207
SLC2A2	0
SLC2A3	58.93119911
SLC2A3P1	0
SLC2A3P2	0.007348937
SLC2A3P4	0.029575601
SLC2A4	0.25806649
SLC2A4RG	19.38272405
SLC2A5	2.034556548
SLC2A6	3.659272574
SLC2A7	0.035336021
SLC2A8	2.300995693
SLC2A9	2.775840532
SLC2AXP1	0
SLC30A1	6.678054831
SLC30A10	0.045239906
SLC30A2	0.040421256
SLC30A3	0.207412632
SLC30A4	1.025264607
SLC30A5	7.596951293
SLC30A6	8.387514729
SLC30A7	4.509769819
SLC30A8	0.012125337
SLC30A9	5.362191562
SLC31A1	9.928160669
SLC31A1P1	0.153459292
SLC31A2	1.402989623
SLC32A1	0.012676489
SLC33A1	5.775454071
SLC34A1	0.012007537
SLC34A2	72.60287189
SLC34A3	0.014168164
SLC35A1	3.300019315
SLC35A2	18.70461938
SLC35A3	2.662903527
SLC35A4	23.08300678
SLC35A5	5.345204843
SLC35B1	7.899604824
SLC35B2	31.07813674
SLC35B3	11.26832477
SLC35B4	4.219607045
SLC35C1	6.863858559
SLC35C2	8.755608638
SLC35D1	5.378200905
SLC35D2	5.035840147
SLC35D3	0.175203153
SLC35E1	17.64178389
SLC35E1P1	0.10070766
SLC35E2	0.516497007
SLC35E2B	3.831041753
SLC35E3	1.573375796
SLC35E4	0.764948512
SLC35F1	0.062727078
SLC35F2	10.26486601
SLC35F3	0.357441273
SLC35F4	0.007695585
SLC35F5	5.65807964
SLC35F6	13.28473924
SLC35G1	1.497121344
SLC35G2	1.811469347
SLC35G3	0
SLC35G4	0
SLC35G5	0.065867841
SLC35G6	0.025636835
SLC36A1	4.811806231
SLC36A2	0.007654066
SLC36A3	0.002377361
SLC36A4	1.918114386
SLC37A1	2.067063891
SLC37A2	6.425815782
SLC37A3	2.766359909
SLC37A4	4.826348679
SLC38A1	9.737198916
SLC38A10	18.55871459
SLC38A11	0.02938516
SLC38A2	54.7544589
SLC38A3	0.158980036
SLC38A4	1.243769973
SLC38A5	21.00228898
SLC38A6	2.856990423
SLC38A7	9.919625296
SLC38A8	0.011958689
SLC38A9	1.327656375
SLC39A1	57.11729471
SLC39A10	9.835485434
SLC39A11	6.257403632
SLC39A12	0.120074518
SLC39A12-AS1	0
SLC39A13	14.47817613
SLC39A14	28.08882002
SLC39A2	0.904642524
SLC39A3	3.165919633
SLC39A4	3.978442808
SLC39A5	0.037466164
SLC39A6	26.21035834
SLC39A7	96.21337286
SLC39A8	10.15636753
SLC39A9	15.02519903
SLC3A1	0.009976848
SLC3A2	64.71663288
SLC40A1	27.94714321
SLC41A1	8.990974587
SLC41A2	2.877998526
SLC41A3	6.48262786
SLC43A1	2.771456559
SLC43A2	5.974548881
SLC43A3	19.12584946
SLC44A1	9.025861989
SLC44A2	21.67153161
SLC44A3	1.429213346
SLC44A3-AS1	0.341474595
SLC44A4	1.546396164
SLC44A5	1.505674647
SLC45A1	0.692957972
SLC45A2	0.05659604
SLC45A3	2.050714817
SLC45A4	2.307197519
SLC46A1	0.555061357
SLC46A2	0.6433698
SLC46A3	3.756054342
SLC47A1	0.542014649
SLC47A1P1	0
SLC47A2	0.040638273
SLC48A1	4.771836321
SLC49A3	2.192562689
SLC4A1	0.004114404
SLC4A10	0.024489969
SLC4A11	1.647055151
SLC4A1AP	5.758845796
SLC4A1APP1	0.018067155
SLC4A1APP2	0
SLC4A2	9.932084005
SLC4A3	2.582911138
SLC4A4	0.524243536
SLC4A5	0.092161627
SLC4A7	2.793757844
SLC4A8	0.111304929
SLC4A9	0.023937116
SLC50A1	11.57363418
SLC51A	0.639064593
SLC51B	0.590104034
SLC52A1	0.304119726
SLC52A2	16.70866053
SLC52A3	5.225105131
SLC5A1	0.14747698
SLC5A10	0.021918083
SLC5A11	0.009554695
SLC5A12	0.971727465
SLC5A2	0.043817299
SLC5A3	5.519030371
SLC5A4	0.091083381
SLC5A4-AS1	0.012416013
SLC5A4P1	0
SLC5A5	3.368356866
SLC5A6	7.673255434
SLC5A7	0.616639551
SLC5A8	1.356299335
SLC5A9	0.259019658
SLC6A1	1.12002361
SLC6A10P	0.002428316
SLC6A11	3.540520587
SLC6A12	0.391386588
SLC6A13	0.084591586
SLC6A14	2.579542049
SLC6A15	1.438051713
SLC6A16	0.586281438
SLC6A17	0.20299172
SLC6A18	0
SLC6A19	0.004122982
SLC6A1-AS1	0.148992155
SLC6A2	3.78674075
SLC6A20	0.140636408
SLC6A21P	0
SLC6A3	0.017066799
SLC6A4	0.49841855
SLC6A5	0
SLC6A6	15.48447991
SLC6A6P1	0
SLC6A7	0.049539637
SLC6A8	32.3266094
SLC6A9	2.304309951
SLC7A1	14.29263223
SLC7A10	0.041953432
SLC7A11	0.923565988
SLC7A11-AS1	0.008826836
SLC7A13	0
SLC7A14	0.011439019
SLC7A15P	0
SLC7A2	14.11802916
SLC7A3	0.105643002
SLC7A4	0.266688042
SLC7A5	115.7875339
SLC7A5P1	0.283556764
SLC7A5P2	0
SLC7A6	3.894471925
SLC7A6OS	2.044784956
SLC7A7	9.021647745
SLC7A8	65.64344153
SLC7A9	0.121454136
SLC8A1	0.764554989
SLC8A1-AS1	0.007700126
SLC8A2	0.100017633
SLC8A3	0.126230445
SLC8B1	6.616171865
SLC9A1	13.76576277
SLC9A2	0.265367377
SLC9A3	0.289204319
SLC9A3-AS1	1.739419335
SLC9A3P1	0
SLC9A3P2	0.005381706
SLC9A3P3	0.00487951
SLC9A3R1	15.16122285
SLC9A3R2	7.356141392
SLC9A4	0.009715433
SLC9A5	0.270957314
SLC9A6	5.990401496
SLC9A7	3.732436877
SLC9A7P1	0.532159838
SLC9A8	3.718905101
SLC9A9	1.929388253
SLC9A9-AS1	0
SLC9A9-AS2	0.033261246
SLC9B1	0.116911546
SLC9B1P1	0
SLC9B1P2	0.009186172
SLC9B1P3	0
SLC9B1P4	0
SLC9B2	1.479469363
SLC9C1	0.046064869
SLC9C2	0.035399275
SLCO1A2	1.68527975
SLCO1B1	0.043915588
SLCO1B3	0.844443113
SLCO1B7	0.008113709
SLCO1C1	0.026855376
SLCO2A1	6.843317118
SLCO2B1	9.906574878
SLCO3A1	4.846263949
SLCO4A1	1.533063438
SLCO4A1-AS1	0.099263352
SLCO4C1	0.774848589
SLCO5A1	0.182870275
SLCO6A1	0.036844266
SLF1	1.362391728
SLF2	2.256045702
SLFN11	16.72009786
SLFN12	3.113224555
SLFN12L	0.481537937
SLFN13	0.675040348
SLFN14	0.026353406
SLFN5	9.686103944
SLFNL1	0.08327659
SLFNL1-AS1	0.126891652
SLIRP	7.457649124
SLIT1	0.054961623
SLIT1-AS1	0
SLIT2	4.398950414
SLIT2-IT1	0.036194434
SLIT3	3.505474043
SLITRK1	0.058689529
SLITRK2	0.034563453
SLITRK3	0.060029341
SLITRK4	0.075649371
SLITRK5	0.090709909
SLITRK6	17.9468607
SLK	12.88967118
SLMAP	3.751817715
SLN	0.21608796
SLPI	201.0679127
SLTM	9.665713066
SLU7	9.645820116
SLURP1	1.539308146
SLX1A	0.008828269
SLX1A-SULT1A3	0.0047176
SLX1B	0.00441772
SLX1B-SULT1A4	0
SLX4	1.11663472
SLX4IP	1.923311543
SMAD1	7.301820703
SMAD1-AS1	0
SMAD1-AS2	0
SMAD2	2.304429201
SMAD3	13.23957072
SMAD4	4.52362571
SMAD5	7.028359956
SMAD5-AS1	0.065881443
SMAD6	1.125366645
SMAD7	10.55826529
SMAD9	1.130783547
SMAD9-IT1	0.043160426
SMAGP	3.793604912
SMAP1	2.674017093
SMAP2	14.09652075
SMARCA1	22.13925071
SMARCA2	17.31982971
SMARCA4	17.54950413
SMARCA5	13.46160554
SMARCA5-AS1	0
SMARCAD1	6.858713301
SMARCAL1	4.733339138
SMARCB1	41.55926271
SMARCC1	22.76865173
SMARCC2	7.469200511
SMARCD1	15.76192531
SMARCD2	18.79926668
SMARCD3	2.764093971
SMARCE1	5.299075901
SMARCE1P1	0
SMARCE1P2	0.071379342
SMARCE1P3	0.008835441
SMARCE1P4	0
SMARCE1P5	0.097665878
SMARCE1P6	0.053666582
SMARCE1P7	0
SMC1A	20.37099641
SMC1B	0.102294167
SMC2	4.762220486
SMC2-AS1	0.00856524
SMC3	18.54462657
SMC4	7.32425842
SMC4P1	0
SMC5	4.98018119
SMC5-AS1	0.101704766
SMC6	5.25443037
SMCHD1	3.76443749
SMCO1	0.023289994
SMCO2	0.33542066
SMCO3	0.082710474
SMCO4	17.67975263
SMCO4P1	0
SMCP	0.042102299
SMCR2	0.057853337
SMCR5	0.007648683
SMCR8	6.022169674
SMDT1	8.972581271
SMG1	3.358182724
SMG1P1	0.047852575
SMG1P2	0.123683608
SMG1P3	0.099474852
SMG1P4	0.005187485
SMG1P5	0.065835189
SMG1P6	0.022272547
SMG1P7	0.222018814
SMG5	20.06725444
SMG6	3.652270072
SMG6-IT1	0
SMG7	14.44000363
SMG7-AS1	0.321502433
SMG8	6.519478942
SMG9	3.199675597
SMILR	0.039336084
SMIM1	0.775258969
SMIM10	1.140042184
SMIM10L1	4.584279274
SMIM10L2A	0.478313246
SMIM10L2B	1.819461688
SMIM10L2B-AS1	0
SMIM11A	0.005179251
SMIM11B	0
SMIM11P1	0
SMIM12	2.759770763
SMIM12P1	0
SMIM13	10.85090667
SMIM14	5.345162827
SMIM15	15.3000348
SMIM15-AS1	0.054655414
SMIM17	0.202164076
SMIM18	0
SMIM19	4.923353185
SMIM2	0.013199548
SMIM20	6.052205512
SMIM21	0
SMIM22	0.351848102
SMIM23	0.046480459
SMIM24	0.638935649
SMIM25	4.042605168
SMIM26	17.55284988
SMIM27	0.73278847
SMIM28	0
SMIM29	6.792277612
SMIM2-AS1	0.05783411
SMIM2-IT1	0
SMIM3	19.29493127
SMIM30	9.65455018
SMIM31	0.010228615
SMIM32	0.065245515
SMIM34A	0
SMIM34B	0
SMIM35	0
SMIM36	0.019216303
SMIM37	1.898469514
SMIM4	1.687117047
SMIM5	0.129658406
SMIM6	0.190287402
SMIM7	6.038043194
SMIM8	0.412729896
SMIM9	0
SMKR1	0.294241511
SMLR1	0
SMN1	0.870957045
SMN2	0.003626685
SMNDC1	6.224279974
SMO	8.303020699
SMOC1	0.089620367
SMOC2	5.22241152
SMOX	9.491953354
SMPD1	12.88164498
SMPD2	3.483264949
SMPD3	0.329358739
SMPD4	14.80521405
SMPD4P1	0.005619441
SMPD4P2	0
SMPD5	0.592280694
SMPDL3A	6.07487127
SMPDL3B	3.906551977
SMPX	0.010458103
SMR3A	0
SMR3B	0
SMS	40.28809945
SMTN	8.087763161
SMTNL1	0.244043548
SMTNL2	0.563636718
SMU1	8.921663616
SMUG1	4.581157292
SMUG1P1	0
SMURF1	20.43749317
SMURF2	7.571780877
SMURF2P1	0
SMYD1	0
SMYD2	10.08889298
SMYD3	1.473007104
SMYD3-IT1	0.060257215
SMYD4	2.388095591
SMYD5	7.80978966
SNAI1	5.135015497
SNAI1P1	0.097985832
SNAI2	42.68115971
SNAI3	0.766122477
SNAI3-AS1	0.27855055
SNAP23	8.749071856
SNAP23P1	0.044213119
SNAP25	2.031432802
SNAP25-AS1	0.047984238
SNAP29	6.903995038
SNAP47	6.215101313
SNAP47-AS1	0.012735863
SNAP91	0.02780022
SNAPC1	7.40792808
SNAPC2	6.107113927
SNAPC3	2.572655828
SNAPC4	2.47921756
SNAPC5	5.856537775
SNAPC5P1	0
SNAPIN	18.153208
SNCA	1.230168907
SNCA-AS1	0.003637601
SNCAIP	2.28070885
SNCB	0.17350233
SNCG	1.936300609
SND1	38.89577731
SND1-IT1	0.013151665
SNED1	1.794866571
SNF8	8.692886485
SNHG1	5.565626535
SNHG10	0.441767484
SNHG11	1.879112573
SNHG12	1.239983568
SNHG14	1.501519739
SNHG15	2.98527659
SNHG16	5.152205396
SNHG17	3.718147984
SNHG18	8.189375551
SNHG19	5.788040258
SNHG20	0.484869594
SNHG21	0.640397429
SNHG22	0.130030562
SNHG25	0.743352945
SNHG26	1.039201847
SNHG27	0
SNHG28	0.713208347
SNHG3	2.876080702
SNHG4	1.084254435
SNHG5	12.18440137
SNHG6	24.84046908
SNHG7	1.729714905
SNHG8	19.91458519
SNHG9	1.026450489
SNIP1	3.395545838
SNN	12.01267242
SNORA1	0
SNORA10	0
SNORA108	0
SNORA10B	0
SNORA11	0.424860441
SNORA11B	0
SNORA11C	0
SNORA11D	0
SNORA11E	0
SNORA11F	1.699441765
SNORA12	0.147978603
SNORA13	0.081777649
SNORA14A	0.080566128
SNORA14B	1.047359666
SNORA15	0.327110595
SNORA15B-1	0.241698384
SNORA15B-2	0
SNORA16A	0
SNORA16A	0
SNORA16B	0.161132256
SNORA17A	0
SNORA17B	0
SNORA17B	0
SNORA18	0
SNORA19	0
SNORA1B	0
SNORA20	0.082397176
SNORA20B	0
SNORA21	0
SNORA21B	0
SNORA22	0.974008415
SNORA22B	1.733923192
SNORA22C	0
SNORA23	0.179281769
SNORA24	0
SNORA24B	0.083026163
SNORA25	0
SNORA25B	0
SNORA26	0.802359391
SNORA27	0
SNORA28	0
SNORA29	0
SNORA2A	0.563962897
SNORA2B	0.07938998
SNORA2C	0.317559921
SNORA30	0.08431339
SNORA30B	0
SNORA31	0.836648254
SNORA32	0
SNORA33	1.840626158
SNORA35	0
SNORA35B	0
SNORA36A	0
SNORA36B	0
SNORA36C	0
SNORA37	0
SNORA38	0.247191529
SNORA38B	0.33210465
SNORA3A	0
SNORA3B	0.083026163
SNORA3C	0
SNORA4	0
SNORA40	0
SNORA40B	0.084972088
SNORA40C	0
SNORA41	0
SNORA41B	0
SNORA44	0
SNORA46	0.402830641
SNORA47	0.157629381
SNORA48	0
SNORA48B	0
SNORA49	0.15994746
SNORA50A	0
SNORA50A	0.15994746
SNORA50B	0
SNORA50B	0
SNORA50C	0
SNORA50D	0
SNORA50D	0
SNORA51	0
SNORA52	0
SNORA53	0.262082585
SNORA54	0
SNORA55	0.402830641
SNORA56	0
SNORA57	0
SNORA58	0
SNORA58B	0.07997373
SNORA59A	0.715554427
SNORA59B	0
SNORA5A	0.487004207
SNORA5B	0
SNORA5C	1.111459724
SNORA6	0
SNORA60	0.892841047
SNORA61	0
SNORA62	0
SNORA63	0
SNORA63C	0.16862678
SNORA63D	0
SNORA64	0
SNORA65	0.836648254
SNORA66	1.063109435
SNORA67	0
SNORA68	0
SNORA68B	0.163555298
SNORA69	0.164794353
SNORA70	0
SNORA70B	0.322264513
SNORA70C	0
SNORA70D	0
SNORA70E	0
SNORA70F	0.080566128
SNORA70G	0
SNORA70H	0
SNORA70I	0
SNORA70J	0.161132256
SNORA71A	0.487004207
SNORA71B	1.079645357
SNORA71C	1.298677886
SNORA71D	0.081167368
SNORA71E	0
SNORA72	0
SNORA73A	0
SNORA73B	1.066316402
SNORA74A	0
SNORA74B	0
SNORA74C-1	0
SNORA74C-2	0.054111579
SNORA74D	0.077137782
SNORA75	0.158779961
SNORA75B	0
SNORA77	0.348045674
SNORA77B	0
SNORA78	0
SNORA79	0.155377533
SNORA79B	0.146978747
SNORA7A	0
SNORA7B	0
SNORA8	0
SNORA80A	0.07997373
SNORA80B	0
SNORA80C	0
SNORA80D	0
SNORA80E	0.317559921
SNORA81	0
SNORA84	0
SNORA9	0
SNORA9B	0.163555298
SNORC	0.132352414
SNORD10	0
SNORD100	2.432885053
SNORD101	2.085890167
SNORD102	0
SNORD104	1.864530394
SNORD105	0
SNORD105B	0.137676295
SNORD107	0
SNORD108	0
SNORD109A	0
SNORD109B	0
SNORD11	0.517925109
SNORD110	0
SNORD111	0
SNORD111B	0
SNORD112	0
SNORD113-1	0
SNORD113-2	0
SNORD113-3	0
SNORD113-4	0
SNORD113-5	0
SNORD113-6	0
SNORD113-7	0
SNORD113-8	0
SNORD113-9	0
SNORD114-1	0
SNORD114-10	0
SNORD114-11	0
SNORD114-12	0
SNORD114-13	0
SNORD114-14	0
SNORD114-15	0
SNORD114-16	0
SNORD114-17	0
SNORD114-18	0
SNORD114-19	0
SNORD114-2	0
SNORD114-20	0
SNORD114-21	0
SNORD114-22	0
SNORD114-23	0
SNORD114-24	0
SNORD114-25	0
SNORD114-26	0
SNORD114-27	0
SNORD114-28	0
SNORD114-29	0
SNORD114-3	0
SNORD114-30	0
SNORD114-31	0
SNORD114-4	0
SNORD114-5	0
SNORD114-6	0
SNORD114-7	0
SNORD114-9	0
SNORD115-1	0
SNORD115-10	0
SNORD115-11	0
SNORD115-12	0
SNORD115-13	0
SNORD115-14	0
SNORD115-15	0
SNORD115-16	0
SNORD115-17	0
SNORD115-18	0
SNORD115-19	0
SNORD115-2	0
SNORD115-20	0
SNORD115-21	0
SNORD115-22	0
SNORD115-23	0
SNORD115-24	0
SNORD115-25	0
SNORD115-26	0
SNORD115-27	0
SNORD115-28	0
SNORD115-29	0
SNORD115-3	0
SNORD115-30	0
SNORD115-31	0
SNORD115-32	0
SNORD115-33	0
SNORD115-34	0
SNORD115-35	0
SNORD115-36	0
SNORD115-37	0
SNORD115-38	0
SNORD115-39	0
SNORD115-4	0
SNORD115-40	0
SNORD115-41	0
SNORD115-42	0
SNORD115-43	0
SNORD115-44	0
SNORD115-45	0
SNORD115-46	0
SNORD115-47	0
SNORD115-48	0
SNORD115-5	0
SNORD115-6	0
SNORD115-7	0
SNORD115-8	0
SNORD115-9	0
SNORD116-1	0.572443542
SNORD116-10	0
SNORD116-11	0
SNORD116-12	0.118222036
SNORD116-13	0
SNORD116-14	0.236444072
SNORD116-15	0
SNORD116-16	0.354666108
SNORD116-17	0
SNORD116-18	0.118222036
SNORD116-19	0
SNORD116-2	0.801420959
SNORD116-20	0
SNORD116-21	0
SNORD116-22	0
SNORD116-23	0
SNORD116-24	1.300442394
SNORD116-25	0
SNORD116-26	0
SNORD116-27	0.118222036
SNORD116-28	0
SNORD116-29	0
SNORD116-3	0.114488708
SNORD116-30	0.127957968
SNORD116-4	3.39888353
SNORD116-5	0
SNORD116-6	0.113296118
SNORD116-7	0.228977417
SNORD116-8	0.228977417
SNORD116-9	0
SNORD117	0.143110885
SNORD118	0
SNORD11B	0.120849192
SNORD12	0
SNORD121A	0.132639357
SNORD121B	0
SNORD123	0.776887664
SNORD124	0.313743095
SNORD125	0
SNORD126	0.141252303
SNORD127	0.126470085
SNORD12B	4.780847164
SNORD12C	0.73324229
SNORD13	0
SNORD13E	0
SNORD13P1	0
SNORD13P3	0
SNORD14A	3.824677731
SNORD14B	0
SNORD14C	0
SNORD14D	0
SNORD14E	1.40753765
SNORD15A	0.146978747
SNORD15B	0.521472542
SNORD16	0
SNORD17	2.478173308
SNORD18A	0
SNORD18B	0
SNORD18C	0
SNORD19	0.15994746
SNORD19B	0
SNORD1A	0
SNORD1B	0.258962555
SNORD1C	0
SNORD2	0
SNORD20	0
SNORD21	0
SNORD22	0
SNORD23	0
SNORD24	0
SNORD25	0
SNORD26	0
SNORD27	0
SNORD28	0
SNORD28B	0
SNORD30	0
SNORD31B	0
SNORD32A	0
SNORD32B	0
SNORD33	0
SNORD34	0
SNORD35A	0
SNORD35B	0
SNORD36A	0
SNORD36B	0
SNORD36C	0
SNORD37	0
SNORD38A	0
SNORD38B	0
SNORD38B	0
SNORD38C	0
SNORD3A	0
SNORD3B-1	0.086093092
SNORD3B-2	0
SNORD3C	0
SNORD3D	0
SNORD3D	0
SNORD3E	0
SNORD3E	0
SNORD3G	0
SNORD3H	0
SNORD3J	0
SNORD41	0.155377533
SNORD42A	0
SNORD42B	0
SNORD43	0
SNORD45A	0
SNORD45B	0
SNORD45C	0
SNORD46	0.941229285
SNORD48	0.169944177
SNORD49A	0
SNORD49B	0
SNORD4A	0
SNORD4B	0
SNORD5	0
SNORD50B	0
SNORD51	0.543821365
SNORD52	0
SNORD53	0
SNORD53B	0.557765502
SNORD54	0
SNORD55	0
SNORD56	0
SNORD56B	0.153189117
SNORD57	0
SNORD58A	0
SNORD58B	0
SNORD58C	0
SNORD59A	0.580076123
SNORD6	3.575811714
SNORD60	0.524165171
SNORD61	0
SNORD62A	0.25294017
SNORD62B	0.885290594
SNORD63	0.479842381
SNORD63B	2.486040525
SNORD64	0
SNORD65	0
SNORD65B	0
SNORD65C	0
SNORD66	0
SNORD67	0.195971663
SNORD68	0
SNORD69	0.423756908
SNORD7	0
SNORD70	0
SNORD71	0.126470085
SNORD72	0.135955341
SNORD73A	0
SNORD73B	0.30212298
SNORD74B	0.29798431
SNORD77B	0
SNORD8	0.098876612
SNORD82	0
SNORD83A	1.488353209
SNORD83B	0
SNORD84	0
SNORD86	0
SNORD87	0
SNORD88A	0.239042358
SNORD88B	0
SNORD88C	0
SNORD89	0.286221771
SNORD9	0
SNORD90	0
SNORD91A	0.113889291
SNORD91B	0
SNORD92	0
SNORD93	1.028851231
SNORD94	2.540479369
SNORD95	0
SNORD96A	0
SNORD96B	0
SNORD97	0
SNORD99	1.763744967
SNPH	0.872221565
SNRK	6.524921576
SNRK-AS1	0.072509515
SNRNP200	43.03784164
SNRNP25	4.691792167
SNRNP27	7.701944781
SNRNP35	2.492690925
SNRNP40	8.623232876
SNRNP48	2.62965026
SNRNP70	22.71650048
SNRPA	18.43142127
SNRPA1	5.810247343
SNRPB	158.3124418
SNRPB2	21.92390696
SNRPBP1	0
SNRPC	48.50528853
SNRPCP1	0
SNRPCP10	0
SNRPCP11	0
SNRPCP13	0.057244354
SNRPCP14	0.106111486
SNRPCP15	0
SNRPCP16	0
SNRPCP17	0
SNRPCP18	0
SNRPCP19	0
SNRPCP2	0.045795483
SNRPCP20	0
SNRPCP3	0.15994746
SNRPCP4	0
SNRPCP5	0
SNRPCP6	0.051792511
SNRPCP8	0
SNRPCP9	0
SNRPD1	8.03380024
SNRPD2	82.51339341
SNRPD2P1	0.030724371
SNRPD2P2	0
SNRPD3	32.71906372
SNRPE	26.57124471
SNRPEP10	0
SNRPEP2	2.02714774
SNRPEP3	0
SNRPEP4	0.584754156
SNRPEP5	0
SNRPEP6	0.078530161
SNRPEP7	0.049438306
SNRPEP8	0
SNRPEP9	0.045699274
SNRPF	9.042839652
SNRPFP1	0.043160426
SNRPFP2	0.129997139
SNRPFP3	0
SNRPFP4	0
SNRPG	15.77839369
SNRPGP1	0
SNRPGP10	0.193358708
SNRPGP11	0
SNRPGP12	0
SNRPGP13	0
SNRPGP14	0.049664052
SNRPGP15	1.224822894
SNRPGP16	0
SNRPGP17	0
SNRPGP18	0
SNRPGP19	0
SNRPGP2	6.881987184
SNRPGP20	0
SNRPGP3	0
SNRPGP4	0.284971894
SNRPGP5	0.049438306
SNRPGP6	0
SNRPGP7	0
SNRPGP8	0
SNRPGP9	0.145019031
SNRPN	16.78971614
SNTA1	8.243235889
SNTB1	3.656104507
SNTB2	19.97958392
SNTG1	0
SNTG2	0.019469997
SNTN	0.011692569
SNU13	34.89455218
SNUPN	4.463789701
SNURF	0.259182948
SNURFL	0
SNW1	31.81533873
SNX1	10.07682083
SNX10	8.146499695
SNX11	6.445625384
SNX12	33.33342054
SNX13	2.715463241
SNX14	3.384627833
SNX15	0.188096912
SNX16	2.014852259
SNX17	27.1751797
SNX18	8.937492336
SNX18P10	0
SNX18P12	0
SNX18P13	0
SNX18P14	0
SNX18P1Y	0.063853781
SNX18P2	0
SNX18P23	0
SNX18P24	0
SNX18P25	0
SNX18P26	0
SNX18P27	0
SNX18P3	0.150442386
SNX18P4	0
SNX18P5	0
SNX18P7	0.411077567
SNX18P8	0
SNX18P9	0
SNX19	12.01983974
SNX19P1	0
SNX19P2	0.054912962
SNX19P3	0.010967826
SNX2	17.30666111
SNX20	2.55560127
SNX21	2.658920003
SNX22	0.514871623
SNX24	6.032587422
SNX25	3.912846518
SNX25P1	0.50860991
SNX27	6.184720812
SNX29	3.055565608
SNX29P1	0
SNX29P2	0
SNX2P2	0
SNX3	50.31380945
SNX30	3.209945766
SNX31	0.977462345
SNX32	0.189226799
SNX33	7.911487139
SNX33P1	0
SNX3P1X	0
SNX3P1Y	0
SNX4	10.27820372
SNX5	13.32030704
SNX5P1	0.094032513
SNX6	19.12449506
SNX6P1	0
SNX7	6.777377048
SNX8	6.722170898
SNX9	12.87098521
SOAT1	11.82200106
SOAT2	0.03192689
SOBP	0.455284978
SOCS1	4.821142875
SOCS2	4.502417144
SOCS2-AS1	0.940571543
SOCS2P1	0
SOCS2P2	0
SOCS3	66.16559576
SOCS4	4.500058092
SOCS5	6.509867987
SOCS5P1	0
SOCS5P2	0.016006516
SOCS5P3	0.006901286
SOCS5P4	0.187524609
SOCS5P5	0
SOCS6	3.409789039
SOCS7	2.856308015
SOD1	50.90211071
SOD1P1	0
SOD1P2	0
SOD1P3	0.119784442
SOD2	49.27534307
SOD2P1	0.038706147
SOD3	7.554210313
SOGA1	9.451448523
SOGA3	0.010059124
SOHLH1	0.377691738
SOHLH2	0.015999452
SON	26.63783363
SORBS1	1.87389412
SORBS2	0.327658061
SORBS3	16.16390155
SORCS1	0.005457862
SORCS2	13.23008823
SORCS3	0.013208708
SORCS3-AS1	0
SORD	2.811377213
SORD2P	0.259975446
SORL1	9.723298957
SORT1	10.13660184
SOS1	6.160921303
SOS1-IT1	0.641830638
SOS2	4.812717181
SOST	0.293190649
SOSTDC1	3.843913246
SOWAHA	0.162587515
SOWAHB	0.776887664
SOWAHC	10.2995586
SOWAHD	0.967105005
SOX1	0.003827033
SOX10	0
SOX11	0.088568223
SOX12	3.609693222
SOX13	3.63085046
SOX14	0.005292665
SOX15	0.599932719
SOX17	0.56657734
SOX18	2.246472376
SOX1-OT	0.019956747
SOX2	27.34471455
SOX21	4.545547909
SOX21-AS1	2.299700934
SOX2-OT	0.306855579
SOX3	0
SOX30	0.072070823
SOX4	41.59661829
SOX5	0.623084017
SOX5-AS1	0
SOX5P1	0
SOX6	1.049091124
SOX7	4.092188131
SOX8	0.095708634
SOX9	4.748590114
SOX9-AS1	0.014230839
SP1	15.8322459
SP100	5.233925071
SP110	1.392626307
SP140	1.036592498
SP140L	2.115609487
SP2	8.744866169
SP2-AS1	0.386755613
SP3	6.718510584
SP3P	0
SP4	1.638268404
SP5	0.184793668
SP6	6.050763358
SP7	0.035044142
SP8	0.626023518
SP9	0
SPA17	1.023909582
SPA17P1	0.024062892
SPAAR	0.371093983
SPACA1	0
SPACA3	0.061898367
SPACA4	0.08951792
SPACA5	0
SPACA5B	0
SPACA6	0.834813499
SPACA6P-AS	0.021961489
SPACA7	0
SPACA9	1.013283875
SPAG1	1.95366884
SPAG11A	0
SPAG11B	0
SPAG16	1.098575798
SPAG17	0.137777188
SPAG4	3.957271539
SPAG5	5.551509766
SPAG5-AS1	0.218379375
SPAG6	0.022385238
SPAG7	14.41097803
SPAG8	0.195791674
SPAG9	9.124452425
SPAM1	0
SPANXA1	0
SPANXA2	0
SPANXA2-OT1	0
SPANXB1	0
SPANXC	0
SPANXD	0
SPANXN1	0
SPANXN2	0
SPANXN3	0
SPANXN4	0
SPANXN5	0.008264762
SPARC	961.5180488
SPARCL1	46.71514675
SPART	5.949935334
SPART-AS1	0.168508029
SPAST	5.514367417
SPATA1	0.047199034
SPATA12	0.108178307
SPATA13	2.859052813
SPATA13-AS1	0.02511877
SPATA16	0
SPATA17	0.19031661
SPATA17-AS1	0
SPATA18	0.856290269
SPATA19	0
SPATA2	5.996044463
SPATA20	8.973001572
SPATA20P1	2.284546373
SPATA21	0.002413765
SPATA22	0.003802947
SPATA24	3.044315614
SPATA25	0.617815553
SPATA2L	4.68448863
SPATA2P1	0
SPATA3	0.010528971
SPATA31A1	0
SPATA31A3	0
SPATA31A5	0
SPATA31A6	0
SPATA31A7	0
SPATA31B1P	0
SPATA31C1	0.002335501
SPATA31C2	0
SPATA31D1	0
SPATA31D2P	0
SPATA31D3	0
SPATA31D4	0
SPATA31D5P	0
SPATA31E1	0.004857717
SPATA31E2P	0
SPATA31E3P	0
SPATA32	0.089425918
SPATA33	1.179257606
SPATA3-AS1	0.014725734
SPATA4	0.013242403
SPATA41	0.218256066
SPATA42	0
SPATA45	0.085979662
SPATA46	0.040844952
SPATA48	0
SPATA5	1.008908316
SPATA5L1	1.577497089
SPATA6	0.723385887
SPATA6L	0.150712618
SPATA7	0.614093974
SPATA8	0.029178879
SPATA8-AS1	0
SPATA9	0.131554083
SPATC1	0.140900403
SPATC1L	1.277385803
SPATS1	0
SPATS2	5.318954577
SPATS2L	7.970002488
SPC24	3.038043976
SPC25	2.091393408
SPCS1	9.671113228
SPCS2	14.63320802
SPCS2P1	0
SPCS2P2	0
SPCS2P3	0.033159839
SPCS2P4	1.533240852
SPCS3	24.31950674
SPDEF	0.250032811
SPDL1	3.046401449
SPDYA	0.090558826
SPDYC	0
SPDYE1	0.106752401
SPDYE10P	0.004855548
SPDYE11	0
SPDYE12P	0.310352011
SPDYE13P	0
SPDYE14P	0
SPDYE15P	0
SPDYE16	0.05088387
SPDYE17	0
SPDYE18	0.089046773
SPDYE19P	0.045763369
SPDYE2	0.078738615
SPDYE20P	0.017209537
SPDYE21P	1.091588229
SPDYE22P	0
SPDYE2B	0
SPDYE3	2.917231045
SPDYE4	0.020463645
SPDYE5	0.104675391
SPDYE6	0.083615349
SPDYE7P	0.008618405
SPDYE8P	0
SPDYE9P	0
SPECC1	3.228889648
SPECC1L	5.047648332
SPECC1L-ADORA2A	0.008765657
SPEF1	0.13560221
SPEF2	0.655347302
SPEG	0.378944201
SPEM1	0.011075792
SPEM2	0.019763345
SPEN	8.54716684
SPERT	0.020473275
SPESP1	0.260267152
SPG11	3.916358028
SPG21	19.21665957
SPG7	8.058808719
SPHAR	0
SPHK1	15.60530873
SPHK2	1.491458827
SPHKAP	0.007758901
SPI1	21.2902516
SPIB	1.305882651
SPIC	0.038432605
SPICE1	1.38882978
SPIDR	9.47996211
SPIN1	22.05829761
SPIN2A	0.079060219
SPIN2B	0.824194761
SPIN3	0.890868482
SPIN4	1.672280418
SPIN4-AS1	0.076594558
SPINDOC	10.44632989
SPINK1	1.580021533
SPINK13	0.129701859
SPINK14	0
SPINK2	0.225418182
SPINK4	0.016630623
SPINK5	1.658400693
SPINK6	0.608367693
SPINK7	0.232312039
SPINK8	0
SPINK9	0.051730927
SPINT1	34.85861171
SPINT1-AS1	1.641559245
SPINT2	84.80015012
SPINT3	0
SPINT4	0.021243022
SPINT5P	0
SPIRE1	2.217169012
SPIRE2	0.36823014
SPN	3.086712976
SPNS1	0.493340057
SPNS2	2.10332272
SPNS3	0.194511367
SPO11	0
SPOCD1	1.631847878
SPOCK1	4.754693436
SPOCK2	13.46431828
SPOCK3	1.191505088
SPON1	17.45728403
SPON1-AS1	0
SPON2	11.62166063
SPOP	7.661232645
SPOPL	4.794170412
SPOUT1	4.229327053
SPP1	539.3039689
SPP2	0.017195932
SPPL2A	6.987410071
SPPL2B	3.770901582
SPPL2C	0
SPPL3	10.24881571
SPR	11.41289972
SPRED1	6.80895951
SPRED2	18.72459049
SPRED3	0.595384236
SPRN	0.977070355
SPRR1A	8.499726517
SPRR1B	35.36593134
SPRR2A	25.00504442
SPRR2B	0.052883763
SPRR2C	1.589249651
SPRR2D	5.4433586
SPRR2E	2.933968127
SPRR2F	0.686764132
SPRR2G	3.523349688
SPRR3	8.045989937
SPRR4	0.089029419
SPRTN	2.694245367
SPRY1	6.221766511
SPRY2	13.9374363
SPRY3	0.241189207
SPRY4	5.614290718
SPRY4-AS1	0.048046062
SPRY4-IT1	0.170185918
SPRYD3	18.36393617
SPRYD4	0.938405918
SPRYD7	3.282466681
SPRYD7P1	0
SPSB1	30.51344443
SPSB2	3.273573958
SPSB3	0.23511074
SPSB4	0.430404075
SPTA1	0.011934234
SPTAN1	22.80914877
SPTB	0.122223594
SPTBN1	27.3438931
SPTBN2	2.77713745
SPTBN4	0.132788661
SPTBN5	0.052892336
SPTLC1	14.60497837
SPTLC1P1	0.041672135
SPTLC1P2	0.089887829
SPTLC1P3	0
SPTLC1P4	0.083664825
SPTLC1P5	0
SPTLC2	9.55955045
SPTLC3	1.336575045
SPTSSA	28.68133853
SPTSSB	0.058085059
SPTY2D1	7.750246862
SPTY2D1OS	0.313958726
SPX	1.317864219
SPZ1	0
SQLE	27.79868282
SQOR	9.467563658
SQSTM1	27.41132513
SQSTM1P1	0
SRA1	9.157107869
SRARP	0.010736848
SRBD1	4.109112077
SRC	14.95256517
SRCAP	10.51423621
SRCIN1	0.070904827
SRD5A1	4.061566694
SRD5A1P1	0
SRD5A2	0.021060208
SRD5A3	6.747322093
SRD5A3-AS1	0.152117864
SRD5A3P1	0
SREBF1	9.322845465
SREBF2	31.07057199
SREK1	2.473433138
SREK1IP1	2.825533322
SRF	26.95552448
SRFBP1	4.46104829
SRGAP1	0.97002332
SRGAP2	2.315447393
SRGAP2-AS1	0.004105862
SRGAP2B	0.242199833
SRGAP2C	0.699209524
SRGAP2D	0.138485362
SRGAP3	1.064997875
SRGAP3-AS1	0
SRGAP3-AS2	0.007558323
SRGAP3-AS3	0.019182411
SRGAP3-AS4	0.02884994
SRGN	100.1166218
SRGNP1	0
SRI	22.32529814
SRIP1	0
SRIP2	0
SRIP3	0
SRL	0.10109622
SRM	34.47449242
SRMP1	0.012289748
SRMP2	0.047495316
SRMS	0.093267516
SRP14	56.82865455
SRP14-AS1	0.654330519
SRP14P1	0.061275647
SRP14P2	0.124658193
SRP14P3	0.033261246
SRP19	4.905172884
SRP54	18.61504851
SRP54-AS1	0.223858333
SRP68	12.7140752
SRP68P1	0
SRP68P2	0.04282058
SRP68P3	0
SRP72	21.01880574
SRP72P1	0.006215101
SRP72P2	0.016487762
SRP9	60.68265947
SRP9P1	0.458393488
SRPK1	11.04545725
SRPK2	7.792400128
SRPK2P	0
SRPK3	0.075658116
SRPRA	55.50188386
SRPRB	16.05964337
SRPX	4.192925672
SRPX2	16.88877668
SRR	1.517351778
SRRD	5.990974888
SRRM1	7.99220331
SRRM1P2	0
SRRM1P3	0.008122799
SRRM2	31.74627931
SRRM2-AS1	0.124397513
SRRM3	1.183699639
SRRM4	0.001231061
SRRM5	0.290253064
SRRT	16.04201908
SRSF1	52.55528747
SRSF10	7.656996351
SRSF10P1	0.014236161
SRSF11	8.88034038
SRSF12	0.746140131
SRSF1P1	0
SRSF2	39.6086532
SRSF3	35.37665704
SRSF4	20.11917856
SRSF5	22.84313674
SRSF6	39.75235903
SRSF7	22.48960146
SRSF8	15.66389145
SRSF9	23.72536905
SRSF9P1	0.389909658
SRXN1	0.516005446
SRY	0
SS18	14.14077169
SS18L1	2.551497962
SS18L2	5.534354243
SS18L2P1	0
SS18L2P2	0
SSB	11.5252265
SSBP1	6.537195076
SSBP2	3.820822209
SSBP3	8.670761918
SSBP3-AS1	0.111914458
SSBP4	5.23706923
SSC4D	0.667478511
SSC5D	3.748902545
SSFA2	11.08641885
SSH1	5.423623958
SSH2	2.549162648
SSH3	7.016953508
SSMEM1	0.00938432
SSNA1	22.04706057
SSPN	7.90737472
SSPO	0.038579836
SSR1	27.09762815
SSR1P1	0
SSR1P2	0
SSR2	32.85004835
SSR3	56.21328774
SSR4	35.25715942
SSR4P1	0.416737161
SSRP1	105.3136778
SSSCA1	10.6489323
SSSCA1-AS1	0.403245502
SST	0
SSTR1	0.602698416
SSTR2	0.641337983
SSTR3	0.125099363
SSTR4	0
SSTR5	0
SSTR5-AS1	0
SSU72	10.19007369
SSU72P1	0
SSU72P6	0
SSU72P8	0
SSUH2	0.039840393
SSX1	0
SSX2	0
SSX2B	0
SSX2IP	1.42266036
SSX3	0
SSX4	0
SSX4B	0
SSX5	0
SSX6	0
SSX7	0
SSX8	0
SSX9	0
SSXP1	0
SSXP10	0
SSXP3	0
SSXP4	0
SSXP5	0
SSXP9	0
ST13	67.48525459
ST13P10	0.010052151
ST13P11	0.030212298
ST13P12	0.00994189
ST13P13	0.049800491
ST13P14	0
ST13P15	0.697584768
ST13P16	0
ST13P18	0.07413339
ST13P19	0.116118441
ST13P2	0.009807419
ST13P20	0.071488255
ST13P21	0.009905671
ST13P3	0.235165996
ST13P4	0.238823655
ST13P5	0.646706488
ST13P6	0.384918933
ST14	33.16935276
ST18	0.021154485
ST20	1.098424814
ST20-AS1	0.687664241
ST20-MTHFS	0.050064107
ST3GAL1	7.758908555
ST3GAL1P1	0.096536337
ST3GAL2	6.139198495
ST3GAL3	1.701354259
ST3GAL4	5.478406493
ST3GAL5	2.806819948
ST3GAL5-AS1	0.069453559
ST3GAL6	0.977287122
ST3GAL6-AS1	0.593494253
ST5	8.172376858
ST6GAL1	10.28571761
ST6GAL2	0.594054994
ST6GAL2-IT1	0.028032029
ST6GALNAC1	0.586721426
ST6GALNAC2	7.465851392
ST6GALNAC2P1	0
ST6GALNAC3	0.220925081
ST6GALNAC4	5.735971354
ST6GALNAC4P1	0.26155737
ST6GALNAC5	3.656092028
ST6GALNAC6	7.189468053
ST7	2.960285389
ST7-AS1	0.293646264
ST7-AS2	0.003794985
ST7L	0.494809724
ST7-OT4	0.024496458
ST8SIA1	0.422801116
ST8SIA2	0.410883159
ST8SIA3	0.000901262
ST8SIA4	2.270457687
ST8SIA5	0.003444305
ST8SIA6	0.426445379
ST8SIA6-AS1	0.016137132
STAB1	8.190192184
STAB2	0.111246834
STAC	0.801629309
STAC2	0.200576589
STAC3	2.158680227
STAG1	4.137921932
STAG2	16.69658462
STAG3	0.330740711
STAG3L1	0.051940914
STAG3L2	0.82360474
STAG3L3	0.208932467
STAG3L4	20.00462438
STAG3L5P	2.722985721
STAG3L5P-PVRIG2P-PILRB	0.67514753
STAM	9.314993187
STAM2	7.404665493
STAM-AS1	0.108973838
STAMBP	5.898815792
STAMBPL1	0.608928557
STAP1	0.604611064
STAP2	13.84522795
STAR	0.089506038
STARD10	13.68817941
STARD13	3.669562381
STARD13-AS	0.013578561
STARD13-IT1	0
STARD3	7.17928515
STARD3NL	6.161140854
STARD4	7.872206527
STARD4-AS1	0.600928868
STARD5	2.290586913
STARD6	0.070095128
STARD7	49.27903705
STARD7-AS1	1.305726904
STARD8	2.211292344
STARD9	0.33092578
STARP1	0
STAT1	87.45704104
STAT2	52.26702835
STAT3	33.18593971
STAT4	0.959684762
STAT5A	7.266073433
STAT5B	10.53226859
STAT6	24.39073844
STATH	0
STAU1	51.08520286
STAU2	3.693972196
STAU2-AS1	0.057269472
STBD1	0.416611689
STC1	7.300759225
STC2	11.50473266
STEAP1	14.48405457
STEAP1B	0.342823486
STEAP2	3.046398053
STEAP2-AS1	0.009003665
STEAP3	8.392157844
STEAP3-AS1	0.226451407
STEAP4	1.94025017
STH	0.048882819
STIL	1.709557767
STIM1	8.740803424
STIM2	5.851451768
STIMATE	0.402408828
STIP1	35.77286599
STIP1P3	0.033486537
STK10	8.242039974
STK11	4.582728946
STK11IP	4.198522515
STK16	5.11700048
STK17A	10.11289902
STK17B	8.965614234
STK19	2.637959984
STK19B	0
STK24	12.36780459
STK24-AS1	0.306378234
STK24P1	0.286443476
STK25	10.05323778
STK25P1	0.02595806
STK26	12.81887809
STK3	2.836494772
STK31	0.072122516
STK32A	0.26855376
STK32A-AS1	0.025206089
STK32B	0.388151988
STK32C	1.765155432
STK33	0.108778586
STK33P1	0
STK35	13.55121133
STK36	2.438691038
STK38	19.05503832
STK38L	15.43538057
STK39	4.929861678
STK4	7.159865198
STK40	8.864580101
STK4-AS1	0.142209945
STKLD1	0.064153156
STMN1	24.09456103
STMN1P1	0.074157459
STMN1P2	0
STMN2	0.032233273
STMN3	23.98403034
STMN4	0.016509452
STMND1	0.007547833
STMP1	9.788784568
STN1	9.584977674
STOM	30.43222997
STOML1	1.241416135
STOML2	33.87591559
STOML3	0.01479786
STON1	4.084480092
STON1-GTF2A1L	0.027810484
STON2	13.15110782
STOX1	1.493679758
STOX2	1.085457911
STPG1	1.061956419
STPG2	0.044728282
STPG2-AS1	0.040508109
STPG3	0.027005406
STPG3-AS1	0.051153097
STPG4	0.003323076
STRA6	2.141340823
STRA8	0.054765495
STRADA	1.298629551
STRADB	3.941950054
STRADBP1	0.016981151
STRAP	64.1025437
STRBP	1.997437
STRC	0.001315644
STRCP1	0.008165486
STRIP1	3.504659449
STRIP2	0.583062389
STRN	4.823685731
STRN3	7.191804797
STRN4	14.75954386
STS	3.882889549
STSP1	0
STT3A	36.0676841
STT3A-AS1	0.10141191
STT3B	39.97499346
STUB1	7.344875774
STUM	0.117266063
STX10	14.14662259
STX11	3.890892216
STX12	12.46292644
STX16	14.22745049
STX16-NPEPL1	0.15501516
STX17	3.25374977
STX17-AS1	0.178627456
STX18	3.724747983
STX18-AS1	0.178097712
STX18-IT1	0
STX19	1.521572731
STX1A	0.833476557
STX1B	0.140782158
STX2	3.470640781
STX3	4.483562073
STX4	7.361191599
STX5	22.49979577
STX6	10.74040898
STX7	2.565952763
STX8	4.417919
STX8P1	0.061275647
STXBP1	4.509219558
STXBP2	5.681312603
STXBP3	4.258319627
STXBP4	0.691561259
STXBP5	2.508909305
STXBP5-AS1	0.159229014
STXBP5L	0.028454343
STXBP6	0.597279942
STYK1	1.302375932
STYX	7.122770789
STYXL1	6.398213888
SUB1	17.3854861
SUB1P1	0.113889291
SUB1P2	0
SUB1P3	0.310755066
SUB1P4	0
SUCLA2	7.980973211
SUCLA2-AS1	0.551702834
SUCLA2P1	0
SUCLA2P2	0
SUCLA2P3	0
SUCLG1	11.26468987
SUCLG2	10.13725263
SUCLG2-AS1	0.168598972
SUCLG2P2	0.06713844
SUCLG2P4	0
SUCNR1	1.061368653
SUCO	10.09796499
SUDS3	7.762098699
SUDS3P1	0.258962555
SUFU	6.733403644
SUGCT	7.918434994
SUGP1	4.256346455
SUGP2	4.23455944
SUGT1	1.955337049
SUGT1P1	0.959684762
SUGT1P2	0.054820702
SUGT1P3	0.089887829
SULF1	73.03537122
SULF2	98.21134464
SULT1A1	0.517634434
SULT1A2	0.248604053
SULT1A3	0.012740836
SULT1A4	0
SULT1B1	0.209958221
SULT1C2	0.370360544
SULT1C2P1	0.021709436
SULT1C2P2	0
SULT1C3	0
SULT1C4	11.39810549
SULT1D1P	0
SULT1E1	1.62391102
SULT2A1	0.005473793
SULT2B1	0.535727638
SULT4A1	0.213787269
SULT6B1	0
SUMF1	4.476044088
SUMF2	162.8758912
SUMO1	31.35265872
SUMO1P1	0
SUMO1P2	0
SUMO1P3	0.357777214
SUMO1P4	0
SUMO2	40.5317869
SUMO2P1	1.302107493
SUMO2P10	0
SUMO2P12	0
SUMO2P13	0
SUMO2P14	0
SUMO2P15	0.039123839
SUMO2P16	0
SUMO2P17	0.206130729
SUMO2P18	0
SUMO2P19	0.07373849
SUMO2P2	0
SUMO2P20	0.076865211
SUMO2P3	0.075530745
SUMO2P4	0
SUMO2P5	0
SUMO2P6	0.075530745
SUMO2P7	0
SUMO2P8	0.038029466
SUMO3	42.68161678
SUMO4	0.091827247
SUN1	9.10835174
SUN2	30.49221227
SUN3	0.037678155
SUN5	0
SUOX	3.123063589
SUPT16H	20.84940084
SUPT16HP1	0.086789238
SUPT20H	2.998404086
SUPT20HL1	0.008308959
SUPT20HL2	0.004514914
SUPT3H	1.596463104
SUPT4H1	26.61821168
SUPT4H1P1	0.063978984
SUPT4H1P2	0
SUPT5H	22.49292895
SUPT6H	16.06884598
SUPT7L	7.866920479
SUPV3L1	5.490272196
SURF1	11.24700404
SURF2	6.689865996
SURF4	96.50540947
SURF6	4.982090238
SURF6P1	0
SUSD1	3.247587304
SUSD2	14.75394883
SUSD2P2	0
SUSD3	3.108780882
SUSD4	4.941731299
SUSD5	1.014235533
SUSD6	38.31748546
SUV39H1	4.653483294
SUV39H2	3.557339195
SUZ12	5.932445682
SUZ12P1	1.019665059
SV2A	2.892714806
SV2B	0.098686067
SV2C	0.087713123
SVBP	7.995254503
SVEP1	2.849026093
SVIL	14.32422301
SVIL-AS1	2.207947403
SVILP1	0.03994281
SVIP	1.374277817
SVOP	0.025433186
SVOPL	0.203652558
SWAP70	10.49976104
SWI5	7.651095006
SWSAP1	1.317571953
SWT1	2.001434328
SYAP1	18.01778981
SYBU	0.387116575
SYCE1	0.419557515
SYCE1L	0.804366006
SYCE2	0.619165614
SYCE3	0.251875158
SYCN	0.018981549
SYCP1	0
SYCP2	1.59126202
SYCP2L	0.030197047
SYCP3	0.051129718
SYDE1	7.806888295
SYDE2	0.657542497
SYF2	7.949151464
SYF2P1	0
SYF2P2	0.018655964
SYK	10.15202801
SYMPK	11.80155811
SYN1	1.087981665
SYN2	0.616260706
SYN3	0.031965988
SYNC	1.419206889
SYNCRIP	19.93680275
SYNDIG1	3.606374207
SYNDIG1L	0.208201135
SYNE1	1.25589868
SYNE1-AS1	0
SYNE2	6.114220318
SYNE3	0.565856848
SYNE4	0.292562127
SYNGAP1	2.149784567
SYNGR1	1.478243031
SYNGR2	45.39319915
SYNGR3	0.270320561
SYNGR4	0.070170499
SYNJ1	2.382840578
SYNJ2	3.178183926
SYNJ2BP	5.210042261
SYNJ2BP-COX16	0.170428348
SYNJ2-IT1	0
SYNM	2.161653411
SYNPO	29.7866516
SYNPO2	3.19689772
SYNPO2L	0.122563199
SYNPR	0.005149824
SYNPR-AS1	0.03898361
SYNRG	3.742795217
SYP	1.130397621
SYP-AS1	0.020067209
SYPL1	28.38225892
SYPL1P1	0
SYPL1P2	0.119685582
SYPL2	0.17015859
SYS1	7.540776225
SYS1-DBNDD2	0.17067147
SYT1	0.326594291
SYT10	0.012841118
SYT11	4.338116995
SYT12	0.243037434
SYT13	0.184482174
SYT14	0.298235905
SYT14P1	0
SYT15	0.069896012
SYT16	0.109792612
SYT17	0.777712167
SYT2	0.787680546
SYT3	0.397364254
SYT4	0
SYT5	0.146456474
SYT6	0.019178653
SYT7	6.926345689
SYT8	0.180348922
SYT9	0.009203662
SYTL1	3.283964259
SYTL2	1.500263449
SYTL3	2.568879928
SYTL4	2.066052627
SYTL5	0.108968589
SYVN1	17.37734863
SZRD1	26.38799519
SZT2	2.083534627
SZT2-AS1	0.015559982
TAAR1	0
TAAR2	0
TAAR3P	0
TAAR4P	0
TAAR5	0
TAAR6	0
TAAR7P	0
TAAR8	0
TAAR9	0
TAB1	7.451914843
TAB2	18.16213827
TAB2-AS1	0
TAB3	2.823712539
TAB3-AS1	0
TAB3-AS2	0
TAB3P1	0
TAC1	0
TAC3	0.013820111
TAC4	0.054327809
TACC1	7.608927368
TACC1P1	0
TACC2	3.927293977
TACC3	5.43321529
TACO1	6.779561378
TACR1	0.231544138
TACR2	0.246244436
TACR3	0.004191301
TACSTD2	73.03537122
TADA1	5.083986435
TADA2A	2.627732524
TADA2B	3.743479478
TADA3	19.88788383
TAF1	5.391142554
TAF10	4.303878736
TAF11	21.40178004
TAF12	5.161299903
TAF13	14.54333707
TAF13P2	0
TAF15	26.79072589
TAF1A	1.867213944
TAF1A-AS1	0.667587607
TAF1B	3.816384185
TAF1C	9.776498125
TAF1D	4.807845891
TAF1L	0.003499494
TAF2	5.24633533
TAF3	3.241496805
TAF4	2.157986085
TAF4B	1.953523272
TAF5	1.694033505
TAF5L	5.246536125
TAF6	19.05637372
TAF6L	3.837316839
TAF7	48.04321246
TAF7L	0.032060213
TAF8	4.013947485
TAF9	8.310316394
TAF9B	11.92081372
TAF9BP1	0
TAF9BP2	0
TAF9P1	0
TAF9P2	0
TAF9P3	0.513846959
TAGAP	4.489950912
TAGLN	183.1082772
TAGLN2	266.2953496
TAGLN2P1	0.685566968
TAGLN3	0.182184712
TAL1	0.373996447
TAL2	0.033159839
TALDO1	27.46071677
TAMM41	1.404298208
TANC1	6.927061766
TANC2	4.65955925
TANGO2	3.001307451
TANGO6	4.901469357
TANK	8.008668818
TAOK1	5.930150996
TAOK2	5.632735753
TAOK3	3.781539292
TAP1	56.23763883
TAP2	12.48661513
TAPBP	110.9950592
TAPBPL	12.26497997
TAPT1	1.86460979
TAPT1-AS1	0.539294441
TARBP1	4.516042072
TARBP2	5.039322672
TARDBP	15.80494838
TARDBPP1	0
TARDBPP2	0.017670881
TARID	0.033202017
TARM1	0
TARS	34.79962179
TARS2	6.293228353
TARS2P1	0.01065794
TARSL2	3.990870575
TAS1R1	0.060173872
TAS1R2	0
TAS1R3	0.522752841
TAS2R1	0
TAS2R10	0.01043803
TAS2R13	0
TAS2R14	0.282324283
TAS2R15P	0.093762304
TAS2R16	0
TAS2R19	0.173675486
TAS2R20	0.189018288
TAS2R2P	0.262946594
TAS2R3	0.019757361
TAS2R30	0.005940157
TAS2R31	0.276970725
TAS2R38	0.019031369
TAS2R39	0
TAS2R4	0.073180335
TAS2R40	0.010428022
TAS2R41	0
TAS2R42	0
TAS2R43	0.0097634
TAS2R46	0.023390166
TAS2R5	0.226789101
TAS2R50	0.010876427
TAS2R60	0
TAS2R62P	0
TAS2R63P	0.0117583
TAS2R64P	0.022630935
TAS2R6P	0.118508288
TAS2R7	0
TAS2R8	0
TAS2R9	0
TASP1	5.76581688
TAT	0.024138548
TAT-AS1	0
TATDN1	2.362857165
TATDN1P1	0.036620967
TATDN2	5.141512832
TATDN2P1	0
TATDN2P2	0.542355539
TATDN2P3	0.035611767
TATDN3	2.750690958
TAX1BP1	10.6367068
TAX1BP3	23.89196394
TAZ	3.091752898
TBATA	0.006334553
TBC1D1	5.942777758
TBC1D10A	2.886181218
TBC1D10B	8.148796627
TBC1D10C	1.616324665
TBC1D12	1.516508068
TBC1D13	9.120138309
TBC1D14	5.240412896
TBC1D15	6.6538299
TBC1D16	6.66516501
TBC1D17	10.21169307
TBC1D19	1.441110781
TBC1D2	13.61547867
TBC1D20	9.591251786
TBC1D21	0.008871474
TBC1D22A	8.36553806
TBC1D22A-AS1	0.037440369
TBC1D22B	6.801694136
TBC1D23	7.7890204
TBC1D24	1.228762049
TBC1D25	7.595212905
TBC1D26	0.004050811
TBC1D27P	0.118086925
TBC1D28	0
TBC1D29	0.011323714
TBC1D2B	11.52145971
TBC1D3	0
TBC1D30	0.533256843
TBC1D31	1.087516421
TBC1D32	0.992914587
TBC1D3B	0.014434542
TBC1D3C	0
TBC1D3D	0
TBC1D3E	0.004227138
TBC1D3F	0
TBC1D3G	0.005267035
TBC1D3H	0
TBC1D3I	0
TBC1D3J	0
TBC1D3K	0
TBC1D3L	0.056218611
TBC1D3P1	0.025697406
TBC1D3P1-DHX40P1	0
TBC1D3P2	0.005140089
TBC1D3P3	0
TBC1D3P4	0
TBC1D3P5	0.002334498
TBC1D3P6	0
TBC1D3P7	0.011899811
TBC1D4	4.186885425
TBC1D5	6.438605599
TBC1D7	1.573805926
TBC1D8	3.79141794
TBC1D8-AS1	0.355524863
TBC1D8B	1.866721343
TBC1D9	10.27077937
TBC1D9B	15.32729683
TBCA	11.2712224
TBCAP1	1.263927331
TBCAP2	0
TBCAP3	0.069720688
TBCB	16.11189335
TBCC	15.06277493
TBCCD1	7.512880177
TBCD	4.783829458
TBCE	11.04160668
TBCEL	3.349691712
TBCK	2.573265602
TBK1	4.906040704
TBKBP1	4.401395346
TBL1X	11.69887079
TBL1XR1	11.45016498
TBL1XR1-AS1	0
TBL1Y	0
TBL1YP1	0
TBL2	7.098548465
TBL3	4.957542292
TBP	5.187383382
TBPL1	1.756977936
TBPL2	0
TBR1	0.001132961
TBRG1	3.546696754
TBRG4	8.629169615
TBX1	2.264885318
TBX10	0.133496201
TBX15	0.220043327
TBX18	0.557370344
TBX18-AS1	0.010478254
TBX19	0.715750631
TBX2	3.530464127
TBX20	0.005800761
TBX21	0.457692044
TBX22	0
TBX2-AS1	0.441911225
TBX3	5.025092208
TBX4	1.611322563
TBX5	2.450499205
TBX5-AS1	1.474285029
TBX6	0.339780005
TBXA2R	0.806093967
TBXAS1	3.493083173
TBXT	0.037233871
TC2N	3.427304323
TCAF1	2.411429761
TCAF1P1	0.311868883
TCAF2	1.466786979
TCAF2P1	0.076373095
TCAIM	1.325033818
TCAM1P	0.11348782
TCAP	0.220295042
TCEA1	12.54343608
TCEA1P1	0
TCEA1P2	2.569045741
TCEA1P3	0.012359576
TCEA1P4	0.141754384
TCEA2	3.888968278
TCEA3	1.946308043
TCEAL1	8.160715113
TCEAL2	0.254610243
TCEAL3	10.1167289
TCEAL3-AS1	0.090385822
TCEAL4	31.63148415
TCEAL4P1	0
TCEAL5	0.065184068
TCEAL6	0
TCEAL7	2.051458675
TCEAL8	32.74498857
TCEAL9	72.51282323
TCEANC	0.831690101
TCEANC2	0.897651706
TCERG1	6.192099589
TCERG1L	0.41784677
TCERG1L-AS1	0.046086556
TCF12	9.493557386
TCF15	0.405680246
TCF19	10.55056486
TCF20	11.0796038
TCF21	1.235577436
TCF23	0.025476699
TCF24	0.092422325
TCF25	20.41607058
TCF3	9.375551886
TCF3P1	0.011230178
TCF4	5.874793901
TCF4-AS1	0.027465725
TCF4-AS2	0
TCF7	1.771486072
TCF7L1	17.02429456
TCF7L1-IT1	0.047495316
TCF7L2	5.417276251
TCFL5	2.823566109
TCHH	0.111951789
TCHHL1	0.09358014
TCHP	1.728647988
TCIM	24.12290671
TCIRG1	11.83903081
TCL1A	1.186873104
TCL1B	0
TCL6	0.007205659
TCN1	0.02743109
TCN2	16.98701457
TCOF1	8.127906478
TCP1	27.9004964
TCP10	0
TCP10L	0.097046774
TCP10L2	0.010042869
TCP11	0.009869716
TCP11L1	2.88822818
TCP11L2	1.983563136
TCP11X1	0
TCP11X2	0
TCP11X3P	0
TCP1P1	0.01351109
TCP1P3	0.050824427
TCTA	8.148411859
TCTE1	0.024823929
TCTE3	0.393473189
TCTEX1D1	0.161392147
TCTEX1D2	1.964041847
TCTEX1D4	0.042764459
TCTN1	1.944281694
TCTN2	4.494567489
TCTN3	16.6065463
TDG	7.289402427
TDGF1	0.036883955
TDGF1P1	0
TDGF1P2	0
TDGF1P3	0
TDGF1P4	0
TDGF1P5	0.024009773
TDGF1P6	0
TDGF1P7	0
TDGP1	0.026549456
TDH	0.126336537
TDO2	3.314169716
TDP1	2.47501164
TDP2	13.69258206
TDRD1	0.010346677
TDRD10	0.502421808
TDRD12	0.020167388
TDRD15	0.001772849
TDRD3	2.068660079
TDRD5	3.608438756
TDRD6	0.292331803
TDRD7	3.212574359
TDRD9	0.20244445
TDRG1	0.0067263
TDRKH	2.499100538
TDRKH-AS1	0.085791276
TDRP	10.9938313
TEAD1	14.93504594
TEAD2	25.63625011
TEAD3	19.44616647
TEAD4	9.191347012
TEC	0.380540012
TECPR1	4.095755878
TECPR2	2.495412188
TECR	15.82369767
TECRL	0
TECRP1	1.955312773
TECRP2	0
TECTA	0.115887089
TECTB	0.003704505
TEDC1	0.828154363
TEDC2	1.108984003
TEDDM1	0.004350571
TEDDM2P	0
TEF	4.918036691
TEFM	1.734020977
TEK	3.211997989
TEKT1	0.016963495
TEKT2	0.269436268
TEKT3	0.066700972
TEKT4	0.068651931
TEKT4P2	1.017457036
TEKT5	0.036765388
TELO2	4.16685962
TEMN3-AS1	0
TEN1	0.033388879
TEN1-CDK3	0.318089459
TENM1	0.058194284
TENM2	32.78353655
TENM3	3.907127797
TENM4	3.897186661
TEP1	3.82998486
TEPP	0.031546196
TEPSIN	1.605654849
TERB1	0.007028386
TERB2	0
TERC	0.040208604
TERF1	3.231768229
TERF1P1	0
TERF1P2	0.0179479
TERF1P3	0
TERF1P4	0.02926393
TERF1P5	0.027033374
TERF2	9.610961463
TERF2IP	23.66805857
TERT	0.028274941
TES	21.47840269
TESC	0.841426619
TESC-AS1	0
TESK1	6.810134132
TESK2	2.177249895
TESMIN	0.598548459
TESPA1	0.893923278
TET1	0.825568609
TET1P1	0
TET2	2.113357034
TET2-AS1	0.020254055
TET3	4.278421853
TEX10	3.491661208
TEX101	0.040863221
TEX11	0.500102709
TEX12	0.047084101
TEX13A	0
TEX13B	0
TEX14	0.110296164
TEX15	0.00559535
TEX19	0.028089947
TEX2	4.45151335
TEX21P	0.147377064
TEX22	0.069007998
TEX26	0
TEX261	19.0745982
TEX264	4.673345344
TEX26-AS1	0.005012178
TEX28	0
TEX28P1	0
TEX28P2	0
TEX29	0.18712133
TEX30	2.83271853
TEX33	0
TEX35	0
TEX36	0
TEX36-AS1	0
TEX37	0
TEX38	0.014599231
TEX41	0.585787126
TEX43	0
TEX44	0
TEX45	0.044820442
TEX46	0.066118099
TEX47	0
TEX48	0.014878834
TEX49	0.049588574
TEX50	0
TEX51	0
TEX53	0.121751052
TEX9	0.331934392
TF	0.048255019
TFAM	8.45513203
TFAMP1	0
TFAMP2	0
TFAP2A	5.878151611
TFAP2A-AS1	0.475682991
TFAP2B	0.017688124
TFAP2C	9.671152658
TFAP2D	0
TFAP2E	0.472024026
TFAP4	1.288525517
TFB1M	1.18861541
TFB2M	8.845925448
TFCP2	10.09487059
TFCP2L1	1.060718582
TFDP1	13.22557278
TFDP2	5.898521385
TFDP3	0
TFE3	21.1637042
TFEB	3.518277739
TFEC	1.122370795
TFF1	0.217133757
TFF2	0
TFF3	0.400416416
TFG	26.58779024
TFIP11	8.233351422
TFP1	0.032845121
TFPI	3.169892675
TFPI2	15.10365308
TFPT	19.34951501
TFR2	0.882568928
TFRC	79.64324911
TG	0.626283677
TGDS	3.856531579
TGFA	6.392613022
TGFA-IT1	0
TGFB1	35.0611946
TGFB1I1	8.132660796
TGFB2	5.823565616
TGFB2-AS1	2.51895713
TGFB2-OT1	0
TGFB3	12.08934593
TGFB3-AS1	0.056257383
TGFBI	70.33887195
TGFBR1	11.92688294
TGFBR2	37.82934248
TGFBR3	1.45310568
TGFBR3L	0.337197944
TGFBRAP1	8.965581203
TGIF1	6.933027909
TGIF1P1	0
TGIF2	18.52786743
TGIF2-C20orf24	0.1777194
TGIF2LX	0
TGIF2LY	0
TGIF2P1	0.063511984
TGM1	0.786247756
TGM2	55.58130455
TGM3	0.100969433
TGM4	0.761329928
TGM5	0.765903114
TGM6	0
TGM7	0.070170499
TGOLN2	35.68285306
TGS1	9.462407413
TH	0.804915989
TH2LCRR	0.050307249
THA1P	0.056994379
THADA	2.911853637
THAP1	4.033378604
THAP10	0.847808214
THAP11	24.71120166
THAP12	8.227347943
THAP12P1	0.019748393
THAP12P2	0
THAP12P3	0.014399507
THAP12P4	0
THAP12P5	0
THAP12P6	0
THAP12P7	0.132986884
THAP12P8	0
THAP12P9	0
THAP2	2.03464344
THAP3	1.826983367
THAP4	13.49617051
THAP5	3.292963878
THAP5P1	0.083026163
THAP6	0.988904853
THAP7	5.783886833
THAP7-AS1	0.723876506
THAP8	3.534093911
THAP9	0.868708182
THAP9-AS1	3.745033188
THBD	15.83950863
THBS1	34.1969696
THBS2	135.9986973
THBS3	9.293075454
THBS4	0.335386032
THEG	0
THEGL	0.018198149
THEM4	2.108391715
THEM5	0.784782864
THEM6	6.668264592
THEM7P	0.036559419
THEMIS	0.572974935
THEMIS2	8.65218497
THEMIS3P	0.006857773
THG1L	3.702038608
THNSL1	1.54475129
THNSL2	2.460768421
THOC1	1.716977353
THOC2	5.009062022
THOC3	3.001805738
THOC5	3.902977909
THOC6	15.65386875
THOC7	14.90631432
THOC7-AS1	0.080805552
THOP1	4.502701011
THPO	0.22718386
THRA	4.213658283
THRAP3	32.25953848
THRAP3P1	0.003903958
THRB	1.009088673
THRB-AS1	0.00681267
THRB-IT1	0
THRIL	0
THRSP	0.018528837
THSD1	2.774333606
THSD4	3.351453256
THSD4-AS1	0.003607439
THSD7A	0.217946526
THSD7B	0.106174264
THTPA	2.089596951
THUMPD1	6.728347601
THUMPD1P1	0
THUMPD2	2.304448368
THUMPD3	6.392055036
THUMPD3-AS1	0.930779515
THUMPD3P1	0.007348937
THY1	31.7830316
THYN1	12.09290359
TIA1	9.831091845
TIAF1	0.299575569
TIAL1	7.38207003
TIAM1	3.205382928
TIAM2	1.177996678
TICAM1	9.19781576
TICAM2	0.12070018
TICRR	1.804539354
TIE1	3.111496605
TIFA	5.141351162
TIFAB	0.198320808
TIGAR	4.975884536
TIGD1	2.216719468
TIGD2	4.577768903
TIGD3	0.200013822
TIGD4	0.079197286
TIGD5	1.931120765
TIGD6	1.188437207
TIGD7	0.774851504
TIGIT	1.791012408
TIMD4	0.370707811
TIMELESS	8.696655171
TIMM10	43.92564847
TIMM10B	6.698963607
TIMM13	15.83779809
TIMM17A	12.89505257
TIMM17B	13.26227903
TIMM17BP1	0.021078347
TIMM21	2.927947594
TIMM22	6.830968428
TIMM23	38.94864636
TIMM23B	1.868496182
TIMM29	5.265988954
TIMM44	5.300255692
TIMM50	7.234689088
TIMM8A	3.024217708
TIMM8AP1	0.22121547
TIMM8B	17.76980618
TIMM8BP1	0
TIMM8BP2	0.303326658
TIMM9	16.30013904
TIMM9P1	0.042486044
TIMM9P2	0.081777649
TIMM9P3	0
TIMMDC1	15.98396568
TIMP1	226.5981171
TIMP2	112.1355213
TIMP3	7.185577973
TIMP4	0.046142419
TINAG	0.010094132
TINAGL1	3.838981345
TINCR	1.429869168
TINF2	20.76627601
TIPARP	9.715097204
TIPARP-AS1	0.190814514
TIPIN	2.62534452
TIPRL	16.09846351
TIRAP	1.74156104
TJAP1	5.672974095
TJP1	6.073033972
TJP2	8.207191855
TJP3	0.497782895
TK1	57.91799813
TK2	4.141811483
TKFC	4.247301128
TKT	17.48099391
TKTL1	0.059596862
TKTL2	0.004098126
TLCD1	4.820140549
TLCD2	2.322466053
TLDC1	6.765273751
TLDC2	0.489929158
TLE1	4.374070741
TLE1P1	0.590909463
TLE2	3.908295198
TLE3	7.468181637
TLE4	4.34552262
TLE6	0.104237392
TLE7	0
TLK1	4.780770914
TLK1P1	0.004457552
TLK2	3.646645191
TLK2P1	0.095407257
TLK2P2	0.004855548
TLL1	0.294973567
TLL2	0.305570096
TLN1	52.8266649
TLN2	1.677582509
TLNRD1	5.205868917
TLR1	6.69853615
TLR10	0.657692426
TLR12P	0.004019374
TLR2	12.60629716
TLR3	2.072085569
TLR4	4.206959036
TLR5	3.476774611
TLR6	1.31562418
TLR7	1.935582282
TLR8	2.428644
TLR8-AS1	0.01612517
TLR9	0.005620893
TLX1	1.506994019
TLX1NB	0.028758401
TLX2	0.16853563
TLX3	0.021854844
TM2D1	3.263322548
TM2D2	11.70819714
TM2D3	2.37938993
TM4SF1	27.36305101
TM4SF18	1.179371635
TM4SF19	0.996576277
TM4SF19-AS1	0.407356828
TM4SF19-TCTEX1D2	0.033847803
TM4SF1-AS1	0.140190255
TM4SF20	0.003945023
TM4SF4	0.081319083
TM4SF5	0.011669986
TM6SF1	1.504143271
TM6SF2	0.531891097
TM7SF2	3.593561366
TM7SF3	25.45386111
TM9SF1	2.522248412
TM9SF2	73.35219347
TM9SF3	31.48261979
TM9SF4	30.89588268
TMA16	4.486177954
TMA16P1	0
TMA16P2	0
TMA7	25.33376788
TMBIM1	54.65948752
TMBIM4	8.418254824
TMBIM6	114.5805066
TMBIM7P	0.025352977
TMC1	0.040064846
TMC2	0.035262986
TMC3	0.013460925
TMC3-AS1	0.233814968
TMC4	11.97756788
TMC5	0.985054185
TMC6	6.150218781
TMC7	0.335668384
TMC8	3.681926662
TMCC1	4.723922126
TMCC1-AS1	0.145865994
TMCC1P1	0
TMCC2	3.772056358
TMCC3	2.141896581
TMCO1	15.3310099
TMCO2	0
TMCO3	3.917060585
TMCO4	3.375072901
TMCO5A	0
TMCO5B	0
TMCO6	2.720659712
TMED1	8.180683585
TMED10	98.64005536
TMED10P1	0
TMED10P2	0.12440358
TMED11P	0
TMED2	87.11649091
TMED3	5.745457358
TMED4	18.61891985
TMED5	6.192511138
TMED6	0.585831662
TMED7	30.48416218
TMED7-TICAM2	0.160462313
TMED8	5.330623091
TMED9	114.7775109
TMEFF1	0.104140438
TMEFF2	0.013119936
TMEM100	2.908115626
TMEM101	8.851235816
TMEM102	6.258160375
TMEM104	6.50010044
TMEM105	0.080268836
TMEM106A	3.691356651
TMEM106B	4.64328619
TMEM106C	10.05326172
TMEM107	3.517731623
TMEM108	1.436850277
TMEM108-AS1	0
TMEM109	63.51995273
TMEM11	5.489160951
TMEM110-MUSTN1	0.079782436
TMEM114	0.452226364
TMEM115	16.44583135
TMEM116	0.724278298
TMEM117	7.894895047
TMEM119	18.29108799
TMEM120A	8.850372738
TMEM120B	1.51386892
TMEM121	1.005384036
TMEM121B	0.512816359
TMEM123	81.5486292
TMEM125	5.68621869
TMEM126A	13.13908262
TMEM126B	7.473041934
TMEM127	21.93392909
TMEM128	7.006748501
TMEM129	6.345109243
TMEM130	1.194237782
TMEM131	12.41428795
TMEM131L	4.351931961
TMEM132A	12.12696962
TMEM132B	0.034631686
TMEM132C	0.019787315
TMEM132D	0.042929231
TMEM132D-AS1	0
TMEM132D-AS2	0
TMEM132E	0.03797138
TMEM134	2.711722963
TMEM135	3.483483971
TMEM136	1.246358723
TMEM138	6.109851881
TMEM139	0.94596072
TMEM140	9.832515987
TMEM141	14.71294947
TMEM143	1.745635724
TMEM144	0.823704328
TMEM145	0.193633365
TMEM147	28.17625188
TMEM147-AS1	0.937893196
TMEM14A	17.49876811
TMEM14B	8.759872286
TMEM14C	49.03037438
TMEM14DP	0.25220701
TMEM14EP	0.028773617
TMEM150A	5.860053104
TMEM150B	2.101633062
TMEM150C	5.235262063
TMEM151A	0.488208095
TMEM151B	0.326751067
TMEM154	1.076660232
TMEM155	0.028773617
TMEM156	0.666510182
TMEM158	10.12653573
TMEM159	9.796438035
TMEM160	4.52774349
TMEM161A	8.711749752
TMEM161B	0.998346786
TMEM161B-AS1	0.580696839
TMEM161BP1	0
TMEM163	0.704953621
TMEM164	7.436548574
TMEM165	9.414400803
TMEM167A	18.84095046
TMEM167AP1	0
TMEM167B	9.390251726
TMEM168	3.644521417
TMEM169	0.39872239
TMEM17	2.407257551
TMEM170A	4.731597231
TMEM170B	1.523116045
TMEM171	1.658035171
TMEM173	44.87585652
TMEM174	0
TMEM175	2.896978289
TMEM176A	19.07673451
TMEM176B	52.12880895
TMEM177	5.307931869
TMEM178A	0.339062713
TMEM178B	0.432770756
TMEM179	0.015623844
TMEM179B	19.68807829
TMEM18	2.906705788
TMEM181	9.863446499
TMEM182	1.045510228
TMEM183A	7.74533459
TMEM183AP1	0.037504922
TMEM183B	0.318193352
TMEM184A	0.47100992
TMEM184B	26.11947768
TMEM184C	8.889032581
TMEM185A	3.544644104
TMEM185AP1	0.019920197
TMEM185B	34.28294798
TMEM186	3.145256023
TMEM187	4.030609492
TMEM189	10.81060098
TMEM189-UBE2V1	0.007890045
TMEM19	18.97507407
TMEM190	0.256779059
TMEM191A	0.373663738
TMEM191B	0.105238774
TMEM191C	0.050599801
TMEM192	2.407661428
TMEM196	0.015967351
TMEM198	2.514488235
TMEM198B	4.452499278
TMEM199	2.803858206
TMEM2	10.78263577
TMEM200A	2.62118885
TMEM200B	3.012757997
TMEM200C	0.352732414
TMEM201	2.395124817
TMEM202	0
TMEM202-AS1	0.196441186
TMEM203	15.69642398
TMEM204	9.489642967
TMEM205	16.59908051
TMEM206	3.180067281
TMEM207	0
TMEM208	26.81675359
TMEM209	4.532035161
TMEM210	0
TMEM211	0.011448871
TMEM212	0.024000943
TMEM212-AS1	0.025471727
TMEM212-IT1	0
TMEM213	0.029377427
TMEM214	29.05180122
TMEM215	0.015186299
TMEM216	7.430384977
TMEM217	0.456992744
TMEM218	2.316053379
TMEM219	18.45588158
TMEM220	0.772015507
TMEM220-AS1	0.186275634
TMEM221	0.1596023
TMEM222	5.287557149
TMEM223	5.218776958
TMEM225	0
TMEM225B	0.169703121
TMEM229A	0.010319191
TMEM229B	1.734565871
TMEM230	38.69669561
TMEM231	2.379614019
TMEM232	0.01933486
TMEM233	0.134831743
TMEM234	1.711720006
TMEM235	0.137940854
TMEM236	0.139339296
TMEM237	7.42731834
TMEM238	0.870114184
TMEM238L	0
TMEM239	0
TMEM240	0.260088479
TMEM241	1.686024258
TMEM242	2.632451396
TMEM243	3.311807272
TMEM244	0.113634315
TMEM245	6.538012655
TMEM246	2.892957764
TMEM246-AS1	0.025294017
TMEM248	254.0905352
TMEM248P1	0.011436832
TMEM249	0.034080121
TMEM25	3.192700579
TMEM250	8.753025855
TMEM251	5.282836116
TMEM251P1	0
TMEM252	0.052416517
TMEM253	0.04991731
TMEM254	9.046747939
TMEM254-AS1	0.592692501
TMEM255A	1.243261907
TMEM255B	0.468669984
TMEM256	25.16808353
TMEM256P1	0
TMEM256P2	0
TMEM256-PLSCR3	0.038282302
TMEM258	19.129466
TMEM259	17.22528203
TMEM26	1.080241657
TMEM260	5.017403505
TMEM261P1	0
TMEM262	0.267113021
TMEM263	17.48942284
TMEM266	0.566028695
TMEM267	6.402558057
TMEM268	4.836741772
TMEM269	0.105203538
TMEM26-AS1	0.138633488
TMEM270	0.011132474
TMEM272	0.018341361
TMEM30A	39.24048521
TMEM30B	20.46840959
TMEM30CP	0
TMEM31	0.074700737
TMEM33	7.073637608
TMEM35A	1.2945106
TMEM35B	4.116999053
TMEM37	8.019704246
TMEM38A	1.266805176
TMEM38B	1.490053662
TMEM39A	9.410057294
TMEM39B	6.178736358
TMEM40	2.876360054
TMEM41A	6.542419466
TMEM41B	6.741810769
TMEM42	1.582789806
TMEM43	47.86906874
TMEM44	3.569833735
TMEM44-AS1	3.946228313
TMEM45A	13.44293812
TMEM45B	0.840794182
TMEM47	6.116984272
TMEM50A	25.45594318
TMEM50B	7.997017179
TMEM51	10.1675173
TMEM51-AS1	0.079658341
TMEM52	0.068233546
TMEM52B	1.845470037
TMEM53	1.525991175
TMEM54	21.50723309
TMEM56	0.739103341
TMEM56-RWDD3	0.144205563
TMEM59	19.29201685
TMEM59L	0.124254691
TMEM5-AS1	0.13523089
TMEM60	7.803810006
TMEM61	0.148720519
TMEM62	1.953686733
TMEM63A	2.777228752
TMEM63B	18.27977171
TMEM63C	0.776033002
TMEM64	6.562914052
TMEM65	4.242637827
TMEM67	1.184704435
TMEM68	2.170465023
TMEM69	6.965551225
TMEM70	7.002931057
TMEM71	0.551655526
TMEM72	0.010335534
TMEM72-AS1	0.019775322
TMEM74	0.037804753
TMEM74B	0.812040952
TMEM75	0.020095016
TMEM78	0.005000656
TMEM79	2.397282313
TMEM80	1.309125369
TMEM81	1.486118445
TMEM82	0
TMEM86A	2.819719544
TMEM86B	0.592280694
TMEM87A	12.88937229
TMEM87B	7.470301093
TMEM88	1.243020263
TMEM88B	0.02210656
TMEM89	0.049288945
TMEM8A	7.799623713
TMEM8B	2.411434193
TMEM9	22.51962188
TMEM91	2.742446797
TMEM92	1.388927833
TMEM92-AS1	0.275536158
TMEM94	7.879083429
TMEM95	0.04442985
TMEM97	10.08776085
TMEM97P1	0.048232494
TMEM97P2	0
TMEM98	16.43730742
TMEM99	3.82194524
TMEM9B	9.651764302
TMEM9B-AS1	0.870488587
TMF1	6.509694806
TMF1P1	0
TMIE	0.143110885
TMIGD1	0
TMIGD2	0.542959524
TMIGD3	1.086188014
TMLHE	2.029970623
TMLHE-AS1	0
TMOD1	0.337321774
TMOD2	1.20018328
TMOD3	7.901573029
TMOD4	0
TMPO	15.1913046
TMPO-AS1	1.140453503
TMPOP1	0
TMPOP2	0.271684279
TMPPE	0.954361245
TMPRSS11A	0.158899945
TMPRSS11B	0.025758265
TMPRSS11BNL	0
TMPRSS11CP	0.015924491
TMPRSS11D	2.453304639
TMPRSS11E	0.315406217
TMPRSS11F	0.015627051
TMPRSS11GP	0
TMPRSS12	0.02282224
TMPRSS13	5.135246277
TMPRSS15	0.012847186
TMPRSS2	2.571082863
TMPRSS3	0.538056474
TMPRSS4	0.72378316
TMPRSS5	0.057201346
TMPRSS6	0.253126064
TMPRSS7	0.053490626
TMPRSS9	0.077781363
TMSB10	1548.531336
TMSB10P1	0.906368941
TMSB10P2	0.083026163
TMSB15A	1.508409625
TMSB15B	0.074617763
TMSB15B	0.218512838
TMSB4X	1068.097056
TMSB4XP1	2.175285459
TMSB4XP2	0.517925109
TMSB4XP3	0
TMSB4XP4	1.055963815
TMSB4XP6	0
TMSB4XP8	17.72454819
TMSB4Y	0.006516733
TMTC1	4.653470056
TMTC2	3.715208796
TMTC3	10.31234345
TMTC4	8.389693122
TMUB1	11.19648177
TMUB2	6.917420152
TMX1	20.5827744
TMX2	15.67057824
TMX2-CTNND1	0.074368734
TMX2P1	3.487216097
TMX3	6.91721977
TMX4	10.59538266
TNC	84.65011847
TNF	6.249403035
TNFAIP1	25.84444964
TNFAIP2	13.73989712
TNFAIP3	52.37308745
TNFAIP6	19.36954627
TNFAIP8	3.788775268
TNFAIP8L1	2.830448682
TNFAIP8L2	5.22585556
TNFAIP8L3	0.807798314
TNFRSF10A	4.702921461
TNFRSF10A-AS1	1.246435153
TNFRSF10B	17.7548503
TNFRSF10C	0.749955558
TNFRSF10D	3.031135476
TNFRSF11A	0.584155942
TNFRSF11B	0.746383762
TNFRSF12A	24.01877695
TNFRSF13B	0.226719893
TNFRSF13C	1.381615131
TNFRSF14	4.846210008
TNFRSF14-AS1	0.205583439
TNFRSF17	3.307679142
TNFRSF18	2.548418367
TNFRSF19	3.920448955
TNFRSF1A	45.36054061
TNFRSF1B	18.70017704
TNFRSF21	29.76117255
TNFRSF25	1.65450502
TNFRSF4	2.338337071
TNFRSF6B	0
TNFRSF8	0.663409691
TNFRSF9	1.736861159
TNFSF10	141.76936
TNFSF11	0.799912875
TNFSF12	8.919943835
TNFSF12-TNFSF13	0.035935332
TNFSF13	5.242285037
TNFSF13B	6.296878962
TNFSF14	0.632826871
TNFSF15	2.099733651
TNFSF18	0.232911541
TNFSF4	2.695654356
TNFSF8	0.939429887
TNFSF9	0.999455481
TNIK	4.793131635
TNIP1	42.70025652
TNIP2	10.76709612
TNIP3	1.798305256
TNK1	2.550043188
TNK2	3.501599193
TNK2-AS1	0.114160974
TNKS	4.558807043
TNKS1BP1	131.5729732
TNKS2	13.32304932
TNKS2-AS1	0.34301479
TNMD	0
TNN	0.699323001
TNNC1	1.592353654
TNNC2	0.509056529
TNNI1	0.189368949
TNNI2	0.703650565
TNNI3	0.491952464
TNNI3K	0.016133713
TNNT1	6.89358082
TNNT2	0.145338676
TNNT3	0.368620637
TNP1	0
TNP2	0
TNPO1	8.937613548
TNPO1P1	0.02867248
TNPO1P2	0.012243633
TNPO1P3	0.049029725
TNPO2	14.34407185
TNPO3	11.61144676
TNR	0.023498454
TNRC18	12.41116974
TNRC18P1	0.023838745
TNRC18P2	0.008015053
TNRC18P3	0.004041779
TNRC6A	3.178154247
TNRC6B	2.662815684
TNRC6C	1.364225417
TNRC6C-AS1	1.18598026
TNR-IT1	0
TNS1	16.32684598
TNS2	5.903885471
TNS3	30.6553537
TNS4	15.07710233
TNXA	0.010673628
TNXB	1.170975531
TOB1	8.922035562
TOB1-AS1	0.13665125
TOB2	12.63952833
TOB2P1	0.77845397
TOE1	2.891654085
TOGARAM1	1.803915915
TOGARAM2	0.042263065
TOLLIP	6.478954853
TOLLIP-AS1	0.092663917
TOM1	15.09101972
TOM1L1	1.563813464
TOM1L2	6.389192126
TOMM20	79.76763182
TOMM20L	0.192968871
TOMM20P1	0.025471727
TOMM20P2	0.568364372
TOMM20P3	0
TOMM20P4	0.150019687
TOMM22	30.18692578
TOMM22P1	0
TOMM22P2	0
TOMM22P3	0
TOMM22P4	0
TOMM22P5	0
TOMM22P6	0
TOMM34	28.12468979
TOMM40	21.81913753
TOMM40L	5.205076487
TOMM5	3.456339959
TOMM6	0
TOMM7	36.46802094
TOMM70	15.23144005
TONSL	2.843380445
TONSL-AS1	0.279534346
TOP1	34.75917616
TOP1MT	2.825067981
TOP1P1	0
TOP2A	25.93479611
TOP2B	29.62944663
TOP3A	4.947800312
TOP3B	0.09826617
TOP3BP1	0.039407345
TOPAZ1	0
TOPBP1	7.477439427
TOPORS	5.544376921
TOPORSLP	0
TOR1A	9.103159544
TOR1AIP1	8.485083844
TOR1AIP2	6.023636945
TOR1B	8.29463023
TOR2A	2.812276009
TOR3A	15.86620005
TOR4A	3.568663826
TOX	5.371075209
TOX2	2.557968319
TOX3	0.10809409
TOX4	10.88716415
TOX4P1	0.035047564
TP53	41.03253784
TP53AIP1	0.072614754
TP53BP1	3.444355469
TP53BP2	12.74453674
TP53I11	8.557504881
TP53I13	4.698045401
TP53I3	7.625730384
TP53INP1	12.96509991
TP53INP2	18.25943258
TP53RK	7.428105461
TP53TG1	10.0258758
TP53TG3	0
TP53TG3B	0
TP53TG3C	0
TP53TG3D	0.007444509
TP53TG3E	0
TP53TG3F	0
TP53TG3GP	0
TP53TG3HP	0
TP53TG5	0.211088556
TP63	43.39773285
TP73	2.600500213
TP73-AS1	2.282464688
TPBG	6.575638404
TPBGL	0.385523202
TPCN1	8.294397352
TPCN2	3.087273001
TPD52	11.65795904
TPD52L1	3.34383907
TPD52L2	43.28326841
TPD52L3	0.00313894
TPGS1	0.274743085
TPGS2	8.530551388
TPH1	0.137260281
TPH2	0.001569697
TPI1	252.2203207
TPI1P1	4.336069016
TPI1P2	0.448363359
TPI1P3	0.058791499
TPI1P4	0
TPK1	0.497546923
TPM1	38.18503618
TPM1-AS	0.090799035
TPM2	55.94359047
TPM3	42.99877355
TPM3P1	0.043680431
TPM3P2	0
TPM3P3	0
TPM3P4	0.028811728
TPM3P6	1.187318883
TPM3P7	0
TPM3P8	0.118405896
TPM3P9	4.201578764
TPM4	129.3244468
TPM4P1	0
TPMT	8.783886113
TPMTP1	0.08854622
TPMTP2	0
TPMTP3	0.01479786
TPMTP4	0
TPO	0.038157324
TPP1	52.81092438
TPP2	7.603189698
TPPP	2.88797862
TPPP2	0.004394516
TPPP3	1.844588892
TPR	11.6206039
TPRA1	8.762238565
TPRG1	0.571482965
TPRG1-AS1	0.499348169
TPRG1-AS2	0.045413058
TPRG1L	17.67081519
TPRG1LP1	0.243288505
TPRKB	4.97329553
TPRKBP1	0.022612115
TPRKBP2	0.022897742
TPRN	1.369231762
TPRX1	0
TPRX1P1	0
TPRX2P	0
TPRXL	0.146574515
TPSAB1	23.35698375
TPSB2	31.00219841
TPSD1	10.40786059
TPSG1	0.086664759
TPSP2	0.035660417
TPST1	98.12651336
TPST2	8.858105084
TPST2P1	0.009869716
TPT1	243.2405458
TPT1-AS1	0.410924431
TPT1P1	0.020996964
TPT1P10	0.021928281
TPT1P11	0
TPT1P12	0
TPT1P13	0
TPT1P14	0
TPT1P2	0
TPT1P3	0
TPT1P4	0.356260624
TPT1P5	0.229636661
TPT1P6	0.105801822
TPT1P7	0.021037577
TPT1P8	0
TPT1P9	0.486688381
TPTE	0
TPTE2	0.133161331
TPTE2P1	0.222747195
TPTE2P2	0.001747779
TPTE2P3	0.018295084
TPTE2P4	0
TPTE2P5	0.093469297
TPTE2P6	0.023956888
TPTEP1	0.088228613
TPX2	34.91016373
TRA2A	12.09832399
TRA2B	12.54545846
TRABD	10.26930671
TRABD2A	0.378213468
TRABD2B	0.584488132
TRAC	19.23823345
TRADD	12.63055309
TRAF1	3.222957445
TRAF2	5.439698282
TRAF3	5.316457685
TRAF3IP1	3.413459639
TRAF3IP2	4.814972622
TRAF3IP2-AS1	0.315978382
TRAF3IP3	1.322012195
TRAF4	11.29056454
TRAF5	2.28933002
TRAF6	4.689077669
TRAF6P1	0
TRAF7	15.2715797
TRAFD1	17.36087596
TRAIP	1.176640771
TRAJ1	0.350852493
TRAJ10	0
TRAJ11	0
TRAJ12	0
TRAJ13	0.345283406
TRAJ14	0.62748619
TRAJ16	0.362547577
TRAJ17	0
TRAJ18	0.164794353
TRAJ19	1.08764273
TRAJ2	0
TRAJ20	0.190814514
TRAJ21	0
TRAJ22	0.172641703
TRAJ23	0.345283406
TRAJ24	0
TRAJ25	0
TRAJ26	0
TRAJ27	0
TRAJ28	0
TRAJ29	0
TRAJ3	0.175426247
TRAJ30	0.190814514
TRAJ31	0
TRAJ32	0
TRAJ33	0
TRAJ34	0
TRAJ35	0.184346225
TRAJ36	0.562573826
TRAJ37	0.167329651
TRAJ38	0.350852493
TRAJ39	0.172641703
TRAJ4	0.172641703
TRAJ40	0.178302087
TRAJ41	0
TRAJ42	0.164794353
TRAJ43	0
TRAJ44	0
TRAJ45	0
TRAJ46	0
TRAJ47	0.190814514
TRAJ48	0
TRAJ49	0.388443832
TRAJ5	0.362547577
TRAJ50	0.181273788
TRAJ51	0
TRAJ52	0
TRAJ53	0
TRAJ54	0.181273788
TRAJ55	0.190814514
TRAJ56	0
TRAJ57	0
TRAJ58	0.172641703
TRAJ59	0
TRAJ6	0.350852493
TRAJ60	0
TRAJ61	0
TRAJ7	0.184346225
TRAJ8	0
TRAJ9	0.178302087
TRAK1	6.130853669
TRAK2	5.2292984
TRAM1	91.11461929
TRAM1L1	0.672048152
TRAM2	17.37740708
TRAM2-AS1	1.888209295
TRANK1	5.413399396
TRAP1	7.064371661
TRAPPC1	55.19020581
TRAPPC10	2.046673824
TRAPPC11	6.480049134
TRAPPC12	3.775337703
TRAPPC12-AS1	1.137952195
TRAPPC13	1.624752155
TRAPPC13P1	0.030724371
TRAPPC2	3.065061631
TRAPPC2B	5.936888693
TRAPPC2L	9.35085179
TRAPPC2P10	0
TRAPPC2P2	0
TRAPPC2P3	0
TRAPPC2P4	0
TRAPPC2P5	0
TRAPPC2P7	0
TRAPPC2P8	0
TRAPPC2P9	0
TRAPPC3	10.46320324
TRAPPC3L	0.063120362
TRAPPC4	7.746809404
TRAPPC5	0.074824601
TRAPPC6A	15.35289898
TRAPPC6B	5.861705689
TRAPPC8	3.837558622
TRAPPC9	7.381170109
TRAT1	0.748614854
TRAV10	0.143488487
TRAV11	0
TRAV1-1	0.221967904
TRAV1-2	0.459948418
TRAV12-1	0.863716285
TRAV12-2	1.148746254
TRAV12-3	0.708739623
TRAV13-1	0.604245961
TRAV13-2	0.689724658
TRAV14DV4	0.435057092
TRAV15	0
TRAV16	0.264472396
TRAV17	0.337079358
TRAV18	0.074157459
TRAV19	0.721989821
TRAV2	1.000131246
TRAV20	0.428627677
TRAV21	0.665903712
TRAV22	0.304727489
TRAV23DV6	0.558447367
TRAV24	0.317097006
TRAV25	0.215909227
TRAV26-1	0.891178401
TRAV26-2	0.133044982
TRAV27	0.460648686
TRAV28	0
TRAV29DV5	0.927627062
TRAV3	0.817303785
TRAV30	0.19364559
TRAV31	0
TRAV32	0
TRAV33	0.032178779
TRAV34	0
TRAV35	0.296629835
TRAV36DV7	0.427724669
TRAV37	0
TRAV38-1	0.123245635
TRAV38-2DV8	0
TRAV39	0.32859297
TRAV4	0.660846216
TRAV40	0.034310496
TRAV41	0.582665748
TRAV5	0.278090471
TRAV6	0.242296648
TRAV7	0
TRAV8-1	0.25294017
TRAV8-2	0.499623869
TRAV8-3	0.765496349
TRAV8-4	0.950817738
TRAV8-5	0.157629381
TRAV8-6	0.872440692
TRAV8-7	0
TRAV9-1	0
TRAV9-2	1.214626399
TRBC1	0.697999802
TRBC2	10.24011038
TRBJ2-1	1.08764273
TRBJ2-2	0.853053121
TRBJ2-2P	1.655108502
TRBJ2-3	1.553775328
TRBJ2-4	0
TRBJ2-5	0
TRBJ2-6	0
TRBJ2-7	1.619893427
TRBV1	0.114891838
TRBV10-1	0.131995477
TRBV10-2	0.082605777
TRBV10-3	0.443332634
TRBV11-1	0.05976059
TRBV11-2	1.013000582
TRBV11-3	0
TRBV12-1	0
TRBV12-2	0
TRBV12-3	0.505261904
TRBV12-4	0.321470758
TRBV12-5	0.105853307
TRBV13	0.465301703
TRBV14	0.160735379
TRBV15	0.31001693
TRBV16	0
TRBV17	0.063235042
TRBV18	1.016488532
TRBV19	0.985183632
TRBV2	0.955885534
TRBV20-1	5.05635361
TRBV20OR9-2	0.078435774
TRBV21-1	0.062508203
TRBV21OR9-2	0
TRBV22-1	0
TRBV22OR9-2	0
TRBV23-1	0.094032513
TRBV23OR9-2	0
TRBV24-1	0.08564116
TRBV24OR9-2	0
TRBV25OR9-2	0
TRBV26	0
TRBV26OR9-2	0.074241825
TRBV27	0.449671413
TRBV28	5.417769236
TRBV29-1	1.082231572
TRBV29OR9-2	0
TRBV30	0.729961564
TRBV3-1	0.611972891
TRBV4-1	0.641505095
TRBV4-2	0.143425415
TRBV5-1	1.634800422
TRBV5-2	0
TRBV5-3	0
TRBV5-4	0.419862083
TRBV5-5	0.248604053
TRBV5-6	0.566480588
TRBV5-7	0
TRBV6-1	0.922190843
TRBV6-4	0.089395293
TRBV6-5	0.848891887
TRBV6-6	0.420480437
TRBV6-7	0.063235042
TRBV6-8	0
TRBV7-1	0
TRBV7-3	0.273965423
TRBV7-4	0.031344171
TRBV7-5	0.063051752
TRBV7-6	0.332951856
TRBV7-7	0.062688342
TRBV7-9	2.726942867
TRBV8-1	0
TRBV8-2	0.080566128
TRBV9	0.613542053
TRBVA	0
TRBVB	0
TRDC	1.458451688
TRDD1	0
TRDD2	0
TRDD3	0
TRDJ1	0
TRDJ2	0
TRDJ3	0
TRDJ4	0
TRDMT1	0.671065756
TRDN	0.146101262
TRDN-AS1	0
TRDV1	0.417178033
TRDV2	0.020916206
TRDV3	0.025591594
TREH	0.068362208
TREHP1	0.070170499
TREM1	12.52962415
TREM2	13.85627039
TREML1	0.154015491
TREML2	0.332682967
TREML3P	0.289148374
TREML4	0.04010482
TREML5P	0
TRERF1	2.651586324
TRERNA1	0
TREX1	0
TREX2	0.100151264
TRG-AS1	0.350257828
TRGC1	0.139697231
TRGC2	0.424535983
TRGJ1	0
TRGJ2	0
TRGJP	0
TRGJP1	0
TRGJP2	0.906368941
TRGV1	0
TRGV10	0.339888353
TRGV11	0
TRGV2	0.099967163
TRGV3	0.283556764
TRGV4	0.126470085
TRGV5	0.348976277
TRGV5P	0
TRGV6	0.218256066
TRGV7	0.677850993
TRGV8	0
TRGV9	0.006268834
TRGVA	0.076325806
TRGVB	0
TRH	0.120971386
TRHDE	0.098297418
TRHDE-AS1	0.040874855
TRHR	0.00648178
TRIAP1	12.40003223
TRIAP1P1	0
TRIB1	13.89386049
TRIB2	10.38570793
TRIB3	8.763853911
TRIL	2.005582339
TRIM10	0.021470669
TRIM11	3.424416177
TRIM13	2.588535853
TRIM14	6.491252276
TRIM15	0.116764826
TRIM16	3.891601115
TRIM16L	0.615552018
TRIM17	2.538241771
TRIM2	8.105170026
TRIM21	11.73346045
TRIM22	12.65242863
TRIM23	2.432319398
TRIM24	5.299649168
TRIM25	9.810974698
TRIM26	17.77203748
TRIM26BP	0.028888253
TRIM27	8.554325051
TRIM28	158.522445
TRIM29	31.97465253
TRIM3	1.41344927
TRIM31	0.323062197
TRIM31-AS1	0.297170145
TRIM32	6.123025738
TRIM33	3.343359676
TRIM34	0.266856581
TRIM35	9.574517166
TRIM36	0.300689713
TRIM36-IT1	0
TRIM37	5.096961278
TRIM38	4.183952326
TRIM39	3.531107017
TRIM39-RPP21	0.031951902
TRIM4	11.8148555
TRIM40	0.021778989
TRIM41	2.161183398
TRIM42	0
TRIM43	0
TRIM43B	0.008110684
TRIM43CP	0
TRIM44	11.72228847
TRIM45	0.896408843
TRIM46	0.599847082
TRIM47	6.386699034
TRIM48	0
TRIM49	0
TRIM49B	0
TRIM49C	0
TRIM49D1	0
TRIM49D2	0
TRIM5	5.6827295
TRIM50	0
TRIM51	0
TRIM51BP	0.008003258
TRIM51CP	0
TRIM51DP	0
TRIM51EP	0
TRIM51FP	0
TRIM51GP	0
TRIM51HP	0
TRIM51JP	0
TRIM52	1.193390377
TRIM52-AS1	5.793598431
TRIM53AP	0
TRIM53BP	0
TRIM53CP	0.008032812
TRIM54	0.027545221
TRIM55	1.415594725
TRIM56	5.440647289
TRIM58	0.040470427
TRIM59	1.060676381
TRIM6	1.030601421
TRIM60	0
TRIM60P10Y	0
TRIM60P11Y	0
TRIM60P13	0
TRIM60P14	0.022994561
TRIM60P15	0
TRIM60P16	0
TRIM60P17	0.015127159
TRIM60P18	0.683060652
TRIM60P19	0
TRIM60P3Y	0
TRIM60P5Y	0
TRIM60P8Y	0
TRIM60P9Y	0
TRIM61	0.226878698
TRIM62	1.924107407
TRIM63	0.033817108
TRIM64	0.004041779
TRIM64B	0
TRIM64C	0
TRIM64DP	0.00810464
TRIM64EP	0
TRIM64FP	0.024423115
TRIM65	6.142703179
TRIM66	0.507821356
TRIM67	0.058312392
TRIM68	2.55781464
TRIM69	4.081741793
TRIM6-TRIM34	0
TRIM7	0.222330893
TRIM71	0.051345253
TRIM72	0.015354956
TRIM73	0.0156947
TRIM74	0.036969501
TRIM75P	0.007730226
TRIM77	0.008038749
TRIM77BP	0
TRIM8	39.38042504
TRIM80P	0
TRIM9	0.113080798
TRIML1	0
TRIML2	0.174736045
TRIO	19.06855234
TRIOBP	1.691276446
TRIP10	12.24758915
TRIP11	3.269639444
TRIP12	16.59531737
TRIP13	7.747926861
TRIP4	7.514622496
TRIP6	15.11827223
TRIQK	4.925449304
TRIR	41.25594891
TRIT1	8.670918195
TRMO	1.705345132
TRMT1	6.867280493
TRMT10A	0.598588486
TRMT10B	2.174526462
TRMT10BP1	0
TRMT10C	11.25664139
TRMT11	2.862643318
TRMT112	56.42355823
TRMT112P1	0
TRMT112P2	0
TRMT112P3	0
TRMT112P4	0
TRMT112P5	0
TRMT112P6	0.818655818
TRMT112P7	0
TRMT12	6.028461634
TRMT13	1.913177509
TRMT1L	4.381363635
TRMT2A	5.370973561
TRMT2B	5.356405749
TRMT2B-AS1	0
TRMT44	1.016672774
TRMT5	4.343309776
TRMT6	6.982113286
TRMT61A	4.03529263
TRMT61B	5.850840754
TRMT9B	0.062286603
TRMU	2.266030383
TRNAU1AP	2.457351006
TRNP1	1.546698416
TRNT1	2.300252022
TRO	2.895630138
TROAP	4.549724519
TROVE2	5.288845003
TRPA1	0.400809223
TRPC1	1.047038618
TRPC2	0.040011382
TRPC3	0.102325268
TRPC4	0.147433141
TRPC4AP	49.70925111
TRPC5	0.018627209
TRPC5OS	0.018465921
TRPC6	10.6446378
TRPC6P	0.012359576
TRPC7	0
TRPC7-AS1	0.023644407
TRPC7-AS2	0
TRPM1	0.00145914
TRPM2	2.457537264
TRPM2-AS	0.31319555
TRPM3	0.017479192
TRPM4	3.783033541
TRPM5	0.002745186
TRPM6	0.059156028
TRPM7	3.549632682
TRPM8	0.012386163
TRPS1	4.036419776
TRPT1	6.092767871
TRPV1	0.043549258
TRPV2	10.13963706
TRPV3	0.494888563
TRPV4	4.733661894
TRPV5	0.00885222
TRPV6	0.013681041
TRRAP	18.74863035
TRUB1	7.635547961
TRUB2	4.048694569
TSACC	0.17558358
TSC1	2.610737619
TSC2	2.328637118
TSC22D1	25.90150349
TSC22D1-AS1	0.094386121
TSC22D2	3.811779762
TSC22D3	19.1261723
TSC22D4	27.06078533
TSEN15	12.34116106
TSEN15P1	0.042238553
TSEN15P2	0.030381082
TSEN15P3	0
TSEN2	1.151553975
TSEN2P1	0
TSEN34	14.56741138
TSEN54	4.224100834
TSFM	6.721308659
TSG101	17.72129532
TSGA10	0.286105342
TSGA10IP	0.010549396
TSGA13	0.004814709
TSHB	0
TSHR	0.126126354
TSHZ1	2.722718728
TSHZ2	2.290957184
TSHZ3	5.239083598
TSIX	0.009693524
TSKS	0.109173674
TSKU	35.33324966
TSLP	1.132855342
TSN	30.70178252
TSNARE1	3.311030325
TSNAX	5.86257033
TSNAX-DISC1	0
TSNAXIP1	0.400948254
TSPAN1	8.499794621
TSPAN10	0.382795228
TSPAN11	5.43439092
TSPAN12	2.418777923
TSPAN13	40.81594524
TSPAN14	7.022129856
TSPAN15	17.22306515
TSPAN16	0.020902807
TSPAN17	7.589514657
TSPAN18	9.516642314
TSPAN19	0.005325056
TSPAN2	3.530851911
TSPAN3	21.43062797
TSPAN31	6.445065832
TSPAN32	0.197857496
TSPAN33	4.184458211
TSPAN4	5.232453468
TSPAN5	4.941967504
TSPAN6	14.87204535
TSPAN7	23.14825475
TSPAN8	1.239195964
TSPAN9	19.25930896
TSPAN9-IT1	0
TSPEAR	0.148392321
TSPEAR-AS1	0.826700843
TSPEAR-AS2	0.416941694
TSPO	45.29228384
TSPO2	0.132102356
TSPOAP1	0.615954091
TSPOAP1-AS1	0.317141035
TSPY1	0
TSPY10	0
TSPY11P	0
TSPY12P	0
TSPY13P	0
TSPY14P	0
TSPY15P	0
TSPY16P	0
TSPY17P	0
TSPY18P	0
TSPY19P	0
TSPY2	0
TSPY20P	0
TSPY21P	0
TSPY22P	0
TSPY23P	0
TSPY24P	0
TSPY25P	0
TSPY26P	3.852795155
TSPY3	0
TSPY4	0
TSPY5P	0
TSPY6P	0
TSPY7P	0
TSPY8	0
TSPY9P	0
TSPYL1	24.70250505
TSPYL2	6.482333084
TSPYL4	5.313316876
TSPYL5	7.253373359
TSPYL6	0.007042038
TSR1	10.77835311
TSR2	31.38139975
TSR3	17.42153399
TSSC2	0.180977105
TSSC4	7.57136778
TSSK1A	0.042486044
TSSK1B	0.004389196
TSSK2	0
TSSK3	0.148924153
TSSK4	0.610527104
TSSK5P	1.079248574
TSSK6	0.522277421
TST	9.759024596
TSTA3	22.72879023
TSTD1	9.375300555
TSTD2	2.062355746
TSTD3	0.655751334
TTBK1	0.117418447
TTBK2	1.31018974
TTC1	21.42734748
TTC12	1.150825295
TTC13	3.475705399
TTC14	2.085009576
TTC16	0.051223362
TTC17	8.47443715
TTC19	5.372583179
TTC21A	0.247932106
TTC21B	2.13113334
TTC21B-AS1	0.012755779
TTC22	1.393907115
TTC23	2.535120416
TTC23L	0.078612554
TTC24	0.096115476
TTC25	0.304539964
TTC26	1.401164069
TTC27	5.241857426
TTC28	3.792342266
TTC28-AS1	0.625359381
TTC29	0.003264234
TTC3	17.79137805
TTC30A	2.235356104
TTC30B	2.217524012
TTC31	4.592696332
TTC32	1.599152453
TTC33	9.889553917
TTC34	0.071895028
TTC36	0.097014713
TTC37	9.727224957
TTC38	5.094715525
TTC39A	0.611087455
TTC39A-AS1	0.035602053
TTC39B	1.215223364
TTC39C	2.08812878
TTC39C-AS1	0.25294017
TTC39CP1	0
TTC39DP	0
TTC3-AS1	0.118976415
TTC3P1	1.234128406
TTC4	0.551993333
TTC41P	0.063484431
TTC4P1	0.018784849
TTC5	1.641830602
TTC6	0.019512787
TTC7A	7.969890315
TTC7B	0.933302606
TTC8	1.795644782
TTC9	1.344699177
TTC9B	0.037152612
TTC9C	5.407512405
TTF1	3.305216009
TTF2	1.459306521
TTI1	9.888102691
TTI2	3.02437841
TTK	2.494048627
TTL	3.410463759
TTLL1	4.825676148
TTLL10	0.033100971
TTLL10-AS1	0
TTLL11	1.027645465
TTLL11-IT1	0.217114994
TTLL12	18.13600718
TTLL13P	0.022299185
TTLL2	0.04601157
TTLL3	0.770216849
TTLL4	4.841673101
TTLL5	3.032560032
TTLL6	0.002133888
TTLL7	0.481769093
TTLL7-IT1	0
TTLL8	0.016071559
TTLL9	0.036713679
TTN	0.066273159
TTN-AS1	0.186943531
TTPA	0.022763557
TTPAL	5.337849115
TTR	0.005005259
TTTY1	0
TTTY10	0
TTTY11	0
TTTY12	0
TTTY13	0
TTTY14	0
TTTY15	0.00205837
TTTY16	0
TTTY17A	0
TTTY17B	0
TTTY17C	0
TTTY18	0
TTTY19	0
TTTY1B	0
TTTY2	0
TTTY20	0
TTTY21	0
TTTY21B	0
TTTY22	0
TTTY23	0
TTTY23B	0
TTTY23B	0
TTTY25P	0
TTTY2B	0
TTTY3	0
TTTY3B	0
TTTY4	0
TTTY4B	0
TTTY4C	0
TTTY5	0
TTTY6	0
TTTY6B	0
TTTY7	0
TTTY7B	0
TTTY8	0
TTTY8B	0
TTTY9B	0
TTYH1	0.044625975
TTYH2	1.367900438
TTYH3	49.13291607
TUB	1.529042517
TUBA1A	64.72761863
TUBA1B	101.7253316
TUBA1C	49.26215991
TUBA3C	0
TUBA3D	0.251832171
TUBA3E	0.042320729
TUBA3FP	0.122105421
TUBA3GP	0
TUBA4A	8.289976089
TUBA4B	0.03969499
TUBA8	0.023897671
TUBAL3	0.006049181
TUBAP	0
TUBAP2	0.458522663
TUBAP4	0
TUB-AS1	0
TUBB	554.9633078
TUBB1	0.108888717
TUBB1P1	0
TUBB1P2	0
TUBB2A	25.02145087
TUBB2B	3.023983888
TUBB2BP1	0.049949149
TUBB3	1.723533174
TUBB3P1	0.04082743
TUBB3P2	0.046881152
TUBB4A	0.51149961
TUBB4AP1	0
TUBB4B	100.5051953
TUBB4BP1	0
TUBB4BP2	0
TUBB4BP3	0
TUBB4BP4	0
TUBB4BP5	0
TUBB4BP6	0
TUBB4BP7	0
TUBB6	42.89544572
TUBB7P	0.016668854
TUBB8	0.138646172
TUBB8P1	0.13464628
TUBB8P10	0.008503852
TUBB8P11	0.020560354
TUBB8P12	0.126383639
TUBB8P2	0.065917741
TUBB8P3	0
TUBB8P4	0
TUBB8P5	0
TUBB8P6	0
TUBB8P7	0.083800535
TUBB8P8	0.041120708
TUBB8P9	0
TUBBP1	1.526400186
TUBBP10	0.016720103
TUBBP11	0
TUBBP2	0.291096594
TUBBP5	1.347521966
TUBBP6	0.76755568
TUBBP8	0
TUBBP9	0.049483291
TUBD1	2.6750132
TUBE1	0.719063959
TUBG1	14.616186
TUBG1P	0.032036605
TUBG2	3.923675071
TUBGCP2	9.755859953
TUBGCP3	2.814473274
TUBGCP4	1.185882056
TUBGCP5	2.404298223
TUBGCP6	4.935343327
TUFM	49.85627836
TUFMP1	0.008074556
TUFT1	5.309199813
TUG1	34.19037664
TULP1	0.125016406
TULP2	0.043699931
TULP3	11.5123957
TULP3P1	0
TULP4	3.324459463
TUNAR	0.003127207
TUSC1	6.397586622
TUSC2	5.379446585
TUSC3	26.95006841
TUSC5	0.012098362
TUSC7	0.268311383
TUSC8	0
TUT1	2.898959554
TVP23A	0.216251632
TVP23B	3.369428859
TVP23BP1	0
TVP23BP2	0
TVP23C	0.330195125
TVP23C-CDRT4	0.087798089
TVP23CP1	0.017021013
TVP23CP2	0.01745815
TWF1	16.90382686
TWF1P1	0.062210261
TWF2	19.21859933
TWIST1	5.804684514
TWIST2	2.994202829
TWISTNB	6.740282816
TWNK	5.562232204
TWSG1	20.52174603
TXK	0.291332874
TXLNA	16.05354701
TXLNB	0.374517448
TXLNG	11.68850135
TXLNGY	0.000956001
TXN	71.79203938
TXN2	30.46991316
TXNDC11	13.45108949
TXNDC12	17.15659028
TXNDC12-AS1	0.055633899
TXNDC15	10.01292367
TXNDC16	6.474446382
TXNDC17	7.481855247
TXNDC2	0.038477927
TXNDC5	4.822122428
TXNDC8	0.005094345
TXNDC9	15.71983633
TXNIP	121.963005
TXNL1	4.415841035
TXNL1P1	0
TXNL4A	5.083705743
TXNL4B	10.69801272
TXNP1	0.058633031
TXNP2	0
TXNP3	0
TXNP4	0.210511496
TXNP5	0.138113363
TXNP6	0.140340997
TXNP7	0
TXNRD1	11.42932857
TXNRD2	1.918288516
TXNRD3	2.746947509
TXNRD3NB	0
TYK2	14.23747297
TYMP	37.65991369
TYMS	7.292050042
TYMSOS	0.289740891
TYMSP1	0
TYMSP2	0
TYR	0.003606242
TYRL	0
TYRO3	0.992741057
TYRO3P	0.00402086
TYROBP	69.70746624
TYRP1	0.270384319
TYSND1	4.256404766
TYW1	63.34610202
TYW1B	0.397266682
TYW3	4.422672018
TYW5	0.758531324
U2AF1	0.06460081
U2AF1L4	1.585121057
U2AF1L5	0
U2AF2	56.90895653
U2SURP	9.594891071
U40455.1	0.025147809
U47924.1	0.025060892
U47924.2	0.723773193
U47924.3	0.141558707
U51244.1	0
U52111.1	0.21012417
U52112.1	0
U62317.1	4.295149633
U62317.2	1.553775328
U62317.3	6.347762832
U62317.4	0.097110958
U62317.5	0.300453793
U62631.1	0.275036093
U73023.1	0
U73166.1	0.132588828
U73169.1	0.088908125
U73479.1	0
U82695.1	0.031075507
U85056.1	0
U91319.1	0
U91324.1	0
U91328.1	0.197513813
U91328.2	0
U91328.3	0.042075154
U95743.1	0
UACA	5.950434116
UAP1	17.38899273
UAP1L1	3.711943672
UBA1	89.65744683
UBA2	26.3699714
UBA3	9.146688616
UBA5	4.683857661
UBA52	77.73892311
UBA52P3	0.256250905
UBA52P5	0.463923439
UBA52P6	0.911114329
UBA52P7	0.143110885
UBA52P8	1.132961177
UBA52P9	0.151482274
UBA6	5.4629501
UBA6-AS1	1.340287992
UBA7	7.542904035
UBAC1	10.07685107
UBAC2	20.25950199
UBAC2-AS1	0.319353032
UBALD1	2.791987002
UBALD2	17.05607798
UBAP1	21.94511467
UBAP1L	0.160547076
UBAP2	6.167268086
UBAP2L	29.25893757
UBASH3A	0.893760121
UBASH3B	1.25046928
UBB	293.4756654
UBBP1	1.172722605
UBBP2	0.188336403
UBBP3	0.045130404
UBBP5	0.408888244
UBC	188.1192223
UBD	50.09960577
UBDP1	0
UBE2A	12.51325127
UBE2B	15.14635865
UBE2C	43.25198227
UBE2CP1	0.058897621
UBE2CP2	0.063978984
UBE2CP3	0
UBE2CP4	0
UBE2D1	7.64407541
UBE2D2	22.12294675
UBE2D3	20.46958956
UBE2D3P1	0.293957495
UBE2D3P2	0.171089868
UBE2D3P3	0.051183187
UBE2D3P4	0
UBE2D4	1.728504996
UBE2DNL	0.014697875
UBE2E1	25.68733317
UBE2E1-AS1	0.055919935
UBE2E2	9.544280887
UBE2E2-AS1	0.040888824
UBE2E3	20.79069503
UBE2F	6.179904892
UBE2FP1	0.851621824
UBE2FP2	0.02354205
UBE2FP3	0.062269622
UBE2F-SCLY	0.006808405
UBE2G1	12.12725238
UBE2G2	8.041018665
UBE2H	25.92850425
UBE2HP1	0.030212298
UBE2I	7.968255601
UBE2J1	20.061811
UBE2J2	6.232248239
UBE2K	13.48718458
UBE2L2	0
UBE2L3	27.76067791
UBE2L4	0.093762304
UBE2L5	0.210511496
UBE2L6	71.6101597
UBE2M	46.77279549
UBE2MP1	2.709219163
UBE2N	12.61832122
UBE2NL	0.018356839
UBE2NP1	0
UBE2O	7.064972243
UBE2Q1	22.18153378
UBE2Q1-AS1	0.226592235
UBE2Q2	12.13292007
UBE2Q2L	0.065389342
UBE2Q2P1	0.40858919
UBE2Q2P10	0
UBE2Q2P11	0.053055743
UBE2Q2P12	0
UBE2Q2P2	0.615646828
UBE2Q2P4Y	0
UBE2Q2P5Y	0
UBE2Q2P6	0.071398866
UBE2Q2P8	0
UBE2Q2P9	0
UBE2QL1	0.760871217
UBE2R2	19.1665336
UBE2R2-AS1	0.033621104
UBE2S	10.61114858
UBE2SP1	0.71534051
UBE2SP2	0.284494074
UBE2T	15.29848647
UBE2U	0.005917534
UBE2V1	2.280031459
UBE2V1P1	0.073324229
UBE2V1P10	0
UBE2V1P11	0.038162903
UBE2V1P12	0
UBE2V1P13	0
UBE2V1P14	0
UBE2V1P15	0
UBE2V1P2	0.197753224
UBE2V1P3	0
UBE2V1P4	0
UBE2V1P5	0
UBE2V1P6	0
UBE2V1P7	0
UBE2V1P8	0
UBE2V1P9	0
UBE2V2	8.754157423
UBE2V2P1	0
UBE2V2P2	0
UBE2V2P3	0.049777699
UBE2V2P4	0.041993928
UBE2W	3.612313973
UBE2WP1	0
UBE2Z	24.74183974
UBE3A	5.469643066
UBE3AP2	0
UBE3B	4.781854931
UBE3C	9.810018374
UBE3D	0.38273321
UBE4A	6.399163201
UBE4B	7.196934802
UBFD1	6.477398923
UBFD1P1	0
UBIAD1	4.340298024
UBL3	11.15429223
UBL4A	19.92495312
UBL4B	0.095665463
UBL5	32.83768573
UBL5P1	0
UBL5P2	0.099328103
UBL5P3	0
UBL5P4	0
UBL7	17.7715629
UBL7-AS1	0.871386281
UBLCP1	12.5509744
UBN1	6.700622033
UBN2	1.103174794
UBOX5	3.526000914
UBOX5-AS1	0.053657757
UBP1	8.364596649
UBQLN1	14.85288702
UBQLN1P1	0
UBQLN2	24.62238009
UBQLN3	0
UBQLN4	13.03600672
UBQLN4P1	0.19929045
UBQLN4P2	0
UBQLNL	0.065832245
UBR1	2.85057049
UBR2	7.345279521
UBR3	3.301946278
UBR4	7.501759521
UBR5	12.30694555
UBR5-AS1	1.944363436
UBR7	10.22278169
UBTD1	12.48302734
UBTD2	14.38548367
UBTF	17.65766897
UBTFL1	0.027605145
UBTFL10	0.019353073
UBTFL11	0
UBTFL2	0.009132181
UBTFL3	0
UBTFL5	0
UBTFL6	0.021243022
UBTFL7	0
UBTFL8	0
UBTFL9	0
UBXN1	26.45222721
UBXN10	0.355323958
UBXN10-AS1	0.21326328
UBXN11	2.286731845
UBXN2A	3.243652708
UBXN2B	4.045869523
UBXN4	41.14829889
UBXN6	16.3259813
UBXN7	9.701222151
UBXN7-AS1	0.084531818
UBXN8	1.83245993
UCA1	0.823183275
UCHL1	4.651793621
UCHL1-AS1	0
UCHL3	3.7510828
UCHL5	5.107561115
UCK1	7.80124696
UCK2	6.642412526
UCKL1	9.448633752
UCKL1-AS1	0.138899405
UCMA	0
UCN	0.164172488
UCN2	2.379447971
UCN3	0.108764273
UCP1	0.044636501
UCP2	31.66495238
UCP3	0.224377979
UEVLD	5.245928669
UFC1	37.87139461
UFD1	6.545029567
UFL1	7.730194858
UFL1-AS1	0
UFM1	13.33863996
UFSP1	0.556925494
UFSP2	9.202529101
UGCG	15.06909559
UGDH	14.90971307
UGDH-AS1	0.433183864
UGGT1	18.41392846
UGGT2	2.738761465
UGP2	31.13722697
UGT1A1	0.002434839
UGT1A10	0.67525491
UGT1A11P	0
UGT1A12P	0
UGT1A13P	0
UGT1A2P	0
UGT1A3	0
UGT1A4	0
UGT1A5	0
UGT1A6	0.136480265
UGT1A7	0.002610134
UGT1A8	0.131041293
UGT1A9	0
UGT2A1	0.00661382
UGT2A2	0
UGT2A3	0
UGT2A3P7	0
UGT2B10	0
UGT2B11	0
UGT2B15	0.029784831
UGT2B17	0.429401559
UGT2B24P	0
UGT2B25P	0
UGT2B26P	0.00674298
UGT2B27P	0
UGT2B28	0.008382603
UGT2B29P	0.01117824
UGT2B4	0.056807374
UGT2B7	0.057776506
UGT3A1	0.071783138
UGT3A2	4.493490565
UGT8	1.701250067
UHMK1	11.545764
UHRF1	6.650581201
UHRF1BP1	5.080349771
UHRF1BP1L	3.329015308
UHRF2	2.436477614
UHRF2P1	0.004556526
UIMC1	5.193786658
ULBP1	0.418856685
ULBP2	5.32936875
ULBP3	2.609021528
ULK1	6.436077247
ULK2	2.470760077
ULK3	6.05689552
ULK4	0.287657448
ULK4P1	0
ULK4P2	0.006958687
ULK4P3	0.007314342
UMAD1	3.144326404
UMOD	0
UMODL1	0.095643219
UMODL1-AS1	0.055880757
UMPS	4.107182336
UNC119	4.33954178
UNC119B	10.61262945
UNC13A	0.132923331
UNC13B	5.327597581
UNC13C	0.002424707
UNC13D	3.40940639
UNC45A	11.26228081
UNC45B	0.042134425
UNC50	12.46643416
UNC5A	0.3620482
UNC5B	17.32660498
UNC5B-AS1	0.153839141
UNC5C	2.137622585
UNC5CL	1.061284041
UNC5D	0.007039108
UNC79	0.046068141
UNC80	0.089799145
UNC93A	0.004029799
UNC93B1	9.052449213
UNC93B2	0.074496077
UNC93B3	0.015831772
UNC93B4	0.014560144
UNC93B5	0.046679945
UNC93B6	0
UNC93B7	0
UNC93B8	0.015427556
UNCX	0
UNG	18.04122611
UNGP1	0
UNGP3	0.741208379
UNK	4.890978159
UNKL	0.876616238
UOX	0
UPB1	0.017612351
UPF1	13.90412113
UPF2	8.05142908
UPF3A	2.274401897
UPF3AP1	0
UPF3AP2	0.029555509
UPF3AP3	0.070717993
UPF3B	5.758361351
UPK1A	0.605130655
UPK1A-AS1	0.232577691
UPK1B	2.289521545
UPK2	0.108174232
UPK3A	0.062091878
UPK3B	1.202131438
UPK3BL1	0.113464964
UPK3BP1	0.192314039
UPP1	8.340891373
UPP2	0.014712786
UPP2-IT1	0
UPRT	1.905781066
UQCC1	3.802419511
UQCC2	5.534475481
UQCC3	4.422233784
UQCR10	49.16145138
UQCR11	15.36655628
UQCRB	8.44588446
UQCRBP1	0.129481277
UQCRBP2	0.036620967
UQCRBP3	0.034860344
UQCRC1	39.20017663
UQCRC2	17.29137205
UQCRC2P1	0
UQCRFS1	16.65110596
UQCRFS1P1	0.079583614
UQCRFS1P2	0
UQCRFS1P3	0
UQCRH	34.32099892
UQCRHL	0.468983562
UQCRHP1	0.07938998
UQCRHP2	0.075530745
UQCRHP3	0
UQCRHP4	0
UQCRQ	29.49639794
URAD	0
URAHP	0.330011256
URB1	5.061937283
URB1-AS1	4.005038211
URB2	3.666557644
URGCP	4.311676926
URGCP-MRPS24	0.068405203
URI1	11.46910448
URM1	7.884793213
UROC1	0.019603053
UROD	14.23510395
UROS	4.230722285
USB1	14.69929739
USE1	7.717744586
USF1	18.68920341
USF1P1	0.020677618
USF2	19.83981579
USF3	1.929382248
USH1C	0.155250797
USH1G	0.13756021
USH2A	0.003712815
USHBP1	0.350988089
USO1	20.85675836
USP1	9.320100614
USP10	30.01876816
USP11	33.49006576
USP12	5.177556248
USP12-AS1	0.040583684
USP12-AS2	0
USP12PX	0
USP12PY	0.010222206
USP13	2.802870779
USP14	11.87923135
USP15	2.372111938
USP16	7.518373348
USP17L1	0
USP17L10	0
USP17L11	0
USP17L12	0
USP17L13	0
USP17L14P	0
USP17L15	0
USP17L16P	0
USP17L17	0
USP17L18	0
USP17L19	0
USP17L2	0.005694465
USP17L20	0
USP17L21	0
USP17L22	0
USP17L23	0
USP17L24	0
USP17L25	0
USP17L26	0
USP17L27	0
USP17L28	0
USP17L29	0
USP17L3	0
USP17L30	0
USP17L4	0
USP17L5	0
USP17L6P	0
USP17L7	0
USP17L8	0
USP17L9P	0
USP18	6.891639466
USP19	8.462395624
USP2	0.699849443
USP20	3.873040403
USP21	6.047917729
USP22	37.42046953
USP24	5.278430125
USP24P1	0
USP25	6.164652772
USP26	0.002623987
USP27X	2.048158387
USP27X-AS1	0.380049873
USP28	4.840095729
USP29	0
USP2-AS1	0.105064186
USP3	3.673105664
USP30	2.694219186
USP30-AS1	1.177174296
USP31	3.191335828
USP32	5.138778803
USP32P1	0.032589608
USP32P2	0.038832323
USP32P3	0.167932485
USP33	5.691336631
USP34	9.292819483
USP35	1.39878379
USP36	5.22680935
USP37	1.312430032
USP38	4.874628389
USP39	15.70641968
USP3-AS1	0.07202932
USP4	8.238579259
USP40	4.679934072
USP41	0.04099156
USP42	2.875978372
USP43	1.167477595
USP44	0.296850132
USP45	0.715998816
USP46	2.690747854
USP46-AS1	1.691658062
USP47	18.61606099
USP48	5.103228392
USP49	1.656212672
USP5	29.76323564
USP50	0
USP51	1.374669844
USP53	1.776634819
USP54	4.351487021
USP6	0.041498347
USP6NL	1.965905427
USP7	11.78541219
USP8	1.944044784
USP8P1	0.013668146
USP9X	24.39445071
USP9Y	0
USP9YP1	0
USP9YP10	0
USP9YP11	0
USP9YP12	0
USP9YP13	0
USP9YP14	0
USP9YP15	0
USP9YP16	0
USP9YP17	0
USP9YP18	0
USP9YP19	0
USP9YP2	0
USP9YP20	0
USP9YP21	0
USP9YP22	0
USP9YP23	0
USP9YP24	0
USP9YP25	0
USP9YP26	0
USP9YP27	0
USP9YP28	0
USP9YP29	0
USP9YP3	0
USP9YP30	0
USP9YP31	0
USP9YP32	0
USP9YP33	0
USP9YP34	0
USP9YP35	0
USP9YP36	0
USP9YP4	0
USP9YP5	0
USP9YP6	0
USP9YP7	0
USP9YP8	0
USP9YP9	0
USPL1	2.54455343
UST	4.409684528
UST-AS1	0
UTF1	0
UTP11	6.96605447
UTP14A	6.732899697
UTP14C	4.400536781
UTP15	2.090627933
UTP18	10.12495051
UTP20	3.54265115
UTP23	4.628487245
UTP3	12.4346998
UTP4	16.8842127
UTP6	6.810835636
UTRN	4.562379733
UTS2	0.04858259
UTS2B	0.059325967
UTS2R	0.040075266
UTY	0
UVRAG	4.076947953
UVSSA	0.859835057
UXS1	7.723301001
UXT	31.42176221
UXT-AS1	0.161914452
VAC14	13.29457933
VAC14-AS1	0.038099993
VAMP1	1.661845176
VAMP2	9.774806295
VAMP3	32.47953398
VAMP4	3.577688917
VAMP5	29.69437294
VAMP7	17.68286043
VAMP8	110.0496689
VANGL1	3.462645415
VANGL2	14.70761826
VAPA	7.929354951
VAPB	10.80655511
VARS	20.05548089
VARS2	3.147829633
VASH1	6.01365059
VASH1-AS1	0.342285829
VASH2	0.640423575
VASN	8.073983628
VASP	25.74581124
VAT1	45.0683607
VAT1L	1.006930543
VAV1	4.090345132
VAV2	8.728706173
VAV3	5.471870589
VAV3-AS1	0
VAX1	0.031945277
VAX2	0.872389984
VBP1	25.70350931
VCAM1	18.78426781
VCAN	49.52437542
VCAN-AS1	0.086812989
VCL	47.73349578
VCP	68.3286844
VCPIP1	3.913194573
VCPKMT	2.847453959
VCX	1.103106844
VCX2	0.026690619
VCX3A	0.109310827
VCX3B	0.037026135
VCY	0
VCY1B	0
VDAC1	59.83926267
VDAC1P1	0.153911707
VDAC1P10	0
VDAC1P11	0.025531519
VDAC1P12	0
VDAC1P13	0
VDAC1P2	0.051183187
VDAC1P3	0.012780761
VDAC1P4	0
VDAC1P5	0.051547049
VDAC1P6	0.012720968
VDAC1P7	0
VDAC1P8	0.184238547
VDAC1P9	0
VDAC2	28.19330005
VDAC2P1	0
VDAC2P2	0
VDAC2P3	0.026271564
VDAC2P4	0
VDAC3	25.74537948
VDAC3P1	0
VDR	13.00225702
VEGFA	6.363361906
VEGFB	39.91543222
VEGFC	2.858432959
VEGFD	1.262938609
VENTX	0.235388155
VENTXP1	0
VENTXP2	0
VENTXP3	0
VENTXP4	0
VENTXP5	0
VENTXP6	0
VENTXP7	0
VEPH1	0.881199709
VEZF1	10.98711758
VEZF1P1	0.021174096
VEZT	6.503251493
VGF	0.012067042
VGLL1	8.977816692
VGLL2	0
VGLL3	4.449618391
VGLL4	10.515741
VHL	9.461691442
VHLL	0.016089389
VIL1	0.009430428
VILL	0.833030874
VIM	239.1455821
VIM2P	0
VIM-AS1	1.294032766
VIP	0.013732863
VIPAS39	7.038034551
VIPR1	1.020769788
VIPR1-AS1	0.043949389
VIPR2	0.039573366
VIRMA	8.003580239
VIT	11.46568926
VKORC1	10.38001345
VKORC1L1	35.206879
VLDLR	2.335071928
VLDLR-AS1	0.078881939
VMA21	9.64593699
VMAC	1.331807424
VMO1	3.995698696
VMP1	18.13576628
VN1R1	0.827403522
VN1R104P	0
VN1R105P	0
VN1R107P	0.676524186
VN1R108P	0.170353681
VN1R10P	0
VN1R110P	0.022402528
VN1R11P	0.012530446
VN1R12P	0.223488232
VN1R13P	0.024579497
VN1R17P	0
VN1R2	0
VN1R20P	0.033777725
VN1R21P	0
VN1R25P	0
VN1R28P	0
VN1R3	0
VN1R31P	0
VN1R32P	0
VN1R33P	0
VN1R34P	0
VN1R35P	0
VN1R36P	0
VN1R37P	0
VN1R38P	0
VN1R4	0
VN1R40P	0
VN1R42P	0.189705127
VN1R46P	0
VN1R48P	0.031495446
VN1R5	0
VN1R51P	0
VN1R53P	0
VN1R54P	0
VN1R64P	0
VN1R65P	0
VN1R66P	0
VN1R67P	0
VN1R68P	0
VN1R69P	0
VN1R6P	0
VN1R70P	0
VN1R71P	0
VN1R74P	0
VN1R76P	0
VN1R78P	0
VN1R79P	0
VN1R7P	0
VN1R80P	0.128715116
VN1R81P	1.549598513
VN1R82P	0
VN1R83P	0.415503964
VN1R84P	0
VN1R85P	0.025531519
VN1R87P	0
VN1R88P	0
VN1R8P	0
VN1R90P	0
VN1R91P	0
VN1R92P	0
VN1R93P	0
VN1R96P	0
VN1R9P	0
VN2R10P	0.012750794
VN2R17P	0
VN2R19P	0.041355237
VN2R1P	0
VN2R3P	0
VN2R9P	0
VNN1	0.840419366
VNN2	1.867126904
VNN3	0.169679053
VOPP1	59.56080825
VPREB1	0
VPREB3	3.24509798
VPS11	8.002192828
VPS13A	1.232187842
VPS13A-AS1	0.020956507
VPS13B	3.935840436
VPS13C	3.064435682
VPS13D	3.224958741
VPS16	13.1655208
VPS18	10.63198302
VPS25	19.6083344
VPS25P1	0
VPS26A	21.2982718
VPS26AP1	0
VPS26B	13.67648239
VPS26BP1	0.014405864
VPS26C	5.93929408
VPS28	20.78612518
VPS29	11.80114379
VPS33A	2.77751246
VPS33B	3.182683362
VPS33B-DT	0.025375158
VPS35	16.5588102
VPS35L	3.083528943
VPS35P1	0
VPS36	8.02267286
VPS37A	4.80172461
VPS37B	4.207695627
VPS37C	8.882415626
VPS37D	1.090318358
VPS39	8.388415259
VPS41	8.684689865
VPS45	5.266261189
VPS4A	17.48860453
VPS4B	12.57783829
VPS50	15.04223471
VPS51	14.16744958
VPS52	10.27983002
VPS53	2.90502977
VPS54	15.84783691
VPS72	8.368507428
VPS8	4.335461855
VPS9D1	8.192221494
VPS9D1-AS1	5.72051681
VRK1	3.305736285
VRK2	9.59010147
VRK3	2.907856583
VRTN	0
VSIG1	0.825327197
VSIG10	0.944360454
VSIG10L	0.946027089
VSIG2	2.331748031
VSIG4	23.80707033
VSIG8	0.101704766
VSIR	9.724730725
VSNL1	9.514391006
VSTM1	0.156636217
VSTM2A	0.003645526
VSTM2A-OT1	0
VSTM2B	0.007309427
VSTM2L	7.745082225
VSTM4	3.452034147
VSTM5	0.251494422
VSX1	0.02260624
VSX2	0.010894585
VTA1	5.632916974
VTA1P1	0.087915694
VTA1P2	0.011938998
VTCN1	3.215858088
VTI1A	2.2223718
VTI1B	11.54528342
VTI1BP1	0.341830572
VTI1BP2	0.015627051
VTI1BP3	0
VTI1BP4	0
VTN	0.219590003
VTRNA1-1	0
VTRNA1-2	0.488828193
VTRNA1-3	0.488828193
VTRNA2-1	0
VTRNA2-2P	0
VTRNA3-1P	0
VWA1	8.578741768
VWA2	3.710044573
VWA3A	0.010792248
VWA3B	0.047135113
VWA5A	5.690462509
VWA5B1	0.006822285
VWA5B2	0.108194827
VWA7	0.334843281
VWA8	3.22032303
VWA8-AS1	0.085999658
VWA8P1	0
VWC2	0.028878026
VWC2L	0.002079623
VWC2L-IT1	0
VWCE	0.225383495
VWDE	0.122338859
VWF	27.29626321
VWFP1	0.217004741
WAC	8.405404391
WAC-AS1	5.576802172
WAPL	9.694661639
WARS	34.52299139
WARS2	2.462533968
WARS2-IT1	0.042238553
WARS2P1	0
WARSP1	0
WAS	7.103252603
WASF1	5.104580909
WASF1P1	0
WASF2	38.07707661
WASF3	2.147051417
WASF3-AS1	0
WASF4P	0.036400359
WASF5P	0
WASH2P	0.812606637
WASH3P	1.665467387
WASH4P	0.497557268
WASH6P	0.767803226
WASH7P	0.861419482
WASHC1	2.155044708
WASHC2A	6.309972262
WASHC2C	4.663778453
WASHC3	5.184444327
WASHC4	6.290186325
WASHC5	15.1665231
WASHC5-AS1	0.092644185
WASIR1	0
WASIR2	0.030957573
WASL	10.90340378
WBP1	3.52881624
WBP11	21.11029614
WBP11P1	0.021957794
WBP1L	29.34425024
WBP1LP1	0.01213887
WBP1LP10	0
WBP1LP11	0
WBP1LP12	0
WBP1LP2	0.310426572
WBP1LP3	0
WBP1LP4	0
WBP1LP5	0
WBP1LP6	0
WBP1LP7	0
WBP1LP8	0
WBP2	17.71775849
WBP2NL	0.123195778
WBP2P1	0
WBP4	3.785809425
WDCP	2.502115456
WDFY1	23.25339143
WDFY2	1.708318272
WDFY3	3.097226568
WDFY3-AS1	0
WDFY3-AS2	0.205149443
WDFY4	1.955500261
WDHD1	5.519126773
WDPCP	0.935616581
WDR1	43.48486514
WDR11	5.31426433
WDR11-AS1	0.034385592
WDR12	3.444162128
WDR13	9.067828085
WDR17	0.055719402
WDR18	15.07102739
WDR19	1.533462251
WDR20	1.999255946
WDR24	2.568299219
WDR25	1.152622807
WDR26	13.25801309
WDR27	0.631733136
WDR3	3.784255726
WDR31	0.657039395
WDR33	5.103267431
WDR34	9.665150832
WDR35	1.966806723
WDR36	5.443896213
WDR37	4.720938652
WDR38	0.047050154
WDR4	3.181891258
WDR41	4.938770514
WDR43	13.09384904
WDR44	5.966245816
WDR45	8.7885417
WDR45B	23.9668309
WDR45BP1	0
WDR45P1	0.120625811
WDR46	17.55591539
WDR47	4.694347662
WDR48	5.09977781
WDR49	0.025157503
WDR5	11.76955911
WDR53	6.409647472
WDR54	4.875377551
WDR55	4.439849736
WDR59	6.073114414
WDR5B	2.359483019
WDR6	17.81158513
WDR60	1.44051077
WDR61	5.347813339
WDR62	1.083748357
WDR63	0.08317431
WDR64	0.019819365
WDR66	0.722845401
WDR7	1.571794132
WDR70	7.263827919
WDR72	4.616010558
WDR73	0.360438428
WDR74	4.722423343
WDR75	8.257153451
WDR76	2.611089339
WDR77	7.204421361
WDR78	0.14601409
WDR7-OT1	0
WDR81	8.293739708
WDR82	23.65803388
WDR82P1	0.01158299
WDR82P2	0.023440576
WDR83	2.557803877
WDR83OS	19.66438399
WDR86	1.791221706
WDR86-AS1	0.98000305
WDR87	0.001182349
WDR88	0.448999715
WDR89	4.897612167
WDR90	0.925126149
WDR91	8.406151204
WDR92	0.194650452
WDR93	0.139030044
WDR95P	0
WDR97	0.070350483
WDSUB1	5.659817671
WDTC1	13.40956599
WDYHV1	4.433215442
WEE1	2.516917584
WEE2	0.003553227
WEE2-AS1	0.08691209
WFDC1	0.355325513
WFDC10A	0
WFDC10B	0.172641703
WFDC11	0
WFDC12	0.392954793
WFDC13	0.047564551
WFDC2	32.83390353
WFDC21P	1.949641654
WFDC3	1.008500327
WFDC5	7.803107323
WFDC6	0
WFDC8	0
WFDC9	0
WFIKKN1	0.026756279
WFIKKN2	0.010955857
WFS1	8.553166514
WHAMM	3.462707968
WHAMMP2	0.230370475
WHAMMP3	0.07481378
WHRN	1.069587311
WIF1	2.200088123
WIPF1	9.559951501
WIPF2	8.629641011
WIPF3	0.401701519
WIPI1	17.77889835
WIPI2	7.59786962
WISP1	12.92495315
WISP2	0.665992838
WISP3	0.353263098
WIZ	11.43219703
WIZP1	0.014192815
WLS	12.7382458
WNK1	22.26299461
WNK2	0.313156719
WNK3	0.072054435
WNK4	0.213724254
WNT1	0.06459645
WNT10A	2.327019908
WNT10B	0.595741929
WNT11	1.408816697
WNT16	0.446930775
WNT2	4.390384796
WNT2B	2.711963243
WNT3	0.7955301
WNT3A	1.116577291
WNT4	9.225862784
WNT5A	17.86645626
WNT5A-AS1	4.481088046
WNT5B	3.910966192
WNT6	0.689755812
WNT7A	0.755340441
WNT7B	18.85017711
WNT8A	0
WNT8B	0.030898941
WNT9A	0.662829364
WNT9B	0.029546588
WRAP53	2.401067005
WRAP73	1.813691454
WRB	2.442206057
WRBP1	0
WRN	4.077212363
WRNIP1	13.57800055
WSB1	12.69717309
WSB2	17.85562523
WSCD1	0.118560483
WSCD2	0.235542577
WSPAR	0
WT1	0.774809919
WT1-AS	0.10170369
WTAP	12.0816026
WTAPP1	1.149355271
WTIP	1.303618971
WWC1	3.574022507
WWC2	4.440716704
WWC2-AS1	0
WWC2-AS2	0.418515755
WWC3	6.768336188
WWC3-AS1	0.037634697
WWOX	8.930869078
WWOX-AS1	0
WWP1	8.383912708
WWP1P1	0.007855852
WWP2	8.81093162
WWTR1	8.52350947
WWTR1-AS1	0.04596262
WWTR1-IT1	0.096464987
XAB2	9.470614738
XACT	0
XAF1	3.160165271
XAGE1A	0
XAGE1B	0
XAGE2	0.070397588
XAGE3	0.078814691
XAGE5	0
XBP1	0
XBP1P1	0.150134733
XCL1	1.670848378
XCL2	1.212769769
XCR1	0.537480305
XDH	0.844963459
XG	14.1542547
XGY1	0
XIAP	7.767155006
XIAP-AS1	0.022565202
XIAPP1	0
XIAPP2	0
XIAPP3	0.013681041
XIRP1	0.45914097
XIRP2	0.003338632
XIRP2-AS1	0
XIST	3.977636775
XK	0.13579865
XKR3	0.006435756
XKR4	0.006563597
XKR5	0.218350061
XKR6	0.557497809
XKR7	0.012479328
XKR8	3.168160923
XKR9	0.069631417
XKRX	0.325776737
XKRY	0
XKRY2	0
XKRYP1	0
XKRYP2	0
XKRYP3	0
XKRYP4	0
XKRYP5	0
XKRYP6	0
XPA	3.447465499
XPC	7.476126975
XPNPEP1	11.86475009
XPNPEP2	0.431949541
XPNPEP3	2.134615301
XPO1	22.29258847
XPO4	2.315125239
XPO5	10.77304891
XPO6	10.75480837
XPO7	14.79156331
XPOT	19.61272109
XPOTP1	0.063498742
XPR1	16.62066645
XRCC1	10.19724016
XRCC2	1.730187899
XRCC3	0.891035405
XRCC4	2.259825702
XRCC5	64.04210816
XRCC6	108.9660558
XRCC6P1	0.024102886
XRCC6P2	0.101481484
XRCC6P3	0
XRCC6P4	0
XRCC6P5	0.006059291
XRN1	4.932607739
XRN2	49.99928755
XRRA1	1.43167588
XXYLT1	9.915264005
XXYLT1-AS1	0.302823962
XXYLT1-AS2	0.152602934
XYLB	0.537409097
XYLT1	3.397153819
XYLT2	9.367800046
YAE1D1	3.255730865
YAF2	1.473069035
YAP1	34.39480106
YAP1P1	0.054655414
YAP1P2	0
YARS	10.42081466
YARS2	10.94213062
YBEY	2.600230544
YBX1	156.4796667
YBX1P1	0.70243593
YBX1P10	2.688429722
YBX1P2	0.402830641
YBX1P3	0
YBX1P4	0.053843699
YBX1P5	0
YBX1P6	0.119401896
YBX1P7	0
YBX1P8	0
YBX1P9	0
YBX2	0.117761231
YBX2P1	0.014311089
YBX3	32.01408792
YBX3P1	0.169632352
YDJC	8.464266397
YEATS2	10.98932402
YEATS2-AS1	0.53534234
YEATS4	10.70509501
YES1	8.684080775
YES1P1	0.040085113
YIF1A	26.79493731
YIF1B	10.86961463
YIPF1	11.89854938
YIPF2	20.17624778
YIPF3	47.0789344
YIPF4	3.586651493
YIPF5	24.18322622
YIPF6	6.888403955
YIPF7	0.017997398
YJEFN3	0.830710567
YKT6	38.83474284
YLPM1	8.291118953
YME1L1	18.52773812
YME1L1P1	0
YOD1	2.328399403
YPEL1	0.369240053
YPEL2	3.801165142
YPEL3	7.211061041
YPEL4	0.543821365
YPEL5	33.78019294
YPEL5P1	0
YPEL5P2	0.030296455
YPEL5P3	0
YRDC	7.9518239
YRDCP1	0.016915128
YRDCP2	0.016941476
YRDCP3	0
YTHDC1	9.538527751
YTHDC2	2.566257624
YTHDF1	25.49584805
YTHDF1P1	0.026431172
YTHDF2	17.86620177
YTHDF2P1	0.966983701
YTHDF3	17.21203885
YTHDF3-AS1	0.318112776
YWHAB	105.228148
YWHABP1	0
YWHABP2	0.183053475
YWHAE	134.8399914
YWHAEP1	0.01425482
YWHAEP2	0
YWHAEP3	0
YWHAEP4	0
YWHAEP5	0.21326328
YWHAEP7	0.010890949
YWHAG	65.62691212
YWHAH	68.06967463
YWHAQ	89.26848751
YWHAQP5	0.015740126
YWHAQP6	0
YWHAQP7	0.03305905
YWHAQP9	0
YWHAZ	141.0350332
YWHAZP1	0
YWHAZP2	0.956169433
YWHAZP3	1.105327977
YWHAZP4	2.473311857
YWHAZP5	2.637161139
YWHAZP6	0.353704953
YWHAZP7	0
YWHAZP8	0
YY1	13.13278704
YY1AP1	11.69852078
YY1P1	0.016282077
YY1P2	0
YY2	0.297603811
Z68323.1	0
Z68694.1	0
Z68868.1	0
Z68871.1	0.537581579
Z69666.1	0.067892805
Z69706.1	0.497094483
Z69720.1	0.023043278
Z69720.2	0.03898361
Z69733.1	0.206514442
Z69890.1	0.096251569
Z69908.1	0
Z70280.1	0
Z73361.1	0
Z73417.1	0.111839869
Z73429.1	0.063051752
Z73495.1	0
Z73965.1	0.056820691
Z74021.1	0.641361806
Z74696.1	0
Z74696.2	0
Z75741.1	0
Z75741.2	0
Z75746.1	0
Z77249.1	0
Z80107.1	0
Z80107.2	0
Z82170.1	0
Z82173.1	0.022471957
Z82180.1	0
Z82185.1	0.019811343
Z82186.1	0.019938455
Z82188.1	0.282504605
Z82188.2	0.103585022
Z82190.1	0
Z82195.1	0
Z82195.2	0.000606402
Z82196.1	0.042486044
Z82196.2	0.019811343
Z82198.1	0
Z82198.2	0
Z82198.3	0
Z82202.1	0
Z82205.1	0
Z82206.1	0.050705955
Z82209.1	0
Z82209.2	0
Z82210.1	0
Z82214.1	0
Z82214.2	0
Z82217.1	0.013346947
Z82243.1	0.505880339
Z82246.1	0.023799622
Z82249.1	0
Z83313.1	0
Z83818.1	0
Z83820.1	0
Z83836.1	0
Z83838.1	0.0117583
Z83839.1	0
Z83839.2	0
Z83841.1	0.022471957
Z83843.1	0.864801411
Z83844.1	0.005364452
Z83844.2	0.078287909
Z83846.1	0
Z83847.1	0.014868663
Z83851.1	3.791781994
Z83851.2	1.485399783
Z84468.1	0.002997087
Z84478.1	0.035689671
Z84480.1	0
Z84484.1	0.24102886
Z84485.1	0.200726956
Z84488.1	0
Z84492.1	0.334798511
Z84492.2	0
Z84721.1	0
Z84723.1	0.056281642
Z85994.1	0.0179479
Z85994.2	0
Z85995.1	0
Z85996.1	0.011607713
Z86062.1	0.013997976
Z86062.2	0
Z92544.1	0.017074454
Z92544.2	0.18055971
Z92544.3	0
Z92545.1	0
Z92846.1	0.081167368
Z93015.1	0
Z93019.1	0
Z93022.1	0.027995952
Z93241.1	0.016380162
Z93242.1	0
Z93242.2	0
Z93403.1	0.116414359
Z93929.1	0.007373849
Z93929.2	0
Z93930.1	0.088787162
Z93930.2	0.281159345
Z93930.3	0.348510354
Z94057.1	0
Z94160.1	0
Z94160.2	0
Z94721.1	0.056500921
Z94721.2	0.01433804
Z94722.1	0
Z95114.1	0
Z95114.2	0.00986524
Z95114.3	0.152870139
Z95114.4	0.003039806
Z95115.1	1.220386527
Z95118.1	0
Z95152.1	0.198959036
Z95327.1	0.005806955
Z95327.2	0
Z95331.1	0.030118179
Z95624.1	0
Z96811.1	0.10070766
Z97055.1	0
Z97055.2	0.098826699
Z97056.1	0.01956192
Z97180.1	0.121093826
Z97192.1	0.013965623
Z97192.2	0.032002939
Z97192.3	0.073118839
Z97198.1	0
Z97200.1	0.191467669
Z97205.1	0.048555479
Z97205.2	0
Z97206.1	0.045508064
Z97206.2	0
Z97353.1	0.301077572
Z97633.1	0.098518363
Z97634.1	0.033232209
Z97652.1	0.099177149
Z97653.1	0.097546433
Z97653.2	0.015340518
Z97832.1	0.033159839
Z97832.2	0.130180191
Z97985.1	0.01149728
Z97986.1	0
Z97987.1	0
Z97989.1	0.157238726
Z98043.1	0
Z98048.1	0
Z98200.1	0.046282669
Z98257.1	0.00824284
Z98259.1	0
Z98742.1	0
Z98742.2	0.058162713
Z98742.3	0
Z98747.1	0
Z98749.1	0
Z98749.2	0.364336308
Z98751.1	0
Z98751.2	0
Z98751.3	0
Z98752.1	0
Z98752.2	0.069720688
Z98752.3	0
Z98755.1	0
Z98884.1	0.013104129
Z98884.2	0.55350775
Z98885.1	0.093560665
Z98885.2	0.034704618
Z98885.3	0.05571306
Z98941.1	0
Z98949.1	0
Z98949.2	0
Z98949.3	0
Z99127.1	0
Z99127.2	0
Z99127.3	0
Z99129.1	0.085305312
Z99129.2	0
Z99129.3	0.005074538
Z99129.4	2.608555869
Z99289.1	0.079284758
Z99289.2	0.022530145
Z99289.3	0
Z99496.1	0
Z99497.1	0
Z99497.2	0
Z99714.1	0.013477605
Z99716.1	0
Z99755.1	0
Z99755.2	0
Z99756.1	0
Z99758.1	0
Z99774.1	0.012487287
Z99916.1	0.180521615
Z99916.2	0.132639357
Z99916.3	0
Z99943.1	0.030296455
Z99943.2	0
ZACN	0.042929943
ZACNP1	0
ZADH2	2.000078576
ZAN	0
ZAP70	1.466221563
ZAR1	0.022348823
ZAR1L	0.020862712
ZBBX	0.008214824
ZBED1	28.66756326
ZBED1P1	0.028177273
ZBED2	4.856976621
ZBED3	1.698085134
ZBED3-AS1	0.204053949
ZBED4	7.577049743
ZBED5	13.3326279
ZBED5-AS1	8.134150139
ZBED6	2.103628997
ZBED6CL	14.05443555
ZBED8	1.699325564
ZBED9	1.029002651
ZBP1	1.092673455
ZBTB1	8.156805783
ZBTB10	3.55591887
ZBTB11	3.376150976
ZBTB11-AS1	1.023010661
ZBTB12	3.080204211
ZBTB12BP	0.087244069
ZBTB14	3.196930451
ZBTB16	0.122897484
ZBTB17	4.943130991
ZBTB18	4.201876291
ZBTB2	6.180908199
ZBTB20	0.086706631
ZBTB20-AS1	0.021378727
ZBTB20-AS2	0
ZBTB20-AS3	0
ZBTB20-AS4	0.032226451
ZBTB20-AS5	0
ZBTB21	2.899211394
ZBTB22	12.25591551
ZBTB24	2.778721234
ZBTB25	0.930308525
ZBTB26	1.383846832
ZBTB3	1.585333489
ZBTB32	0.376944773
ZBTB33	9.693183371
ZBTB34	2.240814041
ZBTB37	0.635352334
ZBTB38	6.584896667
ZBTB39	3.312286368
ZBTB4	19.87213152
ZBTB40	2.988840286
ZBTB40-IT1	0.159361572
ZBTB41	3.393008329
ZBTB42	2.336830346
ZBTB43	2.6574141
ZBTB44	5.176949844
ZBTB45	7.446120502
ZBTB45P1	0.052290516
ZBTB45P2	0
ZBTB46	1.726927806
ZBTB46-AS1	0.020406055
ZBTB47	5.019668245
ZBTB48	1.939544997
ZBTB49	1.129431703
ZBTB5	6.245659678
ZBTB6	3.501859934
ZBTB7A	5.762131702
ZBTB7B	7.014196084
ZBTB7C	1.136279473
ZBTB8A	0.948516699
ZBTB8B	0.037288671
ZBTB8OS	2.057619211
ZBTB8OSP1	0
ZBTB8OSP2	0
ZBTB9	0.003608635
ZC2HC1A	2.104527549
ZC2HC1B	0
ZC2HC1C	0.101712225
ZC3H10	0.867389937
ZC3H11A	15.99395453
ZC3H11B	0.044648716
ZC3H12A	16.46642939
ZC3H12B	0.204219544
ZC3H12C	3.858619335
ZC3H12D	0.588002307
ZC3H13	7.040804617
ZC3H14	1.35067422
ZC3H15	20.25277774
ZC3H18	9.479143448
ZC3H3	10.01354269
ZC3H4	11.98715442
ZC3H6	0.755627415
ZC3H7A	4.831064301
ZC3H7B	15.79226242
ZC3H8	2.228019652
ZC3HAV1	6.972271974
ZC3HAV1L	2.519012825
ZC3HC1	4.175738942
ZC4H2	0.639171448
ZCCHC10	6.332894362
ZCCHC11	2.007563283
ZCCHC12	0.102377845
ZCCHC13	0
ZCCHC14	10.6586044
ZCCHC17	12.73351639
ZCCHC18	0.24711859
ZCCHC2	2.678991032
ZCCHC23	0
ZCCHC24	10.88288726
ZCCHC3	10.205163
ZCCHC4	1.238429563
ZCCHC6	4.712523889
ZCCHC7	4.037791897
ZCCHC8	2.534495429
ZCCHC9	2.592353064
ZCRB1	17.08390584
ZCWPW1	2.294604915
ZCWPW2	0.176577576
ZDBF2	1.618841548
ZDHHC1	3.388669161
ZDHHC11	0.253413091
ZDHHC11B	0.377528881
ZDHHC12	7.132289444
ZDHHC13	2.41963029
ZDHHC14	0.513454216
ZDHHC15	0.202537576
ZDHHC16	11.09197703
ZDHHC17	2.748769808
ZDHHC18	6.320572817
ZDHHC19	0.040249937
ZDHHC2	4.781752224
ZDHHC20	17.0873473
ZDHHC20-IT1	0.197753224
ZDHHC20P1	0.154275565
ZDHHC20P2	0
ZDHHC20P3	0
ZDHHC20P4	0.14041068
ZDHHC21	0.912715255
ZDHHC22	0.208403837
ZDHHC23	0.3093184
ZDHHC24	2.657486465
ZDHHC3	8.657973471
ZDHHC4	8.537246279
ZDHHC4P1	0.010508625
ZDHHC5	38.62744423
ZDHHC6	5.934443389
ZDHHC7	34.44799028
ZDHHC8	8.327080661
ZDHHC8P1	1.517176766
ZDHHC9	16.77206079
ZEB1	3.300649902
ZEB1-AS1	0.420180433
ZEB2	3.315965814
ZEB2-AS1	0.036484475
ZEB2P1	0
ZER1	10.80673852
ZFAND1	5.549197601
ZFAND2A	3.604813256
ZFAND2B	4.121896917
ZFAND3	29.16370075
ZFAND4	0.411880109
ZFAND5	19.8267724
ZFAND6	9.86329221
ZFAND6P1	0
ZFAS1	23.05725002
ZFAT	1.97364383
ZFAT-AS1	0
ZFC3H1	6.125441888
ZFHX2	0.222296648
ZFHX2-AS1	0.089623297
ZFHX3	2.834221842
ZFHX4	0.179575105
ZFHX4-AS1	0
ZFP1	6.500986058
ZFP14	0.859873618
ZFP2	0.28828092
ZFP28	2.607597712
ZFP3	1.828058756
ZFP30	1.734864263
ZFP36	65.70768989
ZFP36L1	88.40258931
ZFP36L2	32.76170593
ZFP37	0.609381196
ZFP41	1.26708017
ZFP42	0.024570242
ZFP57	0.131590093
ZFP62	5.353990659
ZFP64	5.428109779
ZFP64P1	0
ZFP69	0.954366311
ZFP69B	0.902570245
ZFP82	1.033159161
ZFP90	6.432829203
ZFP91	10.27009773
ZFP91-CNTF	0.02249985
ZFP92	0.691245502
ZFPL1	4.184142829
ZFPM1	1.032459547
ZFPM2	1.752818444
ZFPM2-AS1	0.530797175
ZFR	18.66863802
ZFR2	0.003659632
ZFRP1	0
ZFX	10.11578748
ZFX-AS1	0.026082559
ZFY	0.001967872
ZFY-AS1	0
ZFYVE1	8.217790621
ZFYVE16	3.837734228
ZFYVE19	3.265886832
ZFYVE21	2.544746935
ZFYVE26	3.659870003
ZFYVE27	4.468847533
ZFYVE28	0.5865405
ZFYVE9	4.019915546
ZFYVE9P1	0
ZFYVE9P2	0
ZG16	0.003472678
ZG16B	0.16324844
ZGLP1	0.250547071
ZGPAT	2.24051141
ZGRF1	0.397874359
ZHX1	6.689462628
ZHX1-C8orf76	0.348785954
ZHX2	9.165165835
ZHX3	3.907502277
ZIC1	0.001598065
ZIC2	1.803975404
ZIC3	0.023667274
ZIC4	0.001269424
ZIC4-AS1	0
ZIC5	0.792462261
ZIK1	4.72339424
ZIK1P1	0
ZIM2	0.007675672
ZIM2-AS1	0.025352977
ZIM3	0
ZKSCAN1	20.78104861
ZKSCAN2	0.85291933
ZKSCAN3	2.342857016
ZKSCAN4	3.32933164
ZKSCAN5	7.835840868
ZKSCAN7	1.120422476
ZKSCAN7P1	0
ZKSCAN8	6.278566822
ZMAT1	0.231598132
ZMAT2	39.41804529
ZMAT3	6.189167472
ZMAT4	0.020627199
ZMAT5	2.99441639
ZMIZ1	11.88058695
ZMIZ1-AS1	0.277622834
ZMIZ2	9.775298331
ZMPSTE24	15.29155036
ZMYM1	1.549913418
ZMYM2	4.09084011
ZMYM3	10.61379523
ZMYM4	7.832677537
ZMYM4-AS1	0.02369592
ZMYM5	2.486961157
ZMYM6	0.813095441
ZMYND10	0.130224123
ZMYND10-AS1	0
ZMYND11	14.15782489
ZMYND12	0.173428226
ZMYND15	1.024089885
ZMYND19	4.897143488
ZMYND19P1	0.069100555
ZMYND8	9.194682014
ZNF10	0.971635357
ZNF100	0.657981083
ZNF101	1.837055098
ZNF101P1	0
ZNF101P2	0.035399275
ZNF106	5.505924041
ZNF107	1.518629894
ZNF112	1.743959367
ZNF114	0.718753213
ZNF114P1	0
ZNF117	0.609389201
ZNF12	6.318060561
ZNF121	4.363470833
ZNF123P	0
ZNF124	1.242469888
ZNF131	5.152126317
ZNF132	0.952166667
ZNF133	3.555986367
ZNF134	12.86415895
ZNF135	2.806382612
ZNF136	2.135188032
ZNF137P	0.970248073
ZNF138	1.942491752
ZNF14	2.471077073
ZNF140	2.297124113
ZNF141	0.69871199
ZNF142	4.374519586
ZNF143	3.563809275
ZNF146	28.69949702
ZNF148	4.654419663
ZNF154	5.203093962
ZNF155	1.618553454
ZNF157	0.112611844
ZNF16	2.861889787
ZNF160	4.38072997
ZNF165	2.405512634
ZNF169	0.368308832
ZNF17	2.870891097
ZNF174	2.136711204
ZNF175	1.958815733
ZNF177	0
ZNF18	3.278816728
ZNF180	2.458168076
ZNF181	1.312253277
ZNF182	2.280198865
ZNF184	5.14905815
ZNF185	7.623896358
ZNF189	4.761803154
ZNF19	0.354883969
ZNF192P1	0.231687209
ZNF192P2	0
ZNF195	1.613651063
ZNF197	2.240540809
ZNF197-AS1	0.349162995
ZNF2	2.098529891
ZNF20	0.070796417
ZNF200	1.537611754
ZNF202	2.750776954
ZNF204P	3.82058898
ZNF205	3.104216375
ZNF207	10.83383929
ZNF208	0.025341901
ZNF209P	0
ZNF211	6.852149197
ZNF212	5.175019148
ZNF213	2.579416562
ZNF213-AS1	0.946209334
ZNF214	0.162279688
ZNF215	0.337777245
ZNF217	15.71899774
ZNF219	3.172223443
ZNF22	10.93611761
ZNF221	0.752583118
ZNF222	1.976544951
ZNF223	0.56848854
ZNF224	1.226353922
ZNF225	1.214679882
ZNF226	1.940535642
ZNF227	2.654200151
ZNF229	1.493656501
ZNF23	0.27612722
ZNF230	1.170882456
ZNF232	2.300632975
ZNF233	0.263117718
ZNF234	2.38404606
ZNF235	0.577509414
ZNF236	1.502892909
ZNF236-DT	0.436736849
ZNF239	0.615565036
ZNF24	9.564459078
ZNF248	0.931114094
ZNF25	1.996403597
ZNF250	1.78735906
ZNF251	2.977309112
ZNF252P	2.494397078
ZNF252P-AS1	0.063860358
ZNF253	2.453645209
ZNF254	2.739852443
ZNF256	6.872742433
ZNF257	0.062719505
ZNF259P1	0.002207067
ZNF26	0.467629549
ZNF260	5.798202926
ZNF263	2.876889409
ZNF264	6.116037597
ZNF266	5.682917775
ZNF267	3.589409924
ZNF268	1.091886813
ZNF271P	4.750477028
ZNF273	0.761802467
ZNF274	5.128223071
ZNF275	4.852230927
ZNF276	2.747297376
ZNF277	2.742138621
ZNF28	2.350429803
ZNF280A	0.400017578
ZNF280B	0.583446301
ZNF280C	1.002208558
ZNF280D	1.01919054
ZNF281	10.0898583
ZNF282	9.70987938
ZNF283	0.919283038
ZNF284	0.752425791
ZNF285	0.074452677
ZNF285B	0.09848491
ZNF286A	1.046739376
ZNF286B	0.247695659
ZNF287	1.515867742
ZNF292	2.880662531
ZNF295-AS1	0.247372888
ZNF296	1.122567038
ZNF299P	0
ZNF29P	0.258962555
ZNF3	15.29597851
ZNF30	1.176793773
ZNF300	0.828492308
ZNF300P1	0.239997916
ZNF302	2.822856528
ZNF304	9.23870967
ZNF30-AS1	0
ZNF311	1.010247498
ZNF316	4.741006771
ZNF317	7.165772535
ZNF317P1	0
ZNF318	5.488846666
ZNF319	10.09772193
ZNF32	17.60981439
ZNF320	1.360366251
ZNF321P	0.464606036
ZNF322	1.388846024
ZNF322P1	0.035984871
ZNF324	3.285587413
ZNF324B	2.825395513
ZNF326	2.077453065
ZNF329	6.33806195
ZNF32-AS1	0.476156955
ZNF32-AS2	0.540816827
ZNF32-AS3	0
ZNF330	11.38250712
ZNF331	3.031550776
ZNF333	0.968583742
ZNF334	2.653753201
ZNF335	4.682604918
ZNF337	0.813669424
ZNF337-AS1	0.344242612
ZNF33A	2.955126598
ZNF33B	1.543674947
ZNF33BP1	0.01186088
ZNF33CP	0
ZNF34	2.799872374
ZNF341	1.323428207
ZNF341-AS1	0.123771577
ZNF343	3.996378412
ZNF345	0.785086141
ZNF346	2.079658314
ZNF346-IT1	0.189790007
ZNF347	1.200683246
ZNF35	2.777307759
ZNF350	2.218896602
ZNF350-AS1	0.138893472
ZNF354A	4.089270935
ZNF354B	1.389282313
ZNF354C	1.74272084
ZNF355P	0
ZNF358	14.00497492
ZNF362	10.94173157
ZNF365	0.618564586
ZNF366	0.634800285
ZNF367	1.196228016
ZNF37A	2.338895128
ZNF37BP	0.966110108
ZNF37CP	0.045130404
ZNF382	0.260426913
ZNF383	1.205620372
ZNF384	6.446923032
ZNF385A	15.41654023
ZNF385B	0.628825458
ZNF385C	1.032921235
ZNF385D	0.124192402
ZNF385D-AS1	0
ZNF385D-AS2	0
ZNF391	1.99573666
ZNF394	11.28603882
ZNF395	19.20150157
ZNF396	0.373809795
ZNF397	1.990473606
ZNF398	4.373256399
ZNF402P	0.00701705
ZNF404	1.074919196
ZNF407	1.662246436
ZNF408	3.547736519
ZNF41	3.016935415
ZNF410	0.425899413
ZNF414	2.389816875
ZNF415	1.20561456
ZNF415P1	0.009327982
ZNF416	6.28123232
ZNF417	4.069605171
ZNF418	1.389456942
ZNF419	2.427094853
ZNF420	2.44942658
ZNF423	2.480652308
ZNF425	0.634237014
ZNF426	3.585016092
ZNF426-DT	0.31434761
ZNF428	6.689937811
ZNF429	0.985635873
ZNF43	0.486666362
ZNF430	1.2807013
ZNF431	0.92355737
ZNF432	2.698662412
ZNF433	1.035009158
ZNF433-AS1	0.269602442
ZNF436	8.023593908
ZNF436-AS1	0.704612239
ZNF438	2.090150078
ZNF439	0.983828934
ZNF44	1.25435121
ZNF440	3.008913604
ZNF441	0.925458431
ZNF442	0.120867589
ZNF443	0.845461475
ZNF444	3.859862098
ZNF444P1	0.109494235
ZNF445	2.464559628
ZNF446	2.306518403
ZNF449	1.016221537
ZNF45	4.310462082
ZNF451	2.501790294
ZNF454	0.294178349
ZNF460	1.148153524
ZNF460-AS1	0.353704953
ZNF461	1.107305158
ZNF462	2.02552276
ZNF467	1.046269341
ZNF468	2.438494588
ZNF469	5.839725471
ZNF470	1.202089815
ZNF471	2.488606098
ZNF473	3.798392775
ZNF474	0.17023173
ZNF479	0
ZNF48	2.518659847
ZNF480	4.207980867
ZNF483	0.037910168
ZNF484	1.241170071
ZNF485	1.052703852
ZNF486	0.775976038
ZNF487	0.448084324
ZNF488	1.630219652
ZNF490	0.362473903
ZNF491	0.584715584
ZNF492	0.033308258
ZNF493	0.210467694
ZNF496	5.244563462
ZNF497	0.773099913
ZNF500	1.384578448
ZNF501	1.137713239
ZNF502	0.993599683
ZNF503	12.55322338
ZNF503-AS1	0.073130012
ZNF503-AS2	1.299453679
ZNF506	1.292658343
ZNF507	3.509024413
ZNF510	1.599960847
ZNF511	2.591524099
ZNF512	5.445632767
ZNF512B	8.54834447
ZNF513	5.399122895
ZNF514	2.450508719
ZNF516	3.405749962
ZNF517	2.167908832
ZNF518A	2.03826904
ZNF518B	2.466520377
ZNF519	0.138478614
ZNF519P1	0
ZNF519P2	0
ZNF519P3	0
ZNF519P4	0
ZNF521	2.668858185
ZNF524	6.917727656
ZNF525	2.169247193
ZNF526	5.352903343
ZNF527	0.777370503
ZNF528	0.869604152
ZNF528-AS1	0.635329768
ZNF529	2.119925203
ZNF529-AS1	1.001469751
ZNF530	2.37292048
ZNF532	14.04079327
ZNF534	0.003316995
ZNF536	0.050406337
ZNF540	0.184474719
ZNF541	0.046730085
ZNF542P	1.69060032
ZNF543	5.38619466
ZNF544	7.107051161
ZNF546	0.411775476
ZNF547	1.222378741
ZNF548	6.463732464
ZNF549	2.671341503
ZNF550	4.301822631
ZNF551	8.580574944
ZNF552	4.832350435
ZNF554	1.38596096
ZNF555	0.755007341
ZNF556	0.666747825
ZNF557	1.54706244
ZNF558	1.977532236
ZNF559	2.035018638
ZNF559-ZNF177	0.063589963
ZNF560	0.011505389
ZNF561	5.077460029
ZNF561-AS1	0.733032447
ZNF562	2.588032789
ZNF563	0.844288877
ZNF564	0.273261978
ZNF565	1.004274213
ZNF566	1.45332295
ZNF567	1.961624906
ZNF568	0.782567991
ZNF569	1.405088694
ZNF57	2.360376358
ZNF570	1.426159775
ZNF571	0.687006043
ZNF571-AS1	0.095407257
ZNF572	0.830261626
ZNF573	0.454634197
ZNF574	6.137445732
ZNF575	0.600870285
ZNF576	2.690205086
ZNF577	0.910730678
ZNF578	0.021180968
ZNF579	5.351424933
ZNF580	7.543198278
ZNF581	17.89347717
ZNF582	0.480510818
ZNF582-AS1	0.411136427
ZNF583	0.778622649
ZNF584	3.284116035
ZNF585A	0.690518669
ZNF585B	1.581396168
ZNF586	4.842861832
ZNF587	4.584377111
ZNF587B	3.779434326
ZNF587P1	0
ZNF589	2.4487229
ZNF592	7.252734406
ZNF593	0.867445122
ZNF594	1.324246982
ZNF595	0.530962126
ZNF596	0.480703751
ZNF597	0.495190142
ZNF598	5.735516543
ZNF599	0.755396363
ZNF600	1.63008932
ZNF602P	0.105939227
ZNF603P	0
ZNF605	1.097289228
ZNF606	2.856219611
ZNF607	1.734721316
ZNF608	2.941443499
ZNF609	6.802256999
ZNF610	0.653321775
ZNF611	1.670721485
ZNF613	1.89896995
ZNF614	3.99282571
ZNF615	2.329394086
ZNF616	4.180675387
ZNF618	3.884887215
ZNF619	1.175829978
ZNF619P1	0
ZNF620	0.758235169
ZNF621	2.148205056
ZNF622	26.82937422
ZNF623	6.654315721
ZNF624	1.611164279
ZNF625	0.088827446
ZNF625-ZNF20	0.005977701
ZNF626	0.356956689
ZNF627	3.839574936
ZNF628	2.996595524
ZNF629	5.97872938
ZNF630	0.819578444
ZNF630-AS1	0.027396542
ZNF638	6.689430032
ZNF639	10.21835508
ZNF641	4.766940168
ZNF644	6.53100566
ZNF646	3.09477497
ZNF646P1	0.010931083
ZNF648	0.00298066
ZNF649	2.890413669
ZNF649-AS1	0.112709091
ZNF652	3.082683197
ZNF652P1	0
ZNF653	1.110377461
ZNF654	2.851612634
ZNF655	16.34765474
ZNF658	0.76581906
ZNF658B	0.139548721
ZNF66	0.198804753
ZNF660	0.789889469
ZNF662	0.658592343
ZNF663P	0.086149919
ZNF664	15.94237206
ZNF665	0.254632077
ZNF667	2.459233051
ZNF667-AS1	6.887305023
ZNF668	1.047564408
ZNF669	2.905873758
ZNF670	2.263649613
ZNF670-ZNF695	0.061237314
ZNF671	4.985542411
ZNF672	10.44613827
ZNF674	0.534791283
ZNF674-AS1	1.031114619
ZNF675	1.256760354
ZNF676	0.018472193
ZNF677	0.356031959
ZNF678	1.23465445
ZNF679	0
ZNF680	1.614135021
ZNF680P1	0
ZNF681	0.199214229
ZNF682	0.164197272
ZNF683	0.594340289
ZNF684	0.644210896
ZNF687	7.280645143
ZNF688	1.565082989
ZNF689	2.552390729
ZNF69	1.072428348
ZNF691	3.488362979
ZNF692	2.538478959
ZNF695	0.350385437
ZNF696	1.539833177
ZNF697	3.868564599
ZNF699	2.146465779
ZNF7	2.532128616
ZNF70	2.115908083
ZNF700	2.434825394
ZNF701	1.524151394
ZNF702P	0.624898528
ZNF703	19.69383551
ZNF704	2.440818706
ZNF705A	0.011555301
ZNF705B	0
ZNF705CP	0
ZNF705D	0
ZNF705E	0.006281506
ZNF705G	0
ZNF706	9.415546423
ZNF707	2.1178692
ZNF708	1.239947825
ZNF709	0.036203945
ZNF70P1	0
ZNF71	4.438710524
ZNF710	6.78234263
ZNF710-AS1	1.547885759
ZNF711	1.421499491
ZNF713	4.790575857
ZNF714	1.4433302
ZNF716	0
ZNF717	0.223195495
ZNF718	0.570497401
ZNF720	0.864263783
ZNF720P1	0
ZNF721	1.599975221
ZNF723	0
ZNF724	0.916736798
ZNF725P	0
ZNF726	0.108954511
ZNF727	0.038867519
ZNF728	0.024809369
ZNF729	0
ZNF72P	0
ZNF730	0.122281316
ZNF732	0.049596112
ZNF733P	0
ZNF734P	0
ZNF735	0
ZNF736	1.537426752
ZNF736P10Y	0
ZNF736P11Y	0
ZNF736P12Y	0
ZNF736P1Y	0
ZNF736P2Y	0
ZNF736P3Y	0
ZNF736P4Y	0
ZNF736P5Y	0
ZNF736P6Y	0
ZNF736P7Y	0
ZNF736P8Y	0
ZNF736P9Y	0
ZNF737	0.451775872
ZNF738	0.348157084
ZNF74	3.147569506
ZNF740	3.619475309
ZNF746	2.886335186
ZNF747	1.94814056
ZNF749	3.478870514
ZNF750	2.709586655
ZNF75A	1.988323681
ZNF75BP	0
ZNF75D	1.998557472
ZNF76	3.85457123
ZNF761	4.466856862
ZNF763	0.302016786
ZNF764	1.827295688
ZNF765	1.45471334
ZNF766	3.923521013
ZNF767P	1.157585856
ZNF768	8.755637507
ZNF77	2.195815441
ZNF770	4.973280877
ZNF771	0.216100738
ZNF772	4.142891106
ZNF773	1.678685546
ZNF774	0.189133033
ZNF775	1.630831376
ZNF776	6.749176166
ZNF777	7.899118866
ZNF778	1.343995673
ZNF780A	1.308391091
ZNF780B	1.349965588
ZNF781	0.195456946
ZNF782	0.41886717
ZNF783	2.317264394
ZNF784	7.213956881
ZNF785	1.17286191
ZNF786	4.90785897
ZNF787	8.269166055
ZNF788	0.564743198
ZNF789	2.452607502
ZNF79	2.060001
ZNF790	1.734127853
ZNF791	3.926779985
ZNF792	1.261295655
ZNF793	0.337878519
ZNF793-AS1	0.50224229
ZNF799	0.537904416
ZNF8	3.183809568
ZNF80	0.066409665
ZNF800	2.412602982
ZNF804A	0.134391304
ZNF804B	0
ZNF805	2.901242795
ZNF806	0
ZNF807	0.044601635
ZNF808	1.852116209
ZNF81	1.165837582
ZNF812P	12.24024263
ZNF813	2.527497759
ZNF814	2.664724688
ZNF815P	0.451265824
ZNF816	2.454589484
ZNF816-ZNF321P	0.017374485
ZNF821	2.445757461
ZNF823	1.614435121
ZNF826P	0.204566625
ZNF827	4.379977126
ZNF829	0.812009168
ZNF83	2.976521023
ZNF830	5.704555368
ZNF831	0.255602981
ZNF833P	0
ZNF835	0.172244026
ZNF836	2.465391861
ZNF837	1.351694722
ZNF839	0.74325496
ZNF839P1	0
ZNF84	2.28039379
ZNF840P	0.081736678
ZNF841	3.518918745
ZNF843	0.195413462
ZNF844	0.767264584
ZNF845	3.874403742
ZNF846	0.931391397
ZNF847P	0
ZNF849P	0
ZNF85	0.617449279
ZNF850	0.641501381
ZNF852	0.419214389
ZNF853	4.85590039
ZNF859P	0
ZNF860	0.776649574
ZNF861P	0
ZNF862	0.805087857
ZNF863P	0
ZNF865	7.017400284
ZNF876P	0.073699044
ZNF877P	0.01777194
ZNF878	0.194445932
ZNF879	0.613427138
ZNF880	0.979726578
ZNF883	0.457814471
ZNF885P	0
ZNF886P	0
ZNF887P	0.247367216
ZNF888	1.144887084
ZNF890P	0.006261616
ZNF891	0.219569416
ZNF90	0.103894231
ZNF90P1	0.011149592
ZNF90P2	0
ZNF90P3	0
ZNF91	1.425850765
ZNF92	9.086400253
ZNF92P1Y	0
ZNF92P2	0
ZNF92P3	0.011400867
ZNF93	1.624343684
ZNF962P	0
ZNF965P	0
ZNF969P	0
ZNF970P	0
ZNF971P	0
ZNF98	0.023134303
ZNF99	0.008278392
ZNFX1	13.55710563
ZNHIT1	4.988154588
ZNHIT1P1	0
ZNHIT2	4.388879928
ZNHIT3	3.174934363
ZNHIT6	3.338222482
ZNRD1	5.684058819
ZNRD1ASP	0.162092806
ZNRF1	5.53065835
ZNRF2	3.39888353
ZNRF2P1	0.687449129
ZNRF2P2	0.208454638
ZNRF2P3	0.058162713
ZNRF3	0.059314615
ZNRF3-AS1	0
ZNRF3-IT1	0
ZNRF4	0
ZP1	0.531319724
ZP2	0.003149849
ZP3	0.973111868
ZP4	3.684092997
ZPBP	0
ZPBP2	0.004739184
ZPLD1	0.023321774
ZPR1	5.895949838
ZRANB1	3.466373459
ZRANB2	8.488971996
ZRANB2-AS1	0.022495196
ZRANB2-AS2	0.014407984
ZRANB3	1.065567699
ZRSR2	7.027523078
ZRSR2P1	0.026004608
ZSCAN1	0.150239473
ZSCAN10	0.009831058
ZSCAN12	1.328131523
ZSCAN12P1	0.498858464
ZSCAN16	2.2604623
ZSCAN16-AS1	1.106247806
ZSCAN18	3.601908209
ZSCAN2	1.886317649
ZSCAN20	0.391371065
ZSCAN21	6.464867066
ZSCAN22	2.300285661
ZSCAN23	0.02650363
ZSCAN25	8.049230802
ZSCAN26	5.380735086
ZSCAN29	2.795343464
ZSCAN30	1.815453595
ZSCAN31	0.759177697
ZSCAN32	0.449909527
ZSCAN4	0.169264098
ZSCAN5A	1.13919042
ZSCAN5B	0.0633886
ZSCAN5C	0.057486402
ZSCAN5DP	0.01458944
ZSCAN9	3.578506039
ZSWIM1	5.876177406
ZSWIM2	0
ZSWIM3	3.655546427
ZSWIM4	5.83399283
ZSWIM5	0.365186031
ZSWIM5P1	0
ZSWIM5P2	0.005336814
ZSWIM5P3	0
ZSWIM6	4.254875758
ZSWIM7	4.335269966
ZSWIM8	10.3526411
ZSWIM8-AS1	0.037248039
ZSWIM9	2.830016807
ZUFSP	2.444739118
ZW10	8.629892515
ZWILCH	4.306607633
ZWINT	13.80821447
ZXDA	1.295757203
ZXDB	2.790152371
ZXDC	3.707772144
ZYG11A	0.185367317
ZYG11AP1	0
ZYG11B	3.437524168
ZYX	74.3014291
ZYXP1	0
ZZEF1	4.259328942
